股票代码,股票名称,当前价,昨收价,开盘价,最高价,最低价,成交量,成交额,总市值,流通市值,市盈率,市净率,换手率,买盘总量,卖盘总量,交易日期,更新时间
000001,平安银行,10.68,10.7,10.7,10.73,10.65,954133.0,1020060000.0,2072.55,2072.52,4.81,0.45,0.49,35968700,59444600.0,2026-05-22,16:15:00
000002,万  科Ａ,3.46,3.47,3.48,3.5,3.43,866518.0,300540000.0,412.8,336.21,-0.47,0.37,0.89,41524700,45127200.0,2026-05-22,16:14:03
000004,*ST国华,2.76,2.76,0.0,0.0,0.0,0.0,0.0,3.65,3.49,30.99,4.21,0.0,0,0.0,2026-05-22,16:15:00
000006,深振业Ａ,10.88,10.46,10.62,11.08,10.45,481894.0,519740000.0,146.88,146.88,-1670.22,2.74,3.57,25295700,22893600.0,2026-05-22,16:14:06
000007,全新好,12.46,11.62,11.62,12.78,11.62,309780.0,389560000.0,43.17,43.17,-2141.41,24.1,8.94,9215800,21762200.0,2026-05-22,16:14:09
000008,神州高铁,2.62,2.61,2.61,2.62,2.59,288969.0,75250000.0,71.17,71.17,-8.65,3.3,1.06,13217800,15679100.0,2026-05-22,16:15:00
000009,中国宝安,7.76,7.75,7.78,7.82,7.69,170258.0,131780000.0,200.15,199.9,385.45,2.0,0.66,7828800,9197000.0,2026-05-22,16:14:03
000010,*ST美丽,2.23,2.35,2.24,2.32,2.23,399043.0,89480000.0,25.64,19.36,-1509.94,8.71,4.6,25338800,14565500.0,2026-05-22,16:14:06
000011,深物业A,7.56,7.46,7.47,7.62,7.37,39205.0,29360000.0,45.06,39.8,2740.38,1.34,0.74,2141700,1778800.0,2026-05-22,16:15:00
000012,南  玻Ａ,4.4,4.0,4.0,4.4,3.86,1257726.0,518240000.0,133.87,86.21,1200.04,1.03,6.42,56638700,69133900.0,2026-05-22,16:14:03
000014,沙河股份,11.37,11.19,11.21,11.46,11.04,53009.0,59730000.0,27.52,27.52,-18.07,1.99,2.19,2919100,2381800.0,2026-05-22,16:14:06
000016,*ST康佳A,3.3,3.26,3.26,3.33,3.21,276327.0,90370000.0,79.46,52.69,-0.62,-0.71,1.73,13294200,14338500.0,2026-05-22,16:14:09
000017,深中华A,5.71,5.6,5.61,5.72,5.56,63963.0,36140000.0,39.35,25.17,95.19,10.08,1.45,3694300,2702000.0,2026-05-22,16:14:03
000019,深粮控股,6.73,6.75,6.81,6.84,6.65,102753.0,69170000.0,77.57,28.01,35.77,1.53,2.47,5474500,4800800.0,2026-05-22,16:14:06
000020,深华发Ａ,13.21,12.8,13.0,13.37,12.67,76840.0,100540000.0,37.41,23.93,107.73,8.42,4.24,4081800,3602200.0,2026-05-22,16:14:12
000021,深科技,37.73,36.37,37.22,37.98,35.9,1912396.0,7072330000.0,593.97,593.89,49.54,4.45,12.15,95384000,95855600.0,2026-05-22,16:14:09
000025,特  力Ａ,14.88,14.62,14.75,14.96,14.64,30299.0,44920000.0,64.14,58.45,45.2,3.45,0.77,1786700,1243200.0,2026-05-22,16:14:12
000026,飞亚达,25.55,23.23,23.5,25.55,23.5,239173.0,588020000.0,103.67,93.15,96.81,3.05,6.56,11041600,12875700.0,2026-05-22,16:14:15
000027,深圳能源,7.31,7.25,7.27,7.37,7.18,396813.0,289700000.0,347.77,347.77,17.38,1.04,0.83,20278500,19402800.0,2026-05-22,16:15:00
000028,国药一致,23.8,23.9,23.9,23.94,23.7,17504.0,41700000.0,132.46,113.78,12.09,0.7,0.37,804000,946300.0,2026-05-22,16:14:15
000029,深深房Ａ,25.5,24.67,24.81,26.75,23.26,219019.0,548280000.0,257.97,227.37,1092.74,7.14,2.46,10541200,11360700.0,2026-05-22,16:14:18
000030,富奥股份,4.71,4.69,4.71,4.75,4.64,105437.0,49450000.0,81.0,78.7,12.2,0.95,0.63,5182400,5361400.0,2026-05-22,16:14:03
000031,大悦城,2.64,2.64,2.63,2.69,2.6,347562.0,91720000.0,113.16,113.16,-4.89,1.11,0.81,14907200,19849000.0,2026-05-22,16:14:21
000032,深桑达Ａ,19.19,19.13,19.25,19.46,18.5,355022.0,674970000.0,233.19,209.05,-132.93,3.16,3.26,17151100,18351100.0,2026-05-22,16:14:09
000034,神州数码,29.07,28.01,28.3,29.25,27.87,495699.0,1424710000.0,295.57,246.85,54.57,2.65,5.84,26664500,22905300.0,2026-05-22,16:14:12
000035,中国天楹,5.99,6.03,6.05,6.08,5.97,323146.0,194650000.0,143.04,138.55,49.42,1.33,1.4,15095600,17219000.0,2026-05-22,16:14:24
000036,华联控股,5.44,5.4,5.39,5.47,5.35,259032.0,140210000.0,76.37,76.32,84.43,1.48,1.85,11559600,14343600.0,2026-05-22,16:14:06
000037,深南电A,9.89,9.61,9.7,9.9,9.49,158132.0,154190000.0,59.61,33.52,32.16,3.53,4.67,8564700,7248500.0,2026-05-22,16:14:12
000039,中集集团,10.33,10.19,10.32,10.38,9.76,806777.0,821370000.0,557.05,237.74,-488.56,1.19,3.51,46822800,33854900.0,2026-05-22,16:14:09
000040,*ST旭蓝,0.49,0.49,0.0,0.0,0.0,0.0,0.0,7.29,5.17,-2.06,0.07,0.0,0,0.0,2026-05-22,09:00:00
000042,中洲控股,10.03,10.02,10.02,10.09,9.9,45952.0,45920000.0,66.68,66.61,-6.02,2.94,0.69,2097000,2498300.0,2026-05-22,16:14:15
000045,深纺织Ａ,12.2,11.81,11.98,12.3,11.73,102137.0,123150000.0,61.8,55.76,88.58,2.06,2.23,6078900,4134800.0,2026-05-22,16:14:15
000048,京基智农,13.61,13.68,13.77,13.87,13.51,64266.0,87870000.0,72.17,72.11,-37.92,1.92,1.21,3022600,3403900.0,2026-05-22,16:14:18
000049,德赛电池,27.42,26.42,26.42,27.8,26.19,115938.0,314830000.0,105.47,105.44,32.6,1.55,3.02,6363600,5230200.0,2026-05-22,16:14:27
000050,深天马Ａ,7.95,7.6,7.68,7.98,7.37,939952.0,716940000.0,193.64,193.64,-283.82,0.72,3.86,49293700,44701500.0,2026-05-22,16:14:12
000055,方大集团,3.59,3.51,3.57,3.64,3.48,121439.0,43330000.0,38.55,24.26,-7.41,0.69,1.8,6829600,5314300.0,2026-05-22,16:14:21
000056,*ST皇庭,1.26,1.32,1.28,1.31,1.25,587894.0,74350000.0,14.9,11.39,-0.56,-0.62,6.51,26479000,32310400.0,2026-05-22,16:14:18
000058,深 赛 格,7.58,7.53,7.59,7.66,7.46,60699.0,45890000.0,93.33,74.64,133.49,4.58,0.62,3223200,2846700.0,2026-05-22,16:14:30
000059,华锦股份,4.71,4.75,4.74,4.76,4.62,196439.0,92150000.0,75.33,75.33,-5.47,0.77,1.23,9966900,9677100.0,2026-05-22,16:14:33
000060,中金岭南,7.57,6.88,6.99,7.57,6.87,1784372.0,1298780000.0,336.2,336.19,32.57,1.68,4.02,64463400,113973800.0,2026-05-22,16:14:24
000061,农 产 品,6.53,6.48,6.53,6.63,6.42,124504.0,81270000.0,129.62,117.17,29.95,1.5,0.69,6870000,5580500.0,2026-05-22,16:14:21
000062,深圳华强,34.63,33.23,33.05,34.71,33.01,585361.0,1991430000.0,362.2,361.85,64.88,5.36,5.6,32802700,25733400.0,2026-05-22,16:14:27
000063,中兴通讯,35.64,34.83,35.11,35.7,34.66,1196843.0,4217790000.0,1704.85,1435.44,38.1,2.22,2.97,64216000,55468300.0,2026-05-22,16:14:18
000065,北方国际,12.19,12.2,12.31,12.39,12.01,178604.0,217570000.0,141.58,118.85,21.55,1.26,1.83,7286000,10574400.0,2026-05-22,16:14:15
000066,中国长城,20.93,20.3,20.98,21.25,20.27,2827053.0,5860300000.0,675.16,675.11,3346.71,6.18,8.76,143763900,138941400.0,2026-05-22,16:14:36
000068,华控赛格,3.1,3.13,3.16,3.17,3.05,138361.0,42690000.0,31.21,31.21,-29.63,5.33,1.37,6171700,7664300.0,2026-05-22,16:14:21
000069,华侨城Ａ,1.95,1.96,1.96,1.97,1.93,395306.0,76900000.0,156.74,134.52,-1.08,0.46,0.57,14981000,24549600.0,2026-05-22,16:14:39
000070,特发信息,18.48,17.99,17.99,18.5,17.55,707555.0,1283460000.0,160.48,158.32,-32.75,19.89,8.26,35295400,35460100.0,2026-05-22,16:14:30
000078,ST海王,1.63,1.72,1.63,1.65,1.63,464785.0,75800000.0,42.89,42.79,-7.49,3.45,1.77,33223200,13255300.0,2026-05-22,16:14:24
000088,盐 田 港,4.48,4.49,4.5,4.51,4.47,260192.0,116680000.0,232.94,141.7,15.79,1.27,0.82,12774500,13244700.0,2026-05-22,16:14:18
000089,深圳机场,6.7,6.73,6.77,6.79,6.68,75391.0,50650000.0,137.4,137.4,22.14,1.16,0.37,3017000,4522100.0,2026-05-22,16:14:24
000090,天健集团,3.31,3.27,3.28,3.33,3.26,112443.0,37020000.0,61.85,61.85,38.71,0.55,0.6,6028200,5216100.0,2026-05-22,16:14:27
000096,广聚能源,8.63,8.64,8.68,8.71,8.54,49301.0,42400000.0,45.57,44.09,40.5,1.65,0.97,2402500,2527600.0,2026-05-22,16:14:42
000099,中信海直,16.57,16.85,16.86,17.07,16.48,103807.0,172460000.0,128.55,128.55,41.39,2.33,1.34,4244800,6135900.0,2026-05-22,16:14:45
000100,TCL科技,4.38,4.37,4.25,4.45,4.13,19596776.0,8329800000.0,911.08,837.98,18.0,1.45,10.24,991841500,967836100.0,2026-05-22,16:14:33
000151,中成股份,11.57,11.42,11.48,11.75,11.32,79483.0,91720000.0,40.6,35.63,10.25,4.64,2.58,4880100,3068200.0,2026-05-22,16:14:27
000153,丰原药业,6.0,5.94,5.96,6.06,5.88,58380.0,34870000.0,27.88,27.53,28.33,1.28,1.27,3139800,2698200.0,2026-05-22,16:14:48
000155,川能动力,14.3,14.38,14.42,14.55,14.11,478880.0,683510000.0,264.0,264.0,49.58,2.46,2.59,24427200,23460800.0,2026-05-22,16:14:36
000156,华数传媒,7.22,7.25,7.28,7.31,7.11,131094.0,94500000.0,133.78,122.73,29.83,0.88,0.77,5570600,7538800.0,2026-05-22,16:14:21
000157,中联重科,7.3,7.27,7.3,7.34,7.16,660557.0,479100000.0,631.34,516.09,14.57,1.08,0.93,33667400,32388400.0,2026-05-22,16:14:30
000158,常山北明,15.45,15.42,15.42,15.52,15.12,244526.0,374650000.0,246.99,245.33,780.96,4.66,1.54,12648700,11803800.0,2026-05-22,16:14:39
000159,国际实业,7.09,6.8,6.89,7.3,6.79,553808.0,392290000.0,34.08,34.08,92.87,1.65,11.52,29668800,25712000.0,2026-05-22,16:14:33
000166,申万宏源,4.42,4.47,4.49,4.5,4.4,976207.0,432470000.0,1106.77,996.07,11.2,0.97,0.43,43505800,54114900.0,2026-05-22,16:14:51
000301,东方盛虹,12.39,12.52,12.45,12.62,12.33,260454.0,324250000.0,819.13,818.75,66.87,2.36,0.39,9579300,16466100.0,2026-05-22,16:14:24
000333,美的集团,80.28,81.5,81.67,82.0,79.89,309848.0,2493880000.0,6109.65,5506.59,13.82,2.63,0.45,13819300,17165500.0,2026-05-22,16:14:36
000338,潍柴动力,34.01,32.28,32.8,34.1,32.79,1004087.0,3368400000.0,2963.09,1701.69,26.21,3.11,2.01,51883500,48525200.0,2026-05-22,16:14:42
000400,许继电气,25.92,25.93,25.85,26.13,25.73,160733.0,417620000.0,264.03,262.23,24.66,2.15,1.59,7554300,8519000.0,2026-05-22,16:14:30
000401,金隅冀东,3.98,3.96,3.98,4.03,3.94,103875.0,41470000.0,105.8,104.73,108.65,0.4,0.39,4513600,5873900.0,2026-05-22,16:14:27
000402,金 融 街,2.93,2.87,2.89,2.95,2.86,589715.0,171750000.0,87.58,87.57,-1.88,0.44,1.97,31672900,27298500.0,2026-05-22,16:14:33
000403,派林生物,11.51,11.55,11.49,11.63,11.23,265020.0,302200000.0,109.39,108.27,30.98,1.35,2.82,12218900,14283100.0,2026-05-22,16:14:36
000404,长虹华意,9.73,9.87,9.88,9.99,9.55,578560.0,562840000.0,67.72,67.4,13.28,1.53,8.35,25518600,32337400.0,2026-05-22,16:14:30
000407,胜利股份,4.74,4.85,4.85,4.85,4.67,315100.0,149380000.0,41.72,41.51,25.39,1.35,3.6,11354100,20155900.0,2026-05-22,16:14:39
000408,藏格矿业,80.96,78.19,79.15,81.39,78.02,124263.0,991880000.0,1270.19,1270.18,27.15,7.2,0.79,6493200,5933100.0,2026-05-22,16:14:45
000409,云鼎科技,9.55,9.5,9.5,9.6,9.35,52178.0,49440000.0,64.73,56.39,91.55,3.94,0.88,2355600,2862200.0,2026-05-22,16:14:48
000410,沈阳机床,5.8,5.75,5.77,5.82,5.63,213735.0,122380000.0,153.65,114.32,-289.76,3.68,1.08,11555900,9817600.0,2026-05-22,16:14:39
000411,英特集团,12.12,11.91,11.9,12.12,11.7,195613.0,233710000.0,68.46,68.32,14.24,1.27,3.47,6876600,12684700.0,2026-05-22,16:14:51
000415,渤海租赁,4.14,4.14,4.15,4.2,4.1,640139.0,265610000.0,256.04,223.27,-152.58,0.86,1.19,31791100,32222900.0,2026-05-22,16:14:54
000417,合百集团,10.24,9.31,9.8,10.24,9.5,2595717.0,2587950000.0,79.86,79.77,53.51,1.68,33.32,102800000,156771700.0,2026-05-22,16:14:54
000419,通程控股,5.33,5.32,5.39,5.41,5.24,68077.0,36120000.0,28.97,28.97,20.32,0.85,1.25,3595200,3212500.0,2026-05-22,16:14:57
000420,吉林化纤,4.8,4.67,4.72,4.83,4.67,823030.0,391260000.0,118.03,117.99,282.97,2.66,3.35,47304000,34999000.0,2026-05-22,16:14:42
000421,南京公用,6.07,6.0,6.03,6.08,5.94,63167.0,37980000.0,34.87,34.86,39.82,1.24,1.1,3446000,2870700.0,2026-05-22,16:14:42
000422,湖北宜化,14.37,14.41,14.41,14.52,14.18,236238.0,338330000.0,156.29,152.01,18.24,2.51,2.23,11473100,12150800.0,2026-05-22,16:15:00
000423,东阿阿胶,49.52,49.65,49.68,49.8,48.95,51397.0,253390000.0,318.9,318.34,18.03,2.95,0.8,2410100,2729600.0,2026-05-22,16:14:45
000425,徐工机械,9.65,9.57,9.64,9.87,9.56,932064.0,900080000.0,1130.13,865.78,17.15,1.81,1.04,44152600,49053800.0,2026-05-22,16:14:57
000426,兴业银锡,41.47,39.86,40.02,42.06,39.24,579072.0,2366780000.0,736.36,736.18,27.6,6.8,3.26,30941600,26965500.0,2026-05-22,16:14:33
000428,华天酒店,3.7,3.76,3.8,3.81,3.61,177921.0,65250000.0,37.7,37.7,-18.01,2.95,1.75,8434200,9357900.0,2026-05-22,16:14:03
000429,粤高速Ａ,13.29,13.24,13.28,13.39,13.15,70154.0,93180000.0,277.87,173.21,17.41,2.41,0.54,4216200,2799200.0,2026-05-22,16:14:36
000430,张家界,7.29,7.36,7.35,7.39,7.2,74467.0,54120000.0,59.02,27.01,-27.82,3.25,2.01,2906200,4540400.0,2026-05-22,16:15:00
000488,ST晨鸣,2.29,2.31,2.3,2.31,2.27,138700.0,31750000.0,67.36,38.8,-0.92,16.17,0.82,4756400,9113600.0,2026-05-22,16:14:45
000498,山东路桥,5.27,5.29,5.29,5.31,5.23,68619.0,36190000.0,81.81,76.38,3.81,0.49,0.47,2876600,3985200.0,2026-05-22,16:14:39
000501,武商集团,7.52,7.57,7.59,7.63,7.45,58036.0,43610000.0,57.83,57.77,35.87,0.53,0.76,2520300,3283300.0,2026-05-22,16:14:48
000503,国新健康,7.25,7.28,7.32,7.33,7.18,111980.0,81240000.0,71.0,70.99,-17.44,7.4,1.14,5201800,5996200.0,2026-05-22,16:14:42
000504,*ST生物,9.49,9.25,9.25,9.5,9.06,54879.0,51290000.0,31.32,31.23,74.31,11.31,1.67,3389100,2098800.0,2026-05-22,16:14:45
000505,京粮控股,6.23,6.16,6.22,6.27,6.13,81194.0,50370000.0,45.29,39.4,-16.72,1.58,1.28,4550800,3568600.0,2026-05-22,16:14:03
000506,招金黄金,14.2,13.95,14.0,14.49,13.73,309906.0,437020000.0,131.92,131.88,37.76,14.84,3.34,15867900,15122600.0,2026-05-22,16:14:06
000507,珠海港,5.21,5.19,5.18,5.22,5.16,80144.0,41590000.0,47.92,47.01,20.73,0.8,0.89,3952300,4062000.0,2026-05-22,16:14:48
000509,华塑控股,3.92,3.8,3.79,3.94,3.66,514671.0,196200000.0,42.07,42.07,-299.56,34.79,4.8,26797200,24669900.0,2026-05-22,16:14:09
000510,新金路,14.94,13.58,13.9,14.94,13.6,323628.0,470850000.0,96.89,90.63,-39.63,9.39,5.34,15911100,16451700.0,2026-05-22,16:14:51
000513,丽珠集团,30.8,31.01,31.01,31.12,30.66,40582.0,125100000.0,273.48,174.99,13.93,1.88,0.71,1829500,2228800.0,2026-05-22,16:14:06
000514,渝 开 发,4.5,4.45,4.5,4.56,4.44,88418.0,39730000.0,37.97,37.97,-26.99,1.03,1.05,4852300,3989500.0,2026-05-22,16:14:51
000516,国际医学,4.39,4.44,4.43,4.44,4.38,169320.0,74470000.0,98.29,96.33,-38.53,3.01,0.77,6300800,10631200.0,2026-05-22,16:14:48
000517,荣安地产,1.89,1.84,1.87,1.9,1.83,200108.0,37340000.0,60.18,47.1,-5.04,1.3,0.8,11289000,8721800.0,2026-05-22,16:14:09
000518,四环生物,4.13,3.75,4.07,4.13,3.97,1712634.0,705070000.0,42.52,42.52,-130.87,13.15,16.64,36414900,134848500.0,2026-05-22,16:14:12
000519,中兵红箭,17.91,16.82,16.95,18.0,16.9,514030.0,907400000.0,249.41,249.41,110.71,2.4,3.69,32122300,19280700.0,2026-05-22,16:14:51
000520,凤凰航运,3.86,3.86,3.92,3.92,3.81,137579.0,52900000.0,39.07,39.07,-102.43,9.28,1.36,6883900,6874000.0,2026-05-22,16:14:54
000521,长虹美菱,5.47,5.48,5.47,5.5,5.39,64120.0,34860000.0,56.34,47.88,18.84,0.92,0.73,2859500,3552500.0,2026-05-22,16:14:57
000523,红棉股份,3.25,3.22,3.24,3.26,3.2,187300.0,60440000.0,59.65,43.07,51.91,3.04,1.41,8715500,10014500.0,2026-05-22,16:14:15
000524,岭南控股,9.09,9.17,9.2,9.26,9.03,69264.0,63050000.0,60.92,60.9,79.8,2.63,1.03,3497700,3428700.0,2026-05-22,16:14:12
000525,红太阳,5.02,5.02,5.04,5.05,4.9,152641.0,76090000.0,65.42,55.81,-16.16,2.63,1.37,7610700,7653400.0,2026-05-22,16:14:54
000526,学大教育,31.4,31.4,31.4,31.62,30.83,14545.0,45480000.0,38.26,37.51,18.05,3.68,1.22,794400,660100.0,2026-05-22,16:14:15
000528,柳    工,9.16,9.09,9.15,9.21,9.04,213821.0,195280000.0,186.59,186.33,11.98,0.98,1.05,10682600,10699500.0,2026-05-22,16:14:54
000529,广弘控股,5.27,5.27,5.28,5.28,5.17,38779.0,20230000.0,30.77,30.03,28.82,0.96,0.68,2030700,1847200.0,2026-05-22,16:14:57
000530,冰山冷热,5.74,5.67,5.69,5.78,5.58,151555.0,86100000.0,48.4,34.45,89.85,1.52,2.53,7322800,7832700.0,2026-05-22,16:14:18
000531,穗恒运Ａ,7.03,6.97,6.97,7.08,6.86,157748.0,110010000.0,73.21,63.96,18.37,1.05,1.73,7794400,7980400.0,2026-05-22,16:14:57
000532,华金资本,13.64,12.4,12.43,13.64,12.43,275506.0,362980000.0,47.02,46.86,38.83,2.9,8.02,15768300,11782300.0,2026-05-22,16:15:00
000533,顺钠股份,12.32,12.11,12.29,12.37,12.02,294898.0,361760000.0,85.11,84.38,85.66,8.63,4.31,16127600,13362200.0,2026-05-22,16:14:18
000534,万泽股份,35.91,35.76,36.0,36.75,34.9,166723.0,594870000.0,182.98,179.88,90.67,10.65,3.33,8696300,7976000.0,2026-05-22,16:14:21
000536,华映科技,4.38,4.29,4.14,4.46,4.1,2650704.0,1133210000.0,121.15,121.02,-11.87,14.42,9.59,140866900,124203400.0,2026-05-22,16:14:24
000537,绿发电力,10.26,10.19,10.2,10.34,10.03,337582.0,345050000.0,210.92,210.92,33.19,1.06,1.64,17376700,16381500.0,2026-05-22,16:14:03
000538,云南白药,49.8,50.13,50.16,50.25,49.8,63073.0,314680000.0,888.56,882.92,16.91,2.26,0.36,2247700,4059600.0,2026-05-22,16:15:00
000539,粤电力Ａ,6.53,6.44,6.38,6.57,6.22,668623.0,432730000.0,342.84,166.87,41.25,1.47,2.62,33155400,33706900.0,2026-05-22,16:14:27
000541,佛山照明,5.18,5.11,5.11,5.27,4.98,196333.0,99770000.0,79.55,63.74,45.14,1.16,1.6,8781000,10852300.0,2026-05-22,16:14:03
000543,皖能电力,8.73,8.46,8.51,8.85,8.38,710488.0,615850000.0,197.9,197.9,9.21,1.13,3.13,41110200,29938600.0,2026-05-22,16:14:21
000544,中原环保,8.08,8.03,8.05,8.12,7.97,40393.0,32470000.0,78.75,78.75,7.4,0.84,0.41,1934900,2104500.0,2026-05-22,16:14:24
000545,金浦钛业,2.68,2.6,2.63,2.69,2.55,370924.0,97930000.0,26.45,26.41,-5.21,4.24,3.76,23602900,13489500.0,2026-05-22,16:14:27
000546,金圆股份,6.13,6.01,6.01,6.18,5.92,367708.0,222050000.0,47.67,42.71,-14.62,1.24,5.28,16199200,20571600.0,2026-05-22,16:14:30
000547,航天发展,23.7,23.41,23.5,23.8,22.95,735576.0,1721980000.0,378.84,376.62,-30.61,10.04,4.63,38091800,35465700.0,2026-05-22,16:14:06
000548,湖南投资,5.26,5.14,5.14,5.33,4.99,240883.0,124110000.0,26.26,26.26,69.61,1.27,4.83,12273000,11815300.0,2026-05-22,16:14:06
000550,江铃汽车,17.56,17.7,17.68,17.81,17.45,33012.0,58040000.0,151.58,91.04,12.4,1.26,0.64,1704800,1596400.0,2026-05-22,16:14:33
000551,创元科技,17.34,17.34,17.03,17.36,16.44,300687.0,509810000.0,84.05,84.02,24.74,2.76,6.21,15387900,14680800.0,2026-05-22,16:14:09
000552,甘肃能化,2.65,2.64,2.63,2.67,2.61,502306.0,132370000.0,141.82,98.73,-73.78,0.87,1.35,25548300,24682300.0,2026-05-22,16:14:30
000553,安道麦A,6.5,6.42,6.41,6.55,6.4,124182.0,80380000.0,151.44,141.51,-24.13,0.85,0.57,5354900,7063300.0,2026-05-22,16:15:00
000554,泰山石油,7.33,7.31,7.31,7.34,7.22,137295.0,99960000.0,35.24,26.58,20.86,2.96,3.79,7738500,5991000.0,2026-05-22,16:14:09
000555,神州信息,13.9,12.99,14.11,14.29,13.71,695464.0,978710000.0,135.63,135.47,238.38,2.39,7.14,29865500,39680800.0,2026-05-22,16:14:33
000557,西部创业,4.4,4.36,4.36,4.54,4.32,110401.0,48570000.0,64.17,64.15,23.01,1.0,0.76,5292400,5747700.0,2026-05-22,16:14:36
000558,天府文旅,3.75,3.71,3.75,3.77,3.67,219336.0,81890000.0,48.35,48.33,-108.76,4.6,1.7,12672900,9260700.0,2026-05-22,16:14:39
000559,万向钱潮,17.91,18.09,17.8,18.2,17.36,1202553.0,2149010000.0,593.78,593.6,60.03,7.32,3.63,52451500,67803900.0,2026-05-22,16:14:12
000560,我爱我家,2.85,2.84,2.84,2.86,2.81,681524.0,193370000.0,67.13,66.65,-68.89,0.72,2.91,35117600,33034900.0,2026-05-22,16:14:42
000561,烽火电子,8.95,8.79,8.85,8.97,8.71,89227.0,79110000.0,77.33,69.47,-26.28,2.66,1.15,4948500,3974200.0,2026-05-22,16:14:12
000563,陕国投Ａ,3.03,3.06,3.05,3.06,3.01,353266.0,106990000.0,154.95,154.95,11.6,0.85,0.69,16548800,18777800.0,2026-05-22,16:14:15
000564,供销大集,1.64,1.56,1.6,1.72,1.59,6202384.0,1038010000.0,296.15,247.56,-16.41,2.04,4.11,344977500,275260800.0,2026-05-22,16:14:18
000565,渝三峡Ａ,7.71,7.5,7.54,7.79,7.52,103909.0,79670000.0,33.43,33.43,120.72,2.6,2.4,5266300,5124600.0,2026-05-22,16:14:03
000566,海南海药,4.28,4.27,4.28,4.33,4.23,213252.0,91060000.0,55.53,55.5,-12.68,1248.52,1.64,10623500,10701800.0,2026-05-22,16:14:06
000567,海德股份,6.11,6.18,6.2,6.23,6.0,260595.0,158910000.0,119.43,119.06,16.87,1.98,1.34,12052100,14007400.0,2026-05-22,16:14:36
000568,泸州老窖,90.02,91.42,91.41,91.97,89.69,78199.0,704540000.0,1325.04,1324.43,13.32,2.57,0.53,2979000,4840900.0,2026-05-22,16:14:21
000570,苏常柴Ａ,6.13,6.03,6.11,6.16,5.96,153548.0,93100000.0,43.26,34.06,53.08,1.23,2.76,8379800,6975000.0,2026-05-22,16:14:39
000571,新大洲A,5.85,5.7,5.7,5.99,5.67,236279.0,137460000.0,49.09,47.62,-32.1,325.56,2.9,10963700,12664200.0,2026-05-22,16:14:09
000572,海马汽车,4.9,4.84,4.87,4.95,4.83,323219.0,158460000.0,80.59,80.47,-53.65,5.12,1.97,15668000,16653900.0,2026-05-22,16:14:12
000573,粤宏远Ａ,4.59,4.45,4.5,4.67,4.42,186928.0,84860000.0,29.3,29.05,-1144.34,1.79,2.95,10181600,8511200.0,2026-05-22,16:14:45
000576,甘化科工,8.2,8.09,8.15,8.26,8.03,76710.0,62590000.0,35.79,35.57,50.83,2.17,1.77,3884200,3786800.0,2026-05-22,16:14:24
000581,威孚高科,19.7,19.86,19.93,19.98,19.56,121495.0,239570000.0,190.46,156.4,17.5,0.94,1.53,5066300,7083200.0,2026-05-22,16:14:15
000582,北部湾港,12.38,12.56,12.64,12.72,12.21,452697.0,559030000.0,311.62,267.02,29.09,1.53,2.1,19591600,25678100.0,2026-05-22,16:14:15
000584,工智退,0.29,0.29,0.0,0.0,0.0,0.0,0.0,2.21,2.2,-1.01,0.74,0.0,0,0.0,2026-05-22,09:00:00
000586,汇源通信,17.62,17.98,17.66,17.73,16.91,182839.0,319360000.0,34.08,33.69,-341.7,10.7,9.56,9671800,8612100.0,2026-05-22,16:14:48
000589,贵州轮胎,4.74,4.71,4.71,4.78,4.65,279687.0,131850000.0,73.69,73.22,10.04,0.8,1.81,13718900,14249800.0,2026-05-22,16:14:27
000590,古汉医药,10.44,10.19,10.28,10.63,10.14,39618.0,41110000.0,25.0,24.99,-60.87,4.62,1.66,2234200,1727600.0,2026-05-22,16:14:42
000591,太阳能,5.82,5.85,5.8,5.87,5.66,1353641.0,782150000.0,227.26,227.18,31.69,0.95,3.47,61019000,74345100.0,2026-05-22,16:14:45
000592,平潭发展,10.02,10.0,10.01,10.09,9.83,925139.0,925090000.0,193.56,191.89,-162.5,10.92,4.83,45401800,47112100.0,2026-05-22,16:14:48
000593,德龙汇能,23.21,23.45,23.28,23.65,22.88,209651.0,486480000.0,83.24,83.2,262.98,9.41,5.85,9374500,11590600.0,2026-05-22,16:14:18
000595,*ST宝实,7.93,7.55,7.65,7.93,7.51,240819.0,188410000.0,90.3,90.3,94.98,18.65,2.11,15554400,8527600.0,2026-05-22,16:14:51
000596,古井贡酒,92.25,94.99,95.0,95.09,91.8,36210.0,335240000.0,487.63,376.93,17.25,1.87,0.89,1904200,1716800.0,2026-05-22,16:14:51
000597,东北制药,4.76,4.85,4.85,4.85,4.73,106030.0,50650000.0,67.93,67.08,27.13,1.22,0.75,4813400,5789600.0,2026-05-22,16:14:54
000598,兴蓉环境,6.58,6.55,6.58,6.62,6.52,162095.0,106550000.0,196.35,196.03,9.7,0.97,0.54,7726600,8482900.0,2026-05-22,16:14:21
000599,青岛双星,5.55,5.45,5.46,5.56,5.41,141757.0,77910000.0,125.94,45.33,-35.55,1.23,1.74,7197100,6978600.0,2026-05-22,16:14:30
000600,建投能源,10.13,10.13,10.13,10.35,9.95,606164.0,614480000.0,182.67,110.42,8.98,1.46,5.56,28349600,32266800.0,2026-05-22,16:14:54
000601,韶能股份,7.33,7.26,7.2,7.45,7.02,915571.0,666650000.0,78.02,76.94,78.36,1.89,8.72,45737300,45819800.0,2026-05-22,16:14:18
000603,盛达资源,33.05,32.4,32.53,33.49,31.91,138265.0,453620000.0,228.03,220.35,37.78,6.38,2.07,7457100,6369500.0,2026-05-22,16:14:57
000605,渤海股份,6.8,6.61,6.74,6.86,6.57,61024.0,41030000.0,23.98,23.98,263.63,1.12,1.73,3298800,2803700.0,2026-05-22,16:14:21
000607,华媒控股,3.8,3.75,3.8,3.83,3.67,146766.0,55020000.0,38.67,33.63,-11.14,3.25,1.66,6984300,7692300.0,2026-05-22,16:14:24
000608,阳光股份,3.88,3.96,3.92,4.03,3.72,295422.0,114090000.0,29.1,28.92,-12.91,1.42,3.96,13937400,15604800.0,2026-05-22,16:14:24
000609,*ST中迪,14.08,14.82,14.35,14.43,14.08,102640.0,144850000.0,42.14,40.98,-9.76,-13.25,3.53,7734600,2529400.0,2026-05-22,16:15:00
000610,*ST西旅,7.65,7.5,7.51,7.72,7.43,49642.0,37550000.0,18.11,18.02,-6.34,-22.31,2.11,2558000,2406200.0,2026-05-22,16:14:27
000612,焦作万方,12.47,11.85,11.96,12.6,11.84,490706.0,601970000.0,148.67,148.67,10.47,1.93,4.12,29091800,19978800.0,2026-05-22,16:14:03
000615,*ST美谷,3.56,3.47,3.48,3.58,3.47,107973.0,38190000.0,63.63,32.94,-10.29,3.89,1.17,6437500,4359800.0,2026-05-22,16:14:30
000617,中油资本,8.13,8.25,8.27,8.31,8.07,1054514.0,859310000.0,1027.8,1027.8,22.38,0.97,0.83,42730400,62720900.0,2026-05-22,16:14:06
000619,海螺新材,5.96,5.76,5.78,5.99,5.71,68663.0,40310000.0,26.29,21.46,-30.2,1.06,1.91,3738100,3128200.0,2026-05-22,16:14:09
000620,盈新发展,3.13,3.07,3.09,3.18,3.06,1809179.0,562770000.0,183.79,146.23,-15.44,5.02,3.87,83510400,97407500.0,2026-05-22,16:14:27
000622,恒立退,0.15,0.15,0.0,0.0,0.0,0.0,0.0,0.64,0.64,-2.87,0.38,0.0,0,0.0,2026-05-22,09:00:00
000623,吉林敖东,17.42,17.52,17.63,17.71,17.33,118702.0,207000000.0,208.32,207.47,7.59,0.66,1.0,5567800,6302400.0,2026-05-22,16:14:30
000625,长安汽车,8.44,8.47,8.43,8.49,8.3,743470.0,624970000.0,836.65,697.74,27.23,1.08,0.9,36223200,38123800.0,2026-05-22,16:14:33
000626,远大控股,8.01,7.91,7.98,8.1,7.8,94105.0,75010000.0,40.58,40.35,-46.04,1.85,1.87,5121600,4288900.0,2026-05-22,16:14:33
000627,*ST天茂,1.58,1.58,0.0,0.0,0.0,0.0,0.0,77.49,71.35,-10.04,0.36,0.0,0,0.0,2026-05-22,09:00:00
000628,高新发展,59.38,58.06,59.55,59.97,58.06,100477.0,593410000.0,209.18,114.15,193.26,9.51,5.23,5516500,4531200.0,2026-05-22,16:14:36
000629,钒钛股份,3.74,3.48,3.52,3.79,3.48,2339357.0,854300000.0,347.48,347.46,453.89,2.81,2.52,134794800,99140900.0,2026-05-22,16:14:36
000630,铜陵有色,6.36,5.78,5.81,6.36,5.75,4910185.0,3024950000.0,852.84,708.69,32.43,2.28,4.41,278166800,212851700.0,2026-05-22,16:14:33
000631,顺发恒能,3.21,3.18,3.18,3.26,3.15,155815.0,49780000.0,73.83,73.83,159.42,1.34,0.68,8097100,7484400.0,2026-05-22,16:14:39
000632,ST三木,3.9,3.92,3.82,4.04,3.82,152507.0,59920000.0,18.16,18.15,-1.96,28.94,3.28,7457000,7793700.0,2026-05-22,16:14:42
000633,合金投资,6.18,6.0,6.06,6.22,5.92,93825.0,57280000.0,23.8,23.8,321.93,11.94,2.44,5560800,3821700.0,2026-05-22,16:14:45
000635,英 力 特,7.52,7.33,7.4,7.55,7.31,65157.0,48730000.0,29.64,27.58,-4.94,2.69,1.78,3673300,2842400.0,2026-05-22,16:14:48
000636,风华高科,37.62,34.2,36.89,37.62,36.21,313717.0,1172660000.0,435.27,435.27,141.64,3.49,2.71,11971700,19399900.0,2026-05-22,16:14:39
000637,茂化实华,4.56,4.43,4.44,4.61,4.38,94733.0,42520000.0,23.71,16.63,-17.58,4.95,2.6,5466200,4007100.0,2026-05-22,16:14:57
000638,*ST万方,0.89,0.89,0.0,0.0,0.0,0.0,0.0,2.77,2.77,-5.27,3.26,0.0,0,0.0,2026-05-22,16:14:51
000639,ST西王,1.58,1.55,1.55,1.62,1.5,446921.0,70050000.0,17.05,17.05,-1.35,1.03,4.14,23882700,20809400.0,2026-05-22,16:14:42
000650,仁和药业,5.38,5.41,5.42,5.44,5.37,110657.0,59740000.0,75.32,71.63,20.4,1.17,0.83,5015100,6050600.0,2026-05-22,16:14:36
000651,格力电器,38.74,38.86,38.9,38.99,38.42,386700.0,1495950000.0,2169.98,2139.23,7.44,1.43,0.7,18499000,20171000.0,2026-05-22,16:14:54
000652,泰达股份,3.83,3.75,3.78,3.85,3.72,186749.0,70900000.0,55.89,55.85,-19.73,1.04,1.28,9799800,8875100.0,2026-05-22,16:14:57
000655,金岭矿业,7.59,7.36,7.4,7.75,7.31,95802.0,72440000.0,45.19,45.19,17.78,1.28,1.61,5090300,4489900.0,2026-05-22,16:14:12
000656,*ST金科,1.47,1.45,1.45,1.47,1.44,919752.0,133980000.0,156.32,111.99,0.51,3.8,1.21,41570600,50404500.0,2026-05-22,16:14:45
000657,中钨高新,62.38,56.71,57.24,62.38,57.2,918080.0,5545020000.0,1421.39,906.33,72.93,13.3,6.32,53217100,38590900.0,2026-05-22,16:15:00
000659,珠海中富,4.14,4.13,4.18,4.2,4.09,247814.0,102380000.0,53.23,53.23,-52.59,57.87,1.93,11370500,13410900.0,2026-05-22,16:14:48
000661,长春高新,79.0,80.6,80.89,80.99,78.78,47176.0,373730000.0,322.27,315.7,-767.48,1.45,1.18,2159100,2558500.0,2026-05-22,16:15:00
000663,永安林业,6.47,6.31,6.4,6.55,6.28,62506.0,40070000.0,21.78,19.82,-24.58,2.39,2.04,3390800,2859800.0,2026-05-22,16:14:51
000665,湖北广电,4.59,4.66,4.72,4.73,4.53,191242.0,87750000.0,52.2,52.19,-4.75,1.64,1.68,7647600,11476600.0,2026-05-22,16:14:15
000668,*ST荣控,17.9,17.4,17.77,17.92,17.2,16100.0,28290000.0,26.28,26.28,93.66,3.52,1.1,905900,704100.0,2026-05-22,16:14:18
000669,ST金鸿,4.17,4.39,4.26,4.36,4.17,233564.0,98660000.0,28.37,28.37,64.43,46.66,3.43,9175700,14180700.0,2026-05-22,16:14:03
000670,盈方微,8.9,8.09,8.09,8.9,8.01,1339650.0,1156970000.0,75.18,73.15,-92.81,244.39,16.3,80018400,53946600.0,2026-05-22,16:14:54
000672,上峰水泥,18.64,18.09,18.05,18.98,18.05,346760.0,643940000.0,180.7,180.7,30.65,1.99,3.58,18168400,16507600.0,2026-05-22,16:14:03
000676,智度股份,6.81,6.8,6.8,6.88,6.67,208299.0,141140000.0,85.79,85.74,59.88,2.0,1.65,9622500,11207400.0,2026-05-22,16:14:57
000677,ST海龙,2.15,2.26,2.15,2.15,2.15,31947.0,6870000.0,18.58,18.58,-409.22,3.62,0.37,3194700,0.0,2026-05-22,16:14:39
000678,襄阳轴承,12.38,12.35,12.3,12.47,11.9,147220.0,180920000.0,56.9,56.9,-104.41,7.3,3.2,7393400,7328600.0,2026-05-22,16:14:21
000679,大连友谊,6.77,6.68,6.69,6.8,6.6,54454.0,36560000.0,24.13,24.13,-24.9,16.68,1.53,3050300,2395100.0,2026-05-22,16:14:06
000680,山推股份,11.63,11.56,11.59,11.8,11.35,179120.0,206650000.0,174.47,152.9,13.75,2.7,1.36,7727300,10184700.0,2026-05-22,16:14:42
000681,视觉中国,20.59,20.57,20.66,20.8,20.27,242509.0,497330000.0,144.25,139.22,47.44,3.76,3.59,12192400,12058500.0,2026-05-22,16:14:45
000682,东方电子,13.74,13.26,13.31,13.88,13.2,308974.0,418450000.0,184.22,184.2,17.94,2.99,2.3,17029900,13867500.0,2026-05-22,16:14:06
000683,博源化工,7.5,7.47,7.47,7.62,7.42,415342.0,312900000.0,278.76,250.66,27.25,2.14,1.24,20939400,20594800.0,2026-05-22,16:14:24
000685,中山公用,12.19,12.34,12.37,12.48,12.0,403068.0,490610000.0,179.82,152.86,8.33,0.93,3.21,16902900,23403900.0,2026-05-22,16:14:27
000686,东北证券,7.99,8.11,8.16,8.19,7.97,306290.0,246070000.0,187.0,187.0,11.27,0.91,1.31,13689600,16939400.0,2026-05-22,16:14:48
000688,国城矿业,43.5,43.65,43.0,44.39,41.5,284227.0,1221510000.0,515.5,515.5,75.08,18.11,2.4,14017700,14405000.0,2026-05-22,16:14:09
000690,宝新能源,5.21,5.17,5.24,5.28,5.13,805472.0,418860000.0,113.36,113.29,10.96,0.9,3.7,38865200,41682000.0,2026-05-22,16:14:30
000691,*ST亚太,8.52,8.25,8.31,8.55,8.2,61359.0,51790000.0,41.31,27.54,-178.42,9.08,1.9,3792600,2343300.0,2026-05-22,16:14:33
000692,惠天热电,4.83,4.8,4.8,4.87,4.77,133345.0,64240000.0,25.74,25.74,78.47,13.88,2.5,6856600,6477900.0,2026-05-22,16:14:36
000695,滨海能源,16.12,15.37,15.21,16.8,15.21,430965.0,697190000.0,37.36,35.76,-42.06,12.49,19.43,22731800,20364700.0,2026-05-22,16:14:09
000697,炼石航空,12.05,11.73,11.77,12.17,11.56,178445.0,212360000.0,168.23,78.7,-36.34,4.99,2.73,9451600,8392900.0,2026-05-22,16:14:39
000698,ST沈化,3.61,3.58,3.58,3.63,3.56,46953.0,16890000.0,29.58,28.36,-84.46,2.13,0.6,2210700,2484600.0,2026-05-22,16:14:42
000700,模塑科技,15.45,15.09,15.18,15.68,14.47,1503576.0,2296910000.0,141.83,141.83,28.53,3.58,16.38,79418900,70938700.0,2026-05-22,16:14:12
000701,厦门信达,5.9,5.62,5.72,5.97,5.64,223699.0,130350000.0,39.43,39.4,219.81,-6.43,3.35,12251700,10118200.0,2026-05-22,16:14:45
000702,正虹科技,6.59,6.47,6.49,6.67,6.4,61960.0,40610000.0,22.84,17.57,-127.96,6.89,2.32,3166000,3030000.0,2026-05-22,16:14:51
000703,恒逸石化,13.84,14.02,14.06,14.21,13.78,413273.0,575100000.0,528.84,526.18,24.02,2.0,1.09,21319500,20007800.0,2026-05-22,16:14:54
000705,浙江震元,7.32,7.29,7.32,7.4,7.2,61219.0,44560000.0,24.46,20.64,-69.88,1.26,2.17,3019200,3102700.0,2026-05-22,16:15:00
000707,双环科技,5.28,5.23,5.29,5.31,5.17,64388.0,33780000.0,30.87,29.08,-28.0,1.12,1.17,3789300,2649500.0,2026-05-22,16:14:12
000708,中信特钢,14.24,14.05,14.15,14.25,13.92,122350.0,173230000.0,718.72,718.71,11.87,1.7,0.24,7309400,4925600.0,2026-05-22,16:14:15
000709,河钢股份,2.2,2.2,2.2,2.22,2.18,784109.0,172070000.0,227.42,227.38,20.81,0.44,0.76,41945800,36465100.0,2026-05-22,16:14:57
000710,贝瑞基因,9.48,9.57,9.57,9.67,9.42,84982.0,80760000.0,33.51,31.24,-15.95,2.31,2.58,4091600,4406600.0,2026-05-22,16:14:03
000711,ST京蓝,5.79,5.51,5.6,5.79,5.35,1099955.0,617400000.0,170.97,137.88,-90.55,25.82,4.62,65113500,44882000.0,2026-05-22,16:14:15
000712,锦龙股份,10.0,10.39,10.48,10.54,9.99,384603.0,389010000.0,89.6,89.57,24.65,3.35,4.29,15850800,22609500.0,2026-05-22,16:14:06
000713,国投丰乐,5.95,5.96,5.98,5.98,5.89,42893.0,25460000.0,47.49,36.53,79.34,1.52,0.7,2069800,2219600.0,2026-05-22,16:15:00
000715,中兴商业,5.42,5.23,5.27,5.49,5.19,133949.0,71360000.0,29.29,26.36,25.59,1.44,2.75,8857800,4537200.0,2026-05-22,16:14:18
000716,黑芝麻,5.76,5.52,5.59,5.89,5.53,717961.0,409670000.0,43.37,42.55,-252.61,1.71,9.72,36092200,35703900.0,2026-05-22,16:14:03
000717,中南股份,2.25,2.27,2.26,2.27,2.22,187120.0,41850000.0,54.54,54.53,-5.05,0.82,0.77,8528700,10183300.0,2026-05-22,16:14:06
000718,苏宁环球,1.97,1.96,1.96,1.99,1.95,170483.0,33530000.0,59.78,44.95,-255.85,0.65,0.75,7737400,9310900.0,2026-05-22,16:14:09
000719,中原传媒,13.52,13.7,13.72,13.78,13.45,39459.0,53580000.0,138.34,90.2,10.05,1.12,0.59,1868200,2077700.0,2026-05-22,16:14:48
000720,新能泰山,4.99,4.9,4.94,5.03,4.81,554049.0,274740000.0,62.7,62.7,-12.6,3.33,4.41,30411000,24993900.0,2026-05-22,16:14:09
000721,西安饮食,6.4,6.49,6.54,6.55,6.32,85588.0,54680000.0,36.73,32.79,-25.1,28.95,1.67,4513500,4045300.0,2026-05-22,16:14:12
000722,湖南发展,13.63,13.53,13.5,13.73,13.3,143534.0,194840000.0,63.26,63.26,78.13,2.01,3.09,7540500,6813000.0,2026-05-22,16:14:18
000723,美锦能源,4.07,3.96,3.96,4.11,3.91,576816.0,230590000.0,179.22,178.88,-16.28,1.45,1.31,35191400,22490200.0,2026-05-22,16:14:21
000725,京东方Ａ,5.16,4.69,4.7,5.16,4.47,60110592.0,29162870000.0,1911.49,1875.23,32.12,1.4,16.54,3611600700,2399458500.0,2026-05-22,16:14:51
000726,鲁  泰Ａ,5.99,5.94,5.97,6.03,5.89,62717.0,37430000.0,48.97,35.3,9.09,0.5,1.06,3583900,2687800.0,2026-05-22,16:14:24
000727,冠捷科技,2.88,2.84,2.86,2.91,2.77,1687237.0,477560000.0,130.45,130.45,-14.54,7.24,3.72,84798000,83925800.0,2026-05-22,16:14:12
000728,国元证券,7.17,7.29,7.33,7.38,7.13,683958.0,492390000.0,312.88,312.88,13.44,0.8,1.57,31764800,36631000.0,2026-05-22,16:14:21
000729,燕京啤酒,12.12,12.43,12.42,12.47,12.12,342000.0,418820000.0,341.61,304.16,19.21,2.17,1.36,13411900,20788200.0,2026-05-22,16:14:15
000731,四川美丰,6.33,6.27,6.25,6.36,6.2,82666.0,52070000.0,34.74,34.74,-24.53,0.91,1.51,4477500,3789100.0,2026-05-22,16:14:54
000733,振华科技,49.17,45.72,46.07,49.18,46.07,329668.0,1594420000.0,272.49,272.45,27.73,1.73,5.95,19821400,13145400.0,2026-05-22,16:14:27
000735,罗 牛 山,5.95,5.89,5.95,5.98,5.89,125953.0,74720000.0,68.52,68.48,-337.76,1.66,1.09,6286200,6309100.0,2026-05-22,16:14:15
000736,*ST中地,5.49,5.36,5.39,5.55,5.3,93547.0,50890000.0,41.02,41.02,-3.38,3.38,1.25,5326700,4028100.0,2026-05-22,16:14:57
000737,北方铜业,14.14,13.51,13.66,14.31,13.44,490972.0,684500000.0,269.33,269.3,26.03,3.62,2.58,27450100,21647100.0,2026-05-22,16:14:24
000738,航发控制,20.91,21.09,21.3,21.38,20.55,217732.0,454380000.0,275.0,275.0,87.52,2.18,1.66,9663000,12110200.0,2026-05-22,16:14:18
000739,普洛药业,16.91,16.98,17.1,17.15,16.72,88170.0,149040000.0,195.89,195.82,21.98,3.11,0.76,3977600,4839400.0,2026-05-22,16:14:27
000750,国海证券,3.74,3.79,3.81,3.82,3.73,589466.0,221240000.0,238.84,216.78,28.92,1.05,1.02,23388200,35558400.0,2026-05-22,16:14:18
000751,锌业股份,5.51,5.24,5.35,5.59,5.23,645868.0,350590000.0,89.02,77.68,78.51,2.41,4.58,38312100,26274600.0,2026-05-22,16:14:21
000752,*ST西发,9.03,8.91,8.92,9.08,8.86,24666.0,22160000.0,23.82,23.82,16.47,3.83,0.94,1108200,1358400.0,2026-05-22,16:14:30
000753,漳州发展,5.96,5.99,6.01,6.03,5.87,135223.0,80230000.0,59.09,59.09,87.54,2.15,1.36,5900700,7621600.0,2026-05-22,16:14:24
000755,山西高速,5.1,5.09,5.09,5.11,4.99,69139.0,34880000.0,74.83,74.83,15.91,1.33,0.47,4062000,2851900.0,2026-05-22,16:15:00
000756,新华制药,14.05,14.09,14.1,14.14,14.01,31928.0,44910000.0,97.88,70.1,37.4,1.83,0.64,1228800,1964000.0,2026-05-22,16:14:21
000757,浩物股份,4.42,4.35,4.37,4.44,4.29,137999.0,60330000.0,23.55,23.55,49.22,1.47,2.59,7082100,6717800.0,2026-05-22,16:14:33
000758,中色股份,7.1,6.72,6.75,7.2,6.72,534046.0,373470000.0,141.32,140.78,28.97,2.27,2.69,30237100,23167500.0,2026-05-22,16:14:30
000759,中百集团,4.97,4.92,4.95,5.03,4.9,143754.0,71190000.0,32.92,32.59,-3.45,4.55,2.19,6848600,7526900.0,2026-05-22,16:14:36
000761,本钢板材,2.59,2.53,2.55,2.63,2.52,134697.0,34650000.0,106.4,96.04,-2.51,1.8,0.36,7819000,5650700.0,2026-05-22,16:14:39
000762,西藏矿业,31.88,31.25,31.33,32.04,30.81,183196.0,576760000.0,166.04,166.03,7498.19,5.64,3.52,9493000,8826600.0,2026-05-22,16:14:42
000766,通化金马,23.06,23.07,22.9,23.15,22.37,100554.0,230070000.0,222.87,222.76,700.13,9.61,1.04,5853700,4201700.0,2026-05-22,16:14:03
000767,晋控电力,4.72,4.43,4.43,4.87,4.31,3629869.0,1713070000.0,145.23,137.46,73.23,2.4,12.46,156223000,206763800.0,2026-05-22,16:14:24
000768,中航西飞,21.75,22.32,22.28,22.46,21.71,401516.0,882070000.0,604.78,603.87,54.55,2.69,1.45,14452200,25699400.0,2026-05-22,16:14:45
000776,广发证券,19.05,19.32,19.65,19.66,18.91,530072.0,1010910000.0,1490.63,1124.72,9.52,1.08,0.9,24094200,28913000.0,2026-05-22,16:14:48
000777,中核科技,18.56,18.35,18.41,18.7,18.13,60075.0,110800000.0,71.16,71.16,45.22,2.9,1.57,3318700,2688900.0,2026-05-22,16:14:27
000778,新兴铸管,4.22,4.23,4.23,4.25,4.16,365171.0,153620000.0,167.25,164.31,16.6,0.63,0.94,15069700,21447300.0,2026-05-22,16:14:33
000779,甘咨询,7.74,7.66,7.7,7.82,7.62,59171.0,45610000.0,35.98,35.97,23.64,0.9,1.27,3098700,2818400.0,2026-05-22,16:14:27
000782,恒申新材,7.8,7.7,7.71,7.94,7.58,229663.0,178600000.0,53.55,41.19,-33.47,3.31,4.35,12480400,10485900.0,2026-05-22,16:14:30
000783,长江证券,8.23,8.37,8.41,8.46,8.15,1152986.0,949620000.0,455.13,455.13,10.83,1.24,2.08,52253500,63045100.0,2026-05-22,16:14:06
000785,居然智家,2.36,2.36,2.36,2.38,2.33,327141.0,76930000.0,146.96,136.99,-12.8,0.77,0.56,13747900,18966200.0,2026-05-22,16:14:33
000786,北新建材,23.78,23.89,23.89,23.93,23.63,75087.0,178390000.0,404.79,401.76,14.11,1.45,0.44,3100800,4407900.0,2026-05-22,16:14:30
000788,北大医药,5.54,5.46,5.49,5.55,5.4,128977.0,70940000.0,33.02,33.02,51.4,2.22,2.16,6913300,5984400.0,2026-05-22,16:14:36
000789,万年青,4.58,4.57,4.58,4.62,4.51,39728.0,18140000.0,36.52,36.52,-137.72,0.57,0.5,1816700,2156200.0,2026-05-22,16:14:51
000790,华神科技,4.31,4.21,4.25,4.34,4.15,190530.0,81270000.0,26.88,26.83,-8.86,3.74,3.06,9875400,9177600.0,2026-05-22,16:14:39
000791,甘肃能源,8.78,8.75,8.77,8.93,8.56,522175.0,456910000.0,284.81,169.95,13.83,1.92,2.7,26734400,25483200.0,2026-05-22,16:14:42
000792,盐湖股份,32.84,32.28,32.26,32.98,31.81,715791.0,2322470000.0,1737.75,1737.74,16.85,3.89,1.35,33660900,37918200.0,2026-05-22,16:14:33
000793,*ST华闻,2.7,2.66,2.66,2.7,2.65,163793.0,43820000.0,53.93,52.95,-35.08,176.15,0.84,8406300,7973100.0,2026-05-22,16:14:54
000795,英洛华,9.1,8.89,8.97,9.13,8.85,147832.0,133340000.0,103.17,103.17,41.19,3.79,1.3,8402400,6380800.0,2026-05-22,16:14:36
000796,凯撒旅业,4.74,4.8,4.8,4.82,4.68,406145.0,192170000.0,76.02,63.08,215.08,8.37,3.05,16965900,23648600.0,2026-05-22,16:14:57
000797,中国武夷,2.6,2.59,2.59,2.63,2.56,184512.0,47870000.0,40.84,40.83,-8.14,0.88,1.17,10157000,8294200.0,2026-05-22,16:14:09
000798,中水渔业,8.75,8.66,8.67,8.82,8.56,54214.0,47220000.0,32.01,32.01,43.46,7.9,1.48,2795300,2626100.0,2026-05-22,16:14:39
000799,酒鬼酒,39.92,41.77,41.55,41.6,39.71,109240.0,437250000.0,129.71,129.7,-399.31,3.44,3.36,4320700,6603300.0,2026-05-22,16:15:00
000800,一汽解放,6.14,6.14,6.16,6.19,6.08,109619.0,67180000.0,302.17,302.14,38.02,1.14,0.22,4621500,6340400.0,2026-05-22,16:14:42
000801,四川九洲,13.74,13.5,13.5,13.86,13.27,252508.0,342500000.0,139.64,139.59,81.13,4.48,2.49,13252200,11998600.0,2026-05-22,16:14:03
000802,北京文化,4.97,5.0,5.05,5.09,4.9,314505.0,156100000.0,35.58,35.56,-16.95,5.83,4.4,15192400,16258100.0,2026-05-22,16:14:06
000803,山高环能,7.87,7.87,7.97,7.99,7.85,85125.0,67330000.0,36.7,36.19,80.17,2.46,1.85,4264500,4248000.0,2026-05-22,16:14:09
000807,云铝股份,30.76,29.99,30.5,31.0,30.03,525798.0,1612760000.0,1066.74,1066.73,12.29,2.99,1.52,27542500,25037300.0,2026-05-22,16:14:12
000809,和展能源,3.93,4.0,3.84,4.02,3.65,898648.0,347270000.0,32.41,32.41,-73.72,1.22,10.9,46279600,43585200.0,2026-05-22,16:14:15
000810,创维数字,12.48,12.56,12.57,12.7,12.25,184777.0,229070000.0,143.54,138.6,55.76,2.18,1.66,10532400,7945300.0,2026-05-22,16:14:12
000811,冰轮环境,34.45,35.19,35.19,35.59,33.23,567741.0,1945280000.0,341.91,337.06,58.16,5.23,5.8,27662900,29111200.0,2026-05-22,16:14:45
000812,陕西金叶,3.85,3.8,3.83,3.87,3.76,111655.0,42610000.0,29.12,29.11,-12.45,1.95,1.48,6151700,5013800.0,2026-05-22,16:14:48
000813,德展健康,3.44,3.81,3.62,3.69,3.43,1094852.0,379270000.0,72.14,72.13,-20.17,1.57,5.22,52657700,56827500.0,2026-05-22,16:14:51
000815,美利云,19.19,18.65,18.8,19.27,18.27,588746.0,1113250000.0,133.42,133.42,171.34,9.48,8.47,31565800,27308800.0,2026-05-22,16:14:36
000816,智慧农业,2.73,2.68,2.69,2.75,2.64,264260.0,71650000.0,39.5,39.3,-53.0,2.03,1.84,16147300,10278700.0,2026-05-22,16:14:54
000818,航锦科技,16.08,14.62,14.8,16.08,14.56,472752.0,728890000.0,106.13,105.84,-74.69,4.86,7.18,24975300,22299900.0,2026-05-22,16:14:45
000819,岳阳兴长,15.51,15.35,15.53,15.77,15.15,124031.0,191960000.0,57.31,56.69,-91.14,2.76,3.39,6607700,5795400.0,2026-05-22,16:14:48
000820,*ST节能,3.82,3.7,3.72,3.82,3.68,62943.0,23630000.0,24.7,11.34,-39.01,28.72,2.12,4320800,1973500.0,2026-05-22,16:14:15
000821,ST京机,9.86,9.68,9.7,9.89,9.66,79328.0,77610000.0,61.42,59.62,48.74,1.47,1.31,3887100,4045700.0,2026-05-22,16:14:18
000822,山东海化,5.17,5.07,5.12,5.19,5.03,153339.0,78280000.0,46.28,46.28,-3.3,1.24,1.71,8829400,6504500.0,2026-05-22,16:14:39
000823,超声电子,16.39,15.23,15.69,16.43,15.51,454455.0,731250000.0,88.01,88.01,41.19,1.88,8.46,25600900,19844600.0,2026-05-22,16:14:51
000825,太钢不锈,3.94,3.89,3.9,3.98,3.85,285426.0,111880000.0,224.43,224.43,-193.08,0.69,0.5,16669600,11873000.0,2026-05-22,16:14:42
000826,*ST启环,2.26,2.15,2.17,2.26,2.16,389280.0,86700000.0,32.21,32.21,-1.05,-1.29,2.73,25958900,12969100.0,2026-05-22,16:14:21
000828,东莞控股,10.02,10.02,10.03,10.05,9.92,48418.0,48320000.0,104.16,104.16,11.72,1.03,0.47,2074500,2767300.0,2026-05-22,16:14:54
000829,天音控股,9.27,9.53,9.55,9.67,9.24,350369.0,327700000.0,95.03,94.94,-516.73,3.28,3.42,14756400,20280400.0,2026-05-22,16:14:57
000830,鲁西化工,13.77,13.43,13.45,13.89,13.35,345462.0,469600000.0,262.22,262.21,28.14,1.35,1.81,19538500,15007700.0,2026-05-22,16:14:24
000831,中国稀土,51.51,51.16,51.18,51.99,50.7,213551.0,1099430000.0,546.63,546.63,229.18,11.05,2.01,10478200,10876900.0,2026-05-22,16:14:57
000833,粤桂股份,25.73,25.27,25.5,26.09,25.12,297443.0,764100000.0,206.38,116.74,35.66,4.97,6.56,13679700,16064600.0,2026-05-22,16:15:00
000837,秦川机床,12.65,12.68,12.72,12.8,12.4,385838.0,486930000.0,129.43,127.44,260.55,2.63,3.83,19296700,19287100.0,2026-05-22,16:14:03
000838,*ST发展,1.74,1.8,1.72,1.79,1.72,250012.0,43630000.0,19.15,18.34,-2.99,-8.92,2.37,10517500,14483700.0,2026-05-22,16:14:27
000839,国安股份,3.18,3.18,3.21,3.22,3.1,869509.0,274480000.0,124.65,124.65,142.42,8.03,2.22,39247200,47703700.0,2026-05-22,16:14:30
000848,承德露露,8.71,8.69,8.76,8.8,8.65,118208.0,102990000.0,88.84,88.07,13.46,2.39,1.17,5823400,5997400.0,2026-05-22,16:14:33
000850,华茂股份,4.2,4.15,4.2,4.24,4.1,98231.0,40990000.0,39.63,39.62,80.24,0.89,1.04,5559200,4263900.0,2026-05-22,16:15:00
000851,*ST高鸿,0.38,0.38,0.0,0.0,0.0,0.0,0.0,4.4,4.3,-0.64,2.91,0.0,0,0.0,2026-05-22,09:00:00
000852,石化机械,6.39,6.37,6.42,6.46,6.25,161667.0,102590000.0,61.09,60.74,-4407.14,1.95,1.7,7399900,8766800.0,2026-05-22,16:14:36
000856,冀东装备,10.75,10.04,10.01,10.81,9.94,222056.0,231100000.0,24.4,24.4,199.51,5.83,9.78,13598900,8606700.0,2026-05-22,16:14:45
000858,五 粮 液,84.03,85.35,85.58,85.6,84.03,260371.0,2196210000.0,3261.72,3261.64,25.89,2.55,0.67,10176100,15861000.0,2026-05-22,16:14:39
000859,国风新材,10.82,10.34,10.5,10.85,10.3,1042459.0,1104590000.0,96.94,96.94,-138.64,3.59,11.64,53893200,50352700.0,2026-05-22,16:14:48
000860,顺鑫农业,11.22,11.54,11.54,11.6,11.22,92209.0,104460000.0,83.23,83.23,-26.09,1.21,1.24,3823700,5397300.0,2026-05-22,16:14:42
000862,银星能源,6.5,6.52,6.57,6.6,6.41,298906.0,194100000.0,59.67,40.82,217.97,1.37,4.76,13652000,16238500.0,2026-05-22,16:14:03
000863,三湘印象,5.57,5.37,5.33,5.85,5.33,401979.0,225050000.0,65.76,64.79,-42.58,1.51,3.46,19498200,20699700.0,2026-05-22,16:14:45
000868,安凯客车,4.12,4.1,4.11,4.15,4.05,98952.0,40590000.0,38.71,30.21,-67.01,4.82,1.35,5072300,4822900.0,2026-05-22,16:14:18
000869,张  裕Ａ,18.74,19.18,18.98,19.04,18.6,21562.0,40330000.0,123.17,85.29,203.51,1.17,0.47,774200,1382000.0,2026-05-22,16:14:21
000875,电投绿能,6.24,6.26,6.26,6.32,6.2,422664.0,264620000.0,226.34,208.56,136.46,1.29,1.26,18286300,23980100.0,2026-05-22,16:14:06
000876,新 希 望,8.11,8.15,8.17,8.2,8.1,181183.0,147210000.0,365.18,364.95,-11.68,1.94,0.4,6095000,12023200.0,2026-05-22,16:14:24
000877,天山股份,4.48,4.32,4.33,4.6,4.3,230654.0,103220000.0,318.55,318.55,-4.37,0.43,0.32,13315800,9749600.0,2026-05-22,16:14:27
000878,云南铜业,18.06,17.06,17.25,18.35,17.01,560722.0,996360000.0,437.99,361.85,32.42,2.45,2.8,31408100,24664200.0,2026-05-22,16:14:51
000880,潍柴重机,33.85,34.21,34.06,34.69,32.82,470008.0,1577180000.0,157.01,76.85,59.54,7.28,20.7,22410200,24590500.0,2026-05-22,16:14:48
000881,中广核技,7.77,7.6,7.61,7.79,7.45,126551.0,96930000.0,73.46,70.22,-26.15,1.48,1.4,6682000,5973100.0,2026-05-22,16:14:51
000882,华联股份,1.45,1.46,1.47,1.47,1.42,501373.0,72190000.0,39.69,39.66,-11.86,0.61,1.83,22406600,27730700.0,2026-05-22,16:14:06
000883,湖北能源,4.89,4.93,4.92,4.94,4.83,486915.0,238180000.0,346.18,316.85,16.81,0.92,0.75,23821000,24870500.0,2026-05-22,16:14:54
000885,城发环境,13.48,13.42,13.42,13.56,13.29,46548.0,62460000.0,86.55,86.55,6.78,0.88,0.72,2150800,2504000.0,2026-05-22,16:14:09
000886,海南高速,5.08,5.05,5.1,5.12,5.01,103838.0,52510000.0,50.23,49.67,34.7,1.58,1.06,5228600,5155300.0,2026-05-22,16:14:57
000887,中鼎股份,20.47,19.16,19.5,20.69,18.9,942993.0,1872790000.0,269.49,269.05,17.86,1.84,7.17,51850000,42449300.0,2026-05-22,16:14:09
000888,峨眉山Ａ,10.45,10.69,10.75,10.76,10.44,80704.0,84910000.0,55.06,55.06,24.99,2.02,1.53,3014000,5056400.0,2026-05-22,16:14:12
000889,中嘉博创,4.23,4.05,4.15,4.27,4.0,874276.0,363700000.0,39.61,36.79,-157.03,57.03,10.05,50693800,36733800.0,2026-05-22,16:14:15
000890,法尔胜,11.7,11.65,11.55,11.98,11.48,403008.0,472910000.0,49.08,49.08,-64.49,251.08,9.61,20147400,20153400.0,2026-05-22,16:14:54
000892,欢瑞世纪,4.16,4.11,4.16,4.21,4.05,267405.0,110810000.0,40.81,29.57,-14.16,6.75,3.76,12232900,14507600.0,2026-05-22,16:14:12
000893,亚钾国际,46.9,47.13,47.3,47.38,46.51,98325.0,461300000.0,433.38,380.74,23.8,3.12,1.21,5580600,4251900.0,2026-05-22,16:14:15
000895,双汇发展,25.73,25.88,25.9,25.98,25.6,89472.0,230180000.0,891.46,891.34,16.95,4.48,0.26,4472600,4474600.0,2026-05-22,16:14:18
000897,津滨发展,1.98,1.96,1.96,1.99,1.95,174327.0,34310000.0,32.02,32.02,-54.91,1.06,1.08,9135100,8297600.0,2026-05-22,16:14:30
000898,鞍钢股份,2.03,2.02,2.02,2.05,2.0,335430.0,67870000.0,190.2,161.54,-3.83,0.45,0.42,19132900,14410200.0,2026-05-22,16:14:21
000899,赣能股份,13.08,12.83,13.0,13.2,12.75,227585.0,296460000.0,127.62,127.62,12.57,1.92,2.33,11485800,11272700.0,2026-05-22,16:14:18
000900,现代投资,3.94,3.94,3.96,3.98,3.9,159523.0,62660000.0,59.8,59.8,15.16,0.53,1.05,6448500,9503800.0,2026-05-22,16:14:57
000901,航天科技,20.97,21.17,21.25,21.3,20.7,196909.0,412100000.0,167.38,167.38,188.23,3.94,2.47,9301100,10389800.0,2026-05-22,16:15:00
000902,新洋丰,14.22,14.16,14.2,14.28,13.97,88906.0,125470000.0,178.42,162.5,11.18,1.45,0.78,4568000,4322600.0,2026-05-22,16:14:24
000903,ST云动,1.87,1.86,1.86,1.89,1.81,230090.0,42670000.0,36.18,35.91,-3.6,5.88,1.2,10479800,12529200.0,2026-05-22,16:14:21
000905,厦门港务,10.0,9.95,9.98,10.08,9.9,96915.0,96820000.0,154.23,74.18,75.16,1.69,1.31,4912200,4779400.0,2026-05-22,16:15:00
000906,浙商中拓,6.32,6.18,6.21,6.35,6.12,111489.0,69530000.0,44.85,44.32,20.64,0.91,1.59,5886300,5262600.0,2026-05-22,16:14:24
000908,ST景峰,7.38,7.27,7.27,7.42,7.27,102989.0,75790000.0,129.85,64.93,-198.8,6.22,1.17,5195700,5103200.0,2026-05-22,16:14:33
000909,*ST数源,4.83,4.99,5.0,5.07,4.76,75954.0,37010000.0,21.14,21.14,-4.88,3.45,1.74,3403000,4192400.0,2026-05-22,16:14:27
000910,大亚圣象,6.77,6.75,6.81,6.93,6.61,116577.0,78660000.0,37.06,37.04,-266.69,0.57,2.13,5071000,6586700.0,2026-05-22,16:14:27
000911,*ST广糖,5.75,5.75,5.76,5.84,5.73,45275.0,26170000.0,23.02,23.02,-14.81,-25.0,1.13,2167800,2359700.0,2026-05-22,16:14:30
000912,泸天化,4.01,3.94,3.96,4.05,3.92,251557.0,100000000.0,62.88,62.88,-3087.63,0.99,1.6,14248800,10906900.0,2026-05-22,16:14:33
000913,钱江摩托,12.13,12.22,12.33,12.33,12.09,40733.0,49560000.0,63.85,63.09,7.5,1.2,0.78,2061100,2012200.0,2026-05-22,16:14:36
000915,华特达因,27.73,27.82,28.03,28.03,27.7,18117.0,50380000.0,64.98,64.94,14.03,2.19,0.77,516500,1295200.0,2026-05-22,16:14:03
000917,电广传媒,8.1,8.01,8.02,8.19,7.9,299699.0,240540000.0,114.82,114.81,273.28,1.12,2.11,15744500,14225400.0,2026-05-22,16:14:30
000919,金陵药业,6.56,6.5,6.56,6.59,6.48,103796.0,67820000.0,40.8,40.79,69.22,1.07,1.67,5143300,5236300.0,2026-05-22,16:14:03
000920,沃顿科技,11.3,10.76,10.84,11.34,10.68,60807.0,66940000.0,53.41,53.4,24.25,2.66,1.29,3509100,2571600.0,2026-05-22,16:14:06
000921,海信家电,24.11,24.21,24.21,24.29,23.88,54662.0,131560000.0,333.89,221.36,10.79,1.8,0.6,3155100,2311000.0,2026-05-22,16:14:33
000922,佳电股份,13.91,13.15,13.16,14.35,12.94,417660.0,580210000.0,116.01,98.06,41.52,2.51,5.92,23004000,18762000.0,2026-05-22,16:14:06
000923,河钢资源,15.76,15.31,15.57,15.94,15.33,124057.0,193530000.0,102.87,98.96,22.17,1.02,1.98,7128500,5277200.0,2026-05-22,16:14:09
000925,众合科技,8.34,8.18,8.29,8.37,8.1,445099.0,367310000.0,56.41,56.15,-124.01,1.75,6.61,21398800,23111000.0,2026-05-22,16:14:12
000926,福星股份,2.06,2.08,2.08,2.1,1.99,727793.0,148980000.0,32.82,32.41,-0.79,0.63,4.63,32300000,40479200.0,2026-05-22,16:14:36
000927,中国铁物,2.68,2.65,2.67,2.69,2.63,445961.0,118850000.0,162.15,162.15,32.4,1.65,0.74,26970400,17625700.0,2026-05-22,16:14:09
000928,中钢国际,6.29,6.35,6.38,6.4,6.26,158006.0,99730000.0,90.24,90.24,20.59,1.05,1.1,6635000,9165500.0,2026-05-22,16:14:15
000929,*ST兰黄,11.52,10.99,11.16,11.53,10.94,34716.0,39290000.0,21.4,21.4,-18.63,6.14,1.87,1911700,1559900.0,2026-05-22,16:14:18
000930,中粮科技,5.21,5.19,5.22,5.26,5.15,150292.0,78210000.0,96.72,96.72,-78.25,0.93,0.81,8300700,6728500.0,2026-05-22,16:14:39
000931,中 关 村,4.38,4.36,4.37,4.42,4.34,50807.0,22280000.0,32.99,32.9,207.8,2.04,0.68,2905500,2175200.0,2026-05-22,16:14:36
000932,华菱钢铁,4.03,4.06,4.07,4.08,4.01,813979.0,328470000.0,276.16,276.16,12.29,0.49,1.19,36719800,44678200.0,2026-05-22,16:14:39
000933,神火股份,30.83,30.14,30.37,30.96,30.01,366289.0,1120230000.0,693.37,692.88,12.41,2.58,1.63,18570000,18058900.0,2026-05-22,16:14:42
000935,四川双马,31.6,31.46,31.6,32.1,31.33,56733.0,179860000.0,241.25,241.25,100.3,3.08,0.74,3020400,2653000.0,2026-05-22,16:14:21
000936,华西股份,7.0,6.98,6.99,7.06,6.86,237218.0,165160000.0,62.02,62.01,349.12,1.21,2.68,11480700,12241000.0,2026-05-22,16:14:42
000937,冀中能源,5.37,5.38,5.38,5.41,5.33,108129.0,57960000.0,189.75,184.37,46.84,0.98,0.31,5165100,5647700.0,2026-05-22,16:14:45
000938,紫光股份,29.86,29.25,29.62,29.99,29.11,1534325.0,4539280000.0,854.02,854.02,40.19,5.5,5.36,77624100,75808400.0,2026-05-22,16:14:24
000948,南天信息,14.1,14.03,14.03,14.23,13.91,41687.0,58610000.0,54.97,54.87,128.22,2.03,1.07,1942300,2226400.0,2026-05-22,16:14:39
000949,新乡化纤,7.3,7.27,7.3,7.38,7.1,457845.0,331790000.0,120.95,120.92,42.24,1.78,2.76,21825800,23958700.0,2026-05-22,16:14:12
000950,重药控股,6.18,6.12,6.14,6.21,6.06,328521.0,201710000.0,106.8,106.8,24.71,0.91,1.9,16097200,16754900.0,2026-05-22,16:14:42
000951,中国重汽,20.89,20.8,21.04,21.1,20.74,75311.0,157420000.0,244.2,244.2,13.49,1.48,0.64,4279900,3251200.0,2026-05-22,16:14:27
000952,广济药业,7.24,7.14,7.18,7.32,7.07,64058.0,46040000.0,25.1,24.91,-6.28,4.03,1.86,3288400,3117400.0,2026-05-22,16:14:48
000953,河化股份,6.98,6.75,6.71,7.03,6.71,89410.0,61800000.0,25.56,25.56,417.8,16.56,2.44,5446100,3494900.0,2026-05-22,16:14:45
000955,欣龙控股,4.57,4.5,4.52,4.61,4.43,107818.0,48740000.0,24.6,24.6,2747.93,3.8,2.0,5553600,5228200.0,2026-05-22,16:14:45
000957,中通客车,11.15,11.08,11.15,11.18,10.99,143827.0,159370000.0,66.11,66.11,17.28,2.05,2.43,6811700,7571100.0,2026-05-22,16:14:48
000958,电投产融,6.06,6.08,6.12,6.14,6.04,286974.0,174520000.0,1052.81,326.24,31.94,2.32,0.53,13839300,14858100.0,2026-05-22,16:14:51
000959,首钢股份,3.66,3.68,3.72,3.73,3.64,363966.0,134220000.0,283.83,272.73,33.78,0.56,0.49,17012600,19383900.0,2026-05-22,16:14:15
000960,锡业股份,38.01,36.29,36.91,38.59,36.5,660435.0,2482380000.0,625.43,625.43,26.79,3.08,4.01,35296100,30747400.0,2026-05-22,16:14:48
000962,东方钽业,62.25,56.59,57.5,62.25,57.03,294052.0,1786550000.0,328.34,312.29,128.21,8.2,5.86,16535900,12869300.0,2026-05-22,16:14:51
000963,华东医药,29.22,29.64,29.65,29.83,28.92,133699.0,390360000.0,512.44,512.23,14.63,1.99,0.76,5968800,7401100.0,2026-05-22,16:14:51
000965,天保基建,3.41,3.4,3.4,3.43,3.37,100016.0,34040000.0,37.85,37.85,-219.9,0.69,0.9,4796400,5205200.0,2026-05-22,16:14:54
000966,长源电力,4.74,4.7,4.7,4.81,4.6,748662.0,353140000.0,165.0,154.6,147.25,1.23,2.3,37242000,37624200.0,2026-05-22,16:14:54
000967,盈峰环境,12.98,12.05,12.27,13.08,12.0,2163031.0,2711120000.0,426.66,426.47,73.13,2.48,6.58,106506300,109796800.0,2026-05-22,16:14:57
000968,蓝焰控股,7.89,7.86,7.86,7.94,7.76,233076.0,182870000.0,76.34,76.34,25.62,1.19,2.41,11793000,11514600.0,2026-05-22,16:14:18
000969,安泰科技,22.72,22.17,22.5,22.72,22.22,504139.0,1133320000.0,238.68,236.59,62.56,4.06,4.84,24805200,25608700.0,2026-05-22,16:15:00
000970,中科三环,11.95,11.62,11.63,11.99,11.56,201651.0,238300000.0,145.28,145.28,154.18,2.22,1.66,11570700,8594400.0,2026-05-22,16:14:21
000972,*ST中基,3.76,3.78,3.76,3.77,3.72,62831.0,23510000.0,29.0,29.0,-49.48,446.65,0.81,2665900,3617200.0,2026-05-22,16:14:57
000973,佛塑科技,15.3,15.44,15.27,15.45,14.76,660837.0,996560000.0,376.11,148.02,58.35,4.11,6.83,34403600,31680100.0,2026-05-22,16:14:30
000975,山金国际,23.89,23.37,23.56,24.1,23.16,339863.0,806040000.0,662.36,602.8,18.04,4.47,1.35,19120500,14865700.0,2026-05-22,16:15:00
000977,浪潮信息,68.25,66.31,67.2,68.58,65.95,568209.0,3832410000.0,1002.24,1001.11,39.23,4.51,3.87,30699500,26121400.0,2026-05-22,16:14:33
000978,桂林旅游,6.34,6.41,6.44,6.46,6.3,91414.0,58050000.0,29.68,29.68,241.66,2.77,1.95,3783100,5358300.0,2026-05-22,16:14:03
000980,众泰汽车,2.58,2.44,2.44,2.65,2.38,2323673.0,593590000.0,130.1,130.1,-37.58,397.86,4.61,144606800,87760400.0,2026-05-22,16:14:06
000981,山子高科,3.91,3.97,3.96,3.97,3.82,3434956.0,1335830000.0,390.9,371.97,32.7,12.61,3.61,146330800,197164800.0,2026-05-22,16:14:36
000983,山西焦煤,6.41,6.4,6.41,6.43,6.35,440854.0,281710000.0,363.9,363.9,27.41,0.98,0.78,21306300,22779200.0,2026-05-22,16:14:03
000985,大庆华科,18.26,18.0,18.05,18.35,17.79,17052.0,30740000.0,23.67,23.67,397.51,3.87,1.32,973500,731700.0,2026-05-22,16:14:09
000987,越秀资本,8.21,8.26,8.35,8.38,8.15,380601.0,313450000.0,411.91,411.6,9.9,1.24,0.76,16297900,21762300.0,2026-05-22,16:14:54
000988,华工科技,156.31,153.96,155.55,159.14,153.6,908112.0,14169400000.0,1571.7,1570.89,92.49,13.45,9.04,44275600,46535500.0,2026-05-22,16:14:57
000989,九芝堂,8.13,8.38,8.39,8.39,8.11,224259.0,183730000.0,69.59,56.43,25.68,1.93,3.23,8056600,14369300.0,2026-05-22,16:14:12
000990,诚志股份,10.1,10.1,10.15,10.22,10.0,309242.0,312460000.0,122.74,122.74,173.5,0.68,2.54,15783100,15141100.0,2026-05-22,16:14:39
000993,闽东电力,13.13,13.13,13.03,13.27,12.75,162526.0,212210000.0,60.13,57.74,294.0,2.36,3.7,7914600,8338000.0,2026-05-22,16:14:24
000995,皇台酒业,13.03,14.39,14.29,14.29,13.02,267422.0,356570000.0,23.12,23.12,394.35,13.98,15.07,10884500,15857700.0,2026-05-22,16:14:06
000997,新 大 陆,24.81,22.55,22.98,24.81,22.7,748978.0,1798590000.0,251.35,249.95,25.62,3.33,7.43,43997700,30900200.0,2026-05-22,16:14:42
000998,隆平高科,8.44,8.42,8.4,8.45,8.25,130037.0,108790000.0,124.02,110.94,334.39,1.83,0.99,7102400,5901300.0,2026-05-22,16:14:09
000999,华润三九,24.44,24.65,24.63,24.76,24.38,62372.0,152530000.0,406.73,406.36,12.6,1.75,0.38,2399800,3837500.0,2026-05-22,16:14:27
001201,东瑞股份,12.3,12.41,12.47,12.52,12.23,28871.0,35580000.0,31.71,24.78,-9.23,1.04,1.43,1189300,1697800.0,2026-05-22,16:15:00
001202,炬申股份,16.66,16.33,16.55,16.79,16.17,20177.0,33260000.0,27.77,19.46,37.81,3.23,1.73,1164900,852800.0,2026-05-22,16:14:30
001203,大中矿业,39.98,41.36,41.3,41.52,38.17,433128.0,1710650000.0,612.93,522.13,91.64,8.35,3.32,20964000,22348800.0,2026-05-22,16:14:45
001205,盛航股份,14.78,14.81,14.84,14.96,14.54,34190.0,50450000.0,27.79,24.61,25.25,1.28,2.05,1740200,1678800.0,2026-05-22,16:14:15
001206,依依股份,17.34,17.15,17.31,17.46,17.09,20410.0,35330000.0,32.06,18.53,20.47,1.77,1.91,1153800,887300.0,2026-05-22,16:14:03
001207,联科科技,19.54,19.27,19.5,19.68,18.85,89993.0,173280000.0,59.23,57.18,21.55,2.56,3.08,4566300,4433000.0,2026-05-22,16:14:33
001208,华菱线缆,17.5,17.22,17.28,17.5,17.01,124933.0,216730000.0,111.71,55.78,102.98,3.8,3.92,7260100,5233200.0,2026-05-22,16:14:36
001209,洪兴股份,21.17,20.46,20.75,21.34,20.37,27759.0,58020000.0,27.84,20.34,121.64,2.12,2.89,1498800,1277000.0,2026-05-22,16:14:39
001210,金房能源,29.77,29.3,29.6,30.76,28.2,119691.0,353210000.0,46.68,28.37,34.04,3.17,12.56,5455200,6513900.0,2026-05-22,16:14:12
001211,双枪科技,53.37,53.37,54.33,54.9,52.28,51436.0,276110000.0,38.43,35.76,-2725.16,4.45,7.68,2623600,2520000.0,2026-05-22,16:14:18
001212,中旗新材,55.66,54.95,55.77,56.5,54.82,68094.0,377900000.0,111.85,96.76,-468.27,5.83,3.92,3352100,3457300.0,2026-05-22,16:14:15
001213,中铁特货,3.86,3.86,3.87,3.88,3.85,99014.0,38310000.0,171.56,171.56,45.79,0.89,0.22,4968100,4933300.0,2026-05-22,16:14:21
001215,千味央厨,42.5,41.04,41.44,45.14,39.8,116567.0,505870000.0,41.29,41.18,63.79,2.22,12.03,5257900,6398800.0,2026-05-22,16:14:24
001216,华瓷股份,17.18,16.57,16.81,17.19,16.65,34865.0,59160000.0,50.16,42.19,23.45,1.95,1.42,2192700,1293800.0,2026-05-22,16:14:48
001217,华尔泰,10.84,10.68,10.69,10.94,10.64,35649.0,38440000.0,35.97,35.57,-58.91,1.65,1.09,2219300,1345600.0,2026-05-22,16:14:18
001218,丽臣实业,25.93,25.48,25.67,26.12,25.26,21090.0,54230000.0,33.76,30.61,16.0,1.39,1.79,1142800,966200.0,2026-05-22,16:14:42
001219,青岛食品,13.85,13.81,13.85,13.92,13.59,35275.0,48520000.0,27.01,26.33,23.97,2.47,1.86,1846200,1681300.0,2026-05-22,16:14:06
001222,源飞宠物,17.27,16.99,17.09,17.37,16.89,12073.0,20650000.0,32.97,19.51,29.12,2.32,1.07,680500,526800.0,2026-05-22,16:14:12
001223,欧克科技,66.12,62.14,62.19,66.9,62.19,27260.0,178470000.0,61.72,32.98,198.5,3.2,5.46,1570700,1155200.0,2026-05-22,16:14:21
001225,和泰机电,59.14,53.76,55.0,59.14,55.0,41035.0,236910000.0,38.95,12.44,128.73,2.79,19.5,1696600,2406900.0,2026-05-22,16:14:24
001226,拓山重工,51.14,50.7,51.17,51.72,49.12,22409.0,113180000.0,38.18,17.35,166.65,5.14,6.61,1067200,1173700.0,2026-05-22,16:14:48
001227,兰州银行,2.13,2.13,2.14,2.14,2.12,328848.0,70080000.0,121.32,89.83,6.6,0.39,0.78,17241500,15643300.0,2026-05-22,16:14:27
001228,永泰运,29.98,29.46,29.68,30.36,28.8,19688.0,58290000.0,31.14,23.94,29.95,1.8,2.47,1153200,815600.0,2026-05-22,16:14:51
001229,魅视科技,35.18,34.17,34.48,36.19,33.8,16004.0,55880000.0,36.04,18.53,61.16,3.56,3.04,800100,800300.0,2026-05-22,16:14:27
001230,劲旅环境,25.51,25.33,25.58,25.76,25.0,29386.0,74780000.0,34.22,20.04,19.8,1.7,3.74,1631200,1307300.0,2026-05-22,16:14:51
001231,农心科技,24.32,23.27,23.37,24.64,23.1,23715.0,56870000.0,24.31,12.43,35.97,2.38,4.64,1260200,1111300.0,2026-05-22,16:14:30
001234,泰慕士,25.61,25.33,25.76,25.76,25.19,22464.0,57190000.0,28.02,23.43,69.87,2.97,2.46,1296900,949500.0,2026-05-22,16:14:30
001236,弘业期货,8.88,9.1,9.17,9.24,8.79,148997.0,132650000.0,89.49,67.32,584.96,4.78,1.97,6816000,8083700.0,2026-05-22,16:14:57
001238,浙江正特,44.98,44.86,44.81,45.17,44.5,3182.0,14250000.0,49.85,46.63,130.46,4.27,0.31,200300,117900.0,2026-05-22,16:15:00
001239,永达股份,14.54,14.23,14.31,14.6,14.19,17292.0,24920000.0,34.9,16.58,109.56,2.57,1.52,949700,779400.0,2026-05-22,16:14:33
001255,博菲电气,33.66,32.87,33.02,34.07,32.61,12084.0,40370000.0,29.29,23.92,268.69,3.25,1.7,734400,474000.0,2026-05-22,16:14:36
001256,炜冈科技,25.55,25.16,25.16,26.11,25.16,28840.0,73860000.0,36.44,27.32,25.22,2.78,2.7,1541600,1342400.0,2026-05-22,16:14:54
001258,立新能源,10.4,10.33,10.22,10.64,10.0,869992.0,901910000.0,97.07,97.07,96.31,3.18,9.32,41525800,45473300.0,2026-05-22,16:14:21
001259,利仁科技,79.2,88.0,79.2,90.0,79.2,24084.0,191210000.0,58.28,37.66,468.13,8.02,5.07,2131300,277100.0,2026-05-22,16:14:39
001260,坤泰股份,21.28,20.81,21.18,21.47,20.53,15581.0,32730000.0,24.47,24.47,65.9,2.94,1.35,858100,700000.0,2026-05-22,16:14:57
001266,宏英智能,55.55,51.16,51.5,56.18,50.99,104838.0,557840000.0,57.57,32.3,117.43,5.84,18.03,5167000,5316800.0,2026-05-22,16:14:33
001267,汇绿生态,60.59,57.4,58.5,61.66,58.0,369827.0,2210740000.0,475.73,368.72,572.36,29.88,6.08,20559200,16423500.0,2026-05-22,16:14:24
001268,联合精密,42.9,40.7,40.74,43.81,40.74,34958.0,148000000.0,46.3,28.93,144.82,4.55,5.18,2040800,1455000.0,2026-05-22,16:14:27
001269,欧晶科技,24.0,24.2,24.15,24.6,23.33,91145.0,216900000.0,46.18,46.18,-16.09,6.85,4.74,4466900,4647600.0,2026-05-22,16:14:42
001270,铖昌科技,143.4,146.5,144.06,144.36,136.2,166290.0,2341320000.0,295.57,293.69,223.89,18.94,8.12,8435000,8194000.0,2026-05-22,16:14:45
001277,速达股份,35.71,35.1,35.72,35.91,35.0,7606.0,26970000.0,27.14,16.27,30.18,1.76,1.67,421900,338700.0,2026-05-22,16:14:48
001278,一彬科技,21.16,20.96,21.49,21.49,20.72,23439.0,49530000.0,26.18,18.05,-23.9,2.22,2.75,1463800,880100.0,2026-05-22,16:14:36
001279,强邦新材,32.3,33.19,34.08,34.1,31.82,37519.0,121850000.0,51.68,12.92,131.37,5.07,9.38,1558100,2193800.0,2026-05-22,16:14:30
001282,三联锻造,20.68,20.68,20.71,20.85,20.28,33265.0,68540000.0,45.95,16.16,42.88,2.78,4.26,1848400,1478100.0,2026-05-22,16:14:33
001283,豪鹏科技,82.21,76.73,77.05,83.0,76.63,100710.0,807010000.0,82.16,65.54,38.88,2.31,12.63,5996400,4074600.0,2026-05-22,16:14:42
001286,陕西能源,11.41,11.4,11.39,11.53,11.32,168486.0,192400000.0,427.88,154.03,13.39,1.56,1.25,9577100,7271500.0,2026-05-22,16:15:00
001287,中电港,27.49,26.79,27.01,27.71,26.81,274952.0,751460000.0,208.9,208.9,58.34,3.77,3.62,13842700,13652600.0,2026-05-22,16:14:45
001288,运机集团,28.46,26.26,26.45,28.58,26.01,60364.0,166920000.0,66.85,43.24,32.09,2.92,3.97,3819800,2216600.0,2026-05-22,16:14:36
001289,龙源电力,17.11,16.93,16.92,17.41,16.67,88404.0,150380000.0,1430.36,862.67,33.7,1.86,0.18,4272000,4568300.0,2026-05-22,16:14:54
001296,长江材料,21.61,21.34,21.34,21.74,21.14,17511.0,37600000.0,32.33,16.66,28.72,1.78,2.27,1011800,739300.0,2026-05-22,16:14:57
001298,好上好,22.9,22.4,22.48,22.96,22.32,128795.0,291830000.0,99.05,93.3,84.2,5.95,3.16,7439400,5440100.0,2026-05-22,16:14:03
001299,美能能源,12.0,11.95,11.81,12.9,11.81,139634.0,169390000.0,37.71,33.95,36.37,3.36,4.94,5813300,8150000.0,2026-05-22,16:14:06
001300,三柏硕,17.05,16.75,16.9,17.17,16.55,30939.0,52170000.0,41.56,41.56,-50.4,4.32,1.27,1826600,1267300.0,2026-05-22,16:15:00
001301,尚太科技,88.82,89.37,89.72,91.3,88.0,73555.0,656140000.0,231.64,164.98,26.1,3.22,3.96,3565800,3789700.0,2026-05-22,16:14:48
001306,夏厦精密,72.85,72.56,73.1,73.44,71.43,11303.0,81980000.0,45.79,11.29,-88.66,3.57,7.29,559500,570800.0,2026-05-22,16:14:03
001308,康冠科技,21.28,21.15,21.05,21.48,20.73,40012.0,84340000.0,149.83,103.68,33.59,1.86,0.82,1950300,2050900.0,2026-05-22,16:14:03
001309,德明利,674.0,656.1,671.0,680.39,651.02,132272.0,8845020000.0,1528.94,1087.34,37.26,23.08,8.2,6924100,6303200.0,2026-05-22,16:14:06
001311,多利科技,28.45,27.93,27.93,28.77,27.48,36071.0,101700000.0,88.34,38.76,42.64,1.88,2.65,2020000,1587100.0,2026-05-22,16:14:51
001313,粤海饲料,9.17,9.24,9.22,9.46,9.08,211636.0,195890000.0,64.19,64.11,119.49,2.5,3.03,8669900,12493700.0,2026-05-22,16:14:09
001314,亿道信息,54.62,52.4,52.69,54.98,52.28,31977.0,172470000.0,77.91,67.94,70.92,3.69,2.57,1692800,1504900.0,2026-05-22,16:14:09
001316,润贝航科,41.53,41.49,41.46,42.5,40.86,35622.0,147620000.0,66.93,62.38,31.8,5.09,2.37,1812300,1749900.0,2026-05-22,16:14:57
001317,三羊马,55.7,55.92,56.02,57.0,55.46,31701.0,177620000.0,47.66,47.61,-664.03,4.69,3.71,1636800,1533400.0,2026-05-22,16:14:39
001318,阳光乳业,12.3,12.21,12.25,12.38,12.1,17999.0,22020000.0,34.77,34.77,34.26,2.35,0.64,866400,933500.0,2026-05-22,16:14:06
001319,铭科精技,25.04,24.19,24.29,25.15,24.08,50787.0,126140000.0,35.41,20.53,25.4,2.51,6.19,2920500,2158100.0,2026-05-22,16:14:12
001322,箭牌家居,7.08,7.15,7.18,7.18,6.91,80048.0,56010000.0,68.48,55.62,125.28,1.47,1.02,3359800,4645000.0,2026-05-22,16:14:12
001323,慕思股份,21.52,22.2,22.23,22.35,21.41,13458.0,29150000.0,93.63,66.98,18.51,2.03,0.43,512200,833600.0,2026-05-22,16:14:15
001324,长青科技,20.82,19.94,19.96,21.02,19.71,44310.0,90630000.0,28.73,28.73,68.45,2.49,3.21,2530300,1900700.0,2026-05-22,16:14:42
001326,联域股份,67.64,67.53,69.04,69.04,66.37,29112.0,196270000.0,49.51,16.3,172.91,4.01,12.08,1427200,1483900.0,2026-05-22,16:14:09
001328,登康口腔,29.35,29.98,29.92,30.14,28.78,18840.0,55250000.0,50.53,47.46,26.64,3.21,1.16,936500,947500.0,2026-05-22,16:14:15
001330,博纳影业,9.32,9.47,9.52,9.57,9.02,1012015.0,939940000.0,128.11,108.38,-23.14,3.37,8.7,48016100,53185300.0,2026-05-22,16:14:18
001331,胜通能源,61.52,61.37,58.7,62.0,57.28,142328.0,838620000.0,173.63,121.27,-890.23,11.81,7.22,6673900,7559000.0,2026-05-22,16:14:03
001332,锡装股份,67.19,64.5,65.1,67.57,64.26,24220.0,161380000.0,74.24,32.25,27.27,2.79,5.05,1275700,1146300.0,2026-05-22,16:14:45
001333,光华股份,26.0,25.21,25.39,26.28,24.9,44402.0,114530000.0,33.28,11.44,28.97,1.87,10.09,2140800,2299400.0,2026-05-22,16:14:06
001336,楚环科技,29.73,29.09,29.11,29.87,28.78,16594.0,48620000.0,23.9,14.66,52.83,2.92,3.36,887700,771700.0,2026-05-22,16:14:09
001337,四川黄金,55.57,54.98,55.5,56.39,54.5,83124.0,461590000.0,233.39,233.39,36.73,12.33,1.98,4329600,3982800.0,2026-05-22,16:14:48
001338,永顺泰,11.4,11.68,11.75,11.75,11.3,77303.0,88340000.0,57.2,57.2,28.76,1.53,1.54,3287400,4442900.0,2026-05-22,16:14:51
001339,智微智能,113.83,108.25,110.16,114.68,109.5,122829.0,1379480000.0,287.18,141.76,120.68,12.16,9.86,6165200,6117700.0,2026-05-22,16:14:12
001356,富岭股份,10.89,10.84,10.93,10.96,10.79,26321.0,28590000.0,64.18,21.85,90.01,3.15,1.31,1299500,1332600.0,2026-05-22,16:14:18
001358,兴欣新材,28.54,28.04,28.2,28.65,27.84,14351.0,40580000.0,35.16,14.18,67.18,2.47,2.89,882100,553000.0,2026-05-22,16:14:54
001359,平安电工,104.57,99.09,100.0,104.94,99.22,26952.0,278850000.0,193.98,48.5,79.33,9.38,5.81,1483600,1211600.0,2026-05-22,16:14:57
001360,南矿集团,20.49,19.97,19.97,20.65,19.81,23589.0,47970000.0,41.8,25.71,94.26,2.92,1.88,1258200,1100600.0,2026-05-22,16:14:21
001366,播恩集团,16.51,15.01,15.22,16.51,15.05,87200.0,140870000.0,26.53,26.53,-481.73,3.3,5.43,4558200,4161800.0,2026-05-22,16:15:00
001367,海森药业,22.28,22.17,22.3,22.69,21.84,13750.0,30430000.0,33.94,27.1,25.41,2.25,1.13,664600,710400.0,2026-05-22,16:14:24
001368,通达创智,27.26,27.0,27.13,27.8,26.34,15855.0,42850000.0,31.03,29.5,30.32,2.22,1.47,843900,741600.0,2026-05-22,16:14:27
001373,翔腾新材,41.82,39.8,40.13,41.88,39.96,20615.0,84860000.0,28.72,13.86,-68.54,3.4,6.22,1008200,1053300.0,2026-05-22,16:14:03
001376,百通能源,14.11,13.19,13.19,14.48,13.07,218994.0,304070000.0,65.03,30.2,33.84,5.09,10.23,12592900,9306500.0,2026-05-22,16:14:15
001378,德冠新材,21.52,20.6,20.67,21.7,20.17,51646.0,108770000.0,37.3,18.15,42.08,2.03,6.12,2800600,2364000.0,2026-05-22,16:14:06
001379,腾达科技,21.59,20.82,20.83,21.83,20.76,38297.0,81680000.0,43.18,14.53,59.04,2.86,5.69,2131100,1698600.0,2026-05-22,16:14:30
001380,华纬科技,19.98,19.77,19.84,20.1,19.73,25176.0,50130000.0,54.12,54.11,21.4,2.75,0.93,1220900,1296700.0,2026-05-22,16:14:12
001382,新亚电缆,20.74,20.44,20.5,20.85,20.43,27437.0,56740000.0,85.45,13.07,89.14,5.21,4.36,1463900,1279800.0,2026-05-22,16:14:09
001387,雪祺电气,13.97,13.8,13.81,14.1,13.58,35601.0,49230000.0,25.57,15.91,28.36,1.94,3.13,2004200,1555900.0,2026-05-22,16:14:18
001389,广合科技,195.01,178.9,181.2,196.79,180.2,133358.0,2544200000.0,921.41,296.39,78.89,12.78,8.77,7715300,5620600.0,2026-05-22,16:14:24
001391,国货航,5.23,5.26,5.26,5.26,5.2,135165.0,70660000.0,638.52,79.46,25.77,2.34,0.89,5434600,8081900.0,2026-05-22,16:14:36
001395,亚联机械,37.32,36.61,36.8,37.53,36.41,6982.0,25820000.0,32.56,17.5,18.45,2.61,1.49,368000,330200.0,2026-05-22,16:14:30
001696,宗申动力,15.85,16.03,16.06,16.19,15.73,196558.0,311930000.0,181.49,141.28,29.71,3.27,2.21,8407400,11248400.0,2026-05-22,16:14:15
001872,招商港口,22.63,22.68,22.76,22.89,22.2,25449.0,57390000.0,561.65,520.94,12.07,0.86,0.11,1181500,1363400.0,2026-05-22,16:14:30
001896,豫能控股,15.76,16.37,16.0,16.16,15.1,2235488.0,3516760000.0,240.46,240.46,64.06,6.75,14.65,103844400,119704400.0,2026-05-22,16:14:36
001914,招商积余,9.73,9.77,9.81,9.87,9.72,55209.0,54060000.0,102.53,102.53,15.34,0.94,0.52,2307700,3213200.0,2026-05-22,16:14:33
001965,招商公路,10.01,10.12,10.06,10.15,9.94,105247.0,105570000.0,680.19,680.19,14.69,0.97,0.15,4905300,5619300.0,2026-05-22,16:14:39
001979,招商蛇口,8.48,8.55,8.55,8.63,8.38,451275.0,382260000.0,764.56,713.47,123.82,0.78,0.54,21339100,23788400.0,2026-05-22,16:14:42
002001,新 和 成,31.59,30.64,31.0,31.86,30.79,278870.0,876930000.0,970.89,959.34,14.47,2.76,0.92,15009300,12877700.0,2026-05-22,16:14:18
002003,伟星股份,9.29,9.32,9.38,9.42,9.18,59711.0,55420000.0,110.45,94.95,17.33,2.63,0.58,2671600,3299600.0,2026-05-22,16:14:21
002004,华邦健康,4.62,4.65,4.67,4.69,4.59,188062.0,87250000.0,91.47,87.01,13.38,0.88,1.0,7821800,10984400.0,2026-05-22,16:14:39
002005,ST德豪,2.98,2.87,2.9,2.99,2.87,182288.0,53860000.0,52.22,52.21,122.71,15.7,1.04,11892900,6335900.0,2026-05-22,16:14:42
002006,精工科技,18.39,18.2,18.26,18.49,18.08,108287.0,198210000.0,95.59,95.59,49.82,3.82,2.08,5222800,5605800.0,2026-05-22,16:14:45
002007,华兰生物,13.86,13.93,13.92,13.93,13.77,77045.0,106650000.0,253.29,218.05,29.53,2.16,0.49,3736000,3968400.0,2026-05-22,16:14:36
002008,大族激光,146.28,142.59,139.74,150.0,139.74,568736.0,8245240000.0,1506.1,1399.5,109.12,7.36,5.94,28013200,28860300.0,2026-05-22,16:14:18
002009,天奇股份,26.43,26.35,25.95,26.75,24.91,361486.0,943630000.0,106.31,93.57,287.41,5.18,10.21,18483100,17665400.0,2026-05-22,16:14:45
002010,传化智联,5.39,5.28,5.34,5.42,5.27,218431.0,116850000.0,148.98,148.62,22.61,0.82,0.79,11489400,10353700.0,2026-05-22,16:14:21
002011,盾安环境,12.91,12.37,12.39,13.04,12.2,302842.0,384310000.0,138.74,136.79,13.13,2.03,2.86,17073300,13210900.0,2026-05-22,16:14:48
002012,凯恩股份,7.82,7.51,7.55,7.91,7.23,574491.0,435940000.0,36.57,36.57,118.84,2.34,12.29,29795100,27654000.0,2026-05-22,16:14:51
002014,永新股份,11.14,11.11,11.11,11.14,11.02,19095.0,21180000.0,68.23,67.14,15.51,2.66,0.32,881700,1027800.0,2026-05-22,16:14:24
002015,协鑫能科,21.55,20.14,20.15,21.8,19.85,1631718.0,3461380000.0,349.83,349.83,79.79,2.89,10.05,98551000,64620800.0,2026-05-22,16:14:54
002016,世荣兆业,4.82,4.75,4.77,4.86,4.7,80350.0,38370000.0,39.0,39.0,25.67,0.79,0.99,4309000,3726000.0,2026-05-22,16:14:39
002017,东信和平,18.03,17.72,17.86,18.14,17.58,110373.0,197590000.0,104.65,104.59,63.19,5.6,1.9,6281200,4756200.0,2026-05-22,16:14:42
002019,亿帆医药,10.3,10.38,10.36,10.42,10.26,81097.0,83680000.0,125.29,86.71,35.22,1.41,0.96,3637400,4472300.0,2026-05-22,16:14:57
002020,京新药业,13.82,14.14,14.16,14.2,13.76,98125.0,136530000.0,118.99,100.05,15.66,1.95,1.36,4061000,5751500.0,2026-05-22,16:15:00
002021,中捷资源,2.98,2.87,2.87,3.0,2.84,371983.0,110010000.0,35.63,35.62,-168.67,5.81,3.11,21316800,15881400.0,2026-05-22,16:14:45
002022,科华生物,5.67,5.59,5.63,5.8,5.57,78503.0,44370000.0,29.16,29.16,-4.01,1.15,1.53,3577900,4272400.0,2026-05-22,16:14:24
002023,海特高新,12.67,12.3,12.43,12.74,12.28,293999.0,368210000.0,93.87,93.87,-17.78,2.52,3.97,14825000,14574900.0,2026-05-22,16:14:27
002024,ST易购,1.2,1.2,1.2,1.21,1.18,255873.0,30530000.0,111.18,111.04,160.93,0.9,0.28,12756700,12830500.0,2026-05-22,16:14:48
002025,航天电器,74.8,72.22,73.0,76.22,70.64,249481.0,1853970000.0,340.61,339.5,180.68,5.12,5.5,13316500,11631600.0,2026-05-22,16:14:51
002026,山东威达,12.92,12.63,12.71,13.04,12.5,68392.0,87450000.0,56.92,56.91,22.14,1.47,1.55,4211100,2628200.0,2026-05-22,16:14:27
002027,分众传媒,5.51,5.58,5.61,5.62,5.45,2119557.0,1168190000.0,795.77,795.77,22.1,5.15,1.47,81826300,130129400.0,2026-05-22,16:14:54
002028,思源电气,197.14,198.82,201.01,201.85,196.18,74519.0,1473030000.0,1542.52,1203.9,47.41,9.57,1.22,3655000,3796900.0,2026-05-22,16:14:48
002029,七 匹 狼,9.3,9.71,9.75,9.8,9.28,257457.0,244250000.0,65.57,61.88,28.14,0.97,3.87,11214500,14531200.0,2026-05-22,16:14:30
002030,达安基因,6.4,6.48,6.42,6.57,6.31,634131.0,406090000.0,89.82,89.82,-10.03,1.28,4.52,27047200,36365900.0,2026-05-22,16:14:51
002031,巨轮智能,7.4,7.26,7.24,7.69,7.01,2905326.0,2149550000.0,162.76,141.61,-68.55,8.39,15.18,151431700,139100800.0,2026-05-22,16:14:57
002032,苏 泊 尔,49.62,50.05,49.8,50.38,49.47,20016.0,100050000.0,396.88,396.7,18.85,5.92,0.25,941300,1060200.0,2026-05-22,16:14:54
002033,丽江股份,8.56,8.57,8.6,8.63,8.47,134213.0,114650000.0,47.04,47.04,19.15,1.93,2.44,5337200,8084100.0,2026-05-22,16:14:57
002034,旺能环境,21.18,21.18,21.43,21.59,19.76,305420.0,632030000.0,107.72,107.26,14.93,1.48,6.03,18749800,11792200.0,2026-05-22,16:14:03
002035,华帝股份,5.45,5.41,5.43,5.47,5.38,62128.0,33680000.0,46.2,42.62,15.62,1.2,0.79,3324700,2888100.0,2026-05-22,16:14:06
002036,联创电子,10.3,9.36,10.09,10.3,9.52,2058104.0,2043050000.0,108.93,108.71,-9.8,11.29,19.5,109790200,96020200.0,2026-05-22,16:14:09
002037,保利联合,7.87,7.76,7.76,7.93,7.65,58691.0,45870000.0,38.08,38.08,-4.37,3.71,1.21,2967500,2901600.0,2026-05-22,16:14:33
002038,双鹭药业,6.11,6.07,6.12,6.16,6.06,212303.0,129680000.0,62.77,52.05,-13.1,1.23,2.49,11074600,10155700.0,2026-05-22,16:14:36
002039,黔源电力,19.93,20.13,20.11,20.23,19.78,95111.0,189880000.0,85.21,85.21,13.37,1.88,2.22,4635700,4875400.0,2026-05-22,16:15:00
002040,南 京 港,9.93,9.96,9.99,10.06,9.86,97176.0,96480000.0,48.45,48.27,24.73,1.4,2.0,4536700,5180900.0,2026-05-22,16:14:12
002041,登海种业,8.82,8.83,8.9,8.93,8.72,118482.0,104380000.0,77.62,77.62,77.01,2.1,1.35,5783300,6064900.0,2026-05-22,16:14:39
002042,华孚时尚,4.95,4.71,4.78,5.03,4.62,821124.0,399540000.0,84.18,84.18,114.21,1.42,4.83,48711600,33400700.0,2026-05-22,16:14:03
002043,兔 宝 宝,13.14,13.19,13.2,13.35,12.95,96657.0,126920000.0,109.03,106.11,14.55,3.16,1.2,4708000,4957700.0,2026-05-22,16:15:00
002044,美年健康,5.9,5.77,5.83,5.96,5.76,1412347.0,828850000.0,230.94,228.58,75.56,2.93,3.65,74800400,66434300.0,2026-05-22,16:14:06
002045,国光电器,10.96,10.77,10.78,11.04,10.61,143949.0,156680000.0,61.65,61.57,-36.05,1.46,2.56,7745400,6649500.0,2026-05-22,16:14:30
002046,国机精工,54.99,49.99,50.38,54.99,49.61,213995.0,1145820000.0,294.85,291.54,181.13,6.76,4.04,11242700,10156800.0,2026-05-22,16:14:09
002047,宝鹰股份,5.22,5.43,5.32,5.46,5.17,475002.0,251060000.0,79.15,79.14,119.53,194.45,3.13,17648300,29851900.0,2026-05-22,16:14:15
002048,宁波华翔,29.88,28.65,28.88,30.99,28.31,444976.0,1335000000.0,243.17,212.09,55.88,2.03,6.27,24205400,20292200.0,2026-05-22,16:14:03
002049,紫光国微,79.73,77.89,78.4,79.98,77.55,318828.0,2512940000.0,677.41,677.32,41.0,4.86,3.75,16671100,15211800.0,2026-05-22,16:14:06
002050,三花智控,54.05,52.83,52.51,54.15,51.7,2324288.0,12369100000.0,2274.43,1991.31,55.65,6.97,6.31,116808800,115620000.0,2026-05-22,16:14:42
002051,中工国际,10.65,10.73,10.8,10.9,10.5,411418.0,436900000.0,130.62,130.61,50.01,1.13,3.35,18631800,22510000.0,2026-05-22,16:14:12
002052,同洲电子,10.81,10.76,10.7,10.97,10.63,120871.0,130240000.0,81.34,74.52,133.33,29.2,1.75,6022600,6064500.0,2026-05-22,16:14:45
002053,云南能投,11.44,11.45,11.56,11.58,11.28,82052.0,93740000.0,105.33,105.33,47.6,1.38,0.89,4294600,3910600.0,2026-05-22,16:14:18
002054,德美化工,8.2,7.86,8.13,8.33,7.99,207271.0,169700000.0,39.53,31.49,29.59,1.53,5.4,11245400,9481700.0,2026-05-22,16:14:09
002055,ST得润,7.17,6.83,7.17,7.17,6.96,861380.0,614490000.0,43.34,42.59,-106.62,3.2,14.5,32773200,53364900.0,2026-05-22,16:14:21
002056,横店东磁,20.37,19.73,19.98,20.45,19.68,418515.0,845780000.0,331.36,331.02,18.63,3.01,2.58,22555800,19295700.0,2026-05-22,16:14:24
002057,中钢天源,9.33,9.03,9.09,9.38,9.04,108724.0,100330000.0,70.34,70.28,39.2,2.16,1.44,6150700,4721700.0,2026-05-22,16:14:33
002058,*ST威尔,26.08,25.66,25.66,26.16,25.6,10637.0,27560000.0,37.41,37.32,17.64,59.05,0.74,547600,516100.0,2026-05-22,16:14:36
002059,云南旅游,4.42,4.45,4.45,4.5,4.39,65223.0,28850000.0,44.75,43.45,-14.2,4.23,0.66,2308600,4213700.0,2026-05-22,16:14:15
002060,广东建工,3.57,3.55,3.58,3.59,3.55,187334.0,66880000.0,134.03,55.79,12.44,0.96,1.2,9527500,9205900.0,2026-05-22,16:14:39
002061,浙江交科,3.68,3.67,3.68,3.71,3.66,146258.0,53890000.0,98.41,95.65,10.24,0.61,0.56,7202200,7423600.0,2026-05-22,16:14:48
002062,宏润建设,9.5,9.61,9.6,9.84,9.47,267524.0,257290000.0,117.54,106.85,44.89,2.37,2.38,12388600,14363800.0,2026-05-22,16:14:42
002063,远光软件,6.37,6.31,6.35,6.4,6.24,389502.0,245910000.0,121.99,112.67,40.46,3.06,2.2,17433000,21517200.0,2026-05-22,16:14:18
002064,华峰化学,10.4,10.26,10.36,10.53,10.24,284913.0,295430000.0,516.1,515.01,25.53,1.85,0.58,15208000,13283300.0,2026-05-22,16:14:45
002065,东华软件,8.05,8.02,8.1,8.12,7.97,292547.0,235680000.0,258.04,234.09,53.31,2.08,1.01,13644700,15610000.0,2026-05-22,16:14:51
002066,瑞泰科技,25.75,26.01,26.01,26.44,25.55,61471.0,159040000.0,60.49,59.48,-78.1,9.72,2.66,2698100,3449000.0,2026-05-22,16:14:12
002067,景兴纸业,5.2,5.24,5.24,5.28,5.08,988647.0,510360000.0,76.69,69.56,76.62,1.15,7.39,41329000,57535700.0,2026-05-22,16:14:54
002068,黑猫股份,10.28,10.03,10.1,10.55,10.09,348138.0,359840000.0,75.59,75.56,-14.46,3.24,4.74,19036100,15777700.0,2026-05-22,16:14:48
002069,獐子岛,3.59,3.54,3.6,3.61,3.49,99254.0,35350000.0,25.53,25.5,-384.67,92.99,1.4,5248800,4676600.0,2026-05-22,16:14:21
002072,凯瑞德,7.28,6.98,7.12,7.31,6.85,218884.0,154450000.0,26.77,26.76,-110.96,11.58,5.96,11992700,9895700.0,2026-05-22,16:14:57
002073,软控股份,5.99,6.0,6.02,6.04,5.9,203781.0,121360000.0,61.35,60.73,17.16,0.96,2.01,9489400,10888700.0,2026-05-22,16:14:24
002074,国轩高科,35.3,34.86,35.0,35.44,34.64,269530.0,947000000.0,640.42,612.89,27.8,2.21,1.55,13702400,13250600.0,2026-05-22,16:14:51
002075,沙钢股份,4.09,3.99,4.01,4.16,3.97,292966.0,118980000.0,89.73,89.73,35.87,1.36,1.34,16920200,12376400.0,2026-05-22,16:14:15
002076,*ST星光,2.6,2.48,2.52,2.6,2.51,559080.0,143530000.0,28.84,27.1,-298.46,9.47,5.36,30071000,25837000.0,2026-05-22,16:15:00
002077,大港股份,17.96,17.79,17.87,18.1,17.43,428591.0,760120000.0,104.23,104.23,137.31,3.08,7.39,21800500,21058700.0,2026-05-22,16:14:03
002078,太阳纸业,13.06,12.98,13.03,13.09,12.88,173934.0,226190000.0,364.97,362.72,11.16,1.17,0.63,9704700,7688700.0,2026-05-22,16:14:06
002079,苏州固锝,12.6,12.31,12.43,12.67,12.32,340913.0,426230000.0,114.42,102.13,93.69,2.81,4.21,18700400,15390900.0,2026-05-22,16:14:27
002080,中材科技,71.28,64.8,65.0,71.28,65.0,496373.0,3457930000.0,1196.17,1196.17,60.93,5.85,2.96,26905500,22731800.0,2026-05-22,16:14:09
002081,金 螳 螂,5.94,5.71,5.83,5.96,5.63,2837014.0,1642670000.0,157.73,157.07,38.88,1.13,10.73,146743200,136958200.0,2026-05-22,16:14:30
002082,ST万邦,14.63,15.4,14.71,15.15,14.63,137599.0,202830000.0,89.49,83.08,-112.58,3.43,2.42,5954600,7805400.0,2026-05-22,16:14:12
002083,孚日股份,10.27,10.19,10.28,10.3,10.01,200426.0,204050000.0,97.22,97.19,20.2,1.99,2.12,10952400,9090200.0,2026-05-22,16:14:27
002084,海鸥住工,3.6,3.5,3.55,3.63,3.48,143551.0,51130000.0,23.26,23.2,-17.29,1.8,2.23,7839000,6516100.0,2026-05-22,16:14:33
002085,万丰奥威,12.9,13.2,13.2,13.25,12.79,415422.0,536190000.0,273.91,273.91,28.68,3.59,1.96,17696100,23846200.0,2026-05-22,16:14:15
002086,东方海洋,1.84,1.84,1.84,1.85,1.81,265748.0,48520000.0,36.04,29.1,-25.41,2.84,1.68,14240700,12334100.0,2026-05-22,16:14:30
002088,鲁阳节能,9.02,8.77,8.82,9.1,8.75,26119.0,23350000.0,46.28,45.62,-325.44,1.83,0.52,1595200,1016600.0,2026-05-22,16:14:54
002090,金智科技,11.05,10.8,10.83,11.15,10.65,107498.0,117390000.0,44.26,43.65,60.98,2.83,2.72,6071700,4678100.0,2026-05-22,16:14:57
002091,江苏国泰,9.04,8.98,8.9,9.09,8.81,253948.0,228900000.0,147.15,144.48,11.65,0.92,1.59,12494700,12900100.0,2026-05-22,16:15:00
002092,中泰化学,5.05,5.04,5.07,5.09,4.99,504616.0,254330000.0,130.8,130.07,-38.29,0.61,1.96,21335800,29125800.0,2026-05-22,16:14:03
002093,国脉科技,7.94,7.88,7.92,7.99,7.78,100634.0,79480000.0,80.0,80.0,120.17,2.08,1.0,5160200,4903200.0,2026-05-22,16:14:18
002094,青岛金王,5.46,5.44,5.44,5.48,5.35,115727.0,62870000.0,37.72,37.7,186.39,2.56,1.68,5772400,5800300.0,2026-05-22,16:14:21
002095,生 意 宝,15.09,15.1,15.26,15.27,14.88,26599.0,39980000.0,38.14,37.98,-281.48,4.35,1.06,1278400,1381500.0,2026-05-22,16:14:06
002096,易普力,10.39,10.35,10.43,10.45,10.29,46662.0,48460000.0,128.88,128.88,17.54,1.59,0.38,2577300,2088900.0,2026-05-22,16:14:24
002097,山河智能,9.12,9.13,9.17,9.19,9.0,139978.0,127390000.0,98.01,97.82,140.28,2.09,1.31,7330000,6667800.0,2026-05-22,16:14:18
002098,浔兴股份,8.04,7.96,7.98,8.09,7.83,32436.0,25840000.0,28.78,28.78,15.64,1.89,0.91,1873800,1369800.0,2026-05-22,16:14:36
002099,海翔药业,5.53,5.56,5.6,5.6,5.5,152227.0,84490000.0,89.51,89.33,-121.2,1.81,0.94,7053500,8169200.0,2026-05-22,16:14:33
002100,天康生物,6.96,7.16,7.2,7.25,6.95,349846.0,245570000.0,95.02,95.02,-94.28,1.39,2.56,13735900,21248700.0,2026-05-22,16:14:27
002101,广东鸿图,9.41,9.37,9.38,9.46,9.26,52464.0,49140000.0,62.37,62.31,20.11,0.79,0.79,2745200,2501200.0,2026-05-22,16:14:21
002102,ST能特,2.37,2.34,2.34,2.39,2.32,143828.0,34010000.0,58.67,51.5,122.02,1.89,0.66,7040900,7341900.0,2026-05-22,16:14:39
002103,广博股份,7.38,7.33,7.37,7.45,7.27,48497.0,35710000.0,39.43,28.64,25.44,3.14,1.25,2721300,2128400.0,2026-05-22,16:14:24
002104,恒宝股份,13.17,13.25,13.49,13.53,13.06,163959.0,216410000.0,93.29,78.98,669.31,4.37,2.73,8632700,7763200.0,2026-05-22,16:14:27
002105,信隆健康,6.46,6.31,6.38,6.54,6.23,73542.0,47080000.0,23.66,23.54,-37.02,2.96,2.02,3396500,3957700.0,2026-05-22,16:14:42
002106,莱宝高科,11.41,10.8,10.94,11.44,10.73,257872.0,288440000.0,80.53,80.43,39.29,1.43,3.66,14836300,10950900.0,2026-05-22,16:14:36
002107,沃华医药,6.79,6.67,6.73,6.85,6.62,99553.0,67150000.0,39.19,38.8,35.79,5.8,1.74,5527000,4428300.0,2026-05-22,16:14:30
002108,沧州明珠,5.3,5.17,5.18,5.37,5.12,586255.0,308360000.0,87.38,87.32,58.45,1.73,3.56,32127000,26498500.0,2026-05-22,16:14:33
002109,ST兴化,2.99,2.91,2.96,3.01,2.93,124389.0,37020000.0,38.16,38.16,-9.4,0.97,0.97,6828400,5610500.0,2026-05-22,16:14:09
002110,三钢闽光,3.15,3.11,3.15,3.18,3.1,254781.0,80000000.0,76.52,76.52,-52.96,0.4,1.05,13748600,11729500.0,2026-05-22,16:14:45
002111,威海广泰,11.05,10.87,10.92,11.06,10.85,82610.0,90510000.0,58.79,54.01,35.77,1.9,1.69,4437100,3823900.0,2026-05-22,16:14:12
002112,三变科技,19.22,18.8,19.04,19.29,18.71,134292.0,256300000.0,56.53,50.37,348.11,6.53,5.12,7888000,5541200.0,2026-05-22,16:14:15
002114,罗平锌电,8.77,8.59,8.65,8.9,8.45,174939.0,151320000.0,28.36,28.36,-16.44,3.92,5.41,8843700,8650200.0,2026-05-22,16:14:18
002115,三维通信,13.53,12.97,13.16,13.54,12.9,507755.0,674730000.0,109.73,101.77,1544.04,5.31,6.75,29552500,21222900.0,2026-05-22,16:14:30
002116,中国海诚,9.12,9.05,9.1,9.16,9.01,26483.0,24070000.0,42.48,41.95,12.64,1.51,0.58,1575800,1072500.0,2026-05-22,16:14:39
002117,东港股份,9.7,9.61,9.78,9.78,9.47,86374.0,83010000.0,50.8,50.78,33.68,3.84,1.65,4454300,4183100.0,2026-05-22,16:14:36
002119,康强电子,23.53,22.73,23.1,23.83,22.45,387446.0,894100000.0,88.3,88.3,76.11,6.34,10.32,20222200,18522400.0,2026-05-22,16:14:33
002120,韵达股份,7.17,7.22,7.25,7.28,7.15,282290.0,203240000.0,207.87,201.84,15.54,0.98,1.0,13219700,15009300.0,2026-05-22,16:14:42
002121,科陆电子,7.62,6.93,6.96,7.62,6.9,860975.0,638150000.0,126.92,107.04,-48.07,35.78,6.13,39715100,46382400.0,2026-05-22,16:14:48
002122,ST汇洲,2.86,2.83,2.85,2.86,2.83,117658.0,33490000.0,57.24,56.85,151.46,2.62,0.59,5565200,6200600.0,2026-05-22,16:14:45
002123,梦网科技,9.62,9.63,9.81,9.9,9.41,246639.0,237250000.0,77.48,69.32,-29.31,5.09,3.42,11825200,12838700.0,2026-05-22,16:14:39
002124,天邦食品,2.78,2.72,2.74,2.94,2.73,1480794.0,415760000.0,61.77,54.83,-2.88,3.72,7.51,75303900,72775500.0,2026-05-22,16:14:21
002125,湘潭电化,14.73,14.03,14.24,15.12,13.85,446252.0,653420000.0,92.73,92.73,34.67,2.72,7.09,24299700,20325500.0,2026-05-22,16:14:36
002126,银轮股份,58.99,59.54,59.65,60.0,57.47,282628.0,1660610000.0,499.53,468.51,52.09,6.77,3.56,13378400,14884300.0,2026-05-22,16:14:48
002127,南极电商,3.11,3.21,3.21,3.25,3.09,609081.0,190840000.0,76.35,62.04,-32.45,1.96,3.05,21653500,39254600.0,2026-05-22,16:14:51
002128,电投能源,29.61,29.11,29.29,29.99,29.01,143310.0,422590000.0,663.73,663.73,11.32,1.77,0.64,7703700,6627300.0,2026-05-22,16:14:54
002129,TCL中环,9.36,9.12,9.23,9.49,9.03,1252019.0,1161540000.0,378.44,378.12,-4.2,1.89,3.1,64852700,60349200.0,2026-05-22,16:14:42
002130,沃尔核材,20.99,20.46,20.6,21.08,20.51,372353.0,775920000.0,293.84,240.75,26.12,3.21,3.25,21727600,15507700.0,2026-05-22,16:14:45
002131,利欧股份,6.65,6.63,6.67,6.73,6.5,3685022.0,2429340000.0,450.32,389.34,-1046.73,3.49,6.29,166845900,201656300.0,2026-05-22,16:14:57
002132,恒星科技,5.46,5.28,5.33,5.48,5.26,636663.0,344060000.0,76.52,76.4,109.71,2.16,4.55,35610500,28055800.0,2026-05-22,16:14:48
002133,广宇集团,3.04,2.97,3.02,3.06,2.94,177388.0,53260000.0,23.53,23.4,32.57,0.81,2.3,9712000,8026700.0,2026-05-22,16:15:00
002134,天津普林,29.64,28.93,29.5,29.99,28.83,116757.0,344440000.0,73.11,73.06,461.26,14.26,4.74,5877100,5798600.0,2026-05-22,16:14:24
002135,东南网架,8.72,8.57,8.7,8.85,8.28,406038.0,351820000.0,97.27,91.03,560.94,1.57,3.89,22742300,17861500.0,2026-05-22,16:14:51
002136,安 纳 达,14.9,14.31,14.46,15.03,14.18,85087.0,124950000.0,32.04,31.95,-42.77,2.94,3.97,4333500,4175200.0,2026-05-22,16:14:27
002137,实益达,8.63,8.66,8.7,8.86,8.45,200340.0,171820000.0,49.84,34.21,115.31,3.24,5.05,9446800,10587200.0,2026-05-22,16:14:30
002138,顺络电子,43.3,39.9,40.8,43.52,40.8,572691.0,2437930000.0,349.14,327.56,36.15,5.5,7.57,35211100,22058000.0,2026-05-22,16:14:51
002139,拓邦股份,11.19,11.04,11.06,11.27,10.82,264464.0,292180000.0,139.52,119.85,63.74,2.02,2.47,14410000,12036400.0,2026-05-22,16:14:54
002140,东华科技,10.4,10.3,10.3,10.47,10.23,49715.0,51510000.0,73.63,73.53,13.28,1.51,0.7,2677300,2294200.0,2026-05-22,16:14:57
002141,贤丰控股,3.58,3.51,3.5,3.61,3.48,163434.0,58150000.0,36.98,36.98,323.48,4.58,1.58,9618500,6724900.0,2026-05-22,16:14:54
002142,宁波银行,31.09,31.53,31.45,31.53,31.07,206544.0,644450000.0,2053.06,2051.77,6.82,0.88,0.31,9219100,11435300.0,2026-05-22,16:15:00
002144,宏达高科,13.21,12.91,12.91,13.3,12.7,38307.0,49920000.0,23.35,18.18,61.87,1.09,2.78,2264800,1565900.0,2026-05-22,16:14:33
002145,钛能化学,4.3,4.29,4.32,4.34,4.25,373137.0,160070000.0,163.69,163.68,50.12,1.35,0.98,19605600,17708100.0,2026-05-22,16:14:03
002146,荣盛发展,1.22,1.22,1.22,1.23,1.2,655247.0,79550000.0,53.05,47.72,-0.58,1.05,1.68,30953000,34571700.0,2026-05-22,16:14:57
002148,北纬科技,7.4,7.36,7.41,7.47,7.2,117164.0,85970000.0,41.37,33.25,940.6,3.39,2.61,6149900,5566500.0,2026-05-22,16:14:06
002149,西部材料,72.12,70.15,68.18,72.84,67.0,757583.0,5292090000.0,352.1,352.05,437.9,9.46,15.52,38603000,37155300.0,2026-05-22,16:14:03
002150,正泰电源,34.0,33.99,33.6,35.52,33.52,324394.0,1111720000.0,122.7,121.91,44.12,5.67,9.05,15768700,16670700.0,2026-05-22,16:14:09
002151,北斗星通,38.87,38.28,38.7,39.13,37.91,130296.0,504360000.0,211.03,172.12,-98.62,4.36,2.94,7340400,5689100.0,2026-05-22,16:14:12
002152,广电运通,11.23,11.16,11.23,11.31,11.08,226926.0,253930000.0,278.88,278.74,32.95,2.19,0.91,10743300,11949300.0,2026-05-22,16:14:15
002153,石基信息,8.82,8.76,8.8,8.9,8.63,216514.0,189700000.0,240.71,141.1,-147.16,3.61,1.35,10046100,11605300.0,2026-05-22,16:14:18
002154,报 喜 鸟,4.3,4.27,4.28,4.37,4.26,272922.0,117750000.0,62.75,50.73,15.37,1.29,2.31,13418300,13873900.0,2026-05-22,16:14:06
002155,湖南黄金,25.19,24.69,24.76,25.31,24.35,338356.0,843450000.0,393.63,393.6,22.48,4.52,2.17,18158800,15676700.0,2026-05-22,16:14:39
002156,通富微电,63.44,61.76,61.81,64.34,60.13,2008252.0,12527680000.0,962.76,962.67,66.56,6.15,13.23,98055600,102769500.0,2026-05-22,16:14:36
002157,正邦科技,3.27,3.27,3.32,3.38,3.25,1989632.0,655350000.0,302.48,254.65,-26.74,2.9,2.55,92164800,106798400.0,2026-05-22,16:14:42
002158,汉钟精机,35.75,33.73,33.73,36.67,33.6,301356.0,1062940000.0,191.16,190.75,40.45,4.29,5.65,16098000,14037600.0,2026-05-22,16:15:00
002159,三特索道,15.89,15.95,16.36,16.36,15.68,45384.0,72300000.0,28.17,22.0,21.05,1.9,3.28,2093000,2445400.0,2026-05-22,16:14:45
002160,常铝股份,4.74,4.57,4.57,4.76,4.53,205948.0,96270000.0,48.95,48.86,72.43,1.3,2.0,12143000,8451800.0,2026-05-22,16:14:03
002161,远 望 谷,6.54,6.47,6.57,6.62,6.42,173868.0,113610000.0,48.38,48.37,3706.16,3.18,2.35,8783200,8603600.0,2026-05-22,16:14:48
002162,悦心健康,4.08,4.0,4.05,4.1,3.98,128330.0,51960000.0,37.52,37.47,321.04,4.59,1.4,6869100,5963900.0,2026-05-22,16:14:21
002163,海南发展,11.0,10.86,10.92,11.08,10.73,223727.0,244410000.0,92.95,88.39,-20.14,15.63,2.78,11584900,10787800.0,2026-05-22,16:14:24
002164,宁波东力,14.56,14.95,14.81,15.09,14.3,327282.0,476260000.0,77.48,69.86,38.39,4.87,6.82,12432900,20295300.0,2026-05-22,16:14:09
002165,红 宝 丽,8.04,7.86,7.86,8.07,7.66,705908.0,557090000.0,59.12,58.5,-206.15,2.96,9.7,39345600,31245200.0,2026-05-22,16:14:12
002166,莱茵生物,8.69,8.59,8.7,8.75,8.58,83191.0,72120000.0,64.45,64.18,41.62,2.07,1.13,3925900,4393300.0,2026-05-22,16:14:51
002167,东方锆业,12.78,11.96,12.01,12.88,11.94,495392.0,619620000.0,99.0,96.96,182.73,5.56,6.53,29998300,19540900.0,2026-05-22,16:14:06
002168,ST惠程,3.95,3.92,3.93,3.96,3.9,37476.0,14700000.0,30.97,30.97,-46.25,276.32,0.48,1846400,1901300.0,2026-05-22,16:14:09
002169,智光电气,18.87,17.8,17.81,18.95,17.81,730164.0,1357540000.0,147.7,143.16,75.61,5.28,9.62,37226100,35790300.0,2026-05-22,16:14:39
002170,芭田股份,11.99,11.9,11.94,12.09,11.82,139911.0,167180000.0,116.35,94.38,11.47,3.33,1.78,7486100,6505000.0,2026-05-22,16:14:12
002171,楚江新材,11.42,10.82,10.86,11.79,10.82,595618.0,677580000.0,185.34,184.29,47.33,2.08,3.69,32501300,27060500.0,2026-05-22,16:14:15
002172,澳洋健康,3.51,3.45,3.46,3.52,3.41,132273.0,45830000.0,26.88,26.86,95.89,14.84,1.73,7852500,5374800.0,2026-05-22,16:14:27
002173,创新医疗,23.16,23.38,23.51,23.75,22.72,259353.0,597310000.0,102.2,97.47,-221.86,5.93,6.16,10868300,15067000.0,2026-05-22,16:14:54
002174,游族网络,12.44,12.21,12.2,12.5,12.0,670585.0,822540000.0,121.89,121.82,-45.43,2.69,6.85,35861600,31196900.0,2026-05-22,16:14:57
002175,*ST东智,2.56,2.44,2.51,2.56,2.46,390784.0,99260000.0,32.69,32.69,-91.62,4.22,3.06,15271600,23806800.0,2026-05-22,16:15:00
002176,江特电机,12.87,12.73,12.85,12.92,12.53,822698.0,1047930000.0,219.6,219.28,-43.41,7.43,4.83,43715000,38554800.0,2026-05-22,16:14:42
002177,御银股份,7.74,7.77,7.82,7.87,7.45,504019.0,385450000.0,58.92,52.24,360.35,3.43,7.47,22723000,27678900.0,2026-05-22,16:14:45
002178,延华智能,5.79,5.73,5.71,5.83,5.63,197977.0,114100000.0,41.23,41.21,495.77,9.54,2.78,9990600,9807100.0,2026-05-22,16:14:18
002179,中航光电,41.27,40.8,41.07,41.71,40.8,331266.0,1364310000.0,873.86,865.23,45.52,3.54,1.58,16156900,16969700.0,2026-05-22,16:14:21
002180,奔图科技,17.67,17.15,17.2,17.78,16.95,128237.0,223580000.0,251.25,240.36,-34.04,2.75,0.94,7208100,5615600.0,2026-05-22,16:14:03
002181,粤 传 媒,13.75,13.65,13.73,14.07,13.55,850994.0,1172320000.0,159.65,156.0,218.62,3.75,7.5,40514000,44585400.0,2026-05-22,16:14:06
002182,宝武镁业,15.26,15.09,15.14,15.44,15.01,256607.0,391090000.0,151.35,132.08,-363.44,2.87,2.96,14217000,11443700.0,2026-05-22,16:14:24
002183,怡 亚 通,6.94,6.68,6.76,7.1,6.75,1608789.0,1115010000.0,180.23,180.23,-55.56,1.99,6.19,80526800,80352100.0,2026-05-22,16:14:09
002184,海得控制,12.29,12.1,12.11,12.32,11.9,75701.0,91960000.0,43.25,29.54,-59.57,3.4,3.15,4007000,3563100.0,2026-05-22,16:14:30
002185,华天科技,15.43,15.19,15.43,15.52,14.68,3422512.0,5173140000.0,504.09,503.97,61.79,2.81,10.48,174412400,167838800.0,2026-05-22,16:14:12
002186,全 聚 德,9.72,9.75,9.87,9.88,9.6,34717.0,33660000.0,29.83,29.82,289.13,3.5,1.13,1684200,1787500.0,2026-05-22,16:14:33
002187,广百股份,5.64,5.54,5.59,5.68,5.54,84399.0,47320000.0,39.53,39.53,-41.87,0.99,1.2,4488500,3951400.0,2026-05-22,16:14:27
002188,中天服务,6.61,6.51,6.51,6.69,6.35,134807.0,87820000.0,21.62,17.01,74.93,6.0,5.24,7583600,5897100.0,2026-05-22,16:14:36
002189,中光学,22.92,22.1,22.29,23.23,22.11,52962.0,119870000.0,59.87,59.86,-27.22,14.33,2.03,2849400,2446800.0,2026-05-22,16:14:30
002190,成飞集成,30.24,29.7,30.0,30.36,29.72,51990.0,156210000.0,108.48,108.48,-166.95,2.49,1.45,3053500,2145500.0,2026-05-22,16:14:39
002191,劲嘉股份,3.77,3.75,3.78,3.79,3.69,140709.0,52580000.0,54.73,54.31,-14.56,0.88,0.98,7415600,6655300.0,2026-05-22,16:14:42
002192,融捷股份,85.54,85.79,85.94,87.0,83.56,179852.0,1538700000.0,222.11,221.65,41.37,5.73,6.94,9993500,7991800.0,2026-05-22,16:14:48
002193,ST如意,5.07,4.83,4.86,5.07,4.86,112860.0,57020000.0,13.27,13.27,-3.55,4.93,4.31,4780200,6505800.0,2026-05-22,16:14:51
002194,武汉凡谷,12.41,12.12,12.29,12.5,12.1,306649.0,377990000.0,84.8,63.4,-408.06,3.42,6.0,15878700,14786200.0,2026-05-22,16:14:45
002195,岩山科技,8.15,8.08,8.1,8.16,7.83,1743166.0,1395420000.0,462.15,458.02,565.24,4.66,3.1,85891400,88425200.0,2026-05-22,16:14:54
002196,方正电机,16.74,16.46,16.15,16.88,15.84,927467.0,1535100000.0,83.01,81.76,174.12,5.82,18.99,45095400,47651300.0,2026-05-22,16:14:15
002197,证通电子,7.45,7.26,7.31,7.51,7.08,229554.0,167340000.0,45.77,39.78,-12.37,2.6,4.3,12121700,10833700.0,2026-05-22,16:14:15
002198,ST嘉应,4.01,3.97,3.95,4.07,3.92,105269.0,42120000.0,20.35,20.35,73.92,2.79,2.07,4736400,5790500.0,2026-05-22,16:14:33
002199,*ST东晶,13.57,12.92,13.14,13.57,13.05,63136.0,84710000.0,33.04,31.34,-89.06,18.24,2.73,4309200,2004400.0,2026-05-22,16:14:57
002200,*ST交投,7.63,7.55,7.55,7.7,7.4,18991.0,14380000.0,34.42,14.93,-365.5,2.65,0.97,949500,949600.0,2026-05-22,16:14:18
002201,九鼎新材,12.15,11.59,11.7,12.28,11.6,364772.0,440250000.0,79.17,73.15,88.19,6.68,6.06,20370600,16106700.0,2026-05-22,16:14:18
002202,金风科技,25.2,24.73,24.74,25.25,24.3,1171680.0,2906890000.0,1064.39,847.6,34.19,2.68,3.48,62672500,54495500.0,2026-05-22,16:15:00
002203,海亮股份,21.42,20.0,20.12,21.9,19.61,508672.0,1072810000.0,490.89,473.84,47.46,2.88,2.3,29317300,21549900.0,2026-05-22,16:14:21
002204,大连重工,6.15,6.1,6.13,6.18,6.06,191241.0,117020000.0,118.78,118.78,19.41,1.48,0.99,9721000,9403100.0,2026-05-22,16:14:21
002205,国统股份,13.95,13.68,13.68,14.0,13.62,25896.0,35860000.0,25.93,25.93,-27.89,10.1,1.39,1523600,1065900.0,2026-05-22,16:14:03
002206,海 利 得,5.52,5.4,5.5,5.55,5.39,106290.0,58210000.0,64.15,58.34,12.89,1.65,1.01,6544300,4084700.0,2026-05-22,16:14:48
002207,*ST准油,8.69,9.13,9.0,9.24,8.67,306679.0,272050000.0,22.77,22.66,-56.29,194.46,11.76,13406000,17261900.0,2026-05-22,16:14:36
002208,合肥城建,21.67,23.29,22.44,23.65,21.03,1738085.0,3832060000.0,174.07,174.03,-31.38,2.94,21.64,85582900,88225500.0,2026-05-22,16:14:51
002209,达 意 隆,13.25,13.22,13.21,13.51,12.92,53917.0,71130000.0,26.37,20.71,23.89,3.07,3.45,2701800,2689900.0,2026-05-22,16:14:54
002210,飞马国际,2.78,2.72,2.8,2.81,2.73,714655.0,197500000.0,73.98,73.82,266.25,7.89,2.69,38998400,32467100.0,2026-05-22,16:14:06
002211,ST宏达,3.83,3.76,3.77,3.89,3.74,88183.0,33550000.0,16.56,16.56,-172.86,34.31,2.04,5095400,3722900.0,2026-05-22,16:14:09
002212,天融信,7.26,7.17,7.3,7.4,7.19,253066.0,184450000.0,85.63,84.71,204.52,0.9,2.17,12790100,12516500.0,2026-05-22,16:14:24
002213,大为股份,38.98,38.33,38.68,39.28,37.63,194888.0,751050000.0,92.57,80.55,4887.57,16.78,9.43,10546200,8942600.0,2026-05-22,16:14:39
002214,*ST大立,18.59,18.55,18.7,18.79,18.46,31294.0,58050000.0,111.29,88.94,-49.02,8.85,0.65,1059200,2070300.0,2026-05-22,16:14:12
002215,诺 普 信,9.37,9.4,9.49,9.51,9.3,113814.0,106980000.0,94.13,75.24,12.13,1.93,1.42,5301100,6080400.0,2026-05-22,16:14:24
002216,三全食品,13.35,13.47,13.61,13.61,13.26,55091.0,73580000.0,117.37,84.17,19.38,2.41,0.87,2671600,2837500.0,2026-05-22,16:14:27
002217,合力泰,2.82,2.72,2.76,2.84,2.7,4271796.0,1185560000.0,210.92,205.28,1083.52,11.27,5.87,254357300,172822300.0,2026-05-22,16:14:27
002218,拓日新能,5.11,5.03,5.07,5.13,4.97,374720.0,189560000.0,71.96,70.91,-36.25,1.83,2.7,20059600,17412400.0,2026-05-22,16:14:42
002219,新里程,2.19,2.2,2.19,2.2,2.16,576806.0,125740000.0,75.6,71.65,293.51,3.66,1.76,27086900,30593700.0,2026-05-22,16:14:30
002221,东华能源,7.15,7.35,7.41,7.42,7.1,232219.0,167890000.0,112.69,104.45,-13.87,1.13,1.59,8259500,14962400.0,2026-05-22,16:14:45
002222,福晶科技,105.56,100.58,100.58,107.0,98.9,456558.0,4729480000.0,496.4,494.18,168.9,27.15,9.75,26177400,19478500.0,2026-05-22,16:14:15
002223,鱼跃医疗,27.18,27.36,27.52,27.6,27.06,105051.0,285900000.0,272.47,256.12,21.2,2.0,1.11,4344400,6160800.0,2026-05-22,16:14:18
002224,三 力 士,3.89,3.81,3.85,3.91,3.79,116694.0,44940000.0,35.09,31.37,-241.15,1.09,1.45,6140500,5528900.0,2026-05-22,16:14:21
002225,濮耐股份,3.98,3.8,3.85,4.0,3.8,481199.0,188740000.0,46.14,37.76,91.14,1.12,5.07,25849600,22270300.0,2026-05-22,16:14:30
002226,江南化工,5.91,5.82,5.83,6.2,5.72,806029.0,482390000.0,156.55,156.55,21.28,1.61,3.04,40279700,40323200.0,2026-05-22,16:14:48
002227,*ST特迅,8.61,8.51,8.5,8.67,8.42,28633.0,24540000.0,21.34,21.18,-32.75,2.32,1.16,1253200,1610100.0,2026-05-22,16:14:57
002228,合兴包装,3.56,3.52,3.55,3.59,3.5,150885.0,53480000.0,43.2,43.05,45.75,1.44,1.25,8537200,6551300.0,2026-05-22,16:15:00
002229,鸿博股份,15.31,15.41,15.6,15.65,14.94,453827.0,691410000.0,75.97,75.5,-28.99,7.1,9.2,22260500,23122200.0,2026-05-22,16:14:33
002230,科大讯飞,47.35,47.2,47.58,47.88,46.77,412529.0,1949520000.0,1137.38,1036.63,131.81,4.98,1.88,18104600,23148300.0,2026-05-22,16:14:51
002231,*ST奥维,0.6,0.6,0.0,0.0,0.0,0.0,0.0,2.08,1.85,-0.96,2.54,0.0,0,0.0,2026-05-22,09:00:00
002232,启明信息,17.64,17.57,17.75,17.86,17.33,53711.0,94500000.0,72.07,72.07,151.2,5.1,1.31,2550900,2820200.0,2026-05-22,16:14:33
002233,塔牌集团,8.21,8.25,8.26,8.31,8.2,47572.0,39260000.0,96.4,96.33,15.65,0.83,0.41,2506900,2250300.0,2026-05-22,16:14:36
002234,民和股份,7.8,7.74,7.86,7.9,7.65,62550.0,48580000.0,27.22,23.51,-10.27,1.6,2.08,3246400,3008600.0,2026-05-22,16:14:24
002235,安妮股份,10.3,10.31,10.32,10.4,9.89,500988.0,512090000.0,59.7,57.02,-308.32,8.18,9.05,25267900,24830900.0,2026-05-22,16:14:27
002236,大华股份,17.86,17.57,17.68,17.96,17.45,331704.0,588960000.0,583.89,427.06,14.96,1.53,1.39,16945000,16225400.0,2026-05-22,16:14:36
002237,恒邦股份,14.35,13.9,13.96,14.5,13.84,195619.0,277510000.0,205.2,171.1,31.05,1.52,1.64,10557300,9004600.0,2026-05-22,16:14:39
002238,天威视讯,6.9,7.04,7.04,7.09,6.8,86312.0,59470000.0,55.38,55.38,-27.79,2.84,1.08,3825900,4805300.0,2026-05-22,16:14:03
002239,奥特佳,2.7,2.74,2.74,2.75,2.67,579017.0,156550000.0,94.91,72.42,50.03,1.51,2.16,23357300,34544300.0,2026-05-22,16:14:30
002240,盛新锂能,49.11,48.98,48.79,49.65,47.67,434792.0,2126580000.0,449.5,448.33,-166.91,4.19,4.76,23342900,20136300.0,2026-05-22,16:14:54
002241,歌尔股份,25.56,24.94,24.99,25.59,24.3,1289192.0,3238380000.0,907.48,803.4,22.83,2.43,4.1,72192900,56726300.0,2026-05-22,16:14:42
002242,九阳股份,9.6,9.88,9.88,9.98,9.55,130640.0,126310000.0,73.25,73.12,73.99,2.17,1.72,6032300,7031800.0,2026-05-22,16:14:45
002243,力合科创,8.81,8.6,8.62,8.83,8.46,208242.0,180270000.0,106.65,106.08,60.58,1.46,1.73,10768800,10055500.0,2026-05-22,16:14:48
002244,滨江集团,10.11,10.14,10.1,10.36,9.87,317017.0,318730000.0,314.57,278.79,16.12,1.04,1.15,15625400,16076300.0,2026-05-22,16:14:33
002245,蔚蓝锂芯,20.41,18.55,18.57,20.41,18.09,1676090.0,3302290000.0,348.53,327.91,45.58,4.51,10.43,84433300,83175700.0,2026-05-22,16:14:57
002246,北化股份,23.2,22.64,23.08,23.88,22.8,272628.0,632790000.0,127.38,127.38,41.65,4.07,4.97,12524600,14738200.0,2026-05-22,16:14:06
002247,聚力文化,2.8,2.72,2.74,2.83,2.67,273154.0,75130000.0,23.82,18.02,53.4,3.54,4.24,15430200,11885200.0,2026-05-22,16:15:00
002248,华东数控,12.53,12.17,12.28,12.68,12.01,116548.0,144210000.0,38.53,38.53,113.6,33.59,3.79,6546500,5108300.0,2026-05-22,16:14:51
002249,大洋电机,9.84,9.85,9.78,10.0,9.69,720192.0,708590000.0,242.63,183.21,22.11,2.51,3.87,32499400,39519800.0,2026-05-22,16:14:09
002250,联化科技,15.17,14.39,14.59,15.2,14.57,211152.0,314650000.0,136.51,135.77,32.96,2.0,2.36,12470400,8644900.0,2026-05-22,16:14:54
002251,步步高,3.7,3.66,3.69,3.75,3.66,489085.0,181310000.0,99.48,79.64,90.26,1.17,2.27,24418400,24490100.0,2026-05-22,16:14:39
002252,上海莱士,5.23,5.33,5.32,5.34,5.23,327841.0,172210000.0,347.17,346.95,26.17,1.07,0.49,12937800,19846300.0,2026-05-22,16:14:42
002253,*ST智胜,11.76,11.2,11.28,11.76,11.28,77576.0,90220000.0,26.53,24.69,-10.68,3.13,3.69,4740800,3016800.0,2026-05-22,16:14:45
002254,泰和新材,15.93,14.48,14.7,15.93,14.6,833778.0,1280650000.0,136.53,135.51,291.82,1.93,9.8,44882000,38495800.0,2026-05-22,16:14:36
002255,海陆重工,10.4,10.3,10.34,10.45,10.28,153602.0,159560000.0,86.41,66.35,19.35,1.89,2.41,7994000,7366200.0,2026-05-22,16:14:39
002256,兆新股份,4.58,4.49,4.5,4.62,4.44,822091.0,373070000.0,93.47,92.26,183.49,7.74,4.08,45885800,36323300.0,2026-05-22,16:14:57
002258,利尔化学,12.17,11.79,12.03,12.29,11.81,179676.0,216890000.0,97.41,97.26,22.1,1.22,2.25,10175300,7792300.0,2026-05-22,16:14:03
002259,升达林业,5.25,5.13,5.15,5.29,5.11,207931.0,108230000.0,39.5,39.5,20.01,8.62,2.76,11568400,9224700.0,2026-05-22,16:15:00
002261,拓维信息,32.23,32.27,32.27,32.58,31.68,560046.0,1800030000.0,406.09,369.39,678.52,15.6,4.89,26802500,29202200.0,2026-05-22,16:14:42
002262,恩华药业,20.58,20.74,20.58,20.88,20.38,88185.0,180770000.0,209.05,181.91,19.46,2.5,1.0,3533300,5285100.0,2026-05-22,16:14:06
002263,大东南,3.86,3.71,3.74,3.88,3.68,941264.0,357770000.0,72.5,72.5,400.04,2.61,5.01,53498500,40627900.0,2026-05-22,16:14:03
002264,新 华 都,7.08,6.98,7.05,7.13,6.93,152598.0,107340000.0,50.96,46.36,31.83,2.45,2.33,7604200,7655600.0,2026-05-22,16:14:09
002265,建设工业,22.23,22.46,22.5,22.6,22.04,82055.0,182790000.0,229.64,229.64,98.65,5.89,0.79,3925500,4280000.0,2026-05-22,16:14:48
002266,浙富控股,5.53,5.42,5.43,5.55,5.39,732973.0,401220000.0,288.63,267.79,19.92,2.28,1.51,38882300,34415100.0,2026-05-22,16:14:51
002267,陕天然气,7.57,7.62,7.62,7.64,7.52,66967.0,50670000.0,84.18,84.18,16.96,1.2,0.6,3318500,3378200.0,2026-05-22,16:14:12
002268,电科网安,15.17,14.98,15.3,15.39,14.94,100948.0,152930000.0,128.28,128.23,351.35,2.33,1.19,4525400,5569400.0,2026-05-22,16:14:45
002269,美邦服饰,1.56,1.55,1.56,1.57,1.53,501613.0,77650000.0,39.2,36.56,-15.42,18.31,2.14,21918400,28242900.0,2026-05-22,16:14:06
002270,华明装备,22.94,22.91,23.17,23.17,22.67,168482.0,386480000.0,205.59,205.59,29.31,7.01,1.88,8864500,7983700.0,2026-05-22,16:14:48
002271,东方雨虹,14.11,14.12,14.18,14.32,14.09,315501.0,447040000.0,337.05,270.13,104.43,1.64,1.65,14269500,17280500.0,2026-05-22,16:14:15
002272,川润股份,24.7,22.45,22.89,24.7,22.02,1323245.0,3121610000.0,119.76,100.81,-430.7,8.21,32.42,71157300,61167100.0,2026-05-22,16:14:51
002273,水晶光电,40.34,36.67,38.0,40.34,37.15,1097994.0,4278300000.0,560.98,549.46,46.82,5.5,8.06,59174700,50624700.0,2026-05-22,16:14:18
002274,华昌化工,6.1,6.0,6.01,6.13,5.91,208830.0,125410000.0,58.09,57.21,-31.49,1.1,2.23,10336500,10546500.0,2026-05-22,16:14:12
002275,桂林三金,13.54,13.6,13.65,13.68,13.5,18442.0,25040000.0,79.56,75.43,17.57,2.39,0.33,855400,988800.0,2026-05-22,16:14:09
002276,万马股份,13.01,12.88,12.92,13.25,12.7,231414.0,300580000.0,131.54,131.02,40.04,2.15,2.3,12071800,11069600.0,2026-05-22,16:14:54
002277,友阿股份,6.81,6.65,6.7,6.87,6.59,498683.0,338120000.0,94.94,94.94,-28.88,1.49,3.58,27635100,22233200.0,2026-05-22,16:14:54
002278,神开股份,9.67,9.53,9.58,9.72,9.42,75763.0,72750000.0,37.58,32.18,106.52,2.67,2.28,4312500,3263800.0,2026-05-22,16:14:21
002279,久其软件,7.09,7.12,7.16,7.21,7.02,211230.0,149940000.0,61.13,56.4,81.52,4.38,2.66,9018500,12104500.0,2026-05-22,16:14:15
002281,光迅科技,215.87,217.3,213.0,219.18,210.0,680332.0,14591510000.0,1741.37,1682.7,168.08,16.84,8.73,32584500,35448700.0,2026-05-22,16:14:18
002282,博深股份,6.54,6.36,6.4,6.61,6.34,49868.0,32270000.0,34.46,33.03,26.06,0.97,0.99,3229300,1757500.0,2026-05-22,16:14:12
002283,天润工业,12.07,11.48,11.41,12.2,11.34,444639.0,529220000.0,137.53,121.04,33.16,2.29,4.43,23131800,21332000.0,2026-05-22,16:14:24
002284,亚太股份,13.05,13.09,13.16,13.23,12.72,257034.0,333040000.0,96.45,95.55,18.13,2.75,3.51,11918200,13785200.0,2026-05-22,16:14:57
002285,世联行,2.84,2.81,2.83,2.87,2.75,437508.0,123100000.0,56.6,56.1,-8.8,2.58,2.21,21235600,22515300.0,2026-05-22,16:14:57
002286,保龄宝,8.95,8.67,8.78,8.95,8.62,67969.0,60080000.0,34.06,33.09,22.06,1.48,1.84,3689100,3107800.0,2026-05-22,16:14:21
002287,奇正藏药,21.9,21.9,21.9,22.04,21.73,14410.0,31560000.0,125.29,125.04,18.76,2.49,0.25,696100,744900.0,2026-05-22,16:14:24
002289,*ST宇顺,41.32,39.69,39.95,41.43,39.27,32068.0,130390000.0,115.8,113.39,345.44,43.65,1.17,1717400,1489400.0,2026-05-22,16:14:27
002290,禾盛新材,102.57,97.55,101.49,106.77,101.0,214499.0,2220690000.0,254.49,253.55,163.63,25.17,8.68,11793600,9656200.0,2026-05-22,16:14:15
002291,遥望科技,6.35,6.36,6.43,6.47,6.28,319666.0,203160000.0,59.38,55.19,-17.99,2.0,3.68,12352700,19613900.0,2026-05-22,16:15:00
002292,奥飞娱乐,7.69,7.78,7.8,7.83,7.63,254203.0,195430000.0,113.71,78.27,146.74,3.82,2.5,12014300,13406000.0,2026-05-22,16:14:30
002293,罗莱生活,10.2,10.24,10.28,10.37,10.15,65481.0,67020000.0,85.05,84.31,15.34,2.13,0.79,2946200,3601900.0,2026-05-22,16:15:00
002294,信立泰,35.35,36.3,36.25,36.5,35.05,216670.0,771010000.0,394.09,394.0,58.26,4.31,1.94,8641300,13025700.0,2026-05-22,16:14:18
002295,精艺股份,11.13,10.69,10.89,11.22,10.66,49605.0,54580000.0,27.89,27.87,-53.04,2.15,1.98,2632000,2328500.0,2026-05-22,16:14:03
002296,辉煌科技,11.02,10.84,10.95,11.09,10.72,91126.0,99510000.0,42.93,38.28,24.34,1.71,2.62,4249500,4863100.0,2026-05-22,16:14:06
002297,博云新材,26.58,24.71,24.69,26.85,23.6,1672271.0,4270960000.0,152.33,152.33,78.86,6.74,29.18,91531200,75695900.0,2026-05-22,16:14:09
002298,中电鑫龙,10.66,10.58,10.64,10.83,10.54,406367.0,433640000.0,78.9,70.44,-18.67,4.23,6.15,18864100,21772600.0,2026-05-22,16:14:12
002299,圣农发展,17.09,17.22,17.29,17.37,17.02,75705.0,129800000.0,212.45,208.32,14.3,1.89,0.62,3612700,3957800.0,2026-05-22,16:14:33
002300,太阳电缆,9.27,9.23,9.23,9.32,9.1,260253.0,240640000.0,66.96,66.96,85.51,3.52,3.6,12173200,13852100.0,2026-05-22,16:14:21
002301,齐心集团,8.33,8.33,8.37,8.56,8.19,248350.0,208120000.0,60.08,59.81,80.64,1.93,3.46,11534900,13300100.0,2026-05-22,16:14:24
002302,西部建设,5.31,5.41,5.39,5.42,5.27,90029.0,47980000.0,67.03,67.03,-9.56,0.86,0.71,3858100,5144800.0,2026-05-22,16:14:27
002303,美盈森,3.53,3.47,3.49,3.57,3.46,171510.0,60240000.0,54.06,34.13,22.34,1.2,1.77,8893700,8257300.0,2026-05-22,16:14:27
002304,洋河股份,43.61,44.6,44.6,44.69,43.55,68597.0,300540000.0,656.96,656.95,64.69,1.33,0.46,2626300,4233400.0,2026-05-22,16:14:36
002305,*ST南置,2.38,2.35,2.35,2.38,2.33,226470.0,53410000.0,41.27,41.27,-3.11,16.49,1.31,9900900,12746100.0,2026-05-22,16:14:39
002306,*ST云网,2.17,2.14,2.15,2.17,2.12,102561.0,22030000.0,18.87,17.66,-33.55,27.21,1.26,4889700,5366400.0,2026-05-22,16:14:15
002307,北新路桥,4.14,4.11,4.11,4.15,4.1,84132.0,34740000.0,68.26,52.51,-72.12,1.58,0.66,3875900,4537400.0,2026-05-22,16:14:30
002309,中利集团,3.83,3.77,3.77,3.84,3.71,1764165.0,670690000.0,115.19,92.15,323.05,6.15,7.33,93799600,82616900.0,2026-05-22,16:14:03
002310,东方新能,2.86,2.84,2.83,2.88,2.76,1229767.0,349040000.0,171.58,125.81,-202.27,7.16,2.8,62608300,60368400.0,2026-05-22,16:14:33
002311,海大集团,45.68,45.13,45.46,46.32,44.58,123486.0,563660000.0,751.61,751.05,19.35,3.08,0.75,5920700,6427900.0,2026-05-22,16:14:06
002312,川发龙蟒,9.73,9.73,9.74,9.82,9.65,176049.0,171160000.0,183.67,183.3,45.76,1.89,0.93,8615400,8989600.0,2026-05-22,16:14:30
002313,日海智能,9.91,9.64,9.8,9.98,9.59,93153.0,91610000.0,37.1,37.1,-19.73,48.38,2.49,4615300,4700000.0,2026-05-22,16:14:18
002314,南山控股,2.26,2.22,2.23,2.26,2.2,158370.0,35320000.0,61.2,30.25,-2.6,0.91,1.18,8713700,7123300.0,2026-05-22,16:14:36
002315,焦点科技,29.16,29.65,29.68,29.92,28.99,82493.0,241420000.0,120.26,76.67,24.57,4.53,3.14,3950400,4298900.0,2026-05-22,16:14:42
002316,亚联发展,5.5,5.34,5.38,5.54,5.22,169060.0,91350000.0,21.62,18.74,517.34,27.61,4.96,8879800,8026200.0,2026-05-22,16:14:45
002317,众生药业,23.91,23.98,24.29,24.78,23.59,449842.0,1081440000.0,203.22,182.1,69.37,4.88,5.91,21627700,23356500.0,2026-05-22,16:14:09
002318,久立特材,26.4,26.59,26.91,27.19,26.32,89567.0,237600000.0,257.97,252.04,17.03,2.83,0.94,4258300,4698500.0,2026-05-22,16:14:21
002319,乐通股份,12.36,11.64,11.73,12.6,11.6,131237.0,160350000.0,25.89,25.89,-672.01,14.49,6.27,7851100,5272600.0,2026-05-22,16:14:12
002320,海峡股份,7.93,7.93,7.98,8.03,7.85,182814.0,144790000.0,177.3,177.3,97.74,4.4,0.82,9232400,9049100.0,2026-05-22,16:14:24
002321,华英农业,1.93,1.92,1.94,1.95,1.9,171724.0,33070000.0,41.16,40.99,-65.26,4.47,0.81,8726600,8445800.0,2026-05-22,16:14:27
002322,理工能科,11.7,11.48,11.56,11.75,11.42,40255.0,46730000.0,42.77,41.11,20.82,1.51,1.15,2042000,1983500.0,2026-05-22,16:14:30
002323,*ST雅博,1.15,1.15,1.13,1.17,1.09,1382717.0,155380000.0,24.39,24.39,-14.33,12.73,6.52,58271800,79999900.0,2026-05-22,16:14:39
002324,普利特,13.6,13.41,13.5,13.68,13.33,169417.0,229100000.0,151.28,105.57,49.43,3.23,2.18,9344300,7597400.0,2026-05-22,16:14:33
002326,永太科技,24.26,22.68,22.7,24.84,22.2,774499.0,1852590000.0,224.44,196.06,467.71,8.07,9.58,46805700,30644300.0,2026-05-22,16:14:48
002327,富安娜,6.97,7.05,7.09,7.1,6.95,54021.0,37790000.0,58.43,34.22,16.94,1.55,1.1,2600400,2801700.0,2026-05-22,16:14:36
002328,新朋股份,10.15,9.6,9.69,10.54,9.54,824621.0,826580000.0,78.33,57.94,38.18,2.29,14.45,45723200,36738900.0,2026-05-22,16:14:51
002329,皇氏集团,4.35,4.48,4.49,4.51,4.3,413041.0,181840000.0,36.21,28.34,-8.04,7.27,6.34,18073000,23231200.0,2026-05-22,16:14:15
002330,得利斯,4.32,4.29,4.31,4.37,4.26,107866.0,46510000.0,27.45,27.44,691.55,1.19,1.7,5620900,5165700.0,2026-05-22,16:14:18
002331,皖通科技,9.46,9.24,9.47,9.52,9.18,159270.0,149350000.0,40.53,38.16,-11.95,2.81,3.95,8093000,7834000.0,2026-05-22,16:14:42
002332,仙琚制药,8.56,8.58,8.55,8.62,8.53,76227.0,65420000.0,84.68,84.28,21.19,1.39,0.77,3158100,4464500.0,2026-05-22,16:14:54
002333,罗普斯金,5.32,5.17,5.22,5.37,5.17,70054.0,37060000.0,35.91,35.46,72.04,1.86,1.05,4273700,2731700.0,2026-05-22,16:14:57
002334,英威腾,9.06,8.76,8.89,9.12,8.65,392961.0,351100000.0,74.54,66.59,52.05,2.44,5.35,21939200,17356900.0,2026-05-22,16:14:39
002335,科华数据,64.09,62.22,63.1,64.34,62.5,211506.0,1345050000.0,330.33,291.6,77.35,5.09,4.65,11663600,9487000.0,2026-05-22,16:14:42
002336,人乐退,0.36,0.36,0.0,0.0,0.0,0.0,0.0,1.58,1.58,4.55,-0.33,0.0,0,0.0,2026-05-22,09:00:00
002337,赛象科技,5.71,5.55,5.58,5.77,5.53,98213.0,55570000.0,33.61,33.57,66.91,2.52,1.67,5701800,4119500.0,2026-05-22,16:14:45
002338,奥普光电,65.2,62.61,62.72,65.55,62.5,76324.0,489320000.0,156.48,156.48,159.99,10.83,3.18,4193300,3439100.0,2026-05-22,16:15:00
002339,积成电子,9.23,8.97,8.98,9.28,8.92,146733.0,134080000.0,46.53,44.19,571.29,2.66,3.07,8544000,6129400.0,2026-05-22,16:14:33
002340,格林美,8.27,8.07,8.12,8.3,8.05,1060658.0,868700000.0,421.97,419.78,26.51,1.93,2.09,60573400,45492400.0,2026-05-22,16:14:48
002342,巨力索具,13.17,12.79,12.64,13.6,12.36,2657473.0,3497180000.0,126.43,125.73,833.88,5.17,27.84,142290500,123456800.0,2026-05-22,16:14:45
002343,慈文传媒,5.53,5.47,5.5,5.56,5.38,126598.0,69330000.0,26.19,26.19,-78.81,2.74,2.67,7341300,5318600.0,2026-05-22,16:14:36
002344,海宁皮城,4.2,4.07,4.13,4.22,4.05,113264.0,46720000.0,53.87,53.81,111.95,0.64,0.88,6495200,4831200.0,2026-05-22,16:14:21
002345,潮宏基,9.23,9.21,9.25,9.32,9.2,108116.0,100120000.0,82.01,80.05,14.35,2.21,1.25,5249800,5561800.0,2026-05-22,16:14:03
002346,柘中股份,20.35,20.35,20.34,20.7,20.04,53663.0,109170000.0,89.86,79.8,32.22,3.11,1.37,2335000,3031300.0,2026-05-22,16:14:24
002347,泰尔股份,8.18,8.06,8.12,8.24,7.91,157539.0,127540000.0,41.28,40.36,-44.23,3.74,3.19,8301100,7452800.0,2026-05-22,16:14:51
002348,高乐股份,12.98,13.31,13.34,13.55,12.43,465636.0,598540000.0,122.95,117.28,-290.0,30.9,5.15,23469100,23094500.0,2026-05-22,16:14:06
002349,精华制药,7.05,7.06,7.09,7.12,6.98,99358.0,69790000.0,58.59,57.4,26.28,2.07,1.22,4408100,5527700.0,2026-05-22,16:14:27
002350,北京科锐,16.02,15.79,15.96,16.22,15.64,163465.0,260740000.0,86.88,84.99,432.87,4.85,3.08,7851000,8495500.0,2026-05-22,16:14:54
002351,漫步者,11.02,10.97,11.03,11.11,10.7,117377.0,127650000.0,97.98,57.42,22.73,3.38,2.25,5318500,6419200.0,2026-05-22,16:14:48
002352,顺丰控股,35.15,35.48,35.4,35.45,35.0,217439.0,764280000.0,1771.36,1676.66,15.53,1.8,0.46,8360300,13383600.0,2026-05-22,16:14:57
002353,杰瑞股份,133.25,132.98,133.2,136.5,131.23,183946.0,2464330000.0,1364.29,920.81,48.67,5.81,2.66,9148100,9246500.0,2026-05-22,16:15:00
002354,天娱数科,6.76,6.8,6.77,6.86,6.58,1710910.0,1149700000.0,111.85,109.9,-468.94,8.13,10.52,78065100,93025900.0,2026-05-22,16:14:51
002355,兴民智通,6.21,6.2,6.31,6.6,6.09,286944.0,179390000.0,41.51,38.39,-6.62,5.07,4.64,13027000,15667400.0,2026-05-22,16:14:09
002356,赫美集团,2.99,3.0,3.0,3.02,2.95,204220.0,60970000.0,39.21,39.21,107.36,6.54,1.56,8662100,11759900.0,2026-05-22,16:14:30
002357,富临运业,11.01,10.93,11.01,11.09,10.86,65924.0,72250000.0,34.52,34.51,20.22,1.95,2.1,3564300,3028100.0,2026-05-22,16:14:54
002358,森源电气,6.71,6.61,6.69,6.74,6.6,188552.0,125970000.0,62.39,62.39,63.34,1.86,2.03,10048400,8806800.0,2026-05-22,16:14:03
002360,ST同德,6.15,6.07,6.09,6.18,6.07,76877.0,47080000.0,24.71,20.02,-2.22,2.69,2.36,3536000,4151700.0,2026-05-22,16:14:06
002361,神剑股份,17.36,17.3,17.09,17.7,16.69,958201.0,1657370000.0,165.1,140.45,-4302.63,7.53,11.84,49749800,46070300.0,2026-05-22,16:14:33
002362,汉王科技,17.85,17.7,17.9,18.05,17.43,44854.0,79530000.0,43.64,37.06,-19.44,4.81,2.16,2149400,2336000.0,2026-05-22,16:14:39
002363,隆基机械,7.84,7.7,7.8,7.88,7.63,66034.0,51310000.0,32.68,32.6,49.74,1.5,1.59,3388000,3215400.0,2026-05-22,16:14:09
002364,中恒电气,52.09,49.17,49.68,52.56,49.0,456418.0,2330270000.0,293.56,290.72,224.06,11.74,8.18,26630900,19010900.0,2026-05-22,16:14:12
002365,永安药业,12.29,12.24,12.26,12.36,12.04,58350.0,71170000.0,36.22,30.15,104.68,1.81,2.38,3285300,2549700.0,2026-05-22,16:14:57
002366,融发核电,7.11,7.09,7.12,7.16,7.06,309745.0,220190000.0,147.95,131.56,-199.52,3.19,1.67,14536700,16437800.0,2026-05-22,16:14:12
002367,康力电梯,6.09,6.06,6.06,6.12,6.01,64713.0,39300000.0,48.58,48.39,16.31,1.33,0.81,2708800,3762500.0,2026-05-22,16:14:36
002368,太极股份,16.13,16.18,16.3,16.38,15.8,116695.0,186920000.0,100.53,100.04,-11.36,2.53,1.88,5894400,5775100.0,2026-05-22,16:14:15
002369,卓翼科技,7.0,6.78,6.81,7.05,6.62,197172.0,135020000.0,39.69,39.63,-16.07,21.22,3.48,10476400,9240800.0,2026-05-22,16:14:39
002370,亚太药业,6.12,6.05,6.1,6.14,6.0,141417.0,85860000.0,45.63,45.63,44.95,4.08,1.9,6718000,7423700.0,2026-05-22,16:14:15
002371,北方华创,669.0,662.99,663.03,673.0,637.0,198563.0,12983360000.0,4849.13,4845.25,86.96,12.34,2.74,9693700,10162600.0,2026-05-22,16:15:00
002372,伟星新材,9.87,9.9,9.9,9.96,9.83,53500.0,52870000.0,157.13,145.17,21.05,3.53,0.36,2272100,3077900.0,2026-05-22,16:14:03
002373,千方科技,8.52,8.47,8.55,8.61,8.39,215976.0,183750000.0,134.63,117.37,262.98,1.17,1.57,10563200,11034400.0,2026-05-22,16:14:18
002374,中锐股份,3.68,3.69,3.66,3.88,3.51,825721.0,303930000.0,39.94,39.94,-12.32,7.46,7.61,44282900,38289300.0,2026-05-22,16:14:42
002375,亚厦股份,4.44,4.44,4.52,4.52,4.35,316126.0,139800000.0,59.5,59.1,18.09,0.71,2.38,15093700,16518900.0,2026-05-22,16:14:42
002376,新北洋,6.95,6.82,6.84,7.0,6.75,104353.0,71710000.0,56.33,54.71,70.6,1.48,1.33,5288300,5147000.0,2026-05-22,16:14:45
002377,国创高新,3.18,3.08,3.12,3.23,3.08,279595.0,88160000.0,29.14,27.74,128.83,7.33,3.2,15410300,12549200.0,2026-05-22,16:14:45
002378,章源钨业,29.05,28.1,28.11,29.28,28.01,469833.0,1355210000.0,349.01,347.18,55.47,12.83,3.93,24453900,22529400.0,2026-05-22,16:14:48
002379,宏桥控股,20.94,20.66,20.87,21.26,20.48,233155.0,485700000.0,2728.72,237.96,13.85,5.57,2.05,12264100,11051400.0,2026-05-22,16:14:48
002380,科远智慧,50.66,47.35,47.23,51.06,47.23,185523.0,921370000.0,121.58,72.04,78.83,5.1,13.05,9443400,9108900.0,2026-05-22,16:14:18
002381,双箭股份,6.27,6.14,6.2,6.3,6.06,51857.0,32080000.0,25.81,20.09,45.53,1.2,1.62,2770900,2414800.0,2026-05-22,16:14:21
002382,蓝帆医疗,6.89,6.59,6.65,7.0,6.56,240169.0,163720000.0,69.39,68.72,-8.25,1.0,2.41,13960100,10056800.0,2026-05-22,16:14:51
002383,合众思壮,8.62,8.5,8.55,8.66,8.43,92993.0,79800000.0,63.82,63.82,-39.77,4.25,1.26,4642000,4657300.0,2026-05-22,16:14:51
002384,东山精密,220.55,206.97,210.92,221.73,210.92,843617.0,18374460000.0,4039.61,3057.53,198.01,17.84,6.09,49432200,34929500.0,2026-05-22,16:14:54
002385,大北农,3.46,3.46,3.48,3.51,3.43,565640.0,195990000.0,148.78,119.84,-15.65,2.01,1.63,28414000,28150000.0,2026-05-22,16:14:21
002386,天原股份,6.2,6.07,6.1,6.2,6.02,215236.0,132000000.0,80.7,80.69,52.75,1.05,1.65,12008200,9515300.0,2026-05-22,16:14:06
002387,维信诺,8.64,8.64,8.56,8.73,8.41,387656.0,331800000.0,120.68,120.53,-4.86,4.63,2.78,18784900,19980700.0,2026-05-22,16:14:24
002388,新亚制程,5.32,5.11,5.23,5.37,5.1,189410.0,99770000.0,27.17,26.93,-87.37,2.83,3.74,10185900,8755100.0,2026-05-22,16:14:57
002389,航天彩虹,20.36,20.56,20.63,20.8,20.22,183981.0,374850000.0,200.53,200.5,126.19,2.49,1.87,7985100,10413100.0,2026-05-22,16:14:09
002390,信邦制药,3.06,3.06,3.08,3.1,3.03,240149.0,73510000.0,59.48,58.99,46.58,0.88,1.25,12109700,11905200.0,2026-05-22,16:14:54
002391,长青股份,5.97,5.91,5.95,6.03,5.86,72384.0,43010000.0,38.78,27.71,71.06,0.91,1.56,3745700,3492700.0,2026-05-22,16:14:24
002392,北京利尔,9.14,8.96,9.0,9.27,8.9,343883.0,313340000.0,108.81,105.8,26.87,1.83,2.97,16808100,17580200.0,2026-05-22,16:14:57
002393,力生制药,15.18,15.05,15.1,15.26,14.95,19545.0,29520000.0,46.9,45.57,11.36,1.05,0.65,1194400,760100.0,2026-05-22,16:14:27
002394,联发股份,11.9,11.65,11.87,12.03,11.61,62659.0,73960000.0,38.52,38.45,15.92,0.89,1.94,2889500,3376400.0,2026-05-22,16:14:27
002395,双象股份,16.18,16.16,16.17,16.36,15.99,70272.0,113790000.0,43.4,43.39,26.42,2.8,2.62,3445500,3581700.0,2026-05-22,16:15:00
002396,星网锐捷,31.68,30.7,31.11,31.99,30.6,247599.0,775990000.0,185.55,184.78,45.93,2.64,4.24,12997800,11762000.0,2026-05-22,16:14:03
002397,梦洁股份,5.28,5.22,5.26,5.33,5.2,153477.0,80860000.0,39.48,34.21,70.62,3.22,2.37,6914100,8433600.0,2026-05-22,16:15:00
002398,垒知集团,4.75,4.71,4.76,4.78,4.63,122492.0,57580000.0,33.16,28.95,73.25,0.91,2.01,5893500,6355700.0,2026-05-22,16:14:30
002399,海普瑞,10.19,10.2,10.27,10.27,10.04,37320.0,37870000.0,149.52,127.09,39.3,1.23,0.3,2072800,1659200.0,2026-05-22,16:14:33
002400,省广集团,8.37,8.37,8.42,8.46,8.2,710345.0,590100000.0,145.92,144.48,183.34,2.91,4.12,33417900,37616600.0,2026-05-22,16:14:03
002401,中远海科,14.12,14.0,14.14,14.28,13.84,51754.0,72650000.0,52.48,52.43,148.51,3.16,1.39,2878100,2297300.0,2026-05-22,16:14:36
002402,和而泰,30.92,30.3,30.5,31.12,30.0,328302.0,1005980000.0,285.9,253.1,43.06,4.14,4.01,18276200,14554000.0,2026-05-22,16:14:30
002403,爱仕达,11.39,11.38,11.37,11.53,11.2,50836.0,57680000.0,38.8,33.85,-16.63,2.81,1.71,2474000,2609600.0,2026-05-22,16:14:39
002404,嘉欣丝绸,6.5,6.49,6.54,6.56,6.37,69151.0,44680000.0,36.4,29.61,19.62,1.91,1.52,3319700,3595400.0,2026-05-22,16:14:42
002405,四维图新,9.46,9.53,9.63,9.69,9.35,968269.0,918890000.0,224.26,222.84,201.04,2.54,4.11,42969600,53857300.0,2026-05-22,16:14:12
002406,远东传动,8.14,8.05,8.04,8.14,7.81,307485.0,247510000.0,59.44,49.02,34.39,1.44,5.11,15247600,15500900.0,2026-05-22,16:14:45
002407,多氟多,42.7,40.81,41.02,43.4,40.24,2390167.0,10071870000.0,508.31,460.63,97.08,5.95,22.16,123519900,115496900.0,2026-05-22,16:14:06
002408,齐翔腾达,5.57,5.5,5.53,5.62,5.42,285877.0,157880000.0,158.35,153.24,-23.58,1.44,1.04,14053200,14534500.0,2026-05-22,16:14:33
002409,雅克科技,116.5,113.9,114.75,118.18,110.32,345053.0,3928010000.0,554.46,371.08,55.07,6.84,10.83,17770100,16735300.0,2026-05-22,16:14:48
002410,广联达,9.92,10.07,10.08,10.18,9.88,331447.0,330440000.0,163.87,155.76,40.02,2.87,2.11,13070400,20074300.0,2026-05-22,16:14:51
002412,汉森制药,6.93,6.84,6.84,6.98,6.8,82247.0,56630000.0,34.87,34.5,15.48,1.44,1.65,4215800,4008900.0,2026-05-22,16:14:36
002413,雷科防务,11.48,11.39,11.35,11.5,11.12,530449.0,602040000.0,151.46,148.72,-229.85,4.61,4.09,28955100,24089700.0,2026-05-22,16:14:06
002414,高德红外,13.95,13.67,13.75,14.05,13.71,505985.0,704930000.0,595.77,474.11,61.51,8.04,1.49,26778000,23820500.0,2026-05-22,16:14:39
002415,海康威视,31.83,31.63,31.8,31.94,31.29,418305.0,1322990000.0,2917.18,2879.47,19.53,3.68,0.46,19111900,22718500.0,2026-05-22,16:14:54
002416,爱施德,11.99,11.86,11.9,12.01,11.72,198439.0,235590000.0,148.59,146.75,39.49,2.48,1.62,9783300,10060600.0,2026-05-22,16:14:09
002418,康盛股份,5.6,5.4,5.48,5.64,5.39,717763.0,396150000.0,63.64,63.64,366.46,4.37,6.32,38669500,33106800.0,2026-05-22,16:14:42
002419,天虹股份,4.94,4.91,4.93,4.97,4.87,98410.0,48400000.0,57.74,57.73,71.94,1.42,0.84,4912700,4928300.0,2026-05-22,16:14:09
002420,毅昌科技,6.72,6.55,6.55,6.79,6.47,112068.0,74410000.0,27.64,26.85,14.69,3.48,2.8,5792500,5414300.0,2026-05-22,16:14:12
002421,达实智能,4.36,3.96,3.86,4.36,3.71,6475560.0,2694160000.0,92.46,87.35,-14.72,3.4,32.32,359795000,287761000.0,2026-05-22,16:14:57
002422,科伦药业,34.72,32.39,33.57,35.57,33.57,387218.0,1346310000.0,552.32,450.88,35.15,2.32,2.98,22532600,16189200.0,2026-05-22,16:14:15
002423,中粮资本,9.28,9.33,9.35,9.4,9.25,106261.0,98780000.0,213.82,213.82,21.15,0.9,0.46,4943500,5682600.0,2026-05-22,16:14:18
002424,ST百灵,4.72,4.75,4.73,4.79,4.69,74121.0,34990000.0,65.97,57.26,-65.74,2.07,0.61,3299400,4112700.0,2026-05-22,16:14:15
002425,凯撒文化,3.34,3.27,3.28,3.37,3.22,183410.0,60330000.0,31.95,30.73,-5.81,1.29,1.99,9697600,8643400.0,2026-05-22,16:14:18
002426,胜利精密,3.66,3.54,3.57,3.7,3.47,1418238.0,510840000.0,124.54,124.54,-16.32,7.59,4.17,80875400,60948400.0,2026-05-22,16:14:12
002427,尤夫股份,4.98,4.85,4.88,5.0,4.8,159519.0,78780000.0,49.07,49.03,386.21,5.18,1.62,8765800,7186100.0,2026-05-22,16:14:21
002428,云南锗业,87.1,83.8,86.11,87.95,84.22,825636.0,7138310000.0,568.87,568.79,2985.6,38.72,12.64,44220800,38342800.0,2026-05-22,16:14:21
002429,兆驰股份,12.39,12.21,12.27,12.55,12.18,1375101.0,1700840000.0,560.89,560.56,47.6,3.32,3.04,69588300,67921800.0,2026-05-22,16:14:45
002430,杭氧股份,27.37,27.32,27.55,27.67,27.15,120701.0,330720000.0,267.78,267.66,27.11,2.66,1.23,5662500,6407500.0,2026-05-22,16:14:24
002431,ST棕榈,1.68,1.6,1.62,1.68,1.61,306526.0,51170000.0,30.28,30.28,-2.62,10.19,1.7,16416300,14236300.0,2026-05-22,16:15:00
002432,九安医疗,79.87,72.61,73.78,79.87,73.0,359914.0,2778800000.0,371.48,370.99,16.19,1.72,7.75,19960100,16031300.0,2026-05-22,16:14:48
002434,万里扬,7.66,7.87,7.8,7.87,7.6,362247.0,278640000.0,100.55,100.45,49.23,1.7,2.76,16446400,19778300.0,2026-05-22,16:14:15
002436,兴森科技,35.42,33.29,35.57,35.99,34.51,1890061.0,6659700000.0,602.02,537.65,417.15,11.28,12.45,96451600,92554500.0,2026-05-22,16:14:51
002437,誉衡药业,3.11,3.06,3.1,3.12,3.06,416755.0,128920000.0,69.35,65.31,16.85,2.9,1.98,23429500,18245900.0,2026-05-22,16:14:03
002438,江苏神通,16.14,16.22,16.32,16.33,16.0,66738.0,107750000.0,81.92,75.68,29.11,2.15,1.42,3170300,3503600.0,2026-05-22,16:14:24
002439,启明星辰,15.3,15.07,15.41,15.67,15.11,334693.0,512190000.0,185.34,111.48,-35.29,1.7,4.59,15503200,17966100.0,2026-05-22,16:14:06
002440,闰土股份,9.59,9.37,9.47,9.68,9.33,228108.0,217670000.0,107.79,90.76,13.39,1.06,2.41,13238400,9572400.0,2026-05-22,16:14:27
002441,众业达,10.19,10.05,10.2,10.23,9.99,69609.0,70450000.0,55.49,40.61,30.02,1.22,1.75,3424900,3536000.0,2026-05-22,16:14:30
002442,龙星科技,8.11,7.37,7.49,8.11,6.95,939762.0,716560000.0,40.82,39.95,205.95,2.22,19.08,37958900,56017400.0,2026-05-22,16:14:33
002443,金洲管道,12.47,12.67,12.61,12.83,12.22,322882.0,402090000.0,64.91,64.73,42.87,1.86,6.22,16395500,15892700.0,2026-05-22,16:14:09
002444,巨星科技,32.44,32.46,33.0,33.33,32.3,124443.0,407210000.0,387.49,372.0,15.11,2.03,1.09,6306700,6137600.0,2026-05-22,16:14:12
002445,中南文化,3.68,3.53,3.54,3.72,3.54,1102522.0,403740000.0,87.46,87.08,166.77,3.83,4.66,65387800,44864400.0,2026-05-22,16:14:15
002446,盛路通信,10.42,10.09,10.24,10.46,10.07,296420.0,305850000.0,95.39,88.34,137.13,3.75,3.5,16324400,13317600.0,2026-05-22,16:14:36
002448,中原内配,14.13,13.9,13.93,14.28,13.76,165891.0,233110000.0,83.14,82.03,16.74,2.11,2.86,9460500,7128600.0,2026-05-22,16:14:54
002449,国星光电,8.92,8.43,8.44,9.07,8.09,679926.0,582690000.0,55.17,55.17,-87.2,1.47,10.99,37138400,30854300.0,2026-05-22,16:14:18
002451,摩恩电气,9.0,8.82,8.91,9.03,8.75,101574.0,90740000.0,39.66,39.52,297.25,5.14,2.31,5370400,4787000.0,2026-05-22,16:14:57
002452,长高电新,11.54,11.28,11.39,11.58,11.25,176373.0,201770000.0,71.59,59.46,19.57,2.58,3.42,9098100,8539200.0,2026-05-22,16:14:21
002453,华软科技,6.26,5.69,5.7,6.26,5.68,265715.0,162110000.0,50.85,37.73,-18.59,6.82,4.41,13416700,13154800.0,2026-05-22,16:15:00
002454,松芝股份,6.73,6.67,6.67,6.82,6.61,189339.0,127370000.0,59.16,59.05,26.22,1.5,2.16,9895700,9038300.0,2026-05-22,16:14:24
002455,百川股份,9.71,9.61,9.61,9.72,9.39,415727.0,400120000.0,70.15,64.16,-53.36,2.56,6.29,22394500,19178200.0,2026-05-22,16:14:18
002456,欧菲光,8.89,8.64,8.75,8.93,8.45,1022572.0,891340000.0,298.53,294.92,-203.28,7.96,3.08,54600400,47656900.0,2026-05-22,16:14:21
002457,青龙管业,13.4,13.27,13.03,13.66,13.0,472403.0,629560000.0,44.69,44.66,34.73,1.76,14.17,22096400,25143900.0,2026-05-22,16:14:27
002458,益生股份,8.25,8.36,8.43,8.5,8.2,150720.0,124820000.0,118.07,79.73,41.89,2.66,1.56,8493100,6578800.0,2026-05-22,16:14:24
002459,晶澳科技,9.83,9.67,9.77,9.88,9.58,491632.0,479160000.0,325.34,324.96,-8.06,1.57,1.49,26337700,22825400.0,2026-05-22,16:14:27
002460,赣锋锂业,75.9,75.33,75.36,76.45,74.14,358370.0,2706860000.0,1591.39,919.31,41.81,3.43,2.96,17860400,17976600.0,2026-05-22,16:14:30
002461,珠江啤酒,9.4,9.43,9.43,9.48,9.36,88430.0,83240000.0,208.05,208.05,22.47,1.85,0.4,4286600,4556500.0,2026-05-22,16:14:30
002462,嘉事堂,13.69,13.38,13.45,13.72,13.24,87353.0,118690000.0,39.93,39.9,38.65,0.91,3.0,3259600,5475600.0,2026-05-22,16:14:03
002463,沪电股份,114.07,103.7,106.0,114.07,106.0,1016965.0,11400050000.0,2195.12,2193.35,51.03,13.87,5.29,59797200,41899200.0,2026-05-22,16:14:33
002465,海格通信,16.41,16.17,16.5,16.77,16.02,1437107.0,2370180000.0,407.27,406.62,-49.3,3.61,5.8,76096900,67613800.0,2026-05-22,16:14:33
002466,天齐锂业,66.52,65.78,65.78,66.83,64.68,512094.0,3379790000.0,1139.63,981.65,51.0,2.46,3.47,26205400,25004000.0,2026-05-22,16:14:36
002467,二六三,6.34,6.41,6.41,6.47,6.24,498793.0,315640000.0,87.2,86.66,-27.88,5.58,3.65,21766600,28112700.0,2026-05-22,16:14:06
002468,申通快递,15.06,15.2,15.3,15.35,14.96,160344.0,242060000.0,230.54,220.49,14.49,2.02,1.1,7843900,8190600.0,2026-05-22,16:14:39
002469,三维化学,6.71,6.61,6.75,6.75,6.62,58475.0,39160000.0,43.54,42.17,32.5,1.73,0.93,3432100,2415400.0,2026-05-22,16:14:39
002470,金正大,2.48,2.46,2.45,2.49,2.38,983176.0,242190000.0,81.49,81.49,218.87,3.82,2.99,55512800,42804800.0,2026-05-22,16:14:42
002471,中超控股,8.08,8.14,8.02,8.27,7.9,857669.0,691950000.0,110.6,108.56,-1547.66,6.13,6.38,34637600,51129300.0,2026-05-22,16:14:27
002472,双环传动,44.4,44.46,44.9,45.22,43.82,432715.0,1927520000.0,377.37,332.35,29.72,3.66,5.78,19319100,23952400.0,2026-05-22,16:14:42
002474,榕基软件,7.96,7.94,7.99,8.05,7.7,328584.0,258370000.0,49.53,42.1,-75.87,3.76,6.21,14326600,18531800.0,2026-05-22,16:14:30
002475,立讯精密,72.4,67.87,69.5,72.88,68.9,1866377.0,13302100000.0,5279.89,5267.79,30.67,5.98,2.57,104810500,81827300.0,2026-05-22,16:14:36
002476,宝莫股份,5.62,5.55,5.57,5.64,5.42,122778.0,67940000.0,34.39,34.39,114.47,3.57,2.01,5611600,6666200.0,2026-05-22,16:14:33
002478,常宝股份,7.8,7.66,7.67,7.87,7.66,203921.0,158480000.0,70.26,56.37,16.04,1.16,2.82,10048700,10343400.0,2026-05-22,16:14:45
002479,富春环保,5.27,5.14,5.17,5.31,5.15,182521.0,95850000.0,45.59,45.48,21.61,1.09,2.11,11131800,7120300.0,2026-05-22,16:14:09
002480,新筑股份,6.23,6.13,6.18,6.32,6.05,131958.0,81810000.0,47.92,47.82,-25.44,5.94,1.72,6991000,6204800.0,2026-05-22,16:14:39
002481,双塔食品,4.13,4.09,4.1,4.15,4.07,73462.0,30220000.0,50.95,46.18,131.65,2.1,0.66,3677700,3668500.0,2026-05-22,16:14:12
002482,广田集团,1.56,1.55,1.55,1.57,1.53,366868.0,56770000.0,58.52,58.4,-49.8,13.15,0.98,17484300,19202500.0,2026-05-22,16:14:42
002483,润邦股份,6.04,5.92,5.94,6.07,5.86,91550.0,54650000.0,53.54,53.47,14.92,1.16,1.03,5055600,4099400.0,2026-05-22,16:14:36
002484,江海股份,60.5,55.51,58.0,61.06,56.33,582264.0,3445780000.0,514.57,496.39,75.17,8.01,7.1,31036800,27189600.0,2026-05-22,16:14:45
002485,ST雪发,4.71,4.71,4.71,4.76,4.66,38728.0,18240000.0,25.62,25.62,-12.92,2.52,0.71,1182800,2690000.0,2026-05-22,16:14:15
002486,嘉麟杰,2.64,2.61,2.62,2.67,2.56,256536.0,66800000.0,21.76,21.66,56.76,2.02,3.13,13777100,11876500.0,2026-05-22,16:14:48
002487,大金重工,74.92,75.8,75.8,76.44,74.48,146207.0,1098630000.0,477.8,472.69,36.56,5.52,2.32,8285500,6335200.0,2026-05-22,16:14:39
002488,金固股份,11.26,11.43,11.5,11.52,11.19,238353.0,269340000.0,112.09,103.6,196.54,3.23,2.59,11631500,12203800.0,2026-05-22,16:14:18
002489,浙江永强,3.9,3.97,4.01,4.06,3.86,591264.0,232850000.0,84.59,74.61,34.03,1.84,3.09,25945800,33180600.0,2026-05-22,16:14:48
002490,山东墨龙,8.36,8.28,8.24,8.38,8.18,241527.0,200000000.0,66.7,45.29,1254.62,13.24,4.46,12533500,11619200.0,2026-05-22,16:14:21
002491,通鼎互联,22.8,21.74,22.58,22.83,22.02,1212650.0,2720700000.0,280.44,268.23,-178.89,11.13,10.31,67584700,53680300.0,2026-05-22,16:14:51
002492,恒基达鑫,7.06,6.97,7.09,7.12,6.85,97998.0,68370000.0,28.59,28.09,-43.63,1.76,2.46,5379000,4420800.0,2026-05-22,16:14:24
002493,荣盛石化,11.45,11.52,11.62,11.66,11.28,543959.0,621210000.0,1143.79,1069.21,37.19,2.47,0.58,28897900,25497900.0,2026-05-22,16:14:54
002494,华斯股份,5.9,5.75,5.77,5.96,5.67,140836.0,81790000.0,22.26,16.92,80.56,1.77,4.91,7123200,6960400.0,2026-05-22,16:14:45
002495,佳隆股份,2.55,2.47,2.51,2.58,2.47,271605.0,68520000.0,23.86,17.69,121.19,2.15,3.91,15272400,11888100.0,2026-05-22,16:14:51
002496,*ST辉丰,2.63,2.5,2.51,2.63,2.49,397312.0,103200000.0,39.65,31.07,-17.28,3.56,3.36,22588600,17142600.0,2026-05-22,16:14:48
002497,雅化集团,24.21,23.71,24.09,24.73,23.63,463095.0,1117340000.0,279.04,256.53,31.4,2.53,4.37,25630400,20679200.0,2026-05-22,16:14:27
002498,汉缆股份,8.91,8.76,8.77,8.97,8.63,1019800.0,903220000.0,296.42,296.42,51.92,3.36,3.07,52590800,49389200.0,2026-05-22,16:14:30
002500,山西证券,5.16,5.24,5.25,5.28,5.13,378479.0,196020000.0,185.23,185.23,19.92,0.99,1.05,16478400,21369500.0,2026-05-22,16:14:57
002501,*ST利源,1.46,1.39,1.4,1.46,1.38,556871.0,80810000.0,51.83,51.78,-30.43,32.31,1.57,27684900,28002300.0,2026-05-22,16:14:51
002506,协鑫集成,3.83,3.76,3.77,3.85,3.69,2805500.0,1064950000.0,224.07,223.84,-19.4,23.8,4.8,166440200,114109800.0,2026-05-22,16:14:54
002507,涪陵榨菜,11.81,11.84,11.87,11.9,11.8,62432.0,73850000.0,136.28,135.91,17.74,1.51,0.54,2674300,3568800.0,2026-05-22,16:14:42
002508,老板电器,17.36,17.44,17.46,17.56,17.3,39550.0,68780000.0,164.04,162.06,13.42,1.39,0.42,2047500,1907500.0,2026-05-22,16:15:00
002510,天汽模,7.28,7.43,7.38,7.43,7.16,447983.0,326090000.0,73.9,73.15,123.52,2.92,4.46,16178500,28619900.0,2026-05-22,16:14:57
002511,中顺洁柔,7.45,7.39,7.44,7.49,7.32,124554.0,92150000.0,95.84,94.24,27.03,1.74,0.98,7122500,5332900.0,2026-05-22,16:15:00
002512,ST达华,4.8,4.92,4.88,4.92,4.67,547526.0,260540000.0,52.92,52.53,-41.75,17.79,5.0,22216100,32536500.0,2026-05-22,16:14:03
002513,蓝丰生化,6.42,6.16,6.19,6.48,6.08,83171.0,52470000.0,24.11,18.56,-13.16,60.15,2.88,4392600,3924500.0,2026-05-22,16:14:03
002514,*ST宝馨,4.28,4.5,4.28,4.37,4.28,645434.0,276310000.0,30.82,23.71,-15.16,-58.37,11.65,59726400,4817000.0,2026-05-22,16:14:06
002515,金字火腿,6.93,6.85,6.87,7.15,6.85,680754.0,475100000.0,83.9,76.36,604.99,3.19,6.18,34308900,33766500.0,2026-05-22,16:14:06
002516,旷达科技,6.05,5.98,6.01,6.09,5.96,133820.0,80710000.0,88.99,88.17,45.66,2.4,0.92,7255800,6126200.0,2026-05-22,16:14:33
002517,恺英网络,16.46,16.51,16.68,16.76,16.3,409074.0,672710000.0,351.66,310.94,16.23,3.4,2.17,18459400,22448100.0,2026-05-22,16:14:45
002518,科士达,62.4,60.74,61.5,62.8,59.75,153493.0,948850000.0,363.31,352.65,56.9,7.3,2.72,8234700,7114700.0,2026-05-22,16:14:54
002519,银河电子,7.41,7.41,7.43,7.5,7.25,381093.0,280400000.0,83.47,82.81,-126.88,3.76,3.41,18708700,19400600.0,2026-05-22,16:14:48
002520,日发精机,6.53,6.44,6.47,6.6,6.3,335940.0,217350000.0,48.99,46.85,-38.67,16.55,4.68,17517900,16076100.0,2026-05-22,16:14:57
002521,齐峰新材,7.95,7.95,8.03,8.05,7.8,71811.0,56810000.0,44.52,33.32,25.15,1.12,1.71,3219100,3962000.0,2026-05-22,16:14:09
002522,浙江众成,6.81,6.54,6.56,6.85,6.49,503949.0,339370000.0,61.68,61.63,104.62,2.65,5.57,27492300,22902600.0,2026-05-22,16:14:09
002523,天桥起重,3.66,3.56,3.59,3.67,3.54,165098.0,59650000.0,51.85,51.66,45.2,2.1,1.17,9303100,7206700.0,2026-05-22,16:14:36
002524,光正眼科,4.12,4.05,4.06,4.14,3.99,138943.0,56570000.0,21.23,21.04,-88.81,23.06,2.72,7500200,6394100.0,2026-05-22,16:14:12
002526,山东矿机,3.09,3.09,3.09,3.12,3.04,189742.0,58380000.0,55.09,54.73,69.23,1.7,1.07,9383200,9591000.0,2026-05-22,16:14:51
002527,新时达,14.0,14.04,14.04,14.12,13.63,166988.0,232330000.0,92.83,74.04,1515.09,7.46,3.16,7243600,9455300.0,2026-05-22,16:14:39
002528,*ST英飞,4.56,4.56,4.55,4.61,4.43,116338.0,52710000.0,54.66,47.89,-17.37,-41.71,1.11,5906600,5727100.0,2026-05-22,16:14:54
002529,*ST海源,8.68,8.5,8.61,8.68,8.49,42960.0,36920000.0,22.57,22.57,-12.36,28.32,1.65,2099500,2196500.0,2026-05-22,16:14:42
002530,金财互联,8.45,8.33,8.37,8.5,8.26,131829.0,110500000.0,65.84,58.74,97.79,4.96,1.9,6822100,6360800.0,2026-05-22,16:14:15
002531,天顺风能,11.63,11.23,11.31,11.79,11.11,486607.0,561940000.0,208.98,207.8,-90.95,2.41,2.72,25899800,22760900.0,2026-05-22,16:14:18
002532,天山铝业,15.82,15.4,15.6,16.13,15.37,742517.0,1174290000.0,732.27,649.7,12.25,2.43,1.81,37059800,37191900.0,2026-05-22,16:14:12
002533,金杯电工,13.28,13.2,13.22,13.35,13.03,114138.0,150330000.0,97.47,84.68,16.38,2.33,1.79,5474300,5939500.0,2026-05-22,16:15:00
002534,西子洁能,18.53,18.31,18.59,18.79,18.3,119048.0,220890000.0,154.9,152.94,34.96,2.73,1.44,5766300,6138400.0,2026-05-22,16:14:45
002535,林州重机,3.14,3.05,3.1,3.17,3.01,150499.0,46450000.0,25.17,23.43,-38.52,4.23,2.02,8589600,6460400.0,2026-05-22,16:14:48
002536,飞龙股份,46.68,44.58,44.7,47.76,44.7,339138.0,1567740000.0,268.31,254.13,106.42,7.64,6.23,18666900,15246800.0,2026-05-22,16:14:21
002537,海联金汇,6.78,6.79,6.8,6.88,6.71,174891.0,118590000.0,79.6,79.27,26.38,1.81,1.5,8694300,8794800.0,2026-05-22,16:14:51
002538,ST司特,6.49,6.47,6.51,6.56,6.42,93748.0,60730000.0,55.4,55.36,28.25,1.05,1.1,3690600,5684200.0,2026-05-22,16:14:24
002539,云图控股,12.9,12.87,13.08,13.18,12.76,153577.0,198970000.0,155.8,114.78,17.77,1.6,1.73,7243000,8114700.0,2026-05-22,16:14:03
002540,亚太科技,5.6,5.55,5.58,5.67,5.53,97564.0,54680000.0,70.06,48.06,18.86,1.25,1.14,5431800,4324600.0,2026-05-22,16:14:27
002541,鸿路钢构,17.85,17.74,17.73,18.04,17.35,87165.0,155040000.0,123.17,88.57,19.18,1.25,1.76,4701000,4015600.0,2026-05-22,16:14:15
002542,*ST中岩,1.66,1.67,1.66,1.68,1.63,223727.0,37140000.0,29.98,29.2,-3.18,-18.54,1.27,8765200,13607500.0,2026-05-22,16:14:54
002543,万和电气,7.86,7.82,7.93,7.93,7.79,31167.0,24500000.0,58.45,52.0,50.39,1.21,0.47,1750800,1366000.0,2026-05-22,16:14:06
002544,普天科技,23.98,23.5,23.69,24.32,23.05,142711.0,337110000.0,163.19,163.18,654.3,4.38,2.1,8027400,6243700.0,2026-05-22,16:14:09
002545,东方铁塔,23.16,22.88,22.98,23.5,22.62,140441.0,323180000.0,288.12,261.75,20.55,2.82,1.24,7638100,6406000.0,2026-05-22,16:14:18
002546,新联电子,7.91,7.8,7.86,7.96,7.77,132718.0,104560000.0,65.97,63.38,11.74,1.74,1.66,6948100,6323700.0,2026-05-22,16:14:30
002547,*ST春兴,3.35,3.23,3.23,3.38,3.19,496628.0,164170000.0,37.79,37.01,-8.56,-8.65,4.5,30939000,18723800.0,2026-05-22,16:14:57
002548,金新农,4.37,4.34,4.39,4.49,4.34,196315.0,86250000.0,36.19,35.16,-8.02,3.46,2.44,9879700,9751800.0,2026-05-22,16:15:00
002549,凯美特气,18.03,18.0,17.82,18.15,17.61,211177.0,378610000.0,125.37,124.83,263.73,6.04,3.05,9831400,11286300.0,2026-05-22,16:14:33
002550,千红制药,6.59,6.47,6.54,6.63,6.45,122674.0,80200000.0,84.34,62.03,26.12,2.95,1.3,6808000,5459400.0,2026-05-22,16:14:57
002551,尚荣医疗,3.31,3.27,3.3,3.34,3.23,127304.0,41690000.0,27.99,20.23,-18.01,1.13,2.08,6984200,5746200.0,2026-05-22,16:15:00
002552,宝鼎科技,39.82,36.2,36.92,39.82,36.45,200956.0,790450000.0,154.5,146.74,89.66,9.87,5.45,7092500,13003100.0,2026-05-22,16:14:03
002553,南方精工,20.56,21.1,21.1,21.29,20.3,93535.0,192350000.0,72.66,51.56,28.57,4.62,3.73,4296600,5056900.0,2026-05-22,16:14:36
002554,惠博普,3.25,3.22,3.25,3.27,3.2,202583.0,65670000.0,43.35,43.34,-10.12,2.27,1.52,12308000,7950300.0,2026-05-22,16:14:21
002555,三七互娱,19.69,20.11,20.16,20.2,19.54,389865.0,768920000.0,435.59,312.55,13.51,3.2,2.46,16569700,22416800.0,2026-05-22,16:14:39
002556,辉隆股份,5.43,5.4,5.42,5.44,5.33,97432.0,52370000.0,51.4,51.34,31.08,1.41,1.03,4719900,5023300.0,2026-05-22,16:14:12
002557,洽洽食品,21.24,21.51,21.69,21.7,21.18,51227.0,109320000.0,107.44,107.21,26.24,1.97,1.01,2274900,2847800.0,2026-05-22,16:14:06
002558,巨人网络,27.47,27.42,27.65,27.65,27.16,317867.0,873290000.0,522.08,522.08,20.99,3.2,1.67,14956600,16830100.0,2026-05-22,16:14:15
002559,亚威股份,11.0,10.72,10.89,11.09,10.67,260267.0,284340000.0,60.47,55.44,59.35,3.49,5.16,13316000,12710700.0,2026-05-22,16:14:24
002560,通达股份,9.49,9.18,9.37,9.58,9.24,583939.0,551250000.0,69.78,60.1,40.02,2.59,9.22,33603500,24790400.0,2026-05-22,16:14:03
002561,徐家汇,7.37,7.33,7.37,7.42,7.3,32667.0,24010000.0,30.64,30.54,-134.76,1.41,0.79,1557900,1708800.0,2026-05-22,16:14:42
002562,兄弟科技,5.53,5.42,5.43,5.56,5.35,204993.0,112300000.0,63.2,44.99,57.76,1.72,2.52,11152700,9346600.0,2026-05-22,16:14:45
002563,森马服饰,5.67,5.71,5.77,5.77,5.62,131609.0,74610000.0,152.75,125.14,15.44,1.35,0.6,6762600,6398300.0,2026-05-22,16:14:18
002564,天沃科技,5.78,5.64,5.69,5.8,5.6,137980.0,79180000.0,49.64,49.64,155.91,26.14,1.61,7316200,6481800.0,2026-05-22,16:14:48
002565,顺灏股份,16.6,16.33,16.34,16.65,16.08,554075.0,910740000.0,175.96,175.95,268.25,9.58,5.23,30138500,25269000.0,2026-05-22,16:14:51
002566,益盛药业,7.82,7.63,7.66,7.92,7.55,57586.0,44440000.0,25.88,18.13,77.76,1.15,2.48,2822400,2936200.0,2026-05-22,16:14:06
002567,唐人神,3.91,3.93,3.95,3.96,3.9,152329.0,59670000.0,56.03,55.98,-3.23,1.35,1.06,5168400,10064500.0,2026-05-22,16:14:09
002568,百润股份,17.55,18.13,18.14,18.52,17.52,165526.0,294120000.0,182.8,133.92,27.18,3.63,2.17,6594200,9958400.0,2026-05-22,16:14:54
002569,*ST步森,16.14,15.66,15.97,16.44,15.65,36198.0,58360000.0,23.24,22.6,268.17,58.53,2.59,1781600,1838200.0,2026-05-22,16:14:12
002570,贝因美,4.82,4.79,4.83,4.87,4.79,184063.0,88980000.0,52.06,52.06,34.65,3.2,1.7,9294900,9111400.0,2026-05-22,16:14:21
002571,德力股份,11.85,11.71,11.8,11.95,11.66,71048.0,83840000.0,46.45,35.35,-18.59,5.84,2.38,3897900,3206900.0,2026-05-22,16:14:57
002572,索菲亚,10.12,10.36,10.4,10.42,10.08,86331.0,87810000.0,97.46,65.93,11.46,1.48,1.33,3202500,5430500.0,2026-05-22,16:15:00
002573,清新环境,3.41,3.36,3.39,3.43,3.36,75437.0,25570000.0,48.26,48.18,-11.8,0.88,0.53,4011700,3532000.0,2026-05-22,16:14:15
002574,明牌珠宝,5.33,5.26,5.32,5.39,5.21,60806.0,32250000.0,28.14,28.14,-9.1,1.04,1.15,3320700,2759900.0,2026-05-22,16:14:03
002575,群兴玩具,6.35,6.18,6.23,6.4,6.09,417309.0,260580000.0,39.15,37.1,-319.71,4.64,7.14,21528900,20202000.0,2026-05-22,16:14:18
002576,通达动力,19.65,18.91,18.71,19.68,18.01,160477.0,305870000.0,32.44,31.84,38.03,2.46,9.9,9061300,6986400.0,2026-05-22,16:14:06
002577,雷柏科技,18.94,18.85,18.86,19.19,18.68,40012.0,75730000.0,53.16,53.16,-673.64,4.57,1.43,2393900,1607300.0,2026-05-22,16:14:09
002578,闽发铝业,4.03,3.88,3.93,4.05,3.83,275520.0,109390000.0,37.83,34.7,-178.12,2.51,3.2,14823200,12728800.0,2026-05-22,16:14:12
002579,中京电子,13.46,12.77,12.91,13.52,12.91,586800.0,779990000.0,82.46,78.53,314.39,3.43,10.06,32967100,25712900.0,2026-05-22,16:14:27
002580,圣阳股份,26.08,26.91,26.37,26.88,25.86,725760.0,1907570000.0,118.37,117.97,63.58,4.91,16.04,29228500,43347500.0,2026-05-22,16:14:09
002581,*ST未名,4.39,4.54,4.48,4.58,4.31,109794.0,48490000.0,28.96,17.59,-21.67,1.61,2.74,5560000,5419400.0,2026-05-22,16:14:21
002582,好想你,10.93,10.91,10.95,11.01,10.8,127655.0,139250000.0,48.93,37.63,2.53,0.96,3.71,6575100,6190400.0,2026-05-22,16:14:12
002583,海能达,8.95,8.89,9.01,9.06,8.82,175155.0,156200000.0,162.77,114.8,-51.51,7.99,1.37,8536500,8979100.0,2026-05-22,16:14:15
002584,西陇科学,8.3,8.09,8.01,8.32,7.8,342801.0,277880000.0,48.57,38.88,-67.32,2.22,7.32,18984800,15295300.0,2026-05-22,16:14:18
002585,双星新材,8.98,8.16,8.18,8.98,7.88,898718.0,771390000.0,102.49,79.63,-21.33,1.23,10.13,48846600,41025200.0,2026-05-22,16:14:24
002586,ST围海,4.22,4.24,4.28,4.28,4.18,79664.0,33540000.0,48.29,45.89,18.16,1.51,0.73,3897500,4068900.0,2026-05-22,16:14:21
002587,奥拓电子,7.0,6.77,6.8,7.06,6.68,208748.0,143390000.0,45.82,37.29,365.71,3.4,3.92,10511800,10363000.0,2026-05-22,16:14:15
002588,史丹利,9.47,9.43,9.49,9.55,9.4,88809.0,84190000.0,109.08,81.31,10.04,1.38,1.03,4489000,4391900.0,2026-05-22,16:14:27
002589,瑞康医药,2.93,2.92,2.93,2.95,2.9,234983.0,68710000.0,44.09,40.01,307.13,0.83,1.72,12511000,10987300.0,2026-05-22,16:14:30
002590,万安科技,13.0,13.03,13.13,13.25,12.86,112718.0,146720000.0,67.48,64.34,31.55,2.19,2.28,4878400,6393500.0,2026-05-22,16:14:30
002591,恒大高新,8.64,8.47,8.57,8.75,8.31,179497.0,154320000.0,25.94,19.31,-119.2,4.05,8.03,9954900,7994800.0,2026-05-22,16:14:18
002592,ST八菱,7.43,7.32,7.27,7.5,7.27,22809.0,16890000.0,21.05,19.52,22.35,2.21,0.87,1288300,992600.0,2026-05-22,16:14:24
002593,日上集团,5.0,4.94,4.99,5.03,4.91,109577.0,54520000.0,40.19,28.03,31.39,1.65,1.95,6008900,4948800.0,2026-05-22,16:14:27
002594,比亚迪,93.75,93.51,93.55,94.19,92.61,268592.0,2510620000.0,8547.37,3268.7,31.03,3.69,0.77,12524600,14334600.0,2026-05-22,16:14:21
002595,豪迈科技,56.4,56.08,56.08,57.5,55.79,44689.0,252460000.0,654.24,649.72,27.39,5.58,0.39,2440400,2028500.0,2026-05-22,16:14:33
002596,海南瑞泽,3.84,3.76,3.77,3.86,3.75,199650.0,76120000.0,44.07,44.03,-21.91,8.29,1.74,11242600,8722300.0,2026-05-22,16:14:24
002597,金禾实业,20.28,20.91,21.0,21.1,20.22,82182.0,168300000.0,115.26,115.04,57.33,1.48,1.45,3395600,4822600.0,2026-05-22,16:14:33
002598,ST章鼓,7.77,7.7,7.7,7.8,7.66,40230.0,31110000.0,24.25,22.26,40.76,1.94,1.4,2144500,1878500.0,2026-05-22,16:14:27
002599,盛通股份,6.8,6.84,6.77,6.85,6.64,117287.0,78750000.0,36.22,27.06,373.15,2.93,2.95,5144400,6584300.0,2026-05-22,16:14:36
002600,领益智造,16.31,15.52,15.7,16.47,15.21,3101986.0,4975550000.0,1191.97,1174.27,56.38,4.92,4.31,166684300,143514400.0,2026-05-22,16:14:30
002601,龙佰集团,16.02,16.11,16.15,16.2,15.83,227505.0,362900000.0,381.96,318.41,51.24,1.67,1.14,10491300,12259200.0,2026-05-22,16:14:24
002602,世纪华通,14.41,14.4,14.5,14.57,14.21,853227.0,1226970000.0,1062.12,979.42,16.91,3.29,1.26,45736300,39586400.0,2026-05-22,16:14:36
002603,以岭药业,15.85,16.04,16.08,16.12,15.8,135994.0,216800000.0,264.81,218.18,19.34,2.32,0.99,5459200,8140200.0,2026-05-22,16:14:39
002605,姚记科技,19.38,19.44,19.6,19.63,19.22,49660.0,96170000.0,81.04,65.53,17.38,2.08,1.47,2193300,2772700.0,2026-05-22,16:14:33
002606,大连电瓷,16.45,14.95,15.17,16.45,15.0,401748.0,642380000.0,72.23,69.28,28.76,3.67,9.54,21797800,18377000.0,2026-05-22,16:14:30
002607,中公教育,2.42,2.42,2.43,2.44,2.39,1067067.0,257200000.0,149.25,134.15,265.46,18.55,1.92,47863900,58842800.0,2026-05-22,16:14:42
002608,江苏国信,8.02,8.14,8.1,8.17,7.89,428048.0,343080000.0,303.0,303.0,8.96,0.85,1.13,19141400,23663500.0,2026-05-22,16:14:33
002609,捷顺科技,8.39,8.26,8.31,8.49,8.14,94406.0,78530000.0,53.98,38.5,84.56,2.25,2.06,5218500,4222100.0,2026-05-22,16:14:39
002611,东方精工,19.17,18.69,18.76,19.46,18.45,607555.0,1152300000.0,233.35,192.06,53.02,4.13,6.06,31627000,29128500.0,2026-05-22,16:14:27
002612,朗姿股份,16.5,16.73,16.79,17.0,16.45,79752.0,132740000.0,73.0,41.99,7.68,2.18,3.13,2974100,5001100.0,2026-05-22,16:14:30
002613,北玻股份,4.17,4.05,4.06,4.18,4.01,559060.0,230010000.0,45.89,32.26,434.41,2.08,7.23,29230200,26675800.0,2026-05-22,16:14:36
002614,奥佳华,5.36,5.31,5.33,5.39,5.27,75185.0,40070000.0,33.43,23.65,-59.85,0.77,1.7,3450800,4067700.0,2026-05-22,16:14:33
002615,哈尔斯,8.37,8.08,8.17,8.61,8.15,122715.0,103310000.0,46.86,25.29,156.34,1.97,4.06,6737900,5533500.0,2026-05-22,16:14:42
002616,长青集团,5.57,5.51,5.57,5.6,5.47,109349.0,60610000.0,47.86,32.72,16.03,1.36,1.86,5755100,5179800.0,2026-05-22,16:14:45
002617,露笑科技,9.15,8.89,9.19,9.43,9.02,1868081.0,1712540000.0,174.69,171.8,94.49,2.71,9.95,94926300,91881800.0,2026-05-22,16:14:36
002620,*ST瑞和,8.01,8.43,8.01,8.08,8.01,201483.0,161400000.0,30.24,25.32,-33.17,-41.03,6.37,19371000,777300.0,2026-05-22,16:14:39
002622,皓宸医疗,2.66,2.59,2.64,2.7,2.56,205397.0,54210000.0,22.34,22.34,-19.34,8.35,2.45,11115100,9424600.0,2026-05-22,16:14:39
002623,亚玛顿,21.39,20.5,20.52,21.66,20.16,114454.0,239170000.0,42.58,42.49,-28.11,1.56,5.76,6154900,5290600.0,2026-05-22,16:14:36
002624,完美世界,14.52,14.28,14.41,14.62,14.13,524211.0,754390000.0,281.68,265.39,53.01,3.91,2.87,25323900,27097200.0,2026-05-22,16:14:39
002625,光启技术,38.23,38.08,38.11,38.35,37.65,229643.0,872760000.0,823.7,823.7,115.59,8.42,1.07,10847500,12116800.0,2026-05-22,16:14:42
002626,金达威,15.89,15.91,15.99,16.08,15.83,42689.0,68040000.0,96.92,96.91,34.15,2.2,0.7,2016600,2252300.0,2026-05-22,16:14:42
002627,三峡旅游,6.66,6.69,6.75,6.76,6.6,105904.0,70650000.0,48.26,47.76,78.51,1.56,1.48,5068700,5521700.0,2026-05-22,16:14:45
002628,成都路桥,5.64,5.36,5.38,5.67,5.35,328002.0,182140000.0,42.7,42.51,-61.65,1.51,4.35,19340700,13459500.0,2026-05-22,16:14:48
002629,仁智股份,6.2,6.89,6.45,6.54,6.2,491526.0,306050000.0,26.42,22.46,318.19,41.89,13.57,26924200,22228400.0,2026-05-22,16:14:48
002630,*ST华西,1.82,1.84,1.81,1.88,1.81,222249.0,40570000.0,21.49,19.59,-6.67,-28.22,2.06,8285200,13939700.0,2026-05-22,16:14:45
002631,德尔未来,7.62,7.6,7.61,7.78,7.54,168275.0,128510000.0,60.75,60.47,-30.01,3.0,2.12,9922400,6905100.0,2026-05-22,16:14:51
002632,道明光学,10.59,10.31,10.35,10.66,10.29,94617.0,99300000.0,66.15,60.83,31.32,3.12,1.65,4958400,4503400.0,2026-05-22,16:14:42
002633,申科股份,19.22,19.09,19.28,19.63,19.02,29544.0,56960000.0,28.83,28.72,303.4,6.7,1.98,1668300,1286100.0,2026-05-22,16:14:54
002634,*ST棒杰,4.49,4.28,4.32,4.49,4.25,71499.0,31460000.0,20.62,19.86,-2.07,-2.65,1.62,3790300,3359600.0,2026-05-22,16:14:51
002635,安洁科技,18.9,17.42,17.45,19.16,17.27,801230.0,1484820000.0,124.68,74.76,108.52,2.17,20.26,43966000,36157000.0,2026-05-22,16:14:54
002636,金安国纪,46.27,42.68,43.0,46.9,43.0,492933.0,2237910000.0,336.85,335.14,70.29,8.83,6.81,30431700,18861600.0,2026-05-22,16:14:45
002637,赞宇科技,10.7,11.12,10.21,11.11,10.01,441560.0,453410000.0,50.33,49.75,25.06,1.33,9.5,19890400,24265600.0,2026-05-22,16:14:57
002638,勤上股份,4.34,4.25,4.24,4.41,4.13,381749.0,164690000.0,62.35,58.71,-18.15,3.3,2.82,20816300,17358600.0,2026-05-22,16:14:48
002639,雪人集团,15.77,15.46,15.54,15.93,15.3,295901.0,463960000.0,121.84,103.02,404.0,4.75,4.53,15709200,13880900.0,2026-05-22,16:14:57
002640,跨境通,3.86,3.83,3.85,3.88,3.77,754212.0,288350000.0,60.14,59.76,-23.46,9.34,4.87,39594600,35826600.0,2026-05-22,16:14:48
002641,公元股份,4.16,4.13,4.13,4.19,4.08,104359.0,43090000.0,51.13,47.17,74.18,0.94,0.92,5512700,4923200.0,2026-05-22,16:15:00
002642,荣联科技,8.56,8.69,8.69,8.72,8.4,285800.0,243600000.0,56.63,56.63,283.93,4.77,4.32,12011200,16568800.0,2026-05-22,16:14:45
002643,万润股份,17.31,16.83,16.96,17.36,16.86,313458.0,536840000.0,159.76,157.4,54.63,2.23,3.45,15724000,15621800.0,2026-05-22,16:14:03
002644,佛慈制药,7.63,7.54,7.57,7.7,7.52,28468.0,21640000.0,38.96,38.96,74.23,2.11,0.56,1544800,1302000.0,2026-05-22,16:14:51
002645,华宏科技,29.06,28.43,28.3,29.78,28.3,329816.0,959960000.0,182.38,162.42,46.81,4.27,5.9,16388700,16592900.0,2026-05-22,16:14:54
002646,天佑德酒,7.54,7.77,7.78,7.8,7.48,93093.0,70460000.0,36.12,35.88,-245.31,1.25,1.96,4553100,4756300.0,2026-05-22,16:14:48
002647,仁东控股,11.94,11.63,11.79,12.05,11.55,232920.0,276880000.0,134.96,121.23,-172.33,21.68,2.29,13804200,9487800.0,2026-05-22,16:14:51
002648,卫星化学,24.68,24.85,24.99,25.2,24.37,413377.0,1016810000.0,831.38,830.85,14.19,2.35,1.23,19275100,22062600.0,2026-05-22,16:14:06
002649,博彦科技,10.24,10.26,10.31,10.36,10.11,95486.0,97460000.0,59.94,54.92,136.01,1.44,1.78,4868000,4680500.0,2026-05-22,16:14:54
002650,ST加加,7.83,7.72,7.62,7.88,7.62,50933.0,39740000.0,86.68,86.68,-67.34,4.98,0.46,2476900,2616400.0,2026-05-22,16:14:57
002651,利君股份,8.75,8.87,8.89,8.93,8.71,64813.0,56920000.0,90.43,49.48,219.7,3.23,1.15,2887300,3594000.0,2026-05-22,16:14:51
002652,扬子新材,6.38,5.95,6.01,6.55,6.0,592745.0,376730000.0,32.67,32.67,-121.48,13.91,11.58,29864200,29410200.0,2026-05-22,16:15:00
002653,海思科,51.12,52.15,52.6,52.6,50.15,33835.0,172180000.0,572.5,274.41,74.59,12.6,0.63,1656500,1727000.0,2026-05-22,16:14:03
002654,万润科技,17.75,18.1,18.15,18.46,17.49,1364099.0,2427200000.0,150.04,150.03,524.95,9.59,16.14,62509500,73900500.0,2026-05-22,16:14:54
002655,共达电声,35.1,34.39,35.33,35.64,34.1,446271.0,1555660000.0,127.94,127.69,217.77,15.35,12.27,22111300,22515800.0,2026-05-22,16:14:06
002656,*ST摩登,3.48,3.33,3.32,3.49,3.31,171913.0,58710000.0,24.8,23.55,-49.81,6.01,2.54,10975400,6215900.0,2026-05-22,16:15:00
002657,中科金财,19.52,19.41,19.64,19.79,19.1,82873.0,160750000.0,66.38,65.61,-63.04,3.9,2.47,4183600,4103700.0,2026-05-22,16:14:57
002658,雪迪龙,8.9,9.09,9.11,9.2,8.71,239356.0,212280000.0,56.58,31.91,36.48,2.21,6.68,11013500,12922100.0,2026-05-22,16:15:00
002659,凯文教育,4.63,4.64,4.69,4.69,4.55,147780.0,67900000.0,27.7,27.7,-159.98,1.29,2.47,8449800,6328200.0,2026-05-22,16:14:03
002660,茂硕电源,8.67,8.42,8.51,8.78,8.32,66038.0,56480000.0,30.92,29.74,-11.71,3.1,1.93,3421600,3182200.0,2026-05-22,16:14:06
002661,克明食品,8.18,8.16,8.22,8.26,8.04,25045.0,20420000.0,27.25,25.99,67.4,1.19,0.79,1270700,1233800.0,2026-05-22,16:14:03
002662,峰璟股份,3.73,3.66,3.69,3.77,3.64,178090.0,66140000.0,55.95,55.95,24.67,1.25,1.19,9248300,8560600.0,2026-05-22,16:14:09
002663,普邦股份,2.14,2.03,2.08,2.16,2.03,674124.0,141580000.0,36.88,36.53,-7.86,1.91,3.95,41856000,25556400.0,2026-05-22,16:14:12
002664,信质集团,22.73,22.69,22.75,23.08,22.25,119493.0,271080000.0,92.78,91.51,59.55,2.62,2.97,5544800,6404500.0,2026-05-22,16:14:09
002666,德联集团,4.89,4.76,4.79,4.92,4.72,109787.0,53050000.0,38.53,24.48,78.67,1.09,2.19,6593600,4385100.0,2026-05-22,16:14:12
002667,*ST威领,19.29,18.37,17.7,19.29,17.45,435478.0,806610000.0,50.27,45.64,-13.48,-252.74,18.4,23685100,19862700.0,2026-05-22,16:14:09
002668,TCL智家,9.49,9.49,9.62,9.62,9.38,116891.0,110730000.0,102.88,102.88,9.12,2.84,1.08,5498900,6190200.0,2026-05-22,16:14:12
002669,康达新材,14.69,14.0,14.15,14.82,13.61,307597.0,443990000.0,44.57,44.47,35.39,1.61,10.16,17770300,12989400.0,2026-05-22,16:14:57
002670,国盛证券,11.88,11.94,11.99,12.06,11.8,139018.0,165540000.0,229.89,192.85,112.67,2.03,0.86,7095200,6806600.0,2026-05-22,16:14:06
002671,龙泉股份,4.62,4.49,4.54,4.65,4.44,148261.0,67620000.0,26.02,25.49,47.48,1.59,2.69,7939600,6886500.0,2026-05-22,16:14:15
002672,东江环保,3.86,3.81,3.84,3.91,3.79,94158.0,36290000.0,42.66,34.94,-3.45,1.91,1.04,5445200,3970600.0,2026-05-22,16:14:18
002673,西部证券,6.77,6.84,6.84,6.88,6.74,284423.0,192900000.0,302.59,302.59,17.32,0.99,0.64,12572800,15869500.0,2026-05-22,16:14:09
002674,兴业科技,14.52,14.67,14.79,14.83,14.49,65540.0,95720000.0,42.91,42.48,40.85,1.75,2.24,3094100,3459900.0,2026-05-22,16:14:12
002675,东诚药业,12.69,12.72,12.71,12.79,12.61,75805.0,96180000.0,104.64,94.34,51.21,2.48,1.02,3863300,3717200.0,2026-05-22,16:14:15
002676,顺威股份,5.85,5.8,5.8,5.9,5.75,120765.0,70580000.0,42.12,42.12,50.85,3.13,1.68,5680800,6395700.0,2026-05-22,16:14:15
002677,浙江美大,7.52,7.5,7.6,7.64,7.5,45166.0,34090000.0,48.58,41.47,729.66,3.3,0.82,1952800,2563800.0,2026-05-22,16:14:18
002678,珠江钢琴,6.18,6.06,6.07,6.28,6.0,147786.0,90760000.0,83.94,83.9,-22.83,2.76,1.09,7183500,7595100.0,2026-05-22,16:14:21
002679,福建金森,10.22,10.41,11.0,11.44,10.01,187669.0,198300000.0,24.09,24.09,278.27,3.24,7.96,8167100,10599800.0,2026-05-22,16:14:21
002681,奋达科技,5.84,5.43,5.51,5.96,5.43,1403354.0,807970000.0,104.81,91.65,-75.15,4.92,8.94,86654100,53681300.0,2026-05-22,16:15:00
002682,龙洲股份,5.58,5.41,5.48,5.63,5.38,186477.0,103430000.0,31.38,31.38,-5.33,5.96,3.32,10353200,8294500.0,2026-05-22,16:14:24
002683,广东宏大,36.26,36.0,36.25,37.0,35.84,87678.0,319090000.0,275.53,241.69,28.49,4.12,1.32,3805400,4962400.0,2026-05-22,16:14:24
002685,华东重机,9.09,8.99,9.16,9.22,8.88,699278.0,633240000.0,91.6,91.59,105.9,5.55,6.94,33399400,36528400.0,2026-05-22,16:14:27
002686,亿利达,7.15,6.88,6.93,7.2,6.8,191114.0,134700000.0,40.49,37.38,215.44,2.51,3.66,9915100,9196300.0,2026-05-22,16:14:18
002687,乔治白,4.74,4.56,4.64,4.76,4.5,120233.0,55990000.0,23.93,19.59,29.54,1.53,2.91,6272700,5750600.0,2026-05-22,16:14:03
002688,金河生物,5.64,5.67,5.69,5.72,5.57,81874.0,46080000.0,43.4,42.16,112.04,1.9,1.1,3849300,4338200.0,2026-05-22,16:14:15
002689,ST远智,3.3,3.25,3.28,3.31,3.18,83798.0,27250000.0,34.43,34.42,33.24,2.76,0.8,4223100,4156700.0,2026-05-22,16:14:06
002690,美亚光电,16.02,15.83,16.0,16.05,15.8,42204.0,67320000.0,141.33,69.49,19.45,5.87,0.97,2157300,2063100.0,2026-05-22,16:14:09
002691,*ST冀凯,5.41,5.61,5.51,5.64,5.39,115202.0,63300000.0,18.39,18.18,-28.58,2.26,3.43,4379700,7140500.0,2026-05-22,16:14:12
002692,远程股份,5.2,5.05,5.15,5.21,5.06,139226.0,71590000.0,37.34,37.32,-65.91,3.27,1.94,8096500,5826100.0,2026-05-22,16:14:18
002693,*ST双成,10.55,10.55,0.0,0.0,0.0,0.0,0.0,43.75,43.36,134.48,10.52,0.0,0,0.0,2026-05-22,16:14:21
002694,*ST顾地,2.56,2.5,2.51,2.56,2.49,46149.0,11670000.0,19.53,18.4,-3.97,-25.96,0.64,2779800,1835100.0,2026-05-22,16:14:27
002695,煌上煌,12.06,11.83,11.91,12.1,11.77,75388.0,90300000.0,67.49,61.68,81.47,2.4,1.47,4490900,3047900.0,2026-05-22,16:14:30
002696,百洋股份,6.43,6.24,6.34,6.46,6.17,86060.0,54400000.0,22.23,21.49,131.85,1.63,2.57,4308800,4297200.0,2026-05-22,16:14:21
002697,红旗连锁,4.77,4.81,4.81,4.83,4.75,135558.0,64770000.0,64.87,54.63,13.9,1.32,1.18,6422200,7133600.0,2026-05-22,16:14:33
002698,博实股份,14.23,14.1,14.05,14.35,13.79,204702.0,289180000.0,145.51,119.57,29.57,3.44,2.44,8694300,11775900.0,2026-05-22,16:14:15
002700,万憬能源,7.01,6.86,6.87,7.04,6.77,41150.0,28440000.0,29.0,15.06,37.61,2.07,1.92,2472200,1642800.0,2026-05-22,16:14:36
002701,奥瑞金,5.03,5.05,5.06,5.09,5.01,194772.0,98120000.0,128.76,128.64,14.98,1.26,0.76,8741800,10735400.0,2026-05-22,16:14:39
002702,海欣食品,5.61,5.53,5.56,5.65,5.51,119745.0,66860000.0,31.18,25.74,-81.24,3.01,2.61,5962000,6012600.0,2026-05-22,16:14:30
002703,浙江世宝,21.29,19.92,20.57,21.5,20.38,1377038.0,2889680000.0,175.14,124.77,100.86,8.28,23.5,71982400,65721400.0,2026-05-22,16:14:42
002705,新宝股份,13.02,13.32,13.3,13.35,12.95,130607.0,170750000.0,105.71,105.22,12.72,1.22,1.62,5358300,7702400.0,2026-05-22,16:14:45
002706,良信股份,12.86,12.63,12.64,13.16,12.58,607783.0,784580000.0,144.43,117.59,66.08,3.52,6.65,28479400,32298900.0,2026-05-22,16:14:24
002707,众信旅游,5.66,5.7,5.72,5.75,5.59,146829.0,82830000.0,55.62,48.96,-2769.88,6.18,1.7,6786200,7896700.0,2026-05-22,16:14:24
002708,光洋股份,15.98,15.28,15.4,16.05,15.11,308423.0,485130000.0,89.82,82.56,83.48,5.08,5.97,17112300,13729900.0,2026-05-22,16:14:27
002709,天赐材料,58.08,57.71,57.71,58.89,55.81,1109625.0,6410160000.0,1184.0,876.43,41.3,6.41,7.35,51276100,59686400.0,2026-05-22,16:14:18
002712,思美传媒,5.33,5.3,5.32,5.41,5.21,116769.0,61950000.0,29.01,28.83,-58.38,2.1,2.16,6128500,5548400.0,2026-05-22,16:14:27
002713,*ST东易,13.99,13.55,13.58,14.2,13.3,144067.0,198860000.0,133.1,73.66,347.39,15.33,2.74,7768700,6638100.0,2026-05-22,16:14:21
002714,牧原股份,38.84,39.49,39.8,39.94,38.65,452702.0,1760360000.0,2242.23,1475.99,22.92,2.6,1.19,19345900,25924300.0,2026-05-22,16:14:30
002715,登云股份,17.19,16.6,16.7,17.28,16.39,58826.0,99150000.0,23.72,23.72,-251.73,5.1,4.26,3100200,2782400.0,2026-05-22,16:14:33
002716,湖南白银,10.17,9.88,9.95,10.22,9.78,1075163.0,1080110000.0,287.11,236.44,61.38,7.07,4.62,60369500,47146800.0,2026-05-22,16:14:33
002717,*ST岭南,1.05,1.11,1.05,1.05,1.05,147467.0,15480000.0,19.11,18.04,-0.8,-1.29,0.86,14746700,0.0,2026-05-22,16:14:36
002718,友邦吊顶,80.33,78.62,79.14,83.0,78.31,16186.0,131140000.0,103.99,75.49,935.54,11.3,1.72,807100,811500.0,2026-05-22,16:14:24
002719,ST麦趣,7.5,7.45,7.47,7.61,7.47,58621.0,44070000.0,13.06,12.14,-11.2,11.98,3.62,2534600,3327500.0,2026-05-22,16:14:39
002721,金一文化,2.87,2.81,2.82,2.88,2.78,322218.0,91190000.0,76.32,76.32,91.35,3.55,1.21,17575500,14646300.0,2026-05-22,16:14:30
002722,物产金轮,14.89,14.65,14.71,15.05,14.45,42678.0,63050000.0,33.11,33.11,20.51,1.11,1.92,2720800,1547000.0,2026-05-22,16:14:27
002723,小崧股份,9.15,8.83,8.89,9.32,8.71,147952.0,133410000.0,30.41,29.01,-11.13,4.14,4.67,7910400,6884800.0,2026-05-22,16:14:36
002724,海洋王,5.71,5.56,5.68,5.76,5.58,89595.0,50890000.0,44.05,32.42,58.63,1.6,1.58,5541400,3418100.0,2026-05-22,16:14:42
002725,跃岭股份,16.54,15.04,15.79,16.54,15.05,165697.0,265840000.0,42.34,35.46,1913.21,4.34,7.73,8446900,8122700.0,2026-05-22,16:14:30
002726,ST龙大,1.73,1.77,1.74,1.77,1.7,317903.0,55020000.0,18.67,18.66,-3.05,3.57,2.95,12754800,19035400.0,2026-05-22,16:14:33
002727,一心堂,11.72,11.86,11.87,11.94,11.64,61956.0,72900000.0,68.63,46.05,24.58,0.92,1.58,2652300,3543300.0,2026-05-22,16:14:48
002728,特一药业,9.02,8.97,8.97,9.07,8.9,76330.0,68650000.0,46.3,29.94,61.03,2.51,2.3,4029800,3603200.0,2026-05-22,16:14:36
002729,好利科技,20.85,20.21,20.52,20.85,19.86,123457.0,252090000.0,38.15,36.58,94.17,6.73,7.04,6256000,6089700.0,2026-05-22,16:14:33
002730,电光科技,30.41,30.57,30.58,31.29,30.06,156893.0,478140000.0,110.11,105.23,161.22,6.67,4.53,8290200,7399100.0,2026-05-22,16:14:39
002731,ST萃华,4.35,4.35,0.0,0.0,0.0,0.0,0.0,11.14,9.99,4.07,0.6,0.0,0,0.0,2026-05-22,16:14:51
002732,燕塘乳业,15.24,15.15,15.19,15.36,14.91,18208.0,27520000.0,23.98,23.86,48.96,1.59,1.16,992400,828400.0,2026-05-22,16:14:36
002733,雄韬股份,27.75,25.23,25.5,27.75,25.29,262553.0,709770000.0,106.62,102.36,133.5,3.92,7.12,15682500,10572800.0,2026-05-22,16:14:39
002734,利民股份,16.35,16.46,16.58,16.59,16.25,104914.0,172070000.0,77.8,71.02,15.44,2.0,2.42,4740800,5750600.0,2026-05-22,16:14:54
002735,王子新材,13.34,13.09,13.09,13.45,12.99,113042.0,149580000.0,50.06,38.03,-31.95,3.2,3.97,6262800,5041400.0,2026-05-22,16:14:45
002736,国信证券,10.09,10.22,10.25,10.28,10.07,316555.0,320110000.0,1033.39,969.89,9.53,1.03,0.33,13291800,18363700.0,2026-05-22,16:14:57
002737,葵花药业,12.9,12.83,12.84,13.01,12.79,34973.0,45220000.0,75.34,75.34,-36.81,1.91,0.6,2016000,1481300.0,2026-05-22,16:14:39
002738,中矿资源,68.02,65.39,66.1,68.47,64.92,249549.0,1673340000.0,490.76,483.78,59.09,3.96,3.51,13818500,11136300.0,2026-05-22,16:14:42
002739,儒意电影,9.19,9.31,9.35,9.39,9.1,296560.0,274240000.0,194.07,192.98,-84.7,2.55,1.41,11313800,18342200.0,2026-05-22,16:14:45
002741,光华科技,25.36,23.05,23.9,25.36,23.77,754509.0,1889960000.0,117.93,108.12,98.41,6.09,17.7,31813300,43637500.0,2026-05-22,16:15:00
002742,三圣股份,4.45,4.42,4.44,4.49,4.34,80455.0,35530000.0,30.44,23.32,-8.81,18.99,1.54,4448600,3596900.0,2026-05-22,16:14:42
002743,富煌钢构,5.17,5.0,5.01,5.21,4.92,86978.0,44210000.0,22.5,22.47,-2.37,0.97,2.0,4759300,3938500.0,2026-05-22,16:14:42
002745,木林森,9.84,9.68,9.75,10.07,9.55,544956.0,533020000.0,146.04,104.71,-12.16,1.23,5.12,27459200,27036300.0,2026-05-22,16:14:48
002746,仙坛股份,6.14,6.18,6.2,6.22,6.11,95909.0,59000000.0,52.84,43.57,20.22,1.13,1.35,4107500,5483400.0,2026-05-22,16:14:48
002747,埃斯顿,29.07,28.7,28.35,29.33,27.5,1216899.0,3478160000.0,281.34,227.45,216.12,8.69,15.55,61395800,60294000.0,2026-05-22,16:14:45
002748,世龙实业,11.98,11.64,11.66,12.07,11.55,46780.0,55340000.0,28.75,28.75,39.98,2.01,1.95,2834600,1843400.0,2026-05-22,16:14:48
002749,国光股份,9.9,9.72,9.8,10.03,9.71,20159.0,19890000.0,55.4,53.89,18.86,3.12,0.37,1047700,968200.0,2026-05-22,16:14:51
002750,龙津退,0.59,0.59,0.0,0.0,0.0,0.0,0.0,2.36,2.35,-5.76,0.51,0.0,0,0.0,2026-05-22,09:00:00
002752,昇兴股份,7.13,7.02,7.05,7.21,7.04,203173.0,144890000.0,69.65,69.56,19.04,1.94,2.08,11133200,9184100.0,2026-05-22,16:14:51
002753,永东股份,6.97,6.87,6.87,7.06,6.62,98476.0,67930000.0,29.88,16.92,281.65,1.13,4.06,5368100,4479500.0,2026-05-22,16:14:54
002755,奥赛康,16.65,17.6,17.41,17.77,16.3,353110.0,591100000.0,154.54,154.54,58.02,4.68,3.8,15626900,19684100.0,2026-05-22,16:14:03
002756,永兴材料,67.9,67.85,67.85,68.2,66.9,125558.0,849400000.0,366.05,262.83,38.17,2.77,3.24,6474800,6080900.0,2026-05-22,16:14:57
002757,南兴股份,28.73,26.62,26.64,29.28,26.02,326384.0,909110000.0,84.88,81.03,70.59,4.12,11.57,16257200,16381300.0,2026-05-22,16:15:00
002758,浙农股份,8.55,8.48,8.54,8.62,8.42,39290.0,33430000.0,44.36,44.31,8.2,0.85,0.76,2069500,1859500.0,2026-05-22,16:14:03
002759,天际股份,36.34,36.32,36.84,37.35,35.01,531113.0,1927620000.0,182.2,182.04,60.47,5.23,10.6,25547700,27563600.0,2026-05-22,16:14:06
002760,凤形股份,22.98,22.36,22.36,23.15,21.85,80002.0,180690000.0,24.82,24.82,104.33,2.96,7.41,4211600,3788500.0,2026-05-22,16:14:45
002761,浙江建投,7.91,8.0,8.04,8.09,7.89,107519.0,85350000.0,104.8,85.57,37.44,1.21,0.99,4740000,6011900.0,2026-05-22,16:14:09
002762,*ST金比,9.25,8.81,8.91,9.25,8.8,50184.0,45840000.0,32.75,19.55,-17.73,4.9,2.37,3154500,1863900.0,2026-05-22,16:14:06
002763,汇洁股份,8.25,8.26,8.34,8.38,8.17,70198.0,57770000.0,33.82,25.05,48.66,2.17,2.31,3336500,3683300.0,2026-05-22,16:14:51
002765,蓝黛科技,9.17,9.2,9.3,9.3,8.93,154984.0,140490000.0,59.8,54.64,39.42,2.25,2.6,7662300,7836200.0,2026-05-22,16:14:54
002766,索菱股份,5.36,5.14,5.18,5.55,5.18,1389693.0,743000000.0,46.31,45.92,-62.32,4.34,16.22,75542800,63426400.0,2026-05-22,16:14:09
002767,先锋电子,19.5,19.07,19.12,19.52,18.9,32967.0,63280000.0,29.25,25.39,115.82,3.39,2.53,1917900,1378800.0,2026-05-22,16:14:54
002768,国恩股份,64.14,63.64,63.7,65.08,61.99,48522.0,310760000.0,193.22,113.37,19.58,2.8,2.75,2624800,2227400.0,2026-05-22,16:14:57
002769,普路通,8.45,8.5,8.58,8.68,8.3,115096.0,97780000.0,31.55,31.52,552.63,2.68,3.09,6449000,5060700.0,2026-05-22,16:14:12
002771,真视通,13.91,13.62,13.67,13.96,13.41,77597.0,106290000.0,29.18,24.27,-47.84,4.93,4.45,4359100,3400600.0,2026-05-22,16:14:48
002772,众兴菌业,14.63,14.64,14.87,14.87,14.51,57339.0,83850000.0,54.82,54.37,12.2,1.56,1.54,3100900,2633000.0,2026-05-22,16:15:00
002773,康弘药业,21.18,21.47,21.51,21.63,21.1,70293.0,149320000.0,195.14,145.46,18.23,2.03,1.02,3377500,3651800.0,2026-05-22,16:14:15
002774,快意电梯,12.78,12.05,12.09,13.02,12.09,137930.0,175410000.0,43.03,36.01,73.58,3.87,4.9,7906000,5887000.0,2026-05-22,16:14:03
002775,文科股份,4.14,4.09,4.13,4.15,3.96,201443.0,81880000.0,26.34,23.67,-8.62,-53.02,3.52,11267800,8876500.0,2026-05-22,16:14:06
002777,久远银海,15.86,16.09,16.13,16.19,15.62,95577.0,151300000.0,64.75,64.16,87.85,3.81,2.36,4214500,5343200.0,2026-05-22,16:14:57
002778,中晟高科,19.26,18.91,18.95,19.5,18.74,25871.0,49730000.0,24.03,23.77,164.93,7.49,2.1,1293500,1293600.0,2026-05-22,16:15:00
002779,中坚科技,76.4,73.78,74.0,79.49,72.37,48736.0,371990000.0,141.19,126.68,88.79,15.01,2.94,2406200,2467400.0,2026-05-22,16:14:18
002780,三夫户外,15.09,15.06,15.13,15.35,14.87,52015.0,78370000.0,24.95,19.72,34.98,3.04,3.98,2710400,2491200.0,2026-05-22,16:14:03
002782,可立克,28.87,28.2,28.75,30.46,28.27,395927.0,1161360000.0,143.18,140.45,56.13,6.69,8.14,19185600,20407100.0,2026-05-22,16:14:09
002783,凯龙股份,8.24,8.17,8.19,8.3,8.09,60410.0,49490000.0,41.15,38.0,35.45,1.55,1.31,3289000,2752000.0,2026-05-22,16:14:51
002785,万里石,50.32,50.84,49.87,51.3,49.01,87256.0,435760000.0,114.04,97.37,-136.5,14.34,4.51,4429700,4295900.0,2026-05-22,16:14:12
002786,银宝山新,8.73,9.04,9.04,9.05,8.56,301028.0,262820000.0,43.27,43.14,-132.76,21.72,6.09,11557200,18545500.0,2026-05-22,16:14:06
002787,华源控股,26.48,26.02,26.67,26.83,25.71,195324.0,513220000.0,88.75,66.43,75.89,4.8,7.79,8942400,10590000.0,2026-05-22,16:14:15
002788,鹭燕医药,12.36,12.22,12.36,12.4,12.15,128047.0,157570000.0,48.02,47.19,17.3,1.42,3.35,7097600,5707100.0,2026-05-22,16:14:12
002789,*ST建艺,13.23,12.98,13.05,13.25,12.85,22741.0,29620000.0,21.12,20.7,-2.73,13.89,1.45,1344800,929300.0,2026-05-22,16:14:15
002790,瑞尔特,6.88,6.78,6.8,6.89,6.66,47652.0,32310000.0,28.75,17.94,-1258.07,1.39,1.83,2567000,2198200.0,2026-05-22,16:14:09
002791,坚朗五金,15.77,16.18,16.29,16.33,15.75,85324.0,136030000.0,55.81,34.33,-51.66,1.04,3.92,4268500,4263900.0,2026-05-22,16:14:54
002792,通宇通讯,47.31,46.59,46.7,47.55,45.5,256537.0,1200320000.0,247.83,159.82,1456.3,8.79,7.59,14285700,11368000.0,2026-05-22,16:14:18
002793,罗欣药业,4.5,4.55,4.59,4.62,4.47,248912.0,112150000.0,48.94,48.87,-18.12,4.45,2.29,11188800,13702400.0,2026-05-22,16:14:21
002795,永和智控,9.34,9.36,9.11,9.59,9.11,314372.0,294210000.0,41.25,40.58,-79.44,9.25,7.24,15572000,15865100.0,2026-05-22,16:14:57
002796,世嘉科技,49.82,52.58,52.0,53.0,49.41,200499.0,1007700000.0,125.73,113.44,-205.29,14.92,8.81,9462900,10587000.0,2026-05-22,16:14:18
002797,第一创业,7.19,7.33,7.42,7.45,7.16,1494400.0,1080600000.0,302.15,302.15,32.82,1.71,3.56,65488300,83951600.0,2026-05-22,16:14:21
002798,帝欧水华,8.3,8.19,8.19,8.4,8.08,132119.0,108500000.0,46.07,40.2,-9.2,2.66,2.73,6532800,6679100.0,2026-05-22,16:14:24
002799,环球印务,8.36,8.3,8.38,8.43,8.15,52620.0,43640000.0,26.76,26.75,-167.39,2.11,1.64,2746400,2515500.0,2026-05-22,16:14:21
002800,天顺股份,18.11,17.85,17.99,18.49,17.71,45293.0,82090000.0,27.57,26.77,-114.88,5.58,3.06,2380900,2148400.0,2026-05-22,16:14:24
002801,微光股份,34.75,33.77,33.79,34.9,33.53,57966.0,199550000.0,79.8,40.24,19.2,4.07,5.01,2641400,3155200.0,2026-05-22,16:15:00
002802,洪汇新材,14.04,13.39,13.44,14.12,13.36,61080.0,84150000.0,25.45,21.02,59.74,3.9,4.08,3446200,2661800.0,2026-05-22,16:14:03
002803,吉宏股份,22.02,21.32,21.41,22.33,21.13,106069.0,231540000.0,99.18,63.57,34.2,3.58,3.67,5643700,4963100.0,2026-05-22,16:14:12
002805,丰元股份,23.36,22.88,23.02,23.59,22.73,139383.0,323630000.0,65.42,65.13,-20.55,7.0,5.0,7349200,6589200.0,2026-05-22,16:14:06
002806,华锋股份,16.79,15.26,15.28,16.79,15.21,406549.0,669520000.0,35.68,29.23,-83.26,3.2,23.35,20007400,20647400.0,2026-05-22,16:14:15
002807,江阴银行,4.42,4.44,4.44,4.45,4.42,147828.0,65520000.0,108.79,108.62,5.29,0.55,0.6,6687000,8095800.0,2026-05-22,16:14:24
002808,*ST恒久,2.83,2.83,0.0,0.0,0.0,0.0,0.0,7.61,5.29,-16.81,3.18,0.0,0,0.0,2026-05-22,16:14:09
002809,红墙股份,9.89,9.34,9.48,9.95,9.38,216774.0,210650000.0,23.76,16.81,-45.43,1.44,12.75,13292100,8385300.0,2026-05-22,16:14:27
002810,山东赫达,26.01,25.92,25.75,26.4,25.5,67298.0,174940000.0,90.88,84.23,45.61,4.08,2.08,3186000,3543800.0,2026-05-22,16:14:12
002811,郑中设计,13.35,12.5,12.65,13.67,12.41,123713.0,162450000.0,41.11,37.73,24.9,2.83,4.38,7277800,5093500.0,2026-05-22,16:14:27
002812,恩捷股份,73.27,76.28,75.69,76.25,72.28,401025.0,2950630000.0,719.61,602.74,190.94,2.81,4.87,19062100,21040400.0,2026-05-22,16:14:30
002813,路畅科技,24.95,25.06,25.16,25.38,24.6,31365.0,78130000.0,29.94,29.9,-32.46,14.5,2.62,1725700,1410800.0,2026-05-22,16:14:27
002815,崇达技术,16.32,15.01,15.31,16.5,15.23,742884.0,1189680000.0,201.41,126.83,83.52,2.26,9.56,44108700,30179700.0,2026-05-22,16:14:15
002816,*ST和科,26.57,25.3,25.4,26.57,25.18,57677.0,151240000.0,26.57,26.57,257.22,11.15,5.77,3544500,2223200.0,2026-05-22,16:14:30
002817,黄山胶囊,7.64,7.5,7.51,7.68,7.41,66634.0,50250000.0,22.85,22.16,35.98,2.34,2.3,3448500,3214900.0,2026-05-22,16:14:33
002818,富森美,11.34,11.14,11.28,11.38,11.0,61123.0,68590000.0,84.88,33.83,10.68,1.48,2.05,2579100,3533300.0,2026-05-22,16:14:33
002819,东方中科,26.58,26.2,26.23,27.02,26.16,34115.0,90610000.0,79.64,62.89,-54.09,2.03,1.44,2039300,1372200.0,2026-05-22,16:14:18
002820,桂发祥,10.77,10.7,10.7,10.88,10.47,70573.0,75130000.0,21.63,21.63,-90.7,2.48,3.51,3714800,3342500.0,2026-05-22,16:14:36
002821,凯莱英,126.85,126.15,126.14,127.72,124.24,85612.0,1079660000.0,457.77,402.11,41.23,2.55,2.7,4365900,4195300.0,2026-05-22,16:14:21
002822,ST中装,3.08,3.05,3.04,3.09,3.03,66072.0,20180000.0,60.06,32.92,-1.94,5.58,0.62,3139800,3467400.0,2026-05-22,16:14:39
002823,凯中精密,17.69,16.08,16.23,17.69,15.94,213673.0,365660000.0,58.09,38.72,24.53,2.86,9.76,12563500,8803900.0,2026-05-22,16:14:42
002824,和胜股份,25.2,24.51,24.81,25.44,24.52,106752.0,267100000.0,78.42,57.0,46.83,3.36,4.72,5202000,5473100.0,2026-05-22,16:14:36
002825,纳尔股份,11.33,10.83,10.96,11.59,10.88,109812.0,124290000.0,38.7,29.08,43.24,2.33,4.28,6200100,4781100.0,2026-05-22,16:14:39
002826,易明医药,19.59,17.81,17.89,19.59,17.55,129342.0,244030000.0,37.35,36.18,39.98,4.46,7.0,6574400,6359800.0,2026-05-22,16:14:42
002827,高争民爆,30.5,29.98,30.3,30.76,29.7,30709.0,93060000.0,84.5,84.18,44.51,7.83,1.11,1881200,1189700.0,2026-05-22,16:14:45
002828,贝肯能源,10.55,10.44,10.49,10.6,10.34,89637.0,93820000.0,21.2,21.2,-37.75,3.24,4.46,5114900,3848800.0,2026-05-22,16:14:45
002829,星网宇达,25.95,26.01,26.01,26.37,25.32,133655.0,345040000.0,53.93,37.9,-43.48,3.48,9.15,6431100,6934400.0,2026-05-22,16:14:30
002830,名雕股份,23.39,23.26,23.23,23.5,22.97,21432.0,49950000.0,31.19,15.64,72.06,4.56,3.21,1199300,943900.0,2026-05-22,16:14:48
002831,裕同科技,42.5,44.35,44.32,45.2,42.35,238015.0,1026350000.0,391.22,217.17,24.5,3.17,4.66,12579100,11222400.0,2026-05-22,16:14:48
002832,比音勒芬,20.17,19.99,20.13,20.58,19.91,114140.0,231010000.0,115.11,78.55,19.01,2.01,2.93,5383700,6030300.0,2026-05-22,16:14:51
002833,弘亚数控,20.12,20.1,20.1,20.35,19.95,81637.0,164040000.0,85.36,57.99,19.24,2.86,2.83,4352800,3810900.0,2026-05-22,16:14:51
002835,同为股份,14.54,14.38,14.39,14.68,14.16,28167.0,40620000.0,31.91,18.51,27.74,2.5,2.21,1520500,1296200.0,2026-05-22,16:14:54
002836,新宏泽,12.28,12.01,12.19,12.36,12.01,24596.0,30060000.0,28.29,28.29,66.1,7.12,1.07,1411500,1048100.0,2026-05-22,16:14:24
002837,英维克,104.94,100.53,102.44,106.35,100.77,401763.0,4161820000.0,1028.69,912.54,213.17,29.72,4.62,23519600,16656700.0,2026-05-22,16:14:54
002838,道恩股份,35.6,35.63,36.08,36.11,35.09,79003.0,280240000.0,170.31,149.74,64.58,4.53,1.88,4192100,3708200.0,2026-05-22,16:14:57
002839,张家港行,4.27,4.28,4.27,4.29,4.25,155188.0,66270000.0,104.37,104.27,5.24,0.55,0.64,7794000,7724800.0,2026-05-22,16:14:57
002840,华统股份,9.78,10.11,10.19,10.24,9.76,223561.0,221660000.0,78.45,77.91,-19.1,2.18,2.81,9309300,13046800.0,2026-05-22,16:14:27
002841,视源股份,38.41,38.22,38.29,38.92,37.94,55176.0,211960000.0,267.34,199.5,24.34,2.04,1.06,2856400,2661200.0,2026-05-22,16:14:33
002842,翔鹭钨业,33.66,32.0,32.33,34.08,32.32,388563.0,1289040000.0,110.13,90.36,28.54,7.54,14.47,19667700,19188600.0,2026-05-22,16:14:18
002843,泰嘉股份,26.14,25.22,25.36,26.17,25.27,105802.0,273920000.0,65.8,65.4,-237.06,4.89,4.23,5943900,4636300.0,2026-05-22,16:15:00
002845,同兴达,15.61,15.48,15.57,15.79,15.08,205642.0,317370000.0,51.13,39.06,126.66,2.09,8.22,10276800,10287300.0,2026-05-22,16:14:30
002846,英联股份,13.37,13.39,13.39,13.52,13.21,80271.0,107080000.0,56.15,34.78,152.7,3.94,3.09,4150500,3876600.0,2026-05-22,16:14:03
002847,盐津铺子,56.89,56.8,56.82,57.37,56.02,25353.0,143610000.0,155.14,138.72,19.37,7.15,1.04,1097100,1438300.0,2026-05-22,16:15:00
002848,*ST高斯,16.98,16.88,16.8,17.25,16.65,32838.0,55700000.0,28.38,28.0,-48.11,33.97,1.99,1471600,1812200.0,2026-05-22,16:14:21
002849,威星智能,17.69,17.46,17.78,17.99,17.35,82396.0,145770000.0,39.03,38.71,74.61,2.83,3.76,4414200,3825400.0,2026-05-22,16:14:03
002850,科达利,206.05,207.0,208.88,210.69,203.6,40838.0,844880000.0,570.37,412.39,31.03,4.17,2.04,2034100,2049800.0,2026-05-22,16:14:06
002851,麦格米特,120.33,116.69,116.72,120.72,116.72,162248.0,1933180000.0,699.87,551.22,456.88,7.8,3.54,8734400,7490400.0,2026-05-22,16:14:09
002852,道道全,8.44,8.35,8.43,8.51,8.29,40368.0,33880000.0,29.03,24.12,20.03,1.31,1.41,1978800,2058000.0,2026-05-22,16:14:06
002853,皮阿诺,27.47,28.29,28.88,28.88,27.03,45892.0,126280000.0,50.25,35.36,-109.55,5.65,3.57,1845100,2744200.0,2026-05-22,16:14:12
002855,捷荣技术,12.17,11.87,12.08,12.27,11.65,43520.0,52240000.0,29.99,29.97,-7.12,14.48,1.77,2224000,2128000.0,2026-05-22,16:14:09
002856,*ST美芝,18.15,19.11,18.36,18.79,18.15,97928.0,178290000.0,24.56,22.49,-12.6,-48.26,7.9,5962200,3830600.0,2026-05-22,16:14:15
002857,三晖电气,21.73,21.22,21.5,21.94,21.15,31132.0,67190000.0,28.39,27.94,-54.37,6.09,2.42,1718900,1394300.0,2026-05-22,16:14:18
002858,力盛体育,14.17,14.06,14.28,14.3,13.89,61869.0,87170000.0,26.45,20.89,-374.79,3.14,4.2,3128500,3058400.0,2026-05-22,16:14:12
002859,洁美科技,60.05,54.59,54.91,60.05,54.91,193408.0,1137890000.0,258.95,243.74,110.74,8.42,4.76,9955800,9385000.0,2026-05-22,16:14:15
002860,星帅尔,13.61,13.19,13.29,13.71,13.07,73372.0,98730000.0,48.96,47.84,25.44,2.12,2.09,3984000,3353100.0,2026-05-22,16:14:24
002861,瀛通通讯,18.79,18.46,18.58,18.89,18.35,57534.0,107330000.0,35.0,28.22,-43.8,3.39,3.83,3144700,2608700.0,2026-05-22,16:14:36
002862,实丰文化,17.48,17.44,17.59,17.62,17.21,27591.0,48040000.0,29.37,22.07,-17.24,10.09,2.19,1599500,1159500.0,2026-05-22,16:14:39
002863,今飞凯达,5.37,5.23,5.25,5.41,5.16,115627.0,61220000.0,32.19,32.19,50.31,1.14,1.93,6610500,4952200.0,2026-05-22,16:14:33
002864,盘龙药业,29.32,29.23,29.26,29.58,28.86,14590.0,42550000.0,31.16,21.6,35.9,1.82,1.98,714400,744600.0,2026-05-22,16:14:42
002865,钧达股份,99.39,97.66,98.0,99.9,95.0,157517.0,1538410000.0,309.37,222.16,-23.88,7.68,7.05,7874100,7877600.0,2026-05-22,16:14:45
002866,传艺科技,22.0,21.28,21.44,22.1,21.27,121762.0,265350000.0,63.69,39.87,102.58,3.05,6.72,7253300,4922900.0,2026-05-22,16:14:36
002867,周大生,12.38,12.53,12.55,12.58,12.33,68641.0,85230000.0,134.38,133.59,11.74,1.98,0.64,3399600,3464500.0,2026-05-22,16:14:48
002868,绿康生化,36.41,37.0,36.67,36.95,36.38,16425.0,60030000.0,56.59,38.96,-54.54,81.4,1.54,629200,1013300.0,2026-05-22,16:14:27
002869,金溢科技,19.71,19.56,19.54,20.0,19.42,20995.0,41290000.0,34.87,31.05,-23.59,1.73,1.33,913200,1186300.0,2026-05-22,16:14:39
002870,香山股份,42.2,40.77,41.38,42.98,40.51,54457.0,229040000.0,55.74,54.75,90.16,3.44,4.2,2638200,2807400.0,2026-05-22,16:14:30
002871,伟隆股份,20.95,20.87,21.0,21.3,20.65,45761.0,96140000.0,52.76,31.27,40.2,4.5,3.07,2279200,2297000.0,2026-05-22,16:14:33
002872,ST天圣,5.42,5.24,5.26,5.49,5.21,61638.0,33230000.0,17.24,11.65,-32.65,0.89,2.87,3708900,2454900.0,2026-05-22,16:14:21
002873,新天药业,9.41,9.26,9.33,9.5,9.15,53715.0,50060000.0,22.97,22.55,272.83,1.82,2.24,2893800,2477800.0,2026-05-22,16:14:51
002875,安奈儿,22.85,22.15,22.55,23.35,22.12,61853.0,140160000.0,48.67,41.69,-62.42,7.88,3.39,3127400,3057900.0,2026-05-22,16:14:24
002876,三利谱,29.85,29.11,29.35,30.43,28.6,77908.0,229550000.0,51.9,44.46,102.23,2.16,5.23,4109400,3681400.0,2026-05-22,16:14:54
002877,智能自控,9.06,8.92,8.93,9.14,8.68,110948.0,98960000.0,32.24,21.79,134.91,2.66,4.61,5925000,5169800.0,2026-05-22,16:14:27
002878,元隆雅图,15.14,15.05,15.06,15.32,14.89,121842.0,183850000.0,39.67,35.72,-106.9,3.17,5.17,5516600,6667600.0,2026-05-22,16:14:42
002879,长缆科技,17.06,16.68,16.82,17.21,16.7,49899.0,84740000.0,32.94,23.39,24.83,1.95,3.64,2830300,2159600.0,2026-05-22,16:14:36
002880,卫光生物,26.14,26.27,26.25,26.27,25.8,11390.0,29630000.0,59.29,59.29,25.39,2.43,0.5,469600,669500.0,2026-05-22,16:14:57
002881,美格智能,47.48,45.85,45.4,47.48,45.1,181734.0,848270000.0,143.39,86.38,100.23,5.26,9.99,9282700,8890800.0,2026-05-22,16:14:45
002882,金龙羽,24.74,24.47,24.47,24.98,24.03,31461.0,77210000.0,107.1,61.05,138.26,5.04,1.27,1851900,1294200.0,2026-05-22,16:14:48
002883,*ST中设,10.03,9.76,9.77,10.16,9.77,43496.0,43350000.0,15.66,15.38,-79.43,3.34,2.84,2737700,1611900.0,2026-05-22,16:14:39
002884,凌霄泵业,16.9,16.99,17.01,17.08,16.7,25518.0,42950000.0,60.45,46.15,13.48,2.8,0.93,1023000,1528900.0,2026-05-22,16:15:00
002885,京泉华,53.71,48.83,50.49,53.71,50.01,297901.0,1569510000.0,145.51,127.43,150.32,9.43,12.56,14759800,15030300.0,2026-05-22,16:14:42
002886,沃特股份,27.98,26.77,26.8,28.26,26.25,176264.0,483260000.0,73.64,58.5,103.3,4.02,8.43,9489700,8136700.0,2026-05-22,16:14:30
002887,绿茵生态,14.7,15.32,15.15,15.34,14.56,108217.0,159920000.0,44.98,31.93,33.32,1.89,4.98,4006200,6815500.0,2026-05-22,16:14:45
002888,惠威科技,23.17,25.74,25.49,25.49,23.17,35397.0,83780000.0,34.21,17.36,185.35,8.99,4.72,2905200,634500.0,2026-05-22,16:14:18
002889,东方嘉盛,13.15,13.27,13.26,13.35,12.91,35194.0,46280000.0,49.66,33.04,50.69,1.98,1.4,1648100,1871200.0,2026-05-22,16:14:21
002890,弘宇股份,16.74,16.31,16.48,16.95,16.15,24888.0,41460000.0,28.44,27.03,266.04,4.7,1.54,1401800,1087100.0,2026-05-22,16:14:33
002891,中宠股份,30.02,30.0,30.28,30.66,29.65,68353.0,204940000.0,96.63,96.63,27.84,2.86,2.12,3366600,3468700.0,2026-05-22,16:14:51
002892,科力尔,11.68,11.76,11.76,11.85,11.5,258048.0,300420000.0,86.97,58.53,451.51,6.84,5.15,12472400,13332400.0,2026-05-22,16:14:36
002893,京能热力,11.7,11.43,11.47,12.28,11.2,354622.0,417520000.0,30.85,23.73,47.47,2.19,17.49,18629300,16832900.0,2026-05-22,16:14:03
002895,川恒股份,32.86,32.31,32.44,33.23,31.69,77713.0,252580000.0,199.1,195.5,15.97,2.84,1.31,4284800,3486500.0,2026-05-22,16:14:54
002896,中大力德,80.36,79.93,80.0,81.05,77.86,108733.0,869090000.0,157.93,157.93,280.16,13.11,5.53,4991700,5881700.0,2026-05-22,16:14:39
002897,意华股份,72.12,65.56,66.56,72.12,65.2,209636.0,1451230000.0,139.83,131.57,47.57,4.92,11.49,12310300,8653200.0,2026-05-22,16:14:24
002898,*ST赛隆,8.3,8.3,0.0,0.0,0.0,0.0,0.0,14.61,8.4,-11.31,3.93,0.0,0,0.0,2026-05-22,16:14:06
002899,英派斯,29.84,30.21,30.51,30.56,29.45,28106.0,83970000.0,44.1,44.1,69.12,2.49,1.9,1404300,1406300.0,2026-05-22,16:14:09
002900,哈三联,10.9,10.74,10.74,11.06,10.6,32426.0,35090000.0,34.48,17.56,-10.85,1.95,2.01,1868100,1374500.0,2026-05-22,16:14:12
002901,大博医疗,41.17,41.52,41.62,41.94,40.34,20172.0,82800000.0,170.45,118.74,26.5,4.58,0.7,914800,1102400.0,2026-05-22,16:14:27
002902,铭普光磁,35.95,35.77,36.3,36.88,35.85,236721.0,857250000.0,84.49,63.86,-37.77,13.92,13.33,12625100,11047000.0,2026-05-22,16:14:30
002903,宇环数控,44.64,44.55,44.56,45.42,43.66,69444.0,309890000.0,69.95,47.62,-221.25,8.98,6.51,3241200,3703200.0,2026-05-22,16:14:42
002905,金逸影视,8.58,8.47,8.54,8.63,8.4,53518.0,45700000.0,32.29,29.98,-32.76,49.5,1.53,2868000,2483800.0,2026-05-22,16:14:48
002906,华阳集团,32.06,31.5,31.5,32.23,31.2,123887.0,395220000.0,168.29,168.19,21.25,2.44,2.36,6224700,6164000.0,2026-05-22,16:14:15
002907,华森制药,12.61,12.55,12.63,12.73,12.41,16205.0,20330000.0,52.66,42.35,91.55,3.05,0.48,852600,767900.0,2026-05-22,16:14:45
002908,德生科技,8.04,7.94,8.08,8.14,7.86,54546.0,43660000.0,34.69,25.88,-480.52,3.16,1.69,2619000,2835600.0,2026-05-22,16:14:48
002909,集泰股份,6.64,6.39,6.34,6.75,6.34,303840.0,199430000.0,25.9,25.26,-73.87,3.04,7.99,16315200,14068700.0,2026-05-22,16:14:33
002910,庄园牧场,10.61,10.35,10.51,10.68,10.21,50572.0,52920000.0,20.75,18.15,-25.95,2.09,2.96,2505300,2551900.0,2026-05-22,16:14:18
002911,佛燃能源,11.62,11.78,11.78,11.85,11.55,59772.0,69470000.0,150.85,147.23,14.62,3.57,0.47,3114900,2862300.0,2026-05-22,16:14:21
002912,中新赛克,23.81,23.58,23.93,24.09,23.21,27907.0,66230000.0,40.66,38.62,150.78,2.49,1.72,1541500,1249200.0,2026-05-22,16:14:57
002913,奥士康,56.06,52.53,53.0,57.37,53.0,94482.0,525190000.0,177.91,169.12,83.49,4.02,3.13,5334000,4114200.0,2026-05-22,16:15:00
002915,中欣氟材,22.13,22.02,21.53,22.63,20.87,240206.0,524980000.0,74.2,63.75,692.41,4.99,8.34,11774600,12246000.0,2026-05-22,16:14:03
002916,深南电路,378.27,343.88,357.63,378.27,357.29,149655.0,5585500000.0,2576.65,2514.77,70.89,14.24,2.25,7618200,7347200.0,2026-05-22,16:14:36
002917,金奥博,14.66,14.06,14.22,15.15,14.22,288065.0,424180000.0,50.96,38.2,28.76,2.91,11.06,16758500,12047900.0,2026-05-22,16:14:51
002918,蒙娜丽莎,14.63,14.01,13.79,15.0,13.33,399748.0,562930000.0,59.81,31.34,63.91,1.85,18.66,20570200,19404600.0,2026-05-22,16:14:24
002919,名臣健康,25.67,25.46,25.6,26.1,25.03,67039.0,171540000.0,68.42,67.92,276.24,8.38,2.53,3066200,3637600.0,2026-05-22,16:14:27
002920,德赛西威,110.5,106.12,106.46,110.64,104.68,341709.0,3694470000.0,659.47,659.27,28.27,4.35,5.73,17546700,16624100.0,2026-05-22,16:14:30
002921,联诚精密,27.88,28.57,28.56,28.81,27.61,57722.0,162790000.0,41.53,35.81,-543.39,3.17,4.49,2792900,2979300.0,2026-05-22,16:14:33
002922,伊戈尔,40.46,40.99,40.99,41.73,38.68,345672.0,1393320000.0,171.44,151.6,75.55,4.52,9.23,16249500,18317700.0,2026-05-22,16:14:36
002923,润都股份,11.73,11.65,11.79,11.79,11.56,54941.0,64220000.0,39.28,30.27,-78.98,3.73,2.13,2805000,2689100.0,2026-05-22,16:14:39
002925,盈趣科技,20.59,19.89,20.03,20.7,19.7,122104.0,247630000.0,158.89,150.52,26.76,3.18,1.67,6616400,5594000.0,2026-05-22,16:14:51
002926,华西证券,8.15,8.28,8.31,8.34,8.15,204290.0,167460000.0,213.94,213.94,13.69,0.85,0.78,8568900,11860100.0,2026-05-22,16:14:54
002927,泰永长征,21.66,21.56,21.85,22.2,21.38,129767.0,281200000.0,48.34,47.81,-587.71,4.8,5.88,6572300,6404400.0,2026-05-22,16:14:39
002928,华夏航空,7.18,7.37,7.37,7.4,7.14,374877.0,270050000.0,91.78,91.78,13.54,2.31,2.93,13175900,24311900.0,2026-05-22,16:14:42
002929,润建股份,84.33,80.84,82.8,85.2,80.5,322165.0,2683920000.0,239.57,180.8,-1273.62,3.78,15.03,16767500,15449000.0,2026-05-22,16:14:42
002930,宏川智慧,14.07,13.93,14.19,14.86,13.31,208337.0,291760000.0,64.37,60.97,-14.89,3.29,4.81,10553800,10279900.0,2026-05-22,16:14:57
002931,锋龙股份,66.04,60.04,61.0,66.04,56.77,301315.0,1897730000.0,144.3,132.91,804.85,15.12,14.97,13915500,16216000.0,2026-05-22,16:15:00
002932,*ST明德,16.36,16.33,16.43,16.43,16.24,22146.0,36200000.0,38.04,25.54,-288.73,0.69,1.42,1094000,1120700.0,2026-05-22,16:14:45
002933,新兴装备,30.15,29.7,29.95,30.19,29.38,15886.0,47240000.0,35.38,35.2,132.71,2.3,1.36,817700,770900.0,2026-05-22,16:14:48
002935,天奥电子,21.25,20.47,20.82,21.67,20.69,100784.0,213840000.0,90.12,88.21,136.32,5.58,2.43,5527600,4550800.0,2026-05-22,16:14:03
002936,郑州银行,1.77,1.77,1.77,1.78,1.76,540799.0,95600000.0,160.93,124.42,8.25,0.35,0.77,26411200,27668700.0,2026-05-22,16:14:51
002937,兴瑞科技,33.82,33.55,33.72,34.32,33.12,113056.0,381290000.0,100.71,100.43,71.62,6.76,3.81,5842100,5463500.0,2026-05-22,16:14:54
002938,鹏鼎控股,103.93,94.48,103.92,103.93,103.88,146940.0,1527130000.0,2409.15,2400.19,64.89,6.95,0.64,1931000,12763000.0,2026-05-22,16:14:06
002939,长城证券,8.78,8.96,9.0,9.06,8.77,456015.0,402690000.0,354.22,316.31,14.96,1.09,1.27,18357800,27243700.0,2026-05-22,16:14:54
002940,昂利康,41.09,45.65,42.5,43.6,41.09,168512.0,698090000.0,82.89,76.13,65.17,5.04,9.1,9726500,7124700.0,2026-05-22,16:14:57
002941,新疆交建,13.39,13.48,13.49,13.64,13.22,84698.0,114030000.0,97.71,97.71,21.06,2.08,1.16,4036200,4433700.0,2026-05-22,16:14:57
002942,新农股份,18.83,18.0,18.09,19.01,17.93,22856.0,42710000.0,29.35,26.13,29.41,2.3,1.65,1260600,1025000.0,2026-05-22,16:14:09
002943,宇晶股份,85.9,82.05,82.03,87.5,82.03,116431.0,986950000.0,176.63,125.17,531.67,20.41,7.99,6065400,5577800.0,2026-05-22,16:15:00
002945,华林证券,14.7,15.1,15.2,15.25,14.61,156753.0,231580000.0,396.9,396.9,79.87,5.4,0.58,6696900,8978400.0,2026-05-22,16:14:06
002946,新乳业,16.71,17.2,17.21,17.25,16.6,47972.0,80580000.0,143.82,142.15,18.34,3.76,0.56,2249700,2547500.0,2026-05-22,16:14:09
002947,恒铭达,89.4,89.37,91.16,91.8,88.0,90169.0,806420000.0,229.05,177.28,39.83,7.36,4.55,3856000,5160900.0,2026-05-22,16:14:03
002948,青岛银行,5.67,5.68,5.65,5.74,5.57,422422.0,239010000.0,330.01,176.48,6.05,0.78,1.36,20521400,21720900.0,2026-05-22,16:14:12
002949,华阳国际,13.75,13.42,13.54,13.85,13.29,23986.0,32650000.0,26.96,20.88,29.12,1.84,1.58,1404200,994400.0,2026-05-22,16:15:00
002950,奥美医疗,10.84,10.68,10.72,10.9,10.66,60508.0,65280000.0,68.65,46.57,25.3,1.86,1.41,3135500,2915300.0,2026-05-22,16:14:15
002951,金时科技,16.03,15.57,15.51,16.15,15.47,60369.0,95460000.0,64.92,64.3,-28.97,4.28,1.5,3091200,2945700.0,2026-05-22,16:14:03
002952,亚世光电,30.69,29.47,29.36,30.97,28.8,232545.0,698460000.0,50.44,40.4,332.81,5.73,17.66,11241200,12013300.0,2026-05-22,16:14:12
002953,日丰股份,11.09,10.87,10.89,11.12,10.79,56094.0,61590000.0,54.52,30.09,34.79,2.44,2.07,3066100,2543300.0,2026-05-22,16:14:06
002955,鸿合科技,24.22,24.54,24.67,24.8,24.02,22310.0,54170000.0,57.31,47.39,608.7,1.78,1.14,1121100,1109900.0,2026-05-22,16:14:06
002956,西麦食品,21.45,21.48,21.66,21.91,20.95,44362.0,94610000.0,67.04,67.03,30.68,4.2,1.42,2317500,2118700.0,2026-05-22,16:14:15
002957,科瑞技术,43.65,42.08,42.26,43.87,41.68,320501.0,1370360000.0,183.32,182.75,61.47,5.54,7.66,18171000,13879100.0,2026-05-22,16:14:09
002958,青农商行,2.88,2.89,2.89,2.89,2.86,319815.0,91990000.0,160.0,156.66,5.01,0.42,0.59,15195100,16786400.0,2026-05-22,16:14:09
002959,小熊电器,39.89,39.71,40.04,40.1,39.36,8317.0,33130000.0,62.16,60.04,18.16,2.02,0.55,406300,425300.0,2026-05-22,16:14:12
002960,青鸟智控,9.53,9.44,9.54,9.67,9.29,204000.0,193350000.0,100.42,92.27,31.84,1.63,2.11,10169600,10230400.0,2026-05-22,16:14:45
002961,瑞达期货,23.19,23.18,23.24,23.38,23.01,55979.0,129700000.0,110.6,110.6,16.52,2.77,1.17,2733700,2864100.0,2026-05-22,16:14:48
002962,五方光电,18.98,19.69,19.1,19.39,17.83,474189.0,892440000.0,55.36,39.7,183.99,3.12,22.67,24823700,22595200.0,2026-05-22,16:14:12
002963,豪尔赛,19.2,19.29,19.37,19.77,19.01,49543.0,95810000.0,28.87,23.61,-26.3,2.43,4.03,2466000,2488300.0,2026-05-22,16:14:15
002965,祥鑫科技,37.48,38.07,38.02,38.18,37.01,137504.0,515900000.0,99.46,71.37,191.21,2.35,7.22,5246900,8503400.0,2026-05-22,16:14:18
002966,苏州银行,8.4,8.5,8.51,8.52,8.4,347372.0,293700000.0,375.54,369.22,6.86,0.72,0.79,19867400,14869800.0,2026-05-22,16:14:15
002967,广电计量,22.05,21.47,21.63,22.08,21.41,107798.0,234800000.0,140.52,120.66,32.18,2.86,1.97,5643000,5136800.0,2026-05-22,16:14:21
002968,新大正,10.56,10.52,10.54,10.67,10.3,46723.0,49060000.0,23.89,22.49,25.12,1.92,2.19,2442700,2229600.0,2026-05-22,16:14:51
002969,嘉美包装,19.17,19.47,19.3,19.77,18.64,544680.0,1046410000.0,210.58,209.48,149.38,6.47,4.98,26767700,27700300.0,2026-05-22,16:14:24
002970,锐明技术,72.45,71.21,72.0,73.47,70.35,57672.0,415840000.0,132.38,90.69,40.68,6.53,4.61,3051000,2716200.0,2026-05-22,16:14:27
002971,和远气体,33.94,34.7,34.59,35.03,33.7,128284.0,438740000.0,71.87,53.08,135.15,3.98,8.2,5600900,7227500.0,2026-05-22,16:14:30
002972,科安达,12.75,12.5,12.59,12.88,12.27,41866.0,52670000.0,31.37,17.17,33.83,2.48,3.11,2379300,1807300.0,2026-05-22,16:14:18
002973,侨银股份,13.87,13.36,13.4,14.18,13.3,84804.0,116580000.0,56.68,44.06,37.49,2.19,2.67,4357600,4122800.0,2026-05-22,16:14:54
002975,博杰股份,121.55,110.5,111.9,121.55,111.9,95141.0,1135190000.0,252.98,166.95,108.63,10.75,6.93,4539500,4974600.0,2026-05-22,16:14:18
002976,瑞玛精密,33.22,33.37,32.87,34.19,30.64,80150.0,258730000.0,49.73,22.15,-264.13,3.45,12.02,4645400,3369500.0,2026-05-22,16:14:18
002977,*ST天箭,28.39,27.83,28.07,28.45,27.5,13251.0,37240000.0,34.1,18.92,-14.3,4.01,1.99,721100,604000.0,2026-05-22,16:14:21
002978,安宁股份,28.66,27.99,28.14,28.87,28.0,31025.0,88320000.0,135.27,105.84,21.05,1.54,0.84,1704100,1398400.0,2026-05-22,16:14:21
002979,雷赛智能,61.03,62.81,62.78,62.97,59.89,289189.0,1765650000.0,192.22,135.34,79.54,10.3,13.04,13788100,15130800.0,2026-05-22,16:14:24
002980,华盛昌,116.38,105.8,103.9,116.38,102.92,154007.0,1749760000.0,220.43,117.88,283.85,19.52,15.2,7474100,7926600.0,2026-05-22,16:14:24
002981,朝阳科技,26.21,25.48,25.48,26.44,25.22,37694.0,97770000.0,36.04,31.3,72.83,3.39,3.16,2060800,1708700.0,2026-05-22,16:14:27
002982,湘佳股份,13.46,13.43,13.47,13.54,13.19,36160.0,48320000.0,27.35,17.51,194.51,1.68,2.78,1973500,1642500.0,2026-05-22,16:14:21
002983,芯瑞达,25.77,24.94,25.06,25.94,24.62,79674.0,203020000.0,57.64,33.03,52.45,4.15,6.22,4443900,3523500.0,2026-05-22,16:14:57
002984,森麒麟,15.63,15.6,15.56,15.7,15.44,78613.0,122330000.0,161.97,111.59,16.64,1.2,1.1,3866600,3994700.0,2026-05-22,16:14:27
002985,北摩高科,32.48,32.33,32.54,32.7,32.05,44101.0,142920000.0,107.79,107.49,50.49,3.97,1.33,2473200,1936900.0,2026-05-22,16:15:00
002986,宇新股份,12.76,12.28,12.3,12.94,12.17,92612.0,115910000.0,48.5,38.51,-36.22,1.28,3.07,4366900,4894300.0,2026-05-22,16:14:33
002987,京北方,12.41,12.55,12.61,12.68,12.25,111151.0,137620000.0,129.18,125.61,42.24,4.58,1.1,5235100,5880000.0,2026-05-22,16:14:03
002988,豪美新材,33.18,32.61,32.79,33.44,32.33,39529.0,130030000.0,82.87,82.87,70.97,3.08,1.58,2165200,1787700.0,2026-05-22,16:14:36
002989,中天精装,32.51,30.91,31.2,33.0,30.62,111042.0,354870000.0,65.55,59.6,-36.7,4.7,6.06,5590300,5514000.0,2026-05-22,16:14:30
002990,盛视科技,63.53,61.3,61.8,64.45,60.93,135561.0,850550000.0,166.35,87.68,282.59,6.74,9.82,6875600,6680500.0,2026-05-22,16:14:39
002991,甘源食品,47.36,47.57,47.57,47.65,47.01,4169.0,19710000.0,44.15,23.65,19.89,2.48,0.83,170500,246400.0,2026-05-22,16:14:06
002992,宝明科技,47.19,47.0,47.55,47.55,46.51,15099.0,71010000.0,85.35,73.73,550.13,11.6,0.97,690600,819300.0,2026-05-22,16:14:30
002993,奥海科技,68.22,62.02,62.57,68.22,62.57,111472.0,733690000.0,188.31,162.67,54.7,3.88,4.67,4971600,6175600.0,2026-05-22,16:14:42
002995,天地在线,20.09,20.4,20.41,20.65,20.01,61243.0,123610000.0,35.65,22.58,-32.11,4.44,5.45,3149300,2975000.0,2026-05-22,16:14:33
002996,顺博合金,7.3,6.97,7.09,7.38,6.98,139987.0,100930000.0,48.87,30.39,21.15,1.48,3.36,8414700,5583900.0,2026-05-22,16:14:09
002997,瑞鹄模具,33.17,32.65,33.0,33.67,32.35,51329.0,168880000.0,69.43,69.43,17.31,2.69,2.45,2629800,2503100.0,2026-05-22,16:14:36
002998,优彩资源,9.12,8.96,9.05,9.23,8.8,81246.0,73720000.0,32.36,24.67,47.19,1.91,3.0,4435800,3688800.0,2026-05-22,16:14:33
002999,天禾股份,6.76,6.64,6.68,6.8,6.58,75370.0,50570000.0,23.5,23.22,43.52,1.91,2.19,3727800,3809200.0,2026-05-22,16:14:45
003000,劲仔食品,10.87,10.9,10.99,11.0,10.75,32325.0,35060000.0,49.01,33.49,19.89,3.33,1.05,1522200,1710300.0,2026-05-22,16:14:36
003001,中岩大地,22.56,22.65,22.71,23.38,22.12,120260.0,271430000.0,39.36,25.78,390.85,3.29,10.52,4984100,7041900.0,2026-05-22,16:14:39
003002,壶化股份,24.46,24.75,24.98,25.25,24.25,27498.0,67640000.0,48.92,44.72,29.72,3.15,1.5,1750200,999600.0,2026-05-22,16:14:39
003003,天元股份,13.25,12.92,13.01,13.33,12.77,35686.0,46680000.0,23.42,15.61,39.29,1.78,3.03,1850600,1718000.0,2026-05-22,16:14:42
003004,声迅股份,49.8,49.64,49.0,51.04,46.2,75151.0,366110000.0,40.77,34.23,-4485.88,6.46,10.93,3958300,3556800.0,2026-05-22,16:14:12
003005,竞业达,16.29,16.05,16.11,16.32,15.88,27331.0,44130000.0,37.69,20.68,-430.59,2.09,2.15,1479400,1253800.0,2026-05-22,16:14:42
003006,百亚股份,15.46,15.59,15.65,15.75,15.39,43398.0,67350000.0,66.42,66.26,30.05,4.73,1.01,2460300,1879500.0,2026-05-22,16:14:24
003007,直真科技,52.64,54.34,53.0,54.34,51.7,121542.0,639860000.0,62.94,38.21,267.48,4.13,16.74,5311900,6842200.0,2026-05-22,16:14:45
003008,开普检测,21.93,21.53,21.65,22.11,21.35,18315.0,39790000.0,22.81,17.04,28.9,2.13,2.36,928600,902900.0,2026-05-22,16:14:15
003009,中天火箭,56.97,56.25,56.31,57.6,56.05,27892.0,158800000.0,93.84,93.82,-117.84,4.66,1.69,1457600,1331600.0,2026-05-22,16:14:18
003010,若羽臣,27.13,27.56,27.7,27.78,26.9,58826.0,159570000.0,84.39,61.35,35.26,10.66,2.6,2898100,2984600.0,2026-05-22,16:14:27
003011,海象新材,25.59,24.41,24.65,26.5,23.0,94867.0,235640000.0,26.27,19.66,30.51,1.89,12.35,4894500,4592200.0,2026-05-22,16:14:48
003012,东鹏控股,5.32,5.36,5.39,5.4,5.31,65999.0,35230000.0,61.55,60.36,18.52,0.81,0.58,3253600,3346300.0,2026-05-22,16:14:51
003013,地铁设计,14.53,14.66,14.66,14.77,14.43,24798.0,36130000.0,66.95,58.11,13.93,1.99,0.62,1176600,1303200.0,2026-05-22,16:14:45
003015,日久光电,14.09,13.84,13.95,14.17,13.64,79346.0,110650000.0,39.6,34.85,45.6,3.59,3.21,4202100,3732500.0,2026-05-22,16:14:21
003016,欣贺股份,7.77,7.71,7.75,7.86,7.61,41122.0,31820000.0,32.67,31.93,109.64,1.21,1.0,2456500,1655700.0,2026-05-22,16:14:48
003017,大洋生物,30.48,29.66,29.86,30.77,29.46,23491.0,70890000.0,25.6,21.12,25.25,2.19,3.39,1297400,1051700.0,2026-05-22,16:14:51
003018,金富科技,66.6,66.74,65.1,67.7,61.77,190726.0,1240090000.0,173.16,158.1,180.47,10.68,8.03,8129300,10943400.0,2026-05-22,16:14:30
003019,宸展光电,38.1,37.28,38.09,38.59,36.85,95230.0,359480000.0,67.39,65.14,39.13,3.91,5.57,4745300,4777700.0,2026-05-22,16:14:54
003020,立方制药,20.22,20.56,20.73,20.95,20.07,21463.0,43500000.0,38.45,27.77,23.7,2.08,1.56,1213900,932400.0,2026-05-22,16:14:48
003021,兆威机电,111.68,111.47,111.79,112.99,108.77,86695.0,961130000.0,298.79,231.59,124.22,5.82,4.18,3912600,4756900.0,2026-05-22,16:14:33
003022,联泓新科,25.42,24.2,24.32,25.92,24.2,292837.0,736300000.0,339.5,339.21,89.57,4.53,2.19,15691400,13592300.0,2026-05-22,16:14:57
003023,彩虹集团,30.2,31.75,30.69,31.0,29.0,106901.0,317840000.0,31.81,31.75,61.65,2.0,10.17,5970000,4720100.0,2026-05-22,16:14:51
003025,思进智能,15.18,15.03,15.24,15.31,15.0,81270.0,123410000.0,43.1,34.37,28.11,3.31,3.59,4303800,3823200.0,2026-05-22,16:14:36
003026,中晶科技,46.0,46.05,46.41,46.6,44.26,102205.0,466220000.0,59.62,44.52,119.59,8.75,10.56,5516600,4703900.0,2026-05-22,16:14:39
003027,同兴科技,23.88,22.81,22.93,25.09,22.75,112095.0,272490000.0,31.22,25.04,44.13,1.8,10.69,5263000,5946500.0,2026-05-22,16:14:42
003028,振邦智能,28.75,28.05,28.06,28.82,27.67,20694.0,58580000.0,41.6,20.28,84.43,2.42,2.93,1206400,863000.0,2026-05-22,16:14:54
003029,吉大正元,20.93,20.32,21.56,22.3,20.89,72796.0,155140000.0,40.52,36.86,-41.74,3.96,4.13,3012200,4267400.0,2026-05-22,16:14:24
003030,祖名股份,26.52,25.59,25.84,27.3,25.7,39232.0,104680000.0,33.09,21.47,118.76,3.29,4.85,1922100,2001100.0,2026-05-22,16:15:00
003031,中瓷电子,158.69,153.45,153.45,160.88,150.2,167449.0,2597660000.0,715.78,539.79,113.06,10.83,4.92,9133200,7611700.0,2026-05-22,16:14:54
003032,*ST传智,7.4,7.12,7.18,7.48,7.14,120403.0,88650000.0,29.78,21.05,-35.61,2.54,4.23,6716400,5323900.0,2026-05-22,16:14:45
003033,征和工业,56.88,57.7,57.65,58.25,56.77,13687.0,78420000.0,46.5,45.93,30.15,3.35,1.7,688100,680600.0,2026-05-22,16:14:03
003035,南网能源,7.02,6.96,6.95,7.07,6.87,336570.0,235140000.0,265.91,265.91,78.04,3.78,0.89,17668900,15988100.0,2026-05-22,16:14:57
003036,泰坦股份,50.89,47.41,47.9,51.0,46.92,149809.0,744780000.0,110.07,110.06,225.18,7.75,6.93,7109100,7871900.0,2026-05-22,16:15:00
003037,三和管桩,7.05,7.19,7.14,7.14,6.97,117591.0,82740000.0,42.23,42.23,121.73,1.51,1.96,4977600,6781500.0,2026-05-22,16:14:48
003038,鑫铂股份,13.38,13.01,13.1,13.51,12.99,44833.0,59570000.0,32.6,21.84,-13.87,1.16,2.75,2625500,1857800.0,2026-05-22,16:14:06
003039,顺控发展,13.37,13.27,13.39,13.5,13.3,36841.0,49330000.0,82.56,82.56,26.09,2.78,0.6,2164600,1519500.0,2026-05-22,16:14:27
003040,楚天龙,14.05,13.72,13.85,14.28,13.64,79541.0,111240000.0,64.79,64.19,-275.72,4.5,1.74,4393900,3560200.0,2026-05-22,16:14:30
003041,真爱美家,58.06,57.38,57.82,58.7,56.27,23311.0,134570000.0,83.61,79.44,272.31,5.68,1.7,1149900,1181200.0,2026-05-22,16:14:03
003042,中农联合,16.09,15.62,15.79,16.19,15.55,37041.0,59010000.0,22.93,19.84,-16.53,1.87,3.0,2042400,1661800.0,2026-05-22,16:14:06
003043,华亚智能,64.76,62.0,62.0,65.2,61.5,52106.0,332420000.0,86.67,54.29,115.24,4.91,6.22,2689800,2520800.0,2026-05-22,16:14:33
003816,中国广核,4.47,4.4,4.4,4.49,4.37,1404922.0,623780000.0,2257.3,1758.28,23.8,1.79,0.36,83290000,57202200.0,2026-05-22,16:14:57
300001,特锐德,40.0,38.08,38.6,40.39,38.16,363904.0,1435480000.0,422.22,413.96,33.77,4.88,3.52,21946500,14443900.0,2026-05-22,16:14:33
300002,神州泰岳,8.99,9.02,9.08,9.14,8.97,320441.0,289520000.0,176.85,166.03,24.1,2.26,1.74,13713700,18330400.0,2026-05-22,16:14:03
300003,乐普医疗,13.0,13.06,13.21,13.25,12.92,216906.0,282870000.0,239.65,205.26,28.86,1.46,1.37,9648000,12042600.0,2026-05-22,16:14:27
300004,南风股份,16.15,15.36,15.51,16.32,15.5,291614.0,466050000.0,77.52,77.52,811.81,4.37,6.08,16586100,12575300.0,2026-05-22,16:14:36
300005,探路者,16.5,15.95,16.27,16.62,15.82,295131.0,478160000.0,145.81,144.64,169.33,6.74,3.37,15478700,14034300.0,2026-05-22,16:14:39
300006,莱美药业,5.82,5.82,5.9,6.0,5.77,202176.0,118120000.0,61.45,61.45,-45.21,3.53,1.91,10363000,9854700.0,2026-05-22,16:14:39
300007,汉威科技,50.81,50.68,50.21,51.48,48.95,273714.0,1383580000.0,166.38,143.77,99.85,5.63,9.67,11787700,15583800.0,2026-05-22,16:14:06
300008,天海防务,7.03,6.99,7.02,7.07,6.95,397600.0,278920000.0,121.48,115.8,35.47,4.85,2.41,19319900,20440200.0,2026-05-22,16:14:57
300009,安科生物,8.19,8.26,8.28,8.32,8.16,127098.0,104380000.0,136.83,100.76,19.72,2.89,1.03,5898300,6811500.0,2026-05-22,16:14:30
300010,ST豆神,2.95,2.88,2.93,2.98,2.9,442006.0,130190000.0,60.97,49.07,-256.07,3.52,2.66,22122600,22078000.0,2026-05-22,16:14:42
300011,鼎汉技术,6.9,6.8,6.82,6.95,6.76,53740.0,36910000.0,41.78,35.0,-273.83,2.76,1.06,2779100,2594900.0,2026-05-22,16:14:00
300012,华测检测,15.07,15.0,15.2,15.28,14.99,183671.0,277620000.0,253.6,215.69,23.96,3.32,1.28,9071700,9295400.0,2026-05-22,16:14:33
300013,新宁物流,4.82,4.93,5.11,5.3,4.79,487195.0,240820000.0,26.91,21.5,-100.41,14.98,10.92,23998600,24720900.0,2026-05-22,16:14:03
300014,亿纬锂能,64.38,63.95,64.6,64.84,63.5,451875.0,2906340000.0,1399.17,1360.02,31.23,3.24,2.14,22395600,22792000.0,2026-05-22,16:14:45
300015,爱尔眼科,9.18,9.36,9.33,9.4,9.16,939878.0,866730000.0,856.07,730.3,25.39,3.71,1.18,36069900,57917900.0,2026-05-22,16:14:09
300016,北陆药业,8.66,8.55,8.61,8.73,8.49,112050.0,96570000.0,50.37,48.68,40.9,2.05,1.99,5621100,5583900.0,2026-05-22,16:14:06
300017,网宿科技,17.23,16.83,17.01,17.29,16.68,1462572.0,2491600000.0,430.01,403.43,59.03,4.0,6.25,76878000,69379200.0,2026-05-22,16:14:36
300018,中元股份,14.97,14.51,14.7,15.1,14.5,207529.0,308830000.0,72.65,53.99,51.11,5.04,5.75,10316500,10436400.0,2026-05-22,16:14:42
300019,硅宝科技,18.19,17.84,17.88,18.25,17.56,80785.0,144990000.0,71.51,67.05,28.2,2.71,2.19,4226500,3852000.0,2026-05-22,16:14:12
300020,ST银江,3.34,3.28,3.31,3.38,3.23,81923.0,27040000.0,26.54,25.6,-1.48,1.99,1.07,4622000,3570300.0,2026-05-22,16:14:09
300021,大禹节水,4.14,4.21,4.23,4.24,4.08,184398.0,76140000.0,42.33,36.16,83.99,1.61,2.11,7003300,11436500.0,2026-05-22,16:14:48
300022,吉峰科技,8.51,8.4,8.46,8.57,8.31,146326.0,123690000.0,42.06,42.06,-134.14,8.23,2.96,8157900,6474700.0,2026-05-22,16:14:12
300024,机器人,16.27,16.4,16.24,16.54,15.92,515377.0,835260000.0,254.73,254.66,-57.88,6.3,3.29,23338300,28199400.0,2026-05-22,16:14:15
300025,华星创业,5.54,5.67,5.52,5.61,5.29,246570.0,133560000.0,28.19,28.07,-20.66,6.61,4.87,12528900,12128100.0,2026-05-22,16:14:39
300026,红日药业,3.27,3.27,3.27,3.29,3.25,206704.0,67590000.0,98.24,98.14,411.37,1.14,0.69,9773700,10896700.0,2026-05-22,16:14:42
300027,ST华谊,1.87,1.83,1.85,1.89,1.83,397853.0,74200000.0,51.88,47.99,-13.57,-452.7,1.55,21672800,18112400.0,2026-05-22,16:14:45
300029,*ST天龙,2.77,2.77,0.0,0.0,0.0,0.0,0.0,5.55,5.55,-29.04,-16.11,0.0,0,0.0,2026-05-22,16:14:18
300030,阳普医疗,7.77,7.68,7.77,7.82,7.53,61609.0,47380000.0,24.02,21.15,84.59,3.74,2.26,3103900,3057000.0,2026-05-22,16:14:45
300031,宝通科技,25.68,26.0,26.08,26.36,25.38,231578.0,596090000.0,107.53,90.37,40.89,2.63,6.58,11082800,12075000.0,2026-05-22,16:14:21
300032,金龙机电,4.91,4.87,4.92,4.97,4.74,315289.0,152510000.0,39.44,39.44,-131.78,6.09,3.93,17376500,14152400.0,2026-05-22,16:14:48
300033,同花顺,226.87,236.2,236.0,239.49,224.36,248240.0,5663860000.0,1707.51,994.62,51.11,24.43,5.66,10253200,14570700.0,2026-05-22,16:14:51
300034,钢研高纳,20.02,19.48,19.66,20.2,19.46,176228.0,350600000.0,159.55,153.56,159.89,4.14,2.3,8781100,8841700.0,2026-05-22,16:14:48
300035,中科电气,19.41,19.34,19.32,19.71,19.22,170601.0,331620000.0,133.04,113.23,33.25,2.64,2.92,7781200,9278800.0,2026-05-22,16:14:51
300036,超图软件,14.29,14.25,14.45,14.5,14.06,83924.0,119780000.0,70.42,62.66,145.53,2.67,1.91,3931400,4461000.0,2026-05-22,16:14:54
300037,新宙邦,72.92,66.53,67.5,73.37,66.84,476844.0,3353470000.0,549.73,394.36,40.78,5.17,8.82,29193200,18491200.0,2026-05-22,16:14:57
300039,上海凯宝,5.59,5.56,5.56,5.63,5.55,57553.0,32160000.0,58.47,51.26,22.56,1.25,0.63,2690900,3064500.0,2026-05-22,16:14:00
300040,九洲集团,7.29,7.06,7.12,7.32,7.0,349886.0,252910000.0,46.9,37.72,106.91,1.79,6.76,18758100,16230500.0,2026-05-22,16:14:24
300041,回天新材,12.58,12.28,12.29,12.59,12.28,227834.0,284130000.0,70.38,68.45,31.58,2.32,4.19,11714000,11069300.0,2026-05-22,16:14:54
300042,朗科科技,68.04,67.77,69.5,71.8,65.55,332247.0,2261320000.0,136.35,136.34,112.0,12.01,16.58,15785800,17438900.0,2026-05-22,16:14:27
300043,星辉娱乐,5.04,5.03,5.07,5.12,4.95,247974.0,124230000.0,62.71,62.67,15.64,3.51,1.99,11206200,13591200.0,2026-05-22,16:14:57
300044,*ST赛为,6.33,6.25,6.21,6.37,6.16,149231.0,93860000.0,48.35,45.28,-3.85,-4.22,2.09,7199700,7723400.0,2026-05-22,16:14:51
300045,华力创通,22.45,22.19,22.35,22.73,21.96,198146.0,443560000.0,148.77,115.91,-233.15,9.81,3.84,10029100,9785500.0,2026-05-22,16:14:30
300046,台基股份,33.67,32.7,32.8,33.72,32.63,98612.0,328610000.0,79.64,79.64,174.44,6.93,4.17,5719300,4141900.0,2026-05-22,16:14:15
300047,天源迪科,12.13,12.21,12.29,12.35,11.95,161763.0,195910000.0,77.36,69.62,234.47,2.34,2.82,7193400,8982900.0,2026-05-22,16:14:54
300048,合康新能,5.9,5.81,5.85,5.95,5.78,167589.0,98680000.0,66.81,66.68,299.91,3.64,1.48,9505200,7253800.0,2026-05-22,16:14:03
300049,福瑞医科,54.82,56.63,56.6,57.26,54.61,68647.0,382020000.0,145.26,128.08,92.38,7.33,2.94,3465700,3399000.0,2026-05-22,16:14:57
300050,世纪鼎利,7.35,7.08,7.17,7.43,7.03,319271.0,231940000.0,40.05,40.02,239.49,9.7,5.86,17233500,14693600.0,2026-05-22,16:14:00
300051,琏升科技,13.08,13.28,13.29,13.54,13.06,261639.0,347650000.0,48.66,48.06,-37.81,50.93,7.12,13179400,12984500.0,2026-05-22,16:14:18
300052,中青宝,15.29,14.98,14.98,15.64,14.6,344656.0,522090000.0,40.04,40.04,-69.4,11.62,13.16,18105400,16360200.0,2026-05-22,16:14:06
300053,航宇微,17.75,17.47,17.51,17.77,17.17,256704.0,448860000.0,123.7,115.52,-34.25,8.75,3.94,12896500,12773900.0,2026-05-22,16:14:03
300054,鼎龙股份,73.0,72.98,74.0,75.45,70.1,466678.0,3383250000.0,692.09,538.85,83.37,12.67,6.32,21844400,24823400.0,2026-05-22,16:14:06
300055,万邦达,10.1,9.7,9.69,10.19,9.62,198439.0,196590000.0,84.51,63.92,-35.41,1.72,3.14,10865400,8978500.0,2026-05-22,16:14:33
300056,中创环保,10.88,10.61,10.62,10.95,10.58,137337.0,148160000.0,41.94,41.91,-38.41,58.52,3.57,7614700,6119000.0,2026-05-22,16:14:36
300057,万顺新材,9.0,8.5,8.61,9.17,8.58,939113.0,837000000.0,90.32,74.79,-57.94,1.76,11.3,52925700,40985600.0,2026-05-22,16:14:39
300058,蓝色光标,17.11,17.63,17.2,17.5,16.76,3346293.0,5707310000.0,614.29,595.07,240.64,7.71,9.62,144729300,189900000.0,2026-05-22,16:14:09
300059,东方财富,19.5,19.98,19.96,20.09,19.36,4295945.0,8405440000.0,3081.79,2600.86,23.51,3.22,3.22,171536300,258058200.0,2026-05-22,16:14:00
300061,旗天科技,10.49,10.54,10.44,10.6,10.15,338460.0,349560000.0,69.13,65.27,-91.29,14.91,5.44,13803800,20042200.0,2026-05-22,16:14:42
300062,中能电气,7.76,8.03,7.89,7.93,7.7,294098.0,228820000.0,48.88,35.57,-63.23,3.17,6.42,11684000,17725800.0,2026-05-22,16:14:09
300063,天龙集团,11.16,11.27,11.28,11.39,10.98,376297.0,418530000.0,84.65,69.92,72.63,4.79,6.01,18600100,19029600.0,2026-05-22,16:14:03
300065,海兰信,24.71,23.45,24.02,24.78,23.56,623932.0,1518640000.0,178.29,162.26,2488.94,10.15,9.5,38400000,23993300.0,2026-05-22,16:14:12
300066,三川智慧,5.98,6.01,5.98,6.06,5.89,181100.0,107700000.0,62.19,59.69,44.19,2.37,1.81,8042400,10067600.0,2026-05-22,16:14:21
300067,安诺其,6.71,6.45,6.47,6.72,6.42,723917.0,476640000.0,77.46,62.89,-177.1,3.11,7.72,39955000,32436700.0,2026-05-22,16:14:45
300068,ST南都,4.7,4.77,4.73,4.84,4.67,467816.0,221610000.0,42.22,40.12,-1.58,3.83,5.48,18242100,28539500.0,2026-05-22,16:14:12
300069,金利华电,52.87,44.06,52.87,52.87,52.87,48074.0,254170000.0,61.86,61.86,-4083.79,22.67,4.11,0,4807400.0,2026-05-22,16:14:15
300070,碧水源,3.63,3.64,3.66,3.68,3.62,239849.0,87470000.0,131.56,124.68,214.15,0.48,0.7,10602300,13382600.0,2026-05-22,16:14:18
300071,福石控股,4.47,4.48,4.5,4.52,4.4,280809.0,125180000.0,43.09,42.26,-37.94,26.77,2.97,13698500,14382400.0,2026-05-22,16:14:15
300072,海新能科,4.13,4.07,4.11,4.16,4.06,275175.0,113220000.0,97.04,96.29,-17.04,1.86,1.18,14350500,13167100.0,2026-05-22,16:14:18
300073,当升科技,60.03,58.49,59.26,60.52,58.35,156245.0,933860000.0,326.74,303.73,40.92,2.18,3.09,8094100,7530400.0,2026-05-22,16:14:24
300074,华平股份,4.54,4.42,4.49,4.6,4.37,148924.0,66950000.0,24.98,24.96,-14.47,2.93,2.71,8014100,6878300.0,2026-05-22,16:14:48
300075,数字政通,13.26,13.27,13.44,13.45,13.12,86590.0,115200000.0,82.36,68.35,-21.96,2.6,1.68,4355600,4303300.0,2026-05-22,16:14:27
300076,*ST宁视,5.19,5.07,5.14,5.23,5.06,93049.0,47980000.0,22.01,22.01,-27.33,2.62,2.19,3591400,5713500.0,2026-05-22,16:14:21
300077,国民技术,26.31,26.06,26.26,26.91,25.88,549242.0,1447050000.0,178.42,149.0,-162.51,10.24,9.7,26378200,28546000.0,2026-05-22,16:14:06
300078,思创智联,3.69,3.66,3.7,3.74,3.61,221943.0,81460000.0,41.25,41.08,-72.68,8.18,1.99,10170900,12023400.0,2026-05-22,16:14:30
300079,数码视讯,5.74,5.66,5.65,5.77,5.59,430837.0,244720000.0,81.85,73.56,229.24,1.99,3.36,21416000,21667700.0,2026-05-22,16:14:21
300080,易成新能,4.26,4.16,4.15,4.26,4.13,274113.0,115140000.0,79.81,79.7,-10.66,1.86,1.47,15863300,11547900.0,2026-05-22,16:14:24
300081,ST恒信,4.1,4.12,4.2,4.23,4.07,132440.0,54620000.0,24.8,24.79,-6.54,3.15,2.19,4691600,8552400.0,2026-05-22,16:14:09
300082,奥克股份,10.73,10.34,10.35,10.9,10.18,176631.0,186630000.0,72.97,72.78,600.82,2.66,2.6,10170300,7492800.0,2026-05-22,16:14:24
300083,创世纪,10.94,10.86,10.87,11.0,10.44,1101658.0,1191300000.0,182.14,163.24,155.48,3.43,7.38,53925400,56240400.0,2026-05-22,16:14:27
300084,海默科技,12.97,12.6,12.61,13.1,12.61,182165.0,235260000.0,71.17,46.26,-212.38,4.88,5.11,10108900,8107600.0,2026-05-22,16:14:12
300085,银之杰,40.0,40.87,40.82,41.0,39.11,377507.0,1504200000.0,282.66,260.81,-219.34,67.35,5.79,18090300,19660400.0,2026-05-22,16:14:30
300086,康芝药业,7.01,6.94,6.97,7.08,6.86,112826.0,78930000.0,31.9,30.89,-13.74,3.59,2.56,5964600,5318000.0,2026-05-22,16:14:33
300087,荃银高科,7.55,7.45,7.51,7.6,7.39,99172.0,74460000.0,71.52,68.12,-35.33,4.21,1.1,5238800,4678300.0,2026-05-22,16:14:15
300088,长信科技,7.19,7.09,7.21,7.27,6.86,2087609.0,1469070000.0,179.59,178.71,104.53,2.07,8.4,99401400,109359500.0,2026-05-22,16:14:27
300091,*ST金灵,2.94,2.93,2.94,2.96,2.91,113959.0,33420000.0,83.56,48.08,-3.88,6.44,0.7,5166700,6229300.0,2026-05-22,16:14:36
300092,科新机电,15.52,15.18,15.23,15.67,15.14,39002.0,60170000.0,42.51,32.57,102.95,2.61,1.86,2039800,1860400.0,2026-05-22,16:14:30
300093,*ST金刚,21.1,20.92,20.95,21.35,20.58,33273.0,69870000.0,113.94,48.74,42.89,5.86,1.44,1435400,1891800.0,2026-05-22,16:14:51
300094,国联水产,2.99,2.98,3.01,3.03,2.94,260710.0,77520000.0,33.73,33.05,-2.07,35.5,2.36,12687600,13383400.0,2026-05-22,16:14:18
300095,华伍股份,10.18,9.98,10.09,10.25,9.82,113455.0,114580000.0,40.15,32.34,-19.96,3.18,3.57,5664200,5681300.0,2026-05-22,16:14:39
300096,ST易联众,9.24,9.14,9.25,9.4,9.18,25310.0,23450000.0,39.73,39.73,83.21,11.92,0.59,1242900,1288000.0,2026-05-22,16:14:54
300097,智云股份,10.48,9.97,10.0,10.88,9.95,169418.0,176070000.0,30.24,28.3,-11.45,15.27,6.27,9508400,7433400.0,2026-05-22,16:14:42
300098,高新兴,5.82,5.73,5.8,5.85,5.68,463160.0,267360000.0,101.14,89.73,-1407.33,3.82,3.0,23117400,23198500.0,2026-05-22,16:14:21
300099,尤洛卡,8.38,8.23,8.3,8.47,8.13,169327.0,140550000.0,61.78,48.71,33.55,2.69,2.91,9128800,7803900.0,2026-05-22,16:14:33
300100,双林股份,33.91,34.38,34.18,34.84,33.6,200591.0,683010000.0,193.96,186.9,45.29,5.95,3.64,8468000,11591100.0,2026-05-22,16:14:45
300101,振芯科技,19.26,19.2,19.25,19.43,18.96,111316.0,213680000.0,109.38,109.01,697.48,6.21,1.97,5284300,5847300.0,2026-05-22,16:14:24
300102,乾照光电,27.16,26.81,26.83,27.25,26.1,380445.0,1017000000.0,249.96,248.76,214.59,5.81,4.15,20088900,17955600.0,2026-05-22,16:14:33
300103,达刚控股,9.1,9.15,9.14,9.28,8.98,109685.0,99830000.0,28.9,28.88,-50.82,6.44,3.46,5845600,5122900.0,2026-05-22,16:14:27
300105,龙源技术,6.74,6.5,6.51,6.77,6.42,102459.0,67720000.0,34.77,34.74,-53.64,1.86,1.99,4985300,5260600.0,2026-05-22,16:14:36
300106,西部牧业,13.88,13.55,13.57,14.32,13.36,133648.0,184490000.0,29.33,29.33,-81.71,7.79,6.32,6911300,6453500.0,2026-05-22,16:14:39
300107,建新股份,7.0,6.98,6.98,7.04,6.8,132654.0,91600000.0,39.39,24.32,-172.95,2.67,3.82,6016900,7248500.0,2026-05-22,16:14:30
300108,*ST吉药,0.21,0.21,0.0,0.0,0.0,0.0,0.0,1.4,1.37,-0.32,-0.17,0.0,0,0.0,2026-05-22,09:00:00
300109,新开源,18.16,17.52,17.6,18.31,17.46,82671.0,148080000.0,87.78,81.22,50.33,2.37,1.85,4882100,3385000.0,2026-05-22,16:14:57
300110,华仁药业,2.9,2.88,2.9,2.92,2.86,145271.0,41940000.0,34.28,34.25,-7.41,4.02,1.23,7684600,6842500.0,2026-05-22,16:14:36
300111,向日葵,3.62,3.6,3.66,3.67,3.55,295971.0,107110000.0,46.6,46.6,-492.11,6.88,2.3,15269000,14328100.0,2026-05-22,16:14:33
300112,万讯自控,8.12,8.11,7.73,8.22,7.71,111982.0,89300000.0,23.57,19.29,-35.13,2.54,4.71,6332600,4865600.0,2026-05-22,16:14:36
300113,顺网科技,25.66,25.16,25.35,25.68,24.96,286351.0,727430000.0,172.99,130.61,40.74,6.86,5.63,14011900,14623300.0,2026-05-22,16:14:00
300115,长盈精密,37.85,37.64,37.8,38.26,36.37,765041.0,2877810000.0,515.26,513.74,94.02,6.06,5.64,36551600,39952600.0,2026-05-22,16:14:03
300117,*ST嘉寓,0.43,0.43,0.0,0.0,0.0,0.0,0.0,3.08,3.08,-0.76,-0.16,0.0,0,0.0,2026-05-22,09:00:00
300118,东方日升,16.88,16.72,17.02,17.08,16.5,443750.0,747390000.0,192.43,156.45,-6.59,2.32,4.79,24247400,20127600.0,2026-05-22,16:14:42
300119,瑞普生物,16.49,16.78,16.74,16.8,16.43,35992.0,59690000.0,76.64,55.01,19.54,1.66,1.08,1689100,1910100.0,2026-05-22,16:14:48
300120,经纬辉开,7.13,7.02,7.04,7.19,6.87,146848.0,103480000.0,40.95,37.61,-8.29,1.63,2.78,7225700,7459000.0,2026-05-22,16:14:06
300121,阳谷华泰,12.54,12.16,12.17,12.65,12.09,139021.0,172770000.0,55.83,53.84,28.66,1.57,3.24,7583000,6319100.0,2026-05-22,16:14:09
300122,智飞生物,14.06,14.49,14.49,14.55,14.0,226055.0,320130000.0,336.57,198.85,-2.28,2.18,1.6,9435300,13170100.0,2026-05-22,16:14:39
300123,ST亚光,4.63,4.59,4.6,4.68,4.51,263886.0,121860000.0,47.31,46.02,-3.84,15.16,2.65,11972700,14415900.0,2026-05-22,16:14:51
300124,汇川技术,78.99,77.77,77.87,79.36,76.3,494643.0,3871940000.0,2138.61,1903.78,45.11,5.88,2.05,24679700,24784500.0,2026-05-22,16:14:12
300125,*ST聆达,10.64,10.23,10.23,10.73,10.17,62791.0,66040000.0,70.85,38.39,181.0,6.78,1.74,3944200,2334900.0,2026-05-22,16:14:42
300126,锐奇股份,7.71,7.55,7.66,7.77,7.47,46934.0,35780000.0,23.44,16.24,-36.34,2.36,2.23,2347900,2345500.0,2026-05-22,16:14:54
300127,银河磁体,31.43,30.53,30.71,31.68,30.39,54753.0,170760000.0,101.56,72.55,52.88,6.48,2.37,3199800,2275500.0,2026-05-22,16:14:39
300128,锦富技术,8.08,7.84,7.84,8.12,7.65,608156.0,484300000.0,104.97,104.84,-31.55,24.89,4.69,35619300,25196400.0,2026-05-22,16:14:45
300129,泰胜风能,11.09,10.96,11.1,11.15,10.86,184111.0,203040000.0,122.97,79.7,67.16,2.13,2.56,9579800,8831300.0,2026-05-22,16:14:57
300130,新国都,24.34,23.61,23.69,24.46,23.41,225153.0,542210000.0,138.08,105.67,32.95,3.06,5.19,11500800,11014500.0,2026-05-22,16:14:48
300131,英唐智控,19.8,19.88,20.2,20.38,19.5,1282875.0,2551710000.0,224.73,206.37,1718.72,13.02,12.31,61851400,66436100.0,2026-05-22,16:14:42
300132,青松股份,7.66,7.9,7.9,7.95,7.6,149088.0,114700000.0,39.57,38.92,22.84,2.69,2.93,6338400,8570400.0,2026-05-22,16:14:00
300133,华策影视,9.43,8.78,9.01,9.77,8.69,1695764.0,1562540000.0,178.06,158.08,98.77,2.42,10.12,98237500,71338800.0,2026-05-22,16:14:45
300134,大富科技,11.17,10.94,10.98,11.29,10.85,113045.0,125050000.0,85.73,85.73,-32.05,2.35,1.47,6366000,4938500.0,2026-05-22,16:14:45
300135,宝利国际,3.75,3.64,3.7,3.78,3.63,219561.0,81630000.0,34.56,34.56,-37.2,3.99,2.38,11161600,10794500.0,2026-05-22,16:14:51
300136,信维通信,118.98,109.5,106.0,120.6,104.06,1144474.0,12765080000.0,1151.21,981.82,156.4,14.44,13.87,63351200,51096100.0,2026-05-22,16:14:48
300137,先河环保,20.0,19.87,20.06,20.75,19.49,281805.0,567470000.0,107.32,106.01,3882.15,6.55,5.32,13394200,14786300.0,2026-05-22,16:14:15
300138,晨光生物,10.49,10.51,10.64,10.64,10.45,39797.0,41820000.0,50.68,41.78,14.23,1.52,1.0,1596500,2383200.0,2026-05-22,16:14:51
300139,晓程科技,47.22,46.37,46.51,47.6,45.5,175400.0,820700000.0,129.38,110.33,69.82,10.86,7.51,9786500,7753500.0,2026-05-22,16:14:54
300140,节能环境,6.37,6.29,6.36,6.42,6.28,140689.0,89310000.0,197.41,64.98,21.69,1.37,1.38,6552900,7516000.0,2026-05-22,16:14:03
300141,和顺电气,12.49,12.1,12.23,12.59,12.06,59838.0,73790000.0,32.2,31.8,-79.82,5.2,2.35,3267100,2716700.0,2026-05-22,16:14:06
300142,沃森生物,13.78,13.74,13.83,13.88,13.51,591617.0,809600000.0,220.39,217.3,77.12,2.97,3.75,27979700,31182000.0,2026-05-22,16:14:57
300143,盈康生命,10.76,10.73,10.78,10.9,10.67,58573.0,63080000.0,80.64,69.0,125.4,3.17,0.91,2528100,3329200.0,2026-05-22,16:14:09
300144,宋城演艺,6.85,6.88,6.85,6.91,6.83,185245.0,127180000.0,179.79,177.92,23.04,2.3,0.71,8924800,9599700.0,2026-05-22,16:14:00
300145,南方泵业,5.07,4.94,4.99,5.1,4.91,675918.0,338660000.0,97.36,96.88,38.87,3.27,3.54,35112000,32479900.0,2026-05-22,16:14:48
300146,汤臣倍健,9.9,9.99,10.0,10.03,9.9,163377.0,162130000.0,167.48,110.95,22.96,1.56,1.46,6792200,9545500.0,2026-05-22,16:14:54
300147,*ST香雪,10.09,10.01,10.02,10.18,9.93,78068.0,78620000.0,66.72,66.33,-4.71,-14.15,1.19,3548000,4258800.0,2026-05-22,16:14:51
300148,天舟文化,3.81,3.74,3.76,3.83,3.7,215417.0,81210000.0,32.12,31.02,60.02,3.11,2.65,11611000,9930700.0,2026-05-22,16:14:12
300149,睿智医药,9.0,9.1,9.11,9.21,8.9,107066.0,96220000.0,44.82,42.71,-393.6,3.5,2.26,4878600,5827900.0,2026-05-22,16:14:03
300150,世纪瑞尔,4.85,4.72,4.75,4.87,4.66,86235.0,41090000.0,28.38,22.49,74.55,1.8,1.86,4861400,3762100.0,2026-05-22,16:14:18
300151,昌红科技,21.65,20.35,20.36,21.98,20.36,326010.0,695780000.0,115.29,79.81,180.69,7.5,8.84,18381500,14219600.0,2026-05-22,16:14:57
300152,*ST动力,1.87,1.94,1.89,1.95,1.86,379721.0,72320000.0,13.33,13.33,-41.48,6.31,5.33,14539200,23432900.0,2026-05-22,16:14:15
300153,科泰电源,29.69,28.64,28.69,29.95,28.59,172187.0,507040000.0,95.01,94.51,165.45,10.14,5.41,9703500,7515200.0,2026-05-22,16:14:21
300154,瑞凌股份,11.07,10.89,10.93,11.16,10.76,142629.0,156130000.0,49.77,34.89,56.53,2.76,4.53,7108300,7154600.0,2026-05-22,16:14:00
300155,安居宝,5.05,4.91,4.99,5.11,4.89,83812.0,41920000.0,28.34,16.64,-51.86,2.37,2.54,4268400,4112800.0,2026-05-22,16:14:18
300157,新锦动力,5.05,4.97,5.03,5.08,4.95,281609.0,141440000.0,38.07,35.75,-56.48,-18.5,3.98,14223300,13937500.0,2026-05-22,16:14:06
300158,振东制药,5.48,5.42,5.47,5.51,5.4,56296.0,30770000.0,54.38,54.33,-17.93,1.62,0.57,2805500,2824100.0,2026-05-22,16:14:21
300159,*ST新研,4.16,4.09,4.09,4.17,4.09,297814.0,123400000.0,136.88,76.64,96.57,4.9,1.62,14083500,15697900.0,2026-05-22,16:14:24
300160,秀强股份,4.94,4.99,4.99,5.02,4.88,87534.0,43150000.0,38.18,37.65,26.08,1.46,1.15,3808100,4945300.0,2026-05-22,16:14:09
300161,华中数控,37.83,37.02,37.03,38.0,36.01,89435.0,332770000.0,75.17,73.77,-1651.24,4.87,4.59,4487500,4456000.0,2026-05-22,16:14:12
300162,雷曼光电,9.72,9.98,9.97,10.06,9.31,885902.0,850550000.0,40.78,33.26,-70.02,4.94,25.89,40930000,47660200.0,2026-05-22,16:14:15
300163,先锋新材,5.64,5.6,5.65,5.72,5.46,521459.0,293270000.0,26.73,25.75,78.09,4.87,11.42,26525500,25620400.0,2026-05-22,16:14:18
300164,通源石油,11.77,11.7,11.61,11.88,11.48,682966.0,798120000.0,69.26,68.64,301.98,5.03,11.71,33991100,34305500.0,2026-05-22,16:14:03
300165,天瑞仪器,6.74,6.55,6.64,6.78,6.6,171202.0,115180000.0,33.4,28.34,-14.95,3.16,4.07,9828000,7292200.0,2026-05-22,16:14:06
300166,东方国信,19.17,18.62,18.88,19.35,18.41,1346547.0,2557590000.0,218.3,173.63,-99.62,3.83,14.87,68790400,65864300.0,2026-05-22,16:14:09
300167,ST迪威迅,5.55,5.32,5.39,5.61,5.38,62357.0,34380000.0,22.8,19.65,-75.84,19.88,1.76,3712700,2523000.0,2026-05-22,16:14:21
300168,万达信息,5.64,5.59,5.66,5.7,5.5,193909.0,108460000.0,81.25,81.17,-17.66,7.9,1.35,9766400,9624400.0,2026-05-22,16:14:27
300169,天晟新材,6.2,6.02,6.03,6.25,5.96,77126.0,47280000.0,21.05,18.71,64.9,19.65,2.56,3711500,4001100.0,2026-05-22,16:14:24
300170,汉得信息,20.3,20.09,20.25,20.47,19.81,441818.0,890440000.0,207.76,198.3,90.19,3.65,4.52,22367200,21814700.0,2026-05-22,16:14:54
300171,东富龙,12.2,12.21,12.32,12.37,12.07,67158.0,81860000.0,93.43,68.64,44.97,1.17,1.19,3560700,3155100.0,2026-05-22,16:14:30
300172,中电环保,5.05,4.93,4.94,5.06,4.88,137786.0,68460000.0,34.17,26.41,43.09,1.81,2.63,7864700,5914000.0,2026-05-22,16:14:24
300173,ST福能,3.91,3.89,3.89,3.93,3.87,70355.0,27370000.0,28.73,28.73,-18.69,3.54,0.96,3259800,3775700.0,2026-05-22,16:14:27
300174,元力股份,22.92,19.1,19.67,22.92,19.51,614519.0,1339150000.0,83.48,83.19,37.43,2.39,16.93,29044400,32407500.0,2026-05-22,16:14:33
300175,ST朗源,6.71,6.56,6.57,6.72,6.51,70668.0,46950000.0,31.59,31.59,-189.07,6.34,1.5,3914500,3152300.0,2026-05-22,16:14:57
300176,鸿特科技,6.39,6.27,6.35,6.47,6.21,132949.0,84360000.0,24.75,24.75,51.43,2.52,3.43,6766800,6528100.0,2026-05-22,16:14:30
300177,中海达,8.45,8.48,8.56,8.65,8.37,140808.0,119300000.0,62.88,51.23,-26.49,4.98,2.32,5890200,8190600.0,2026-05-22,16:14:36
300179,四方达,32.42,27.02,28.0,32.42,27.99,925029.0,2902010000.0,157.47,121.24,154.46,12.39,24.73,41605200,50897600.0,2026-05-22,16:14:12
300180,华峰超纤,4.84,4.79,4.82,4.89,4.75,240977.0,116260000.0,85.24,82.89,3016.91,1.82,1.41,13935000,10162700.0,2026-05-22,16:14:39
300181,佐力药业,14.22,14.38,14.38,14.42,14.12,69458.0,98900000.0,99.74,85.73,15.34,2.91,1.15,3163600,3782200.0,2026-05-22,16:14:27
300182,捷成股份,5.57,5.58,5.62,5.64,5.49,869949.0,482350000.0,148.38,125.85,86.21,1.74,3.85,39431300,47563600.0,2026-05-22,16:14:00
300183,东软载波,12.94,12.7,12.79,13.05,12.55,85976.0,110130000.0,59.86,48.01,-372.93,1.94,2.32,4571800,4025800.0,2026-05-22,16:14:15
300184,力源信息,14.68,14.14,14.4,14.76,14.28,828570.0,1206360000.0,168.97,154.73,62.83,4.01,7.86,42738400,40118600.0,2026-05-22,16:14:03
300185,通裕重工,2.95,2.94,2.97,2.98,2.91,928723.0,273220000.0,119.07,113.46,175.32,1.68,2.41,45257700,47614600.0,2026-05-22,16:14:30
300187,永清环保,5.98,5.81,5.83,6.01,5.78,163631.0,96750000.0,38.61,38.38,29.82,3.33,2.55,9460200,6902900.0,2026-05-22,16:14:18
300188,国投智能,11.58,12.09,12.15,12.21,11.0,309879.0,356150000.0,99.53,99.07,-12.33,3.99,3.62,15600700,15387200.0,2026-05-22,16:14:06
300189,神农种业,5.41,5.25,5.3,5.47,5.26,479771.0,258570000.0,55.4,47.95,48.89,8.05,5.41,27090300,20886800.0,2026-05-22,16:14:21
300190,维尔利,4.54,4.41,4.45,4.58,4.39,226982.0,101850000.0,43.04,42.87,-14.91,1.4,2.4,11136800,11561400.0,2026-05-22,16:14:24
300191,潜能恒信,38.29,37.19,37.83,38.88,37.5,96221.0,366570000.0,122.53,84.7,177.04,10.6,4.35,5258000,4364100.0,2026-05-22,16:14:09
300192,科德教育,18.31,17.85,17.86,18.46,17.66,77904.0,140280000.0,60.27,59.44,54.69,6.03,2.4,3989000,3801400.0,2026-05-22,16:14:42
300193,佳士科技,8.35,8.2,8.24,8.46,8.16,70832.0,58840000.0,39.77,35.02,22.51,1.66,1.69,3695100,3388100.0,2026-05-22,16:14:33
300194,福安药业,3.92,3.89,3.9,3.93,3.87,68962.0,26880000.0,46.64,37.96,74.19,1.05,0.71,3275000,3621200.0,2026-05-22,16:14:12
300195,长荣股份,6.6,6.45,6.57,6.66,6.38,89677.0,58620000.0,27.96,20.72,-203.96,1.05,2.86,4963900,4003800.0,2026-05-22,16:14:27
300196,长海股份,19.93,18.59,18.79,20.25,18.6,282409.0,558270000.0,81.46,49.21,25.04,1.74,11.44,16467200,11773700.0,2026-05-22,16:14:33
300197,节能铁汉,1.59,1.55,1.56,1.61,1.55,375802.0,59460000.0,47.15,47.15,-2.31,-13.09,1.27,22214700,15365500.0,2026-05-22,16:14:30
300198,*ST纳川,2.37,2.32,2.34,2.4,2.32,100000.0,23620000.0,24.45,24.32,-9.11,5.08,0.97,5330700,4669300.0,2026-05-22,16:14:15
300199,翰宇药业,24.55,22.75,23.51,24.86,23.43,863060.0,2107160000.0,216.84,182.94,229.42,29.24,11.58,49255200,37050800.0,2026-05-22,16:14:45
300200,高盟新材,10.53,10.36,10.36,10.62,10.28,142685.0,149220000.0,45.38,44.63,50.42,2.74,3.37,7023700,7244900.0,2026-05-22,16:14:48
300201,海伦哲,18.34,16.36,16.46,18.45,16.45,932722.0,1657650000.0,185.06,184.07,57.22,9.83,9.29,54449900,38822300.0,2026-05-22,16:14:36
300203,聚光科技,15.2,15.61,15.45,15.78,15.05,392314.0,599850000.0,68.21,68.15,-23.95,2.63,8.75,17647900,21583400.0,2026-05-22,16:14:33
300204,舒泰神,26.22,26.32,26.2,26.99,25.2,237481.0,616920000.0,125.27,118.95,-149.38,15.47,5.23,11788000,11960000.0,2026-05-22,16:14:51
300205,*ST天喻,5.88,6.02,5.93,6.0,5.8,36777.0,21570000.0,25.29,25.29,-4.16,6.08,0.86,1762200,1915500.0,2026-05-22,16:14:36
300206,理邦仪器,13.78,13.64,13.7,13.89,13.45,68515.0,93490000.0,79.88,46.63,23.11,3.77,2.02,3394600,3456900.0,2026-05-22,16:14:18
300207,欣旺达,24.49,24.35,24.56,24.72,24.24,541972.0,1326530000.0,452.44,419.72,57.64,1.84,3.16,26545300,27651800.0,2026-05-22,16:14:54
300208,中程退,0.28,0.28,0.0,0.0,0.0,0.0,0.0,2.1,1.92,-1.4,2.43,0.0,0,0.0,2026-05-22,09:00:00
300209,行云科技,30.9,27.72,28.24,30.9,28.03,1177016.0,3486380000.0,286.95,226.98,-272.26,31.96,16.02,68637000,49064600.0,2026-05-22,16:14:39
300210,森远股份,12.08,11.89,12.08,12.29,11.77,279836.0,336460000.0,58.49,58.49,-152.99,15.6,5.78,13454500,14529100.0,2026-05-22,16:14:42
300211,*ST亿通,9.15,8.67,8.71,9.19,8.61,95737.0,85010000.0,27.81,27.31,-98.26,6.31,3.21,4874700,4699000.0,2026-05-22,16:14:45
300212,*ST易录,7.71,7.95,8.14,8.19,7.61,351042.0,275180000.0,55.5,53.86,-2.1,-2.77,5.03,13708000,21396200.0,2026-05-22,16:14:39
300213,佳讯飞鸿,8.11,7.94,8.05,8.16,7.87,116311.0,93450000.0,48.2,44.79,-34.21,2.35,2.11,6594400,5036700.0,2026-05-22,16:14:36
300214,日科化学,8.41,8.11,8.2,8.47,8.03,164262.0,136330000.0,39.1,39.1,-205.83,1.63,3.53,8939600,7486600.0,2026-05-22,16:14:42
300215,电科院,9.07,8.91,8.8,9.12,8.6,283892.0,252060000.0,67.94,67.94,237.46,3.41,3.79,14261300,14127900.0,2026-05-22,16:14:45
300217,东方电热,5.53,5.37,5.46,5.57,5.36,568352.0,312230000.0,81.73,68.65,58.58,1.92,4.58,30907200,25928000.0,2026-05-22,16:14:57
300218,安利股份,14.39,14.19,14.35,14.46,14.14,28431.0,40690000.0,31.22,31.12,34.49,1.99,1.31,1371500,1471600.0,2026-05-22,16:14:21
300219,鸿利智汇,8.43,8.24,8.25,8.49,7.96,525848.0,433590000.0,59.68,59.57,58.83,2.29,7.44,26913800,25671000.0,2026-05-22,16:14:39
300220,金运激光,14.16,13.7,13.99,14.29,13.5,30898.0,43050000.0,21.41,21.38,-545.05,35.31,2.05,1518800,1571000.0,2026-05-22,16:14:00
300221,银禧科技,13.38,11.67,11.71,13.38,11.5,727694.0,928700000.0,63.39,61.17,48.3,4.21,15.92,44878800,27890600.0,2026-05-22,16:14:03
300222,科大智能,14.14,14.08,14.2,14.5,13.83,500762.0,707640000.0,110.05,89.62,126.55,6.22,7.9,24021900,26054400.0,2026-05-22,16:14:24
300223,北京君正,138.4,130.72,133.0,139.34,132.07,324463.0,4392580000.0,667.84,582.07,107.49,5.28,7.71,17368400,15078000.0,2026-05-22,16:14:42
300224,正海磁材,13.13,12.74,12.83,13.19,12.7,172431.0,224540000.0,122.2,121.75,42.89,2.44,1.86,9576000,7667100.0,2026-05-22,16:14:48
300225,*ST金泰,8.53,8.18,8.13,8.59,7.6,302787.0,251160000.0,40.55,40.27,157.98,4.63,6.41,15826000,14452700.0,2026-05-22,16:14:27
300226,上海钢联,24.15,23.79,24.0,24.39,23.52,72292.0,173200000.0,76.97,74.01,35.99,3.43,2.36,3735300,3493900.0,2026-05-22,16:14:48
300227,光韵达,10.91,10.77,10.92,11.08,10.63,177330.0,192430000.0,65.02,47.25,-21.41,4.07,4.09,8264800,9468200.0,2026-05-22,16:14:51
300228,富瑞特装,9.24,9.05,9.2,9.32,9.07,218804.0,201500000.0,55.2,51.64,22.27,2.24,3.91,11720200,10160200.0,2026-05-22,16:14:54
300229,拓尔思,18.37,18.25,18.33,18.5,17.88,234660.0,426580000.0,160.48,160.38,-46.09,4.26,2.69,11453500,12012600.0,2026-05-22,16:14:06
300230,永利股份,5.12,4.91,4.97,5.13,4.91,183392.0,92600000.0,41.64,32.25,23.36,1.27,2.91,10238500,8100700.0,2026-05-22,16:14:57
300231,银信科技,10.96,10.74,10.88,11.08,10.61,150310.0,163120000.0,48.69,48.69,94.5,2.96,3.38,7471100,7559900.0,2026-05-22,16:14:00
300232,洲明科技,6.29,6.19,6.3,6.34,5.96,535728.0,327890000.0,68.4,55.71,-91.97,1.51,6.05,27020900,26551900.0,2026-05-22,16:14:03
300233,金城医药,14.4,14.58,14.67,14.76,14.2,87744.0,125850000.0,55.28,53.25,82.6,1.51,2.37,4274400,4500000.0,2026-05-22,16:14:51
300234,开尔新材,7.59,7.16,7.22,7.68,7.16,206158.0,153720000.0,38.19,26.11,-210.29,3.38,5.99,12767600,7848200.0,2026-05-22,16:14:06
300235,方直科技,13.11,13.53,13.6,13.75,13.08,73897.0,98440000.0,33.0,26.63,233.7,4.65,3.64,3472800,3916800.0,2026-05-22,16:14:54
300236,上海新阳,98.85,99.56,101.38,101.6,96.68,145094.0,1433560000.0,309.78,275.35,87.71,6.44,5.21,6793600,7715800.0,2026-05-22,16:14:30
300237,ST美晨,2.42,2.41,2.41,2.45,2.41,202789.0,49180000.0,34.89,34.89,-9.6,78.15,1.41,8927100,11351800.0,2026-05-22,16:14:09
300238,冠昊生物,12.89,12.69,12.78,12.94,12.63,36111.0,46200000.0,34.18,34.18,174.01,5.89,1.36,1987000,1624100.0,2026-05-22,16:14:12
300239,东宝生物,5.25,5.15,5.19,5.28,5.14,73741.0,38360000.0,31.17,30.96,56.68,1.81,1.25,3969300,3404800.0,2026-05-22,16:14:57
300240,飞力达,6.45,6.35,6.52,6.68,6.32,99911.0,64240000.0,23.97,23.44,1099.3,1.68,2.75,5804700,4186400.0,2026-05-22,16:14:09
300241,瑞丰光电,7.0,6.88,6.93,7.05,6.65,625001.0,426890000.0,49.45,41.48,73.22,2.17,10.55,30707500,31792600.0,2026-05-22,16:14:15
300242,佳云科技,5.3,5.3,5.36,5.4,5.17,342987.0,181180000.0,33.63,33.63,-116.28,13.87,5.41,14355800,19942900.0,2026-05-22,16:14:00
300243,瑞丰高材,20.87,17.39,17.68,20.87,17.6,435626.0,851930000.0,56.53,44.84,124.82,5.09,20.28,24391900,19170700.0,2026-05-22,16:14:33
300244,迪安诊断,18.32,18.16,18.25,18.55,17.88,214692.0,391630000.0,114.5,91.87,88.46,1.75,4.28,10807800,10661400.0,2026-05-22,16:14:12
300245,ST天玑,6.82,6.77,6.77,6.91,6.72,76751.0,52440000.0,20.8,20.76,-48.29,1.72,2.52,3810400,3864800.0,2026-05-22,16:14:03
300246,宝莱特,20.8,21.08,20.94,21.57,20.32,115126.0,239190000.0,55.04,43.96,-60.35,5.11,5.45,4737200,6775300.0,2026-05-22,16:14:18
300247,融捷健康,4.79,4.65,4.69,4.86,4.63,270811.0,128210000.0,38.51,38.46,57.01,3.33,3.37,13885800,13195300.0,2026-05-22,16:14:45
300248,新开普,9.83,9.71,9.79,9.94,9.55,102548.0,100070000.0,46.83,40.21,79.15,2.18,2.51,4869900,5384900.0,2026-05-22,16:14:36
300249,依米康,18.01,17.41,17.59,18.1,17.32,314942.0,560880000.0,79.33,67.38,240.83,24.91,8.42,16946900,14547300.0,2026-05-22,16:14:21
300250,初灵信息,18.6,18.39,18.4,18.77,18.08,46443.0,85500000.0,39.76,29.28,103.54,7.2,2.95,2519300,2125000.0,2026-05-22,16:14:39
300251,光线传媒,13.17,13.06,13.2,13.25,12.96,320485.0,419400000.0,386.35,365.52,-120.6,3.85,1.15,15859300,16189200.0,2026-05-22,16:14:15
300252,金信诺,15.94,15.08,15.23,16.04,15.18,381332.0,598320000.0,105.55,89.07,326.97,4.79,6.82,21485400,16647800.0,2026-05-22,16:14:48
300253,卫宁健康,8.62,8.63,8.64,8.73,8.5,488777.0,420510000.0,189.75,156.07,-51.97,3.52,2.7,21025000,27852700.0,2026-05-22,16:14:24
300254,仟源医药,13.09,12.79,12.88,13.29,12.61,97153.0,126410000.0,33.52,29.57,188.27,7.61,4.3,5083900,4631400.0,2026-05-22,16:14:06
300255,常山药业,40.68,40.54,40.3,41.28,39.9,141376.0,572960000.0,373.87,373.29,-105.08,30.89,1.54,6778000,7359600.0,2026-05-22,16:14:51
300256,星星科技,3.25,3.29,3.29,3.31,3.2,287396.0,92810000.0,73.72,72.91,-172.03,8.13,1.28,11707100,17032600.0,2026-05-22,16:14:09
300257,开山股份,31.55,31.25,31.34,32.07,31.22,90652.0,286110000.0,313.49,301.2,88.18,4.72,0.95,4502100,4563100.0,2026-05-22,16:14:42
300258,精锻科技,13.98,14.24,14.1,14.38,13.76,434234.0,606050000.0,81.79,79.67,89.58,1.74,7.62,17681000,25742500.0,2026-05-22,16:14:45
300259,新天科技,7.47,6.56,6.69,7.5,6.44,1301297.0,906610000.0,87.38,87.36,35.98,2.91,11.13,71535400,58594300.0,2026-05-22,16:14:27
300260,新莱应材,66.8,63.4,63.95,68.5,63.21,276901.0,1803540000.0,272.41,192.14,153.97,12.68,9.63,14949800,12740300.0,2026-05-22,16:14:30
300261,雅本化学,5.32,5.26,5.31,5.35,5.23,72895.0,38560000.0,51.25,50.16,-25.08,2.81,0.77,4126300,3163200.0,2026-05-22,16:14:18
300263,隆华科技,12.93,12.66,12.76,12.98,12.68,653054.0,839380000.0,133.83,126.14,63.86,3.19,6.69,32438700,32866700.0,2026-05-22,16:14:21
300264,佳创视讯,9.62,9.47,9.55,9.76,9.36,161313.0,153450000.0,41.45,35.63,-101.98,475.41,4.36,8394300,7737000.0,2026-05-22,16:14:33
300265,通光线缆,21.58,21.15,21.06,21.75,20.91,396482.0,850700000.0,100.91,100.84,329.8,4.29,8.48,18590700,21057500.0,2026-05-22,16:14:36
300266,兴源环境,2.04,2.08,2.08,2.1,2.0,190439.0,38830000.0,31.7,31.68,-13.6,103.77,1.23,6619000,12424900.0,2026-05-22,16:14:54
300267,尔康制药,4.4,4.24,4.26,4.41,4.17,621519.0,268220000.0,90.75,62.58,-22.99,2.26,4.37,36031100,26120800.0,2026-05-22,16:14:39
300268,佳沃食品,13.38,13.23,13.37,13.47,13.02,24405.0,32510000.0,23.31,17.89,-9.17,-2.26,1.83,1352400,1088100.0,2026-05-22,16:14:24
300269,联建光电,5.81,6.2,6.09,6.14,5.59,582412.0,337670000.0,31.9,30.54,-754.11,38.4,11.08,24852600,33388600.0,2026-05-22,16:14:57
300270,中威电子,13.36,13.23,13.2,13.52,13.0,113317.0,149790000.0,40.45,34.86,-95.29,7.35,4.34,6035400,5296300.0,2026-05-22,16:14:27
300271,华宇软件,6.0,5.99,6.05,6.1,5.91,96765.0,57850000.0,48.71,47.66,-23.65,1.38,1.22,5163300,4513200.0,2026-05-22,16:14:30
300272,开能健康,6.86,6.72,6.73,6.86,6.68,84962.0,57430000.0,41.95,31.86,103.52,3.32,1.83,4417000,4079200.0,2026-05-22,16:14:12
300274,阳光电源,164.51,165.38,168.0,171.94,162.5,890530.0,14837260000.0,3410.64,2615.73,28.6,7.22,5.6,44642400,44410600.0,2026-05-22,16:14:33
300275,梅安森,9.75,9.7,9.83,9.89,9.6,81421.0,79370000.0,30.03,26.47,77.03,3.14,3.0,4116500,4025600.0,2026-05-22,16:14:36
300276,三丰智能,8.96,9.21,8.92,9.2,8.76,1206206.0,1082080000.0,125.53,94.72,-61.42,7.17,11.41,49032000,71588600.0,2026-05-22,16:14:00
300277,汽轮科技,15.84,15.68,15.86,16.02,15.61,168678.0,266580000.0,240.23,121.6,524.28,2.38,2.2,8906500,7961300.0,2026-05-22,16:14:42
300278,华昌达,5.15,5.12,5.12,5.18,4.97,418142.0,211890000.0,72.82,72.59,-116.54,4.36,2.97,19495600,22318600.0,2026-05-22,16:14:39
300279,和晶科技,7.69,7.47,7.56,7.75,7.45,139844.0,106470000.0,37.61,37.45,102.67,3.6,2.87,7961200,6023200.0,2026-05-22,16:14:42
300280,紫天退,0.33,0.33,0.0,0.0,0.0,0.0,0.0,0.53,0.53,-0.04,0.04,0.0,0,0.0,2026-05-22,09:00:00
300281,金明精机,7.88,7.9,7.98,8.01,7.78,175655.0,138220000.0,33.01,31.31,-3791.41,2.65,4.42,8871700,8693800.0,2026-05-22,16:14:45
300283,温州宏丰,18.52,17.57,17.91,18.99,17.56,874915.0,1617820000.0,92.04,68.01,95.38,7.86,23.83,44485500,43006000.0,2026-05-22,16:14:48
300284,苏交科,6.26,6.26,6.34,6.35,6.18,94208.0,58930000.0,79.05,73.73,367.36,0.94,0.8,4422100,4998700.0,2026-05-22,16:14:51
300285,国瓷材料,48.4,41.53,42.61,48.98,42.61,1166473.0,5439220000.0,482.57,413.18,78.23,6.69,13.66,65055600,51591700.0,2026-05-22,16:14:54
300286,安科瑞,29.51,26.05,26.57,29.85,26.24,246227.0,691230000.0,74.01,61.31,36.41,3.34,11.85,13537200,11085600.0,2026-05-22,16:14:45
300287,飞利信,4.32,4.25,4.26,4.34,4.23,267136.0,114460000.0,62.0,56.95,-39.33,6.26,2.03,13888000,12825600.0,2026-05-22,16:14:48
300288,朗玛信息,11.08,11.08,11.14,11.25,10.87,56682.0,62540000.0,37.44,28.43,-2834.59,3.47,2.21,2959400,2708800.0,2026-05-22,16:14:03
300289,利德曼,6.23,6.12,6.18,6.25,6.08,41930.0,25860000.0,33.89,33.84,-131.86,2.07,0.77,2347400,1845600.0,2026-05-22,16:14:51
300290,荣科科技,14.49,14.32,14.3,14.57,14.14,131321.0,189400000.0,92.7,92.67,-248.7,12.44,2.05,6956400,6175700.0,2026-05-22,16:14:06
300291,百纳千成,5.8,5.74,5.8,5.86,5.66,160289.0,92350000.0,54.63,53.93,-5.04,2.68,1.72,7814300,8214600.0,2026-05-22,16:14:15
300292,吴通控股,5.97,5.75,5.81,6.0,5.71,1070809.0,629540000.0,80.1,66.62,64.82,5.45,9.6,59950700,47130200.0,2026-05-22,16:14:18
300293,蓝英装备,19.67,19.85,19.74,20.21,19.61,119459.0,236950000.0,66.57,66.57,-48.45,8.95,3.53,5728200,6217700.0,2026-05-22,16:14:48
300294,博雅生物,15.67,16.02,15.96,16.0,15.48,65837.0,102990000.0,79.02,79.02,2300.25,1.06,1.31,2939600,3644100.0,2026-05-22,16:14:51
300295,*ST三六五,11.76,11.41,11.41,11.92,11.41,48884.0,57320000.0,22.3,19.7,-46.44,2.06,2.92,2747000,2141400.0,2026-05-22,16:14:57
300296,利亚德,6.63,6.55,6.51,6.69,6.36,1309855.0,853850000.0,179.8,150.8,72.6,2.3,5.76,62137200,68848300.0,2026-05-22,16:14:21
300298,三诺生物,16.45,16.49,16.57,16.57,16.21,62968.0,103130000.0,92.16,74.18,77.96,3.1,1.4,2889900,3406900.0,2026-05-22,16:14:54
300299,富春股份,5.94,5.87,5.9,5.99,5.79,124356.0,73360000.0,41.0,40.94,-54.86,10.9,1.8,6131400,6304200.0,2026-05-22,16:14:24
300300,海峡创新,11.09,11.23,11.29,11.35,11.01,376053.0,419630000.0,73.95,73.95,52.22,27.81,5.64,15812400,21793000.0,2026-05-22,16:14:57
300301,ST长方,3.42,3.45,3.45,3.48,3.38,75583.0,25870000.0,28.38,27.01,-19.15,39.08,0.96,2966500,4591800.0,2026-05-22,16:14:54
300302,同有科技,53.35,53.96,54.42,55.63,50.04,502348.0,2675670000.0,255.69,196.76,419.54,23.22,13.62,25714700,24520100.0,2026-05-22,16:14:57
300303,聚飞光电,9.92,9.75,9.76,10.11,9.5,1582097.0,1549080000.0,140.55,131.8,49.24,3.66,11.91,76343600,81866100.0,2026-05-22,16:14:00
300304,云意电气,13.92,13.51,13.66,14.08,13.39,346564.0,474230000.0,122.24,118.95,27.79,3.64,4.06,17429400,17226900.0,2026-05-22,16:14:09
300305,裕兴股份,6.99,6.33,6.39,7.12,6.25,303443.0,207240000.0,26.24,22.47,-10.6,1.36,9.44,16574300,13770000.0,2026-05-22,16:14:27
300306,远方信息,12.24,11.88,12.0,12.4,11.73,28927.0,34820000.0,32.92,19.29,46.66,2.3,1.84,1589300,1303400.0,2026-05-22,16:14:03
300307,慈星股份,7.32,7.29,7.22,7.38,7.18,169109.0,123090000.0,58.6,57.6,52.32,1.78,2.15,8790800,8120100.0,2026-05-22,16:14:00
300308,中际旭创,1037.98,993.34,1010.04,1044.87,1006.18,209338.0,21509320000.0,11558.95,11503.99,77.32,33.44,1.89,11439800,9494000.0,2026-05-22,16:14:06
300310,宜通世纪,6.14,6.4,6.34,6.39,5.98,1085915.0,665450000.0,54.13,42.45,324.77,2.87,15.71,46659800,61931700.0,2026-05-22,16:14:12
300311,ST任子行,5.58,5.44,5.49,5.58,5.44,94471.0,52190000.0,37.59,29.99,107.38,5.74,1.76,5027100,4420000.0,2026-05-22,16:14:00
300313,*ST天山,9.96,9.43,9.5,10.01,9.39,64042.0,62750000.0,23.88,19.66,-132.2,65.0,3.25,3469800,2934400.0,2026-05-22,16:14:03
300314,戴维医疗,10.91,10.72,10.84,11.03,10.65,23660.0,25710000.0,31.42,15.68,42.25,2.58,1.65,1264300,1101700.0,2026-05-22,16:14:09
300315,掌趣科技,4.75,4.75,4.78,4.8,4.7,510927.0,242530000.0,128.61,120.72,-98.34,2.75,2.01,23927200,27165400.0,2026-05-22,16:14:03
300316,晶盛机电,55.09,52.41,54.91,56.8,54.17,495968.0,2749950000.0,721.42,678.46,174.1,4.24,4.03,25825500,23771300.0,2026-05-22,16:14:30
300317,珈伟新能,5.28,5.05,5.14,5.29,4.98,511904.0,264680000.0,43.83,43.77,-23.87,3.09,6.18,29712900,21477500.0,2026-05-22,16:14:06
300318,博晖创新,5.14,5.07,5.08,5.16,5.06,44124.0,22570000.0,41.99,40.73,-44.13,3.28,0.56,2241300,2171100.0,2026-05-22,16:14:15
300319,麦捷科技,14.13,13.35,13.63,14.2,13.55,692697.0,968130000.0,125.42,119.08,41.65,2.54,8.22,37423900,31845900.0,2026-05-22,16:14:06
300320,海达股份,9.22,8.93,9.0,9.27,8.88,91935.0,83640000.0,55.43,44.75,22.89,2.14,1.89,4961900,4231600.0,2026-05-22,16:14:18
300321,同大股份,41.8,40.31,41.2,42.0,38.51,24795.0,102030000.0,37.12,37.07,421.75,5.88,2.8,1626100,853400.0,2026-05-22,16:14:21
300322,硕贝德,30.71,29.06,29.45,31.16,28.5,378967.0,1140480000.0,141.28,135.26,233.18,13.88,8.6,20707000,17189600.0,2026-05-22,16:14:09
300323,华灿光电,18.7,18.73,18.2,19.59,17.34,2765375.0,5065740000.0,303.5,222.1,-104.74,4.58,23.28,139918600,136618900.0,2026-05-22,16:14:12
300324,旋极信息,4.94,4.79,4.85,4.96,4.77,405701.0,197800000.0,85.34,84.47,-19.28,3.45,2.37,22932100,17638000.0,2026-05-22,16:14:24
300326,ST凯利,7.07,6.78,6.77,7.07,6.77,104528.0,72560000.0,50.69,50.67,28.29,1.74,1.46,6057500,4395400.0,2026-05-22,16:14:27
300327,中颖电子,27.85,27.0,27.21,28.1,27.05,117580.0,323950000.0,95.07,94.37,146.06,5.25,3.47,6556700,5201300.0,2026-05-22,16:14:09
300328,宜安科技,20.57,19.7,19.84,20.66,19.68,619381.0,1250470000.0,142.02,141.32,-462.39,13.81,9.02,33191900,28746100.0,2026-05-22,16:14:12
300329,海伦钢琴,13.31,13.12,13.27,13.48,13.0,37442.0,49620000.0,33.66,33.56,-33.42,5.54,1.48,2248500,1495700.0,2026-05-22,16:14:12
300331,苏大维格,54.38,54.34,55.16,55.39,52.9,156090.0,843690000.0,141.2,120.79,-2418.22,9.17,7.03,8099700,7509300.0,2026-05-22,16:14:15
300332,天壕能源,5.3,5.22,5.24,5.31,5.19,204679.0,107470000.0,45.86,43.99,-14.54,1.18,2.47,10688500,9779400.0,2026-05-22,16:14:15
300333,兆日科技,11.22,11.12,11.14,11.3,11.0,199550.0,222640000.0,37.7,37.56,-176.39,6.69,5.96,9360900,10594100.0,2026-05-22,16:14:18
300334,津膜科技,8.17,7.97,7.97,8.25,7.86,57578.0,46460000.0,24.68,24.68,-75.91,4.51,1.91,3278000,2479800.0,2026-05-22,16:14:21
300335,迪森股份,6.15,6.02,6.1,6.2,6.03,132524.0,81180000.0,29.34,23.63,71.75,1.56,3.45,6880400,6372000.0,2026-05-22,16:14:18
300337,银邦股份,13.38,12.99,13.03,13.4,12.91,198795.0,263180000.0,109.98,95.19,127.42,6.22,2.79,11395800,8483700.0,2026-05-22,16:14:24
300338,*ST开元,3.21,3.17,3.18,3.27,3.18,98015.0,31490000.0,12.92,11.23,-9.06,-10.16,2.8,4040100,5761400.0,2026-05-22,16:14:30
300339,润和软件,42.85,42.7,43.0,43.34,42.38,219097.0,940090000.0,341.26,333.24,238.6,9.36,2.82,11613000,10296700.0,2026-05-22,16:14:33
300340,科恒股份,10.52,10.2,10.2,10.66,9.99,86555.0,89750000.0,28.98,28.77,-11.96,45.01,3.17,4770700,3884800.0,2026-05-22,16:14:36
300341,麦克奥迪,15.7,15.42,15.42,15.82,15.16,77752.0,121210000.0,81.23,80.91,45.36,4.11,1.51,4366500,3408700.0,2026-05-22,16:14:21
300342,天银机电,58.48,56.35,57.0,58.63,54.8,320640.0,1841650000.0,248.56,244.91,1736.08,15.95,7.66,17143400,14920600.0,2026-05-22,16:14:39
300343,ST联创,6.9,6.65,6.71,6.92,6.62,229963.0,155520000.0,73.72,73.57,174.74,3.76,2.16,13685900,9310500.0,2026-05-22,16:14:15
300344,立方退,0.25,0.25,0.0,0.0,0.0,0.0,0.0,1.6,1.6,-1.18,0.71,0.0,0,0.0,2026-05-22,09:00:00
300345,华民股份,6.42,6.3,6.33,6.47,6.25,155707.0,98980000.0,37.27,30.79,-19.19,9.26,3.25,8090200,7480500.0,2026-05-22,16:14:24
300346,南大光电,56.63,55.76,56.22,57.28,54.71,564572.0,3166420000.0,391.4,371.49,112.34,11.49,8.61,27738300,28718900.0,2026-05-22,16:14:18
300347,泰格医药,42.32,45.47,45.64,45.97,41.61,314085.0,1349590000.0,364.39,239.73,47.23,1.74,5.54,15617100,15791500.0,2026-05-22,16:14:33
300348,长亮科技,11.03,11.02,11.07,11.22,10.88,127724.0,140630000.0,89.76,78.64,-590.53,4.24,1.79,6504600,6267800.0,2026-05-22,16:14:27
300349,金卡智能,14.93,14.26,15.13,15.36,14.67,251393.0,377070000.0,62.29,55.2,24.73,1.41,6.8,12705000,12434300.0,2026-05-22,16:14:21
300350,华鹏飞,5.02,4.95,5.12,5.3,4.96,240791.0,121250000.0,28.21,23.67,-74.37,3.22,5.11,11032800,13046300.0,2026-05-22,16:14:27
300351,永贵电器,25.6,23.92,24.0,25.7,23.86,196327.0,488550000.0,99.56,67.43,569.14,4.12,7.45,10887900,8744800.0,2026-05-22,16:14:30
300352,ST信源,3.46,3.38,3.42,3.54,3.37,345015.0,119230000.0,50.16,44.15,-14.97,4.97,2.7,15855900,18645600.0,2026-05-22,16:14:24
300353,东土科技,20.45,19.62,19.7,20.48,19.14,303822.0,607890000.0,125.75,110.44,135.12,5.7,5.63,15804600,14577600.0,2026-05-22,16:14:30
300354,东华测试,37.82,37.95,38.39,38.39,37.42,30665.0,115900000.0,52.31,30.75,38.67,5.91,3.77,1561300,1505200.0,2026-05-22,16:14:33
300355,蒙草生态,3.36,3.32,3.34,3.37,3.32,140785.0,47140000.0,53.9,45.91,217.8,1.28,1.03,7543000,6535500.0,2026-05-22,16:14:36
300357,我武生物,23.39,23.61,23.8,23.88,23.34,57593.0,135010000.0,122.47,113.19,28.76,4.47,1.19,2397200,3362100.0,2026-05-22,16:14:42
300358,楚天科技,9.06,8.9,9.02,9.14,8.91,138697.0,125080000.0,64.79,63.54,19.57,1.16,1.98,7074700,6795000.0,2026-05-22,16:14:27
300359,全通教育,4.42,4.31,4.33,4.46,4.24,115133.0,50050000.0,27.99,27.99,-39.68,5.46,1.82,5958600,5554700.0,2026-05-22,16:14:39
300360,炬华科技,14.35,14.29,14.29,14.44,14.28,39214.0,56270000.0,73.79,71.79,15.14,1.74,0.78,1872600,2048800.0,2026-05-22,16:14:42
300363,博腾股份,15.22,15.64,15.82,15.84,15.11,169765.0,260230000.0,82.71,75.93,64.37,1.56,3.4,8167800,8808600.0,2026-05-22,16:14:30
300364,中文在线,26.08,26.0,26.1,26.28,25.62,292844.0,760550000.0,189.99,172.24,-30.21,75.26,4.43,13898700,15385700.0,2026-05-22,16:14:33
300365,恒华科技,5.98,5.85,5.87,6.02,5.79,170605.0,100900000.0,35.87,30.6,-14.61,2.24,3.33,8811500,8249000.0,2026-05-22,16:14:33
300366,ST创意,5.82,5.74,5.8,5.83,5.73,62126.0,35960000.0,35.36,30.88,-5.64,3.07,1.17,2995600,3217000.0,2026-05-22,16:14:36
300368,汇金股份,10.85,11.15,11.04,11.2,10.58,329172.0,355660000.0,57.39,57.39,-34.83,119.07,6.22,16025100,16892100.0,2026-05-22,16:14:36
300369,绿盟科技,7.01,6.93,6.98,7.02,6.84,206160.0,142930000.0,56.82,56.62,-136.71,2.22,2.55,10865800,9750200.0,2026-05-22,16:14:36
300370,安控科技,2.49,2.44,2.48,2.49,2.41,220510.0,54070000.0,38.98,38.88,-31.5,9.02,1.41,12186500,9864500.0,2026-05-22,16:14:45
300371,汇中股份,12.87,12.51,12.58,13.04,12.3,36264.0,46060000.0,25.9,18.02,38.92,2.2,2.59,1868400,1758000.0,2026-05-22,16:14:39
300373,扬杰科技,86.38,77.61,79.51,88.0,79.36,420155.0,3535900000.0,469.34,468.3,34.25,4.87,7.75,25332200,16683300.0,2026-05-22,16:14:39
300374,中铁装配,12.53,12.5,12.51,12.72,12.35,28291.0,35380000.0,30.81,30.81,-25.09,4.34,1.15,1454400,1374700.0,2026-05-22,16:14:48
300375,鹏翎股份,4.87,4.77,4.81,4.92,4.72,166603.0,80350000.0,37.0,25.73,-17.6,1.8,3.15,8538500,8121800.0,2026-05-22,16:14:39
300376,易事特,5.37,5.4,5.41,5.47,5.34,272408.0,146900000.0,125.03,124.98,-2359.3,1.93,1.17,12170200,15070600.0,2026-05-22,16:14:42
300377,赢时胜,16.09,16.3,16.03,16.38,15.8,256700.0,410860000.0,120.84,111.17,-520.22,5.02,3.72,11903400,13766600.0,2026-05-22,16:14:45
300378,鼎捷数智,40.53,40.17,40.18,40.96,39.5,94423.0,379760000.0,110.06,109.23,67.2,4.74,3.5,4534000,4908400.0,2026-05-22,16:14:42
300379,东通退,1.72,1.72,0.0,0.0,0.0,0.0,0.0,9.6,9.06,-2.02,0.31,0.0,0,0.0,2026-05-22,09:00:00
300380,安硕信息,35.26,36.22,36.11,36.4,34.72,40911.0,143930000.0,48.81,44.91,131.62,11.83,3.21,1946600,2144500.0,2026-05-22,16:14:45
300381,溢多利,7.05,6.99,7.06,7.12,6.94,79024.0,55570000.0,33.85,33.73,-414.62,1.37,1.65,4243200,3659200.0,2026-05-22,16:14:42
300382,斯莱克,16.51,15.72,15.76,16.53,15.5,280256.0,454650000.0,107.05,107.04,-112.69,4.7,4.32,15558800,12466800.0,2026-05-22,16:14:45
300383,光环新网,15.66,15.27,15.45,15.71,15.2,968605.0,1500330000.0,281.5,280.99,-34.93,2.37,5.4,49877800,46982700.0,2026-05-22,16:14:45
300384,三联虹普,13.67,13.5,13.64,13.82,13.38,30895.0,42020000.0,43.61,30.09,23.1,1.54,1.4,1586700,1502800.0,2026-05-22,16:14:48
300385,ST雪浪,14.67,14.15,14.11,15.06,13.99,111251.0,163020000.0,48.87,42.64,-21.99,-855.83,3.83,6236800,4888300.0,2026-05-22,16:14:48
300386,飞天诚信,11.87,11.75,11.84,11.96,11.61,42827.0,50500000.0,49.62,29.76,-120.28,3.46,1.71,2348600,1934100.0,2026-05-22,16:14:48
300387,富邦科技,8.45,8.24,8.32,8.55,8.18,70677.0,59250000.0,24.43,24.42,38.95,1.68,2.45,3822100,3245500.0,2026-05-22,16:14:51
300388,节能国祯,7.93,7.91,7.98,8.01,7.87,50292.0,39920000.0,54.01,54.01,14.28,1.12,0.74,2630900,2398300.0,2026-05-22,16:14:54
300389,艾比森,15.15,15.18,15.13,15.35,14.8,86766.0,130430000.0,55.92,33.24,21.95,3.33,3.95,3984700,4691900.0,2026-05-22,16:14:48
300390,天华新能,89.14,88.71,88.78,90.0,85.5,498952.0,4355030000.0,740.53,599.26,56.55,6.0,7.42,25163300,24731900.0,2026-05-22,16:14:57
300391,长药退,0.19,0.19,0.0,0.0,0.0,0.0,0.0,0.67,0.67,-0.1,-0.1,0.0,0,0.0,2026-05-22,09:00:00
300393,中来股份,10.27,10.21,10.3,10.59,10.18,382996.0,397090000.0,111.9,98.17,-7.51,6.32,4.01,20045800,18253800.0,2026-05-22,16:14:00
300394,天孚通信,372.5,337.21,346.0,375.0,345.18,572916.0,20691160000.0,2902.37,2896.55,133.64,48.27,7.37,34301600,22989900.0,2026-05-22,16:14:03
300395,菲利华,140.15,128.4,129.9,141.88,129.4,521362.0,7138690000.0,731.96,716.88,151.92,15.31,10.19,30111800,22024400.0,2026-05-22,16:14:51
300396,ST迪瑞,7.79,7.84,7.83,7.86,7.74,25111.0,19570000.0,21.24,21.21,-8.08,1.38,0.92,985800,1525300.0,2026-05-22,16:14:54
300397,天和防务,14.52,14.0,14.54,14.6,14.08,309538.0,446070000.0,75.16,59.27,-126.79,5.24,7.58,16832000,14121800.0,2026-05-22,16:14:51
300398,飞凯材料,37.98,36.76,37.1,38.36,36.9,463608.0,1743370000.0,215.33,214.15,53.58,4.27,8.22,23094200,23266500.0,2026-05-22,16:14:51
300399,天利科技,21.9,21.68,21.85,22.05,21.45,48271.0,105150000.0,43.27,43.27,-316.91,8.56,2.44,2258800,2568300.0,2026-05-22,16:14:54
300400,劲拓股份,31.85,29.9,29.81,32.49,29.8,146661.0,456560000.0,77.28,77.02,91.11,10.94,6.07,8359500,6306600.0,2026-05-22,16:14:51
300401,花园生物,13.05,12.89,12.99,13.17,12.88,84756.0,110490000.0,70.95,69.8,27.43,2.16,1.58,3748000,4727500.0,2026-05-22,16:14:54
300402,宝色股份,17.29,16.89,17.0,17.45,16.78,33590.0,57520000.0,42.67,42.12,83.11,2.81,1.38,1768500,1590500.0,2026-05-22,16:14:57
300403,汉宇集团,12.23,12.39,12.25,12.43,12.02,221970.0,270250000.0,73.75,52.23,34.49,3.37,5.2,8864700,13332300.0,2026-05-22,16:14:00
300404,博济医药,10.65,10.47,10.47,10.7,10.33,129342.0,136250000.0,41.1,30.41,95.47,3.85,4.53,7193500,5740700.0,2026-05-22,16:14:06
300405,科隆股份,7.16,6.87,6.87,7.26,6.82,99465.0,70270000.0,20.36,15.67,-45.74,5.23,4.55,4743500,5203000.0,2026-05-22,16:14:03
300406,九强生物,12.86,12.77,13.0,13.02,12.75,34874.0,44940000.0,75.4,54.57,35.53,2.01,0.82,1864200,1623200.0,2026-05-22,16:14:09
300407,凯发电气,13.3,12.46,12.69,13.45,12.34,103903.0,135800000.0,46.06,34.44,60.17,2.11,4.01,5548900,4841400.0,2026-05-22,16:14:54
300408,三环集团,115.0,98.47,104.99,118.0,104.68,823684.0,9261380000.0,2203.97,2150.27,76.62,10.23,4.41,39103400,43265000.0,2026-05-22,16:14:57
300409,道氏技术,25.36,24.55,24.7,25.36,24.32,203937.0,505750000.0,198.38,174.35,34.76,2.44,2.97,10724200,9669500.0,2026-05-22,16:14:06
300410,正业科技,10.94,9.69,9.79,11.37,9.79,619670.0,667060000.0,40.16,40.16,100.23,14.56,16.88,35526200,26440800.0,2026-05-22,16:14:57
300411,金盾股份,9.9,9.88,9.88,10.0,9.88,39858.0,39470000.0,40.25,30.6,1262.59,4.17,1.29,1364200,2621600.0,2026-05-22,16:14:09
300412,迦南科技,5.02,4.87,4.96,5.06,4.84,92544.0,45840000.0,24.99,23.49,98.55,2.4,1.98,5083300,4171100.0,2026-05-22,16:14:12
300413,芒果超媒,18.19,18.42,18.48,18.58,18.04,156950.0,285440000.0,340.28,185.85,32.48,1.44,1.54,7223700,8471300.0,2026-05-22,16:14:00
300414,中光防雷,12.85,12.59,12.71,12.95,12.56,48432.0,61900000.0,41.89,40.29,184.09,4.19,1.54,2573400,2269800.0,2026-05-22,16:14:15
300415,伊之密,25.78,25.45,25.66,26.05,25.22,60713.0,156120000.0,120.8,116.81,16.98,3.56,1.34,3331600,2739700.0,2026-05-22,16:14:18
300416,苏试试验,17.94,17.02,17.1,18.48,16.8,360764.0,640040000.0,91.23,90.59,35.08,3.25,7.14,19920000,16156500.0,2026-05-22,16:14:03
300417,南华仪器,14.91,14.39,14.48,15.04,14.21,38599.0,56730000.0,20.06,12.46,-1203.7,4.42,4.62,1871500,1988500.0,2026-05-22,16:14:00
300418,昆仑万维,46.19,46.35,46.6,46.95,45.5,374941.0,1726410000.0,579.85,579.45,-33.9,4.73,2.99,17176000,20318100.0,2026-05-22,16:14:06
300419,ST浩丰,6.84,6.71,6.79,6.93,6.76,55588.0,38080000.0,25.15,25.15,-23.14,7.55,1.51,2822100,2736700.0,2026-05-22,16:14:09
300420,五洋自控,4.55,4.42,4.47,4.55,4.4,527272.0,235990000.0,50.8,50.79,115.67,2.14,4.72,27269300,25457900.0,2026-05-22,16:14:12
300421,力星股份,27.96,27.47,27.11,28.3,26.52,291775.0,811090000.0,82.21,64.39,139.01,6.36,12.67,14042800,15134700.0,2026-05-22,16:14:12
300422,博世科,5.69,5.59,5.61,5.72,5.54,152946.0,85910000.0,30.38,29.4,-4.72,4.58,2.96,8167000,7127600.0,2026-05-22,16:14:15
300423,昇辉科技,7.11,6.91,6.98,7.14,6.9,112358.0,78970000.0,35.37,23.69,-19.89,3.07,3.37,5940500,5295300.0,2026-05-22,16:14:57
300424,航新科技,20.79,20.6,21.02,21.2,20.58,166721.0,347800000.0,51.03,51.0,-192.94,7.24,6.8,8320700,8351300.0,2026-05-22,16:14:18
300425,中建环能,4.57,4.56,4.58,4.61,4.5,85202.0,38820000.0,31.18,31.11,209.03,1.32,1.25,4555600,3964600.0,2026-05-22,16:14:21
300426,华智数媒,7.08,6.53,6.62,7.38,6.48,169976.0,117060000.0,31.89,28.32,-8.03,34.31,4.25,9902900,7094700.0,2026-05-22,16:14:15
300427,红相股份,9.81,9.53,9.54,9.86,9.49,209456.0,203960000.0,49.89,49.34,-160.3,4.15,4.16,11259300,9686300.0,2026-05-22,16:14:24
300428,立中集团,22.23,21.57,21.7,22.29,21.59,98367.0,216710000.0,152.4,132.66,16.52,1.68,1.65,5705100,4131600.0,2026-05-22,16:14:03
300429,强力新材,15.41,15.04,15.22,15.57,15.07,346337.0,531270000.0,83.24,62.03,-55.3,5.01,8.6,17940500,16693200.0,2026-05-22,16:14:21
300430,*ST益通,5.69,5.84,5.78,5.87,5.66,158312.0,90890000.0,15.54,14.79,-1.63,1.21,6.09,6138100,9693100.0,2026-05-22,16:14:27
300432,富临精工,24.68,24.81,25.28,25.33,24.14,399871.0,981070000.0,421.97,417.26,83.29,8.61,2.37,20819500,19167500.0,2026-05-22,16:14:00
300433,蓝思科技,38.4,36.51,35.86,38.55,35.26,2220880.0,8235810000.0,2027.04,1908.36,58.94,3.71,4.47,113525500,108562500.0,2026-05-22,16:14:30
300434,金石亚药,10.8,10.71,10.75,10.87,10.61,73147.0,78630000.0,43.39,36.95,23.48,1.63,2.14,4065500,3249200.0,2026-05-22,16:14:03
300435,中泰股份,20.55,20.36,20.6,20.75,20.23,78709.0,161680000.0,79.26,75.8,20.19,2.35,2.13,4373200,3497700.0,2026-05-22,16:14:24
300436,广生堂,125.83,130.08,130.08,131.37,124.0,93572.0,1180050000.0,200.41,172.04,-93.09,79.65,6.84,4232700,5124500.0,2026-05-22,16:14:33
300437,清水源,13.93,13.59,13.64,14.06,13.47,80328.0,111040000.0,34.16,24.2,-93.75,2.47,4.62,4427200,3605600.0,2026-05-22,16:14:06
300438,鹏辉能源,84.74,84.82,86.11,87.24,83.06,289045.0,2450700000.0,426.53,342.49,74.25,7.49,7.15,14812900,14091600.0,2026-05-22,16:14:36
300439,美康生物,9.44,9.47,9.55,9.58,9.35,45098.0,42550000.0,36.28,27.6,54.5,1.21,1.54,2437100,2072700.0,2026-05-22,16:14:27
300440,运达科技,17.63,17.8,18.18,18.25,17.55,100124.0,177870000.0,77.49,77.19,93.09,4.69,2.29,4345500,5666900.0,2026-05-22,16:14:39
300441,鲍斯股份,6.63,6.56,6.63,6.69,6.53,50048.0,33090000.0,42.72,41.5,25.56,1.69,0.8,2961500,2043300.0,2026-05-22,16:14:42
300442,润泽科技,93.35,91.58,92.9,93.8,90.51,503750.0,4655880000.0,1525.66,1523.05,29.33,10.68,3.09,24691200,25683800.0,2026-05-22,16:14:18
300443,金雷股份,27.78,26.21,26.36,27.83,26.31,121627.0,329900000.0,88.93,67.44,27.22,1.41,5.01,7077000,5085700.0,2026-05-22,16:14:45
300444,双杰电气,14.91,14.54,14.63,14.98,14.52,395979.0,588270000.0,119.08,92.66,25.55,5.79,6.37,21395500,18202300.0,2026-05-22,16:14:09
300445,康斯特,25.01,24.2,24.31,25.16,24.18,56921.0,140080000.0,53.13,35.15,45.8,4.11,4.05,3108700,2583400.0,2026-05-22,16:14:48
300446,航天智造,17.9,17.63,17.7,18.0,17.56,73959.0,131640000.0,151.33,66.87,18.18,2.5,1.98,3970200,3425700.0,2026-05-22,16:14:51
300447,全信股份,17.63,17.26,17.43,17.73,17.14,56826.0,99470000.0,55.06,35.52,201.84,2.74,2.82,2991100,2691500.0,2026-05-22,16:14:12
300448,浩云科技,7.82,7.65,7.71,7.91,7.57,215658.0,167590000.0,52.9,50.25,-195.4,4.34,3.36,11569900,9995800.0,2026-05-22,16:14:06
300449,汉邦高科,8.65,8.51,8.65,8.77,8.39,314362.0,269020000.0,33.39,33.39,-43.02,12.0,8.14,15412400,16023900.0,2026-05-22,16:14:15
300450,先导智能,51.25,50.1,50.6,51.78,50.11,393905.0,2010180000.0,858.04,799.2,53.5,4.8,2.53,20789300,18601200.0,2026-05-22,16:14:30
300451,创业慧康,4.09,4.03,4.07,4.18,3.98,276711.0,112550000.0,63.36,62.44,-13.61,1.61,1.81,14855900,12815200.0,2026-05-22,16:14:09
300452,山河药辅,12.87,12.8,12.86,12.96,12.7,46910.0,60110000.0,30.17,25.56,17.1,2.94,2.36,2740100,1951000.0,2026-05-22,16:14:33
300453,三鑫医疗,9.91,9.74,9.74,9.94,9.62,77645.0,76130000.0,51.74,35.66,18.51,3.38,2.16,3985400,3779200.0,2026-05-22,16:14:54
300454,深信服,115.79,112.5,113.6,117.39,111.11,101468.0,1163420000.0,499.7,333.48,86.47,4.6,3.52,5546400,4600400.0,2026-05-22,16:14:57
300455,航天智装,24.85,24.57,24.78,24.93,24.25,93847.0,231370000.0,178.37,176.09,-97.9,10.69,1.32,5028100,4356700.0,2026-05-22,16:14:18
300456,赛微电子,46.92,46.21,47.1,47.68,46.03,358389.0,1681160000.0,343.55,280.32,24.16,5.41,6.0,17784400,18054600.0,2026-05-22,16:14:21
300457,赢合科技,29.5,27.63,27.93,29.89,27.58,350950.0,1020210000.0,190.33,187.28,32.54,2.77,5.53,21166000,13929100.0,2026-05-22,16:14:21
300458,全志科技,36.66,35.81,35.99,36.88,35.74,384655.0,1400770000.0,363.12,290.31,97.19,11.51,4.86,19471200,18994300.0,2026-05-22,16:14:00
300459,汤姆猫,4.04,4.05,4.05,4.09,3.96,760314.0,305290000.0,142.04,132.8,-12.07,19.3,2.31,34145100,41886300.0,2026-05-22,16:14:24
300460,ST惠伦,10.33,9.88,10.08,10.38,9.91,74965.0,76890000.0,29.01,29.01,-18.13,6.31,2.67,4667000,2829500.0,2026-05-22,16:14:24
300461,田中精机,49.72,50.43,51.0,51.58,49.1,82392.0,413060000.0,78.09,71.45,1721.89,14.4,5.73,3885600,4353600.0,2026-05-22,16:14:27
300462,ST华铭,13.43,12.93,12.93,13.54,12.93,25556.0,33990000.0,24.34,18.54,-44.09,1.76,1.85,1613800,941800.0,2026-05-22,16:14:12
300463,迈克生物,9.85,9.88,9.89,9.92,9.74,69267.0,68020000.0,59.56,48.41,-117.2,0.95,1.41,3308100,3618600.0,2026-05-22,16:14:30
300464,星徽股份,9.19,9.38,9.49,9.65,9.05,275254.0,254020000.0,42.07,32.66,385.11,29.56,7.75,12485100,15040300.0,2026-05-22,16:14:33
300465,高伟达,14.09,14.07,14.16,14.37,13.93,107648.0,151970000.0,62.52,62.52,249.77,9.36,2.43,4765700,5999100.0,2026-05-22,16:14:27
300466,赛摩智能,9.14,8.94,9.0,9.14,8.78,89434.0,80220000.0,48.95,41.03,-183.38,7.06,1.99,5184300,3759100.0,2026-05-22,16:14:03
300467,迅游科技,38.14,37.95,38.6,38.6,37.6,57606.0,219580000.0,77.5,64.92,308.03,11.93,3.38,2395500,3365100.0,2026-05-22,16:14:06
300468,四方精创,26.4,26.47,26.45,26.71,26.06,157035.0,413970000.0,140.09,139.86,194.54,8.64,2.96,8192600,7510900.0,2026-05-22,16:14:09
300469,信息发展,55.27,54.91,56.0,57.38,54.77,72067.0,401520000.0,137.2,137.13,-80.05,58.62,2.9,3500400,3706300.0,2026-05-22,16:14:12
300470,中密控股,33.12,33.21,33.32,33.45,32.98,17827.0,59220000.0,68.88,65.29,19.26,2.32,0.9,838000,944700.0,2026-05-22,16:14:36
300471,厚普股份,11.02,10.72,10.86,11.13,10.67,87080.0,95260000.0,51.81,40.39,-6672.32,3.31,2.38,5188600,3519400.0,2026-05-22,16:14:15
300472,*ST新元,9.13,9.07,8.96,9.18,8.96,34947.0,31790000.0,25.13,22.45,-7.29,109.29,1.42,1787600,1707100.0,2026-05-22,16:14:30
300473,德尔股份,37.55,35.38,35.89,38.04,35.45,117207.0,432540000.0,64.83,56.52,37.04,3.38,7.79,6392300,5328400.0,2026-05-22,16:14:36
300474,景嘉微,63.31,62.3,62.3,63.67,62.27,107090.0,674580000.0,330.87,257.34,-199.49,4.85,2.63,5479700,5229300.0,2026-05-22,16:14:15
300475,香农芯创,187.69,177.75,181.21,187.86,179.22,359544.0,6614740000.0,881.28,844.67,47.5,17.86,7.99,20086300,15868100.0,2026-05-22,16:14:18
300476,胜宏科技,375.5,331.4,346.04,375.5,346.04,801700.0,28996150000.0,3690.36,3248.81,78.86,23.56,9.27,49669000,30501000.0,2026-05-22,16:14:21
300477,ST合纵,2.83,2.8,2.8,2.88,2.78,255604.0,72290000.0,30.34,28.05,-3.37,36.59,2.58,11463700,14096700.0,2026-05-22,16:14:39
300478,杭州高新,40.23,37.67,38.03,40.88,38.0,64095.0,255870000.0,50.96,50.96,-146.64,162.4,5.06,3633000,2776500.0,2026-05-22,16:14:42
300479,神思电子,16.3,16.1,16.34,16.46,15.97,42747.0,69380000.0,32.12,32.1,294.35,6.08,2.17,2341100,1933600.0,2026-05-22,16:14:18
300480,光力科技,37.96,37.05,37.21,38.38,35.68,298114.0,1117050000.0,140.54,102.55,260.43,8.29,11.03,14568400,15242900.0,2026-05-22,16:14:39
300481,濮阳惠成,15.54,15.03,15.16,15.66,14.77,162669.0,248760000.0,45.35,45.08,39.96,1.9,5.61,8334900,7932000.0,2026-05-22,16:14:42
300482,万孚生物,17.95,17.92,17.92,18.04,17.74,30930.0,55330000.0,84.02,77.2,-50.08,1.55,0.72,1563500,1529500.0,2026-05-22,16:14:45
300483,首华燃气,22.12,21.84,21.91,22.4,21.69,177179.0,390500000.0,84.45,84.43,41.85,2.3,4.64,8816300,8901600.0,2026-05-22,16:14:45
300484,蓝海华腾,18.24,17.82,17.9,18.25,17.65,71837.0,129120000.0,37.79,30.34,106.86,5.46,4.32,3783800,3400000.0,2026-05-22,16:14:21
300485,赛升药业,9.11,9.12,9.16,9.23,9.02,57644.0,52490000.0,43.88,24.94,-211.61,1.3,2.11,2296000,3468400.0,2026-05-22,16:14:33
300486,东杰智能,23.1,22.97,22.93,23.21,22.41,116579.0,266030000.0,110.22,110.19,458.84,6.49,2.44,5233800,6424100.0,2026-05-22,16:14:48
300487,蓝晓科技,60.95,60.27,60.88,61.28,59.88,31621.0,191820000.0,310.32,187.74,35.03,6.97,1.03,1633900,1528200.0,2026-05-22,16:14:51
300488,恒锋工具,36.6,36.01,36.44,36.88,35.28,73118.0,266410000.0,69.99,59.38,38.32,3.2,4.51,3934700,3377200.0,2026-05-22,16:14:24
300489,光智科技,135.0,128.91,130.23,136.3,127.18,85560.0,1132200000.0,187.86,187.18,-686.07,24.66,6.17,4234100,4322000.0,2026-05-22,16:14:24
300490,华自科技,17.42,16.97,16.92,17.45,16.83,165068.0,284360000.0,69.45,68.5,-69.85,3.12,4.2,8095200,8411600.0,2026-05-22,16:14:27
300491,通合科技,27.55,26.68,26.99,27.7,26.84,63584.0,173960000.0,48.95,43.52,105.57,4.06,4.02,2891600,3466800.0,2026-05-22,16:14:30
300492,华图山鼎,47.1,45.1,45.21,47.73,44.27,37328.0,171970000.0,92.64,92.64,38.52,36.25,1.9,1788300,1944400.0,2026-05-22,16:14:33
300493,润欣科技,16.99,16.5,16.66,17.0,16.4,171993.0,287250000.0,87.08,86.07,146.65,7.52,3.39,9577600,7621700.0,2026-05-22,16:14:54
300494,盛天网络,10.07,10.06,10.11,10.18,9.95,65221.0,65540000.0,49.39,40.11,3193.49,3.41,1.64,2898000,3624100.0,2026-05-22,16:14:36
300496,中科创达,71.65,69.04,70.0,72.1,69.0,313932.0,2232340000.0,330.14,264.12,71.78,3.2,8.52,15288500,16104700.0,2026-05-22,16:14:39
300497,富祥股份,15.98,15.88,16.03,16.08,15.62,176688.0,279430000.0,86.08,72.32,2189.59,3.83,3.9,9098400,8570300.0,2026-05-22,16:14:48
300498,温氏股份,13.78,14.28,14.35,14.41,13.6,912134.0,1263930000.0,916.91,819.81,42.0,2.32,1.53,36305000,54908400.0,2026-05-22,16:14:51
300499,高澜股份,45.31,43.14,43.71,45.6,42.85,365951.0,1618060000.0,138.31,122.98,452.98,9.93,13.48,19436100,17159000.0,2026-05-22,16:14:54
300500,启迪设计,11.93,11.61,11.79,12.04,11.5,34301.0,40440000.0,20.76,19.99,-24.01,2.08,2.05,1737900,1692200.0,2026-05-22,16:14:57
300501,海顺新材,14.66,14.59,14.74,15.14,14.51,79089.0,116630000.0,40.78,20.92,-79.4,3.18,5.54,3921700,3987200.0,2026-05-22,16:14:57
300502,新易盛,606.77,566.0,577.33,613.88,570.0,404278.0,23856790000.0,6042.81,5383.75,56.27,29.61,4.56,23435400,16992500.0,2026-05-22,16:14:42
300503,昊志机电,89.34,86.97,86.97,90.1,83.88,455739.0,3999790000.0,275.37,215.29,141.5,18.68,18.91,22244900,23329000.0,2026-05-22,16:14:00
300504,天邑股份,18.51,17.38,17.5,18.62,17.35,89337.0,161600000.0,50.17,40.4,-87.15,2.39,4.09,4908400,4025400.0,2026-05-22,16:14:45
300505,川金诺,22.81,22.46,22.46,22.97,22.21,110220.0,249560000.0,62.7,49.58,14.82,2.12,5.07,5707300,5314600.0,2026-05-22,16:14:00
300506,ST名家汇,5.14,5.1,5.05,5.15,5.0,107971.0,54770000.0,73.28,37.76,-114.92,5.36,1.47,4423500,6373600.0,2026-05-22,16:14:03
300507,苏奥传感,8.88,8.55,8.61,8.94,8.48,187076.0,163960000.0,71.1,68.82,68.17,3.28,2.41,10152000,8555600.0,2026-05-22,16:14:48
300508,维宏股份,47.52,47.14,47.76,48.67,46.55,41559.0,197760000.0,51.72,38.96,91.12,6.21,5.07,2084400,2071500.0,2026-05-22,16:14:03
300509,新美星,10.73,10.55,10.67,10.86,10.53,62166.0,66560000.0,31.8,26.51,24.92,4.64,2.52,3214700,3001900.0,2026-05-22,16:14:06
300510,金冠股份,3.98,3.9,3.93,4.02,3.86,224057.0,88220000.0,32.82,32.82,-9.36,1.71,2.72,12219200,10186400.0,2026-05-22,16:14:51
300511,雪榕生物,6.47,6.58,6.59,6.64,6.44,230726.0,149820000.0,41.46,35.33,21.18,2.32,4.23,9167200,13905400.0,2026-05-22,16:14:06
300512,中亚股份,8.93,8.75,8.87,9.02,8.66,49037.0,43350000.0,36.54,28.92,116.95,2.23,1.51,2495800,2408000.0,2026-05-22,16:14:27
300513,恒实科技,9.02,8.84,8.9,9.09,8.74,59961.0,53380000.0,28.29,25.9,-4.07,5.24,2.09,3008200,2987900.0,2026-05-22,16:14:09
300514,友讯达,12.17,11.83,11.96,12.29,11.72,33131.0,39770000.0,24.34,19.5,84.16,2.39,2.07,1650700,1662400.0,2026-05-22,16:14:30
300515,三德科技,17.49,16.83,17.0,17.8,16.68,49379.0,85630000.0,35.99,35.29,19.07,3.73,2.45,2574100,2363800.0,2026-05-22,16:14:54
300516,久之洋,37.6,36.96,37.66,38.06,36.96,34593.0,129780000.0,94.75,94.75,634.01,7.42,1.37,1825200,1634200.0,2026-05-22,16:14:36
300517,海波重科,12.92,12.72,13.01,13.05,12.56,67745.0,87240000.0,25.89,16.31,559.3,2.48,5.37,3670300,3104200.0,2026-05-22,16:14:57
300518,新迅达,32.48,31.91,32.51,33.21,30.96,117483.0,378510000.0,64.77,64.76,-59.95,9.8,5.89,5826600,5921700.0,2026-05-22,16:14:33
300519,新光药业,15.37,15.01,15.06,15.55,14.88,30696.0,46760000.0,24.59,17.54,43.88,2.84,2.69,1422000,1647600.0,2026-05-22,16:14:09
300520,科大国创,36.99,34.01,38.62,39.73,36.6,390251.0,1481270000.0,108.02,104.39,-55.26,6.31,13.83,19395100,19630000.0,2026-05-22,16:14:00
300521,爱司凯,25.36,25.48,25.07,25.8,24.75,54469.0,137580000.0,37.97,37.5,-281.4,7.12,3.68,2815200,2631700.0,2026-05-22,16:14:12
300522,世名科技,13.52,12.8,12.85,13.59,12.71,91565.0,121730000.0,43.6,35.57,254.87,5.6,3.48,5335200,3821300.0,2026-05-22,16:14:12
300523,辰安科技,23.32,23.34,23.6,23.92,23.09,50931.0,119070000.0,54.25,54.25,-25.01,5.61,2.19,2164400,2928700.0,2026-05-22,16:14:15
300525,博思软件,9.41,9.28,9.37,9.48,9.22,126792.0,118540000.0,71.37,58.66,40.83,2.85,2.03,6708400,5970800.0,2026-05-22,16:14:39
300527,ST应急,7.89,7.82,7.85,7.92,7.82,47147.0,37120000.0,80.22,80.22,568.94,2.77,0.46,2408800,2305900.0,2026-05-22,16:14:15
300528,幸福蓝海,17.28,16.66,17.0,18.37,16.66,374471.0,655870000.0,64.39,64.39,-29.35,16.78,10.05,18536800,18910300.0,2026-05-22,16:14:18
300529,健帆生物,18.79,18.69,18.63,18.93,18.53,46201.0,86670000.0,150.06,96.3,26.58,4.19,0.9,2193000,2427000.0,2026-05-22,16:14:36
300530,领湃科技,22.66,22.21,22.22,22.85,21.82,20698.0,46430000.0,38.96,38.96,-30.66,53.59,1.2,1099500,970300.0,2026-05-22,16:14:18
300531,优博讯,18.4,18.53,18.56,18.74,18.0,153267.0,282780000.0,59.08,57.34,56.04,4.11,4.92,7042800,8283900.0,2026-05-22,16:14:21
300532,今天国际,7.72,7.65,7.67,7.75,7.53,68307.0,52240000.0,49.07,46.68,22.62,2.8,1.13,3552500,3278200.0,2026-05-22,16:14:03
300533,冰川网络,27.02,27.03,26.88,27.27,26.6,48879.0,131570000.0,63.35,44.58,22.24,4.16,2.96,2226800,2661100.0,2026-05-22,16:14:42
300534,陇神戎发,8.54,8.42,8.54,8.56,8.32,41387.0,34950000.0,25.91,25.8,52.47,3.56,1.37,2256900,1881900.0,2026-05-22,16:14:21
300535,达威股份,18.12,17.6,17.65,18.24,17.32,24004.0,42810000.0,19.39,14.71,87.53,2.03,2.96,1231700,1168700.0,2026-05-22,16:14:45
300536,农尚环境,13.46,13.33,13.5,14.19,13.43,265963.0,367680000.0,39.48,39.47,-16.74,14.01,9.07,15127400,11468900.0,2026-05-22,16:14:48
300537,广信材料,30.28,28.34,28.34,31.65,28.22,337458.0,1011280000.0,62.92,45.95,551.24,6.94,22.24,17486400,16259300.0,2026-05-22,16:14:24
300538,同益股份,17.33,16.85,16.77,17.45,16.55,91183.0,155390000.0,31.53,20.97,-68.65,3.47,7.54,4815000,4303300.0,2026-05-22,16:14:06
300539,横河精密,30.63,30.77,31.06,32.08,30.5,89473.0,279080000.0,82.12,66.74,159.23,7.19,4.11,4205900,4741500.0,2026-05-22,16:14:27
300540,蜀道装备,28.89,27.45,27.52,29.5,27.5,131126.0,373450000.0,66.32,59.72,90.82,5.85,6.34,6946400,6166200.0,2026-05-22,16:14:24
300541,先进数通,12.19,12.04,12.13,12.25,12.01,79003.0,95770000.0,52.42,47.3,66.05,3.0,2.04,3956300,3944000.0,2026-05-22,16:14:09
300542,新晨科技,14.84,15.03,15.1,15.28,14.75,51940.0,77260000.0,44.31,36.74,-181.22,8.31,2.1,2209700,2984300.0,2026-05-22,16:14:30
300543,朗科智能,9.39,9.18,9.25,9.46,9.02,62450.0,57650000.0,28.77,23.49,-318.18,2.03,2.5,3494000,2751000.0,2026-05-22,16:14:27
300545,联得装备,35.91,34.84,35.19,36.16,34.03,160525.0,567710000.0,66.6,42.93,69.72,3.06,13.43,8800800,7251700.0,2026-05-22,16:14:51
300546,雄帝科技,19.76,19.68,20.05,20.17,19.4,40197.0,79210000.0,36.88,26.46,142.65,3.29,3.0,2062100,1957600.0,2026-05-22,16:14:33
300547,川环科技,42.0,40.81,41.0,42.49,40.49,115072.0,480770000.0,91.1,74.85,46.22,6.58,6.46,6503300,5003900.0,2026-05-22,16:14:36
300548,长芯博创,240.3,231.47,236.1,241.4,233.05,125835.0,2993750000.0,700.65,647.08,186.73,33.51,4.67,6677900,5905600.0,2026-05-22,16:14:12
300549,优德精密,17.95,17.4,17.4,18.12,17.14,26621.0,46980000.0,23.93,18.14,446.37,4.34,2.63,1343900,1318200.0,2026-05-22,16:14:30
300550,和仁科技,13.52,13.38,13.47,13.73,13.36,51506.0,69700000.0,35.5,35.46,83.87,3.11,1.96,2360800,2789700.0,2026-05-22,16:14:54
300551,古鳌科技,13.45,13.73,13.7,13.95,13.38,113292.0,153660000.0,45.74,45.61,-18.6,14.93,3.34,5165700,6163500.0,2026-05-22,16:14:39
300552,万集科技,29.99,29.93,29.89,30.67,29.38,129536.0,387310000.0,63.92,40.51,-41.0,3.68,9.59,5616400,7337200.0,2026-05-22,16:14:33
300553,集智股份,67.26,60.85,60.67,67.5,60.67,79378.0,513120000.0,74.67,57.1,436.09,8.79,9.35,3957900,3979900.0,2026-05-22,16:14:42
300554,三超新材,27.62,25.81,26.0,28.14,25.52,68526.0,184670000.0,31.55,21.85,-20.14,6.37,8.66,3816800,3035800.0,2026-05-22,16:14:45
300555,ST路通,14.36,13.72,13.94,14.45,13.81,26227.0,37230000.0,28.72,28.43,-30.09,6.97,1.32,1794400,828300.0,2026-05-22,16:14:36
300556,丝路视觉,21.04,20.87,20.89,21.21,20.51,69578.0,145430000.0,25.58,22.83,-116.17,6.36,6.41,3480400,3477400.0,2026-05-22,16:14:48
300557,理工光科,38.88,37.79,38.55,38.93,37.71,39230.0,150650000.0,46.99,46.42,99.66,4.64,3.29,2189300,1733700.0,2026-05-22,16:14:51
300558,贝达药业,48.66,49.68,49.78,50.1,48.1,103559.0,505090000.0,204.73,204.08,46.41,3.01,2.47,4527900,5828000.0,2026-05-22,16:14:54
300559,佳发教育,12.82,12.46,12.63,12.93,12.33,121495.0,153550000.0,51.22,39.89,141.7,4.37,3.9,6668700,5480800.0,2026-05-22,16:14:39
300560,中富通,17.14,16.31,16.58,17.27,16.09,117348.0,195450000.0,39.38,32.05,-51.95,4.43,6.28,6142500,5592300.0,2026-05-22,16:14:39
300561,*ST汇科,19.41,17.99,18.48,19.6,18.22,92796.0,175180000.0,63.69,46.79,-326.96,10.98,3.85,5331600,3948000.0,2026-05-22,16:14:57
300562,乐心医疗,13.29,13.16,13.35,13.37,12.96,62909.0,82810000.0,29.05,21.66,31.88,2.81,3.86,3129600,3161300.0,2026-05-22,16:14:42
300563,神宇股份,30.9,29.85,30.08,31.18,29.89,37376.0,114490000.0,56.28,39.6,74.67,4.88,2.92,2169400,1568200.0,2026-05-22,16:14:00
300564,筑博设计,16.53,16.12,16.23,17.04,16.16,39993.0,66120000.0,26.67,18.71,57.37,2.15,3.53,2252700,1746600.0,2026-05-22,16:14:57
300565,科信技术,14.75,14.17,14.24,15.08,14.06,239689.0,352180000.0,36.83,33.66,-40.29,7.06,10.5,12855100,11113800.0,2026-05-22,16:14:03
300566,激智科技,23.09,21.91,21.99,23.2,21.2,366173.0,820850000.0,60.52,52.34,29.99,2.72,16.15,17511400,19105900.0,2026-05-22,16:14:42
300567,精测电子,195.3,190.83,195.0,196.0,180.88,161129.0,3016880000.0,546.34,443.43,627.0,13.08,7.1,8320900,7792000.0,2026-05-22,16:14:45
300568,星源材质,18.23,17.75,18.02,18.64,17.66,1196462.0,2172780000.0,245.32,220.32,1295.73,2.52,9.9,59965100,59681100.0,2026-05-22,16:14:06
300569,天能重工,5.72,5.64,5.66,5.77,5.6,186949.0,106550000.0,58.5,58.32,59.95,1.12,1.83,10337900,8357000.0,2026-05-22,16:14:15
300570,太辰光,161.42,148.52,151.0,162.0,150.66,271162.0,4246060000.0,366.63,310.24,128.47,20.73,14.11,16329600,10786600.0,2026-05-22,16:14:45
300571,平治信息,64.71,59.41,61.24,65.0,59.44,227280.0,1408580000.0,90.29,74.83,-43.82,7.32,19.65,12581600,10146400.0,2026-05-22,16:14:48
300572,安车检测,33.19,31.37,31.55,33.33,31.14,77892.0,252560000.0,76.0,60.17,-42.4,4.72,4.3,4220000,3569200.0,2026-05-22,16:14:00
300573,兴齐眼药,43.55,44.76,44.77,44.86,43.12,62060.0,271210000.0,155.61,119.5,20.57,8.03,2.26,2685800,3520200.0,2026-05-22,16:14:18
300575,中旗股份,6.63,6.44,6.53,6.68,6.37,129271.0,84830000.0,31.62,22.72,-20.28,1.63,3.77,7092500,5834600.0,2026-05-22,16:14:51
300576,容大感光,45.78,42.46,42.86,46.7,42.6,438155.0,1970490000.0,167.72,105.46,151.97,9.64,19.02,24394900,19420600.0,2026-05-22,16:14:21
300577,开润股份,18.73,19.1,19.11,19.42,18.69,27059.0,51030000.0,44.92,26.63,13.04,2.05,1.9,1176700,1529200.0,2026-05-22,16:14:24
300578,会畅科技,20.41,19.77,19.71,20.7,19.25,66947.0,133420000.0,40.47,40.46,-124.78,3.51,3.38,3660300,3034400.0,2026-05-22,16:14:09
300579,数字认证,25.29,25.07,25.68,26.11,24.9,37890.0,95980000.0,68.28,65.87,-82.16,8.63,1.45,1832400,1956600.0,2026-05-22,16:14:48
300580,贝斯特,28.67,27.25,27.54,29.8,27.33,233218.0,665180000.0,144.02,135.49,51.13,4.29,4.93,12533200,10788600.0,2026-05-22,16:14:51
300581,晨曦航空,12.06,11.79,11.82,12.13,11.64,82149.0,97710000.0,66.34,66.34,-97.09,7.25,1.49,4603600,3611300.0,2026-05-22,16:14:27
300582,英飞特,16.65,16.5,16.34,17.1,15.9,191757.0,316640000.0,49.71,36.89,-10.12,5.65,8.65,9125100,10050600.0,2026-05-22,16:14:03
300583,赛托生物,14.35,14.06,14.15,14.47,13.92,28549.0,40500000.0,27.22,26.71,-64.78,1.54,1.53,1497900,1357000.0,2026-05-22,16:14:54
300584,海辰药业,37.05,36.6,37.06,37.33,36.26,18677.0,68940000.0,44.46,30.42,100.17,4.15,2.27,1082400,785300.0,2026-05-22,16:14:54
300585,奥联电子,20.79,22.14,22.36,22.44,20.61,145382.0,306020000.0,35.57,35.57,-48.37,5.61,8.5,8070700,6467500.0,2026-05-22,16:14:57
300586,美联新材,12.37,11.28,11.51,12.44,11.39,557681.0,672090000.0,87.98,66.13,-112.22,4.77,10.43,33081900,22686300.0,2026-05-22,16:14:57
300587,天铁科技,5.68,5.66,5.7,5.75,5.6,198978.0,112830000.0,73.74,59.79,-35.04,3.29,1.89,10440400,9457400.0,2026-05-22,16:14:30
300588,熙菱信息,20.41,20.34,20.54,20.76,20.03,26214.0,53160000.0,39.08,36.09,-86.61,15.25,1.48,1451800,1169600.0,2026-05-22,16:14:00
300589,江龙船艇,14.62,14.3,14.57,14.72,14.29,115690.0,168390000.0,55.22,34.27,-43.99,7.95,4.93,6278400,5290700.0,2026-05-22,16:14:33
300590,移为通信,15.25,15.11,15.18,15.35,14.72,261708.0,392830000.0,70.49,54.57,60.4,3.7,7.31,13537600,12633300.0,2026-05-22,16:14:00
300591,万里马,8.06,7.91,8.0,8.2,7.91,139961.0,112720000.0,32.7,28.25,-24.13,19.12,3.99,7830800,6165300.0,2026-05-22,16:14:12
300592,华凯易佰,13.08,12.74,12.74,13.2,12.54,87428.0,112790000.0,52.89,45.63,22.67,2.21,2.51,4192400,4550400.0,2026-05-22,16:14:15
300593,新雷能,33.32,29.81,30.0,34.03,29.5,514585.0,1638710000.0,180.76,150.03,-92.8,7.88,11.43,29205300,22253200.0,2026-05-22,16:14:36
300594,ST朗进,18.33,17.93,17.9,18.47,17.61,25227.0,45590000.0,16.84,16.68,-122.02,2.21,2.77,1334800,1187900.0,2026-05-22,16:14:03
300595,欧普康视,12.46,12.64,12.74,12.83,12.39,95793.0,119860000.0,111.55,83.29,23.97,2.26,1.43,4389700,5189600.0,2026-05-22,16:14:18
300596,利安隆,43.95,43.07,43.16,44.4,42.8,41712.0,182290000.0,100.92,100.92,19.38,2.04,1.82,2139300,2031900.0,2026-05-22,16:14:39
300597,吉大通信,9.89,9.62,9.75,10.02,9.52,82078.0,80380000.0,26.96,26.84,-31.16,2.88,3.02,4319800,3888000.0,2026-05-22,16:14:42
300598,诚迈科技,37.1,36.93,37.0,37.49,36.3,50696.0,187190000.0,80.5,80.48,-84.35,5.7,2.34,2445800,2623800.0,2026-05-22,16:14:06
300599,雄塑科技,12.82,12.24,12.24,12.94,12.23,192605.0,243510000.0,45.91,40.61,-94.66,2.35,6.08,9997800,9262700.0,2026-05-22,16:14:21
300600,国瑞科技,11.7,11.5,11.63,11.79,11.47,41512.0,48410000.0,34.43,34.43,-62.98,2.87,1.41,2274300,1876900.0,2026-05-22,16:14:45
300601,康泰生物,13.4,13.44,13.5,13.57,13.3,105111.0,141040000.0,149.67,120.65,184.24,1.64,1.17,4998400,5512700.0,2026-05-22,16:14:09
300602,飞荣达,39.83,38.45,38.61,40.15,38.01,282334.0,1112420000.0,231.76,157.49,60.33,5.58,7.14,15045200,13188100.0,2026-05-22,16:14:24
300603,立昂技术,11.12,10.92,11.03,11.29,10.63,387110.0,428270000.0,51.69,41.58,-28.82,4.1,10.35,19827600,18883400.0,2026-05-22,16:14:12
300604,长川科技,236.02,234.77,237.71,241.77,229.5,348710.0,8186840000.0,1497.35,1155.25,95.2,29.4,7.12,16694800,18176200.0,2026-05-22,16:14:03
300605,恒锋信息,12.26,12.04,12.14,12.38,11.85,51174.0,62160000.0,20.25,15.49,-52.54,4.64,4.05,2374800,2742600.0,2026-05-22,16:14:06
300606,金太阳,38.24,37.14,37.1,38.87,36.63,167567.0,638420000.0,52.9,45.0,264.14,7.71,14.24,8237900,8518800.0,2026-05-22,16:14:27
300607,拓斯达,33.8,33.74,33.5,34.21,32.88,342811.0,1154570000.0,161.22,114.07,136.51,5.52,10.16,16652100,17629000.0,2026-05-22,16:14:30
300608,思特奇,15.89,15.41,15.62,16.2,15.27,551321.0,867680000.0,54.19,47.25,-29.84,4.29,18.54,26319500,28812600.0,2026-05-22,16:14:33
300609,汇纳科技,38.67,37.38,37.66,39.66,37.14,57155.0,220670000.0,46.45,46.38,-45.97,5.06,4.77,3402300,2313200.0,2026-05-22,16:14:09
300610,晨化股份,12.05,11.6,11.61,12.17,11.49,54562.0,64920000.0,25.66,19.95,39.59,2.21,3.3,2998500,2457700.0,2026-05-22,16:14:36
300611,美力科技,28.96,27.84,28.0,29.18,27.63,120721.0,344360000.0,61.13,42.95,47.3,4.75,8.14,6964600,5107400.0,2026-05-22,16:14:06
300612,宣亚国际,13.89,14.02,14.28,14.33,13.72,69684.0,97020000.0,25.07,24.99,-28.43,5.85,3.87,3366100,3602300.0,2026-05-22,16:14:15
300613,富瀚微,63.77,60.72,62.39,64.5,61.5,209992.0,1323010000.0,148.46,140.04,68.93,5.09,9.56,11007200,9992100.0,2026-05-22,16:14:48
300614,百川畅银,13.14,12.58,12.69,13.22,12.54,39269.0,50710000.0,21.08,21.08,-5.15,2.92,2.45,2157800,1769100.0,2026-05-22,16:14:18
300615,欣天科技,14.15,13.87,13.95,14.31,13.68,78507.0,110020000.0,27.31,21.66,-70.93,5.94,5.13,3645200,4205500.0,2026-05-22,16:14:51
300616,尚品宅配,17.06,16.93,17.59,18.48,17.0,163099.0,285990000.0,38.3,26.48,-12.49,1.33,10.51,8005400,8304600.0,2026-05-22,16:14:12
300617,安靠智电,63.06,59.14,60.0,63.45,58.68,102300.0,630610000.0,104.5,87.61,132.61,3.45,7.36,6290100,3939900.0,2026-05-22,16:14:15
300618,寒锐钴业,42.84,41.61,41.52,42.84,41.01,83992.0,351950000.0,132.67,116.74,48.0,2.39,3.08,4394600,4004600.0,2026-05-22,16:14:21
300619,金银河,45.56,44.35,44.35,46.05,44.23,62340.0,283550000.0,79.27,66.74,111.91,5.02,4.26,3264700,2969300.0,2026-05-22,16:14:54
300620,光库科技,266.18,249.9,254.19,270.85,254.1,151493.0,4026410000.0,663.27,657.74,315.0,30.78,6.13,8060000,7089300.0,2026-05-22,16:14:57
300621,维业股份,8.52,8.24,8.31,8.6,8.11,57812.0,48470000.0,17.73,17.26,-3.94,3.3,2.85,2922200,2858900.0,2026-05-22,16:14:00
300622,博士眼镜,24.84,25.36,25.36,25.6,24.5,94962.0,236030000.0,56.6,38.69,35.75,5.98,6.1,4453600,5042600.0,2026-05-22,16:14:03
300623,捷捷微电,33.65,32.55,32.56,34.2,32.23,394319.0,1320630000.0,279.99,258.22,60.19,4.57,5.14,20510500,18921400.0,2026-05-22,16:14:09
300624,万兴科技,62.9,63.75,63.94,64.5,61.67,85723.0,538050000.0,121.61,107.71,-114.29,12.45,5.01,3717000,4855200.0,2026-05-22,16:14:24
300625,三雄极光,12.1,11.9,11.98,12.25,11.72,32431.0,38870000.0,33.8,19.6,-62.65,1.75,2.0,1811300,1431800.0,2026-05-22,16:14:06
300626,华瑞股份,32.52,29.18,29.33,33.0,28.3,127433.0,399350000.0,58.54,58.5,395.91,11.0,7.08,6795900,5947400.0,2026-05-22,16:14:12
300627,华测导航,29.55,29.62,29.9,29.9,29.49,81580.0,241870000.0,232.53,191.52,34.81,5.79,1.26,3965000,4193000.0,2026-05-22,16:14:39
300628,亿联网络,38.01,37.38,37.81,38.14,37.01,81046.0,304460000.0,481.51,275.86,17.87,4.82,1.12,4178100,3926500.0,2026-05-22,16:14:09
300629,新劲刚,26.59,25.55,25.54,26.76,25.42,136180.0,358830000.0,66.85,57.64,60.32,3.77,6.28,7731400,5886600.0,2026-05-22,16:14:15
300630,普利退,0.89,0.89,0.0,0.0,0.0,0.0,0.0,5.0,3.99,-4.71,0.16,0.0,0,0.0,2026-05-22,09:00:00
300631,久吾高科,27.25,26.62,26.88,27.36,26.51,27366.0,73770000.0,34.07,33.14,47.43,2.51,2.25,1427400,1309200.0,2026-05-22,16:14:42
300632,光莆股份,36.68,35.66,36.71,37.67,34.28,634549.0,2279680000.0,111.94,81.13,-355.66,6.46,28.69,30883100,32571900.0,2026-05-22,16:14:27
300633,开立医疗,22.06,22.52,22.64,22.79,21.91,46990.0,104330000.0,95.46,59.12,53.75,2.93,1.75,2132500,2566500.0,2026-05-22,16:14:45
300634,彩讯股份,27.67,27.12,27.64,27.93,26.68,348936.0,955730000.0,124.85,120.16,51.49,4.1,8.03,16413200,18480400.0,2026-05-22,16:14:48
300635,中达安,14.78,14.37,14.49,14.94,14.1,46367.0,67730000.0,20.69,17.8,-22.92,6.73,3.85,2502000,2134700.0,2026-05-22,16:14:30
300636,同和药业,7.24,7.05,7.13,7.4,7.08,75773.0,54500000.0,30.4,26.6,42.77,1.28,2.06,4140900,3436400.0,2026-05-22,16:14:33
300637,扬帆新材,11.39,10.81,10.99,11.54,10.74,119902.0,134630000.0,26.74,26.71,1353.37,3.82,5.11,6399000,5591200.0,2026-05-22,16:14:18
300638,广和通,23.46,23.36,23.6,24.03,23.14,138402.0,327180000.0,210.97,124.44,88.3,3.38,2.61,7204400,6635800.0,2026-05-22,16:14:36
300639,凯普生物,6.18,6.18,6.22,6.26,6.11,148567.0,91470000.0,39.95,39.25,-37.54,1.05,2.34,7038300,7818400.0,2026-05-22,16:14:12
300640,德艺文创,7.33,7.36,7.44,7.46,7.18,126320.0,92200000.0,22.8,16.18,221.65,2.81,5.72,5841400,6790600.0,2026-05-22,16:14:51
300641,正丹股份,15.7,15.36,15.36,15.93,15.22,90216.0,141350000.0,82.51,82.51,21.01,2.52,1.72,4782500,4239100.0,2026-05-22,16:14:15
300642,透景生命,15.24,15.1,15.1,15.42,14.88,27504.0,41650000.0,24.77,20.99,-1013.35,1.74,2.0,1334300,1416100.0,2026-05-22,16:14:21
300643,万通智控,18.4,18.13,18.35,18.6,17.96,40201.0,73500000.0,42.55,42.45,26.51,3.24,1.74,2174700,1845400.0,2026-05-22,16:14:18
300644,南京聚隆,27.83,27.08,27.15,28.08,26.82,25089.0,69170000.0,30.8,24.66,24.11,2.85,2.83,1368500,1140300.0,2026-05-22,16:14:21
300645,正元智慧,15.34,15.06,15.21,15.46,14.91,33657.0,51220000.0,21.8,21.37,165.2,2.07,2.42,1691400,1674300.0,2026-05-22,16:14:24
300647,超频三,6.9,6.67,6.77,6.98,6.64,180669.0,123090000.0,31.56,31.51,-22.09,7.36,3.96,9285100,8781800.0,2026-05-22,16:14:18
300648,星云股份,55.42,52.0,52.0,55.91,51.5,59863.0,325610000.0,96.59,73.54,-41.62,8.32,4.51,3334300,2652000.0,2026-05-22,16:14:54
300649,杭州园林,21.86,20.89,20.89,22.55,20.7,66398.0,144040000.0,28.95,23.2,-68.52,6.55,6.26,3871500,2768300.0,2026-05-22,16:14:27
300650,太龙股份,16.05,15.48,15.46,16.21,15.42,79337.0,125400000.0,38.75,27.34,94.1,2.7,4.66,4225200,3708500.0,2026-05-22,16:14:30
300651,金陵体育,25.38,25.05,25.13,25.73,24.8,86634.0,219480000.0,35.84,26.24,56.8,3.28,8.38,4274700,4388700.0,2026-05-22,16:14:33
300652,雷迪克,49.28,47.47,47.46,49.64,46.4,67693.0,324650000.0,65.73,59.0,49.4,4.25,5.65,3468100,3301200.0,2026-05-22,16:14:21
300653,正海生物,16.82,16.56,16.7,16.94,16.4,15676.0,26160000.0,30.28,30.28,42.92,3.35,0.87,806700,760900.0,2026-05-22,16:14:24
300654,世纪天鸿,10.57,10.3,10.43,10.6,10.18,96908.0,100880000.0,38.7,37.27,153.6,4.51,2.75,4672200,5018700.0,2026-05-22,16:14:24
300655,晶瑞电材,16.79,16.76,16.61,16.91,16.3,804686.0,1338150000.0,180.15,179.13,160.07,7.0,7.54,36479800,43988800.0,2026-05-22,16:14:39
300656,民德电子,32.26,31.8,32.01,32.8,31.6,71813.0,230260000.0,55.2,42.87,-34.18,6.42,5.4,3730100,3451200.0,2026-05-22,16:14:42
300657,弘信电子,50.25,48.98,48.73,51.0,47.5,1237139.0,6084400000.0,242.27,235.42,135.84,17.05,26.41,59994900,63719100.0,2026-05-22,16:14:57
300658,延江股份,12.97,12.48,13.04,13.18,12.67,233172.0,301270000.0,43.16,28.64,70.95,3.19,10.56,12133700,11183500.0,2026-05-22,16:14:45
300659,中孚信息,12.26,12.07,12.25,12.46,11.97,55502.0,67560000.0,31.92,23.2,-32.67,2.73,2.93,2612600,2937600.0,2026-05-22,16:14:48
300660,江苏雷利,48.06,47.58,47.3,48.4,46.3,135004.0,643090000.0,214.89,214.72,79.28,6.0,3.02,6246400,7253900.0,2026-05-22,16:14:27
300661,圣邦股份,111.01,109.62,111.0,112.5,108.35,190160.0,2095970000.0,689.01,664.98,112.77,12.89,3.17,9652700,9363300.0,2026-05-22,16:14:27
300662,科锐国际,22.72,22.89,22.9,23.02,22.43,33105.0,74940000.0,44.71,44.58,12.86,1.9,1.69,1531200,1779300.0,2026-05-22,16:14:30
300663,科蓝软件,8.39,8.25,8.47,8.49,8.27,218798.0,183190000.0,40.14,38.57,-9.62,12.53,4.76,11174700,10705200.0,2026-05-22,16:14:33
300664,鹏鹞环保,5.3,5.11,5.16,5.38,5.1,143716.0,75180000.0,40.08,39.88,36.81,0.92,1.91,8028900,6342600.0,2026-05-22,16:14:36
300665,飞鹿股份,9.75,9.33,9.32,9.82,9.25,137411.0,130930000.0,22.38,21.26,-10.71,4.97,6.3,6605200,7136000.0,2026-05-22,16:14:30
300666,江丰电子,196.6,190.64,192.99,201.87,184.0,172282.0,3326540000.0,521.62,434.71,94.49,10.27,7.79,8559800,8668400.0,2026-05-22,16:14:33
300667,必创科技,19.09,18.6,18.95,19.3,18.61,107191.0,203970000.0,39.07,32.96,-40.53,3.78,6.21,5855800,4863300.0,2026-05-22,16:14:36
300668,杰恩股份,61.45,59.29,59.94,62.33,57.0,36920.0,224690000.0,73.97,61.26,741.14,9.49,3.7,1920200,1771800.0,2026-05-22,16:14:00
300669,沪宁股份,34.39,34.08,34.08,35.19,33.2,44304.0,151480000.0,66.27,62.76,375.23,7.53,2.43,2105800,2324600.0,2026-05-22,16:14:51
300670,大烨智能,7.03,6.61,7.09,7.12,6.5,169398.0,116150000.0,22.28,15.8,-11.14,5.26,7.54,8463300,8476500.0,2026-05-22,16:14:39
300671,富满微,50.12,49.7,49.7,50.47,48.07,145050.0,716900000.0,110.96,110.64,-80.58,6.99,6.57,6832100,7673000.0,2026-05-22,16:14:03
300672,国科微,296.73,259.92,265.12,304.99,247.0,227654.0,6250120000.0,644.21,624.13,-280.27,16.71,10.82,12188100,10577300.0,2026-05-22,16:14:54
300673,佩蒂股份,14.99,14.7,14.74,15.13,14.67,23181.0,34590000.0,37.07,24.05,36.52,2.11,1.44,1279300,1038800.0,2026-05-22,16:14:42
300674,宇信科技,18.06,18.21,18.26,18.39,17.95,83259.0,150920000.0,127.15,126.96,30.33,2.88,1.18,3938200,4387600.0,2026-05-22,16:14:39
300675,建科院,15.57,15.32,15.48,15.67,15.09,25612.0,39340000.0,22.84,22.84,-29.96,4.64,1.75,1386400,1174800.0,2026-05-22,16:14:57
300676,华大基因,37.43,38.9,38.19,38.59,37.18,105823.0,397750000.0,156.58,155.73,-27.3,1.86,2.54,4927500,5654900.0,2026-05-22,16:14:36
300677,英科医疗,47.33,47.7,48.19,48.76,47.29,109706.0,524830000.0,309.89,220.37,46.39,1.7,2.36,5619500,5351100.0,2026-05-22,16:14:45
300678,中科信息,26.88,27.78,27.78,27.96,26.51,94537.0,254160000.0,79.67,78.27,505.39,9.26,3.25,4420300,5033400.0,2026-05-22,16:14:39
300679,电连技术,53.8,50.95,52.25,54.29,51.11,243110.0,1290260000.0,228.55,193.38,97.89,4.57,6.76,14226000,10084900.0,2026-05-22,16:14:00
300680,隆盛科技,43.7,43.17,43.36,43.75,42.2,111513.0,483310000.0,99.51,76.84,41.5,4.79,6.34,5023900,6127400.0,2026-05-22,16:14:03
300681,英搏尔,33.57,33.25,33.32,33.85,32.83,106623.0,355390000.0,102.74,77.48,44.32,3.32,4.62,5461900,5200400.0,2026-05-22,16:14:42
300682,朗新科技,14.27,14.09,14.18,14.45,13.9,169904.0,240960000.0,153.86,147.17,296.6,2.29,1.65,8255000,8735400.0,2026-05-22,16:14:06
300683,海特生物,31.72,32.63,32.74,33.28,31.31,63077.0,200580000.0,41.52,38.72,-17.27,1.94,5.17,2771200,3536500.0,2026-05-22,16:14:45
300684,中石科技,64.25,60.79,61.88,64.93,61.0,140899.0,886890000.0,192.43,131.26,56.33,8.63,6.9,7674400,6415500.0,2026-05-22,16:14:48
300685,艾德生物,18.96,19.12,19.27,19.31,18.93,61025.0,116350000.0,73.96,73.86,20.78,3.96,1.57,2661100,3441500.0,2026-05-22,16:14:51
300686,智动力,17.53,17.48,17.63,17.85,17.24,76915.0,134270000.0,45.69,45.39,-28.19,6.04,2.97,3643400,4048100.0,2026-05-22,16:14:42
300687,赛意信息,32.85,31.4,32.18,33.32,31.53,270168.0,879150000.0,134.16,107.39,-133.99,5.01,8.26,13828900,13187900.0,2026-05-22,16:14:48
300688,创业黑马,25.93,24.84,24.99,26.42,24.65,69671.0,177870000.0,43.4,38.47,-79.45,11.84,4.7,3876600,3090500.0,2026-05-22,16:14:51
300689,澄天伟业,57.57,55.8,56.08,58.87,56.08,28061.0,161930000.0,66.55,58.25,956.85,9.61,2.77,1474700,1331400.0,2026-05-22,16:14:54
300690,双一科技,26.9,26.46,26.55,27.08,26.22,32948.0,88260000.0,44.48,29.82,29.52,2.75,2.97,1884400,1410500.0,2026-05-22,16:14:45
300691,联合光电,18.3,17.9,18.16,18.4,17.8,97754.0,176900000.0,49.24,40.4,167.55,2.99,4.43,5027300,4748100.0,2026-05-22,16:14:57
300692,中赋科技,8.8,8.55,8.65,8.88,8.56,118690.0,103900000.0,49.48,45.15,75.48,1.59,2.31,6921200,4947900.0,2026-05-22,16:14:00
300693,盛弘股份,58.46,57.39,58.15,59.33,56.88,149620.0,873350000.0,182.86,157.17,37.44,8.72,5.57,7128400,7833600.0,2026-05-22,16:14:03
300694,蠡湖股份,11.73,11.54,11.59,11.84,11.38,47850.0,55550000.0,25.46,25.43,19.49,1.68,2.21,2659500,2125500.0,2026-05-22,16:14:06
300695,兆丰股份,70.94,70.43,71.15,71.5,68.69,18094.0,127160000.0,72.54,72.54,23.98,2.52,1.77,995600,813700.0,2026-05-22,16:14:06
300696,爱乐达,34.83,35.09,35.23,35.74,34.24,67844.0,237150000.0,102.11,92.65,190.26,5.35,2.55,3097600,3686800.0,2026-05-22,16:14:09
300697,电工合金,17.32,16.35,16.44,17.65,16.44,136178.0,233250000.0,74.93,57.37,40.45,5.71,4.11,7696900,5920800.0,2026-05-22,16:14:09
300698,万马科技,39.57,40.18,40.2,40.44,38.53,90726.0,357530000.0,53.02,46.91,110.25,9.91,7.65,3938000,5134600.0,2026-05-22,16:14:12
300699,光威复材,34.07,33.28,33.6,34.15,33.2,241888.0,816060000.0,283.24,279.85,49.69,4.88,2.94,12099600,12089200.0,2026-05-22,16:14:12
300700,岱勒新材,20.52,19.07,19.2,20.55,19.2,165352.0,331640000.0,81.47,55.53,-51.47,10.56,6.11,9743200,6792000.0,2026-05-22,16:14:15
300701,森霸传感,12.44,12.09,12.19,12.5,11.91,88192.0,108200000.0,35.17,30.99,46.88,3.55,3.54,4592700,4226500.0,2026-05-22,16:14:48
300702,天宇股份,19.56,19.15,19.51,19.77,19.2,30433.0,59290000.0,68.06,41.16,71.11,1.85,1.45,1542300,1501000.0,2026-05-22,16:14:18
300703,创源股份,16.49,16.5,16.57,16.68,16.17,49572.0,81610000.0,29.75,27.42,141.15,3.85,2.98,2801900,2155400.0,2026-05-22,16:14:09
300705,九典制药,11.58,11.68,11.74,11.77,11.45,49008.0,56610000.0,57.93,42.72,14.35,2.18,1.33,2348800,2551900.0,2026-05-22,16:14:15
300706,阿石创,51.21,49.98,50.32,51.78,50.0,165846.0,844140000.0,78.51,58.17,-231.88,11.38,14.6,8232300,8352300.0,2026-05-22,16:14:18
300707,威唐工业,14.38,14.05,14.26,14.45,13.92,48991.0,69530000.0,25.39,20.97,94.54,2.27,3.36,2662700,2236400.0,2026-05-22,16:14:51
300708,聚灿光电,9.53,9.39,9.42,9.6,9.0,675171.0,627160000.0,89.48,67.66,51.67,3.12,9.51,32777600,34739500.0,2026-05-22,16:14:21
300709,精研科技,48.98,47.63,48.19,49.58,47.55,88070.0,428330000.0,91.14,73.12,477.33,4.23,5.9,4905800,3901200.0,2026-05-22,16:14:21
300710,万隆光电,37.55,36.75,37.01,37.98,36.38,61180.0,228620000.0,37.36,28.0,-107.81,8.62,8.2,2883000,3234900.0,2026-05-22,16:14:54
300711,广哈通信,20.1,19.89,19.95,20.23,19.49,36405.0,72360000.0,56.37,49.93,71.81,3.67,1.47,1783200,1857300.0,2026-05-22,16:14:12
300712,永福股份,23.89,23.63,23.62,24.23,23.41,21187.0,50330000.0,44.8,44.61,643.61,3.5,1.13,1215000,903700.0,2026-05-22,16:14:54
300713,英可瑞,17.91,17.41,17.55,18.07,17.41,32098.0,56950000.0,28.43,15.47,-27.22,6.41,3.72,1493200,1716600.0,2026-05-22,16:14:57
300715,凯伦股份,20.34,20.66,20.76,21.15,19.61,418020.0,846580000.0,76.9,63.66,272.01,4.38,13.36,20862100,20939900.0,2026-05-22,16:14:24
300716,*ST泉为,15.2,14.82,14.69,15.52,14.21,39604.0,58460000.0,24.32,24.32,-11.06,-13.63,2.47,2317800,1642600.0,2026-05-22,16:14:00
300717,华信新材,21.02,20.21,20.38,21.2,20.15,21275.0,44160000.0,21.6,21.41,41.9,2.96,2.09,1098300,1029200.0,2026-05-22,16:14:27
300718,长盛轴承,79.89,78.56,78.57,80.7,76.5,102511.0,814600000.0,238.69,157.11,91.33,13.24,5.21,4872200,5378900.0,2026-05-22,16:14:24
300719,安达维尔,13.7,13.76,13.89,13.96,13.66,53293.0,73520000.0,34.83,24.6,-307.45,3.45,2.97,2359200,2970100.0,2026-05-22,16:14:03
300720,海川智能,69.86,67.56,67.37,70.5,66.72,76057.0,524720000.0,136.14,128.64,594.43,23.13,4.13,4069200,3536500.0,2026-05-22,16:14:06
300721,怡达股份,32.35,31.44,33.3,34.88,31.2,357294.0,1179650000.0,53.33,44.76,-77.46,4.78,25.83,18095200,17634200.0,2026-05-22,16:14:15
300722,新余国科,25.75,25.47,25.5,25.8,25.0,24942.0,63660000.0,71.26,71.26,86.97,10.56,0.9,1388800,1105400.0,2026-05-22,16:14:27
300723,一品红,41.06,39.8,39.67,41.36,39.08,188598.0,766010000.0,185.47,172.12,92.74,9.58,4.5,8952700,9907000.0,2026-05-22,16:14:18
300724,捷佳伟创,87.93,86.75,87.56,88.68,86.3,122346.0,1073920000.0,306.25,252.99,14.05,2.25,4.25,6434600,5799900.0,2026-05-22,16:14:21
300725,药石科技,37.64,37.63,38.19,38.42,36.82,73497.0,275660000.0,88.01,76.3,44.71,1.6,3.63,3159400,4190300.0,2026-05-22,16:14:30
300726,宏达电子,63.23,56.9,57.2,63.49,57.2,246112.0,1519170000.0,260.41,135.59,59.17,5.0,11.48,14473300,10137900.0,2026-05-22,16:14:24
300727,润禾材料,35.89,34.52,34.22,36.17,34.14,57640.0,202850000.0,64.65,58.18,52.48,4.68,3.56,3469500,2294500.0,2026-05-22,16:14:09
300729,乐歌股份,12.25,12.03,12.09,12.28,11.9,28376.0,34370000.0,41.85,40.29,20.07,1.14,0.86,1429800,1407800.0,2026-05-22,16:14:12
300730,科创信息,16.74,15.67,15.96,17.13,15.82,250688.0,412520000.0,40.37,34.61,-32.34,25.39,12.12,13147400,11921400.0,2026-05-22,16:14:15
300731,科创新源,96.0,85.7,86.53,96.8,85.68,112352.0,1036240000.0,121.57,115.37,539.47,19.66,9.35,6780700,4454500.0,2026-05-22,16:14:57
300732,设研院,7.38,7.2,7.25,7.46,7.19,71746.0,52620000.0,27.35,27.32,-17.13,0.98,1.94,3719700,3454900.0,2026-05-22,16:14:00
300733,西菱动力,19.85,19.73,19.73,20.21,19.52,79642.0,158170000.0,60.68,44.76,75.81,3.49,3.53,4076500,3887700.0,2026-05-22,16:14:27
300735,光弘科技,20.65,20.29,20.41,20.82,20.14,112145.0,229450000.0,167.08,156.41,61.8,2.92,1.48,6071700,5142700.0,2026-05-22,16:14:33
300736,百邦科技,38.56,37.79,38.34,38.85,37.72,54852.0,210390000.0,49.33,48.09,-169.8,74.96,4.4,2719900,2765300.0,2026-05-22,16:14:18
300737,科顺股份,7.54,7.55,7.65,7.75,7.41,259007.0,195610000.0,83.69,66.87,-16.34,2.09,2.92,12170100,13730500.0,2026-05-22,16:14:21
300738,奥飞数据,25.4,24.47,24.95,25.76,24.55,763027.0,1917950000.0,250.24,250.16,144.38,6.52,7.75,39519500,36783300.0,2026-05-22,16:14:36
300739,明阳电路,33.28,30.78,31.0,33.44,30.82,446182.0,1445470000.0,124.29,114.2,145.28,4.48,13.0,23937500,20680700.0,2026-05-22,16:14:24
300740,水羊股份,25.53,25.48,25.81,25.88,25.27,99951.0,255240000.0,100.14,92.24,70.93,4.52,2.77,4796400,5198700.0,2026-05-22,16:14:30
300741,华宝股份,15.0,14.91,14.93,15.07,14.76,16023.0,23890000.0,92.38,92.38,116.0,1.36,0.26,785700,816600.0,2026-05-22,16:14:30
300743,天地数码,19.09,18.6,18.6,19.28,18.43,28265.0,53450000.0,28.86,24.32,24.97,4.26,2.22,1630200,1196300.0,2026-05-22,16:14:27
300745,欣锐科技,49.6,48.22,49.99,50.33,48.38,74726.0,368320000.0,83.61,70.59,-103.68,3.78,5.25,3618500,3854100.0,2026-05-22,16:14:30
300746,汉嘉数智,12.91,13.2,13.21,13.43,12.74,55604.0,72200000.0,29.14,28.86,41.88,3.54,2.49,2615500,2944900.0,2026-05-22,16:14:33
300747,锐科激光,39.1,37.81,37.99,40.08,37.8,306008.0,1185570000.0,219.59,204.09,117.59,6.38,5.86,16137300,14463500.0,2026-05-22,16:14:39
300748,金力永磁,34.34,33.06,33.42,34.65,32.91,419680.0,1432280000.0,472.38,388.05,64.02,6.41,3.71,24740100,17227800.0,2026-05-22,16:14:03
300749,顶固集创,23.91,23.39,23.5,24.4,23.41,61219.0,146660000.0,49.06,37.63,-461.55,8.91,3.89,3411400,2710500.0,2026-05-22,16:14:33
300750,宁德时代,411.16,411.63,414.7,416.5,410.0,277884.0,11472590000.0,19022.36,17502.65,24.09,5.82,0.65,13201000,14587400.0,2026-05-22,16:14:06
300751,迈为股份,285.19,276.85,273.86,289.71,273.01,113440.0,3218450000.0,795.4,549.99,117.39,10.09,5.88,5890700,5453400.0,2026-05-22,16:14:09
300752,隆利科技,19.72,18.96,19.48,19.99,19.1,67786.0,132310000.0,45.48,31.44,99.18,3.54,4.25,3509100,3269500.0,2026-05-22,16:14:33
300753,爱朋医疗,25.17,24.62,24.82,25.38,24.42,34879.0,86950000.0,31.73,22.12,-294.79,4.78,3.97,1818500,1669400.0,2026-05-22,16:14:12
300755,华致酒行,16.46,16.62,16.48,17.0,16.07,85915.0,141600000.0,68.61,68.57,-17.1,2.44,2.06,3867400,4724100.0,2026-05-22,16:14:36
300756,金马游乐,49.8,46.92,47.0,50.36,46.2,50047.0,242560000.0,78.48,68.3,72.35,5.29,3.65,2998900,2005800.0,2026-05-22,16:14:39
300757,罗博特科,549.5,524.0,530.38,552.0,522.05,69705.0,3749480000.0,921.01,840.65,-1164.53,56.65,4.56,3848100,3122500.0,2026-05-22,16:14:36
300758,七彩化学,14.75,14.5,14.9,14.97,13.7,366276.0,528430000.0,58.87,53.06,127.47,3.29,10.18,18008600,18619000.0,2026-05-22,16:14:42
300759,康龙化成,25.93,26.68,26.73,26.8,25.73,330677.0,858710000.0,476.41,368.21,28.13,2.89,2.33,14400000,18667600.0,2026-05-22,16:14:45
300760,迈瑞医疗,153.0,158.26,158.0,158.3,152.9,136239.0,2107890000.0,1855.04,1853.44,23.67,4.62,1.12,4696500,8927300.0,2026-05-22,16:14:36
300761,立华股份,20.02,20.56,20.7,20.85,19.8,94079.0,189970000.0,167.62,125.73,31.83,1.77,1.5,3926400,5481500.0,2026-05-22,16:14:39
300762,上海瀚讯,40.18,39.6,40.22,40.3,38.88,221609.0,882660000.0,252.32,252.32,-140.66,11.1,3.53,11865200,10295700.0,2026-05-22,16:14:48
300763,锦浪科技,113.6,108.22,111.0,118.88,110.09,185050.0,2123250000.0,452.2,365.33,74.17,5.0,5.75,10280600,8224400.0,2026-05-22,16:14:51
300765,新诺威,28.84,28.72,28.85,29.5,28.54,77981.0,225600000.0,405.08,405.08,-131.49,15.72,0.56,3398300,4399800.0,2026-05-22,16:14:15
300766,每日互动,27.21,26.79,27.0,27.54,26.33,230123.0,619830000.0,107.41,97.39,-310.9,6.86,6.43,12458300,10554000.0,2026-05-22,16:14:18
300767,震安科技,20.48,20.83,20.88,20.96,20.11,94703.0,193740000.0,56.58,49.13,-50.46,3.72,3.95,4923900,4546500.0,2026-05-22,16:14:39
300768,迪普科技,17.15,16.9,16.98,17.34,16.9,64222.0,109880000.0,110.42,72.14,56.15,3.12,1.53,3684900,2737300.0,2026-05-22,16:14:21
300769,德方纳米,73.78,74.0,74.81,75.34,71.9,295426.0,2156480000.0,206.72,185.75,-53.16,3.96,11.73,13490900,16051700.0,2026-05-22,16:14:42
300770,新媒股份,35.79,36.46,36.68,36.76,35.65,26974.0,97100000.0,81.54,81.54,12.69,2.29,1.18,1109800,1587600.0,2026-05-22,16:14:24
300771,智莱科技,13.2,12.96,13.01,13.3,12.81,38520.0,50480000.0,31.68,23.57,34.54,1.63,2.16,2247100,1604900.0,2026-05-22,16:14:54
300772,运达股份,16.15,15.92,16.13,16.28,15.88,144610.0,232480000.0,127.08,112.71,38.63,1.89,2.07,7823800,6637200.0,2026-05-22,16:14:42
300773,拉卡拉,26.33,26.07,26.25,26.45,25.58,394617.0,1026800000.0,204.5,193.41,12.28,4.2,5.37,18092900,21368800.0,2026-05-22,16:14:45
300774,倍杰特,15.45,13.58,13.72,15.63,13.58,238436.0,353110000.0,63.15,30.11,166.64,4.34,12.24,12841900,11001700.0,2026-05-22,16:14:45
300775,三角防务,27.33,27.55,27.7,27.88,27.08,188959.0,518010000.0,149.65,145.3,55.27,2.54,3.55,10110800,8785100.0,2026-05-22,16:14:57
300776,帝尔激光,156.58,147.3,147.32,157.8,146.01,161510.0,2474170000.0,429.04,263.19,82.55,10.9,9.61,8088800,8062100.0,2026-05-22,16:14:27
300777,中简科技,39.64,38.0,38.3,40.24,37.67,209484.0,817870000.0,174.3,167.43,79.09,3.8,4.96,10801000,10147400.0,2026-05-22,16:14:00
300778,新城市,13.4,13.07,13.15,13.42,12.97,41663.0,55010000.0,27.29,27.28,-52.82,2.27,2.05,2510100,1656200.0,2026-05-22,16:14:42
300779,惠城环保,68.7,66.11,66.29,69.9,65.76,74056.0,503960000.0,146.12,111.47,216.02,6.51,4.56,4191500,3214100.0,2026-05-22,16:14:45
300780,德恩精工,33.15,32.19,32.66,34.15,32.35,81387.0,271190000.0,48.62,35.65,-110.1,4.85,7.57,4336000,3802700.0,2026-05-22,16:14:48
300781,因赛集团,33.59,33.54,34.0,34.2,32.93,45346.0,151430000.0,55.15,40.69,-61.53,10.02,3.74,2141400,2393200.0,2026-05-22,16:14:48
300782,卓胜微,125.51,121.03,123.03,129.7,121.51,266752.0,3336050000.0,721.67,562.6,-184.77,5.48,5.95,13659300,13015900.0,2026-05-22,16:14:51
300783,三只松鼠,18.63,19.51,19.52,19.69,18.43,142454.0,268070000.0,74.83,52.22,39.46,2.33,5.08,6190700,8054700.0,2026-05-22,16:14:30
300784,利安科技,52.42,51.53,51.25,53.1,50.9,10065.0,52660000.0,29.48,8.81,62.94,3.62,5.99,539900,466600.0,2026-05-22,16:14:48
300785,值得买,49.42,50.87,50.62,51.49,49.07,99021.0,490040000.0,98.27,60.46,99.58,5.0,8.09,4113400,5788700.0,2026-05-22,16:14:51
300786,国林科技,19.19,19.28,19.29,19.6,18.92,167589.0,321180000.0,35.31,28.09,-416.07,3.16,11.45,8413300,8345600.0,2026-05-22,16:14:54
300787,海能实业,10.85,10.5,10.61,10.92,10.41,51671.0,55120000.0,34.01,21.32,52.01,2.21,2.63,2414900,2752200.0,2026-05-22,16:14:03
300788,中信出版,29.46,29.06,29.2,29.64,28.8,40109.0,117510000.0,56.02,56.02,47.7,2.5,2.11,2040700,1970200.0,2026-05-22,16:14:51
300789,唐源电气,23.17,22.51,22.93,23.42,22.46,20888.0,47940000.0,33.33,32.34,100.53,3.14,1.5,1070400,1018400.0,2026-05-22,16:14:06
300790,宇瞳光学,36.85,34.35,35.2,37.2,34.5,319643.0,1147290000.0,137.86,119.62,54.27,5.08,9.85,18170500,13793800.0,2026-05-22,16:14:57
300791,仙乐健康,18.6,18.59,18.68,18.73,18.38,14654.0,27160000.0,57.42,47.88,48.74,2.05,0.57,771300,694000.0,2026-05-22,16:14:00
300792,壹网壹创,35.38,35.93,36.0,36.43,34.63,84026.0,297070000.0,83.83,75.19,74.22,2.85,3.95,3568100,4834500.0,2026-05-22,16:14:54
300793,佳禾智能,14.71,14.45,14.57,14.84,14.43,66780.0,97820000.0,55.98,54.73,-31.25,2.0,1.79,3514500,3163500.0,2026-05-22,16:14:09
300795,米奥会展,10.28,10.01,10.03,10.33,9.96,32185.0,32760000.0,30.73,17.89,20.65,5.41,1.85,1919800,1298700.0,2026-05-22,16:14:57
300796,贝斯美,7.91,7.76,7.81,8.02,7.61,70351.0,54930000.0,28.57,28.57,2717.15,1.66,1.95,3641400,3393700.0,2026-05-22,16:14:54
300797,钢研纳克,15.16,15.03,15.17,15.26,14.9,35180.0,53010000.0,58.02,57.38,35.55,4.3,0.93,1796900,1721100.0,2026-05-22,16:14:57
300798,锦鸡股份,8.97,8.7,8.78,9.05,8.59,221015.0,194490000.0,44.24,36.39,-100.65,2.69,5.45,12270300,9831200.0,2026-05-22,16:14:33
300800,力合科技,12.32,12.0,12.15,12.42,11.92,36234.0,43980000.0,29.17,28.87,63.62,1.42,1.55,1863800,1759600.0,2026-05-22,16:14:03
300801,泰和科技,29.77,28.57,28.71,30.0,28.6,69217.0,203470000.0,65.03,40.75,49.1,2.54,5.06,3761000,3160800.0,2026-05-22,16:14:06
300802,矩子科技,23.18,22.05,22.05,23.3,22.05,112038.0,255320000.0,65.85,45.14,72.96,4.33,5.75,5994200,5209500.0,2026-05-22,16:14:36
300803,指南针,98.19,101.73,101.78,102.68,96.66,321048.0,3159610000.0,598.75,594.38,298.68,20.89,5.3,13175100,18929700.0,2026-05-22,16:14:12
300804,广康生化,42.99,43.3,42.81,44.45,42.4,18483.0,79430000.0,31.81,11.82,138.15,2.33,6.72,937000,911300.0,2026-05-22,16:14:15
300805,电声股份,9.34,9.28,9.35,9.4,9.13,64371.0,59680000.0,39.64,26.93,120.3,2.54,2.23,3077400,3359600.0,2026-05-22,16:14:39
300806,斯迪克,89.59,82.99,82.44,90.56,82.44,264944.0,2285060000.0,406.11,283.48,615.9,17.39,8.37,14151700,12342800.0,2026-05-22,16:14:00
300807,天迈科技,49.0,47.5,47.48,49.0,47.33,24105.0,116800000.0,33.34,25.45,-93.22,7.43,4.64,1534600,875900.0,2026-05-22,16:14:42
300808,久量股份,26.35,26.51,26.72,26.91,26.18,20551.0,54440000.0,42.16,31.33,-63.71,4.49,1.73,1165800,889300.0,2026-05-22,16:14:03
300809,华辰装备,38.89,39.4,39.2,39.52,38.2,124482.0,484310000.0,98.6,58.56,51.53,5.39,8.27,5420100,7028100.0,2026-05-22,16:14:06
300810,中科海讯,31.11,30.63,30.81,31.27,30.36,19877.0,61280000.0,36.73,35.47,-111.64,4.77,1.74,1131800,855900.0,2026-05-22,16:14:09
300811,铂科新材,118.88,104.41,106.0,119.8,105.97,187708.0,2118690000.0,344.62,282.58,79.61,11.02,7.9,10654600,8116200.0,2026-05-22,16:14:09
300812,易天股份,41.63,39.45,39.72,42.25,38.8,168067.0,679570000.0,58.31,36.77,774.52,7.44,19.03,8828300,7978400.0,2026-05-22,16:14:45
300813,泰林生物,23.77,23.38,23.5,24.0,23.19,19867.0,46930000.0,28.81,18.08,161.87,3.57,2.61,1185400,801300.0,2026-05-22,16:14:18
300814,中富电路,131.16,127.24,129.99,134.33,128.66,105949.0,1391800000.0,251.08,251.08,659.67,15.33,5.53,4940600,5654200.0,2026-05-22,16:14:48
300815,玉禾田,22.21,22.42,22.36,22.59,22.05,77508.0,172330000.0,88.53,86.7,15.78,1.88,1.99,2812000,4938800.0,2026-05-22,16:14:51
300816,艾可蓝,88.19,88.7,88.7,91.98,88.05,28790.0,258030000.0,70.55,49.98,73.22,7.38,5.08,1528600,1350400.0,2026-05-22,16:14:00
300817,双飞集团,20.19,20.26,20.2,20.42,19.75,36717.0,74140000.0,44.07,25.29,64.14,4.18,2.93,2147100,1524600.0,2026-05-22,16:14:54
300818,耐普矿机,25.2,24.98,25.3,26.17,24.7,75769.0,191480000.0,55.29,35.82,86.87,3.09,5.33,4066400,3510500.0,2026-05-22,16:14:57
300819,聚杰微纤,82.31,76.63,78.16,84.0,77.93,116484.0,948800000.0,122.81,110.92,236.76,13.93,8.64,6469500,5178900.0,2026-05-22,16:14:12
300820,英杰电气,67.86,67.53,68.51,69.2,65.0,110407.0,743160000.0,150.82,75.85,72.26,5.84,9.88,5394700,5646000.0,2026-05-22,16:14:03
300821,东岳硅材,15.21,14.32,14.48,15.36,14.3,676344.0,1012820000.0,182.52,182.49,132.35,3.58,5.64,38103900,29530500.0,2026-05-22,16:14:00
300822,贝仕达克,14.97,14.86,15.08,15.15,14.66,30601.0,45500000.0,46.64,43.26,197.15,3.74,1.06,1638100,1422000.0,2026-05-22,16:14:06
300823,建科智能,19.1,18.52,18.91,19.22,18.41,37345.0,70470000.0,25.02,16.19,48.58,2.58,4.4,1936000,1798500.0,2026-05-22,16:14:12
300824,北鼎股份,9.12,9.02,9.04,9.25,8.92,39774.0,36120000.0,29.76,28.86,26.36,3.98,1.26,2205500,1771900.0,2026-05-22,16:14:09
300825,阿尔特,12.68,12.68,12.92,13.2,12.5,459675.0,587790000.0,62.75,61.43,-25.33,3.12,9.49,23095300,22872200.0,2026-05-22,16:14:21
300826,测绘股份,16.48,16.25,16.22,16.55,16.06,58633.0,95740000.0,29.06,27.95,202.92,1.94,3.46,2866700,2996600.0,2026-05-22,16:14:15
300827,上能电气,37.79,37.43,37.91,38.9,37.56,251619.0,958940000.0,210.37,145.58,44.5,4.89,6.53,11951100,13210900.0,2026-05-22,16:14:03
300828,锐新科技,21.29,19.95,20.4,21.88,19.97,73865.0,153790000.0,35.43,17.96,129.14,4.49,8.75,4386400,3000100.0,2026-05-22,16:14:06
300829,金丹科技,19.44,18.82,18.66,19.5,18.66,74379.0,142380000.0,44.18,30.47,41.76,1.81,4.75,4053300,3384600.0,2026-05-22,16:14:15
300830,金现代,10.77,10.55,10.67,10.89,10.43,128524.0,137140000.0,48.64,36.3,-61.58,3.7,3.81,6350800,6501600.0,2026-05-22,16:14:09
300831,派瑞股份,23.62,23.16,23.0,23.97,22.3,354268.0,827670000.0,75.58,43.58,127.8,7.76,19.2,16914800,18512000.0,2026-05-22,16:14:18
300832,新产业,47.83,49.54,49.16,49.38,47.5,65511.0,314420000.0,375.81,326.74,23.13,3.96,0.96,2652300,3898700.0,2026-05-22,16:14:18
300833,浩洋股份,37.02,37.29,37.27,37.6,36.76,10498.0,39060000.0,46.83,30.08,29.2,1.88,1.29,625800,424000.0,2026-05-22,16:14:21
300834,星辉环材,45.01,44.03,44.03,45.43,43.88,27309.0,122470000.0,87.19,86.61,165.15,3.03,1.42,1490000,1240900.0,2026-05-22,16:14:12
300835,龙磁科技,141.83,121.15,123.58,143.35,123.09,83022.0,1128010000.0,169.13,117.92,100.91,13.54,9.99,4874400,3427900.0,2026-05-22,16:14:21
300836,佰奥智能,79.25,76.0,76.52,79.6,75.31,29136.0,224960000.0,73.45,50.29,75.33,11.47,4.59,1508100,1405500.0,2026-05-22,16:14:15
300837,浙矿股份,31.65,30.91,31.46,31.82,30.62,21884.0,68630000.0,31.65,23.93,43.94,2.24,2.89,1144100,1044300.0,2026-05-22,16:14:24
300838,浙江力诺,21.6,21.83,21.75,22.18,21.38,79134.0,171750000.0,29.8,21.98,-91.29,3.13,7.78,4167400,3746000.0,2026-05-22,16:14:18
300839,博汇股份,18.4,18.34,18.39,18.62,18.09,73664.0,134850000.0,54.27,53.3,151.9,6.73,2.54,3520700,3845700.0,2026-05-22,16:14:24
300840,酷特智能,24.64,23.87,24.35,25.19,23.88,133766.0,327640000.0,59.14,43.63,172.96,4.6,7.55,6562800,6813800.0,2026-05-22,16:14:24
300841,康华生物,51.5,52.49,52.57,52.89,50.83,27006.0,138860000.0,66.92,61.24,29.54,1.88,2.27,1337600,1363000.0,2026-05-22,16:14:27
300842,帝科股份,95.2,90.16,91.25,96.08,90.35,77383.0,725910000.0,138.31,122.92,-46.63,8.62,5.99,4509400,3229000.0,2026-05-22,16:14:27
300843,胜蓝股份,98.8,93.5,95.89,103.0,94.5,81593.0,801620000.0,161.74,158.58,137.29,9.93,5.08,4481300,3678000.0,2026-05-22,16:14:27
300844,山水比德,31.12,30.7,30.84,31.5,30.34,7302.0,22600000.0,29.01,27.96,-48.31,3.79,0.81,378800,351300.0,2026-05-22,16:14:21
300845,捷安高科,15.31,14.48,14.48,15.59,14.45,103089.0,155340000.0,31.48,22.01,95.03,3.83,7.17,5614800,4694100.0,2026-05-22,16:14:24
300846,首都在线,29.66,29.01,29.59,29.88,28.85,311412.0,915910000.0,149.16,116.27,-98.25,19.5,7.94,15630900,15510300.0,2026-05-22,16:14:30
300847,中船汉光,15.43,15.21,15.22,15.5,15.12,28041.0,42910000.0,45.67,45.67,40.04,3.01,0.95,1583000,1221100.0,2026-05-22,16:14:30
300848,美瑞新材,16.15,15.78,15.78,16.28,15.65,71528.0,115280000.0,69.1,40.88,75.94,4.49,2.83,3983400,3169400.0,2026-05-22,16:14:30
300849,锦盛新材,24.62,24.46,24.63,24.97,23.98,28599.0,69810000.0,36.93,27.15,-65.99,6.85,2.59,1410200,1449700.0,2026-05-22,16:14:33
300850,新强联,35.43,34.61,34.95,35.88,34.67,131327.0,464810000.0,146.71,106.57,18.4,2.09,4.37,7672400,5460400.0,2026-05-22,16:14:27
300851,交大思诺,32.4,32.4,0.0,0.0,0.0,0.0,0.0,28.17,15.99,34.52,2.1,0.0,0,0.0,2026-05-22,16:14:30
300852,四会富仕,52.01,47.91,49.01,52.3,49.01,131310.0,672200000.0,83.49,80.59,64.77,3.75,8.47,7555100,5575900.0,2026-05-22,16:14:33
300853,申昊科技,33.4,35.07,34.93,35.0,32.98,118097.0,397000000.0,49.08,32.84,-26.36,9.57,12.01,5797300,6012300.0,2026-05-22,16:14:33
300854,中兰环保,38.56,38.1,38.15,39.19,37.3,41922.0,159370000.0,38.59,31.39,-53.02,4.22,5.15,2129700,2062500.0,2026-05-22,16:14:12
300855,图南股份,37.49,36.2,36.5,37.7,36.5,51073.0,190170000.0,148.28,109.83,70.9,7.05,1.74,2901400,2205900.0,2026-05-22,16:14:36
300856,科思股份,13.71,13.8,13.79,13.95,13.6,46798.0,64230000.0,65.22,63.03,64.7,2.39,1.02,2521800,2158000.0,2026-05-22,16:14:39
300857,协创数据,272.0,258.0,265.0,272.6,257.11,215711.0,5728980000.0,1318.03,1311.22,75.51,25.98,4.47,11948300,9622700.0,2026-05-22,16:14:36
300858,科拓生物,17.25,17.36,17.38,17.42,17.02,67594.0,116440000.0,45.45,33.77,50.99,2.45,3.45,3363000,3396400.0,2026-05-22,16:14:33
300859,西域旅游,28.09,28.03,28.0,28.28,27.58,26062.0,73030000.0,43.54,43.54,56.11,6.14,1.68,1108500,1497700.0,2026-05-22,16:14:36
300860,锋尚文化,25.68,25.8,25.86,26.09,25.41,18349.0,47250000.0,48.39,28.1,-464.17,1.55,1.68,921200,913700.0,2026-05-22,16:14:39
300861,美畅股份,21.6,20.29,20.21,21.81,20.16,245841.0,521020000.0,145.12,91.12,35.25,2.2,5.83,13516000,11068100.0,2026-05-22,16:14:15
300862,蓝盾光电,25.95,24.98,25.07,26.35,24.85,75610.0,194180000.0,47.91,39.31,-50.38,2.44,4.99,4604800,2956200.0,2026-05-22,16:14:42
300863,卡倍亿,81.8,77.25,78.0,84.0,78.0,143161.0,1166610000.0,153.93,147.92,92.25,10.34,7.92,7610900,6705200.0,2026-05-22,16:14:36
300864,南大环境,24.28,23.32,23.38,24.76,23.19,37624.0,90650000.0,38.34,38.34,25.14,2.74,2.38,1881000,1881400.0,2026-05-22,16:14:42
300865,大宏立,30.75,29.73,29.9,31.07,29.74,24073.0,73250000.0,29.42,17.68,240.21,3.37,4.19,1312400,1094900.0,2026-05-22,16:14:45
300866,安克创新,127.89,129.8,131.0,134.8,126.6,55067.0,710610000.0,685.84,393.37,27.21,6.14,1.79,2526600,2980100.0,2026-05-22,16:14:18
300867,圣元环保,22.48,22.5,22.51,22.83,22.43,61675.0,139250000.0,61.09,43.08,20.58,1.52,3.22,3219200,2948300.0,2026-05-22,16:14:21
300868,杰美特,98.1,89.48,89.48,100.46,88.7,46504.0,444370000.0,125.52,79.23,-207.21,8.55,5.76,2422800,2227600.0,2026-05-22,16:14:24
300869,康泰医学,12.07,11.87,11.91,12.11,11.82,29917.0,35800000.0,48.5,31.88,-98.77,2.86,1.13,1417400,1574300.0,2026-05-22,16:14:27
300870,欧陆通,411.2,391.0,398.0,412.58,394.0,41608.0,1680780000.0,448.33,448.29,246.49,17.18,3.82,2306500,1854200.0,2026-05-22,16:14:30
300871,回盛生物,22.77,22.8,22.88,22.98,22.61,41032.0,93490000.0,45.95,45.95,16.05,2.04,2.03,2230400,1872800.0,2026-05-22,16:14:39
300872,天阳科技,20.5,20.38,20.61,20.8,20.14,154426.0,315140000.0,100.06,86.52,-64.07,2.69,3.66,8303700,7138900.0,2026-05-22,16:14:39
300873,海晨股份,22.69,22.39,22.8,22.88,21.88,49762.0,111520000.0,52.32,38.02,25.13,1.63,2.97,2364300,2611900.0,2026-05-22,16:14:42
300875,捷强装备,38.63,38.08,38.2,38.79,37.7,27574.0,105270000.0,38.57,33.91,-33.58,4.54,3.14,1339600,1417800.0,2026-05-22,16:14:45
300876,蒙泰高新,29.64,28.77,28.9,29.93,28.51,22425.0,66100000.0,32.22,24.04,-54.24,3.16,2.76,1083700,1158800.0,2026-05-22,16:14:33
300877,金春股份,33.26,30.3,30.59,33.6,30.0,45454.0,147150000.0,39.91,39.91,46.33,2.37,3.79,2817700,1727700.0,2026-05-22,16:14:45
300878,维康药业,33.79,33.5,33.5,33.83,32.94,41672.0,138950000.0,48.92,48.7,-22.68,5.36,2.89,2038700,2128500.0,2026-05-22,16:14:42
300879,大叶股份,20.62,20.96,21.08,21.48,20.6,29452.0,61300000.0,41.73,41.45,-19.31,3.38,1.47,1577400,1367800.0,2026-05-22,16:14:48
300880,迦南智能,21.58,21.1,21.24,21.73,21.01,44048.0,94700000.0,42.11,42.11,55.47,3.93,2.26,2399900,2004900.0,2026-05-22,16:14:36
300881,盛德鑫泰,54.98,50.75,50.77,55.2,50.5,33808.0,181020000.0,60.48,31.56,24.94,4.89,5.89,2078300,1302600.0,2026-05-22,16:14:48
300882,万胜智能,18.29,17.95,18.18,18.45,17.88,32045.0,58320000.0,52.35,48.71,48.48,4.05,1.2,1742200,1462200.0,2026-05-22,16:14:45
300883,龙利得,6.98,6.93,6.96,7.06,6.9,290861.0,202180000.0,24.15,23.08,-185.79,1.71,8.8,13782100,15304000.0,2026-05-22,16:14:48
300884,狄耐克,12.5,12.25,12.31,12.67,12.15,50433.0,62480000.0,31.73,23.93,254.04,2.48,2.63,2751100,2292200.0,2026-05-22,16:14:51
300885,海昌新材,31.65,32.06,32.15,32.69,31.11,227327.0,721500000.0,78.54,52.86,127.31,8.59,13.61,9151300,13581400.0,2026-05-22,16:14:48
300886,华业香料,27.64,27.31,27.3,27.87,26.81,15752.0,43180000.0,20.67,12.06,89.32,3.47,3.61,783500,791700.0,2026-05-22,16:14:51
300887,谱尼测试,9.07,8.98,9.12,9.13,8.91,91365.0,82430000.0,49.5,32.85,-24.21,1.8,2.52,4197100,4939400.0,2026-05-22,16:14:51
300888,稳健医疗,29.77,29.86,29.87,29.97,29.53,24728.0,73520000.0,173.36,172.58,22.49,1.48,0.43,1061500,1411400.0,2026-05-22,16:14:51
300889,爱克股份,23.72,23.0,23.6,24.3,23.09,79139.0,187320000.0,52.24,34.72,-65.54,3.69,5.41,3661600,4252400.0,2026-05-22,16:14:39
300890,翔丰华,37.53,36.82,36.72,37.68,36.34,100796.0,373760000.0,44.72,40.86,52.14,2.09,9.26,5638400,4441200.0,2026-05-22,16:14:54
300891,惠云钛业,7.95,7.81,7.84,8.04,7.72,65603.0,51750000.0,31.8,26.51,-39.52,2.63,1.97,3709200,2851100.0,2026-05-22,16:14:57
300892,品渥食品,24.99,24.63,24.8,25.25,24.31,13542.0,33590000.0,24.99,16.13,-948.38,2.41,2.1,773200,581000.0,2026-05-22,16:14:54
300893,松原安全,22.73,22.89,22.89,23.02,22.4,21138.0,48080000.0,107.51,57.02,29.21,5.09,0.84,962300,1151500.0,2026-05-22,16:14:42
300894,火星人,10.03,10.29,10.29,10.39,9.96,65469.0,66010000.0,40.75,29.5,-13.81,4.2,2.23,3043100,3503800.0,2026-05-22,16:14:54
300895,铜牛信息,70.92,68.38,70.0,71.44,68.94,89695.0,632170000.0,99.86,97.99,-139.07,13.35,6.49,4509400,4460100.0,2026-05-22,16:14:57
300896,爱美客,103.15,103.55,104.0,104.57,102.63,23904.0,246990000.0,312.12,210.89,27.25,4.09,1.17,1166500,1223900.0,2026-05-22,16:14:54
300897,山科智能,27.8,27.24,27.54,28.1,27.02,20531.0,56890000.0,38.98,24.37,258.54,3.98,2.34,1139600,913500.0,2026-05-22,16:14:45
300898,熊猫乳品,22.69,22.5,22.49,22.88,22.29,20184.0,45660000.0,28.14,26.03,25.28,2.71,1.76,1223900,794500.0,2026-05-22,16:14:57
300899,上海凯鑫,37.1,37.0,37.0,37.4,35.19,13442.0,48940000.0,23.66,15.19,-904.81,3.78,3.28,640100,704100.0,2026-05-22,16:14:00
300900,广联航空,40.04,38.5,38.67,41.0,37.88,207728.0,825630000.0,131.22,102.82,-95.34,6.78,8.09,11017100,9755800.0,2026-05-22,16:14:00
300901,中胤时尚,15.73,15.71,15.75,15.92,15.47,41482.0,64910000.0,37.75,37.75,520.19,3.9,1.73,2127200,2021000.0,2026-05-22,16:14:03
300902,国安达,17.96,18.1,18.27,18.32,17.61,40502.0,72530000.0,32.65,22.41,-320.62,4.03,3.25,2054200,1996000.0,2026-05-22,16:14:57
300903,科翔股份,79.39,71.2,73.51,80.75,73.0,383785.0,2983300000.0,345.65,260.71,-130.4,18.93,11.69,21542100,16836300.0,2026-05-22,16:14:06
300904,威力传动,58.49,59.33,59.1,60.03,58.1,13077.0,76880000.0,42.34,12.86,-41.86,7.25,5.95,656800,650900.0,2026-05-22,16:14:00
300905,宝丽迪,70.88,69.57,70.83,71.35,69.57,80494.0,567140000.0,126.89,98.98,79.51,6.4,5.76,4054500,3995000.0,2026-05-22,16:14:03
300906,日月明,33.97,32.88,32.88,34.2,32.72,23826.0,79600000.0,27.18,24.52,46.19,2.9,3.3,1415500,967100.0,2026-05-22,16:14:06
300907,康平科技,41.11,34.26,34.87,41.11,34.87,116040.0,454390000.0,39.47,39.47,92.49,4.89,12.09,6870500,4733500.0,2026-05-22,16:14:09
300908,仲景食品,26.17,25.99,26.19,26.4,25.69,11793.0,30740000.0,38.21,32.29,19.39,2.24,0.96,590700,588600.0,2026-05-22,16:14:00
300909,汇创达,47.43,46.18,46.3,48.08,45.31,44873.0,211350000.0,82.04,61.25,410.87,4.12,3.47,2523600,1963700.0,2026-05-22,16:14:09
300910,瑞丰新材,45.78,44.75,44.66,46.08,44.0,35461.0,159650000.0,135.48,95.06,19.88,3.42,1.71,1794200,1751900.0,2026-05-22,16:14:48
300911,亿田智能,31.71,31.29,31.33,32.02,30.7,55699.0,174690000.0,58.14,54.33,-35.31,5.36,3.25,3041100,2528800.0,2026-05-22,16:14:12
300912,凯龙高科,30.7,31.85,30.53,31.34,30.21,79071.0,243510000.0,34.96,26.39,-38.61,7.9,9.2,3067600,4839500.0,2026-05-22,16:14:12
300913,兆龙互连,52.63,50.99,51.81,53.19,51.12,60599.0,316760000.0,180.41,134.62,72.94,6.81,2.37,3380200,2679600.0,2026-05-22,16:14:15
300915,海融科技,24.83,24.35,24.51,24.95,24.12,9990.0,24540000.0,31.25,14.29,-445.82,2.03,1.74,635000,364000.0,2026-05-22,16:14:18
300916,朗特智能,36.74,39.0,39.1,39.1,36.5,63256.0,235190000.0,53.14,34.32,72.25,3.88,6.77,3218800,3106800.0,2026-05-22,16:14:51
300917,特发服务,30.27,30.41,30.54,30.66,29.92,40352.0,122400000.0,51.16,51.16,41.15,4.16,2.39,2042900,1992300.0,2026-05-22,16:14:21
300918,南山智尚,14.83,14.65,14.68,15.0,14.37,82817.0,121790000.0,75.06,75.06,61.74,1.94,1.64,4135200,4146500.0,2026-05-22,16:14:15
300919,中伟新材,54.99,54.51,55.0,55.29,53.3,163505.0,891620000.0,573.14,501.78,31.58,2.41,1.79,8476600,7873900.0,2026-05-22,16:14:18
300920,润阳科技,44.31,43.47,43.75,45.58,42.75,31530.0,139000000.0,44.31,29.1,176.06,3.76,4.8,1605400,1547600.0,2026-05-22,16:14:03
300921,南凌科技,28.8,28.4,28.8,29.09,28.26,119353.0,342830000.0,52.93,33.42,178.18,6.37,10.29,5621700,6313600.0,2026-05-22,16:14:24
300922,天秦装备,21.3,21.14,20.9,21.49,20.9,78185.0,165260000.0,34.26,26.88,102.75,3.4,6.19,3764000,4054500.0,2026-05-22,16:14:06
300923,研奥股份,26.72,26.17,26.26,26.97,25.71,16380.0,43110000.0,21.0,20.39,66.23,1.83,2.15,819100,818900.0,2026-05-22,16:14:21
300925,法本信息,17.67,17.61,17.71,17.84,17.46,78094.0,137930000.0,75.75,61.76,76.23,3.37,2.23,3858700,3950700.0,2026-05-22,16:14:03
300926,博俊科技,21.62,21.35,21.48,21.79,21.31,39814.0,85900000.0,93.9,64.42,11.39,2.67,1.34,1905300,2076100.0,2026-05-22,16:14:54
300927,江天化学,26.95,26.06,26.37,27.02,25.88,43938.0,117230000.0,38.91,37.96,123.2,3.95,3.12,2393600,2000200.0,2026-05-22,16:14:27
300928,华安鑫创,35.5,34.45,34.47,36.18,34.47,19912.0,70470000.0,28.4,19.02,-24.2,2.81,3.72,1207300,783900.0,2026-05-22,16:14:30
300929,华骐环保,13.62,13.12,13.25,13.75,13.01,40263.0,54040000.0,18.0,17.07,-40.55,2.34,3.21,1940000,2086300.0,2026-05-22,16:14:06
300930,屹通新材,34.0,32.28,32.47,34.23,32.31,18825.0,62890000.0,34.0,16.02,55.8,3.59,3.99,1040100,842400.0,2026-05-22,16:14:09
300931,通用电梯,16.68,16.0,16.23,17.1,16.14,80416.0,133010000.0,40.56,32.61,-62.23,6.74,4.11,4153700,3887900.0,2026-05-22,16:14:12
300932,三友联众,10.33,9.94,10.03,10.36,9.87,129757.0,131680000.0,46.29,32.97,59.9,2.69,4.07,7790300,5185400.0,2026-05-22,16:14:57
300933,中辰股份,8.58,8.39,8.43,8.63,8.38,129122.0,109960000.0,46.94,46.94,-395.85,2.21,2.36,6723900,6188300.0,2026-05-22,16:14:15
300935,盈建科,42.58,41.34,41.02,44.1,39.5,58188.0,246330000.0,33.82,25.66,-39.26,4.6,9.66,2874800,2944000.0,2026-05-22,16:14:00
300936,中英科技,94.27,87.1,86.1,95.81,86.1,48630.0,446500000.0,70.89,44.7,8086.02,7.03,10.25,2807200,2055900.0,2026-05-22,16:14:09
300937,药易购,24.92,24.76,24.89,25.12,24.43,15564.0,38590000.0,23.84,16.16,-120.68,2.91,2.4,829500,726900.0,2026-05-22,16:14:12
300938,信测标准,61.59,57.72,58.79,62.0,58.23,159244.0,964220000.0,149.97,130.17,73.5,7.82,7.53,9633500,6290800.0,2026-05-22,16:14:15
300939,秋田微,56.96,53.2,53.0,57.99,52.3,168447.0,943310000.0,68.35,68.35,91.52,4.8,14.04,7698400,9146200.0,2026-05-22,16:14:18
300940,南极光,20.74,20.46,20.51,20.96,19.7,109603.0,224020000.0,46.18,32.66,70.99,3.93,6.96,5322000,5638400.0,2026-05-22,16:14:21
300941,创识科技,16.83,16.61,16.69,16.95,16.36,27337.0,45600000.0,34.46,20.83,115.02,2.67,2.21,1451200,1282500.0,2026-05-22,16:14:24
300942,易瑞生物,7.23,7.1,7.2,7.29,7.0,49486.0,35370000.0,29.29,29.29,428.8,3.52,1.22,2802000,2146600.0,2026-05-22,16:14:33
300943,春晖智控,40.11,35.88,37.7,40.97,36.56,198437.0,785250000.0,81.75,53.52,143.59,8.0,14.87,11582000,8261700.0,2026-05-22,16:14:18
300945,曼卡龙,13.66,13.23,13.46,13.77,13.21,74822.0,101430000.0,35.8,32.57,27.82,2.06,3.14,4137100,3345100.0,2026-05-22,16:14:21
300946,恒而达,54.8,54.2,53.81,55.35,52.5,33554.0,181270000.0,85.49,41.54,274.06,7.15,4.43,1705300,1650100.0,2026-05-22,16:14:36
300947,德必集团,16.71,16.43,16.45,16.8,16.25,26034.0,43130000.0,25.26,25.25,-40.87,2.04,1.72,1512600,1090800.0,2026-05-22,16:14:03
300948,冠中生态,26.88,26.1,26.1,27.89,25.46,157726.0,422700000.0,43.22,40.74,-91.36,4.52,10.41,8122800,7649800.0,2026-05-22,16:14:24
300949,奥雅股份,38.88,38.41,38.71,39.4,37.82,8561.0,33190000.0,23.33,13.34,-19.14,4.14,2.5,478400,377700.0,2026-05-22,16:14:24
300950,德固特,21.24,21.0,20.97,21.5,20.82,23588.0,49870000.0,32.63,20.83,44.22,3.92,2.41,1188400,1170400.0,2026-05-22,16:14:27
300951,博硕科技,38.35,36.67,37.26,38.48,37.06,32731.0,124140000.0,64.97,58.06,90.31,2.82,2.16,2072200,1200900.0,2026-05-22,16:14:39
300952,恒辉安防,39.25,36.68,37.0,40.39,35.56,134024.0,515040000.0,67.74,41.65,83.32,3.99,12.63,7238700,6163600.0,2026-05-22,16:14:06
300953,震裕科技,256.03,249.77,252.0,260.35,245.18,83887.0,2133400000.0,444.16,318.9,61.53,9.38,6.73,4064300,4324500.0,2026-05-22,16:14:09
300955,嘉亨家化,50.7,49.23,50.21,51.5,49.11,45013.0,226430000.0,51.11,51.11,-238.55,5.9,4.47,2236300,2265000.0,2026-05-22,16:14:12
300956,英力股份,14.95,14.51,14.7,15.14,14.35,35908.0,53080000.0,32.21,31.46,751.38,2.39,1.71,1970100,1620700.0,2026-05-22,16:14:27
300957,贝泰妮,37.97,37.99,38.3,38.74,37.78,48758.0,185830000.0,160.84,160.84,29.6,2.57,1.15,2390700,2485100.0,2026-05-22,16:14:15
300958,建工修复,14.08,13.55,13.66,14.2,13.49,38894.0,54140000.0,22.07,12.82,-22.6,1.83,4.27,1921000,1968400.0,2026-05-22,16:14:27
300959,线上线下,185.3,178.9,181.02,188.0,175.95,45577.0,838100000.0,148.92,96.96,-636.64,13.47,8.71,2597000,1960700.0,2026-05-22,16:14:30
300960,通业科技,20.6,20.11,20.21,20.74,19.94,11358.0,23180000.0,29.76,26.96,68.4,4.69,0.87,584200,551600.0,2026-05-22,16:14:33
300961,深水海纳,13.61,13.55,13.59,13.86,13.39,62736.0,85750000.0,24.13,20.68,-11.24,4.36,4.13,3168200,3105300.0,2026-05-22,16:14:18
300962,中金辐照,13.72,13.4,13.53,13.79,13.37,27875.0,37960000.0,36.22,36.22,31.12,3.44,1.06,1498800,1288700.0,2026-05-22,16:14:21
300963,中洲特材,16.1,15.8,15.96,16.12,15.64,75320.0,120180000.0,73.84,54.84,122.42,6.58,2.21,4281400,3250600.0,2026-05-22,16:14:24
300964,本川智能,96.68,88.68,90.65,99.77,90.0,93288.0,881240000.0,73.79,54.15,221.28,7.23,16.66,4950000,4378800.0,2026-05-22,16:14:42
300965,恒宇信通,70.3,69.15,70.28,71.73,68.38,27928.0,195040000.0,42.18,38.03,153.11,3.41,5.16,1500500,1292400.0,2026-05-22,16:14:45
300966,共同药业,27.64,26.61,27.09,27.71,26.28,49794.0,135050000.0,31.86,21.19,-44.73,4.35,6.49,2736400,2243000.0,2026-05-22,16:14:30
300967,晓鸣股份,16.52,16.38,16.5,16.68,16.22,30414.0,50060000.0,30.99,20.62,-83.69,4.44,2.44,1612800,1428600.0,2026-05-22,16:14:33
300968,格林精密,12.12,11.86,11.85,12.25,11.77,65277.0,78370000.0,50.1,50.1,-92.55,2.81,1.58,3134300,3393400.0,2026-05-22,16:14:27
300969,恒帅股份,168.67,159.34,159.11,170.0,157.0,45599.0,756000000.0,197.73,94.3,119.83,13.61,8.16,2458700,2101200.0,2026-05-22,16:14:30
300970,华绿生物,31.28,31.34,31.65,31.88,31.01,44126.0,138030000.0,38.35,29.64,17.54,2.2,4.66,2446400,1966100.0,2026-05-22,16:14:36
300971,博亚精工,24.28,23.48,23.6,24.48,23.3,30029.0,71950000.0,28.55,22.4,30.38,2.64,3.26,1650200,1352800.0,2026-05-22,16:14:36
300972,万辰集团,209.5,213.74,215.0,215.5,208.19,15296.0,321160000.0,406.88,373.29,23.12,19.88,0.86,598000,931600.0,2026-05-22,16:14:39
300973,立高食品,27.18,27.44,27.41,27.61,27.0,18899.0,51400000.0,46.03,32.23,16.42,1.82,1.59,947900,942000.0,2026-05-22,16:14:30
300975,商络电子,22.8,21.62,21.96,23.26,21.8,546115.0,1226740000.0,156.64,112.19,29.96,5.9,11.1,28130300,26481200.0,2026-05-22,16:14:42
300976,达瑞电子,80.08,78.79,79.14,80.45,78.5,41877.0,333530000.0,107.39,69.2,36.17,2.93,4.85,2180400,2007300.0,2026-05-22,16:14:48
300977,深圳瑞捷,22.14,21.11,21.58,22.29,20.91,29580.0,64080000.0,33.7,20.99,152.6,2.48,3.12,1652900,1305200.0,2026-05-22,16:14:45
300978,东箭科技,10.91,10.72,10.77,10.99,10.67,43370.0,46960000.0,46.12,31.32,36.97,2.76,1.51,2318800,2018200.0,2026-05-22,16:14:48
300979,华利集团,35.23,36.26,36.87,36.87,35.02,29921.0,106000000.0,411.13,411.13,14.53,2.72,0.26,1397900,1594200.0,2026-05-22,16:14:51
300980,祥源新材,30.86,29.65,29.87,31.49,29.65,51904.0,160180000.0,42.61,30.35,71.21,2.99,5.28,2783700,2406700.0,2026-05-22,16:14:51
300981,中红医疗,14.47,14.29,14.42,14.67,14.19,60810.0,88060000.0,62.06,56.87,-49.11,1.18,1.55,3203500,2877500.0,2026-05-22,16:14:33
300982,苏文电能,21.57,20.99,21.08,21.74,20.84,47183.0,100880000.0,44.64,41.82,-58.02,1.57,2.43,2391300,2327000.0,2026-05-22,16:14:33
300983,尤安设计,37.87,36.88,37.54,40.57,37.03,34719.0,134020000.0,65.44,57.87,-75.99,2.37,2.27,1847300,1624700.0,2026-05-22,16:14:36
300984,金沃股份,71.15,71.9,71.79,72.88,69.48,32841.0,233700000.0,87.85,63.03,173.84,4.91,3.71,1463600,1820500.0,2026-05-22,16:14:39
300985,致远新能,23.7,22.88,23.07,23.84,23.04,30459.0,71470000.0,44.2,44.2,-81.99,5.0,1.63,1483100,1562800.0,2026-05-22,16:14:39
300986,志特新材,21.05,20.81,21.23,21.45,20.72,141811.0,297460000.0,86.72,86.65,48.86,3.89,3.45,7792400,6388700.0,2026-05-22,16:14:42
300987,川网传媒,15.7,15.5,15.6,15.82,15.33,41955.0,65400000.0,27.22,27.22,134.88,3.37,2.42,2075700,2119800.0,2026-05-22,16:14:42
300988,津荣天宇,29.45,28.7,29.0,29.55,28.4,46205.0,134540000.0,41.32,31.88,44.3,3.16,4.27,2672500,1948000.0,2026-05-22,16:14:54
300989,蕾奥规划,14.93,14.76,14.7,15.1,14.5,31806.0,47350000.0,31.5,24.33,-227.36,3.26,1.95,1650900,1529800.0,2026-05-22,16:14:54
300990,同飞股份,99.7,94.0,95.03,100.85,93.43,99846.0,971180000.0,170.07,76.9,67.82,8.13,12.95,5324000,4660600.0,2026-05-22,16:14:57
300991,创益通,42.96,42.82,43.5,43.86,42.7,34725.0,150000000.0,61.86,45.15,-389.23,9.86,3.3,1704300,1768200.0,2026-05-22,16:14:36
300992,泰福泵业,28.94,29.09,29.34,29.52,28.48,25078.0,72620000.0,27.59,22.43,-224.8,3.19,3.24,1329300,1178500.0,2026-05-22,16:14:57
300993,玉马科技,11.54,11.41,11.41,11.69,11.31,28903.0,33240000.0,35.56,27.91,24.28,2.23,1.2,1569800,1320500.0,2026-05-22,16:14:45
300994,久祺股份,13.31,13.15,13.23,13.48,13.0,29720.0,39430000.0,31.02,15.53,24.97,2.52,2.55,1386400,1585600.0,2026-05-22,16:14:00
300995,奇德新材,38.17,37.4,37.13,38.3,36.77,28217.0,106040000.0,32.12,22.92,143.13,5.11,4.7,1543200,1278500.0,2026-05-22,16:14:03
300996,普联软件,13.1,12.75,12.85,13.25,12.53,132692.0,172060000.0,51.85,43.64,55.27,4.0,3.98,6790100,6479100.0,2026-05-22,16:14:06
300997,欢乐家,17.36,17.27,17.45,17.5,17.05,50674.0,87420000.0,75.95,68.94,161.3,7.63,1.28,3046500,2021000.0,2026-05-22,16:14:39
300998,宁波方正,28.12,26.02,26.48,28.92,25.96,63628.0,175760000.0,38.57,30.28,164.37,2.99,5.91,3578300,2784500.0,2026-05-22,16:14:00
300999,金龙鱼,26.15,26.28,26.35,26.45,26.03,79499.0,207970000.0,1417.75,141.9,38.81,1.45,1.47,3934500,4015400.0,2026-05-22,16:14:48
301000,肇民科技,36.17,37.43,37.0,37.5,35.84,113208.0,411820000.0,87.85,82.93,62.98,6.68,4.94,5110000,6210800.0,2026-05-22,16:14:45
301001,凯淳股份,28.87,28.59,28.87,29.19,28.1,15247.0,43750000.0,23.1,14.52,-192.78,3.0,3.03,825000,699700.0,2026-05-22,16:14:09
301002,崧盛股份,57.32,58.47,59.2,61.29,56.47,98925.0,574730000.0,77.35,48.71,680.29,7.05,11.64,4624000,5268400.0,2026-05-22,16:14:12
301003,江苏博云,53.68,52.56,53.52,54.68,52.26,32289.0,172270000.0,52.14,40.34,59.44,4.54,4.3,1811600,1417300.0,2026-05-22,16:14:03
301004,嘉益股份,40.46,40.71,40.53,41.21,40.31,3556.0,14450000.0,58.99,55.07,17.01,3.29,0.26,179100,176500.0,2026-05-22,16:14:06
301005,超捷股份,162.65,160.18,160.28,162.88,155.19,53702.0,860700000.0,218.38,213.93,1505.04,27.93,4.08,2985100,2385100.0,2026-05-22,16:14:09
301006,迈拓股份,17.26,16.63,16.94,17.4,16.45,24923.0,42300000.0,24.04,14.47,27.45,1.82,2.97,1281900,1210400.0,2026-05-22,16:14:12
301007,德迈仕,41.5,41.17,41.29,42.22,41.11,48764.0,202920000.0,63.64,62.8,128.11,9.67,3.22,2404200,2472200.0,2026-05-22,16:14:48
301008,宏昌科技,29.72,29.38,29.52,29.84,28.83,44370.0,130530000.0,38.92,34.37,174.18,2.58,3.84,2436500,2000500.0,2026-05-22,16:14:15
301009,可靠股份,10.32,10.12,10.22,10.36,9.99,28314.0,28790000.0,28.06,15.59,144.55,2.09,1.87,1679100,1152300.0,2026-05-22,16:14:51
301010,晶雪节能,22.76,22.33,22.5,22.95,22.3,24636.0,55770000.0,24.58,24.58,328.55,2.97,2.28,1317100,1146500.0,2026-05-22,16:14:15
301011,华立科技,18.25,18.26,18.37,18.7,17.95,19849.0,36200000.0,28.17,26.75,59.76,2.96,1.35,1067100,917800.0,2026-05-22,16:14:54
301012,扬电科技,41.26,40.11,41.68,42.79,40.36,237985.0,984060000.0,81.27,81.27,181.63,6.82,12.08,11650900,12147500.0,2026-05-22,16:14:51
301013,利和兴,42.84,35.7,36.0,42.84,36.0,829880.0,3325270000.0,100.14,81.07,-62.63,14.96,43.85,44406000,38582000.0,2026-05-22,16:14:54
301015,百洋医药,22.82,22.1,22.21,22.9,22.04,55284.0,124710000.0,119.95,119.93,23.35,4.82,1.05,3451200,2077100.0,2026-05-22,16:14:18
301016,雷尔伟,19.3,19.2,19.24,20.45,18.95,89724.0,176060000.0,59.01,56.58,84.62,5.91,3.06,4245200,4727300.0,2026-05-22,16:14:21
301017,漱玉平民,13.5,13.53,13.53,13.84,13.3,72015.0,97290000.0,54.76,34.92,55.33,2.69,2.78,2974500,4227000.0,2026-05-22,16:14:18
301018,申菱环境,168.18,154.5,157.59,169.86,155.0,122932.0,2004530000.0,449.62,334.76,235.47,16.22,6.18,6643500,5649700.0,2026-05-22,16:14:57
301019,宁波色母,23.24,22.47,22.71,23.39,22.3,23192.0,53330000.0,38.34,24.31,33.6,3.36,2.22,1304200,1015000.0,2026-05-22,16:14:42
301020,密封科技,31.77,32.18,30.8,32.88,30.6,138374.0,437960000.0,46.51,46.51,50.73,4.61,9.45,6613800,7223600.0,2026-05-22,16:14:24
301021,英诺激光,89.98,85.28,84.46,93.68,83.97,148147.0,1323510000.0,137.55,137.4,206.14,13.16,9.7,7477800,7336900.0,2026-05-22,16:14:27
301022,海泰科,31.74,32.5,32.22,32.75,31.6,31750.0,101220000.0,31.58,21.26,94.4,2.25,4.74,1379000,1796000.0,2026-05-22,16:14:21
301023,奕帆传动,51.08,48.75,49.31,51.15,47.55,96111.0,474770000.0,39.93,22.24,59.09,4.82,22.08,4782400,4828700.0,2026-05-22,16:14:24
301024,霍普股份,49.0,47.68,47.97,49.3,47.59,9476.0,46060000.0,31.16,30.16,-33.24,9.22,1.54,529700,417900.0,2026-05-22,16:14:45
301025,读客文化,10.43,10.26,10.28,10.46,10.14,54568.0,56130000.0,41.75,28.91,374.9,6.69,1.97,2677800,2779100.0,2026-05-22,16:14:30
301026,浩通科技,35.71,33.85,33.91,36.34,33.86,115159.0,408360000.0,56.52,40.82,26.46,3.33,10.07,6393600,5122200.0,2026-05-22,16:14:48
301027,华蓝集团,23.31,22.62,22.79,23.83,22.43,56919.0,132230000.0,34.27,28.25,-100.17,3.81,4.7,3562100,2129800.0,2026-05-22,16:14:57
301028,鼎熔岩,20.22,20.42,20.59,21.33,19.75,213049.0,434580000.0,77.65,50.21,33.12,4.53,8.58,10575200,10729700.0,2026-05-22,16:14:27
301029,怡合达,31.18,29.86,30.06,31.57,29.55,236634.0,733490000.0,197.74,144.01,38.08,4.4,5.12,12822800,10840600.0,2026-05-22,16:14:00
301030,*ST仕净,11.35,11.11,11.12,11.5,11.12,81843.0,92450000.0,22.97,22.94,-1.52,-5.78,4.05,3995600,4188800.0,2026-05-22,16:14:30
301031,中熔电气,178.33,164.72,166.2,179.8,166.2,43458.0,757900000.0,176.26,138.6,38.47,10.56,5.59,2413900,1931900.0,2026-05-22,16:14:51
301032,新柴股份,12.97,12.79,12.73,13.1,12.59,47599.0,61290000.0,31.28,20.74,27.86,2.45,2.98,2604000,2155900.0,2026-05-22,16:14:03
301033,迈普医学,53.82,51.71,52.06,54.3,51.88,13122.0,69970000.0,36.09,30.33,32.9,4.4,2.33,675800,636400.0,2026-05-22,16:14:33
301035,润丰股份,70.88,71.16,71.16,72.36,70.82,10068.0,72000000.0,199.01,198.71,20.88,2.59,0.36,485400,521400.0,2026-05-22,16:14:06
301036,双乐股份,27.53,26.63,26.69,27.95,26.46,17394.0,47510000.0,27.53,19.39,123.34,1.67,2.47,1018200,721200.0,2026-05-22,16:14:54
301037,保立佳,17.16,16.69,16.79,17.27,16.5,22197.0,37450000.0,23.86,11.67,-33.57,4.37,3.26,1124700,1095000.0,2026-05-22,16:14:57
301038,深水规院,21.12,21.5,21.47,21.7,20.81,68044.0,144130000.0,47.11,47.11,98.77,5.26,3.05,2821800,3982600.0,2026-05-22,16:14:36
301039,中集车辆,7.98,8.0,8.05,8.06,7.97,110186.0,88280000.0,149.56,115.9,16.96,1.02,0.76,5026000,5992600.0,2026-05-22,16:14:00
301040,中环海陆,32.25,31.6,32.05,32.64,31.51,34658.0,111400000.0,32.25,30.43,-38.65,4.6,3.67,1764600,1701200.0,2026-05-22,16:14:00
301041,金百泽,34.21,32.41,32.73,34.74,32.73,91452.0,310780000.0,36.5,27.02,162.85,5.37,11.58,4857000,4288200.0,2026-05-22,16:14:39
301042,安联锐视,102.0,103.0,102.74,102.85,99.14,14881.0,149280000.0,71.12,67.34,227.42,6.61,2.25,883000,605000.0,2026-05-22,16:14:33
301043,绿岛风,52.07,52.27,52.79,53.39,51.5,8208.0,42670000.0,35.41,29.55,50.52,4.1,1.45,419400,401400.0,2026-05-22,16:14:09
301045,天禄科技,58.97,53.68,54.32,60.36,53.38,84813.0,484770000.0,65.05,41.11,177.6,6.27,12.17,4781600,3699800.0,2026-05-22,16:14:03
301046,能辉科技,28.84,27.95,28.49,29.15,27.59,44975.0,128230000.0,48.63,37.48,-1357.96,4.15,3.46,2784100,1713400.0,2026-05-22,16:14:03
301047,义翘神州,66.8,66.9,66.72,67.11,66.01,8473.0,56300000.0,81.25,79.88,51.67,1.56,0.71,452500,394700.0,2026-05-22,16:14:06
301048,金鹰重工,10.53,10.39,10.4,10.58,10.39,40205.0,42140000.0,56.16,56.16,26.23,1.96,0.75,2038500,1982000.0,2026-05-22,16:14:09
301049,超越科技,24.19,23.64,23.64,24.39,23.49,17393.0,41640000.0,22.8,10.36,-17.54,4.32,4.06,933400,805900.0,2026-05-22,16:14:36
301050,雷电微力,37.86,37.11,37.3,38.08,36.85,50947.0,190670000.0,93.59,79.7,228.41,3.06,2.42,2863400,2231400.0,2026-05-22,16:14:06
301051,信濠光电,26.22,26.01,26.54,26.84,25.5,121609.0,317890000.0,53.24,42.3,-21.26,2.73,7.54,6256200,5904700.0,2026-05-22,16:14:09
301052,果麦文化,29.56,29.07,29.2,29.66,28.7,26076.0,76160000.0,29.25,23.71,-350.75,4.26,3.25,1308600,1299000.0,2026-05-22,16:14:42
301053,远信工业,52.11,53.45,53.88,54.01,50.48,39920.0,210310000.0,49.09,45.59,233.21,5.48,4.56,1954100,2037900.0,2026-05-22,16:14:12
301055,张小泉,39.5,38.49,38.5,39.73,38.01,61302.0,238650000.0,61.62,61.62,86.5,8.79,3.93,3261600,2868600.0,2026-05-22,16:14:12
301056,森赫股份,14.62,13.99,14.03,14.75,13.83,31050.0,44570000.0,39.0,25.73,56.9,4.91,1.76,1563400,1541600.0,2026-05-22,16:14:39
301057,汇隆新材,33.62,31.5,32.06,33.96,31.51,33463.0,111090000.0,39.33,27.24,100.55,5.01,4.13,2048500,1297800.0,2026-05-22,16:14:15
301058,中粮科工,9.13,9.04,9.06,9.2,8.97,55520.0,50360000.0,46.77,46.77,20.05,2.0,1.08,2758600,2793400.0,2026-05-22,16:14:42
301059,金三江,15.15,14.7,14.86,15.27,14.68,38065.0,57140000.0,35.02,31.29,41.87,5.35,1.84,2261700,1544800.0,2026-05-22,16:14:18
301060,兰卫医学,10.55,10.37,10.44,10.58,10.27,65931.0,68680000.0,42.25,38.0,296.57,2.66,1.83,3972700,2620400.0,2026-05-22,16:14:21
301061,匠心家居,58.46,59.8,60.24,60.65,57.89,16737.0,97950000.0,127.89,32.66,15.41,2.93,3.0,887100,786600.0,2026-05-22,16:14:45
301062,上海艾录,7.45,7.55,7.63,7.76,7.39,93756.0,70260000.0,32.28,23.34,-25.73,2.38,2.99,4345100,5030500.0,2026-05-22,16:14:15
301063,海锅股份,22.39,21.98,22.11,22.49,21.56,23093.0,50870000.0,23.37,21.64,62.79,1.48,2.39,1350100,959200.0,2026-05-22,16:14:45
301065,本立科技,22.94,22.27,22.56,23.17,22.05,29913.0,67570000.0,24.32,19.79,32.79,1.75,3.47,1362600,1628800.0,2026-05-22,16:14:12
301066,万事利,15.62,15.27,15.28,15.7,15.02,48381.0,74600000.0,36.69,36.41,99.58,2.85,2.08,2671000,2167000.0,2026-05-22,16:14:48
301067,显盈科技,30.3,29.11,29.54,30.69,29.18,25902.0,77530000.0,29.46,19.34,-44.13,3.83,4.06,1403500,1186700.0,2026-05-22,16:14:48
301068,大地海洋,32.42,32.17,33.3,33.3,31.82,11854.0,38470000.0,45.81,32.52,-172.82,5.69,1.18,648200,537200.0,2026-05-22,16:14:15
301069,凯盛新材,23.81,22.88,22.91,23.95,22.7,155522.0,366060000.0,107.9,101.61,77.62,4.73,3.64,9142500,6409700.0,2026-05-22,16:14:51
301070,开勒股份,96.09,91.28,92.01,96.88,91.88,33247.0,314660000.0,86.7,57.02,-2764.6,11.96,5.6,1967900,1356900.0,2026-05-22,16:14:54
301071,力量钻石,64.96,59.69,61.86,66.88,61.57,272945.0,1762420000.0,169.07,125.29,129.34,3.14,14.15,14089400,13205100.0,2026-05-22,16:14:18
301072,中捷精工,25.23,24.35,24.49,25.5,24.22,15687.0,39080000.0,26.5,16.94,-48.73,3.71,2.34,838100,730600.0,2026-05-22,16:14:51
301073,君亭酒店,23.19,23.22,23.45,23.5,23.01,24200.0,56110000.0,45.09,41.23,167.34,5.09,1.36,1130700,1289300.0,2026-05-22,16:14:24
301075,多瑞医药,88.2,85.07,85.95,88.88,83.0,21473.0,182870000.0,70.56,70.56,-70.18,11.44,2.68,1135100,1012200.0,2026-05-22,16:14:18
301076,新瀚新材,32.77,31.28,31.25,33.15,30.44,87873.0,283870000.0,74.5,49.72,112.6,6.28,5.79,5348700,3438600.0,2026-05-22,16:14:57
301077,星华新材,29.39,28.48,28.92,29.56,28.76,34017.0,99250000.0,49.99,28.04,39.05,4.35,3.57,2163100,1238700.0,2026-05-22,16:14:21
301078,孩子王,9.49,9.51,9.45,9.61,9.38,394958.0,374380000.0,120.01,119.89,38.07,2.78,3.13,18596700,20899100.0,2026-05-22,16:14:00
301079,邵阳液压,40.19,39.52,40.0,40.5,39.11,43887.0,175490000.0,43.78,30.92,540.3,9.13,5.7,2400400,1988300.0,2026-05-22,16:14:27
301080,百普赛斯,42.45,42.8,43.2,43.48,41.91,20114.0,85440000.0,70.97,53.49,41.44,2.63,1.6,1006800,1004600.0,2026-05-22,16:14:30
301081,严牌股份,21.15,18.39,18.4,21.64,18.19,218539.0,440410000.0,48.17,46.22,595.59,4.46,10.0,12429200,9424700.0,2026-05-22,16:14:33
301082,久盛电气,11.5,11.23,11.29,11.54,11.15,44771.0,50890000.0,33.83,31.36,92.01,3.33,1.64,2416300,2060700.0,2026-05-22,16:14:54
301083,百胜智能,16.87,16.38,16.59,17.04,16.27,23849.0,39930000.0,30.01,14.44,98.05,3.58,2.79,1280900,1104000.0,2026-05-22,16:14:57
301085,亚康股份,81.57,75.98,77.0,82.5,76.0,43242.0,347800000.0,70.78,48.05,-52.13,7.41,7.34,2459200,1865100.0,2026-05-22,16:14:24
301086,鸿富瀚,247.97,236.59,241.39,248.88,238.39,18280.0,447160000.0,223.17,116.35,183.53,11.21,3.9,910100,917900.0,2026-05-22,16:14:03
301087,可孚医疗,47.3,47.45,47.93,47.93,47.22,16505.0,78460000.0,111.58,91.76,28.82,2.36,0.85,800900,849700.0,2026-05-22,16:14:36
301088,戎美股份,16.8,17.17,17.15,17.48,16.46,37769.0,63480000.0,38.29,31.58,53.59,1.51,2.01,1676400,2100500.0,2026-05-22,16:14:06
301089,拓新药业,25.36,25.87,26.01,26.18,25.16,22980.0,58600000.0,32.09,22.94,-41.89,2.18,2.54,1099500,1198500.0,2026-05-22,16:14:27
301090,华润材料,7.66,7.66,7.75,7.76,7.61,96619.0,74280000.0,112.79,112.67,-246.43,1.71,0.66,4365700,5296200.0,2026-05-22,16:14:00
301091,深城交,20.1,20.89,20.95,21.12,19.7,103403.0,208980000.0,105.98,105.98,294.77,4.53,1.96,5052100,5288300.0,2026-05-22,16:14:09
301092,争光股份,46.36,47.27,48.9,49.21,46.21,71000.0,334810000.0,62.37,28.27,66.55,3.15,11.64,3242000,3858000.0,2026-05-22,16:14:39
301093,华兰股份,130.6,110.21,113.0,132.25,112.2,94587.0,1198890000.0,214.45,205.04,505.7,9.73,6.02,5299400,4159300.0,2026-05-22,16:14:12
301095,广立微,102.98,102.16,104.0,105.2,100.0,115539.0,1183480000.0,206.25,178.18,224.95,6.57,6.68,6158500,5395400.0,2026-05-22,16:14:03
301096,百诚医药,64.6,64.42,65.0,65.88,62.37,38072.0,244220000.0,70.56,53.68,-137.32,2.82,4.58,1928400,1878800.0,2026-05-22,16:14:06
301097,天益医疗,61.57,59.88,60.45,62.39,58.88,9187.0,56140000.0,36.29,17.82,-307.53,3.26,3.17,546800,371900.0,2026-05-22,16:14:09
301098,金埔园林,10.57,10.2,10.3,10.63,10.17,86979.0,91090000.0,19.44,15.82,-7.13,1.88,5.81,4858400,3839400.0,2026-05-22,16:14:12
301099,雅创电子,64.25,61.5,62.73,64.66,61.51,54549.0,345180000.0,94.23,57.68,50.86,6.57,6.08,2790500,2664400.0,2026-05-22,16:14:15
301100,风光股份,17.97,17.28,17.51,18.07,17.18,17548.0,31070000.0,35.94,15.72,-93.91,1.78,2.01,903400,851400.0,2026-05-22,16:14:18
301101,明月镜片,34.97,34.75,35.0,35.28,34.45,18519.0,64710000.0,70.47,66.76,34.9,3.87,0.97,1014400,837500.0,2026-05-22,16:14:15
301102,兆讯传媒,10.82,10.7,10.92,10.92,10.52,33325.0,35870000.0,43.93,43.93,-1466.51,1.48,0.82,1708700,1623800.0,2026-05-22,16:14:21
301103,何氏眼科,18.3,18.12,18.45,18.45,17.93,20098.0,36460000.0,28.92,22.26,105.18,1.51,1.65,1025100,984700.0,2026-05-22,16:14:24
301105,鸿铭股份,55.62,55.36,56.0,56.92,55.06,7157.0,40060000.0,27.81,9.14,-105.77,3.4,4.35,415200,300600.0,2026-05-22,16:14:42
301106,骏成科技,34.6,33.76,34.24,35.13,33.9,30270.0,104270000.0,35.33,35.33,47.59,2.72,2.96,1492400,1534600.0,2026-05-22,16:14:18
301107,瑜欣电子,29.0,28.01,28.54,29.13,27.67,30849.0,87830000.0,29.45,17.03,47.56,3.06,5.25,1736200,1348700.0,2026-05-22,16:14:30
301108,洁雅股份,24.48,24.18,24.3,24.65,23.93,11858.0,28870000.0,27.55,15.87,35.56,1.47,1.83,630900,555000.0,2026-05-22,16:14:21
301109,军信股份,15.06,14.92,14.95,15.18,14.8,45902.0,68820000.0,118.84,34.69,15.57,1.65,1.99,2356500,2233700.0,2026-05-22,16:14:45
301110,青木科技,61.86,66.49,66.91,67.17,61.3,82408.0,521620000.0,57.24,40.26,36.9,3.71,12.66,3756200,4484600.0,2026-05-22,16:14:21
301111,粤万年青,30.13,25.9,25.89,30.68,25.68,178902.0,520880000.0,48.21,48.21,-1107.3,6.45,11.18,9716400,8173700.0,2026-05-22,16:14:27
301112,信邦智能,37.08,36.53,36.51,37.6,35.9,21388.0,79060000.0,40.89,40.89,-47.43,3.67,1.94,1089200,1049600.0,2026-05-22,16:14:30
301113,雅艺科技,26.18,25.5,25.75,26.66,25.3,11921.0,30840000.0,23.82,14.43,952.59,3.5,2.16,607200,584900.0,2026-05-22,16:14:24
301115,联检科技,26.85,25.1,25.58,27.0,25.03,60840.0,159780000.0,49.28,41.55,-326.74,1.99,3.93,3501100,2582900.0,2026-05-22,16:14:24
301116,益客食品,9.89,9.94,10.01,10.07,9.73,33899.0,33480000.0,44.4,44.4,-25.06,2.83,0.76,1870100,1519700.0,2026-05-22,16:14:33
301117,佳缘科技,41.22,40.5,40.9,41.5,40.11,30171.0,123380000.0,53.24,34.11,-101.0,4.3,3.65,1440200,1576900.0,2026-05-22,16:14:48
301118,恒光股份,33.87,32.8,33.23,34.29,32.88,74755.0,251990000.0,37.32,35.61,856.4,2.75,7.11,3600900,3874600.0,2026-05-22,16:14:36
301119,正强股份,40.96,40.98,41.04,41.49,40.03,14873.0,60800000.0,42.6,34.45,42.46,3.99,1.77,815500,671800.0,2026-05-22,16:14:33
301120,新特电气,23.6,23.04,23.09,23.8,22.7,270816.0,636060000.0,87.66,51.57,273.89,5.61,12.39,12501000,14580600.0,2026-05-22,16:14:27
301121,紫建电子,41.21,39.35,39.79,41.35,39.2,20784.0,83470000.0,40.73,20.85,8832.75,2.46,4.11,1230500,847900.0,2026-05-22,16:14:51
301122,采纳股份,28.9,28.08,28.26,29.39,27.83,26125.0,74660000.0,35.33,21.86,319.72,1.91,3.45,1516300,1096200.0,2026-05-22,16:14:54
301123,奕东电子,82.7,73.6,75.42,82.7,73.66,173879.0,1369370000.0,194.05,136.49,-378.82,6.92,10.54,11002000,6385900.0,2026-05-22,16:14:57
301125,腾亚精工,24.96,24.3,24.57,25.23,23.5,39563.0,97500000.0,35.38,31.37,-210.55,6.09,3.15,2017600,1938700.0,2026-05-22,16:14:00
301126,达嘉维康,11.37,11.17,11.2,11.46,11.01,35910.0,40350000.0,23.35,15.68,-9.75,1.56,2.6,1918100,1672900.0,2026-05-22,16:14:27
301127,武汉天源,14.33,13.37,13.48,14.76,13.37,280591.0,397260000.0,96.59,93.75,45.12,2.85,4.29,16503100,11556100.0,2026-05-22,16:14:30
301128,强瑞技术,137.49,132.35,132.33,139.79,129.33,83474.0,1127190000.0,199.11,199.11,137.9,23.26,5.76,4918200,3429200.0,2026-05-22,16:14:03
301129,瑞纳智能,28.88,27.0,27.0,29.49,27.0,55338.0,157450000.0,39.25,19.14,36.08,2.16,8.35,3106500,2427300.0,2026-05-22,16:14:36
301130,西点药业,31.23,30.55,30.75,31.49,30.27,13129.0,40510000.0,23.89,18.43,104.82,2.71,2.22,738600,574300.0,2026-05-22,16:14:06
301131,聚赛龙,42.13,40.94,41.14,42.54,40.41,13684.0,56850000.0,23.03,16.5,87.95,2.08,3.49,773300,595000.0,2026-05-22,16:14:09
301132,满坤科技,36.66,34.59,35.01,36.97,35.01,57071.0,206720000.0,54.29,34.73,49.62,2.96,6.02,3563600,2143500.0,2026-05-22,16:14:12
301133,金钟股份,47.53,45.77,45.78,48.17,45.08,24570.0,115410000.0,57.73,52.82,-492.36,4.2,2.21,1515900,941100.0,2026-05-22,16:14:39
301135,瑞德智能,26.95,26.15,26.36,27.16,25.86,18930.0,50250000.0,27.07,21.1,158.93,2.28,2.42,1066200,826800.0,2026-05-22,16:14:33
301136,招标股份,14.56,14.28,14.31,14.63,14.13,45193.0,65210000.0,40.07,40.03,3139.24,2.77,1.64,2596500,1922800.0,2026-05-22,16:14:15
301137,哈焊华通,42.76,44.39,44.41,44.41,42.59,60034.0,257940000.0,77.74,77.74,203.63,5.6,3.3,2438900,3564500.0,2026-05-22,16:14:39
301138,华研精机,31.97,31.49,31.65,32.16,31.2,9789.0,31120000.0,38.36,21.92,40.63,3.33,1.43,593300,385600.0,2026-05-22,16:14:36
301139,*ST元道,6.08,6.66,5.95,6.9,5.92,325132.0,208530000.0,7.39,4.63,-730.81,0.38,42.69,13661400,18851800.0,2026-05-22,16:14:42
301141,中科磁业,53.8,52.17,52.86,54.39,51.81,23373.0,125340000.0,66.73,23.95,257.44,5.2,5.25,1294500,1042800.0,2026-05-22,16:14:45
301148,嘉戎技术,70.5,69.86,71.18,71.48,69.55,11889.0,83900000.0,82.13,41.51,204.18,4.79,2.02,606300,582600.0,2026-05-22,16:14:42
301149,隆华新材,13.12,12.89,12.99,13.21,12.72,102711.0,133580000.0,56.42,34.27,42.71,2.67,3.93,5441100,4830000.0,2026-05-22,16:14:39
301150,中一科技,70.68,66.38,66.81,71.45,66.66,119399.0,826760000.0,164.85,157.32,118.27,4.49,5.36,6536300,5403600.0,2026-05-22,16:14:45
301151,冠龙节能,17.13,17.06,17.08,17.28,16.83,21158.0,36030000.0,28.95,28.92,63.06,1.4,1.25,1159700,956100.0,2026-05-22,16:14:48
301152,天力锂能,31.09,30.22,30.52,31.24,29.96,38823.0,119300000.0,36.92,22.07,-24.08,3.05,5.47,2056300,1826100.0,2026-05-22,16:14:18
301153,中科江南,19.97,19.96,20.13,20.19,19.7,38125.0,75980000.0,71.03,66.25,58.44,3.88,1.15,1903800,1908800.0,2026-05-22,16:14:21
301155,海力风电,70.5,65.11,65.0,71.5,64.68,94596.0,648720000.0,153.26,86.9,51.7,2.65,7.67,5670400,3789200.0,2026-05-22,16:14:48
301156,美农生物,20.12,19.63,19.77,20.27,19.47,17319.0,34410000.0,28.33,18.14,47.7,3.79,1.92,984500,747400.0,2026-05-22,16:14:42
301157,华塑科技,76.21,74.4,75.0,77.3,74.63,19051.0,144670000.0,45.73,15.74,147.49,4.11,9.22,1110800,794300.0,2026-05-22,16:14:51
301158,德石股份,24.51,24.5,24.55,24.85,24.13,46472.0,113600000.0,36.86,35.94,35.34,2.63,3.17,2282200,2365000.0,2026-05-22,16:14:24
301159,三维天地,38.58,38.35,38.97,39.09,37.61,18103.0,69520000.0,29.84,20.45,131.58,4.6,3.41,974700,835600.0,2026-05-22,16:14:27
301160,翔楼新材,62.07,60.71,61.0,63.12,60.01,29917.0,185550000.0,70.48,47.08,34.61,3.78,3.94,1576800,1415000.0,2026-05-22,16:14:45
301161,唯万密封,34.28,33.96,34.0,34.91,33.8,39439.0,135490000.0,41.14,26.46,44.94,4.28,5.11,2208700,1735200.0,2026-05-22,16:14:30
301162,国能日新,51.45,49.5,50.01,51.75,48.97,41666.0,209950000.0,95.5,61.78,70.09,6.17,3.47,2343600,1823000.0,2026-05-22,16:14:30
301163,宏德股份,29.74,28.63,28.86,29.8,28.33,18157.0,53020000.0,24.27,16.28,58.83,2.12,3.32,854500,961100.0,2026-05-22,16:14:51
301165,锐捷网络,98.49,92.61,92.94,100.79,92.0,128138.0,1236470000.0,783.44,783.44,110.03,15.26,1.61,7367300,5446500.0,2026-05-22,16:14:48
301166,优宁维,30.23,29.8,29.87,30.45,29.3,11678.0,34930000.0,26.05,17.06,-103.22,1.32,2.07,601000,566700.0,2026-05-22,16:14:33
301167,建研设计,16.98,16.46,16.48,17.08,16.33,25964.0,43450000.0,19.02,12.05,89.58,1.98,3.66,1387500,1208800.0,2026-05-22,16:14:33
301168,通灵股份,48.36,45.46,45.5,48.8,45.46,57303.0,271340000.0,58.03,46.09,792.58,2.73,6.01,3119100,2611300.0,2026-05-22,16:14:54
301169,零点有数,90.79,91.96,93.37,94.28,87.75,30240.0,273850000.0,65.41,65.38,-194.32,15.09,4.2,1810800,1213200.0,2026-05-22,16:14:54
301170,锡南科技,28.5,27.89,27.98,28.77,27.33,14920.0,41900000.0,28.5,9.57,28.8,1.58,4.44,798400,693600.0,2026-05-22,16:14:57
301171,易点天下,41.3,41.75,41.73,42.0,40.4,521082.0,2140190000.0,255.45,207.28,661.34,6.92,10.38,24224400,27883800.0,2026-05-22,16:14:51
301172,君逸数码,38.5,38.2,39.77,39.9,37.99,74068.0,286200000.0,66.4,38.02,188.59,4.46,7.5,3813800,3593100.0,2026-05-22,16:14:36
301173,毓恬冠佳,39.45,38.88,38.99,39.8,38.41,6443.0,25230000.0,34.65,12.16,20.28,2.28,2.09,301400,343000.0,2026-05-22,16:14:39
301175,中科环保,5.79,5.78,5.81,5.84,5.74,160017.0,92700000.0,85.22,36.01,21.85,2.33,2.57,7963000,8038700.0,2026-05-22,16:14:36
301176,逸豪新材,46.47,40.89,41.4,48.11,41.25,178911.0,807250000.0,78.57,76.24,-164.74,5.28,10.91,8902100,8989000.0,2026-05-22,16:14:00
301177,迪阿股份,28.6,28.59,28.62,29.15,28.47,12946.0,37220000.0,114.48,114.4,73.4,1.82,0.32,672400,622200.0,2026-05-22,16:14:57
301178,天亿马,57.52,54.7,56.31,58.0,54.85,24344.0,137540000.0,38.45,28.46,491.03,4.93,4.92,1285000,1149300.0,2026-05-22,16:14:39
301179,泽宇智能,25.24,24.54,24.99,25.44,24.17,103805.0,259680000.0,102.07,59.94,62.7,4.02,4.37,5057500,5322900.0,2026-05-22,16:14:42
301180,万祥科技,16.45,15.97,16.14,16.59,15.82,46902.0,76410000.0,65.8,27.0,-1020.94,5.03,2.86,2567600,2122600.0,2026-05-22,16:14:42
301181,标榜股份,33.61,34.04,34.06,34.2,33.1,35670.0,119820000.0,50.48,39.4,44.6,3.53,3.04,1858500,1708500.0,2026-05-22,16:14:45
301182,凯旺科技,92.87,84.61,84.61,92.9,83.76,68531.0,607240000.0,88.99,81.15,-78.39,13.43,7.84,3851000,3002200.0,2026-05-22,16:14:00
301183,东田微,248.78,242.48,244.0,252.7,236.36,90258.0,2207880000.0,199.21,146.03,183.52,20.21,15.38,4580800,4445000.0,2026-05-22,16:14:45
301185,鸥玛软件,17.24,16.75,16.95,17.39,16.65,24851.0,42250000.0,26.45,23.91,50.57,2.43,1.79,1245900,1239200.0,2026-05-22,16:14:48
301186,超达装备,71.23,71.62,72.01,73.0,70.42,14756.0,105350000.0,58.38,54.89,47.27,3.61,1.91,681700,793900.0,2026-05-22,16:14:03
301187,欧圣电气,20.91,21.33,21.37,21.48,20.81,22425.0,47110000.0,53.31,53.31,98.56,3.64,0.88,1046200,1196400.0,2026-05-22,16:14:54
301188,力诺药包,49.15,43.31,45.1,50.2,43.99,337944.0,1616520000.0,131.49,131.49,327.6,6.71,12.63,17862100,15932300.0,2026-05-22,16:14:51
301189,奥尼电子,93.9,90.29,90.18,96.2,89.18,45397.0,425060000.0,109.3,105.5,-96.4,5.27,4.04,2498100,2041500.0,2026-05-22,16:14:06
301190,善水科技,23.86,22.6,22.58,24.13,22.53,38555.0,91590000.0,51.21,34.14,55.03,2.59,2.69,2149100,1706400.0,2026-05-22,16:14:57
301191,菲菱科思,164.9,150.08,150.61,165.8,150.55,54773.0,863580000.0,114.34,86.08,155.81,6.72,10.49,3263800,2213400.0,2026-05-22,16:14:54
301192,泰祥股份,26.01,25.47,25.72,26.28,25.43,14541.0,37540000.0,25.98,12.45,47.22,3.98,3.04,737900,716200.0,2026-05-22,16:14:57
301193,家联科技,24.09,24.45,24.57,25.95,23.7,157392.0,388890000.0,57.32,43.66,-38.38,4.15,8.68,7872700,7866600.0,2026-05-22,16:14:03
301195,北路智控,31.39,30.82,30.83,31.7,30.5,14591.0,45480000.0,41.46,27.53,30.48,1.68,1.66,794000,665100.0,2026-05-22,16:14:09
301196,唯科科技,146.95,140.68,142.94,149.37,140.5,47300.0,685650000.0,184.15,120.44,73.4,5.51,5.77,2380600,2349400.0,2026-05-22,16:14:12
301197,工大科雅,33.53,33.01,33.67,34.26,32.81,50985.0,170170000.0,40.42,36.46,176.76,3.06,4.69,2862900,2235600.0,2026-05-22,16:14:48
301198,喜悦智行,18.34,17.84,17.92,18.57,17.75,35829.0,65140000.0,30.99,29.76,-292.84,3.42,2.21,1958800,1624200.0,2026-05-22,16:14:00
301199,迈赫股份,23.21,22.95,22.96,23.3,22.55,22644.0,52030000.0,43.33,16.64,50.18,2.23,3.16,1234500,1029900.0,2026-05-22,16:14:51
301200,大族数控,274.0,249.46,256.0,285.05,248.48,94925.0,2530070000.0,1339.88,1165.15,130.03,12.17,2.23,5067600,4425000.0,2026-05-22,16:14:54
301201,诚达药业,35.45,36.45,36.23,36.9,34.88,61507.0,218630000.0,54.85,38.48,-1556.42,2.61,5.67,3106100,3044500.0,2026-05-22,16:14:00
301202,朗威股份,42.72,41.5,41.63,42.99,41.14,21318.0,90210000.0,58.27,15.87,90.59,4.79,5.74,1210000,921800.0,2026-05-22,16:14:57
301203,国泰环保,46.01,44.79,45.02,46.98,43.5,18844.0,85510000.0,36.81,20.17,34.76,2.64,4.3,1136900,747500.0,2026-05-22,16:14:06
301205,联特科技,256.8,245.33,251.01,259.9,246.65,68352.0,1736750000.0,333.18,214.18,381.09,20.47,8.2,3770000,3065200.0,2026-05-22,16:14:00
301206,三元生物,26.15,25.94,25.95,26.38,25.74,9307.0,24220000.0,52.91,34.07,57.14,1.24,0.71,498800,431900.0,2026-05-22,16:14:03
301207,华兰疫苗,19.02,18.97,18.96,19.12,18.76,52468.0,99330000.0,114.32,114.24,60.97,1.99,0.87,2350500,2896200.0,2026-05-22,16:14:03
301208,中亦科技,32.78,32.19,32.5,33.0,31.65,15523.0,50230000.0,39.34,21.66,78.7,2.51,2.35,811300,741000.0,2026-05-22,16:14:03
301209,联合化学,90.05,87.46,87.4,90.7,86.51,11375.0,101530000.0,100.86,86.16,248.5,13.05,1.19,627400,510100.0,2026-05-22,16:14:09
301210,金杨精密,44.53,42.59,42.86,45.1,41.88,54389.0,238040000.0,51.04,19.35,76.02,2.71,12.51,2880800,2558100.0,2026-05-22,16:14:06
301211,亨迪药业,10.6,10.66,10.75,10.75,10.54,27622.0,29310000.0,44.27,44.27,130.95,1.94,0.66,1561000,1201200.0,2026-05-22,16:14:06
301212,联盛化学,34.73,32.84,33.15,34.95,32.73,31527.0,106810000.0,37.51,32.56,427.76,2.78,3.36,1828300,1324400.0,2026-05-22,16:14:09
301213,观想科技,73.37,70.16,70.68,75.29,69.72,20818.0,152080000.0,58.7,37.94,306.31,7.3,4.03,1151400,930400.0,2026-05-22,16:14:12
301215,中汽股份,6.17,6.08,6.14,6.2,6.07,114371.0,70150000.0,81.68,81.59,37.38,2.75,0.86,5604900,5832200.0,2026-05-22,16:14:06
301216,万凯新材,27.1,27.18,27.16,27.63,26.93,79525.0,216560000.0,157.23,148.6,31.32,2.4,1.45,3792800,4159700.0,2026-05-22,16:14:12
301217,铜冠铜箔,90.93,82.93,83.13,94.5,83.13,384504.0,3424740000.0,753.82,753.82,458.96,13.7,4.64,22221300,16229100.0,2026-05-22,16:14:15
301218,华是科技,37.6,35.99,36.2,38.6,35.85,78411.0,294470000.0,42.88,26.35,-155.66,4.72,11.19,4158700,3682400.0,2026-05-22,16:14:15
301219,腾远钴业,83.44,79.8,81.24,84.14,80.04,70767.0,581930000.0,245.91,175.57,16.2,2.49,3.36,3875900,3200700.0,2026-05-22,16:14:09
301220,亚香股份,40.58,39.65,38.95,40.84,38.95,16581.0,66450000.0,45.76,31.56,92.92,2.62,2.13,988500,669600.0,2026-05-22,16:14:12
301221,光庭信息,53.2,52.41,52.77,53.31,51.43,30879.0,162100000.0,49.28,33.39,104.22,2.42,4.92,1511400,1576500.0,2026-05-22,16:14:18
301222,浙江恒威,47.1,45.4,45.7,47.78,44.61,32772.0,153430000.0,47.21,35.86,53.46,3.21,4.3,1743300,1533900.0,2026-05-22,16:14:21
301223,中荣股份,17.97,17.86,17.95,18.21,17.71,13077.0,23470000.0,34.71,34.71,22.14,1.15,0.68,663400,644300.0,2026-05-22,16:14:15
301225,恒勃股份,126.33,127.77,128.02,128.99,121.61,35446.0,445080000.0,130.6,37.75,100.53,8.15,11.86,1599300,1945300.0,2026-05-22,16:14:09
301226,祥明智能,38.39,38.13,38.24,38.87,37.78,30511.0,117460000.0,41.77,41.77,399.46,4.59,2.8,1551100,1500000.0,2026-05-22,16:14:24
301227,森鹰窗业,35.21,33.52,33.88,37.15,33.88,34881.0,125790000.0,33.53,19.06,-54.78,2.09,6.44,1964700,1523300.0,2026-05-22,16:14:12
301228,实朴检测,67.98,65.98,67.09,69.93,66.2,43112.0,292990000.0,81.58,81.2,-126.94,13.61,3.61,1949100,2362100.0,2026-05-22,16:14:18
301229,纽泰格,16.62,16.56,16.83,16.83,16.31,24070.0,39770000.0,30.21,21.49,157.97,2.44,1.86,1231800,1175200.0,2026-05-22,16:14:18
301230,泓博医药,38.6,38.81,38.9,39.43,37.08,51156.0,194810000.0,53.88,48.49,116.88,5.23,4.07,2576100,2539500.0,2026-05-22,16:14:21
301231,荣信文化,28.97,28.02,28.36,29.28,27.85,38729.0,110370000.0,24.45,18.96,-80.67,3.01,5.92,2118600,1754200.0,2026-05-22,16:14:27
301232,飞沃科技,146.18,140.2,140.15,148.5,135.0,57539.0,818600000.0,153.68,91.27,341.77,10.86,9.22,3151700,2602200.0,2026-05-22,16:14:24
301233,盛帮股份,60.66,59.1,59.1,61.2,59.0,15606.0,94420000.0,31.22,17.09,38.35,3.11,5.54,1028800,531800.0,2026-05-22,16:14:15
301234,五洲医疗,39.85,38.42,38.65,40.1,38.09,13769.0,54110000.0,27.1,16.01,127.16,3.52,3.43,834900,542100.0,2026-05-22,16:14:18
301235,华康洁净,73.08,70.13,72.0,73.32,69.3,55394.0,394230000.0,78.76,53.16,60.9,4.17,7.61,2337100,3202400.0,2026-05-22,16:14:27
301236,软通动力,38.55,38.12,38.33,38.89,37.88,161443.0,620460000.0,399.07,302.89,740.23,2.99,2.05,8166800,7977500.0,2026-05-22,16:14:15
301237,和顺科技,73.86,68.9,69.23,74.41,68.07,24838.0,179280000.0,59.09,43.02,-34.43,5.14,4.26,1577600,906200.0,2026-05-22,16:14:21
301238,瑞泰新材,22.86,21.63,22.0,22.95,21.58,201832.0,452960000.0,167.64,167.64,52.0,2.27,2.75,11076800,9106400.0,2026-05-22,16:14:30
301239,普瑞眼科,42.62,40.69,41.05,42.9,40.84,44378.0,187270000.0,63.77,60.54,-363.21,3.02,3.12,2851800,1586000.0,2026-05-22,16:14:21
301246,宏源药业,32.11,32.61,33.0,33.14,31.7,167413.0,540390000.0,128.44,54.61,50.47,2.79,9.84,7136600,9604800.0,2026-05-22,16:14:18
301248,杰创智能,82.74,83.27,83.98,84.99,81.5,61770.0,512040000.0,127.18,92.94,-896.53,8.43,5.5,2757200,3419800.0,2026-05-22,16:14:24
301251,威尔高,72.8,68.15,69.05,74.34,68.63,75754.0,545580000.0,98.05,39.31,189.32,6.31,14.03,4521600,3053800.0,2026-05-22,16:14:27
301252,同星科技,40.99,40.13,40.28,41.45,39.8,36808.0,150230000.0,69.37,19.78,73.21,5.12,7.63,2027900,1652900.0,2026-05-22,16:14:30
301255,通力科技,34.2,32.38,32.06,34.98,31.5,121907.0,406550000.0,52.09,13.02,131.06,4.88,32.01,6042500,6148200.0,2026-05-22,16:14:24
301256,华融化学,13.22,13.09,13.09,13.39,12.96,82715.0,109390000.0,63.46,63.46,86.38,3.64,1.72,4473100,3798500.0,2026-05-22,16:14:33
301257,普蕊斯,47.39,47.39,48.24,48.24,47.0,14665.0,69600000.0,37.44,35.69,32.78,2.92,1.95,824500,642100.0,2026-05-22,16:14:30
301258,富士莱,29.32,28.89,29.6,29.69,28.45,9964.0,29040000.0,26.88,26.11,71.5,1.44,1.12,568900,427500.0,2026-05-22,16:14:21
301259,艾布鲁,39.11,38.93,39.05,39.82,38.89,34325.0,135150000.0,61.01,35.93,195.3,6.89,3.74,1623400,1809100.0,2026-05-22,16:14:33
301260,格力博,17.32,17.6,17.71,17.78,16.66,94994.0,163280000.0,83.72,35.56,-21.07,1.94,4.63,4678700,4820700.0,2026-05-22,16:14:33
301261,恒工精密,101.83,98.54,97.7,104.56,95.0,67305.0,679650000.0,89.5,38.17,68.25,5.54,17.96,3574100,3156400.0,2026-05-22,16:14:36
301262,海看股份,22.16,22.1,22.4,22.45,21.91,34569.0,76560000.0,92.41,27.05,23.83,2.43,2.83,1540400,1916500.0,2026-05-22,16:14:36
301263,泰恩康,26.61,26.43,26.66,27.02,26.51,33766.0,90300000.0,113.22,80.78,441.08,6.67,1.11,1634800,1741800.0,2026-05-22,16:14:39
301265,华新科技,27.8,25.66,25.61,28.23,25.6,174207.0,477790000.0,84.23,47.2,103.27,3.96,10.26,10726000,6694700.0,2026-05-22,16:14:27
301266,宇邦新材,28.15,27.58,28.2,28.43,27.3,39244.0,109250000.0,40.25,38.18,146.47,2.25,2.89,2250100,1674300.0,2026-05-22,16:14:39
301267,华厦眼科,16.89,16.58,16.52,16.91,16.44,53511.0,89500000.0,141.88,109.52,30.67,2.61,0.83,2738000,2613200.0,2026-05-22,16:14:42
301268,铭利达,20.07,20.99,21.07,21.2,19.8,76205.0,154240000.0,80.36,69.18,-43.23,5.38,2.21,3345500,4275000.0,2026-05-22,16:14:36
301269,华大九天,108.69,97.22,97.25,108.88,96.68,279314.0,2928680000.0,592.84,592.84,-2727.65,11.4,5.12,17169700,10761700.0,2026-05-22,16:14:42
301270,汉仪股份,31.18,30.14,30.56,31.89,29.78,29622.0,91990000.0,31.18,29.46,402.39,3.22,3.13,1542500,1419700.0,2026-05-22,16:14:39
301272,英华特,46.35,44.96,45.43,46.76,44.71,10191.0,46760000.0,27.12,14.52,73.16,2.65,3.25,605500,413600.0,2026-05-22,16:14:45
301273,瑞晨环保,43.9,42.67,44.35,44.44,41.36,27522.0,119590000.0,31.45,24.14,-48.97,3.6,5.01,1490800,1261400.0,2026-05-22,16:14:30
301275,汉朔科技,46.66,47.52,47.86,48.08,45.79,98471.0,459690000.0,197.09,140.38,40.83,4.74,3.27,4172200,5674900.0,2026-05-22,16:14:42
301276,嘉曼服饰,25.53,26.14,26.5,26.5,25.4,18683.0,48090000.0,33.09,18.45,29.75,1.52,2.59,856000,1012300.0,2026-05-22,16:14:33
301277,新天地,10.56,10.51,10.52,10.66,10.45,16466.0,17360000.0,41.4,41.4,41.08,2.74,0.42,889300,757300.0,2026-05-22,16:14:48
301278,快可电子,39.88,37.75,37.96,40.15,37.9,31982.0,125170000.0,35.78,20.5,226.66,2.51,6.22,1961500,1236800.0,2026-05-22,16:14:45
301279,金道科技,26.8,26.59,26.96,27.01,26.2,31606.0,84340000.0,45.16,34.97,69.38,3.36,2.42,1664200,1496300.0,2026-05-22,16:14:48
301280,珠城科技,48.91,48.31,48.27,49.5,48.27,20338.0,99360000.0,93.66,27.48,44.29,4.81,3.62,1169700,864100.0,2026-05-22,16:14:24
301281,科源制药,40.55,36.16,36.23,40.92,35.7,57766.0,224960000.0,43.91,28.77,186.53,3.15,8.14,3304200,2472400.0,2026-05-22,16:14:51
301282,金禄电子,28.9,26.22,26.76,29.28,26.76,170690.0,482480000.0,60.96,51.03,72.77,3.58,9.67,9662500,7406600.0,2026-05-22,16:14:36
301283,聚胶股份,30.59,30.2,30.8,30.8,30.0,16438.0,50080000.0,35.55,27.95,18.19,2.23,1.8,887300,756500.0,2026-05-22,16:14:51
301285,鸿日达,112.69,111.74,112.0,115.5,109.09,47240.0,528560000.0,232.9,232.9,-321.85,24.68,2.29,2479100,2244900.0,2026-05-22,16:14:45
301286,侨源股份,56.99,56.1,56.56,57.4,55.1,37797.0,213330000.0,228.02,91.91,95.83,11.25,2.34,1886200,1893500.0,2026-05-22,16:14:54
301287,康力源,41.98,41.32,41.47,42.2,40.75,7237.0,30050000.0,27.99,7.15,47.14,2.37,4.25,328100,395600.0,2026-05-22,16:14:54
301288,清研环境,18.7,18.7,18.73,19.77,18.61,37535.0,71260000.0,20.2,14.61,-63.61,2.58,4.81,1728000,2025500.0,2026-05-22,16:14:27
301289,国缆检测,54.18,52.83,53.27,54.43,52.72,6146.0,33050000.0,42.26,41.99,46.82,4.08,0.79,333800,280800.0,2026-05-22,16:14:48
301290,东星医疗,32.07,30.79,31.1,32.46,30.38,34120.0,108500000.0,32.13,21.86,-100.12,1.48,5.01,1962600,1449400.0,2026-05-22,16:14:51
301291,明阳电气,55.04,54.0,54.61,56.66,54.3,76129.0,423260000.0,172.55,89.5,34.47,3.41,4.68,3641300,3971600.0,2026-05-22,16:14:57
301292,海科新源,74.66,74.05,74.31,75.22,72.28,78850.0,584870000.0,166.34,63.61,520.62,5.82,9.26,4558300,3326700.0,2026-05-22,16:14:57
301293,三博脑科,64.69,63.9,64.0,64.79,62.88,70895.0,454220000.0,133.25,133.25,218.79,5.65,3.44,3627400,3462200.0,2026-05-22,16:14:30
301295,美硕科技,49.0,49.83,50.05,50.88,48.08,19949.0,98130000.0,49.39,14.41,142.74,5.06,6.79,1095800,899200.0,2026-05-22,16:14:33
301296,新巨丰,7.18,7.08,7.13,7.22,7.05,23342.0,16620000.0,30.67,30.67,83.8,1.15,0.55,1264500,1069700.0,2026-05-22,16:14:39
301297,富乐德,50.4,49.9,49.95,51.3,48.4,283712.0,1415450000.0,374.57,182.94,86.42,6.91,7.82,14724100,13647100.0,2026-05-22,16:14:00
301298,东利机械,15.77,15.34,15.29,15.87,15.23,24451.0,37950000.0,23.15,17.06,46.87,2.54,2.26,1219700,1225400.0,2026-05-22,16:14:42
301299,卓创资讯,60.33,57.68,57.54,61.2,57.0,22022.0,131020000.0,36.6,27.02,55.72,6.47,4.92,1363100,839100.0,2026-05-22,16:14:54
301300,远翔新材,38.83,37.48,37.45,39.32,36.86,11923.0,45620000.0,25.21,15.07,29.47,3.0,3.07,729300,463000.0,2026-05-22,16:14:45
301301,川宁生物,9.27,9.23,9.3,9.35,9.21,63682.0,59120000.0,206.73,57.27,34.95,2.65,1.03,3429600,2938600.0,2026-05-22,16:14:48
301302,华如科技,27.97,27.44,27.51,28.77,27.37,110957.0,311050000.0,43.6,38.88,-20.49,2.97,7.98,5176700,5919000.0,2026-05-22,16:14:00
301303,真兰仪表,14.24,13.98,14.05,14.3,13.85,22538.0,31740000.0,58.21,14.55,17.85,1.66,2.21,1169600,1084100.0,2026-05-22,16:14:51
301305,朗坤科技,24.5,24.43,24.56,24.66,24.05,33988.0,82790000.0,59.28,30.45,21.03,1.52,2.73,1778100,1620700.0,2026-05-22,16:14:03
301306,西测测试,141.18,137.38,137.46,141.92,134.26,32874.0,454190000.0,119.16,82.25,-79.87,14.17,5.64,1750800,1536600.0,2026-05-22,16:14:06
301307,美利信,59.93,61.0,61.01,62.7,58.9,143380.0,865500000.0,126.21,65.19,-22.53,5.17,13.18,6996100,7341800.0,2026-05-22,16:14:03
301308,江波龙,549.5,539.0,551.0,565.0,536.8,156034.0,8584390000.0,2324.72,1548.78,42.75,18.86,5.54,7846300,7757100.0,2026-05-22,16:14:57
301309,万得凯,34.17,34.17,34.27,34.73,33.94,18911.0,64870000.0,34.35,20.7,30.55,2.05,3.12,1085000,806200.0,2026-05-22,16:14:36
301310,鑫宏业,29.05,28.55,28.55,29.2,28.5,50553.0,146210000.0,55.47,17.72,41.03,2.38,8.29,2765500,2289700.0,2026-05-22,16:14:09
301311,昆船智能,16.1,15.87,15.91,16.26,15.71,20417.0,32570000.0,38.64,38.64,-37.01,2.25,0.85,1196200,845500.0,2026-05-22,16:14:54
301312,智立方,136.2,113.5,115.5,136.2,114.98,110271.0,1412540000.0,165.05,82.47,254.37,13.36,18.21,6517300,4509800.0,2026-05-22,16:14:06
301313,凡拓数创,47.65,47.11,46.9,49.9,45.61,173021.0,825810000.0,49.3,37.43,-35.85,7.64,22.03,8373400,8928700.0,2026-05-22,16:14:39
301314,科瑞思,51.74,49.08,49.48,52.48,49.0,9675.0,49160000.0,28.59,9.45,161.98,2.71,5.3,457600,510000.0,2026-05-22,16:14:09
301315,威士顿,50.03,50.71,50.73,51.7,48.88,21731.0,108340000.0,44.03,18.51,135.99,4.26,5.87,973000,1200000.0,2026-05-22,16:14:12
301316,慧博云通,47.19,45.05,45.77,47.38,43.5,292165.0,1332810000.0,190.65,184.63,188.21,17.2,7.47,14272500,14944000.0,2026-05-22,16:14:12
301317,鑫磊股份,78.68,74.88,76.5,79.79,75.5,57836.0,448550000.0,123.68,41.07,-93.76,10.08,11.08,2991600,2792000.0,2026-05-22,16:14:00
301318,维海德,24.42,23.91,24.33,24.59,23.62,15507.0,37450000.0,33.04,22.75,70.28,1.75,1.66,768800,781900.0,2026-05-22,16:14:57
301319,唯特偶,89.24,84.84,85.32,90.51,80.27,87812.0,768990000.0,161.13,121.03,185.66,13.96,6.47,4607700,4173400.0,2026-05-22,16:14:15
301320,豪江智能,16.08,15.82,15.81,16.18,15.5,32334.0,51180000.0,29.27,10.97,-752.16,2.78,4.74,1756200,1477200.0,2026-05-22,16:14:00
301321,翰博高新,30.94,29.77,29.94,31.28,29.66,71481.0,217730000.0,57.68,45.67,-102.67,5.91,4.84,3818000,3330200.0,2026-05-22,16:14:18
301322,绿通科技,57.0,56.58,56.16,58.5,52.63,169692.0,958660000.0,81.31,54.84,627.36,2.86,17.64,8113100,8856200.0,2026-05-22,16:14:42
301323,新莱福,83.1,80.09,80.09,84.44,79.52,20543.0,168810000.0,87.74,56.15,59.06,3.9,3.04,1091200,963100.0,2026-05-22,16:14:45
301325,曼恩斯特,46.86,43.2,43.59,48.19,42.71,66101.0,302300000.0,67.43,67.43,-43.11,2.55,4.59,3670900,2939200.0,2026-05-22,16:14:15
301326,捷邦科技,185.34,178.03,180.04,189.88,178.15,17976.0,328770000.0,134.76,133.55,-267.57,10.91,2.49,921000,876600.0,2026-05-22,16:14:03
301327,华宝新能,58.96,58.83,59.5,59.97,58.87,22819.0,135620000.0,102.82,102.82,-191.27,1.69,1.31,1300300,981600.0,2026-05-22,16:14:48
301328,维峰电子,86.2,82.88,82.5,86.65,80.0,28567.0,239330000.0,94.73,94.73,103.01,4.75,2.6,1424400,1432300.0,2026-05-22,16:14:03
301329,信音电子,27.05,26.29,26.2,27.25,25.9,57336.0,153130000.0,46.04,16.21,60.28,2.9,9.56,3060300,2673300.0,2026-05-22,16:14:21
301330,熵基科技,29.51,29.2,29.31,29.79,28.94,27146.0,79630000.0,69.45,57.34,35.1,2.0,1.4,1404500,1310100.0,2026-05-22,16:14:24
301331,恩威医药,26.29,25.68,25.77,26.46,25.3,10104.0,26190000.0,27.05,26.98,56.19,2.49,0.98,547500,462900.0,2026-05-22,16:14:18
301332,德尔玛,9.02,8.92,9.04,9.09,8.91,23323.0,20970000.0,41.63,23.89,32.58,1.4,0.88,1205700,1126600.0,2026-05-22,16:14:06
301333,诺思格,53.3,54.37,54.33,54.65,53.22,13486.0,72300000.0,51.48,51.4,38.52,2.58,1.4,618700,729900.0,2026-05-22,16:14:06
301335,天元宠物,23.23,22.67,22.98,23.37,22.59,13256.0,30480000.0,29.48,20.33,53.1,1.52,1.52,732900,592800.0,2026-05-22,16:14:51
301336,趣睡科技,55.5,53.94,53.92,56.0,53.56,10628.0,58160000.0,22.2,17.19,76.45,2.63,3.43,585700,477000.0,2026-05-22,16:14:21
301337,亚华电子,27.88,26.87,26.85,28.14,26.3,22424.0,61400000.0,29.05,12.36,-164.81,2.68,5.06,1235300,1007100.0,2026-05-22,16:14:09
301338,凯格精机,202.2,190.0,190.74,203.37,185.12,42300.0,831160000.0,215.14,107.22,98.47,12.67,7.98,2498700,1731300.0,2026-05-22,16:14:27
301339,通行宝,12.35,12.6,12.59,12.77,12.23,54044.0,67000000.0,71.67,70.37,31.69,2.55,0.95,2600200,2804200.0,2026-05-22,16:14:30
301345,涛涛车业,221.84,222.69,223.8,225.35,221.0,9247.0,206190000.0,241.91,77.71,26.69,6.69,2.64,488300,436400.0,2026-05-22,16:14:09
301348,蓝箭电子,29.93,30.21,30.0,30.8,28.98,313218.0,933260000.0,71.83,46.43,-188.45,4.89,20.19,14018800,17303000.0,2026-05-22,16:14:33
301349,信德新材,52.58,49.38,49.4,54.0,49.4,92655.0,483750000.0,74.93,59.16,119.59,2.74,8.23,4996300,4269200.0,2026-05-22,16:14:12
301353,普莱得,29.07,28.3,28.46,29.25,28.08,11269.0,32390000.0,28.54,9.27,40.95,2.17,3.53,578500,548400.0,2026-05-22,16:14:54
301355,南王科技,12.32,11.93,12.01,12.38,11.86,35917.0,43590000.0,24.04,12.35,-75.85,1.63,3.58,1748000,1843700.0,2026-05-22,16:14:57
301356,天振股份,26.34,26.56,26.58,27.2,24.78,68565.0,177640000.0,56.89,33.37,59.62,1.9,5.41,3371900,3484600.0,2026-05-22,16:14:36
301357,北方长龙,99.38,99.1,98.5,100.0,96.1,13642.0,134290000.0,94.61,94.61,440.24,8.29,1.43,752700,611500.0,2026-05-22,16:14:24
301358,湖南裕能,91.18,91.42,91.1,92.45,89.53,241704.0,2198900000.0,768.96,692.91,30.29,4.04,3.18,12259100,11911300.0,2026-05-22,16:14:15
301359,东南电子,23.56,22.63,22.79,23.75,22.45,18654.0,43260000.0,28.31,16.76,82.01,3.44,2.62,952800,912500.0,2026-05-22,16:14:39
301360,荣旗科技,92.1,88.13,88.92,93.2,88.17,12999.0,118740000.0,49.13,23.82,99.53,4.11,5.03,743100,556800.0,2026-05-22,16:14:00
301361,众智科技,46.04,44.85,44.41,46.04,43.63,67022.0,301620000.0,53.56,25.94,54.56,4.3,11.9,3375300,3326900.0,2026-05-22,16:14:42
301362,民爆光电,238.73,198.94,202.71,238.73,202.71,54736.0,1204730000.0,249.88,70.83,170.8,9.8,18.45,2359600,3114000.0,2026-05-22,16:14:03
301363,美好医疗,27.81,28.07,28.05,28.2,27.48,107116.0,297330000.0,158.2,103.79,54.95,4.18,2.87,5813200,4898400.0,2026-05-22,16:14:12
301365,矩阵股份,35.18,34.77,34.89,35.25,33.62,40476.0,139260000.0,63.32,42.58,145.54,3.6,3.34,2244100,1803600.0,2026-05-22,16:14:06
301366,一博科技,43.19,41.21,42.21,43.48,41.31,117694.0,504520000.0,90.5,50.53,190.51,4.18,10.06,5349600,6419800.0,2026-05-22,16:14:45
301367,瑞迈特,67.99,69.35,69.21,69.35,67.02,16778.0,113830000.0,60.92,47.72,31.7,1.98,2.39,555200,1122600.0,2026-05-22,16:14:48
301368,丰立智能,55.04,56.18,55.66,56.46,54.12,45232.0,249580000.0,66.1,35.29,-229.22,7.01,7.05,2027500,2495700.0,2026-05-22,16:14:51
301369,联动科技,274.66,273.42,270.42,274.98,262.36,24524.0,658560000.0,193.84,103.88,489.47,12.77,6.48,1139300,1313100.0,2026-05-22,16:14:54
301370,国科恒泰,9.52,9.53,9.53,9.63,9.37,32889.0,31200000.0,44.8,30.82,57.18,1.79,1.02,1712300,1576600.0,2026-05-22,16:14:18
301371,敷尔佳,31.02,31.5,31.67,31.99,30.8,30574.0,95270000.0,161.34,24.13,31.46,2.75,3.93,1689900,1367500.0,2026-05-22,16:14:57
301372,科净源,38.18,37.67,37.23,38.8,37.23,25819.0,98730000.0,26.18,15.72,-60.6,3.53,6.27,1428800,1153100.0,2026-05-22,16:14:21
301373,凌玮科技,139.6,123.6,125.0,141.5,125.0,82120.0,1103830000.0,151.43,56.93,105.09,8.91,20.14,4772400,3439600.0,2026-05-22,16:14:24
301376,致欧科技,18.79,18.12,18.86,19.15,18.52,80128.0,150910000.0,75.62,36.39,25.2,2.2,4.14,4525500,3487300.0,2026-05-22,16:14:09
301377,鼎泰高科,310.63,258.86,262.0,310.63,262.0,61797.0,1819330000.0,1277.97,307.09,205.59,47.15,6.25,3085100,3094600.0,2026-05-22,16:14:27
301378,通达海,33.44,33.01,33.43,33.68,32.61,28650.0,95100000.0,32.3,15.35,-23.65,2.72,6.24,1426000,1439000.0,2026-05-22,16:14:00
301379,天山电子,32.93,32.29,32.08,34.95,32.08,244861.0,821990000.0,65.28,50.63,51.87,4.46,15.93,11568200,12917900.0,2026-05-22,16:14:27
301380,挖金客,35.98,35.53,36.0,36.19,35.07,20241.0,72280000.0,36.48,29.05,97.88,4.83,2.51,1034000,990000.0,2026-05-22,16:14:12
301381,赛维时代,20.9,19.13,19.39,21.35,18.81,121856.0,245210000.0,84.32,40.85,30.28,3.01,6.23,6390100,5795400.0,2026-05-22,16:14:30
301382,蜂助手,50.39,47.44,47.9,51.32,47.27,103087.0,512140000.0,143.91,119.1,93.03,7.53,4.36,5907000,4401600.0,2026-05-22,16:14:03
301383,天键股份,31.09,31.28,31.4,31.9,30.2,35376.0,109000000.0,50.79,21.95,-71.9,2.6,5.01,1807800,1729800.0,2026-05-22,16:14:06
301386,未来电器,25.25,24.5,24.72,25.6,24.51,18217.0,45690000.0,35.35,11.36,38.52,2.32,4.05,1076100,745600.0,2026-05-22,16:14:09
301387,光大同创,116.89,113.99,116.0,119.4,110.5,47886.0,551490000.0,124.78,49.89,-10207.57,7.65,11.22,2237700,2551000.0,2026-05-22,16:14:33
301388,欣灵电气,31.47,30.72,31.33,31.77,30.69,14145.0,44250000.0,32.24,22.87,144.02,3.27,1.95,906100,508400.0,2026-05-22,16:14:12
301389,隆扬电子,77.52,70.35,70.85,80.66,70.85,138748.0,1048450000.0,219.77,219.77,219.72,9.79,4.89,8069300,5805400.0,2026-05-22,16:14:36
301390,经纬股份,36.41,35.86,35.85,36.97,35.7,15070.0,54790000.0,21.85,17.86,-3497.26,2.33,3.07,853800,653200.0,2026-05-22,16:14:15
301391,卡莱特,71.3,71.75,71.97,72.86,70.6,16291.0,116270000.0,67.75,66.19,285.45,3.23,1.75,802400,826700.0,2026-05-22,16:14:30
301392,汇成真空,202.3,186.9,189.14,208.0,185.0,69541.0,1381520000.0,202.3,82.53,488.36,27.07,17.05,3888900,3065200.0,2026-05-22,16:14:15
301393,昊帆生物,63.5,63.69,63.24,64.44,62.3,22236.0,140800000.0,68.58,26.74,60.53,2.91,5.28,1180000,1043600.0,2026-05-22,16:14:18
301395,仁信新材,13.1,12.8,12.83,13.27,12.53,47160.0,61140000.0,31.81,16.68,-35.9,2.21,3.7,2284600,2431400.0,2026-05-22,16:14:33
301396,宏景科技,312.6,297.27,312.77,313.0,301.18,71436.0,2200770000.0,479.9,315.96,1369.02,38.76,7.07,4009500,3134100.0,2026-05-22,16:14:36
301397,溯联股份,39.48,39.71,39.6,40.65,39.02,49730.0,197170000.0,61.46,27.89,47.64,3.04,7.04,2739300,2233800.0,2026-05-22,16:14:39
301398,星源卓镁,45.65,46.62,46.63,48.35,44.85,22689.0,104480000.0,51.13,16.99,381.06,4.64,6.1,1034600,1234300.0,2026-05-22,16:14:21
301399,英特科技,21.24,20.47,20.45,21.38,20.45,38770.0,81380000.0,39.3,11.61,175.94,3.02,7.09,2121800,1755200.0,2026-05-22,16:14:42
301408,华人健康,17.87,17.82,17.87,18.23,17.64,108731.0,193700000.0,71.48,40.92,34.12,3.28,4.75,5170300,5702700.0,2026-05-22,16:14:39
301413,安培龙,137.8,139.0,138.0,141.5,132.5,73312.0,1006220000.0,135.6,80.96,184.57,10.68,12.48,3523000,3808200.0,2026-05-22,16:14:24
301418,协昌科技,43.97,42.28,42.28,44.38,41.64,25572.0,110460000.0,32.24,12.94,392.48,2.0,8.69,1454800,1102400.0,2026-05-22,16:14:27
301419,阿莱德,47.01,44.3,44.75,47.81,44.6,97424.0,454280000.0,56.41,37.29,85.93,5.8,12.28,4944200,4798100.0,2026-05-22,16:14:18
301421,波长光电,131.93,119.92,118.94,133.0,114.32,172617.0,2161510000.0,152.67,61.09,430.62,12.66,37.28,9475800,7785900.0,2026-05-22,16:14:45
301428,世纪恒通,34.7,33.28,33.78,35.14,33.4,41479.0,143300000.0,34.24,24.42,-97.93,2.84,5.89,2236100,1911800.0,2026-05-22,16:14:42
301429,森泰股份,22.53,21.72,21.98,22.77,21.7,21693.0,48380000.0,26.63,9.92,54.59,1.96,4.93,1105900,1063400.0,2026-05-22,16:14:21
301439,泓淋电力,17.04,16.48,16.8,17.13,16.46,58871.0,99090000.0,66.3,31.23,32.26,2.18,3.21,3259600,2627500.0,2026-05-22,16:14:30
301446,福事特,44.17,43.85,44.21,44.59,42.72,13729.0,59820000.0,45.94,13.72,61.02,3.79,4.42,662000,710900.0,2026-05-22,16:14:45
301448,开创电气,36.86,36.53,36.54,37.35,35.88,7922.0,28940000.0,38.56,17.8,-671.98,5.57,1.64,403700,388500.0,2026-05-22,16:14:24
301456,盘古智能,31.35,30.44,30.8,31.52,30.28,16677.0,51620000.0,47.17,18.56,53.59,2.12,2.82,977800,689900.0,2026-05-22,16:14:33
301458,钧崴电子,44.66,40.55,40.93,45.2,40.93,128433.0,559190000.0,119.09,52.47,89.06,7.0,10.93,7593400,5249900.0,2026-05-22,16:14:36
301459,丰茂股份,43.05,41.08,40.6,43.08,40.5,53084.0,224360000.0,44.82,11.24,53.04,3.52,20.34,2771300,2537100.0,2026-05-22,16:14:15
301468,博盈特焊,52.27,50.7,51.7,54.26,50.7,66448.0,348780000.0,68.01,39.2,140.28,2.95,8.86,3112400,3532400.0,2026-05-22,16:14:18
301469,恒达新材,36.35,36.09,36.09,36.77,35.55,20104.0,72910000.0,32.53,16.74,35.31,2.31,4.36,1075300,935200.0,2026-05-22,16:14:21
301479,弘景光电,120.01,111.7,112.36,121.95,112.36,48427.0,575070000.0,106.77,61.12,58.13,8.16,9.51,2608900,2233800.0,2026-05-22,16:14:27
301486,致尚科技,258.8,235.3,238.14,263.68,234.0,121362.0,3013930000.0,333.03,187.51,516.91,13.04,16.75,6337100,5799100.0,2026-05-22,16:14:51
301487,盟固利,25.99,25.4,25.25,26.05,25.16,200899.0,517860000.0,119.45,70.9,170.42,6.19,7.36,10085000,10004900.0,2026-05-22,16:14:48
301488,豪恩汽电,161.49,157.88,156.51,163.0,152.28,59931.0,953870000.0,148.57,37.81,205.89,11.0,25.6,2666800,3326300.0,2026-05-22,16:14:51
301489,思泉新材,269.5,267.69,267.69,272.0,259.69,32370.0,865020000.0,217.63,128.28,315.12,19.89,6.8,1814400,1422600.0,2026-05-22,16:14:39
301498,乖宝宠物,45.9,45.8,46.42,46.46,45.32,31362.0,143670000.0,183.82,82.32,31.02,3.87,1.75,1379700,1756500.0,2026-05-22,16:14:54
301499,维科精密,37.63,36.68,36.82,37.91,36.6,30537.0,114200000.0,52.03,13.01,94.82,3.98,8.83,1602800,1450900.0,2026-05-22,16:14:42
301500,飞南资源,27.09,26.36,26.44,27.45,26.44,92843.0,250600000.0,152.23,39.02,22.14,2.93,6.45,4960700,4323600.0,2026-05-22,16:14:45
301501,恒鑫生活,30.66,30.51,30.71,30.89,30.41,7186.0,22020000.0,45.35,13.34,26.02,2.14,1.65,356100,362500.0,2026-05-22,16:14:27
301502,华阳智能,84.44,87.28,88.45,89.98,82.47,33868.0,286120000.0,48.2,19.92,212.82,5.76,14.36,1739500,1647300.0,2026-05-22,16:14:30
301503,智迪科技,35.39,34.03,34.34,35.52,33.8,8512.0,29530000.0,28.31,11.49,33.93,2.58,2.62,491900,359300.0,2026-05-22,16:14:30
301505,苏州规划,20.82,20.58,20.79,21.15,20.27,22169.0,45900000.0,23.82,16.28,111.95,2.48,2.84,1042000,1174800.0,2026-05-22,16:14:48
301507,民生健康,13.69,13.57,13.65,13.82,13.5,28753.0,39280000.0,48.81,15.07,41.07,2.97,2.61,1325100,1550200.0,2026-05-22,16:14:54
301508,中机认检,27.97,27.72,27.89,28.17,27.71,15571.0,43490000.0,63.24,16.46,41.55,3.05,2.65,759900,797200.0,2026-05-22,16:14:51
301509,金凯生科,32.47,31.91,32.46,32.56,31.82,16949.0,54700000.0,39.11,18.42,52.83,1.76,2.99,933500,761400.0,2026-05-22,16:14:57
301510,固高科技,39.99,39.54,39.67,40.5,39.24,116729.0,465990000.0,159.96,111.64,207.14,11.02,4.18,5791800,5881100.0,2026-05-22,16:14:33
301511,德福科技,108.5,98.25,98.25,112.99,98.25,399309.0,4255130000.0,683.9,406.47,283.13,16.45,10.66,21615400,18315600.0,2026-05-22,16:14:57
301512,智信精密,54.38,51.91,52.01,54.87,51.01,14643.0,77940000.0,29.0,13.49,95.56,2.75,5.9,816500,647800.0,2026-05-22,16:14:00
301515,港通医疗,23.56,22.73,22.93,23.73,22.6,19620.0,45350000.0,23.56,15.45,-482.08,1.92,2.99,997800,964200.0,2026-05-22,16:14:00
301516,中远通,21.29,20.7,20.95,21.58,20.6,99337.0,210780000.0,59.76,14.94,-124.08,4.72,14.16,4912300,5021400.0,2026-05-22,16:14:36
301517,陕西华达,65.16,63.54,64.14,65.85,62.95,41119.0,265490000.0,98.55,63.57,-153.05,7.75,4.21,2299800,1812000.0,2026-05-22,16:14:03
301518,长华化学,34.79,33.66,34.16,35.09,33.54,15384.0,53160000.0,50.61,18.6,55.53,3.04,2.88,922200,616200.0,2026-05-22,16:14:36
301519,舜禹股份,15.01,14.59,14.73,15.15,14.41,25464.0,37640000.0,24.26,11.33,-95.08,1.76,3.37,1314800,1231600.0,2026-05-22,16:14:03
301520,万邦医药,40.49,39.9,40.0,40.9,39.36,6495.0,26040000.0,26.99,9.5,110.98,1.78,2.77,334900,314600.0,2026-05-22,16:14:06
301522,上大股份,31.96,31.57,31.7,32.15,31.47,48141.0,153460000.0,118.85,88.44,116.65,6.13,1.74,2610200,2203900.0,2026-05-22,16:14:39
301525,儒竞科技,84.23,83.78,84.0,86.31,81.91,46740.0,393740000.0,79.44,41.61,95.65,2.44,9.46,2558200,2115800.0,2026-05-22,16:14:54
301526,国际复材,20.49,17.81,17.93,20.64,17.9,2854616.0,5613060000.0,772.65,287.76,157.69,9.05,20.33,165474800,119986800.0,2026-05-22,16:14:39
301528,多浦乐,70.29,69.14,69.79,71.51,68.74,9231.0,64990000.0,43.51,22.42,72.38,2.78,2.89,529400,393700.0,2026-05-22,16:14:06
301529,福赛科技,177.61,173.9,178.0,185.99,173.06,35811.0,642420000.0,150.68,81.09,111.18,10.7,7.84,1837600,1743500.0,2026-05-22,16:14:42
301533,威马农机,30.94,30.46,30.47,31.18,30.08,8450.0,25820000.0,30.42,8.8,106.82,2.7,2.97,480100,364900.0,2026-05-22,16:14:42
301536,星宸科技,89.16,87.64,88.04,90.49,87.88,78671.0,702080000.0,376.0,166.9,78.76,11.66,4.2,3851100,4016000.0,2026-05-22,16:14:45
301538,骏鼎达,106.49,103.55,104.76,107.89,99.51,34941.0,362340000.0,83.49,33.25,45.44,5.68,11.19,1836600,1657500.0,2026-05-22,16:14:09
301539,宏鑫科技,17.62,17.27,17.4,17.75,17.15,18828.0,32860000.0,26.08,13.23,958.26,3.38,2.51,941400,941400.0,2026-05-22,16:14:00
301548,崇德科技,88.41,85.16,85.16,89.0,85.04,13034.0,113740000.0,76.92,23.19,52.75,4.86,4.97,732700,570700.0,2026-05-22,16:14:09
301550,斯菱智驱,195.2,196.72,198.01,204.85,192.13,93233.0,1852100000.0,451.45,276.31,272.98,24.17,6.59,4440300,4883000.0,2026-05-22,16:14:03
301551,无线传媒,25.36,25.7,25.79,25.98,25.11,42684.0,108370000.0,101.44,39.19,39.91,4.02,2.76,2275500,1992900.0,2026-05-22,16:14:06
301552,科力装备,29.8,29.03,29.19,29.91,28.81,10469.0,30790000.0,36.88,9.22,25.74,3.31,3.38,560400,486400.0,2026-05-22,16:14:48
301555,惠柏新材,41.01,39.42,39.58,41.47,39.58,47520.0,193660000.0,37.84,19.83,48.76,3.35,9.83,2634100,2117900.0,2026-05-22,16:14:51
301556,托普云农,76.05,75.63,75.71,76.56,74.28,11348.0,85610000.0,64.86,22.42,60.39,6.55,3.85,593200,541600.0,2026-05-22,16:14:12
301557,常友科技,115.78,110.97,110.59,116.4,109.48,10333.0,117540000.0,51.3,20.57,70.47,4.95,5.82,619300,414000.0,2026-05-22,16:14:09
301558,三态股份,7.65,7.57,7.63,7.72,7.46,72362.0,54910000.0,60.35,16.79,123.46,4.36,3.3,3580400,3655700.0,2026-05-22,16:14:15
301559,中集环科,15.72,15.48,15.62,15.9,15.39,18285.0,28660000.0,94.32,14.15,83.39,2.1,2.03,994600,833900.0,2026-05-22,16:14:54
301565,中仑新材,23.63,21.81,21.91,23.96,21.88,107262.0,247490000.0,94.52,30.25,118.49,3.87,8.38,5607400,5118800.0,2026-05-22,16:14:57
301566,达利凯普,31.42,28.25,28.75,31.94,28.7,353319.0,1081750000.0,125.68,66.32,77.78,8.25,16.74,20121800,15210200.0,2026-05-22,16:14:00
301567,贝隆精密,47.88,46.18,46.53,48.38,46.28,14062.0,66680000.0,34.47,10.17,-299.7,4.74,6.62,741500,664700.0,2026-05-22,16:14:12
301568,思泰克,65.1,58.41,59.06,65.77,59.0,86860.0,544600000.0,67.22,30.99,56.08,6.67,18.25,5045700,3640300.0,2026-05-22,16:14:48
301571,国科天成,63.38,63.38,63.69,64.26,62.58,27281.0,173080000.0,113.72,75.53,52.69,5.51,2.29,1312600,1415500.0,2026-05-22,16:14:03
301577,美信科技,74.44,71.07,71.86,74.85,71.34,16253.0,119180000.0,33.52,14.03,-134.88,4.56,8.63,898600,726700.0,2026-05-22,16:14:18
301578,辰奕智能,35.69,34.51,34.65,36.07,34.23,10656.0,37520000.0,29.08,8.27,223.79,3.12,4.6,587800,477900.0,2026-05-22,16:14:51
301580,爱迪特,63.5,61.42,61.59,64.1,61.24,30371.0,190970000.0,67.67,45.73,33.3,3.12,4.22,1767300,1269800.0,2026-05-22,16:14:21
301581,黄山谷捷,49.25,47.85,48.38,49.62,47.99,7721.0,37650000.0,39.4,20.83,96.29,3.87,1.83,443500,328600.0,2026-05-22,16:14:09
301585,蓝宇股份,28.62,28.09,28.1,28.93,27.8,13012.0,36800000.0,29.76,19.49,41.87,2.96,1.91,816800,484300.0,2026-05-22,16:14:24
301586,佳力奇,42.31,40.6,40.84,42.77,40.23,11931.0,49460000.0,35.11,22.39,70.12,2.71,2.25,610800,582200.0,2026-05-22,16:14:27
301587,中瑞股份,29.09,26.87,27.02,29.28,26.95,91510.0,261600000.0,42.86,21.37,72.94,2.15,12.46,5826800,3324200.0,2026-05-22,16:14:12
301588,美新科技,40.13,33.44,33.94,40.13,33.42,102400.0,392840000.0,47.7,29.44,189.3,5.04,13.96,4308400,5931600.0,2026-05-22,16:14:21
301589,诺瓦星云,180.2,179.52,182.58,182.59,175.0,15249.0,271630000.0,166.59,62.11,28.68,4.35,4.42,784900,739900.0,2026-05-22,16:14:30
301591,肯特股份,47.17,44.06,44.6,47.79,44.26,33568.0,155670000.0,39.68,16.22,64.83,4.31,9.76,2032000,1324800.0,2026-05-22,16:14:24
301592,六九一二,124.05,122.3,122.31,124.92,120.63,8051.0,99250000.0,86.83,28.98,152.46,9.25,3.45,454900,350200.0,2026-05-22,16:14:27
301596,瑞迪智驱,89.5,87.2,87.36,89.88,85.02,39338.0,343700000.0,69.06,28.03,67.93,7.72,12.56,1880900,2052900.0,2026-05-22,16:14:15
301598,博科测试,65.95,64.6,64.49,66.33,64.4,7102.0,46470000.0,38.84,11.57,31.27,4.1,4.05,377000,333200.0,2026-05-22,16:14:15
301600,慧翰股份,116.01,112.39,113.34,116.53,112.29,11096.0,126990000.0,121.26,37.42,77.29,9.55,3.44,631200,478400.0,2026-05-22,16:14:33
301601,惠通科技,20.42,20.24,20.54,20.54,19.93,16725.0,33820000.0,28.69,17.25,44.0,2.16,1.98,852400,820200.0,2026-05-22,16:14:33
301602,超研股份,17.54,17.67,17.67,17.89,17.5,17644.0,31070000.0,75.13,36.57,63.28,5.49,0.85,960200,804200.0,2026-05-22,16:14:21
301603,乔锋智能,137.8,140.97,139.57,140.48,133.01,44270.0,603910000.0,166.41,52.0,43.5,6.65,11.73,2362700,2064300.0,2026-05-22,16:14:36
301606,绿联科技,76.8,76.92,77.63,79.1,76.38,50515.0,389940000.0,318.65,126.72,40.24,9.45,3.06,2356600,2694900.0,2026-05-22,16:14:18
301607,富特科技,56.36,54.73,55.59,57.02,54.99,65145.0,365890000.0,94.25,61.11,34.61,5.15,6.01,2978300,3536300.0,2026-05-22,16:14:57
301608,博实结,63.73,63.33,63.51,64.36,62.0,18127.0,115200000.0,84.5,37.92,33.87,3.87,3.05,940800,872000.0,2026-05-22,16:14:36
301611,珂玛科技,117.04,113.88,113.92,117.7,111.0,106575.0,1224580000.0,510.29,171.56,205.86,27.88,7.27,5361500,5296000.0,2026-05-22,16:14:24
301613,新铝时代,45.6,45.01,45.53,45.95,44.73,12138.0,55250000.0,65.59,38.26,27.89,3.88,1.45,651800,562100.0,2026-05-22,16:14:00
301617,博苑新材,68.65,65.47,65.11,68.8,65.07,26432.0,177910000.0,91.74,36.41,52.65,5.15,4.98,1673500,969700.0,2026-05-22,16:14:06
301618,长联科技,55.03,52.49,53.11,55.59,52.3,19317.0,104840000.0,49.65,18.93,161.92,5.24,5.62,1049500,882200.0,2026-05-22,16:14:24
301622,英思特,60.95,56.96,57.0,61.79,57.0,44327.0,267750000.0,70.66,39.41,90.68,4.55,6.86,2671400,1761300.0,2026-05-22,16:14:39
301626,苏州天脉,288.62,277.1,283.01,293.0,273.89,19981.0,565170000.0,333.88,151.87,296.1,20.67,3.8,1078500,919600.0,2026-05-22,16:14:27
301628,强达电路,135.18,112.65,114.61,135.18,114.61,89095.0,1152680000.0,101.89,37.68,87.05,8.81,31.96,4867800,4041700.0,2026-05-22,16:14:30
301629,矽电股份,387.53,382.09,388.88,390.99,375.08,18083.0,693710000.0,161.71,74.39,522.9,13.67,9.42,890000,918200.0,2026-05-22,16:14:09
301631,壹连科技,136.8,129.95,132.04,139.25,132.03,33353.0,456000000.0,125.06,42.6,41.14,4.69,10.71,2049900,1285400.0,2026-05-22,16:14:33
301633,港迪技术,57.36,56.38,57.25,58.04,56.1,4351.0,24880000.0,31.94,14.63,48.83,3.43,1.71,198100,237000.0,2026-05-22,16:14:42
302132,中航成飞,65.01,65.0,65.12,65.51,64.5,53436.0,346700000.0,1737.13,381.0,50.08,8.11,0.91,2394000,2949600.0,2026-05-22,16:14:42
600000,浦发银行,8.96,8.86,8.88,9.03,8.75,990034.0,883300000.0,2984.2,2984.2,5.94,0.4,0.3,59460700,39542700.0,2026-05-22,16:14:20
600004,白云机场,8.23,8.28,8.3,8.3,8.23,75934.0,62700000.0,212.11,194.78,15.83,1.0,0.32,2831000,4762400.0,2026-05-22,16:14:22
600006,东风股份,6.5,6.55,6.58,6.59,6.47,139657.0,90990000.0,130.0,130.0,-30.57,1.63,0.7,6436100,7529600.0,2026-05-22,16:14:08
600007,中国国贸,21.24,20.95,20.96,21.33,20.72,20743.0,43650000.0,213.95,213.95,17.88,2.13,0.21,1249100,825200.0,2026-05-22,16:14:23
600008,首创环保,3.06,3.05,3.06,3.08,3.04,696860.0,213210000.0,224.62,224.62,12.46,1.06,0.95,33802100,35883900.0,2026-05-22,16:14:12
600009,上海机场,25.2,25.6,25.58,25.65,25.14,106885.0,270300000.0,627.05,515.66,28.82,1.45,0.52,4404700,6283800.0,2026-05-22,16:14:08
600010,包钢股份,2.53,2.54,2.52,2.55,2.5,5066503.0,1279280000.0,1145.8,793.93,-854.82,2.22,1.61,228130900,278519400.0,2026-05-22,16:14:10
600011,华能国际,7.32,7.32,7.3,7.38,7.23,1054542.0,770340000.0,1149.1,805.03,8.25,1.64,0.96,53482900,51971300.0,2026-05-22,16:14:11
600012,皖通高速,15.72,16.21,16.2,16.21,15.6,54893.0,86970000.0,268.59,183.23,14.42,2.01,0.47,2532800,2956500.0,2026-05-22,16:14:14
600015,华夏银行,6.75,6.7,6.69,6.77,6.64,728607.0,489120000.0,1074.26,1038.64,3.96,0.33,0.47,39073900,33786800.0,2026-05-22,16:14:23
600016,民生银行,3.52,3.53,3.53,3.54,3.5,1477993.0,520010000.0,1541.14,1248.27,5.25,0.27,0.42,72119600,75679700.0,2026-05-22,16:14:25
600017,日照港,2.78,2.79,2.8,2.8,2.76,216300.0,60070000.0,85.5,85.5,19.5,0.61,0.7,9517000,12113000.0,2026-05-22,16:14:29
600018,上港集团,5.11,5.09,5.1,5.11,5.05,448050.0,227360000.0,1189.61,1187.91,8.71,0.82,0.19,20747400,24057500.0,2026-05-22,16:14:16
600019,宝钢股份,5.9,5.94,5.95,5.99,5.87,760928.0,449060000.0,1285.14,1285.14,12.68,0.62,0.35,29735500,46357300.0,2026-05-22,16:14:22
600020,中原高速,3.92,3.9,3.91,3.95,3.86,151795.0,59370000.0,88.1,88.1,13.77,0.74,0.68,8286200,6893300.0,2026-05-22,16:14:25
600021,上海电力,17.6,17.95,17.8,17.93,17.37,671615.0,1181360000.0,496.54,496.54,19.82,2.39,2.38,31275500,35885900.0,2026-05-22,16:14:10
600022,山东钢铁,1.34,1.34,1.34,1.36,1.33,616832.0,82790000.0,143.36,143.36,-653.02,0.76,0.58,36282700,25400500.0,2026-05-22,16:14:09
600023,浙能电力,5.75,5.71,5.69,5.81,5.64,912798.0,523610000.0,771.0,771.0,10.42,1.0,0.68,49934800,41345000.0,2026-05-22,16:14:20
600025,华能水电,9.23,9.33,9.33,9.35,9.2,388985.0,359500000.0,1719.65,1719.65,20.14,2.42,0.21,20462400,18436100.0,2026-05-22,16:14:01
600026,中远海能,22.8,22.62,23.2,23.2,22.26,599608.0,1359830000.0,1246.07,871.42,22.65,2.58,1.57,29953400,30007400.0,2026-05-22,16:14:06
600027,华电国际,5.13,5.13,5.15,5.19,5.08,893854.0,459350000.0,595.68,472.76,10.14,1.19,0.97,44684800,44700600.0,2026-05-22,16:14:01
600028,中国石化,4.96,5.03,5.02,5.04,4.95,2612370.0,1300940000.0,5997.91,4699.72,16.87,0.72,0.28,93804200,167432800.0,2026-05-22,16:14:09
600029,南方航空,5.29,5.37,5.38,5.39,5.27,958713.0,508670000.0,958.6,712.93,31.07,2.59,0.71,36964500,58906800.0,2026-05-22,16:14:17
600030,中信证券,25.87,26.22,26.38,26.44,25.81,1410869.0,3664850000.0,3834.08,3150.07,11.38,1.32,1.16,62855700,78231200.0,2026-05-22,16:14:13
600031,三一重工,18.96,18.96,19.3,19.3,18.8,672577.0,1272980000.0,1743.37,1606.74,20.71,1.92,0.79,32841200,34416500.0,2026-05-22,16:14:02
600032,浙江新能,10.32,10.95,10.55,10.66,10.09,849302.0,884970000.0,248.16,248.16,55.1,1.93,3.53,35415200,49515100.0,2026-05-22,16:14:07
600033,福建高速,3.54,3.56,3.57,3.58,3.53,181025.0,64230000.0,97.15,97.15,10.14,0.77,0.66,6965200,11137300.0,2026-05-22,16:14:19
600035,楚天高速,3.82,3.83,3.83,3.84,3.81,103899.0,39720000.0,61.51,61.51,12.24,0.68,0.65,4332300,6057600.0,2026-05-22,16:14:11
600036,招商银行,37.02,37.15,37.1,37.33,36.97,797617.0,2961270000.0,9336.39,7636.84,6.19,0.82,0.39,38143700,41618000.0,2026-05-22,16:14:18
600037,歌华有线,7.59,7.6,7.66,7.71,7.44,227670.0,171850000.0,105.64,105.64,156.41,0.83,1.64,11173800,11593200.0,2026-05-22,16:15:00
600038,中直股份,28.08,28.68,28.79,28.82,27.78,113022.0,317470000.0,230.23,187.84,47.2,1.31,1.69,5768600,5533600.0,2026-05-22,16:14:13
600039,四川路桥,8.1,8.08,8.08,8.19,7.91,436053.0,351770000.0,704.34,704.34,10.04,1.33,0.5,22197700,21407700.0,2026-05-22,16:14:13
600048,保利发展,5.82,5.87,5.9,5.91,5.8,933670.0,545540000.0,696.68,696.68,-382.23,0.36,0.78,44047400,49319600.0,2026-05-22,16:14:02
600050,中国联通,4.46,4.55,4.55,4.56,4.42,3922953.0,1753660000.0,1394.39,1382.17,16.11,0.82,1.27,137712900,254582300.0,2026-05-22,16:14:09
600051,宁波联合,7.16,7.1,7.11,7.2,6.98,61924.0,43850000.0,22.26,22.26,29.36,0.65,1.99,3121000,3071400.0,2026-05-22,16:14:04
600052,东望时代,4.55,4.54,4.54,4.6,4.44,208302.0,93920000.0,38.41,38.41,-7.99,1.78,2.47,9485400,11344800.0,2026-05-22,16:14:28
600053,*ST九鼎,9.77,9.97,9.84,9.96,9.69,67002.0,65740000.0,42.36,42.36,-11.81,1.9,1.55,2476000,4224200.0,2026-05-22,16:14:15
600054,黄山旅游,10.99,11.12,11.17,11.19,10.98,67794.0,74780000.0,80.16,56.41,27.62,1.67,1.32,2053500,4725900.0,2026-05-22,16:14:06
600055,万东医疗,13.65,14.0,14.0,14.14,13.61,90275.0,124540000.0,95.97,95.97,-34.42,2.16,1.28,4389900,4637600.0,2026-05-22,16:14:12
600056,中国医药,9.84,9.9,9.91,9.92,9.79,106336.0,104650000.0,147.19,147.14,30.48,1.22,0.71,4469900,6163700.0,2026-05-22,16:14:23
600057,厦门象屿,6.34,6.38,6.39,6.42,6.32,168748.0,107230000.0,180.09,132.67,13.8,1.14,0.81,7513600,9361100.0,2026-05-22,16:14:01
600058,五矿发展,10.52,10.24,10.32,10.68,10.22,100270.0,104770000.0,112.77,112.77,-363.64,2.33,0.94,5814100,4212900.0,2026-05-22,16:14:25
600059,古越龙山,8.3,8.35,8.36,8.4,8.25,55596.0,46180000.0,75.66,75.66,33.58,1.28,0.61,2468200,3091400.0,2026-05-22,16:14:23
600060,海信视像,24.92,24.93,24.88,25.17,24.6,79933.0,199020000.0,325.2,324.0,13.05,1.49,0.61,3873100,4120200.0,2026-05-22,16:14:29
600061,国投资本,6.35,6.45,6.46,6.49,6.32,423236.0,269250000.0,406.02,406.02,12.07,0.74,0.66,18870900,23452700.0,2026-05-22,16:14:13
600062,华润双鹤,16.91,17.12,17.15,17.18,16.89,64848.0,110200000.0,175.62,175.56,10.81,1.45,0.62,2409700,4075000.0,2026-05-22,16:14:15
600063,皖维高新,6.38,5.94,5.96,6.46,5.95,676195.0,422370000.0,132.01,132.01,29.18,1.57,3.27,40745000,26874500.0,2026-05-22,16:14:20
600064,南京高科,7.39,7.4,7.41,7.48,7.32,203065.0,150290000.0,127.87,127.87,7.24,0.65,1.17,8702600,11603900.0,2026-05-22,16:14:15
600066,宇通客车,31.55,31.71,31.85,32.08,31.45,86713.0,274250000.0,698.5,698.5,12.8,5.92,0.39,4299500,4371700.0,2026-05-22,16:14:20
600067,冠城新材,3.2,3.15,3.16,3.24,3.12,203197.0,64670000.0,44.53,44.53,230.84,0.8,1.46,10749600,9570100.0,2026-05-22,16:14:06
600070,*ST富润,0.42,0.42,0.0,0.0,0.0,0.0,0.0,2.13,2.13,-3.9,0.72,0.0,0,0.0,2026-05-22,09:00:00
600071,凤凰光学,18.93,18.49,18.6,19.21,18.47,48534.0,91340000.0,53.3,53.3,195.99,10.46,1.72,2341900,2511600.0,2026-05-22,16:14:07
600072,中船科技,12.52,12.6,12.78,12.84,12.42,274084.0,344860000.0,187.88,135.63,-5.74,2.47,2.53,12215300,15193100.0,2026-05-22,16:14:21
600073,光明肉业,5.36,5.38,5.42,5.43,5.33,57851.0,31090000.0,50.26,50.26,-20.23,1.07,0.62,2774600,3010500.0,2026-05-22,16:14:01
600075,新疆天业,5.39,5.49,5.46,5.47,5.31,141280.0,76410000.0,92.05,92.05,-93.03,1.04,0.83,6154500,7973500.0,2026-05-22,16:14:13
600076,康欣新材,3.96,4.09,4.1,4.13,3.84,966190.0,380000000.0,53.24,53.24,-13.62,1.5,7.19,42561300,54057700.0,2026-05-22,16:14:09
600078,澄星股份,14.53,14.3,14.5,14.86,13.87,394710.0,567330000.0,98.34,96.27,136.63,5.77,5.96,19746900,19724100.0,2026-05-22,16:14:25
600079,ST人福,17.88,17.93,17.92,18.03,17.68,78593.0,140340000.0,291.84,275.92,15.33,1.5,0.51,3251100,4608200.0,2026-05-22,16:14:14
600080,ST金花,5.73,5.7,5.71,5.77,5.63,43889.0,25000000.0,21.39,21.39,117.07,1.34,1.18,2248700,2140200.0,2026-05-22,16:14:03
600081,东风科技,12.11,11.94,11.98,12.15,11.9,73552.0,88590000.0,66.97,66.97,293.04,1.45,1.33,3351000,4004200.0,2026-05-22,16:14:13
600082,ST海泰,3.77,3.67,3.68,3.81,3.67,103837.0,39040000.0,24.36,23.91,-33.46,1.44,1.64,5328100,5055600.0,2026-05-22,16:14:25
600084,*ST尼雅,4.91,5.0,5.04,5.04,4.88,52527.0,25980000.0,55.17,55.17,-245.31,4.33,0.47,1638900,3613800.0,2026-05-22,16:14:11
600085,同仁堂,25.22,25.53,25.55,25.64,25.13,62071.0,156740000.0,345.88,345.88,32.08,2.46,0.45,2951500,3255600.0,2026-05-22,16:14:21
600088,中视传媒,15.68,15.38,15.47,16.36,15.36,148076.0,232670000.0,62.36,62.36,-758.07,4.97,3.72,6635500,8172100.0,2026-05-22,16:14:16
600089,特变电工,26.02,25.91,25.9,26.04,25.77,917016.0,2378430000.0,1314.74,1314.74,21.31,1.83,1.81,42652200,49049400.0,2026-05-22,16:14:06
600094,大名城,4.64,4.54,4.59,4.69,4.51,232952.0,107410000.0,107.88,98.66,74.77,1.05,1.1,11988300,11306900.0,2026-05-22,16:14:14
600095,湘财股份,9.05,8.86,8.9,9.08,8.62,436285.0,383090000.0,258.76,258.76,58.93,2.1,1.53,20421600,23206900.0,2026-05-22,16:14:25
600096,云天化,32.16,31.58,31.59,32.58,31.29,335845.0,1078300000.0,586.27,586.27,11.08,2.46,1.84,16992400,16592100.0,2026-05-22,16:14:02
600097,开创国际,9.76,9.58,9.61,9.82,9.5,29445.0,28410000.0,23.52,23.52,91.12,1.04,1.22,1619400,1325100.0,2026-05-22,16:14:14
600098,广州发展,7.2,7.19,7.16,7.24,7.12,265515.0,190650000.0,252.42,252.42,10.51,0.91,0.76,12470900,14080600.0,2026-05-22,16:14:03
600099,林海股份,10.77,10.56,10.67,10.84,10.42,46824.0,49720000.0,23.6,23.6,93.57,4.28,2.14,2388700,2293700.0,2026-05-22,16:14:01
600100,同方股份,8.26,8.15,8.25,8.33,8.03,450472.0,368140000.0,276.73,276.73,83.48,1.75,1.34,22864400,22182800.0,2026-05-22,16:14:18
600101,明星电力,9.66,9.52,9.52,9.68,9.43,143331.0,137390000.0,52.92,52.92,28.72,1.68,2.62,7896300,6436800.0,2026-05-22,16:14:25
600103,青山纸业,4.22,4.18,4.18,4.26,4.12,1125913.0,472800000.0,94.56,93.36,241.48,2.38,5.09,60744500,51846800.0,2026-05-22,16:14:26
600104,上汽集团,12.48,12.4,12.41,12.5,12.22,374083.0,463720000.0,1434.61,1434.61,14.19,0.48,0.33,20194700,17213600.0,2026-05-22,16:14:18
600105,永鼎股份,47.31,46.29,47.22,47.75,46.5,895414.0,4223150000.0,691.67,691.67,673.54,20.84,6.12,46012600,43528800.0,2026-05-22,16:14:16
600106,重庆路桥,5.66,5.53,5.55,5.72,5.55,150695.0,85120000.0,75.22,75.22,88.35,1.41,1.13,9051900,6017600.0,2026-05-22,16:14:25
600107,*ST尔雅,6.6,6.67,6.55,6.68,6.48,44219.0,28950000.0,23.76,23.76,-30.82,5.86,1.23,2081700,2340200.0,2026-05-22,16:14:19
600108,亚盛集团,3.69,3.64,3.69,3.71,3.61,672526.0,246970000.0,71.84,71.84,134.74,1.66,3.45,36369900,30882700.0,2026-05-22,16:14:19
600109,国金证券,8.74,8.8,8.85,8.89,8.65,322122.0,281020000.0,323.85,323.85,13.57,0.9,0.87,15658900,16553300.0,2026-05-22,16:14:11
600110,诺德股份,9.98,9.29,9.29,10.07,9.2,1240267.0,1210340000.0,173.17,173.17,-78.45,3.07,7.15,68641100,55385600.0,2026-05-22,16:14:06
600111,北方稀土,51.09,50.72,50.71,51.49,50.43,826463.0,4214570000.0,1846.94,1846.94,67.45,7.22,2.29,37880600,44765700.0,2026-05-22,16:14:06
600113,浙江东日,39.12,37.68,37.8,41.18,36.52,98078.0,379970000.0,164.76,160.95,117.23,6.57,2.38,5349700,4458000.0,2026-05-22,16:14:12
600114,东睦股份,37.75,34.96,35.15,37.99,35.15,480481.0,1768570000.0,238.35,232.68,43.34,6.69,7.8,25664500,22383600.0,2026-05-22,16:14:07
600115,中国东航,4.14,4.21,4.23,4.23,4.11,1876026.0,778250000.0,914.43,704.83,91.9,6.48,1.1,75936200,111666300.0,2026-05-22,16:15:00
600116,三峡水利,6.57,6.52,6.53,6.6,6.45,250473.0,163400000.0,125.63,125.63,26.58,1.11,1.31,13370100,11677200.0,2026-05-22,16:14:06
600117,西宁特钢,2.32,2.31,2.31,2.34,2.29,95035.0,21970000.0,75.52,75.52,-7.53,2.19,0.29,5477800,4025700.0,2026-05-22,16:14:21
600118,中国卫星,85.19,85.27,85.7,86.73,83.75,385738.0,3284840000.0,1007.36,1007.36,5934.06,15.93,3.26,19541200,19032600.0,2026-05-22,16:14:26
600119,*ST长投,5.92,5.92,5.92,5.99,5.89,37009.0,21960000.0,21.62,21.62,-50.41,29.13,1.01,1648600,2052300.0,2026-05-22,16:14:16
600120,浙江东方,5.12,4.93,5.09,5.17,5.08,622113.0,318720000.0,174.87,174.87,18.88,1.07,1.82,36530800,25680500.0,2026-05-22,16:14:14
600121,郑州煤电,4.11,4.02,4.03,4.14,4.01,334949.0,136510000.0,50.08,50.08,-4.71,6.81,2.75,19230900,14264000.0,2026-05-22,16:14:16
600123,兰花科创,6.25,6.27,6.28,6.33,6.18,189595.0,118350000.0,92.08,92.08,-15.33,0.61,1.29,8737700,10221800.0,2026-05-22,16:14:25
600125,铁龙物流,5.86,5.85,5.87,5.89,5.81,96291.0,56320000.0,76.5,76.5,14.19,0.98,0.74,4813800,4815300.0,2026-05-22,16:14:18
600126,杭钢股份,8.29,8.14,8.21,8.32,8.11,706800.0,581140000.0,279.97,279.97,407.27,1.44,2.09,37169800,33510200.0,2026-05-22,16:14:19
600127,金健米业,6.29,6.26,6.25,6.34,6.18,113989.0,71280000.0,40.37,40.37,-774.03,6.01,1.78,5326200,6072700.0,2026-05-22,16:14:12
600128,苏豪弘业,9.55,9.44,9.44,9.68,9.33,39402.0,37380000.0,24.04,23.57,41.43,1.11,1.6,2112600,1827600.0,2026-05-22,16:14:16
600129,太极集团,14.29,14.5,14.53,14.59,14.29,54015.0,77660000.0,78.8,78.8,70.58,2.21,0.98,2581500,2820000.0,2026-05-22,16:15:00
600130,波导股份,5.37,5.49,5.35,5.42,5.16,759584.0,403970000.0,40.27,40.27,702.87,4.43,10.13,36281000,39677400.0,2026-05-22,16:14:07
600131,国网信通,17.62,17.63,17.71,17.86,17.46,130487.0,229930000.0,211.15,210.72,32.19,3.26,1.09,5453600,7595100.0,2026-05-22,16:14:28
600132,重庆啤酒,51.81,52.21,52.15,52.43,51.81,26489.0,137920000.0,250.75,250.75,20.97,13.71,0.55,1142100,1506800.0,2026-05-22,16:14:20
600133,东湖高新,9.06,8.95,8.95,9.12,8.9,251021.0,226280000.0,96.6,96.6,34.85,1.06,2.35,12228700,12873400.0,2026-05-22,16:14:13
600135,乐凯胶片,10.9,10.7,10.7,11.14,10.68,180607.0,195940000.0,60.31,60.31,-64.26,2.56,3.26,9062300,8998300.0,2026-05-22,16:14:21
600136,ST明诚,1.68,1.67,1.66,1.69,1.66,87760.0,14710000.0,34.29,32.64,-148.51,15.15,0.45,4080700,4695300.0,2026-05-22,16:14:24
600137,浪莎股份,21.95,21.71,21.78,22.22,21.18,18379.0,40020000.0,21.34,21.34,69.2,3.79,1.89,953600,884300.0,2026-05-22,16:14:17
600138,中青旅,8.05,8.22,8.21,8.23,8.03,107128.0,86720000.0,58.27,58.27,72.55,0.93,1.48,4857600,5855300.0,2026-05-22,16:14:27
600141,兴发集团,32.87,31.39,31.4,33.4,31.18,332898.0,1079790000.0,395.01,395.01,27.47,1.58,2.77,21173400,12116400.0,2026-05-22,16:14:29
600143,金发科技,17.7,17.54,17.54,17.75,17.35,575118.0,1013010000.0,466.36,466.36,38.59,2.36,2.18,27835400,29676400.0,2026-05-22,16:14:14
600148,长春一东,18.78,18.3,18.34,19.03,18.02,29009.0,53780000.0,26.58,26.58,161.06,5.52,2.05,1567200,1333700.0,2026-05-22,16:14:03
600149,廊坊发展,5.99,5.88,5.99,6.06,5.77,195692.0,116530000.0,22.77,22.77,141.53,8.92,5.15,10527100,9042100.0,2026-05-22,16:14:23
600150,中国船舶,38.4,38.4,39.44,39.48,38.06,980710.0,3782350000.0,2889.84,2889.84,25.56,1.93,1.3,42581000,55490000.0,2026-05-22,16:14:04
600151,航天机电,15.19,14.92,15.23,15.81,14.9,604130.0,923090000.0,217.86,217.86,-48.36,4.95,4.21,31293700,29119300.0,2026-05-22,16:14:14
600152,维科技术,13.09,12.49,12.42,13.39,12.25,551090.0,709090000.0,69.26,69.26,-65.71,4.22,10.42,29861300,25247700.0,2026-05-22,16:14:26
600153,建发股份,9.45,9.55,9.61,9.63,9.39,225307.0,213620000.0,274.01,274.01,-2.56,0.64,0.78,10308300,12222400.0,2026-05-22,16:14:18
600155,华创云信,5.81,5.97,5.98,6.0,5.81,330965.0,194280000.0,128.61,128.61,50.89,0.64,1.5,14558600,18537900.0,2026-05-22,16:14:23
600156,华升股份,13.59,13.04,13.09,13.85,11.74,1127117.0,1412310000.0,54.65,54.65,-191.71,14.96,28.03,57939000,54772800.0,2026-05-22,16:14:24
600157,永泰能源,1.73,1.71,1.71,1.74,1.7,5122223.0,882090000.0,377.45,377.45,172.04,0.8,2.35,278877000,233345400.0,2026-05-22,16:14:26
600158,中体产业,11.67,11.41,11.5,12.02,11.36,1003044.0,1171350000.0,111.98,111.98,-58.39,4.67,10.45,52504000,47800400.0,2026-05-22,16:14:05
600159,大龙地产,3.01,2.92,2.93,3.02,2.87,322099.0,94930000.0,24.98,24.98,-9.3,1.71,3.88,17903100,14306800.0,2026-05-22,16:14:01
600160,巨化股份,35.84,32.58,33.5,35.84,32.86,917476.0,3197060000.0,967.59,967.59,23.3,4.48,3.4,58558300,33189300.0,2026-05-22,16:14:15
600161,天坛生物,13.25,13.64,13.47,13.47,13.21,109757.0,145740000.0,262.0,262.0,26.94,2.21,0.56,4117600,6858100.0,2026-05-22,16:14:09
600162,香江控股,1.74,1.74,1.74,1.75,1.7,462214.0,79580000.0,56.87,56.87,-64.9,0.99,1.41,21738000,24483400.0,2026-05-22,16:14:10
600163,中闽能源,6.32,6.35,6.35,6.44,6.26,341067.0,216470000.0,120.27,120.27,25.77,1.64,1.79,15670000,18436700.0,2026-05-22,16:14:20
600165,ST宁科,3.08,3.05,3.03,3.12,3.03,41729.0,12880000.0,49.77,22.57,-54.92,4.35,0.57,2050100,2122800.0,2026-05-22,16:14:25
600166,福田汽车,3.13,3.1,3.15,3.16,3.1,1360063.0,425250000.0,247.81,247.81,17.33,1.54,1.72,73571700,62434600.0,2026-05-22,16:14:06
600167,联美控股,6.73,6.73,6.73,6.8,6.67,98787.0,66550000.0,152.29,152.29,25.36,1.27,0.44,4663000,5215700.0,2026-05-22,16:14:28
600168,武汉控股,4.71,4.69,4.71,4.74,4.64,61175.0,28720000.0,46.79,46.79,45.45,0.86,0.62,2980900,3136600.0,2026-05-22,16:14:16
600169,ST太重,2.3,2.28,2.29,2.31,2.28,94984.0,21780000.0,76.98,76.66,31.75,1.48,0.28,4114600,5383800.0,2026-05-22,16:14:28
600170,上海建工,2.55,2.54,2.55,2.56,2.53,834114.0,212000000.0,226.59,226.59,15.98,0.72,0.94,41613400,41797900.0,2026-05-22,16:14:26
600171,上海贝岭,29.55,28.43,28.5,29.72,28.5,230549.0,673660000.0,209.49,209.49,95.11,4.61,3.25,13448600,9606300.0,2026-05-22,16:14:26
600172,黄河旋风,10.99,9.99,10.8,10.99,10.8,784205.0,860570000.0,158.5,140.26,-18.03,34.19,6.14,16343100,62077300.0,2026-05-22,16:14:19
600173,卧龙新能,6.73,6.62,6.74,6.76,6.55,69723.0,46560000.0,47.14,47.14,-22.44,1.32,1.0,4069100,2903200.0,2026-05-22,16:14:14
600176,中国巨石,38.35,35.52,35.8,38.35,35.8,1715411.0,6445090000.0,1535.2,1535.2,40.17,4.75,4.29,99601200,71940000.0,2026-05-22,16:14:12
600177,雅戈尔,7.37,7.46,7.44,7.49,7.37,204198.0,151290000.0,340.75,331.9,13.28,0.8,0.45,10306100,10113700.0,2026-05-22,16:14:23
600178,东安动力,9.67,9.76,9.87,9.89,9.57,32792.0,31740000.0,45.11,45.11,-405.91,1.78,0.7,1531900,1747300.0,2026-05-22,16:15:00
600179,安通控股,4.4,4.44,4.47,4.49,4.35,406277.0,178900000.0,186.19,169.94,16.95,1.54,1.05,17787600,22840000.0,2026-05-22,16:14:07
600180,*ST瑞茂,1.49,1.57,1.49,1.49,1.49,19763.0,2940000.0,16.19,16.19,-0.47,0.38,0.18,1976300,0.0,2026-05-22,16:14:24
600182,S佳通,14.32,14.13,13.98,14.33,13.94,18053.0,25630000.0,48.69,24.34,22.04,4.22,1.06,1147600,657700.0,2026-05-22,16:15:00
600183,生益科技,108.01,98.19,102.1,108.01,102.0,668899.0,7105590000.0,2623.69,2586.3,66.79,14.63,2.79,35574000,31315900.0,2026-05-22,16:14:22
600184,光电股份,26.82,26.22,26.88,27.27,26.41,303171.0,811950000.0,156.29,156.29,304.99,4.57,5.2,15172000,15145100.0,2026-05-22,16:14:09
600185,珠免集团,5.5,5.58,5.58,5.64,5.47,210601.0,116080000.0,103.68,103.68,-11.53,120.09,1.12,8459600,12600500.0,2026-05-22,16:14:15
600186,莲花控股,11.75,10.68,10.9,11.75,10.86,2206096.0,2564580000.0,210.65,209.18,59.91,11.16,12.39,74405100,146204500.0,2026-05-22,16:14:24
600187,*ST国中,1.36,1.35,1.35,1.37,1.33,251663.0,33970000.0,21.95,21.95,-11.18,0.74,1.56,10857900,14308400.0,2026-05-22,16:14:19
600188,兖矿能源,20.01,20.32,20.24,20.37,19.72,420454.0,840570000.0,2008.37,1192.87,19.73,2.63,0.71,21619200,20426200.0,2026-05-22,16:14:25
600189,泉阳泉,8.41,8.46,8.55,8.55,8.35,92794.0,78130000.0,60.15,60.15,300.56,4.86,1.3,5045800,4233600.0,2026-05-22,16:14:13
600190,退市锦港,0.63,0.63,0.0,0.0,0.0,0.0,0.0,12.61,11.21,-22.51,-9.07,0.0,0,0.0,2026-05-22,09:00:00
600191,华资实业,11.73,10.66,10.64,11.73,10.42,117915.0,133840000.0,56.88,56.88,82.78,3.31,2.43,5881400,5910100.0,2026-05-22,16:14:29
600192,长城电工,8.12,8.09,8.06,8.16,8.03,59744.0,48430000.0,35.87,35.87,-9.83,4.72,1.35,2841100,3133300.0,2026-05-22,16:14:05
600193,*ST创兴,2.17,2.17,0.0,0.0,0.0,0.0,0.0,9.23,9.23,-35.96,14.02,0.0,0,0.0,2026-05-22,16:14:29
600195,中牧股份,6.9,6.88,6.93,6.95,6.82,58817.0,40430000.0,70.46,70.46,53.59,1.24,0.58,2775000,3106700.0,2026-05-22,16:14:09
600196,复星医药,23.4,23.71,23.78,23.85,23.3,214305.0,504530000.0,624.88,495.73,17.97,1.27,1.01,9497000,11933500.0,2026-05-22,16:14:29
600197,伊力特,12.24,12.49,12.48,12.55,12.19,62399.0,76900000.0,57.92,57.92,32.71,1.45,1.32,2365500,3874400.0,2026-05-22,16:14:07
600198,大唐电信,8.78,8.64,8.67,8.82,8.61,369524.0,322520000.0,114.46,114.31,-234.39,59.47,2.84,18482900,18469500.0,2026-05-22,16:14:18
600199,金种子酒,8.22,8.48,8.34,8.36,8.14,215941.0,177370000.0,54.07,54.07,-30.92,2.78,3.28,8003500,13590600.0,2026-05-22,16:14:23
600200,退市苏吴,0.29,0.29,0.0,0.0,0.0,0.0,0.0,2.06,2.06,-0.96,0.12,0.0,0,0.0,2026-05-22,09:00:00
600201,生物股份,12.86,13.32,13.33,13.53,12.84,291678.0,378680000.0,142.97,142.97,137.11,2.62,2.62,13500700,15667100.0,2026-05-22,16:14:07
600202,哈空调,6.08,5.9,5.96,6.11,5.82,131479.0,78220000.0,23.31,23.31,-173.43,2.88,3.43,6891200,6256800.0,2026-05-22,16:14:12
600203,福日电子,12.32,11.97,12.1,12.43,11.88,177142.0,215820000.0,73.06,73.06,191.25,4.43,2.99,9737200,7977000.0,2026-05-22,16:14:03
600206,有研新材,29.76,28.92,29.0,30.1,29.0,679149.0,2014310000.0,251.93,251.93,88.19,5.8,8.02,36304200,31610700.0,2026-05-22,16:14:03
600207,安彩高科,6.73,6.7,6.65,7.01,6.61,857581.0,579220000.0,73.31,73.31,-9.55,3.9,7.87,41935700,43822400.0,2026-05-22,16:14:21
600208,衢州发展,3.18,3.2,3.12,3.21,3.07,3503781.0,1108050000.0,270.58,270.55,178.45,0.65,4.12,188664500,161713600.0,2026-05-22,16:14:19
600210,紫江企业,6.73,6.72,6.7,6.79,6.69,129377.0,87160000.0,102.08,102.08,9.4,1.48,0.85,5889200,7048500.0,2026-05-22,16:14:25
600211,XD西藏药,39.67,40.23,40.5,40.55,39.63,28998.0,115790000.0,127.86,127.86,13.22,3.53,0.9,1281400,1618400.0,2026-05-22,16:14:17
600212,绿能慧充,6.78,6.68,6.68,6.8,6.53,102464.0,68360000.0,47.74,36.01,2222.69,8.27,1.93,5350500,4895900.0,2026-05-22,16:14:18
600215,派斯林,7.02,6.87,6.85,7.06,6.75,141387.0,98470000.0,32.07,32.07,-8.98,1.31,3.09,7380000,6758700.0,2026-05-22,16:14:07
600216,浙江医药,13.61,13.66,13.7,13.75,13.56,90209.0,122970000.0,130.88,129.48,17.42,1.16,0.95,4294400,4726500.0,2026-05-22,16:14:22
600217,中再资环,3.39,3.35,3.37,3.42,3.33,132573.0,44760000.0,56.19,56.19,-9.24,1.97,0.8,7353300,5904000.0,2026-05-22,16:14:17
600218,全柴动力,9.08,8.84,8.87,9.1,8.79,71126.0,63840000.0,39.55,39.55,60.11,1.21,1.63,3523500,3589100.0,2026-05-22,16:14:24
600219,南山铝业,5.28,5.05,5.08,5.33,5.02,2268428.0,1178510000.0,606.34,606.34,14.67,1.23,1.98,135344000,91498800.0,2026-05-22,16:14:20
600221,海航控股,1.46,1.48,1.48,1.49,1.46,3321108.0,487440000.0,630.95,625.54,18.38,9.07,0.78,131477900,200632900.0,2026-05-22,16:14:13
600222,太龙药业,7.98,7.63,7.78,8.05,7.58,283401.0,223120000.0,45.8,45.8,74.99,2.85,4.94,16627400,11712700.0,2026-05-22,16:14:23
600223,福瑞达,6.2,6.18,6.24,6.25,6.1,60193.0,37180000.0,63.03,63.03,37.31,1.48,0.59,3292400,2726900.0,2026-05-22,16:14:24
600226,亨通股份,6.07,5.85,5.93,6.14,5.9,1091220.0,659340000.0,180.54,180.54,89.1,4.87,3.67,62370700,46751300.0,2026-05-22,16:14:08
600227,赤天化,3.16,3.1,3.1,3.17,3.04,616354.0,192560000.0,53.36,40.37,-20.66,2.38,4.82,36254300,25381100.0,2026-05-22,16:14:08
600228,*ST返利,6.5,6.28,6.3,6.51,6.15,59067.0,37540000.0,27.08,27.04,-42.74,7.09,1.42,3403500,2503200.0,2026-05-22,16:14:04
600229,城市传媒,5.87,5.81,5.81,5.93,5.76,41256.0,24050000.0,38.78,38.78,-8.95,1.4,0.62,2292200,1833400.0,2026-05-22,16:14:08
600230,沧州大化,16.35,16.06,16.05,16.41,16.05,88528.0,144120000.0,67.68,67.68,84.01,1.66,2.14,4914500,3938400.0,2026-05-22,16:14:03
600231,凌钢股份,2.05,2.05,2.04,2.07,2.04,66234.0,13600000.0,58.88,58.15,-3.3,1.66,0.23,3422300,3201100.0,2026-05-22,16:14:10
600232,金鹰股份,8.07,7.91,7.91,8.1,7.79,73451.0,58440000.0,29.43,29.43,80.35,3.06,2.01,3907200,3437900.0,2026-05-22,16:14:20
600233,圆通速递,18.71,18.75,18.75,18.82,18.53,170009.0,317340000.0,640.39,640.39,13.22,1.77,0.5,8579900,8421000.0,2026-05-22,16:14:09
600234,科新发展,25.98,23.62,24.0,25.98,23.7,40372.0,100930000.0,68.2,68.2,-334.17,15.15,1.54,1891100,2146100.0,2026-05-22,16:14:20
600235,民丰特纸,6.5,6.36,6.37,6.57,6.26,70662.0,45240000.0,22.83,22.83,229.29,1.52,2.01,3866400,3199800.0,2026-05-22,16:14:19
600236,桂冠电力,10.65,10.43,10.5,10.69,10.36,182920.0,193410000.0,839.47,839.47,23.35,4.39,0.23,8887300,9404700.0,2026-05-22,16:14:20
600237,铜峰电子,10.02,9.49,9.57,10.06,9.57,780036.0,773760000.0,63.18,62.59,53.88,3.16,12.49,44834400,33169200.0,2026-05-22,16:14:27
600238,*ST椰岛,5.27,5.13,5.13,5.31,5.09,57858.0,30240000.0,23.62,23.47,-110.13,30.29,1.3,2734000,3051800.0,2026-05-22,16:14:01
600239,ST云城,1.54,1.5,1.51,1.54,1.49,173700.0,26440000.0,24.73,24.73,-9.11,2.45,1.08,9709400,7660600.0,2026-05-22,16:14:13
600241,时代万恒,8.5,8.3,8.33,8.54,8.19,63562.0,53350000.0,25.02,25.02,-16.96,2.44,2.16,3347600,3008600.0,2026-05-22,16:14:07
600243,*ST海华,3.75,3.95,3.96,3.96,3.75,155868.0,59690000.0,16.46,16.46,-18.67,2.98,3.55,5267500,10319300.0,2026-05-22,16:14:28
600246,万通发展,15.69,15.41,15.69,16.38,14.66,3263707.0,5095770000.0,304.85,296.61,-41.66,6.67,17.26,182804100,143566700.0,2026-05-22,16:14:27
600248,陕建股份,3.26,3.27,3.28,3.28,3.25,134951.0,44020000.0,121.92,120.81,-891.55,0.44,0.36,5938900,7556200.0,2026-05-22,16:14:07
600249,两面针,5.51,5.45,5.49,5.54,5.43,78330.0,43020000.0,30.3,30.3,-212.5,1.42,1.42,4429600,3403400.0,2026-05-22,16:14:08
600250,南京商旅,9.59,9.47,9.51,9.64,9.41,67095.0,63940000.0,30.0,30.0,301.68,4.8,2.15,3885400,2824100.0,2026-05-22,16:14:29
600251,冠农股份,10.53,10.41,10.47,10.55,10.32,101782.0,106220000.0,81.82,81.82,18.0,2.03,1.31,4836900,5341200.0,2026-05-22,16:14:09
600252,中恒集团,2.21,2.22,2.22,2.23,2.19,244074.0,53940000.0,70.37,70.37,-17.25,1.34,0.77,10256600,14150800.0,2026-05-22,16:14:22
600255,鑫科材料,3.62,3.42,3.43,3.66,3.41,643441.0,229290000.0,65.38,65.38,170.18,4.43,3.56,40094900,24249100.0,2026-05-22,16:14:06
600256,广汇能源,5.97,6.21,6.2,6.21,5.9,1784943.0,1073260000.0,381.6,381.6,42.95,1.56,2.79,70149600,108344600.0,2026-05-22,16:14:02
600257,大湖股份,5.56,5.53,5.59,5.62,5.46,131402.0,72840000.0,26.76,26.76,480.57,3.35,2.73,7282200,5858000.0,2026-05-22,16:14:14
600258,首旅酒店,13.2,13.59,13.67,13.74,13.15,148831.0,198530000.0,147.39,147.39,17.6,1.2,1.33,6041200,8841800.0,2026-05-22,16:14:09
600259,中稀有色,87.07,86.85,86.84,88.12,85.5,109787.0,952650000.0,292.93,292.93,116.62,8.11,3.26,4864600,6114100.0,2026-05-22,16:14:19
600261,阳光照明,3.51,3.39,3.4,3.54,3.38,194165.0,67310000.0,46.86,46.86,34.45,1.33,1.45,10920500,8496000.0,2026-05-22,16:14:05
600262,北方股份,24.18,23.77,24.3,24.39,23.66,35535.0,85550000.0,41.11,41.11,18.09,2.2,2.09,2089700,1463800.0,2026-05-22,16:14:19
600265,*ST景谷,20.2,20.5,20.5,20.7,19.91,12153.0,24540000.0,26.22,26.22,-11.38,12.38,0.94,547000,668300.0,2026-05-22,16:14:03
600266,城建发展,4.73,4.75,4.76,4.79,4.7,358838.0,170070000.0,98.18,98.18,-33.58,0.54,1.73,18592500,17291300.0,2026-05-22,16:14:25
600267,海正药业,10.65,10.67,10.91,10.91,10.5,158676.0,168740000.0,127.67,127.67,18.18,1.43,1.32,8181400,7686200.0,2026-05-22,16:14:05
600268,国电南自,13.98,13.8,13.96,14.06,13.8,170290.0,237820000.0,142.02,141.31,28.84,3.76,1.68,8922800,8106100.0,2026-05-22,16:14:24
600269,赣粤高速,4.31,4.33,4.33,4.36,4.29,96143.0,41550000.0,100.66,100.66,8.94,0.51,0.41,4532600,5081700.0,2026-05-22,16:14:09
600271,航天信息,7.95,7.91,7.93,7.99,7.77,162149.0,127610000.0,147.3,147.3,-21.25,1.13,0.88,7445100,8769800.0,2026-05-22,16:14:18
600272,开开实业,11.9,11.84,11.8,11.94,11.7,19255.0,22810000.0,31.26,19.04,135.85,3.93,1.2,1002700,922800.0,2026-05-22,16:14:04
600273,嘉化能源,7.82,7.62,7.69,7.82,7.61,180836.0,139610000.0,102.54,102.54,12.57,1.01,1.38,9738500,8345100.0,2026-05-22,16:14:05
600276,恒瑞医药,50.47,51.45,51.55,51.58,50.4,677620.0,3439250000.0,3349.79,3219.48,41.26,5.26,1.06,26300400,41461600.0,2026-05-22,16:14:03
600278,东方创业,6.87,6.9,6.98,6.98,6.79,53652.0,36770000.0,59.12,59.12,32.39,0.79,0.62,2416300,2949000.0,2026-05-22,16:14:04
600279,重庆港,4.91,4.89,4.9,4.93,4.83,64532.0,31550000.0,58.28,58.28,99.71,0.86,0.54,3518100,2935100.0,2026-05-22,16:14:24
600280,中央商场,2.9,2.84,2.86,2.9,2.83,125858.0,36110000.0,32.72,32.72,-8.14,12.31,1.12,6983900,5601900.0,2026-05-22,16:14:14
600281,华阳新材,5.38,5.18,5.22,5.43,5.14,94809.0,50460000.0,27.67,27.67,-26.37,49.19,1.84,5329800,4151100.0,2026-05-22,16:14:10
600282,南钢股份,4.75,4.77,4.78,4.81,4.72,300286.0,142860000.0,292.84,292.84,10.15,1.07,0.49,13643700,16384900.0,2026-05-22,16:14:28
600283,钱江水利,8.82,8.85,8.88,8.9,8.69,53093.0,46620000.0,49.46,48.0,24.73,1.56,0.98,1785300,3524000.0,2026-05-22,16:14:21
600284,XD浦东建,6.95,6.99,7.0,7.02,6.78,231116.0,158980000.0,67.43,67.43,23.93,0.85,2.38,10041600,13070000.0,2026-05-22,16:14:20
600285,羚锐制药,21.37,21.55,21.65,21.67,21.31,57541.0,123290000.0,121.19,120.93,15.36,3.32,1.02,2657800,3096300.0,2026-05-22,16:14:21
600287,苏豪时尚,5.46,5.37,5.39,5.51,5.32,41152.0,22260000.0,23.85,23.85,104.42,1.04,0.94,2303200,1812000.0,2026-05-22,16:14:23
600288,大恒科技,14.39,13.87,14.13,14.56,14.03,118754.0,169610000.0,62.86,62.86,38.43,3.16,2.72,6264700,5610700.0,2026-05-22,16:14:28
600289,ST信通,6.28,6.26,6.21,6.45,6.21,41651.0,26420000.0,39.63,35.54,-8.11,4.41,0.74,1632600,2532500.0,2026-05-22,16:14:17
600292,电投水电,14.27,14.1,14.37,14.37,14.02,108197.0,153740000.0,625.06,62.69,80.28,3.58,2.46,5867900,4951800.0,2026-05-22,16:14:08
600293,三峡新材,3.22,3.13,3.16,3.27,3.08,520231.0,165840000.0,37.36,37.36,-56.8,2.19,4.48,28331500,23691600.0,2026-05-22,16:14:13
600295,鄂尔多斯,13.74,13.65,13.88,13.89,13.6,82400.0,113470000.0,384.55,271.44,15.03,1.71,0.42,4354800,3885200.0,2026-05-22,16:14:10
600298,安琪酵母,36.22,36.42,36.45,37.49,36.09,71078.0,259460000.0,314.36,310.46,19.64,2.52,0.83,3370400,3737400.0,2026-05-22,16:14:13
600299,安迪苏,11.64,11.21,11.17,11.94,11.17,165767.0,193400000.0,358.49,312.17,36.02,1.83,0.62,8968300,7608300.0,2026-05-22,16:14:13
600300,维维股份,3.41,3.38,3.4,3.42,3.36,227977.0,77330000.0,55.14,55.14,15.86,1.49,1.41,10191100,12606600.0,2026-05-22,16:14:27
600301,华锡有色,53.76,52.55,53.0,54.95,52.59,122000.0,659480000.0,340.07,148.02,41.01,6.83,4.43,6131200,6068900.0,2026-05-22,16:14:17
600302,ST标准,9.79,9.51,9.79,9.88,9.43,111044.0,108060000.0,33.87,33.87,-21.19,6.99,3.21,5481800,5622600.0,2026-05-22,16:14:03
600303,曙光股份,3.83,3.48,3.65,3.83,3.65,330824.0,124970000.0,26.18,25.88,-7.58,2.78,4.9,10423000,22659400.0,2026-05-22,16:14:21
600305,恒顺醋业,7.22,7.21,7.22,7.25,7.17,38809.0,28000000.0,79.89,79.64,51.95,2.33,0.35,1759700,2121200.0,2026-05-22,16:14:28
600307,酒钢宏兴,1.63,1.61,1.61,1.64,1.59,487890.0,78670000.0,102.09,102.09,-5.88,1.92,0.78,28914500,19874500.0,2026-05-22,16:14:06
600308,华泰股份,3.61,3.58,3.59,3.64,3.55,89946.0,32370000.0,54.76,54.76,-53.2,0.6,0.59,4166500,4828100.0,2026-05-22,16:14:21
600309,万华化学,77.99,77.49,78.0,78.5,76.83,219847.0,1709830000.0,2441.45,2441.45,18.55,2.19,0.7,10800700,11184000.0,2026-05-22,16:14:25
600310,广西能源,5.1,5.2,5.1,5.2,4.89,1175878.0,594340000.0,74.75,74.75,-202.95,2.75,8.02,54348200,63239700.0,2026-05-22,16:14:29
600312,平高电气,21.26,21.09,21.1,21.36,20.91,171972.0,364310000.0,288.48,288.48,24.52,2.47,1.27,9469000,7728200.0,2026-05-22,16:14:22
600313,农发种业,6.22,6.16,6.17,6.25,6.09,245317.0,151660000.0,72.24,67.31,141.82,2.99,2.27,13241600,11290100.0,2026-05-22,16:14:16
600315,上海家化,18.15,18.04,18.2,18.27,17.93,45924.0,83300000.0,122.01,122.01,44.76,1.73,0.68,2402100,2190300.0,2026-05-22,16:14:02
600316,洪都航空,31.15,31.16,31.4,31.65,30.91,106749.0,332310000.0,223.38,223.38,413.06,4.14,1.49,5046100,5628800.0,2026-05-22,16:14:27
600318,新力金融,7.16,7.24,7.25,7.3,7.07,135464.0,96870000.0,36.71,36.71,95.28,3.31,2.64,7384300,6162100.0,2026-05-22,16:14:20
600319,亚星化学,7.81,7.65,7.65,7.89,7.56,39157.0,30340000.0,30.28,30.28,-18.55,8.97,1.01,2091200,1824500.0,2026-05-22,16:14:24
600320,振华重工,4.86,4.82,4.84,4.91,4.78,427902.0,207480000.0,256.04,161.45,30.02,1.6,1.29,22831400,19958800.0,2026-05-22,16:14:10
600322,津投城开,2.47,2.39,2.42,2.48,2.38,329014.0,79780000.0,27.31,27.31,-2.32,35.91,2.98,16643900,16257600.0,2026-05-22,16:14:07
600323,瀚蓝环境,30.48,30.55,30.63,30.71,30.22,38231.0,116600000.0,248.52,248.52,11.66,1.63,0.47,1782300,2040800.0,2026-05-22,16:14:12
600325,华发股份,2.83,2.91,2.91,2.93,2.83,579587.0,166660000.0,77.89,77.89,-0.73,0.91,2.11,22460600,35498100.0,2026-05-22,16:14:28
600326,西藏天路,8.38,8.34,8.39,8.42,8.27,170722.0,142800000.0,114.17,114.17,379.83,2.91,1.25,9354500,7717700.0,2026-05-22,16:14:16
600327,大东方,3.72,3.67,3.7,3.72,3.66,82080.0,30300000.0,32.91,32.91,-12.35,1.17,0.93,4388100,3819900.0,2026-05-22,16:14:19
600328,中盐化工,7.26,7.24,7.24,7.32,7.14,238924.0,172730000.0,106.45,106.45,-108.99,0.9,1.63,12566100,11326400.0,2026-05-22,16:14:01
600329,达仁堂,40.67,41.45,41.6,41.78,40.66,33836.0,138660000.0,313.2,230.64,14.36,4.16,0.6,1552900,1830700.0,2026-05-22,16:14:29
600330,天通股份,29.26,27.5,28.1,29.88,27.9,1410654.0,4061720000.0,360.9,360.9,-141.54,4.65,11.44,79783800,61281600.0,2026-05-22,16:14:19
600331,宏达股份,16.06,15.85,15.81,16.29,15.53,478781.0,762800000.0,424.24,326.34,-588.53,13.62,2.36,24249200,23628800.0,2026-05-22,16:14:24
600332,白云山,21.64,21.71,21.8,21.84,21.58,54219.0,117600000.0,351.82,304.23,11.94,0.89,0.39,2479400,2942500.0,2026-05-22,16:14:10
600333,长春燃气,5.88,5.91,5.88,5.99,5.84,132774.0,78100000.0,35.81,35.81,309.19,1.85,2.18,6705300,6572100.0,2026-05-22,16:14:09
600335,国机汽车,5.69,5.7,5.73,5.75,5.63,96501.0,54860000.0,85.11,85.11,20.58,0.73,0.65,5125500,4524600.0,2026-05-22,16:14:17
600336,澳柯玛,8.65,8.06,8.16,8.86,8.0,346266.0,295560000.0,69.03,69.03,-31.75,3.05,4.34,21455300,13171400.0,2026-05-22,16:14:12
600337,ST美克,3.02,3.03,3.04,3.1,2.98,286856.0,86950000.0,43.4,43.4,-1.79,11.06,2.0,11259900,17425700.0,2026-05-22,16:14:08
600338,西藏珠峰,20.46,19.93,20.23,20.5,19.75,483302.0,974780000.0,187.05,187.05,33.06,4.14,5.29,24401300,23928900.0,2026-05-22,16:14:27
600339,中油工程,3.95,3.91,3.9,4.02,3.86,1018202.0,400800000.0,220.53,220.53,59.19,0.82,1.82,50386400,51433700.0,2026-05-22,16:14:07
600340,*ST华幸,1.14,1.1,1.08,1.15,1.08,767434.0,85930000.0,44.38,44.38,-0.2,-0.23,1.97,48199700,28543700.0,2026-05-22,16:14:03
600343,航天动力,32.43,32.5,32.51,32.81,31.98,209943.0,679350000.0,206.97,206.97,-109.72,16.25,3.29,10464900,10529500.0,2026-05-22,16:14:16
600345,长江通信,52.31,51.02,51.6,52.79,50.82,94204.0,490900000.0,172.42,110.67,68.72,4.53,4.45,5390300,4030100.0,2026-05-22,16:14:08
600346,恒力石化,18.53,18.95,18.94,19.06,18.41,514075.0,955900000.0,1304.35,1304.35,14.6,1.84,0.73,28341000,23066500.0,2026-05-22,16:14:22
600348,华阳股份,8.88,8.97,8.98,9.04,8.83,313581.0,278980000.0,320.35,320.35,20.15,1.15,0.87,14923000,16435100.0,2026-05-22,16:14:20
600350,山东高速,12.23,11.92,12.0,12.32,11.8,92223.0,111720000.0,591.27,591.27,18.28,1.93,0.19,5427000,3795300.0,2026-05-22,16:14:19
600351,亚宝药业,6.45,6.39,6.43,6.48,6.35,110361.0,70700000.0,44.63,44.63,13.97,1.56,1.59,5147200,5888900.0,2026-05-22,16:14:12
600352,浙江龙盛,11.63,11.45,11.52,11.72,11.4,305465.0,353290000.0,378.36,378.36,19.2,1.14,0.94,15212200,15334200.0,2026-05-22,16:14:02
600353,旭光电子,23.53,21.69,22.15,23.7,21.78,635702.0,1445650000.0,195.02,195.02,118.34,10.11,7.67,35891900,27678400.0,2026-05-22,16:14:17
600354,敦煌种业,5.63,5.52,5.52,5.68,5.46,146479.0,81810000.0,29.72,29.72,97.04,3.97,2.78,8178500,6469400.0,2026-05-22,16:14:02
600355,*ST精伦,0.58,0.58,0.0,0.0,0.0,0.0,0.0,2.85,2.85,-7.16,2.71,0.0,0,0.0,2026-05-22,09:00:00
600356,恒丰纸业,9.36,9.09,9.17,9.38,8.99,73223.0,67420000.0,30.84,27.96,13.61,1.0,2.45,3944300,3377900.0,2026-05-22,16:14:12
600358,国旅联合,6.28,6.13,6.21,6.6,6.14,213379.0,135890000.0,31.71,31.71,-89.82,65.48,4.23,11346800,9991100.0,2026-05-22,16:14:22
600359,新农开发,6.76,6.61,6.66,6.81,6.55,69204.0,46340000.0,25.79,25.79,-171.16,3.82,1.81,3953300,2967100.0,2026-05-22,16:14:08
600360,华微电子,11.92,12.07,11.78,12.07,11.39,1388687.0,1626540000.0,114.47,114.47,65.1,3.26,14.46,66672400,72196200.0,2026-05-22,16:14:22
600361,创新新材,4.45,4.25,4.27,4.47,4.23,729233.0,319550000.0,166.1,166.1,19.66,1.46,1.95,44967400,27955900.0,2026-05-22,16:14:11
600362,江西铜业,45.28,43.48,43.6,46.01,43.19,487025.0,2184080000.0,1567.92,939.67,19.61,1.86,2.35,27192600,21509800.0,2026-05-22,16:14:11
600363,联创光电,39.71,39.23,39.0,39.98,38.87,122000.0,481520000.0,179.05,179.05,40.08,3.95,2.71,6674600,5525400.0,2026-05-22,16:14:29
600365,ST通葡,2.87,2.85,2.85,2.9,2.81,67472.0,19260000.0,13.03,12.26,-13.88,5.92,1.58,3377900,3369300.0,2026-05-22,16:14:05
600366,宁波韵升,13.11,12.74,12.85,13.2,12.71,229423.0,298330000.0,144.08,144.08,35.13,2.27,2.09,12973200,9969200.0,2026-05-22,16:14:22
600367,红星发展,26.27,24.82,25.58,26.66,25.19,424388.0,1103220000.0,89.62,84.58,97.23,3.6,13.18,23099400,19339400.0,2026-05-22,16:14:06
600368,五洲交通,3.91,3.92,3.95,3.98,3.88,128391.0,50300000.0,62.94,62.94,11.28,0.85,0.8,4754600,8084500.0,2026-05-22,16:14:18
600369,西南证券,4.01,4.05,4.08,4.09,4.0,520074.0,208980000.0,266.47,266.47,23.64,1.0,0.78,24568000,27439400.0,2026-05-22,16:14:28
600370,*ST三房,1.31,1.38,1.31,1.36,1.31,1799387.0,236730000.0,52.7,52.7,-7.17,1.07,4.47,110618700,69320000.0,2026-05-22,16:14:02
600371,万向德农,8.05,7.94,7.99,8.06,7.83,42297.0,33580000.0,23.55,23.55,-146.37,4.39,1.45,2083500,2146100.0,2026-05-22,16:14:10
600372,中航机载,11.79,11.8,11.81,11.88,11.69,329896.0,388250000.0,570.51,570.51,49.76,1.5,0.68,14715200,18274400.0,2026-05-22,16:14:23
600373,中文传媒,7.89,7.93,7.97,7.97,7.89,52583.0,41680000.0,106.31,106.31,49.89,0.59,0.39,2249800,3008500.0,2026-05-22,16:14:26
600375,汉马科技,4.66,4.61,4.6,4.7,4.54,221254.0,102580000.0,74.7,68.16,118.64,2.2,1.51,11585200,10540200.0,2026-05-22,16:14:23
600376,首开股份,4.34,4.55,4.36,4.46,4.3,1237766.0,537090000.0,111.95,111.95,-1.78,4.76,4.8,47017400,76759200.0,2026-05-22,16:14:05
600377,宁沪高速,12.22,12.34,12.35,12.39,12.16,64309.0,78670000.0,615.61,464.63,12.96,1.42,0.17,3477100,2953800.0,2026-05-22,16:14:14
600378,昊华科技,36.47,35.06,35.06,36.57,35.01,201716.0,724890000.0,470.46,391.16,30.01,2.53,1.88,11055600,9116000.0,2026-05-22,16:14:29
600379,宝光股份,13.54,13.31,13.35,13.61,13.27,237917.0,320520000.0,44.71,44.71,107.02,5.68,7.21,11824500,11967100.0,2026-05-22,16:14:27
600380,健康元,10.12,10.17,10.24,10.28,10.08,108086.0,109710000.0,185.14,185.14,14.08,1.19,0.59,4916700,5891900.0,2026-05-22,16:14:20
600381,*ST春天,4.69,4.77,4.65,4.93,4.55,117093.0,55750000.0,27.53,27.53,-44.04,2.81,1.99,5017000,6692200.0,2026-05-22,16:14:19
600382,广东明珠,9.56,8.86,8.73,9.58,8.48,826643.0,740360000.0,66.39,66.39,35.13,2.12,11.9,44818000,37846300.0,2026-05-22,16:14:05
600383,金地集团,2.69,2.68,2.7,2.72,2.67,523585.0,140800000.0,121.44,121.44,-0.91,0.27,1.16,25148700,27209800.0,2026-05-22,16:14:09
600386,北巴传媒,3.94,3.91,3.95,3.97,3.83,164344.0,64190000.0,31.77,31.77,-272.1,1.89,2.04,7809400,8625000.0,2026-05-22,16:14:21
600387,退市海越,0.94,0.94,0.0,0.0,0.0,0.0,0.0,4.4,3.8,-0.94,0.17,0.0,0,0.0,2026-05-22,09:00:00
600388,龙净环保,19.43,19.27,19.39,19.88,19.28,207102.0,406650000.0,246.77,246.77,21.07,2.3,1.63,11236300,9473900.0,2026-05-22,16:14:22
600389,江山股份,25.62,25.47,25.53,26.0,25.1,62625.0,160500000.0,110.33,110.33,19.71,2.64,1.45,3449000,2813500.0,2026-05-22,16:14:07
600390,五矿资本,4.84,4.93,4.93,4.95,4.81,353027.0,171350000.0,217.71,217.71,41.24,0.51,0.78,14722600,20580100.0,2026-05-22,16:15:00
600391,航发科技,43.57,44.06,44.11,44.8,42.99,150481.0,657600000.0,143.84,143.84,312.96,8.11,4.56,6299900,8748200.0,2026-05-22,16:14:21
600392,盛和资源,23.8,23.07,23.25,23.81,23.08,426384.0,1001810000.0,417.17,417.17,41.8,3.24,2.43,21922700,20715700.0,2026-05-22,16:14:11
600395,盘江股份,5.15,5.19,5.2,5.22,5.1,189061.0,97530000.0,110.55,110.55,23.06,1.03,0.88,9056700,9849400.0,2026-05-22,16:14:13
600396,华电辽能,14.56,14.23,14.39,14.7,13.89,1933716.0,2775460000.0,214.43,214.43,528.79,13.97,13.13,102068400,91303100.0,2026-05-22,16:15:00
600397,江钨装备,13.34,12.77,12.9,13.5,12.77,272689.0,358720000.0,132.06,132.06,-76.57,68.4,2.75,15760700,11508200.0,2026-05-22,16:14:22
600398,海澜之家,5.85,5.93,5.95,5.96,5.83,255518.0,149820000.0,280.96,280.96,12.89,1.62,0.53,11150000,14401800.0,2026-05-22,16:14:19
600399,抚顺特钢,5.11,5.05,5.09,5.14,5.04,307182.0,156590000.0,100.77,100.77,-12.2,1.88,1.56,15019000,15699200.0,2026-05-22,16:14:27
600400,红豆股份,3.16,3.02,3.04,3.3,3.04,1387600.0,439760000.0,72.41,72.41,-18.2,5.22,6.06,71961100,66798900.0,2026-05-22,16:14:04
600403,大有能源,5.17,5.1,5.16,5.22,5.05,138392.0,71190000.0,123.61,123.61,-5.95,3.7,0.58,7369600,6469600.0,2026-05-22,16:14:07
600405,动力源,4.78,4.66,4.68,4.8,4.57,122695.0,57520000.0,29.29,29.29,-9.65,93.45,2.0,6868800,5400800.0,2026-05-22,16:14:22
600406,国电南瑞,25.83,25.66,25.66,25.92,25.51,607402.0,1565760000.0,2074.6,2068.51,24.93,3.88,0.76,29589100,31151200.0,2026-05-22,16:14:11
600408,安泰集团,2.98,2.92,2.92,2.99,2.87,325881.0,95910000.0,30.0,30.0,-10.28,2.59,3.24,18821100,13767000.0,2026-05-22,16:14:16
600409,三友化工,6.65,6.84,6.85,6.88,6.43,660066.0,436600000.0,137.28,137.28,806.37,1.0,3.2,30565500,35441100.0,2026-05-22,16:14:16
600410,华胜天成,21.25,21.09,21.09,21.48,20.34,825005.0,1722250000.0,233.01,233.01,-109.52,5.41,7.52,41772700,40727800.0,2026-05-22,16:14:02
600415,小商品城,13.35,13.54,13.59,13.69,13.25,963210.0,1291260000.0,732.06,732.06,16.67,3.07,1.76,39302600,57018400.0,2026-05-22,16:14:01
600416,湘电股份,12.98,11.8,11.83,12.98,11.64,879485.0,1103220000.0,191.56,191.56,85.85,1.97,5.96,49210200,38738400.0,2026-05-22,16:14:00
600418,江淮汽车,45.05,45.37,45.55,45.79,44.54,331887.0,1491460000.0,1015.51,983.9,-48.69,8.07,1.52,13154800,20033900.0,2026-05-22,16:14:18
600419,天润乳业,8.8,8.76,8.81,8.85,8.67,39696.0,34780000.0,27.77,27.77,19.21,1.13,1.26,1933200,2036300.0,2026-05-22,16:14:14
600420,国药现代,9.08,9.11,9.12,9.17,9.04,40120.0,36510000.0,121.78,121.78,16.95,0.88,0.3,1800700,2211300.0,2026-05-22,16:14:04
600421,*ST华嵘,4.08,4.08,0.0,0.0,0.0,0.0,0.0,7.98,7.98,117.77,57.36,0.0,0,0.0,2026-05-22,16:14:13
600422,昆药集团,8.43,8.51,8.54,8.57,8.42,67851.0,57380000.0,63.81,63.81,54.23,1.22,0.9,3174500,3610600.0,2026-05-22,16:14:02
600423,*ST柳化,2.75,2.73,2.75,2.76,2.71,75288.0,20610000.0,21.96,21.96,-90.85,4.14,0.94,3893600,3635200.0,2026-05-22,16:14:24
600425,青松建化,3.83,3.8,3.8,3.85,3.8,119506.0,45730000.0,61.46,61.46,20.14,0.95,0.74,6686500,5264100.0,2026-05-22,16:14:27
600426,华鲁恒升,31.41,31.37,31.62,31.8,30.75,204801.0,641200000.0,664.43,664.34,17.84,1.96,0.97,10018500,10461500.0,2026-05-22,16:14:29
600428,中远海特,7.87,7.87,7.97,7.97,7.75,295922.0,231810000.0,215.95,168.94,11.73,1.26,1.38,14215900,15376400.0,2026-05-22,16:14:03
600429,三元股份,5.07,5.12,5.13,5.18,4.99,122345.0,61640000.0,76.16,75.93,-35.75,1.58,0.82,5669500,6565000.0,2026-05-22,16:14:02
600433,冠豪高新,4.32,4.25,4.28,4.35,4.18,615748.0,262120000.0,75.61,75.61,-60.86,1.71,3.52,30314300,31260500.0,2026-05-22,16:14:24
600435,北方导航,12.72,12.71,12.71,12.85,12.61,162993.0,207780000.0,192.37,192.37,158.14,6.71,1.08,8211600,8087800.0,2026-05-22,16:14:20
600436,片仔癀,124.08,126.11,126.04,126.11,124.0,36728.0,457840000.0,748.6,748.6,39.35,4.92,0.61,1790800,1882000.0,2026-05-22,16:14:21
600438,通威股份,16.1,15.59,15.65,16.1,15.42,504736.0,791190000.0,724.82,724.82,-7.71,2.07,1.12,26382000,24091600.0,2026-05-22,16:14:01
600439,瑞贝卡,2.44,2.45,2.46,2.46,2.41,121755.0,29660000.0,27.62,27.62,-32.71,1.1,1.08,6621100,5554400.0,2026-05-22,16:14:03
600444,国机通用,16.55,15.92,16.06,16.66,15.83,30654.0,49870000.0,24.23,24.23,43.44,3.18,2.09,1560600,1504800.0,2026-05-22,16:14:26
600446,金证股份,13.67,13.81,13.94,13.94,13.39,241793.0,328590000.0,128.67,128.67,-105.37,3.64,2.57,11430900,12748400.0,2026-05-22,16:14:16
600448,华纺股份,3.31,3.2,3.21,3.32,3.15,292733.0,95000000.0,20.85,20.85,-7.21,2.29,4.65,17015300,12258000.0,2026-05-22,16:14:13
600449,宁夏建材,14.86,13.94,13.98,15.28,13.96,177955.0,262790000.0,71.06,71.06,38.2,0.96,3.72,10213900,7581600.0,2026-05-22,16:14:06
600452,涪陵电力,12.68,12.46,12.38,12.77,12.24,577935.0,728120000.0,194.83,194.83,45.13,3.39,3.76,29244400,28549100.0,2026-05-22,16:14:21
600455,博通股份,28.95,28.61,28.62,29.17,28.31,18958.0,54520000.0,18.08,18.08,39.66,5.28,3.04,1030400,865400.0,2026-05-22,16:14:08
600456,宝钛股份,33.13,32.68,32.9,33.27,32.38,79909.0,262420000.0,158.29,158.29,41.8,2.19,1.67,4220400,3770500.0,2026-05-22,16:14:15
600458,时代新材,12.88,12.0,12.05,13.09,11.86,386155.0,486510000.0,119.88,111.05,23.04,1.49,4.48,22655600,15959900.0,2026-05-22,16:14:10
600459,贵研铂业,19.85,19.16,19.3,20.05,19.18,168899.0,332850000.0,163.42,150.8,24.79,1.79,2.22,9344200,7545700.0,2026-05-22,16:15:00
600460,士兰微,32.16,30.94,31.59,32.3,31.12,740638.0,2357920000.0,535.17,535.17,116.64,4.39,4.45,39725500,34338200.0,2026-05-22,16:14:22
600461,洪城环境,10.4,10.24,10.24,10.45,10.23,61234.0,63620000.0,133.55,133.55,11.34,1.31,0.48,3335700,2787600.0,2026-05-22,16:14:11
600462,退市九有,0.21,0.21,0.0,0.0,0.0,0.0,0.0,1.3,1.26,562.17,3.49,0.0,0,0.0,2026-05-22,09:00:00
600463,空港股份,10.32,10.25,10.31,10.39,10.1,36402.0,37310000.0,30.96,30.96,-31.2,3.49,1.21,2133600,1506600.0,2026-05-22,16:14:19
600467,好当家,2.29,2.28,2.28,2.3,2.26,195661.0,44550000.0,33.46,33.46,107.46,0.98,1.34,9773100,9793000.0,2026-05-22,16:14:04
600468,百利电气,6.85,6.71,6.75,6.87,6.67,201032.0,136690000.0,74.51,74.51,90.19,3.65,1.85,11332100,8771100.0,2026-05-22,16:14:08
600469,风神股份,6.17,6.14,6.16,6.23,6.06,68996.0,42580000.0,54.92,45.01,21.26,1.18,0.95,3907300,2992300.0,2026-05-22,16:14:12
600470,六国化工,5.85,5.69,5.71,5.91,5.66,170883.0,99160000.0,30.51,30.51,-6.36,2.0,3.28,10082000,7006300.0,2026-05-22,16:14:17
600475,华光环能,19.12,19.23,19.31,19.5,18.72,193026.0,370060000.0,182.78,180.28,48.79,2.11,2.05,8653900,10648700.0,2026-05-22,16:14:26
600476,*ST湘邮,12.05,11.91,12.01,12.18,11.6,26295.0,31220000.0,19.41,19.41,-4.17,-4.39,1.63,1150000,1479500.0,2026-05-22,16:14:09
600477,杭萧钢构,2.83,2.82,2.82,2.85,2.79,250834.0,70750000.0,66.76,66.76,75.11,1.34,1.06,11864500,13218900.0,2026-05-22,16:14:04
600478,科力远,6.56,6.55,6.55,6.61,6.48,279065.0,182500000.0,109.26,109.26,76.85,3.73,1.68,12833700,15072900.0,2026-05-22,16:14:06
600479,千金药业,10.19,10.12,10.15,10.3,10.1,40568.0,41260000.0,50.16,42.65,16.28,1.62,0.97,1805000,2251800.0,2026-05-22,16:14:15
600480,凌云股份,11.88,11.53,11.6,12.12,11.38,472574.0,553580000.0,145.2,144.09,18.78,1.76,3.9,23438000,23819400.0,2026-05-22,16:14:25
600481,双良节能,7.65,7.8,7.52,7.82,7.5,2550251.0,1942500000.0,157.91,157.91,-11.71,3.64,12.35,112943600,142081500.0,2026-05-22,16:14:11
600482,中国动力,35.83,35.17,35.75,35.95,34.87,261710.0,926340000.0,812.71,812.71,54.42,1.99,1.15,12907600,13263500.0,2026-05-22,16:14:15
600483,福能股份,10.75,10.54,10.55,10.78,10.4,279877.0,297550000.0,298.87,298.87,10.47,1.07,1.01,15142100,12845600.0,2026-05-22,16:14:18
600486,扬农化工,61.07,60.91,61.1,61.69,60.41,41247.0,251680000.0,247.53,246.72,19.68,2.09,1.02,2173300,1951300.0,2026-05-22,16:14:01
600487,亨通光电,73.05,69.9,70.66,73.3,69.69,1319919.0,9418530000.0,1801.7,1786.2,55.8,5.56,5.4,73677300,58314700.0,2026-05-22,16:14:24
600488,津药药业,5.42,5.66,5.64,5.68,5.35,1076617.0,584390000.0,59.18,59.18,224.12,1.94,9.86,46908100,60753600.0,2026-05-22,16:14:02
600489,中金黄金,23.29,22.78,22.9,23.43,22.62,493707.0,1139310000.0,1128.94,1128.94,17.99,3.44,1.02,23776900,25593800.0,2026-05-22,16:14:17
600490,鹏欣资源,8.13,7.51,7.59,8.19,7.48,778219.0,617790000.0,179.91,162.0,78.9,2.83,3.91,42761300,35060600.0,2026-05-22,16:14:16
600491,ST龙元,1.33,1.32,1.29,1.34,1.26,485371.0,63310000.0,20.35,20.35,-0.7,0.29,3.17,25829900,22707200.0,2026-05-22,16:14:18
600493,凤竹纺织,7.18,6.87,7.01,7.19,6.81,64180.0,45060000.0,19.53,19.53,318.48,1.75,2.36,3145600,3272400.0,2026-05-22,16:14:18
600495,晋西车轴,4.08,4.05,4.05,4.09,4.04,70376.0,28580000.0,49.29,49.29,230.59,1.5,0.58,2977900,4059800.0,2026-05-22,16:14:21
600496,精工钢构,4.05,4.08,4.11,4.15,4.03,470117.0,191770000.0,80.6,80.6,12.75,0.86,2.36,18524200,28487500.0,2026-05-22,16:14:13
600497,驰宏锌锗,10.16,9.24,9.24,10.16,9.24,2638567.0,2574760000.0,512.1,512.1,42.58,2.98,5.23,140780500,123076200.0,2026-05-22,16:14:20
600498,烽火通信,55.15,54.04,54.5,56.16,54.1,748339.0,4115870000.0,749.03,701.3,178.75,4.26,5.88,40912000,33921800.0,2026-05-22,16:14:04
600499,科达制造,16.9,16.74,16.93,17.09,16.64,208604.0,352020000.0,324.12,324.12,20.93,2.46,1.09,10246700,10613700.0,2026-05-22,16:14:02
600500,中化国际,6.31,5.93,5.95,6.49,5.88,1549836.0,962060000.0,226.42,226.42,-11.08,2.23,4.32,87590600,67393000.0,2026-05-22,16:14:14
600501,航天晨光,20.7,21.18,21.35,21.39,20.3,94032.0,194750000.0,88.56,88.56,-43.11,6.06,2.2,5026100,4377100.0,2026-05-22,16:14:26
600502,安徽建工,5.09,5.04,5.05,5.13,5.01,205941.0,104380000.0,87.37,87.37,5.64,0.72,1.2,11555800,9038400.0,2026-05-22,16:14:04
600503,华丽家族,2.6,2.36,2.36,2.6,2.36,521165.0,132470000.0,41.66,41.66,-52.15,1.21,3.25,22420500,29696000.0,2026-05-22,16:15:00
600505,西昌电力,12.41,12.48,12.48,12.62,12.3,73961.0,91850000.0,45.24,45.24,330.95,3.69,2.03,3337900,4058300.0,2026-05-22,16:14:20
600506,统一股份,18.3,17.91,17.9,18.55,17.88,164951.0,300760000.0,45.68,45.68,131.31,9.14,6.61,8635300,7859900.0,2026-05-22,16:14:21
600507,方大特钢,4.72,4.73,4.74,4.8,4.66,237806.0,112060000.0,109.18,109.18,13.65,1.06,1.03,10113800,13666700.0,2026-05-22,16:14:01
600508,上海能源,12.88,12.96,12.91,13.06,12.7,61527.0,79120000.0,93.09,93.09,49.04,0.73,0.85,2591300,3561400.0,2026-05-22,16:14:01
600509,天富能源,9.64,9.06,9.29,9.75,9.27,1031728.0,986930000.0,132.49,132.49,58.97,1.7,7.51,55383900,47788900.0,2026-05-22,16:14:07
600510,黑牡丹,8.98,9.02,9.07,9.17,8.7,203897.0,182580000.0,92.68,92.68,109.71,0.88,1.98,9721500,10668200.0,2026-05-22,16:14:02
600511,国药股份,27.07,27.09,27.17,27.28,27.0,25821.0,70020000.0,204.24,149.79,10.15,1.07,0.47,1211800,1370300.0,2026-05-22,16:14:16
600512,腾达建设,2.26,2.23,2.24,2.26,2.22,186669.0,41830000.0,36.02,35.88,305.96,0.58,1.18,9704000,8962900.0,2026-05-22,16:14:15
600513,联环药业,18.93,19.26,19.26,19.59,18.69,107997.0,204110000.0,54.04,54.04,-47.0,4.23,3.78,5164700,5635000.0,2026-05-22,16:14:23
600515,海南机场,3.22,3.23,3.25,3.25,3.18,774676.0,248450000.0,367.89,295.47,159.52,1.52,0.84,35911900,41555700.0,2026-05-22,16:14:27
600516,方大炭素,5.15,5.05,5.06,5.2,5.04,494178.0,252520000.0,207.34,207.34,218.34,1.27,1.23,25376100,24041800.0,2026-05-22,16:14:04
600517,国网英大,5.54,5.53,5.54,5.58,5.48,242260.0,133820000.0,316.8,316.8,13.68,1.32,0.42,11984800,12241200.0,2026-05-22,16:14:10
600518,康美药业,1.56,1.52,1.52,1.59,1.5,2795072.0,431130000.0,215.73,215.63,-1463.41,2.97,2.02,165960500,113546600.0,2026-05-22,16:14:22
600519,贵州茅台,1290.2,1311.0,1310.95,1311.91,1290.12,49157.0,6372390000.0,16156.79,16156.79,19.53,5.96,0.39,1957200,2958500.0,2026-05-22,16:14:17
600520,三佳科技,30.43,30.1,30.1,31.02,30.1,106822.0,325890000.0,48.21,48.21,359.82,12.25,6.74,5099600,5582600.0,2026-05-22,16:14:11
600521,华海药业,16.42,17.02,17.3,17.37,16.34,393751.0,651940000.0,245.85,245.85,65.88,2.56,2.63,14807700,24567500.0,2026-05-22,16:14:06
600522,中天科技,43.82,41.9,42.69,43.88,42.48,2264915.0,9819710000.0,1495.55,1495.55,46.83,3.93,6.64,124185800,102305700.0,2026-05-22,16:14:20
600523,贵航股份,12.83,12.69,12.79,12.99,12.61,51431.0,65930000.0,51.87,51.84,26.42,1.6,1.27,3037200,2105900.0,2026-05-22,16:15:00
600525,ST长园,5.55,5.45,5.4,5.6,5.4,115010.0,63740000.0,73.19,73.19,-7.05,2.6,0.87,6131200,5369800.0,2026-05-22,16:14:24
600526,菲达环保,5.0,4.96,4.99,5.03,4.93,57252.0,28520000.0,44.44,43.65,14.36,0.96,0.66,2638900,3086300.0,2026-05-22,16:14:24
600527,江南高纤,2.71,2.63,2.63,2.72,2.58,846379.0,226140000.0,46.93,46.93,214.35,2.26,4.89,47583600,37054300.0,2026-05-22,16:14:09
600528,中铁工业,7.48,7.51,7.5,7.56,7.46,124226.0,93100000.0,166.17,166.17,12.15,0.65,0.56,5329900,7092700.0,2026-05-22,16:14:24
600529,山东药玻,18.58,17.68,17.52,18.76,17.4,191032.0,348590000.0,123.3,123.3,18.48,1.49,2.88,12418500,6684600.0,2026-05-22,16:14:14
600530,交大昂立,7.52,6.84,6.85,7.52,6.85,342168.0,254060000.0,58.27,58.27,1431.71,18.54,4.42,10277600,23939200.0,2026-05-22,16:14:05
600531,豫光金铅,13.92,13.23,13.35,14.13,13.15,508640.0,697590000.0,168.33,168.33,18.58,2.37,4.21,29310400,21553600.0,2026-05-22,16:14:04
600533,栖霞建设,2.35,2.26,2.29,2.38,2.24,209808.0,48560000.0,24.68,24.68,-1.3,1.86,2.0,11747800,9233000.0,2026-05-22,16:14:26
600535,天士力,14.19,14.38,14.36,14.48,14.19,86704.0,124010000.0,211.99,211.99,18.26,1.66,0.58,3394100,5276400.0,2026-05-22,16:14:10
600536,中国软件,38.3,38.57,38.8,38.93,37.8,143410.0,548960000.0,357.64,323.12,-1036.49,10.17,1.7,6998300,7342700.0,2026-05-22,16:14:29
600537,*ST亿晶,3.15,3.15,3.14,3.22,3.14,263540.0,83420000.0,37.29,37.29,-6.9,-25.66,2.23,10472200,15881900.0,2026-05-22,16:14:12
600538,国发股份,6.96,6.82,6.84,7.06,6.65,220296.0,151980000.0,36.48,36.48,-37.11,5.36,4.2,11915000,10114600.0,2026-05-22,16:14:09
600539,狮头股份,14.85,13.5,13.71,14.85,13.62,114047.0,164280000.0,34.16,34.16,-155.94,11.37,4.96,4925400,6479300.0,2026-05-22,16:14:21
600540,新赛股份,5.05,4.95,5.0,5.08,4.85,205524.0,102360000.0,29.36,29.36,-24.73,7.63,3.54,11299000,9253400.0,2026-05-22,16:15:00
600543,*ST莫高,4.85,4.79,4.82,4.88,4.7,27481.0,13250000.0,15.57,15.57,-14.65,2.25,0.86,989300,1758800.0,2026-05-22,16:14:28
600545,卓郎智能,6.38,5.8,5.9,6.38,5.88,1037913.0,644460000.0,114.07,114.07,-20.81,4.35,5.81,41607800,62183500.0,2026-05-22,16:14:24
600546,山煤国际,13.09,13.35,13.39,13.42,13.01,176813.0,232440000.0,259.5,259.5,19.37,1.55,0.89,9314000,8367300.0,2026-05-22,16:14:11
600547,山东黄金,30.05,29.6,29.74,30.27,29.5,437245.0,1307600000.0,1385.28,1086.14,26.85,4.33,1.21,20813600,22910900.0,2026-05-22,16:14:19
600548,深高速,8.79,8.82,8.82,8.85,8.72,20112.0,17640000.0,223.08,150.7,18.89,0.95,0.12,1045100,966100.0,2026-05-22,16:14:11
600549,厦门钨业,52.04,50.16,50.19,52.56,50.19,509807.0,2635560000.0,826.18,808.67,27.24,4.51,3.28,28287200,22693500.0,2026-05-22,16:14:26
600550,保变电气,14.14,14.2,14.21,14.33,14.08,367702.0,521170000.0,260.39,260.39,114.07,29.18,2.0,15701100,21069100.0,2026-05-22,16:14:23
600551,时代出版,7.55,7.86,7.68,7.69,7.37,106997.0,80910000.0,51.19,51.19,12.77,0.86,1.58,5481400,5218300.0,2026-05-22,16:14:03
600552,凯盛科技,18.55,18.3,18.41,18.95,17.63,990425.0,1812180000.0,175.22,175.22,132.01,4.06,10.49,51890800,47151700.0,2026-05-22,16:14:18
600556,天下秀,5.44,5.58,5.63,5.65,5.4,493239.0,269670000.0,98.34,98.34,473.76,2.57,2.73,22070500,27253400.0,2026-05-22,16:14:24
600557,康缘药业,12.18,12.43,12.44,12.5,12.08,71734.0,87600000.0,68.96,68.96,23.0,1.41,1.27,2624200,4549200.0,2026-05-22,16:14:25
600558,大西洋,5.59,5.47,5.47,5.6,5.44,107877.0,59770000.0,50.18,50.18,25.48,2.02,1.2,6141200,4646500.0,2026-05-22,16:14:05
600559,老白干酒,12.9,13.4,13.33,13.37,12.9,154908.0,201980000.0,118.0,117.33,26.65,2.15,1.7,5240000,10250800.0,2026-05-22,16:14:11
600560,金自天正,14.31,14.26,14.26,14.47,13.81,43579.0,61780000.0,32.0,32.0,63.33,3.24,1.95,2358300,1999600.0,2026-05-22,16:14:20
600561,江西长运,6.79,6.57,6.61,6.81,6.45,53903.0,35910000.0,19.32,19.32,133.68,2.12,1.89,3038500,2351800.0,2026-05-22,16:14:13
600562,国睿科技,24.65,24.93,24.98,25.25,24.53,83926.0,207770000.0,306.12,306.12,48.56,4.55,0.68,3604400,4788100.0,2026-05-22,16:14:06
600563,法拉电子,174.2,158.36,160.0,174.2,160.0,170911.0,2884840000.0,391.95,391.95,32.78,6.22,7.6,8017600,9073500.0,2026-05-22,16:14:25
600566,济川药业,28.0,28.6,28.61,28.61,27.86,45976.0,129490000.0,258.07,257.19,14.85,1.72,0.5,2613000,1984600.0,2026-05-22,16:14:26
600567,山鹰国际,1.37,1.32,1.33,1.38,1.32,939776.0,126720000.0,86.41,86.41,-5.19,0.58,1.49,63045100,30932500.0,2026-05-22,16:14:24
600568,ST中珠,2.52,2.52,2.55,2.56,2.5,90272.0,22730000.0,50.22,42.06,-43.12,3.11,0.54,3527300,5500000.0,2026-05-22,16:14:01
600569,安阳钢铁,1.91,1.85,1.85,1.91,1.83,241212.0,45340000.0,54.86,54.86,-4.56,3.76,0.84,15938200,8183000.0,2026-05-22,16:14:05
600570,恒生电子,25.83,26.17,26.26,26.43,25.55,333789.0,861020000.0,489.13,489.13,36.54,4.9,1.76,13759900,19619000.0,2026-05-22,16:14:08
600571,信雅达,11.91,12.16,12.17,12.26,11.76,108152.0,129110000.0,55.54,54.52,157.9,4.8,2.36,5700400,5114800.0,2026-05-22,16:14:14
600572,康恩贝,4.17,4.17,4.17,4.19,4.15,273982.0,114190000.0,105.79,105.51,21.88,1.46,1.08,10466800,16931400.0,2026-05-22,16:14:18
600573,惠泉啤酒,12.29,12.4,12.58,12.65,12.19,87718.0,108140000.0,30.73,30.73,37.52,2.25,3.51,4368100,4403700.0,2026-05-22,16:14:08
600575,淮河能源,3.99,3.76,3.76,4.08,3.73,1744226.0,687020000.0,285.96,155.06,18.38,1.28,4.49,95432600,78990000.0,2026-05-22,16:15:00
600576,祥源文旅,5.86,5.77,5.79,5.89,5.76,95244.0,55430000.0,61.8,38.7,60.15,2.39,1.44,5160800,4363600.0,2026-05-22,16:14:09
600577,精达股份,14.87,14.19,14.39,15.06,14.26,947860.0,1384330000.0,319.87,319.87,52.39,5.24,4.41,51907700,42878300.0,2026-05-22,16:14:27
600578,京能电力,8.22,8.18,7.92,8.9,7.64,5276192.0,4408790000.0,550.3,550.3,15.52,2.18,7.88,262721500,264897700.0,2026-05-22,16:14:07
600579,中化装备,7.09,6.85,6.92,7.14,6.82,66878.0,46870000.0,35.0,35.0,-27.1,2.31,1.35,3433500,3254300.0,2026-05-22,16:14:23
600580,卧龙电驱,41.09,40.66,40.8,41.27,40.11,589651.0,2408560000.0,641.87,640.03,56.6,5.9,3.79,27060400,31904700.0,2026-05-22,16:14:16
600581,*ST八钢,2.65,2.64,2.63,2.65,2.6,101529.0,26660000.0,40.62,40.62,-2.21,-1.93,0.66,4351000,5801900.0,2026-05-22,16:14:09
600582,天地科技,5.38,5.4,5.4,5.43,5.36,141178.0,76160000.0,222.66,222.66,15.43,0.85,0.34,5935100,8182700.0,2026-05-22,16:14:24
600583,海油工程,6.02,5.98,5.98,6.04,5.93,314081.0,188170000.0,266.17,266.17,13.43,0.92,0.71,17530000,13878100.0,2026-05-22,16:14:07
600584,长电科技,72.88,66.84,67.05,73.14,63.95,2869279.0,19820620000.0,1304.13,1304.13,78.94,4.53,16.03,147787900,139140000.0,2026-05-22,16:14:24
600585,海螺水泥,19.68,19.71,19.75,19.86,19.56,165377.0,325660000.0,1042.9,787.14,13.42,0.54,0.41,7698800,8838900.0,2026-05-22,16:14:22
600586,金晶科技,5.46,5.46,5.5,5.55,5.28,616812.0,334160000.0,77.39,77.39,-10.33,1.54,4.35,28884000,32797200.0,2026-05-22,16:15:00
600587,新华医疗,13.19,13.33,13.3,13.33,13.15,50286.0,66550000.0,80.02,80.02,16.33,1.02,0.83,2122500,2906100.0,2026-05-22,16:14:04
600588,用友网络,10.87,10.85,10.9,10.95,10.6,475315.0,512890000.0,371.43,371.43,-26.99,5.39,1.39,22287900,25243600.0,2026-05-22,16:14:01
600589,大位科技,12.88,12.42,12.62,12.99,12.22,1913885.0,2422160000.0,191.23,190.43,-187.29,30.79,12.95,96672800,94715700.0,2026-05-22,16:14:12
600590,泰豪科技,14.21,13.86,13.94,14.36,13.77,311476.0,439540000.0,121.19,119.87,161.3,3.73,3.69,16235100,14912500.0,2026-05-22,16:14:29
600592,龙溪股份,19.33,19.31,19.31,19.49,19.0,84977.0,163450000.0,77.23,77.23,55.77,2.99,2.13,4023400,4474300.0,2026-05-22,16:14:06
600593,大连圣亚,34.49,34.73,35.0,35.25,34.1,25625.0,88390000.0,44.99,44.42,88.03,21.52,1.99,1179700,1382800.0,2026-05-22,16:14:08
600594,益佰制药,3.72,3.67,3.66,3.75,3.65,216653.0,79960000.0,29.46,29.46,-8.42,1.36,2.74,11462300,10203000.0,2026-05-22,16:14:11
600595,中孚实业,7.4,7.09,7.17,7.48,7.05,711337.0,521950000.0,296.58,296.58,13.43,1.65,1.77,41552100,29581500.0,2026-05-22,16:14:09
600596,新安股份,13.26,12.05,12.19,13.26,12.08,775186.0,1005440000.0,178.96,178.96,85.22,1.43,5.74,39488400,38030200.0,2026-05-22,16:14:23
600597,光明乳业,6.99,7.08,7.11,7.11,6.98,77956.0,54720000.0,96.36,96.35,-43.09,1.05,0.57,3047700,4747900.0,2026-05-22,16:14:01
600598,北大荒,15.15,15.31,15.32,15.39,15.07,216450.0,327860000.0,269.32,269.32,22.29,3.14,1.22,8559800,13085200.0,2026-05-22,16:14:13
600599,*ST熊猫,3.95,3.95,0.0,0.0,0.0,0.0,0.0,6.56,6.56,42.01,5.24,0.0,0,0.0,2026-05-22,16:14:03
600600,青岛啤酒,60.83,61.21,61.21,61.23,60.68,41301.0,251150000.0,829.84,431.36,17.74,2.56,0.58,1662900,2467200.0,2026-05-22,16:14:14
600601,方正科技,12.79,11.63,11.9,12.79,11.9,3422879.0,4282240000.0,546.61,533.38,87.41,11.2,8.21,189815100,152472700.0,2026-05-22,16:14:11
600602,云赛智联,21.26,21.02,21.12,21.36,20.88,272548.0,577110000.0,290.77,228.4,148.23,5.91,2.54,13167700,14087200.0,2026-05-22,16:14:06
600603,广汇物流,5.32,5.27,5.24,5.39,5.19,85007.0,44970000.0,62.56,62.56,35.62,0.86,0.72,4546100,3954700.0,2026-05-22,16:14:27
600604,市北高新,5.29,5.79,5.22,5.5,5.21,1161563.0,614700000.0,99.1,74.45,-28.12,1.65,8.25,44662500,71493800.0,2026-05-22,16:15:00
600605,汇通能源,32.21,31.47,31.47,32.32,30.96,47049.0,148500000.0,66.44,66.44,286.33,4.68,2.28,2797200,1907700.0,2026-05-22,16:14:04
600606,绿地控股,1.41,1.4,1.4,1.42,1.38,840371.0,117540000.0,198.16,198.16,-0.77,0.51,0.6,45217900,38819100.0,2026-05-22,16:14:14
600608,*ST沪科,2.07,2.07,0.0,0.0,0.0,0.0,0.0,6.81,6.59,1568.37,16.52,0.0,0,0.0,2026-05-22,16:14:23
600609,金杯汽车,3.76,3.79,3.79,3.81,3.71,177195.0,66420000.0,49.05,49.05,23.34,2.9,1.36,7897000,9822500.0,2026-05-22,16:14:23
600610,中毅达,8.69,8.65,8.65,8.76,8.51,189026.0,163250000.0,93.09,61.59,167.9,66.95,2.67,9306900,9595700.0,2026-05-22,16:14:24
600611,大众交通,6.13,5.57,6.13,6.13,6.13,584626.0,358380000.0,144.92,95.83,-250.94,1.51,3.74,2886300,55576300.0,2026-05-22,16:14:28
600612,老凤祥,36.75,36.99,36.99,37.3,36.67,8923.0,32940000.0,192.25,116.54,11.38,1.4,0.28,389600,502700.0,2026-05-22,16:14:24
600613,神奇制药,5.43,5.33,5.41,5.49,5.33,53793.0,29090000.0,29.0,26.03,80.26,1.25,1.12,3028000,2351300.0,2026-05-22,16:14:06
600615,鑫源智造,12.04,12.2,12.18,12.35,11.88,92762.0,111540000.0,27.17,27.12,-195.5,3.76,4.12,4392000,4884100.0,2026-05-22,16:14:27
600616,金枫酒业,4.65,4.66,4.66,4.71,4.59,60125.0,27840000.0,31.11,31.11,7562.94,1.61,0.9,2414600,3597900.0,2026-05-22,16:14:10
600617,国新能源,3.6,3.53,3.54,3.63,3.46,402570.0,144090000.0,69.45,63.92,-25.23,2.17,2.27,20529500,19727500.0,2026-05-22,16:14:17
600618,氯碱化工,11.31,11.18,11.19,11.36,11.1,82165.0,92420000.0,130.79,84.81,15.63,1.37,1.1,4991800,3224700.0,2026-05-22,16:15:00
600619,海立股份,18.51,18.48,18.5,18.98,18.1,435244.0,807930000.0,198.68,146.08,154.02,3.22,5.52,19576300,23948100.0,2026-05-22,16:14:08
600620,天宸股份,5.11,5.03,5.12,5.18,5.0,64096.0,32650000.0,35.09,35.09,574.93,2.46,0.93,3379500,3030100.0,2026-05-22,16:14:16
600621,华鑫股份,13.67,13.93,13.98,14.05,13.64,139884.0,191960000.0,145.02,145.02,22.19,1.55,1.32,5359900,8628500.0,2026-05-22,16:14:13
600622,光大嘉宝,2.5,2.48,2.48,2.51,2.46,143807.0,35730000.0,37.49,37.49,-2.71,1.88,0.96,7249200,7131500.0,2026-05-22,16:14:19
600623,华谊集团,9.54,9.45,9.43,9.65,9.35,214263.0,203740000.0,202.52,178.97,35.83,0.9,1.14,10749800,10676500.0,2026-05-22,16:14:27
600624,ST复华,4.56,4.55,4.59,4.6,4.53,36072.0,16460000.0,30.98,30.98,-15.46,7.29,0.53,1802700,1804500.0,2026-05-22,16:14:10
600626,申达股份,4.11,4.17,4.22,4.28,4.03,303616.0,124560000.0,54.28,45.54,122.19,1.69,2.74,13858200,16503400.0,2026-05-22,16:14:22
600628,新世界,6.48,6.43,6.44,6.5,6.39,52205.0,33660000.0,41.92,41.92,58.22,0.99,0.81,2646600,2573900.0,2026-05-22,16:14:11
600629,华建集团,19.81,19.59,19.75,20.02,19.63,127163.0,251940000.0,192.22,189.81,1236.39,3.65,1.33,5433800,7282500.0,2026-05-22,16:14:19
600630,龙头股份,8.06,7.77,7.83,8.09,7.7,100987.0,80430000.0,34.24,34.24,63.83,4.21,2.38,6546800,3551900.0,2026-05-22,16:14:04
600633,浙数文化,12.86,12.7,12.75,12.91,12.73,210946.0,270240000.0,163.07,163.07,27.69,1.57,1.66,9205600,11889000.0,2026-05-22,16:14:01
600635,大众公用,5.64,5.46,5.53,5.67,5.49,1066472.0,599080000.0,166.52,136.42,61.25,1.87,4.41,59220600,47426700.0,2026-05-22,16:14:29
600636,*ST国化,4.51,4.51,0.0,0.0,0.0,0.0,0.0,19.78,19.78,-7.51,1.13,0.0,0,0.0,2026-05-22,16:14:08
600637,东方明珠,10.4,10.39,10.45,10.48,10.25,713890.0,740850000.0,349.64,349.64,62.63,1.17,2.12,31241000,40148000.0,2026-05-22,16:14:02
600638,新黄浦,5.8,5.72,5.78,5.85,5.67,81523.0,46930000.0,39.06,39.06,30.43,0.84,1.21,4211800,3940600.0,2026-05-22,16:14:15
600639,浦东金桥,9.95,9.95,10.0,10.02,9.94,41563.0,41460000.0,111.68,84.6,10.71,0.74,0.49,1993800,2162500.0,2026-05-22,16:14:16
600640,国脉文化,12.34,12.85,12.88,12.96,12.03,239500.0,296170000.0,98.19,98.19,416.48,2.47,3.01,10026900,13923100.0,2026-05-22,16:14:12
600641,先导基电,27.93,26.66,26.8,28.3,26.8,642267.0,1769650000.0,264.46,259.92,-214.99,3.19,6.9,35751800,28474900.0,2026-05-22,16:14:25
600642,申能股份,9.43,9.51,9.54,9.62,9.38,227165.0,214800000.0,461.51,461.49,12.18,1.21,0.46,10442800,12273700.0,2026-05-22,16:14:15
600643,爱建集团,4.56,4.64,4.68,4.7,4.51,194156.0,88740000.0,72.65,72.52,-3.62,0.74,1.22,7898600,11517000.0,2026-05-22,16:14:16
600644,乐山电力,11.17,11.25,11.33,11.35,11.05,131198.0,146350000.0,64.6,60.14,283.92,3.12,2.44,5674700,7445100.0,2026-05-22,16:14:07
600645,中源协和,20.93,21.14,21.25,21.35,20.64,102657.0,214850000.0,97.94,97.9,89.0,2.63,2.19,5333500,4932200.0,2026-05-22,16:14:08
600648,外高桥,9.81,9.79,9.74,9.99,9.74,15795.0,15500000.0,133.41,111.62,14.67,0.84,0.14,667200,912300.0,2026-05-22,16:14:00
600649,城投控股,3.83,3.85,3.88,3.89,3.81,147553.0,56840000.0,95.92,95.92,35.14,0.46,0.59,7523200,7232200.0,2026-05-22,16:14:13
600650,锦江在线,12.91,12.82,13.3,13.84,12.82,139810.0,184410000.0,71.21,50.42,49.94,1.68,3.58,5983900,7997100.0,2026-05-22,16:14:22
600651,飞乐音响,7.0,6.83,6.84,7.05,6.84,196425.0,136510000.0,175.49,175.49,291.75,6.96,0.78,10050700,9591800.0,2026-05-22,16:14:20
600653,申华控股,1.71,1.69,1.69,1.73,1.69,174831.0,29790000.0,33.28,33.28,-17.65,5.32,0.9,10041200,7441900.0,2026-05-22,16:14:07
600654,中安科,3.58,3.55,3.59,3.61,3.52,785026.0,279650000.0,103.02,82.96,141.61,6.11,3.39,40248300,38254300.0,2026-05-22,16:14:04
600655,豫园股份,4.57,4.53,4.55,4.62,4.52,108042.0,49300000.0,177.83,177.77,-3.71,0.59,0.28,6133300,4670800.0,2026-05-22,16:14:02
600657,信达地产,2.8,2.78,2.79,2.85,2.76,201496.0,56310000.0,79.85,79.85,-0.98,0.52,0.71,10301300,9848300.0,2026-05-22,16:14:04
600658,电子城,5.09,4.94,4.99,5.12,4.96,177716.0,89680000.0,56.94,56.94,-3.0,1.41,1.59,10602200,7169400.0,2026-05-22,16:14:12
600660,福耀玻璃,55.27,54.34,54.6,55.45,53.8,173428.0,948720000.0,1442.41,1107.05,16.04,4.01,0.87,9458300,7884500.0,2026-05-22,16:14:15
600661,昂立教育,8.98,8.97,9.04,9.07,8.7,51119.0,45570000.0,25.73,25.73,26.3,10.1,1.78,2631800,2480100.0,2026-05-22,16:14:02
600662,外服控股,4.61,4.6,4.63,4.65,4.56,98485.0,45360000.0,105.27,104.95,15.53,1.94,0.43,4794000,5054500.0,2026-05-22,16:14:21
600663,陆家嘴,7.05,7.11,7.13,7.15,7.02,123982.0,87630000.0,354.98,222.48,44.69,1.41,0.39,5794100,6604100.0,2026-05-22,16:14:11
600664,哈药股份,3.38,3.35,3.35,3.4,3.32,440976.0,148390000.0,85.13,85.13,27.48,1.45,1.75,22397700,21699900.0,2026-05-22,16:14:17
600665,天地源,3.38,3.15,3.18,3.47,3.14,282544.0,94540000.0,29.21,29.21,-2.09,2.06,3.27,15643900,12610500.0,2026-05-22,16:14:26
600666,奥瑞德,5.34,5.21,5.21,5.36,5.06,1607747.0,848260000.0,146.93,133.62,104.92,13.4,6.43,86588400,74186300.0,2026-05-22,16:15:00
600667,太极实业,12.61,12.42,12.63,12.85,12.14,2275339.0,2841190000.0,263.74,263.74,57.42,3.02,10.88,109602200,117931600.0,2026-05-22,16:14:16
600668,尖峰集团,8.45,8.4,8.42,8.5,8.28,44643.0,37520000.0,34.89,34.89,-18.49,0.64,1.08,2136800,2327500.0,2026-05-22,16:14:25
600671,天目药业,18.92,18.86,18.85,19.4,18.6,17221.0,32630000.0,23.04,23.03,140.97,31.21,1.41,873500,848600.0,2026-05-22,16:14:02
600673,东阳光,38.78,36.18,36.53,39.02,35.98,1101723.0,4188710000.0,1167.11,1164.0,1000.06,11.75,3.67,68294400,41877900.0,2026-05-22,16:14:08
600674,川投能源,14.86,14.8,14.8,14.94,14.58,261352.0,385810000.0,724.37,724.37,15.32,1.56,0.54,12062200,14073000.0,2026-05-22,16:14:11
600675,中华企业,2.44,2.46,2.45,2.46,2.43,156709.0,38280000.0,147.53,147.53,-34.01,1.03,0.26,6434800,9236100.0,2026-05-22,16:14:06
600676,交运股份,7.09,7.23,7.16,7.25,6.89,215963.0,151680000.0,72.92,72.92,-21.6,1.53,2.1,9940500,11655800.0,2026-05-22,16:14:29
600678,ST金顶,6.39,6.7,6.38,6.61,6.37,420507.0,270370000.0,22.3,22.3,-249.31,8.65,12.05,18128200,23922500.0,2026-05-22,16:14:24
600679,上海凤凰,10.24,10.24,10.26,10.34,10.1,28366.0,28940000.0,52.77,35.19,59.87,2.48,0.83,1670200,1166400.0,2026-05-22,16:14:09
600681,百川能源,3.87,3.85,3.86,3.88,3.83,128764.0,49700000.0,51.89,51.85,21.17,1.41,0.96,6232700,6643700.0,2026-05-22,16:14:03
600682,南京新百,5.81,5.79,5.82,5.86,5.75,102766.0,59650000.0,78.15,67.63,-8.32,0.48,0.88,5604400,4672200.0,2026-05-22,16:14:12
600683,京投发展,15.96,14.51,14.95,15.96,14.37,253119.0,391000000.0,118.23,118.23,-9.89,-9.39,3.42,10614000,14698000.0,2026-05-22,16:14:10
600684,珠江股份,3.76,3.79,3.83,3.85,3.71,204402.0,76920000.0,41.59,32.09,67.06,3.3,2.39,9215500,11224700.0,2026-05-22,16:14:14
600685,中船防务,30.0,29.93,30.21,30.5,29.85,99354.0,298980000.0,424.05,246.43,34.76,2.33,1.21,4331400,5604000.0,2026-05-22,16:14:23
600686,金龙汽车,14.57,14.1,14.26,14.85,14.15,231357.0,335770000.0,104.47,104.47,18.28,2.87,3.23,11932100,11203600.0,2026-05-22,16:14:03
600688,上海石化,2.83,2.79,2.79,2.85,2.75,460463.0,128850000.0,298.36,207.41,-32.16,1.27,0.63,25208300,20838000.0,2026-05-22,16:14:28
600689,上海三毛,12.89,12.55,12.53,13.14,12.47,38589.0,49310000.0,25.91,19.62,222.84,5.47,2.54,2299900,1559000.0,2026-05-22,16:14:28
600690,海尔智家,20.38,20.44,20.45,20.55,20.13,451843.0,918580000.0,1911.16,1274.37,10.21,1.53,0.72,21655200,23529000.0,2026-05-22,16:14:14
600691,潞化科技,2.8,2.76,2.77,2.81,2.71,346481.0,95870000.0,66.53,66.52,-9.06,2.14,1.46,21110300,13537800.0,2026-05-22,16:14:20
600692,亚通股份,7.36,7.26,7.27,7.42,7.16,83647.0,60980000.0,25.89,18.77,96.61,2.66,3.28,4265700,4099000.0,2026-05-22,16:15:00
600693,东百集团,9.5,9.47,9.66,9.66,9.4,266531.0,253880000.0,82.64,82.55,161.43,2.29,3.07,13874600,12778500.0,2026-05-22,16:14:26
600694,大商股份,17.48,17.21,17.29,17.57,17.12,26879.0,46760000.0,60.19,60.19,12.04,0.66,0.78,1480800,1207100.0,2026-05-22,16:14:02
600696,*ST岩石,1.31,1.31,0.0,0.0,0.0,0.0,0.0,4.38,4.38,-1.56,4.39,0.0,0,0.0,2026-05-22,16:14:02
600697,欧亚集团,12.1,11.8,11.87,12.14,11.71,31294.0,37420000.0,19.25,18.8,-37.3,0.86,2.01,1677900,1451500.0,2026-05-22,16:14:05
600698,湖南天雁,7.04,7.1,7.08,7.13,6.96,98234.0,69090000.0,75.23,58.46,-247.91,10.18,1.18,3917400,5906000.0,2026-05-22,16:14:25
600699,均胜电子,30.82,30.18,30.4,31.07,29.73,923850.0,2819930000.0,477.95,417.63,34.2,2.73,6.82,42989100,49396000.0,2026-05-22,16:15:00
600702,舍得酒业,40.41,41.78,41.78,41.8,40.31,52374.0,212480000.0,134.47,134.41,124.01,1.88,1.57,1994100,3243300.0,2026-05-22,16:14:11
600703,三安光电,16.2,15.7,15.99,16.35,15.75,2035898.0,3271790000.0,808.22,808.22,-162.41,2.32,4.08,104139700,99450200.0,2026-05-22,16:14:24
600704,物产中大,4.91,4.87,4.9,4.94,4.85,415283.0,203230000.0,253.9,253.9,7.03,0.6,0.8,21738100,19790200.0,2026-05-22,16:14:26
600705,中航产融,3.47,3.47,0.0,0.0,0.0,0.0,0.0,306.09,305.51,154.05,0.82,0.0,0,0.0,2026-05-22,09:00:00
600706,曲江文旅,8.64,8.66,8.62,8.82,8.53,51130.0,44100000.0,22.04,21.95,-13.19,4.91,2.01,2937500,2175500.0,2026-05-22,16:14:17
600707,彩虹股份,11.1,11.42,10.93,11.43,10.57,2684439.0,2971220000.0,398.31,398.23,693.17,1.83,7.48,140369700,128074300.0,2026-05-22,16:14:18
600708,光明地产,3.38,3.33,3.32,3.4,3.32,231505.0,77780000.0,75.33,75.21,-2.04,1.26,1.04,11960800,11189700.0,2026-05-22,16:14:04
600710,苏美达,12.08,12.07,12.09,12.25,12.01,90437.0,109550000.0,157.86,157.86,11.5,1.84,0.69,4499000,4544700.0,2026-05-22,16:14:22
600711,盛屯矿业,12.45,12.0,12.13,12.54,11.91,780673.0,956900000.0,384.78,384.78,14.3,2.2,2.53,43270500,34796700.0,2026-05-22,16:14:18
600712,南宁百货,5.96,5.94,5.95,6.08,5.89,63370.0,37660000.0,32.46,32.1,-101.53,4.28,1.18,3179600,3157400.0,2026-05-22,16:14:10
600713,南京医药,5.12,5.0,5.18,5.25,5.09,171813.0,88560000.0,67.02,66.04,10.77,0.91,1.33,9022100,8159200.0,2026-05-22,16:14:27
600714,金瑞矿业,29.87,27.15,27.4,29.87,27.39,223966.0,649630000.0,86.08,86.08,606.14,11.43,7.77,10738300,11658300.0,2026-05-22,16:14:23
600715,文投控股,1.91,1.92,1.92,1.93,1.9,205380.0,39210000.0,77.54,54.67,-122.81,7.17,0.72,7503000,13035000.0,2026-05-22,16:14:09
600716,凤凰股份,3.92,3.88,3.92,3.97,3.86,56588.0,22170000.0,36.69,36.69,-8.8,0.82,0.6,3294000,2364800.0,2026-05-22,16:14:03
600717,天津港,4.4,4.37,4.38,4.42,4.33,200688.0,87960000.0,127.34,127.34,12.03,0.62,0.69,10172800,9896000.0,2026-05-22,16:14:29
600718,东软集团,8.61,8.62,8.66,8.71,8.51,129344.0,111300000.0,103.01,103.01,-20.87,1.16,1.08,6371000,6563400.0,2026-05-22,16:14:13
600719,大连热电,8.87,8.06,8.06,8.87,8.04,426280.0,362690000.0,35.89,35.89,-60.2,8.9,10.54,22288000,20340000.0,2026-05-22,16:14:11
600720,中交设计,6.14,6.17,6.18,6.22,6.11,66847.0,41130000.0,140.89,61.96,9.83,0.88,0.66,2919100,3765600.0,2026-05-22,16:14:27
600721,百花医药,7.79,7.68,7.74,7.85,7.55,77830.0,59880000.0,29.96,29.96,112.58,3.78,2.02,4221400,3561600.0,2026-05-22,16:14:17
600722,金牛化工,11.43,11.33,11.32,11.53,11.22,234720.0,267480000.0,77.76,77.76,163.48,6.16,3.45,12720800,10751100.0,2026-05-22,16:14:29
600724,宁波富达,7.38,7.4,7.5,7.53,7.32,74394.0,54910000.0,106.66,106.64,57.51,3.77,0.51,3781000,3658400.0,2026-05-22,16:14:21
600725,云维股份,4.07,3.98,3.98,4.07,3.95,134040.0,53900000.0,50.16,50.16,-133.36,19.55,1.09,7618000,5786000.0,2026-05-22,16:14:06
600726,华电能源,6.29,6.19,6.19,6.34,6.02,1273724.0,793180000.0,497.37,470.2,153.18,9.99,1.7,65557200,61815200.0,2026-05-22,16:14:08
600727,鲁北化工,8.31,7.74,7.87,8.34,7.77,261880.0,212860000.0,43.93,43.93,74.68,1.35,4.95,14931700,11256300.0,2026-05-22,16:14:02
600728,佳都科技,5.25,5.3,5.29,5.33,5.14,356294.0,186610000.0,111.96,111.96,170.19,1.42,1.67,15691000,19938400.0,2026-05-22,16:14:12
600729,重百集团,19.29,19.3,19.38,19.53,19.21,21314.0,41310000.0,84.96,37.13,10.0,1.05,1.11,1035800,1095600.0,2026-05-22,16:14:16
600730,*ST高科,12.35,12.66,12.3,13.04,12.1,355929.0,444310000.0,72.45,72.45,-56.3,4.32,6.07,18356000,17236900.0,2026-05-22,16:14:12
600731,湖南海利,6.01,5.94,5.96,6.05,5.9,60538.0,36160000.0,33.58,32.56,14.49,1.04,1.12,3141500,2912300.0,2026-05-22,16:14:06
600732,爱旭股份,12.71,12.45,12.59,12.76,12.4,303515.0,381240000.0,269.1,266.84,-13.72,5.68,1.45,15643700,14707800.0,2026-05-22,16:14:12
600733,北汽蓝谷,6.58,6.56,6.57,6.61,6.41,591306.0,385840000.0,418.96,321.87,-9.35,6.96,1.21,30121800,29008900.0,2026-05-22,16:14:03
600734,*ST实达,2.22,2.2,2.2,2.26,2.2,547551.0,121800000.0,48.36,48.35,-34.38,21.1,2.51,24304900,30450100.0,2026-05-22,16:14:05
600735,ST新华锦,6.49,6.51,6.47,6.64,6.46,74096.0,48430000.0,27.83,27.61,-21.4,2.61,1.74,3055300,4354300.0,2026-05-22,16:14:22
600736,苏州高新,7.55,7.43,7.49,7.6,7.42,430127.0,323730000.0,86.92,86.92,40.27,1.17,3.74,23053200,19959500.0,2026-05-22,16:14:28
600737,中粮糖业,14.35,14.3,14.3,14.67,14.12,285381.0,408760000.0,306.92,306.92,31.0,2.64,1.33,14189200,14348900.0,2026-05-22,16:14:05
600738,丽尚国潮,4.36,4.32,4.36,4.4,4.28,78186.0,33910000.0,33.19,33.17,19.93,1.54,1.03,3829200,3989400.0,2026-05-22,16:14:12
600739,辽宁成大,11.08,11.19,11.23,11.27,10.98,124592.0,138070000.0,169.49,169.49,18.03,0.58,0.81,5906900,6552300.0,2026-05-22,16:14:05
600740,山西焦化,3.73,3.71,3.73,3.76,3.67,282463.0,104860000.0,95.57,95.57,70.69,0.63,1.1,15831400,12414900.0,2026-05-22,16:14:01
600741,华域汽车,17.04,17.03,17.12,17.15,16.88,187730.0,319090000.0,537.22,537.22,7.49,0.79,0.6,9005000,9768000.0,2026-05-22,16:14:11
600742,富维股份,8.67,8.7,8.7,8.78,8.58,53519.0,46320000.0,64.42,64.42,14.38,0.76,0.72,2158800,3193100.0,2026-05-22,16:14:28
600743,华远控股,2.46,2.44,2.45,2.47,2.42,437725.0,107210000.0,57.71,57.71,-56.83,10.42,1.87,19810700,23961800.0,2026-05-22,16:14:29
600744,华银电力,7.7,7.67,7.64,7.74,7.45,714417.0,546980000.0,156.4,156.4,108.36,12.13,3.52,36729700,34712000.0,2026-05-22,16:14:00
600745,*ST闻泰,16.2,16.8,16.38,16.77,16.0,1042936.0,1707250000.0,201.64,201.64,-2.19,0.88,8.38,47149300,57144400.0,2026-05-22,16:14:07
600746,江苏索普,7.04,6.93,7.02,7.09,6.85,114223.0,79760000.0,82.22,82.22,125.72,1.51,0.98,5788500,5633800.0,2026-05-22,16:14:17
600748,上实发展,4.97,4.89,4.88,5.05,4.82,227061.0,111780000.0,91.67,91.67,-14.03,0.89,1.23,11191100,11515000.0,2026-05-22,16:14:29
600749,西藏旅游,15.31,15.41,15.38,15.57,15.28,68738.0,105620000.0,34.75,34.75,280.27,3.34,3.03,3529900,3343900.0,2026-05-22,16:14:03
600750,华润江中,22.82,22.53,22.64,23.0,22.18,68302.0,154440000.0,145.05,143.47,15.94,3.36,1.09,3180200,3650000.0,2026-05-22,16:14:05
600751,海航科技,3.45,3.54,3.55,3.57,3.42,458982.0,158550000.0,100.03,88.78,137.18,1.32,1.78,17469900,28428300.0,2026-05-22,16:14:29
600753,*ST海钦,14.18,14.1,14.05,14.35,14.05,18464.0,26210000.0,32.66,32.66,54.43,37.18,0.8,699500,1146900.0,2026-05-22,16:14:07
600754,锦江酒店,20.89,21.37,21.65,21.66,20.8,136874.0,288260000.0,222.75,189.27,21.7,1.43,1.51,5877400,7810000.0,2026-05-22,16:14:11
600755,厦门国贸,6.04,6.03,6.07,6.07,5.99,119238.0,71870000.0,129.11,128.78,37.77,0.67,0.56,5292300,6631500.0,2026-05-22,16:14:14
600756,浪潮软件,15.33,15.23,15.26,15.46,15.01,70657.0,107600000.0,53.6,49.68,-20.26,2.4,2.18,3380800,3684900.0,2026-05-22,16:14:27
600757,长江传媒,8.05,8.1,8.1,8.13,7.97,79111.0,63600000.0,97.7,97.69,10.3,0.94,0.65,2988000,4923100.0,2026-05-22,16:14:21
600758,辽宁能源,4.66,4.96,4.69,4.84,4.62,1521434.0,713280000.0,61.61,61.55,-12.73,1.15,11.52,63182800,88960600.0,2026-05-22,16:14:15
600759,ST洲际,2.65,2.79,2.65,2.65,2.65,449472.0,119110000.0,109.95,109.81,51.73,1.21,1.08,44447200,500000.0,2026-05-22,16:14:01
600760,中航沈飞,45.44,45.96,45.99,46.26,45.27,160762.0,732740000.0,1288.27,1285.75,39.61,5.42,0.57,6382700,9693500.0,2026-05-22,16:14:12
600761,安徽合力,18.48,18.7,18.83,18.93,18.48,113110.0,211000000.0,164.6,164.6,13.54,1.48,1.27,5334000,5977000.0,2026-05-22,16:14:04
600763,通策医疗,37.0,36.72,36.88,37.21,36.38,62979.0,232110000.0,165.5,165.5,32.77,3.74,1.41,3048900,3249000.0,2026-05-22,16:14:24
600764,中国海防,21.65,21.7,21.7,21.83,21.57,42554.0,92380000.0,153.85,153.85,133.62,1.88,0.6,1987500,2267900.0,2026-05-22,16:14:25
600765,XD中航重,14.97,15.07,15.08,15.18,14.83,165214.0,247210000.0,232.41,232.41,40.85,1.62,1.06,7811100,8710300.0,2026-05-22,16:14:05
600768,宁波富邦,18.08,17.81,17.9,18.38,17.62,46464.0,83760000.0,24.18,24.18,29.67,5.28,3.47,2550900,2095500.0,2026-05-22,16:14:13
600769,祥龙电业,17.6,18.9,17.01,18.42,17.01,594341.0,1039180000.0,66.0,66.0,343.04,52.07,15.85,32256300,27177800.0,2026-05-22,16:14:03
600770,综艺股份,6.77,6.62,6.7,6.8,6.61,580028.0,388260000.0,88.01,88.01,67.33,2.59,4.46,30096000,27906800.0,2026-05-22,16:14:12
600771,广誉远,15.17,15.12,15.2,15.2,14.95,45906.0,69320000.0,74.26,74.26,112.17,4.37,0.94,2338200,2252500.0,2026-05-22,16:14:10
600773,西藏城投,20.0,20.0,20.0,20.3,19.65,251931.0,501370000.0,190.32,190.32,-33.31,4.49,2.65,12797900,12395200.0,2026-05-22,16:14:11
600774,汉商集团,8.06,7.92,7.96,8.14,7.86,36472.0,29170000.0,23.78,23.77,-12.99,1.61,1.24,1957100,1690100.0,2026-05-22,16:14:20
600775,南京熊猫,11.9,12.02,12.1,12.15,11.7,195028.0,231520000.0,108.75,79.95,332.78,3.5,2.9,8947900,10554900.0,2026-05-22,16:14:10
600776,东方通信,15.73,15.58,15.66,15.86,15.36,209517.0,327220000.0,197.57,150.38,43.2,5.17,2.19,11366600,9585100.0,2026-05-22,16:15:00
600777,*ST新潮,5.77,5.66,5.66,5.79,5.6,133205.0,76310000.0,392.39,367.33,51.66,1.77,0.21,7230500,6090000.0,2026-05-22,16:14:17
600778,友好集团,6.6,6.45,6.5,6.63,6.42,56956.0,37220000.0,20.56,20.54,149.29,8.13,1.83,2996200,2699400.0,2026-05-22,16:14:07
600779,水井坊,30.36,31.49,31.18,31.39,30.21,41301.0,125760000.0,148.01,148.01,38.28,2.8,0.85,1453600,2676500.0,2026-05-22,16:14:19
600780,通宝能源,7.05,6.85,6.85,7.18,6.77,343788.0,240480000.0,80.83,80.83,12.4,0.94,3.0,18461500,15917300.0,2026-05-22,16:14:21
600782,新钢股份,2.82,2.88,2.89,2.89,2.78,788331.0,222440000.0,89.79,88.71,-12.85,0.35,2.51,28784300,50048700.0,2026-05-22,16:14:05
600783,鲁信创投,24.41,23.79,24.0,24.57,23.55,358079.0,866000000.0,181.7,181.7,108.82,4.13,4.81,16233100,19574800.0,2026-05-22,16:14:26
600784,鲁银投资,7.83,7.95,7.9,8.03,7.66,228297.0,177830000.0,52.9,52.9,36.28,1.59,3.38,10873200,11956500.0,2026-05-22,16:14:21
600785,新华百货,16.52,16.38,16.36,16.72,16.17,67307.0,110900000.0,37.27,37.27,62.62,1.61,2.98,3638100,3092600.0,2026-05-22,16:14:17
600787,中储股份,4.81,4.81,4.82,4.85,4.76,154878.0,74380000.0,104.38,104.38,19.29,0.75,0.71,7811400,7676400.0,2026-05-22,16:14:13
600789,鲁抗医药,8.11,8.11,8.11,8.15,8.07,84501.0,68470000.0,84.76,72.88,97.48,1.64,0.94,3540300,4909800.0,2026-05-22,16:14:08
600790,轻纺城,4.23,4.01,4.02,4.3,4.02,463996.0,193910000.0,62.0,62.0,20.43,1.04,3.17,25809900,20589600.0,2026-05-22,16:14:09
600791,京能置业,15.78,14.65,14.76,15.85,14.76,205847.0,318540000.0,71.46,71.38,-6.3,-11.79,4.55,12586400,7998200.0,2026-05-22,16:14:18
600792,云煤能源,3.95,3.9,3.88,3.97,3.82,162384.0,63190000.0,43.84,43.84,-8.92,1.8,1.46,8485200,7753200.0,2026-05-22,16:14:04
600793,宜宾纸业,15.13,14.94,14.91,15.25,14.74,27483.0,41430000.0,26.77,26.77,-183.79,11.81,1.55,1653500,1094800.0,2026-05-22,16:15:00
600794,保税科技,3.37,3.34,3.37,3.39,3.33,85705.0,28790000.0,40.45,40.45,-40.7,1.62,0.71,4583800,3986700.0,2026-05-22,16:14:08
600795,国电电力,4.9,4.9,4.9,4.92,4.83,1689818.0,824180000.0,873.95,873.95,12.95,1.43,0.95,85293100,83688700.0,2026-05-22,16:14:06
600796,钱江生化,5.52,5.47,5.5,5.56,5.42,62041.0,34020000.0,47.84,17.19,27.74,1.38,1.99,3620600,2583500.0,2026-05-22,16:15:00
600797,浙大网新,8.7,8.69,8.71,8.82,8.58,177649.0,153940000.0,89.39,89.39,-123.56,2.7,1.73,8012000,9752900.0,2026-05-22,16:14:01
600798,宁波海运,3.69,3.73,3.77,3.77,3.64,333557.0,122890000.0,44.52,44.52,67.92,1.13,2.76,12677700,20678000.0,2026-05-22,16:14:27
600800,渤海化学,4.22,4.1,4.18,4.24,4.1,247419.0,103180000.0,46.84,46.83,-7.55,4.79,2.23,13779000,10962800.0,2026-05-22,16:14:09
600801,华新建材,18.63,18.63,18.63,19.07,18.38,114953.0,215490000.0,387.32,249.96,11.92,1.18,0.86,5703700,5791500.0,2026-05-22,16:14:03
600802,福建水泥,5.4,5.3,5.3,5.44,5.22,63516.0,33940000.0,24.75,24.75,-16.59,2.7,1.39,3916500,2435100.0,2026-05-22,16:14:21
600803,新奥股份,19.86,20.21,20.22,20.38,19.77,85009.0,169890000.0,614.82,610.04,14.1,2.54,0.28,4191800,4309100.0,2026-05-22,16:14:17
600804,退市鹏博,0.14,0.14,0.0,0.0,0.0,0.0,0.0,2.32,1.95,-0.31,-2.44,0.0,0,0.0,2026-05-22,09:00:00
600805,悦达投资,4.89,4.85,4.85,4.94,4.82,80495.0,39240000.0,41.61,41.58,116.25,0.97,0.95,4027900,4021600.0,2026-05-22,16:15:00
600807,济高发展,2.89,2.79,2.8,2.92,2.77,213568.0,60930000.0,25.57,22.74,-12.49,8.65,2.71,12616500,8740400.0,2026-05-22,16:14:15
600808,马钢股份,3.12,3.1,3.1,3.14,3.06,792338.0,245350000.0,240.26,186.19,-1074.55,1.0,1.33,34609100,44624700.0,2026-05-22,16:14:04
600809,山西汾酒,128.25,131.37,131.1,131.37,128.2,72999.0,942320000.0,1564.6,1564.6,14.25,3.48,0.6,2558900,4741000.0,2026-05-22,16:14:28
600810,神马股份,6.78,6.76,6.77,6.86,6.67,102530.0,69450000.0,73.94,73.28,-42.34,1.07,0.95,5591700,4661300.0,2026-05-22,16:14:21
600811,*ST东方,0.36,0.36,0.0,0.0,0.0,0.0,0.0,13.17,13.17,-0.1,0.08,0.0,0,0.0,2026-05-22,09:00:00
600812,华北制药,4.67,4.77,4.77,4.79,4.63,178544.0,83590000.0,80.12,80.12,49.76,1.44,1.04,6610700,11243700.0,2026-05-22,16:14:25
600814,杭州解百,7.21,7.13,7.14,7.25,7.13,39126.0,28110000.0,53.0,53.0,23.23,1.38,0.53,2178600,1734100.0,2026-05-22,16:14:03
600815,厦工股份,3.89,3.85,3.86,3.93,3.82,412446.0,160370000.0,69.01,69.01,-84.32,4.75,2.32,20599200,20645400.0,2026-05-22,16:14:12
600816,建元信托,3.16,3.18,3.19,3.2,3.09,927317.0,290760000.0,311.08,172.82,28.06,2.03,1.7,42018000,50713700.0,2026-05-22,16:15:00
600817,宇通重工,10.25,10.13,10.24,10.29,10.06,32571.0,33150000.0,54.78,54.25,18.11,2.1,0.62,1586600,1670500.0,2026-05-22,16:14:15
600818,ST中路,5.95,6.2,6.0,6.06,5.89,122603.0,73100000.0,19.13,14.16,-26.47,3.83,5.15,4957100,7303100.0,2026-05-22,16:14:29
600819,耀皮玻璃,7.11,6.97,7.01,7.14,6.8,132871.0,93400000.0,69.45,53.14,59.28,1.79,1.78,6219300,7067800.0,2026-05-22,16:14:28
600820,隧道股份,5.57,5.59,5.6,5.64,5.57,172144.0,96510000.0,175.13,175.13,8.03,0.54,0.55,7978800,9235600.0,2026-05-22,16:14:18
600821,金开新能,8.13,8.17,8.08,8.22,7.92,1057113.0,856130000.0,159.94,159.94,-417.47,1.77,5.37,47496900,58214400.0,2026-05-22,16:14:09
600822,上海物贸,9.34,9.23,9.29,9.41,9.23,21524.0,20040000.0,46.32,37.0,163.76,3.73,0.54,1266900,885500.0,2026-05-22,16:14:22
600824,益民集团,3.86,3.86,3.88,3.88,3.83,80647.0,31070000.0,40.69,40.69,32.08,1.61,0.77,3877800,4186900.0,2026-05-22,16:14:18
600825,新华传媒,5.42,5.38,5.43,5.45,5.31,63293.0,34060000.0,56.63,56.63,132.94,2.27,0.61,3234500,3094800.0,2026-05-22,16:14:03
600826,兰生股份,8.94,8.78,9.08,9.08,8.82,43502.0,38770000.0,65.76,65.76,19.51,1.52,0.59,2461200,1889000.0,2026-05-22,16:14:03
600827,百联股份,8.03,8.11,8.12,8.15,7.99,129408.0,103980000.0,143.27,128.84,11.65,0.7,0.81,4768100,8172800.0,2026-05-22,16:14:07
600828,茂业商业,4.38,4.39,4.4,4.43,4.32,133560.0,58470000.0,75.86,75.83,-27.23,1.13,0.77,6729000,6627000.0,2026-05-22,16:14:13
600829,人民同泰,8.94,8.78,8.82,8.99,8.79,52106.0,46430000.0,51.84,51.84,37.99,1.69,0.9,2736600,2474000.0,2026-05-22,16:14:27
600830,XD香溢融,9.21,9.23,9.26,9.37,8.9,119553.0,108840000.0,41.84,41.84,50.87,1.85,2.63,5535300,6420000.0,2026-05-22,16:14:02
600831,广电网络,4.01,4.0,4.07,4.18,3.91,297879.0,119340000.0,28.51,28.51,-1.85,8.04,4.19,13931500,15856400.0,2026-05-22,16:14:28
600833,第一医药,11.22,11.16,11.11,11.35,11.03,33571.0,37460000.0,25.03,25.03,32.82,2.12,1.5,1688900,1668200.0,2026-05-22,16:14:27
600834,申通地铁,7.91,7.86,7.86,7.95,7.79,13690.0,10790000.0,37.76,37.76,76.82,2.17,0.29,790000,579000.0,2026-05-22,16:14:27
600835,上海机电,26.0,25.68,25.67,26.06,25.31,148450.0,382780000.0,265.91,209.69,34.65,1.88,1.84,7048900,7796100.0,2026-05-22,16:14:15
600838,上海九百,8.53,8.44,8.53,8.63,8.39,72752.0,61970000.0,34.2,34.2,79.79,2.22,1.81,3707300,3567900.0,2026-05-22,16:14:23
600839,四川长虹,8.17,8.3,8.3,8.35,8.11,710172.0,580670000.0,377.15,377.04,50.84,2.45,1.54,29336200,41680900.0,2026-05-22,16:14:14
600841,动力新科,7.53,7.61,7.65,7.69,7.5,190011.0,143700000.0,104.5,78.54,3.35,1.63,1.82,8243400,10757700.0,2026-05-22,16:14:08
600843,上工申贝,8.53,8.55,8.55,8.6,8.39,78477.0,66720000.0,60.83,40.02,-52.44,2.24,1.67,3924900,3922800.0,2026-05-22,16:14:09
600844,金煤科技,3.21,3.13,3.16,3.22,3.11,289836.0,91840000.0,32.63,26.41,-22.64,62.27,3.52,15390400,13593200.0,2026-05-22,16:14:29
600845,宝信软件,22.84,22.55,22.71,23.04,22.18,282974.0,640390000.0,655.69,487.42,52.81,6.09,1.33,13593200,14704200.0,2026-05-22,16:14:18
600846,同济科技,12.15,12.25,12.3,12.4,12.1,31551.0,38440000.0,75.91,75.91,31.32,1.75,0.51,1451600,1703500.0,2026-05-22,16:14:15
600847,万里股份,16.66,16.83,17.17,17.2,16.29,73987.0,123160000.0,25.54,25.54,-43.77,5.33,4.83,3617200,3781500.0,2026-05-22,16:14:19
600848,上海临港,8.71,8.71,8.74,8.82,8.62,157082.0,136850000.0,219.71,208.51,23.84,1.31,0.66,7704800,8003400.0,2026-05-22,16:14:02
600850,电科数字,21.7,21.55,21.96,22.75,21.22,349966.0,763620000.0,147.6,147.6,48.61,3.01,5.15,15667500,19329100.0,2026-05-22,16:14:06
600851,海欣股份,7.27,7.34,7.38,7.42,7.25,83688.0,61210000.0,87.75,53.67,51.05,1.93,1.13,3817200,4551600.0,2026-05-22,16:14:10
600853,龙建股份,3.7,3.77,3.77,3.79,3.67,160113.0,59320000.0,37.51,37.51,9.66,1.05,1.58,6269800,9741500.0,2026-05-22,16:14:16
600854,春兰股份,5.26,5.23,5.24,5.3,5.1,162410.0,84290000.0,27.32,27.32,21.66,1.1,3.13,9377500,6863500.0,2026-05-22,16:14:06
600855,航天长峰,18.04,18.24,18.33,18.5,17.93,146650.0,265580000.0,84.53,84.36,-50.92,6.05,3.14,6598900,8066100.0,2026-05-22,16:14:18
600857,宁波中百,14.25,14.25,14.26,14.45,13.67,120468.0,169300000.0,31.97,31.97,68.53,3.61,5.37,5604200,6442600.0,2026-05-22,16:14:11
600858,银座股份,5.29,5.25,5.28,5.34,5.21,60940.0,32150000.0,27.51,27.38,47.48,1.0,1.18,2998300,3095700.0,2026-05-22,16:14:26
600859,王府井,10.76,10.98,11.01,11.05,10.76,155004.0,168280000.0,120.94,120.92,-275.65,0.62,1.38,6552300,8948000.0,2026-05-22,16:14:17
600860,京城股份,10.29,10.23,10.29,10.38,10.15,56491.0,58090000.0,56.34,45.69,-76.2,6.82,1.27,2542300,3106800.0,2026-05-22,16:14:08
600861,北京人力,14.7,14.76,14.77,14.85,14.63,14430.0,21280000.0,83.22,53.89,9.89,1.1,0.39,700200,742800.0,2026-05-22,16:14:01
600862,中航高科,18.97,19.45,19.45,19.52,18.93,247740.0,473240000.0,264.26,264.26,28.6,3.33,1.78,10125500,14648500.0,2026-05-22,16:14:18
600863,华能蒙电,5.39,5.58,5.32,5.75,5.19,3009513.0,1634100000.0,422.32,351.8,18.63,2.02,4.61,136144800,164806500.0,2026-05-22,16:15:00
600864,哈投股份,5.56,5.66,5.65,5.7,5.53,296575.0,165480000.0,115.68,115.68,37.49,0.9,1.43,11200900,18456600.0,2026-05-22,16:14:22
600865,百大集团,10.39,10.32,10.35,10.5,10.3,46909.0,48740000.0,39.09,39.09,187.96,1.69,1.25,2603100,2087800.0,2026-05-22,16:14:09
600866,星湖科技,5.38,5.39,5.41,5.44,5.36,122696.0,66200000.0,89.39,67.56,19.52,1.09,0.98,5906800,6362800.0,2026-05-22,16:14:20
600867,通化东宝,8.42,8.39,8.4,8.45,8.34,218094.0,183230000.0,164.91,164.91,13.33,2.28,1.11,11407900,10401500.0,2026-05-22,16:14:12
600868,梅雁吉祥,3.28,3.29,3.29,3.31,3.2,537199.0,174530000.0,62.26,62.26,-65.35,3.22,2.83,28016800,25703100.0,2026-05-22,16:14:02
600869,远东股份,21.18,21.0,21.0,21.72,20.17,1107418.0,2338940000.0,470.06,470.06,429.0,10.93,4.99,56970500,53771300.0,2026-05-22,16:14:27
600871,石化油服,2.44,2.4,2.42,2.46,2.37,1284438.0,310550000.0,462.55,330.55,71.69,4.81,0.95,77358300,51085500.0,2026-05-22,16:14:26
600872,中炬高新,19.59,19.82,19.9,19.93,19.37,111586.0,218520000.0,152.51,151.04,24.65,2.57,1.45,5549300,5609400.0,2026-05-22,16:14:14
600873,梅花生物,9.57,9.51,9.52,9.63,9.42,209428.0,199670000.0,268.37,268.37,11.28,1.63,0.75,10806600,10136200.0,2026-05-22,16:14:21
600874,创业环保,5.88,5.87,5.87,5.91,5.81,83536.0,48980000.0,92.34,72.35,10.45,0.88,0.68,3823400,4530200.0,2026-05-22,16:14:25
600875,东方电气,36.05,36.12,36.04,36.47,35.6,574160.0,2061890000.0,1246.74,815.94,29.25,2.66,2.54,24422700,32993400.0,2026-05-22,16:14:27
600876,凯盛新能,8.95,8.65,8.65,8.99,8.61,58318.0,51440000.0,57.79,35.41,-5.06,2.1,1.47,3374800,2457000.0,2026-05-22,16:14:08
600877,电科芯片,16.23,15.66,15.75,16.86,15.57,297930.0,478500000.0,192.17,192.17,643.58,7.68,2.52,15038900,14754100.0,2026-05-22,16:14:14
600879,航天电子,22.4,22.37,22.44,22.6,21.93,913883.0,2036840000.0,739.04,739.04,323.38,3.54,2.77,45288400,46099900.0,2026-05-22,16:14:23
600880,博瑞传播,4.66,4.68,4.7,4.73,4.6,217571.0,101010000.0,50.95,50.94,-373.06,1.7,1.99,10006500,11750600.0,2026-05-22,16:14:02
600881,亚泰集团,1.49,1.44,1.45,1.5,1.43,370155.0,54010000.0,48.16,48.16,-2.68,11.2,1.15,23025800,13989700.0,2026-05-22,16:14:29
600882,妙可蓝多,18.25,19.0,19.1,19.13,18.08,97380.0,179110000.0,93.08,93.08,83.37,2.0,1.91,4489300,5248700.0,2026-05-22,16:14:20
600883,博闻科技,9.15,8.95,8.99,9.25,8.82,47894.0,43280000.0,21.6,21.6,76.78,2.2,2.03,2605300,2184100.0,2026-05-22,16:14:03
600884,杉杉股份,14.88,14.46,14.5,14.95,14.29,801404.0,1176510000.0,334.71,273.06,44.28,1.49,4.37,44885600,35254900.0,2026-05-22,16:14:08
600885,宏发股份,33.66,33.66,33.32,34.62,32.8,233705.0,782450000.0,520.92,520.92,28.45,4.15,1.51,12579500,10790900.0,2026-05-22,16:14:12
600886,国投电力,13.35,13.28,13.31,13.39,13.08,342279.0,453120000.0,1068.6,995.13,14.38,1.55,0.46,16864600,17363400.0,2026-05-22,16:14:28
600887,伊利股份,26.2,26.76,26.95,26.95,26.19,640562.0,1691600000.0,1657.24,1649.01,13.71,2.78,1.02,28265400,35790800.0,2026-05-22,16:14:01
600888,新疆众和,10.31,9.37,9.37,10.31,9.33,1009731.0,1002050000.0,160.12,160.12,22.71,1.25,6.5,47455000,53518100.0,2026-05-22,16:14:08
600889,*ST京化,15.48,14.89,14.96,15.48,14.83,44323.0,67630000.0,86.38,56.71,-152.97,7.72,1.21,2971700,1460600.0,2026-05-22,16:14:19
600892,*ST大晟,4.04,3.85,3.9,4.04,3.8,122656.0,48800000.0,22.6,22.6,-25.66,257.72,2.19,7967000,4298600.0,2026-05-22,16:14:27
600893,航发动力,45.81,45.59,45.8,46.38,45.1,248492.0,1134120000.0,1221.11,1220.89,194.02,3.04,0.93,12327200,12522000.0,2026-05-22,16:14:21
600894,广日股份,8.37,8.15,8.16,8.4,8.16,87238.0,72140000.0,71.29,70.57,10.02,0.8,1.03,4670600,4053200.0,2026-05-22,16:14:27
600895,张江高科,39.65,37.31,38.0,40.95,38.0,1103428.0,4351320000.0,614.06,614.06,79.22,4.49,7.12,58552800,51790000.0,2026-05-22,16:14:22
600897,厦门空港,14.64,14.67,14.67,14.76,14.59,17699.0,25950000.0,61.04,61.04,11.98,1.23,0.42,964700,805200.0,2026-05-22,16:14:20
600900,长江电力,26.56,26.66,26.73,26.76,26.5,915888.0,2436330000.0,6498.76,6498.76,18.01,2.85,0.37,40105500,51483400.0,2026-05-22,16:14:19
600901,江苏金租,6.31,6.4,6.45,6.46,6.28,296964.0,188500000.0,365.47,365.38,11.11,1.41,0.51,14484700,15211700.0,2026-05-22,16:15:00
600903,贵州燃气,10.42,9.99,9.65,10.64,9.6,1322899.0,1365940000.0,119.83,119.83,155.65,3.92,11.5,66870100,65419800.0,2026-05-22,16:14:14
600905,三峡能源,4.11,4.09,4.09,4.12,4.08,1113176.0,456550000.0,1174.95,1174.95,50.91,1.31,0.39,58382600,52935000.0,2026-05-22,16:14:28
600906,财达证券,6.26,6.39,6.45,6.45,6.25,376762.0,237560000.0,203.14,132.98,23.02,1.62,1.77,15474200,22202000.0,2026-05-22,16:14:15
600908,无锡银行,5.46,5.51,5.51,5.51,5.45,106511.0,58310000.0,119.83,109.16,5.15,0.52,0.53,4615600,6035500.0,2026-05-22,16:14:27
600909,华安证券,7.32,7.12,7.21,7.51,7.04,3737694.0,2708520000.0,367.77,367.77,18.23,1.39,7.44,178314400,195455000.0,2026-05-22,16:14:13
600916,中国黄金,8.18,8.08,8.11,8.25,8.03,247061.0,201660000.0,137.42,137.42,45.11,1.88,1.47,14283300,10422800.0,2026-05-22,16:14:17
600917,重庆燃气,5.46,5.39,5.37,5.52,5.36,105236.0,57500000.0,85.23,85.23,37.83,1.48,0.67,5725100,4798500.0,2026-05-22,16:14:10
600918,中泰证券,5.64,5.72,5.73,5.74,5.63,227665.0,128730000.0,446.59,221.42,29.12,1.0,0.58,9380100,13386400.0,2026-05-22,16:14:21
600919,江苏银行,11.13,11.29,11.26,11.27,11.08,1053473.0,1175270000.0,2042.5,2042.5,5.79,0.77,0.57,44966600,60380700.0,2026-05-22,16:14:05
600925,苏能股份,4.56,4.56,4.55,4.58,4.52,101658.0,46150000.0,314.13,73.24,143.34,2.02,0.63,4835600,5330200.0,2026-05-22,16:14:08
600926,杭州银行,16.05,16.13,16.14,16.18,15.91,300871.0,482770000.0,1163.46,1163.46,5.92,0.83,0.42,14322100,15764900.0,2026-05-22,16:14:20
600927,永安期货,14.26,14.47,14.52,14.58,14.14,76254.0,109010000.0,207.56,207.56,25.51,1.55,0.52,3335200,4290200.0,2026-05-22,16:14:24
600928,西安银行,3.56,3.59,3.59,3.6,3.55,204667.0,73150000.0,158.22,157.47,5.87,0.44,0.46,9698200,10768600.0,2026-05-22,16:14:09
600929,雪天盐业,6.08,5.9,6.01,6.2,5.93,274437.0,167260000.0,99.72,99.72,170.46,1.32,1.67,15052500,12391200.0,2026-05-22,16:14:10
600933,爱柯迪,17.61,17.5,17.71,17.76,17.36,181781.0,319890000.0,181.41,172.76,16.01,1.84,1.85,9545800,8632300.0,2026-05-22,16:14:17
600935,华塑股份,2.45,2.44,2.44,2.46,2.41,201579.0,49120000.0,88.07,85.93,-77.4,1.48,0.57,9625800,10532100.0,2026-05-22,16:14:02
600936,北投科技,5.78,5.79,5.74,5.93,5.52,2338915.0,1329740000.0,96.59,96.59,-47.83,9.72,14.0,118169100,115722400.0,2026-05-22,16:14:06
600938,中国海油,35.83,36.22,36.0,36.24,35.5,341311.0,1220530000.0,17029.98,1071.32,13.66,2.03,1.14,15473100,18658000.0,2026-05-22,16:14:14
600939,重庆建工,2.79,2.74,2.73,2.8,2.7,122888.0,33770000.0,53.08,53.08,-4.46,0.76,0.65,6270100,6018700.0,2026-05-22,16:14:07
600941,中国移动,95.98,96.75,96.7,96.89,95.79,88312.0,848860000.0,20798.11,866.48,15.31,1.46,0.98,3733300,5097900.0,2026-05-22,16:14:14
600955,维远股份,17.32,17.31,17.42,17.47,17.0,52191.0,90120000.0,95.26,95.26,-12.57,1.24,0.95,2896200,2322900.0,2026-05-22,16:14:17
600956,新天绿能,8.45,8.57,8.73,8.74,8.32,174622.0,147620000.0,381.32,198.41,24.02,1.54,0.74,7733100,9729100.0,2026-05-22,16:15:00
600958,东方证券,9.58,9.65,9.65,9.72,9.49,696586.0,666540000.0,813.98,715.58,14.07,0.99,0.93,33283400,36375100.0,2026-05-22,16:14:07
600959,江苏有线,3.79,3.82,3.85,3.86,3.78,470156.0,179310000.0,189.53,189.53,87.17,0.83,0.94,18892400,28123200.0,2026-05-22,16:15:00
600960,渤海汽车,4.66,4.65,4.69,4.7,4.56,121941.0,56620000.0,44.29,44.29,27.67,1.26,1.28,6473300,5720800.0,2026-05-22,16:14:11
600961,株冶集团,27.13,26.18,26.16,27.68,25.73,452262.0,1208150000.0,291.07,203.97,14.61,5.76,6.02,23580000,21646200.0,2026-05-22,16:14:06
600962,国投中鲁,26.36,25.84,25.84,26.63,25.0,116804.0,302560000.0,69.12,69.12,380.41,7.3,4.45,5974900,5705500.0,2026-05-22,16:14:02
600963,岳阳林纸,4.17,4.2,4.21,4.22,4.15,209857.0,87780000.0,73.29,73.29,-27.05,0.96,1.19,10145000,10840700.0,2026-05-22,16:15:00
600965,*ST福成,3.39,3.45,3.36,3.6,3.36,220425.0,76460000.0,27.75,27.75,50.95,1.26,2.69,9580700,12461800.0,2026-05-22,16:14:18
600966,博汇纸业,5.88,5.81,5.85,5.91,5.77,73018.0,42660000.0,78.61,78.61,49.91,1.05,0.55,4198600,3103100.0,2026-05-22,16:14:08
600967,内蒙一机,13.31,13.37,13.38,13.43,13.26,112923.0,150450000.0,226.51,226.51,78.97,1.9,0.66,4838500,6453800.0,2026-05-22,16:14:25
600968,海油发展,4.17,4.07,4.07,4.19,4.03,605069.0,248320000.0,423.88,423.88,10.79,1.41,0.6,35654200,24852700.0,2026-05-22,16:14:20
600969,郴电国际,10.32,10.16,10.16,10.42,10.09,92624.0,94750000.0,38.19,38.19,49.72,1.05,2.5,4996600,4265700.0,2026-05-22,16:15:00
600970,中材国际,8.57,8.47,8.52,8.59,8.47,149791.0,127840000.0,224.69,224.69,8.47,0.96,0.57,7736300,7242800.0,2026-05-22,16:15:00
600971,恒源煤电,7.26,7.3,7.41,7.41,7.22,129300.0,94220000.0,87.12,87.12,-46.24,0.73,1.08,6453600,6476400.0,2026-05-22,16:14:05
600973,宝胜股份,7.18,6.89,6.96,7.22,6.93,303145.0,215690000.0,98.46,98.46,-583.31,2.91,2.21,15870500,14443900.0,2026-05-22,16:14:03
600975,新五丰,5.27,5.3,5.3,5.38,5.24,102428.0,54150000.0,65.86,65.86,-5.17,3.69,0.82,4241900,6000900.0,2026-05-22,16:14:17
600976,健民集团,31.15,31.29,31.29,31.32,30.9,10618.0,32950000.0,47.78,47.75,14.16,1.83,0.69,446900,614900.0,2026-05-22,16:14:15
600977,中国电影,14.8,14.56,14.67,14.82,14.35,357115.0,522880000.0,276.32,276.32,192.82,2.51,1.91,18686400,17025100.0,2026-05-22,16:14:29
600979,广安爱众,4.64,4.56,4.56,4.67,4.5,358945.0,165230000.0,58.54,57.61,-16.11,1.41,2.89,19121600,16772800.0,2026-05-22,16:14:16
600980,北矿科技,23.0,22.11,22.18,23.01,22.03,39247.0,88710000.0,43.53,43.53,34.34,2.88,2.07,2274800,1649900.0,2026-05-22,16:14:00
600981,苏豪汇鸿,2.58,2.56,2.58,2.6,2.53,182359.0,46760000.0,57.85,57.85,-1676.47,1.16,0.81,9468500,8767400.0,2026-05-22,16:14:05
600982,宁波能源,6.14,6.07,6.1,6.14,5.97,409664.0,248960000.0,68.62,68.62,18.15,1.5,3.67,19573300,21393100.0,2026-05-22,16:14:29
600983,惠而浦,8.85,8.85,8.86,8.92,8.72,30274.0,26690000.0,67.83,67.83,13.59,2.21,0.39,1336500,1690900.0,2026-05-22,16:14:10
600984,建设机械,4.92,4.92,4.85,5.08,4.69,692474.0,336150000.0,61.85,61.85,-2.77,3.46,5.51,35841800,33405500.0,2026-05-22,16:14:14
600985,淮北矿业,12.85,13.0,13.0,13.08,12.66,122559.0,157370000.0,346.08,346.08,26.51,0.82,0.46,6086900,6169000.0,2026-05-22,16:14:02
600986,浙文互联,9.43,9.44,9.44,9.5,9.21,655608.0,613550000.0,140.26,140.26,-297.36,2.72,4.41,30627900,34932900.0,2026-05-22,16:14:19
600987,XD航民股,6.65,6.59,6.69,6.73,6.6,89089.0,59360000.0,67.88,67.88,9.2,1.03,0.87,4218400,4690500.0,2026-05-22,16:14:13
600988,赤峰黄金,35.15,34.5,34.55,35.57,34.08,347791.0,1217020000.0,667.99,584.86,18.62,4.67,2.09,18639400,16139700.0,2026-05-22,16:14:21
600989,宝丰能源,26.54,26.55,26.5,26.76,26.19,597758.0,1578170000.0,1946.27,1946.27,15.48,3.97,0.82,29249900,30525900.0,2026-05-22,16:14:09
600990,四创电子,20.75,20.55,20.61,20.9,20.3,38577.0,79250000.0,56.24,55.82,-17.35,3.64,1.43,2215100,1642600.0,2026-05-22,16:14:16
600992,贵绳股份,12.26,12.09,12.11,12.45,11.9,121914.0,148730000.0,30.05,30.05,-1021.14,2.1,4.97,5529300,6662100.0,2026-05-22,16:14:26
600993,马应龙,24.11,24.25,24.24,24.3,24.01,32881.0,79410000.0,103.93,103.75,17.6,2.26,0.76,1536900,1751200.0,2026-05-22,16:14:20
600995,南网储能,14.25,14.11,14.11,14.31,13.98,182993.0,259060000.0,455.43,455.43,25.75,1.97,0.57,9912400,8386900.0,2026-05-22,16:14:15
600996,贵广网络,8.75,8.89,8.96,9.02,8.62,393117.0,344280000.0,109.09,109.09,-8.27,6.95,3.15,16247900,23063800.0,2026-05-22,16:14:06
600997,开滦股份,5.28,5.24,5.27,5.33,5.21,65927.0,34710000.0,83.84,83.84,-40.13,0.62,0.42,3660300,2932500.0,2026-05-22,16:14:02
600998,九州通,4.79,4.81,4.85,4.85,4.76,272230.0,130530000.0,241.53,241.53,11.97,0.88,0.54,10949400,16273600.0,2026-05-22,16:14:26
600999,招商证券,17.34,17.43,17.6,17.78,17.2,1004710.0,1743010000.0,1507.98,1286.98,11.33,1.21,1.35,45371200,55099800.0,2026-05-22,16:14:28
601000,唐山港,4.64,4.63,4.64,4.67,4.6,403370.0,186960000.0,274.96,274.96,13.17,1.25,0.68,25000600,15336400.0,2026-05-22,16:14:22
601001,晋控煤业,16.8,17.17,17.2,17.33,16.54,229488.0,385280000.0,281.18,281.18,16.96,1.44,1.37,11999400,10949400.0,2026-05-22,16:14:17
601002,晋亿实业,5.33,5.23,5.28,5.38,5.23,176643.0,93840000.0,50.87,50.87,19.82,1.18,1.85,9218100,8446200.0,2026-05-22,16:14:17
601003,柳钢股份,3.75,3.88,3.86,3.89,3.71,228090.0,85630000.0,98.78,96.1,22.75,1.05,0.89,7411500,15397500.0,2026-05-22,16:14:16
601005,重庆钢铁,1.33,1.33,1.33,1.33,1.31,598384.0,79170000.0,117.73,110.57,-4.2,0.86,0.72,30185200,29653200.0,2026-05-22,16:14:20
601006,大秦铁路,5.42,5.41,5.42,5.44,5.38,1014214.0,549540000.0,1091.98,1091.98,19.11,0.66,0.5,52419400,49002100.0,2026-05-22,16:14:17
601007,金陵饭店,7.05,7.07,7.08,7.12,6.99,58923.0,41480000.0,27.5,27.5,42.1,1.7,1.51,2692400,3199900.0,2026-05-22,16:14:20
601008,连云港,4.6,4.65,4.67,4.68,4.58,102368.0,47200000.0,57.07,57.07,31.95,1.37,0.83,3946100,6290700.0,2026-05-22,16:14:28
601009,南京银行,10.84,10.95,10.94,10.94,10.72,534801.0,579250000.0,1340.21,1340.21,6.01,0.71,0.43,27680700,25799500.0,2026-05-22,16:14:19
601010,ST文峰,1.6,1.63,1.6,1.62,1.56,479535.0,76290000.0,29.57,29.57,-27.77,0.72,2.59,21121300,26832300.0,2026-05-22,16:14:24
601011,宝泰隆,2.82,2.75,2.75,2.83,2.74,258445.0,72140000.0,54.02,54.02,-17.46,1.0,1.35,15226400,10618100.0,2026-05-22,16:14:08
601012,隆基绿能,15.04,14.79,14.95,15.1,14.73,1084894.0,1617890000.0,1139.74,1139.74,-16.5,2.26,1.43,57839500,50649900.0,2026-05-22,16:14:29
601015,陕西黑猫,3.54,3.49,3.47,3.56,3.45,325813.0,114080000.0,72.3,72.3,-5.89,1.5,1.6,18873100,13708300.0,2026-05-22,16:14:11
601016,节能风电,4.62,4.5,4.5,4.73,4.4,3301080.0,1515830000.0,302.35,278.96,60.73,1.7,5.47,187052700,143055300.0,2026-05-22,16:14:28
601018,宁波港,3.61,3.62,3.62,3.63,3.59,475796.0,171690000.0,702.3,702.3,13.6,0.86,0.24,20655800,26923800.0,2026-05-22,16:14:03
601019,山东出版,7.24,7.21,7.21,7.26,7.18,47479.0,34290000.0,151.09,151.09,12.81,0.96,0.23,2541900,2206000.0,2026-05-22,16:14:20
601020,华钰矿业,26.9,26.57,26.7,27.16,26.3,192367.0,514410000.0,220.57,220.57,25.78,5.13,2.35,9634300,9602300.0,2026-05-22,16:14:06
601021,春秋航空,46.43,47.82,47.32,47.65,46.3,94899.0,444100000.0,454.24,454.24,17.32,2.44,0.97,4404100,5085800.0,2026-05-22,16:14:03
601022,宁波远洋,8.73,8.89,8.87,8.89,8.68,157129.0,137290000.0,114.24,114.24,18.47,1.82,1.2,6513000,9199800.0,2026-05-22,16:14:12
601028,玉龙股份,12.83,12.83,0.0,0.0,0.0,0.0,0.0,100.46,100.46,27.25,2.91,0.0,0,0.0,2026-05-22,09:00:00
601033,永兴股份,14.52,14.68,14.76,14.78,14.46,43122.0,62820000.0,130.68,34.85,14.5,1.25,1.8,2032300,2279900.0,2026-05-22,16:14:22
601038,一拖股份,12.68,12.77,12.9,12.9,12.58,48946.0,62150000.0,142.48,92.78,16.86,1.73,0.67,2464200,2430400.0,2026-05-22,16:14:27
601058,赛轮轮胎,12.79,12.58,12.66,12.87,12.55,311912.0,397540000.0,420.55,420.55,11.88,1.88,0.95,16403200,14788100.0,2026-05-22,16:15:00
601059,信达证券,17.13,17.19,17.23,17.28,17.1,138638.0,237860000.0,555.53,555.53,25.94,2.5,0.43,5088400,8775400.0,2026-05-22,16:14:13
601061,中信金属,13.62,13.34,13.45,13.79,13.31,140434.0,190120000.0,667.38,667.38,19.09,2.75,0.29,7448400,6595000.0,2026-05-22,16:14:13
601065,江盐集团,7.82,7.8,7.79,7.86,7.72,35025.0,27280000.0,50.27,50.27,24.84,1.12,0.54,1575600,1926900.0,2026-05-22,16:14:11
601066,中信建投,22.0,22.67,22.52,22.67,21.94,226984.0,502210000.0,1706.47,1429.05,15.15,1.98,0.35,9550000,13148400.0,2026-05-22,16:14:26
601068,中铝国际,5.64,5.56,5.61,5.71,5.51,145042.0,81170000.0,168.51,144.36,62.99,5.48,0.57,7523100,6981100.0,2026-05-22,16:14:01
601069,西部黄金,28.13,27.64,27.67,28.31,27.0,127621.0,355440000.0,256.26,249.57,26.4,4.87,1.44,6195900,6566200.0,2026-05-22,16:14:16
601077,渝农商行,6.83,6.82,6.83,6.85,6.72,390941.0,265960000.0,775.68,603.65,6.3,0.57,0.44,20353500,18740600.0,2026-05-22,16:14:17
601083,锦江航运,11.69,11.65,11.69,11.84,11.53,64204.0,74940000.0,151.28,22.69,10.23,1.56,3.31,3282900,3137500.0,2026-05-22,16:14:29
601086,国芳集团,8.11,8.31,8.31,8.39,8.07,102305.0,83500000.0,54.01,54.01,55.86,3.31,1.54,4557000,5673500.0,2026-05-22,16:14:15
601088,中国神华,44.98,45.26,45.26,45.49,44.7,274673.0,1241230000.0,9755.91,7417.67,18.92,1.95,0.17,13154500,14312800.0,2026-05-22,16:14:26
601089,福元医药,18.8,18.83,19.09,19.09,18.6,40444.0,75950000.0,90.24,90.24,20.79,2.33,0.84,2051800,1992600.0,2026-05-22,16:14:28
601096,宏盛华源,5.19,5.14,5.14,5.24,5.06,226254.0,117290000.0,138.84,85.27,36.14,2.91,1.38,12632100,9993400.0,2026-05-22,16:14:02
601098,中南传媒,11.08,11.04,11.09,11.18,11.02,56388.0,62630000.0,199.0,199.0,12.39,1.2,0.31,3013800,2625100.0,2026-05-22,16:14:06
601099,太平洋,3.5,3.54,3.55,3.57,3.46,1235979.0,431950000.0,238.57,238.57,142.88,2.4,1.81,56162400,67435500.0,2026-05-22,16:14:01
601100,恒立液压,117.05,114.04,114.06,118.78,112.3,103257.0,1194020000.0,1569.43,1569.43,56.69,8.77,0.77,5433600,4892000.0,2026-05-22,16:14:29
601101,昊华能源,10.25,10.5,10.5,10.68,10.08,276886.0,284680000.0,147.6,147.6,26.56,1.2,1.92,14164900,13523700.0,2026-05-22,16:14:11
601106,中国一重,3.95,3.89,3.9,3.97,3.83,655497.0,256740000.0,270.88,270.88,-119.89,5.24,0.96,37798300,27751400.0,2026-05-22,16:14:27
601107,四川成渝,6.24,6.33,6.36,6.36,6.23,98315.0,61800000.0,190.82,134.95,12.86,1.1,0.45,5197400,4634100.0,2026-05-22,16:14:11
601108,财通证券,7.92,8.04,8.11,8.15,7.9,531678.0,423700000.0,367.79,367.79,12.43,0.96,1.14,23568100,29599600.0,2026-05-22,16:14:08
601111,中国国航,6.68,6.77,6.78,6.78,6.65,888192.0,593790000.0,1165.55,777.43,58.64,2.65,0.76,34426300,54393000.0,2026-05-22,16:14:02
601113,华鼎股份,4.33,4.3,4.32,4.37,4.26,100976.0,43460000.0,47.81,47.81,34.71,1.18,0.91,4483600,5614000.0,2026-05-22,16:14:28
601116,三江购物,12.17,12.2,12.21,12.36,12.09,76912.0,93900000.0,66.65,66.65,37.7,1.99,1.4,3946500,3744700.0,2026-05-22,16:14:22
601117,中国化学,7.91,7.87,7.91,7.92,7.79,620476.0,487310000.0,483.04,480.1,7.37,0.7,1.02,29144200,32903400.0,2026-05-22,16:14:01
601118,海南橡胶,6.2,6.41,6.45,6.47,6.16,691834.0,433370000.0,265.32,265.32,-208.57,2.77,1.62,30745200,38438200.0,2026-05-22,16:14:20
601121,宝地矿业,6.96,6.76,6.76,7.03,6.74,130510.0,89810000.0,68.5,55.68,43.56,1.57,1.63,7196600,5854400.0,2026-05-22,16:14:14
601126,四方股份,82.34,81.67,81.99,86.56,80.8,290039.0,2418250000.0,685.98,679.38,79.94,13.27,3.52,13317200,15686700.0,2026-05-22,16:14:19
601127,赛力斯,82.03,83.38,83.0,83.06,80.01,319607.0,2613710000.0,1428.95,1277.37,23.96,3.46,2.05,14904400,17056300.0,2026-05-22,16:14:01
601128,常熟银行,7.11,7.16,7.17,7.18,7.1,401419.0,286470000.0,235.8,235.8,5.43,0.74,1.21,17265400,22876400.0,2026-05-22,16:14:03
601133,柏诚股份,32.99,33.13,33.35,35.15,32.0,437378.0,1446930000.0,174.19,173.0,90.7,5.75,8.34,20418600,23319100.0,2026-05-22,16:15:00
601136,首创证券,15.17,15.52,15.56,15.63,15.12,123196.0,187780000.0,414.65,414.65,37.63,2.93,0.45,5102400,7217200.0,2026-05-22,16:14:19
601137,博威合金,21.26,20.05,20.25,21.58,20.06,371764.0,779160000.0,195.27,195.13,-68.94,2.08,4.05,21870800,15305700.0,2026-05-22,16:14:29
601138,工业富联,67.16,65.5,66.11,67.66,64.5,1947455.0,12964390000.0,13327.29,13327.29,32.79,7.56,0.98,114496300,80249200.0,2026-05-22,16:14:21
601139,深圳燃气,6.55,6.51,6.54,6.56,6.44,199640.0,129950000.0,188.43,188.43,13.07,1.14,0.69,10033200,9930800.0,2026-05-22,16:14:20
601155,新城控股,12.83,13.74,13.85,14.01,12.5,421219.0,563940000.0,289.4,289.4,42.1,0.47,1.87,23137300,18984600.0,2026-05-22,16:14:25
601156,东航物流,16.05,15.95,16.26,16.26,15.83,69531.0,111620000.0,254.8,151.61,9.36,1.26,0.74,3293400,3659700.0,2026-05-22,16:14:21
601158,重庆水务,4.24,4.26,4.26,4.27,4.22,71885.0,30470000.0,203.52,203.52,24.38,1.16,0.15,2552500,4636000.0,2026-05-22,16:14:24
601162,天风证券,3.47,3.55,3.56,3.57,3.46,1315649.0,458600000.0,349.57,298.35,265.03,1.28,1.53,52367600,79197300.0,2026-05-22,16:14:10
601163,三角轮胎,14.56,14.52,14.57,14.66,14.39,40646.0,59040000.0,116.48,116.48,11.95,0.82,0.51,2009000,2055600.0,2026-05-22,16:14:27
601166,兴业银行,17.46,17.37,17.32,17.59,17.28,973197.0,1698770000.0,3695.03,3695.03,4.77,0.45,0.46,57483700,39836100.0,2026-05-22,16:14:04
601168,西部矿业,31.84,30.07,30.35,32.37,30.0,650592.0,2039690000.0,758.75,758.75,17.16,3.8,2.73,36062100,28997100.0,2026-05-22,16:14:28
601169,北京银行,5.1,5.12,5.12,5.13,5.09,804512.0,410610000.0,1078.29,1078.29,5.26,0.38,0.38,32389800,48061400.0,2026-05-22,16:14:11
601177,杭齿前进,16.98,17.06,17.11,17.23,16.79,187311.0,317880000.0,69.23,67.93,26.36,2.38,4.68,7623400,11107700.0,2026-05-22,16:14:09
601179,中国西电,16.25,16.12,16.05,16.35,15.9,1117104.0,1809880000.0,832.96,832.96,63.04,3.57,2.18,55115400,56595000.0,2026-05-22,16:14:17
601186,中国铁建,6.37,6.42,6.43,6.44,6.33,541841.0,345080000.0,865.02,732.76,4.91,0.31,0.47,20193000,33991100.0,2026-05-22,16:14:01
601187,厦门银行,7.24,7.31,7.29,7.35,7.21,109219.0,79550000.0,191.07,190.66,7.12,0.7,0.41,5583000,5338900.0,2026-05-22,16:14:18
601188,龙江交通,3.22,3.22,3.23,3.25,3.18,137040.0,44120000.0,42.04,42.04,27.29,0.93,1.05,5986100,7717900.0,2026-05-22,16:14:01
601198,东兴证券,13.33,13.5,13.54,13.6,13.28,255172.0,341280000.0,430.88,430.88,20.76,1.4,0.79,10961700,14555400.0,2026-05-22,16:14:29
601199,江南水务,5.96,5.84,5.85,6.14,5.8,163976.0,97940000.0,55.74,55.74,15.45,1.19,1.75,8341000,8056700.0,2026-05-22,16:14:03
601200,上海环境,7.72,7.64,7.67,7.75,7.59,78539.0,60220000.0,103.93,103.93,17.23,0.88,0.58,4267000,3586900.0,2026-05-22,16:14:09
601208,东材科技,52.45,47.68,48.58,52.45,48.45,842267.0,4279250000.0,529.84,529.84,139.29,8.7,8.34,45021200,39205500.0,2026-05-22,16:14:12
601211,国泰海通,15.03,15.23,15.29,15.33,15.02,1141805.0,1723530000.0,2649.63,2028.59,12.07,0.81,0.85,50787400,63393100.0,2026-05-22,16:14:04
601212,白银有色,6.66,6.36,6.35,6.73,6.3,1336770.0,875690000.0,493.16,493.16,-87.87,3.1,1.81,81363700,52313300.0,2026-05-22,16:14:07
601216,君正集团,5.43,5.32,5.31,5.48,5.31,578151.0,312740000.0,458.18,458.18,15.13,1.53,0.69,34592900,23222200.0,2026-05-22,16:14:25
601218,吉鑫科技,5.55,5.41,5.42,5.59,5.38,318031.0,175090000.0,53.78,53.78,33.96,1.79,3.28,17597100,14206000.0,2026-05-22,16:14:17
601222,林洋能源,6.48,6.34,6.38,6.54,6.33,586048.0,377570000.0,132.27,132.27,73.14,0.88,2.87,31671800,26932900.0,2026-05-22,16:14:03
601225,陕西煤业,23.32,23.42,23.54,23.65,22.82,473945.0,1102330000.0,2260.87,2260.87,13.98,2.21,0.49,23126000,24268600.0,2026-05-22,16:15:00
601226,华电科工,8.25,8.12,8.19,8.28,8.07,135781.0,111580000.0,95.88,95.88,51.31,2.21,1.17,7140100,6438000.0,2026-05-22,16:14:15
601228,广州港,3.09,3.1,3.11,3.11,3.07,220415.0,68110000.0,233.13,233.13,29.56,1.08,0.29,10123300,11918200.0,2026-05-22,16:14:18
601229,上海银行,9.08,9.09,9.1,9.17,9.03,337534.0,307020000.0,1290.18,1290.18,5.32,0.51,0.24,17120300,16633100.0,2026-05-22,16:14:25
601231,环旭电子,39.45,37.29,38.01,39.61,37.4,391493.0,1514230000.0,942.5,942.5,48.69,4.08,1.64,23301700,15847600.0,2026-05-22,16:14:23
601233,桐昆股份,19.49,19.3,19.43,19.62,19.25,254213.0,493940000.0,463.67,462.82,13.97,1.15,1.07,12701700,12719600.0,2026-05-22,16:14:22
601236,红塔证券,7.0,7.13,7.12,7.16,6.96,178481.0,125120000.0,330.18,330.18,29.64,1.29,0.38,6345200,11503000.0,2026-05-22,16:14:21
601238,广汽集团,6.34,6.34,6.35,6.38,6.22,184639.0,116400000.0,646.49,468.13,-7.42,0.62,0.25,9569600,8894200.0,2026-05-22,16:14:07
601279,英利汽车,3.73,3.7,3.71,3.74,3.62,92350.0,34010000.0,59.15,59.15,-79.07,1.43,0.58,5230900,4004100.0,2026-05-22,16:14:22
601288,农业银行,6.46,6.51,6.48,6.52,6.42,2483192.0,1605900000.0,22608.9,20623.18,7.68,0.81,0.08,127108500,121210700.0,2026-05-22,16:14:02
601298,青岛港,8.91,9.0,9.08,9.08,8.9,103246.0,92380000.0,578.36,480.43,11.03,1.23,0.19,5367600,4957000.0,2026-05-22,16:14:13
601311,骆驼股份,9.23,9.17,9.2,9.28,9.12,164032.0,151060000.0,108.28,108.28,14.24,1.06,1.4,8619400,7783800.0,2026-05-22,16:14:15
601318,中国平安,53.68,53.76,54.11,54.2,53.47,669699.0,3603720000.0,9720.18,5722.32,7.32,0.95,0.63,28249300,38720600.0,2026-05-22,16:14:24
601319,中国人保,6.95,7.0,7.02,7.05,6.9,437249.0,304320000.0,3073.57,2467.09,7.21,0.96,0.12,18579800,25145100.0,2026-05-22,16:14:01
601326,秦港股份,3.38,3.42,3.42,3.43,3.38,174059.0,59080000.0,188.85,160.81,11.71,0.91,0.37,7490400,9915500.0,2026-05-22,16:14:24
601328,交通银行,6.64,6.64,6.64,6.73,6.6,1844811.0,1230760000.0,5867.36,1731.21,6.09,0.5,0.71,104805100,79676000.0,2026-05-22,16:14:24
601330,绿色动力,8.61,8.69,8.66,8.7,8.38,253004.0,215940000.0,123.17,85.16,19.27,1.49,2.56,11672800,13627600.0,2026-05-22,16:14:14
601333,广深铁路,3.03,3.03,3.04,3.05,3.01,506914.0,153500000.0,214.63,171.26,13.96,0.74,0.9,24503000,26188400.0,2026-05-22,16:14:01
601336,新华保险,58.51,59.19,59.3,59.6,58.3,173670.0,1019250000.0,1825.25,1220.19,4.95,1.48,0.83,7757900,9609100.0,2026-05-22,16:14:02
601339,百隆东方,7.89,7.87,8.01,8.16,7.77,134433.0,106340000.0,118.32,118.32,16.31,1.27,0.9,4563900,8879400.0,2026-05-22,16:14:16
601360,三六零,10.71,10.6,10.67,10.73,10.43,942991.0,998130000.0,749.65,749.65,116.15,2.57,1.35,48605000,45694200.0,2026-05-22,16:14:06
601366,利群股份,3.76,3.73,3.74,3.79,3.7,68449.0,25640000.0,36.09,36.09,-11.27,0.83,0.71,3385400,3459500.0,2026-05-22,16:14:13
601368,绿城水务,4.73,4.73,4.73,4.76,4.68,62109.0,29340000.0,41.76,41.76,35.29,0.86,0.7,2772800,3438100.0,2026-05-22,16:14:08
601369,陕鼓动力,8.93,8.96,9.05,9.08,8.84,100574.0,90080000.0,153.91,152.36,22.24,1.69,0.59,5157800,4899600.0,2026-05-22,16:14:25
601375,中原证券,3.9,3.95,3.97,3.98,3.86,518565.0,202490000.0,181.07,134.45,34.72,1.24,1.5,20167700,31688700.0,2026-05-22,16:14:09
601377,兴业证券,5.82,5.82,5.84,5.86,5.76,798793.0,463240000.0,502.61,502.61,16.01,0.89,0.92,37243000,42636300.0,2026-05-22,16:14:13
601388,怡球资源,3.63,3.53,3.55,3.67,3.49,465469.0,167000000.0,79.9,79.9,38.35,1.7,2.11,28733100,17813700.0,2026-05-22,16:14:13
601390,中国中铁,4.73,4.76,4.77,4.78,4.67,1434870.0,675500000.0,1167.66,968.65,5.5,0.36,0.7,61626600,81860400.0,2026-05-22,16:14:27
601398,工商银行,7.18,7.15,7.13,7.22,7.12,2315001.0,1660300000.0,25589.97,19358.16,6.89,0.66,0.09,121329800,110170300.0,2026-05-22,16:14:21
601399,国机重装,3.93,3.88,3.9,3.95,3.86,638259.0,249520000.0,283.49,283.49,59.12,1.91,0.88,32577300,31248600.0,2026-05-22,16:14:20
601456,国联民生,9.07,9.25,9.41,9.45,9.05,337458.0,308200000.0,515.23,396.99,24.19,0.96,0.77,14642500,19103300.0,2026-05-22,16:14:25
601500,通用股份,4.42,4.39,4.41,4.45,4.32,163592.0,71740000.0,70.25,69.97,31.19,1.14,1.03,8871400,7487800.0,2026-05-22,16:14:03
601512,中新集团,8.67,8.67,8.71,8.77,8.63,59070.0,51290000.0,129.95,129.95,14.19,0.84,0.39,2736000,3171000.0,2026-05-22,16:14:25
601515,衢州东峰,4.35,4.15,4.2,4.44,4.13,376025.0,159500000.0,83.71,83.71,-18.72,1.71,1.95,19270700,18331800.0,2026-05-22,16:14:24
601518,吉林高速,3.11,3.04,3.03,3.15,3.02,446234.0,137640000.0,58.8,58.8,11.96,1.01,2.36,21700200,22923200.0,2026-05-22,16:15:00
601519,大智慧,10.51,10.71,10.65,10.74,10.28,615862.0,643080000.0,209.06,209.06,-275.12,16.12,3.1,24609200,36977000.0,2026-05-22,16:14:16
601528,瑞丰银行,4.8,4.82,4.81,4.84,4.78,74776.0,36010000.0,94.18,83.25,4.8,0.48,0.43,3353600,4123900.0,2026-05-22,16:14:29
601555,东吴证券,7.89,8.01,8.05,8.09,7.89,428237.0,340060000.0,392.03,392.03,11.62,0.9,0.86,19449500,23374200.0,2026-05-22,16:14:28
601566,九牧王,12.12,12.05,12.05,12.18,11.8,221544.0,265710000.0,69.65,69.65,40.46,1.7,3.86,9403700,12750700.0,2026-05-22,16:14:08
601567,三星电气,17.87,18.01,18.1,18.23,17.77,176084.0,315220000.0,251.11,251.11,26.38,2.15,1.25,8173900,9434500.0,2026-05-22,16:14:11
601568,北元化工,3.78,3.72,3.73,3.8,3.72,154423.0,58040000.0,150.15,150.15,366.29,1.32,0.39,8562800,6879500.0,2026-05-22,16:14:16
601577,长沙银行,9.19,9.23,9.23,9.26,9.15,149928.0,138040000.0,369.58,369.5,4.49,0.5,0.37,7875100,7117700.0,2026-05-22,16:14:21
601579,会稽山,17.14,17.26,17.26,17.33,17.02,46161.0,79160000.0,82.18,82.18,30.34,2.11,0.96,2178200,2438000.0,2026-05-22,16:14:29
601588,北辰实业,1.82,1.77,1.78,1.86,1.76,584839.0,105790000.0,61.28,48.41,-2.15,0.94,2.2,33375900,25108000.0,2026-05-22,16:14:05
601595,上海电影,22.1,22.4,22.47,22.5,21.93,40692.0,89970000.0,99.05,99.05,163.37,5.85,0.91,1608600,2460700.0,2026-05-22,16:14:05
601598,中国外运,6.25,6.16,6.19,6.33,6.04,218935.0,135420000.0,448.36,322.34,11.05,1.07,0.42,12708400,9185100.0,2026-05-22,16:14:11
601599,浙文影业,3.31,3.31,3.31,3.34,3.26,164880.0,54330000.0,38.41,38.41,34.47,2.51,1.42,7547300,8940700.0,2026-05-22,16:14:09
601600,中国铝业,11.15,10.84,10.99,11.25,10.81,2034124.0,2256360000.0,1912.78,1468.83,13.04,2.37,1.54,108150900,95261500.0,2026-05-22,16:14:11
601601,中国太保,32.85,33.0,33.24,33.25,32.57,376200.0,1237190000.0,3160.28,2248.6,5.86,0.99,0.55,18946700,18673300.0,2026-05-22,16:14:18
601606,长城军工,36.68,37.03,37.09,37.2,36.5,81853.0,300120000.0,265.65,265.65,3835.59,12.17,1.13,3308900,4876400.0,2026-05-22,16:14:05
601607,上海医药,16.44,16.5,16.55,16.57,16.4,76186.0,125250000.0,609.65,458.55,10.49,0.79,0.27,3273400,4345200.0,2026-05-22,16:14:07
601608,中信重工,5.67,5.56,5.62,5.7,5.54,343523.0,193190000.0,259.66,259.66,68.4,2.75,0.75,20283100,14069100.0,2026-05-22,16:14:20
601609,金田股份,13.87,13.24,13.48,14.05,13.22,994289.0,1363910000.0,239.76,239.76,31.06,2.37,5.75,52512700,46916200.0,2026-05-22,16:14:20
601611,中国核建,12.38,12.37,12.39,12.45,12.22,231947.0,286440000.0,373.11,373.11,31.87,1.66,0.77,11378000,11816700.0,2026-05-22,16:14:28
601615,明阳智能,16.79,16.69,16.98,16.99,16.45,1178631.0,1968610000.0,379.71,379.71,99.28,1.44,5.21,56076300,61786800.0,2026-05-22,16:14:22
601616,广电电气,4.49,4.36,4.4,4.51,4.34,198504.0,88010000.0,38.33,38.33,-65.37,1.61,2.33,11653900,8196500.0,2026-05-22,16:14:05
601618,中国中冶,2.78,2.81,2.81,2.82,2.76,1248129.0,347550000.0,576.12,496.3,42.76,0.56,0.7,39637900,85175000.0,2026-05-22,16:14:14
601619,嘉泽新能,5.38,5.37,5.34,5.44,5.34,287939.0,155000000.0,156.71,130.99,25.86,1.97,1.18,13095700,15698200.0,2026-05-22,16:14:03
601628,中国人寿,33.82,34.05,34.02,34.21,33.63,222595.0,752910000.0,9559.12,7042.52,6.6,1.6,0.11,10439400,11820100.0,2026-05-22,16:14:06
601633,长城汽车,17.71,17.83,17.8,17.92,17.57,169841.0,301130000.0,1515.6,1099.66,16.73,1.72,0.27,8049500,8934600.0,2026-05-22,16:14:20
601636,旗滨集团,6.76,6.83,6.72,6.83,6.54,1694618.0,1133460000.0,200.0,200.0,123.4,1.34,5.73,77202900,92258900.0,2026-05-22,16:14:22
601658,邮储银行,4.94,4.92,4.92,4.95,4.87,1359414.0,668040000.0,5932.7,3582.87,6.75,0.57,0.19,76328100,59613300.0,2026-05-22,16:14:10
601665,齐鲁银行,6.14,6.15,6.14,6.19,6.11,385077.0,236830000.0,377.85,377.85,6.4,0.75,0.63,22877500,15630200.0,2026-05-22,16:14:28
601666,平煤股份,7.2,7.22,7.22,7.26,7.08,227196.0,162830000.0,177.79,177.79,89.04,0.81,0.92,10587100,12132500.0,2026-05-22,16:14:15
601668,中国建筑,4.78,4.8,4.81,4.82,4.78,1851218.0,886890000.0,1975.11,1975.11,5.21,0.4,0.45,74879800,110241900.0,2026-05-22,16:14:00
601669,中国电建,5.48,5.48,5.48,5.51,5.41,1833130.0,1000420000.0,943.99,716.32,10.11,0.64,1.4,79673500,103639600.0,2026-05-22,16:14:12
601677,明泰铝业,19.21,18.0,18.5,19.7,18.22,714620.0,1369350000.0,238.88,238.84,10.75,1.21,5.75,36848000,34614000.0,2026-05-22,16:14:01
601678,滨化股份,6.12,5.96,5.94,6.22,5.88,2001381.0,1218900000.0,125.88,125.05,45.65,1.08,9.79,105525800,94612300.0,2026-05-22,16:14:28
601686,友发集团,5.29,5.31,5.31,5.33,5.25,41312.0,21830000.0,77.84,77.84,11.51,1.17,0.28,1854100,2277100.0,2026-05-22,16:14:05
601688,华泰证券,18.16,18.66,18.8,18.87,18.1,1303747.0,2378000000.0,1639.28,1326.91,9.35,0.92,1.78,56436400,73938200.0,2026-05-22,16:14:04
601689,XD拓普集,72.05,72.12,72.0,72.57,70.4,521466.0,3735910000.0,1252.11,1252.11,45.28,5.27,3.0,22519800,29626800.0,2026-05-22,16:14:14
601696,中银证券,11.71,11.98,12.04,12.08,11.7,428511.0,504900000.0,325.3,325.3,28.88,1.68,1.54,17574600,25276500.0,2026-05-22,16:14:09
601698,中国卫通,33.37,33.11,33.15,33.5,32.8,271095.0,901130000.0,1409.68,1409.68,354.52,8.82,0.64,12628200,14481300.0,2026-05-22,16:14:18
601699,潞安环能,14.12,14.35,14.36,14.58,13.99,269902.0,382280000.0,422.39,422.39,35.89,0.91,0.9,12676900,14313200.0,2026-05-22,16:14:22
601700,风范股份,5.49,5.35,5.41,5.51,5.3,133476.0,72410000.0,62.52,62.52,-19.78,2.91,1.17,7579500,5768100.0,2026-05-22,16:14:02
601702,华峰铝业,20.07,18.39,18.4,20.23,18.4,258130.0,507240000.0,200.41,200.41,17.01,3.0,2.59,14744800,11068200.0,2026-05-22,16:14:01
601717,中创智领,18.97,18.2,18.32,19.25,18.17,325260.0,609820000.0,338.69,292.55,8.27,1.35,2.11,20324100,12201900.0,2026-05-22,16:14:07
601718,ST际华,2.24,2.22,2.23,2.25,2.2,247546.0,55120000.0,97.69,97.69,-23.08,0.81,0.57,12355300,12399300.0,2026-05-22,16:14:00
601727,上海电气,8.94,8.68,8.7,9.05,8.7,2394728.0,2133260000.0,1389.29,1127.84,107.33,2.53,1.9,144632100,94840600.0,2026-05-22,16:14:17
601728,中国电信,6.15,6.35,6.33,6.37,6.11,3258415.0,2018030000.0,5627.69,4774.23,17.77,1.2,0.42,125881800,199959700.0,2026-05-22,16:14:13
601766,中国中车,5.77,5.73,5.74,5.78,5.66,1647939.0,942540000.0,1655.92,1403.71,12.26,0.94,0.68,77254900,87538900.0,2026-05-22,16:14:18
601777,千里科技,12.43,12.34,12.42,12.62,12.28,689004.0,857940000.0,561.97,561.97,498.5,5.43,1.52,35612300,33288000.0,2026-05-22,16:14:11
601778,晶科科技,6.33,6.11,6.13,6.36,6.06,2123282.0,1334680000.0,236.59,236.59,100.29,1.51,5.68,117721700,94606500.0,2026-05-22,16:14:22
601788,光大证券,14.32,14.72,14.75,14.83,14.3,464410.0,669720000.0,660.26,559.44,16.22,1.06,1.19,19949800,26491200.0,2026-05-22,16:14:18
601789,宁波建工,5.78,5.56,5.63,5.82,5.55,652641.0,372900000.0,88.11,62.82,27.86,1.4,6.01,35943200,29320900.0,2026-05-22,16:14:14
601798,蓝科高新,8.56,8.38,8.41,8.64,8.28,55970.0,47270000.0,30.35,30.35,55.73,2.35,1.58,2925500,2671500.0,2026-05-22,16:14:14
601799,星宇股份,143.03,141.26,142.28,143.58,137.16,72598.0,1020730000.0,408.61,408.61,24.66,3.69,2.54,4244000,3015800.0,2026-05-22,16:14:11
601800,中国交建,6.31,6.4,6.39,6.4,6.27,407091.0,256960000.0,1026.93,743.55,7.67,0.35,0.35,16998500,23710600.0,2026-05-22,16:14:25
601801,皖新传媒,5.6,5.6,5.61,5.64,5.55,62015.0,34640000.0,109.64,109.64,14.62,0.9,0.32,2994900,3206600.0,2026-05-22,16:14:24
601808,中海油服,13.71,13.68,13.66,13.74,13.53,167166.0,228220000.0,654.19,405.88,17.17,1.38,0.56,8710700,8005800.0,2026-05-22,16:14:07
601811,新华文轩,12.96,13.02,13.06,13.09,12.88,16471.0,21340000.0,159.91,102.63,10.21,1.03,0.21,767300,879800.0,2026-05-22,16:14:08
601816,京沪高铁,4.86,4.85,4.87,4.89,4.83,1390671.0,675540000.0,2377.79,2377.79,17.81,1.13,0.28,74692900,64374200.0,2026-05-22,16:14:07
601818,光大银行,3.1,3.11,3.12,3.12,3.09,1113269.0,345260000.0,1831.65,1438.61,4.84,0.36,0.24,36675000,74651900.0,2026-05-22,16:14:03
601825,沪农商行,8.6,8.63,8.6,8.69,8.56,140341.0,120830000.0,829.42,806.2,6.72,0.63,0.15,7577900,6456200.0,2026-05-22,16:15:00
601827,三峰环境,7.82,7.83,7.85,7.89,7.74,55293.0,43160000.0,130.75,130.75,10.45,1.05,0.33,2365300,3164000.0,2026-05-22,16:14:14
601828,美凯龙,2.47,2.47,2.48,2.49,2.45,179940.0,44420000.0,107.54,89.23,-0.46,0.48,0.5,8502400,9491600.0,2026-05-22,16:14:09
601838,成都银行,18.54,18.75,18.63,18.71,18.47,167952.0,311630000.0,785.81,785.81,5.85,0.85,0.4,8840800,7954400.0,2026-05-22,16:14:03
601857,中国石油,11.08,11.29,11.28,11.31,11.01,1457316.0,1618820000.0,20278.72,17940.97,12.82,1.25,0.09,66122200,79609400.0,2026-05-22,16:14:15
601858,中国科传,26.09,26.06,26.31,27.19,25.3,140789.0,369080000.0,206.24,206.24,42.38,3.61,1.78,7116000,6962900.0,2026-05-22,16:14:13
601860,紫金银行,2.56,2.58,2.58,2.59,2.55,282828.0,72540000.0,93.72,90.92,7.49,0.46,0.8,8758500,19524300.0,2026-05-22,16:15:00
601865,福莱特,12.33,12.11,12.29,12.46,12.01,231212.0,282210000.0,288.88,234.4,31.65,1.31,1.22,12847500,10273700.0,2026-05-22,16:14:21
601866,中远海发,2.61,2.61,2.61,2.62,2.57,802004.0,208110000.0,344.46,254.53,22.34,1.11,0.82,34609200,45591200.0,2026-05-22,16:14:12
601868,中国能建,2.99,2.98,2.97,3.02,2.95,5305182.0,1581720000.0,1322.78,969.62,23.28,1.11,1.64,267294900,263223300.0,2026-05-22,16:14:11
601869,长飞光纤,388.66,375.8,380.0,389.98,375.86,100802.0,3872290000.0,3217.74,1579.27,278.07,22.61,2.48,5960400,4119800.0,2026-05-22,16:14:13
601872,招商轮船,18.08,17.8,18.2,18.38,17.65,1039652.0,1867360000.0,1459.88,1459.88,18.46,3.24,1.29,53673900,50291400.0,2026-05-22,16:14:04
601877,正泰电器,30.59,30.83,30.9,31.1,30.28,309148.0,947120000.0,657.37,657.37,14.27,1.44,1.44,13787800,17126900.0,2026-05-22,16:14:06
601878,浙商证券,9.42,9.55,9.55,9.61,9.41,334474.0,316170000.0,430.85,430.85,16.52,1.14,0.73,13555300,19892100.0,2026-05-22,16:14:11
601880,辽港股份,1.61,1.6,1.61,1.62,1.59,1101055.0,176700000.0,379.51,296.45,25.96,0.93,0.6,60673600,49431900.0,2026-05-22,16:14:25
601881,中国银河,12.13,12.41,12.48,12.51,12.13,514753.0,628060000.0,1326.34,878.63,10.34,1.09,0.71,20034400,31440900.0,2026-05-22,16:14:10
601882,海天精工,23.83,23.42,23.75,23.99,23.13,74861.0,177000000.0,124.39,124.39,28.18,4.28,1.43,4177700,3308400.0,2026-05-22,16:14:19
601886,江河集团,8.89,9.09,9.12,9.16,8.89,39618.0,35530000.0,100.72,100.72,16.28,1.44,0.35,1613400,2348400.0,2026-05-22,16:14:09
601888,中国中免,56.65,57.1,57.5,57.55,56.33,256782.0,1454780000.0,1177.07,1106.08,29.45,2.03,1.32,12741100,12937100.0,2026-05-22,16:14:12
601890,亚星锚链,9.72,9.68,9.78,9.87,9.61,193465.0,187690000.0,93.25,93.25,26.7,2.4,2.02,8863400,10483100.0,2026-05-22,16:15:00
601898,中煤能源,15.58,16.28,16.2,16.4,15.51,471132.0,740260000.0,2065.7,1425.88,11.63,1.26,0.51,18704100,28409100.0,2026-05-22,16:14:11
601899,紫金矿业,30.96,29.99,30.16,31.14,29.88,2681039.0,8208480000.0,8232.49,6378.32,13.34,4.17,1.3,144084500,124019400.0,2026-05-22,16:14:13
601900,南方传媒,12.18,12.15,12.16,12.19,12.01,53249.0,64380000.0,107.42,107.42,10.5,1.18,0.6,2179100,3145800.0,2026-05-22,16:14:00
601901,方正证券,7.06,7.01,7.02,7.13,6.93,872037.0,615290000.0,581.19,581.19,13.64,1.11,1.06,46487300,40716400.0,2026-05-22,16:14:21
601908,京运通,3.83,3.76,3.78,3.84,3.73,493117.0,187310000.0,92.48,92.48,-6.01,1.25,2.04,25573100,23738600.0,2026-05-22,16:14:06
601916,浙商银行,2.97,2.98,2.98,3.0,2.97,681339.0,202770000.0,815.7,639.87,6.29,0.44,0.32,25409400,42724500.0,2026-05-22,16:14:06
601918,新集能源,8.63,8.65,8.69,8.78,8.55,323713.0,279610000.0,223.56,223.56,10.39,1.28,1.25,17561500,14809800.0,2026-05-22,16:14:10
601919,中远海控,14.61,14.67,14.68,14.74,14.46,1009648.0,1476010000.0,2237.19,1834.47,8.93,0.95,0.8,48838100,52126700.0,2026-05-22,16:14:03
601921,浙版传媒,7.34,7.33,7.34,7.38,7.31,60291.0,44270000.0,163.11,163.11,13.0,1.12,0.27,2809600,3219500.0,2026-05-22,16:14:02
601928,凤凰传媒,9.07,9.06,9.07,9.14,9.03,44167.0,40230000.0,230.82,230.82,13.49,1.13,0.17,2550600,1866100.0,2026-05-22,16:14:04
601929,吉视传媒,2.89,3.0,3.02,3.03,2.84,2307700.0,666850000.0,100.85,99.62,-22.08,2.16,6.69,95504800,135265200.0,2026-05-22,16:14:18
601933,永辉超市,3.46,3.44,3.44,3.53,3.38,815950.0,282120000.0,314.0,314.0,-13.01,14.67,0.9,38884100,42710900.0,2026-05-22,16:14:25
601939,建设银行,10.1,10.05,10.05,10.13,9.86,1235571.0,1239370000.0,26421.64,968.96,7.73,0.74,1.29,69916400,53640700.0,2026-05-22,16:14:08
601949,中国出版,5.28,5.31,5.32,5.35,5.25,73883.0,39110000.0,100.53,100.53,17.47,1.01,0.39,3621300,3767000.0,2026-05-22,16:14:15
601952,苏垦农发,8.56,8.61,8.68,8.69,8.46,109967.0,94020000.0,117.96,117.96,22.92,1.67,0.8,5196100,5800600.0,2026-05-22,16:14:21
601956,东贝集团,5.62,5.51,5.51,5.65,5.44,71809.0,39910000.0,34.93,34.93,250.31,1.42,1.16,3837600,3343300.0,2026-05-22,16:14:11
601958,金钼股份,21.79,21.12,21.5,22.0,21.41,449218.0,976330000.0,703.08,703.08,20.81,3.55,1.39,22890000,22031700.0,2026-05-22,16:14:07
601963,重庆银行,11.25,11.47,11.4,11.47,11.12,170247.0,191400000.0,407.9,228.83,7.0,0.7,0.84,8321800,8703000.0,2026-05-22,16:14:11
601965,中国汽研,16.59,16.54,16.59,16.83,16.15,162628.0,267420000.0,166.41,165.64,15.85,2.08,1.63,7476100,8786700.0,2026-05-22,16:14:13
601966,玲珑轮胎,12.3,12.26,12.3,12.39,12.15,91679.0,112560000.0,180.01,180.01,17.22,0.79,0.63,4265000,4903000.0,2026-05-22,16:14:26
601968,宝钢包装,4.64,4.62,4.62,4.66,4.56,77336.0,35600000.0,59.2,59.2,30.24,1.3,0.61,4043800,3689800.0,2026-05-22,16:14:29
601969,海南矿业,10.47,10.34,10.36,10.53,10.25,166260.0,172790000.0,208.56,206.52,44.25,3.05,0.84,7927400,8698600.0,2026-05-22,16:14:26
601975,招商南油,5.8,5.73,5.87,6.0,5.6,5112396.0,2943090000.0,271.46,271.46,18.61,2.27,10.92,249183100,262056500.0,2026-05-22,16:14:18
601985,中国核电,8.71,8.74,8.75,8.77,8.66,1168581.0,1017950000.0,1791.47,1644.73,21.76,1.49,0.62,57130500,59727700.0,2026-05-22,16:14:12
601988,中国银行,5.86,5.8,5.79,5.88,5.71,3106328.0,1807610000.0,18881.65,12350.86,7.7,0.69,0.15,188736600,121896200.0,2026-05-22,16:14:14
601989,中国重工,5.1,5.1,0.0,0.0,0.0,0.0,0.0,1162.9,1162.9,46.1,1.36,0.0,0,0.0,2026-05-22,09:00:00
601990,南京证券,6.97,7.05,7.08,7.09,6.97,206911.0,144730000.0,306.65,256.94,28.03,1.3,0.56,9232300,11458800.0,2026-05-22,16:14:28
601991,大唐发电,6.89,7.05,7.0,7.16,6.68,7944991.0,5496920000.0,1275.11,854.09,15.86,3.46,6.41,377357400,417141700.0,2026-05-22,16:14:27
601992,金隅集团,1.68,1.53,1.55,1.68,1.54,1691542.0,280740000.0,179.39,140.01,-12.35,0.46,2.03,80108700,89045500.0,2026-05-22,16:14:14
601995,中金公司,33.68,34.14,34.2,34.35,33.65,195487.0,661230000.0,1625.82,984.65,14.35,1.58,0.67,8117500,11431200.0,2026-05-22,16:14:25
601996,丰林集团,2.98,2.92,2.97,3.02,2.88,439975.0,129570000.0,33.4,33.4,-27.55,1.36,3.93,23184900,20812600.0,2026-05-22,16:14:09
601997,贵阳银行,5.99,6.0,6.0,6.01,5.93,340045.0,203110000.0,219.01,219.01,4.15,0.33,0.93,18062100,15942400.0,2026-05-22,16:14:03
601998,中信银行,7.75,7.88,7.83,7.89,7.75,511375.0,399460000.0,4312.5,3159.13,6.06,0.58,0.13,22524600,28612900.0,2026-05-22,16:14:28
601999,出版传媒,6.42,6.41,6.44,6.51,6.35,63404.0,40780000.0,35.37,35.37,33.78,1.32,1.15,3646200,2694200.0,2026-05-22,16:14:18
603000,人民网,18.23,18.21,18.21,18.36,17.92,167901.0,304290000.0,201.57,201.57,105.77,5.24,1.52,7533600,9256600.0,2026-05-22,16:14:12
603001,奥康国际,9.69,8.81,8.78,9.69,8.78,198759.0,188410000.0,38.85,38.85,-22.65,1.64,4.96,9247600,10628300.0,2026-05-22,16:14:10
603002,宏昌电子,16.29,15.12,15.13,16.42,15.13,838969.0,1334710000.0,184.74,184.74,628.7,5.35,7.4,48809000,35087900.0,2026-05-22,16:14:14
603003,退市龙宇,2.44,2.44,0.0,0.0,0.0,0.0,0.0,9.18,9.18,-2.71,0.28,0.0,0,0.0,2026-05-22,09:00:00
603004,鼎龙科技,21.18,21.26,21.42,21.44,20.85,26279.0,55520000.0,49.88,12.47,35.15,2.4,4.46,1463200,1164800.0,2026-05-22,16:14:22
603005,晶方科技,39.14,36.08,36.1,39.66,35.43,1558009.0,5841050000.0,255.26,255.26,69.05,5.57,23.89,83710000,72090900.0,2026-05-22,16:14:19
603006,联明股份,14.25,13.84,13.84,14.3,13.7,43168.0,60540000.0,36.23,36.23,34.88,2.66,1.7,2482200,1834600.0,2026-05-22,16:14:15
603007,顺景科技,6.89,6.9,6.81,7.04,6.6,899519.0,614040000.0,60.95,47.89,-27.25,26.0,12.94,43380600,46571300.0,2026-05-22,16:14:17
603008,ST喜临门,8.96,8.96,8.51,9.34,8.51,405767.0,354890000.0,33.0,33.0,24.55,0.94,11.02,24164300,16412400.0,2026-05-22,16:14:29
603009,北特科技,58.8,55.83,55.0,59.66,54.38,277597.0,1584270000.0,203.68,198.98,164.7,9.91,8.2,14717100,13042600.0,2026-05-22,16:14:20
603010,万盛股份,13.62,13.29,13.39,13.77,13.22,65246.0,88080000.0,79.68,77.74,-8.34,3.14,1.14,3187800,3336800.0,2026-05-22,16:14:02
603011,合锻智能,19.81,19.3,19.48,19.84,19.02,159937.0,312960000.0,97.94,97.94,-34.4,5.25,3.23,8747900,7245800.0,2026-05-22,16:14:14
603012,创力集团,9.74,9.44,9.5,10.1,9.49,351454.0,344140000.0,62.97,62.97,68.7,1.64,5.44,16257200,18888300.0,2026-05-22,16:14:13
603013,XD亚普股,20.78,20.97,20.79,21.09,20.6,44595.0,92690000.0,105.61,105.61,18.83,2.37,0.88,2256600,2202900.0,2026-05-22,16:14:29
603015,弘讯科技,12.69,12.74,12.86,12.9,12.51,96025.0,121990000.0,51.3,51.3,193.93,3.69,2.38,4170400,5432200.0,2026-05-22,16:14:03
603016,新宏泰,48.6,48.0,47.53,48.96,47.2,31259.0,150980000.0,72.01,72.01,131.07,8.51,2.11,1816600,1309300.0,2026-05-22,16:14:13
603017,中衡设计,13.81,13.5,13.8,13.85,13.52,85748.0,117610000.0,38.14,38.14,78.43,2.55,3.1,4694200,3880700.0,2026-05-22,16:14:18
603018,华设集团,7.32,7.3,7.3,7.36,7.23,50206.0,36610000.0,50.05,50.05,17.6,0.92,0.73,1894200,3126400.0,2026-05-22,16:14:14
603019,中科曙光,94.8,93.25,93.26,95.44,93.02,555904.0,5239880000.0,1387.03,1386.65,62.54,6.15,3.8,30211200,25379200.0,2026-05-22,16:14:20
603020,爱普股份,10.12,10.12,10.25,10.3,10.01,77223.0,78500000.0,38.01,38.01,43.43,1.18,2.06,3558300,4163900.0,2026-05-22,16:14:17
603021,*ST华鹏,6.79,6.47,6.48,6.79,6.48,70172.0,47100000.0,21.72,21.72,-9.27,-10.52,2.19,4156400,2860700.0,2026-05-22,16:14:22
603022,新通联,11.21,10.98,11.05,11.27,10.81,51640.0,57030000.0,22.42,22.42,37.75,2.63,2.58,2445600,2718400.0,2026-05-22,16:14:23
603023,威帝股份,4.91,4.91,5.27,5.3,4.85,313390.0,156900000.0,27.4,27.4,25825.79,3.56,5.62,15437300,15901800.0,2026-05-22,16:15:00
603025,大豪科技,16.39,15.85,16.23,16.7,16.14,132678.0,217010000.0,183.02,181.79,23.47,7.43,1.2,6863400,6404400.0,2026-05-22,16:14:15
603026,XD石大胜,97.21,97.96,97.9,97.96,93.77,122426.0,1174080000.0,226.21,226.21,69.38,4.36,5.26,6208400,6034200.0,2026-05-22,16:14:01
603027,千禾味业,7.79,7.97,7.99,8.06,7.69,210510.0,164140000.0,103.85,97.35,30.99,2.96,1.68,7197300,13853700.0,2026-05-22,16:14:24
603028,赛福天,9.28,9.01,9.08,9.41,8.95,71039.0,65820000.0,26.64,26.37,-52.43,5.74,2.5,4042500,3061400.0,2026-05-22,16:14:06
603029,天鹅股份,18.58,18.23,18.34,18.75,18.01,25298.0,46560000.0,22.55,22.55,30.19,2.35,2.08,1198900,1330900.0,2026-05-22,16:14:18
603030,全筑股份,2.81,2.74,2.75,2.82,2.73,363600.0,100880000.0,37.01,37.01,-13.77,5.29,2.76,20191800,16168200.0,2026-05-22,16:14:20
603031,安孚科技,55.91,51.17,51.16,56.29,51.1,247950.0,1348720000.0,209.02,175.78,72.46,7.42,7.89,15208300,9586700.0,2026-05-22,16:14:15
603032,德新科技,23.25,22.96,23.0,23.44,22.52,110297.0,254670000.0,54.23,53.9,78.88,4.64,4.76,6289000,4740800.0,2026-05-22,16:14:08
603033,三维股份,11.04,10.78,10.88,11.22,10.7,87656.0,96090000.0,113.84,111.78,-21.89,4.51,0.87,4270500,4495100.0,2026-05-22,16:14:11
603035,常熟汽饰,12.93,12.79,12.76,12.96,12.65,38448.0,49300000.0,47.37,47.37,14.35,0.88,1.05,2216100,1628700.0,2026-05-22,16:14:06
603036,如通股份,14.8,14.52,14.56,14.97,14.4,44672.0,65930000.0,30.49,30.49,30.59,2.16,2.17,2718100,1749100.0,2026-05-22,16:14:14
603037,凯众股份,14.83,14.72,14.48,14.97,14.29,198823.0,291330000.0,39.58,39.47,56.08,3.98,7.47,9740200,10142200.0,2026-05-22,16:14:26
603038,华立股份,16.84,16.62,16.62,17.11,16.33,58384.0,97620000.0,45.25,45.25,54.35,3.15,2.17,2852300,2986100.0,2026-05-22,16:14:24
603039,泛微网络,38.4,38.5,38.38,38.9,37.42,85270.0,324860000.0,118.13,118.13,36.38,4.49,2.77,3794600,4732400.0,2026-05-22,16:14:12
603040,新坐标,94.0,91.0,91.0,95.0,88.51,54246.0,494460000.0,128.27,127.6,48.19,8.25,4.0,2464800,2959800.0,2026-05-22,16:15:00
603041,美思德,13.92,13.58,13.49,13.97,13.41,40761.0,55940000.0,25.49,25.49,43.34,1.67,2.23,2514200,1561900.0,2026-05-22,16:14:05
603042,华脉科技,21.55,20.55,20.88,21.74,20.35,104999.0,224280000.0,34.61,34.61,-62.03,4.15,6.54,5591400,4908500.0,2026-05-22,16:14:08
603043,广州酒家,14.13,14.14,14.23,14.26,14.0,39541.0,55860000.0,80.37,79.69,16.41,2.01,0.7,2301300,1652800.0,2026-05-22,16:14:12
603045,福达合金,65.29,63.83,64.0,65.62,63.37,80392.0,519190000.0,88.43,88.43,30.05,7.06,5.94,4071400,3967900.0,2026-05-22,16:14:15
603048,浙江黎明,22.41,22.26,22.35,22.6,21.89,17149.0,38190000.0,32.92,32.92,97.99,2.57,1.17,1017700,697200.0,2026-05-22,16:14:17
603050,科林电气,22.97,23.0,23.0,24.4,22.81,80696.0,187240000.0,92.64,92.64,40.69,5.04,2.0,3892900,4176700.0,2026-05-22,16:14:09
603051,鹿山新材,24.42,23.05,23.13,24.7,23.1,78228.0,187870000.0,39.47,39.47,-58.54,2.32,4.84,4560500,3262300.0,2026-05-22,16:14:11
603052,可川科技,97.59,94.18,96.53,98.39,95.26,63657.0,618610000.0,183.37,183.37,-2779.04,17.21,3.39,3140700,3225000.0,2026-05-22,16:14:06
603053,成都燃气,9.7,9.72,9.67,9.78,9.64,36989.0,35870000.0,86.22,86.22,18.39,1.71,0.42,1703800,1995100.0,2026-05-22,16:14:20
603055,台华新材,8.67,8.87,8.95,8.95,8.62,85317.0,74240000.0,77.19,76.91,15.44,1.43,0.96,3025100,5506600.0,2026-05-22,16:14:02
603056,德邦股份,18.85,18.85,0.0,0.0,0.0,0.0,0.0,190.68,190.68,-36.73,2.4,0.0,0,0.0,2026-05-22,09:00:00
603057,紫燕食品,26.87,27.31,27.49,27.68,26.52,34423.0,92780000.0,110.7,110.7,36.39,5.19,0.84,1671200,1771100.0,2026-05-22,16:14:19
603058,永吉股份,10.68,10.5,10.6,10.72,10.37,66239.0,69810000.0,44.29,44.18,141.47,3.74,1.6,3342400,3281500.0,2026-05-22,16:14:11
603059,倍加洁,29.78,29.35,29.52,30.03,29.15,8703.0,25810000.0,29.91,29.91,24.52,2.68,0.87,428200,442100.0,2026-05-22,16:14:01
603060,国检集团,6.82,6.93,7.08,7.14,6.72,190849.0,130590000.0,54.83,54.83,44.43,2.71,2.37,8336700,10748200.0,2026-05-22,16:14:04
603061,金海通,315.5,316.0,318.77,325.0,311.0,43087.0,1367550000.0,274.49,274.49,117.62,16.29,4.95,2040500,2268100.0,2026-05-22,16:14:24
603062,麦加芯彩,47.82,47.87,47.81,48.45,46.93,12465.0,59350000.0,51.65,17.73,30.36,2.59,3.36,657500,589000.0,2026-05-22,16:14:08
603063,禾望电气,58.13,56.85,57.32,58.18,55.55,338476.0,1929830000.0,267.13,267.13,56.03,5.18,7.37,18021500,15826100.0,2026-05-22,16:14:25
603065,宿迁联盛,8.12,7.92,7.97,8.17,7.84,40189.0,32230000.0,34.02,34.02,-222.89,1.7,0.96,2132600,1886300.0,2026-05-22,16:14:17
603066,音飞储存,11.8,11.41,11.48,11.85,11.46,66078.0,77110000.0,34.71,34.71,27.7,2.27,2.25,3593800,3014000.0,2026-05-22,16:14:14
603067,振华股份,45.0,42.56,43.02,46.8,43.02,432529.0,1950790000.0,339.99,339.99,51.26,8.83,5.72,23214700,20038200.0,2026-05-22,16:14:28
603068,博通集成,37.91,36.77,37.19,38.2,37.14,55326.0,208940000.0,57.54,57.54,261.81,3.28,3.64,2969900,2562700.0,2026-05-22,16:14:07
603069,海汽集团,19.01,18.45,18.46,19.06,18.06,154900.0,287450000.0,60.07,60.07,-96.69,7.78,4.9,7222600,8267400.0,2026-05-22,16:14:20
603070,万控智造,16.9,16.56,16.51,17.08,16.41,128589.0,215210000.0,67.77,67.77,111.52,3.13,3.21,6003800,6855200.0,2026-05-22,16:14:09
603071,物产环能,13.22,13.08,13.15,13.31,13.08,20976.0,27670000.0,73.76,73.76,11.24,1.24,0.38,1058600,1039000.0,2026-05-22,16:14:29
603072,天和磁材,38.04,36.71,36.8,38.2,36.65,38022.0,142990000.0,100.53,48.02,58.06,4.51,3.01,2558300,1243900.0,2026-05-22,16:14:25
603073,彩蝶实业,19.89,19.38,19.38,20.11,18.93,18308.0,35620000.0,23.07,10.12,38.49,1.66,3.6,911000,919800.0,2026-05-22,16:15:00
603075,热威股份,25.51,25.4,25.3,25.9,24.45,62454.0,158820000.0,102.67,10.52,31.51,5.25,15.14,2923900,3321500.0,2026-05-22,16:14:28
603076,乐惠国际,27.56,26.98,27.3,28.1,26.89,45448.0,125160000.0,33.27,33.27,129.34,2.57,3.77,2245700,2299100.0,2026-05-22,16:14:01
603077,和邦生物,2.63,2.55,2.56,2.64,2.53,1553672.0,403780000.0,232.27,232.27,-61.88,1.31,1.76,95306500,60060600.0,2026-05-22,16:14:08
603078,江化微,34.25,34.94,34.81,35.74,33.81,465674.0,1597130000.0,132.08,132.08,123.7,6.62,12.08,21276600,25290800.0,2026-05-22,16:14:10
603079,圣达生物,14.98,15.11,15.11,15.2,14.5,31043.0,45920000.0,28.32,28.32,52.81,1.77,1.64,1480900,1623400.0,2026-05-22,16:14:07
603080,新疆火炬,23.36,23.02,23.05,23.6,23.0,34791.0,81210000.0,33.05,33.05,15.71,2.03,2.46,1835000,1644100.0,2026-05-22,16:14:25
603081,大丰实业,11.14,11.2,11.3,11.38,11.06,38089.0,42460000.0,47.07,47.07,79.98,1.47,0.9,1688300,2120600.0,2026-05-22,16:14:07
603082,北自科技,42.73,42.8,41.7,44.9,39.66,164872.0,699990000.0,69.32,17.33,46.49,4.15,40.65,8317200,8170000.0,2026-05-22,16:14:21
603083,剑桥科技,190.0,179.19,181.35,191.99,179.56,242836.0,4530900000.0,670.04,523.62,191.23,8.98,8.81,13837700,10445900.0,2026-05-22,16:14:18
603085,天成自控,14.43,14.32,14.36,14.73,14.27,115689.0,167220000.0,57.3,57.3,64.32,5.92,2.91,5594200,5974800.0,2026-05-22,16:14:13
603086,先达股份,6.74,6.7,6.68,6.77,6.66,43830.0,29440000.0,29.31,29.31,21.39,1.38,1.01,2480000,1903000.0,2026-05-22,16:14:25
603087,甘李药业,54.1,54.61,54.61,54.96,53.81,49253.0,266700000.0,323.14,301.8,31.55,2.73,0.88,2244900,2680400.0,2026-05-22,16:14:24
603088,宁波精达,12.18,11.88,12.08,12.28,11.83,140136.0,169230000.0,61.19,53.33,66.68,5.33,3.2,7775200,6238400.0,2026-05-22,16:14:23
603089,正裕工业,11.19,11.13,11.13,11.39,11.03,22129.0,24790000.0,30.85,26.86,53.8,1.63,0.92,1272900,940000.0,2026-05-22,16:14:28
603090,宏盛股份,73.03,76.24,75.21,75.48,71.9,112647.0,826770000.0,73.03,73.03,95.9,11.75,11.26,5264700,6000000.0,2026-05-22,16:14:20
603091,众鑫股份,82.93,82.23,82.89,82.99,79.93,7063.0,57630000.0,84.79,26.07,29.45,3.71,2.25,360800,345500.0,2026-05-22,16:14:06
603093,南华期货,21.58,22.04,22.05,22.44,21.43,170566.0,372290000.0,154.89,131.65,25.59,2.69,2.8,7577200,9479400.0,2026-05-22,16:14:13
603095,越剑智能,21.63,22.08,22.1,22.59,21.4,61169.0,132350000.0,55.86,55.86,84.33,2.39,2.37,3017900,3098900.0,2026-05-22,16:14:16
603096,新经典,17.92,17.76,17.94,18.08,17.5,13120.0,23320000.0,27.64,27.64,37.79,1.47,0.85,771600,540500.0,2026-05-22,16:14:19
603097,江苏华辰,29.82,29.29,29.0,30.2,28.44,61167.0,179280000.0,49.25,47.86,98.8,4.57,3.81,2969300,3147400.0,2026-05-22,16:14:27
603098,森特股份,12.65,12.63,12.73,12.75,12.49,57023.0,71940000.0,68.27,68.16,75.43,2.39,1.06,2986100,2716200.0,2026-05-22,16:14:23
603099,长白山,37.0,38.38,38.54,38.74,36.46,104678.0,390060000.0,100.77,100.77,75.74,6.69,3.84,4274100,6193600.0,2026-05-22,16:14:01
603100,川仪股份,20.22,20.09,20.23,20.39,19.94,51480.0,104010000.0,103.76,103.43,16.18,2.17,1.01,2475600,2672400.0,2026-05-22,16:14:13
603101,汇嘉时代,7.77,7.7,7.69,7.84,7.56,96028.0,74000000.0,36.55,36.55,43.28,2.55,2.04,5256800,4345900.0,2026-05-22,16:14:29
603102,百合股份,39.4,38.82,38.82,39.58,38.27,6001.0,23410000.0,25.22,25.22,20.65,1.5,0.94,378000,222100.0,2026-05-22,16:14:29
603103,横店影视,19.75,19.88,19.88,19.99,19.52,44318.0,87330000.0,125.25,125.25,-87.29,9.8,0.7,2261500,2170300.0,2026-05-22,16:14:19
603105,芯能科技,9.4,9.2,9.16,9.42,9.1,117550.0,109080000.0,47.0,47.0,26.79,2.19,2.35,6506000,5249000.0,2026-05-22,16:14:06
603106,恒银科技,8.39,8.32,8.33,8.45,8.16,62295.0,51570000.0,43.67,43.67,152.36,3.3,1.2,3234100,2995400.0,2026-05-22,16:14:22
603107,上海汽配,14.14,14.04,14.09,14.23,13.9,31311.0,43900000.0,47.7,30.85,30.69,2.19,1.44,1430800,1700300.0,2026-05-22,16:14:20
603108,润达医疗,14.29,14.51,14.51,14.66,13.89,320402.0,453830000.0,86.27,86.27,-16.19,2.35,5.31,14258200,17782000.0,2026-05-22,16:14:24
603109,神驰机电,21.12,20.89,20.8,21.25,20.61,17085.0,35880000.0,44.11,44.11,50.45,2.24,0.82,871700,836800.0,2026-05-22,16:14:17
603110,东方材料,23.84,22.63,22.7,24.04,22.41,130132.0,303200000.0,47.97,47.97,4315.74,6.88,6.47,6978900,6034300.0,2026-05-22,16:14:05
603111,康尼机电,6.57,6.55,6.54,6.62,6.46,69677.0,45450000.0,56.64,56.03,15.9,1.38,0.82,3381700,3586000.0,2026-05-22,16:14:22
603112,华翔股份,22.15,22.29,22.39,22.69,21.98,118626.0,263230000.0,119.6,118.42,20.92,2.71,2.22,5865600,5997000.0,2026-05-22,16:14:23
603113,金能科技,5.27,5.18,5.21,5.28,5.13,87860.0,45800000.0,44.72,44.72,-6.94,0.61,1.04,5455200,3330700.0,2026-05-22,16:14:06
603115,海星股份,116.31,105.74,106.8,116.31,103.0,96418.0,1088120000.0,281.34,281.34,126.05,13.0,3.99,4294300,5347500.0,2026-05-22,16:14:24
603116,红蜻蜓,7.86,7.91,7.87,8.09,7.67,208656.0,163350000.0,45.29,45.29,-33.53,1.79,3.62,10509900,10355700.0,2026-05-22,16:14:13
603117,万林物流,4.98,4.87,4.91,5.08,4.85,124427.0,61960000.0,29.84,29.84,405.97,2.91,2.08,7101100,5341600.0,2026-05-22,16:14:20
603118,共进股份,14.22,14.02,14.02,14.3,13.8,544296.0,765480000.0,111.95,111.95,140.05,2.21,6.91,28208300,26221300.0,2026-05-22,16:14:08
603119,浙江荣泰,79.9,80.18,80.01,81.34,77.99,284925.0,2274450000.0,377.82,211.77,129.99,18.65,10.75,12115200,16377300.0,2026-05-22,16:14:04
603121,华培动力,18.22,18.71,18.31,18.9,17.3,133499.0,243540000.0,61.68,61.68,-100.97,5.62,3.94,6738000,6611900.0,2026-05-22,16:14:22
603122,合富中国,13.64,13.44,13.39,13.71,13.38,110514.0,150190000.0,54.29,54.29,-151.12,5.2,2.78,5732100,5319300.0,2026-05-22,16:14:12
603123,翠微股份,10.64,10.72,10.77,10.85,10.5,138893.0,147120000.0,84.99,69.4,-19.8,5.22,2.13,6484100,7405200.0,2026-05-22,16:14:22
603124,江南新材,126.01,117.85,117.83,127.9,117.0,26537.0,327690000.0,183.65,97.79,70.44,9.52,3.42,1568900,1084700.0,2026-05-22,16:14:17
603125,常青科技,26.39,25.97,26.49,26.96,25.8,120028.0,316180000.0,106.84,106.84,52.36,4.22,2.96,6230100,5772700.0,2026-05-22,16:14:01
603126,中材节能,8.19,8.01,8.01,8.29,7.98,169592.0,138220000.0,50.0,50.0,152.6,2.44,2.78,9904100,7055100.0,2026-05-22,16:14:23
603127,昭衍新药,41.35,42.77,42.47,43.0,40.46,571069.0,2361460000.0,309.86,260.65,62.59,3.62,9.06,26846000,30260900.0,2026-05-22,16:14:10
603128,华贸物流,5.45,5.47,5.47,5.5,5.41,117009.0,63780000.0,71.34,71.34,15.41,1.13,0.89,4930500,6770400.0,2026-05-22,16:14:02
603129,XD春风动,238.15,239.19,241.99,242.28,238.0,9631.0,230990000.0,365.52,365.52,21.72,4.97,0.63,470100,493000.0,2026-05-22,16:14:05
603130,云中马,46.7,46.21,46.3,47.28,44.73,13962.0,65140000.0,64.22,64.22,59.14,4.58,1.02,806700,589500.0,2026-05-22,16:14:08
603131,上海沪工,21.64,21.6,21.55,21.73,21.2,96043.0,206350000.0,72.91,72.91,-490.75,4.42,2.85,5024900,4579400.0,2026-05-22,16:14:28
603132,金徽股份,18.07,18.04,18.03,18.56,17.96,60435.0,110140000.0,176.72,176.72,27.05,5.55,0.62,3548700,2494800.0,2026-05-22,16:14:10
603135,中重科技,11.79,11.36,11.51,11.93,11.24,54194.0,62820000.0,74.78,74.22,-433.6,2.53,0.86,2880900,2538500.0,2026-05-22,16:14:21
603136,天目湖,9.89,9.85,9.89,9.93,9.76,20857.0,20560000.0,26.72,26.72,29.06,1.93,0.77,1068900,1016800.0,2026-05-22,16:14:02
603137,恒尚节能,13.59,13.33,13.35,13.62,13.15,22469.0,30140000.0,24.86,24.86,-53.61,2.08,1.23,1327700,919200.0,2026-05-22,16:14:14
603138,海量数据,17.98,17.6,17.69,18.14,17.34,107142.0,190180000.0,52.84,51.84,-74.09,6.53,3.72,5849400,4864800.0,2026-05-22,16:14:16
603139,康惠股份,39.3,38.15,38.09,39.6,37.0,51304.0,200330000.0,39.25,39.25,-13.29,7.19,5.14,3315400,1815000.0,2026-05-22,16:14:06
603150,万朗磁塑,68.35,65.51,66.0,70.1,65.4,23167.0,158040000.0,58.43,58.43,58.07,3.36,2.71,1203600,1113100.0,2026-05-22,16:14:24
603151,邦基科技,14.52,14.26,14.28,14.58,14.12,19734.0,28310000.0,24.85,24.85,28.59,1.8,1.15,1211800,761600.0,2026-05-22,16:14:24
603153,上海建科,15.1,15.06,15.1,15.17,14.95,14043.0,21100000.0,61.89,60.97,16.67,1.59,0.35,689000,715400.0,2026-05-22,16:14:09
603155,新亚强,19.81,19.7,19.7,20.2,19.2,114655.0,224890000.0,62.56,62.56,73.59,2.83,3.63,5851900,5613600.0,2026-05-22,16:14:04
603156,养元饮品,44.78,44.15,43.52,45.66,43.2,237371.0,1052780000.0,564.35,564.35,39.59,5.69,1.88,11942300,11794700.0,2026-05-22,16:14:19
603158,腾龙股份,14.53,13.8,13.79,15.1,13.78,585312.0,849600000.0,71.31,71.31,119.41,3.14,11.93,29040500,29490700.0,2026-05-22,16:14:09
603159,上海亚虹,28.97,27.44,27.72,29.1,27.3,46788.0,133120000.0,40.56,40.56,-398.0,8.18,3.34,2676100,2002700.0,2026-05-22,16:14:14
603160,汇顶科技,64.6,63.46,64.0,65.03,63.03,56316.0,360730000.0,300.96,300.96,39.66,3.27,1.21,2959000,2672600.0,2026-05-22,16:14:15
603161,科华控股,14.03,13.7,13.7,14.13,13.5,36112.0,49930000.0,27.28,26.76,31.14,1.78,1.89,1861700,1749500.0,2026-05-22,16:14:20
603162,海通发展,12.13,12.16,12.3,12.3,11.88,236583.0,287440000.0,166.57,50.17,27.41,3.63,5.72,11025900,12632500.0,2026-05-22,16:14:20
603163,圣晖集成,112.82,115.39,115.3,116.55,107.1,42366.0,471190000.0,112.82,112.82,68.67,9.44,4.24,2098100,2138500.0,2026-05-22,16:14:06
603165,荣晟环保,17.8,18.35,18.35,18.66,17.8,139768.0,252720000.0,57.04,57.04,24.91,2.12,4.36,6084800,7892000.0,2026-05-22,16:14:27
603166,福达股份,14.32,14.2,14.2,14.59,14.06,68570.0,97840000.0,92.46,91.75,28.31,3.55,1.07,3436000,3421000.0,2026-05-22,16:14:17
603167,渤海轮渡,9.07,9.08,9.12,9.14,9.03,38413.0,34830000.0,42.55,42.55,17.1,1.2,0.82,1594200,2247000.0,2026-05-22,16:14:15
603168,莎普爱思,6.19,6.12,6.14,6.23,6.04,57004.0,35000000.0,23.16,23.06,-8.46,1.75,1.53,3170000,2530400.0,2026-05-22,16:14:04
603169,兰石重装,8.48,8.44,8.52,8.55,8.38,126641.0,107280000.0,110.77,110.77,-18.3,4.17,0.97,6583600,6080600.0,2026-05-22,16:14:02
603170,宝立食品,12.24,12.16,12.35,12.35,12.03,23359.0,28390000.0,48.96,48.96,18.14,3.16,0.58,975700,1360200.0,2026-05-22,16:14:01
603171,税友股份,53.99,55.48,55.5,55.98,53.51,59531.0,322290000.0,219.39,219.14,153.66,8.52,1.47,2933100,3020000.0,2026-05-22,16:14:25
603172,万丰股份,22.1,21.88,21.93,22.28,21.45,33089.0,72730000.0,29.48,29.48,56.85,2.65,2.48,1798700,1510200.0,2026-05-22,16:14:19
603173,福斯达,37.37,36.56,36.65,37.58,36.55,11663.0,43290000.0,59.79,59.79,15.02,2.88,0.73,679300,487000.0,2026-05-22,16:15:00
603176,汇通集团,5.59,5.39,5.4,5.59,5.33,59845.0,32710000.0,26.57,25.82,126.7,2.49,1.3,3465600,2518900.0,2026-05-22,16:14:21
603177,德创环保,11.6,11.74,11.88,12.12,11.32,82711.0,96070000.0,23.69,23.69,-44.73,7.33,4.05,3475500,4795600.0,2026-05-22,16:14:14
603178,圣龙股份,19.99,19.83,19.83,20.49,19.77,212453.0,427370000.0,47.26,47.26,-29.25,4.13,8.99,9846000,11399400.0,2026-05-22,16:14:11
603179,新泉股份,61.1,61.94,60.82,64.98,60.2,618720.0,3863470000.0,436.38,436.38,54.19,5.89,8.66,27506000,34366000.0,2026-05-22,16:14:28
603180,金牌家居,18.35,18.44,18.41,18.61,18.17,15658.0,28700000.0,28.31,28.31,-104.12,1.05,1.02,581600,984200.0,2026-05-22,16:14:04
603181,皇马科技,15.25,14.93,15.0,15.33,14.83,83287.0,125830000.0,89.78,89.78,20.07,2.48,1.41,4404800,3924000.0,2026-05-22,16:14:23
603182,嘉华股份,14.22,14.1,14.17,14.26,13.84,23509.0,33120000.0,23.4,23.4,27.11,2.07,1.43,1140800,1210100.0,2026-05-22,16:14:29
603183,建研院,4.53,4.4,4.42,4.57,4.34,132523.0,59070000.0,22.52,22.52,197.01,1.41,2.67,7464600,5787700.0,2026-05-22,16:14:19
603185,弘元绿能,20.7,20.52,20.52,20.92,20.41,186261.0,385510000.0,141.4,140.56,-335.71,1.2,2.74,11168000,7458100.0,2026-05-22,16:14:02
603186,华正新材,123.84,112.58,115.29,123.84,115.29,154231.0,1859410000.0,194.17,194.17,67.13,8.36,9.84,8222700,7200400.0,2026-05-22,16:14:17
603187,海容冷链,13.32,13.16,13.28,13.41,13.08,35722.0,47330000.0,51.47,50.93,13.23,1.2,0.93,1634100,1938100.0,2026-05-22,16:14:26
603188,亚邦股份,4.96,4.82,4.88,5.0,4.75,128183.0,62840000.0,28.28,28.28,-63.16,4.01,2.25,6933200,5885100.0,2026-05-22,16:14:07
603189,*ST网达,12.21,12.26,12.19,12.48,12.09,38290.0,46980000.0,32.91,32.91,-1177.88,2.23,1.42,1868700,1960300.0,2026-05-22,16:15:00
603190,亚通精工,28.66,28.59,28.59,28.72,28.14,36433.0,103600000.0,35.69,11.78,28.49,1.59,8.86,1878000,1765300.0,2026-05-22,16:14:08
603191,望变电气,21.73,21.81,22.0,22.23,21.26,187531.0,406830000.0,71.7,71.7,106.96,2.86,5.68,8677200,10075900.0,2026-05-22,16:14:02
603192,汇得科技,21.74,21.25,21.4,21.87,21.1,10804.0,23300000.0,36.35,30.31,47.14,1.66,0.77,613600,466800.0,2026-05-22,16:14:13
603193,润本股份,22.97,23.5,23.6,23.74,22.88,29980.0,69240000.0,92.94,23.74,28.78,4.09,2.9,1481200,1516800.0,2026-05-22,16:14:13
603194,中力股份,36.82,35.72,35.89,37.14,35.89,25739.0,94490000.0,147.65,58.19,17.39,2.68,1.63,1494700,1079200.0,2026-05-22,16:14:08
603195,公牛集团,44.03,43.9,44.34,44.42,43.02,58245.0,254720000.0,796.02,792.83,19.16,4.47,0.32,2584000,3240400.0,2026-05-22,16:14:16
603196,璞源材料,26.62,26.31,26.32,26.93,26.15,34721.0,92070000.0,111.45,63.09,326.43,5.59,1.47,1527900,1944200.0,2026-05-22,16:14:12
603197,保隆科技,34.73,35.28,35.22,35.33,34.32,52490.0,182010000.0,74.29,73.33,39.31,2.31,2.49,2230100,3018900.0,2026-05-22,16:14:02
603198,迎驾贡酒,35.67,36.69,36.69,36.87,35.38,49360.0,176880000.0,285.36,285.36,14.33,2.49,0.62,2154100,2781900.0,2026-05-22,16:14:03
603199,九华旅游,33.78,34.17,34.3,34.36,33.66,16557.0,56100000.0,37.39,37.39,17.49,2.28,1.5,548300,1107400.0,2026-05-22,16:14:18
603200,上海洗霸,54.57,55.12,55.38,55.51,53.79,55669.0,303500000.0,95.76,95.76,116.79,8.71,3.17,2859700,2707200.0,2026-05-22,16:14:16
603201,常润股份,15.8,15.63,15.48,15.96,15.3,33571.0,52500000.0,30.02,29.76,15.27,1.68,1.78,1673800,1683300.0,2026-05-22,16:14:03
603203,快克智能,60.5,59.05,59.35,61.0,57.75,128352.0,765500000.0,153.59,150.74,103.01,10.23,5.15,6058000,6777200.0,2026-05-22,16:14:02
603205,健尔康,25.91,25.83,25.83,25.97,25.68,6818.0,17620000.0,40.42,10.71,36.71,2.65,1.65,312800,369000.0,2026-05-22,16:14:22
603206,嘉环科技,19.04,20.28,19.24,19.39,18.25,279318.0,526500000.0,58.11,58.11,122.25,2.55,9.15,13922900,14008900.0,2026-05-22,16:14:07
603207,小方制药,24.62,24.91,24.94,25.27,24.52,10125.0,25010000.0,39.59,13.39,19.44,3.44,1.86,467100,545400.0,2026-05-22,16:14:07
603208,江山欧派,13.29,13.39,13.1,13.46,13.02,19436.0,25690000.0,23.37,23.37,-9.96,2.31,1.11,1026600,917000.0,2026-05-22,16:14:13
603209,兴通股份,14.06,14.28,14.28,14.39,14.04,52253.0,73970000.0,45.7,45.2,14.85,1.32,1.63,2290500,2934800.0,2026-05-22,16:14:11
603211,晋拓股份,29.76,29.54,29.48,30.64,28.83,69921.0,208750000.0,80.89,80.89,129.34,6.46,2.57,3439100,3553000.0,2026-05-22,16:14:17
603212,赛伍技术,14.54,14.07,14.09,14.59,14.09,161846.0,232330000.0,63.61,63.61,-25.83,2.66,3.7,9345200,6839500.0,2026-05-22,16:14:11
603213,镇洋发展,13.82,13.65,13.62,13.97,13.62,59601.0,82090000.0,61.08,61.08,81.21,3.18,1.35,3392500,2567600.0,2026-05-22,16:14:10
603214,爱婴室,15.78,15.5,15.66,15.88,15.31,24444.0,38110000.0,21.86,21.86,26.24,1.89,1.76,1264200,1180200.0,2026-05-22,16:14:04
603215,比依股份,17.5,17.52,17.46,17.76,17.36,18808.0,33030000.0,37.68,32.76,75.43,2.21,1.0,904200,976600.0,2026-05-22,16:15:00
603216,梦天家居,26.11,27.91,28.2,28.39,25.13,132658.0,345720000.0,58.14,58.14,90.94,3.22,5.96,5367100,7898700.0,2026-05-22,16:14:28
603217,元利科技,28.63,28.35,28.56,29.1,28.15,38564.0,110840000.0,59.58,59.58,28.75,1.72,1.85,1933500,1922900.0,2026-05-22,16:14:07
603218,日月股份,12.27,12.12,12.11,12.4,12.01,122296.0,149600000.0,126.42,126.25,24.43,1.21,1.19,6240500,5989200.0,2026-05-22,16:14:14
603219,富佳股份,18.2,18.11,18.15,18.58,18.08,84510.0,154720000.0,102.17,102.17,185.95,6.32,1.51,4400300,4050700.0,2026-05-22,16:14:20
603220,中贝通信,30.62,29.92,30.26,30.92,29.61,358124.0,1086320000.0,164.23,132.97,262.56,4.26,8.25,18075700,17736700.0,2026-05-22,16:14:19
603221,爱丽家居,12.46,12.57,12.61,12.74,12.32,34698.0,43390000.0,30.47,30.19,-153.72,1.94,1.43,1616100,1853700.0,2026-05-22,16:14:02
603222,济民健康,9.77,9.51,9.53,10.22,9.4,225476.0,222400000.0,51.3,51.3,-19.89,4.61,4.29,13020800,9526800.0,2026-05-22,16:15:00
603223,恒通股份,10.7,9.73,9.72,10.7,9.66,337434.0,354560000.0,75.52,75.52,23.84,1.85,4.78,15553700,18189700.0,2026-05-22,16:14:16
603225,新凤鸣,16.65,16.61,16.81,16.85,16.41,121078.0,201500000.0,279.3,277.81,25.86,1.33,0.73,5470600,6637200.0,2026-05-22,16:14:06
603226,菲林格尔,50.13,49.8,49.8,51.0,48.1,40759.0,200420000.0,178.21,178.21,-227.92,20.93,1.15,1791300,2284600.0,2026-05-22,16:14:04
603227,XD雪峰科,8.41,8.44,8.51,8.51,8.38,82174.0,69220000.0,90.13,90.13,18.56,1.78,0.77,2949200,5268200.0,2026-05-22,16:14:19
603228,景旺电子,82.5,75.0,78.4,82.5,78.4,446157.0,3657310000.0,812.51,805.03,71.35,6.37,4.57,18497200,26118500.0,2026-05-22,16:14:18
603229,奥翔药业,10.11,10.35,10.4,10.41,10.03,113997.0,115650000.0,83.94,83.94,77.7,3.55,1.37,4557900,6841800.0,2026-05-22,16:14:02
603230,内蒙新华,10.17,10.09,10.14,10.24,10.04,13105.0,13300000.0,35.95,35.95,43.61,1.27,0.37,624900,685600.0,2026-05-22,16:14:12
603231,索宝蛋白,16.81,16.67,16.7,16.92,16.59,14219.0,23800000.0,32.18,17.86,18.18,1.59,1.34,703900,718000.0,2026-05-22,16:14:00
603232,格尔软件,20.04,18.22,20.04,20.04,19.99,158883.0,318400000.0,46.91,46.35,-74.32,3.61,6.87,1899600,13988700.0,2026-05-22,16:14:18
603233,大参林,17.28,17.41,17.45,17.75,17.26,48040.0,83980000.0,196.79,196.79,15.3,2.56,0.42,2180600,2623400.0,2026-05-22,16:14:18
603235,天新药业,24.62,24.81,24.81,25.0,24.56,4234.0,10460000.0,107.78,107.78,20.73,2.13,0.1,164800,258600.0,2026-05-22,16:14:14
603236,移远通信,74.96,74.51,75.0,76.59,74.01,73745.0,555000000.0,215.75,196.14,28.15,3.08,2.82,3091500,4283000.0,2026-05-22,16:14:25
603237,五芳斋,16.03,16.03,16.04,16.13,15.82,13240.0,21130000.0,31.59,30.43,28.83,1.95,0.7,637200,686900.0,2026-05-22,16:14:23
603238,诺邦股份,14.42,14.26,14.39,14.49,14.03,26514.0,37870000.0,25.6,25.6,21.71,1.71,1.49,1558600,1092800.0,2026-05-22,16:14:07
603239,浙江仙通,22.32,22.25,22.53,22.53,21.93,54358.0,120480000.0,60.42,60.42,29.58,4.39,2.01,3002600,2433200.0,2026-05-22,16:14:03
603255,鼎际得,33.8,33.58,33.46,34.0,32.89,25226.0,84470000.0,45.49,20.51,175.17,2.87,4.16,1441100,1081500.0,2026-05-22,16:14:08
603256,宏和科技,159.37,144.88,148.0,159.37,147.99,194299.0,3052710000.0,1441.64,1402.02,463.15,52.02,2.21,8032100,11397800.0,2026-05-22,16:14:04
603258,电魂网络,14.92,14.8,14.8,15.05,14.61,20855.0,30950000.0,36.39,36.01,-15.27,1.87,0.86,1098300,987200.0,2026-05-22,16:14:23
603259,药明康德,103.98,104.23,105.38,105.45,102.58,332227.0,3448080000.0,3102.51,2571.72,15.41,3.68,1.34,15030300,18192400.0,2026-05-22,16:14:11
603260,合盛硅业,40.65,39.81,39.99,40.88,39.48,85193.0,343740000.0,480.57,480.57,-15.14,1.63,0.72,4994200,3525200.0,2026-05-22,16:14:25
603261,*ST立航,37.05,35.29,35.44,37.05,35.39,6122.0,22320000.0,28.72,28.72,-13.34,5.74,0.79,419200,193000.0,2026-05-22,16:14:25
603266,天龙股份,20.8,20.6,20.4,20.99,20.4,56941.0,118180000.0,41.37,41.37,37.5,2.55,2.86,2579200,3114800.0,2026-05-22,16:14:11
603267,鸿远电子,64.89,58.99,59.53,64.89,59.53,237103.0,1508720000.0,149.95,149.95,52.43,3.36,10.26,13375700,10334600.0,2026-05-22,16:14:27
603268,松发股份,142.0,143.8,145.5,145.83,141.11,69462.0,989830000.0,1378.51,331.21,39.45,13.07,2.98,3677300,3268900.0,2026-05-22,16:14:17
603269,海鸥股份,23.1,21.0,21.5,23.1,21.28,178020.0,397390000.0,71.32,71.32,59.86,6.91,5.77,9192800,8609200.0,2026-05-22,16:14:13
603270,金帝股份,31.74,31.1,31.6,32.24,30.65,66867.0,210610000.0,69.54,22.45,46.26,3.03,9.46,3486400,3200300.0,2026-05-22,16:14:03
603271,永杰新材,48.38,46.55,46.5,48.72,46.13,35472.0,169300000.0,95.17,45.76,20.74,3.13,3.75,1959200,1588000.0,2026-05-22,16:14:05
603272,*ST联翔,32.98,33.3,33.5,34.21,32.0,45418.0,150160000.0,34.18,34.18,-197.42,6.34,4.38,2123200,2418600.0,2026-05-22,16:14:04
603273,天元智能,16.62,16.13,16.29,16.84,16.11,26907.0,44350000.0,35.62,9.32,128.56,4.01,4.8,1421500,1269200.0,2026-05-22,16:14:11
603275,众辰科技,48.77,48.98,49.28,49.3,47.38,29018.0,140290000.0,72.56,20.26,40.03,2.4,6.99,1441900,1459900.0,2026-05-22,16:14:27
603276,恒兴新材,17.78,17.31,17.35,18.02,17.16,25041.0,43970000.0,36.92,13.45,50.53,2.05,3.31,1400100,1104000.0,2026-05-22,16:14:14
603277,银都股份,12.65,12.53,12.66,12.75,12.4,15175.0,19070000.0,77.63,77.13,23.64,2.72,0.25,908300,609200.0,2026-05-22,16:14:22
603278,大业股份,14.18,13.86,14.05,14.97,13.95,513608.0,738510000.0,48.46,48.46,-112.81,2.5,15.03,25645600,25715200.0,2026-05-22,16:14:17
603279,景津装备,15.21,15.19,15.34,15.45,14.99,88100.0,133530000.0,87.67,87.67,18.37,1.89,1.53,3723000,5087100.0,2026-05-22,16:14:28
603280,南方路机,30.95,30.64,30.8,31.28,30.29,10987.0,33880000.0,33.55,33.55,35.27,2.42,1.01,718300,380400.0,2026-05-22,16:14:10
603281,江瀚新材,38.98,37.48,37.87,39.08,37.53,49365.0,189360000.0,145.53,145.53,34.24,2.97,1.32,2595200,2341300.0,2026-05-22,16:14:19
603282,亚光股份,17.64,17.13,17.31,17.79,17.01,19667.0,34280000.0,23.61,23.61,35.69,1.79,1.47,931800,1034900.0,2026-05-22,16:14:12
603283,赛腾股份,67.19,67.0,67.91,68.4,66.65,214517.0,1447400000.0,182.2,182.2,35.89,5.11,7.91,11542500,9909200.0,2026-05-22,16:14:07
603285,键邦股份,53.38,51.95,52.87,55.28,51.33,52859.0,282050000.0,85.41,33.25,65.2,4.96,8.48,2364400,2921500.0,2026-05-22,16:14:19
603286,日盈电子,70.29,68.35,68.36,71.8,66.3,68613.0,478270000.0,82.67,81.28,-163.42,10.16,5.93,3855300,3006000.0,2026-05-22,16:14:27
603288,海天味业,35.29,35.34,35.37,35.5,34.88,162277.0,569610000.0,2065.11,1962.34,28.37,4.91,0.29,6655500,9572100.0,2026-05-22,16:14:15
603289,泰瑞机器,12.13,11.17,11.16,12.29,11.1,211656.0,253370000.0,35.59,35.59,45.38,2.39,7.21,11288900,9876700.0,2026-05-22,16:14:11
603290,斯达半导,131.75,122.23,123.78,134.4,122.49,179546.0,2317990000.0,315.51,315.51,96.15,4.53,7.5,10235700,7718800.0,2026-05-22,16:14:26
603291,联合水务,11.27,11.51,11.67,11.7,10.38,200022.0,216370000.0,47.7,47.7,46.0,2.61,4.73,8999800,11002400.0,2026-05-22,16:14:20
603296,华勤技术,108.94,105.04,106.88,109.72,105.1,139289.0,1501770000.0,1170.32,621.49,27.39,4.37,2.44,7660600,6268300.0,2026-05-22,16:14:18
603297,永新光学,147.51,145.35,146.22,149.39,144.0,20317.0,298270000.0,163.64,163.34,77.8,7.78,1.83,1061100,970600.0,2026-05-22,16:14:11
603298,杭叉集团,27.38,27.59,27.72,28.0,27.31,50930.0,140510000.0,358.63,358.63,16.08,2.98,0.39,2845800,2247200.0,2026-05-22,16:14:21
603299,苏盐井神,10.3,10.23,10.29,10.44,10.19,52092.0,53760000.0,98.37,80.39,20.93,1.2,0.67,2592000,2617200.0,2026-05-22,16:14:07
603300,海南华铁,6.07,6.12,6.15,6.17,6.02,371062.0,225530000.0,121.07,121.07,27.18,1.81,1.86,15005100,22101000.0,2026-05-22,16:14:27
603301,振德医疗,92.7,90.05,92.32,93.36,89.87,37546.0,344490000.0,244.61,244.61,92.65,4.3,1.42,2499600,1255000.0,2026-05-22,16:14:15
603303,得邦照明,22.56,22.3,22.3,22.94,21.8,51862.0,115980000.0,107.6,107.6,43.61,3.34,1.09,2586000,2600200.0,2026-05-22,16:14:14
603305,旭升集团,16.89,17.11,17.21,17.28,16.54,491058.0,827850000.0,195.2,195.2,49.46,2.09,4.25,22684500,26421300.0,2026-05-22,16:14:15
603306,华懋科技,107.92,107.48,108.0,110.23,106.18,121930.0,1322050000.0,355.59,355.59,248.6,11.06,3.7,6323900,5869100.0,2026-05-22,16:14:07
603307,扬州金泉,44.0,42.46,42.51,44.18,42.06,10409.0,45150000.0,29.95,29.48,26.8,2.07,1.55,605900,435000.0,2026-05-22,16:14:15
603308,应流股份,70.89,71.67,72.0,72.4,69.74,178629.0,1266030000.0,481.38,481.38,127.77,9.47,2.63,8664200,9198700.0,2026-05-22,16:14:12
603309,维力医疗,13.9,13.36,13.45,14.23,13.32,53232.0,73420000.0,40.57,40.57,52.45,2.23,1.82,3085800,2237300.0,2026-05-22,16:14:11
603310,巍华新材,17.11,16.73,16.77,17.28,16.55,62221.0,106000000.0,59.09,33.2,33.41,1.45,3.21,3043000,3179200.0,2026-05-22,16:14:03
603311,金海高科,31.46,31.2,29.99,32.99,29.99,312184.0,981910000.0,74.21,74.21,105.72,5.5,13.23,14645900,16572500.0,2026-05-22,16:14:04
603312,西典新能,39.89,38.74,38.87,40.23,38.51,13244.0,52430000.0,63.82,20.31,25.66,3.46,2.6,668200,656200.0,2026-05-22,16:14:11
603313,梦百合,5.83,5.73,5.76,5.99,5.65,116849.0,68460000.0,33.27,33.27,-31.19,0.98,2.05,6030300,5654700.0,2026-05-22,16:14:06
603315,福鞍股份,16.76,16.16,16.18,16.9,16.18,125935.0,208630000.0,53.69,53.69,130.01,3.09,3.93,6760900,5832600.0,2026-05-22,16:14:27
603316,诚邦股份,26.9,27.25,26.5,27.98,24.53,774164.0,2022290000.0,71.09,71.09,-71.76,12.86,29.3,36468600,40947800.0,2026-05-22,16:14:09
603317,天味食品,15.4,15.76,15.77,15.93,15.38,98942.0,153450000.0,163.97,163.97,22.01,3.93,0.93,4778800,5115500.0,2026-05-22,16:14:24
603318,水发燃气,9.97,9.88,9.99,10.01,9.72,339015.0,335150000.0,55.3,45.77,-59.77,2.94,7.38,18722100,15179300.0,2026-05-22,16:14:27
603319,美湖股份,31.87,32.87,32.5,33.05,31.42,244898.0,782740000.0,108.09,108.09,150.87,4.39,7.22,10821700,13668100.0,2026-05-22,16:14:14
603320,迪贝电气,25.01,24.1,23.94,25.75,23.56,61328.0,151900000.0,37.3,37.3,49.81,3.12,4.11,3270600,2862200.0,2026-05-22,16:14:22
603321,梅轮电梯,7.22,7.0,7.05,7.32,6.93,47897.0,34140000.0,25.19,24.88,72.91,1.74,1.39,2711800,2077900.0,2026-05-22,16:14:26
603322,超讯通信,36.37,35.54,36.21,36.55,35.58,90771.0,327520000.0,57.31,57.31,-130.03,21.78,5.76,4564000,4513100.0,2026-05-22,16:14:04
603323,苏农银行,4.76,4.78,4.78,4.79,4.74,160422.0,76510000.0,96.08,96.08,4.65,0.5,0.79,6776200,9265900.0,2026-05-22,16:14:03
603324,盛剑科技,30.49,32.9,33.59,33.7,30.07,200735.0,622260000.0,45.03,45.03,-70.53,2.76,13.59,9846000,10227500.0,2026-05-22,16:14:01
603325,博隆技术,58.16,58.1,58.05,58.78,57.02,6600.0,38080000.0,46.53,19.88,13.74,1.68,1.93,374000,286000.0,2026-05-22,16:14:04
603326,XD我乐家,7.95,7.8,7.9,7.97,7.75,35783.0,28180000.0,25.37,25.37,17.72,2.28,1.12,2092700,1485600.0,2026-05-22,16:14:11
603327,福蓉科技,10.85,10.4,10.5,10.88,10.44,280059.0,299500000.0,113.43,113.43,77.69,4.53,2.68,15417200,12588700.0,2026-05-22,16:14:26
603328,依顿电子,12.34,11.67,11.76,12.39,11.76,332172.0,404630000.0,123.21,123.21,31.83,2.85,3.33,19351200,13866000.0,2026-05-22,16:14:18
603329,上海雅仕,11.45,11.24,11.25,11.49,11.12,32227.0,36440000.0,28.63,23.63,41.79,1.94,1.56,1770900,1451800.0,2026-05-22,16:14:16
603330,天洋新材,6.94,6.64,6.67,7.03,6.55,114511.0,78380000.0,30.03,30.03,-12.6,2.3,2.65,7142500,4308600.0,2026-05-22,16:14:18
603331,百达精工,14.36,14.2,14.39,14.5,13.95,114533.0,162980000.0,29.03,29.03,-11.78,2.79,5.67,5643300,5810000.0,2026-05-22,16:14:26
603332,苏州龙杰,13.6,13.17,13.21,13.66,13.21,56568.0,76240000.0,29.42,29.42,35.51,2.23,2.61,3061100,2595700.0,2026-05-22,16:14:29
603333,尚纬股份,9.52,9.66,9.56,9.66,9.35,363747.0,345830000.0,59.17,59.17,-183.47,2.9,5.85,16274900,20099800.0,2026-05-22,16:14:28
603335,迪生力,7.12,6.92,7.03,7.15,6.95,111717.0,79140000.0,30.48,30.48,59.44,10.8,2.61,6019400,5152400.0,2026-05-22,16:14:21
603336,宏辉果蔬,12.49,12.38,12.42,12.88,12.26,143525.0,179000000.0,76.03,76.03,465.94,5.29,2.36,7998300,6354200.0,2026-05-22,16:15:00
603337,杰克科技,43.36,41.2,41.2,44.16,40.79,98256.0,416480000.0,206.57,205.41,23.83,3.84,2.07,5130900,4694700.0,2026-05-22,16:14:12
603338,浙江鼎力,55.69,54.75,55.49,56.25,54.76,52644.0,293220000.0,281.99,281.99,14.66,2.38,1.04,2569500,2694900.0,2026-05-22,16:14:20
603339,四方科技,13.39,13.07,13.31,13.48,13.06,33149.0,44040000.0,41.43,41.43,28.03,1.54,1.07,2187800,1127100.0,2026-05-22,16:14:04
603341,龙旗科技,37.65,36.83,37.31,37.96,36.81,84339.0,314970000.0,196.76,100.23,44.08,2.72,3.17,4258600,4175200.0,2026-05-22,16:14:27
603344,星德胜,32.0,31.79,31.79,32.8,31.29,53431.0,170840000.0,62.25,17.29,37.59,2.87,9.89,2621400,2721700.0,2026-05-22,16:14:01
603345,安井食品,99.43,98.21,98.9,100.43,98.21,50764.0,503950000.0,331.39,291.62,21.69,2.06,1.73,2716700,2359700.0,2026-05-22,16:14:14
603348,文灿股份,17.55,17.7,17.62,17.9,17.36,20849.0,36600000.0,55.19,55.19,-12.79,1.42,0.66,1007000,1077900.0,2026-05-22,16:14:19
603350,安乃达,34.59,34.55,34.36,34.96,33.82,11120.0,38090000.0,40.3,15.26,36.42,3.03,2.52,571000,541000.0,2026-05-22,16:14:01
603351,威尔药业,26.72,26.6,26.6,26.92,26.25,11290.0,30000000.0,36.19,36.19,23.81,1.97,0.83,785200,343800.0,2026-05-22,16:14:02
603353,和顺石油,50.66,49.95,50.1,52.0,48.8,75005.0,380100000.0,87.09,86.33,-717.55,5.42,4.4,3417200,4083300.0,2026-05-22,16:14:09
603355,莱克电气,29.94,30.2,31.19,31.19,29.56,28495.0,85440000.0,171.67,171.67,29.16,3.04,0.5,1330500,1519000.0,2026-05-22,16:15:00
603356,华菱精工,20.05,18.62,18.5,20.14,18.3,64719.0,125220000.0,26.73,26.73,-19.38,8.85,4.85,3626900,2845000.0,2026-05-22,16:14:13
603357,设计总院,7.12,7.04,7.05,7.15,7.02,29508.0,20920000.0,39.91,39.91,13.3,1.0,0.53,1664000,1286700.0,2026-05-22,16:14:19
603358,华达科技,39.1,38.66,39.45,40.18,38.79,195770.0,774610000.0,183.67,177.98,140.41,5.18,4.3,10160600,9416400.0,2026-05-22,16:14:19
603359,*ST东珠,3.1,3.1,3.11,3.15,3.05,88596.0,27460000.0,13.83,13.83,-1.27,0.99,1.99,4235500,4624100.0,2026-05-22,16:14:27
603360,百傲化学,23.29,23.53,23.97,24.3,23.0,175023.0,410410000.0,164.48,164.48,95.36,11.66,2.48,7330300,10172000.0,2026-05-22,16:14:27
603363,傲农生物,3.39,3.32,3.35,3.47,3.34,536406.0,182100000.0,88.24,72.65,-57.29,2.85,2.5,27763100,25877500.0,2026-05-22,16:14:16
603365,水星家纺,18.94,19.29,19.3,19.35,18.83,21141.0,40170000.0,49.72,49.21,11.78,1.53,0.81,968200,1145900.0,2026-05-22,16:14:24
603366,日出东方,7.82,7.96,7.95,8.0,7.71,136518.0,106460000.0,63.58,63.58,34.98,1.48,1.68,6249700,7402100.0,2026-05-22,16:14:14
603367,辰欣药业,14.45,14.27,14.37,14.57,14.17,52826.0,76170000.0,65.42,65.42,16.02,1.03,1.17,2844200,2438400.0,2026-05-22,16:14:05
603368,柳药集团,16.1,16.12,16.21,16.21,15.98,29894.0,48030000.0,63.95,63.95,9.74,0.8,0.75,1316900,1672500.0,2026-05-22,16:14:12
603369,今世缘,27.09,28.2,28.21,28.32,26.98,119117.0,325370000.0,337.76,337.76,14.41,1.88,0.96,4691400,7220300.0,2026-05-22,16:14:13
603373,安邦护卫,50.15,48.65,50.0,52.3,49.0,66382.0,335940000.0,53.92,22.78,41.9,2.88,14.61,3062600,3575600.0,2026-05-22,16:14:21
603375,盛景微,52.62,50.96,50.9,53.9,50.9,68960.0,361340000.0,52.97,33.56,629.14,3.42,10.81,3094700,3801300.0,2026-05-22,16:14:19
603377,ST东时,3.54,3.51,3.51,3.57,3.5,38601.0,13610000.0,25.33,25.33,-3.31,-1748.32,0.54,1570200,2289900.0,2026-05-22,16:14:14
603378,*ST亚士,5.46,5.26,5.33,5.52,5.33,230576.0,126140000.0,23.4,23.4,-1.69,-14.07,5.38,7756900,15300800.0,2026-05-22,16:14:03
603379,三美股份,60.53,55.03,55.98,60.53,55.2,154722.0,911770000.0,369.52,369.52,17.06,4.29,2.53,9390700,6081500.0,2026-05-22,16:14:06
603380,易德龙,43.12,42.7,43.06,44.61,42.8,55883.0,242500000.0,69.18,69.18,32.8,4.29,3.48,2702000,2886300.0,2026-05-22,16:14:17
603381,永臻股份,22.95,22.01,22.01,23.27,21.98,64103.0,145030000.0,54.45,32.62,-24.37,1.63,4.51,3730300,2680000.0,2026-05-22,16:14:29
603383,顶点软件,32.8,33.25,33.35,33.59,32.6,59787.0,196890000.0,67.36,67.36,33.13,4.35,2.91,2291200,3687500.0,2026-05-22,16:14:29
603385,惠达卫浴,6.21,6.11,6.14,6.28,6.02,39950.0,24600000.0,23.64,23.64,-10.23,0.67,1.05,2129000,1866100.0,2026-05-22,16:14:22
603386,骏亚科技,16.01,15.55,15.83,16.21,15.58,156970.0,249910000.0,52.24,52.24,-123.13,3.99,4.81,8033000,7663900.0,2026-05-22,16:14:23
603387,基蛋生物,9.22,9.09,9.14,9.32,9.09,83032.0,76290000.0,46.76,46.76,20.1,1.65,1.64,4142200,4161000.0,2026-05-22,16:14:11
603388,*ST元成,0.58,0.58,0.0,0.0,0.0,0.0,0.0,1.89,1.89,-0.49,0.27,0.0,0,0.0,2026-05-22,09:00:00
603389,*ST亚振,62.9,63.13,63.19,63.8,61.5,12418.0,78010000.0,165.27,165.27,-313.01,82.42,0.47,657700,584100.0,2026-05-22,16:14:15
603390,通达电气,14.36,14.28,14.28,14.8,13.99,239490.0,341510000.0,50.5,50.33,38.74,2.95,6.83,10737700,13211300.0,2026-05-22,16:14:16
603391,力聚热能,71.31,69.32,69.32,71.59,68.0,17752.0,125310000.0,64.89,16.22,33.1,3.04,7.8,1024300,750900.0,2026-05-22,16:14:04
603392,万泰生物,36.65,37.93,38.0,38.19,36.54,53779.0,198010000.0,463.4,463.4,-119.29,3.92,0.43,2220700,3157100.0,2026-05-22,16:14:15
603393,新天然气,28.76,29.02,29.25,29.29,28.62,73543.0,212100000.0,121.92,121.72,21.22,1.29,1.74,4085600,3268700.0,2026-05-22,16:14:15
603395,红四方,25.08,24.99,25.0,25.26,24.9,16767.0,42040000.0,65.21,16.3,128.14,4.57,2.58,931500,745200.0,2026-05-22,16:14:24
603396,金辰股份,35.67,34.6,34.62,35.96,34.62,35230.0,124590000.0,49.41,49.41,91.16,1.89,2.54,2088700,1434200.0,2026-05-22,16:14:18
603398,*ST沐邦,14.74,14.89,15.05,15.3,14.71,96624.0,144990000.0,63.92,63.92,-8.07,89.36,2.23,4468900,5193600.0,2026-05-22,16:14:25
603399,永杉锂业,17.95,17.58,17.72,17.95,17.36,599584.0,1056960000.0,91.96,91.96,-53.67,5.68,11.7,30485500,29472900.0,2026-05-22,16:14:20
603408,建霖家居,11.05,10.94,11.0,11.11,10.85,14669.0,16120000.0,49.46,49.46,12.01,1.41,0.33,713700,753200.0,2026-05-22,16:14:12
603409,汇通控股,44.3,42.43,42.2,44.59,42.05,22616.0,98640000.0,55.83,16.02,34.91,3.6,6.25,1368500,893100.0,2026-05-22,16:14:02
603416,信捷电气,64.7,64.72,65.04,65.8,63.63,52221.0,337590000.0,101.67,90.09,38.73,3.69,3.75,2747200,2475000.0,2026-05-22,16:14:28
603421,鼎信通讯,7.91,7.63,7.67,8.0,7.64,126601.0,99010000.0,51.59,51.59,-8.72,2.14,1.94,7088000,5572100.0,2026-05-22,16:14:12
603429,*ST集友,9.64,9.36,9.38,9.73,9.33,37677.0,36120000.0,50.56,50.56,-211.99,4.01,0.72,2167900,1599800.0,2026-05-22,16:14:21
603439,三力制药,14.29,12.99,13.13,14.29,13.13,303675.0,423230000.0,58.44,57.71,119.94,3.91,7.52,17019000,13348500.0,2026-05-22,16:14:19
603444,吉比特,355.1,364.46,364.42,365.8,354.72,16343.0,583520000.0,255.82,255.82,12.61,4.65,2.27,666200,968100.0,2026-05-22,16:14:15
603456,九洲药业,12.83,13.06,13.08,13.12,12.79,112461.0,144760000.0,114.12,114.12,17.5,1.28,1.26,4518700,6727400.0,2026-05-22,16:14:13
603458,勘设股份,13.98,13.53,13.48,14.18,13.28,213456.0,294660000.0,42.8,42.8,-11.19,1.66,6.97,11110200,10235400.0,2026-05-22,16:14:01
603466,风语筑,11.18,10.98,10.89,11.2,10.82,730636.0,806880000.0,66.5,66.5,-414.55,3.2,12.28,35975500,37088100.0,2026-05-22,16:14:22
603477,巨星农牧,16.65,16.89,17.09,17.3,16.58,128642.0,215630000.0,87.08,84.93,-19.11,3.17,2.52,5346100,7518200.0,2026-05-22,16:14:16
603486,科沃斯,67.76,68.48,69.0,69.6,67.38,102758.0,701510000.0,392.28,388.5,23.23,4.23,1.79,4526400,5749400.0,2026-05-22,16:14:02
603488,展鹏科技,11.55,10.71,10.78,11.78,10.61,268945.0,309080000.0,33.72,33.72,-19.62,4.35,9.21,13030000,13864500.0,2026-05-22,16:14:02
603489,八方股份,36.6,36.49,36.5,37.26,36.24,34833.0,127650000.0,85.87,85.87,68.3,3.1,1.48,1671800,1811500.0,2026-05-22,16:14:02
603496,恒为科技,29.9,29.29,29.37,30.06,28.9,149092.0,441060000.0,95.74,95.74,196.78,6.87,4.66,7232800,7676400.0,2026-05-22,16:14:08
603499,翔港科技,21.48,20.83,20.83,21.55,20.68,46203.0,97760000.0,65.0,65.0,61.49,7.02,1.53,2401300,2219100.0,2026-05-22,16:14:08
603500,祥和实业,10.69,10.04,10.14,10.75,9.95,99657.0,103560000.0,35.58,35.56,25.72,3.3,3.0,5814200,4151500.0,2026-05-22,16:14:13
603501,豪威集团,104.25,102.66,104.55,104.6,100.8,394822.0,4068300000.0,1314.8,1261.9,35.71,4.0,3.26,19305200,20177000.0,2026-05-22,16:14:28
603505,金石资源,22.76,20.97,21.09,22.88,21.03,567456.0,1252270000.0,191.56,191.56,59.83,10.1,6.74,32188400,24557200.0,2026-05-22,16:14:29
603506,南都物业,12.56,12.29,12.41,12.65,12.1,30512.0,37790000.0,23.58,23.58,20.08,1.9,1.62,1611800,1439400.0,2026-05-22,16:14:24
603507,振江股份,42.5,42.9,43.12,43.65,42.07,83282.0,355680000.0,78.33,77.25,38.92,3.01,4.58,4414100,3914100.0,2026-05-22,16:14:28
603508,思维列控,24.41,24.42,24.43,24.65,24.3,28925.0,70740000.0,93.07,93.07,15.78,2.35,0.76,1366700,1525800.0,2026-05-22,16:14:25
603511,爱慕股份,14.18,13.83,13.99,14.3,13.78,28572.0,40360000.0,57.29,56.99,35.75,1.28,0.71,1354300,1502900.0,2026-05-22,16:14:17
603515,欧普照明,20.05,19.55,19.7,20.18,19.38,15955.0,31770000.0,149.01,147.63,16.37,2.09,0.22,968400,627100.0,2026-05-22,16:14:06
603516,淳中科技,121.34,120.27,121.71,124.3,118.0,65737.0,794000000.0,246.65,246.65,83.37,14.48,3.23,3431400,3142200.0,2026-05-22,16:14:24
603517,ST绝味,13.58,13.22,13.42,13.85,13.29,136640.0,186100000.0,82.3,82.3,-34.34,1.37,2.25,6786400,6877600.0,2026-05-22,16:14:16
603518,锦泓集团,9.2,9.14,9.16,9.32,9.02,48372.0,44450000.0,31.77,31.65,12.8,0.83,1.41,2133000,2704200.0,2026-05-22,16:14:22
603519,立霸股份,13.37,13.27,13.27,13.43,13.11,38561.0,51300000.0,35.61,35.61,22.87,2.82,1.45,2105700,1750500.0,2026-05-22,16:14:06
603520,司太立,12.64,12.89,12.96,13.31,12.38,422976.0,536200000.0,55.42,55.42,329.11,2.15,9.65,18316000,23981600.0,2026-05-22,16:14:01
603527,众源新材,13.45,12.37,12.43,13.61,12.33,251032.0,333400000.0,42.63,42.63,144.89,2.01,7.92,11882500,13220700.0,2026-05-22,16:14:17
603528,多伦科技,7.99,7.79,7.81,8.05,7.61,141942.0,110920000.0,56.4,56.4,-106.83,3.0,2.01,7156700,7037500.0,2026-05-22,16:14:04
603529,爱玛科技,21.17,21.06,21.07,21.35,20.84,73905.0,155940000.0,183.73,179.43,11.3,1.86,0.87,3441200,3949300.0,2026-05-22,16:14:01
603530,神马电力,56.72,58.37,56.45,57.99,56.02,46352.0,262910000.0,244.85,242.46,53.03,12.87,1.08,2337900,2297300.0,2026-05-22,16:14:07
603533,掌阅科技,25.1,25.61,25.61,25.83,24.95,160952.0,405760000.0,110.16,110.16,-81.06,4.8,3.67,7258800,8836400.0,2026-05-22,16:14:12
603535,嘉诚国际,8.04,8.01,8.0,8.13,7.87,57312.0,45820000.0,41.08,41.08,373.04,1.66,1.12,2602700,3128500.0,2026-05-22,16:14:12
603536,惠发食品,9.8,9.67,9.73,9.87,9.55,35468.0,34440000.0,23.75,23.57,-46.75,6.79,1.47,1823600,1723200.0,2026-05-22,16:14:06
603538,美诺华,50.44,53.15,52.44,53.49,49.5,374205.0,1899580000.0,122.47,120.33,109.18,5.3,15.69,17272600,20147900.0,2026-05-22,16:14:06
603551,奥普科技,11.08,11.2,11.23,11.3,10.99,30367.0,33690000.0,42.63,42.09,14.82,2.94,0.8,1352100,1684600.0,2026-05-22,16:14:07
603556,海兴电力,27.5,27.81,27.95,28.1,27.32,40391.0,111470000.0,133.72,133.72,19.69,1.79,0.83,1799000,2240100.0,2026-05-22,16:14:28
603557,*ST起步,4.46,4.43,4.43,4.57,4.39,121082.0,53980000.0,27.81,27.81,-16.95,49.69,1.94,5971100,6137100.0,2026-05-22,16:14:17
603558,健盛集团,11.77,11.89,11.99,11.99,11.6,54973.0,64790000.0,40.33,40.33,9.25,1.81,1.6,3347300,2150000.0,2026-05-22,16:14:24
603559,ST通脉,9.44,9.42,9.56,9.58,9.35,36308.0,34320000.0,37.88,37.88,-25.48,4.84,0.9,1705600,1925200.0,2026-05-22,16:14:07
603565,中谷物流,10.69,10.74,10.75,10.84,10.57,121794.0,130300000.0,224.5,224.5,11.33,2.05,0.58,5979300,6200100.0,2026-05-22,16:14:26
603566,普莱柯,11.14,11.14,11.12,11.19,11.03,20807.0,23120000.0,38.55,38.55,22.31,1.46,0.6,1073400,1007300.0,2026-05-22,16:14:05
603567,珍宝岛,7.66,7.57,7.56,7.73,7.46,253458.0,192760000.0,72.07,71.96,-4.44,1.18,2.7,14839700,10506100.0,2026-05-22,16:14:19
603568,伟明环保,19.7,19.82,19.81,20.25,19.7,54714.0,108660000.0,336.9,336.29,17.39,2.2,0.32,2279800,3191600.0,2026-05-22,16:14:09
603569,长久物流,6.37,6.33,6.38,6.43,6.25,37511.0,23730000.0,38.44,38.44,-42.52,1.45,0.62,1988600,1762600.0,2026-05-22,16:14:11
603577,XD汇金通,11.14,10.55,10.71,11.25,10.51,77193.0,84860000.0,37.78,37.78,37.15,1.93,2.28,4494500,3224900.0,2026-05-22,16:15:00
603578,三星新材,15.02,14.59,14.69,15.18,14.64,45225.0,67700000.0,35.16,27.09,-19.22,2.48,2.51,2472600,2050000.0,2026-05-22,16:14:09
603579,荣泰健康,21.1,21.19,21.08,21.48,20.66,45864.0,96160000.0,42.42,42.42,24.03,1.48,2.28,2376600,2209800.0,2026-05-22,16:14:24
603580,*ST艾艾,24.56,24.42,24.33,25.34,24.18,15566.0,38370000.0,32.09,32.09,77.86,7.05,1.19,583500,973100.0,2026-05-22,16:14:00
603583,捷昌驱动,28.87,29.09,29.19,29.29,28.61,67493.0,195170000.0,111.37,110.35,33.23,2.37,1.77,2725600,4023700.0,2026-05-22,16:15:00
603585,苏利股份,17.25,16.75,16.89,17.4,16.71,44289.0,75790000.0,33.96,33.37,18.85,1.3,2.29,2223900,2204900.0,2026-05-22,16:14:27
603586,金麒麟,16.56,16.85,17.0,17.0,16.48,18473.0,30690000.0,32.47,32.47,46.5,1.45,0.94,877900,969400.0,2026-05-22,16:14:10
603587,地素时尚,12.89,12.87,12.86,12.95,12.68,18176.0,23300000.0,61.11,61.11,21.95,1.64,0.38,957100,860500.0,2026-05-22,16:14:08
603588,高能环境,12.99,12.62,12.7,13.1,12.6,373243.0,483170000.0,197.87,197.87,16.27,1.96,2.45,18597500,18726800.0,2026-05-22,16:14:02
603589,口子窖,20.93,21.27,21.38,21.38,20.84,54756.0,114850000.0,125.19,125.19,31.97,1.17,0.92,2697400,2778200.0,2026-05-22,16:14:21
603590,康辰药业,37.76,39.22,38.88,39.64,37.75,101439.0,390430000.0,60.04,59.75,35.59,1.86,6.41,4325000,5818900.0,2026-05-22,16:14:09
603595,ST东尼,22.44,21.37,21.41,22.44,21.41,36444.0,81240000.0,52.16,52.16,-102.51,3.43,1.57,1543400,2101000.0,2026-05-22,16:14:22
603596,伯特利,33.94,32.9,32.89,34.17,32.66,566131.0,1900170000.0,304.66,304.66,23.3,3.89,6.31,28886400,27726600.0,2026-05-22,16:14:28
603598,引力传媒,22.23,22.56,22.72,22.74,21.95,157726.0,350270000.0,59.95,59.88,300.2,26.83,5.86,7483500,8289100.0,2026-05-22,16:14:06
603599,广信股份,11.59,11.48,11.55,11.72,11.45,111523.0,129300000.0,105.5,105.5,16.15,1.03,1.23,6091100,5061100.0,2026-05-22,16:14:27
603600,永艺股份,11.66,11.65,11.6,11.72,11.33,36064.0,41640000.0,38.53,34.98,15.58,1.64,1.2,2213100,1393300.0,2026-05-22,16:14:05
603601,再升科技,19.29,18.13,17.75,19.3,17.42,2378187.0,4402480000.0,220.36,220.36,597.74,8.14,20.82,128923700,108895000.0,2026-05-22,16:14:01
603602,纵横通信,13.89,13.58,13.54,13.99,13.47,52200.0,71620000.0,32.09,32.09,-19.87,3.6,2.26,2487000,2733100.0,2026-05-22,16:14:28
603605,珀莱雅,58.19,55.37,57.0,59.59,56.99,99926.0,585160000.0,230.42,230.42,15.63,3.63,2.52,5374300,4618300.0,2026-05-22,16:14:24
603606,东方电缆,56.98,57.25,57.48,57.7,56.39,92964.0,528770000.0,391.86,391.86,28.77,4.61,1.35,4215000,5081500.0,2026-05-22,16:14:10
603607,京华激光,24.41,23.33,23.49,24.6,23.47,57070.0,138130000.0,43.58,43.58,40.71,4.07,3.2,3175700,2531300.0,2026-05-22,16:14:24
603608,天创时尚,16.99,17.03,17.24,17.5,16.52,232081.0,391370000.0,71.31,71.31,250.36,6.52,5.53,11443200,11764900.0,2026-05-22,16:14:18
603609,禾丰股份,6.57,6.52,6.53,6.58,6.46,25433.0,16580000.0,59.67,59.67,-105.13,0.93,0.28,1222500,1320800.0,2026-05-22,16:14:01
603610,麒盛科技,18.53,18.22,18.09,18.72,18.03,86626.0,159670000.0,65.41,65.41,69.45,2.1,2.45,4670600,3992000.0,2026-05-22,16:14:13
603611,诺力股份,18.75,18.33,18.48,18.9,18.21,25301.0,47030000.0,48.3,48.3,12.67,1.6,0.98,1425600,1104500.0,2026-05-22,16:14:07
603612,索通发展,22.34,21.84,21.93,22.54,21.93,108577.0,242000000.0,111.28,111.28,15.7,1.88,2.18,6157700,4700000.0,2026-05-22,16:14:16
603613,国联股份,25.17,25.5,25.48,25.66,24.82,175368.0,440160000.0,181.36,181.36,13.67,1.93,2.43,8160600,9376200.0,2026-05-22,16:14:06
603615,茶花股份,21.53,21.38,21.4,21.96,21.4,29559.0,64090000.0,52.06,52.06,403.67,4.53,1.22,1442100,1513800.0,2026-05-22,16:14:03
603616,韩建河山,6.94,7.05,6.82,7.08,6.51,445973.0,301580000.0,26.87,26.67,-113.05,13.3,11.61,19305600,25291700.0,2026-05-22,16:14:08
603617,君禾股份,7.68,7.37,7.41,7.74,7.25,94056.0,71130000.0,29.94,29.7,62.95,1.92,2.43,5296100,4109500.0,2026-05-22,16:14:19
603618,杭电股份,40.53,40.27,40.3,42.2,39.6,816082.0,3320890000.0,280.21,280.21,-117.18,10.36,11.8,37875800,43732500.0,2026-05-22,16:14:11
603619,中曼石油,28.33,28.52,28.46,28.47,27.83,140298.0,394860000.0,130.98,130.98,42.06,3.0,3.03,7317200,6712600.0,2026-05-22,16:14:14
603626,科森科技,28.06,27.38,27.45,28.4,26.83,487901.0,1353160000.0,155.7,155.7,121.84,6.84,8.79,25243000,23547200.0,2026-05-22,16:14:01
603628,清源股份,11.64,11.46,11.5,11.75,11.32,53638.0,61930000.0,31.79,31.68,106.16,2.43,1.97,2964600,2399200.0,2026-05-22,16:14:21
603629,利通电子,195.65,179.61,185.74,195.65,176.8,329466.0,6155560000.0,513.23,504.84,96.04,22.86,12.77,18367000,14579600.0,2026-05-22,16:14:23
603630,拉芳家化,14.57,14.56,14.65,14.8,14.4,25043.0,36400000.0,32.81,32.81,-144.28,1.74,1.11,1532000,972300.0,2026-05-22,16:14:19
603633,徕木股份,8.05,7.66,7.78,8.21,7.57,163592.0,129550000.0,34.36,34.36,-16.91,1.97,3.83,9731700,6627400.0,2026-05-22,16:14:28
603636,南威软件,11.01,11.03,11.18,11.26,10.6,348733.0,379090000.0,63.9,63.9,-13.84,3.45,6.01,16233200,18640100.0,2026-05-22,16:14:29
603637,镇海股份,18.22,17.57,17.69,18.4,17.27,85732.0,154970000.0,43.49,43.49,74.58,4.17,3.59,4607400,3965700.0,2026-05-22,16:14:15
603638,艾迪精密,25.45,25.36,25.36,25.94,24.89,87828.0,224160000.0,211.51,211.51,47.74,5.81,1.06,4614700,4168100.0,2026-05-22,16:14:13
603639,海利尔,11.42,11.25,11.25,11.46,11.17,13882.0,15710000.0,39.93,38.81,26.21,1.14,0.41,788200,600000.0,2026-05-22,16:14:03
603648,畅联股份,9.67,9.63,9.68,9.79,9.48,30354.0,29190000.0,35.05,35.05,28.09,1.85,0.84,1813400,1222000.0,2026-05-22,16:14:08
603650,彤程新材,58.84,57.56,57.02,59.59,57.02,207173.0,1206130000.0,362.5,361.56,62.0,8.39,3.37,9975400,10742000.0,2026-05-22,16:14:06
603655,朗博科技,41.37,40.18,40.18,41.65,39.65,19671.0,80400000.0,43.85,43.85,101.57,7.62,1.86,1185100,782000.0,2026-05-22,16:14:09
603656,泰禾智能,18.72,18.52,18.61,18.9,18.26,26133.0,48660000.0,34.25,34.25,104.89,2.58,1.43,1659900,953400.0,2026-05-22,16:14:22
603657,春光科技,30.85,30.78,30.8,33.3,30.74,65178.0,208010000.0,41.71,41.71,-85.5,4.78,4.82,3059200,3458600.0,2026-05-22,16:14:09
603658,安图生物,32.5,33.13,33.34,33.34,32.32,35974.0,117520000.0,185.71,185.71,17.95,2.03,0.63,1383700,2213700.0,2026-05-22,16:14:24
603659,璞泰来,32.36,31.72,32.22,32.55,31.4,373549.0,1196820000.0,691.34,691.34,26.84,3.37,1.75,18913900,18441000.0,2026-05-22,16:15:00
603660,苏州科达,12.41,12.48,12.51,12.79,12.21,258897.0,320960000.0,70.92,70.92,-12.03,10.17,4.53,12185300,13704300.0,2026-05-22,16:14:29
603661,恒林股份,32.53,29.57,32.53,32.53,32.53,17971.0,58460000.0,45.24,45.24,26.46,1.22,1.29,210100,1587000.0,2026-05-22,16:14:09
603662,柯力传感,67.43,67.42,68.0,68.12,65.52,104203.0,698310000.0,189.36,189.36,61.88,6.79,3.71,4788000,5632300.0,2026-05-22,16:14:13
603663,三祥新材,50.49,45.9,46.2,50.49,45.8,215882.0,1036780000.0,213.72,213.48,151.65,15.38,5.11,10769700,10818500.0,2026-05-22,16:15:00
603665,康隆达,30.45,30.58,30.7,31.1,29.85,29550.0,89640000.0,48.77,48.77,-262.96,7.6,1.84,1386400,1568600.0,2026-05-22,16:14:28
603666,亿嘉和,31.21,30.72,30.75,31.29,30.13,67686.0,207920000.0,64.15,64.15,-64.25,3.03,3.29,3225900,3542700.0,2026-05-22,16:14:02
603667,五洲新春,88.17,84.74,84.4,89.04,81.4,577799.0,4998320000.0,337.83,322.88,400.54,8.47,15.78,29188300,28591600.0,2026-05-22,16:14:16
603668,天马科技,12.37,12.3,12.28,12.61,12.16,62709.0,77030000.0,62.57,62.57,-32.93,2.95,1.24,3369000,2901900.0,2026-05-22,16:14:02
603669,灵康药业,4.3,4.26,4.28,4.33,4.18,97117.0,41270000.0,30.63,30.63,-17.84,6.09,1.36,5027900,4683800.0,2026-05-22,16:14:04
603676,卫信康,9.66,9.59,9.65,9.74,9.55,16275.0,15680000.0,42.04,42.04,19.4,2.72,0.37,726300,901200.0,2026-05-22,16:14:16
603677,奇精机械,17.73,17.7,17.33,17.74,17.1,81283.0,141230000.0,34.15,34.15,82.46,3.03,4.22,3295200,4833100.0,2026-05-22,16:14:06
603678,火炬电子,37.68,34.25,34.54,37.68,34.54,405031.0,1502130000.0,179.19,179.19,70.89,2.91,8.52,20057700,20445400.0,2026-05-22,16:14:14
603679,华体科技,17.66,16.67,16.85,18.1,16.85,103143.0,180930000.0,31.38,31.38,-22.81,3.56,5.8,5388000,4926300.0,2026-05-22,16:14:25
603680,今创集团,13.83,13.69,13.68,13.95,13.59,55976.0,77420000.0,108.39,108.39,17.44,1.85,0.71,2592000,3005600.0,2026-05-22,16:14:11
603681,永冠新材,22.11,21.69,22.0,22.8,21.72,125607.0,280900000.0,52.56,52.56,38.17,1.76,5.28,6477900,6082800.0,2026-05-22,16:14:26
603682,锦和商管,8.8,8.76,8.8,9.2,8.7,113225.0,100390000.0,41.58,41.58,-25.41,6.39,2.4,5691900,5630600.0,2026-05-22,16:14:07
603683,晶华新材,27.2,27.75,27.7,27.77,26.79,104395.0,284040000.0,79.2,78.38,82.42,4.68,3.62,3939300,6500200.0,2026-05-22,16:14:08
603685,晨丰科技,32.55,31.4,31.4,32.79,31.38,19513.0,63040000.0,81.68,65.58,221.48,4.09,0.97,1163100,788200.0,2026-05-22,16:14:08
603686,福龙马,17.11,16.77,16.89,17.2,16.63,121878.0,207080000.0,71.08,71.08,45.28,2.03,2.93,6657300,5530500.0,2026-05-22,16:14:08
603687,大胜达,16.23,16.77,16.84,17.08,16.11,431346.0,710380000.0,89.27,89.27,128.65,2.73,7.84,19587200,23547400.0,2026-05-22,16:15:00
603688,石英股份,74.55,72.57,72.58,75.63,71.71,390611.0,2884030000.0,403.82,403.82,294.0,6.9,7.21,20110300,18950900.0,2026-05-22,16:14:06
603689,皖天然气,8.44,8.45,8.46,8.5,8.36,45815.0,38590000.0,44.38,44.18,13.12,1.18,0.88,2077600,2503900.0,2026-05-22,16:14:09
603690,至纯科技,29.84,30.18,29.89,30.12,28.88,343162.0,1015340000.0,114.28,114.28,-13.74,3.29,8.96,16500000,17816300.0,2026-05-22,16:14:27
603693,江苏新能,17.69,16.9,16.64,17.75,16.55,539591.0,928800000.0,157.7,157.7,34.79,2.2,6.05,26760300,27198800.0,2026-05-22,16:14:01
603696,安记食品,14.28,14.16,14.2,14.4,14.08,35449.0,50460000.0,33.59,33.59,101.37,5.81,1.51,1968100,1576800.0,2026-05-22,16:14:02
603697,有友食品,11.08,11.14,11.15,11.25,10.97,75996.0,84210000.0,47.39,47.39,23.58,2.7,1.78,3502700,4096800.0,2026-05-22,16:14:11
603698,航天工程,38.65,38.5,38.69,39.3,37.6,127322.0,489810000.0,207.16,207.16,92.64,5.89,2.38,6489300,6242900.0,2026-05-22,16:14:05
603699,纽威股份,61.0,63.74,63.8,64.01,60.66,63829.0,395030000.0,472.92,462.47,28.09,9.46,0.84,2909900,3473100.0,2026-05-22,16:14:03
603700,宁水集团,12.1,11.84,11.89,12.24,11.79,39574.0,47620000.0,24.2,24.2,31.87,1.47,1.98,2061000,1896400.0,2026-05-22,16:14:17
603701,德宏股份,25.55,25.41,25.45,25.9,25.12,43585.0,111210000.0,66.78,66.78,440.18,8.23,1.67,2301100,2057400.0,2026-05-22,16:14:06
603703,盛洋科技,14.26,13.71,13.85,14.28,13.63,120594.0,168740000.0,59.18,59.18,-251.57,7.16,2.91,6782500,5276900.0,2026-05-22,16:14:23
603706,东方环宇,23.64,23.46,23.46,23.68,23.27,28807.0,67580000.0,44.77,44.77,18.85,2.43,1.52,1632400,1248300.0,2026-05-22,16:14:01
603707,健友股份,8.21,8.3,8.36,8.36,8.19,86586.0,71360000.0,132.64,132.64,22.64,1.91,0.54,3958200,4700400.0,2026-05-22,16:14:13
603708,家家悦,9.88,9.82,9.83,9.95,9.8,35166.0,34690000.0,63.07,63.07,29.95,2.62,0.55,1392000,2124600.0,2026-05-22,16:14:29
603709,中源家居,17.86,17.74,17.86,17.97,17.41,29063.0,51500000.0,22.52,22.34,-78.91,4.43,2.32,1667600,1238700.0,2026-05-22,16:14:29
603711,香飘飘,14.81,15.01,15.01,15.17,14.7,66606.0,99130000.0,61.15,61.15,29.48,1.71,1.61,3507100,3153500.0,2026-05-22,16:14:04
603712,七一二,15.78,15.71,15.78,16.02,15.48,118946.0,186800000.0,121.82,121.82,-24.2,3.19,1.54,6021600,5873000.0,2026-05-22,16:14:19
603713,密尔克卫,51.68,51.22,51.5,52.01,51.06,10484.0,54020000.0,81.72,81.72,12.79,1.66,0.66,549600,498800.0,2026-05-22,16:14:03
603716,塞力医疗,19.6,19.72,20.19,20.19,19.26,59939.0,116980000.0,44.25,44.25,-21.03,4.38,2.65,2536000,3458000.0,2026-05-22,16:14:25
603717,天域生物,7.05,6.85,6.91,7.19,6.75,143965.0,100550000.0,20.46,20.46,-15.59,5.35,4.96,8567600,5828900.0,2026-05-22,16:14:02
603718,*ST海利,3.34,3.42,3.42,3.42,3.31,144328.0,48490000.0,21.77,21.68,-6.89,2.46,2.22,6111700,8321100.0,2026-05-22,16:14:28
603719,良品铺子,10.76,10.82,10.93,10.93,10.68,45843.0,49510000.0,43.15,43.15,-67.63,2.11,1.14,2193200,2391100.0,2026-05-22,16:14:12
603721,*ST天择,24.17,23.02,23.22,24.17,23.22,26360.0,63260000.0,31.42,31.42,115.48,6.41,2.03,1317000,1319100.0,2026-05-22,16:14:02
603722,阿科力,39.35,38.82,39.0,39.88,38.3,16950.0,66490000.0,38.45,37.66,-88.66,4.33,1.77,878500,816500.0,2026-05-22,16:14:23
603725,天安新材,12.0,11.32,11.65,12.22,11.33,256524.0,305920000.0,36.58,34.4,31.6,4.25,8.95,13432100,12220300.0,2026-05-22,16:14:02
603726,朗迪集团,29.0,28.8,29.34,29.94,28.3,115430.0,334500000.0,53.84,53.56,23.68,3.6,6.25,5839400,5703600.0,2026-05-22,16:14:20
603727,博迈科,17.44,18.23,18.17,18.23,17.13,73446.0,128560000.0,49.13,49.13,-543.51,1.58,2.61,3257700,4086900.0,2026-05-22,16:14:22
603728,鸣志电器,68.19,67.4,67.78,68.38,66.0,129308.0,874180000.0,285.64,285.64,421.57,9.61,3.09,6114400,6816300.0,2026-05-22,16:14:01
603729,ST龙韵,13.55,13.23,13.3,13.76,13.17,19574.0,26240000.0,12.49,12.49,-12.14,4.8,2.12,1063000,894400.0,2026-05-22,16:14:15
603730,岱美股份,11.99,11.81,11.87,12.03,11.73,225837.0,268650000.0,257.62,257.62,40.43,5.18,1.05,11148200,11435500.0,2026-05-22,16:14:29
603733,仙鹤股份,20.77,20.74,20.99,20.99,20.66,27132.0,56540000.0,146.99,146.99,14.31,1.68,0.38,1718000,995200.0,2026-05-22,16:14:17
603737,三棵树,37.99,38.63,38.7,38.75,37.8,62012.0,236830000.0,280.3,280.3,36.1,9.34,0.84,3087000,3114100.0,2026-05-22,16:14:06
603738,泰晶科技,50.24,47.13,48.0,51.84,47.99,523740.0,2635040000.0,193.87,193.87,291.18,10.66,13.57,28439500,23934500.0,2026-05-22,16:14:03
603739,蔚蓝生物,13.86,13.82,13.86,13.88,13.55,39991.0,54860000.0,35.07,35.07,44.9,1.95,1.58,1913300,2085800.0,2026-05-22,16:14:15
603755,日辰股份,27.5,27.42,27.57,28.15,27.2,16544.0,45570000.0,27.12,27.12,32.0,3.57,1.68,958900,695500.0,2026-05-22,16:15:00
603757,大元泵业,65.04,59.85,58.65,65.5,58.65,213380.0,1331140000.0,121.33,121.33,103.74,5.72,11.44,12847200,8490800.0,2026-05-22,16:14:10
603758,秦安股份,12.6,12.72,12.8,12.87,12.35,51955.0,65270000.0,55.29,55.29,39.47,2.13,1.18,2356000,2839500.0,2026-05-22,16:14:25
603759,海天股份,8.48,8.47,8.47,8.52,8.31,28887.0,24350000.0,39.16,39.16,29.95,1.34,0.63,1640400,1248300.0,2026-05-22,16:14:14
603766,隆鑫通用,14.41,13.91,14.14,14.62,13.91,173166.0,249210000.0,295.92,295.92,18.35,3.07,0.84,10137400,7179200.0,2026-05-22,16:14:08
603767,中马传动,24.92,24.34,25.24,25.5,23.82,445284.0,1093200000.0,76.91,76.91,-1330.95,5.63,14.43,22362500,22165900.0,2026-05-22,16:14:18
603768,常青股份,11.72,11.53,11.6,11.87,11.44,42294.0,49490000.0,27.89,27.89,-13.65,1.27,1.78,2455200,1774200.0,2026-05-22,16:14:25
603773,沃格光电,80.0,81.02,81.0,84.95,75.6,303885.0,2448190000.0,179.79,179.73,-96.97,17.02,13.53,13923300,16465200.0,2026-05-22,16:14:05
603776,永安行,22.45,22.2,22.28,22.55,22.0,43021.0,95980000.0,63.03,63.03,-30.29,1.84,1.53,2137000,2165100.0,2026-05-22,16:14:05
603777,来伊份,20.18,19.2,19.47,20.58,19.44,163167.0,329640000.0,67.49,67.49,-36.0,4.33,4.88,9187800,7128900.0,2026-05-22,16:14:27
603778,国晟科技,23.89,23.79,23.0,23.98,22.31,443862.0,1023370000.0,157.68,153.58,-27.86,55.86,6.9,21207900,23178300.0,2026-05-22,16:14:22
603779,威龙股份,13.07,14.52,13.07,13.69,13.07,847055.0,1113540000.0,43.4,43.4,-54.75,8.86,25.51,70267200,14438300.0,2026-05-22,16:14:10
603786,科博达,57.22,57.8,59.0,59.2,56.28,83696.0,480210000.0,231.09,231.09,29.41,4.01,2.07,3790900,4578700.0,2026-05-22,16:14:23
603787,新日股份,11.09,11.01,11.06,11.2,10.87,40037.0,44210000.0,25.52,25.52,55.66,1.65,1.74,2051400,1952300.0,2026-05-22,16:14:16
603788,宁波高发,16.98,16.72,16.98,17.05,16.55,36389.0,61310000.0,37.88,37.88,17.46,1.74,1.63,2012600,1626300.0,2026-05-22,16:14:12
603789,ST星农,5.86,5.88,5.88,5.95,5.77,41527.0,24330000.0,15.54,15.24,-15.33,14.85,1.6,2029300,2123400.0,2026-05-22,16:14:24
603790,雅运股份,32.88,31.78,32.27,32.99,31.01,69804.0,225190000.0,62.92,62.92,77.6,4.82,3.65,3202500,3777900.0,2026-05-22,16:14:29
603797,联泰环保,4.7,4.62,4.62,4.73,4.56,46662.0,21660000.0,27.1,27.1,22.03,0.81,0.81,2682600,1983600.0,2026-05-22,16:14:21
603798,康普顿,17.46,17.63,17.64,17.8,17.1,55790.0,97070000.0,44.78,44.78,103.67,3.61,2.18,3235800,2343200.0,2026-05-22,16:14:11
603799,华友钴业,58.88,56.46,56.42,59.06,55.98,628169.0,3634730000.0,1116.79,1111.42,15.18,2.25,3.33,36798900,26018000.0,2026-05-22,16:14:27
603800,洪田股份,62.62,56.93,56.93,62.62,56.93,111392.0,676990000.0,130.25,130.25,548.36,16.47,5.36,5491300,5648000.0,2026-05-22,16:14:28
603801,志邦家居,7.92,7.91,7.93,7.98,7.84,15278.0,12080000.0,34.4,34.4,50.37,1.09,0.35,810300,717500.0,2026-05-22,16:14:16
603803,瑞斯康达,15.07,14.71,14.98,15.55,14.87,264082.0,399300000.0,64.03,64.03,-347.87,4.17,6.22,13248300,13160000.0,2026-05-22,16:14:15
603806,福斯特,17.52,15.93,16.18,17.52,15.94,829839.0,1399330000.0,457.05,457.05,67.18,2.82,3.18,42396700,40587200.0,2026-05-22,16:14:07
603808,歌力思,9.3,9.3,9.35,9.38,9.15,41659.0,38560000.0,33.83,33.83,20.51,1.32,1.15,2297200,1868700.0,2026-05-22,16:14:18
603809,豪能股份,11.25,11.24,11.37,11.45,11.08,174129.0,195240000.0,103.53,103.53,37.42,2.74,1.89,7381500,10031400.0,2026-05-22,16:14:23
603810,丰山集团,14.78,14.7,14.7,14.93,14.24,33464.0,48630000.0,24.44,24.44,67.85,1.58,2.02,1868400,1478000.0,2026-05-22,16:14:11
603811,诚意药业,11.11,11.05,11.12,11.15,10.98,34637.0,38340000.0,36.36,36.36,18.78,2.51,1.06,1719600,1744100.0,2026-05-22,16:14:15
603813,*ST原尚,37.49,37.23,37.23,37.69,36.66,3750.0,14000000.0,39.37,39.37,-51.95,7.93,0.36,188000,187000.0,2026-05-22,16:14:29
603815,交建股份,6.95,6.67,6.65,7.02,6.64,187894.0,129080000.0,43.02,43.02,-5.67,2.73,3.04,11878400,6911000.0,2026-05-22,16:14:26
603816,顾家家居,28.79,29.05,29.23,29.3,28.17,95952.0,275130000.0,236.5,233.82,13.38,2.13,1.18,4178300,5416900.0,2026-05-22,16:14:17
603817,海峡环保,6.66,6.57,6.61,6.67,6.48,77622.0,51130000.0,37.97,37.97,16.2,1.16,1.36,4343900,3418300.0,2026-05-22,16:14:28
603818,曲美家居,3.56,3.5,3.52,3.59,3.45,119996.0,42180000.0,24.44,24.44,-17.07,1.18,1.75,6842900,5156700.0,2026-05-22,16:14:24
603819,神力股份,14.7,13.95,13.99,15.16,13.86,123623.0,180140000.0,32.01,32.01,122.4,3.94,5.68,6544900,5817400.0,2026-05-22,16:14:11
603822,ST嘉澳,75.77,77.28,76.5,77.77,75.05,8302.0,63180000.0,58.21,58.21,171.19,17.48,1.08,352600,477600.0,2026-05-22,16:14:18
603823,百合花,23.18,22.62,23.07,23.44,22.58,148527.0,342220000.0,96.51,96.51,58.82,3.85,3.57,6838100,8014600.0,2026-05-22,16:14:18
603825,ST华扬,8.56,8.43,8.45,8.56,8.42,14230.0,12070000.0,21.69,21.69,-3.49,69.62,0.56,765700,657300.0,2026-05-22,16:14:04
603826,坤彩科技,34.04,33.91,33.91,35.0,33.58,72705.0,248460000.0,223.03,223.03,-535.94,11.92,1.11,3865100,3405400.0,2026-05-22,16:14:13
603828,*ST利达,5.71,5.84,5.84,5.96,5.66,45712.0,26380000.0,34.03,34.03,-13.95,6.65,0.77,1920200,2651000.0,2026-05-22,16:14:11
603829,洛凯股份,25.39,24.57,24.77,26.25,24.72,44592.0,113880000.0,47.29,47.29,85.97,3.17,2.39,2323100,2136100.0,2026-05-22,16:14:06
603833,欧派家居,38.83,39.26,39.47,39.6,38.4,41982.0,163420000.0,236.53,236.53,12.83,1.28,0.69,2149400,2048800.0,2026-05-22,16:14:02
603836,海程邦达,13.77,13.33,13.43,13.86,13.24,23073.0,31370000.0,28.26,28.26,59.22,1.62,1.12,1308500,998800.0,2026-05-22,16:14:21
603838,*ST四通,9.68,9.58,9.69,9.7,9.48,13251.0,12700000.0,30.98,30.98,-36.68,3.53,0.41,504500,820600.0,2026-05-22,16:14:12
603839,安正时尚,7.73,7.65,7.66,7.79,7.46,40212.0,30810000.0,29.92,29.92,-16.5,1.78,1.04,2178900,1842300.0,2026-05-22,16:14:17
603843,*ST正平,9.0,8.8,8.87,9.18,8.85,142558.0,128110000.0,62.97,62.97,-34.53,244.43,2.04,7068400,7187400.0,2026-05-22,16:14:25
603848,好太太,15.5,15.49,15.52,15.75,15.35,14777.0,22890000.0,62.37,62.37,29.65,2.39,0.37,666600,811100.0,2026-05-22,16:14:16
603855,华荣股份,18.92,19.01,19.02,19.16,18.89,29702.0,56430000.0,63.86,63.48,18.34,2.84,0.89,1193900,1776300.0,2026-05-22,16:14:05
603856,东宏股份,12.22,12.18,12.21,12.33,12.0,34159.0,41670000.0,34.47,34.47,13.72,1.23,1.21,1720700,1695200.0,2026-05-22,16:14:14
603858,步长制药,15.27,15.29,15.42,15.42,15.17,45628.0,69690000.0,161.03,161.03,43.06,1.58,0.43,2332200,2230700.0,2026-05-22,16:14:09
603859,能科科技,46.09,44.67,44.91,46.46,44.03,162797.0,739780000.0,112.78,112.78,49.97,3.57,6.65,7843900,8435900.0,2026-05-22,16:14:07
603860,中公高科,30.9,30.26,30.55,31.11,30.01,12500.0,38150000.0,20.6,20.6,44.16,2.45,1.87,711900,538100.0,2026-05-22,16:14:02
603861,白云电器,16.03,15.7,15.69,16.3,15.69,96660.0,154590000.0,86.65,84.73,42.98,2.16,1.83,4951500,4714500.0,2026-05-22,16:14:03
603863,松炀资源,17.23,17.16,17.32,17.49,17.02,61168.0,105340000.0,35.26,35.26,-18.49,14.56,2.99,2973100,3143700.0,2026-05-22,16:14:12
603866,桃李面包,4.77,4.82,4.81,4.83,4.77,64837.0,31030000.0,76.31,76.31,30.32,1.45,0.41,2499000,3984700.0,2026-05-22,16:14:28
603867,新化股份,42.15,38.32,39.0,42.15,38.4,168901.0,692640000.0,91.67,90.91,33.93,2.92,7.83,10054400,6835700.0,2026-05-22,16:14:08
603868,飞科电器,38.0,36.96,37.0,38.88,37.0,29563.0,112190000.0,165.53,165.53,31.85,4.71,0.68,1737200,1219100.0,2026-05-22,16:14:14
603869,ST智知,11.1,10.77,10.72,11.1,10.72,13878.0,15170000.0,54.85,54.85,157.86,1.46,0.28,757500,630200.0,2026-05-22,16:14:10
603871,嘉友国际,11.02,11.13,11.13,11.32,10.95,118779.0,131220000.0,150.75,150.75,12.49,2.4,0.87,5039200,6838700.0,2026-05-22,16:14:26
603876,鼎胜新材,27.5,26.29,26.81,27.63,26.0,352491.0,950000000.0,255.55,255.55,41.12,3.34,3.79,20686700,14562400.0,2026-05-22,16:14:24
603877,太平鸟,13.32,13.48,13.46,13.6,13.23,18543.0,24690000.0,62.75,62.51,33.55,1.38,0.4,1130600,723700.0,2026-05-22,16:15:00
603878,武进不锈,7.24,7.21,7.21,7.31,7.15,88014.0,63770000.0,40.63,40.63,127.99,1.57,1.57,4149900,4651500.0,2026-05-22,16:14:04
603879,永悦科技,5.55,5.33,5.34,5.63,5.33,106203.0,58250000.0,19.94,19.94,-37.22,8.61,2.96,6063600,4556700.0,2026-05-22,16:14:22
603880,南卫股份,8.76,8.1,8.14,8.91,8.05,141296.0,120590000.0,25.32,25.32,-25.61,14.71,4.89,6784200,7345300.0,2026-05-22,16:14:28
603881,数据港,38.6,37.78,38.0,38.72,37.78,390516.0,1495720000.0,277.29,277.29,198.83,8.24,5.44,19521600,19530000.0,2026-05-22,16:14:22
603882,金域医学,26.14,25.64,25.63,26.36,25.22,60756.0,156410000.0,121.1,120.28,-117.95,1.91,1.32,2973100,3102500.0,2026-05-22,16:14:03
603883,老百姓,12.23,12.32,12.37,12.39,12.21,79337.0,97240000.0,92.81,92.81,23.49,1.37,1.05,3566900,4366800.0,2026-05-22,16:14:16
603885,吉祥航空,11.44,11.49,11.45,11.68,11.27,244856.0,279790000.0,249.85,249.85,22.01,2.41,1.12,12201000,12284600.0,2026-05-22,16:14:01
603886,XD元祖股,11.04,11.0,11.03,11.09,10.76,51754.0,56570000.0,26.5,26.5,28.08,1.98,2.16,2874600,2300800.0,2026-05-22,16:14:01
603887,城地香江,13.95,13.8,13.91,14.09,13.65,128102.0,177520000.0,83.98,83.98,-85.09,2.41,2.13,6859500,5950700.0,2026-05-22,16:14:09
603888,新华网,19.15,19.29,19.38,19.44,18.87,109286.0,208740000.0,129.21,129.21,39.16,3.4,1.62,4519700,6408800.0,2026-05-22,16:14:24
603889,新澳股份,7.78,7.65,7.65,7.89,7.51,171967.0,132640000.0,56.81,56.38,11.38,1.49,2.37,8328400,8868300.0,2026-05-22,16:14:05
603890,春秋电子,22.97,20.88,20.99,22.97,20.99,494959.0,1111610000.0,102.63,102.63,33.61,3.11,11.08,22508200,26987700.0,2026-05-22,16:14:10
603893,瑞芯微,195.24,187.1,190.0,198.7,187.91,157589.0,3048010000.0,821.95,821.79,70.88,17.41,3.74,8520900,7238000.0,2026-05-22,16:14:05
603895,天永智能,37.89,38.23,38.84,39.13,37.01,41490.0,157670000.0,40.95,40.95,240.87,19.95,3.84,2032400,2116600.0,2026-05-22,16:14:21
603896,寿仙谷,15.8,15.84,15.84,15.9,15.6,13872.0,21830000.0,31.32,31.32,-271.02,1.41,0.7,768100,619000.0,2026-05-22,16:14:18
603897,长城科技,57.15,55.6,55.73,58.5,54.2,111753.0,635700000.0,117.98,117.98,38.66,4.65,5.41,5015100,6160200.0,2026-05-22,16:14:15
603898,好莱客,12.4,12.17,12.3,12.57,12.08,22296.0,27510000.0,38.61,38.61,-400.55,1.26,0.72,1330500,899200.0,2026-05-22,16:14:00
603899,晨光股份,22.48,21.14,22.01,22.53,21.75,125820.0,278000000.0,207.03,207.03,15.57,2.38,1.37,6731700,5850300.0,2026-05-22,16:14:26
603900,莱绅通灵,7.15,7.0,7.05,7.2,6.95,60271.0,42690000.0,24.52,24.5,28.88,1.23,1.76,3229400,2797700.0,2026-05-22,16:14:04
603901,永创智能,12.56,12.36,12.46,12.63,12.34,92737.0,116010000.0,72.44,67.86,43.16,2.46,1.72,4581300,4692400.0,2026-05-22,16:14:06
603903,中持股份,12.76,13.06,13.05,13.45,12.55,150340.0,193180000.0,32.58,32.58,-35.54,2.28,5.89,6520100,8513800.0,2026-05-22,16:14:26
603906,龙蟠科技,28.58,29.3,28.47,29.1,27.84,570333.0,1623270000.0,221.81,160.9,327.74,4.57,10.13,24215800,32817500.0,2026-05-22,16:14:20
603908,牧高笛,22.63,22.1,22.21,22.81,21.84,14163.0,31660000.0,21.07,21.07,-47.46,4.34,1.52,651300,765100.0,2026-05-22,16:14:19
603909,XD建发合,11.3,11.15,11.08,11.4,11.0,23207.0,25970000.0,29.46,29.46,25.78,2.57,0.89,1477700,843100.0,2026-05-22,16:14:14
603912,佳力图,10.71,10.37,10.48,10.78,10.31,247394.0,261490000.0,58.03,58.03,-93.74,3.37,4.57,12828300,11911100.0,2026-05-22,16:14:11
603915,国茂股份,17.9,17.8,17.84,18.02,17.58,143688.0,255810000.0,117.54,117.54,47.58,3.1,2.19,7913200,6455600.0,2026-05-22,16:14:15
603916,苏博特,15.41,15.04,15.1,15.72,15.1,171846.0,264220000.0,65.69,64.77,51.79,1.54,4.09,7906400,9278200.0,2026-05-22,16:14:03
603917,合力科技,13.15,12.84,12.75,13.21,12.71,101182.0,131170000.0,26.8,26.8,130.27,1.6,4.96,5079100,5039200.0,2026-05-22,16:14:03
603918,金桥信息,12.53,12.4,12.4,12.66,12.18,87126.0,108020000.0,45.75,45.75,-70.97,4.67,2.39,4230900,4481700.0,2026-05-22,16:14:06
603919,金徽酒,19.25,20.02,19.98,20.02,19.0,145184.0,281320000.0,97.65,97.65,30.03,2.76,2.86,6407700,8110700.0,2026-05-22,16:14:27
603920,世运电路,66.65,63.34,63.57,68.14,63.39,535310.0,3545850000.0,480.27,480.27,88.82,7.38,7.43,31351500,22179600.0,2026-05-22,16:14:26
603922,ST金鸿顺,15.13,14.41,14.37,15.13,14.33,34332.0,51540000.0,27.11,27.11,-28.05,2.91,1.92,1969200,1464000.0,2026-05-22,16:14:09
603926,铁流股份,24.25,24.52,24.71,24.72,23.6,100713.0,244050000.0,56.92,55.98,70.67,3.25,4.36,5321700,4749700.0,2026-05-22,16:14:22
603927,中科软,16.01,16.07,16.16,16.25,15.81,96012.0,153610000.0,133.05,133.05,59.31,4.19,1.16,4518700,5082500.0,2026-05-22,16:14:03
603928,兴业股份,16.55,15.89,15.9,16.65,15.87,64008.0,104670000.0,43.37,43.37,36.05,2.69,2.44,3348300,3052500.0,2026-05-22,16:14:08
603929,亚翔集成,176.01,176.9,177.0,179.0,170.4,47081.0,819400000.0,375.53,375.53,35.49,17.27,2.21,2258500,2449600.0,2026-05-22,16:14:12
603931,格林达,54.65,49.68,50.26,54.65,48.98,69992.0,371860000.0,109.06,109.06,90.88,5.46,3.51,3784400,3214800.0,2026-05-22,16:14:25
603933,睿能科技,25.9,25.6,25.62,26.06,25.31,99022.0,254850000.0,53.75,53.75,95.4,4.01,4.77,4774200,5128000.0,2026-05-22,16:14:15
603936,博敏电子,22.59,20.54,21.2,22.59,21.2,1080174.0,2388940000.0,145.78,142.41,-461.79,3.31,17.13,52633100,55384300.0,2026-05-22,16:14:21
603937,丽岛新材,15.4,14.86,14.96,15.52,14.8,99531.0,151110000.0,32.17,32.17,1381.05,2.08,4.76,5609600,4343500.0,2026-05-22,16:14:15
603938,三孚股份,49.68,50.58,51.84,52.4,48.9,381637.0,1907850000.0,190.09,190.09,206.29,7.48,9.97,16832800,21330900.0,2026-05-22,16:14:20
603939,益丰药房,20.77,21.3,21.31,21.48,20.76,124696.0,262510000.0,251.81,251.81,14.57,2.11,1.03,5389400,7080300.0,2026-05-22,16:14:12
603948,建业股份,26.66,25.68,25.76,26.85,25.7,22975.0,60590000.0,43.32,43.32,18.57,1.96,1.41,1256500,1041000.0,2026-05-22,16:14:12
603949,雪龙集团,17.27,17.04,17.05,17.42,16.8,29132.0,49820000.0,36.39,36.3,38.04,3.44,1.39,1556500,1356700.0,2026-05-22,16:14:22
603950,长源东谷,68.85,66.29,66.82,69.95,66.17,67206.0,457190000.0,223.16,222.8,56.62,7.21,2.08,3535100,3185500.0,2026-05-22,16:14:21
603955,大千生态,22.79,22.75,22.9,23.01,22.41,16039.0,36390000.0,30.93,30.93,-22.46,2.16,1.18,1020000,583900.0,2026-05-22,16:14:12
603956,威派格,5.94,5.9,5.89,5.98,5.81,175646.0,103670000.0,33.85,33.85,-23.37,1.84,3.08,8305500,9259100.0,2026-05-22,16:14:04
603958,哈森股份,24.71,23.31,23.84,25.27,23.16,99455.0,243340000.0,54.2,54.2,-139.94,8.32,4.53,6334200,3611300.0,2026-05-22,16:14:20
603959,ST百利,4.65,4.6,4.47,4.7,4.45,135079.0,61950000.0,22.8,22.8,-13.32,5831.23,2.76,6573700,6934200.0,2026-05-22,16:14:27
603960,克来机电,23.67,21.52,21.52,23.67,21.33,147100.0,334520000.0,62.06,62.06,292.84,5.51,5.61,7570800,7139200.0,2026-05-22,16:14:15
603966,法兰泰克,13.04,12.82,12.99,13.14,12.84,69427.0,90150000.0,52.2,52.08,20.51,2.45,1.74,3633900,3308800.0,2026-05-22,16:14:07
603967,中创物流,13.04,12.92,13.02,13.17,12.83,22196.0,28810000.0,45.21,45.21,15.56,2.0,0.64,1186400,1033200.0,2026-05-22,16:14:10
603968,醋化股份,11.44,11.25,11.28,11.57,11.13,40150.0,45650000.0,23.39,23.39,-33.39,1.34,1.96,2007100,2007900.0,2026-05-22,16:14:26
603969,银龙股份,9.02,8.92,8.99,9.2,8.71,198050.0,177030000.0,78.61,76.63,21.74,2.78,2.33,9700100,10104900.0,2026-05-22,16:14:14
603970,中农立华,12.18,12.02,12.05,12.21,11.95,14759.0,17810000.0,32.74,32.74,18.87,2.01,0.55,757400,718500.0,2026-05-22,16:14:21
603976,正川股份,24.2,22.0,22.49,24.2,22.49,94041.0,221820000.0,36.59,36.59,246.95,3.08,6.22,4863000,4541100.0,2026-05-22,16:14:07
603977,国泰集团,13.6,13.28,13.32,13.74,13.14,130475.0,175430000.0,84.49,84.49,33.92,2.44,2.1,7088300,5959200.0,2026-05-22,16:14:13
603978,深圳新星,31.47,32.41,31.4,32.42,31.17,132621.0,422430000.0,66.43,66.43,-104.27,4.01,6.28,6601200,6660900.0,2026-05-22,16:14:11
603979,金诚信,66.33,63.5,63.5,66.93,63.16,105923.0,695580000.0,413.76,413.76,16.43,3.61,1.7,6299000,4293300.0,2026-05-22,16:14:23
603980,吉华集团,5.95,5.83,5.87,6.01,5.75,137152.0,81080000.0,40.27,40.27,43.15,1.02,2.03,7667800,6047400.0,2026-05-22,16:14:13
603982,泉峰汽车,7.62,7.44,7.5,7.7,7.31,85828.0,64580000.0,27.82,25.87,-8.13,1.31,2.53,4615700,3967100.0,2026-05-22,16:14:13
603983,丸美生物,23.79,24.28,24.45,24.49,23.7,21225.0,50740000.0,95.4,95.4,44.74,2.78,0.53,789100,1333400.0,2026-05-22,16:14:14
603985,恒润股份,26.01,25.01,25.48,26.29,25.38,270922.0,702610000.0,114.67,114.67,96.58,3.43,6.15,15427500,11664600.0,2026-05-22,16:14:15
603986,兆易创新,468.74,431.9,448.0,472.99,439.0,637969.0,28932070000.0,3286.35,3130.46,114.32,13.0,9.55,33410900,30386000.0,2026-05-22,16:14:17
603987,康德莱,7.77,7.71,7.73,7.83,7.64,29720.0,23010000.0,33.94,33.94,14.52,1.19,0.68,1634400,1337600.0,2026-05-22,16:14:04
603988,中电电机,22.17,22.01,21.96,22.44,21.59,41240.0,91240000.0,52.14,52.14,168.49,7.82,1.75,2247100,1876900.0,2026-05-22,16:14:16
603989,艾华集团,28.42,25.84,26.36,28.42,26.31,159994.0,445230000.0,113.33,113.33,42.86,2.87,4.01,7193900,8805400.0,2026-05-22,16:14:25
603990,麦迪科技,16.88,16.48,16.5,17.3,16.47,218217.0,368420000.0,51.7,51.7,266.38,6.16,7.12,12048900,9772800.0,2026-05-22,16:14:02
603991,至正股份,117.31,116.77,118.98,120.0,114.0,28521.0,332690000.0,179.14,87.44,963.38,5.1,3.83,1417300,1434800.0,2026-05-22,16:14:23
603992,松霖科技,29.72,31.42,31.42,31.87,28.8,82323.0,244540000.0,131.67,131.67,51.56,3.59,1.86,4033400,4198800.0,2026-05-22,16:14:18
603993,洛阳钼业,18.53,17.64,17.8,18.64,17.57,2258116.0,4113900000.0,3964.37,3235.49,16.41,4.46,1.29,128517900,97293800.0,2026-05-22,16:14:17
603995,甬金股份,18.28,18.2,18.25,18.41,17.97,32650.0,59570000.0,66.83,66.83,11.72,1.13,0.89,1745400,1519600.0,2026-05-22,16:14:08
603997,继峰股份,13.51,13.39,13.33,13.57,13.3,100668.0,135460000.0,171.88,171.88,35.75,3.18,0.79,5061700,5005100.0,2026-05-22,16:14:03
603998,方盛制药,10.26,10.2,10.26,10.29,10.12,43871.0,44790000.0,45.05,45.05,14.7,2.6,1.0,1970500,2416600.0,2026-05-22,16:14:20
603999,读者传媒,6.95,7.02,7.09,7.14,6.82,170823.0,118500000.0,40.03,40.03,46.75,1.93,2.97,7737100,9345200.0,2026-05-22,16:14:19
605001,威奥股份,7.05,6.91,6.94,7.08,6.83,38767.0,26990000.0,27.7,27.7,33.93,1.01,0.99,2112800,1763900.0,2026-05-22,16:14:10
605003,众望布艺,26.31,26.69,26.69,26.85,26.1,14073.0,37150000.0,28.94,28.94,45.79,1.97,1.28,854400,552900.0,2026-05-22,16:14:20
605005,合兴股份,18.6,18.62,18.7,18.7,18.25,24785.0,45870000.0,74.59,74.59,37.4,3.51,0.62,1293100,1185400.0,2026-05-22,16:14:09
605006,山东玻纤,15.74,14.31,14.31,15.74,14.25,721626.0,1117320000.0,94.45,94.45,-781.58,3.77,12.03,27896400,44266200.0,2026-05-22,16:14:11
605007,五洲特纸,14.27,14.13,14.08,14.35,13.98,30994.0,43900000.0,67.89,57.3,24.29,1.89,0.77,1698300,1401100.0,2026-05-22,16:14:16
605008,长鸿高科,11.93,11.85,11.99,12.05,11.61,24969.0,29710000.0,77.06,77.06,-377.51,3.95,0.39,1381800,1115100.0,2026-05-22,16:14:01
605009,豪悦护理,26.18,26.22,26.22,26.38,26.1,9174.0,24040000.0,56.3,56.3,25.03,1.62,0.43,387300,530100.0,2026-05-22,16:14:21
605011,杭州热电,22.18,21.37,21.37,22.6,21.3,84724.0,187700000.0,88.74,88.74,46.67,3.59,2.12,4498500,3973900.0,2026-05-22,16:14:14
605016,百龙创园,26.51,26.6,26.84,27.08,26.0,55425.0,146880000.0,111.35,111.35,27.31,5.35,1.32,3104100,2438300.0,2026-05-22,16:14:21
605018,长华集团,14.06,13.67,13.52,14.42,13.45,133074.0,186670000.0,66.09,66.09,63.63,2.33,2.83,6825800,6481600.0,2026-05-22,16:14:20
605020,永和股份,33.69,32.8,33.0,34.43,32.68,301360.0,1016020000.0,172.09,169.44,26.7,2.9,5.99,15415100,14720900.0,2026-05-22,16:14:19
605028,世茂能源,24.81,24.71,24.71,25.0,24.28,11556.0,28460000.0,39.7,39.7,27.96,3.1,0.72,597500,558100.0,2026-05-22,16:14:07
605033,美邦股份,21.87,21.48,21.47,21.95,21.36,19715.0,42730000.0,29.57,29.57,54.42,2.49,1.46,1202600,768900.0,2026-05-22,16:14:08
605050,福然德,11.87,11.89,11.89,11.98,11.78,29194.0,34680000.0,58.5,58.5,15.76,1.31,0.59,1226200,1693200.0,2026-05-22,16:14:14
605055,迎丰股份,13.46,13.41,13.41,13.74,13.2,133912.0,179950000.0,59.22,59.22,-93.41,6.03,3.04,5735600,7655600.0,2026-05-22,16:14:17
605056,咸亨国际,24.77,24.3,24.2,24.99,24.15,85587.0,210100000.0,101.41,99.92,38.41,5.52,2.12,4048600,4510100.0,2026-05-22,16:14:24
605058,澳弘电子,39.2,36.43,36.5,39.6,36.5,56115.0,216730000.0,56.03,56.03,37.62,3.08,3.93,3447700,2163800.0,2026-05-22,16:14:29
605060,联德股份,54.15,53.95,54.23,55.1,52.59,47885.0,258220000.0,130.28,129.39,53.42,5.15,2.0,2379300,2409200.0,2026-05-22,16:14:22
605066,天正电气,7.46,7.34,7.35,7.51,7.25,82255.0,60870000.0,37.65,37.48,48.61,2.1,1.64,4318700,3906800.0,2026-05-22,16:14:24
605068,明新旭腾,27.05,25.68,25.93,27.28,25.52,35586.0,94890000.0,43.87,43.87,-395.25,2.84,2.19,2168200,1390400.0,2026-05-22,16:14:12
605069,正和生态,16.18,15.76,15.76,16.35,15.76,47093.0,75720000.0,34.25,34.25,-16.14,4.98,2.22,2644900,2064400.0,2026-05-22,16:14:27
605077,华康股份,17.93,18.5,18.84,19.18,17.79,229104.0,425700000.0,54.34,53.69,38.42,1.77,7.65,8001500,14908900.0,2026-05-22,16:14:05
605080,浙江自然,26.53,25.15,25.65,26.9,24.85,30048.0,78450000.0,37.55,37.24,22.47,1.65,2.14,1744400,1260400.0,2026-05-22,16:14:22
605081,*ST太和,5.03,5.03,0.0,0.0,0.0,0.0,0.0,5.7,5.7,-1.84,0.86,0.0,0,0.0,2026-05-22,16:14:15
605086,龙高股份,31.81,29.81,29.0,32.65,29.0,57089.0,179210000.0,57.0,57.0,49.72,3.5,3.19,3355600,2353300.0,2026-05-22,16:14:11
605088,冠盛股份,35.78,35.75,35.97,36.29,35.3,36708.0,131450000.0,72.54,71.46,25.1,2.45,1.84,1681000,1989800.0,2026-05-22,16:14:03
605089,味知香,22.6,22.6,22.67,22.94,22.34,9941.0,22440000.0,31.19,31.19,43.34,2.46,0.72,501200,492900.0,2026-05-22,16:14:03
605090,九丰能源,38.98,39.42,39.54,39.64,38.82,154141.0,602430000.0,275.17,274.62,19.54,2.4,2.19,6679600,8734400.0,2026-05-22,16:14:05
605098,行动教育,55.06,56.07,56.83,56.83,54.0,23922.0,131050000.0,65.66,65.66,19.85,6.41,2.01,1163400,1228800.0,2026-05-22,16:14:18
605099,共创草坪,43.29,43.5,43.72,44.48,42.81,39987.0,174000000.0,174.26,173.79,24.46,5.22,1.0,1886300,2112400.0,2026-05-22,16:14:10
605100,华丰股份,55.36,55.58,56.38,56.79,54.1,51332.0,284700000.0,94.52,94.07,393.23,5.25,3.02,2218100,2915000.0,2026-05-22,16:14:18
605108,同庆楼,13.66,13.91,13.92,14.01,13.6,29081.0,39850000.0,35.52,35.52,52.95,1.52,1.12,1241800,1666300.0,2026-05-22,16:14:03
605111,新洁能,57.47,53.08,53.89,58.15,53.89,393630.0,2225310000.0,238.69,238.69,62.83,5.5,9.48,20315300,19047700.0,2026-05-22,16:14:27
605116,奥锐特,21.45,21.5,22.5,22.5,21.36,51087.0,110570000.0,87.13,87.13,22.13,3.23,1.26,1859000,3249700.0,2026-05-22,16:14:26
605117,DR德业股,120.7,119.18,119.25,124.66,118.47,179221.0,2173980000.0,1536.63,1536.63,42.06,15.48,1.41,9182600,8739400.0,2026-05-22,16:14:25
605118,力鼎光电,41.34,40.16,40.16,41.76,40.16,29826.0,122500000.0,170.02,169.03,62.14,10.51,0.73,1680300,1302300.0,2026-05-22,16:14:03
605122,四方新材,14.33,13.98,14.03,14.47,13.78,31832.0,45150000.0,24.7,24.7,-8.13,1.42,1.85,1834500,1348700.0,2026-05-22,16:14:23
605123,派克新材,120.58,118.11,118.12,120.75,114.5,61091.0,725660000.0,146.11,146.11,55.89,3.16,5.04,3159400,2949700.0,2026-05-22,16:14:01
605128,上海沿浦,35.69,34.7,34.95,36.28,34.45,50286.0,178280000.0,75.36,75.36,37.47,3.44,2.38,2596200,2432300.0,2026-05-22,16:14:21
605133,嵘泰股份,41.15,41.76,41.23,42.1,40.74,136745.0,564540000.0,116.36,116.09,62.14,3.05,4.85,5894600,7779900.0,2026-05-22,16:14:00
605136,丽人丽妆,9.96,9.83,9.84,10.09,9.61,88398.0,87140000.0,39.89,39.89,-77.7,1.65,2.21,4689000,4150800.0,2026-05-22,16:14:29
605138,盛泰集团,7.6,7.52,7.54,7.67,7.46,44666.0,33760000.0,42.22,42.22,24.08,1.68,0.8,2472000,1994600.0,2026-05-22,16:14:18
605151,西上海,22.9,22.19,22.5,23.04,22.03,24202.0,54820000.0,30.81,30.81,152.3,2.24,1.8,1329100,1091100.0,2026-05-22,16:14:01
605155,西大门,16.04,15.83,15.8,16.28,15.71,27505.0,44040000.0,30.68,29.97,28.23,2.24,1.47,1585000,1165500.0,2026-05-22,16:14:19
605158,华达新材,7.58,7.41,7.41,7.7,7.36,83220.0,62890000.0,38.77,38.77,-1510.28,1.6,1.63,4451500,3870500.0,2026-05-22,16:14:04
605162,新中港,10.7,10.45,10.46,10.76,10.32,91151.0,96520000.0,44.45,44.45,37.1,3.44,2.19,5090500,4024600.0,2026-05-22,16:14:26
605166,聚合顺,11.31,10.57,10.69,11.33,10.48,124238.0,136940000.0,35.6,35.6,36.28,1.79,3.95,7671300,4752500.0,2026-05-22,16:14:01
605167,利柏特,16.44,16.92,16.52,17.0,15.83,126317.0,205160000.0,73.83,73.83,34.15,3.58,2.81,6356300,6275400.0,2026-05-22,16:14:10
605168,三人行,63.59,61.01,61.05,65.0,60.33,113160.0,713770000.0,134.06,134.06,105.17,4.9,5.37,6240800,5075200.0,2026-05-22,16:14:11
605169,洪通燃气,13.16,12.98,12.94,13.38,12.93,35680.0,46890000.0,37.23,37.23,35.99,1.85,1.26,1710800,1857200.0,2026-05-22,16:14:29
605177,东亚药业,22.19,22.29,22.99,23.5,22.05,49263.0,111310000.0,25.46,25.22,-23.0,1.53,4.33,1920000,3006300.0,2026-05-22,16:14:02
605178,时空科技,66.21,65.66,65.65,66.72,64.81,25020.0,164760000.0,65.6,65.6,-30.43,5.94,2.53,1250700,1251300.0,2026-05-22,16:14:05
605179,一鸣食品,15.25,15.38,15.39,15.5,15.2,23322.0,35650000.0,61.15,61.15,113.87,5.31,0.58,1297000,1035200.0,2026-05-22,16:14:02
605180,华生科技,16.15,14.68,14.92,16.15,14.61,47772.0,74090000.0,27.29,27.29,126.4,2.38,2.83,2317900,2459400.0,2026-05-22,16:14:09
605183,确成股份,16.12,15.73,15.81,16.2,15.66,15169.0,24190000.0,67.04,66.48,15.3,1.77,0.37,847500,669400.0,2026-05-22,16:14:21
605186,健麾信息,24.63,24.79,24.79,25.02,24.14,54317.0,133550000.0,33.5,33.5,108.86,3.03,3.99,2778300,2653400.0,2026-05-22,16:14:17
605188,国光连锁,14.04,13.97,13.89,14.23,13.83,45334.0,63550000.0,70.53,70.53,344.63,5.76,0.9,2596700,1936700.0,2026-05-22,16:14:17
605189,富春染织,17.01,16.82,16.99,17.48,16.94,140809.0,241070000.0,38.28,38.28,26.37,2.01,6.26,6270800,7810100.0,2026-05-22,16:14:19
605196,华通线缆,41.45,39.51,39.75,41.8,39.75,154851.0,635700000.0,211.8,209.31,68.65,6.26,3.07,9069500,6415600.0,2026-05-22,16:14:12
605198,安德利,50.52,52.38,48.0,51.0,48.0,103350.0,514580000.0,168.83,136.67,53.26,5.92,3.82,5512700,4822300.0,2026-05-22,16:14:16
605199,ST葫芦娃,6.82,6.94,6.89,6.98,6.76,73529.0,50410000.0,27.29,27.29,-8.01,7.11,1.84,2772400,4580500.0,2026-05-22,16:15:00
605208,永茂泰,14.49,14.2,14.35,14.85,14.13,98933.0,143630000.0,47.81,47.81,67.49,2.15,3.0,4794900,5098500.0,2026-05-22,16:14:12
605218,伟时电子,20.3,20.69,20.9,20.91,19.88,96995.0,197090000.0,49.29,43.21,-288.63,2.78,4.56,4816500,4883000.0,2026-05-22,16:14:13
605222,起帆电缆,36.52,36.48,36.1,37.6,35.6,154994.0,568710000.0,150.79,150.79,76.87,3.2,3.75,7342400,8157000.0,2026-05-22,16:14:20
605228,神通科技,14.05,14.12,14.2,14.28,13.92,67426.0,94980000.0,67.32,67.04,39.49,3.01,1.41,3357400,3385300.0,2026-05-22,16:14:22
605255,天普股份,96.32,98.16,98.16,98.16,95.01,11401.0,109540000.0,129.15,129.15,858.61,15.89,0.85,484200,655900.0,2026-05-22,16:14:25
605258,协和电子,37.26,35.4,35.39,37.35,35.39,42861.0,156950000.0,32.79,32.79,54.75,2.69,4.87,2424200,1862000.0,2026-05-22,16:14:03
605259,绿田机械,18.51,18.29,18.29,18.63,18.02,12511.0,23020000.0,31.93,31.93,13.7,1.69,0.73,648500,602600.0,2026-05-22,16:14:15
605266,健之佳,18.63,18.64,18.78,18.8,18.45,16048.0,29850000.0,28.79,28.79,19.12,1.06,1.04,791500,813300.0,2026-05-22,16:14:18
605268,王力安防,11.03,10.96,11.0,11.11,10.89,35064.0,38580000.0,49.23,48.59,37.66,2.85,0.8,1996900,1509500.0,2026-05-22,16:14:22
605277,新亚电子,22.92,21.91,22.11,23.09,21.95,81029.0,182820000.0,74.26,72.92,34.1,4.26,2.55,4593900,3509000.0,2026-05-22,16:14:23
605286,XD同力天,39.74,38.79,39.68,40.52,38.01,23779.0,93590000.0,66.76,66.76,49.39,3.11,1.42,1239200,1138700.0,2026-05-22,16:14:15
605287,德才股份,50.24,48.34,48.26,50.26,48.01,51701.0,254910000.0,70.34,70.34,117.33,4.45,3.69,3034200,2135900.0,2026-05-22,16:14:20
605288,凯迪股份,107.76,113.65,108.8,114.29,105.15,35299.0,385620000.0,76.16,75.65,218.45,3.4,5.03,1529800,2000100.0,2026-05-22,16:15:00
605289,罗曼股份,105.97,101.47,101.9,107.0,101.64,52725.0,555190000.0,161.72,160.73,186.97,12.11,3.48,2560500,2712000.0,2026-05-22,16:14:03
605296,神农集团,28.08,28.65,28.68,29.2,27.94,39320.0,111150000.0,147.35,145.45,-27.39,3.44,0.76,1360900,2571100.0,2026-05-22,16:14:05
605298,必得科技,56.75,55.25,55.55,57.99,55.31,24290.0,137640000.0,106.6,105.7,186.1,10.32,1.3,1241300,1187700.0,2026-05-22,16:14:06
605299,舒华体育,17.6,17.9,18.28,18.32,17.31,301336.0,533370000.0,72.02,72.02,68.1,5.99,7.36,15198300,14935300.0,2026-05-22,16:14:11
605300,佳禾食品,10.28,10.3,10.36,10.51,10.15,28943.0,29700000.0,46.71,46.71,104.47,1.62,0.64,1647200,1247100.0,2026-05-22,16:14:25
605303,园林股份,31.9,29.6,28.61,32.29,28.61,150499.0,464250000.0,51.43,51.43,-31.04,6.08,9.33,7657800,7392100.0,2026-05-22,16:14:21
605305,中际联合,41.45,41.1,41.2,41.99,40.63,40943.0,168960000.0,88.09,88.09,15.71,2.88,1.93,2246400,1847900.0,2026-05-22,16:14:07
605318,法狮龙,99.0,98.65,99.15,99.94,94.81,25707.0,249790000.0,124.47,124.47,40213.82,19.47,2.04,1257700,1313000.0,2026-05-22,16:14:15
605319,无锡振华,25.75,25.28,25.28,26.0,25.18,34344.0,88290000.0,90.15,89.65,19.12,3.15,0.99,1965600,1468900.0,2026-05-22,16:14:09
605333,沪光股份,23.3,23.15,23.17,23.55,22.84,28819.0,66840000.0,108.12,108.12,25.84,3.14,0.62,1495900,1386000.0,2026-05-22,16:14:21
605336,*ST帅电,16.39,17.25,16.99,17.25,16.39,51812.0,85620000.0,30.06,30.06,-48.23,1.67,2.82,2269100,2912100.0,2026-05-22,16:14:05
605337,李子园,9.99,9.99,9.9,10.04,9.88,24791.0,24700000.0,38.97,38.97,21.22,2.33,0.64,1186900,1292200.0,2026-05-22,16:14:23
605338,巴比食品,20.78,20.98,21.19,21.24,20.66,16214.0,33730000.0,49.78,49.78,17.59,2.37,0.68,892800,728600.0,2026-05-22,16:14:26
605339,南侨食品,16.96,16.71,16.88,16.99,16.5,20500.0,34440000.0,71.96,71.96,488.69,2.1,0.48,963400,1086700.0,2026-05-22,16:14:18
605358,立昂微,52.23,51.26,51.26,52.58,50.68,486905.0,2517210000.0,350.66,350.66,-647.17,5.02,7.25,24736500,23954000.0,2026-05-22,16:14:17
605365,立达信,18.55,18.42,18.38,18.85,18.37,70382.0,130560000.0,93.12,93.12,58.33,2.45,1.4,3610800,3427400.0,2026-05-22,16:14:14
605366,宏柏新材,12.99,11.81,12.0,12.99,11.8,404200.0,510600000.0,100.81,100.81,-59.94,3.77,5.21,21866800,18553200.0,2026-05-22,16:14:28
605368,蓝天燃气,7.24,7.41,7.4,7.41,7.19,51420.0,37310000.0,51.74,51.74,21.94,1.56,0.72,1989300,3152700.0,2026-05-22,16:14:26
605369,拱东医疗,19.87,19.6,19.62,19.98,19.52,19550.0,38600000.0,43.81,43.81,78.11,2.55,0.89,1048600,906400.0,2026-05-22,16:14:07
605376,博迁新材,153.3,139.36,150.96,153.3,148.0,98850.0,1509550000.0,401.03,401.03,165.07,22.78,3.78,3500900,6384100.0,2026-05-22,16:14:28
605377,华旺科技,9.16,9.08,9.08,9.28,9.03,42092.0,38570000.0,50.99,50.99,19.98,1.28,0.76,2329000,1880200.0,2026-05-22,16:14:20
605378,野马电池,18.05,17.78,17.75,18.15,17.58,20306.0,36280000.0,47.17,47.17,121.19,3.79,0.78,1151500,879100.0,2026-05-22,16:14:09
605388,均瑶健康,6.63,6.54,6.63,6.67,6.47,79877.0,52600000.0,39.81,39.81,-20.69,2.59,1.33,4140600,3847100.0,2026-05-22,16:14:14
605389,长龄液压,117.88,114.0,115.0,117.9,113.58,15188.0,176320000.0,169.85,160.63,127.61,7.87,1.11,826800,692000.0,2026-05-22,16:14:25
605398,新炬网络,25.67,25.17,25.3,25.88,25.1,18870.0,48060000.0,41.77,41.77,302.57,4.02,1.16,1055000,832000.0,2026-05-22,16:14:09
605399,晨光新材,15.89,15.69,15.69,16.02,15.32,140997.0,222220000.0,49.61,49.5,-45.45,2.41,4.53,6270100,7829600.0,2026-05-22,16:14:26
605488,福莱新材,40.88,38.44,39.0,41.09,38.4,259541.0,1040450000.0,123.41,112.91,201.54,5.45,9.4,12738200,13215900.0,2026-05-22,16:14:16
605499,东鹏饮料,144.58,147.23,147.6,150.58,143.76,69328.0,1016050000.0,1061.51,977.39,22.62,5.57,1.03,2939000,3993800.0,2026-05-22,16:14:21
605500,森林包装,10.88,9.89,9.91,10.88,9.59,333950.0,351600000.0,45.09,45.09,184.71,1.75,8.06,13349800,20045300.0,2026-05-22,16:14:05
605507,国邦医药,22.38,22.16,22.3,22.73,22.19,23888.0,53680000.0,125.06,125.06,16.32,1.44,0.43,1183800,1205000.0,2026-05-22,16:14:29
605555,德昌股份,16.55,16.52,16.54,16.76,16.27,105487.0,173570000.0,80.11,80.11,84.96,2.68,2.18,4969800,5578900.0,2026-05-22,16:14:14
605566,福莱蒽特,36.6,37.58,41.34,41.34,33.97,166126.0,606500000.0,48.8,48.8,86.86,2.4,12.46,6354700,10257900.0,2026-05-22,16:14:04
605567,春雪食品,10.46,10.25,10.3,10.51,10.08,36345.0,37380000.0,20.92,20.92,56.61,1.88,1.82,1840500,1794000.0,2026-05-22,16:14:08
605577,龙版传媒,10.72,10.7,10.76,10.82,10.6,25615.0,27390000.0,47.64,47.64,19.96,1.18,0.58,1241500,1320000.0,2026-05-22,16:14:04
605580,恒盛能源,22.1,20.09,20.23,22.1,20.13,51351.0,110810000.0,61.88,61.88,38.15,5.77,1.83,2296300,2838800.0,2026-05-22,16:14:11
605588,冠石科技,61.49,59.41,59.59,61.96,59.33,28061.0,171030000.0,45.06,44.95,-54.38,4.76,3.84,1542600,1263500.0,2026-05-22,16:14:21
605589,圣泉集团,45.72,43.96,44.7,47.5,43.66,529379.0,2402830000.0,386.97,386.75,39.6,3.55,6.26,28234600,24703300.0,2026-05-22,16:14:09
605598,上海港湾,51.44,52.81,53.06,53.38,51.0,52364.0,270200000.0,125.01,125.01,368.68,7.3,2.15,2483000,2753400.0,2026-05-22,16:14:12
605599,菜百股份,16.22,16.21,16.32,16.38,16.12,43716.0,70930000.0,126.16,126.16,10.41,2.49,0.56,2217700,2153900.0,2026-05-22,16:14:08
688001,华兴源创,68.79,66.77,67.44,70.1,65.2,15580651.0,1063560000.0,324.39,324.39,286.16,9.55,3.3,856917000,701148100.0,2026-05-22,16:14:34
688002,睿创微纳,133.78,129.38,131.97,136.32,128.26,11931955.0,1577570000.0,623.06,623.06,42.75,8.76,2.56,645686300,547509200.0,2026-05-22,16:14:37
688003,天准科技,104.3,95.48,96.25,105.28,96.25,8291629.0,841120000.0,202.68,202.68,179.17,10.26,4.27,471322700,357840200.0,2026-05-22,16:14:40
688004,博汇科技,23.59,22.9,23.12,23.8,22.6,1570132.0,36350000.0,18.89,18.89,-72.68,3.29,1.96,84861800,72151400.0,2026-05-22,16:14:57
688005,容百科技,34.91,34.35,34.69,35.48,33.9,24131599.0,841510000.0,249.51,249.47,-155.54,3.21,3.38,1135737900,1277422000.0,2026-05-22,16:14:48
688006,杭可科技,35.2,33.83,34.45,35.66,33.8,15351367.0,535720000.0,212.49,212.49,55.82,3.84,2.54,868826000,666310700.0,2026-05-22,16:14:42
688007,光峰科技,15.5,15.44,15.73,15.78,15.08,11860583.0,183310000.0,71.24,71.24,-24.61,2.96,2.58,603865100,582193200.0,2026-05-22,16:14:34
688008,澜起科技,271.83,262.17,272.88,276.74,262.01,78546603.0,21210620000.0,3322.31,3116.33,129.9,15.94,6.85,3820831600,4033828700.0,2026-05-22,16:14:49
688009,中国通号,4.86,4.86,4.88,4.9,4.8,29569858.0,143100000.0,514.67,418.98,14.12,1.07,0.34,1457777700,1499208100.0,2026-05-22,16:14:43
688010,福光股份,46.75,39.2,39.8,46.8,39.01,14182273.0,617980000.0,75.06,75.06,518.76,4.38,8.83,866449100,551778200.0,2026-05-22,16:14:38
688011,新光光电,64.54,63.8,64.35,65.39,63.1,1217364.0,78070000.0,64.54,64.32,-157.12,6.15,1.22,57362900,64373500.0,2026-05-22,16:14:47
688012,中微公司,469.6,475.8,480.0,483.33,452.0,29706796.0,13801280000.0,2953.04,2953.04,108.21,12.06,4.72,1397443900,1573235700.0,2026-05-22,16:14:57
688013,天臣医疗,31.0,30.49,30.94,31.44,30.39,865182.0,26720000.0,25.16,25.16,30.8,4.36,1.07,44374500,42143700.0,2026-05-22,16:15:00
688015,交控科技,20.21,20.17,20.19,20.42,19.91,1233326.0,24840000.0,38.13,38.13,24.59,1.42,0.65,66191800,57140800.0,2026-05-22,16:14:39
688016,心脉医疗,99.37,99.99,100.88,101.3,98.36,1996404.0,198300000.0,122.49,122.49,20.81,2.9,1.62,87172800,112467600.0,2026-05-22,16:15:00
688017,绿的谐波,342.0,335.0,335.0,344.2,322.72,13232877.0,4435170000.0,626.99,626.99,458.48,17.57,7.22,662742000,660545700.0,2026-05-22,16:14:38
688018,乐鑫科技,183.0,177.72,181.01,183.86,177.0,5809351.0,1051840000.0,306.38,306.38,56.76,6.76,3.47,303638700,277296400.0,2026-05-22,16:14:37
688019,安集科技,311.19,304.79,309.0,314.8,296.08,8423517.0,2563780000.0,544.57,544.57,66.21,11.87,4.81,406327800,436023900.0,2026-05-22,16:14:46
688020,方邦股份,165.82,138.18,139.0,165.82,139.0,6670213.0,1063160000.0,136.62,136.62,-133.45,10.38,8.1,324713500,342307800.0,2026-05-22,16:14:52
688021,奥福科技,27.32,26.47,26.45,27.71,26.44,1924879.0,52170000.0,20.88,20.88,72.22,2.36,2.52,108532000,83955900.0,2026-05-22,16:14:46
688022,ST瀚川,9.81,9.84,9.89,9.92,9.7,2761686.0,27120000.0,17.25,17.25,85.56,2.61,1.57,105893100,170275500.0,2026-05-22,16:14:55
688023,安恒信息,43.86,42.8,43.6,44.16,42.51,2359510.0,102200000.0,44.64,44.64,-74.19,2.0,2.32,128245000,107706000.0,2026-05-22,16:14:31
688025,杰普特,449.45,380.0,387.22,453.97,386.81,4935530.0,2066580000.0,427.2,427.2,125.49,17.77,5.19,315309700,178243300.0,2026-05-22,16:14:41
688026,洁特生物,15.8,15.41,15.28,15.95,15.25,1468014.0,22880000.0,22.18,22.17,80.5,2.05,1.05,72796700,74004700.0,2026-05-22,16:14:53
688027,国盾量子,592.41,538.84,580.0,615.8,580.0,6375569.0,3803200000.0,609.36,476.15,9116.16,18.9,7.93,338533600,299023300.0,2026-05-22,16:14:43
688028,沃尔德,125.21,112.29,114.01,127.82,113.9,10361138.0,1278110000.0,189.0,189.0,185.73,9.35,6.86,637608700,398505100.0,2026-05-22,16:14:41
688029,南微医学,80.42,80.78,80.8,82.05,79.0,1826631.0,146300000.0,151.07,151.07,27.18,3.56,0.97,68478700,114184400.0,2026-05-22,16:14:46
688030,山石网科,17.76,17.03,17.2,18.08,16.81,3402170.0,59440000.0,32.01,32.01,-20.84,4.7,1.89,159798700,180418300.0,2026-05-22,16:14:46
688031,星环科技-U,133.19,133.19,133.0,134.88,126.57,9526605.0,1243650000.0,161.34,161.34,-74.15,20.0,7.86,472086200,480574300.0,2026-05-22,16:14:59
688032,禾迈股份,109.05,107.02,108.57,110.75,107.57,1451789.0,158250000.0,135.3,135.3,-63.54,2.39,1.17,77069500,68109400.0,2026-05-22,16:14:42
688033,*ST天宜,8.23,8.05,8.07,8.3,8.06,8437545.0,69320000.0,46.27,46.27,-2.07,3.49,1.5,490961200,352793300.0,2026-05-22,16:14:53
688035,德邦科技,84.26,80.52,80.52,84.8,79.8,8905949.0,733870000.0,119.85,119.85,104.33,5.07,6.26,496200500,394394400.0,2026-05-22,16:14:37
688036,XD传音控,63.36,62.04,62.38,64.11,62.0,12813561.0,810350000.0,729.39,729.39,26.13,3.61,1.11,623937700,657418400.0,2026-05-22,16:14:54
688037,芯源微,288.74,285.15,285.15,291.5,275.0,8368070.0,2359530000.0,582.18,582.18,825.15,20.79,4.15,399897100,436909900.0,2026-05-22,16:14:46
688038,中科通达,20.39,20.0,20.45,20.59,19.92,2303946.0,46740000.0,23.73,23.73,-222.49,4.01,1.98,120676600,109718000.0,2026-05-22,16:14:56
688039,当虹科技,46.86,46.34,46.22,47.1,45.11,3829102.0,177440000.0,51.83,51.83,-54.77,4.99,3.46,162100300,220809900.0,2026-05-22,16:14:38
688041,海光信息,312.4,307.0,311.1,315.34,301.18,37060614.0,11429360000.0,7261.23,7261.23,266.36,30.9,1.59,1834657800,1871403600.0,2026-05-22,16:14:32
688045,必易微,71.71,66.88,68.07,71.98,67.07,3239307.0,225090000.0,50.61,50.61,130.31,3.53,4.59,171084300,152846400.0,2026-05-22,16:14:40
688046,药康生物,20.9,20.83,21.0,21.15,20.37,3229520.0,67190000.0,85.69,85.69,53.64,3.76,0.79,178142100,144809900.0,2026-05-22,16:14:38
688047,龙芯中科,160.4,157.31,160.98,161.79,157.0,10217838.0,1629470000.0,643.2,643.2,-153.94,26.82,2.55,511527400,510256400.0,2026-05-22,16:14:45
688048,长光华芯,376.1,356.97,366.6,387.83,355.2,14148602.0,5251140000.0,662.99,662.99,1964.82,22.0,8.03,771508100,643352100.0,2026-05-22,16:14:47
688049,炬芯科技,50.31,49.14,49.83,50.83,48.94,6836788.0,341900000.0,88.13,88.13,41.6,4.21,3.9,361663200,322015600.0,2026-05-22,16:14:46
688050,爱博医疗,45.65,46.6,46.89,47.1,45.63,2498202.0,114860000.0,88.29,88.29,33.33,3.08,1.29,98046000,151774200.0,2026-05-22,16:14:49
688051,佳华科技,49.39,46.28,47.2,50.85,45.6,2808258.0,136150000.0,38.2,38.2,-29.89,6.6,3.63,153430200,127395600.0,2026-05-22,16:14:58
688052,纳芯微,236.51,238.0,239.34,240.0,228.0,4186067.0,977900000.0,384.62,337.09,-180.34,5.06,2.94,215913100,202693600.0,2026-05-22,16:14:51
688053,ST思科瑞,40.36,39.48,39.92,40.88,39.66,997118.0,40190000.0,40.36,40.36,-212.97,2.55,1.0,60456900,39254900.0,2026-05-22,16:14:32
688055,龙腾光电,5.82,5.39,5.1,5.94,5.0,140189539.0,750210000.0,194.0,194.0,-87.91,4.84,4.21,7232254600,6786699300.0,2026-05-22,16:14:45
688056,莱伯泰科,36.06,34.22,34.23,36.39,33.65,1386444.0,48920000.0,24.32,24.32,71.03,2.99,2.06,82158800,56485600.0,2026-05-22,16:14:47
688057,金达莱,14.18,13.76,13.83,14.19,13.43,5752316.0,79990000.0,39.14,39.14,66.89,1.23,2.08,285250600,289981000.0,2026-05-22,16:14:45
688058,宝兰德,29.13,28.16,28.99,29.28,27.6,1545314.0,43860000.0,22.09,22.09,-27.94,3.58,2.04,86706300,67825100.0,2026-05-22,16:14:48
688059,华锐精密,155.38,145.7,145.0,157.99,142.6,5697123.0,867610000.0,155.36,145.4,46.71,7.15,6.09,331499400,238212900.0,2026-05-22,16:14:38
688060,云涌科技,45.25,43.73,44.01,45.89,43.29,548762.0,24560000.0,27.24,27.24,-171.4,3.07,0.91,27614900,27261300.0,2026-05-22,16:14:46
688061,灿瑞科技,41.39,40.62,40.53,41.76,39.85,2777240.0,114080000.0,47.55,47.55,-71.8,2.07,2.42,153988300,123735700.0,2026-05-22,16:14:41
688062,迈威生物-U,33.31,33.48,35.22,35.35,32.96,10990324.0,373160000.0,148.81,68.01,-16.18,139.31,5.38,524557500,574474900.0,2026-05-22,16:14:37
688063,派能科技,76.8,74.18,74.18,77.95,73.41,16734311.0,1272650000.0,188.44,188.44,129.79,2.04,6.82,869558400,803872700.0,2026-05-22,16:14:54
688065,凯赛生物,43.46,43.29,43.75,43.85,42.94,4619191.0,200420000.0,313.47,253.54,53.18,1.75,0.79,234674400,227244700.0,2026-05-22,16:14:39
688066,*ST航图,13.36,13.7,13.7,13.99,13.2,6444173.0,86360000.0,34.91,34.91,-1.88,-2.83,2.47,257569000,386848300.0,2026-05-22,16:14:38
688067,爱威科技,27.27,26.71,26.84,27.56,26.22,948711.0,25490000.0,18.54,18.54,61.87,3.55,1.4,50563800,44307300.0,2026-05-22,16:14:39
688068,热景生物,84.5,90.15,89.68,91.0,83.38,2284484.0,194090000.0,78.38,78.38,-31.77,3.22,2.46,95910300,132538100.0,2026-05-22,16:14:55
688069,德林海,61.52,63.5,63.5,66.79,59.86,7447544.0,468590000.0,69.52,69.52,72.21,5.36,6.59,338489200,406265200.0,2026-05-22,16:14:34
688070,纵横股份,46.31,46.84,46.74,47.51,46.1,1920053.0,89700000.0,40.95,40.95,202.21,6.86,2.17,86166300,105839000.0,2026-05-22,16:15:00
688071,华依科技,38.39,38.75,39.37,39.37,37.48,4992508.0,191150000.0,32.55,32.55,-51.46,3.22,5.89,270683700,228567100.0,2026-05-22,16:14:55
688072,拓荆科技,616.98,606.2,606.0,636.0,578.0,12340951.0,7380000000.0,1744.16,1744.16,106.08,23.99,4.37,615533400,618561700.0,2026-05-22,16:14:36
688073,毕得医药,55.4,54.95,55.15,56.2,53.6,1412680.0,77310000.0,50.35,50.35,29.99,2.4,1.55,72476400,68791600.0,2026-05-22,16:15:00
688075,安旭生物,36.27,35.82,35.82,36.35,35.38,259786.0,9290000.0,46.09,46.09,184.14,0.89,0.2,10293900,15684700.0,2026-05-22,16:14:31
688076,ST诺泰,30.53,30.55,30.69,30.85,30.18,2031224.0,61820000.0,96.49,96.49,31.2,3.1,0.64,101149800,101972600.0,2026-05-22,16:14:45
688077,XD大地熊,30.65,29.29,29.23,30.99,29.14,2874035.0,86880000.0,35.09,35.09,56.37,3.23,2.51,167231300,120172200.0,2026-05-22,16:15:00
688078,龙软科技,25.8,25.08,25.3,26.0,24.7,929871.0,23630000.0,18.81,18.81,-26.7,2.81,1.28,52087000,40900100.0,2026-05-22,16:14:52
688079,美迪凯,23.1,20.63,21.63,24.12,21.4,60981801.0,1383390000.0,95.06,93.41,-52.22,7.61,15.08,2993382600,3104797500.0,2026-05-22,16:14:53
688080,映翰通,46.83,45.13,45.5,46.99,45.02,1786470.0,82340000.0,34.49,34.49,25.35,2.93,2.43,98634800,80012200.0,2026-05-22,16:14:49
688081,兴图新科,56.77,57.7,58.32,60.04,56.01,3146279.0,180430000.0,58.5,58.5,-115.56,14.83,3.05,139018400,175609500.0,2026-05-22,16:14:45
688082,盛美上海,213.17,212.72,212.5,217.68,204.58,12720432.0,2680910000.0,1028.75,1017.7,82.05,7.48,2.66,653325500,618717700.0,2026-05-22,16:14:49
688083,中望软件,60.31,58.97,58.96,61.37,58.5,3743451.0,225570000.0,102.31,102.31,336.44,3.87,2.21,181527000,192818100.0,2026-05-22,16:14:36
688084,晶品特装,61.28,60.98,61.81,62.0,59.39,1230754.0,74350000.0,46.36,46.36,-303.0,3.02,1.63,65890000,57185400.0,2026-05-22,16:14:46
688085,三友医疗,17.77,17.5,17.56,17.89,17.17,3433907.0,60480000.0,59.26,56.64,103.35,2.79,1.08,186758700,156632000.0,2026-05-22,16:14:48
688087,英科再生,42.0,41.7,41.53,42.8,41.41,2217765.0,93210000.0,81.5,78.22,30.82,2.83,1.19,105891900,115884600.0,2026-05-22,16:14:37
688088,虹软科技,44.56,43.79,44.34,44.8,43.08,9907480.0,436560000.0,178.76,178.76,68.01,6.45,2.47,507404200,483343800.0,2026-05-22,16:14:49
688089,嘉必优,14.24,14.2,14.31,14.47,14.11,2383667.0,33990000.0,23.97,23.97,43.45,1.51,1.42,132234200,106132500.0,2026-05-22,16:14:59
688090,瑞松科技,89.7,87.59,87.59,90.87,86.12,5167296.0,459680000.0,109.77,109.52,365.56,11.86,4.23,264668100,252061500.0,2026-05-22,16:14:51
688091,上海谊众,55.42,54.99,55.0,55.78,53.68,4623787.0,253390000.0,114.56,114.56,167.14,7.91,2.24,201390100,260988600.0,2026-05-22,16:14:41
688092,爱科科技,29.6,29.18,29.03,29.8,28.56,1547312.0,45070000.0,24.47,24.47,52.86,3.68,1.87,87592900,67138300.0,2026-05-22,16:14:35
688093,世华科技,32.81,31.63,31.86,33.09,31.86,3446038.0,112650000.0,91.99,91.99,23.17,3.21,1.23,211873000,132730800.0,2026-05-22,16:14:53
688095,福昕软件,77.4,77.36,77.39,78.5,76.5,1934380.0,149820000.0,70.71,70.71,149.38,2.69,2.12,93970500,99467500.0,2026-05-22,16:14:40
688096,京源环保,12.69,12.41,12.66,12.97,12.3,17759382.0,224390000.0,29.95,29.95,-39.71,3.62,7.52,849332600,926605600.0,2026-05-22,16:14:35
688097,博众精工,59.53,57.98,58.94,61.0,58.33,9457032.0,563930000.0,265.89,264.91,40.74,5.54,2.13,491235400,454467800.0,2026-05-22,16:15:00
688098,申联生物,8.23,8.1,8.1,8.3,8.03,1572053.0,12850000.0,33.8,33.8,-175.96,2.44,0.38,82449000,74756300.0,2026-05-22,16:14:41
688099,XD晶晨股,115.21,110.02,110.0,117.58,110.0,16834172.0,1934970000.0,485.22,485.22,56.55,6.51,4.0,932755000,750662200.0,2026-05-22,16:14:34
688100,威胜信息,38.45,38.06,38.27,38.85,37.7,3765440.0,144350000.0,189.05,189.05,28.0,5.34,0.77,200611800,175932200.0,2026-05-22,16:14:47
688101,三达膜,18.26,17.83,17.83,18.4,17.63,3807892.0,68630000.0,60.63,60.63,15.14,1.36,1.15,195154200,185635000.0,2026-05-22,16:14:33
688102,斯瑞新材,40.58,39.62,39.75,40.66,39.03,13903066.0,557350000.0,315.55,315.55,199.28,16.16,1.79,753880900,636425700.0,2026-05-22,16:14:54
688103,国力电子,67.89,65.12,65.15,69.14,64.86,2343149.0,156980000.0,64.71,64.71,98.99,5.74,2.46,148755100,85559800.0,2026-05-22,16:14:35
688105,诺唯赞,20.13,20.02,20.35,20.37,19.96,1917695.0,38610000.0,80.06,80.06,-558.26,2.11,0.48,90699400,101070100.0,2026-05-22,16:14:32
688106,XD金宏气,28.93,28.67,28.8,28.96,27.51,42305841.0,1193930000.0,154.89,154.89,166.92,4.77,7.9,2066702800,2163881300.0,2026-05-22,16:14:36
688107,安路科技,46.77,45.0,46.7,47.5,44.91,13976445.0,645080000.0,187.48,187.48,-74.14,20.77,3.49,776344800,621299700.0,2026-05-22,16:14:38
688108,赛诺医疗,20.09,20.52,20.7,21.0,20.0,15855059.0,323090000.0,83.97,83.97,122.08,8.46,3.79,596959400,988546500.0,2026-05-22,16:14:33
688109,品茗科技,80.89,81.35,82.0,82.78,76.0,2178784.0,173370000.0,63.78,63.78,200.52,8.04,2.76,100128500,117749900.0,2026-05-22,16:14:57
688110,东芯股份,138.83,138.7,141.8,144.79,136.0,27602032.0,3850020000.0,613.98,613.98,22467.71,17.08,6.24,1245786800,1514416400.0,2026-05-22,16:14:55
688111,金山办公,242.1,243.9,246.0,247.0,239.82,6968124.0,1689020000.0,1121.82,1121.82,30.91,7.41,1.5,337745400,359067000.0,2026-05-22,16:14:44
688112,鼎阳科技,73.02,70.7,71.85,76.8,70.7,3654622.0,269520000.0,116.54,116.54,83.1,7.1,2.29,195799100,169663100.0,2026-05-22,16:14:32
688113,联测科技,46.49,44.55,44.7,46.8,44.44,2011822.0,92000000.0,29.94,29.94,30.85,2.96,3.12,111383400,89798800.0,2026-05-22,16:14:42
688114,华大智造,53.13,53.61,52.5,53.51,51.5,5230308.0,274440000.0,221.3,220.83,-140.05,3.12,1.26,255559100,267471700.0,2026-05-22,16:14:46
688115,思林杰,59.55,57.06,57.31,59.82,57.31,1824165.0,107250000.0,39.7,39.7,508.48,3.11,2.74,95695200,86721300.0,2026-05-22,16:14:35
688116,天奈科技,42.51,42.75,42.92,43.34,42.03,10246854.0,436670000.0,155.81,155.81,68.93,4.14,2.8,511887900,512797500.0,2026-05-22,16:14:52
688117,圣诺生物,35.84,34.93,35.44,36.35,34.51,3209899.0,113460000.0,56.41,56.41,31.84,5.02,2.04,156948600,164041300.0,2026-05-22,16:14:52
688118,普元信息,26.2,25.87,26.06,26.5,25.26,3022965.0,78090000.0,24.45,24.45,401.31,2.89,3.24,145759300,156537200.0,2026-05-22,16:14:55
688119,中钢洛耐,4.81,4.65,4.74,4.85,4.65,10552065.0,50180000.0,54.11,54.11,-32.51,1.92,0.94,530870200,524336300.0,2026-05-22,16:14:42
688120,华海清科,276.28,280.0,283.89,289.96,268.0,13127318.0,3610600000.0,977.07,977.07,89.02,12.65,3.71,665549100,647182700.0,2026-05-22,16:14:36
688121,卓然股份,6.48,6.48,0.0,0.0,0.0,0.0,0.0,15.14,13.13,20.72,0.6,0.0,0,0.0,2026-05-22,16:14:41
688122,西部超导,63.83,62.25,65.0,65.86,63.03,16527520.0,1058320000.0,414.68,414.68,58.15,5.78,2.54,817094300,835657700.0,2026-05-22,16:14:47
688123,聚辰股份,156.58,153.9,155.58,158.5,151.8,12931483.0,1999820000.0,248.81,248.81,84.36,9.65,8.14,644096300,649052000.0,2026-05-22,16:14:40
688125,安达智能,194.2,196.92,200.0,200.46,185.28,1605209.0,307760000.0,159.49,158.64,-133.83,8.89,1.97,83141900,77379000.0,2026-05-22,16:14:57
688126,沪硅产业,27.81,27.68,28.05,28.48,26.42,214683599.0,5894480000.0,919.13,759.67,-51.58,5.46,7.86,10392026600,11076333300.0,2026-05-22,16:14:56
688127,蓝特光学,104.29,95.66,97.7,104.57,96.11,11632532.0,1172780000.0,423.31,423.31,89.53,18.13,2.87,700956700,462296500.0,2026-05-22,16:14:46
688128,中国电研,27.17,26.65,26.85,27.33,26.46,2910717.0,78450000.0,109.9,109.9,20.28,3.05,0.72,167802400,123269300.0,2026-05-22,16:14:45
688129,东来技术,32.0,30.5,30.51,32.88,30.51,3126660.0,100310000.0,38.55,38.55,37.73,3.73,2.6,155890500,156775500.0,2026-05-22,16:14:40
688130,晶华微,28.71,28.05,27.88,29.07,27.66,3504546.0,99360000.0,34.71,17.31,-95.32,2.81,5.81,188385700,162068900.0,2026-05-22,16:14:50
688131,皓元医药,75.62,75.03,75.6,76.4,74.3,4254986.0,320280000.0,160.39,160.39,65.4,5.15,2.01,203591500,221907100.0,2026-05-22,16:14:54
688132,邦彦技术,17.39,16.79,16.89,17.43,16.6,1480492.0,25200000.0,26.47,26.47,-11.62,2.24,0.97,78922400,69126800.0,2026-05-22,16:14:36
688133,泰坦科技,27.99,24.56,24.8,29.15,24.34,21236941.0,576100000.0,46.03,46.03,-67.25,1.69,12.91,1202567800,921126300.0,2026-05-22,16:14:59
688135,利扬芯片,40.11,38.8,39.0,40.21,37.6,32294166.0,1256870000.0,93.5,93.5,5177.13,5.9,13.85,1508602400,1720814200.0,2026-05-22,16:14:59
688136,科兴制药,22.86,23.99,24.11,24.47,22.72,5211555.0,120570000.0,46.01,46.01,41.06,2.66,2.59,222748300,298407200.0,2026-05-22,16:14:59
688137,近岸蛋白,46.55,46.36,46.44,47.38,46.01,461479.0,21500000.0,32.67,32.67,-42.66,1.62,0.66,25075400,21072500.0,2026-05-22,16:14:50
688138,清溢光电,33.78,32.64,32.94,34.05,32.57,10820549.0,360590000.0,106.34,106.34,55.6,3.75,3.44,543689700,538365200.0,2026-05-22,16:14:49
688139,海尔生物,36.79,33.2,33.32,37.15,33.25,21392167.0,769880000.0,116.44,116.44,52.94,2.61,6.76,1288931400,850285300.0,2026-05-22,16:14:32
688141,杰华特,96.5,95.05,95.99,98.36,93.21,15779468.0,1514610000.0,434.56,434.56,-49.39,34.81,3.5,775877400,802069400.0,2026-05-22,16:14:33
688143,长盈通,138.47,132.0,132.0,140.86,125.52,8067370.0,1098700000.0,178.32,169.45,827.43,13.16,6.59,421049200,385687800.0,2026-05-22,16:14:52
688146,中船特气,130.72,127.87,129.3,135.88,129.3,13976865.0,1846900000.0,692.05,189.51,192.16,11.79,9.64,675462200,722224300.0,2026-05-22,16:14:39
688147,微导纳米,86.94,89.09,90.78,91.9,84.01,15404596.0,1332440000.0,400.93,400.93,256.53,13.66,3.34,678106600,862353000.0,2026-05-22,16:14:59
688148,芳源股份,9.87,9.6,9.61,9.91,9.59,17393843.0,169640000.0,50.35,50.35,641.96,13.1,3.41,946616300,792768000.0,2026-05-22,16:14:52
688150,莱特光电,68.36,64.5,65.79,70.28,64.8,14378435.0,975810000.0,275.11,275.11,134.68,14.11,3.57,789522200,648321300.0,2026-05-22,16:14:38
688151,华强科技,19.04,18.88,18.95,19.18,18.65,1940621.0,36730000.0,65.59,65.59,138.67,1.55,0.56,88837700,105224400.0,2026-05-22,16:14:42
688152,麒麟信安,36.78,35.77,35.9,36.97,35.51,1528717.0,55440000.0,37.48,37.48,-70.69,3.19,1.5,90112100,62759600.0,2026-05-22,16:14:36
688153,唯捷创芯,32.89,31.9,32.19,33.06,31.87,6115243.0,199030000.0,141.53,134.6,1038.77,3.56,1.49,311451200,300073100.0,2026-05-22,16:14:39
688155,先惠技术,95.28,94.17,95.87,96.16,92.0,4133042.0,389810000.0,120.47,120.47,27.01,4.91,3.27,204553000,208751200.0,2026-05-22,16:14:36
688156,路德科技,27.13,25.47,25.5,27.42,25.22,5368703.0,143160000.0,27.32,27.32,-45.3,3.53,5.33,352056900,184813400.0,2026-05-22,16:14:46
688157,松井股份,32.87,32.39,32.12,33.3,31.78,2116166.0,68710000.0,51.42,51.42,540.21,3.82,1.35,127857100,83759500.0,2026-05-22,16:14:33
688158,优刻得-W,45.1,43.44,43.81,45.15,43.03,34773786.0,1538080000.0,206.34,183.42,-791.19,8.48,8.55,1833329400,1644049200.0,2026-05-22,16:14:53
688159,有方科技,55.57,53.64,53.94,56.5,52.39,9043266.0,493630000.0,51.63,51.53,137.5,5.51,9.75,461829800,442496800.0,2026-05-22,16:14:48
688160,步科股份,142.0,138.69,137.67,144.32,134.4,5527235.0,774670000.0,128.98,128.98,172.73,10.03,6.09,259971500,292752000.0,2026-05-22,16:14:49
688161,威高骨科,26.27,26.43,26.35,26.57,25.9,1344310.0,35240000.0,105.08,105.08,40.25,2.5,0.34,59787100,74643900.0,2026-05-22,16:14:50
688162,巨一科技,35.35,34.06,34.19,35.67,33.82,3185971.0,111070000.0,48.47,48.47,64.43,2.0,2.32,168988400,149608700.0,2026-05-22,16:14:50
688163,赛伦生物,39.58,39.9,40.01,41.75,38.01,1727185.0,68420000.0,42.83,42.83,88.14,3.85,1.6,84213700,88504800.0,2026-05-22,16:14:42
688165,埃夫特-U,22.1,20.3,21.55,23.0,21.18,36968038.0,816230000.0,115.31,115.31,-26.24,9.54,7.08,1940512000,1756291800.0,2026-05-22,16:14:36
688166,博瑞医药,57.3,58.01,58.1,58.5,57.0,7694470.0,443700000.0,249.71,249.71,491.09,10.11,1.77,372973300,396473700.0,2026-05-22,16:14:57
688167,炬光科技,466.97,460.48,466.6,483.1,461.0,5518970.0,2595750000.0,419.62,419.62,-2134.63,18.76,6.14,268279200,283617800.0,2026-05-22,16:14:31
688168,安博通,82.72,81.73,82.5,82.92,79.0,1853194.0,150300000.0,63.85,63.85,-68.76,6.38,2.4,96987700,88331700.0,2026-05-22,16:14:44
688169,石头科技,126.82,130.17,131.5,131.6,125.88,9748820.0,1251020000.0,328.6,328.6,23.16,2.3,3.76,425425500,549456500.0,2026-05-22,16:14:36
688170,德龙激光,78.7,77.48,78.0,80.68,75.7,12493772.0,979210000.0,81.34,81.34,484.57,6.6,12.09,550278000,699099200.0,2026-05-22,16:14:46
688171,纬德信息,55.89,50.98,52.48,56.5,52.48,3829451.0,210920000.0,46.82,46.82,368.39,5.66,4.57,233169500,149775600.0,2026-05-22,16:14:57
688172,燕东微,54.49,52.0,52.62,56.35,51.01,20781211.0,1110430000.0,777.91,424.03,-170.51,4.28,2.67,1078147800,999973300.0,2026-05-22,16:14:56
688173,希荻微,18.7,18.03,18.18,18.87,18.01,14118443.0,259540000.0,77.24,76.72,-81.91,5.42,3.44,735723700,676120600.0,2026-05-22,16:14:56
688175,高凌信息,35.91,35.27,35.5,36.33,35.05,1545949.0,55290000.0,46.44,46.44,-183.42,2.68,1.2,79278100,75316800.0,2026-05-22,16:14:35
688176,亚虹医药-U,12.39,12.35,12.58,12.58,12.09,9073694.0,111450000.0,70.77,53.98,-15.89,4.82,2.08,436567300,470802100.0,2026-05-22,16:14:38
688177,百奥泰,20.1,20.28,20.33,20.55,19.76,2707899.0,54150000.0,83.23,83.23,-21.32,37.14,0.65,110152300,160637600.0,2026-05-22,16:14:33
688178,万德斯,34.15,33.84,33.8,34.65,33.51,1231493.0,41970000.0,29.03,29.03,-29.32,3.13,1.45,71484900,51664400.0,2026-05-22,16:14:50
688179,阿拉丁,23.78,22.98,23.0,23.98,22.92,9983432.0,233300000.0,86.09,86.09,80.48,8.38,2.76,537761200,460582000.0,2026-05-22,16:14:35
688180,君实生物-U,37.13,39.1,39.31,39.51,36.71,20952476.0,786920000.0,381.21,284.56,-57.68,6.47,2.73,913483200,1181764400.0,2026-05-22,16:14:52
688181,八亿时空,40.9,39.39,40.04,41.57,38.83,13396216.0,537780000.0,55.0,55.0,67.26,2.63,9.96,700777200,638844400.0,2026-05-22,16:14:43
688182,灿勤科技,39.25,37.85,38.01,40.36,37.0,16284099.0,628810000.0,157.0,157.0,158.05,6.95,4.07,762378800,866031100.0,2026-05-22,16:14:59
688183,生益电子,108.49,99.25,101.99,109.75,101.55,40772572.0,4338890000.0,902.44,902.44,52.54,14.72,4.9,2403024700,1674232500.0,2026-05-22,16:14:51
688184,ST帕瓦,13.83,13.44,13.4,14.04,13.38,2069312.0,28250000.0,22.0,13.9,-3.53,2.05,2.06,119131500,87799700.0,2026-05-22,16:14:48
688185,康希诺,62.4,62.25,62.0,63.25,61.35,1666487.0,103620000.0,154.16,71.37,-15321.53,3.13,1.46,84447300,82201400.0,2026-05-22,16:14:51
688186,广大特材,19.67,18.72,19.1,19.83,18.56,7401194.0,143080000.0,55.17,55.17,40.3,1.17,2.64,414345200,325774200.0,2026-05-22,16:14:52
688187,时代电气,59.03,51.6,51.9,59.5,51.7,30107404.0,1694630000.0,795.55,512.92,19.36,1.84,3.46,1544187000,1466553400.0,2026-05-22,16:14:32
688188,柏楚电子,173.19,170.0,169.92,175.0,167.11,3080464.0,525940000.0,501.7,501.7,42.75,7.82,1.06,157266900,150779500.0,2026-05-22,16:14:42
688189,南新制药,9.74,9.33,9.33,9.83,9.33,9719449.0,93240000.0,26.73,26.73,-18.81,3.48,3.54,513300100,458644800.0,2026-05-22,16:14:36
688190,云路股份,106.14,103.64,103.06,110.8,103.06,4180148.0,448330000.0,127.37,127.37,45.92,4.74,3.48,225016200,192998600.0,2026-05-22,16:14:54
688191,智洋创新,58.04,51.99,52.24,58.25,52.0,9224339.0,513850000.0,135.98,135.98,218.61,15.6,3.94,561340900,361093000.0,2026-05-22,16:14:34
688192,迪哲医药-U,54.56,57.56,57.66,57.97,53.8,5598833.0,309380000.0,253.79,251.64,-38.04,20.47,1.21,238796800,321086500.0,2026-05-22,16:14:39
688193,仁度生物,54.81,53.41,53.88,55.74,53.4,976930.0,53440000.0,21.96,21.96,158.44,2.39,2.44,54314400,43378600.0,2026-05-22,16:14:41
688195,腾景科技,332.1,320.97,327.39,340.0,324.82,5514947.0,1837340000.0,429.57,429.57,596.49,42.2,4.26,322427000,229067700.0,2026-05-22,16:14:47
688196,卓越新能,44.9,45.05,45.88,46.09,44.06,1571175.0,71260000.0,57.11,57.11,46.29,1.78,1.24,81111500,76006000.0,2026-05-22,16:14:53
688197,首药控股-U,40.35,42.67,42.67,43.77,39.23,2506586.0,102150000.0,60.01,25.83,-64.4,9.02,3.92,98030000,152628600.0,2026-05-22,16:15:00
688198,佰仁医疗,89.96,91.16,91.16,91.38,89.6,566769.0,51220000.0,123.92,123.92,61.21,9.05,0.41,17934100,38742800.0,2026-05-22,16:14:47
688199,久日新材,30.24,28.97,29.32,30.49,29.24,6274499.0,188490000.0,48.76,48.76,100.88,1.88,3.89,337296000,290153900.0,2026-05-22,16:14:51
688200,华峰测控,449.95,432.0,432.0,453.0,401.0,4952163.0,2065140000.0,609.83,609.83,107.29,14.56,3.65,250717000,244499300.0,2026-05-22,16:14:57
688201,ST信安,8.9,8.72,8.83,9.15,8.83,4489543.0,40180000.0,28.23,26.93,90.78,2.18,1.48,218329800,230624500.0,2026-05-22,16:14:33
688202,美迪西,64.25,65.47,65.48,66.35,62.28,4142383.0,264890000.0,86.32,86.32,-62.7,4.41,3.08,201345700,212892600.0,2026-05-22,16:14:34
688203,海正生材,14.2,13.72,13.91,14.35,13.77,3927320.0,55320000.0,28.78,28.78,269.53,1.95,1.94,224738800,167993200.0,2026-05-22,16:14:41
688205,德科立,256.8,249.74,254.8,259.7,251.1,7957560.0,2038200000.0,406.48,406.48,530.26,17.36,5.03,393111200,402644800.0,2026-05-22,16:14:43
688206,概伦电子,39.89,39.02,38.92,41.93,38.9,20125473.0,813660000.0,173.59,173.59,848.96,8.72,4.62,1008465800,1004081500.0,2026-05-22,16:14:42
688207,格灵深瞳,18.05,16.23,16.23,19.46,16.04,26389108.0,468070000.0,46.74,46.74,-25.6,2.56,10.19,1492722700,1146188100.0,2026-05-22,16:14:34
688208,道通科技,39.91,39.57,40.1,40.85,39.42,15893143.0,637870000.0,267.47,267.47,28.73,7.6,2.37,888400100,700914200.0,2026-05-22,16:14:57
688209,英集芯,25.63,24.94,25.01,26.02,25.01,12896908.0,329550000.0,111.18,111.18,54.64,4.97,2.97,663185300,626505500.0,2026-05-22,16:14:45
688210,统联精密,49.8,48.9,49.5,50.2,48.18,6821469.0,336890000.0,80.61,80.61,-294.29,6.32,4.21,335065100,347081800.0,2026-05-22,16:14:58
688211,中科微至,38.26,37.5,37.77,38.88,37.3,1865854.0,71100000.0,50.16,50.16,-78.75,1.44,1.42,108365400,78220000.0,2026-05-22,16:14:56
688212,澳华内镜,33.99,33.5,34.16,34.39,33.01,1528241.0,51250000.0,45.77,45.77,289.52,3.56,1.13,82079500,70744600.0,2026-05-22,16:14:41
688213,思特威-W,115.07,108.82,109.81,117.12,107.44,25921896.0,2912590000.0,462.93,372.26,44.23,9.07,8.01,1360318100,1231871500.0,2026-05-22,16:14:47
688215,瑞晟智能,74.15,73.98,74.25,74.83,73.1,745352.0,55170000.0,46.29,46.29,110.03,9.39,1.19,32935400,41599800.0,2026-05-22,16:14:41
688216,气派科技,36.0,34.54,34.84,36.32,34.82,6425573.0,227860000.0,41.32,38.32,-88.04,5.63,6.04,334844200,307713100.0,2026-05-22,16:14:59
688217,睿昂基因,28.48,27.41,27.5,28.58,27.33,908789.0,25470000.0,15.91,15.91,-27.09,1.89,1.63,48278000,42600900.0,2026-05-22,16:14:58
688218,江苏北人,43.9,43.52,44.14,45.87,42.79,7458019.0,327890000.0,51.13,51.13,-88.1,6.0,6.4,383394600,362407300.0,2026-05-22,16:14:39
688219,会通股份,12.02,11.58,11.77,12.08,11.58,9001353.0,106980000.0,66.06,66.06,32.98,2.17,1.64,513398300,386737000.0,2026-05-22,16:14:34
688220,翱捷科技-U,115.75,113.75,113.84,119.47,111.1,14702796.0,1692320000.0,484.18,427.28,-163.54,8.9,3.98,754706000,715573600.0,2026-05-22,16:14:43
688221,前沿生物-U,21.87,22.0,22.44,22.6,21.14,12101351.0,262210000.0,81.92,81.92,2366.11,7.39,3.23,613878500,596256600.0,2026-05-22,16:14:50
688222,成都先导,31.6,30.01,30.5,32.34,29.43,33914303.0,1051250000.0,126.61,126.61,103.17,8.23,8.46,1654305200,1737125100.0,2026-05-22,16:14:42
688223,晶科能源,6.7,6.31,6.34,6.8,6.29,229114330.0,1500160000.0,688.05,688.05,-10.06,2.76,2.23,12822372100,10089060900.0,2026-05-22,16:14:50
688225,亚信安全,16.54,16.1,16.39,16.69,15.9,6425023.0,104390000.0,66.16,66.16,-16.35,4.26,1.61,328281300,314221000.0,2026-05-22,16:14:55
688226,威腾电气,60.88,58.38,60.6,62.45,58.4,9334983.0,561270000.0,114.93,114.93,476.87,6.71,4.95,488685400,444812900.0,2026-05-22,16:14:31
688227,品高股份,90.05,89.5,91.28,91.28,89.08,3892035.0,351030000.0,101.81,101.81,-194.72,8.17,3.44,195317500,193886000.0,2026-05-22,16:14:54
688228,开普云,109.21,106.8,107.01,110.96,104.16,2780674.0,298850000.0,73.77,73.77,-365.85,5.92,4.12,143237100,134830300.0,2026-05-22,16:14:40
688229,博睿数据,97.03,90.65,92.0,98.27,89.6,2661260.0,251850000.0,43.08,43.08,-43.4,11.78,5.99,153109100,113016900.0,2026-05-22,16:14:41
688230,芯导科技,74.0,70.65,72.06,74.56,70.87,2419740.0,176560000.0,87.02,87.02,77.67,3.87,2.06,146918300,95055700.0,2026-05-22,16:14:39
688231,隆达股份,53.94,48.15,48.31,54.88,48.31,6208359.0,330040000.0,133.15,133.15,143.08,4.74,2.51,357443100,263392800.0,2026-05-22,16:14:34
688232,新点软件,21.77,21.74,21.89,22.0,21.5,2752138.0,59950000.0,70.1,70.1,133.42,1.31,0.85,165308000,109905800.0,2026-05-22,16:14:31
688233,神工股份,94.65,93.98,96.0,96.3,91.51,10171670.0,956280000.0,161.19,161.19,162.97,8.41,5.97,509913800,507253200.0,2026-05-22,16:14:58
688234,天岳先进,153.74,139.61,147.06,154.66,143.99,26017928.0,3910470000.0,745.05,660.64,-268.64,10.47,6.05,1247300000,1354492800.0,2026-05-22,16:14:41
688235,百济神州,244.57,251.96,254.0,254.61,243.06,4617531.0,1136900000.0,3769.85,281.39,119.19,11.41,4.01,198635900,263117200.0,2026-05-22,16:14:52
688236,春立医疗,16.69,16.86,16.99,17.24,16.67,1983730.0,33300000.0,64.02,48.14,23.18,2.1,0.69,104401300,93971700.0,2026-05-22,16:14:45
688237,超卓航科,51.77,50.82,50.82,52.58,50.12,1625509.0,83950000.0,46.43,46.43,325.64,3.83,1.81,92501900,70049000.0,2026-05-22,16:14:45
688238,和元生物,6.3,6.25,6.25,6.35,6.16,7655916.0,47880000.0,40.89,40.39,-17.88,3.02,1.19,438709400,326882200.0,2026-05-22,16:14:48
688239,航宇科技,68.07,65.01,65.16,70.16,65.16,7064966.0,477760000.0,129.76,129.76,65.03,6.27,3.71,350944000,355552600.0,2026-05-22,16:14:43
688244,永信至诚,19.29,18.6,19.13,19.44,18.5,2078755.0,39450000.0,29.12,29.12,-60.06,3.07,1.38,115117400,92758100.0,2026-05-22,16:14:31
688246,嘉和美康,23.85,23.6,23.82,24.0,23.0,3924615.0,92430000.0,32.81,32.81,-13.27,2.54,2.85,226267800,166193700.0,2026-05-22,16:14:42
688247,宣泰医药,8.91,8.95,8.94,9.03,8.77,2296910.0,20380000.0,40.39,40.39,92.74,3.09,0.51,79052300,150638700.0,2026-05-22,16:14:48
688248,南网科技,61.16,60.01,60.31,61.69,59.51,4221141.0,257130000.0,345.37,345.37,83.58,10.44,0.75,218239800,203874300.0,2026-05-22,16:14:37
688249,晶合集成,39.0,38.98,39.89,40.06,38.39,55163538.0,2157550000.0,782.96,472.05,126.41,3.57,4.56,2808347500,2708006300.0,2026-05-22,16:14:37
688251,井松智能,29.1,28.43,28.52,29.45,27.91,2474592.0,71410000.0,29.28,29.07,197.13,3.47,2.48,139356600,108102600.0,2026-05-22,16:14:42
688252,天德钰,23.99,23.06,23.3,24.1,23.08,8203696.0,193760000.0,98.12,98.12,46.95,3.99,2.01,429771700,390597900.0,2026-05-22,16:14:41
688253,英诺特,65.5,65.55,65.01,66.6,63.68,2253844.0,146370000.0,89.72,89.72,99.9,4.28,1.65,105298300,120086100.0,2026-05-22,16:14:41
688255,凯尔达,33.98,33.14,33.89,34.36,33.14,5200992.0,175580000.0,37.33,37.33,115.86,3.49,4.73,274745000,245354200.0,2026-05-22,16:14:47
688256,寒武纪,1286.0,1290.9,1300.5,1319.99,1270.43,11223994.0,14472860000.0,8079.85,8079.85,297.38,66.02,1.79,513369200,609030200.0,2026-05-22,16:14:52
688257,新锐股份,96.84,84.99,86.17,98.1,86.17,23552590.0,2195370000.0,244.43,244.43,49.65,9.14,9.33,1318576600,1036682400.0,2026-05-22,16:14:43
688258,卓易信息,131.09,126.99,127.12,133.02,126.0,4037309.0,521670000.0,158.81,158.81,131.89,16.58,3.33,225544400,178186500.0,2026-05-22,16:14:37
688259,创耀科技,40.5,38.86,38.66,40.9,38.66,4122073.0,164200000.0,45.24,45.24,58.31,2.87,3.69,234352000,177855300.0,2026-05-22,16:14:50
688260,昀冢科技,72.71,60.59,63.94,72.71,63.94,14746755.0,1047150000.0,87.25,87.25,-45.74,54.03,12.29,773169100,701506400.0,2026-05-22,16:14:43
688261,东微半导,78.79,77.7,79.15,79.65,76.68,5222277.0,408400000.0,96.58,96.2,219.68,3.28,4.28,282057000,240170700.0,2026-05-22,16:14:43
688262,国芯科技,40.45,39.03,40.5,41.23,39.63,17183739.0,695100000.0,135.91,135.91,-50.71,7.05,5.11,873693900,844680000.0,2026-05-22,16:14:58
688265,南模生物,38.66,38.25,38.06,39.2,37.83,291306.0,11190000.0,30.14,30.14,91.1,1.76,0.37,15923000,13207600.0,2026-05-22,16:14:34
688266,泽璟制药-U,102.07,103.14,104.04,105.8,101.14,3383261.0,347850000.0,270.19,270.19,54.26,15.77,1.28,172997100,165329000.0,2026-05-22,16:14:46
688267,中触媒,33.85,32.81,33.47,34.12,32.92,3019584.0,101690000.0,59.64,59.64,30.47,2.09,1.71,172170100,129788300.0,2026-05-22,16:15:00
688268,华特气体,163.88,158.72,157.0,165.19,153.07,7306784.0,1170990000.0,201.99,201.86,161.81,10.76,5.93,402869800,327808600.0,2026-05-22,16:14:35
688269,凯立新材,42.45,39.81,39.91,42.86,39.5,3076026.0,128170000.0,55.48,55.48,40.95,5.04,2.35,195880500,111722100.0,2026-05-22,16:14:42
688270,ST臻镭,129.2,131.7,132.0,133.0,127.01,8672955.0,1120170000.0,276.55,276.55,184.25,12.05,4.05,429834600,437460900.0,2026-05-22,16:14:32
688271,联影医疗,116.01,123.3,120.0,122.0,115.6,21691475.0,2537420000.0,956.11,956.11,50.37,4.35,2.63,898903700,1270243800.0,2026-05-22,16:14:47
688272,富吉瑞,37.56,37.05,37.36,38.42,36.3,2036720.0,75910000.0,28.55,28.55,-33.54,7.16,2.68,113563700,90108300.0,2026-05-22,16:14:39
688273,麦澜德,43.2,41.62,42.09,43.53,41.18,1626947.0,68820000.0,43.2,43.2,50.41,3.15,1.63,81758700,80936000.0,2026-05-22,16:14:34
688275,万润新能,145.2,142.88,142.91,145.81,140.0,3896350.0,560300000.0,183.12,183.12,185.98,3.32,3.09,206332100,183302900.0,2026-05-22,16:14:55
688276,百克生物,16.83,16.89,16.93,17.1,16.75,1513135.0,25570000.0,69.62,69.62,-26.06,1.81,0.37,65756900,85556600.0,2026-05-22,16:14:47
688277,天智航-U,19.05,19.18,19.15,19.42,18.73,7026901.0,133290000.0,86.87,86.87,-40.22,7.51,1.54,372200300,330489800.0,2026-05-22,16:14:36
688278,特宝生物,57.52,58.27,58.08,58.76,57.1,2636738.0,151650000.0,234.79,234.79,23.16,6.47,0.65,110402800,153271000.0,2026-05-22,16:14:45
688279,峰岹科技,250.19,239.0,242.5,258.05,239.6,2812048.0,700160000.0,288.0,234.07,112.16,5.54,3.01,169029100,112175700.0,2026-05-22,16:14:31
688280,精进电动-W,6.12,6.06,6.11,6.17,5.99,12571657.0,76760000.0,36.12,31.86,344.05,5.6,2.42,620452800,636712900.0,2026-05-22,16:14:44
688281,华秦科技,82.8,80.3,80.78,83.45,80.39,3903942.0,321060000.0,225.69,225.69,69.74,4.72,1.43,213677200,176717000.0,2026-05-22,16:14:58
688282,理工导航,88.0,87.6,89.26,92.95,86.8,2555957.0,230250000.0,77.44,77.44,-613.3,6.15,2.9,137136500,118459200.0,2026-05-22,16:14:35
688283,坤恒顺维,45.23,44.3,44.3,45.59,43.99,1599464.0,71830000.0,55.09,55.09,106.14,5.56,1.31,79557400,80389000.0,2026-05-22,16:14:59
688285,高铁电气,9.0,8.7,8.78,9.08,8.71,3107452.0,27650000.0,33.87,33.87,57.55,1.99,0.83,190476600,120268600.0,2026-05-22,16:14:57
688286,敏芯股份,72.82,70.91,71.5,73.23,70.6,1916306.0,137670000.0,40.82,40.82,179.21,3.85,3.42,107495000,84135600.0,2026-05-22,16:14:32
688287,退市观典,0.43,0.4,0.4,0.45,0.39,16476296.0,7020000.0,1.59,1.59,-0.72,0.26,4.45,1184401900,463227700.0,2026-05-22,16:14:52
688288,鸿泉技术,23.65,23.32,23.43,23.8,22.82,2069024.0,48140000.0,23.61,23.61,1002.73,3.14,2.07,103778600,103123800.0,2026-05-22,16:14:59
688289,圣湘生物,17.41,17.31,17.27,17.51,17.2,2707470.0,47060000.0,100.87,100.87,64.27,1.41,0.47,141288800,129458200.0,2026-05-22,16:14:42
688290,景业智能,70.03,70.95,70.39,72.23,68.8,2796100.0,195620000.0,71.56,71.56,-248.05,5.34,2.74,150820000,128790000.0,2026-05-22,16:15:00
688291,金橙子,55.85,54.46,54.0,56.5,52.0,4484822.0,243020000.0,57.34,57.34,73.61,5.72,4.37,217748900,230733300.0,2026-05-22,16:14:52
688292,浩瀚深度,25.95,25.04,25.2,26.54,24.89,8799887.0,226620000.0,41.09,41.09,-174.89,4.22,5.56,413516200,466472500.0,2026-05-22,16:14:57
688293,奥浦迈,45.65,45.34,45.87,45.99,45.23,810685.0,36940000.0,63.58,51.96,95.95,2.12,0.71,43816800,37251700.0,2026-05-22,16:14:49
688295,中复神鹰,53.25,51.16,51.28,53.88,51.2,9353633.0,494550000.0,479.25,479.25,278.85,10.15,1.04,527784400,407578900.0,2026-05-22,16:14:50
688296,和达科技,16.56,15.8,15.94,16.72,15.75,2353674.0,38250000.0,17.87,17.78,-26.24,3.13,2.19,112000600,123366800.0,2026-05-22,16:14:59
688297,中无人机,43.21,43.61,43.77,44.04,43.1,5571078.0,242230000.0,291.67,291.67,329.22,5.22,0.83,271387100,285720700.0,2026-05-22,16:14:39
688298,东方生物,21.98,21.8,21.8,22.3,21.71,1357875.0,29830000.0,44.31,44.31,-8.03,0.75,0.67,63819200,71968300.0,2026-05-22,16:14:59
688299,长阳科技,19.5,18.83,19.07,19.64,18.7,11788178.0,227770000.0,56.04,56.04,-38.23,2.86,4.1,607556700,571261100.0,2026-05-22,16:14:40
688300,联瑞新材,134.85,117.07,119.0,139.9,117.6,13041840.0,1700740000.0,325.62,325.62,108.09,18.33,5.4,775029100,529154900.0,2026-05-22,16:14:32
688301,奕瑞科技,176.71,172.0,178.0,179.88,168.18,11860742.0,2069470000.0,373.65,373.65,54.5,6.01,5.61,614645800,571428400.0,2026-05-22,16:14:51
688302,海创药业-U,42.85,43.29,43.59,43.59,40.88,1950493.0,81780000.0,42.43,42.43,-31.42,4.1,1.97,94250200,100799100.0,2026-05-22,16:14:53
688303,大全能源,20.65,20.35,20.44,20.81,20.03,14752294.0,301460000.0,442.98,442.98,-32.29,1.16,0.69,738615000,736614400.0,2026-05-22,16:14:31
688305,科德数控,70.85,68.86,69.99,71.8,67.29,6114654.0,424800000.0,94.16,93.67,104.57,4.91,4.62,334624500,276840900.0,2026-05-22,16:14:59
688306,均普智能,10.43,10.28,10.42,10.49,10.12,17330929.0,178690000.0,128.11,128.11,1585.23,7.32,1.41,837468600,895624300.0,2026-05-22,16:14:46
688307,中润光学,89.08,88.1,90.0,92.99,87.1,7148066.0,643100000.0,110.71,110.71,163.65,12.54,5.75,331668500,383138100.0,2026-05-22,16:14:41
688308,欧科亿,132.0,114.0,116.0,136.2,115.33,22836256.0,2908180000.0,209.59,209.59,69.9,7.4,14.38,1380845800,902779800.0,2026-05-22,16:14:39
688309,恒誉环保,77.12,73.5,73.96,78.66,73.96,1849787.0,142240000.0,61.23,61.23,90.48,7.53,2.33,100612200,84366500.0,2026-05-22,16:14:57
688310,迈得医疗,16.55,16.12,16.28,16.73,15.98,3740550.0,61110000.0,27.2,27.2,47.96,3.33,2.28,208574400,165480600.0,2026-05-22,16:14:32
688311,盟升电子,32.0,31.58,31.55,32.25,31.22,3146586.0,100050000.0,55.61,55.61,-334.49,3.13,1.81,157189800,157468800.0,2026-05-22,16:14:39
688312,燕麦科技,98.3,92.44,94.0,99.8,91.02,7276972.0,698290000.0,144.22,144.22,105.74,9.32,4.96,388559100,339138100.0,2026-05-22,16:14:58
688313,仕佳光子,174.72,167.88,173.0,180.89,161.88,39095101.0,6703620000.0,789.71,789.71,199.82,47.62,8.65,2059936300,1849573800.0,2026-05-22,16:14:35
688314,康拓医疗,40.44,40.0,40.0,40.48,39.01,1094107.0,43810000.0,32.85,32.85,37.41,4.63,1.35,63523700,45887000.0,2026-05-22,16:14:36
688315,诺禾致源,14.74,14.63,14.76,15.07,14.19,5356442.0,78040000.0,61.35,61.35,37.75,2.29,1.29,307927500,227716700.0,2026-05-22,16:14:57
688316,青云科技-U,73.57,69.44,70.91,74.3,69.35,4792028.0,345690000.0,35.24,35.24,-61.3,66.31,10.0,260544100,218658700.0,2026-05-22,16:14:46
688317,之江生物,20.77,19.9,20.1,21.15,20.01,6501955.0,134180000.0,39.91,39.91,-91.14,1.21,3.38,307722500,342473000.0,2026-05-22,16:14:41
688318,财富趋势,115.39,118.86,118.9,120.0,114.23,5194583.0,602000000.0,295.54,295.54,97.39,7.63,2.03,219874400,299583900.0,2026-05-22,16:14:54
688319,欧林生物,36.96,35.72,35.6,37.14,35.3,7984861.0,291890000.0,149.95,149.84,265.29,16.11,1.97,420583900,377902200.0,2026-05-22,16:14:55
688320,禾川科技,40.54,40.19,40.0,40.58,38.8,6889442.0,274520000.0,61.22,61.22,-56.3,5.05,4.56,350932000,338012200.0,2026-05-22,16:14:54
688321,微芯生物,28.6,28.82,28.95,29.05,28.35,10076680.0,287740000.0,126.68,116.63,128.76,5.2,2.47,407969900,599698100.0,2026-05-22,16:14:38
688322,奥比中光-W,118.15,109.6,110.0,121.21,107.48,28345923.0,3275710000.0,473.95,376.52,352.14,15.83,8.89,1469748600,1364843700.0,2026-05-22,16:14:58
688323,瑞华泰,40.6,39.16,39.86,41.41,38.3,26059775.0,1035000000.0,73.08,73.08,-75.68,10.21,14.48,1343879000,1262098500.0,2026-05-22,16:14:31
688325,赛微微电,119.54,120.76,123.73,123.73,117.97,2027325.0,244310000.0,102.97,99.44,110.79,5.8,2.44,87982500,114750000.0,2026-05-22,16:14:31
688326,经纬恒润-W,92.72,92.8,93.53,95.2,91.22,3178376.0,295570000.0,111.21,103.5,260.26,2.81,2.85,147277100,170560500.0,2026-05-22,16:14:56
688327,云从科技-UW,14.49,13.97,14.07,14.76,13.7,46229193.0,658430000.0,150.49,120.77,-33.84,20.0,5.55,2374402100,2248517200.0,2026-05-22,16:14:43
688328,深科达,69.32,68.94,70.25,70.55,67.4,8718435.0,600290000.0,65.48,65.48,176.1,7.79,9.23,436903700,434939800.0,2026-05-22,16:14:44
688329,艾隆科技,27.0,26.56,26.82,27.44,26.2,2025310.0,54450000.0,20.84,20.84,216.76,2.76,2.62,113443300,89087700.0,2026-05-22,16:14:41
688330,宏力达,40.09,38.3,39.06,40.35,38.5,1856756.0,73350000.0,56.13,56.13,8.9,1.28,1.33,115764500,69911100.0,2026-05-22,16:14:40
688331,荣昌生物,116.7,121.99,123.09,123.3,115.05,12342684.0,1453640000.0,658.75,190.33,50.99,16.77,7.57,573077500,661190900.0,2026-05-22,16:14:54
688332,中科蓝讯,90.26,90.28,90.79,92.53,89.72,3471705.0,315220000.0,161.1,161.1,11.8,3.2,1.95,166383600,180786900.0,2026-05-22,16:14:48
688333,铂力特,88.44,86.52,86.82,91.3,86.6,10188473.0,903750000.0,242.61,242.61,103.01,4.85,3.71,459945700,558901600.0,2026-05-22,16:14:41
688334,西高院,20.48,20.09,20.14,20.58,19.83,3758497.0,75730000.0,64.84,32.13,25.71,2.18,2.4,206433100,169416600.0,2026-05-22,16:14:58
688335,复洁科技,26.75,27.0,27.17,27.36,26.58,2431170.0,65460000.0,39.6,39.6,-1065.8,3.5,1.64,131702000,111415000.0,2026-05-22,16:14:47
688336,三生国健,61.8,64.5,64.1,64.15,60.85,5065959.0,313760000.0,381.98,381.17,12.84,4.43,0.82,213799000,292796900.0,2026-05-22,16:14:58
688337,普源精电,65.19,62.02,65.02,65.98,63.0,7256486.0,468910000.0,126.39,121.2,119.85,3.97,3.9,374953700,350694900.0,2026-05-22,16:14:31
688338,赛科希德,28.41,27.72,27.9,28.59,27.52,857484.0,24060000.0,30.16,30.16,35.15,1.76,0.81,53632700,32115700.0,2026-05-22,16:14:48
688339,亿华通-U,25.02,24.07,24.7,25.65,24.54,5463585.0,137110000.0,60.18,48.99,-9.56,3.12,2.79,314110200,232248300.0,2026-05-22,16:14:37
688343,云天励飞-U,78.5,77.5,78.97,79.43,76.43,12085409.0,941910000.0,282.29,282.29,-59.99,7.59,3.36,633114500,575426400.0,2026-05-22,16:14:43
688345,博力威,54.63,53.55,54.0,56.49,53.35,2876496.0,157910000.0,55.26,54.63,77.61,4.78,2.88,134491900,153157700.0,2026-05-22,16:14:35
688347,华虹公司,179.0,169.0,169.0,182.54,163.66,39893824.0,6931880000.0,3110.36,729.87,630.38,6.87,9.78,2200373500,1789008900.0,2026-05-22,16:14:35
688348,昱能科技,47.86,46.76,47.28,48.24,46.83,2316302.0,110510000.0,74.79,74.79,-33.26,2.24,1.48,128020900,103609300.0,2026-05-22,16:14:46
688349,三一重能,22.09,22.0,22.2,22.35,21.7,6367825.0,139590000.0,270.91,262.76,25.02,1.89,0.54,314874100,321908400.0,2026-05-22,16:14:39
688350,富淼科技,38.55,37.55,39.15,40.29,38.01,4804502.0,186620000.0,55.22,55.22,191.34,2.97,3.35,249766900,230683300.0,2026-05-22,16:14:59
688351,微电生理,27.52,25.97,26.37,28.26,26.37,16626217.0,457120000.0,129.51,129.51,207.89,7.17,3.53,805728300,856893400.0,2026-05-22,16:14:46
688352,颀中科技,15.0,14.4,14.67,15.19,14.4,24631769.0,364300000.0,178.36,54.88,-314.29,3.06,6.73,1269876000,1193300900.0,2026-05-22,16:14:35
688353,华盛锂电,95.51,94.8,95.0,95.73,92.3,3422071.0,323830000.0,152.34,152.34,99.34,4.32,2.15,199888600,142318500.0,2026-05-22,16:14:32
688355,明志科技,23.73,22.63,22.81,23.96,22.45,2697981.0,62820000.0,29.41,29.41,42.08,2.66,2.18,150701500,119096600.0,2026-05-22,16:14:43
688356,键凯科技,81.47,81.2,81.84,82.38,80.8,824320.0,67190000.0,49.41,49.41,68.41,3.69,1.36,40410100,42021900.0,2026-05-22,16:14:55
688357,建龙微纳,34.43,33.92,33.93,34.78,33.81,1012493.0,34720000.0,34.45,34.45,38.47,1.96,1.01,55662100,45587200.0,2026-05-22,16:14:35
688358,祥生医疗,33.79,33.68,33.69,34.44,33.68,1530458.0,51980000.0,37.89,37.84,31.33,2.67,1.37,68156600,84889200.0,2026-05-22,16:14:34
688359,三孚新科,136.65,123.48,123.48,138.5,123.48,5577407.0,739020000.0,134.94,134.94,-280.23,21.48,5.65,325750900,231989800.0,2026-05-22,16:14:57
688360,德马科技,26.81,24.02,24.02,28.0,23.5,31501134.0,820770000.0,70.71,67.64,70.3,4.75,12.49,1789229500,1360883900.0,2026-05-22,16:14:54
688361,中科飞测,245.45,241.61,243.63,248.99,234.0,13993495.0,3379450000.0,859.48,859.48,15209.26,16.94,4.0,700643200,698706300.0,2026-05-22,16:14:59
688362,甬矽电子,56.3,52.87,52.87,57.09,51.56,34565707.0,1887050000.0,231.11,231.11,276.0,8.86,8.42,1678375300,1778195400.0,2026-05-22,16:14:44
688363,华熙生物,39.0,39.52,39.52,39.8,38.74,2638057.0,103120000.0,187.85,187.85,73.72,2.63,0.55,136242500,127563200.0,2026-05-22,16:14:43
688365,光云科技,20.12,20.2,20.21,20.48,19.6,15476984.0,308320000.0,85.68,85.68,-1205.07,8.97,3.63,752580800,795117600.0,2026-05-22,16:14:35
688366,昊海生科,34.89,34.72,35.47,35.5,34.4,436816.0,15180000.0,80.24,67.7,34.25,1.47,0.23,19898900,23782700.0,2026-05-22,16:14:48
688367,工大高科,37.07,35.06,35.06,37.71,35.06,2985782.0,110830000.0,32.48,32.48,400.03,5.46,3.41,189144900,109433300.0,2026-05-22,16:14:37
688368,晶丰明源,205.07,198.05,200.49,216.88,199.0,4591139.0,958170000.0,298.82,181.49,378.05,5.94,5.19,208385600,250728300.0,2026-05-22,16:14:58
688369,致远互联,23.7,22.67,22.76,23.96,22.4,4349181.0,100750000.0,27.31,27.31,-11.88,3.58,3.77,206914600,228003500.0,2026-05-22,16:15:00
688370,丛麟科技,25.44,25.4,25.6,25.71,24.91,865373.0,21960000.0,34.88,34.88,120.93,1.31,0.63,46563000,39974300.0,2026-05-22,16:14:37
688371,菲沃泰,41.9,39.0,39.9,43.32,38.33,21021070.0,866600000.0,140.56,140.56,5233.75,7.19,6.27,1179077700,923029300.0,2026-05-22,16:14:44
688372,伟测科技,164.57,157.02,159.33,166.45,154.6,8776976.0,1411860000.0,276.09,276.09,79.3,6.61,5.23,495732200,381965400.0,2026-05-22,16:14:50
688373,盟科药业-U,5.02,5.06,5.09,5.14,4.95,11266588.0,56510000.0,32.94,30.4,-16.35,18.11,1.86,502349700,624309100.0,2026-05-22,16:14:53
688375,国博电子,106.81,106.0,108.12,108.2,103.89,4558928.0,482890000.0,636.6,636.6,141.2,9.84,0.76,235105900,220786900.0,2026-05-22,16:14:51
688376,美埃科技,81.08,76.59,77.64,82.16,75.0,4088000.0,325390000.0,109.66,109.66,98.92,5.6,3.02,250659200,158140800.0,2026-05-22,16:14:51
688377,DR迪威尔,33.53,34.43,35.02,35.02,33.09,2272950.0,76500000.0,78.32,78.32,67.84,4.18,0.97,93637800,133657200.0,2026-05-22,16:14:57
688378,奥来德,50.9,47.85,48.41,51.58,46.5,14973721.0,736930000.0,133.07,122.65,104.82,6.47,6.21,852314900,645057200.0,2026-05-22,16:14:48
688379,华光新材,75.6,71.68,71.66,76.56,71.66,4855878.0,359240000.0,71.8,68.1,55.36,5.12,5.39,253083900,232503900.0,2026-05-22,16:14:34
688380,中微半导,50.52,50.72,51.09,51.58,49.61,15426318.0,780040000.0,202.26,202.26,67.2,6.27,3.85,708461100,834170700.0,2026-05-22,16:14:37
688381,帝奥微,43.95,43.0,44.0,45.48,42.44,20798434.0,915030000.0,108.78,108.78,-105.58,4.33,8.4,1027936700,1051906700.0,2026-05-22,16:14:33
688382,益方生物-U,20.38,20.7,20.81,20.99,20.11,10828527.0,221770000.0,117.87,117.87,-38.81,7.88,1.87,480429500,602423200.0,2026-05-22,16:15:00
688383,新益昌,135.99,133.0,135.52,136.22,128.22,3286432.0,436660000.0,138.23,138.23,-117.58,11.01,3.23,153970100,174673100.0,2026-05-22,16:14:46
688385,复旦微电,67.42,65.55,65.89,67.99,65.35,20776107.0,1391410000.0,555.35,363.66,227.17,8.84,3.85,1055333100,1022277600.0,2026-05-22,16:14:46
688386,泛亚微透,93.13,85.91,87.01,95.48,86.86,4359322.0,401860000.0,92.77,84.75,90.37,6.11,4.79,272869900,163062300.0,2026-05-22,16:14:55
688387,信科移动-U,18.6,18.12,18.18,18.73,17.71,58704318.0,1075160000.0,635.89,375.12,-263.41,10.83,2.91,3180377400,2690054400.0,2026-05-22,16:14:57
688388,嘉元科技,44.8,42.64,42.7,45.38,42.64,23700736.0,1050360000.0,204.14,204.14,133.35,2.52,5.2,1343083900,1026989700.0,2026-05-22,16:14:37
688389,普门科技,12.25,12.23,12.32,12.34,12.13,2328542.0,28500000.0,52.49,52.49,32.2,2.44,0.54,93281000,139573200.0,2026-05-22,16:14:41
688390,固德威,141.72,136.72,138.5,148.98,136.01,10705626.0,1513580000.0,344.47,344.47,130.28,12.11,4.4,492565700,577996900.0,2026-05-22,16:14:37
688391,钜泉科技,33.29,32.4,32.47,33.53,32.28,2291589.0,75390000.0,38.34,38.34,101.38,2.06,1.99,124143400,105015500.0,2026-05-22,16:14:33
688392,骄成超声,157.45,155.7,158.64,163.0,152.0,5030289.0,787290000.0,182.22,182.22,126.35,9.82,4.35,241464400,261564500.0,2026-05-22,16:14:38
688393,安必平,24.44,23.78,23.86,24.64,23.51,1088801.0,26220000.0,22.87,22.87,-60.51,1.94,1.16,61252100,47628000.0,2026-05-22,16:14:37
688395,正弦电气,31.76,31.0,31.0,32.13,30.4,2424921.0,76200000.0,27.5,27.5,64.11,3.46,2.8,138555600,103936500.0,2026-05-22,16:14:53
688396,华润微,62.4,59.8,60.74,62.88,59.99,35398660.0,2174190000.0,828.8,828.8,91.35,3.58,2.67,1951807500,1588058500.0,2026-05-22,16:14:45
688398,赛特新材,33.04,32.76,32.99,33.58,32.38,2901471.0,95870000.0,55.45,55.45,374.42,5.39,1.73,148667800,141479300.0,2026-05-22,16:14:59
688399,硕世生物,58.89,57.92,57.89,59.47,57.02,1102552.0,64100000.0,49.39,49.39,-150.7,1.68,1.31,61675700,48579500.0,2026-05-22,16:14:44
688400,凌云光,66.22,63.77,64.98,67.18,62.69,21753579.0,1419510000.0,317.35,305.26,91.68,5.56,4.72,1169071900,1006286000.0,2026-05-22,16:14:34
688401,路维光电,74.16,69.52,70.84,75.28,69.35,9628479.0,696730000.0,143.39,143.39,52.9,8.57,4.98,481873400,480974500.0,2026-05-22,16:14:48
688403,汇成股份,19.75,19.4,19.5,19.94,18.6,76072198.0,1462700000.0,195.71,195.71,193.14,4.94,7.68,3637334900,3969884900.0,2026-05-22,16:14:35
688408,中信博,38.77,37.35,37.55,39.7,37.42,7618779.0,295510000.0,84.93,84.93,-50.33,2.09,3.48,412732300,349145600.0,2026-05-22,16:14:31
688409,富创精密,167.07,163.58,165.0,173.3,160.01,9305097.0,1541590000.0,511.59,511.59,715.6,11.32,3.04,490202500,440307200.0,2026-05-22,16:14:53
688410,山外山,17.48,16.43,16.5,17.57,16.3,10946942.0,185980000.0,55.87,55.87,34.2,3.05,3.43,577519800,517174400.0,2026-05-22,16:14:48
688411,海博思创,252.16,249.41,252.0,259.2,248.1,5348434.0,1356790000.0,460.08,334.3,43.36,9.17,4.03,277295900,257547500.0,2026-05-22,16:14:50
688416,恒烁股份,123.9,115.75,117.94,124.94,117.94,5416689.0,657700000.0,102.84,102.84,-419.33,7.73,6.53,276907400,264761500.0,2026-05-22,16:14:40
688418,震有科技,49.89,48.8,50.33,51.45,49.03,5597804.0,280700000.0,96.07,96.07,-84.8,11.76,2.91,290185500,269594900.0,2026-05-22,16:14:42
688419,耐科装备,60.44,54.4,54.0,61.33,54.0,8020113.0,466430000.0,69.24,69.24,96.36,6.58,7.0,392005600,410005700.0,2026-05-22,16:14:46
688420,美腾科技,28.16,27.74,27.79,28.42,27.39,1514817.0,42260000.0,24.9,11.75,-544.69,1.75,3.63,92142500,59339200.0,2026-05-22,16:14:59
688425,铁建重工,4.38,4.39,4.4,4.41,4.35,16061801.0,70300000.0,233.61,233.61,16.7,1.24,0.3,845922600,760257500.0,2026-05-22,16:14:37
688426,康为世纪,20.72,20.16,20.18,20.89,19.97,1014398.0,20700000.0,23.31,23.25,-23.3,1.74,0.9,53658200,47781600.0,2026-05-22,16:14:59
688428,诺诚健华,25.2,25.85,26.06,26.11,24.8,10541122.0,265380000.0,444.69,67.63,60.89,6.05,3.93,474175100,579937100.0,2026-05-22,16:14:31
688429,时创能源,13.63,13.25,13.3,13.69,13.11,3304947.0,44280000.0,54.52,16.33,-19.96,4.23,2.76,190090500,140404200.0,2026-05-22,16:14:46
688432,有研硅,19.5,19.17,19.45,19.78,18.8,33456234.0,643990000.0,243.81,243.81,116.85,5.4,2.68,1631554600,1714068800.0,2026-05-22,16:14:54
688433,华曙高科,102.21,93.4,94.0,103.8,93.9,11021494.0,1110060000.0,424.76,424.76,664.19,19.78,2.65,603336300,498813100.0,2026-05-22,16:14:34
688435,英方软件,41.66,41.57,42.19,42.51,40.91,2208544.0,92140000.0,34.79,23.35,-239.57,3.21,3.94,108965100,111889300.0,2026-05-22,16:14:38
688439,振华风光,52.46,51.24,51.38,52.57,51.01,2989854.0,155470000.0,104.92,104.92,76.85,2.09,1.49,176835000,122150400.0,2026-05-22,16:14:53
688443,智翔金泰-U,29.75,29.39,29.9,30.2,28.94,4498922.0,132930000.0,109.09,34.71,-19.33,7.6,3.86,220774700,229117500.0,2026-05-22,16:14:42
688448,磁谷科技,71.78,69.64,70.97,73.2,69.0,2077658.0,148280000.0,51.88,51.88,546.12,5.09,2.87,120770000,86995800.0,2026-05-22,16:14:34
688449,联芸科技,87.79,84.16,87.99,91.4,81.1,32947967.0,2832990000.0,403.83,257.4,229.69,20.95,11.24,1545072600,1749724100.0,2026-05-22,16:14:44
688450,光格科技,49.09,46.15,47.0,49.98,46.0,1772801.0,85860000.0,32.4,24.02,-56.29,3.46,3.62,105060400,72219700.0,2026-05-22,16:14:31
688455,科捷智能,21.16,20.88,20.89,21.47,20.89,3270336.0,69470000.0,35.56,35.56,118.4,3.86,1.95,179785700,147247900.0,2026-05-22,16:14:59
688456,有研粉材,85.57,78.88,80.35,86.8,79.97,7617587.0,632410000.0,88.7,88.7,98.68,6.89,7.35,436114200,325644500.0,2026-05-22,16:14:57
688458,美芯晟,47.49,42.2,42.9,48.88,42.9,12491823.0,584220000.0,52.97,44.51,-228.96,2.91,13.33,663524700,585657600.0,2026-05-22,16:14:57
688459,哈铁科技,8.7,8.7,8.7,8.74,8.55,1222457.0,10570000.0,41.76,41.76,43.77,1.21,0.25,53744500,68501200.0,2026-05-22,16:14:49
688466,金科环境,18.14,17.8,17.76,18.2,17.35,1531675.0,27180000.0,22.16,22.16,77.62,1.92,1.25,78582100,74585400.0,2026-05-22,16:14:44
688468,科美诊断,7.05,7.02,7.03,7.1,6.84,3881960.0,27030000.0,28.28,28.28,73.77,1.99,0.97,147983700,240212300.0,2026-05-22,16:14:36
688469,芯联集成-U,7.62,7.42,7.54,7.65,7.36,163705571.0,1227250000.0,638.76,447.28,-127.51,4.93,2.79,8429526200,7941030900.0,2026-05-22,16:14:32
688472,阿特斯,14.44,14.06,14.41,14.63,14.15,53004008.0,763960000.0,526.07,194.6,35.36,2.23,3.93,2698381500,2602019300.0,2026-05-22,16:14:40
688475,萤石网络,30.01,29.57,29.7,30.29,29.5,3985906.0,119340000.0,236.33,236.33,38.67,3.96,0.51,203684300,194906300.0,2026-05-22,16:14:55
688478,晶升股份,66.99,62.88,66.99,69.15,65.27,10242465.0,691170000.0,92.69,92.69,-208.03,6.18,7.4,529829700,494416800.0,2026-05-22,16:14:55
688479,友车科技,40.3,38.95,38.95,40.88,38.95,1668924.0,66710000.0,58.16,25.11,121.74,3.09,2.68,103010600,63881800.0,2026-05-22,16:14:36
688480,赛恩斯,98.0,91.86,91.87,99.52,91.5,2428669.0,233610000.0,93.42,93.42,77.5,7.74,2.55,127887900,114979000.0,2026-05-22,16:14:35
688484,南芯科技,45.33,44.38,44.41,45.79,44.26,8754114.0,395240000.0,193.86,193.86,108.64,4.64,2.05,488031400,387380000.0,2026-05-22,16:14:53
688485,九州一轨,56.05,54.86,55.0,58.91,54.0,7688390.0,436810000.0,84.24,49.75,-659.18,6.74,8.66,391673000,377166000.0,2026-05-22,16:14:47
688486,龙迅股份,86.85,84.48,86.0,87.68,84.3,3422814.0,294960000.0,116.14,116.14,63.99,7.2,2.56,193407100,148874300.0,2026-05-22,16:14:56
688488,艾迪药业,15.27,15.77,15.85,15.91,15.2,7182901.0,110600000.0,64.25,64.25,-233.58,6.59,1.71,294571300,423718800.0,2026-05-22,16:14:48
688489,三未信安,42.64,41.06,44.0,44.0,41.6,1272216.0,54050000.0,49.13,48.75,-152.33,2.71,1.11,69684300,57537300.0,2026-05-22,16:14:53
688496,*ST清越,1.41,1.5,1.41,1.5,1.4,17853704.0,25680000.0,6.34,3.36,-5.5,0.71,7.5,667951700,1117418700.0,2026-05-22,16:14:52
688498,源杰科技,1066.4,1038.04,1060.0,1085.0,1040.0,4542580.0,4838130000.0,1327.67,1310.52,372.89,53.87,3.7,223748500,230509500.0,2026-05-22,16:14:43
688499,利元亨,57.78,56.24,56.24,58.66,55.78,7045716.0,405170000.0,97.49,97.49,169.36,4.16,4.18,352479900,352091700.0,2026-05-22,16:15:00
688500,慧辰股份,58.69,57.66,57.66,59.97,56.77,3224278.0,187640000.0,44.19,43.03,-88.9,6.08,4.4,167049800,155378000.0,2026-05-22,16:14:39
688501,青达环保,24.32,23.4,23.69,25.21,23.25,3166570.0,77020000.0,30.21,30.21,22.46,2.63,2.55,174792300,141864700.0,2026-05-22,16:14:34
688502,茂莱光学,537.0,523.68,525.0,551.19,511.0,2037507.0,1081090000.0,283.54,283.54,1525.91,23.77,3.86,95349900,108400800.0,2026-05-22,16:14:57
688503,聚和材料,108.7,109.0,110.0,111.87,106.84,13738155.0,1498650000.0,263.09,218.4,42.46,4.96,6.84,650897000,722918500.0,2026-05-22,16:14:56
688505,复旦张江,7.67,7.66,7.69,7.75,7.56,3718391.0,28400000.0,79.51,54.5,-52.17,3.74,0.52,157873800,213965300.0,2026-05-22,16:14:57
688506,百利天恒,240.06,250.1,255.0,255.83,239.06,1864856.0,453930000.0,991.14,991.14,-76.43,17.56,0.45,82044600,104441000.0,2026-05-22,16:14:35
688507,索辰科技,162.91,142.89,145.99,168.88,141.31,14346131.0,2235320000.0,145.17,80.21,1100.39,5.25,29.14,755816300,678796800.0,2026-05-22,16:14:41
688508,芯朋微,91.0,89.5,89.5,93.28,88.81,5483033.0,499860000.0,120.5,120.5,75.81,4.29,4.14,293646600,254656700.0,2026-05-22,16:14:36
688509,正元地信,4.85,4.79,4.79,4.89,4.74,9824199.0,47280000.0,37.34,18.66,-21.23,3.39,2.55,458962700,523457200.0,2026-05-22,16:14:59
688510,航亚科技,31.0,30.56,31.47,31.5,29.5,8149826.0,247510000.0,80.45,80.45,88.13,6.55,3.14,427859800,387122800.0,2026-05-22,16:14:54
688511,天微电子,26.89,26.47,27.0,27.39,25.74,6247613.0,165990000.0,35.95,35.95,151.91,4.38,4.67,334765400,289995900.0,2026-05-22,16:14:42
688512,慧智微-U,16.87,14.06,14.06,16.87,13.99,51521415.0,807320000.0,78.76,54.76,-26.34,4.96,15.87,2759814900,2392326600.0,2026-05-22,16:14:34
688513,苑东生物,55.16,55.73,55.9,56.8,53.83,965455.0,52850000.0,97.38,97.38,35.5,3.26,0.55,46404600,50140900.0,2026-05-22,16:14:44
688515,裕太微-U,216.08,217.0,221.12,225.0,208.89,5727553.0,1233880000.0,172.86,107.65,-148.68,11.78,11.5,273630700,299124600.0,2026-05-22,16:14:59
688516,奥特维,77.8,76.46,77.06,81.36,75.21,15353701.0,1192920000.0,245.33,244.88,61.67,6.67,4.88,761173400,774196700.0,2026-05-22,16:14:46
688517,金冠电气,23.43,22.6,22.82,23.58,22.51,4037828.0,93920000.0,32.01,32.01,42.1,3.96,2.96,254627800,149155000.0,2026-05-22,16:14:55
688518,联赢激光,31.21,29.67,29.95,31.46,29.75,22676903.0,696940000.0,106.53,106.53,64.06,3.22,6.64,1154585300,1113105000.0,2026-05-22,16:14:43
688519,南亚新材,201.93,183.0,186.0,209.7,184.0,9201005.0,1833020000.0,474.07,474.07,128.36,16.86,3.92,570125100,349975400.0,2026-05-22,16:14:58
688520,神州细胞,40.65,41.88,42.3,42.35,40.41,2686117.0,109930000.0,191.19,181.03,-23.77,269.95,0.6,104575600,164036100.0,2026-05-22,16:14:34
688521,芯原股份,275.75,273.54,280.0,282.6,270.0,18250195.0,5014100000.0,1450.21,1450.21,-223.69,46.08,3.47,897490300,927529200.0,2026-05-22,16:14:36
688522,纳睿雷达,33.9,33.22,33.56,34.11,33.18,3171941.0,106960000.0,102.72,41.73,89.92,4.39,2.58,173051700,144142400.0,2026-05-22,16:14:34
688523,航天环宇,68.02,66.67,66.67,68.65,65.08,5773145.0,388290000.0,276.76,65.65,706.38,16.46,5.98,270029700,307284800.0,2026-05-22,16:14:55
688525,佰维存储,312.25,301.0,309.0,314.8,301.91,30129715.0,9306320000.0,1470.19,1470.19,37.22,17.01,6.4,1572723000,1440248500.0,2026-05-22,16:14:58
688526,科前生物,14.2,14.31,14.33,14.38,14.11,1404890.0,19950000.0,66.19,66.19,16.98,1.53,0.3,55987400,84501600.0,2026-05-22,16:14:56
688528,秦川物联,13.05,12.4,12.48,13.15,12.4,3099054.0,39680000.0,21.92,21.92,-20.02,4.93,1.84,182189700,127715700.0,2026-05-22,16:14:38
688529,豪森智能,20.61,19.7,19.8,20.82,19.66,2574810.0,52190000.0,34.66,34.66,-3.46,3.5,1.53,141735300,115745700.0,2026-05-22,16:14:59
688530,欧莱新材,51.76,49.5,49.59,52.35,49.4,8922752.0,454000000.0,82.84,36.12,4389.71,9.78,12.79,505221900,387053300.0,2026-05-22,16:14:38
688531,日联科技,168.5,149.0,153.7,168.87,152.15,10255797.0,1648170000.0,279.03,193.4,150.93,8.16,8.94,565053500,460526200.0,2026-05-22,16:14:58
688533,上声电子,27.58,27.02,27.2,27.78,26.72,1433539.0,39100000.0,45.5,45.5,25.34,2.56,0.87,67876800,75477100.0,2026-05-22,16:14:40
688535,华海诚科,134.0,135.17,135.24,136.5,127.66,11683396.0,1554190000.0,190.24,159.86,622.29,8.87,9.79,546328500,622011100.0,2026-05-22,16:14:53
688536,思瑞浦,298.99,289.7,293.75,304.73,292.0,5541228.0,1649080000.0,412.83,405.58,157.07,6.49,4.08,250659900,303462900.0,2026-05-22,16:14:48
688538,和辉光电-U,2.38,2.37,2.35,2.4,2.28,170952795.0,399620000.0,328.66,136.9,-16.99,4.33,2.97,8685183400,8410096100.0,2026-05-22,16:14:43
688539,高华科技,38.43,37.26,37.52,38.86,36.91,2825938.0,106920000.0,71.45,71.45,136.14,4.07,1.52,145299300,137294500.0,2026-05-22,16:14:45
688543,DR国科军,47.43,47.52,48.0,48.0,46.8,3632302.0,172160000.0,118.86,66.0,50.02,5.26,2.61,168128900,195101300.0,2026-05-22,16:14:48
688545,兴福电子,82.0,78.39,78.94,83.01,76.84,19060589.0,1520560000.0,295.2,149.44,135.67,9.78,10.46,969493400,936565500.0,2026-05-22,16:14:34
688548,广钢气体,29.86,30.75,31.39,31.62,29.58,35042192.0,1057740000.0,393.97,206.4,122.73,6.46,5.07,1649902000,1854317200.0,2026-05-22,16:14:45
688549,中巨芯-U,16.3,15.75,15.78,16.55,15.57,107958721.0,1729570000.0,240.8,96.06,-2664.95,8.0,18.32,5342898200,5452973900.0,2026-05-22,16:14:43
688550,瑞联新材,50.52,49.55,49.78,52.0,49.0,8026328.0,405120000.0,87.83,87.83,28.58,2.63,4.62,377695000,424937800.0,2026-05-22,16:14:58
688551,科威尔,67.01,63.55,65.0,67.96,62.51,5638186.0,368840000.0,56.34,56.34,110.78,4.28,6.71,285609000,278209600.0,2026-05-22,16:14:34
688552,航天南湖,35.22,35.08,35.06,35.41,34.6,3047285.0,106840000.0,118.78,118.78,-416.3,4.6,0.9,172314900,132413600.0,2026-05-22,16:14:40
688553,汇宇制药-W,19.87,20.63,20.52,20.72,19.7,9720322.0,194370000.0,84.17,68.26,373.52,2.23,2.83,457329300,514702900.0,2026-05-22,16:14:39
688556,高测股份,13.88,13.52,13.73,14.18,13.42,42132293.0,581240000.0,115.31,115.31,-691.61,2.96,5.07,2422595900,1790633400.0,2026-05-22,16:14:32
688557,兰剑智能,35.19,34.69,34.74,35.5,34.26,1610921.0,56200000.0,36.13,36.13,32.54,2.94,1.57,95117000,65975100.0,2026-05-22,16:14:55
688558,国盛智科,41.09,40.34,41.06,41.44,40.41,2370398.0,97330000.0,54.24,54.24,33.14,3.09,1.8,141289600,95750200.0,2026-05-22,16:14:33
688559,海目星,69.29,67.12,68.23,70.23,67.0,13702438.0,946810000.0,171.67,171.67,-25.79,7.09,5.53,698340100,671903700.0,2026-05-22,16:14:44
688560,明冠新材,16.3,15.63,15.8,16.39,15.66,5919227.0,95080000.0,32.81,32.81,-24.4,1.28,2.94,351133500,240789200.0,2026-05-22,16:15:00
688561,奇安信-U,29.54,29.7,29.68,29.89,29.21,5815658.0,172050000.0,201.54,201.54,-16.02,2.85,0.85,274236900,307328900.0,2026-05-22,16:14:43
688562,航天软件,18.04,17.66,17.72,18.14,17.46,3861414.0,68730000.0,72.16,31.21,-283.08,4.33,2.23,191218100,194923300.0,2026-05-22,16:14:50
688563,航材股份,56.25,57.0,57.57,57.57,55.47,6183565.0,347360000.0,253.12,65.81,48.63,2.42,5.29,287956500,330400000.0,2026-05-22,16:14:32
688565,力源科技,12.37,12.06,11.94,12.44,11.87,3623600.0,44090000.0,18.52,18.52,280.21,3.72,2.42,196764100,165595900.0,2026-05-22,16:14:33
688566,吉贝尔,26.5,25.99,26.18,26.62,26.02,791148.0,20850000.0,52.85,52.85,20.8,2.13,0.4,36103000,43011800.0,2026-05-22,16:14:47
688567,孚能科技,14.7,14.49,14.8,14.91,14.43,27319298.0,401090000.0,179.65,179.65,-24.48,1.97,2.24,1378074500,1353855300.0,2026-05-22,16:14:55
688568,中科星图,53.6,53.76,53.88,54.17,52.82,11925491.0,638490000.0,433.13,433.13,-308.94,11.91,1.48,599297400,593251700.0,2026-05-22,16:14:49
688569,铁科轨道,20.09,20.09,20.1,20.29,19.84,1021772.0,20460000.0,42.32,42.32,25.28,1.43,0.49,48387300,53789900.0,2026-05-22,16:14:45
688570,天玛智控,16.66,16.61,16.64,16.78,16.45,887182.0,14700000.0,72.14,31.35,127.87,1.67,0.47,47344500,41373700.0,2026-05-22,16:14:39
688571,杭华股份,9.97,9.25,9.46,10.02,9.18,18900164.0,183190000.0,42.29,42.29,39.1,2.48,4.46,1111021500,778994900.0,2026-05-22,16:14:38
688573,信宇人,24.29,23.2,23.39,24.49,23.15,3436912.0,82090000.0,23.74,12.93,-4.94,6.87,6.46,200840300,142850900.0,2026-05-22,16:14:39
688575,亚辉龙,11.23,11.53,11.66,11.66,11.14,8185956.0,92510000.0,64.17,64.17,206.04,2.37,1.43,364316000,454279600.0,2026-05-22,16:14:36
688576,西山科技,80.4,78.0,78.5,81.0,78.1,621934.0,49730000.0,36.58,17.52,76.66,2.11,2.85,35907000,26286400.0,2026-05-22,16:14:42
688577,浙海德曼,94.95,93.71,94.0,96.13,90.16,3167663.0,296620000.0,105.66,105.66,164.0,10.2,2.85,152045800,164720500.0,2026-05-22,16:14:58
688578,艾力斯,92.26,93.61,94.4,94.61,91.54,5085518.0,470470000.0,415.17,415.17,17.19,5.36,1.13,241866300,266685500.0,2026-05-22,16:14:52
688579,地纬智能,9.98,9.75,9.87,10.12,9.71,3966055.0,39300000.0,39.92,39.92,114.28,2.88,0.99,192893000,203712500.0,2026-05-22,16:14:41
688580,伟思医疗,57.78,57.1,57.12,58.15,56.5,1811362.0,104150000.0,55.34,55.34,33.25,3.15,1.89,89395900,91740300.0,2026-05-22,16:14:59
688581,安杰思,61.86,59.07,59.1,62.3,58.84,1299683.0,78910000.0,50.18,25.71,22.58,1.95,3.13,80006000,49962300.0,2026-05-22,16:14:57
688582,芯动联科,52.71,51.17,51.61,53.13,51.02,6103664.0,318250000.0,211.76,131.89,80.95,8.75,2.44,303779600,306586800.0,2026-05-22,16:14:59
688583,思看科技,132.5,125.65,127.98,136.78,124.9,3259340.0,431450000.0,117.13,40.81,153.72,9.84,10.58,179157500,146776500.0,2026-05-22,16:14:47
688584,上海合晶,26.65,26.9,27.1,27.17,26.18,30715201.0,818950000.0,178.34,91.49,150.25,4.28,8.95,1471660900,1599859200.0,2026-05-22,16:14:36
688585,上纬新材,182.98,187.64,187.26,188.0,170.0,9079071.0,1642110000.0,738.07,738.07,-3275.43,56.75,2.25,433798900,474108200.0,2026-05-22,16:14:46
688586,江航装备,13.86,13.71,13.96,14.09,13.56,9115130.0,126090000.0,109.68,109.68,215.39,4.44,1.15,442648800,468864200.0,2026-05-22,16:14:52
688588,凌志软件,11.95,11.8,11.93,12.05,11.59,5076343.0,59950000.0,47.8,47.8,124.58,3.89,1.27,258586400,249047900.0,2026-05-22,16:14:38
688589,力合微,24.3,23.2,23.39,24.62,23.24,5463073.0,130720000.0,35.31,35.31,824.69,3.72,3.76,291734100,254573200.0,2026-05-22,16:14:42
688590,新致软件,17.49,16.32,16.42,17.88,16.0,19290811.0,326060000.0,49.24,49.24,-34.83,3.3,6.85,1052156800,876924300.0,2026-05-22,16:14:56
688591,泰凌微,39.1,39.17,39.47,39.76,38.38,9924486.0,386980000.0,94.13,65.86,94.27,3.83,5.89,446384100,546064500.0,2026-05-22,16:14:38
688592,司南导航,42.73,42.2,42.2,42.73,41.47,1438692.0,60690000.0,34.38,16.46,181.87,3.62,3.73,85235900,58633300.0,2026-05-22,16:14:41
688593,新相微,41.98,40.02,39.25,42.68,37.9,32156064.0,1301210000.0,192.91,135.46,1572.07,12.41,9.97,1675016300,1540590100.0,2026-05-22,16:14:54
688595,芯海科技,36.33,35.2,36.01,36.56,35.22,4962797.0,178290000.0,52.35,52.35,-43.48,8.09,3.44,275349900,220929800.0,2026-05-22,16:14:37
688596,正帆科技,46.74,45.41,46.1,46.78,45.0,24688139.0,1134390000.0,137.48,137.48,180.23,3.79,8.39,1324070600,1144743300.0,2026-05-22,16:14:31
688597,煜邦电力,8.47,8.28,8.34,8.53,8.29,5788490.0,48750000.0,28.46,28.46,60.42,3.58,1.72,307565500,271283500.0,2026-05-22,16:14:32
688598,金博股份,34.62,34.72,35.37,35.4,33.78,13401602.0,463430000.0,71.86,70.48,-5.64,1.86,6.58,715547200,624613000.0,2026-05-22,16:14:38
688599,天合光能,17.01,16.48,16.64,17.18,16.35,50901192.0,855800000.0,398.47,398.47,-6.65,1.95,2.17,2755185100,2334934100.0,2026-05-22,16:14:47
688600,皖仪科技,27.42,26.98,27.51,27.6,26.66,2036329.0,55410000.0,36.94,36.94,50.77,4.6,1.51,113415700,90217200.0,2026-05-22,16:14:41
688601,力芯微,65.38,63.25,63.25,66.18,62.2,6820363.0,436390000.0,87.41,87.41,339.9,7.01,5.1,348166300,333870000.0,2026-05-22,16:14:41
688602,康鹏科技,7.39,7.26,7.32,7.46,7.17,8422987.0,61370000.0,38.38,19.18,-35.73,1.41,3.24,467984800,374313900.0,2026-05-22,16:14:37
688603,天承科技,170.82,142.35,149.94,170.82,149.94,7757358.0,1293160000.0,213.05,81.01,218.19,17.42,16.36,314277500,461458300.0,2026-05-22,16:14:48
688605,先锋精科,80.35,76.9,78.0,80.75,75.56,9863480.0,767210000.0,162.61,87.06,94.72,9.74,9.1,499308000,487040000.0,2026-05-22,16:14:48
688606,奥泰生物,49.8,49.61,49.68,50.29,49.4,419898.0,20880000.0,39.48,39.48,22.13,1.02,0.53,20508000,21481800.0,2026-05-22,16:14:54
688607,康众医疗,67.49,63.46,64.01,67.87,64.01,3522226.0,235890000.0,59.48,53.54,-303.6,7.09,4.44,206699100,145523500.0,2026-05-22,16:14:38
688608,恒玄科技,184.97,183.5,185.0,188.97,183.0,5472764.0,1015350000.0,312.03,312.03,63.35,4.36,3.24,258286000,288990400.0,2026-05-22,16:14:56
688609,九联科技,12.66,12.16,12.31,12.76,11.98,37353664.0,460310000.0,66.08,63.3,-47.48,6.86,7.47,2062438700,1672927700.0,2026-05-22,16:14:53
688610,埃科光电,205.0,176.98,178.44,205.0,174.0,3320104.0,648670000.0,139.4,83.91,177.47,8.98,8.11,185061200,146949200.0,2026-05-22,16:14:36
688611,杭州柯林,74.72,75.54,73.11,76.8,73.11,3084598.0,231000000.0,114.61,114.61,-1065.75,13.29,2.01,152301100,156158700.0,2026-05-22,16:14:49
688612,威迈斯,36.14,33.14,33.15,36.34,33.15,15761947.0,554110000.0,151.49,91.27,25.74,4.04,6.24,977855300,598339400.0,2026-05-22,16:14:42
688613,奥精医疗,18.91,18.49,18.55,18.97,18.3,2225630.0,41590000.0,25.91,25.91,182.34,1.8,1.62,118544900,104018100.0,2026-05-22,16:14:36
688615,合合信息,141.57,138.5,139.94,142.69,137.06,4738032.0,662970000.0,277.48,191.6,56.26,9.7,3.5,256743200,217060000.0,2026-05-22,16:14:42
688616,西力科技,13.88,13.44,13.64,14.03,13.27,2844125.0,38920000.0,24.9,24.9,24.5,2.73,1.59,144825300,139587200.0,2026-05-22,16:14:31
688617,惠泰医疗,217.2,221.93,226.0,226.0,215.52,1402861.0,306200000.0,306.34,306.34,35.34,10.82,0.99,71419500,68866600.0,2026-05-22,16:14:32
688618,三旺通信,39.31,38.83,39.02,40.0,38.9,3079330.0,121570000.0,43.31,43.26,159.57,5.25,2.8,152663400,155269600.0,2026-05-22,16:14:43
688619,罗普特,20.45,18.08,18.43,20.96,18.42,16099777.0,320070000.0,37.92,37.92,-17.83,5.77,8.68,850735800,759241900.0,2026-05-22,16:14:51
688620,安凯微,13.78,13.32,13.43,13.91,13.24,13077009.0,176980000.0,54.02,32.01,-39.18,4.24,5.63,688816200,618884700.0,2026-05-22,16:14:43
688621,阳光诺和,56.25,56.76,57.0,57.2,55.86,1607596.0,90470000.0,63.0,63.0,32.32,5.02,1.44,57512900,103246700.0,2026-05-22,16:14:58
688622,*ST禾信,79.8,77.23,78.07,80.98,76.66,904786.0,71290000.0,56.23,56.23,-58.94,19.0,1.28,38450000,52028600.0,2026-05-22,16:14:44
688623,双元科技,101.78,99.68,99.51,102.5,97.0,1334595.0,133220000.0,60.2,19.48,107.87,2.82,6.97,69406100,64053400.0,2026-05-22,16:14:57
688625,呈和科技,100.48,91.37,91.37,104.38,91.37,8915334.0,868990000.0,189.22,189.22,64.25,11.91,4.73,455814900,435718500.0,2026-05-22,16:14:34
688626,翔宇医疗,56.71,57.0,57.66,57.92,55.62,2357349.0,133580000.0,90.74,90.74,112.68,4.31,1.47,115466200,120268700.0,2026-05-22,16:14:43
688627,精智达,416.97,409.95,418.0,424.77,395.0,7052319.0,2879690000.0,392.49,302.17,408.04,22.47,9.73,315785800,389446100.0,2026-05-22,16:14:49
688628,优利德,102.0,96.31,97.13,104.0,96.4,6836893.0,684620000.0,114.0,114.0,67.58,8.52,6.12,360942600,322746700.0,2026-05-22,16:14:40
688629,华丰科技,141.03,134.06,135.55,142.88,133.23,21329614.0,2956880000.0,650.14,256.37,150.54,33.74,11.73,1105938800,1027022600.0,2026-05-22,16:14:51
688630,芯碁微装,298.3,268.25,273.86,305.8,270.0,8109602.0,2340630000.0,392.98,392.98,113.43,16.89,6.16,456176100,354784100.0,2026-05-22,16:14:53
688631,莱斯信息,54.56,53.75,54.06,55.05,53.11,1772133.0,96020000.0,89.19,35.39,155.28,4.68,2.73,103817600,73395700.0,2026-05-22,16:14:33
688633,星球石墨,35.05,34.12,34.21,35.48,33.94,6111715.0,211850000.0,50.39,50.39,22.35,2.85,4.25,355691000,255480500.0,2026-05-22,16:14:39
688636,智明达,40.69,39.63,40.28,40.81,39.48,3168104.0,127580000.0,70.76,68.21,63.35,5.07,1.89,175696100,141114300.0,2026-05-22,16:14:46
688638,誉辰智能,42.04,40.23,40.63,42.32,39.82,923311.0,38190000.0,23.54,11.12,-15.61,3.08,3.49,49610900,42720200.0,2026-05-22,16:14:54
688639,华恒生物,25.6,25.41,25.63,25.84,25.1,4078035.0,103630000.0,64.03,64.03,51.88,2.42,1.63,229548000,178255500.0,2026-05-22,16:15:00
688646,ST逸飞,73.77,69.69,69.6,73.77,69.55,1458998.0,105100000.0,69.46,42.78,-84.7,4.91,2.52,90460100,55439700.0,2026-05-22,16:14:48
688648,中邮科技,46.48,49.36,48.48,48.58,44.82,6646811.0,306130000.0,63.21,32.32,10.22,2.93,9.56,284991500,379689600.0,2026-05-22,16:14:42
688651,盛邦安全,42.39,40.95,41.68,42.93,41.15,1388459.0,58240000.0,31.96,13.76,-63.97,3.5,4.28,71724700,67121200.0,2026-05-22,16:14:55
688652,京仪装备,153.8,157.0,157.0,159.0,151.0,8386653.0,1295080000.0,258.38,185.71,163.03,11.5,6.95,414196900,424468400.0,2026-05-22,16:14:35
688653,康希通信,15.95,15.29,15.42,16.07,15.26,13996412.0,218790000.0,67.7,50.47,-791.71,4.7,4.42,699914700,699726500.0,2026-05-22,16:14:55
688655,迅捷兴,62.14,59.61,62.0,63.63,59.75,13279848.0,822500000.0,82.89,82.89,-362.35,12.7,9.96,700770200,627214600.0,2026-05-22,16:14:32
688656,浩欧博,125.0,124.66,125.0,126.89,123.86,373135.0,46560000.0,79.35,79.35,365.01,9.6,0.59,17185400,20128100.0,2026-05-22,16:14:34
688657,浩辰软件,39.04,36.65,36.97,39.57,36.65,4198162.0,161870000.0,37.25,23.3,77.3,2.7,7.03,231074600,188741600.0,2026-05-22,16:15:00
688658,悦康药业,18.66,18.6,18.8,19.13,18.3,6504585.0,120880000.0,83.97,83.97,-34.1,2.56,1.45,320254200,330204300.0,2026-05-22,16:14:59
688659,元琛科技,11.77,11.33,11.37,11.9,11.21,3865952.0,44940000.0,18.83,18.83,-64.93,3.64,2.42,199139000,187456200.0,2026-05-22,16:15:00
688660,电气风电,11.77,11.56,11.58,11.9,11.38,19135099.0,223740000.0,156.93,156.93,-14.65,4.05,1.44,1023745400,889764500.0,2026-05-22,16:14:49
688661,和林微纳,123.0,116.22,118.22,125.0,112.98,5667883.0,675350000.0,186.82,186.82,-1949.59,15.38,3.73,301866300,264922000.0,2026-05-22,16:14:57
688662,富信科技,86.01,85.38,86.43,87.85,84.51,6128994.0,528760000.0,75.9,75.9,190.88,10.28,6.95,296304400,316595000.0,2026-05-22,16:14:33
688663,新风光,95.0,91.0,95.01,97.36,92.8,6563649.0,622830000.0,134.4,134.4,187.96,9.69,4.64,354383500,301981400.0,2026-05-22,16:14:40
688665,四方光电,54.29,52.1,52.0,54.46,52.0,1509749.0,81020000.0,54.94,54.94,41.15,4.63,1.49,72684100,78290800.0,2026-05-22,16:14:41
688667,菱电电控,142.11,147.04,149.94,150.69,141.0,1662400.0,239160000.0,74.89,74.89,50.06,4.11,3.15,80136700,86103300.0,2026-05-22,16:14:53
688668,鼎通科技,273.0,260.0,270.0,286.0,262.6,6581652.0,1808960000.0,380.21,380.21,141.89,18.48,4.73,332941600,325223600.0,2026-05-22,16:14:52
688669,聚石化学,36.91,35.11,35.15,38.29,34.78,5660998.0,209800000.0,44.78,44.78,-20.08,4.12,4.67,306513300,259586500.0,2026-05-22,16:14:50
688670,金迪克,19.31,19.02,19.67,19.9,18.98,1852077.0,35890000.0,23.79,23.79,-12.98,2.21,1.5,91540200,93667500.0,2026-05-22,16:14:52
688671,碧兴物联,26.22,25.15,25.4,26.34,25.18,1482973.0,38340000.0,20.59,12.28,-22.29,2.06,3.17,80229400,68067900.0,2026-05-22,16:14:50
688676,金盘科技,96.07,93.72,95.5,97.59,93.03,15543090.0,1486200000.0,441.71,441.71,66.45,9.1,3.38,765573600,788735400.0,2026-05-22,16:14:39
688677,海泰新光,136.99,125.88,128.0,137.2,125.0,3353057.0,442050000.0,164.22,164.22,95.89,11.86,2.8,188588400,146717300.0,2026-05-22,16:14:56
688678,福立旺,24.92,24.89,24.89,25.07,24.08,21033526.0,518440000.0,100.45,100.45,115.94,4.35,5.22,1184596000,918756600.0,2026-05-22,16:14:56
688679,通源环境,69.07,67.45,67.45,71.16,67.45,5377074.0,371660000.0,90.96,90.96,-234.84,8.29,4.08,242313900,295393500.0,2026-05-22,16:14:38
688680,海优新材,46.29,44.78,44.93,47.0,44.31,2739064.0,125240000.0,45.17,45.17,-9.54,2.91,2.81,151541300,122365100.0,2026-05-22,16:14:59
688681,科汇股份,20.24,19.61,19.67,20.35,19.24,2020089.0,40180000.0,21.19,21.19,42.35,3.41,1.93,105206400,96802500.0,2026-05-22,16:14:51
688682,霍莱沃,49.88,48.59,48.85,50.33,47.5,2470950.0,121740000.0,50.8,50.8,-241.41,8.22,2.43,134091600,113003400.0,2026-05-22,16:14:39
688683,莱尔科技,43.67,43.0,43.07,44.5,43.05,2327435.0,101770000.0,70.35,67.77,156.57,5.82,1.5,124733700,108009800.0,2026-05-22,16:14:59
688685,迈信林,54.41,52.57,53.68,54.72,52.35,4034801.0,217010000.0,79.9,79.9,-393.7,9.98,2.75,226314700,177165400.0,2026-05-22,16:14:55
688686,奥普特,154.27,137.0,136.0,158.18,133.98,4987991.0,736720000.0,188.57,188.57,98.11,6.15,4.08,273624700,225174400.0,2026-05-22,16:14:33
688687,凯因科技,18.4,18.4,18.5,18.6,18.17,2077944.0,38150000.0,31.45,31.45,284.29,1.83,1.22,99751300,108043100.0,2026-05-22,16:14:34
688689,银河微电,42.0,40.5,41.03,42.28,40.3,4127246.0,170780000.0,54.14,54.14,58.77,4.29,3.2,218061100,194663500.0,2026-05-22,16:14:36
688690,纳微科技,36.21,34.68,34.9,36.4,34.78,12729234.0,453370000.0,146.22,146.22,83.59,7.15,3.15,679824400,593099000.0,2026-05-22,16:14:38
688691,灿芯股份,122.7,118.67,120.09,125.96,116.2,10931723.0,1327400000.0,147.24,89.53,-130.26,12.21,14.98,559852800,533319500.0,2026-05-22,16:14:36
688692,达梦数据,261.68,255.23,259.0,262.96,252.0,1200198.0,310710000.0,296.33,191.38,52.0,7.63,1.64,67761500,52258300.0,2026-05-22,16:14:43
688693,锴威特,119.99,116.0,117.1,121.73,115.49,3391786.0,400770000.0,88.41,46.68,-92.13,11.38,8.72,165279700,173898900.0,2026-05-22,16:14:52
688695,中创股份,24.88,23.8,24.01,25.15,23.66,1265633.0,31020000.0,21.16,13.28,-58.36,2.78,2.37,75173700,51389600.0,2026-05-22,16:14:44
688696,极米科技,83.55,83.58,83.57,85.48,82.56,750758.0,63030000.0,58.5,58.5,44.63,2.01,1.07,31715600,43360200.0,2026-05-22,16:14:57
688697,纽威数控,24.49,23.97,23.5,24.66,22.91,22807555.0,545710000.0,112.0,112.0,36.18,5.85,4.99,1003503900,1277251600.0,2026-05-22,16:14:51
688698,伟创电气,85.4,84.24,83.54,85.68,81.7,10651034.0,891190000.0,182.78,182.78,71.84,7.63,4.98,490471000,574632400.0,2026-05-22,16:14:57
688699,明微电子,64.91,62.25,63.24,65.67,62.2,6349920.0,406500000.0,71.44,71.44,679.91,5.88,5.77,334573700,300418300.0,2026-05-22,16:14:54
688700,东威科技,80.45,70.07,71.4,81.44,71.4,27320839.0,2135470000.0,240.06,240.06,161.94,12.79,9.16,1530989700,1201094200.0,2026-05-22,16:14:51
688701,卓锦股份,10.53,10.27,10.34,10.58,10.11,2304264.0,23910000.0,14.14,14.14,-19.79,10.88,1.72,108249900,122176500.0,2026-05-22,16:14:58
688702,盛科通信-U,305.23,300.87,305.28,312.5,295.99,6663003.0,2019420000.0,1251.44,619.59,-824.53,56.07,3.28,303188800,363111500.0,2026-05-22,16:14:40
688707,振华新材,16.47,16.36,16.49,16.7,16.1,17614505.0,289090000.0,83.79,83.79,-19.47,2.15,3.46,832320300,929130200.0,2026-05-22,16:14:54
688708,佳驰科技,51.91,50.61,51.49,52.5,50.03,2382682.0,122550000.0,207.65,73.86,47.03,5.88,1.67,130533000,107735200.0,2026-05-22,16:14:58
688709,成都华微,39.68,37.81,38.35,39.9,37.85,7964547.0,308400000.0,252.7,87.99,391.05,8.68,3.59,421676400,374778300.0,2026-05-22,16:14:56
688710,益诺思,64.82,65.41,66.01,67.65,63.82,1646016.0,107060000.0,91.38,58.79,-383.55,3.91,1.81,86969100,77632500.0,2026-05-22,16:14:58
688711,宏微科技,33.55,32.57,33.16,34.5,32.81,14126966.0,473670000.0,71.49,71.49,422.03,6.8,6.63,668073500,744623100.0,2026-05-22,16:14:57
688716,中研股份,38.35,37.29,37.31,38.57,36.79,2895793.0,109210000.0,46.66,26.82,3350.13,3.96,4.14,167642100,121937200.0,2026-05-22,16:14:45
688717,艾罗能源,122.88,123.56,124.41,130.0,121.2,6392835.0,799270000.0,196.61,121.71,138.83,4.44,6.45,337816000,301467500.0,2026-05-22,16:14:54
688718,唯赛勃,17.63,17.0,17.2,17.78,17.0,2380968.0,41510000.0,30.63,30.63,60.9,3.8,1.37,133004200,105092600.0,2026-05-22,16:14:38
688719,爱科赛博,79.59,75.53,76.11,83.0,75.45,4214492.0,332850000.0,91.84,71.41,-218.15,5.46,4.7,234132200,187317000.0,2026-05-22,16:15:00
688720,艾森股份,93.37,90.0,91.11,94.9,88.0,8744002.0,799900000.0,82.29,52.65,155.0,7.88,15.51,433205900,441194300.0,2026-05-22,16:14:42
688721,龙图光罩,48.5,47.51,47.77,49.48,47.2,3942396.0,190040000.0,64.75,25.94,132.22,5.29,7.37,201556600,192683000.0,2026-05-22,16:14:32
688722,同益中,18.76,18.22,18.33,18.95,18.0,4386317.0,81170000.0,42.15,42.04,41.19,2.88,1.96,246582100,192049600.0,2026-05-22,16:14:53
688726,拉普拉斯,70.26,63.64,64.4,71.99,63.8,27463252.0,1878490000.0,284.78,154.52,57.98,6.76,12.49,1712984400,1033340800.0,2026-05-22,16:14:45
688728,格科微,14.97,14.57,14.69,15.06,14.45,33592870.0,495230000.0,389.31,374.08,375.6,4.95,1.34,1706042300,1653244700.0,2026-05-22,16:14:38
688733,壹石通,36.18,34.3,35.02,36.38,34.51,7413677.0,263540000.0,72.28,72.28,-1474.47,3.45,3.71,408366300,333001400.0,2026-05-22,16:14:49
688737,中自科技,30.02,29.45,29.5,30.5,29.5,2215379.0,66540000.0,35.89,35.89,-59.12,2.02,1.85,130461800,91076100.0,2026-05-22,16:14:49
688739,成大生物,22.39,22.53,22.61,22.69,22.37,1776943.0,39960000.0,93.24,93.24,161.7,1.0,0.43,88986100,88708200.0,2026-05-22,16:14:46
688750,金天钛业,18.34,17.75,17.86,18.42,17.67,3904856.0,70790000.0,84.82,42.72,142.54,3.43,1.68,209527300,180958300.0,2026-05-22,16:14:54
688757,胜科纳米,35.22,34.31,34.79,36.8,34.33,9004416.0,318970000.0,142.05,63.83,245.87,15.86,4.97,479670200,420771400.0,2026-05-22,16:14:54
688758,赛分科技,19.99,19.29,19.26,20.08,19.14,3836623.0,75970000.0,83.25,59.61,60.19,6.01,1.29,208666900,174995400.0,2026-05-22,16:14:46
688766,普冉股份,407.32,387.32,398.0,412.0,391.32,7318327.0,2939910000.0,603.03,603.03,137.0,22.38,4.94,376788800,355043900.0,2026-05-22,16:14:31
688767,博拓生物,40.04,37.72,37.03,40.3,37.03,3397342.0,133200000.0,59.79,59.79,197.25,2.53,2.28,165037200,174697000.0,2026-05-22,16:14:44
688768,容知日新,52.49,48.6,48.59,53.88,48.2,3389774.0,176210000.0,46.19,45.8,68.11,4.27,3.88,166966200,172011200.0,2026-05-22,16:14:35
688772,珠海冠宇,17.16,16.02,16.1,17.85,15.85,66438959.0,1130520000.0,194.28,194.28,47.31,2.7,5.87,3797058300,2846837600.0,2026-05-22,16:14:31
688776,国光电气,78.47,77.03,77.54,78.66,75.4,2313198.0,177900000.0,85.05,85.05,-60.32,4.98,2.13,128595900,102723900.0,2026-05-22,16:14:59
688777,中控技术,86.16,84.85,86.57,87.38,83.38,21071725.0,1799400000.0,681.69,678.25,172.11,6.79,2.68,1078660000,1028512500.0,2026-05-22,16:14:57
688778,厦钨新能,70.31,69.32,69.85,70.87,68.44,6469350.0,452690000.0,354.85,354.85,41.64,3.77,1.28,357963100,288971900.0,2026-05-22,16:14:45
688779,五矿新能,9.68,9.51,9.69,9.74,9.48,22602150.0,217840000.0,186.75,186.75,50.05,2.63,1.17,1267026200,993188800.0,2026-05-22,16:14:31
688786,悦安新材,36.58,32.71,32.66,37.76,32.66,10137629.0,361510000.0,52.6,52.6,61.75,6.62,7.05,614457400,399305500.0,2026-05-22,16:14:54
688787,海天瑞声,148.01,142.7,144.0,149.84,141.7,3123301.0,456800000.0,89.29,89.29,403.11,11.89,5.18,171594000,140736100.0,2026-05-22,16:14:56
688788,科思科技,53.0,52.56,52.58,53.46,51.9,1777290.0,93830000.0,83.14,83.14,-27.23,4.73,1.13,97945600,79783400.0,2026-05-22,16:14:38
688789,宏华数科,58.19,57.56,57.45,58.49,57.11,2140088.0,123420000.0,104.89,104.89,22.73,2.9,1.19,102264100,111744700.0,2026-05-22,16:14:34
688793,倍轻松,21.88,21.73,22.38,22.65,21.26,2825179.0,61780000.0,18.8,18.8,-17.56,8.44,3.29,152182100,130335800.0,2026-05-22,16:14:47
688798,XD艾为电,73.18,70.39,70.84,73.48,70.84,4400628.0,317310000.0,170.6,99.34,56.12,4.11,3.24,250507900,189554900.0,2026-05-22,16:14:49
688799,华纳药厂,54.18,54.21,54.21,55.21,53.28,2288362.0,123720000.0,71.15,71.15,31.77,3.43,1.74,103418400,125417800.0,2026-05-22,16:14:32
688800,瑞可达,136.73,132.61,135.71,139.9,134.54,9221715.0,1263710000.0,281.22,281.22,99.59,11.72,4.48,460409100,461762400.0,2026-05-22,16:14:35
688819,天能股份,26.28,25.78,26.0,26.33,25.7,3650681.0,95250000.0,255.47,255.47,20.5,1.49,0.38,220475600,144592500.0,2026-05-22,16:14:44
688981,中芯国际,131.33,127.22,129.33,132.18,126.5,119947788.0,15516840000.0,10523.7,2626.03,208.57,7.02,6.0,6379195300,5615583500.0,2026-05-22,16:14:37
689009,九号公司-WD,39.68,39.5,39.95,40.01,39.3,8254815.0,327080000.0,286.75,220.48,19.05,3.87,1.49,421261300,404220200.0,2026-05-22,16:14:40
000001,平安银行,10.68,10.7,10.7,10.73,10.65,954133.0,1020060000.0,2072.55,2072.52,4.81,0.45,0.49,35968700,59444600.0,2026-05-22,16:15:00
000002,万  科Ａ,3.46,3.47,3.48,3.5,3.43,866518.0,300540000.0,412.8,336.21,-0.47,0.37,0.89,41524700,45127200.0,2026-05-22,16:14:03
000003,PT金田A,2.71,2.71,0.0,0.0,0.0,0.0,0.0,9.04,5.2,78.43,-0.27,0.0,0,0.0,2026-05-22,09:00:00
000004,*ST国华,2.76,2.76,0.0,0.0,0.0,0.0,0.0,3.65,3.49,30.99,4.21,0.0,0,0.0,2026-05-22,16:15:00
000005,ST星源,0.83,0.83,0.0,0.0,0.0,0.0,0.0,8.79,8.78,-4.44,0.73,0.0,0,0.0,2026-05-22,09:00:00
000006,深振业Ａ,10.88,10.46,10.62,11.08,10.45,481894.0,519740000.0,146.88,146.88,-1670.22,2.74,3.57,25295700,22893600.0,2026-05-22,16:14:06
000007,全新好,12.46,11.62,11.62,12.78,11.62,309780.0,389560000.0,43.17,43.17,-2141.41,24.1,8.94,9215800,21762200.0,2026-05-22,16:14:09
000008,神州高铁,2.62,2.61,2.61,2.62,2.59,288969.0,75250000.0,71.17,71.17,-8.65,3.3,1.06,13217800,15679100.0,2026-05-22,16:15:00
000009,中国宝安,7.76,7.75,7.78,7.82,7.69,170258.0,131780000.0,200.15,199.9,385.45,2.0,0.66,7828800,9197000.0,2026-05-22,16:14:03
000010,*ST美丽,2.23,2.35,2.24,2.32,2.23,399043.0,89480000.0,25.64,19.36,-1509.94,8.71,4.6,25338800,14565500.0,2026-05-22,16:14:06
000011,深物业A,7.56,7.46,7.47,7.62,7.37,39205.0,29360000.0,45.06,39.8,2740.38,1.34,0.74,2141700,1778800.0,2026-05-22,16:15:00
000012,南  玻Ａ,4.4,4.0,4.0,4.4,3.86,1257726.0,518240000.0,133.87,86.21,1200.04,1.03,6.42,56638700,69133900.0,2026-05-22,16:14:03
000013,*ST石化A,2.47,2.47,0.0,0.0,0.0,0.0,0.0,7.49,1.27,-1.55,-0.23,0.0,0,0.0,2026-05-22,09:00:00
000015,PT中浩A,6.85,6.85,0.0,0.0,0.0,0.0,0.0,10.77,1.8,-10.7,-0.55,0.0,0,0.0,2026-05-22,09:00:00
000016,*ST康佳A,3.3,3.26,3.26,3.33,3.21,276327.0,90370000.0,79.46,52.69,-0.62,-0.71,1.73,13294200,14338500.0,2026-05-22,16:14:09
000017,深中华A,5.71,5.6,5.61,5.72,5.56,63963.0,36140000.0,39.35,25.17,95.19,10.08,1.45,3694300,2702000.0,2026-05-22,16:14:03
000018,神城A退,0.27,0.27,0.0,0.0,0.0,0.0,0.0,4.59,2.69,-0.08,-0.35,0.0,0,0.0,2026-05-22,09:00:00
000019,深粮控股,6.73,6.75,6.81,6.84,6.65,102753.0,69170000.0,77.57,28.01,35.77,1.53,2.47,5474500,4800800.0,2026-05-22,16:14:06
000020,深华发Ａ,13.21,12.8,13.0,13.37,12.67,76840.0,100540000.0,37.41,23.93,107.73,8.42,4.24,4081800,3602200.0,2026-05-22,16:14:12
000021,深科技,37.73,36.37,37.22,37.98,35.9,1912396.0,7072330000.0,593.97,593.89,49.54,4.45,12.15,95384000,95855600.0,2026-05-22,16:14:09
000025,特  力Ａ,14.88,14.62,14.75,14.96,14.64,30299.0,44920000.0,64.14,58.45,45.2,3.45,0.77,1786700,1243200.0,2026-05-22,16:14:12
000026,飞亚达,25.55,23.23,23.5,25.55,23.5,239173.0,588020000.0,103.67,93.15,96.81,3.05,6.56,11041600,12875700.0,2026-05-22,16:14:15
000027,深圳能源,7.31,7.25,7.27,7.37,7.18,396813.0,289700000.0,347.77,347.77,17.38,1.04,0.83,20278500,19402800.0,2026-05-22,16:15:00
000028,国药一致,23.8,23.9,23.9,23.94,23.7,17504.0,41700000.0,132.46,113.78,12.09,0.7,0.37,804000,946300.0,2026-05-22,16:14:15
000029,深深房Ａ,25.5,24.67,24.81,26.75,23.26,219019.0,548280000.0,257.97,227.37,1092.74,7.14,2.46,10541200,11360700.0,2026-05-22,16:14:18
000030,富奥股份,4.71,4.69,4.71,4.75,4.64,105437.0,49450000.0,81.0,78.7,12.2,0.95,0.63,5182400,5361400.0,2026-05-22,16:14:03
000031,大悦城,2.64,2.64,2.63,2.69,2.6,347562.0,91720000.0,113.16,113.16,-4.89,1.11,0.81,14907200,19849000.0,2026-05-22,16:14:21
000032,深桑达Ａ,19.19,19.13,19.25,19.46,18.5,355022.0,674970000.0,233.19,209.05,-132.93,3.16,3.26,17151100,18351100.0,2026-05-22,16:14:09
000033,新都退,1.7,1.7,0.0,0.0,0.0,0.0,0.0,7.31,7.31,-105.03,31.1,0.0,0,0.0,2026-05-22,09:00:00
000034,神州数码,29.07,28.01,28.3,29.25,27.87,495699.0,1424710000.0,295.57,246.85,54.57,2.65,5.84,26664500,22905300.0,2026-05-22,16:14:12
000035,中国天楹,5.99,6.03,6.05,6.08,5.97,323146.0,194650000.0,143.04,138.55,49.42,1.33,1.4,15095600,17219000.0,2026-05-22,16:14:24
000036,华联控股,5.44,5.4,5.39,5.47,5.35,259032.0,140210000.0,76.37,76.32,84.43,1.48,1.85,11559600,14343600.0,2026-05-22,16:14:06
000037,深南电A,9.89,9.61,9.7,9.9,9.49,158132.0,154190000.0,59.61,33.52,32.16,3.53,4.67,8564700,7248500.0,2026-05-22,16:14:12
000038,大通退,0.52,0.52,0.0,0.0,0.0,0.0,0.0,2.72,1.3,-1.67,0.11,0.0,0,0.0,2026-05-22,09:00:00
000039,中集集团,10.33,10.19,10.32,10.38,9.76,806777.0,821370000.0,557.05,237.74,-488.56,1.19,3.51,46822800,33854900.0,2026-05-22,16:14:09
000040,*ST旭蓝,0.49,0.49,0.0,0.0,0.0,0.0,0.0,7.29,5.17,-2.06,0.07,0.0,0,0.0,2026-05-22,09:00:00
000042,中洲控股,10.03,10.02,10.02,10.09,9.9,45952.0,45920000.0,66.68,66.61,-6.02,2.94,0.69,2097000,2498300.0,2026-05-22,16:14:15
000045,深纺织Ａ,12.2,11.81,11.98,12.3,11.73,102137.0,123150000.0,61.8,55.76,88.58,2.06,2.23,6078900,4134800.0,2026-05-22,16:14:15
000046,*ST泛海,0.38,0.38,0.0,0.0,0.0,0.0,0.0,19.75,19.66,-0.11,-0.16,0.0,0,0.0,2026-05-22,09:00:00
000047,ST中侨,8.03,8.03,0.0,0.0,0.0,0.0,0.0,9.67,2.64,-7.64,-0.78,0.0,0,0.0,2026-05-22,09:00:00
000048,京基智农,13.61,13.68,13.77,13.87,13.51,64266.0,87870000.0,72.17,72.11,-37.92,1.92,1.21,3022600,3403900.0,2026-05-22,16:14:18
000049,德赛电池,27.42,26.42,26.42,27.8,26.19,115938.0,314830000.0,105.47,105.44,32.6,1.55,3.02,6363600,5230200.0,2026-05-22,16:14:27
000050,深天马Ａ,7.95,7.6,7.68,7.98,7.37,939952.0,716940000.0,193.64,193.64,-283.82,0.72,3.86,49293700,44701500.0,2026-05-22,16:14:12
000055,方大集团,3.59,3.51,3.57,3.64,3.48,121439.0,43330000.0,38.55,24.26,-7.41,0.69,1.8,6829600,5314300.0,2026-05-22,16:14:21
000056,*ST皇庭,1.26,1.32,1.28,1.31,1.25,587894.0,74350000.0,14.9,11.39,-0.56,-0.62,6.51,26479000,32310400.0,2026-05-22,16:14:18
000058,深 赛 格,7.58,7.53,7.59,7.66,7.46,60699.0,45890000.0,93.33,74.64,133.49,4.58,0.62,3223200,2846700.0,2026-05-22,16:14:30
000059,华锦股份,4.71,4.75,4.74,4.76,4.62,196439.0,92150000.0,75.33,75.33,-5.47,0.77,1.23,9966900,9677100.0,2026-05-22,16:14:33
000060,中金岭南,7.57,6.88,6.99,7.57,6.87,1784372.0,1298780000.0,336.2,336.19,32.57,1.68,4.02,64463400,113973800.0,2026-05-22,16:14:24
000061,农 产 品,6.53,6.48,6.53,6.63,6.42,124504.0,81270000.0,129.62,117.17,29.95,1.5,0.69,6870000,5580500.0,2026-05-22,16:14:21
000062,深圳华强,34.63,33.23,33.05,34.71,33.01,585361.0,1991430000.0,362.2,361.85,64.88,5.36,5.6,32802700,25733400.0,2026-05-22,16:14:27
000063,中兴通讯,35.64,34.83,35.11,35.7,34.66,1196843.0,4217790000.0,1704.85,1435.44,38.1,2.22,2.97,64216000,55468300.0,2026-05-22,16:14:18
000065,北方国际,12.19,12.2,12.31,12.39,12.01,178604.0,217570000.0,141.58,118.85,21.55,1.26,1.83,7286000,10574400.0,2026-05-22,16:14:15
000066,中国长城,20.93,20.3,20.98,21.25,20.27,2827053.0,5860300000.0,675.16,675.11,3346.71,6.18,8.76,143763900,138941400.0,2026-05-22,16:14:36
000068,华控赛格,3.1,3.13,3.16,3.17,3.05,138361.0,42690000.0,31.21,31.21,-29.63,5.33,1.37,6171700,7664300.0,2026-05-22,16:14:21
000069,华侨城Ａ,1.95,1.96,1.96,1.97,1.93,395306.0,76900000.0,156.74,134.52,-1.08,0.46,0.57,14981000,24549600.0,2026-05-22,16:14:39
000070,特发信息,18.48,17.99,17.99,18.5,17.55,707555.0,1283460000.0,160.48,158.32,-32.75,19.89,8.26,35295400,35460100.0,2026-05-22,16:14:30
000078,ST海王,1.63,1.72,1.63,1.65,1.63,464785.0,75800000.0,42.89,42.79,-7.49,3.45,1.77,33223200,13255300.0,2026-05-22,16:14:24
000090,天健集团,3.31,3.27,3.28,3.33,3.26,112443.0,37020000.0,61.85,61.85,38.71,0.55,0.6,6028200,5216100.0,2026-05-22,16:14:27
000096,广聚能源,8.63,8.64,8.68,8.71,8.54,49301.0,42400000.0,45.57,44.09,40.5,1.65,0.97,2402500,2527600.0,2026-05-22,16:14:42
000099,中信海直,16.57,16.85,16.86,17.07,16.48,103807.0,172460000.0,128.55,128.55,41.39,2.33,1.34,4244800,6135900.0,2026-05-22,16:14:45
000100,TCL科技,4.38,4.37,4.25,4.45,4.13,19596776.0,8329800000.0,911.08,837.98,18.0,1.45,10.24,991841500,967836100.0,2026-05-22,16:14:33
000150,*ST宜康,0.51,0.51,0.0,0.0,0.0,0.0,0.0,4.48,4.11,-0.43,-0.52,0.0,0,0.0,2026-05-22,09:00:00
000151,中成股份,11.57,11.42,11.48,11.75,11.32,79483.0,91720000.0,40.6,35.63,10.25,4.64,2.58,4880100,3068200.0,2026-05-22,16:14:27
000153,丰原药业,6.0,5.94,5.96,6.06,5.88,58380.0,34870000.0,27.88,27.53,28.33,1.28,1.27,3139800,2698200.0,2026-05-22,16:14:48
000155,川能动力,14.3,14.38,14.42,14.55,14.11,478880.0,683510000.0,264.0,264.0,49.58,2.46,2.59,24427200,23460800.0,2026-05-22,16:14:36
000158,常山北明,15.45,15.42,15.42,15.52,15.12,244526.0,374650000.0,246.99,245.33,780.96,4.66,1.54,12648700,11803800.0,2026-05-22,16:14:39
000159,国际实业,7.09,6.8,6.89,7.3,6.79,553808.0,392290000.0,34.08,34.08,92.87,1.65,11.52,29668800,25712000.0,2026-05-22,16:14:33
000802,北京文化,4.97,5.0,5.05,5.09,4.9,314505.0,156100000.0,35.58,35.56,-16.95,5.83,4.4,15192400,16258100.0,2026-05-22,16:14:06
000805,*ST炎黄,1.88,1.88,0.0,0.0,0.0,0.0,0.0,1.2,0.39,3.01,327.75,0.0,0,0.0,2026-05-22,09:00:00
000819,岳阳兴长,15.51,15.35,15.53,15.77,15.15,124031.0,191960000.0,57.31,56.69,-91.14,2.76,3.39,6607700,5795400.0,2026-05-22,16:14:48
000823,超声电子,16.39,15.23,15.69,16.43,15.51,454455.0,731250000.0,88.01,88.01,41.19,1.88,8.46,25600900,19844600.0,2026-05-22,16:14:51
000827,*ST长兴,1.16,1.16,0.0,0.0,0.0,0.0,0.0,0.77,0.34,-0.7,-9.53,0.0,0,0.0,2026-05-22,09:00:00
000828,东莞控股,10.02,10.02,10.03,10.05,9.92,48418.0,48320000.0,104.16,104.16,11.72,1.03,0.47,2074500,2767300.0,2026-05-22,16:14:54
000851,*ST高鸿,0.38,0.38,0.0,0.0,0.0,0.0,0.0,4.4,4.3,-0.64,2.91,0.0,0,0.0,2026-05-22,09:00:00
000852,石化机械,6.39,6.37,6.42,6.46,6.25,161667.0,102590000.0,61.09,60.74,-4407.14,1.95,1.7,7399900,8766800.0,2026-05-22,16:14:36
000856,冀东装备,10.75,10.04,10.01,10.81,9.94,222056.0,231100000.0,24.4,24.4,199.51,5.83,9.78,13598900,8606700.0,2026-05-22,16:14:45
000858,五 粮 液,84.03,85.35,85.58,85.6,84.03,260371.0,2196210000.0,3261.72,3261.64,25.89,2.55,0.67,10176100,15861000.0,2026-05-22,16:14:39
000863,三湘印象,5.57,5.37,5.33,5.85,5.33,401979.0,225050000.0,65.76,64.79,-42.58,1.51,3.46,19498200,20699700.0,2026-05-22,16:14:45
000869,张  裕Ａ,18.74,19.18,18.98,19.04,18.6,21562.0,40330000.0,123.17,85.29,203.51,1.17,0.47,774200,1382000.0,2026-05-22,16:14:21
000901,航天科技,20.97,21.17,21.25,21.3,20.7,196909.0,412100000.0,167.38,167.38,188.23,3.94,2.47,9301100,10389800.0,2026-05-22,16:15:00
000903,ST云动,1.87,1.86,1.86,1.89,1.81,230090.0,42670000.0,36.18,35.91,-3.6,5.88,1.2,10479800,12529200.0,2026-05-22,16:14:21
000905,厦门港务,10.0,9.95,9.98,10.08,9.9,96915.0,96820000.0,154.23,74.18,75.16,1.69,1.31,4912200,4779400.0,2026-05-22,16:15:00
000906,浙商中拓,6.32,6.18,6.21,6.35,6.12,111489.0,69530000.0,44.85,44.32,20.64,0.91,1.59,5886300,5262600.0,2026-05-22,16:14:24
000913,钱江摩托,12.13,12.22,12.33,12.33,12.09,40733.0,49560000.0,63.85,63.09,7.5,1.2,0.78,2061100,2012200.0,2026-05-22,16:14:36
000918,*ST嘉凯,0.49,0.49,0.0,0.0,0.0,0.0,0.0,8.84,8.84,-0.91,-3.63,0.0,0,0.0,2026-05-22,09:00:00
000928,中钢国际,6.29,6.35,6.38,6.4,6.26,158006.0,99730000.0,90.24,90.24,20.59,1.05,1.1,6635000,9165500.0,2026-05-22,16:14:15
000932,华菱钢铁,4.03,4.06,4.07,4.08,4.01,813979.0,328470000.0,276.16,276.16,12.29,0.49,1.19,36719800,44678200.0,2026-05-22,16:14:39
000933,神火股份,30.83,30.14,30.37,30.96,30.01,366289.0,1120230000.0,693.37,692.88,12.41,2.58,1.63,18570000,18058900.0,2026-05-22,16:14:42
000935,四川双马,31.6,31.46,31.6,32.1,31.33,56733.0,179860000.0,241.25,241.25,100.3,3.08,0.74,3020400,2653000.0,2026-05-22,16:14:21
000958,电投产融,6.06,6.08,6.12,6.14,6.04,286974.0,174520000.0,1052.81,326.24,31.94,2.32,0.53,13839300,14858100.0,2026-05-22,16:14:51
000966,长源电力,4.74,4.7,4.7,4.81,4.6,748662.0,353140000.0,165.0,154.6,147.25,1.23,2.3,37242000,37624200.0,2026-05-22,16:14:54
000971,*ST高升,0.55,0.55,0.0,0.0,0.0,0.0,0.0,5.77,4.66,-1.52,36.3,0.0,0,0.0,2026-05-22,09:00:00
000982,中银绒业,0.18,0.18,0.0,0.0,0.0,0.0,0.0,7.67,7.67,-4.69,0.72,0.0,0,0.0,2026-05-22,09:00:00
000987,越秀资本,8.21,8.26,8.35,8.38,8.15,380601.0,313450000.0,411.91,411.6,9.9,1.24,0.76,16297900,21762300.0,2026-05-22,16:14:54
000989,九芝堂,8.13,8.38,8.39,8.39,8.11,224259.0,183730000.0,69.59,56.43,25.68,1.93,3.23,8056600,14369300.0,2026-05-22,16:14:12
000990,诚志股份,10.1,10.1,10.15,10.22,10.0,309242.0,312460000.0,122.74,122.74,173.5,0.68,2.54,15783100,15141100.0,2026-05-22,16:14:39
000991,通海高科,7.36,7.36,0.0,0.0,0.0,0.0,0.0,33.12,,32.37,0.0,,0,0.0,2026-05-22,09:00:00
000993,闽东电力,13.13,13.13,13.03,13.27,12.75,162526.0,212210000.0,60.13,57.74,294.0,2.36,3.7,7914600,8338000.0,2026-05-22,16:14:24
000998,隆平高科,8.44,8.42,8.4,8.45,8.25,130037.0,108790000.0,124.02,110.94,334.39,1.83,0.99,7102400,5901300.0,2026-05-22,16:14:09
