股票代码,股票名称,当前价,昨收价,开盘价,最高价,最低价,成交量,成交额,总市值,流通市值,市盈率,市净率,换手率,买盘总量,卖盘总量,交易日期,更新时间
000001,平安银行,11.29,11.19,11.18,11.38,11.16,889060.0,1005590000.0,2190.93,2190.89,5.09,0.48,0.46,47008800,41897200.0,2026-08-10,16:14:27
000002,万  科Ａ,3.25,3.22,3.24,3.28,3.22,1213349.0,395490000.0,387.75,315.8,-0.44,0.35,1.25,63286900,58048000.0,2026-08-10,16:14:27
000004,国华退,0.51,0.51,0.0,0.0,0.0,0.0,0.0,0.68,0.64,5.73,0.78,0.0,0,0.0,2026-08-10,09:00:00
000006,深振业Ａ,6.85,6.73,6.74,6.9,6.64,194579.0,132090000.0,92.47,92.47,-1051.56,1.72,1.44,11184000,8273900.0,2026-08-10,16:14:30
000007,全新好,10.38,9.66,9.74,10.38,9.65,111965.0,112080000.0,35.96,35.96,-1783.94,20.08,3.23,6340300,4856200.0,2026-08-10,16:14:33
000008,神州高铁,2.45,2.42,2.43,2.46,2.41,269272.0,65690000.0,66.55,66.55,-8.09,3.08,0.99,16944800,9982400.0,2026-08-10,16:14:27
000009,中国宝安,8.19,8.1,8.1,8.22,7.86,743275.0,601340000.0,211.24,210.98,406.8,2.11,2.89,41579400,32748100.0,2026-08-10,16:14:27
000010,*ST美丽,1.54,1.54,1.53,1.56,1.49,194137.0,29550000.0,17.7,14.13,-1042.74,6.02,2.12,10499300,8914400.0,2026-08-10,16:14:30
000011,深物业A,7.93,7.76,7.8,7.97,7.68,98574.0,77390000.0,47.26,41.75,2874.5,1.41,1.87,5261900,4595500.0,2026-08-10,16:14:36
000012,南  玻Ａ,3.88,3.85,3.88,3.89,3.82,250422.0,96740000.0,118.05,76.02,1058.22,0.91,1.28,13254300,11787900.0,2026-08-10,16:14:39
000014,沙河股份,10.19,9.94,9.96,10.3,9.9,55076.0,55910000.0,24.66,24.66,-16.19,1.79,2.28,2988200,2519400.0,2026-08-10,16:14:33
000016,*ST康佳A,2.57,2.56,2.56,2.57,2.52,136068.0,34660000.0,61.88,41.03,-0.48,-0.55,0.85,5049300,8557600.0,2026-08-10,16:14:30
000017,深中华A,6.3,6.18,6.16,6.3,6.11,89423.0,55720000.0,43.42,27.77,105.03,11.12,2.03,5476400,3465900.0,2026-08-10,16:14:30
000019,深粮控股,6.21,6.11,6.1,6.23,6.07,121043.0,74690000.0,71.57,25.85,33.01,1.46,2.91,7272500,4831800.0,2026-08-10,16:14:42
000020,深华发Ａ,11.15,10.92,10.92,11.15,10.84,28619.0,31620000.0,31.57,20.2,90.93,7.11,1.58,1670800,1191100.0,2026-08-10,16:14:33
000021,深科技,40.2,40.85,41.1,41.2,39.28,1091512.0,4366480000.0,632.9,632.81,52.79,4.86,6.93,52308500,56842700.0,2026-08-10,16:14:36
000025,特  力Ａ,15.16,14.95,14.94,15.19,14.88,78076.0,117880000.0,65.35,59.55,46.05,3.61,1.99,4032300,3775300.0,2026-08-10,16:14:33
000026,飞亚达,19.07,17.34,17.29,19.07,17.29,156142.0,285070000.0,77.38,69.52,72.26,2.31,4.28,8825200,6789000.0,2026-08-10,16:14:36
000027,深圳能源,6.37,6.35,6.34,6.39,6.33,184236.0,117220000.0,303.05,303.05,15.14,0.93,0.39,8371500,10052100.0,2026-08-10,16:14:39
000028,国药一致,20.45,20.32,20.35,20.72,20.28,40865.0,83920000.0,125.2,107.54,11.43,0.67,0.78,2054000,2032500.0,2026-08-10,16:14:36
000029,深深房Ａ,22.31,22.14,22.14,22.66,21.72,47822.0,106050000.0,225.7,198.93,956.04,6.31,0.54,2405600,2376600.0,2026-08-10,16:14:27
000030,富奥股份,4.29,4.26,4.27,4.31,4.23,80626.0,34530000.0,73.78,71.68,11.11,0.89,0.48,4092300,3970300.0,2026-08-10,16:14:42
000031,大悦城,2.25,2.19,2.2,2.27,2.19,530518.0,119230000.0,96.44,96.44,-4.17,0.94,1.24,29525200,23526700.0,2026-08-10,16:14:45
000032,深桑达Ａ,14.5,14.8,14.87,14.88,14.26,363158.0,523520000.0,176.2,176.2,-100.45,2.4,2.99,15108900,21206900.0,2026-08-10,16:14:39
000034,神州数码,24.4,25.13,25.05,25.15,24.15,388901.0,949190000.0,248.08,207.19,45.8,2.22,4.58,15096300,23793800.0,2026-08-10,16:14:42
000035,中国天楹,4.91,4.82,4.84,4.91,4.81,350790.0,170800000.0,117.25,113.57,40.51,1.09,1.52,17204200,17874800.0,2026-08-10,16:14:39
000036,华联控股,4.28,4.22,4.21,4.3,4.2,190209.0,80800000.0,60.08,60.05,66.43,1.17,1.36,9680300,9340600.0,2026-08-10,16:14:48
000037,深南电A,10.3,10.01,10.02,10.3,9.94,379234.0,386710000.0,62.08,34.91,33.49,3.72,11.19,21729500,16193900.0,2026-08-10,16:14:45
000039,中集集团,8.89,8.41,8.44,8.9,8.42,525076.0,461610000.0,479.4,204.6,-420.46,1.03,2.28,30037300,22470300.0,2026-08-10,16:14:42
000040,*ST旭蓝,0.49,0.49,0.0,0.0,0.0,0.0,0.0,7.29,5.17,-2.06,0.07,0.0,0,0.0,2026-08-10,09:00:00
000042,中洲控股,8.47,8.39,8.43,8.51,8.39,31651.0,26810000.0,56.31,56.25,-5.09,2.48,0.48,1691800,1473300.0,2026-08-10,16:14:45
000045,深纺织Ａ,10.03,9.93,9.95,10.03,9.79,50575.0,50280000.0,50.8,45.84,72.82,1.71,1.11,2789600,2267900.0,2026-08-10,16:14:48
000048,京基智农,21.87,21.4,21.87,21.98,20.9,143539.0,309180000.0,115.96,115.76,-60.93,3.09,2.71,6890900,7463000.0,2026-08-10,16:14:45
000049,德赛电池,24.88,24.66,24.66,24.88,24.45,69220.0,171290000.0,95.7,95.67,29.58,1.43,1.8,3595700,3326300.0,2026-08-10,16:14:48
000050,深天马Ａ,6.75,6.76,6.75,6.78,6.62,264826.0,177920000.0,164.41,164.41,-240.98,0.61,1.09,12217100,14265500.0,2026-08-10,16:14:30
000055,方大集团,3.53,3.41,3.41,3.53,3.4,131199.0,45710000.0,37.91,23.86,-7.29,0.68,1.94,8308400,4811500.0,2026-08-10,16:14:48
000056,*ST皇庭,1.97,2.14,2.14,2.15,1.94,445073.0,89680000.0,23.3,17.8,-0.87,-0.97,4.92,17413200,27094100.0,2026-08-10,16:14:33
000058,深 赛 格,6.76,6.67,6.68,6.82,6.59,64308.0,43310000.0,83.23,66.57,119.05,4.14,0.65,3077700,3353100.0,2026-08-10,16:14:36
000059,华锦股份,4.66,4.59,4.57,4.7,4.56,217870.0,101530000.0,74.53,74.53,-5.41,0.76,1.36,11783600,10003400.0,2026-08-10,16:14:51
000060,中金岭南,6.94,6.81,6.9,7.0,6.81,1558150.0,1076550000.0,308.22,308.21,29.86,1.56,3.51,78966200,76848800.0,2026-08-10,16:14:51
000061,农 产 品,5.89,5.79,5.76,5.92,5.75,219491.0,128700000.0,116.91,105.68,27.01,1.37,1.22,11388000,10561100.0,2026-08-10,16:14:51
000062,深圳华强,23.24,23.42,23.54,23.61,22.9,211972.0,489820000.0,243.07,242.83,43.54,3.59,2.03,8811300,12386000.0,2026-08-10,16:14:39
000063,中兴通讯,34.3,34.7,34.47,34.5,34.02,1045233.0,3572870000.0,1640.75,1381.47,36.66,2.2,2.6,43163100,61360200.0,2026-08-10,16:14:42
000065,北方国际,9.22,9.11,9.08,9.25,9.01,211068.0,193120000.0,107.08,98.19,16.3,0.97,1.98,11453400,9653300.0,2026-08-10,16:14:54
000066,中国长城,14.71,14.82,14.82,14.87,14.45,852240.0,1244530000.0,474.52,474.48,2352.13,4.34,2.64,36754800,48469200.0,2026-08-10,16:14:45
000068,华控赛格,2.93,2.86,2.86,2.95,2.85,146322.0,42670000.0,29.5,29.5,-28.01,5.04,1.45,9018800,5613400.0,2026-08-10,16:14:54
000069,华侨城Ａ,1.84,1.85,1.85,1.87,1.83,651196.0,120120000.0,147.89,126.93,-1.02,0.43,0.94,29311000,35808600.0,2026-08-10,16:14:51
000070,特发信息,14.45,14.65,14.72,14.8,14.11,464231.0,664370000.0,125.48,123.8,-25.61,15.55,5.42,20346600,26076500.0,2026-08-10,16:14:57
000078,ST海王,1.77,1.74,1.71,1.83,1.7,1205833.0,213320000.0,46.57,46.47,-8.14,3.75,4.59,64826500,55756800.0,2026-08-10,16:14:54
000088,盐 田 港,4.46,4.44,4.42,4.49,4.41,207360.0,92450000.0,231.9,141.06,15.72,1.3,0.66,9939200,10796800.0,2026-08-10,16:14:57
000089,深圳机场,6.56,6.49,6.5,6.61,6.46,180354.0,118430000.0,134.53,134.53,21.68,1.16,0.88,9156300,8879100.0,2026-08-10,16:15:00
000090,天健集团,3.5,3.37,3.37,3.58,3.35,287239.0,100410000.0,65.4,65.4,40.93,0.59,1.54,16404500,12319400.0,2026-08-10,16:14:03
000096,广聚能源,7.9,7.77,7.77,7.91,7.73,60116.0,47250000.0,41.71,40.36,37.07,1.51,1.18,3527500,2484100.0,2026-08-10,16:14:57
000099,中信海直,14.45,14.2,14.2,14.49,14.13,88621.0,127200000.0,112.1,112.1,36.09,2.03,1.14,4713800,4148300.0,2026-08-10,16:14:06
000100,TCL科技,4.87,4.86,4.86,4.88,4.77,4791213.0,2312810000.0,1013.0,979.6,20.02,1.67,2.38,216635200,262486100.0,2026-08-10,16:14:48
000151,中成股份,10.17,9.93,9.93,10.17,9.84,65968.0,66160000.0,35.69,31.32,9.01,4.08,2.14,4010600,2586200.0,2026-08-10,16:14:09
000153,丰原药业,5.84,5.61,5.62,5.85,5.62,167340.0,96380000.0,27.14,26.8,27.58,1.27,3.65,10045700,6688300.0,2026-08-10,16:15:00
000155,川能动力,12.49,12.04,12.16,12.5,12.11,557774.0,688380000.0,230.59,230.59,43.31,2.15,3.02,32340900,23436600.0,2026-08-10,16:14:03
000156,华数传媒,6.87,6.81,6.8,6.92,6.76,95252.0,65370000.0,127.3,116.78,30.12,0.85,0.56,4504100,5021100.0,2026-08-10,16:15:00
000157,中联重科,7.24,7.22,7.22,7.3,7.15,499528.0,361190000.0,626.15,511.84,14.45,1.11,0.71,22664500,27288300.0,2026-08-10,16:14:51
000158,常山北明,13.56,13.56,13.55,13.63,13.28,242762.0,327610000.0,216.77,215.32,685.43,4.12,1.53,11499400,12776800.0,2026-08-10,16:14:12
000159,国际实业,5.79,5.62,5.62,5.8,5.6,98944.0,56740000.0,27.83,27.83,75.84,1.36,2.06,5825900,4068500.0,2026-08-10,16:14:54
000166,申万宏源,4.56,4.54,4.54,4.58,4.53,503470.0,229630000.0,1141.82,1027.62,11.55,1.0,0.22,27964800,22382100.0,2026-08-10,16:14:54
000301,东方盛虹,13.53,13.1,13.1,13.75,13.05,406546.0,549390000.0,894.5,894.11,73.02,2.58,0.62,20868800,19785800.0,2026-08-10,16:14:03
000333,美的集团,85.3,83.5,83.5,86.07,83.12,311419.0,2645240000.0,6506.9,5872.31,14.72,3.19,0.45,17545900,13596000.0,2026-08-10,16:14:57
000338,潍柴动力,32.08,30.15,30.33,32.3,30.15,1144653.0,3592430000.0,2771.78,1590.01,24.52,2.91,2.31,61682300,52783000.0,2026-08-10,16:14:57
000400,许继电气,22.85,22.76,22.8,23.1,22.73,179273.0,410760000.0,232.76,231.94,21.74,1.93,1.77,8515500,9411900.0,2026-08-10,16:14:06
000401,金隅冀东,3.64,3.58,3.56,3.65,3.56,91806.0,33310000.0,96.68,95.78,99.3,0.37,0.35,5583800,3596800.0,2026-08-10,16:14:09
000402,金 融 街,2.53,2.46,2.51,2.6,2.51,628161.0,159580000.0,75.62,75.61,-1.62,0.38,2.1,34943900,27872300.0,2026-08-10,16:15:00
000403,派林生物,10.67,10.6,10.59,10.78,10.56,84346.0,90180000.0,101.41,100.37,28.72,1.25,0.9,3842700,4591900.0,2026-08-10,16:14:12
000404,长虹华意,7.94,7.68,7.64,7.95,7.55,193623.0,151720000.0,55.26,55.0,10.84,1.32,2.8,11370200,7992100.0,2026-08-10,16:14:06
000407,胜利股份,4.1,4.04,4.02,4.1,4.01,125279.0,51000000.0,36.08,35.91,21.96,1.18,1.43,7541800,4986100.0,2026-08-10,16:14:09
000408,藏格矿业,89.2,90.0,90.0,90.99,88.27,141569.0,1265700000.0,1399.47,1399.46,29.91,7.93,0.9,6921500,7235400.0,2026-08-10,16:14:12
000409,云鼎科技,8.85,8.75,8.77,8.89,8.65,48792.0,42970000.0,59.97,52.26,84.83,3.65,0.83,2813800,2065400.0,2026-08-10,16:14:03
000410,沈阳机床,5.06,4.88,4.88,5.11,4.84,248155.0,124450000.0,134.04,99.73,-252.79,3.21,1.26,15345100,9470400.0,2026-08-10,16:14:15
000411,英特集团,9.83,9.65,9.65,9.86,9.64,46675.0,45700000.0,55.52,55.42,11.55,1.07,0.83,2869100,1798400.0,2026-08-10,16:14:15
000415,渤海租赁,4.64,4.52,4.55,4.65,4.53,574914.0,265520000.0,286.96,250.23,-171.01,0.96,1.07,32866300,24625200.0,2026-08-10,16:14:06
000417,合百集团,6.02,5.96,6.01,6.03,5.88,327844.0,196000000.0,46.95,46.9,31.46,1.0,4.21,16649600,16134900.0,2026-08-10,16:14:18
000419,通程控股,5.02,4.85,4.88,5.03,4.84,107964.0,53570000.0,27.29,27.29,19.14,0.8,1.99,6510300,4286100.0,2026-08-10,16:14:21
000420,吉林化纤,3.85,3.77,3.79,3.85,3.77,591021.0,225510000.0,94.67,94.63,226.96,2.13,2.4,32733400,26368700.0,2026-08-10,16:14:09
000421,南京公用,5.47,5.33,5.29,5.48,5.28,104135.0,56480000.0,31.42,31.41,35.89,1.13,1.81,6016200,4397300.0,2026-08-10,16:14:18
000422,湖北宜化,13.66,13.2,13.2,13.72,13.18,443196.0,599250000.0,148.56,145.79,17.34,2.5,4.15,26106600,18213000.0,2026-08-10,16:14:12
000423,东阿阿胶,54.06,53.4,53.38,54.93,52.77,67032.0,363180000.0,345.89,345.28,19.55,3.58,1.05,3245400,3457800.0,2026-08-10,16:14:15
000425,徐工机械,8.35,8.3,8.28,8.5,8.25,1298589.0,1084880000.0,977.89,749.15,14.84,1.63,1.45,62773500,67085400.0,2026-08-10,16:14:15
000426,兴业银锡,40.67,39.48,39.09,40.99,39.0,926410.0,3733020000.0,722.15,721.98,27.07,6.67,5.22,45703200,46937800.0,2026-08-10,16:14:21
000428,华天酒店,4.32,3.93,3.89,4.32,3.84,528153.0,217110000.0,44.02,44.02,-21.03,3.45,5.18,27937700,24877600.0,2026-08-10,16:14:24
000429,粤高速Ａ,13.25,14.2,13.9,13.9,13.2,207901.0,278150000.0,277.03,172.69,17.36,2.7,1.6,8026500,12763700.0,2026-08-10,16:14:18
000430,张家界,6.56,6.46,6.44,6.58,6.39,69181.0,45090000.0,53.11,24.31,-25.04,2.92,1.87,3806300,3111800.0,2026-08-10,16:14:24
000488,ST晨鸣,1.92,1.89,1.89,1.92,1.88,98437.0,18770000.0,56.48,32.53,-0.77,13.56,0.58,6825600,3018100.0,2026-08-10,16:14:27
000498,山东路桥,5.02,4.95,4.96,5.03,4.93,93912.0,46990000.0,77.93,72.76,3.63,0.47,0.65,5376700,4014500.0,2026-08-10,16:14:27
000501,武商集团,7.28,7.1,7.09,7.28,7.08,64812.0,46790000.0,55.98,55.93,34.72,0.51,0.84,4023400,2457800.0,2026-08-10,16:15:00
000503,国新健康,7.54,7.39,7.39,7.76,7.34,196310.0,148550000.0,73.84,73.83,-18.14,7.7,2.0,9929100,9701900.0,2026-08-10,16:14:30
000504,南华生物,8.8,8.5,8.53,8.8,8.5,88591.0,76990000.0,29.04,28.96,68.91,10.49,2.69,4622000,4237100.0,2026-08-10,16:14:30
000505,京粮控股,5.84,5.78,5.72,5.84,5.71,175491.0,101690000.0,42.45,36.93,-15.68,1.48,2.78,8992200,8556900.0,2026-08-10,16:14:21
000506,招金黄金,19.94,18.13,18.27,19.94,17.8,1215131.0,2294770000.0,185.25,185.18,53.02,20.84,13.08,63108800,58404300.0,2026-08-10,16:14:03
000507,珠海港,5.03,4.98,4.96,5.04,4.96,102303.0,51300000.0,46.26,45.39,20.01,0.78,1.13,6568300,3662000.0,2026-08-10,16:14:18
000509,华塑控股,3.28,3.22,3.21,3.3,3.16,243727.0,78850000.0,35.2,35.2,-250.65,29.11,2.27,13196700,11176000.0,2026-08-10,16:14:06
000510,新金路,17.34,16.87,17.21,17.72,16.68,854454.0,1460940000.0,112.46,105.19,-46.0,10.9,14.09,44992500,40453000.0,2026-08-10,16:14:21
000513,丽珠集团,30.73,30.68,30.81,31.27,30.62,96974.0,300590000.0,272.85,174.59,13.9,2.06,1.71,5080000,4617400.0,2026-08-10,16:14:24
000514,渝 开 发,3.99,3.86,3.87,4.0,3.87,144664.0,57200000.0,33.67,33.67,-23.94,0.92,1.71,8852200,5614200.0,2026-08-10,16:14:33
000516,国际医学,4.29,4.25,4.24,4.35,4.23,275707.0,118460000.0,96.05,94.59,-37.66,2.94,1.25,15154900,12415800.0,2026-08-10,16:14:36
000517,荣安地产,2.18,2.12,2.11,2.2,2.08,315067.0,67790000.0,69.41,54.33,-5.82,1.49,1.26,20043500,11463200.0,2026-08-10,16:14:24
000518,四环生物,4.13,4.17,4.1,4.13,3.75,1138679.0,446320000.0,42.52,42.52,-130.87,13.15,11.06,56164600,57703300.0,2026-08-10,16:14:09
000519,中兵红箭,15.01,14.76,14.79,15.05,14.62,505443.0,753570000.0,209.02,209.02,92.78,2.02,3.63,25256200,25288100.0,2026-08-10,16:14:33
000520,凤凰航运,3.98,3.95,3.97,3.99,3.88,151688.0,59970000.0,40.28,40.28,-105.61,9.57,1.5,7412100,7756700.0,2026-08-10,16:14:12
000521,长虹美菱,4.99,4.91,4.91,5.01,4.9,70453.0,35020000.0,51.39,43.67,17.19,0.87,0.8,4814500,2230800.0,2026-08-10,16:14:15
000523,红棉股份,2.97,2.88,2.88,3.02,2.86,326101.0,96050000.0,54.51,39.36,47.44,2.78,2.46,19526300,13083900.0,2026-08-10,16:14:27
000524,岭南控股,9.54,9.33,9.33,9.57,9.31,78259.0,74160000.0,63.94,63.91,83.75,2.81,1.17,4384400,3441500.0,2026-08-10,16:14:36
000525,红太阳,4.59,4.5,4.48,4.63,4.48,164345.0,75190000.0,59.8,51.03,-14.77,2.41,1.48,9733600,6700900.0,2026-08-10,16:14:27
000526,学大教育,36.37,35.3,35.66,36.63,35.23,49265.0,177590000.0,44.32,44.18,20.91,4.26,4.06,2699900,2226600.0,2026-08-10,16:14:39
000528,柳    工,8.45,8.36,8.32,8.51,8.3,280979.0,237030000.0,172.2,171.96,11.05,0.94,1.38,16184300,11913600.0,2026-08-10,16:14:42
000529,广弘控股,4.87,4.72,4.73,4.88,4.71,61109.0,29580000.0,28.43,27.75,26.63,0.9,1.07,3563800,2547200.0,2026-08-10,16:14:39
000530,冰山冷热,5.04,4.93,4.96,5.05,4.91,136660.0,68400000.0,42.5,30.25,78.9,1.36,2.28,7974000,5691900.0,2026-08-10,16:14:30
000531,穗恒运Ａ,5.92,5.85,5.85,5.93,5.81,87572.0,51510000.0,61.65,53.86,15.47,0.89,0.96,4787900,3969300.0,2026-08-10,16:14:18
000532,华金资本,10.87,10.68,10.68,10.88,10.57,42172.0,45480000.0,37.47,37.34,30.95,2.36,1.23,2536500,1680700.0,2026-08-10,16:14:42
000533,顺钠股份,12.65,12.13,12.07,12.73,12.02,1634239.0,2043310000.0,87.39,86.64,87.95,8.86,23.86,84238400,79185500.0,2026-08-10,16:14:33
000534,万泽股份,28.39,27.94,28.3,28.5,27.58,139174.0,391310000.0,144.66,142.67,71.69,8.42,2.77,6923300,6994100.0,2026-08-10,16:14:30
000536,华映科技,3.33,3.29,3.31,3.34,3.24,388849.0,128240000.0,92.11,92.01,-9.02,10.96,1.41,22403700,16481200.0,2026-08-10,16:14:21
000537,绿发电力,8.32,7.56,7.7,8.32,7.65,613164.0,501120000.0,171.04,171.04,26.92,0.87,2.98,24116900,37199500.0,2026-08-10,16:14:24
000538,云南白药,51.19,50.76,50.76,51.71,50.63,107302.0,549490000.0,913.36,907.56,17.38,2.33,0.61,5571300,5158900.0,2026-08-10,16:14:33
000539,粤电力Ａ,5.96,6.01,6.02,6.08,5.81,681360.0,403480000.0,312.92,152.3,37.65,1.35,2.67,26584200,41551800.0,2026-08-10,16:14:36
000541,佛山照明,4.98,4.94,4.94,4.99,4.9,58252.0,28900000.0,76.48,61.28,43.4,1.13,0.47,3224500,2600700.0,2026-08-10,16:14:45
000543,皖能电力,7.88,7.85,7.84,7.91,7.81,199040.0,156490000.0,178.63,178.63,8.31,1.07,0.88,9179100,10724800.0,2026-08-10,16:14:45
000544,中原环保,7.46,7.36,7.31,7.46,7.31,52903.0,39250000.0,72.71,72.71,6.84,0.8,0.54,3175700,2114600.0,2026-08-10,16:14:36
000545,金浦钛业,2.62,2.53,2.53,2.63,2.53,526100.0,136400000.0,25.86,25.82,-5.1,4.14,5.34,33064100,19546000.0,2026-08-10,16:14:48
000546,金圆股份,4.86,4.71,4.76,4.88,4.74,200939.0,96790000.0,37.79,33.86,-11.59,0.98,2.88,11052000,9041900.0,2026-08-10,16:14:27
000547,航天发展,16.39,15.98,16.08,16.46,15.6,831775.0,1337820000.0,261.99,260.46,-21.17,6.94,5.23,43357500,39820000.0,2026-08-10,16:14:39
000548,湖南投资,4.5,4.34,4.37,4.51,4.34,66765.0,29750000.0,22.46,22.46,59.56,1.09,1.34,4216400,2460100.0,2026-08-10,16:14:39
000550,江铃汽车,16.37,16.17,16.17,16.44,16.1,45748.0,74800000.0,141.31,84.87,11.84,1.17,0.88,2799600,1775200.0,2026-08-10,16:14:51
000551,创元科技,13.67,13.57,13.71,13.78,13.41,140490.0,190660000.0,66.26,66.24,19.51,2.2,2.9,6478700,7570300.0,2026-08-10,16:14:54
000552,甘肃能化,2.55,2.54,2.53,2.57,2.53,716568.0,182790000.0,136.47,95.01,-70.99,0.84,1.92,34258700,37398100.0,2026-08-10,16:14:30
000553,安道麦A,5.48,5.43,5.44,5.5,5.4,72852.0,39790000.0,127.67,119.3,-20.34,0.71,0.33,3892200,3393000.0,2026-08-10,16:14:42
000554,泰山石油,6.56,6.46,6.43,6.59,6.42,188146.0,122880000.0,31.32,23.57,18.54,2.79,5.24,10799300,8015300.0,2026-08-10,16:14:42
000555,神州信息,10.87,10.9,10.98,10.99,10.71,185642.0,201400000.0,106.07,105.94,186.42,1.87,1.9,9103100,9461100.0,2026-08-10,16:14:45
000557,西部创业,3.73,3.66,3.66,3.74,3.65,102888.0,38180000.0,54.4,54.38,19.51,0.86,0.71,6339500,3949300.0,2026-08-10,16:14:45
000558,天府文旅,3.54,3.43,3.45,3.55,3.42,269568.0,94220000.0,45.64,45.62,-102.66,4.34,2.09,16793600,10163200.0,2026-08-10,16:14:33
000559,万向钱潮,11.8,11.77,11.9,11.94,11.58,293514.0,345270000.0,391.21,391.09,39.55,4.82,0.89,13214200,16137100.0,2026-08-10,16:14:48
000560,我爱我家,2.24,2.18,2.26,2.35,2.22,1554060.0,351600000.0,52.76,52.38,-54.14,0.57,6.65,73168200,82237800.0,2026-08-10,16:14:48
000561,烽火电子,7.73,7.57,7.57,7.74,7.47,100341.0,76720000.0,66.79,60.0,-22.7,2.3,1.29,5567100,4467000.0,2026-08-10,16:14:48
000563,陕国投Ａ,3.01,2.99,2.99,3.03,2.98,431045.0,129690000.0,153.93,153.93,10.73,0.81,0.84,23916200,19188300.0,2026-08-10,16:14:51
000564,供销大集,1.43,1.41,1.41,1.44,1.4,1422401.0,202320000.0,258.23,215.86,-14.31,1.78,0.94,91643800,50596200.0,2026-08-10,16:14:51
000565,渝三峡Ａ,6.03,5.83,5.84,6.06,5.8,108725.0,64830000.0,26.15,26.15,94.42,2.05,2.51,6236600,4635900.0,2026-08-10,16:14:51
000566,海南海药,6.05,5.99,6.11,6.58,6.03,3132461.0,1952040000.0,78.49,78.45,-17.92,1764.85,24.16,147092600,166153500.0,2026-08-10,16:14:57
000567,海德股份,6.3,6.19,6.23,6.35,6.19,165719.0,104290000.0,123.14,122.76,17.4,2.04,0.85,8999500,7572400.0,2026-08-10,16:14:54
000568,泸州老窖,90.75,88.64,88.72,91.66,88.57,134733.0,1218240000.0,1335.75,1334.99,13.43,2.59,0.92,7055300,6417900.0,2026-08-10,16:14:54
000570,苏常柴Ａ,5.05,4.93,4.93,5.05,4.91,131320.0,65670000.0,35.64,28.06,43.73,1.01,2.36,7622300,5509700.0,2026-08-10,16:14:54
000571,新大洲A,7.12,7.37,7.3,7.37,7.02,362492.0,259750000.0,59.75,57.96,-39.06,396.24,4.45,14702200,21546900.0,2026-08-10,16:14:36
000572,海马汽车,3.94,3.83,3.86,3.95,3.8,415093.0,161740000.0,64.8,64.7,-43.14,4.11,2.53,23039700,18469600.0,2026-08-10,16:14:57
000573,粤宏远Ａ,3.72,3.6,3.6,3.76,3.56,244655.0,89830000.0,23.74,23.55,-927.44,1.48,3.87,14126800,10338700.0,2026-08-10,16:14:39
000576,甘化科工,7.42,7.18,7.14,7.44,7.1,99587.0,72750000.0,32.38,32.19,46.0,1.96,2.3,5840100,4118600.0,2026-08-10,16:14:57
000581,威孚高科,17.49,17.36,17.35,17.56,17.31,59962.0,104780000.0,169.09,138.85,15.54,0.86,0.76,3193300,2802900.0,2026-08-10,16:14:42
000582,北部湾港,13.28,12.52,12.54,13.54,12.41,762624.0,990690000.0,334.27,286.43,31.2,1.65,3.54,46044900,30217500.0,2026-08-10,16:14:45
000584,工智退,0.29,0.29,0.0,0.0,0.0,0.0,0.0,2.21,2.2,-1.01,0.74,0.0,0,0.0,2026-08-10,09:00:00
000586,汇源通信,12.13,11.91,11.91,12.14,11.68,44345.0,53050000.0,23.46,23.19,-235.24,7.37,2.32,2346200,2088400.0,2026-08-10,16:15:00
000589,贵州轮胎,4.4,4.31,4.39,4.46,4.39,504986.0,223150000.0,68.39,67.94,9.32,0.76,3.27,27527600,22971000.0,2026-08-10,16:14:57
000590,古汉医药,9.02,8.79,8.83,9.03,8.73,29529.0,26400000.0,21.6,21.59,-52.59,3.99,1.23,1667800,1285100.0,2026-08-10,16:15:00
000591,太阳能,4.48,4.45,4.44,4.49,4.42,435803.0,194510000.0,174.94,174.87,24.39,0.73,1.12,20409600,23170700.0,2026-08-10,16:14:03
000592,平潭发展,6.71,6.54,6.54,6.78,6.5,1277784.0,849470000.0,129.62,128.5,-108.82,7.32,6.67,66740000,61038400.0,2026-08-10,16:15:00
000593,德龙汇能,24.75,23.88,23.88,24.86,23.32,288622.0,701190000.0,88.76,88.72,280.43,10.04,8.05,15154800,13707400.0,2026-08-10,16:14:03
000595,新能股份,6.36,6.19,6.13,6.37,6.13,900368.0,564390000.0,72.42,72.42,76.17,14.96,7.91,46235000,43801800.0,2026-08-10,16:14:06
000596,古井贡酒,96.57,91.69,92.5,97.55,92.5,106448.0,1018260000.0,510.47,394.59,18.06,2.1,2.61,5798400,4846500.0,2026-08-10,16:14:48
000597,东北制药,4.79,4.74,4.72,4.82,4.72,150761.0,72090000.0,68.35,67.5,27.3,1.25,1.07,8172600,6903500.0,2026-08-10,16:14:06
000598,兴蓉环境,7.21,7.12,7.11,7.29,7.09,248838.0,179350000.0,215.15,215.12,10.63,1.1,0.83,13530100,11353800.0,2026-08-10,16:14:03
000599,青岛双星,5.02,4.89,4.89,5.02,4.88,117398.0,58280000.0,122.64,41.0,-34.62,1.11,1.44,6697300,5042500.0,2026-08-10,16:14:09
000600,建投能源,8.67,8.74,8.73,8.78,8.58,294060.0,254780000.0,156.34,94.51,7.69,1.29,2.7,11364200,18041900.0,2026-08-10,16:14:06
000601,韶能股份,6.7,6.62,6.66,6.72,6.57,509205.0,339130000.0,71.29,70.32,71.61,1.73,4.85,26492500,24428000.0,2026-08-10,16:14:12
000603,盛达资源,37.12,34.43,34.52,37.78,34.38,1085237.0,3883550000.0,256.12,247.49,30.05,6.82,16.28,50920100,57603700.0,2026-08-10,16:14:09
000605,渤海股份,6.03,5.77,5.8,6.05,5.76,51921.0,30830000.0,21.27,21.27,233.77,0.99,1.47,3331800,1860300.0,2026-08-10,16:14:15
000607,华媒控股,3.66,3.59,3.6,3.67,3.55,120027.0,43540000.0,37.25,32.39,-10.73,3.13,1.36,6611200,5391500.0,2026-08-10,16:15:00
000608,阳光股份,7.68,7.18,7.23,7.73,7.12,340287.0,254250000.0,57.59,57.25,-25.54,2.8,4.56,20024900,14003800.0,2026-08-10,16:14:12
000609,*ST中迪,10.19,10.35,10.25,10.32,10.07,46175.0,47010000.0,30.5,29.66,-7.06,-9.59,1.59,2001100,2616400.0,2026-08-10,16:14:15
000610,*ST西旅,5.89,5.74,5.71,5.89,5.69,26846.0,15620000.0,13.94,13.87,-4.88,-17.18,1.14,1633500,1051100.0,2026-08-10,16:14:03
000612,焦作万方,11.68,11.5,11.69,11.73,11.51,353843.0,411860000.0,139.25,139.25,9.8,1.9,2.97,18036400,17348000.0,2026-08-10,16:14:51
000615,*ST美谷,3.37,3.44,3.39,3.41,3.34,70328.0,23740000.0,60.24,31.18,-9.74,3.68,0.76,2741000,4291700.0,2026-08-10,16:14:09
000617,中油资本,7.16,7.09,7.07,7.21,7.06,708123.0,506130000.0,905.17,905.17,19.71,0.86,0.56,37739300,33073100.0,2026-08-10,16:14:12
000619,海螺新材,4.82,4.64,4.65,4.83,4.64,67342.0,32080000.0,21.26,17.35,-24.42,0.86,1.87,3684800,3049400.0,2026-08-10,16:14:18
000620,盈新发展,2.76,2.78,2.79,2.82,2.71,1285669.0,353190000.0,162.06,128.94,-13.62,4.42,2.75,50475200,78091600.0,2026-08-10,16:14:54
000622,恒立退,0.15,0.15,0.0,0.0,0.0,0.0,0.0,0.64,0.64,-2.87,0.38,0.0,0,0.0,2026-08-10,09:00:00
000623,吉林敖东,18.28,18.13,18.19,18.54,18.18,150029.0,275240000.0,218.61,217.71,7.97,0.7,1.26,7789200,7213600.0,2026-08-10,16:14:06
000625,长安汽车,7.42,7.35,7.34,7.42,7.32,588633.0,435150000.0,735.54,613.43,23.94,0.97,0.71,33864600,24998800.0,2026-08-10,16:14:21
000626,远大控股,7.95,7.64,7.64,7.96,7.53,119298.0,92790000.0,40.28,40.05,-45.69,1.83,2.37,7056700,4873100.0,2026-08-10,16:14:15
000627,*ST天茂,1.58,1.58,0.0,0.0,0.0,0.0,0.0,77.49,71.35,-10.04,0.36,0.0,0,0.0,2026-08-10,09:00:00
000628,高新发展,38.99,39.01,38.78,39.37,38.07,68457.0,265170000.0,137.35,74.95,126.9,6.35,3.56,3503500,3342100.0,2026-08-10,16:14:18
000629,钒钛股份,3.2,3.13,3.15,3.21,3.14,1324225.0,420970000.0,297.31,297.29,388.35,2.4,1.43,74861800,57560700.0,2026-08-10,16:14:57
000630,铜陵有色,6.9,6.96,6.88,7.0,6.78,3893504.0,2680440000.0,925.25,768.87,35.18,2.51,3.49,191450300,197900100.0,2026-08-10,16:14:09
000631,顺发恒能,2.97,2.95,2.93,2.98,2.93,122645.0,36260000.0,68.31,68.31,147.5,1.25,0.53,6955200,5309300.0,2026-08-10,16:15:00
000632,ST三木,3.37,3.34,3.28,3.38,3.18,77710.0,25490000.0,15.69,15.69,-1.7,25.01,1.67,4052700,3718300.0,2026-08-10,16:14:21
000633,合金投资,5.35,5.16,5.17,5.36,5.13,89057.0,46900000.0,20.6,20.6,383.93,10.29,2.31,5422300,3483400.0,2026-08-10,16:14:03
000635,英 力 特,6.56,6.39,6.4,6.58,6.36,60160.0,39230000.0,25.86,24.06,-4.31,2.34,1.64,3719400,2296600.0,2026-08-10,16:14:06
000636,风华高科,61.7,58.29,57.77,63.96,54.33,2152326.0,12572540000.0,713.88,713.88,232.31,5.77,18.6,110519600,104713000.0,2026-08-10,16:14:18
000637,茂化实华,3.9,3.79,3.8,3.92,3.75,81263.0,31390000.0,20.28,14.22,-15.03,4.24,2.23,4939700,3186600.0,2026-08-10,16:14:09
000638,*ST万方,0.89,0.89,0.0,0.0,0.0,0.0,0.0,2.77,2.77,-5.27,3.26,0.0,0,0.0,2026-08-10,09:00:00
000639,ST西王,1.61,1.57,1.56,1.63,1.54,545690.0,86780000.0,17.38,17.38,-1.38,1.05,5.06,27171000,27398000.0,2026-08-10,16:14:24
000650,仁和药业,5.44,5.43,5.44,5.53,5.43,223158.0,122280000.0,76.16,72.43,20.62,1.22,1.68,10817100,11498700.0,2026-08-10,16:14:12
000651,格力电器,40.67,40.1,40.08,40.7,39.87,417269.0,1687830000.0,2278.09,2245.8,7.81,1.5,0.76,21741200,19985800.0,2026-08-10,16:14:24
000652,泰达股份,3.51,3.45,3.45,3.52,3.44,110631.0,38680000.0,51.22,51.18,-18.08,0.96,0.76,6772700,4290400.0,2026-08-10,16:14:27
000655,金岭矿业,7.06,6.93,6.9,7.08,6.9,73392.0,51560000.0,42.03,42.03,16.54,1.22,1.23,4383900,2955300.0,2026-08-10,16:14:27
000656,金科股份,1.29,1.17,1.17,1.29,1.17,3563669.0,440810000.0,136.59,97.88,0.44,3.48,4.7,227985900,128381000.0,2026-08-10,16:14:21
000657,中钨高新,72.8,67.01,69.0,73.68,66.38,1595134.0,11027810000.0,1658.82,1058.11,85.11,16.33,10.97,76110400,83403000.0,2026-08-10,16:14:24
000659,珠海中富,2.87,2.8,2.8,2.9,2.75,260448.0,73990000.0,36.9,36.9,-36.46,40.12,2.03,14548200,11496600.0,2026-08-10,16:14:12
000661,长春高新,83.0,80.51,80.9,83.73,80.5,133998.0,1105650000.0,338.59,331.68,-806.34,1.52,3.35,6888600,6511200.0,2026-08-10,16:14:30
000663,永安林业,5.6,5.38,5.38,5.62,5.32,61457.0,33970000.0,18.85,17.15,-21.28,2.07,2.01,3540400,2605300.0,2026-08-10,16:14:15
000665,湖北广电,4.02,3.95,3.96,4.02,3.92,116490.0,46390000.0,45.71,45.71,-4.16,1.43,1.02,6930800,4718200.0,2026-08-10,16:14:30
000668,荣丰控股,21.09,19.6,19.99,21.56,19.6,70895.0,147690000.0,30.97,30.97,110.35,4.28,4.83,3291100,3798400.0,2026-08-10,16:14:18
000669,ST金鸿,3.53,3.48,3.48,3.53,3.45,34310.0,11980000.0,24.02,24.02,54.54,39.5,0.5,1881400,1549700.0,2026-08-10,16:14:15
000670,盈方微,6.92,6.84,6.83,6.96,6.77,313670.0,215710000.0,58.54,57.47,-72.26,190.29,3.78,16522600,14844400.0,2026-08-10,16:14:21
000672,上峰材料,14.06,14.29,14.29,14.35,13.84,212928.0,298920000.0,136.3,136.3,23.12,1.58,2.2,8834700,12458100.0,2026-08-10,16:14:33
000676,智度股份,7.48,7.66,7.62,7.75,7.38,1564872.0,1174070000.0,94.23,94.18,65.77,2.2,12.43,67539700,88947400.0,2026-08-10,16:14:18
000677,ST海龙,1.73,1.7,1.69,1.76,1.66,408082.0,70070000.0,14.95,14.95,-329.28,2.91,4.72,22057600,18750700.0,2026-08-10,16:14:36
000678,襄阳轴承,8.96,8.82,8.88,8.98,8.65,81151.0,72100000.0,41.18,41.18,-75.57,5.29,1.77,4501300,3613800.0,2026-08-10,16:14:21
000679,大连友谊,6.08,5.9,5.9,6.1,5.86,61208.0,36870000.0,21.67,21.67,-22.36,14.98,1.72,3241000,2879800.0,2026-08-10,16:14:33
000680,山推股份,11.4,11.19,11.21,11.43,11.05,277652.0,312710000.0,171.02,149.87,13.48,2.7,2.11,12915800,14849400.0,2026-08-10,16:14:24
000681,视觉中国,18.36,18.4,18.32,18.5,17.95,215428.0,392900000.0,128.63,124.14,42.31,3.36,3.19,10429400,11113400.0,2026-08-10,16:14:24
000682,东方电子,12.21,12.19,12.25,12.28,12.12,124128.0,151460000.0,163.7,163.69,15.94,2.69,0.93,5525900,6887000.0,2026-08-10,16:14:27
000683,博源化工,6.13,6.07,6.1,6.22,6.08,716940.0,441190000.0,227.84,204.65,22.05,1.85,2.15,34305800,37388200.0,2026-08-10,16:14:27
000685,中山公用,11.26,11.04,11.06,11.36,11.02,215544.0,241390000.0,165.27,140.37,7.66,0.89,1.73,13167900,8386500.0,2026-08-10,16:14:30
000686,东北证券,8.08,8.06,8.07,8.14,8.04,163372.0,132140000.0,189.11,189.11,11.4,0.93,0.7,7336200,9001000.0,2026-08-10,16:14:33
000688,国城矿业,32.16,31.34,31.44,32.65,31.41,241072.0,773890000.0,381.12,381.12,55.51,13.39,2.03,11261200,12846000.0,2026-08-10,16:14:36
000690,宝新能源,4.86,4.8,4.79,4.87,4.78,454100.0,219230000.0,105.75,105.68,10.22,0.84,2.09,24031800,21378200.0,2026-08-10,16:14:36
000691,亚太实业,10.03,9.83,9.91,10.15,9.81,87667.0,87670000.0,48.64,32.42,-210.04,10.69,2.71,4859200,3907500.0,2026-08-10,16:14:27
000692,惠天热电,4.13,4.33,4.1,4.25,4.05,429615.0,177150000.0,22.01,22.01,67.09,11.87,8.06,19645900,23315600.0,2026-08-10,16:14:39
000695,滨海能源,12.73,12.69,12.6,12.81,12.4,59167.0,74660000.0,29.5,28.24,-38.19,8.49,2.67,3013500,2903200.0,2026-08-10,16:14:30
000697,炼石航空,9.01,8.61,8.63,9.03,8.56,113491.0,100680000.0,125.79,58.84,-27.17,3.73,1.74,6671800,4677300.0,2026-08-10,16:14:39
000698,ST沈化,3.47,3.42,3.41,3.49,3.4,31361.0,10820000.0,28.44,27.26,-81.19,2.05,0.4,1739900,1396200.0,2026-08-10,16:14:42
000700,模塑科技,11.49,11.78,11.9,11.97,11.32,373657.0,428760000.0,105.48,105.48,21.22,2.66,4.07,15053400,22312300.0,2026-08-10,16:14:33
000701,厦门信达,5.1,4.94,4.95,5.1,4.91,120776.0,60810000.0,34.08,34.06,190.0,-5.56,1.81,7293000,4784600.0,2026-08-10,16:14:39
000702,正虹科技,5.49,5.27,5.29,5.52,5.17,100558.0,54600000.0,19.03,19.03,-106.6,5.74,2.9,5500100,4555700.0,2026-08-10,16:14:36
000703,恒逸石化,18.18,17.71,17.91,19.3,17.61,1134646.0,2074410000.0,694.76,691.27,31.56,2.64,2.98,51656600,61808000.0,2026-08-10,16:14:30
000705,浙江震元,6.92,6.71,6.71,6.99,6.69,78860.0,54360000.0,23.12,19.51,-66.06,1.19,2.8,4204500,3681500.0,2026-08-10,16:14:45
000707,双环科技,4.6,4.45,4.48,4.61,4.45,89270.0,40700000.0,26.9,25.33,-24.39,0.97,1.62,5637200,3289800.0,2026-08-10,16:14:42
000708,中信特钢,13.93,13.89,13.9,14.14,13.86,146264.0,204470000.0,703.07,703.07,11.61,1.66,0.29,5336200,9290100.0,2026-08-10,16:14:45
000709,河钢股份,2.15,2.13,2.12,2.16,2.12,748587.0,160100000.0,222.25,222.21,20.34,0.43,0.72,41848300,33010400.0,2026-08-10,16:14:42
000710,贝瑞基因,9.99,9.08,9.2,9.99,9.02,210587.0,205480000.0,35.32,32.92,-16.81,2.43,6.39,7830000,13228700.0,2026-08-10,16:14:45
000711,ST京蓝,5.78,5.57,5.62,5.85,5.53,1196701.0,679330000.0,170.68,137.64,-90.39,25.78,5.03,59099400,60570800.0,2026-08-10,16:14:39
000712,锦龙股份,9.38,9.4,9.41,9.44,9.27,280766.0,262770000.0,84.04,84.02,23.12,3.15,3.13,12802000,15274600.0,2026-08-10,16:14:48
000713,国投丰乐,5.87,5.76,5.75,5.91,5.75,78365.0,45940000.0,46.86,36.04,78.28,1.51,1.28,5528900,2307700.0,2026-08-10,16:14:33
000715,中兴商业,4.96,4.8,4.83,4.98,4.81,108633.0,53450000.0,26.81,24.12,23.42,1.34,2.23,7602100,3261200.0,2026-08-10,16:14:48
000716,黑芝麻,4.83,4.7,4.68,4.84,4.66,180855.0,86490000.0,36.36,35.54,-211.82,1.44,2.46,12076100,6009500.0,2026-08-10,16:14:48
000717,中南股份,2.27,2.23,2.23,2.27,2.22,152080.0,34210000.0,55.02,55.01,-5.1,0.82,0.63,9809300,5398700.0,2026-08-10,16:14:36
000718,苏宁环球,1.9,1.86,1.87,1.91,1.86,273805.0,51900000.0,57.66,43.35,-246.76,0.63,1.2,16946100,10434300.0,2026-08-10,16:14:42
000719,中原传媒,12.36,12.13,12.13,12.49,12.08,43232.0,53350000.0,126.47,82.46,9.19,1.08,0.65,1975400,2347800.0,2026-08-10,16:14:51
000720,新能泰山,3.69,3.71,3.69,3.74,3.61,652345.0,239040000.0,46.37,46.37,-9.32,2.46,5.19,30638300,34596200.0,2026-08-10,16:14:39
000721,西安饮食,6.75,6.47,6.48,6.79,6.42,229315.0,153170000.0,38.74,34.58,-26.48,30.54,4.48,13795300,9136200.0,2026-08-10,16:14:45
000722,湖南发展,13.81,13.56,13.53,13.82,13.45,188560.0,258280000.0,78.9,64.1,97.44,1.98,4.06,9763400,9092600.0,2026-08-10,16:14:51
000723,美锦能源,3.58,3.52,3.5,3.59,3.48,540948.0,192460000.0,157.65,157.35,-14.32,1.28,1.23,30815300,23279500.0,2026-08-10,16:14:48
000725,京东方Ａ,5.89,6.07,6.08,6.1,5.81,17777610.0,10474640000.0,2181.91,2083.12,36.67,1.63,5.03,668088600,1109672400.0,2026-08-10,16:14:51
000726,鲁  泰Ａ,6.0,5.9,5.89,6.03,5.87,62684.0,37500000.0,49.05,35.36,9.1,0.51,1.06,4120800,2147600.0,2026-08-10,16:14:42
000727,冠捷科技,2.25,2.23,2.24,2.26,2.19,757733.0,169180000.0,101.92,101.92,-11.36,5.65,1.67,41748000,34025300.0,2026-08-10,16:14:54
000728,国元证券,7.22,7.21,7.21,7.26,7.21,147723.0,106770000.0,315.06,315.06,13.54,0.82,0.34,6628500,8143800.0,2026-08-10,16:14:45
000729,燕京啤酒,12.8,12.65,12.5,12.9,12.48,247053.0,315760000.0,360.77,321.23,20.28,2.38,0.98,13471000,11234300.0,2026-08-10,16:14:54
000731,四川美丰,5.89,5.72,5.71,5.9,5.7,82867.0,48410000.0,32.33,32.33,-22.82,0.85,1.51,5087700,3199000.0,2026-08-10,16:14:57
000733,振华科技,41.48,41.55,41.62,41.66,40.66,129926.0,534300000.0,229.87,229.84,23.39,1.48,2.34,6332100,6660600.0,2026-08-10,16:14:57
000735,罗 牛 山,5.32,5.12,5.2,5.33,5.15,338198.0,178080000.0,61.26,61.23,-301.99,1.48,2.94,21536000,12283800.0,2026-08-10,16:14:48
000736,中交发展,4.5,4.36,4.36,4.61,4.34,176682.0,79260000.0,33.62,33.62,-2.77,2.77,2.36,10137800,7530400.0,2026-08-10,16:14:54
000737,北方铜业,14.51,14.64,14.55,14.62,14.32,740761.0,1072100000.0,276.37,276.35,26.71,3.86,3.89,34837900,39238200.0,2026-08-10,16:14:51
000738,航发控制,18.74,18.43,18.48,18.8,18.4,177779.0,330850000.0,246.47,246.47,78.44,1.97,1.35,9320300,8457600.0,2026-08-10,16:15:00
000739,普洛药业,23.25,23.41,24.37,24.85,22.92,622827.0,1488080000.0,269.34,269.23,30.22,4.28,5.38,30636100,31646600.0,2026-08-10,16:14:57
000750,国海证券,3.8,3.79,3.79,3.83,3.78,321431.0,122320000.0,242.67,220.26,29.39,1.07,0.55,17039200,15103900.0,2026-08-10,16:14:03
000751,锌业股份,5.29,5.3,5.28,5.34,5.15,972351.0,508580000.0,85.47,85.47,75.38,2.32,6.02,44579700,52655400.0,2026-08-10,16:15:00
000752,*ST西发,9.18,8.91,8.92,9.25,8.83,42161.0,38450000.0,24.21,24.21,16.74,3.9,1.6,2467600,1748500.0,2026-08-10,16:15:00
000753,漳州发展,4.85,4.76,4.76,4.86,4.72,151636.0,73090000.0,48.09,48.09,71.23,1.76,1.53,8658300,6505300.0,2026-08-10,16:14:06
000755,山西高速,4.73,4.6,4.6,4.74,4.6,61744.0,28990000.0,69.4,69.4,14.76,1.3,0.42,3809000,2365400.0,2026-08-10,16:14:09
000756,新华制药,14.13,14.2,14.2,14.39,14.06,158284.0,224910000.0,98.44,70.49,37.62,1.88,3.17,7382600,8445800.0,2026-08-10,16:14:12
000757,浩物股份,4.31,4.08,4.08,4.36,4.02,202192.0,85720000.0,22.96,22.96,47.99,1.43,3.8,10782200,9437000.0,2026-08-10,16:14:03
000758,中色股份,6.32,6.25,6.28,6.35,6.21,365467.0,229600000.0,125.8,125.31,25.79,2.05,1.84,19237600,17309100.0,2026-08-10,16:14:03
000759,中百集团,6.99,6.94,6.88,7.06,6.88,782742.0,545820000.0,46.31,45.83,-4.85,6.4,11.94,38771000,39503200.0,2026-08-10,16:14:06
000761,本钢板材,2.33,2.29,2.3,2.35,2.29,121183.0,28190000.0,95.73,86.41,-2.25,1.62,0.33,6638400,5479900.0,2026-08-10,16:14:06
000762,西藏矿业,24.32,23.93,24.41,24.5,23.98,196545.0,477230000.0,126.66,126.66,5720.08,4.3,3.77,9314900,10339700.0,2026-08-10,16:14:51
000766,通化金马,17.31,17.08,17.18,17.49,16.89,195699.0,337700000.0,167.3,167.22,525.56,7.21,2.03,9973300,9596700.0,2026-08-10,16:14:54
000767,晋控电力,3.87,3.85,3.85,3.88,3.72,1594879.0,607820000.0,119.08,112.7,60.04,1.97,5.48,77679800,81808100.0,2026-08-10,16:14:09
000768,中航西飞,21.54,20.74,20.73,21.64,20.65,376683.0,798450000.0,598.94,598.04,54.02,2.71,1.36,24389200,13279000.0,2026-08-10,16:14:54
000776,广发证券,20.92,20.94,20.95,21.14,20.8,417993.0,874770000.0,1636.96,1235.13,10.46,1.22,0.71,18093800,23705500.0,2026-08-10,16:14:57
000777,中核科技,17.91,17.75,17.71,17.97,17.62,76501.0,136490000.0,68.67,68.67,43.63,2.85,2.0,3649100,4001100.0,2026-08-10,16:14:57
000778,新兴铸管,3.8,3.75,3.78,3.82,3.76,483755.0,183580000.0,150.6,147.95,14.95,0.57,1.24,25096600,23278900.0,2026-08-10,16:14:15
000779,甘咨询,11.57,12.85,11.57,11.57,11.57,26350.0,30490000.0,53.78,53.77,35.33,1.36,0.57,2634800,200.0,2026-08-10,16:14:18
000782,恒申新材,7.97,7.64,7.69,8.02,7.53,247286.0,193770000.0,54.72,42.09,-34.2,3.38,4.68,14733100,9995600.0,2026-08-10,16:14:21
000783,长江证券,9.02,9.04,9.05,9.1,8.92,869311.0,781000000.0,498.81,498.81,11.87,1.42,1.57,38640100,48291000.0,2026-08-10,16:14:24
000785,居然智家,2.28,2.23,2.23,2.3,2.22,479563.0,108780000.0,141.98,132.34,-12.36,0.74,0.83,29021000,18935300.0,2026-08-10,16:15:00
000786,北新建材,18.39,18.19,18.22,18.5,18.05,208189.0,382350000.0,313.04,310.7,10.92,1.17,1.23,9861700,10957200.0,2026-08-10,16:14:27
000788,北大医药,5.48,5.4,5.4,5.55,5.39,226015.0,123670000.0,32.66,32.66,50.84,2.19,3.79,11855200,10746300.0,2026-08-10,16:14:09
000789,万年青,4.16,4.06,4.06,4.17,4.04,49468.0,20450000.0,33.17,33.17,-125.09,0.52,0.62,3332500,1614300.0,2026-08-10,16:15:00
000790,华神科技,4.05,3.89,3.88,4.08,3.86,239704.0,95710000.0,25.26,25.22,-8.33,3.52,3.85,13943500,10026900.0,2026-08-10,16:14:12
000791,甘肃能源,7.94,7.82,7.82,8.01,7.76,271174.0,213660000.0,257.56,153.69,12.51,1.74,1.4,15162400,11955100.0,2026-08-10,16:14:30
000792,盐湖股份,29.5,28.8,29.1,30.08,29.09,706587.0,2089560000.0,1561.01,1561.0,15.13,3.49,1.34,35046300,35612400.0,2026-08-10,16:14:15
000793,ST华闻,2.21,2.22,2.2,2.22,2.19,100181.0,22030000.0,97.11,58.89,-63.17,317.2,0.38,3917700,6100400.0,2026-08-10,16:14:03
000795,英洛华,8.74,8.72,8.71,8.78,8.6,153725.0,133830000.0,97.56,97.56,38.95,3.96,1.38,7209300,8163200.0,2026-08-10,16:14:33
000796,凯撒旅业,3.94,3.86,3.86,3.94,3.84,287834.0,112380000.0,63.19,52.43,178.78,6.96,2.16,16290000,12493400.0,2026-08-10,16:14:03
000797,中国武夷,2.43,2.36,2.38,2.44,2.36,248109.0,59820000.0,38.17,38.16,-7.61,0.82,1.58,16025600,8785300.0,2026-08-10,16:14:18
000798,中水渔业,8.43,8.07,8.05,8.59,8.04,120832.0,101120000.0,30.84,30.84,41.87,7.61,3.3,6914700,5168500.0,2026-08-10,16:14:06
000799,酒鬼酒,41.58,41.52,41.56,42.1,41.44,137384.0,573440000.0,135.11,135.09,-415.91,3.68,4.23,6440700,7297600.0,2026-08-10,16:14:36
000800,一汽解放,6.22,6.17,6.16,6.27,6.14,162238.0,101000000.0,306.1,306.08,38.51,1.17,0.33,9258700,6965100.0,2026-08-10,16:14:21
000801,四川九洲,11.61,11.38,11.37,11.63,11.29,117897.0,135730000.0,118.0,117.95,68.56,3.81,1.16,6058300,5731400.0,2026-08-10,16:14:24
000802,北京文化,4.7,4.27,4.7,4.7,4.5,1021879.0,479990000.0,33.65,33.63,-16.03,5.51,14.28,3585900,98602000.0,2026-08-10,16:14:09
000803,山高环能,7.17,7.09,7.09,7.22,7.02,76353.0,54700000.0,33.43,32.97,73.04,2.24,1.66,4889200,2746100.0,2026-08-10,16:14:39
000807,云铝股份,27.85,27.13,27.5,28.16,27.37,903048.0,2505520000.0,965.83,965.82,11.13,2.81,2.6,46632300,43672500.0,2026-08-10,16:14:06
000809,和展能源,3.44,3.36,3.36,3.46,3.34,135937.0,46300000.0,28.37,28.37,-64.53,1.07,1.65,8694200,4899500.0,2026-08-10,16:14:12
000810,创维数字,9.63,9.67,9.71,9.77,9.48,163725.0,157060000.0,110.76,106.95,43.03,1.71,1.47,6818100,9554300.0,2026-08-10,16:14:42
000811,冰轮环境,42.48,42.28,43.93,44.4,40.71,408828.0,1721110000.0,421.6,415.62,71.72,6.55,4.18,19129400,21753400.0,2026-08-10,16:14:12
000812,陕西金叶,3.66,3.45,3.45,3.78,3.44,415993.0,150450000.0,27.68,27.67,-11.83,1.85,5.5,24615800,16983500.0,2026-08-10,16:14:15
000813,德展健康,3.5,3.43,3.45,3.5,3.41,373391.0,129300000.0,73.4,73.39,-20.52,1.6,1.78,18580600,18758500.0,2026-08-10,16:14:09
000815,美利云,18.22,18.03,18.03,18.89,18.0,1092623.0,2005040000.0,126.68,126.68,162.68,9.0,15.72,53718400,55543900.0,2026-08-10,16:14:15
000816,智慧农业,2.75,2.65,2.65,2.76,2.64,352008.0,95840000.0,39.79,39.59,-53.39,2.04,2.45,22356900,12843900.0,2026-08-10,16:14:18
000818,航锦科技,13.82,13.49,13.59,13.88,13.44,211423.0,290050000.0,91.21,90.96,-64.19,4.17,3.21,11501900,9640400.0,2026-08-10,16:14:21
000819,岳阳兴长,12.05,11.93,11.94,12.15,11.85,42093.0,50640000.0,44.53,44.11,-70.81,2.14,1.15,2228900,1980400.0,2026-08-10,16:14:18
000820,神雾节能,3.86,3.76,3.68,3.87,3.6,529818.0,198870000.0,24.96,11.46,-39.42,29.02,17.84,28711500,24270300.0,2026-08-10,16:14:24
000821,ST京机,7.27,7.27,7.29,7.31,7.19,48253.0,34990000.0,45.28,43.96,35.93,1.09,0.8,2112600,2712700.0,2026-08-10,16:14:45
000822,山东海化,4.35,4.26,4.26,4.37,4.26,122589.0,53080000.0,38.94,38.94,-2.78,1.04,1.37,7511900,4747000.0,2026-08-10,16:14:27
000823,超声电子,14.92,15.14,15.29,15.4,14.49,694955.0,1029620000.0,88.77,88.76,41.54,1.9,11.68,31843900,37651600.0,2026-08-10,16:14:27
000825,太钢不锈,3.56,3.54,3.54,3.57,3.51,352136.0,124840000.0,202.79,202.79,-174.46,0.62,0.62,13480400,21733200.0,2026-08-10,16:14:30
000826,*ST启环,1.82,1.76,1.78,1.85,1.73,284506.0,50940000.0,25.94,25.94,-0.84,-1.04,2.0,14436100,14014500.0,2026-08-10,16:14:30
000828,东莞控股,9.99,9.94,9.94,10.05,9.9,61483.0,61380000.0,103.85,103.85,11.68,1.02,0.59,3334000,2814300.0,2026-08-10,16:14:33
000829,天音控股,8.43,8.31,8.37,8.51,8.17,229851.0,192460000.0,86.42,86.33,-469.9,2.98,2.24,11719000,11266100.0,2026-08-10,16:14:12
000830,鲁西化工,12.9,12.77,12.73,13.18,12.72,373897.0,484420000.0,245.66,245.64,26.36,1.29,1.96,19088900,18300800.0,2026-08-10,16:14:21
000831,中国稀土,58.36,57.19,57.22,58.58,55.8,900466.0,5192020000.0,619.33,619.33,249.91,12.31,8.49,48086800,41959800.0,2026-08-10,16:14:36
000833,粤桂股份,20.59,20.22,20.25,20.67,20.07,262316.0,533690000.0,165.15,93.42,28.53,4.12,5.78,12647600,13584000.0,2026-08-10,16:14:48
000837,秦川机床,10.48,10.06,10.09,11.06,9.95,423921.0,445840000.0,107.23,105.58,215.86,2.18,4.21,23376900,19015200.0,2026-08-10,16:14:39
000838,*ST发展,2.47,2.5,2.75,2.75,2.47,1259655.0,334730000.0,27.18,26.03,-4.24,-12.67,11.95,43912900,82052600.0,2026-08-10,16:14:42
000839,国安股份,2.96,2.91,2.89,2.96,2.83,1182881.0,342380000.0,116.03,116.03,132.56,7.47,3.02,67060200,51227900.0,2026-08-10,16:14:15
000848,承德露露,8.97,8.79,8.76,9.06,8.69,184888.0,165840000.0,91.49,90.7,13.86,2.86,1.83,9785700,8703200.0,2026-08-10,16:14:33
000850,华茂股份,4.12,4.04,4.04,4.14,4.0,121854.0,49890000.0,38.88,38.87,78.71,0.89,1.29,7669400,4516000.0,2026-08-10,16:14:18
000851,*ST高鸿,0.38,0.38,0.0,0.0,0.0,0.0,0.0,4.4,4.3,-0.64,2.91,0.0,0,0.0,2026-08-10,09:00:00
000852,石化机械,5.32,5.27,5.27,5.35,5.24,100738.0,53420000.0,50.85,50.55,-3668.41,1.63,1.06,5915800,4158000.0,2026-08-10,16:14:24
000856,冀东装备,8.04,7.84,7.86,8.06,7.77,43798.0,34880000.0,18.25,18.25,149.22,4.46,1.93,2578500,1801300.0,2026-08-10,16:14:27
000858,五 粮 液,76.19,75.11,75.32,76.7,75.27,450511.0,3430640000.0,2957.4,2957.33,23.47,2.51,1.16,23681200,21369800.0,2026-08-10,16:14:36
000859,国风新材,9.53,8.66,8.66,9.53,8.4,723759.0,657410000.0,85.39,85.38,-122.11,3.17,8.08,34261900,38114000.0,2026-08-10,16:14:30
000860,顺鑫农业,10.98,10.78,10.86,11.03,10.8,123764.0,135430000.0,81.45,81.45,-25.53,1.19,1.67,5840500,6535900.0,2026-08-10,16:14:39
000862,银星能源,5.92,5.54,5.52,5.92,5.5,598199.0,345420000.0,54.34,37.18,198.52,1.25,9.53,37947800,21872100.0,2026-08-10,16:14:42
000863,三湘印象,4.24,4.0,4.0,4.28,3.99,246163.0,102250000.0,50.06,49.32,-32.41,1.15,2.12,14511700,10104600.0,2026-08-10,16:14:45
000868,安凯客车,3.64,3.58,3.58,3.66,3.56,94852.0,34410000.0,34.2,34.2,-59.21,4.26,1.01,5929500,3555700.0,2026-08-10,16:14:45
000869,张  裕Ａ,17.56,17.54,17.5,17.85,17.37,21681.0,38280000.0,115.41,79.92,190.7,1.12,0.48,985700,1182400.0,2026-08-10,16:14:33
000875,电投绿能,5.19,5.18,5.18,5.23,5.15,354569.0,184160000.0,188.26,173.47,113.5,1.07,1.06,16633700,18823200.0,2026-08-10,16:14:48
000876,新 希 望,7.15,6.92,6.92,7.15,6.91,536915.0,380400000.0,321.95,321.75,-10.3,1.71,1.19,35113000,18578400.0,2026-08-10,16:14:21
000877,天山股份,3.87,3.79,3.8,3.88,3.78,162664.0,62700000.0,275.18,275.18,-3.77,0.37,0.23,10297100,5969300.0,2026-08-10,16:14:51
000878,云南铜业,17.16,17.22,17.15,17.24,16.88,559543.0,955160000.0,416.16,343.82,30.8,2.33,2.79,27740800,28213600.0,2026-08-10,16:14:48
000880,潍柴重机,23.76,23.05,23.19,23.91,22.82,126993.0,296850000.0,110.21,53.94,41.79,5.11,5.59,6447900,6251300.0,2026-08-10,16:14:51
000881,中广核技,6.67,6.43,6.44,6.81,6.4,195010.0,129740000.0,63.06,60.28,-22.45,1.27,2.16,12208400,7292600.0,2026-08-10,16:14:51
000882,华联股份,1.43,1.41,1.41,1.44,1.4,508450.0,72500000.0,39.14,39.12,-11.7,0.6,1.86,31308900,19536100.0,2026-08-10,16:14:54
000883,湖北能源,4.64,4.62,4.64,4.68,4.6,243293.0,112970000.0,328.48,300.65,15.95,0.89,0.38,11727500,12601800.0,2026-08-10,16:14:36
000885,城发环境,12.97,12.86,12.82,13.04,12.82,41623.0,53940000.0,83.28,83.28,6.52,0.87,0.65,2360000,1802300.0,2026-08-10,16:14:54
000886,海南高速,4.6,4.53,4.53,4.61,4.51,126924.0,58120000.0,45.49,44.98,31.42,1.43,1.3,7195000,5497400.0,2026-08-10,16:14:24
000887,中鼎股份,19.27,19.33,19.4,19.55,19.01,228869.0,439890000.0,253.69,253.28,16.81,1.75,1.74,11330900,11556100.0,2026-08-10,16:14:57
000888,峨眉山Ａ,9.85,9.64,9.6,9.87,9.6,82205.0,80560000.0,51.9,51.9,23.56,1.96,1.56,5024300,3196200.0,2026-08-10,16:14:39
000889,中嘉博创,4.0,3.98,3.93,4.02,3.85,529694.0,208900000.0,37.45,34.79,-148.49,53.92,6.09,27698600,25270800.0,2026-08-10,16:14:27
000890,法尔胜,7.58,7.37,7.36,7.59,7.24,137712.0,102480000.0,31.8,31.8,-41.78,162.67,3.28,7355900,6415300.0,2026-08-10,16:14:30
000892,欢瑞世纪,4.18,4.16,4.18,4.24,3.99,871925.0,360350000.0,41.0,29.71,-14.23,6.79,12.27,43953300,43239200.0,2026-08-10,16:14:33
000893,亚钾国际,48.16,48.23,47.93,49.2,47.71,119046.0,576180000.0,445.02,390.97,24.44,3.23,1.47,5113200,6791300.0,2026-08-10,16:14:42
000895,双汇发展,24.95,24.27,24.17,25.04,23.98,213290.0,526690000.0,864.43,864.32,16.44,4.35,0.62,12144200,9184800.0,2026-08-10,16:14:36
000897,津滨发展,1.77,1.73,1.73,1.78,1.72,395301.0,69560000.0,28.63,28.63,-49.08,0.95,2.44,26779500,12750500.0,2026-08-10,16:14:57
000898,鞍钢股份,2.04,2.02,2.02,2.05,2.01,355377.0,72270000.0,191.13,162.33,-3.84,0.45,0.45,20635000,14902700.0,2026-08-10,16:15:00
000899,赣能股份,11.04,10.92,10.92,11.06,10.84,154152.0,169190000.0,107.71,107.71,10.61,1.77,1.58,7713000,7702200.0,2026-08-10,16:14:39
000900,现代投资,3.7,3.66,3.65,3.72,3.65,115435.0,42670000.0,56.16,56.16,14.24,0.51,0.76,7266400,4277100.0,2026-08-10,16:14:45
000901,航天科技,15.27,15.06,15.13,15.38,14.7,216882.0,327160000.0,121.89,121.88,137.07,2.87,2.72,11243400,10444800.0,2026-08-10,16:15:00
000902,新洋丰,13.53,13.4,13.41,13.78,13.35,114972.0,156190000.0,169.77,154.62,10.64,1.41,1.01,5280700,6216400.0,2026-08-10,16:14:03
000903,ST云动,1.85,1.87,1.86,1.87,1.83,138227.0,25460000.0,35.79,35.52,-3.57,5.82,0.72,4958300,8864400.0,2026-08-10,16:14:06
000905,厦门港务,8.79,8.54,8.55,8.8,8.49,96961.0,84400000.0,135.57,65.2,66.07,1.49,1.31,5413000,4283100.0,2026-08-10,16:14:09
000906,浙商中拓,5.52,5.42,5.42,5.54,5.39,62967.0,34590000.0,39.17,38.71,18.03,0.81,0.9,3803700,2493000.0,2026-08-10,16:14:03
000908,石药景峰,6.95,6.97,6.91,7.15,6.79,470634.0,327650000.0,122.29,61.14,-187.21,5.86,5.35,22123000,24940500.0,2026-08-10,16:14:42
000909,*ST数源,4.32,4.47,4.48,4.48,4.3,35282.0,15360000.0,18.91,18.91,-4.36,3.09,0.81,1398400,2129800.0,2026-08-10,16:14:48
000910,大亚圣象,5.41,5.25,5.26,5.42,5.22,51900.0,27860000.0,29.61,29.6,-213.11,0.46,0.95,3046900,2143100.0,2026-08-10,16:14:06
000911,*ST广糖,4.95,4.55,4.62,4.95,4.57,99374.0,47510000.0,19.82,19.82,-13.62,-24.07,2.48,6389900,3547400.0,2026-08-10,16:14:09
000912,泸天化,3.79,3.62,3.61,3.82,3.59,387339.0,144870000.0,59.43,59.43,-2918.24,0.94,2.47,25267800,13466100.0,2026-08-10,16:14:51
000913,钱江摩托,11.55,11.48,11.51,11.64,11.4,37309.0,43130000.0,60.8,60.07,7.14,1.21,0.72,1738400,1992500.0,2026-08-10,16:14:12
000915,华特达因,26.17,25.82,25.88,26.26,25.8,31555.0,82370000.0,61.32,61.29,13.24,2.45,1.35,1667800,1487700.0,2026-08-10,16:14:15
000917,电广传媒,7.14,7.18,7.21,7.23,7.06,220377.0,157450000.0,101.21,101.21,240.89,0.99,1.55,10131600,11906100.0,2026-08-10,16:14:54
000919,金陵药业,6.58,6.45,6.49,6.6,6.48,164952.0,108130000.0,40.92,40.91,69.44,1.09,2.65,8855400,7639800.0,2026-08-10,16:14:12
000920,沃顿科技,11.67,11.6,11.51,11.68,11.46,80188.0,92810000.0,55.15,55.15,25.05,2.85,1.7,4046200,3972600.0,2026-08-10,16:14:45
000921,海信家电,26.8,26.45,26.45,27.1,26.13,74212.0,198740000.0,371.14,247.57,12.0,2.01,0.8,3863700,3557500.0,2026-08-10,16:14:15
000922,佳电股份,11.98,11.84,11.78,12.0,11.76,97177.0,115290000.0,99.91,84.45,35.76,2.17,1.38,4188800,5528900.0,2026-08-10,16:14:54
000923,河钢资源,15.32,14.72,14.8,15.43,14.62,220579.0,334230000.0,100.0,96.19,21.55,1.04,3.51,12687200,9370700.0,2026-08-10,16:14:57
000925,众合科技,7.77,7.62,7.64,7.8,7.45,207456.0,159390000.0,52.55,52.15,-115.54,1.64,3.09,10857500,9888100.0,2026-08-10,16:14:18
000926,福星股份,2.19,2.16,2.16,2.2,2.14,224417.0,48840000.0,34.89,34.45,-0.84,0.67,1.43,12394300,10047500.0,2026-08-10,16:14:48
000927,中国铁物,2.47,2.44,2.44,2.49,2.43,431730.0,106500000.0,149.44,149.44,29.86,1.56,0.71,26039500,17133500.0,2026-08-10,16:14:57
000928,中钢国际,5.14,5.07,5.07,5.16,5.03,163669.0,83720000.0,73.74,73.74,16.83,0.89,1.14,8635900,7731000.0,2026-08-10,16:14:21
000929,兰州黄河,9.02,8.91,8.92,9.02,8.76,35044.0,31230000.0,16.76,16.76,-14.59,4.8,1.89,1539300,1965100.0,2026-08-10,16:15:00
000930,中粮科技,4.79,4.71,4.71,4.82,4.69,200151.0,95670000.0,88.92,88.92,-71.94,0.86,1.08,11349300,8665800.0,2026-08-10,16:14:18
000931,中 关 村,4.22,4.14,4.13,4.26,4.13,91811.0,38680000.0,31.78,31.69,200.21,1.98,1.22,5216100,3965000.0,2026-08-10,16:14:03
000932,华菱钢铁,3.73,3.73,3.72,3.77,3.71,786707.0,294060000.0,255.6,255.6,11.38,0.47,1.15,36962700,41708000.0,2026-08-10,16:14:21
000933,神火股份,27.34,26.83,27.04,27.75,26.86,588726.0,1605850000.0,614.88,614.49,8.93,2.22,2.62,28387900,30484700.0,2026-08-10,16:14:51
000935,四川双马,22.94,22.18,21.9,23.01,21.71,77076.0,173660000.0,175.13,175.13,72.81,2.24,1.01,4179400,3528300.0,2026-08-10,16:14:54
000936,华西股份,5.28,5.19,5.22,5.29,5.19,103436.0,54330000.0,46.78,46.77,263.34,0.92,1.17,5825400,4518200.0,2026-08-10,16:14:24
000937,冀中能源,4.74,4.68,4.68,4.78,4.65,189171.0,89690000.0,184.24,179.02,45.48,0.97,0.5,10738900,8178200.0,2026-08-10,16:14:57
000938,紫光股份,37.63,38.0,37.62,38.07,36.6,1940834.0,7215390000.0,1076.25,1076.25,50.65,7.02,6.79,88793300,105290100.0,2026-08-10,16:14:27
000948,南天信息,15.21,14.8,14.95,15.31,14.74,207300.0,313000000.0,59.3,59.19,138.31,2.2,5.33,11151300,9578600.0,2026-08-10,16:14:06
000949,新乡化纤,6.65,6.56,6.6,6.78,6.52,334681.0,222620000.0,110.18,110.16,38.48,1.63,2.02,17176200,16291900.0,2026-08-10,16:14:30
000950,重药控股,5.51,5.43,5.43,5.59,5.41,397873.0,220050000.0,94.37,94.37,21.84,0.82,2.32,21392400,18394900.0,2026-08-10,16:14:09
000951,中国重汽,21.79,21.57,21.56,21.97,21.5,111184.0,241470000.0,254.72,254.72,14.07,1.6,0.95,5896500,5221900.0,2026-08-10,16:15:00
000952,广济药业,6.19,6.05,6.08,6.21,6.02,74617.0,45830000.0,21.29,21.29,-5.33,3.47,2.17,3885900,3575800.0,2026-08-10,16:15:00
000953,中哲精化,6.1,5.72,5.7,6.12,5.68,169788.0,101600000.0,22.33,22.33,365.13,14.47,4.64,10078000,6900900.0,2026-08-10,16:14:03
000955,欣龙控股,4.38,4.21,4.23,4.42,4.16,138247.0,59590000.0,23.58,23.58,2633.68,3.64,2.57,7534800,6289900.0,2026-08-10,16:14:12
000957,中通客车,10.36,10.2,10.16,10.36,10.11,88999.0,91510000.0,61.42,61.42,16.05,1.92,1.5,5178700,3721200.0,2026-08-10,16:14:06
000958,电投产融,5.48,5.47,5.47,5.5,5.45,132169.0,72410000.0,1003.75,295.01,30.45,2.0,0.25,5493500,7723400.0,2026-08-10,16:14:09
000959,首钢股份,3.71,3.72,3.74,3.8,3.7,313922.0,117230000.0,287.71,276.45,34.24,0.58,0.42,15124800,16267500.0,2026-08-10,16:14:24
000960,锡业股份,40.5,40.34,40.3,40.95,39.56,675729.0,2714180000.0,666.4,666.4,28.55,3.28,4.11,35460100,32112800.0,2026-08-10,16:14:33
000962,东方钽业,57.45,55.18,56.69,58.48,54.55,503373.0,2831060000.0,303.03,289.08,118.32,7.68,10.0,24211100,26126200.0,2026-08-10,16:14:03
000963,华东医药,29.63,28.99,29.74,30.29,29.41,451153.0,1346350000.0,519.63,519.42,14.84,2.1,2.57,22882900,22232500.0,2026-08-10,16:14:27
000965,天保基建,3.2,3.12,3.12,3.22,3.12,204072.0,64990000.0,35.51,35.51,-206.35,0.65,1.84,13682100,6725200.0,2026-08-10,16:14:36
000966,长源电力,4.23,4.18,4.18,4.24,4.15,445604.0,187240000.0,147.25,147.25,131.4,1.09,1.28,23591600,20968800.0,2026-08-10,16:14:12
000967,盈峰环境,9.01,9.35,9.5,9.55,8.92,1241755.0,1123490000.0,302.66,302.53,51.88,1.81,3.7,49358500,74817000.0,2026-08-10,16:14:15
000968,蓝焰控股,7.23,6.94,6.9,7.25,6.89,367677.0,261390000.0,69.95,69.95,23.48,1.1,3.8,21671800,15095800.0,2026-08-10,16:14:06
000969,安泰科技,17.35,17.45,17.62,17.7,17.11,266734.0,460540000.0,182.27,180.67,47.77,3.21,2.56,10489800,16183600.0,2026-08-10,16:14:30
000970,中科三环,13.74,13.69,13.69,13.81,13.43,525477.0,716850000.0,167.04,167.04,173.02,2.53,4.32,24190900,28356800.0,2026-08-10,16:14:18
000972,中基健康,3.47,3.44,3.42,3.48,3.39,84339.0,29120000.0,26.76,26.76,-45.67,412.2,1.09,4413900,4020000.0,2026-08-10,16:14:39
000973,佛塑科技,13.68,12.44,12.49,13.68,12.29,829007.0,1082880000.0,336.29,132.34,52.17,3.69,8.57,49300900,33599800.0,2026-08-10,16:14:09
000975,山金国际,27.14,26.35,26.0,27.24,25.95,660880.0,1764590000.0,752.46,684.81,20.49,5.08,2.62,35858700,30229300.0,2026-08-10,16:14:21
000977,浪潮信息,76.7,77.99,78.02,78.13,75.38,602085.0,4582970000.0,1126.32,1125.06,44.08,5.06,4.1,27123200,33085300.0,2026-08-10,16:14:12
000978,桂林旅游,6.17,6.01,6.01,6.17,5.99,84476.0,51560000.0,28.88,28.88,235.18,2.7,1.8,5328500,3119100.0,2026-08-10,16:14:15
000980,众泰汽车,1.75,1.72,1.71,1.76,1.69,1124925.0,194980000.0,88.24,88.24,-25.49,269.86,2.23,57709100,54783400.0,2026-08-10,16:14:18
000981,山子高科,2.96,2.98,2.97,2.99,2.91,3071350.0,902760000.0,295.93,281.6,24.75,9.55,3.23,131085000,176050100.0,2026-08-10,16:14:33
000983,山西焦煤,6.77,6.61,6.58,6.78,6.57,633563.0,426470000.0,384.34,384.34,28.95,1.05,1.12,37292300,26064000.0,2026-08-10,16:14:36
000985,大庆华科,15.44,14.88,14.9,15.48,14.88,15525.0,23750000.0,20.02,20.02,336.12,3.28,1.2,848800,703700.0,2026-08-10,16:14:42
000987,越秀资本,7.83,7.75,7.74,7.88,7.72,242568.0,189370000.0,392.84,392.54,9.44,1.2,0.48,12824500,11432300.0,2026-08-10,16:14:24
000988,华工科技,103.68,106.6,107.5,107.82,101.19,616771.0,6386160000.0,1042.51,1041.97,61.35,9.11,6.14,27505400,34171700.0,2026-08-10,16:14:39
000989,九芝堂,9.5,9.48,9.52,9.65,9.39,493123.0,468340000.0,81.31,65.94,30.0,2.25,7.1,21622900,27689400.0,2026-08-10,16:14:15
000990,诚志股份,6.92,6.73,6.8,7.15,6.8,767305.0,532700000.0,117.73,117.73,166.42,0.66,4.51,35325100,41405400.0,2026-08-10,16:14:18
000993,闽东电力,10.47,10.23,10.23,10.52,10.15,140453.0,145800000.0,47.95,47.95,234.44,1.95,3.07,8756500,5288800.0,2026-08-10,16:14:42
000995,皇台酒业,11.0,10.71,10.75,11.05,10.7,111295.0,121680000.0,19.51,19.51,332.91,11.81,6.27,5889100,5240400.0,2026-08-10,16:14:21
000997,新 大 陆,18.42,18.36,18.35,18.57,18.0,163796.0,299680000.0,186.61,185.57,19.02,2.56,1.63,7916300,8463300.0,2026-08-10,16:14:21
000998,隆平高科,8.38,8.21,8.2,8.41,8.2,219934.0,183120000.0,123.14,110.15,332.02,1.83,1.67,12290000,9703400.0,2026-08-10,16:14:45
000999,华润三九,25.27,25.13,25.12,25.52,25.0,124943.0,315850000.0,420.55,420.16,12.83,1.84,0.75,6820400,5673800.0,2026-08-10,16:14:27
001201,东瑞股份,11.93,11.46,11.55,11.93,11.5,51955.0,61360000.0,30.75,25.35,-8.95,1.01,2.44,3253300,1942300.0,2026-08-10,16:14:48
001202,炬申股份,13.59,13.02,13.08,13.6,12.92,32589.0,43520000.0,22.65,15.88,30.84,2.64,2.79,1970300,1288700.0,2026-08-10,16:14:30
001203,大中矿业,28.43,28.25,28.26,28.88,28.03,203984.0,579140000.0,435.85,371.28,66.8,6.05,1.56,9331800,11066600.0,2026-08-10,16:14:51
001205,盛航股份,13.91,13.6,13.6,13.98,13.45,48984.0,67860000.0,26.15,23.16,23.77,1.22,2.94,2878800,2019600.0,2026-08-10,16:14:24
001206,依依股份,17.62,16.74,16.75,17.8,16.57,115953.0,200930000.0,32.58,18.83,20.8,1.8,10.85,6733500,4861800.0,2026-08-10,16:14:33
001207,联科科技,15.99,15.58,15.52,16.09,15.39,47660.0,75040000.0,48.47,46.79,17.64,2.1,1.63,2629100,2136900.0,2026-08-10,16:14:45
001208,华菱线缆,15.71,15.1,15.35,15.75,14.97,386263.0,597820000.0,100.28,50.07,92.45,3.46,12.12,20840900,17785400.0,2026-08-10,16:14:36
001209,洪兴股份,17.22,16.65,16.75,17.27,16.6,20515.0,34950000.0,22.65,16.55,98.94,1.75,2.13,1237700,813800.0,2026-08-10,16:14:24
001210,金房能源,22.6,21.88,22.26,22.68,21.7,81669.0,181230000.0,49.62,30.15,36.18,3.46,6.12,4338200,3828800.0,2026-08-10,16:14:27
001211,双枪科技,22.61,22.28,23.0,23.38,22.01,92913.0,210350000.0,22.61,21.1,-1603.48,2.62,9.95,4527800,4763500.0,2026-08-10,16:14:48
001212,中旗新材,34.88,35.68,35.5,35.8,34.25,35808.0,124000000.0,70.09,60.64,-293.44,3.65,2.06,1493400,2087400.0,2026-08-10,16:14:39
001213,中铁特货,3.57,3.52,3.51,3.58,3.5,84969.0,30220000.0,158.67,158.67,42.35,0.83,0.19,5903600,2593300.0,2026-08-10,16:14:51
001215,千味央厨,33.3,33.17,33.21,33.32,32.31,19009.0,62550000.0,32.35,32.27,49.98,1.74,1.96,1024800,876200.0,2026-08-10,16:14:54
001216,华瓷股份,15.0,14.06,14.05,15.06,13.97,52498.0,76560000.0,43.79,36.83,20.48,1.78,2.14,3379000,1870800.0,2026-08-10,16:14:54
001217,华尔泰,10.01,9.68,9.74,10.04,9.66,53984.0,53650000.0,33.22,32.89,-75.8,1.53,1.64,3006300,2392100.0,2026-08-10,16:14:30
001218,丽臣实业,26.16,24.48,24.5,26.38,24.5,39903.0,102480000.0,35.12,31.32,16.64,1.46,3.33,2251900,1738300.0,2026-08-10,16:14:27
001219,青岛食品,12.94,12.32,12.38,13.1,12.3,51140.0,65340000.0,25.23,24.61,22.4,2.42,2.69,3164400,1949600.0,2026-08-10,16:14:30
001222,源飞宠物,15.41,14.01,14.0,15.41,13.98,68486.0,101860000.0,29.42,17.41,25.98,2.07,6.06,2826600,4022000.0,2026-08-10,16:14:33
001223,欧克科技,38.95,41.17,41.07,41.27,37.57,58776.0,231440000.0,50.9,27.2,163.71,2.67,8.42,2807900,3069700.0,2026-08-10,16:14:36
001225,和泰机电,45.49,45.04,44.66,45.85,44.62,18434.0,83670000.0,29.83,9.57,98.57,2.18,8.76,761400,1082000.0,2026-08-10,16:14:39
001226,拓山重工,41.86,41.59,41.73,42.06,41.18,4070.0,17010000.0,31.26,14.2,136.41,4.21,1.2,221100,185900.0,2026-08-10,16:14:42
001227,兰州银行,2.15,2.14,2.13,2.16,2.12,607030.0,130190000.0,122.46,90.68,6.66,0.4,1.44,29313700,31389300.0,2026-08-10,16:14:45
001228,永泰运,28.48,27.41,27.76,28.65,27.37,14162.0,40010000.0,29.58,22.75,28.45,1.74,1.77,912900,503300.0,2026-08-10,16:14:45
001229,魅视科技,40.9,40.59,40.43,41.43,39.61,80767.0,327880000.0,58.66,30.16,99.54,5.97,10.95,3971100,4105600.0,2026-08-10,16:14:57
001230,劲旅环境,20.32,19.78,19.8,20.32,19.48,62144.0,124680000.0,38.16,22.35,22.08,1.94,5.65,3762300,2452100.0,2026-08-10,16:14:36
001231,农心科技,20.27,19.35,19.43,20.3,19.15,12780.0,25510000.0,20.21,10.33,29.9,1.97,2.51,729200,548800.0,2026-08-10,16:15:00
001234,泰慕士,20.92,20.34,20.29,20.98,20.2,12750.0,26450000.0,22.72,19.14,56.65,2.51,1.39,732300,542800.0,2026-08-10,16:14:48
001236,弘业期货,7.71,7.51,7.51,7.73,7.48,116751.0,89260000.0,77.7,58.45,507.89,4.16,1.54,6200700,5474400.0,2026-08-10,16:14:57
001238,浙江正特,25.83,25.25,25.76,26.16,25.0,12598.0,32480000.0,40.07,37.49,104.89,3.47,0.87,615600,644100.0,2026-08-10,16:14:45
001239,永达股份,12.01,11.65,11.7,12.03,11.55,24360.0,28900000.0,28.82,13.69,90.5,2.12,2.14,1546500,889500.0,2026-08-10,16:14:48
001255,博菲电气,25.47,24.85,25.1,25.57,24.71,12079.0,30620000.0,22.16,19.68,203.31,2.47,1.56,689900,518000.0,2026-08-10,16:14:51
001256,炜冈科技,27.79,27.89,27.92,28.5,27.41,50861.0,142050000.0,39.63,29.71,27.43,3.12,4.76,2478900,2607200.0,2026-08-10,16:14:03
001258,立新能源,14.48,13.16,13.42,14.48,13.42,1763391.0,2519830000.0,135.15,135.14,90.61,4.37,18.89,74840200,101498900.0,2026-08-10,16:14:54
001259,利仁科技,47.51,47.25,47.28,47.63,46.02,8283.0,38720000.0,34.96,22.59,280.82,4.87,1.74,429500,398800.0,2026-08-10,16:14:51
001260,坤泰股份,17.33,16.73,16.72,17.37,16.42,9672.0,16540000.0,19.93,19.93,53.67,2.47,0.84,492100,475100.0,2026-08-10,16:14:06
001266,宏英智能,34.64,34.59,34.6,34.88,34.03,29623.0,101760000.0,35.9,20.14,73.24,3.76,5.09,1452600,1509700.0,2026-08-10,16:14:57
001267,汇绿生态,42.97,42.69,45.19,45.29,41.83,650781.0,2794580000.0,337.32,261.5,405.83,21.2,10.69,31952500,33125600.0,2026-08-10,16:14:09
001268,联合精密,19.54,19.55,19.45,19.81,19.1,24415.0,47460000.0,29.45,18.43,92.1,2.99,2.59,1376700,1064800.0,2026-08-10,16:14:57
001269,欧晶科技,19.72,19.26,19.28,20.16,19.14,28653.0,56450000.0,37.94,37.94,-13.22,5.63,1.49,1484800,1380500.0,2026-08-10,16:14:54
001270,铖昌科技,118.0,118.38,120.0,120.5,113.49,91964.0,1070390000.0,243.22,241.67,184.23,16.01,4.49,4330400,4866000.0,2026-08-10,16:14:12
001277,速达股份,29.16,28.26,28.24,29.27,28.18,11047.0,31950000.0,22.16,13.28,24.65,1.43,2.43,674800,429900.0,2026-08-10,16:14:15
001278,一彬科技,15.67,15.22,15.37,15.72,14.99,20427.0,31630000.0,19.39,13.37,-17.7,1.64,2.39,1056700,986000.0,2026-08-10,16:15:00
001279,强邦新材,25.31,24.83,24.7,25.4,24.69,12017.0,30270000.0,40.5,10.12,102.94,4.06,3.0,761200,440400.0,2026-08-10,16:14:57
001282,三联锻造,16.46,16.17,16.23,16.48,15.97,32235.0,52530000.0,36.57,25.14,34.13,2.24,2.11,1622600,1600900.0,2026-08-10,16:15:00
001283,豪鹏科技,43.16,42.4,42.41,43.66,42.12,32499.0,139290000.0,55.97,44.63,26.48,1.59,3.14,1709900,1540000.0,2026-08-10,16:14:03
001286,陕西能源,10.64,10.47,10.46,10.74,10.45,235526.0,250580000.0,399.0,143.64,12.49,1.54,1.74,12077500,11475200.0,2026-08-10,16:14:06
001287,中电港,23.15,23.17,23.43,23.47,22.78,187925.0,432370000.0,175.92,175.92,49.13,3.23,2.47,8704600,10087900.0,2026-08-10,16:14:03
001288,运机集团,27.85,27.8,27.8,29.5,27.51,90078.0,255480000.0,65.1,42.3,31.26,2.85,5.93,3788300,5219500.0,2026-08-10,16:14:06
001289,龙源电力,16.05,15.97,15.9,16.12,15.9,45904.0,73590000.0,1341.75,809.23,31.61,1.76,0.09,2477100,2113300.0,2026-08-10,16:15:00
001296,长江材料,20.14,19.94,19.88,21.24,19.72,99688.0,202530000.0,30.13,15.53,26.76,1.69,12.93,4476200,5492500.0,2026-08-10,16:14:09
001298,好上好,17.54,17.53,17.51,17.6,17.25,65442.0,113880000.0,75.86,71.46,64.49,4.56,1.61,3167800,3376500.0,2026-08-10,16:14:18
001299,美能能源,10.07,9.83,9.85,10.07,9.85,38474.0,38550000.0,31.64,28.49,30.52,2.82,1.36,2365600,1481800.0,2026-08-10,16:14:06
001300,三柏硕,11.57,10.52,10.76,11.57,10.49,74217.0,82340000.0,28.2,28.2,-34.2,2.93,3.04,3717000,3704700.0,2026-08-10,16:14:09
001301,尚太科技,52.5,52.43,52.78,52.93,52.18,29317.0,154120000.0,191.42,136.55,21.57,2.74,1.13,1368300,1563400.0,2026-08-10,16:14:21
001306,夏厦精密,53.19,52.61,53.06,53.85,51.7,6042.0,31980000.0,33.47,8.24,-64.81,2.6,3.9,329700,274400.0,2026-08-10,16:14:12
001308,康冠科技,18.93,19.15,19.21,19.22,18.86,24492.0,46430000.0,133.28,92.23,29.88,1.74,0.5,1160000,1289200.0,2026-08-10,16:14:09
001309,德明利,400.8,404.16,408.0,415.0,390.0,195807.0,7797330000.0,909.19,661.44,22.16,13.73,11.86,8829200,10751500.0,2026-08-10,16:14:12
001311,多利科技,17.58,16.89,16.9,17.65,16.9,56913.0,98620000.0,70.96,31.14,34.26,1.51,3.21,3021900,2669400.0,2026-08-10,16:14:15
001313,粤海饲料,7.46,7.29,7.26,7.48,7.23,132367.0,97660000.0,52.22,52.16,97.2,2.04,1.89,7220300,6016400.0,2026-08-10,16:14:03
001314,亿道信息,53.9,53.65,53.66,53.98,52.64,38950.0,207550000.0,76.88,66.89,69.99,3.69,3.14,1888700,2006200.0,2026-08-10,16:14:06
001316,润贝航科,27.0,26.62,26.73,27.1,26.33,21394.0,57240000.0,43.51,40.6,20.68,3.31,1.42,1172900,966600.0,2026-08-10,16:14:09
001317,三羊马,56.62,53.1,53.1,57.4,52.8,66769.0,372750000.0,48.45,48.4,-675.0,4.77,7.81,3650700,3026300.0,2026-08-10,16:14:24
001318,阳光乳业,11.24,10.89,10.86,11.3,10.85,64740.0,72370000.0,31.77,31.77,31.3,2.25,2.29,3640400,2833600.0,2026-08-10,16:14:12
001319,铭科精技,19.62,19.3,19.3,19.64,19.14,12432.0,24240000.0,27.74,16.09,19.9,2.04,1.52,799400,443800.0,2026-08-10,16:14:27
001322,箭牌家居,6.18,6.05,6.06,6.2,5.97,44669.0,27410000.0,59.67,48.55,109.18,1.29,0.57,2620200,1846700.0,2026-08-10,16:14:30
001323,慕思股份,17.15,16.9,16.78,17.16,16.71,31095.0,53100000.0,74.62,53.38,14.75,1.79,1.0,1678600,1430800.0,2026-08-10,16:14:18
001324,长青科技,19.68,19.22,19.22,20.02,18.99,36528.0,71830000.0,27.16,27.16,64.71,2.38,2.65,2339100,1313700.0,2026-08-10,16:14:15
001326,联域股份,58.81,57.68,57.94,59.95,57.4,18070.0,105590000.0,43.05,14.12,150.33,3.51,7.52,739600,1067400.0,2026-08-10,16:14:36
001328,登康口腔,31.1,30.66,30.36,31.49,30.25,22868.0,71040000.0,53.55,50.29,28.22,3.75,1.41,1228100,1058700.0,2026-08-10,16:14:21
001330,博纳影业,5.39,5.11,5.29,5.39,5.02,975516.0,509580000.0,74.09,62.68,-13.38,1.95,8.39,55429300,42122400.0,2026-08-10,16:14:24
001331,胜通能源,57.46,55.47,55.61,57.55,55.1,75386.0,425440000.0,235.15,164.24,-1205.65,16.18,2.64,3736800,3801900.0,2026-08-10,16:14:18
001332,锡装股份,31.54,31.48,31.47,31.68,31.01,12765.0,40110000.0,48.79,21.2,17.92,1.87,1.9,613000,663500.0,2026-08-10,16:14:39
001333,光华股份,19.64,19.23,19.19,19.76,19.07,10777.0,20970000.0,25.14,25.14,21.88,1.45,0.84,574000,503700.0,2026-08-10,16:14:21
001336,楚环科技,18.25,17.65,17.64,18.25,17.37,16307.0,29180000.0,19.07,11.73,42.16,2.36,2.54,831000,799700.0,2026-08-10,16:14:24
001337,四川黄金,51.38,47.77,47.9,52.3,46.0,332428.0,1625210000.0,215.8,215.8,33.96,11.4,7.91,16831700,16411100.0,2026-08-10,16:14:27
001338,永顺泰,8.89,8.65,8.65,8.89,8.63,62291.0,54980000.0,44.6,44.6,22.43,1.23,1.24,3676200,2552900.0,2026-08-10,16:14:21
001339,智微智能,82.4,84.65,85.99,86.06,80.71,98594.0,811290000.0,269.47,133.41,58.88,9.94,6.09,4529300,5330200.0,2026-08-10,16:14:42
001356,富岭股份,8.8,8.62,8.58,8.85,8.55,62043.0,54460000.0,51.86,18.63,72.73,2.57,2.93,3239400,2964900.0,2026-08-10,16:14:45
001358,兴欣新材,26.66,25.43,26.19,26.97,25.94,72949.0,193260000.0,32.85,13.59,62.76,2.3,14.31,3316400,3978500.0,2026-08-10,16:14:30
001359,平安电工,87.69,89.0,89.78,91.0,85.69,55849.0,486200000.0,211.47,52.87,91.51,10.24,9.26,2515700,3069100.0,2026-08-10,16:14:48
001360,南矿集团,16.01,15.45,15.5,16.05,15.16,51928.0,81500000.0,32.66,20.09,73.65,2.35,4.14,2786100,2406700.0,2026-08-10,16:14:12
001366,播恩集团,11.9,11.56,11.53,11.95,11.47,26744.0,31460000.0,19.12,19.12,-347.22,2.38,1.66,1492700,1181700.0,2026-08-10,16:14:24
001367,海森药业,19.12,18.67,18.82,19.33,18.61,21558.0,41200000.0,29.13,23.26,21.81,1.93,1.77,1054500,1101300.0,2026-08-10,16:14:33
001368,通达创智,21.95,21.24,21.26,22.08,21.05,18945.0,41220000.0,24.83,23.72,24.26,1.78,1.75,1168400,726100.0,2026-08-10,16:14:27
001373,翔腾新材,27.95,27.24,27.05,27.98,26.8,14074.0,38740000.0,19.2,11.73,-45.81,2.28,3.35,822600,584800.0,2026-08-10,16:14:15
001376,百通能源,12.13,11.03,11.03,12.13,11.0,299495.0,352060000.0,55.91,25.96,29.09,4.54,13.99,15271900,14677600.0,2026-08-10,16:14:18
001378,德冠新材,20.42,20.12,20.02,20.6,19.86,72413.0,147390000.0,35.39,17.22,39.93,1.92,8.59,4003100,3238200.0,2026-08-10,16:14:30
001379,腾达科技,15.94,15.72,15.67,16.02,15.49,21989.0,34930000.0,31.88,10.73,43.59,2.14,3.27,1276000,922900.0,2026-08-10,16:14:21
001380,华纬科技,16.68,16.34,16.33,16.73,16.13,18821.0,31080000.0,45.18,38.82,17.86,2.33,0.81,1172500,709700.0,2026-08-10,16:14:54
001382,新亚电缆,17.47,16.98,17.05,17.48,16.98,41407.0,71800000.0,71.98,11.01,75.09,4.47,6.57,2178200,1962500.0,2026-08-10,16:14:30
001387,雪祺电气,12.08,11.72,11.72,12.12,11.59,25327.0,30240000.0,22.11,14.07,24.52,1.72,2.17,1616300,916400.0,2026-08-10,16:15:00
001389,广合科技,168.24,169.8,174.0,174.98,163.21,89213.0,1494820000.0,795.29,256.33,53.74,10.43,5.86,3928400,4992800.0,2026-08-10,16:14:36
001391,国货航,4.31,4.21,4.2,4.33,4.19,273879.0,117560000.0,526.2,65.48,21.24,2.0,1.8,19194800,8193100.0,2026-08-10,16:14:24
001395,亚联机械,29.88,29.25,29.37,30.18,28.91,26558.0,78940000.0,33.89,15.54,13.77,2.67,5.11,1376600,1279200.0,2026-08-10,16:14:36
001696,宗申动力,16.24,15.9,16.12,16.48,15.55,803229.0,1281640000.0,185.95,144.76,30.44,3.49,9.01,37426700,42896200.0,2026-08-10,16:14:39
001872,招商港口,22.17,21.66,21.69,22.3,21.54,26960.0,59040000.0,550.29,510.41,11.83,0.86,0.12,1482900,1213100.0,2026-08-10,16:14:42
001896,豫能控股,13.66,13.72,13.75,13.98,13.32,762772.0,1038130000.0,208.42,208.42,55.53,5.85,5.0,33386500,42890700.0,2026-08-10,16:14:45
001914,招商积余,8.82,8.71,8.71,8.89,8.7,84062.0,74140000.0,92.94,92.94,13.9,0.87,0.8,4245000,4161200.0,2026-08-10,16:14:39
001965,招商公路,9.43,9.44,9.44,9.48,9.38,180188.0,169720000.0,640.78,640.78,13.84,0.95,0.27,7497400,10521400.0,2026-08-10,16:14:42
001979,招商蛇口,7.2,7.02,7.04,7.33,7.03,1181598.0,854080000.0,649.15,638.62,105.13,0.67,1.33,67361000,50798900.0,2026-08-10,16:14:42
002001,新 和 成,31.07,30.59,30.6,31.46,30.32,374832.0,1162120000.0,954.91,943.55,14.23,2.92,1.23,17666300,19816900.0,2026-08-10,16:14:45
002003,伟星股份,10.35,10.21,10.23,10.44,10.15,100080.0,103630000.0,123.05,105.79,19.31,2.93,0.98,5030700,4977300.0,2026-08-10,16:14:48
002004,华邦健康,4.47,4.43,4.43,4.51,4.42,223773.0,100110000.0,88.5,84.18,12.95,0.89,1.19,11324300,11053100.0,2026-08-10,16:14:30
002005,德豪润达,2.28,2.24,2.24,2.28,2.2,161760.0,36240000.0,39.96,39.95,93.89,12.02,0.92,8889900,7286100.0,2026-08-10,16:14:51
002006,精工科技,14.04,13.82,13.85,14.09,13.64,72094.0,100000000.0,72.98,72.98,38.04,3.05,1.39,4037300,3172000.0,2026-08-10,16:14:54
002007,华兰生物,13.4,13.43,13.53,13.63,13.38,143777.0,194170000.0,244.64,210.85,28.53,2.27,0.91,6428500,7949200.0,2026-08-10,16:14:45
002008,大族激光,95.91,99.75,99.97,100.9,92.91,434872.0,4154350000.0,987.49,917.6,49.68,4.6,4.55,20154100,23333100.0,2026-08-10,16:14:06
002009,天奇股份,17.91,17.81,17.88,18.05,17.51,119484.0,212650000.0,72.04,63.41,194.76,3.54,3.37,5623700,6324700.0,2026-08-10,16:14:48
002010,传化智联,4.84,4.82,4.82,4.86,4.78,144637.0,69840000.0,133.78,133.45,20.3,0.75,0.52,6989900,7473800.0,2026-08-10,16:14:51
002011,盾安环境,10.42,10.35,10.35,10.45,10.28,92588.0,96180000.0,111.96,110.61,10.6,1.64,0.87,5505000,3753800.0,2026-08-10,16:14:48
002012,凯恩股份,6.66,6.58,6.65,6.68,6.52,104006.0,68750000.0,31.14,31.14,101.21,2.01,2.22,5164000,5236600.0,2026-08-10,16:14:09
002014,永新股份,10.91,10.97,10.97,11.08,10.86,45773.0,50190000.0,66.82,65.75,15.19,2.78,0.76,2154900,2422500.0,2026-08-10,16:14:57
002015,协鑫能科,15.61,15.8,15.93,15.95,15.45,529604.0,828660000.0,253.4,253.4,57.8,2.12,3.26,22802800,30157600.0,2026-08-10,16:14:51
002016,世荣兆业,4.5,4.41,4.43,4.51,4.38,99604.0,44540000.0,36.41,36.41,23.97,0.74,1.23,5381300,4579100.0,2026-08-10,16:14:12
002017,东信和平,13.84,13.97,13.9,13.97,13.6,145220.0,200240000.0,80.33,80.28,48.51,4.5,2.5,6744400,7777600.0,2026-08-10,16:14:54
002019,亿帆医药,10.35,10.34,10.45,10.6,10.32,160982.0,167940000.0,125.9,87.2,35.4,1.43,1.91,7627900,8470300.0,2026-08-10,16:15:00
002020,京新药业,14.23,14.38,14.4,14.58,14.15,203611.0,292360000.0,122.52,103.02,16.12,2.11,2.81,8362200,11999000.0,2026-08-10,16:14:03
002021,中捷资源,2.73,2.7,2.72,2.74,2.68,341658.0,92860000.0,32.64,32.64,-154.52,5.33,2.86,15645100,18520700.0,2026-08-10,16:14:06
002022,科华生物,5.42,5.29,5.28,5.48,5.27,104563.0,56680000.0,27.88,27.88,-3.83,1.1,2.03,4885800,5570500.0,2026-08-10,16:14:54
002023,海特高新,10.51,10.7,10.87,10.97,10.37,228175.0,239630000.0,77.86,77.86,-14.75,2.09,3.08,8907500,13909900.0,2026-08-10,16:14:15
002024,ST易购,1.23,1.22,1.22,1.23,1.21,144206.0,17640000.0,113.96,113.82,164.95,0.92,0.16,5297400,9123200.0,2026-08-10,16:14:18
002025,航天电器,64.28,65.77,66.2,66.55,62.81,152849.0,975100000.0,291.84,291.75,154.81,4.47,3.37,7220300,8064600.0,2026-08-10,16:14:57
002026,山东威达,10.73,10.4,10.39,10.77,10.31,63699.0,67590000.0,47.27,47.26,18.39,1.23,1.45,3867900,2501900.0,2026-08-10,16:14:09
002027,分众传媒,5.29,5.14,5.13,5.3,5.11,1623434.0,851060000.0,763.99,763.99,21.22,6.01,1.12,105586300,56757100.0,2026-08-10,16:14:21
002028,思源电气,165.42,161.4,166.62,168.68,156.74,121725.0,1971230000.0,1294.53,1010.39,38.71,7.85,1.99,6054800,6117600.0,2026-08-10,16:14:24
002029,七 匹 狼,9.15,8.9,8.84,9.18,8.78,249517.0,225660000.0,64.51,60.88,27.69,0.95,3.75,12716200,12235500.0,2026-08-10,16:14:33
002030,达安基因,5.65,5.61,5.63,5.7,5.62,234549.0,132750000.0,79.29,79.29,-8.86,1.13,1.67,11748500,11706400.0,2026-08-10,16:14:36
002031,巨轮智能,5.31,5.24,5.28,5.47,5.19,846329.0,449600000.0,116.79,101.61,-49.19,6.02,4.42,42354700,42278200.0,2026-08-10,16:15:00
002032,苏 泊 尔,41.48,41.11,41.11,41.75,40.8,25803.0,107000000.0,331.78,331.63,16.39,6.57,0.32,1327900,1252400.0,2026-08-10,16:14:03
002033,丽江股份,8.83,8.66,8.66,8.86,8.64,183448.0,161190000.0,48.52,48.52,19.75,1.99,3.34,10323000,8021800.0,2026-08-10,16:14:06
002034,旺能环境,14.37,14.07,14.09,14.39,14.09,97845.0,139740000.0,74.25,73.94,10.29,1.02,1.9,5458400,4326000.0,2026-08-10,16:14:27
002035,华帝股份,4.9,4.79,4.79,4.91,4.77,111571.0,54400000.0,41.54,38.32,14.04,1.1,1.43,6326500,4830700.0,2026-08-10,16:14:12
002036,联创电子,7.31,7.29,7.24,7.31,7.08,482913.0,348810000.0,77.31,77.15,-6.96,8.01,4.58,23086500,25204800.0,2026-08-10,16:14:57
002037,保利联合,7.57,7.69,7.31,7.62,7.07,353435.0,258850000.0,36.63,36.63,-4.2,3.57,7.3,15704800,19638700.0,2026-08-10,16:14:15
002038,双鹭药业,5.98,5.91,5.95,6.11,5.91,500190.0,300250000.0,61.44,50.94,-12.82,1.21,5.87,24164900,25854100.0,2026-08-10,16:14:18
002039,黔源电力,19.98,19.76,19.72,20.18,19.67,103758.0,207530000.0,85.43,85.43,13.4,1.96,2.43,4994600,5381200.0,2026-08-10,16:14:21
002040,南 京 港,8.19,8.08,8.08,8.21,8.01,51717.0,42190000.0,39.81,39.81,20.32,1.17,1.06,3140800,2030900.0,2026-08-10,16:15:00
002041,登海种业,8.96,8.91,8.81,8.98,8.81,181270.0,161590000.0,78.85,78.85,78.23,2.13,2.06,9093500,9033500.0,2026-08-10,16:14:24
002042,华孚时尚,3.87,3.82,3.83,3.88,3.77,203158.0,78000000.0,65.82,65.82,89.29,1.12,1.19,11445400,8870400.0,2026-08-10,16:14:03
002043,兔 宝 宝,12.7,12.38,12.34,12.8,12.3,99037.0,125400000.0,105.38,102.56,14.07,3.3,1.23,5746600,4157100.0,2026-08-10,16:14:30
002044,美年健康,5.3,4.82,4.86,5.3,4.83,1988451.0,1021160000.0,207.46,205.33,67.88,2.64,5.13,101926500,96918600.0,2026-08-10,16:14:09
002045,国光电器,8.75,8.9,8.7,8.8,8.48,326275.0,282880000.0,49.22,49.15,-28.78,1.16,5.81,14565600,18061900.0,2026-08-10,16:14:33
002046,国机精工,46.88,47.35,48.29,48.47,45.58,118725.0,553980000.0,251.37,248.55,154.42,5.91,2.24,5262500,6610100.0,2026-08-10,16:14:12
002047,宝鹰股份,3.24,3.18,3.16,3.28,3.07,498410.0,157990000.0,49.13,49.12,74.19,120.69,3.29,29395300,20445700.0,2026-08-10,16:14:36
002048,宁波华翔,19.27,19.4,19.4,19.72,18.97,133033.0,255150000.0,156.51,136.46,35.97,1.33,1.88,5312200,7991200.0,2026-08-10,16:14:39
002049,紫光国微,68.0,67.22,67.22,68.02,66.23,242112.0,1626080000.0,573.4,573.32,34.71,4.39,2.87,12138200,12073000.0,2026-08-10,16:14:39
002050,三花智控,38.53,39.12,39.22,39.6,38.38,462668.0,1790060000.0,1621.35,1422.16,39.67,5.15,1.25,19534500,26732300.0,2026-08-10,16:14:42
002051,中工国际,9.19,9.22,9.11,9.24,9.05,234772.0,214760000.0,112.71,112.71,42.01,0.98,1.91,10446800,13030400.0,2026-08-10,16:14:15
002052,同洲电子,9.5,9.75,9.75,9.79,9.4,158924.0,151860000.0,71.48,65.49,117.18,25.66,2.31,6527700,9364700.0,2026-08-10,16:14:27
002053,云南能投,9.71,9.64,9.6,9.72,9.57,73282.0,70830000.0,89.4,89.4,40.4,1.19,0.8,3392400,3935800.0,2026-08-10,16:14:06
002054,德美化工,7.36,7.12,7.12,7.4,7.1,127857.0,93010000.0,35.48,28.26,26.56,1.37,3.33,8197500,4588200.0,2026-08-10,16:14:42
002055,ST得润,5.56,5.57,5.55,5.57,5.44,100843.0,55500000.0,33.61,33.03,-82.68,2.48,1.7,3997600,6086700.0,2026-08-10,16:14:45
002056,横店东磁,21.9,22.2,22.2,22.5,21.57,271860.0,594520000.0,356.25,355.88,20.03,3.54,1.67,11449300,15736700.0,2026-08-10,16:14:30
002057,中钢天源,8.92,8.73,8.82,8.92,8.72,230208.0,202720000.0,67.25,67.2,35.42,2.03,3.06,11301700,11719000.0,2026-08-10,16:14:45
002058,威尔泰,17.34,17.05,16.9,17.45,16.73,48627.0,83510000.0,24.87,24.81,11.73,39.26,3.4,2213500,2649200.0,2026-08-10,16:14:48
002059,云南旅游,4.54,4.44,4.45,4.55,4.42,95106.0,42830000.0,45.96,44.63,-14.59,4.35,0.97,5859100,3651500.0,2026-08-10,16:14:51
002060,广东建工,3.33,3.31,3.3,3.35,3.28,147137.0,48980000.0,125.02,52.04,11.61,0.9,0.94,6653300,8060400.0,2026-08-10,16:14:18
002061,浙江交科,3.55,3.51,3.5,3.56,3.48,183986.0,65030000.0,93.83,92.27,9.76,0.6,0.71,10352400,8046200.0,2026-08-10,16:14:33
002062,宏润建设,7.91,8.09,8.08,8.17,7.87,106536.0,84680000.0,97.87,88.96,37.38,2.02,0.95,3888100,6765500.0,2026-08-10,16:14:21
002063,远光软件,5.63,5.57,5.59,5.67,5.53,287056.0,161360000.0,107.84,99.6,35.77,2.74,1.62,15041100,13664600.0,2026-08-10,16:14:54
002064,华峰化学,11.83,12.03,12.03,12.25,11.63,563841.0,670750000.0,587.07,585.82,20.55,2.04,1.14,28861300,27522800.0,2026-08-10,16:14:57
002065,东华软件,7.45,7.35,7.35,7.54,7.32,423206.0,314850000.0,238.81,216.64,49.34,1.95,1.46,22271900,20048700.0,2026-08-10,16:15:00
002066,瑞泰科技,20.48,20.59,20.52,20.85,20.43,30298.0,62390000.0,48.11,47.31,-62.11,7.73,1.31,1251100,1778700.0,2026-08-10,16:14:09
002067,景兴纸业,4.51,4.57,4.62,4.62,4.47,461489.0,208050000.0,66.52,60.33,66.46,1.0,3.45,19300800,26848100.0,2026-08-10,16:14:36
002068,黑猫股份,8.11,8.06,8.22,8.27,7.9,250622.0,201430000.0,59.64,59.61,-11.4,2.56,3.41,11497200,13565000.0,2026-08-10,16:14:39
002069,獐子岛,3.35,3.22,3.22,3.37,3.21,143006.0,47410000.0,23.82,23.79,-358.95,86.77,2.01,8585500,5715200.0,2026-08-10,16:14:24
002072,凯瑞德,7.3,7.19,7.24,7.31,7.06,44492.0,32130000.0,26.84,26.83,-111.26,11.62,1.21,2226500,2222700.0,2026-08-10,16:14:42
002073,软控股份,5.7,5.62,5.62,5.73,5.58,140012.0,79610000.0,58.39,57.8,16.33,0.92,1.38,6697200,7304000.0,2026-08-10,16:14:48
002074,国轩高科,28.14,27.69,27.68,28.15,27.62,278319.0,777000000.0,510.66,488.72,22.17,1.78,1.6,15396500,12435400.0,2026-08-10,16:14:27
002075,沙钢股份,3.95,3.96,3.95,4.02,3.93,290428.0,115170000.0,86.66,86.66,34.64,1.32,1.32,12487700,16555100.0,2026-08-10,16:14:30
002076,星光股份,2.09,2.04,2.05,2.09,2.02,288994.0,59420000.0,23.18,21.78,-239.92,7.61,2.77,17519000,11380400.0,2026-08-10,16:14:12
002077,大港股份,12.73,12.79,12.93,12.94,12.56,263327.0,333670000.0,73.88,73.88,97.33,2.18,4.54,10949700,15382900.0,2026-08-10,16:14:33
002078,太阳纸业,14.03,13.75,13.7,14.17,13.7,189797.0,266190000.0,400.44,389.55,12.24,1.29,0.68,10446400,8533300.0,2026-08-10,16:14:51
002079,苏州固锝,9.67,9.71,9.73,9.76,9.54,321177.0,309010000.0,87.85,78.44,71.93,2.17,3.96,12733100,19384600.0,2026-08-10,16:14:36
002080,中材科技,56.84,56.56,58.82,59.5,54.73,757393.0,4292720000.0,953.85,953.85,48.59,4.84,4.51,36828500,38910800.0,2026-08-10,16:14:03
002081,金 螳 螂,4.01,3.95,3.97,4.01,3.88,889030.0,351560000.0,106.48,106.03,26.25,0.78,3.36,42420900,46482100.0,2026-08-10,16:14:15
002082,ST万邦,10.5,10.45,10.63,11.07,10.45,140309.0,150230000.0,64.23,59.62,-80.8,2.46,2.47,6506500,7524400.0,2026-08-10,16:14:18
002083,孚日股份,12.12,11.72,11.79,12.12,11.69,784959.0,930720000.0,114.73,114.69,23.84,2.49,8.29,44016800,34479100.0,2026-08-10,16:14:45
002084,海鸥住工,3.57,3.48,3.48,3.58,3.46,310078.0,109740000.0,23.06,23.01,-17.14,1.78,4.81,12849800,18158000.0,2026-08-10,16:14:21
002085,万丰奥威,10.84,10.66,10.67,10.86,10.5,267506.0,287630000.0,230.17,230.17,24.1,3.06,1.26,14527700,12223000.0,2026-08-10,16:14:39
002086,东方海洋,2.02,1.88,1.89,2.03,1.88,1115797.0,221060000.0,39.57,31.94,-27.9,3.12,7.06,73879800,37699800.0,2026-08-10,16:14:06
002088,鲁阳节能,7.6,7.48,7.52,7.62,7.43,27153.0,20560000.0,38.72,38.45,-272.24,1.64,0.54,1610900,1104500.0,2026-08-10,16:14:09
002090,金智科技,9.52,9.37,9.5,9.55,9.35,59155.0,56100000.0,38.13,37.91,52.54,2.46,1.49,3017300,2898200.0,2026-08-10,16:14:12
002091,江苏国泰,7.78,7.62,7.62,7.84,7.62,117962.0,91420000.0,126.64,124.66,10.02,0.82,0.74,6715900,5080300.0,2026-08-10,16:14:42
002092,中泰化学,4.6,4.48,4.5,4.62,4.48,588703.0,269780000.0,119.14,118.48,-34.88,0.56,2.29,31779100,27091200.0,2026-08-10,16:14:24
002093,国脉科技,6.97,6.94,6.94,7.04,6.84,114710.0,79690000.0,70.22,70.22,105.49,1.86,1.14,5607800,5863100.0,2026-08-10,16:14:45
002094,青岛金王,4.82,4.73,4.72,4.82,4.68,137847.0,65900000.0,33.3,33.28,164.54,2.26,2.0,7959000,5825700.0,2026-08-10,16:14:48
002095,生 意 宝,14.49,14.14,14.17,14.62,14.05,34964.0,50370000.0,36.62,36.47,-270.29,4.24,1.39,1884300,1612100.0,2026-08-10,16:14:15
002096,易普力,9.63,9.54,9.5,9.7,9.34,102258.0,97780000.0,119.45,119.45,16.25,1.53,0.82,5416300,4809500.0,2026-08-10,16:14:48
002097,山河智能,7.46,7.25,7.3,7.47,7.22,257732.0,190720000.0,80.17,80.02,114.75,1.72,2.4,15110000,10663200.0,2026-08-10,16:14:51
002098,浔兴股份,6.91,6.71,6.69,6.95,6.69,55805.0,38400000.0,24.74,24.74,13.44,1.67,1.56,3258900,2321600.0,2026-08-10,16:14:51
002099,海翔药业,5.42,5.36,5.38,5.5,5.37,149389.0,81300000.0,87.73,87.63,-118.79,1.78,0.92,7390000,7548900.0,2026-08-10,16:14:54
002100,天康生物,7.28,7.08,7.1,7.38,7.06,269287.0,195670000.0,99.39,99.39,-98.61,1.47,1.97,14304700,12624000.0,2026-08-10,16:14:54
002101,广东鸿图,8.75,8.74,8.74,8.89,8.7,69117.0,60770000.0,58.0,57.94,18.7,0.75,1.04,3385700,3526000.0,2026-08-10,16:14:57
002102,ST能特,2.28,2.24,2.25,2.35,2.24,187258.0,43000000.0,56.44,48.56,117.39,1.82,0.88,10409800,8316000.0,2026-08-10,16:14:54
002103,广博股份,6.77,6.64,6.63,6.78,6.54,88216.0,58930000.0,36.17,26.28,23.34,2.88,2.27,5275600,3546000.0,2026-08-10,16:14:57
002104,恒宝股份,10.82,11.16,10.93,10.98,10.67,710564.0,767090000.0,76.64,64.89,549.88,3.63,11.85,32681800,38374600.0,2026-08-10,16:15:00
002105,信隆健康,5.7,5.49,5.49,5.71,5.47,67852.0,38110000.0,20.88,20.77,-32.66,2.61,1.86,3786200,2999000.0,2026-08-10,16:14:57
002106,莱宝高科,10.48,10.64,10.6,10.6,10.35,187152.0,195570000.0,73.97,73.87,36.09,1.33,2.66,7068600,11646600.0,2026-08-10,16:14:18
002107,沃华医药,6.3,6.3,6.32,6.4,6.25,112398.0,71030000.0,36.36,36.0,30.66,5.14,1.97,5048600,6191200.0,2026-08-10,16:15:00
002108,沧州明珠,4.42,4.32,4.32,4.43,4.3,253501.0,110910000.0,72.87,72.84,48.74,1.47,1.54,16923900,8426200.0,2026-08-10,16:14:21
002109,ST兴化,2.61,2.55,2.56,2.61,2.53,51265.0,13230000.0,33.31,33.31,-8.21,0.85,0.4,3662200,1464300.0,2026-08-10,16:15:00
002110,三钢闽光,3.13,3.13,3.12,3.18,3.11,245673.0,77310000.0,76.03,76.03,-52.62,0.39,1.01,11433800,13133500.0,2026-08-10,16:14:03
002111,威海广泰,9.67,9.59,9.56,9.67,9.47,78545.0,75540000.0,51.45,47.26,31.3,1.74,1.61,3920700,3933900.0,2026-08-10,16:14:03
002112,三变科技,17.7,16.09,16.42,17.7,16.42,454638.0,791980000.0,52.06,46.39,320.58,6.04,17.35,19010100,26453700.0,2026-08-10,16:14:24
002114,罗平锌电,7.66,7.22,7.3,7.77,7.23,157824.0,118260000.0,24.77,24.77,-14.36,3.43,4.88,9193600,6588800.0,2026-08-10,16:14:06
002115,三维通信,11.9,11.93,11.92,11.96,11.62,512019.0,604260000.0,95.8,88.81,1348.06,4.74,6.86,23876600,27325300.0,2026-08-10,16:14:06
002116,中国海诚,7.15,6.99,6.99,7.18,6.96,45822.0,32590000.0,39.97,39.48,11.89,1.47,0.83,2876600,1705600.0,2026-08-10,16:14:27
002117,东港股份,8.2,8.1,8.1,8.22,8.02,59455.0,48530000.0,42.95,42.93,28.47,3.24,1.14,3367000,2578500.0,2026-08-10,16:14:09
002119,康强电子,23.9,24.04,24.39,24.43,23.27,414993.0,984770000.0,89.69,89.69,77.31,6.44,11.06,19900300,21599000.0,2026-08-10,16:14:30
002120,韵达股份,6.8,6.71,6.7,6.8,6.68,302931.0,205010000.0,197.15,191.43,14.74,0.95,1.08,14722400,15570600.0,2026-08-10,16:14:09
002121,科陆电子,5.19,5.15,5.16,5.21,5.12,204186.0,105610000.0,86.81,73.26,-32.88,24.47,1.45,9296300,11122300.0,2026-08-10,16:14:03
002122,ST汇洲,2.6,2.49,2.49,2.6,2.45,230334.0,58280000.0,52.04,51.68,137.69,2.38,1.16,14743200,8290200.0,2026-08-10,16:14:12
002123,梦网科技,8.71,8.41,8.41,8.8,8.31,323892.0,278720000.0,70.15,62.76,-26.54,4.61,4.5,18615800,13773400.0,2026-08-10,16:14:06
002124,天邦食品,2.31,2.22,2.23,2.32,2.22,956774.0,218570000.0,51.33,45.56,-2.39,3.09,4.85,66497000,29180400.0,2026-08-10,16:14:12
002125,湘潭电化,12.76,12.54,12.6,12.77,12.56,197814.0,250800000.0,80.33,80.33,30.03,2.41,3.14,10801700,8979700.0,2026-08-10,16:14:09
002126,银轮股份,41.88,41.31,41.38,42.2,40.39,227161.0,937510000.0,354.65,333.01,36.98,4.81,2.86,11731800,10984400.0,2026-08-10,16:14:15
002127,南极电商,3.19,3.19,3.18,3.21,3.13,620981.0,197190000.0,78.31,63.63,-33.28,2.09,3.11,31569400,30528700.0,2026-08-10,16:14:18
002128,电投能源,27.95,27.64,27.64,28.19,27.63,105278.0,294240000.0,873.85,626.52,14.91,1.7,0.47,6607400,3920400.0,2026-08-10,16:14:33
002129,TCL中环,8.92,8.9,8.83,8.97,8.8,795004.0,706720000.0,360.64,360.33,-4.01,1.8,1.97,38226500,41273900.0,2026-08-10,16:14:12
002130,沃尔核材,17.23,17.23,17.29,17.32,16.98,235721.0,404160000.0,241.2,197.62,21.44,2.7,2.06,11105800,12466300.0,2026-08-10,16:14:15
002131,利欧股份,5.4,5.46,5.47,5.51,5.28,4845354.0,2601980000.0,365.68,316.16,-849.98,2.88,8.28,220230000,264305400.0,2026-08-10,16:14:36
002132,恒星科技,4.23,4.19,4.21,4.23,4.12,474425.0,198260000.0,59.29,59.19,84.99,1.71,3.39,22194300,25248200.0,2026-08-10,16:14:15
002133,广宇集团,2.7,2.6,2.61,2.71,2.6,133715.0,35700000.0,20.9,20.79,28.92,0.72,1.74,8683600,4687900.0,2026-08-10,16:14:39
002134,天津普林,22.52,22.55,22.55,22.75,21.76,81293.0,180440000.0,55.81,55.77,352.12,10.89,3.28,3923900,4205400.0,2026-08-10,16:14:18
002135,东南网架,6.39,6.43,6.43,6.51,6.35,80947.0,51810000.0,71.28,66.7,411.06,1.15,0.78,4058100,4036600.0,2026-08-10,16:14:27
002136,安 纳 达,12.5,12.15,12.19,12.53,12.14,65092.0,80730000.0,26.88,26.81,-35.88,2.47,3.04,3692400,2816800.0,2026-08-10,16:14:18
002137,实益达,8.03,8.02,8.07,8.11,7.8,243161.0,193130000.0,46.37,31.84,107.29,3.07,6.13,11469700,12846400.0,2026-08-10,16:14:30
002138,顺络电子,48.1,49.79,49.78,49.78,46.53,369497.0,1755420000.0,387.84,368.61,39.49,5.91,4.82,15749700,21200000.0,2026-08-10,16:14:21
002139,拓邦股份,10.16,10.24,10.32,10.34,10.11,167908.0,171460000.0,126.68,108.82,57.88,1.83,1.57,6692600,10098200.0,2026-08-10,16:14:24
002140,东华科技,9.23,9.12,9.11,9.23,9.06,80259.0,73620000.0,65.35,65.26,12.09,1.34,1.14,4884000,3141900.0,2026-08-10,16:14:21
002141,贤丰控股,6.72,6.11,6.12,6.72,6.1,2481186.0,1606100000.0,69.41,69.41,607.19,8.6,24.02,120445800,127672800.0,2026-08-10,16:14:33
002142,宁波银行,32.0,31.48,31.43,32.3,31.36,315591.0,1009860000.0,2113.15,2111.82,7.02,0.93,0.48,19000300,12558800.0,2026-08-10,16:14:21
002144,宏达高科,11.03,10.49,10.59,11.05,10.52,61357.0,66670000.0,19.5,15.18,51.66,0.91,4.46,3410200,2725500.0,2026-08-10,16:14:42
002145,钛能化学,4.58,4.49,4.52,4.61,4.5,557557.0,254910000.0,174.35,174.34,33.7,1.32,1.46,31452100,24303600.0,2026-08-10,16:14:45
002146,荣盛发展,1.14,1.11,1.11,1.15,1.1,1198639.0,135330000.0,49.57,44.59,-0.54,0.98,3.06,68009800,51854100.0,2026-08-10,16:14:36
002148,北纬科技,6.56,6.41,6.45,6.59,6.34,173789.0,112760000.0,36.65,29.58,833.48,3.01,3.85,10305600,7073300.0,2026-08-10,16:14:39
002149,西部材料,41.33,39.24,40.0,41.65,38.39,575658.0,2316580000.0,201.78,201.75,250.95,5.49,11.79,29520200,28045700.0,2026-08-10,16:14:42
002150,正泰电源,21.11,22.14,22.21,22.28,20.7,135830.0,285870000.0,76.18,75.68,27.39,3.58,3.79,5784500,7798500.0,2026-08-10,16:14:24
002151,北斗星通,29.9,29.68,29.69,29.96,29.13,122857.0,363390000.0,162.33,132.4,-75.86,3.36,2.77,6277000,6008600.0,2026-08-10,16:14:45
002152,广电运通,10.23,10.21,10.23,10.3,10.12,216990.0,221480000.0,254.05,253.92,30.01,2.08,0.87,9515900,12183100.0,2026-08-10,16:14:27
002153,石基信息,9.04,8.22,8.21,9.04,8.11,413792.0,360670000.0,246.72,144.62,-150.83,3.7,2.59,19819000,21560200.0,2026-08-10,16:14:30
002154,报 喜 鸟,4.28,4.1,4.1,4.29,4.09,410546.0,173860000.0,62.46,50.49,15.3,1.35,3.48,23297700,17756900.0,2026-08-10,16:14:33
002155,湖南黄金,27.08,25.78,26.0,27.2,25.6,912972.0,2426510000.0,423.17,423.13,24.16,5.13,5.84,49132800,42164400.0,2026-08-10,16:14:48
002156,通富微电,63.2,64.72,64.73,64.83,62.0,1023891.0,6461970000.0,959.12,959.03,66.31,6.17,6.75,47050900,55338200.0,2026-08-10,16:14:36
002157,正邦科技,2.98,2.9,2.91,2.99,2.9,1513025.0,447960000.0,275.65,232.07,-24.36,2.64,1.94,98465600,52836900.0,2026-08-10,16:14:24
002158,汉钟精机,27.76,28.08,28.19,28.35,27.21,91051.0,251310000.0,148.44,148.12,30.18,3.4,1.71,3654400,5450700.0,2026-08-10,16:14:39
002159,三特索道,13.54,13.13,13.14,13.57,13.07,31608.0,42420000.0,24.01,18.75,17.93,1.68,2.28,1981000,1179800.0,2026-08-10,16:14:42
002160,常铝股份,4.01,3.93,3.96,4.02,3.93,190345.0,75710000.0,41.41,41.33,61.27,1.1,1.85,11442300,7592100.0,2026-08-10,16:14:51
002161,远 望 谷,5.9,5.92,5.89,5.99,5.74,139350.0,81810000.0,43.65,43.64,3343.48,2.89,1.88,6499400,7435600.0,2026-08-10,16:14:27
002162,悦心健康,4.14,4.0,4.0,4.15,3.97,201529.0,82620000.0,38.08,38.02,370.02,4.6,2.19,12411800,7741100.0,2026-08-10,16:14:54
002163,海南发展,8.46,8.26,8.25,8.48,8.24,216908.0,182000000.0,71.48,67.98,-15.49,12.02,2.7,11470900,10219900.0,2026-08-10,16:14:57
002164,宁波东力,11.69,11.44,11.54,11.87,11.35,116815.0,136500000.0,62.21,56.09,30.82,3.91,2.43,6167500,5514000.0,2026-08-10,16:14:30
002165,红 宝 丽,6.97,6.62,6.62,7.08,6.6,761639.0,523250000.0,51.25,50.71,-178.72,2.59,10.47,44860600,31303300.0,2026-08-10,16:14:27
002166,莱茵生物,6.84,6.77,6.77,6.86,6.72,143294.0,97560000.0,50.73,50.52,32.76,1.63,1.94,7859400,6470000.0,2026-08-10,16:14:33
002167,东方锆业,18.11,17.22,17.7,18.87,17.6,1445055.0,2608910000.0,140.29,137.4,258.94,7.88,19.05,72507100,71998400.0,2026-08-10,16:14:36
002168,ST惠程,3.79,3.7,3.71,3.81,3.69,86408.0,32550000.0,29.72,29.72,-44.38,265.13,1.1,5219200,3421600.0,2026-08-10,16:14:48
002169,智光电气,12.97,12.91,13.12,13.16,12.73,182862.0,236640000.0,101.52,98.4,51.97,3.71,2.41,8244900,10041300.0,2026-08-10,16:15:00
002170,芭田股份,11.69,11.56,11.56,11.82,11.56,168245.0,196800000.0,113.44,92.22,11.18,3.24,2.13,8494800,8329700.0,2026-08-10,16:14:45
002171,楚江新材,9.98,10.04,10.13,10.17,9.87,426084.0,423530000.0,161.97,161.05,41.36,1.85,2.64,16793800,25814600.0,2026-08-10,16:14:39
002172,澳洋健康,3.41,3.29,3.3,3.42,3.28,238786.0,80520000.0,26.11,26.09,93.16,14.41,3.12,13488000,10390600.0,2026-08-10,16:14:03
002173,创新医疗,21.92,21.69,21.98,23.39,21.63,825717.0,1839250000.0,96.73,92.25,-209.98,5.61,19.62,39309600,43262100.0,2026-08-10,16:14:48
002174,游族网络,11.99,11.8,11.78,12.03,11.7,262217.0,311840000.0,117.48,117.41,-43.78,2.59,2.68,13686200,12535500.0,2026-08-10,16:14:06
002175,*ST东智,2.44,2.41,2.41,2.45,2.38,149911.0,36220000.0,31.15,31.15,-87.33,4.03,1.17,7943700,7047400.0,2026-08-10,16:14:42
002176,江特电机,9.3,9.35,9.45,9.47,9.25,710763.0,664720000.0,158.31,158.08,-31.29,5.45,4.18,32479200,38597200.0,2026-08-10,16:14:51
002177,御银股份,5.8,5.82,5.82,5.84,5.68,305771.0,176460000.0,44.15,39.62,305.3,2.57,4.48,13958800,16618300.0,2026-08-10,16:14:51
002178,延华智能,4.63,4.5,4.49,4.64,4.45,121718.0,55720000.0,32.97,32.96,396.44,7.63,1.71,6983000,5188800.0,2026-08-10,16:14:30
002179,中航光电,35.5,35.46,35.46,35.99,35.03,223831.0,793210000.0,745.59,744.23,38.83,3.23,1.07,9811600,12571400.0,2026-08-10,16:14:45
002180,奔图科技,18.7,18.8,18.5,19.27,17.88,397852.0,740460000.0,265.89,254.37,-36.03,2.91,2.92,18980000,20805200.0,2026-08-10,16:14:54
002181,粤 传 媒,9.2,9.13,9.12,9.22,8.9,459453.0,418190000.0,106.82,104.38,146.28,2.56,4.05,22916500,23028800.0,2026-08-10,16:14:57
002182,宝武镁业,12.87,12.7,12.99,13.07,12.71,264571.0,339700000.0,127.64,111.39,-306.52,2.42,3.06,11867500,14589600.0,2026-08-10,16:14:09
002183,怡 亚 通,4.64,4.63,4.65,4.66,4.55,411365.0,189630000.0,120.5,120.5,-37.15,1.33,1.58,18675500,22461100.0,2026-08-10,16:14:12
002184,海得控制,10.02,9.89,9.89,10.05,9.74,58865.0,58620000.0,35.26,24.09,-48.57,2.77,2.45,3339600,2546900.0,2026-08-10,16:14:33
002185,华天科技,18.06,17.98,18.18,18.19,17.51,3185358.0,5679610000.0,600.21,600.07,73.57,3.36,9.59,159094000,159441800.0,2026-08-10,16:14:48
002186,全 聚 德,9.42,9.16,9.15,9.47,9.13,54868.0,51310000.0,28.91,28.9,280.21,3.39,1.79,3450100,2036700.0,2026-08-10,16:14:51
002187,广百股份,5.38,5.25,5.27,5.41,5.22,101648.0,54320000.0,37.71,37.71,-39.94,0.94,1.45,5853100,4311800.0,2026-08-10,16:15:00
002188,中天服务,5.41,5.22,5.23,5.44,5.15,88511.0,47210000.0,17.7,13.92,61.32,4.91,3.44,5221400,3629600.0,2026-08-10,16:14:54
002189,中光学,20.1,18.67,18.64,20.14,18.49,87087.0,169880000.0,52.5,52.49,-23.87,12.57,3.33,5034400,3674300.0,2026-08-10,16:14:57
002190,成飞集成,24.15,23.2,23.09,24.19,23.09,111253.0,265300000.0,86.63,86.63,-133.33,1.99,3.1,6241400,4883900.0,2026-08-10,16:15:00
002191,劲嘉股份,3.78,3.75,3.75,3.8,3.73,143255.0,53990000.0,53.45,53.02,-14.21,0.9,1.02,8749700,5575800.0,2026-08-10,16:14:54
002192,融捷股份,70.24,69.49,70.7,71.86,69.2,202012.0,1426190000.0,182.38,182.0,33.97,4.78,7.8,9500200,10701000.0,2026-08-10,16:14:36
002193,ST如意,4.71,4.28,4.32,4.71,4.25,65774.0,29800000.0,12.33,12.33,-3.29,4.58,2.51,4238000,2339400.0,2026-08-10,16:14:57
002194,武汉凡谷,10.0,11.1,10.55,10.77,9.99,935124.0,948600000.0,68.33,51.09,-328.82,2.76,18.3,37393000,56119400.0,2026-08-10,16:15:00
002195,岩山科技,7.0,7.01,7.0,7.08,6.79,1879433.0,1305980000.0,396.66,393.11,485.14,4.02,3.35,86795500,101147800.0,2026-08-10,16:14:03
002196,方正电机,11.18,11.12,11.12,11.2,10.95,168240.0,186850000.0,55.44,54.6,116.28,3.89,3.44,8798000,8026000.0,2026-08-10,16:14:03
002197,证通电子,7.28,7.19,7.3,7.3,7.06,333788.0,239560000.0,44.73,38.88,-12.09,2.54,6.25,18103600,15275200.0,2026-08-10,16:14:06
002198,ST嘉应,3.39,3.34,3.32,3.39,3.3,43872.0,14730000.0,17.2,17.2,62.49,2.36,0.86,2662400,1724800.0,2026-08-10,16:14:09
002199,东晶电子,14.0,13.75,14.01,14.41,13.7,139719.0,194480000.0,34.08,32.33,-91.88,18.82,6.05,6752000,7219900.0,2026-08-10,16:14:12
002200,交投生态,6.83,6.87,6.81,6.86,6.63,69320.0,46870000.0,30.81,13.37,34.61,2.3,3.54,3660700,3271300.0,2026-08-10,16:14:03
002201,九鼎新材,8.47,8.48,8.62,8.62,8.22,163094.0,136440000.0,55.19,50.99,61.48,4.7,2.71,7514400,8795000.0,2026-08-10,16:14:39
002202,金风科技,21.68,21.8,21.9,21.9,20.88,1852180.0,3948750000.0,915.72,729.21,29.41,2.35,5.51,88189600,97028400.0,2026-08-10,16:14:06
002203,海亮股份,19.75,20.8,20.52,20.6,19.42,381740.0,761690000.0,452.62,436.9,43.76,2.7,1.73,15803000,22371000.0,2026-08-10,16:14:15
002204,大连重工,5.41,5.35,5.36,5.45,5.33,203979.0,110100000.0,104.49,104.49,17.07,1.33,1.06,11177300,9220600.0,2026-08-10,16:14:18
002205,国统股份,10.59,10.29,10.29,10.66,10.23,31722.0,33330000.0,19.68,19.68,-21.18,7.67,1.71,1857500,1314700.0,2026-08-10,16:14:09
002206,海 利 得,5.43,5.38,5.38,5.45,5.34,87608.0,47500000.0,63.1,57.39,12.68,1.62,0.83,4892300,3868500.0,2026-08-10,16:14:12
002207,*ST准油,6.11,5.89,5.88,6.11,5.75,124803.0,74560000.0,16.01,15.94,-39.58,136.73,4.79,6848100,5632200.0,2026-08-10,16:14:21
002208,合肥城建,11.4,11.44,11.62,11.68,11.11,398131.0,449980000.0,91.58,91.55,-16.51,1.55,4.96,18360100,21453000.0,2026-08-10,16:14:06
002209,达 意 隆,11.34,10.98,10.94,11.39,10.85,51523.0,57790000.0,23.19,17.9,21.01,2.62,3.26,3208800,1943500.0,2026-08-10,16:14:15
002210,飞马国际,2.3,2.24,2.24,2.31,2.22,656447.0,149180000.0,61.21,61.07,220.27,6.53,2.47,37904900,27739800.0,2026-08-10,16:14:09
002211,ST宏达,3.82,3.83,3.85,3.85,3.76,73119.0,27810000.0,16.52,16.52,-172.41,34.22,1.69,3109500,4202400.0,2026-08-10,16:14:42
002212,天融信,6.52,6.8,6.66,6.75,6.44,967403.0,633780000.0,76.9,76.08,183.67,0.81,8.29,40599700,56140600.0,2026-08-10,16:14:15
002213,大为股份,30.04,30.17,30.17,30.34,29.39,115176.0,342940000.0,71.37,62.1,3767.91,12.93,5.57,5645200,5872400.0,2026-08-10,16:14:18
002214,大立科技,14.94,15.86,15.61,15.7,14.42,183152.0,271600000.0,89.44,71.48,-39.4,7.11,3.83,7964200,10351100.0,2026-08-10,16:14:12
002215,诺 普 信,9.21,9.14,9.12,9.28,9.05,108162.0,99600000.0,92.49,74.42,11.92,2.02,1.34,5538800,5277400.0,2026-08-10,16:14:45
002216,三全食品,13.15,12.84,12.85,13.33,12.78,93132.0,122340000.0,115.61,82.91,19.09,2.64,1.48,4909000,4404200.0,2026-08-10,16:14:18
002217,ST合力泰,1.54,1.5,1.5,1.55,1.49,1294363.0,197050000.0,115.18,112.1,591.71,6.15,1.78,76679800,52756500.0,2026-08-10,16:14:24
002218,拓日新能,4.3,4.1,4.12,4.3,4.05,964623.0,407760000.0,60.56,59.67,-30.51,1.54,6.95,59625800,36836500.0,2026-08-10,16:14:21
002219,新里程,2.18,2.14,2.14,2.2,2.13,928851.0,201920000.0,75.25,71.33,292.17,3.65,2.84,52523100,40362000.0,2026-08-10,16:14:21
002221,东华能源,5.64,5.56,5.51,5.69,5.51,218524.0,123090000.0,88.89,82.39,-10.94,0.89,1.5,11112800,10739500.0,2026-08-10,16:14:24
002222,福晶科技,61.14,62.07,62.36,63.26,59.47,289956.0,1761840000.0,287.51,286.23,97.83,16.14,6.19,12351900,16643600.0,2026-08-10,16:14:27
002223,鱼跃医疗,27.55,27.34,27.35,28.06,27.15,135100.0,373250000.0,276.18,259.6,21.49,2.12,1.43,6612100,6897900.0,2026-08-10,16:14:15
002224,三 力 士,3.62,3.51,3.5,3.63,3.49,140597.0,50340000.0,32.66,29.19,-224.41,1.02,1.74,9464800,4595000.0,2026-08-10,16:14:24
002225,濮耐股份,3.85,3.76,3.76,3.86,3.72,221997.0,84310000.0,44.63,36.52,88.16,1.1,2.34,13515300,8684400.0,2026-08-10,16:14:27
002226,江南化工,5.15,5.07,5.05,5.18,5.0,262667.0,134180000.0,136.42,136.42,18.54,1.44,0.99,14011300,12255400.0,2026-08-10,16:14:27
002227,*ST特迅,6.28,6.21,6.21,6.28,6.15,27118.0,16910000.0,15.56,15.44,-23.89,1.69,1.1,1466500,1245300.0,2026-08-10,16:14:30
002228,合兴包装,3.14,3.08,3.09,3.15,3.06,210419.0,65580000.0,38.1,37.97,40.35,1.3,1.74,12597400,8444500.0,2026-08-10,16:14:30
002229,鸿博股份,10.67,10.58,10.7,10.8,10.35,206488.0,218090000.0,52.94,52.62,-20.2,4.94,4.19,9830400,10818400.0,2026-08-10,16:14:48
002230,科大讯飞,43.49,43.53,43.53,43.99,42.81,360917.0,1567720000.0,1044.66,952.42,121.06,4.62,1.65,17921400,18170300.0,2026-08-10,16:14:33
002231,*ST奥维,0.6,0.6,0.0,0.0,0.0,0.0,0.0,2.08,1.85,-1.1,2.54,0.0,0,0.0,2026-08-10,09:00:00
002232,启明信息,14.75,14.59,14.55,14.8,14.4,38816.0,56910000.0,60.26,60.26,126.43,4.29,0.95,2127500,1754100.0,2026-08-10,16:14:18
002233,塔牌集团,7.3,7.41,7.38,7.43,7.29,145490.0,106850000.0,85.71,85.67,20.5,0.73,1.24,5168300,9380700.0,2026-08-10,16:14:30
002234,民和股份,7.89,7.24,7.28,7.94,7.28,184115.0,141110000.0,27.53,23.78,-10.39,1.62,6.11,10860700,7550700.0,2026-08-10,16:14:51
002235,安妮股份,8.68,8.44,8.7,8.79,8.31,278885.0,238430000.0,50.31,48.05,-259.83,6.9,5.04,14115900,13772600.0,2026-08-10,16:14:33
002236,大华股份,16.85,16.84,16.84,16.93,16.7,295349.0,496190000.0,550.87,402.9,14.12,1.49,1.24,12890800,16644100.0,2026-08-10,16:14:21
002237,恒邦股份,14.73,14.25,14.32,14.82,14.13,405952.0,589260000.0,210.63,175.63,31.87,1.59,3.4,22428400,18166800.0,2026-08-10,16:14:24
002238,天威视讯,6.17,6.02,6.08,6.18,5.96,46386.0,28330000.0,49.52,49.52,-24.85,2.54,0.58,2837900,1800700.0,2026-08-10,16:14:33
002239,奥特佳,2.53,2.51,2.51,2.55,2.49,485049.0,122630000.0,88.89,82.63,46.86,1.42,1.49,27221500,21283500.0,2026-08-10,16:14:36
002240,盛新锂能,32.84,32.05,32.42,33.38,32.22,558957.0,1835030000.0,300.58,299.8,-111.61,2.8,6.12,27351300,28544300.0,2026-08-10,16:14:36
002241,歌尔股份,22.83,23.29,23.3,23.36,22.73,731902.0,1677070000.0,810.98,718.17,20.4,2.21,2.33,26174000,47016300.0,2026-08-10,16:14:36
002242,九阳股份,9.18,8.77,8.77,9.36,8.75,170239.0,155760000.0,70.04,69.92,70.75,2.08,2.24,8657600,8366300.0,2026-08-10,16:14:54
002243,力合科创,7.27,7.29,7.29,7.34,7.19,96096.0,69800000.0,88.01,87.54,49.99,1.22,0.8,3935600,5674000.0,2026-08-10,16:14:39
002244,滨江集团,8.71,8.5,8.5,8.96,8.5,479286.0,421110000.0,271.01,240.18,13.89,0.9,1.74,28871600,19057000.0,2026-08-10,16:14:27
002245,蔚蓝锂芯,17.19,17.65,17.84,18.26,16.88,996250.0,1722070000.0,293.54,276.17,38.39,3.8,6.2,43016300,56608600.0,2026-08-10,16:14:30
002246,北化股份,20.43,19.88,19.99,20.78,19.46,246557.0,500080000.0,112.17,112.17,29.4,3.44,4.49,13590000,11065700.0,2026-08-10,16:14:57
002247,聚力文化,2.34,2.27,2.27,2.34,2.23,211957.0,48720000.0,19.91,15.06,44.63,2.96,3.29,13525000,7670700.0,2026-08-10,16:14:33
002248,华东数控,10.05,9.14,9.16,10.05,9.15,348464.0,341620000.0,30.9,30.9,91.12,26.94,11.33,12453900,22392500.0,2026-08-10,16:14:36
002249,大洋电机,7.44,7.4,7.46,7.48,7.33,280180.0,207710000.0,183.54,138.66,16.73,1.9,1.5,13178000,14840000.0,2026-08-10,16:14:39
002250,联化科技,17.54,16.57,16.7,17.68,16.58,360340.0,625200000.0,157.84,156.98,38.11,2.37,4.03,19552000,16482000.0,2026-08-10,16:14:39
002251,步步高,3.75,3.66,3.67,3.76,3.65,791909.0,295060000.0,100.83,83.34,91.48,1.19,3.56,43723200,35467800.0,2026-08-10,16:15:00
002252,上海莱士,5.02,5.04,5.03,5.14,5.01,564113.0,286040000.0,330.95,330.73,24.94,1.03,0.86,22624600,33786700.0,2026-08-10,16:14:42
002253,川大智胜,9.9,9.89,9.94,9.98,9.78,36676.0,36250000.0,22.34,20.78,-8.99,2.63,1.75,1710700,1956900.0,2026-08-10,16:14:45
002254,泰和新材,12.6,12.53,12.59,12.62,12.32,193210.0,240460000.0,107.29,107.17,229.33,1.53,2.27,8650900,10670100.0,2026-08-10,16:14:39
002255,海陆重工,8.58,8.54,8.54,8.6,8.48,101805.0,86980000.0,71.29,54.74,15.96,1.56,1.6,4924100,5256400.0,2026-08-10,16:14:48
002256,兆新股份,3.61,3.38,3.37,3.62,3.35,1288674.0,452010000.0,73.67,72.72,144.62,6.1,6.4,80317800,48549600.0,2026-08-10,16:14:42
002258,利尔化学,14.48,14.09,14.05,14.56,13.96,306824.0,439680000.0,115.9,115.72,26.29,1.48,3.84,16855200,13827100.0,2026-08-10,16:14:03
002259,升达林业,4.1,4.01,4.03,4.14,4.0,136435.0,55800000.0,30.85,30.85,15.63,6.73,1.81,6880300,6763200.0,2026-08-10,16:14:42
002261,拓维信息,26.01,27.19,26.49,26.65,25.82,756553.0,1971640000.0,327.72,298.1,605.1,12.55,6.6,32877300,42777900.0,2026-08-10,16:14:45
002262,恩华药业,22.37,21.84,21.9,22.75,21.88,199936.0,448410000.0,227.23,197.7,21.16,2.85,2.26,11431700,8561900.0,2026-08-10,16:14:45
002263,大东南,3.07,3.04,3.03,3.08,2.98,508726.0,154500000.0,57.67,57.67,318.17,2.08,2.71,28816000,22056600.0,2026-08-10,16:14:48
002264,新 华 都,6.66,6.56,6.56,6.67,6.5,124417.0,82230000.0,47.94,43.35,29.94,2.38,1.91,6635600,5806100.0,2026-08-10,16:14:06
002265,建设工业,20.55,18.98,18.92,20.85,18.83,413820.0,834760000.0,212.29,212.29,91.2,5.56,4.01,23364800,18017200.0,2026-08-10,16:14:51
002266,浙富控股,5.18,5.05,5.05,5.2,5.04,834008.0,428790000.0,270.36,250.85,18.66,2.19,1.72,48399400,35001300.0,2026-08-10,16:14:51
002267,陕天然气,7.15,7.08,7.09,7.22,7.07,72450.0,51900000.0,79.51,79.51,16.02,1.17,0.65,3935100,3310000.0,2026-08-10,16:14:54
002268,电科网安,14.44,14.37,14.4,14.53,14.18,98652.0,141800000.0,122.11,122.05,334.45,2.23,1.17,4659200,5206000.0,2026-08-10,16:14:09
002269,美邦服饰,1.46,1.42,1.43,1.46,1.41,570140.0,82340000.0,36.68,34.22,-14.43,17.14,2.43,35638100,21375900.0,2026-08-10,16:14:57
002270,华明装备,20.3,20.17,20.2,20.68,20.14,133898.0,272690000.0,181.93,181.93,25.94,5.83,1.49,6423500,6966300.0,2026-08-10,16:14:48
002271,东方雨虹,11.79,11.61,11.64,11.88,11.55,373207.0,439000000.0,281.63,225.72,87.26,1.37,1.95,19358700,17962000.0,2026-08-10,16:14:42
002272,川润股份,14.59,14.78,15.07,15.32,14.36,227267.0,331970000.0,70.74,59.55,-254.41,4.85,5.57,8874500,13852200.0,2026-08-10,16:15:00
002273,水晶光电,26.93,27.63,27.65,27.69,26.48,480645.0,1291670000.0,374.5,367.89,31.25,3.78,3.52,19995300,28069200.0,2026-08-10,16:14:51
002274,华昌化工,5.76,5.6,5.59,5.77,5.58,252707.0,144270000.0,54.86,54.02,-29.74,1.06,2.69,14884700,10386000.0,2026-08-10,16:14:54
002275,桂林三金,13.48,13.36,13.36,13.58,13.29,20082.0,27070000.0,79.2,75.1,17.5,2.52,0.36,1214400,793800.0,2026-08-10,16:14:54
002276,万马股份,10.51,10.43,10.43,10.52,10.36,139469.0,145910000.0,106.26,105.85,32.35,1.75,1.38,6898400,7048500.0,2026-08-10,16:14:57
002277,友阿股份,5.75,5.72,5.73,5.77,5.65,127215.0,72950000.0,80.16,80.16,-24.38,1.25,0.91,6515600,6206000.0,2026-08-10,16:15:00
002278,神开股份,8.07,7.88,7.87,8.07,7.77,102350.0,81660000.0,31.36,28.96,88.9,2.27,2.85,6127800,4107200.0,2026-08-10,16:14:12
002279,久其软件,7.06,6.83,6.83,7.07,6.75,606313.0,423620000.0,60.87,56.16,81.17,4.36,7.62,34702300,25929000.0,2026-08-10,16:14:03
002281,光迅科技,178.3,193.04,190.93,194.72,173.74,788227.0,14196470000.0,1476.05,1402.03,142.47,10.67,10.02,35780200,43042400.0,2026-08-10,16:14:03
002282,博深股份,5.95,5.84,5.85,5.98,5.81,53651.0,31770000.0,31.35,30.05,23.71,0.88,1.06,3181100,2184000.0,2026-08-10,16:14:45
002283,天润工业,9.07,9.06,9.05,9.1,8.88,160272.0,143950000.0,103.35,90.96,24.92,1.72,1.6,7567000,8460200.0,2026-08-10,16:14:15
002284,亚太股份,9.54,9.48,9.47,9.57,9.36,124248.0,117780000.0,70.51,69.85,13.25,2.05,1.7,6662500,5762200.0,2026-08-10,16:14:06
002285,世联行,2.19,2.12,2.15,2.2,2.13,412257.0,89690000.0,43.64,43.26,-6.78,1.99,2.09,25083800,16141900.0,2026-08-10,16:14:57
002286,保龄宝,8.19,8.0,8.0,8.2,7.95,95634.0,77830000.0,31.12,30.28,20.15,1.38,2.59,5149700,4413700.0,2026-08-10,16:14:18
002287,奇正藏药,20.83,20.98,20.99,21.18,20.8,29861.0,62580000.0,119.17,118.93,17.84,2.48,0.52,1331500,1654600.0,2026-08-10,16:15:00
002289,宇顺电子,37.5,34.09,34.4,37.5,34.28,62969.0,227360000.0,105.1,102.91,313.51,39.61,2.29,2902100,3394800.0,2026-08-10,16:14:21
002290,禾盛新材,59.91,61.01,61.5,61.88,58.9,82402.0,492780000.0,148.64,148.17,73.37,14.13,3.33,3581500,4658700.0,2026-08-10,16:14:09
002291,遥望科技,5.65,5.57,5.6,5.66,5.47,360663.0,201400000.0,52.83,49.11,-16.01,1.78,4.15,18244400,17821900.0,2026-08-10,16:14:24
002292,奥飞娱乐,8.43,8.15,8.17,8.48,8.11,532115.0,441180000.0,124.65,85.81,160.86,4.19,5.23,29498700,23712800.0,2026-08-10,16:14:03
002293,罗莱生活,11.41,11.2,11.2,11.51,11.13,93395.0,106330000.0,95.53,94.73,17.23,2.39,1.12,4904500,4435000.0,2026-08-10,16:14:27
002294,信立泰,36.04,36.03,36.49,37.02,35.76,402402.0,1464950000.0,401.78,401.69,59.4,4.71,3.61,17017800,23222400.0,2026-08-10,16:14:06
002295,精艺股份,8.99,8.69,8.68,9.04,8.61,45000.0,39810000.0,22.53,22.51,-42.85,1.73,1.8,2397600,2102400.0,2026-08-10,16:14:12
002296,辉煌科技,9.1,9.0,8.98,9.12,8.87,110717.0,100000000.0,35.45,31.61,20.78,1.42,3.19,6227500,4844200.0,2026-08-10,16:14:09
002297,博云新材,19.14,19.2,19.28,19.62,18.61,578681.0,1095900000.0,109.69,109.69,56.78,4.85,10.1,26895600,30972500.0,2026-08-10,16:14:30
002298,中电鑫龙,9.34,8.49,8.66,9.34,8.66,386729.0,355180000.0,69.13,61.71,-16.36,3.7,5.85,12060500,26612300.0,2026-08-10,16:14:06
002299,圣农发展,17.14,16.51,16.56,17.17,16.5,138480.0,235650000.0,213.01,208.87,14.34,1.9,1.14,8039300,5808700.0,2026-08-10,16:14:15
002300,太阳电缆,7.9,7.18,7.2,7.9,7.19,912923.0,704560000.0,57.06,57.06,72.87,3.08,12.64,41959500,49332900.0,2026-08-10,16:14:33
002301,齐心集团,7.41,7.07,7.04,7.52,6.96,190325.0,137720000.0,53.65,53.2,72.0,1.73,2.65,10545400,8487100.0,2026-08-10,16:14:09
002302,西部建设,5.09,4.86,4.82,5.31,4.77,368451.0,185560000.0,64.25,64.25,-9.16,0.83,2.92,20323500,16521600.0,2026-08-10,16:14:18
002303,美盈森,5.47,5.34,5.4,5.54,5.23,711865.0,386290000.0,83.76,52.89,34.62,1.92,7.36,31899900,39286600.0,2026-08-10,16:14:48
002304,洋河股份,41.57,40.84,40.8,42.01,40.8,95110.0,395250000.0,626.23,626.21,61.67,1.33,0.63,5072700,4438300.0,2026-08-10,16:14:12
002305,*ST南置,2.15,2.12,2.1,2.17,2.09,181873.0,38750000.0,37.29,37.28,-2.81,14.89,1.05,10734700,7452600.0,2026-08-10,16:14:15
002306,ST云网,1.91,1.81,1.8,1.91,1.79,92738.0,17170000.0,16.61,15.52,-29.53,23.95,1.14,7023400,2250400.0,2026-08-10,16:14:51
002307,北新路桥,3.07,3.03,3.02,3.11,3.0,281018.0,86000000.0,50.62,50.01,-53.48,1.17,1.72,16211300,11890600.0,2026-08-10,16:14:21
002309,中利集团,3.43,3.25,3.25,3.47,3.2,3584880.0,1207850000.0,103.16,82.53,289.31,5.5,14.9,211426500,147061500.0,2026-08-10,16:14:24
002310,东方新能,2.53,2.48,2.47,2.53,2.44,1223147.0,304810000.0,151.78,111.29,-178.94,6.34,2.78,71384200,50930500.0,2026-08-10,16:14:27
002311,海大集团,46.59,45.91,45.63,47.12,45.48,135012.0,627450000.0,771.36,770.62,19.85,3.41,0.82,7332900,6168300.0,2026-08-10,16:14:30
002312,川发龙蟒,8.61,8.45,8.48,8.64,8.47,246641.0,211460000.0,162.53,162.2,40.49,1.71,1.31,13808600,10855500.0,2026-08-10,16:14:12
002313,日海智能,8.34,8.2,8.2,8.34,8.05,64847.0,53500000.0,31.22,31.22,-16.6,40.72,1.73,3363600,3121100.0,2026-08-10,16:14:18
002314,南山控股,2.15,2.09,2.09,2.15,2.08,287545.0,61220000.0,58.22,28.77,-2.47,0.86,2.15,18277400,10477100.0,2026-08-10,16:14:15
002315,焦点科技,27.83,27.3,27.3,28.16,27.27,101363.0,281700000.0,114.77,73.17,23.45,4.32,3.86,4937700,5198600.0,2026-08-10,16:14:33
002316,亚联发展,4.53,4.39,4.39,4.54,4.3,133500.0,59550000.0,17.81,15.44,426.1,22.74,3.92,7851200,5498800.0,2026-08-10,16:14:18
002317,众生药业,27.78,28.58,28.79,28.8,27.39,493462.0,1386680000.0,236.11,211.58,80.59,5.92,6.48,20829500,28516700.0,2026-08-10,16:14:54
002318,久立特材,20.34,19.97,19.97,20.58,19.95,95449.0,194120000.0,198.76,194.05,13.12,2.44,1.0,5134500,4410400.0,2026-08-10,16:14:57
002319,乐通股份,12.27,11.48,11.39,12.48,11.39,215092.0,260720000.0,25.7,25.7,-667.11,14.38,10.27,14373200,7136000.0,2026-08-10,16:14:21
002320,海峡股份,6.81,6.72,6.76,6.84,6.69,135261.0,91760000.0,152.26,152.26,83.93,3.78,0.6,6615200,6910900.0,2026-08-10,16:14:36
002321,华英农业,1.97,1.9,1.9,1.98,1.89,361479.0,70510000.0,42.02,41.84,-66.62,4.56,1.7,25224000,10923900.0,2026-08-10,16:14:39
002322,理工能科,10.82,10.68,10.65,10.83,10.62,28479.0,30700000.0,39.55,38.02,19.26,1.39,0.81,1740700,1107200.0,2026-08-10,16:14:21
002323,*ST雅博,1.31,1.31,1.31,1.32,1.29,359057.0,46750000.0,27.78,27.78,-16.32,14.5,1.69,16737600,19168100.0,2026-08-10,16:14:36
002324,普利特,9.49,9.4,9.46,9.55,9.32,150798.0,142080000.0,105.56,73.67,34.49,2.28,1.94,7147700,7932100.0,2026-08-10,16:14:39
002326,永太科技,19.47,19.5,19.5,19.89,19.27,286385.0,558320000.0,180.12,158.05,375.36,6.48,3.53,13705800,14932700.0,2026-08-10,16:14:24
002327,富安娜,6.64,6.51,6.5,6.68,6.46,68193.0,45180000.0,55.37,32.6,16.05,1.61,1.39,4302800,2516500.0,2026-08-10,16:14:42
002328,新朋股份,7.26,7.21,7.15,7.28,7.1,344619.0,248120000.0,56.03,41.43,27.31,1.68,6.04,16530300,17931600.0,2026-08-10,16:15:00
002329,皇氏集团,3.47,3.15,3.15,3.47,3.12,901239.0,300560000.0,28.88,22.61,-6.42,5.8,13.83,50098300,40025500.0,2026-08-10,16:14:45
002330,得利斯,3.97,3.82,3.82,3.97,3.8,151224.0,59310000.0,25.22,25.22,-231.79,1.1,2.38,9343000,5779400.0,2026-08-10,16:14:48
002331,皖通科技,7.12,6.97,7.0,7.18,6.94,74985.0,53130000.0,30.5,28.63,-8.99,2.11,1.86,3966200,3532300.0,2026-08-10,16:14:51
002332,仙琚制药,8.57,8.54,8.56,8.7,8.54,144866.0,124900000.0,84.77,84.38,21.22,1.44,1.47,7111100,7375500.0,2026-08-10,16:14:27
002333,罗普斯金,5.55,5.46,5.5,5.62,5.45,98861.0,54950000.0,37.46,36.99,75.15,1.95,1.48,5751000,4135100.0,2026-08-10,16:14:03
002334,英威腾,6.71,6.66,6.7,6.73,6.61,95835.0,64030000.0,55.03,49.32,38.43,1.84,1.3,4901300,4682200.0,2026-08-10,16:14:06
002335,科华数据,31.28,31.25,31.67,32.12,30.56,197992.0,613310000.0,235.98,206.37,55.26,3.7,3.0,8559100,11240100.0,2026-08-10,16:14:30
002336,人乐退,0.36,0.36,0.0,0.0,0.0,0.0,0.0,1.58,1.58,4.55,-0.33,0.0,0,0.0,2026-08-10,09:00:00
002337,赛象科技,4.66,4.57,4.57,4.66,4.54,69486.0,32140000.0,27.43,27.4,54.61,2.08,1.18,3839500,3109100.0,2026-08-10,16:14:24
002338,奥普光电,45.93,42.45,42.7,46.5,42.03,129018.0,565550000.0,110.23,110.23,112.7,7.72,5.38,7210600,5691200.0,2026-08-10,16:14:33
002339,积成电子,7.45,7.22,7.25,7.45,7.21,161057.0,118710000.0,37.55,35.66,461.11,2.16,3.36,9619100,6486600.0,2026-08-10,16:14:42
002340,格林美,6.91,6.84,6.85,7.03,6.83,1357847.0,940880000.0,352.57,350.75,22.15,1.65,2.68,67516200,68268500.0,2026-08-10,16:14:45
002342,巨力索具,8.41,8.3,8.4,8.43,8.03,503855.0,416050000.0,80.74,80.29,532.49,3.31,5.28,24934000,25451500.0,2026-08-10,16:14:54
002343,慈文传媒,5.23,5.11,5.16,5.25,5.06,93540.0,48460000.0,24.77,24.77,-74.53,2.59,1.97,4572000,4782000.0,2026-08-10,16:14:09
002344,海宁皮城,3.88,3.75,3.74,3.9,3.73,147885.0,56790000.0,49.77,49.71,103.42,0.59,1.15,9859000,4929500.0,2026-08-10,16:14:57
002345,潮宏基,11.65,10.59,10.8,11.65,10.66,346944.0,393650000.0,103.51,101.03,18.11,2.79,4.0,16675300,18019100.0,2026-08-10,16:14:27
002346,柘中股份,20.77,20.47,20.5,20.79,20.05,57686.0,118630000.0,91.72,81.44,32.88,3.42,1.47,3065500,2703000.0,2026-08-10,16:14:36
002347,泰尔股份,6.02,5.91,5.89,6.02,5.81,102854.0,61140000.0,30.38,29.7,-32.55,2.75,2.08,6067100,4218300.0,2026-08-10,16:14:12
002348,高乐股份,12.57,12.17,12.17,12.6,11.71,459377.0,556590000.0,124.84,113.57,-294.46,20.05,5.08,21812300,24125400.0,2026-08-10,16:14:48
002349,精华制药,6.89,6.87,6.92,6.95,6.85,142370.0,98330000.0,57.26,56.1,25.69,2.08,1.75,7139100,7097900.0,2026-08-10,16:15:00
002350,北京科锐,16.68,16.5,16.47,16.83,16.21,130282.0,214960000.0,90.46,88.5,450.7,5.1,2.46,6751600,6276600.0,2026-08-10,16:14:30
002351,漫步者,10.18,10.16,10.16,10.23,10.0,71226.0,72130000.0,90.51,53.04,21.0,3.12,1.37,3364300,3758400.0,2026-08-10,16:14:03
002352,顺丰控股,33.8,33.3,33.22,34.08,33.21,232378.0,785630000.0,1779.67,1622.1,15.6,1.81,0.48,13425000,9812700.0,2026-08-10,16:14:51
002353,杰瑞股份,145.85,145.12,147.5,153.63,141.0,121140.0,1756240000.0,1493.29,1007.88,53.27,6.56,1.75,5486600,6627400.0,2026-08-10,16:14:33
002354,天娱数科,8.37,8.03,8.08,8.43,7.93,4394673.0,3619400000.0,138.49,136.07,-580.63,10.07,27.03,241544800,197922400.0,2026-08-10,16:14:06
002355,兴民智通,4.68,4.71,4.72,4.82,4.6,498969.0,233040000.0,31.28,28.93,-4.99,3.82,8.07,21524300,28372600.0,2026-08-10,16:14:36
002356,鹏飞绿能,2.76,2.7,2.71,2.77,2.69,173451.0,47440000.0,36.19,36.19,99.1,6.04,1.32,10970300,6374800.0,2026-08-10,16:14:39
002357,富临运业,9.06,8.89,8.89,9.09,8.8,59946.0,53970000.0,28.4,28.4,16.64,1.6,1.91,3290500,2704100.0,2026-08-10,16:14:15
002358,森源电气,5.75,5.59,5.62,5.75,5.62,251837.0,143180000.0,53.46,53.46,54.27,1.6,2.71,15179700,10004000.0,2026-08-10,16:14:54
002360,ST同德,5.46,5.27,5.36,5.53,5.22,60474.0,32720000.0,21.94,17.77,-1.97,2.39,1.86,3749700,2297700.0,2026-08-10,16:14:57
002361,神剑股份,12.49,11.96,12.16,12.86,11.51,2006537.0,2443020000.0,118.78,101.05,-3095.61,5.42,24.8,101386400,99267300.0,2026-08-10,16:14:09
002362,汉王科技,16.04,15.93,15.88,16.06,15.58,30983.0,49300000.0,39.21,33.3,-17.47,4.32,1.49,1682800,1415500.0,2026-08-10,16:14:42
002363,隆基机械,6.54,6.37,6.39,6.56,6.35,63688.0,41260000.0,27.26,27.19,41.49,1.27,1.53,4152600,2216200.0,2026-08-10,16:14:39
002364,中恒电气,39.37,40.08,42.98,43.27,38.65,417891.0,1666270000.0,221.88,219.73,169.35,9.08,7.49,18984600,22804500.0,2026-08-10,16:14:42
002365,永安药业,13.68,13.85,13.8,14.15,13.56,480157.0,662940000.0,40.31,33.56,116.52,2.05,19.58,23725400,24290200.0,2026-08-10,16:14:45
002366,融发核电,6.33,6.18,6.16,6.37,6.14,873072.0,546790000.0,131.72,117.13,-177.63,2.84,4.72,48203900,39103200.0,2026-08-10,16:15:00
002367,康力电梯,5.46,5.4,5.39,5.47,5.36,93620.0,50910000.0,43.56,43.38,14.62,1.23,1.18,5263200,4098800.0,2026-08-10,16:14:48
002368,太极股份,14.57,14.46,14.54,14.71,14.27,77275.0,112180000.0,90.8,90.37,-10.26,2.28,1.25,3841800,3885700.0,2026-08-10,16:14:03
002369,卓翼科技,5.89,5.94,5.94,5.96,5.76,336691.0,196510000.0,33.39,33.35,-13.52,17.85,5.95,15764400,17904700.0,2026-08-10,16:14:45
002370,亚太药业,5.81,5.28,5.29,5.81,5.28,344032.0,196800000.0,43.32,43.32,42.67,3.88,4.61,15015200,19388000.0,2026-08-10,16:14:51
002371,北方华创,760.0,751.99,752.04,778.0,744.66,87286.0,6625320000.0,5515.24,5510.83,98.91,14.24,1.2,4688500,4040000.0,2026-08-10,16:14:48
002372,伟星新材,8.65,8.64,8.69,8.74,8.47,162890.0,140490000.0,137.71,127.16,16.02,2.92,1.11,7823900,8465100.0,2026-08-10,16:14:18
002373,千方科技,7.91,7.83,7.85,8.0,7.75,179783.0,141870000.0,124.99,108.97,244.15,1.09,1.31,8771000,9207300.0,2026-08-10,16:14:06
002374,中锐股份,3.4,3.26,3.26,3.42,3.22,457346.0,152300000.0,36.9,36.9,-11.39,6.9,4.21,25423500,20311100.0,2026-08-10,16:14:51
002375,亚厦股份,3.56,3.49,3.48,3.57,3.47,123001.0,43520000.0,47.7,47.38,14.5,0.58,0.92,7873700,4426400.0,2026-08-10,16:14:12
002376,新北洋,6.5,6.59,6.52,6.59,6.42,291947.0,189720000.0,52.69,51.16,66.03,1.44,3.71,12561800,16632900.0,2026-08-10,16:14:15
002377,国创高新,2.69,2.6,2.64,2.73,2.6,358785.0,96220000.0,24.65,23.47,108.98,6.2,4.11,20489900,15388600.0,2026-08-10,16:14:54
002378,章源钨业,28.28,27.03,27.3,29.04,26.19,838687.0,2291050000.0,339.76,337.98,54.0,13.19,7.02,39826200,44042400.0,2026-08-10,16:14:18
002379,宏桥控股,19.76,19.76,19.9,20.36,19.31,630810.0,1251110000.0,2574.95,224.55,13.07,5.25,5.55,30216100,32864900.0,2026-08-10,16:14:09
002380,科远智慧,29.32,29.0,29.36,29.43,28.46,39622.0,115070000.0,70.37,41.69,45.62,2.95,2.79,1965000,1997200.0,2026-08-10,16:14:54
002381,双箭股份,5.53,5.33,5.33,5.54,5.31,56816.0,31090000.0,22.76,17.81,40.16,1.07,1.76,3481300,2200300.0,2026-08-10,16:14:21
002382,蓝帆医疗,6.07,5.98,5.99,6.08,5.96,142069.0,85860000.0,61.16,60.57,-7.27,0.89,1.42,7107300,7099600.0,2026-08-10,16:14:24
002383,合众思壮,7.1,6.99,6.99,7.1,6.87,86264.0,60520000.0,52.57,52.57,-32.75,3.5,1.17,4757600,3868800.0,2026-08-10,16:14:57
002384,东山精密,185.94,195.27,195.28,198.66,178.85,1026959.0,19040060000.0,3405.69,2577.73,166.94,15.04,7.41,49049600,53646400.0,2026-08-10,16:14:12
002385,大北农,3.09,2.99,2.99,3.1,2.99,1003106.0,307420000.0,132.87,107.03,-13.98,1.79,2.9,71052600,29258000.0,2026-08-10,16:14:21
002386,天原股份,5.97,5.92,5.92,6.0,5.9,147237.0,87740000.0,77.71,77.69,50.8,1.02,1.13,7217800,7505900.0,2026-08-10,16:14:24
002387,维信诺,7.12,7.09,7.09,7.13,6.98,104265.0,73740000.0,99.45,99.32,-4.0,3.81,0.75,5925600,4500900.0,2026-08-10,16:15:00
002388,新亚制程,5.74,5.22,5.26,5.74,5.26,534581.0,298860000.0,29.31,29.05,-94.27,3.06,10.56,27432100,26026000.0,2026-08-10,16:14:03
002389,航天彩虹,19.35,18.47,18.51,19.42,18.41,417994.0,792220000.0,190.58,190.55,119.93,2.37,4.24,25606700,16192700.0,2026-08-10,16:14:27
002390,信邦制药,3.07,3.04,3.04,3.1,3.03,246653.0,75640000.0,59.68,59.18,46.73,0.89,1.28,13929700,10735600.0,2026-08-10,16:14:06
002391,长青股份,5.37,5.24,5.25,5.38,5.23,92757.0,49510000.0,34.88,24.92,63.92,0.84,2.0,5922100,3353600.0,2026-08-10,16:14:30
002392,北京利尔,7.58,7.5,7.5,7.62,7.4,112774.0,84920000.0,90.24,87.74,22.29,1.53,0.97,5627500,5649900.0,2026-08-10,16:14:27
002393,力生制药,14.89,14.78,14.81,14.97,14.75,35061.0,52070000.0,45.9,44.7,11.12,1.03,1.17,1692000,1814100.0,2026-08-10,16:14:15
002394,联发股份,9.98,9.66,9.63,10.04,9.48,49632.0,48820000.0,32.31,32.25,13.35,0.77,1.54,2995500,1967700.0,2026-08-10,16:14:18
002395,双象股份,12.51,12.28,12.28,12.52,12.21,27815.0,34600000.0,33.55,33.55,20.43,2.24,1.04,1731500,1050000.0,2026-08-10,16:14:57
002396,星网锐捷,30.03,29.6,29.48,30.33,28.87,714286.0,2115430000.0,228.39,227.45,56.54,3.32,9.43,35825500,35603200.0,2026-08-10,16:14:09
002397,梦洁股份,3.64,3.44,3.47,3.73,3.45,290870.0,104210000.0,27.22,23.58,48.69,2.22,4.49,15279000,13808000.0,2026-08-10,16:14:30
002398,垒知集团,4.16,4.09,4.08,4.18,4.03,245938.0,101450000.0,28.63,24.95,63.25,0.8,4.1,13581700,11012100.0,2026-08-10,16:14:33
002399,海普瑞,10.96,9.96,9.96,10.96,9.96,135911.0,144660000.0,160.82,136.69,42.27,1.34,1.09,5952100,7639000.0,2026-08-10,16:14:36
002400,省广集团,6.94,6.91,6.93,6.98,6.79,605533.0,417510000.0,120.99,119.8,152.02,2.42,3.51,28847400,31705900.0,2026-08-10,16:14:21
002401,中远海科,12.41,12.32,12.28,12.49,12.17,31000.0,38300000.0,46.12,46.08,130.53,2.79,0.83,1844500,1255500.0,2026-08-10,16:14:33
002402,和而泰,21.57,21.48,21.77,21.91,21.26,208071.0,446670000.0,199.18,176.55,30.0,2.97,2.54,9963500,10843600.0,2026-08-10,16:14:36
002403,爱仕达,9.65,9.6,9.6,9.7,9.36,39715.0,38090000.0,32.87,28.68,-14.09,2.38,1.34,2002400,1969100.0,2026-08-10,16:14:12
002404,嘉欣丝绸,6.0,5.88,5.87,6.02,5.85,68161.0,40650000.0,33.6,27.33,18.11,1.77,1.5,4382800,2433300.0,2026-08-10,16:14:24
002405,四维图新,6.65,6.64,6.66,6.7,6.57,383278.0,254280000.0,157.61,156.66,141.29,1.79,1.63,18270900,20056900.0,2026-08-10,16:14:15
002406,远东传动,6.86,6.76,6.76,6.88,6.69,110273.0,75170000.0,50.09,41.31,28.98,1.28,1.83,6407100,4620200.0,2026-08-10,16:14:18
002407,多氟多,38.51,36.54,36.8,39.85,36.05,2529575.0,9465860000.0,458.44,415.43,87.56,5.37,23.45,130616800,122340700.0,2026-08-10,16:14:39
002408,齐翔腾达,5.14,5.15,5.1,5.19,5.09,258135.0,132920000.0,146.12,141.41,-21.76,1.33,0.94,10949100,14864400.0,2026-08-10,16:14:21
002409,雅克科技,155.24,148.78,152.0,155.55,146.3,351494.0,5313170000.0,738.83,494.47,73.39,9.29,11.04,17894600,17254800.0,2026-08-10,16:14:27
002410,广联达,9.54,9.39,9.43,9.6,9.34,228129.0,216700000.0,157.6,149.79,38.49,2.76,1.45,12246700,10566300.0,2026-08-10,16:14:24
002412,汉森制药,7.27,7.27,7.22,7.4,7.19,412060.0,299760000.0,36.58,36.19,16.24,1.61,8.28,18951800,22254200.0,2026-08-10,16:14:42
002413,雷科防务,9.03,9.17,9.17,9.21,8.71,1320603.0,1178160000.0,119.14,116.98,-188.45,3.62,10.19,66094700,65965700.0,2026-08-10,16:14:39
002414,高德红外,14.22,14.06,14.11,14.3,13.86,900817.0,1271990000.0,607.3,483.28,62.7,8.2,2.65,46538900,43542800.0,2026-08-10,16:15:00
002415,海康威视,37.44,37.24,37.16,37.64,36.67,922271.0,3434400000.0,3431.33,3386.86,20.88,4.07,1.02,46332200,45895000.0,2026-08-10,16:14:30
002416,爱施德,9.67,9.59,9.55,9.71,9.46,135131.0,130040000.0,119.84,118.35,31.85,2.23,1.1,6574400,6938700.0,2026-08-10,16:14:03
002418,康盛股份,3.75,3.81,3.82,3.83,3.64,563777.0,209390000.0,42.62,42.61,245.4,2.93,4.96,24224100,32153600.0,2026-08-10,16:14:33
002419,天虹股份,4.61,4.51,4.5,4.62,4.5,97132.0,44510000.0,52.61,52.61,65.55,1.35,0.85,5695400,4017800.0,2026-08-10,16:14:42
002420,毅昌科技,5.82,5.63,5.61,5.84,5.58,109010.0,62620000.0,23.94,23.55,12.03,2.83,2.69,6726400,4174600.0,2026-08-10,16:14:36
002421,达实智能,3.49,3.41,3.41,3.5,3.32,3212292.0,1103340000.0,74.01,69.92,-11.79,2.73,16.03,169627500,151601600.0,2026-08-10,16:14:45
002422,科伦药业,46.41,45.44,46.27,47.77,45.55,480879.0,2241290000.0,738.28,602.69,46.98,3.11,3.7,22270200,25817800.0,2026-08-10,16:14:39
002423,中粮资本,9.21,9.11,9.08,9.28,9.08,127310.0,117100000.0,212.21,212.21,20.99,0.9,0.55,6938500,5792500.0,2026-08-10,16:14:27
002424,ST百灵,4.59,4.59,4.59,4.6,4.53,74245.0,34000000.0,64.15,52.87,-63.93,2.01,0.64,3828300,3596200.0,2026-08-10,16:14:45
002425,凯撒文化,3.31,3.48,3.38,3.49,3.17,1605621.0,526620000.0,31.67,30.46,-5.76,1.28,17.45,75431800,85130300.0,2026-08-10,16:14:30
002426,胜利精密,2.76,2.75,2.8,2.81,2.69,793719.0,217040000.0,93.91,93.91,-12.31,5.72,2.33,36667000,42704900.0,2026-08-10,16:14:42
002427,尤夫股份,4.43,4.33,4.33,4.45,4.3,117267.0,51630000.0,43.65,43.61,343.56,4.61,1.19,6798500,4928200.0,2026-08-10,16:14:06
002428,云南锗业,102.58,100.08,104.6,105.8,98.68,1352689.0,13791120000.0,669.97,669.88,3516.22,45.8,20.71,71026500,64242400.0,2026-08-10,16:14:33
002429,兆驰股份,7.99,8.15,8.2,8.32,7.86,727636.0,580700000.0,361.7,361.49,30.7,2.19,1.61,29589600,43173900.0,2026-08-10,16:14:36
002430,杭氧股份,23.99,23.99,23.96,24.1,23.8,126929.0,303960000.0,234.71,234.61,23.76,2.4,1.3,5697400,6995400.0,2026-08-10,16:14:09
002431,ST棕榈,1.33,1.32,1.32,1.35,1.31,135546.0,18050000.0,23.97,23.97,-2.07,8.07,0.75,8006600,5548000.0,2026-08-10,16:14:12
002432,九安医疗,72.28,72.62,73.78,76.88,71.71,393070.0,2887180000.0,336.75,336.3,14.68,1.61,8.45,18675500,20631500.0,2026-08-10,16:14:48
002434,万里扬,5.8,5.78,5.8,5.84,5.66,138772.0,80130000.0,76.13,76.06,37.28,1.3,1.06,6927900,6949300.0,2026-08-10,16:14:45
002436,兴森科技,33.44,33.8,34.5,35.07,32.05,1338689.0,4449530000.0,568.37,507.6,393.83,10.75,8.82,64802200,69066700.0,2026-08-10,16:14:15
002437,誉衡药业,3.43,3.12,3.29,3.43,3.26,4614918.0,1567560000.0,76.48,72.04,18.58,3.2,21.97,180834500,280657300.0,2026-08-10,16:14:48
002438,江苏神通,14.16,13.99,13.99,14.24,13.92,116476.0,164370000.0,71.87,66.39,25.54,1.94,2.48,6029600,5618000.0,2026-08-10,16:14:48
002439,启明星辰,14.32,14.42,14.27,14.38,14.1,257617.0,366860000.0,173.47,104.34,-33.03,1.59,3.54,11639600,14122100.0,2026-08-10,16:14:39
002440,闰土股份,13.87,13.25,13.26,13.99,13.18,754678.0,1033450000.0,155.9,131.26,19.36,1.57,7.97,39802800,35665100.0,2026-08-10,16:14:51
002441,众业达,8.03,7.91,7.93,8.06,7.86,60272.0,48310000.0,43.73,32.0,23.66,1.0,1.51,3363600,2663600.0,2026-08-10,16:14:51
002442,龙星科技,5.13,4.93,4.98,5.26,4.9,188572.0,96310000.0,25.82,25.21,130.3,1.4,3.84,10944100,7913100.0,2026-08-10,16:14:42
002443,金洲管道,9.13,9.33,9.29,9.37,8.85,427275.0,387720000.0,47.52,47.52,31.39,1.36,8.21,18962400,23765100.0,2026-08-10,16:14:18
002444,巨星科技,30.94,30.04,30.17,31.04,29.55,149284.0,452490000.0,369.57,354.8,14.41,1.98,1.3,8528500,6399900.0,2026-08-10,16:14:45
002445,中南文化,2.99,2.95,2.95,3.0,2.92,411422.0,122040000.0,71.06,70.75,135.5,3.11,1.74,24302900,16839300.0,2026-08-10,16:14:48
002446,盛路通信,8.81,9.2,9.04,9.1,8.65,566304.0,497210000.0,80.65,74.69,115.94,3.17,6.68,25074000,31556400.0,2026-08-10,16:14:51
002448,中原内配,12.29,12.15,12.18,12.34,12.08,176511.0,215870000.0,72.32,71.34,14.56,1.89,3.04,9419200,8231900.0,2026-08-10,16:14:54
002449,国星光电,6.46,6.37,6.39,6.48,6.3,93580.0,59800000.0,39.95,39.95,-63.15,1.06,1.51,5231300,4126700.0,2026-08-10,16:14:54
002451,摩恩电气,7.51,7.22,7.23,7.51,7.23,176274.0,130900000.0,33.09,32.98,248.04,4.31,4.01,9999100,7628300.0,2026-08-10,16:14:21
002452,长高电气,11.59,11.5,11.51,11.65,11.47,109443.0,126350000.0,71.9,60.02,19.65,2.65,2.11,5157900,5786400.0,2026-08-10,16:14:24
002453,华软科技,4.42,4.28,4.28,4.44,4.25,124812.0,54390000.0,35.91,26.64,-13.13,4.81,2.07,6765600,5715600.0,2026-08-10,16:14:27
002454,松芝股份,5.08,4.96,4.94,5.09,4.93,108039.0,54300000.0,44.66,44.57,19.8,1.13,1.23,6377800,4426100.0,2026-08-10,16:14:57
002455,百川股份,7.38,7.05,7.28,7.76,7.18,1304648.0,970740000.0,53.32,48.77,-58.63,1.91,19.74,63961900,66502900.0,2026-08-10,16:14:57
002456,欧菲光,7.4,7.62,7.61,7.62,7.33,1110428.0,825600000.0,258.7,245.5,-176.15,4.96,3.35,51183000,59859800.0,2026-08-10,16:15:00
002457,青龙管业,11.52,10.83,11.14,11.77,10.93,443670.0,502980000.0,38.42,38.39,29.86,1.54,13.31,25343700,19023300.0,2026-08-10,16:14:30
002458,益生股份,9.99,9.08,9.13,9.99,9.13,366901.0,360010000.0,142.98,96.54,30.63,3.08,3.8,15968700,20721400.0,2026-08-10,16:14:51
002459,晶澳科技,7.8,7.72,7.72,7.85,7.58,371000.0,287860000.0,258.16,257.93,-6.4,1.24,1.12,19997100,17102900.0,2026-08-10,16:14:33
002460,赣锋锂业,54.13,52.82,53.5,55.18,53.13,545744.0,2958780000.0,1134.94,655.63,29.82,2.46,4.51,26633900,27940600.0,2026-08-10,16:14:36
002461,珠江啤酒,8.81,8.69,8.72,8.85,8.68,54055.0,47570000.0,194.99,194.99,21.06,1.81,0.24,2710700,2694800.0,2026-08-10,16:14:54
002462,嘉事堂,12.08,11.89,11.94,12.15,11.91,39677.0,47880000.0,35.24,35.21,34.11,0.8,1.36,2364800,1602900.0,2026-08-10,16:14:54
002463,沪电股份,122.7,125.87,126.8,127.2,119.5,591360.0,7236570000.0,2361.19,2359.29,54.89,14.92,3.08,28245000,30891100.0,2026-08-10,16:15:00
002465,海格通信,10.92,10.85,10.91,10.94,10.56,528170.0,568690000.0,271.02,270.59,-32.81,2.4,2.13,26745200,26071800.0,2026-08-10,16:14:03
002466,天齐锂业,48.91,47.87,48.5,49.79,48.2,642579.0,3145680000.0,837.94,721.78,37.5,1.81,4.35,30288400,33969500.0,2026-08-10,16:14:57
002467,二六三,4.8,4.81,4.81,4.82,4.64,428508.0,203430000.0,66.02,65.61,-21.11,4.22,3.14,20522900,22327900.0,2026-08-10,16:14:57
002468,申通快递,14.7,14.58,14.57,14.86,14.4,148019.0,217440000.0,225.03,217.01,14.14,2.0,1.0,7132700,7669200.0,2026-08-10,16:15:00
002469,三维化学,5.86,5.75,5.73,5.88,5.7,66559.0,38790000.0,38.02,36.82,28.38,1.51,1.06,3949100,2706800.0,2026-08-10,16:14:06
002470,金正大,2.01,1.95,1.95,2.02,1.94,993215.0,197630000.0,66.05,66.04,177.39,3.1,3.02,66891600,32429900.0,2026-08-10,16:14:39
002471,中超控股,5.89,5.8,5.9,5.92,5.69,570518.0,331670000.0,80.62,79.16,-1128.18,4.47,4.24,27664900,29386900.0,2026-08-10,16:14:09
002472,双环传动,38.51,39.28,39.58,39.66,38.29,187918.0,725870000.0,327.33,288.28,25.78,3.25,2.51,7217300,11574500.0,2026-08-10,16:15:00
002474,榕基软件,7.04,6.4,6.39,7.04,6.35,459010.0,316220000.0,43.8,37.23,-67.1,3.32,8.68,16449000,29452000.0,2026-08-10,16:14:12
002475,立讯精密,55.79,56.99,57.5,57.86,55.0,1207651.0,6774080000.0,4316.93,4086.66,25.08,4.94,1.65,49456900,71308200.0,2026-08-10,16:14:03
002476,新叶股份,4.64,4.52,4.54,4.65,4.5,91131.0,41850000.0,28.4,28.4,94.51,2.95,1.49,5282800,3830300.0,2026-08-10,16:14:06
002478,常宝股份,6.42,6.32,6.33,6.44,6.29,103200.0,65860000.0,57.83,46.4,13.2,0.98,1.43,5492400,4827600.0,2026-08-10,16:14:42
002479,富春环保,5.8,5.62,5.6,5.81,5.56,222205.0,127700000.0,50.17,50.06,23.78,1.2,2.57,13225000,8995500.0,2026-08-10,16:14:03
002480,新筑股份,5.75,5.54,5.6,5.85,5.57,172044.0,98540000.0,44.23,44.14,-23.48,5.48,2.24,10267300,6937100.0,2026-08-10,16:14:15
002481,双塔食品,4.3,4.11,4.12,4.3,4.09,181105.0,76800000.0,53.05,48.08,137.07,2.18,1.62,11903100,6207400.0,2026-08-10,16:14:06
002482,广田集团,1.29,1.25,1.25,1.29,1.24,478581.0,60650000.0,48.39,48.29,-41.18,10.87,1.28,35428300,12429800.0,2026-08-10,16:14:09
002483,润邦股份,5.25,5.16,5.17,5.27,5.14,116831.0,61010000.0,46.54,46.48,12.97,1.04,1.32,6895700,4787400.0,2026-08-10,16:14:12
002484,江海股份,66.11,67.58,69.0,70.43,63.57,464339.0,3050360000.0,562.28,542.41,82.14,9.06,5.66,20793700,25640200.0,2026-08-10,16:14:09
002485,ST雪发,5.78,5.88,5.88,5.88,5.72,28317.0,16320000.0,31.44,31.44,-15.86,3.1,0.52,1008100,1823600.0,2026-08-10,16:14:18
002486,嘉麟杰,2.43,2.35,2.35,2.44,2.33,236512.0,56790000.0,20.03,19.94,52.24,1.88,2.88,16285400,7365800.0,2026-08-10,16:14:21
002487,大金重工,42.1,42.12,42.11,42.54,41.0,235504.0,978250000.0,311.58,265.62,23.84,3.6,3.73,11126900,12423500.0,2026-08-10,16:14:15
002488,金固股份,8.96,8.79,8.86,9.0,8.75,228684.0,203740000.0,89.19,82.44,156.39,2.58,2.49,11065400,11803000.0,2026-08-10,16:14:12
002489,浙江永强,2.76,2.7,2.7,2.77,2.69,253694.0,69510000.0,59.86,52.8,24.09,1.34,1.33,17144800,8224600.0,2026-08-10,16:14:18
002490,山东墨龙,7.92,7.77,7.9,7.93,7.65,485523.0,379270000.0,65.22,42.9,1226.84,12.95,8.96,24890800,23661500.0,2026-08-10,16:14:24
002491,通鼎互联,17.37,17.26,17.52,17.88,16.67,1524126.0,2626260000.0,213.65,204.35,-136.29,8.48,12.96,75771900,76640700.0,2026-08-10,16:14:45
002492,恒基达鑫,5.64,5.53,5.59,5.67,5.48,58620.0,32920000.0,22.84,22.44,-34.86,1.41,1.47,2802100,3060000.0,2026-08-10,16:14:03
002493,荣盛石化,13.52,13.23,13.22,13.85,13.21,576561.0,781830000.0,1350.57,1262.51,43.92,2.97,0.62,30108400,27547700.0,2026-08-10,16:14:48
002494,华斯股份,4.83,4.63,4.63,4.85,4.55,101263.0,47960000.0,18.22,13.85,65.95,1.45,3.53,5776600,4349700.0,2026-08-10,16:14:21
002495,佳隆股份,2.38,2.29,2.3,2.39,2.28,227500.0,53370000.0,22.27,16.52,113.11,2.03,3.28,14014600,8735500.0,2026-08-10,16:14:06
002496,辉丰股份,2.04,1.99,1.98,2.05,1.98,186601.0,37800000.0,30.75,24.1,-13.4,2.76,1.58,12685400,5974700.0,2026-08-10,16:14:15
002497,雅化集团,19.09,18.45,18.69,19.23,18.59,501252.0,945750000.0,220.02,202.28,24.76,2.01,4.73,28436300,21688900.0,2026-08-10,16:14:09
002498,汉缆股份,7.01,6.82,6.87,7.09,6.82,1736954.0,1210050000.0,233.21,233.21,40.85,2.69,5.22,91411200,82284200.0,2026-08-10,16:14:24
002500,山西证券,5.38,5.34,5.34,5.41,5.33,163858.0,88150000.0,193.13,193.13,20.77,1.05,0.46,8709400,7676400.0,2026-08-10,16:14:18
002501,*ST利源,1.32,1.3,1.3,1.34,1.28,333317.0,43670000.0,46.86,46.81,-27.51,29.21,0.94,18424300,14907400.0,2026-08-10,16:14:27
002506,协鑫集成,2.72,2.68,2.7,2.74,2.63,2219801.0,597350000.0,159.13,158.97,-13.78,16.9,3.8,120786600,101193500.0,2026-08-10,16:14:30
002507,涪陵榨菜,11.6,11.46,11.46,11.76,11.44,182298.0,212200000.0,133.85,133.49,17.42,1.53,1.58,9777100,8452700.0,2026-08-10,16:14:33
002508,老板电器,15.77,15.25,15.2,15.81,15.11,146884.0,228830000.0,149.02,147.22,12.19,1.31,1.57,8841800,5846700.0,2026-08-10,16:14:21
002510,天汽模,5.71,5.62,5.65,5.73,5.55,156077.0,88590000.0,57.96,57.38,96.88,2.29,1.55,9071800,6535900.0,2026-08-10,16:14:24
002511,中顺洁柔,7.34,7.27,7.27,7.41,7.23,126191.0,92830000.0,94.04,92.85,26.53,1.72,1.0,6738700,5880400.0,2026-08-10,16:14:51
002512,ST达华,3.81,3.87,3.82,3.86,3.74,246994.0,93620000.0,42.0,41.7,-33.14,14.12,2.26,10367500,14331900.0,2026-08-10,16:14:36
002513,蓝丰生化,5.25,5.09,5.08,5.28,5.03,84194.0,43780000.0,19.72,15.17,-10.76,49.19,2.91,4992700,3426700.0,2026-08-10,16:14:12
002514,*ST宝馨,1.91,1.94,1.95,1.98,1.87,326570.0,62740000.0,13.75,10.58,-6.77,-26.05,5.89,13944900,18712100.0,2026-08-10,16:14:39
002515,金字火腿,6.97,7.32,7.37,7.38,6.8,670836.0,466220000.0,84.38,76.8,-1468.45,3.25,6.09,28448900,38634700.0,2026-08-10,16:14:54
002516,旷达科技,5.4,5.38,5.39,5.41,5.31,115694.0,62180000.0,79.43,78.87,40.75,2.14,0.79,5153200,6416200.0,2026-08-10,16:14:27
002517,恺英网络,18.31,17.93,17.91,18.35,17.56,724918.0,1306040000.0,391.18,345.89,18.06,3.86,3.84,36581200,35910500.0,2026-08-10,16:14:30
002518,科士达,33.39,34.23,34.76,35.09,32.85,131568.0,440330000.0,194.4,188.7,30.45,4.12,2.33,4933000,8223900.0,2026-08-10,16:14:15
002519,银河电子,5.72,5.54,5.6,5.73,5.37,574611.0,322640000.0,64.43,64.26,-130.38,2.9,5.11,34220600,23240600.0,2026-08-10,16:14:27
002520,日发精机,5.95,5.77,5.78,6.02,5.65,394369.0,231220000.0,44.64,42.69,-35.23,15.08,5.5,21212700,18224100.0,2026-08-10,16:14:18
002521,齐峰新材,7.1,6.85,6.85,7.22,6.78,110340.0,78310000.0,39.76,29.76,22.46,1.02,2.63,6551300,4482700.0,2026-08-10,16:14:57
002522,浙江众成,5.07,4.99,5.03,5.07,4.89,301340.0,150610000.0,45.92,45.88,77.89,1.99,3.33,16342800,13791300.0,2026-08-10,16:14:30
002523,天桥起重,3.38,3.28,3.27,3.39,3.26,267900.0,89830000.0,47.88,47.71,41.74,1.96,1.9,16671200,10118800.0,2026-08-10,16:14:33
002524,光正眼科,4.05,3.84,3.83,4.06,3.8,235950.0,94050000.0,20.87,20.63,-87.3,22.67,4.63,14203200,9391800.0,2026-08-10,16:14:42
002526,山东矿机,2.78,2.7,2.7,2.79,2.68,419734.0,115100000.0,49.56,49.24,62.28,1.54,2.37,26632800,15340600.0,2026-08-10,16:14:21
002527,新时达,11.75,11.83,11.83,11.86,11.5,63959.0,74690000.0,77.91,62.14,1271.59,6.26,1.21,3395600,3000300.0,2026-08-10,16:14:33
002528,*ST英飞,4.62,4.62,4.62,4.75,4.56,74555.0,34660000.0,55.38,48.52,-17.59,-42.26,0.71,3715200,3740300.0,2026-08-10,16:14:36
002529,海源复材,7.04,6.88,6.92,7.08,6.84,42708.0,29860000.0,18.3,18.3,-10.02,22.97,1.64,2478000,1792800.0,2026-08-10,16:14:39
002530,金财互联,7.32,7.24,7.21,7.32,7.14,128860.0,93340000.0,57.04,50.88,84.72,4.29,1.85,6580900,6305100.0,2026-08-10,16:14:42
002531,天顺风能,6.71,6.67,6.63,6.74,6.54,348945.0,232060000.0,120.57,119.89,-52.47,1.39,1.95,16989900,17904600.0,2026-08-10,16:14:36
002532,天山铝业,13.94,13.55,13.77,14.08,13.65,948384.0,1315250000.0,645.25,572.5,10.79,2.14,2.31,46922900,47915500.0,2026-08-10,16:14:45
002533,金杯电工,11.58,11.51,11.48,11.62,11.36,96576.0,111280000.0,84.99,74.82,13.7,1.9,1.49,4826300,4831300.0,2026-08-10,16:14:24
002534,西子洁能,15.88,16.11,16.1,16.34,15.7,118552.0,188160000.0,132.75,131.07,29.96,2.38,1.44,5187200,6668000.0,2026-08-10,16:14:45
002535,林州重机,2.51,2.42,2.42,2.52,2.4,150679.0,37270000.0,20.12,18.73,-30.79,3.38,2.02,9188100,5879800.0,2026-08-10,16:14:39
002536,飞龙股份,39.52,39.61,39.61,40.45,37.8,357385.0,1380530000.0,227.16,215.15,90.1,6.8,6.56,16019900,19718600.0,2026-08-10,16:14:42
002537,海联金汇,5.88,5.8,5.79,5.9,5.73,197663.0,115050000.0,69.03,68.84,22.88,1.57,1.69,11072800,8693500.0,2026-08-10,16:14:45
002538,ST司特,7.18,6.99,7.0,7.21,6.96,154724.0,110510000.0,61.29,61.25,31.26,1.18,1.81,8833900,6638400.0,2026-08-10,16:15:00
002539,云图控股,12.8,12.33,12.3,13.02,12.26,287114.0,366750000.0,154.59,113.89,17.63,1.63,3.23,15257800,13453600.0,2026-08-10,16:14:27
002540,亚太科技,5.22,5.09,5.11,5.25,5.05,107455.0,55640000.0,65.12,44.8,17.53,1.19,1.25,6380900,4364600.0,2026-08-10,16:14:48
002541,鸿路钢构,20.57,18.7,18.81,20.57,18.7,171632.0,343510000.0,141.94,102.06,22.1,1.47,3.46,9236300,7926800.0,2026-08-10,16:14:48
002542,*ST中岩,1.71,1.65,1.65,1.73,1.63,312583.0,53000000.0,30.88,30.07,-3.28,-19.1,1.78,20867900,10390400.0,2026-08-10,16:14:48
002543,万和电气,6.71,6.55,6.55,6.72,6.53,49893.0,33270000.0,49.9,44.39,43.02,1.07,0.75,3241700,1747600.0,2026-08-10,16:14:30
002544,普天科技,17.23,16.82,16.83,17.43,16.5,142487.0,241950000.0,117.26,117.24,470.13,3.16,2.09,7020600,7228200.0,2026-08-10,16:14:51
002545,东方铁塔,18.92,18.47,18.43,19.14,18.26,243334.0,457340000.0,235.38,213.83,16.79,2.39,2.15,11587500,12745900.0,2026-08-10,16:14:54
002546,新联电子,8.64,8.6,8.52,8.66,8.51,242263.0,208130000.0,72.06,69.23,12.82,1.9,3.02,11064900,13161400.0,2026-08-10,16:14:51
002547,*ST春兴,2.6,2.51,2.5,2.67,2.44,395685.0,101330000.0,29.33,28.72,-6.65,-6.71,3.58,24534100,15034400.0,2026-08-10,16:14:51
002548,金新农,4.18,3.95,3.96,4.19,3.95,409845.0,168350000.0,34.62,33.63,-7.67,3.31,5.09,25689300,15295200.0,2026-08-10,16:14:03
002549,凯美特气,14.76,14.4,14.4,14.78,14.4,364926.0,532870000.0,102.63,102.19,296.36,5.0,5.27,18901900,17590700.0,2026-08-10,16:14:57
002550,千红制药,6.83,7.04,6.97,7.13,6.8,368999.0,253990000.0,87.41,65.13,29.77,3.19,3.87,14811900,22088000.0,2026-08-10,16:14:33
002551,尚荣医疗,3.17,3.08,3.08,3.18,3.07,148520.0,46680000.0,26.8,19.37,-17.25,1.08,2.43,8549400,6302600.0,2026-08-10,16:14:54
002552,宝鼎科技,52.36,47.6,52.36,52.36,50.53,237859.0,1234620000.0,203.15,192.95,117.89,12.97,6.45,6326500,17459400.0,2026-08-10,16:14:36
002553,南方精工,16.01,15.9,15.96,16.02,15.59,56807.0,90220000.0,56.58,41.02,22.24,3.68,2.22,2921900,2758800.0,2026-08-10,16:14:39
002554,惠博普,2.88,2.82,2.82,2.88,2.82,217623.0,62320000.0,38.41,38.4,-8.97,2.01,1.63,13868200,7894100.0,2026-08-10,16:15:00
002555,三七互娱,19.98,19.79,19.84,19.98,19.57,350812.0,695300000.0,442.01,317.15,13.71,3.36,2.21,18349300,16731900.0,2026-08-10,16:14:03
002556,辉隆股份,5.1,4.89,4.94,5.12,4.91,205176.0,103700000.0,47.68,47.64,28.83,1.38,2.2,11580900,8936700.0,2026-08-10,16:14:57
002557,洽洽食品,19.6,19.36,19.34,19.98,19.3,101944.0,200910000.0,99.15,98.84,24.21,2.0,2.02,5300400,4894000.0,2026-08-10,16:14:06
002558,巨人网络,29.79,29.34,29.03,29.8,28.83,740946.0,2171390000.0,566.18,566.18,22.77,3.55,3.9,38201400,35893200.0,2026-08-10,16:14:09
002559,亚威股份,9.78,9.68,9.68,9.85,9.51,266976.0,258320000.0,62.77,49.29,61.61,2.63,5.3,13331400,13366300.0,2026-08-10,16:14:42
002560,通达股份,6.54,6.38,6.43,6.55,6.37,269167.0,174150000.0,48.09,41.42,27.58,1.78,4.25,15680800,11236000.0,2026-08-10,16:14:12
002561,徐家汇,6.78,6.6,6.59,6.79,6.56,47874.0,32210000.0,28.19,28.1,-123.97,1.3,1.16,2906400,1881000.0,2026-08-10,16:14:54
002562,兄弟科技,4.64,4.56,4.57,4.65,4.54,187186.0,86320000.0,53.03,37.75,48.46,1.49,2.3,9516700,9201900.0,2026-08-10,16:14:57
002563,森马服饰,6.18,6.01,6.05,6.24,5.97,209874.0,129060000.0,166.49,136.4,16.83,1.47,0.95,11538800,9448500.0,2026-08-10,16:14:15
002564,天沃科技,4.56,4.4,4.4,4.6,4.38,178709.0,80660000.0,39.17,39.17,123.0,20.62,2.08,10779100,7091800.0,2026-08-10,16:14:06
002565,顺灏股份,9.88,9.95,9.97,10.03,9.53,571105.0,557370000.0,104.73,104.72,159.66,5.7,5.39,27096400,30014100.0,2026-08-10,16:15:00
002566,益盛药业,6.79,6.57,6.59,6.82,6.58,117787.0,79300000.0,22.47,15.74,67.52,1.01,5.08,6994700,4784000.0,2026-08-10,16:14:18
002567,唐人神,3.73,3.61,3.59,3.74,3.59,267433.0,98850000.0,53.45,53.4,-3.08,1.29,1.87,17671300,9072000.0,2026-08-10,16:14:09
002568,百润股份,19.99,19.48,19.38,20.08,19.36,198460.0,393830000.0,208.22,152.35,28.63,4.17,2.6,10265900,9580100.0,2026-08-10,16:14:03
002569,*ST步森,12.65,13.05,12.95,12.95,12.55,17290.0,21870000.0,18.22,17.71,210.18,45.87,1.23,646800,1082200.0,2026-08-10,16:14:21
002570,贝因美,4.53,4.45,4.46,4.53,4.42,205230.0,92410000.0,48.93,48.92,32.57,3.0,1.9,11934300,8588700.0,2026-08-10,16:14:45
002571,德力股份,10.94,11.25,11.28,11.3,10.73,59814.0,65120000.0,42.88,32.63,-17.16,5.39,2.01,2480400,3501000.0,2026-08-10,16:14:48
002572,索菲亚,8.31,8.14,8.13,8.38,8.09,120577.0,99850000.0,80.03,54.14,9.41,1.21,1.85,6245800,5811900.0,2026-08-10,16:14:51
002573,清新环境,3.27,3.2,3.21,3.28,3.19,94008.0,30470000.0,46.28,46.21,-11.32,0.84,0.67,5999600,3401200.0,2026-08-10,16:14:06
002574,明牌珠宝,4.7,4.56,4.58,4.72,4.54,90055.0,41940000.0,24.82,24.82,-8.03,0.91,1.71,5997500,3008000.0,2026-08-10,16:14:09
002575,群兴玩具,5.3,5.2,5.21,5.33,5.1,270744.0,141680000.0,32.67,30.97,-266.85,3.87,4.63,14684600,12389900.0,2026-08-10,16:14:54
002576,通达动力,14.78,14.48,14.46,14.82,14.32,33974.0,49800000.0,24.4,23.95,28.61,1.87,2.1,1983300,1414100.0,2026-08-10,16:14:12
002577,雷柏科技,18.73,18.8,18.8,18.9,18.4,32081.0,59920000.0,52.57,52.57,-1030.92,4.48,1.14,1467900,1740200.0,2026-08-10,16:15:00
002578,闽发铝业,3.46,3.39,3.39,3.46,3.33,314594.0,107200000.0,32.48,29.8,-152.93,2.15,3.65,15842100,15617300.0,2026-08-10,16:14:03
002579,中京电子,14.82,15.15,14.86,15.32,14.47,1250676.0,1845620000.0,90.79,86.46,346.15,3.78,21.44,57033700,68033900.0,2026-08-10,16:14:06
002580,圣阳股份,20.99,19.08,19.19,20.99,19.19,919733.0,1848850000.0,95.27,94.95,51.17,3.98,20.33,47183900,44789400.0,2026-08-10,16:14:15
002581,*ST未名,3.86,3.67,3.69,3.9,3.66,120697.0,46000000.0,25.47,15.47,-19.05,1.41,3.01,6244600,5825100.0,2026-08-10,16:14:12
002582,好想你,10.43,10.02,9.98,10.44,9.96,409885.0,422210000.0,46.7,35.9,2.41,0.96,11.91,25058700,15929800.0,2026-08-10,16:14:57
002583,海能达,8.43,8.33,8.33,8.48,8.21,204737.0,171510000.0,153.31,108.13,-48.51,7.53,1.6,11371100,9102600.0,2026-08-10,16:14:09
002584,西陇科学,8.34,8.12,8.14,8.34,8.08,345497.0,284170000.0,48.81,39.07,-67.65,2.23,7.38,17224000,17325700.0,2026-08-10,16:14:12
002585,双星新材,9.56,9.37,9.48,9.8,9.01,1142380.0,1070590000.0,109.11,84.77,-22.7,1.31,12.88,57572000,56666000.0,2026-08-10,16:14:15
002586,ST围海,3.8,3.76,3.76,3.85,3.68,41623.0,15750000.0,43.48,41.33,16.35,1.36,0.38,2397400,1764900.0,2026-08-10,16:14:24
002587,奥拓电子,5.66,5.6,5.6,5.68,5.53,170103.0,95760000.0,37.04,30.15,295.7,2.81,3.19,8580500,8429800.0,2026-08-10,16:14:18
002588,史丹利,8.84,8.65,8.63,8.99,8.62,175914.0,156110000.0,101.83,75.9,9.37,1.34,2.05,10218500,7372900.0,2026-08-10,16:14:27
002589,瑞康医药,3.34,3.04,3.17,3.34,3.14,1691764.0,556670000.0,50.26,45.61,350.11,0.95,12.39,90927500,78248900.0,2026-08-10,16:14:30
002590,万安科技,9.59,9.52,9.52,9.62,9.39,44527.0,42530000.0,49.78,47.47,23.28,1.64,0.9,2451500,2001200.0,2026-08-10,16:14:33
002591,恒大高新,6.31,6.12,6.18,6.32,6.09,86931.0,54230000.0,18.94,14.1,-87.05,2.96,3.89,4992600,3700500.0,2026-08-10,16:14:36
002592,ST八菱,6.21,6.14,6.11,6.23,6.1,27368.0,16900000.0,17.64,16.32,14.97,1.78,1.04,1760600,976200.0,2026-08-10,16:14:15
002593,日上集团,4.46,4.33,4.34,4.48,4.3,144282.0,63580000.0,35.85,25.0,28.0,1.47,2.57,8004200,6424000.0,2026-08-10,16:14:39
002594,比亚迪,91.15,90.04,90.04,91.8,89.4,385737.0,3510270000.0,8310.33,3178.05,30.17,3.63,1.11,19058700,19515000.0,2026-08-10,16:14:18
002595,豪迈科技,53.22,52.4,52.41,53.56,52.13,42226.0,223960000.0,617.35,613.08,25.84,5.26,0.37,2568700,1654000.0,2026-08-10,16:15:00
002596,海南瑞泽,3.36,3.19,3.23,3.42,3.18,403171.0,133950000.0,38.56,38.52,-19.17,7.25,3.52,24053700,16263400.0,2026-08-10,16:14:21
002597,金禾实业,20.24,20.25,20.25,20.4,19.8,67775.0,136900000.0,115.03,114.81,57.21,1.48,1.19,2925000,3852500.0,2026-08-10,16:14:24
002598,ST章鼓,6.73,6.63,6.62,6.73,6.61,24365.0,16220000.0,21.0,19.28,35.31,1.72,0.85,1565400,871100.0,2026-08-10,16:14:42
002599,盛通股份,6.22,6.13,6.18,6.23,6.06,93562.0,57750000.0,33.63,25.71,346.41,2.68,2.26,5054000,4302200.0,2026-08-10,16:14:18
002600,领益智造,12.63,12.72,12.8,12.84,12.46,855283.0,1076180000.0,1025.59,909.36,48.51,4.23,1.19,34324800,51203400.0,2026-08-10,16:14:27
002601,龙佰集团,16.55,16.21,16.86,17.13,16.48,320975.0,537620000.0,394.59,328.95,52.93,1.73,1.61,15475800,16621800.0,2026-08-10,16:14:30
002602,世纪华通,14.31,13.77,13.7,14.33,13.55,1003982.0,1404280000.0,1054.74,972.63,16.79,3.31,1.48,60445500,39952700.0,2026-08-10,16:14:21
002603,以岭药业,16.89,16.99,17.05,17.18,16.8,264581.0,448660000.0,282.18,232.5,20.61,2.67,1.92,12350100,14107900.0,2026-08-10,16:14:21
002605,姚记科技,18.55,18.42,18.41,18.63,18.15,68089.0,125430000.0,77.46,62.74,16.61,2.1,2.01,3838500,2970400.0,2026-08-10,16:14:03
002606,大连电瓷,14.84,14.41,14.49,14.87,14.46,329869.0,484780000.0,65.16,62.53,25.95,3.34,7.83,17766600,15220400.0,2026-08-10,16:14:24
002607,中公教育,2.21,2.15,2.13,2.22,2.13,2612974.0,569900000.0,136.3,122.51,242.43,16.94,4.71,141390400,119907000.0,2026-08-10,16:14:24
002608,江苏国信,7.37,7.3,7.29,7.39,7.25,163938.0,120500000.0,278.44,278.44,8.24,0.79,0.43,8624500,7769400.0,2026-08-10,16:14:06
002609,捷顺科技,7.93,7.85,7.82,7.96,7.7,59378.0,46790000.0,51.02,36.39,79.92,2.18,1.29,3172600,2765200.0,2026-08-10,16:14:09
002611,东方精工,16.15,16.27,16.28,16.33,15.93,237605.0,382500000.0,196.59,162.14,4.71,2.07,2.37,10351000,13409500.0,2026-08-10,16:14:12
002612,朗姿股份,16.75,15.54,15.47,16.85,15.3,226357.0,363860000.0,74.11,42.62,7.79,2.64,8.9,13118300,9517300.0,2026-08-10,16:14:15
002613,北玻股份,3.42,3.34,3.36,3.43,3.29,293697.0,99060000.0,37.64,26.46,356.28,1.71,3.8,18360900,11008800.0,2026-08-10,16:14:27
002614,奥佳华,5.02,4.77,4.75,5.03,4.75,163290.0,80990000.0,31.31,22.15,-56.05,0.74,3.7,9148000,7181000.0,2026-08-10,16:14:33
002615,哈尔斯,6.7,6.53,6.58,6.72,6.47,74966.0,49710000.0,37.51,20.24,125.14,1.57,2.48,4351500,3145100.0,2026-08-10,16:14:18
002616,长青集团,4.84,4.69,4.7,4.84,4.69,171898.0,82230000.0,41.59,28.43,13.93,1.19,2.93,11297700,5892100.0,2026-08-10,16:14:36
002617,露笑科技,6.38,6.44,6.52,6.53,6.32,827755.0,527460000.0,121.81,119.79,65.88,1.89,4.41,32204500,50571000.0,2026-08-10,16:14:39
002620,*ST瑞和,5.07,5.16,5.1,5.13,4.97,51959.0,26190000.0,19.14,16.02,-21.0,-25.97,1.64,2371700,2824200.0,2026-08-10,16:14:30
002622,皓宸医疗,2.62,2.38,2.37,2.62,2.37,405535.0,102510000.0,22.01,22.01,-19.05,8.23,4.83,18424100,22129400.0,2026-08-10,16:14:33
002623,亚玛顿,16.87,15.68,15.73,16.99,15.51,74401.0,121550000.0,32.57,32.5,-21.5,1.31,3.86,4140800,3299300.0,2026-08-10,16:14:45
002624,完美世界,11.73,11.49,11.52,11.76,11.3,475048.0,550150000.0,227.56,214.39,42.83,3.46,2.6,26593600,20911200.0,2026-08-10,16:14:42
002625,光启技术,30.95,30.47,30.47,31.06,30.1,257568.0,786580000.0,666.84,666.84,93.58,6.87,1.2,13097600,12659100.0,2026-08-10,16:14:48
002626,金达威,16.46,14.96,16.17,16.46,15.75,114441.0,186650000.0,100.4,100.38,35.38,2.41,1.88,6164400,5279600.0,2026-08-10,16:14:51
002627,三峡旅游,6.65,6.49,6.48,6.73,6.45,111980.0,74340000.0,46.93,46.43,76.35,1.59,1.6,5896900,5301100.0,2026-08-10,16:14:36
002628,成都路桥,4.97,4.92,4.92,5.15,4.9,256417.0,128330000.0,37.63,37.46,-54.32,1.33,3.4,12832500,12809200.0,2026-08-10,16:14:27
002629,仁智股份,4.7,4.61,4.62,4.71,4.53,118844.0,55410000.0,20.03,17.03,241.21,31.76,3.28,6949800,4934600.0,2026-08-10,16:14:54
002630,*ST华西,1.67,1.65,1.65,1.68,1.64,100415.0,16710000.0,19.72,17.98,-6.12,-25.9,0.93,5271200,4770300.0,2026-08-10,16:14:45
002631,德尔未来,9.16,8.68,8.7,9.2,8.6,559374.0,498630000.0,73.03,72.69,-36.07,3.61,7.05,27483400,28453900.0,2026-08-10,16:14:21
002632,道明光学,8.44,8.35,8.34,8.45,8.2,115974.0,96680000.0,52.72,48.48,24.96,2.49,2.02,6515900,5081500.0,2026-08-10,16:14:30
002633,申科股份,15.21,14.73,14.8,15.22,14.52,25914.0,38690000.0,22.82,22.73,240.1,5.31,1.73,1330700,1260600.0,2026-08-10,16:14:57
002634,*ST棒杰,4.48,4.14,4.09,4.5,4.08,101721.0,43730000.0,20.58,19.81,-2.07,-2.64,2.3,6364100,3807900.0,2026-08-10,16:14:48
002635,安洁科技,15.17,14.97,15.11,15.18,14.79,177130.0,264700000.0,100.07,60.0,87.1,1.74,4.48,8384800,9328200.0,2026-08-10,16:14:33
002636,金安国纪,66.78,65.4,65.44,67.3,62.44,844181.0,5470800000.0,486.16,483.7,101.45,13.06,11.65,38060800,46357300.0,2026-08-10,16:14:24
002637,赞宇科技,11.02,10.93,10.91,11.03,10.51,139192.0,151190000.0,51.84,51.24,25.81,1.39,2.99,7245200,6674000.0,2026-08-10,16:14:39
002638,勤上股份,3.73,3.71,3.71,3.75,3.65,166867.0,61680000.0,53.58,50.45,-15.6,2.83,1.23,9067000,7619700.0,2026-08-10,16:14:27
002639,雪人集团,12.61,12.52,12.62,12.65,12.38,238529.0,298660000.0,98.23,83.18,325.71,3.83,3.62,12494300,11358700.0,2026-08-10,16:14:30
002640,跨境通,3.49,3.34,3.33,3.65,3.31,1709594.0,596350000.0,54.38,54.03,-21.21,8.44,11.04,94818300,76141100.0,2026-08-10,16:15:00
002641,公元股份,3.94,3.86,3.87,3.94,3.84,113180.0,44250000.0,48.43,44.68,70.26,0.89,1.0,7064500,4253500.0,2026-08-10,16:14:51
002642,荣联科技,7.5,7.31,7.35,7.5,7.22,182461.0,135520000.0,49.62,49.62,248.77,4.18,2.76,11054500,7191600.0,2026-08-10,16:14:36
002643,万润股份,14.09,14.15,14.22,14.43,13.92,208350.0,292940000.0,129.05,127.12,44.13,1.86,2.31,9387100,11447900.0,2026-08-10,16:14:03
002644,佛慈制药,8.09,8.04,7.99,8.13,7.96,46736.0,37620000.0,41.31,41.31,78.71,2.25,0.92,2518900,2154700.0,2026-08-10,16:14:33
002645,华宏科技,20.1,19.21,19.49,20.19,19.3,634980.0,1245790000.0,151.38,136.72,38.85,3.6,9.34,32008600,31489400.0,2026-08-10,16:14:39
002646,天佑德酒,7.21,6.8,6.8,7.25,6.8,141343.0,100240000.0,34.54,34.31,-234.58,1.2,2.97,8654100,5480200.0,2026-08-10,16:14:54
002647,仁东控股,10.49,9.54,9.55,10.49,9.46,491678.0,503980000.0,118.57,106.5,-151.4,19.05,4.84,23749700,25418100.0,2026-08-10,16:14:42
002648,卫星化学,26.46,25.78,25.74,26.93,25.72,539057.0,1424760000.0,891.34,890.77,15.21,2.64,1.6,27232100,26673600.0,2026-08-10,16:14:42
002649,博彦科技,10.79,10.66,10.68,11.05,10.43,689295.0,740170000.0,63.82,57.87,144.8,1.55,12.85,34116000,34813400.0,2026-08-10,16:14:45
002650,ST加加,6.33,6.34,6.31,6.38,6.2,23857.0,15080000.0,70.08,70.08,-54.44,4.03,0.22,897900,1487800.0,2026-08-10,16:14:57
002651,利君股份,7.93,7.73,7.74,7.94,7.65,80894.0,63390000.0,81.95,44.84,199.12,2.99,1.43,4618600,3470800.0,2026-08-10,16:14:48
002652,扬子新材,3.95,3.83,3.83,3.97,3.78,165459.0,64400000.0,20.23,20.23,-75.21,8.61,3.23,9321700,7224200.0,2026-08-10,16:14:51
002653,海思科,70.28,71.6,72.27,74.22,68.7,121268.0,860630000.0,787.08,377.25,102.54,17.32,2.26,5921800,6204900.0,2026-08-10,16:14:54
002654,万润科技,13.52,13.09,13.32,13.72,12.88,655202.0,865720000.0,114.28,114.28,399.85,7.38,7.75,34610300,30909900.0,2026-08-10,16:14:57
002655,共达电声,31.27,29.38,29.59,31.31,28.36,356859.0,1052610000.0,114.01,113.78,194.05,13.86,9.81,16185100,19500900.0,2026-08-10,16:14:45
002656,摩登大道,2.97,2.92,2.94,2.98,2.88,103783.0,30590000.0,21.16,20.39,-42.51,5.13,1.51,5978700,4399600.0,2026-08-10,16:14:48
002657,中科金财,15.88,15.8,15.95,15.98,15.63,102656.0,162170000.0,54.0,53.38,-32.18,3.38,3.05,5501800,4763800.0,2026-08-10,16:14:36
002658,雪迪龙,7.41,7.25,7.28,7.42,7.23,63014.0,46420000.0,47.11,26.57,30.37,1.84,1.76,4088900,2212500.0,2026-08-10,16:14:51
002659,凯文教育,4.8,4.68,4.66,4.91,4.6,388511.0,185170000.0,28.72,28.72,-165.86,1.34,6.49,19714800,19136300.0,2026-08-10,16:14:54
002660,茂硕电源,7.24,6.92,6.88,7.25,6.86,75328.0,53660000.0,25.82,24.83,-9.78,2.59,2.2,3876900,3655900.0,2026-08-10,16:15:00
002661,克明食品,7.78,7.49,7.49,7.79,7.47,44751.0,34480000.0,25.2,23.99,62.32,1.16,1.45,2838000,1637100.0,2026-08-10,16:14:57
002662,峰璟股份,3.31,3.18,3.25,3.35,3.21,200767.0,65910000.0,49.65,49.65,21.89,1.13,1.34,13609800,6466900.0,2026-08-10,16:15:00
002663,普邦股份,1.64,1.58,1.58,1.65,1.57,425484.0,68800000.0,28.26,28.0,-6.03,1.46,2.49,27486400,15062000.0,2026-08-10,16:14:06
002664,信质集团,16.38,16.65,16.32,16.64,16.07,86613.0,141610000.0,66.86,65.94,42.91,1.89,2.15,4296700,4364600.0,2026-08-10,16:14:03
002666,德联集团,4.22,4.11,4.11,4.24,4.07,110943.0,46460000.0,33.25,21.13,67.89,0.94,2.22,6507200,4587100.0,2026-08-10,16:14:03
002667,*ST威领,15.95,14.5,14.5,15.95,14.5,243239.0,376730000.0,41.56,37.74,-11.15,-208.98,10.28,12725700,11598200.0,2026-08-10,16:14:09
002668,TCL智家,10.37,10.68,10.68,10.68,10.33,157501.0,164410000.0,112.42,112.42,9.97,3.1,1.45,6483300,9266800.0,2026-08-10,16:14:39
002669,康达新材,12.33,12.32,12.33,12.4,12.06,121488.0,148350000.0,37.41,37.33,29.71,1.36,4.01,5607800,6541000.0,2026-08-10,16:14:12
002670,国盛证券,11.23,11.18,11.19,11.29,11.1,183611.0,205670000.0,217.31,182.3,106.51,1.92,1.13,8938600,9422600.0,2026-08-10,16:14:06
002671,龙泉股份,3.95,3.84,3.86,3.98,3.83,148299.0,58200000.0,22.18,21.78,40.48,1.36,2.69,9071600,5758300.0,2026-08-10,16:14:06
002672,东江环保,3.68,3.52,3.55,3.69,3.53,111701.0,40530000.0,40.67,33.31,-3.29,1.83,1.23,6490700,4679400.0,2026-08-10,16:14:09
002673,西部证券,6.73,6.74,6.73,6.79,6.71,212254.0,143040000.0,300.8,300.8,17.22,1.0,0.47,9123900,12101500.0,2026-08-10,16:15:00
002674,兴业科技,29.52,28.33,28.81,29.75,28.3,329446.0,962660000.0,87.25,86.36,83.04,3.56,11.26,15829900,17114700.0,2026-08-10,16:14:09
002675,东诚药业,13.19,13.16,13.29,13.44,13.16,138620.0,184040000.0,108.76,98.05,53.23,2.58,1.86,6502100,7359800.0,2026-08-10,16:14:42
002676,顺威股份,5.11,4.99,5.03,5.11,4.95,108643.0,54940000.0,36.79,36.79,44.42,2.75,1.51,5868300,4996000.0,2026-08-10,16:14:12
002677,浙江美大,6.94,6.77,6.75,6.96,6.7,81318.0,55800000.0,44.84,38.27,673.38,3.07,1.47,4208000,3923800.0,2026-08-10,16:14:03
002678,珠江钢琴,4.65,4.47,4.47,4.66,4.42,82781.0,37920000.0,63.16,63.13,-17.18,2.07,0.61,4169100,4109000.0,2026-08-10,16:14:15
002679,福建金森,9.0,8.77,8.76,9.02,8.71,35035.0,31270000.0,21.22,21.22,245.05,2.88,1.49,1974000,1529500.0,2026-08-10,16:14:18
002681,奋达科技,4.6,4.57,4.57,4.62,4.46,379524.0,173150000.0,82.55,72.19,-59.2,3.87,2.42,19137100,18815300.0,2026-08-10,16:14:15
002682,龙洲股份,4.55,4.41,4.39,4.56,4.36,160820.0,72110000.0,25.59,25.59,-4.34,4.86,2.86,9569400,6512600.0,2026-08-10,16:14:21
002683,广东宏大,28.81,28.18,28.1,29.73,27.97,154483.0,447070000.0,218.92,192.04,22.64,3.27,2.32,8193700,7254700.0,2026-08-10,16:14:06
002685,华东重机,5.52,5.42,5.43,5.54,5.3,334002.0,182130000.0,55.62,55.62,64.31,3.37,3.31,16929800,16470400.0,2026-08-10,16:14:09
002686,亿利达,6.36,6.34,6.33,6.4,6.23,190824.0,120440000.0,36.01,33.25,191.64,2.25,3.65,10090000,8992400.0,2026-08-10,16:14:45
002687,乔治白,5.44,5.01,5.04,5.44,5.01,304948.0,160300000.0,27.46,22.49,33.9,1.8,7.38,17143700,13351100.0,2026-08-10,16:14:18
002688,金河生物,5.25,5.17,5.17,5.26,5.16,102993.0,53870000.0,40.4,39.24,104.29,1.83,1.38,5953200,4346100.0,2026-08-10,16:14:12
002689,ST远智,2.74,2.67,2.68,2.75,2.67,66722.0,18130000.0,28.59,28.58,27.6,2.39,0.64,4002200,2670000.0,2026-08-10,16:14:48
002690,美亚光电,15.43,15.34,15.34,15.51,15.25,62389.0,96150000.0,136.13,66.93,18.73,5.65,1.44,2657700,3581200.0,2026-08-10,16:14:21
002691,*ST冀凯,4.31,4.17,4.18,4.31,4.13,16780.0,7100000.0,14.65,14.48,-22.77,1.8,0.5,1070500,607500.0,2026-08-10,16:14:24
002692,远程股份,4.19,4.04,4.07,4.2,4.02,137102.0,56730000.0,30.09,30.07,-53.11,2.67,1.91,8359900,5350300.0,2026-08-10,16:14:15
002693,双成药业,9.95,9.72,9.9,10.08,9.75,369331.0,365700000.0,41.26,40.89,126.83,9.92,8.99,18967800,17965300.0,2026-08-10,16:14:24
002694,*ST顾地,2.19,2.12,2.12,2.19,2.11,52203.0,11200000.0,16.71,15.74,-3.4,-22.21,0.73,3908000,1312300.0,2026-08-10,16:14:27
002695,煌上煌,11.29,10.79,10.91,11.3,10.75,145166.0,160310000.0,63.18,57.74,76.27,2.29,2.84,7400800,7115800.0,2026-08-10,16:14:18
002696,百洋股份,6.03,5.48,5.5,6.03,5.5,287090.0,170530000.0,20.85,20.16,123.64,1.55,8.59,8876700,19832300.0,2026-08-10,16:14:12
002697,红旗连锁,4.74,4.57,4.58,4.74,4.57,238542.0,111970000.0,64.46,54.29,13.82,1.35,2.08,14327800,9526400.0,2026-08-10,16:14:30
002698,博实股份,13.56,13.68,13.68,14.13,13.32,371041.0,508370000.0,138.66,114.47,28.18,3.49,4.4,17819200,19284900.0,2026-08-10,16:14:51
002700,万憬能源,6.06,5.96,5.92,6.08,5.9,112374.0,67300000.0,25.07,24.81,32.51,1.81,2.75,5519800,5717600.0,2026-08-10,16:14:33
002701,奥瑞金,4.9,4.84,4.86,4.94,4.83,247700.0,121510000.0,125.43,125.31,14.6,1.26,0.97,12544600,12225400.0,2026-08-10,16:14:15
002702,海欣食品,4.93,4.76,4.78,4.94,4.75,439262.0,214110000.0,27.4,22.62,-71.39,2.64,9.58,25397800,18528400.0,2026-08-10,16:14:21
002703,浙江世宝,14.87,15.09,15.22,15.33,14.48,579474.0,858640000.0,122.33,87.15,70.44,5.78,9.89,27184600,30762800.0,2026-08-10,16:14:18
002705,新宝股份,12.03,12.06,12.06,12.14,11.94,109695.0,131740000.0,97.67,97.21,11.75,1.16,1.36,5223000,5746500.0,2026-08-10,16:14:36
002706,良信股份,9.03,8.92,8.97,9.26,8.85,252477.0,226580000.0,101.42,82.57,46.4,2.47,2.76,11205600,14042100.0,2026-08-10,16:14:54
002707,众信旅游,5.2,5.1,5.1,5.2,5.06,136113.0,70220000.0,51.1,44.98,-2544.77,5.68,1.57,8371200,5240100.0,2026-08-10,16:14:21
002708,光洋股份,10.74,10.52,10.7,10.77,10.45,134799.0,143370000.0,60.37,55.49,56.11,3.41,2.61,7229900,6250000.0,2026-08-10,16:14:39
002709,天赐材料,39.62,39.33,39.32,39.86,38.91,642808.0,2533090000.0,807.68,597.87,28.17,4.37,4.26,30130100,34150800.0,2026-08-10,16:14:24
002712,思美传媒,4.83,4.75,4.76,4.83,4.68,118937.0,56770000.0,26.29,26.13,-52.9,1.9,2.2,6647300,5246400.0,2026-08-10,16:14:27
002713,东易日盛,9.6,9.73,9.73,9.73,9.39,156655.0,149060000.0,91.33,50.54,238.38,10.52,2.98,7459500,8206000.0,2026-08-10,16:14:24
002714,牧原股份,40.24,38.47,38.84,40.3,38.8,909878.0,3633100000.0,2323.05,1320.07,23.75,2.77,2.77,52847000,38140800.0,2026-08-10,16:14:42
002715,登云股份,13.66,13.63,13.68,13.7,13.32,53873.0,72960000.0,18.85,18.85,-200.04,4.05,3.9,3376800,2010500.0,2026-08-10,16:14:27
002716,湖南白银,9.4,9.09,9.02,9.55,8.9,3100823.0,2852020000.0,265.37,218.31,56.74,6.54,13.35,168541400,141540800.0,2026-08-10,16:14:45
002717,*ST岭南,1.02,1.03,1.02,1.03,1.01,401207.0,40910000.0,18.57,17.53,-0.77,-1.25,2.33,9164500,30956200.0,2026-08-10,16:14:48
002718,友邦吊顶,86.47,86.75,86.98,86.99,83.66,7659.0,65170000.0,111.93,81.27,1007.04,12.16,0.81,371500,394400.0,2026-08-10,16:14:27
002719,ST麦趣,6.06,5.86,5.82,6.06,5.76,41163.0,24490000.0,10.55,9.81,-9.05,9.68,2.54,2429700,1686600.0,2026-08-10,16:14:30
002721,金一文化,2.77,3.08,2.93,2.99,2.77,3785256.0,1068000000.0,73.66,73.66,88.17,3.42,14.23,164242500,214283000.0,2026-08-10,16:14:30
002722,物产金轮,12.95,12.7,12.6,13.05,12.6,35152.0,45280000.0,28.8,28.8,17.84,0.98,1.58,1974500,1540700.0,2026-08-10,16:14:30
002723,小崧股份,7.18,7.05,7.09,7.18,6.88,117044.0,83050000.0,23.86,22.76,-8.74,3.25,3.69,7173400,4531000.0,2026-08-10,16:14:51
002724,海洋王,5.46,5.33,5.33,5.71,5.3,89346.0,48800000.0,42.12,31.0,56.06,1.58,1.57,4656200,4278400.0,2026-08-10,16:14:33
002725,跃岭股份,11.64,11.66,11.69,11.75,11.37,63883.0,73770000.0,29.8,28.98,1346.42,3.07,2.57,2924900,3463400.0,2026-08-10,16:14:36
002726,ST龙大,2.17,2.04,2.03,2.23,2.0,919015.0,194970000.0,29.54,29.52,-4.83,4.32,6.76,55637400,36264100.0,2026-08-10,16:14:54
002727,一心堂,11.74,11.36,11.34,11.98,11.3,144134.0,169180000.0,68.75,46.13,24.63,0.93,3.67,7945600,6467800.0,2026-08-10,16:14:57
002728,特一药业,9.37,9.43,9.45,9.56,9.33,218345.0,205730000.0,48.1,46.97,63.4,2.72,4.36,9079800,12754800.0,2026-08-10,16:14:33
002729,好利科技,13.98,13.65,13.77,14.14,13.43,48727.0,67010000.0,25.58,24.53,63.14,4.51,2.78,2643300,2229400.0,2026-08-10,16:14:33
002730,电光科技,22.51,22.06,22.06,22.61,21.05,119176.0,258680000.0,81.5,77.89,119.34,5.05,3.44,5746200,6171400.0,2026-08-10,16:14:36
002731,*ST萃华,1.64,1.71,1.67,1.71,1.61,345829.0,57240000.0,4.2,3.77,1.53,0.22,15.06,13856400,20726500.0,2026-08-10,16:14:57
002732,燕塘乳业,13.97,13.34,13.38,13.99,13.35,23642.0,32660000.0,21.98,21.87,44.88,1.47,1.51,1391900,972300.0,2026-08-10,16:14:36
002733,雄韬股份,19.19,19.34,19.4,19.56,18.88,129833.0,247920000.0,73.73,70.78,92.32,2.75,3.52,5227400,7755900.0,2026-08-10,16:14:39
002734,利民股份,16.56,16.77,16.61,16.92,16.46,145736.0,242220000.0,78.8,72.17,15.64,2.03,3.34,7048900,7524700.0,2026-08-10,16:14:42
002735,王子新材,12.01,11.96,11.96,12.03,11.74,126137.0,149930000.0,45.07,34.24,-28.77,2.88,4.42,5796400,6817300.0,2026-08-10,16:14:39
002736,国信证券,10.16,10.1,10.1,10.2,10.09,192763.0,195680000.0,1040.56,976.62,9.59,1.08,0.2,10274000,9002300.0,2026-08-10,16:14:42
002737,葵花药业,13.5,13.37,13.41,13.68,13.35,59120.0,79870000.0,78.84,78.84,-38.52,2.06,1.01,2973300,2938700.0,2026-08-10,16:14:39
002738,中矿资源,54.35,53.14,54.53,55.49,53.3,237499.0,1293050000.0,396.42,386.44,47.73,3.14,3.34,11475200,12274700.0,2026-08-10,16:14:42
002739,儒意电影,9.93,9.03,9.66,9.93,9.15,1956860.0,1866410000.0,209.7,208.52,-91.52,2.75,9.32,104006500,91679500.0,2026-08-10,16:15:00
002741,光华科技,25.16,26.3,26.16,26.42,24.5,516842.0,1293630000.0,117.9,108.19,83.07,5.82,12.02,22551400,29132800.0,2026-08-10,16:15:00
002742,冀衡医药,4.31,4.13,4.17,4.5,4.17,702627.0,303180000.0,29.48,22.58,-8.54,18.39,13.41,38271500,31991200.0,2026-08-10,16:14:45
002743,富煌钢构,4.05,3.87,3.87,4.07,3.84,126225.0,50400000.0,17.63,17.6,-1.85,0.76,2.9,7331900,5290600.0,2026-08-10,16:14:45
002745,木林森,11.17,11.43,11.49,11.52,10.98,583235.0,648810000.0,165.78,118.86,-13.8,1.4,5.48,22698200,35625300.0,2026-08-10,16:14:48
002746,仙坛股份,6.57,6.19,6.16,6.62,6.16,378875.0,245730000.0,56.54,46.63,21.64,1.26,5.34,21150100,16737400.0,2026-08-10,16:14:03
002747,埃斯顿,34.63,35.13,35.5,35.83,33.96,595749.0,2053250000.0,335.15,270.95,257.45,10.35,7.61,27162200,32412700.0,2026-08-10,16:14:51
002748,世龙实业,12.0,10.91,10.9,12.0,10.87,68498.0,79530000.0,28.8,28.8,40.04,2.04,2.85,3738700,3111100.0,2026-08-10,16:14:06
002749,国光股份,9.11,8.61,8.62,9.44,8.6,110379.0,99480000.0,50.69,49.59,17.26,2.87,2.03,7122600,3915300.0,2026-08-10,16:14:09
002750,龙津退,0.59,0.59,0.0,0.0,0.0,0.0,0.0,2.36,2.35,-5.76,0.51,0.0,0,0.0,2026-08-10,09:00:00
002752,昇兴股份,6.04,5.94,5.95,6.07,5.91,126568.0,76040000.0,59.01,58.92,16.13,1.65,1.3,6450500,6206300.0,2026-08-10,16:14:48
002753,永东股份,6.29,6.13,6.12,6.31,6.11,39451.0,24630000.0,26.96,18.61,254.18,1.02,1.33,2331000,1614100.0,2026-08-10,16:14:03
002755,奥赛康,13.8,13.87,13.91,14.1,13.67,114366.0,158600000.0,128.09,128.08,48.09,4.02,1.23,5212000,6224600.0,2026-08-10,16:14:06
002756,永兴材料,49.21,48.54,48.99,49.98,48.56,127905.0,630230000.0,265.29,190.48,27.66,2.04,3.3,5818300,6972200.0,2026-08-10,16:14:54
002757,南兴股份,17.48,17.68,17.59,17.6,16.91,215353.0,372170000.0,51.65,49.3,42.95,2.58,7.64,11087900,10447400.0,2026-08-10,16:14:57
002758,浙农股份,7.96,7.78,7.76,8.0,7.73,85658.0,67790000.0,41.3,41.25,7.63,0.82,1.65,5581100,2984700.0,2026-08-10,16:14:09
002759,ST天际,18.03,16.59,16.87,18.25,16.85,463922.0,823040000.0,90.4,90.32,30.0,2.59,9.26,26088500,20303700.0,2026-08-10,16:14:12
002760,凤形股份,17.95,17.38,17.32,17.95,17.21,31026.0,54770000.0,19.38,19.38,81.5,2.32,2.87,1705900,1396700.0,2026-08-10,16:14:51
002761,浙江建投,7.28,7.13,7.2,7.33,7.14,121405.0,88160000.0,96.45,78.75,34.45,1.12,1.12,6430900,5709600.0,2026-08-10,16:14:54
002762,金发拉比,9.37,10.41,10.06,10.16,9.37,69064.0,65830000.0,33.17,19.81,-17.96,5.1,3.27,5560200,1346200.0,2026-08-10,16:14:15
002763,汇洁股份,7.54,7.26,7.26,7.56,7.21,79317.0,59170000.0,30.91,22.89,44.47,1.98,2.61,4707200,3224500.0,2026-08-10,16:14:45
002765,蓝黛科技,7.09,7.1,7.1,7.15,7.02,82288.0,58300000.0,46.24,42.25,30.48,1.76,1.38,3814200,4414600.0,2026-08-10,16:14:48
002766,索菱股份,4.1,4.1,4.01,4.15,4.01,528780.0,215530000.0,35.25,35.14,-47.44,3.34,6.17,24627100,28250900.0,2026-08-10,16:14:51
002767,先锋电子,17.71,17.32,17.42,17.79,17.0,38897.0,67850000.0,26.57,23.06,105.19,3.1,2.99,2156000,1733700.0,2026-08-10,16:14:57
002768,国恩股份,59.26,58.5,59.11,59.88,57.43,103082.0,604730000.0,258.73,149.49,26.22,3.91,4.09,5875900,4432300.0,2026-08-10,16:15:00
002769,普路通,7.02,6.89,6.9,7.07,6.82,67709.0,47400000.0,26.21,26.19,459.11,2.24,1.82,3524900,3246000.0,2026-08-10,16:14:03
002771,真视通,12.91,12.74,12.74,12.95,12.6,48408.0,61980000.0,27.08,22.53,-44.4,4.57,2.77,2385200,2455600.0,2026-08-10,16:14:18
002772,众兴菌业,10.93,10.7,10.74,10.96,10.67,88029.0,95730000.0,40.96,40.62,9.11,1.16,2.37,4707500,4095400.0,2026-08-10,16:14:54
002773,康弘药业,22.86,22.75,22.94,23.3,22.74,139573.0,320720000.0,210.62,157.0,19.68,2.35,2.03,7089800,6867600.0,2026-08-10,16:14:06
002774,快意电梯,17.0,16.79,16.5,17.22,15.83,117192.0,194330000.0,57.24,47.9,97.87,5.14,4.16,6439900,5279300.0,2026-08-10,16:14:09
002775,文科股份,3.91,3.85,3.84,3.93,3.81,202551.0,78670000.0,25.23,22.71,-8.26,-177.56,3.49,11222700,9032500.0,2026-08-10,16:14:12
002777,久远银海,13.58,13.16,13.14,13.83,13.03,127742.0,172990000.0,55.44,54.93,75.22,3.34,3.16,7369300,5404900.0,2026-08-10,16:14:21
002778,中晟高科,15.45,15.07,15.08,15.53,14.97,20463.0,31310000.0,19.27,19.07,132.3,6.01,1.66,1217900,828400.0,2026-08-10,16:15:00
002779,中坚科技,74.41,70.96,70.96,75.43,69.23,48965.0,354340000.0,137.51,123.38,86.48,15.13,2.95,2445300,2451200.0,2026-08-10,16:14:15
002780,三夫户外,13.59,13.08,13.08,13.74,13.02,66093.0,89000000.0,22.47,17.76,31.5,2.77,5.06,3511700,3097600.0,2026-08-10,16:14:24
002782,可立克,15.65,15.42,15.75,16.1,15.38,163239.0,254790000.0,77.59,76.67,30.42,3.62,3.33,7695800,8628000.0,2026-08-10,16:14:18
002783,凯龙股份,8.21,7.46,7.5,8.21,7.4,333670.0,266910000.0,40.99,37.86,35.32,1.57,7.24,17416600,15950400.0,2026-08-10,16:14:57
002785,万里石,35.39,34.53,34.58,35.7,34.51,52128.0,182690000.0,80.2,68.48,-96.0,10.08,2.69,2870900,2341900.0,2026-08-10,16:14:27
002786,银宝山新,7.84,7.68,7.68,7.87,7.56,74442.0,57740000.0,38.86,38.74,-119.22,19.5,1.51,4880400,2563900.0,2026-08-10,16:15:00
002787,华源控股,21.34,21.69,21.71,22.16,21.07,122557.0,261800000.0,70.93,52.94,50.65,3.89,4.94,5599500,6656200.0,2026-08-10,16:14:03
002788,鹭燕医药,11.5,11.15,11.14,11.71,11.13,292663.0,336090000.0,44.68,43.91,16.1,1.38,7.66,14642500,14623800.0,2026-08-10,16:14:03
002789,*ST建艺,9.75,9.83,9.96,9.96,9.61,28921.0,28140000.0,15.56,15.26,-2.01,10.24,1.85,1304900,1587200.0,2026-08-10,16:14:06
002790,瑞尔特,5.9,5.69,5.69,5.91,5.66,60307.0,35180000.0,24.65,15.38,-1078.87,1.2,2.31,3583500,2447200.0,2026-08-10,16:14:21
002791,坚朗五金,15.97,15.63,15.71,16.25,15.7,71213.0,113850000.0,56.52,34.77,-52.32,1.06,3.27,3595300,3526000.0,2026-08-10,16:14:30
002792,通宇通讯,34.1,37.19,36.54,36.63,33.66,917658.0,3164960000.0,178.63,115.2,1049.67,6.36,27.16,46919600,44846200.0,2026-08-10,16:14:24
002793,罗欣药业,5.3,5.33,5.31,5.5,5.24,921953.0,493050000.0,57.64,57.55,-21.34,5.24,8.49,44432800,47762400.0,2026-08-10,16:14:06
002795,永和智控,6.87,6.71,6.79,6.91,6.6,111768.0,75650000.0,30.34,29.85,-58.43,6.8,2.57,5950400,5226400.0,2026-08-10,16:14:09
002796,世嘉科技,31.2,30.35,30.36,31.5,30.28,128285.0,395340000.0,78.74,71.04,-128.56,9.35,5.63,6612600,6215900.0,2026-08-10,16:14:27
002797,第一创业,6.57,6.56,6.59,6.61,6.55,372588.0,244830000.0,276.1,276.1,26.45,1.6,0.89,15922100,21336700.0,2026-08-10,16:14:09
002798,帝欧水华,5.65,5.6,5.62,5.67,5.46,86306.0,47930000.0,33.19,29.2,-6.63,1.73,1.67,4218200,4412400.0,2026-08-10,16:14:12
002799,环球印务,6.76,6.55,6.55,6.77,6.5,56534.0,37800000.0,21.63,21.63,-135.36,1.7,1.77,3608900,2044500.0,2026-08-10,16:14:30
002800,天顺股份,13.62,13.11,13.2,13.75,12.98,41886.0,56520000.0,20.74,20.14,-86.4,4.2,2.83,2223500,1965000.0,2026-08-10,16:14:33
002801,微光股份,28.07,27.98,27.9,28.25,27.55,10571.0,29620000.0,64.46,32.51,15.51,3.28,0.91,595000,462100.0,2026-08-10,16:14:12
002802,洪汇新材,11.74,11.22,11.26,11.8,11.22,32718.0,37840000.0,21.28,17.57,49.95,3.35,2.19,1922000,1349800.0,2026-08-10,16:14:12
002803,吉宏股份,19.54,19.48,19.47,19.54,18.85,106805.0,205140000.0,89.48,58.14,30.85,3.35,3.59,5163900,5516600.0,2026-08-10,16:14:15
002805,丰元股份,19.09,18.65,18.8,19.16,18.67,166574.0,315410000.0,53.46,53.23,-16.79,5.72,5.97,7544200,9113200.0,2026-08-10,16:14:33
002806,华锋股份,14.32,13.79,13.85,14.49,13.8,94367.0,134470000.0,30.43,24.93,-71.01,2.73,5.42,4616100,4820600.0,2026-08-10,16:14:36
002807,江阴银行,3.98,3.98,3.97,4.01,3.96,394105.0,157010000.0,107.76,107.6,5.24,0.55,1.46,17640000,21770500.0,2026-08-10,16:14:15
002808,恒久退,0.22,0.22,0.0,0.0,0.0,0.0,0.0,0.59,0.41,-1.31,0.25,0.0,0,0.0,2026-08-10,09:00:00
002809,红墙股份,8.31,8.0,7.98,8.32,7.98,61673.0,50620000.0,19.97,14.12,-38.18,1.23,3.63,3624700,2542600.0,2026-08-10,16:14:15
002810,山东赫达,20.61,20.24,20.24,20.64,20.13,49632.0,101450000.0,71.71,66.56,35.99,3.34,1.54,2735000,2228200.0,2026-08-10,16:14:39
002811,郑中设计,10.55,10.27,10.27,10.6,10.14,38036.0,39630000.0,32.49,29.81,19.68,2.29,1.35,2230300,1573300.0,2026-08-10,16:14:36
002812,恩捷股份,55.95,53.7,54.09,56.6,53.47,328784.0,1803350000.0,549.05,460.25,145.69,2.15,4.0,18028300,14850100.0,2026-08-10,16:14:18
002813,路畅科技,20.92,20.77,20.77,20.96,20.18,22223.0,45920000.0,25.1,25.08,-36.25,12.38,1.85,1170300,1052000.0,2026-08-10,16:14:21
002815,崇达技术,12.87,13.08,13.21,13.27,12.65,377354.0,484210000.0,158.84,100.02,65.86,1.82,4.86,16215600,21519800.0,2026-08-10,16:14:18
002816,*ST和科,26.25,26.97,26.65,26.74,26.16,12297.0,32430000.0,26.25,26.25,254.13,11.02,1.23,361500,868200.0,2026-08-10,16:14:24
002817,黄山胶囊,6.56,6.34,6.37,6.6,6.28,64583.0,41940000.0,19.62,19.03,30.89,2.04,2.23,3881400,2577000.0,2026-08-10,16:14:27
002818,富森美,10.93,10.73,10.74,10.95,10.71,46094.0,50140000.0,81.81,32.61,10.29,1.42,1.55,2708400,1901000.0,2026-08-10,16:14:42
002819,东方中科,20.64,20.58,20.55,20.76,20.28,15422.0,31690000.0,61.84,49.07,-42.0,1.58,0.65,888300,653900.0,2026-08-10,16:14:39
002820,桂发祥,9.41,9.11,9.11,9.43,9.01,57235.0,53350000.0,18.9,18.9,-79.25,2.24,2.85,3366300,2357300.0,2026-08-10,16:14:30
002821,凯莱英,176.0,172.26,180.0,188.0,171.97,232822.0,4170330000.0,634.97,558.0,57.19,3.62,7.34,11564600,11717600.0,2026-08-10,16:14:45
002822,ST中装,3.16,3.2,3.19,3.2,3.12,105572.0,33230000.0,61.62,33.78,-1.99,5.73,0.99,4800300,5756900.0,2026-08-10,16:14:21
002823,凯中精密,13.39,13.36,13.32,13.39,13.08,47554.0,63080000.0,43.97,29.31,18.57,2.17,2.17,2433100,2322300.0,2026-08-10,16:14:18
002824,和胜股份,23.26,23.15,23.3,23.88,22.83,156984.0,363990000.0,72.38,52.61,43.23,3.17,6.94,7365400,8333000.0,2026-08-10,16:14:33
002825,纳尔股份,8.58,8.45,8.47,8.6,8.38,35812.0,30580000.0,29.34,22.02,32.79,1.81,1.4,2176100,1405000.0,2026-08-10,16:14:42
002826,易明医药,17.79,17.84,18.11,18.11,17.69,94723.0,169260000.0,33.92,32.86,36.3,4.19,5.13,5298600,4173700.0,2026-08-10,16:14:24
002827,高争民爆,59.58,54.16,58.0,59.58,56.0,133901.0,781700000.0,165.06,164.44,86.94,15.86,4.85,6274200,7115900.0,2026-08-10,16:14:27
002828,贝肯能源,12.87,11.7,11.54,12.87,11.54,250906.0,314860000.0,25.87,25.87,-22.29,4.29,12.48,12987900,12102600.0,2026-08-10,16:14:30
002829,星网宇达,21.43,20.82,20.9,21.43,20.47,111345.0,235040000.0,44.53,31.3,-35.9,2.88,7.62,5894900,5239600.0,2026-08-10,16:14:45
002830,名雕股份,13.84,13.44,13.5,13.86,13.33,29791.0,40610000.0,25.73,12.85,59.44,3.91,3.21,1673600,1305600.0,2026-08-10,16:14:48
002831,裕同科技,28.3,28.53,28.52,28.95,27.94,103494.0,293010000.0,364.6,202.12,22.83,3.14,1.45,4645900,5703500.0,2026-08-10,16:14:36
002832,比音勒芬,25.91,24.62,24.58,26.19,24.58,213865.0,552060000.0,147.87,100.9,24.42,2.77,5.49,12175900,9210600.0,2026-08-10,16:14:33
002833,弘亚数控,18.8,18.1,18.2,18.94,18.06,88703.0,165930000.0,80.67,55.1,18.18,2.88,3.03,4421100,4449300.0,2026-08-10,16:14:48
002835,同为股份,12.45,12.26,12.18,12.47,12.06,23199.0,28590000.0,27.33,15.85,23.75,2.25,1.82,1451900,868000.0,2026-08-10,16:14:39
002836,新宏泽,10.08,9.7,9.7,10.16,9.58,37932.0,37830000.0,23.22,23.22,54.25,6.6,1.65,1703700,2089600.0,2026-08-10,16:14:21
002837,英维克,55.24,55.9,56.0,57.1,54.3,347196.0,1914570000.0,703.95,624.47,145.88,21.36,3.07,15698200,19021400.0,2026-08-10,16:14:51
002838,道恩股份,25.99,26.39,26.46,26.55,25.72,70435.0,183190000.0,124.34,109.32,47.15,3.35,1.67,2822600,4220900.0,2026-08-10,16:14:54
002839,张家港行,4.36,4.35,4.35,4.39,4.33,271486.0,118530000.0,106.57,106.47,5.35,0.57,1.11,12844700,14303800.0,2026-08-10,16:14:51
002840,华统股份,8.23,8.11,8.17,8.32,8.08,182837.0,150420000.0,66.02,65.56,-16.07,1.84,2.3,8586100,9697600.0,2026-08-10,16:14:36
002841,视源股份,51.05,50.17,50.77,51.1,49.94,97368.0,492160000.0,356.93,266.15,32.5,2.72,1.87,4980700,4756100.0,2026-08-10,16:14:39
002842,翔鹭钨业,42.22,38.38,38.8,42.22,37.55,648235.0,2534630000.0,138.13,113.34,35.79,9.76,24.15,29840800,34982700.0,2026-08-10,16:14:42
002843,泰嘉股份,16.37,16.6,16.68,16.78,16.12,77284.0,126130000.0,41.21,40.96,-148.46,3.06,3.09,3605200,4123200.0,2026-08-10,16:14:45
002845,同兴达,13.02,13.0,13.01,13.08,12.72,67834.0,87310000.0,42.65,32.58,105.65,1.75,2.71,3118500,3664900.0,2026-08-10,16:14:54
002846,英联股份,10.9,10.65,10.65,10.96,10.58,99473.0,107470000.0,45.78,28.36,124.49,3.24,3.82,5527600,4419700.0,2026-08-10,16:14:42
002847,盐津铺子,50.79,49.36,49.34,50.85,49.09,59030.0,297040000.0,137.23,123.86,17.13,7.49,2.42,2698400,3204600.0,2026-08-10,16:14:48
002848,高斯贝尔,12.96,12.93,12.88,13.05,12.67,45476.0,58620000.0,21.66,21.44,-40.16,30.85,2.75,2654800,1892800.0,2026-08-10,16:14:24
002849,威星智能,16.5,16.85,16.79,16.84,15.52,91254.0,149970000.0,36.4,36.11,69.59,2.66,4.17,4887700,4237600.0,2026-08-10,16:14:27
002850,科达利,180.81,183.9,183.88,185.02,179.41,27112.0,489770000.0,517.72,379.09,28.17,3.57,1.29,1237200,1473900.0,2026-08-10,16:14:51
002851,麦格米特,120.7,124.4,129.43,130.8,117.85,305333.0,3696240000.0,706.11,593.47,460.95,7.89,6.21,14614800,15918500.0,2026-08-10,16:14:30
002852,道道全,7.88,7.6,7.59,7.9,7.52,76999.0,60010000.0,27.1,22.52,39.03,1.23,2.69,4650500,3049400.0,2026-08-10,16:14:54
002853,皮阿诺,21.35,21.72,21.72,21.87,21.21,13393.0,28700000.0,39.05,27.48,-85.14,4.39,1.04,550300,789000.0,2026-08-10,16:14:57
002855,捷荣技术,10.11,9.86,9.85,10.12,9.76,29600.0,29510000.0,24.91,24.89,-5.91,12.03,1.2,1761000,1199000.0,2026-08-10,16:14:57
002856,*ST美芝,14.31,14.83,14.29,14.82,13.6,42369.0,60290000.0,19.36,17.73,-9.94,-38.05,3.42,1927800,2309100.0,2026-08-10,16:15:00
002857,三晖电气,16.63,16.28,16.28,16.69,16.23,19813.0,32690000.0,21.72,21.38,-41.61,4.66,1.54,1102400,878900.0,2026-08-10,16:14:45
002858,力盛体育,11.91,11.52,11.51,11.94,11.42,41402.0,48700000.0,22.23,17.56,-315.01,2.64,2.81,2575500,1564700.0,2026-08-10,16:14:57
002859,洁美科技,73.93,70.51,71.39,74.66,68.2,243458.0,1742210000.0,335.38,316.65,143.42,11.09,5.68,11482100,12863700.0,2026-08-10,16:15:00
002860,星帅尔,16.54,16.58,16.85,16.87,16.01,117765.0,193040000.0,58.24,56.89,30.27,2.6,3.42,5969400,5807100.0,2026-08-10,16:15:00
002861,瀛通通讯,16.36,16.24,16.32,16.53,16.05,46762.0,76270000.0,30.48,24.57,-38.13,2.95,3.11,2482800,2193500.0,2026-08-10,16:14:33
002862,实丰文化,13.82,13.47,13.58,13.88,13.41,39623.0,54310000.0,23.42,17.77,-13.75,7.71,3.08,2083100,1879200.0,2026-08-10,16:14:03
002863,今飞凯达,4.55,4.43,4.44,4.59,4.42,171924.0,77740000.0,27.28,27.28,42.63,0.97,2.87,10459900,6732600.0,2026-08-10,16:14:06
002864,盘龙药业,22.06,21.99,21.83,22.33,21.8,44821.0,99150000.0,30.16,21.75,34.75,1.81,4.55,2118600,2363600.0,2026-08-10,16:14:36
002865,钧达股份,46.02,45.5,45.56,46.17,44.53,91919.0,416080000.0,143.24,102.87,-11.06,3.56,4.11,4523400,4668500.0,2026-08-10,16:14:48
002866,传艺科技,15.71,15.43,15.43,15.71,15.3,91850.0,142920000.0,45.48,28.47,73.25,2.17,5.07,5003000,4182000.0,2026-08-10,16:14:51
002867,周大生,12.93,12.65,12.65,13.02,12.57,91320.0,117970000.0,140.35,139.53,12.26,2.31,0.85,5330500,3801500.0,2026-08-10,16:14:03
002868,绿康生化,23.49,22.99,22.98,23.58,22.76,17293.0,40280000.0,36.51,25.24,-49.75,51.45,1.61,1013100,716200.0,2026-08-10,16:14:06
002869,金溢科技,16.18,15.83,15.89,16.18,15.6,27341.0,43670000.0,28.62,25.49,-19.37,1.42,1.74,1431500,1302600.0,2026-08-10,16:14:54
002870,香山股份,42.58,40.75,40.72,42.76,40.18,42789.0,177670000.0,56.24,55.24,90.97,3.47,3.3,2835700,1443300.0,2026-08-10,16:14:09
002871,伟隆股份,16.55,16.61,16.57,16.73,16.12,26732.0,43850000.0,41.68,24.7,31.75,3.85,1.79,1267100,1406100.0,2026-08-10,16:14:39
002872,ST天圣,5.34,5.19,5.18,5.36,5.16,34035.0,18000000.0,16.98,11.48,-32.17,0.87,1.58,2004500,1399000.0,2026-08-10,16:14:12
002873,新天药业,8.26,8.06,8.1,8.32,8.07,78283.0,64270000.0,20.16,19.8,239.49,1.61,3.27,3932400,3895900.0,2026-08-10,16:14:09
002875,安奈儿,13.92,13.81,13.96,13.96,13.43,40841.0,56130000.0,29.57,29.57,-37.92,4.83,1.92,2056500,2027700.0,2026-08-10,16:14:57
002876,三利谱,27.68,27.95,28.06,28.06,27.34,28325.0,78180000.0,48.13,41.23,94.8,2.01,1.9,1219600,1612900.0,2026-08-10,16:14:15
002877,智能自控,7.33,7.19,7.18,7.35,7.13,62206.0,45350000.0,26.08,17.63,109.15,2.17,2.59,3540100,2680500.0,2026-08-10,16:15:00
002878,元隆雅图,12.71,12.32,12.31,12.72,12.2,63394.0,79400000.0,33.3,29.98,-89.75,2.66,2.69,3880500,2458900.0,2026-08-10,16:14:42
002879,长缆科技,18.33,18.0,17.96,18.4,17.9,251695.0,458200000.0,35.4,25.14,26.68,2.1,18.35,12524500,12645000.0,2026-08-10,16:14:18
002880,卫光生物,20.95,20.73,20.69,21.1,20.55,24718.0,51660000.0,47.51,47.51,20.35,1.98,1.09,1354000,1117700.0,2026-08-10,16:14:21
002881,美格智能,37.15,37.67,37.59,37.97,36.82,51717.0,192250000.0,112.22,67.99,78.44,4.16,2.83,2323800,2847900.0,2026-08-10,16:14:03
002882,金龙羽,23.48,21.9,22.28,23.98,22.1,255961.0,589450000.0,101.64,57.94,131.22,4.89,10.37,14165100,11431000.0,2026-08-10,16:14:06
002883,*ST中设,8.81,8.79,8.79,8.84,8.68,12688.0,11130000.0,13.76,13.51,-69.77,2.94,0.83,699900,568900.0,2026-08-10,16:14:09
002884,凌霄泵业,16.3,16.11,16.14,16.35,16.08,27468.0,44660000.0,58.3,44.51,13.0,2.7,1.01,1681800,1064900.0,2026-08-10,16:14:12
002885,京泉华,31.91,29.01,31.91,31.91,31.91,74104.0,236470000.0,86.45,75.71,89.31,5.64,3.12,1014100,6396300.0,2026-08-10,16:14:24
002886,沃特股份,19.67,19.63,19.8,19.88,19.25,72862.0,142110000.0,51.77,41.13,72.62,2.83,3.48,3244700,4041500.0,2026-08-10,16:14:45
002887,绿茵生态,11.0,10.65,10.64,11.0,10.45,56620.0,61150000.0,33.66,23.9,24.94,1.47,2.61,2873700,2788300.0,2026-08-10,16:14:27
002888,惠威科技,17.72,17.24,17.32,17.75,16.96,27192.0,47430000.0,26.16,13.28,141.75,7.25,3.63,1496100,1223100.0,2026-08-10,16:14:15
002889,东方嘉盛,12.32,11.99,11.99,12.33,11.93,66621.0,81220000.0,46.53,30.95,47.49,1.86,2.65,4146900,2515300.0,2026-08-10,16:14:12
002890,弘宇股份,14.59,14.01,14.26,14.62,14.02,34166.0,49350000.0,24.78,23.56,231.87,4.12,2.12,2079000,1337500.0,2026-08-10,16:14:03
002891,中宠股份,31.87,31.01,30.99,32.18,30.5,160832.0,508200000.0,102.59,102.59,29.56,3.09,5.0,7880400,8202800.0,2026-08-10,16:14:30
002892,科力尔,9.69,9.59,9.59,9.84,9.48,78431.0,75830000.0,72.0,48.56,373.77,5.75,1.57,3659600,4183500.0,2026-08-10,16:14:48
002893,京能热力,9.89,9.75,9.72,9.9,9.71,72350.0,71200000.0,26.07,20.05,40.12,1.89,3.57,4488000,2747000.0,2026-08-10,16:14:18
002895,川恒股份,35.36,35.1,35.05,35.56,34.87,52748.0,185970000.0,214.25,212.0,17.18,3.06,0.88,2614400,2660400.0,2026-08-10,16:14:21
002896,中大力德,76.88,78.97,79.28,80.5,75.0,166150.0,1280270000.0,151.09,151.09,268.03,12.79,8.45,8171200,8443800.0,2026-08-10,16:14:15
002897,意华股份,57.44,58.19,58.18,59.38,56.56,86639.0,496980000.0,111.37,105.93,37.89,4.06,4.7,3543800,5120200.0,2026-08-10,16:14:33
002898,赛隆退,0.37,0.37,0.0,0.0,0.0,0.0,0.0,0.65,0.37,-0.5,0.18,0.0,0,0.0,2026-08-10,09:00:00
002899,英派斯,20.36,19.88,19.86,20.59,19.73,30291.0,61230000.0,30.09,30.09,47.16,1.71,2.05,1628500,1400600.0,2026-08-10,16:14:24
002900,哈三联,14.83,13.48,14.3,14.83,14.27,598714.0,882900000.0,46.92,23.89,-14.76,2.66,37.16,28832600,31038700.0,2026-08-10,16:14:06
002901,大博医疗,44.2,44.55,44.55,45.1,43.94,37280.0,166170000.0,183.0,127.48,28.46,5.26,1.29,1298100,2429900.0,2026-08-10,16:14:51
002902,铭普光磁,24.18,24.52,24.63,25.1,23.7,180079.0,433080000.0,56.83,42.95,-25.4,9.36,10.14,8310600,9697300.0,2026-08-10,16:14:54
002903,宇环数控,29.1,27.68,28.1,29.17,27.59,173372.0,494310000.0,45.6,31.04,-144.23,5.86,16.25,8847400,8489900.0,2026-08-10,16:14:27
002905,金逸影视,7.85,7.55,7.65,7.87,7.51,65451.0,50680000.0,29.54,27.43,-29.97,45.29,1.87,3487800,3057200.0,2026-08-10,16:14:18
002906,华阳集团,26.06,25.85,25.97,26.31,25.76,42454.0,110700000.0,136.79,136.71,17.27,1.98,0.81,2214300,2031100.0,2026-08-10,16:14:30
002907,华森制药,13.9,13.5,13.56,14.1,13.5,81988.0,114060000.0,58.05,46.68,100.91,3.4,2.44,4517200,3681500.0,2026-08-10,16:14:36
002908,德生科技,7.29,7.16,7.19,7.29,7.0,128372.0,92350000.0,31.45,23.46,-435.69,2.92,3.99,7151200,5686000.0,2026-08-10,16:14:39
002909,集泰股份,5.16,5.0,5.03,5.16,4.97,64088.0,32730000.0,20.12,19.63,-57.41,2.37,1.68,3795500,2613300.0,2026-08-10,16:14:21
002910,庄园牧场,9.48,9.21,9.18,9.5,9.07,76871.0,71770000.0,18.54,16.22,-23.19,1.87,4.49,4095200,3591900.0,2026-08-10,16:14:33
002911,佛燃能源,11.13,10.95,10.94,11.21,10.86,52294.0,58070000.0,144.49,141.02,13.76,1.71,0.41,2737700,2491700.0,2026-08-10,16:14:42
002912,中新赛克,20.62,20.36,20.45,20.69,20.0,62323.0,127820000.0,35.21,33.45,130.58,2.25,3.84,2675100,3557200.0,2026-08-10,16:14:57
002913,奥士康,55.33,55.42,55.43,55.98,54.01,101336.0,558280000.0,175.6,169.0,82.41,4.05,3.32,5034800,5098800.0,2026-08-10,16:15:00
002915,中欣氟材,18.42,18.27,18.0,18.89,17.9,178710.0,328120000.0,61.76,53.06,576.33,4.15,6.2,8679200,9191800.0,2026-08-10,16:14:36
002916,深南电路,372.4,382.63,382.62,383.56,359.36,111252.0,4100900000.0,2536.66,2475.75,69.79,15.42,1.67,5247800,5877400.0,2026-08-10,16:14:09
002917,金奥博,10.84,10.6,10.54,10.97,10.5,72121.0,77640000.0,37.68,28.24,21.26,2.22,2.77,3946500,3265600.0,2026-08-10,16:14:24
002918,蒙娜丽莎,10.01,9.78,9.9,10.1,9.73,152955.0,151920000.0,40.92,21.44,43.73,1.28,7.14,7228700,8066800.0,2026-08-10,16:14:27
002919,名臣健康,18.05,17.49,17.33,18.1,17.33,48315.0,86160000.0,48.04,47.69,193.96,6.03,1.83,2456700,2374900.0,2026-08-10,16:14:12
002920,德赛西威,92.79,92.29,92.3,94.34,91.4,63892.0,593410000.0,553.78,553.61,23.74,3.65,1.07,3341600,3047500.0,2026-08-10,16:14:03
002921,联诚精密,22.61,23.08,23.27,23.35,22.39,50424.0,114080000.0,33.68,29.04,-440.68,2.57,3.93,2448600,2593800.0,2026-08-10,16:14:15
002922,伊戈尔,26.29,26.03,27.48,27.88,25.97,250051.0,662480000.0,111.1,99.11,48.96,3.0,6.63,11268700,13736300.0,2026-08-10,16:14:39
002923,润都股份,11.49,11.14,11.14,11.6,11.11,140313.0,160710000.0,38.48,29.65,-77.37,3.65,5.44,7118800,6912400.0,2026-08-10,16:14:30
002925,盈趣科技,23.21,23.63,23.5,23.68,22.98,131891.0,307180000.0,179.1,169.68,30.17,3.59,1.8,6031200,7157900.0,2026-08-10,16:14:18
002926,华西证券,8.34,8.26,8.26,8.39,8.25,117510.0,97930000.0,218.93,218.93,14.01,0.88,0.45,6963600,4787400.0,2026-08-10,16:14:06
002927,泰永长征,16.05,15.68,15.77,16.1,15.6,64810.0,102740000.0,35.82,35.42,-435.49,3.56,2.94,3039400,3441600.0,2026-08-10,16:14:21
002928,华夏航空,6.58,6.53,6.5,6.59,6.46,178480.0,116850000.0,84.11,84.11,12.41,2.11,1.4,10059500,7788500.0,2026-08-10,16:14:24
002929,润建股份,56.85,57.91,57.92,58.3,55.88,110981.0,628990000.0,162.81,123.12,-865.53,2.58,5.12,4696800,6401300.0,2026-08-10,16:14:27
002930,宏川智慧,9.02,8.9,8.9,9.11,8.82,71264.0,64200000.0,41.31,39.09,-9.56,2.1,1.64,3249800,3876500.0,2026-08-10,16:14:45
002931,锋龙股份,51.16,52.18,52.88,52.97,50.2,92895.0,473620000.0,111.79,103.64,623.5,11.85,4.59,4639900,4649500.0,2026-08-10,16:14:48
002932,*ST明德,15.26,14.77,14.77,15.28,14.75,19225.0,29020000.0,35.48,23.82,-269.32,0.64,1.23,1354500,568100.0,2026-08-10,16:14:42
002933,新兴装备,27.62,26.83,26.82,27.87,26.57,19061.0,52270000.0,32.41,32.24,121.58,2.11,1.63,1093800,812300.0,2026-08-10,16:14:33
002935,天奥电子,17.06,16.92,16.9,17.08,16.55,43761.0,73550000.0,71.97,70.81,108.85,4.57,1.05,2066300,2309800.0,2026-08-10,16:14:51
002936,郑州银行,1.77,1.76,1.76,1.79,1.75,864505.0,153390000.0,160.93,124.42,8.25,0.35,1.23,44746400,41704100.0,2026-08-10,16:14:45
002937,兴瑞科技,30.12,30.1,30.13,30.55,29.36,60869.0,181360000.0,95.18,94.93,67.69,6.65,1.93,2925200,3161700.0,2026-08-10,16:14:48
002938,鹏鼎控股,98.52,101.41,101.0,102.0,96.48,277448.0,2741830000.0,2283.24,2276.63,61.5,7.06,1.2,14198800,13546000.0,2026-08-10,16:14:51
002939,长城证券,8.33,8.13,8.17,8.57,8.12,602889.0,502450000.0,336.07,300.1,14.2,1.05,1.67,31795900,28493000.0,2026-08-10,16:14:09
002940,昂利康,26.6,26.38,26.59,27.28,26.3,150324.0,400670000.0,53.66,49.28,42.19,3.32,8.11,7003900,8028500.0,2026-08-10,16:14:54
002941,新疆交建,10.89,10.68,10.66,10.96,10.56,121967.0,131800000.0,79.47,79.47,17.13,1.75,1.67,6478300,5718400.0,2026-08-10,16:14:54
002942,新农股份,15.76,15.21,15.13,15.77,15.12,17818.0,27710000.0,24.5,21.87,24.55,2.02,1.28,1145800,636000.0,2026-08-10,16:14:57
002943,宇晶股份,35.19,35.96,37.09,37.66,34.45,292031.0,1039490000.0,93.9,66.46,282.64,10.85,15.46,13001100,16201900.0,2026-08-10,16:15:00
002945,华林证券,14.56,14.66,14.95,15.12,14.53,175227.0,258250000.0,393.12,393.12,79.11,5.46,0.65,7836500,9686300.0,2026-08-10,16:14:30
002946,新乳业,16.97,16.63,16.5,17.29,16.43,115294.0,195520000.0,146.06,144.37,18.62,4.18,1.36,4903400,6626000.0,2026-08-10,16:14:12
002947,恒铭达,57.78,59.26,59.47,59.71,56.86,65069.0,375820000.0,147.78,114.58,25.7,4.76,3.28,2735900,3771000.0,2026-08-10,16:14:57
002948,青岛银行,5.8,5.69,5.67,5.84,5.65,337190.0,194770000.0,337.58,204.29,6.19,0.81,0.96,19510300,14208800.0,2026-08-10,16:14:15
002949,华阳国际,10.65,10.41,10.41,10.69,10.3,28381.0,29930000.0,20.88,16.18,22.56,1.46,1.87,1581300,1256800.0,2026-08-10,16:14:03
002950,奥美医疗,9.59,9.43,9.44,9.59,9.4,79933.0,76110000.0,60.73,41.2,22.38,1.68,1.86,4210600,3782700.0,2026-08-10,16:14:36
002951,金时科技,15.47,14.06,14.2,15.47,14.07,72739.0,110780000.0,62.65,62.05,-27.96,4.13,1.81,3388700,3885200.0,2026-08-10,16:14:39
002952,亚世光电,20.03,20.18,20.18,20.18,19.72,37339.0,74480000.0,32.92,26.37,217.21,3.77,2.84,1990100,1743800.0,2026-08-10,16:14:33
002953,日丰股份,9.93,9.98,9.98,9.99,9.76,91404.0,90140000.0,48.81,26.94,31.15,2.24,3.37,4078800,5061500.0,2026-08-10,16:14:42
002955,鸿合科技,35.13,34.65,34.49,35.3,34.21,40390.0,140080000.0,83.13,68.73,882.89,2.59,2.06,2136400,1902600.0,2026-08-10,16:14:45
002956,西麦食品,18.18,17.9,17.85,18.34,17.75,54246.0,98010000.0,56.82,56.81,26.0,3.56,1.74,2703900,2720700.0,2026-08-10,16:15:00
002957,科瑞技术,39.21,41.31,41.0,41.75,38.44,342887.0,1354320000.0,164.68,164.16,55.21,5.14,8.19,16153500,18135200.0,2026-08-10,16:14:06
002958,青农商行,3.01,3.0,2.99,3.04,2.98,490809.0,147970000.0,167.22,163.73,5.23,0.45,0.9,25209900,23871000.0,2026-08-10,16:14:03
002959,小熊电器,34.84,34.13,34.19,35.08,33.95,13064.0,45520000.0,54.29,48.7,15.86,1.89,0.93,703200,603200.0,2026-08-10,16:14:18
002960,青鸟智控,8.23,8.09,8.11,8.25,8.04,86496.0,70620000.0,86.72,79.68,27.5,1.41,0.89,4682300,3967400.0,2026-08-10,16:14:06
002961,瑞达期货,19.75,19.68,19.61,19.88,19.54,42589.0,83930000.0,94.19,94.19,14.07,2.36,0.89,2031000,2227900.0,2026-08-10,16:14:21
002962,五方光电,13.25,13.37,13.4,13.45,12.95,87664.0,115260000.0,38.65,27.72,128.44,2.21,4.19,4356300,4410100.0,2026-08-10,16:14:24
002963,豪尔赛,18.26,18.5,18.48,18.78,17.36,136007.0,243400000.0,27.46,22.46,-25.01,2.32,11.06,6189400,7411300.0,2026-08-10,16:14:09
002965,祥鑫科技,32.11,33.42,35.09,35.6,31.88,229518.0,750190000.0,85.21,61.14,163.82,2.03,12.05,10215700,12736100.0,2026-08-10,16:14:27
002966,苏州银行,8.35,8.18,8.17,8.44,8.14,446377.0,371010000.0,373.3,367.02,6.82,0.73,1.02,23344300,21293400.0,2026-08-10,16:14:12
002967,广电计量,17.66,17.25,17.3,17.83,17.14,66253.0,116340000.0,112.96,97.08,25.87,2.34,1.21,3428500,3196800.0,2026-08-10,16:14:09
002968,新大正,9.17,8.91,8.89,9.22,8.86,29934.0,27160000.0,20.75,19.53,21.81,1.67,1.41,1666700,1326700.0,2026-08-10,16:14:12
002969,嘉美包装,14.47,13.87,14.0,14.69,14.0,667656.0,957940000.0,158.95,158.12,112.76,4.88,6.11,32514800,34250700.0,2026-08-10,16:14:48
002970,锐明技术,53.2,51.4,51.35,53.4,51.28,44932.0,234190000.0,97.85,67.24,30.07,4.83,3.56,2302800,2190500.0,2026-08-10,16:14:36
002971,和远气体,44.38,45.38,44.93,46.25,42.3,388254.0,1697820000.0,93.48,71.45,175.78,5.24,24.11,18354800,20470500.0,2026-08-10,16:14:30
002972,科安达,13.74,13.81,13.77,14.03,13.55,73419.0,100890000.0,33.8,18.5,36.46,2.67,5.45,3497200,3844700.0,2026-08-10,16:14:15
002973,侨银股份,11.85,11.22,11.22,11.91,11.0,144901.0,165270000.0,48.43,37.64,32.03,1.9,4.56,7796300,6693800.0,2026-08-10,16:14:51
002975,博杰股份,100.99,97.94,97.94,100.99,96.47,173841.0,1711030000.0,210.19,138.71,90.26,8.93,12.66,8444600,8939500.0,2026-08-10,16:14:15
002976,瑞玛精密,22.26,22.61,22.99,22.99,21.74,41594.0,91900000.0,43.32,27.1,-230.09,3.01,3.42,1810300,2349100.0,2026-08-10,16:14:18
002977,*ST天箭,22.0,21.97,21.85,22.16,21.56,8985.0,19620000.0,26.43,14.66,-11.08,3.11,1.35,425400,473100.0,2026-08-10,16:14:21
002978,安宁股份,27.45,26.86,26.86,27.65,26.8,37101.0,101270000.0,129.56,101.37,20.16,1.5,1.0,2049700,1660400.0,2026-08-10,16:14:18
002979,雷赛智能,58.85,60.82,61.09,61.5,58.36,143330.0,848610000.0,185.99,131.11,76.96,10.29,6.43,6232200,8100800.0,2026-08-10,16:14:39
002980,华盛昌,84.52,82.79,83.04,86.13,81.4,80686.0,672340000.0,159.25,85.61,205.07,14.2,7.97,3545700,4522900.0,2026-08-10,16:14:54
002981,朝阳科技,23.3,23.35,23.3,23.6,23.01,13406.0,31210000.0,31.82,28.33,110.72,3.05,1.1,682400,658200.0,2026-08-10,16:14:42
002982,湘佳股份,12.4,11.83,11.82,12.4,11.75,66834.0,81740000.0,25.2,16.13,179.19,1.57,5.14,3989300,2694100.0,2026-08-10,16:14:57
002983,芯瑞达,19.86,19.78,19.94,20.02,19.46,18529.0,36470000.0,44.18,25.69,40.21,3.34,1.43,961000,892000.0,2026-08-10,16:14:24
002984,森麒麟,14.47,14.17,14.2,14.58,14.17,76875.0,111060000.0,149.95,103.3,15.41,1.11,1.08,4223700,3463800.0,2026-08-10,16:14:27
002985,北摩高科,26.44,26.0,26.0,26.5,25.61,42293.0,110620000.0,87.74,87.5,41.1,3.23,1.28,2171300,2058000.0,2026-08-10,16:14:45
002986,宇新股份,12.8,12.29,12.31,12.83,12.2,89379.0,112600000.0,48.66,38.64,-36.33,1.28,2.96,5388400,3549400.0,2026-08-10,16:14:33
002987,京北方,11.3,11.3,11.33,11.35,11.15,156633.0,176020000.0,117.57,114.57,38.45,4.17,1.54,7028400,8634900.0,2026-08-10,16:14:48
002988,豪美新材,21.56,21.03,21.04,21.63,21.02,29178.0,62270000.0,53.86,53.86,46.12,2.0,1.17,1490300,1427500.0,2026-08-10,16:14:36
002989,中天精装,23.43,23.62,23.63,24.11,22.95,62399.0,145520000.0,47.24,46.35,-26.45,3.39,3.15,2990400,3249500.0,2026-08-10,16:15:00
002990,盛视科技,56.76,52.82,52.83,57.0,52.12,213173.0,1170660000.0,148.63,78.34,252.47,6.02,15.45,11197400,10119900.0,2026-08-10,16:14:03
002991,甘源食品,43.64,42.44,42.23,44.1,42.23,12852.0,55810000.0,40.68,21.79,18.32,2.41,2.57,624200,661000.0,2026-08-10,16:14:06
002992,宝明科技,36.12,37.5,37.35,37.35,35.6,25956.0,93580000.0,65.33,56.43,421.08,8.88,1.66,1043300,1552300.0,2026-08-10,16:14:30
002993,奥海科技,38.07,38.27,38.6,39.69,36.8,67420.0,252850000.0,105.09,90.78,30.52,2.24,2.83,2710500,4031500.0,2026-08-10,16:14:21
002995,天地在线,18.41,18.04,18.04,18.42,17.68,89427.0,162800000.0,32.67,20.7,-29.43,4.07,7.95,4822100,4120600.0,2026-08-10,16:14:24
002996,顺博合金,6.36,6.27,6.28,6.38,6.26,70680.0,44750000.0,42.58,29.15,18.43,1.32,1.54,4005700,3062300.0,2026-08-10,16:14:39
002997,瑞鹄模具,27.49,27.23,27.25,27.55,27.1,16729.0,45870000.0,57.54,57.54,14.35,2.29,0.8,798800,874100.0,2026-08-10,16:14:51
002998,优彩资源,8.17,7.95,7.96,8.2,7.85,137085.0,110060000.0,28.99,22.1,30.8,1.73,5.07,7247900,6460600.0,2026-08-10,16:14:54
002999,天禾股份,5.88,5.68,5.72,5.91,5.68,95240.0,55710000.0,20.44,20.2,37.86,1.69,2.77,5688500,3835500.0,2026-08-10,16:14:27
003000,劲仔食品,10.85,10.62,10.7,10.9,10.61,47166.0,51100000.0,48.92,33.42,19.85,3.65,1.53,2692100,2024500.0,2026-08-10,16:14:30
003001,中岩大地,19.93,19.94,19.72,20.35,19.5,175543.0,348760000.0,34.79,22.79,345.48,2.94,15.35,7845600,9708700.0,2026-08-10,16:14:33
003002,壶化股份,17.07,16.72,16.73,17.07,16.28,37738.0,63300000.0,34.14,31.21,20.74,2.26,2.06,2187500,1586300.0,2026-08-10,16:14:33
003003,天元股份,10.99,10.65,10.59,10.99,10.57,34227.0,37160000.0,19.42,12.95,32.59,1.51,2.91,1967800,1454900.0,2026-08-10,16:14:36
003004,声迅股份,66.5,65.5,66.06,67.99,65.5,12617.0,84060000.0,54.44,45.71,-5990.24,8.62,1.84,600200,661500.0,2026-08-10,16:14:36
003005,竞业达,13.89,13.74,13.84,13.92,13.5,44045.0,60640000.0,32.14,17.64,-367.15,1.8,3.47,2453000,1951500.0,2026-08-10,16:14:42
003006,百亚股份,14.57,14.18,14.2,14.9,14.15,72485.0,105680000.0,62.6,62.44,28.32,4.46,1.69,3925300,3323200.0,2026-08-10,16:14:45
003007,直真科技,39.6,39.9,39.23,40.62,38.43,61381.0,241110000.0,47.35,28.74,201.22,3.12,8.46,2899200,3238900.0,2026-08-10,16:14:09
003008,开普检测,19.05,18.49,18.56,19.08,18.41,12534.0,23690000.0,19.81,14.81,25.1,1.95,1.61,722400,531000.0,2026-08-10,16:14:57
003009,中天火箭,51.81,50.67,50.9,52.09,49.62,48677.0,248400000.0,85.34,85.32,-107.17,4.24,2.96,2459200,2408500.0,2026-08-10,16:14:39
003010,若羽臣,27.65,26.36,26.57,27.68,26.39,164191.0,447670000.0,86.01,62.53,35.94,12.29,7.26,8612200,7806900.0,2026-08-10,16:14:39
003011,海象新材,19.8,19.69,19.69,19.91,18.75,27273.0,53450000.0,20.33,15.22,23.61,1.5,3.55,1239800,1487500.0,2026-08-10,16:14:48
003012,东鹏控股,4.76,4.64,4.62,4.77,4.62,90789.0,42900000.0,55.07,54.01,16.57,0.76,0.8,5505600,3573300.0,2026-08-10,16:14:51
003013,地铁设计,18.35,19.18,18.81,19.0,18.03,102250.0,189320000.0,84.55,73.85,17.59,2.62,2.54,4449900,5775100.0,2026-08-10,16:14:12
003015,日久光电,11.7,11.59,11.53,11.73,11.41,58055.0,67110000.0,32.88,28.9,37.86,2.98,2.35,2966200,2839300.0,2026-08-10,16:14:15
003016,欣贺股份,6.97,6.73,6.73,6.98,6.65,53043.0,36540000.0,29.31,28.64,98.35,1.09,1.29,3084000,2220300.0,2026-08-10,16:14:42
003017,大洋生物,22.09,21.61,21.6,22.18,21.55,17562.0,38620000.0,22.27,18.44,21.96,1.95,2.1,1112000,644200.0,2026-08-10,16:15:00
003018,金富科技,38.3,39.78,40.3,41.4,37.46,136775.0,527210000.0,120.24,108.97,125.32,7.36,4.81,6137800,7539600.0,2026-08-10,16:14:45
003019,宸展光电,24.06,24.05,24.11,24.16,23.51,33715.0,80300000.0,42.57,41.61,24.72,2.6,1.95,1600500,1771000.0,2026-08-10,16:14:48
003020,立方制药,18.45,18.43,18.43,18.92,18.11,192986.0,355640000.0,42.11,31.1,25.95,2.36,11.45,8947200,10351400.0,2026-08-10,16:14:54
003021,兆威机电,79.55,81.15,81.36,81.93,79.11,23704.0,188750000.0,212.85,164.98,88.49,4.23,1.14,1043500,1326900.0,2026-08-10,16:14:42
003022,联泓新科,20.59,20.22,20.23,20.67,20.02,111316.0,226810000.0,274.99,274.76,72.55,3.67,0.83,5845500,5286000.0,2026-08-10,16:14:45
003023,彩虹集团,23.95,23.32,23.32,24.2,22.32,78180.0,182970000.0,25.23,25.18,48.89,1.63,7.44,4033400,3784600.0,2026-08-10,16:14:03
003025,思进智能,12.39,12.12,12.17,12.44,11.99,45210.0,55470000.0,35.18,28.05,22.94,2.83,2.0,2565100,1955900.0,2026-08-10,16:14:57
003026,中晶科技,29.64,29.4,29.41,29.75,28.82,80297.0,235010000.0,55.65,42.85,111.63,8.49,5.55,4194200,3835500.0,2026-08-10,16:14:51
003027,同兴科技,16.77,16.19,16.29,16.83,15.98,30466.0,50430000.0,21.92,17.59,30.99,1.29,2.91,1758800,1287800.0,2026-08-10,16:15:00
003028,振邦智能,22.72,22.49,22.49,22.74,22.13,7364.0,16630000.0,32.74,16.06,66.45,1.91,1.04,470300,266100.0,2026-08-10,16:14:06
003029,吉大正元,17.14,17.39,17.2,17.34,16.94,77567.0,132650000.0,33.19,30.18,-34.18,3.24,4.4,3715300,4041400.0,2026-08-10,16:14:54
003030,祖名股份,22.97,22.64,22.77,23.2,22.0,36104.0,81810000.0,28.66,18.6,102.86,2.91,4.46,1904700,1705700.0,2026-08-10,16:14:09
003031,中瓷电子,112.74,115.86,117.0,117.83,109.46,113610.0,1274470000.0,508.52,383.49,80.32,7.93,3.34,4729000,6632000.0,2026-08-10,16:14:03
003032,传智教育,12.03,11.5,10.99,12.08,10.6,1003268.0,1150710000.0,48.41,34.22,-57.89,4.14,35.27,48361300,51965500.0,2026-08-10,16:14:12
003033,征和工业,63.53,65.0,65.01,65.45,62.05,16730.0,105560000.0,51.94,51.3,33.68,3.74,2.07,640600,1032400.0,2026-08-10,16:14:15
003035,南网能源,5.66,5.6,5.63,5.74,5.58,267709.0,150820000.0,214.39,214.39,62.92,3.08,0.71,11155800,15615100.0,2026-08-10,16:14:18
003036,泰坦股份,55.4,53.66,54.46,56.0,51.11,161901.0,868430000.0,120.0,120.0,245.5,8.51,7.47,7538100,8652000.0,2026-08-10,16:14:21
003037,三和管桩,5.84,5.7,5.73,5.88,5.7,53046.0,30850000.0,34.99,34.99,100.84,1.27,0.89,3263700,2040900.0,2026-08-10,16:14:06
003038,鑫铂股份,11.14,10.75,10.75,11.15,10.75,40659.0,44730000.0,27.14,18.27,-11.55,0.96,2.48,2540200,1525700.0,2026-08-10,16:14:57
003039,顺控发展,12.18,11.8,11.85,12.31,11.76,47827.0,57830000.0,75.21,75.21,23.76,2.66,0.77,2525100,2257600.0,2026-08-10,16:14:18
003040,楚天龙,12.57,13.1,12.8,12.89,12.21,331918.0,412620000.0,57.96,57.43,-246.68,4.04,7.27,16788000,16403700.0,2026-08-10,16:14:21
003041,真爱美家,43.24,42.81,42.83,43.51,42.61,17357.0,74780000.0,62.27,59.16,202.8,4.23,1.27,872200,863500.0,2026-08-10,16:14:24
003042,中农联合,13.4,13.05,13.0,13.45,12.97,30699.0,40720000.0,19.09,16.52,-13.77,1.56,2.49,1692300,1377600.0,2026-08-10,16:14:48
003043,华亚智能,74.25,67.5,67.5,74.25,67.39,93645.0,675980000.0,106.93,69.81,142.17,5.66,9.96,4929400,4435000.0,2026-08-10,16:15:00
003816,中国广核,3.95,3.89,3.89,3.95,3.88,912052.0,358650000.0,1994.7,1553.74,21.03,1.64,0.23,51783900,39421300.0,2026-08-10,16:14:03
300001,特锐德,35.36,35.13,35.29,35.9,34.86,139319.0,490370000.0,373.16,364.62,29.85,4.42,1.35,6607000,7325000.0,2026-08-10,16:14:15
300002,神州泰岳,8.59,8.52,8.55,8.61,8.41,384621.0,328230000.0,168.98,159.01,23.02,2.2,2.08,20034400,18427700.0,2026-08-10,16:14:33
300003,乐普医疗,13.11,13.14,13.14,13.35,13.01,314427.0,413410000.0,241.67,207.0,29.11,1.5,1.99,13845200,17597400.0,2026-08-10,16:14:36
300004,南风股份,8.45,8.44,8.48,8.51,8.28,144510.0,120900000.0,40.56,40.56,424.75,2.29,3.01,7009100,7441900.0,2026-08-10,16:14:18
300005,探路者,11.06,11.3,11.39,11.8,10.97,664081.0,747250000.0,97.74,96.95,113.5,4.53,7.58,31508700,34899400.0,2026-08-10,16:14:54
300006,莱美药业,5.35,5.11,5.17,5.35,5.14,494323.0,261050000.0,56.49,56.49,-41.56,3.24,4.68,27798000,21634300.0,2026-08-10,16:14:39
300007,汉威科技,34.74,35.26,35.6,35.78,34.18,87960.0,304980000.0,113.75,98.3,68.27,3.87,3.11,3802700,4993200.0,2026-08-10,16:14:42
300008,天海防务,6.4,6.22,6.23,6.41,6.19,627626.0,396780000.0,110.59,105.43,32.29,4.51,3.81,38052000,24710600.0,2026-08-10,16:14:57
300009,安科生物,8.52,8.55,8.59,8.74,8.52,303989.0,261960000.0,142.34,104.82,20.52,3.29,2.47,13709800,16689100.0,2026-08-10,16:14:21
300010,ST豆神,2.3,2.28,2.28,2.32,2.26,295316.0,67670000.0,47.53,38.26,-199.65,2.74,1.78,14760800,14770800.0,2026-08-10,16:14:24
300011,鼎汉技术,6.05,5.92,5.92,6.05,5.89,44605.0,26780000.0,36.64,30.69,-240.1,2.42,0.88,2513300,1947200.0,2026-08-10,16:14:45
300012,华测检测,14.55,14.04,14.09,14.64,14.08,493302.0,711540000.0,244.85,208.25,23.13,3.21,3.45,26667100,22663100.0,2026-08-10,16:14:45
300013,新宁物流,3.96,3.68,3.69,4.11,3.66,294398.0,114160000.0,22.11,22.09,-82.49,12.31,5.28,16264000,13175800.0,2026-08-10,16:14:48
300014,亿纬锂能,55.22,54.94,54.92,55.75,54.31,398558.0,2194020000.0,1200.09,1166.51,26.79,2.78,1.89,19573900,20281900.0,2026-08-10,16:14:24
300015,爱尔眼科,9.07,8.82,8.82,9.28,8.79,1494736.0,1353960000.0,843.47,721.72,25.02,3.87,1.88,85837300,63636300.0,2026-08-10,16:14:27
300016,北陆药业,8.54,8.41,8.41,8.69,8.41,351499.0,300540000.0,49.68,48.01,40.33,2.02,6.25,17203600,17946300.0,2026-08-10,16:14:00
300017,网宿科技,14.8,15.46,15.0,15.28,14.44,2275901.0,3342370000.0,369.36,350.24,50.71,3.65,9.62,100698500,126891600.0,2026-08-10,16:14:27
300018,中元股份,12.06,11.94,12.0,12.14,11.88,88261.0,105810000.0,58.94,43.9,41.46,4.2,2.42,4446700,4379400.0,2026-08-10,16:14:51
300019,硅宝科技,15.03,14.95,15.14,15.14,14.83,48979.0,73270000.0,59.09,55.4,23.3,2.24,1.33,2501900,2396000.0,2026-08-10,16:14:48
300020,ST银江,3.6,3.51,3.52,3.68,3.46,150820.0,53940000.0,28.61,27.6,-1.6,2.14,1.97,7851000,7231000.0,2026-08-10,16:14:03
300021,大禹节水,3.98,3.9,3.89,3.99,3.87,169399.0,66840000.0,40.69,34.76,80.74,1.56,1.94,10324900,6615100.0,2026-08-10,16:14:54
300022,吉峰科技,8.6,8.17,8.25,8.7,8.2,193790.0,165450000.0,42.5,42.5,-135.56,8.32,3.92,10904800,8474200.0,2026-08-10,16:14:30
300024,机器人,15.78,15.79,15.95,15.95,15.49,318229.0,500150000.0,247.05,246.99,-56.13,6.11,2.03,15065700,16757200.0,2026-08-10,16:14:51
300025,华星创业,5.0,4.95,4.92,5.08,4.87,115339.0,57400000.0,25.44,25.33,-18.65,5.97,2.28,5435600,6098300.0,2026-08-10,16:14:57
300026,红日药业,3.41,3.41,3.41,3.46,3.39,583014.0,199760000.0,102.44,102.35,428.98,1.2,1.94,29371300,28930100.0,2026-08-10,16:14:30
300027,ST华谊,1.79,1.8,1.76,1.81,1.75,313117.0,55620000.0,49.66,45.94,-12.99,-433.34,1.22,15598800,15712900.0,2026-08-10,16:14:54
300029,天龙退,0.12,0.12,0.0,0.0,0.0,0.0,0.0,0.24,0.24,-1.26,-0.7,0.0,0,0.0,2026-08-10,09:00:00
300030,阳普医疗,6.89,6.75,6.75,6.91,6.71,101364.0,69320000.0,21.3,18.76,75.01,3.32,3.72,5100500,5035900.0,2026-08-10,16:14:33
300031,宝通科技,21.93,21.88,21.88,22.15,21.53,141623.0,308520000.0,91.83,77.17,34.92,2.27,4.02,6343800,7818500.0,2026-08-10,16:14:57
300032,金龙机电,3.76,3.7,3.7,3.77,3.64,198232.0,73700000.0,30.2,30.2,-100.91,4.67,2.47,11310900,8512300.0,2026-08-10,16:14:00
300033,同花顺,238.51,239.82,241.0,242.03,236.0,107316.0,2567860000.0,1795.12,1045.65,53.74,25.68,2.45,5359200,5372400.0,2026-08-10,16:14:33
300034,钢研高纳,16.28,16.02,16.0,16.35,15.82,103457.0,166630000.0,129.75,124.88,130.02,3.39,1.35,5163000,5182700.0,2026-08-10,16:14:00
300035,中科电气,13.95,13.79,13.88,14.09,13.8,123569.0,172230000.0,95.62,81.38,23.9,1.97,2.12,6432800,5924200.0,2026-08-10,16:14:36
300036,超图软件,11.72,11.68,11.64,11.83,11.49,98131.0,114660000.0,57.75,52.16,119.35,2.2,2.2,4589600,5223500.0,2026-08-10,16:14:36
300037,新宙邦,66.55,66.8,67.2,68.98,65.63,139328.0,930800000.0,501.71,363.88,37.22,4.72,2.55,6725800,7207000.0,2026-08-10,16:14:39
300039,上海凯宝,5.84,5.96,5.85,6.0,5.81,793647.0,466710000.0,61.09,53.55,23.57,1.34,8.66,33957200,45407400.0,2026-08-10,16:14:03
300040,九洲集团,6.68,6.48,6.49,6.73,6.42,720951.0,477990000.0,42.98,34.56,97.96,1.65,13.93,39111800,32983300.0,2026-08-10,16:14:03
300041,回天新材,11.02,11.1,11.1,11.28,10.87,192373.0,211190000.0,61.65,60.0,27.66,2.09,3.53,7426100,11811200.0,2026-08-10,16:14:06
300042,朗科科技,42.55,47.1,42.0,43.72,40.21,401062.0,1661200000.0,85.27,85.26,60.87,7.54,20.01,17373300,22732800.0,2026-08-10,16:14:39
300043,星辉娱乐,4.91,4.81,4.88,4.92,4.73,346290.0,168090000.0,61.09,61.06,15.23,3.54,2.78,20461100,14167900.0,2026-08-10,16:14:06
300044,*ST赛为,5.21,5.2,5.14,5.24,5.08,119774.0,61710000.0,39.8,37.27,-3.17,-3.48,1.67,5489700,6487600.0,2026-08-10,16:14:09
300045,华力创通,13.79,13.52,13.57,13.97,13.34,186517.0,253820000.0,91.38,71.2,-143.21,6.02,3.61,9285200,9366500.0,2026-08-10,16:14:12
300046,台基股份,24.84,24.78,24.73,25.07,24.3,51201.0,125980000.0,58.75,58.75,128.69,5.27,2.16,2475200,2644900.0,2026-08-10,16:14:42
300047,天源迪科,10.18,10.11,10.1,10.22,10.0,148423.0,150340000.0,64.92,58.42,196.77,1.97,2.59,7507900,7334400.0,2026-08-10,16:14:09
300048,合康新能,5.33,5.26,5.25,5.33,5.24,71643.0,37920000.0,60.35,60.24,270.94,3.29,0.63,3671800,3492600.0,2026-08-10,16:14:45
300049,福瑞医科,42.47,44.8,45.45,46.65,42.05,126302.0,546330000.0,112.12,99.21,71.3,5.83,5.41,4671100,7959100.0,2026-08-10,16:14:15
300050,世纪鼎利,6.32,6.12,6.1,6.34,6.01,192130.0,119040000.0,34.43,34.41,205.93,8.34,3.53,11599700,7613300.0,2026-08-10,16:14:48
300051,琏升科技,8.3,8.11,8.4,8.87,7.98,660135.0,556380000.0,30.88,30.5,-23.99,32.32,17.97,34134900,31878600.0,2026-08-10,16:14:18
300052,中青宝,11.28,11.13,11.1,11.28,10.98,177543.0,198250000.0,29.54,29.54,-51.2,8.57,6.78,8681600,9072700.0,2026-08-10,16:14:51
300053,航宇微,13.21,13.26,13.37,13.37,12.9,183181.0,239780000.0,92.06,85.97,-25.49,6.51,2.81,9019800,9298300.0,2026-08-10,16:14:06
300054,鼎龙股份,78.65,77.74,78.98,79.65,76.85,340079.0,2657180000.0,750.71,585.39,90.43,13.99,4.57,16420200,17587700.0,2026-08-10,16:14:09
300055,万邦达,6.12,5.97,6.0,6.13,5.95,167582.0,101480000.0,51.21,38.73,-21.46,1.05,2.65,9091600,7666600.0,2026-08-10,16:14:21
300056,中创环保,8.73,8.37,8.4,8.74,8.24,108451.0,92800000.0,33.65,33.63,-30.82,46.96,2.82,6275500,4569600.0,2026-08-10,16:14:12
300057,万顺新材,6.58,6.53,6.56,6.61,6.42,332132.0,216130000.0,66.04,54.68,-42.36,1.29,4.0,14618900,18594300.0,2026-08-10,16:14:24
300058,蓝色光标,16.08,15.88,15.71,16.38,15.34,5536975.0,8814880000.0,577.31,559.25,226.16,7.28,15.92,291876600,261820900.0,2026-08-10,16:14:54
300059,东方财富,20.03,19.98,19.99,20.15,19.91,1949808.0,3904690000.0,3169.19,2674.67,24.18,3.31,1.46,96747800,98233000.0,2026-08-10,16:14:42
300061,旗天科技,6.74,6.64,6.64,6.76,6.5,159148.0,106170000.0,44.42,41.93,-58.65,9.58,2.56,8629900,7284900.0,2026-08-10,16:14:27
300062,中能电气,7.63,6.61,6.72,7.9,6.66,1206121.0,898710000.0,48.06,34.97,-62.17,3.12,26.31,73061400,47550700.0,2026-08-10,16:14:12
300063,天龙集团,9.48,9.58,9.75,9.78,9.27,467591.0,441870000.0,71.91,59.39,61.7,4.07,7.46,20359800,26399300.0,2026-08-10,16:14:57
300065,海兰信,17.5,17.16,17.38,17.54,16.77,481209.0,825890000.0,126.27,114.92,1762.7,7.19,7.33,22823300,25297600.0,2026-08-10,16:14:45
300066,三川智慧,5.38,5.46,5.47,5.5,5.29,259800.0,139280000.0,55.95,53.7,39.75,2.17,2.6,10603800,15376100.0,2026-08-10,16:14:15
300067,安诺其,5.62,5.58,5.55,5.62,5.4,468979.0,259300000.0,64.88,52.67,-148.33,2.61,5.0,23999400,22898500.0,2026-08-10,16:14:18
300068,ST南都,4.18,4.25,4.23,4.25,4.13,371045.0,154780000.0,37.55,35.68,-1.4,3.41,4.35,12914400,24190100.0,2026-08-10,16:14:48
300069,金利华电,29.42,29.18,29.76,30.28,28.38,64713.0,187470000.0,34.42,34.42,-2272.46,12.62,5.53,3109500,3361800.0,2026-08-10,16:14:21
300070,碧水源,3.51,3.5,3.49,3.54,3.48,279975.0,98520000.0,127.21,120.56,207.07,0.47,0.82,13045200,14952300.0,2026-08-10,16:14:24
300071,福石控股,4.6,4.49,4.58,4.62,4.35,895366.0,404990000.0,44.34,43.49,-39.04,27.54,9.47,50522200,39014400.0,2026-08-10,16:14:00
300072,海新能科,3.56,3.45,3.51,3.63,3.5,357380.0,127150000.0,83.65,83.0,-14.69,1.6,1.53,19202200,16535900.0,2026-08-10,16:14:03
300073,当升科技,42.48,42.1,42.25,42.95,41.83,118515.0,501400000.0,231.22,214.94,28.95,1.56,2.34,5813600,6037900.0,2026-08-10,16:14:06
300074,华平股份,3.77,3.67,3.67,3.79,3.65,192296.0,71930000.0,20.75,20.73,-12.02,2.43,3.5,10508500,8721100.0,2026-08-10,16:14:27
300075,数字政通,11.23,11.08,11.08,11.32,10.98,109116.0,122100000.0,69.75,57.88,-18.6,2.2,2.12,5528700,5382900.0,2026-08-10,16:14:09
300076,*ST宁视,4.7,4.26,4.31,4.9,4.31,195003.0,90910000.0,19.93,19.93,-24.75,2.37,4.6,11189600,8310700.0,2026-08-10,16:14:51
300077,国民技术,19.17,19.31,19.41,19.9,18.87,342447.0,654870000.0,130.0,108.57,-118.41,7.46,6.05,16086200,18158400.0,2026-08-10,16:14:12
300078,思创智联,3.17,3.04,3.05,3.24,3.03,495673.0,155820000.0,35.44,35.29,-62.44,7.03,4.45,28846100,20721200.0,2026-08-10,16:14:54
300079,数码视讯,4.56,4.51,4.49,4.57,4.45,212544.0,96120000.0,65.03,58.44,182.12,1.59,1.66,9819000,11435400.0,2026-08-10,16:14:57
300080,易成新能,3.77,3.71,3.72,3.79,3.68,143997.0,53970000.0,70.63,70.53,-9.43,1.64,0.77,7356500,7043200.0,2026-08-10,16:14:30
300081,ST恒信,3.05,3.06,3.03,3.08,2.99,59377.0,18030000.0,18.45,18.44,-4.87,2.34,0.98,3138400,2799300.0,2026-08-10,16:14:00
300082,奥克股份,7.97,7.86,7.84,8.0,7.82,67756.0,53590000.0,54.2,54.06,446.27,1.98,1.0,3988700,2786900.0,2026-08-10,16:14:15
300083,创世纪,14.57,14.48,14.44,14.79,14.11,1349608.0,1940960000.0,242.57,217.4,207.07,4.57,9.04,67452600,67508200.0,2026-08-10,16:14:03
300084,海默科技,12.0,12.45,12.42,12.54,11.95,150030.0,181320000.0,65.85,56.51,-196.5,4.52,3.19,6189000,8814000.0,2026-08-10,16:14:30
300085,银之杰,30.58,31.09,31.45,31.45,30.23,318192.0,974410000.0,216.09,199.39,-167.69,51.49,4.88,13936200,17883000.0,2026-08-10,16:14:18
300086,康芝药业,6.85,6.76,6.75,6.93,6.71,225131.0,154090000.0,31.18,30.19,-13.43,3.51,5.11,10851000,11662100.0,2026-08-10,16:14:06
300087,ST荃银,5.37,5.32,5.29,5.41,5.28,127811.0,68460000.0,50.87,48.45,-25.13,3.0,1.42,6115400,6665700.0,2026-08-10,16:14:33
300088,长信科技,7.69,7.87,7.9,8.07,7.61,1425535.0,1100620000.0,192.08,191.14,111.79,2.24,5.74,54089600,88463900.0,2026-08-10,16:14:09
300091,*ST金灵,2.55,2.52,2.52,2.56,2.5,53060.0,13400000.0,72.47,41.7,-3.36,5.58,0.32,2860300,2445700.0,2026-08-10,16:14:36
300092,科新机电,11.57,11.41,11.41,11.59,11.23,38234.0,43920000.0,31.69,24.28,76.75,1.94,1.82,2173500,1649900.0,2026-08-10,16:14:39
300093,金刚光伏,23.4,23.3,23.02,23.5,22.6,64360.0,147900000.0,126.36,54.05,47.56,6.49,2.79,3085900,3350100.0,2026-08-10,16:14:12
300094,国联水产,2.91,2.8,2.8,3.03,2.79,663126.0,192270000.0,32.83,32.17,-2.01,34.55,6.0,36766500,29546100.0,2026-08-10,16:14:15
300095,华伍股份,8.37,8.39,8.41,8.47,8.25,77898.0,65030000.0,33.01,26.59,-16.41,2.62,2.45,4266500,3523300.0,2026-08-10,16:14:18
300096,ST易联众,9.15,8.43,8.7,9.18,8.42,55167.0,49090000.0,39.34,39.34,82.4,11.8,1.28,3660100,1856600.0,2026-08-10,16:14:33
300097,智云股份,9.14,9.41,9.51,9.51,9.06,92244.0,84720000.0,26.37,24.68,-9.99,13.32,3.42,4262900,4961500.0,2026-08-10,16:14:21
300098,高新兴,4.68,4.67,4.68,4.71,4.57,375033.0,174580000.0,81.33,72.15,-1131.67,3.07,2.43,18319500,19183800.0,2026-08-10,16:14:24
300099,尤洛卡,6.19,6.11,6.09,6.22,6.04,128561.0,79090000.0,45.64,35.98,24.78,1.99,2.21,7183300,5672800.0,2026-08-10,16:14:21
300100,双林股份,23.03,23.44,23.65,23.65,22.83,62776.0,144490000.0,133.34,128.41,31.13,4.06,1.13,2566400,3711200.0,2026-08-10,16:14:42
300101,振芯科技,15.28,15.31,15.3,15.36,14.96,78087.0,118570000.0,86.78,86.48,553.35,4.92,1.38,3803400,4005200.0,2026-08-10,16:14:15
300102,乾照光电,19.33,19.22,19.4,19.47,18.59,321386.0,611980000.0,177.9,177.05,152.73,4.13,3.51,15605800,16532800.0,2026-08-10,16:14:27
300103,达刚控股,8.1,8.1,8.16,8.29,7.9,52377.0,42290000.0,25.73,25.7,-45.23,5.73,1.65,2305600,2932100.0,2026-08-10,16:14:45
300105,龙源技术,8.16,7.88,7.98,8.18,7.9,332792.0,268140000.0,42.09,42.06,-64.95,2.35,6.46,16500100,16779100.0,2026-08-10,16:14:48
300106,西部牧业,9.78,9.34,9.33,9.8,9.33,146891.0,141540000.0,20.67,20.67,-57.58,5.49,6.95,8128100,6561000.0,2026-08-10,16:14:18
300107,建新股份,6.54,6.33,6.32,6.55,6.3,120258.0,77730000.0,36.81,22.72,-161.59,2.49,3.46,7432000,4593800.0,2026-08-10,16:14:21
300108,*ST吉药,0.21,0.21,0.0,0.0,0.0,0.0,0.0,1.4,1.37,-0.32,-0.17,0.0,0,0.0,2026-08-10,09:00:00
300109,新开源,13.76,13.06,13.06,13.78,13.02,121857.0,163620000.0,79.38,71.21,45.51,2.2,2.35,6678300,5507400.0,2026-08-10,16:14:24
300110,华仁药业,2.81,2.75,2.75,2.83,2.74,300153.0,84090000.0,33.22,33.19,-7.18,3.89,2.54,14479900,15535400.0,2026-08-10,16:14:36
300111,向日葵,3.1,3.04,3.04,3.13,3.01,350762.0,108120000.0,39.9,39.9,-421.42,5.89,2.72,18215300,16860900.0,2026-08-10,16:14:27
300112,万讯自控,9.14,8.91,8.88,9.17,8.76,184407.0,165300000.0,26.32,21.72,-44.86,2.66,7.76,9948600,8492100.0,2026-08-10,16:14:39
300113,顺网科技,18.29,18.51,18.5,18.62,17.99,243702.0,443580000.0,123.3,93.1,29.04,5.05,4.79,11156700,13213500.0,2026-08-10,16:14:30
300115,长盈精密,27.68,28.02,28.07,28.38,27.52,282204.0,783770000.0,376.82,375.71,68.76,4.52,2.08,11797100,16423300.0,2026-08-10,16:14:30
300117,*ST嘉寓,0.43,0.43,0.0,0.0,0.0,0.0,0.0,3.08,3.08,-0.76,-0.16,0.0,0,0.0,2026-08-10,09:00:00
300118,东方日升,10.52,10.29,10.25,10.58,10.03,411871.0,425630000.0,119.93,97.5,-4.11,1.45,4.44,23471900,17715200.0,2026-08-10,16:14:33
300119,瑞普生物,18.38,18.2,18.16,18.39,18.0,37654.0,68700000.0,85.42,61.32,21.77,1.85,1.13,2008600,1756800.0,2026-08-10,16:14:36
300120,经纬辉开,6.88,6.79,6.79,6.98,6.6,286481.0,195110000.0,39.52,36.29,-8.0,1.58,5.43,13068400,15579700.0,2026-08-10,16:14:42
300121,阳谷华泰,9.79,9.64,9.7,9.79,9.54,121549.0,117930000.0,43.59,42.04,22.38,1.23,2.83,6626700,5528200.0,2026-08-10,16:14:39
300122,智飞生物,13.35,13.48,13.37,13.62,13.24,309401.0,415220000.0,319.57,188.81,-2.16,2.07,2.19,13794000,17146000.0,2026-08-10,16:14:33
300123,ST亚光,4.47,4.59,4.62,4.62,4.37,304482.0,135460000.0,45.68,44.43,-3.71,14.63,3.06,12155200,18293000.0,2026-08-10,16:14:51
300124,汇川技术,64.34,64.6,64.6,65.5,64.18,205108.0,1327290000.0,1742.07,1550.8,36.75,4.97,0.85,9435900,11074900.0,2026-08-10,16:14:24
300125,聆达股份,9.46,9.77,9.4,10.4,9.38,206876.0,201540000.0,62.99,34.13,160.93,6.03,5.73,8983300,11704200.0,2026-08-10,16:14:36
300126,锐奇股份,6.3,6.13,6.11,6.32,6.03,34403.0,21400000.0,19.15,13.27,-29.7,1.92,1.63,1925600,1514700.0,2026-08-10,16:14:54
300127,银河磁体,26.23,27.02,26.94,27.0,25.9,121370.0,318950000.0,84.76,60.54,44.13,5.89,5.26,5421900,6715100.0,2026-08-10,16:14:45
300128,锦富技术,4.73,4.77,4.73,4.77,4.62,313589.0,146980000.0,61.45,61.37,-18.47,14.57,2.42,13958400,17400500.0,2026-08-10,16:14:39
300129,泰胜风能,8.38,8.24,8.3,8.42,8.02,265700.0,219670000.0,92.92,60.23,50.75,1.63,3.7,14290400,12279600.0,2026-08-10,16:14:42
300130,新国都,19.5,19.82,19.75,19.76,19.43,102379.0,199980000.0,110.62,84.66,26.4,2.54,2.36,4075100,6162800.0,2026-08-10,16:14:48
300131,英唐智控,16.01,15.18,15.2,16.25,14.8,759049.0,1173910000.0,181.72,166.87,1389.73,10.53,7.28,39549400,36355600.0,2026-08-10,16:14:45
300132,青松股份,6.83,6.51,6.48,6.86,6.47,272288.0,183390000.0,35.28,34.7,20.37,2.39,5.36,17079200,10149600.0,2026-08-10,16:14:27
300133,华策影视,7.3,7.3,7.35,7.52,7.15,593996.0,430850000.0,136.86,121.39,75.91,1.88,3.57,27453100,31946500.0,2026-08-10,16:14:57
300134,大富科技,8.63,9.03,8.84,8.9,8.51,307488.0,264750000.0,66.24,66.24,-24.76,1.81,4.01,12018300,18730500.0,2026-08-10,16:14:48
300135,宝利国际,3.35,3.26,3.26,3.37,3.24,224405.0,74570000.0,30.87,30.87,-33.23,3.57,2.43,11958100,10482400.0,2026-08-10,16:14:51
300136,信维通信,68.36,68.12,69.7,69.99,65.55,684900.0,4627410000.0,661.43,564.11,89.86,8.29,8.3,34487400,34002500.0,2026-08-10,16:14:00
300137,先河环保,12.41,12.82,12.72,12.84,12.11,244269.0,305260000.0,66.59,65.78,2408.87,4.1,4.61,9943500,14483300.0,2026-08-10,16:14:42
300138,晨光生物,11.7,11.23,11.23,11.75,11.18,97485.0,112940000.0,56.52,46.6,15.87,1.7,2.45,5819200,3929300.0,2026-08-10,16:14:51
300139,晓程科技,52.49,48.0,47.79,55.0,46.0,749467.0,3698030000.0,143.82,122.65,77.61,12.35,32.08,38325200,36621500.0,2026-08-10,16:14:45
300140,节能环境,5.54,5.5,5.51,5.59,5.5,109189.0,60600000.0,171.69,171.48,18.87,1.21,0.35,5037200,5881700.0,2026-08-10,16:14:48
300141,和顺电气,11.08,10.22,10.18,11.41,10.16,257100.0,281630000.0,28.57,28.21,-70.81,4.61,10.1,14286300,11423700.0,2026-08-10,16:14:51
300142,沃森生物,13.13,13.14,13.0,13.28,12.99,829165.0,1089590000.0,209.99,207.17,73.48,2.91,5.26,37542200,45374300.0,2026-08-10,16:14:54
300143,盈康生命,7.74,7.66,7.68,7.87,7.65,186865.0,145170000.0,75.3,64.42,117.1,2.98,2.25,9325600,9360900.0,2026-08-10,16:14:57
300144,宋城演艺,6.2,6.14,6.14,6.22,6.11,315268.0,194940000.0,161.75,160.06,20.73,2.29,1.22,16358000,15168800.0,2026-08-10,16:14:00
300145,南方泵业,4.46,4.5,4.57,4.61,4.39,616563.0,274270000.0,85.64,85.22,34.19,2.97,3.23,22992900,38663400.0,2026-08-10,16:14:54
300146,汤臣倍健,10.11,10.09,10.07,10.19,9.97,162428.0,164080000.0,171.03,113.31,26.36,1.57,1.45,7364800,8878000.0,2026-08-10,16:14:57
300147,*ST香雪,7.61,7.8,7.63,7.83,7.6,91156.0,70030000.0,50.32,50.03,-3.55,-10.67,1.39,3356700,5758900.0,2026-08-10,16:14:00
300148,天舟文化,3.53,3.47,3.46,3.53,3.44,223436.0,78140000.0,29.76,28.74,55.61,2.88,2.74,11821900,10521700.0,2026-08-10,16:14:03
300149,睿智医药,10.48,10.42,10.51,10.94,10.3,718546.0,759160000.0,52.92,50.47,-464.79,4.06,14.92,34541200,37313300.0,2026-08-10,16:14:54
300150,世纪瑞尔,4.24,4.12,4.1,4.26,4.09,71478.0,30020000.0,24.81,19.66,65.17,1.58,1.54,4039100,3108700.0,2026-08-10,16:14:03
300151,昌红科技,16.1,16.56,16.6,16.6,15.85,139756.0,224750000.0,85.73,59.36,134.37,5.58,3.79,6103100,7872500.0,2026-08-10,16:14:57
300152,*ST动力,1.67,1.51,1.7,1.75,1.64,590985.0,99390000.0,11.9,11.9,-37.05,5.63,8.29,32841700,26256800.0,2026-08-10,16:14:06
300153,科泰电源,21.76,21.53,21.78,22.74,21.52,108059.0,236960000.0,69.63,69.27,121.26,7.61,3.39,5482000,5324000.0,2026-08-10,16:14:03
300154,瑞凌股份,9.47,9.43,9.46,9.95,9.43,189317.0,183120000.0,42.57,29.85,48.36,2.49,6.01,8917800,10014000.0,2026-08-10,16:14:00
300155,安居宝,4.3,4.15,4.15,4.31,4.1,97723.0,41420000.0,24.13,14.17,-44.16,2.02,2.97,5492000,4280300.0,2026-08-10,16:14:06
300157,新锦动力,4.37,4.18,4.18,4.38,4.16,700047.0,300350000.0,33.45,31.9,-49.61,-17.84,9.59,41893900,28110800.0,2026-08-10,16:14:09
300158,振东制药,5.26,5.14,5.18,5.38,5.16,302326.0,159010000.0,52.2,52.15,-17.21,1.56,3.05,15988500,14244100.0,2026-08-10,16:14:09
300159,新研股份,3.09,3.06,3.08,3.09,3.02,292838.0,89560000.0,101.67,56.93,71.73,3.64,1.59,14256300,15027500.0,2026-08-10,16:14:12
300160,秀强股份,4.39,4.29,4.29,4.41,4.27,80513.0,35140000.0,33.93,33.46,23.17,1.3,1.06,5285400,2765900.0,2026-08-10,16:14:06
300161,华中数控,28.67,26.33,26.5,30.4,26.5,126509.0,359560000.0,56.97,55.9,-1251.42,3.7,6.49,6975900,5674900.0,2026-08-10,16:14:03
300162,雷曼光电,7.91,8.1,8.11,8.14,7.78,342235.0,269670000.0,33.18,27.06,-56.98,4.02,10.0,13855000,20368500.0,2026-08-10,16:14:12
300163,先锋新材,6.75,6.44,6.4,6.77,6.28,293360.0,192860000.0,32.0,30.82,93.46,5.82,6.42,16199200,13136800.0,2026-08-10,16:14:09
300164,通源石油,10.7,10.79,10.99,11.23,10.53,1345148.0,1457020000.0,62.97,62.4,274.53,4.57,23.06,63699000,70815900.0,2026-08-10,16:14:15
300165,天瑞仪器,5.39,5.24,5.25,5.44,5.21,153365.0,82030000.0,26.71,22.67,-11.95,2.53,3.65,7865300,7471300.0,2026-08-10,16:14:06
300166,东方国信,13.99,14.32,14.48,14.48,13.83,468830.0,654500000.0,159.31,126.72,-72.7,2.79,5.18,19091100,27791900.0,2026-08-10,16:14:18
300167,ST迪威迅,4.15,4.03,4.03,4.23,3.98,56550.0,23320000.0,17.28,14.69,-57.46,13.43,1.6,2929000,2726000.0,2026-08-10,16:14:21
300168,万达信息,5.27,5.2,5.2,5.35,5.15,205413.0,107930000.0,75.92,75.84,-16.5,7.38,1.43,10660700,9880600.0,2026-08-10,16:14:15
300169,天晟新材,5.76,5.54,5.62,5.79,5.52,264028.0,150960000.0,19.55,17.38,60.3,18.25,8.75,14559800,11843000.0,2026-08-10,16:14:18
300170,汉得信息,17.6,17.81,17.8,18.13,17.3,584632.0,1029830000.0,183.11,174.87,79.49,3.19,5.88,28851600,29611500.0,2026-08-10,16:14:30
300171,东富龙,13.12,12.86,12.98,13.28,12.9,190537.0,249740000.0,100.48,73.82,48.36,1.27,3.39,9687200,9366500.0,2026-08-10,16:14:21
300172,中电环保,4.61,4.43,4.44,4.61,4.41,217106.0,98910000.0,31.2,24.11,39.34,1.65,4.15,13236600,8474100.0,2026-08-10,16:14:24
300173,ST福能,3.34,3.3,3.29,3.36,3.27,72609.0,24120000.0,24.54,24.54,-15.97,3.02,0.99,3846100,3414800.0,2026-08-10,16:14:12
300174,元力股份,19.6,19.28,19.29,19.6,18.71,205906.0,392380000.0,71.39,71.14,32.01,2.07,5.67,10230900,10359700.0,2026-08-10,16:14:09
300175,朗源股份,5.78,5.82,5.81,5.81,5.72,54349.0,31310000.0,27.21,27.21,-162.87,5.46,1.15,3163000,2271900.0,2026-08-10,16:14:27
300176,鸿特科技,5.33,5.19,5.2,5.34,5.15,155652.0,82020000.0,20.64,20.64,42.9,2.12,4.02,9271000,6294200.0,2026-08-10,16:14:15
300177,中海达,6.37,6.34,6.28,6.39,6.21,80221.0,50740000.0,47.4,38.62,-19.97,3.76,1.32,4719600,3302500.0,2026-08-10,16:14:18
300179,四方达,35.96,36.92,36.94,37.17,34.88,390402.0,1395060000.0,174.67,134.48,171.32,15.51,10.44,18054400,20985700.0,2026-08-10,16:14:12
300180,华峰超纤,4.43,4.41,4.4,4.46,4.37,220187.0,97230000.0,78.01,75.87,2761.35,1.67,1.29,10228400,11790300.0,2026-08-10,16:14:33
300181,佐力药业,14.36,14.36,14.37,14.65,14.25,235450.0,340470000.0,100.72,86.58,15.49,3.17,3.91,11612200,11932800.0,2026-08-10,16:14:24
300182,捷成股份,5.36,5.39,5.41,5.53,5.29,1213053.0,648470000.0,142.78,121.1,82.96,1.68,5.37,54326100,66979200.0,2026-08-10,16:14:27
300183,东软载波,10.72,10.58,10.55,10.74,10.44,30734.0,32700000.0,49.59,39.77,-308.95,1.6,0.83,1684300,1389100.0,2026-08-10,16:14:15
300184,力源信息,12.78,12.8,13.15,13.24,12.6,868479.0,1112760000.0,146.85,134.45,39.33,3.15,8.26,38736100,48111800.0,2026-08-10,16:14:36
300185,通裕重工,2.82,2.8,2.8,2.83,2.78,575271.0,161800000.0,113.82,108.47,167.6,1.61,1.5,29294900,28232200.0,2026-08-10,16:14:30
300187,永清环保,4.8,4.68,4.68,4.82,4.65,93127.0,44290000.0,30.99,30.81,23.94,2.72,1.45,5098900,4213800.0,2026-08-10,16:14:18
300188,国投智能,11.11,11.18,11.08,11.2,10.93,171118.0,189170000.0,95.49,95.05,-11.83,3.83,2.0,7645000,9466700.0,2026-08-10,16:14:33
300189,神农种业,4.89,4.91,4.9,4.95,4.83,1314690.0,642250000.0,50.07,43.34,44.2,7.28,14.83,61176100,70292900.0,2026-08-10,16:14:21
300190,维尔利,3.88,3.63,3.63,3.91,3.52,389259.0,146460000.0,36.79,36.64,-12.75,1.2,4.12,26111500,12814400.0,2026-08-10,16:14:24
300191,潜能恒信,33.7,33.6,33.72,34.22,32.93,158940.0,531740000.0,107.84,74.54,57.09,8.77,7.19,8175500,7718400.0,2026-08-10,16:14:30
300192,科德教育,13.14,13.08,13.12,13.25,12.84,88336.0,115450000.0,60.55,59.84,54.94,6.06,1.94,4526400,4307200.0,2026-08-10,16:14:36
300193,佳士科技,7.88,7.58,7.58,7.9,7.52,93961.0,73110000.0,37.53,33.05,21.25,1.67,2.24,6154500,3241600.0,2026-08-10,16:14:39
300194,福安药业,3.89,3.82,3.84,3.91,3.83,291528.0,112980000.0,46.28,37.67,73.62,1.06,3.01,16015700,13137100.0,2026-08-10,16:14:21
300195,长荣股份,5.59,5.45,5.44,5.6,5.37,105557.0,58210000.0,23.69,17.55,-172.75,0.89,3.36,6191300,4364400.0,2026-08-10,16:14:42
300196,长海股份,18.11,18.36,18.54,18.64,17.76,180591.0,325450000.0,74.04,44.74,22.76,1.58,7.31,8062700,9996400.0,2026-08-10,16:14:27
300197,节能铁汉,1.9,1.86,1.86,1.9,1.83,888853.0,166650000.0,56.34,56.34,-2.76,-15.65,3.0,49667400,39217900.0,2026-08-10,16:14:39
300198,*ST纳川,2.22,2.24,2.25,2.25,2.18,78571.0,17310000.0,22.9,22.78,-8.53,4.76,0.77,3319000,4538100.0,2026-08-10,16:14:33
300199,翰宇药业,25.24,24.38,24.68,25.26,24.3,648453.0,1605370000.0,222.93,188.08,235.87,30.06,8.7,35124300,29721100.0,2026-08-10,16:14:42
300200,高盟新材,8.86,8.72,8.7,8.87,8.59,91781.0,80140000.0,38.18,37.56,42.43,2.4,2.17,4534900,4643200.0,2026-08-10,16:14:30
300201,海伦哲,16.14,15.93,16.02,16.25,15.66,233302.0,371130000.0,162.86,161.99,50.36,8.79,2.32,10375800,12954400.0,2026-08-10,16:14:24
300203,聚光科技,12.72,12.65,12.7,12.84,12.48,37765.0,47920000.0,57.08,57.03,-20.04,2.2,0.84,2101800,1674800.0,2026-08-10,16:14:27
300204,舒泰神,24.14,24.58,24.75,25.6,23.84,421319.0,1038920000.0,130.68,109.51,-155.83,6.41,9.29,20207400,21924500.0,2026-08-10,16:14:45
300205,*ST天喻,5.13,5.25,5.2,5.23,5.12,20330.0,10480000.0,22.06,22.06,-3.63,5.3,0.47,688600,1344400.0,2026-08-10,16:14:36
300206,理邦仪器,12.43,12.37,12.38,12.56,12.28,51253.0,63780000.0,72.05,42.06,20.85,3.4,1.51,2617800,2507500.0,2026-08-10,16:14:30
300207,欣旺达,18.79,18.48,18.53,19.08,18.53,521560.0,979690000.0,347.14,322.05,44.23,1.42,3.04,25661500,26494500.0,2026-08-10,16:14:33
300208,中程退,0.28,0.28,0.0,0.0,0.0,0.0,0.0,2.1,1.92,-1.4,2.43,0.0,0,0.0,2026-08-10,09:00:00
300209,行云科技,38.39,37.19,37.22,39.55,35.83,1658835.0,6269070000.0,356.5,285.2,-488.06,37.94,22.33,87634100,78249300.0,2026-08-10,16:14:36
300210,森远股份,8.93,8.89,8.81,8.93,8.73,64304.0,56860000.0,43.24,43.24,-113.1,11.53,1.33,3025000,3405400.0,2026-08-10,16:14:39
300211,*ST亿通,7.66,7.62,7.53,7.71,7.51,25404.0,19390000.0,23.28,22.86,-82.26,5.28,0.85,1364900,1175500.0,2026-08-10,16:14:33
300212,*ST易录,8.04,8.11,8.05,8.09,7.93,107116.0,85730000.0,57.88,56.16,-2.19,-2.89,1.53,4580300,6131300.0,2026-08-10,16:14:48
300213,佳讯飞鸿,6.45,6.33,6.31,6.47,6.23,121436.0,77620000.0,38.34,35.62,-27.21,1.87,2.2,6898300,5245300.0,2026-08-10,16:14:42
300214,日科化学,12.58,12.56,12.57,12.97,12.22,384907.0,482080000.0,58.48,58.48,-307.88,2.44,8.28,19060900,19429800.0,2026-08-10,16:14:45
300215,电科院,6.37,6.24,6.25,6.37,6.22,108651.0,68650000.0,47.72,47.72,166.77,2.4,1.45,5975200,4889900.0,2026-08-10,16:14:48
300217,东方电热,4.57,4.54,4.54,4.61,4.51,141938.0,64850000.0,67.54,56.73,48.41,1.6,1.14,6942800,7251000.0,2026-08-10,16:14:51
300218,安利股份,12.6,12.35,12.35,12.61,12.26,22466.0,28120000.0,27.34,27.25,30.2,1.8,1.04,1460700,785900.0,2026-08-10,16:14:39
300219,鸿利智汇,6.93,6.95,6.94,6.95,6.84,143495.0,98870000.0,49.06,48.97,48.37,1.93,2.03,5775400,8574100.0,2026-08-10,16:14:54
300220,金运激光,10.76,10.45,10.5,10.8,10.33,23903.0,25440000.0,16.27,16.25,-414.18,26.83,1.58,1479000,911300.0,2026-08-10,16:14:51
300221,银禧科技,14.02,14.1,14.34,14.56,13.83,255989.0,359580000.0,66.42,64.77,50.61,4.55,5.54,11027600,14571300.0,2026-08-10,16:14:45
300222,科大智能,10.93,10.93,11.0,11.06,10.75,203343.0,220640000.0,85.5,71.28,87.44,4.66,3.12,9246400,11087900.0,2026-08-10,16:14:54
300223,北京君正,138.48,144.05,144.2,144.92,135.05,396925.0,5490220000.0,669.78,583.96,107.8,5.28,9.41,17049700,22642800.0,2026-08-10,16:14:42
300224,正海磁材,11.68,11.81,11.8,11.87,11.58,173665.0,202510000.0,108.71,108.31,38.15,2.17,1.87,7105400,10261100.0,2026-08-10,16:14:36
300225,金力泰,7.25,6.91,6.94,7.26,6.86,145030.0,102690000.0,34.47,34.22,134.27,3.93,3.07,8201300,6301700.0,2026-08-10,16:14:39
300226,上海钢联,16.79,16.76,16.76,16.83,16.51,54512.0,91120000.0,64.22,61.74,30.02,2.89,1.48,2460100,2991100.0,2026-08-10,16:14:57
300227,光韵达,11.92,11.47,11.44,12.07,11.2,307898.0,359390000.0,71.01,54.4,-23.38,4.45,6.75,16978500,13811300.0,2026-08-10,16:14:48
300228,富瑞特装,7.51,7.4,7.45,7.52,7.34,100336.0,74770000.0,44.87,41.97,18.1,1.82,1.8,5594800,4438800.0,2026-08-10,16:14:51
300229,拓尔思,15.07,15.39,15.39,15.45,14.96,271265.0,409280000.0,131.65,131.57,-37.81,3.49,3.11,12351100,14775400.0,2026-08-10,16:14:00
300230,永利股份,4.29,4.23,4.2,4.29,4.2,112626.0,48030000.0,34.89,27.02,19.57,1.12,1.79,6788500,4474100.0,2026-08-10,16:14:42
300231,银信科技,8.82,8.68,8.69,8.83,8.55,137883.0,120540000.0,39.23,39.22,76.13,2.48,3.1,7549900,6238300.0,2026-08-10,16:14:54
300232,洲明科技,5.36,5.33,5.32,5.37,5.24,107857.0,57390000.0,58.44,47.62,-78.58,1.3,1.21,5944100,4841600.0,2026-08-10,16:14:45
300233,金城医药,13.99,13.61,13.67,14.12,13.65,174477.0,243330000.0,53.7,51.74,80.24,1.47,4.72,9513600,7934100.0,2026-08-10,16:14:57
300234,开尔新材,9.15,9.07,9.13,9.19,8.69,160654.0,143790000.0,46.04,31.47,-253.51,4.08,4.67,7716900,8348500.0,2026-08-10,16:14:03
300235,方直科技,11.51,11.55,11.5,11.85,11.31,62379.0,72010000.0,28.98,23.38,205.18,4.12,3.07,3477400,2760500.0,2026-08-10,16:14:57
300236,上海新阳,94.5,92.91,93.33,95.18,91.02,93395.0,870840000.0,296.15,263.23,83.85,6.35,3.35,4678500,4660900.0,2026-08-10,16:14:00
300237,ST美晨,2.05,2.0,2.0,2.07,1.99,193171.0,39320000.0,29.56,29.56,-8.13,66.21,1.34,10561500,8755600.0,2026-08-10,16:14:03
300238,冠昊生物,11.92,11.67,11.69,12.1,11.68,67183.0,80160000.0,31.61,31.6,160.91,5.45,2.53,3715200,3003100.0,2026-08-10,16:14:45
300239,东宝生物,5.1,4.95,4.95,5.1,4.94,94755.0,47790000.0,30.27,30.08,55.06,1.77,1.61,5086600,4388900.0,2026-08-10,16:14:48
300240,飞力达,5.74,5.55,5.55,5.76,5.5,85939.0,48670000.0,21.33,20.86,978.29,1.5,2.37,4951000,3642900.0,2026-08-10,16:14:48
300241,瑞丰光电,5.57,5.51,5.51,5.57,5.39,192665.0,105920000.0,39.92,33.45,59.11,1.76,3.21,9826900,9439600.0,2026-08-10,16:14:51
300242,佳云科技,4.49,4.46,4.45,4.5,4.33,247993.0,109940000.0,28.49,28.49,-98.51,11.75,3.91,13071100,11728200.0,2026-08-10,16:14:51
300243,瑞丰高材,14.81,14.95,14.93,14.98,14.52,141009.0,207270000.0,41.4,33.12,54.39,2.67,6.3,6761400,7339500.0,2026-08-10,16:14:54
300244,迪安诊断,21.14,20.32,20.54,22.36,20.32,667207.0,1417870000.0,132.12,106.01,102.08,2.09,13.31,36329400,30391300.0,2026-08-10,16:14:06
300245,ST天玑,5.82,5.63,5.61,5.83,5.56,63657.0,36550000.0,17.75,17.09,-41.21,1.47,2.17,3716600,2649100.0,2026-08-10,16:14:57
300246,宝莱特,15.41,19.26,15.41,15.41,15.41,25143.0,38750000.0,40.78,32.59,-44.71,3.79,1.19,2514300,0.0,2026-08-10,16:14:54
300247,融捷健康,3.87,3.79,3.8,3.9,3.78,112825.0,43560000.0,31.12,31.12,46.06,2.69,1.4,6667900,4614600.0,2026-08-10,16:14:06
300248,新开普,9.68,9.66,9.94,10.12,9.56,348728.0,342420000.0,46.11,39.6,77.94,2.18,8.53,15585200,19287600.0,2026-08-10,16:14:00
300249,依米康,12.29,12.9,12.52,12.66,12.09,248323.0,304460000.0,56.34,45.98,171.04,9.04,6.64,10045100,14787200.0,2026-08-10,16:14:03
300250,初灵信息,15.75,15.53,15.6,15.75,15.28,84591.0,131790000.0,33.67,24.79,87.68,6.09,5.37,4264300,4194800.0,2026-08-10,16:14:09
300251,光线传媒,12.02,11.85,11.99,12.19,11.61,628186.0,748130000.0,352.62,333.6,-110.07,3.68,2.26,31785600,31032900.0,2026-08-10,16:14:57
300252,金信诺,11.8,12.0,11.93,11.99,11.62,265661.0,311490000.0,80.74,65.93,250.11,3.26,4.75,11762700,14803400.0,2026-08-10,16:14:00
300253,卫宁健康,7.87,7.76,7.8,8.25,7.75,1078790.0,858510000.0,173.24,145.96,-47.44,3.22,5.82,55935100,51943900.0,2026-08-10,16:14:06
300254,仟源医药,8.83,8.6,8.58,8.88,8.58,144676.0,126930000.0,22.71,20.07,127.57,5.08,6.36,7400400,7067200.0,2026-08-10,16:14:12
300255,常山药业,27.62,28.11,28.13,28.85,27.13,597045.0,1670450000.0,253.84,253.45,-71.34,20.98,6.51,27368600,32335900.0,2026-08-10,16:14:15
300256,星星科技,2.7,2.68,2.72,2.72,2.64,168334.0,45210000.0,61.25,60.57,-142.92,6.75,0.75,8698500,8134900.0,2026-08-10,16:14:09
300257,开山股份,19.18,19.45,19.69,19.88,18.86,73029.0,139700000.0,190.58,183.11,53.61,2.91,0.76,3066500,4236400.0,2026-08-10,16:14:00
300258,精锻科技,10.28,10.23,10.18,10.3,10.06,57656.0,58950000.0,60.14,58.58,65.88,1.29,1.01,3001400,2764200.0,2026-08-10,16:14:03
300259,新天科技,4.36,4.56,4.44,4.5,4.27,732259.0,318260000.0,50.36,50.35,20.74,1.7,6.34,33185600,40040400.0,2026-08-10,16:14:12
300260,新莱应材,59.61,59.28,59.1,60.87,57.58,222544.0,1312390000.0,243.09,171.46,137.4,11.42,7.74,11119700,11134700.0,2026-08-10,16:14:15
300261,雅本化学,5.4,5.33,5.26,5.46,5.26,289097.0,155780000.0,52.02,50.91,-25.46,2.86,3.07,15102400,13807300.0,2026-08-10,16:14:18
300263,隆华科技,10.16,10.06,10.24,10.3,9.91,571434.0,575990000.0,105.16,99.11,50.18,2.54,5.86,26610400,30533000.0,2026-08-10,16:14:18
300264,佳创视讯,6.87,6.77,6.83,6.91,6.66,118617.0,80900000.0,29.6,25.45,-72.83,339.51,3.2,6275900,5585800.0,2026-08-10,16:14:21
300265,通光线缆,14.79,14.63,14.73,14.94,14.52,257497.0,379170000.0,69.16,69.11,226.03,2.95,5.51,11732600,14017100.0,2026-08-10,16:14:03
300266,兴源环境,1.9,1.85,1.85,1.92,1.84,211893.0,39920000.0,29.52,29.51,-12.67,96.65,1.36,14552900,6636400.0,2026-08-10,16:14:06
300267,尔康制药,3.29,3.24,3.24,3.31,3.23,396718.0,130070000.0,67.86,46.8,-17.19,1.69,2.79,20800000,18871800.0,2026-08-10,16:14:24
300268,佳沃食品,11.52,11.23,11.19,11.67,11.12,21536.0,24730000.0,20.07,15.4,-7.89,-1.94,1.61,1110200,1043400.0,2026-08-10,16:14:06
300269,联建光电,4.86,4.73,4.75,4.87,4.65,184420.0,88300000.0,26.58,25.55,-628.35,32.0,3.51,10031100,8410900.0,2026-08-10,16:14:27
300270,中威电子,13.4,13.05,13.2,13.45,12.6,240048.0,315620000.0,40.58,34.96,-95.57,7.37,9.2,12310500,11694300.0,2026-08-10,16:14:09
300271,华宇软件,5.77,5.67,5.68,5.79,5.62,128886.0,73800000.0,46.84,45.83,-22.75,1.33,1.62,7074200,5814400.0,2026-08-10,16:14:12
300272,开能健康,5.89,5.74,5.79,5.94,5.76,128935.0,75680000.0,36.02,27.36,88.88,2.92,2.78,6443800,6449700.0,2026-08-10,16:14:09
300274,阳光电源,113.71,114.16,113.0,116.77,112.18,640509.0,7311870000.0,2357.45,1805.18,19.77,4.99,4.03,30907300,33143600.0,2026-08-10,16:14:30
300275,梅安森,8.84,8.58,8.6,8.96,8.5,81076.0,70950000.0,27.23,24.0,69.84,2.88,2.99,4621600,3486000.0,2026-08-10,16:14:33
300276,三丰智能,6.91,6.9,7.0,7.05,6.78,230124.0,158470000.0,96.81,73.05,-47.37,5.53,2.18,10420600,12591800.0,2026-08-10,16:14:21
300277,汽轮科技,12.59,12.43,12.52,12.63,12.34,117242.0,146320000.0,190.94,96.37,416.71,1.89,1.53,5816300,5908000.0,2026-08-10,16:14:09
300278,华昌达,3.95,3.89,3.91,3.95,3.84,121461.0,47480000.0,55.85,55.67,-89.38,3.34,0.86,6558000,5588100.0,2026-08-10,16:14:36
300279,和晶科技,5.73,5.72,5.68,5.76,5.57,113349.0,64410000.0,28.03,27.9,76.5,2.68,2.33,5735100,5599700.0,2026-08-10,16:14:12
300280,紫天退,0.33,0.33,0.0,0.0,0.0,0.0,0.0,0.53,0.53,-0.04,0.04,0.0,0,0.0,2026-08-10,09:00:00
300281,金明精机,6.27,6.16,6.18,6.3,6.05,74618.0,46380000.0,26.27,24.91,-3016.77,2.12,1.88,3426900,4034900.0,2026-08-10,16:14:15
300283,温州宏丰,14.77,15.63,15.37,15.66,14.54,715444.0,1063590000.0,73.4,56.11,60.5,6.12,18.83,31587500,39956800.0,2026-08-10,16:14:18
300284,苏交科,5.5,5.39,5.4,5.54,5.35,162463.0,89080000.0,69.46,65.91,898.67,0.84,1.36,8892900,7353400.0,2026-08-10,16:14:24
300285,国瓷材料,76.11,70.88,72.47,76.46,70.52,1686171.0,12419480000.0,758.85,649.27,118.32,10.35,19.77,82714900,85902200.0,2026-08-10,16:14:15
300286,安科瑞,20.89,20.82,20.81,20.94,20.65,37026.0,77050000.0,52.39,43.4,25.77,2.36,1.78,1700800,2001800.0,2026-08-10,16:14:12
300287,飞利信,3.89,3.85,3.86,3.91,3.79,325470.0,125620000.0,55.83,51.28,-35.42,5.64,2.47,17606200,14940800.0,2026-08-10,16:14:15
300288,朗玛信息,10.22,9.95,9.94,10.28,9.9,70137.0,71170000.0,34.54,26.22,-2614.57,3.21,2.73,3899600,3114100.0,2026-08-10,16:14:21
300289,利德曼,6.07,5.87,5.88,6.12,5.82,91395.0,55180000.0,33.02,32.97,-128.47,2.02,1.68,4959000,4180500.0,2026-08-10,16:14:24
300290,ST荣科,5.98,6.45,6.41,6.41,5.89,428807.0,262520000.0,38.26,38.24,-102.64,5.2,6.7,17743000,25137700.0,2026-08-10,16:14:27
300291,百纳千成,5.51,5.3,5.45,5.61,5.18,566806.0,305440000.0,51.9,51.24,-4.79,2.55,6.1,30073000,26607600.0,2026-08-10,16:14:30
300292,吴通控股,4.33,4.29,4.3,4.35,4.21,413644.0,176970000.0,58.1,48.32,47.01,3.95,3.71,21644600,19719800.0,2026-08-10,16:14:33
300293,蓝英装备,16.27,15.93,15.92,16.27,15.7,69678.0,111800000.0,55.06,55.06,-40.07,7.4,2.06,3853200,3114600.0,2026-08-10,16:14:36
300294,博雅生物,15.75,15.6,15.57,16.09,15.55,84975.0,134850000.0,79.42,79.42,2312.0,1.07,1.69,3948500,4549000.0,2026-08-10,16:14:18
300295,*ST三六五,12.02,12.28,12.3,12.38,11.87,28062.0,33790000.0,22.79,20.14,-47.47,2.11,1.67,1334000,1472200.0,2026-08-10,16:14:39
300296,利亚德,5.47,5.45,5.47,5.48,5.39,382189.0,208090000.0,148.35,126.7,59.9,1.9,1.65,16652400,21566500.0,2026-08-10,16:14:21
300298,三诺生物,16.6,16.35,16.36,16.77,16.29,78753.0,130570000.0,92.44,74.37,69.33,3.13,1.76,4218600,3656700.0,2026-08-10,16:14:42
300299,富春股份,5.56,5.47,5.47,5.58,5.37,217161.0,119480000.0,38.38,38.33,-113.6,9.68,3.15,12647800,9068300.0,2026-08-10,16:14:18
300300,海峡创新,8.2,7.98,8.01,8.27,7.92,475538.0,387570000.0,54.68,54.68,38.61,20.56,7.13,26215400,21338500.0,2026-08-10,16:14:39
300301,ST长方,3.25,3.23,3.22,3.28,3.22,56434.0,18280000.0,26.97,25.67,-18.2,37.14,0.71,2560700,3082700.0,2026-08-10,16:14:45
300302,同有科技,30.06,30.99,30.99,31.19,29.5,263899.0,791890000.0,144.07,110.87,236.39,13.08,7.16,11467100,14922800.0,2026-08-10,16:14:42
300303,聚飞光电,7.24,7.31,7.38,7.38,7.16,419803.0,302960000.0,102.58,96.19,35.94,2.79,3.16,18164700,23815600.0,2026-08-10,16:14:24
300304,云意电气,11.68,11.5,11.57,11.73,11.22,208292.0,237320000.0,102.57,99.81,23.32,3.05,2.44,10082800,10746400.0,2026-08-10,16:14:27
300305,裕兴股份,6.17,6.05,5.99,6.18,5.93,210644.0,128120000.0,23.16,19.84,-9.35,1.2,6.55,11723900,9340500.0,2026-08-10,16:14:30
300306,远方信息,9.87,9.61,9.65,9.88,9.52,36256.0,35400000.0,26.55,15.56,37.63,1.86,2.3,2289500,1336100.0,2026-08-10,16:14:33
300307,慈星股份,7.6,7.7,7.51,8.14,7.22,862189.0,661210000.0,60.84,59.8,54.32,1.85,10.96,40280700,45938100.0,2026-08-10,16:14:36
300308,中际旭创,864.58,919.87,917.99,919.8,835.0,525921.0,45764390000.0,10113.29,9596.32,67.65,29.19,4.74,25445800,27146400.0,2026-08-10,16:14:48
300310,宜通世纪,4.48,4.46,4.44,4.48,4.35,224731.0,99510000.0,39.5,30.97,236.97,2.09,3.25,10974400,11498700.0,2026-08-10,16:14:27
300311,任子行,6.57,6.69,6.72,6.77,6.44,913273.0,601500000.0,44.26,35.31,126.43,6.76,16.99,40016700,51310600.0,2026-08-10,16:14:51
300313,天山生物,8.45,8.15,8.18,8.55,8.06,56730.0,47590000.0,20.26,16.68,-112.16,55.15,2.87,3667100,2005900.0,2026-08-10,16:14:21
300314,戴维医疗,10.54,10.16,10.2,10.68,10.18,86538.0,91040000.0,30.36,15.15,40.82,2.49,6.02,4715100,3938700.0,2026-08-10,16:14:54
300315,掌趣科技,4.35,4.28,4.26,4.36,4.21,641414.0,276560000.0,117.78,110.55,-90.06,2.52,2.52,34519000,29622300.0,2026-08-10,16:14:57
300316,晶盛机电,41.66,41.8,42.0,42.39,40.8,117632.0,487710000.0,545.55,513.07,131.65,3.2,0.96,5119300,6643900.0,2026-08-10,16:14:45
300317,珈伟新能,4.84,4.57,4.57,4.84,4.54,1524658.0,725550000.0,40.18,40.12,-21.88,2.83,18.39,93719400,58746400.0,2026-08-10,16:14:30
300318,博晖创新,5.03,4.95,4.95,5.07,4.93,79661.0,39990000.0,41.09,39.86,-43.18,3.21,1.01,4639900,3326200.0,2026-08-10,16:14:24
300319,麦捷科技,16.53,17.25,17.25,17.4,16.06,1173144.0,1930860000.0,146.72,140.71,48.72,3.03,13.78,49590700,67723700.0,2026-08-10,16:14:27
300320,海达股份,8.38,8.29,8.3,8.4,8.25,44110.0,36830000.0,50.38,40.67,20.8,1.96,0.91,2622800,1788200.0,2026-08-10,16:14:30
300321,同大股份,33.23,34.36,34.6,34.65,32.53,29198.0,96550000.0,29.51,29.47,335.28,4.68,3.29,1359900,1559900.0,2026-08-10,16:14:33
300322,硕贝德,18.44,18.98,18.98,19.05,18.16,287496.0,529350000.0,84.83,81.22,140.01,8.33,6.53,12605200,16144400.0,2026-08-10,16:14:39
300323,华灿光电,12.0,12.27,12.29,12.38,11.77,540790.0,646590000.0,194.76,142.52,-67.21,2.94,4.55,22888000,31191000.0,2026-08-10,16:14:48
300324,旋极信息,3.81,3.78,3.78,3.83,3.72,283973.0,107570000.0,65.82,65.15,-14.87,2.66,1.66,13961600,14435800.0,2026-08-10,16:14:33
300326,ST凯利,6.25,6.14,6.1,6.26,6.01,67007.0,41240000.0,44.81,44.79,25.01,1.58,0.93,3778200,2922500.0,2026-08-10,16:14:36
300327,中颖电子,22.87,23.15,23.2,23.2,22.45,98907.0,224830000.0,78.07,77.5,119.94,4.4,2.92,4497800,5392800.0,2026-08-10,16:14:00
300328,宜安科技,14.87,14.63,14.71,14.87,14.22,275545.0,401260000.0,102.67,102.16,-334.26,9.98,4.01,15579700,11974800.0,2026-08-10,16:14:39
300329,海伦钢琴,12.34,12.91,13.04,13.06,12.23,54358.0,68330000.0,31.21,31.11,-30.98,5.14,2.16,2067800,3368000.0,2026-08-10,16:14:42
300331,苏大维格,46.76,47.14,47.12,47.59,45.75,114269.0,530750000.0,121.42,103.87,-2079.37,7.88,5.14,5098700,6328200.0,2026-08-10,16:14:45
300332,天壕能源,4.87,4.77,4.76,4.88,4.74,214075.0,103680000.0,41.28,39.57,-13.09,1.09,2.63,13139400,8268100.0,2026-08-10,16:14:48
300333,兆日科技,8.87,8.87,0.0,0.0,0.0,0.0,0.0,29.8,29.69,-139.44,5.29,0.0,0,0.0,2026-08-10,16:14:51
300334,津膜科技,8.65,8.56,8.49,8.66,8.3,74369.0,63210000.0,26.13,26.13,-80.37,4.77,2.46,3640700,3796200.0,2026-08-10,16:14:36
300335,迪森股份,5.59,5.34,5.33,5.59,5.3,239224.0,131370000.0,26.66,21.47,65.21,1.42,6.23,14397700,9524800.0,2026-08-10,16:14:51
300337,银邦股份,10.56,10.29,10.37,10.58,10.15,199768.0,207910000.0,86.8,75.13,100.56,4.93,2.81,10106100,9870700.0,2026-08-10,16:14:03
300338,*ST开元,2.84,2.87,2.87,2.87,2.8,63285.0,17890000.0,11.43,9.94,-8.01,-8.99,1.81,2671700,3656800.0,2026-08-10,16:14:54
300339,润和软件,38.17,38.64,38.64,38.73,37.87,162383.0,620890000.0,303.99,296.84,212.54,8.47,2.09,7599600,8638700.0,2026-08-10,16:14:54
300340,科恒股份,8.67,8.46,8.45,8.78,8.44,61509.0,52910000.0,23.89,23.71,-9.86,37.09,2.25,3355100,2795800.0,2026-08-10,16:14:39
300341,麦克奥迪,13.36,13.33,13.39,13.41,13.15,37718.0,50160000.0,69.13,68.85,38.6,3.56,0.73,1956900,1814900.0,2026-08-10,16:14:06
300342,天银机电,37.0,36.6,36.97,37.1,35.41,166781.0,606530000.0,157.26,154.96,1098.41,10.09,3.98,8322300,8355800.0,2026-08-10,16:14:57
300343,联创股份,6.15,6.11,6.12,6.19,6.02,236948.0,144980000.0,65.71,65.57,155.74,3.35,2.22,11897000,11797800.0,2026-08-10,16:14:09
300344,立方退,0.25,0.25,0.0,0.0,0.0,0.0,0.0,1.6,1.6,-0.83,0.71,0.0,0,0.0,2026-08-10,09:00:00
300345,华民股份,6.37,5.79,5.79,6.44,5.68,468196.0,283390000.0,37.03,30.6,-19.07,9.2,9.74,25381900,21437700.0,2026-08-10,16:14:57
300346,南大光电,59.39,58.32,59.7,60.58,57.49,637892.0,3751720000.0,410.48,389.59,117.82,12.05,9.72,30455300,33334000.0,2026-08-10,16:14:42
300347,泰格医药,54.97,54.35,55.13,57.45,54.02,349373.0,1943770000.0,473.31,311.39,61.35,2.27,6.17,17257900,17679400.0,2026-08-10,16:14:00
300348,长亮科技,9.53,9.57,9.57,9.67,9.42,147448.0,140680000.0,77.42,69.61,-509.32,3.67,2.02,6957200,7787600.0,2026-08-10,16:14:45
300349,金卡智能,10.72,10.53,10.53,10.84,10.43,89058.0,94680000.0,44.73,39.63,17.75,1.01,2.41,4703300,4202500.0,2026-08-10,16:14:00
300350,华鹏飞,4.42,4.32,4.34,4.43,4.24,129204.0,56300000.0,24.84,20.84,-65.48,2.83,2.74,7031100,5889300.0,2026-08-10,16:14:42
300351,永贵电器,14.2,14.38,14.37,14.41,14.04,82567.0,116780000.0,55.23,37.41,315.7,2.28,3.13,3445500,4811200.0,2026-08-10,16:14:48
300352,ST信源,2.51,2.5,2.49,2.53,2.48,163545.0,40970000.0,36.39,32.03,-10.86,3.6,1.28,7542200,8812300.0,2026-08-10,16:14:45
300353,东土科技,20.28,19.21,19.27,20.47,18.8,259311.0,511490000.0,124.7,109.52,133.99,5.65,4.8,13935500,11995600.0,2026-08-10,16:14:03
300354,东华测试,31.07,30.3,30.23,31.47,29.68,23643.0,72760000.0,42.98,25.26,31.77,5.01,2.91,1290200,1074100.0,2026-08-10,16:14:06
300355,蒙草生态,2.98,2.91,2.91,2.98,2.9,235515.0,69570000.0,47.81,40.72,193.16,1.13,1.72,14623700,8927800.0,2026-08-10,16:14:12
300357,我武生物,25.01,24.88,25.01,25.71,24.88,159845.0,403180000.0,130.95,121.03,30.75,4.92,3.3,7463600,8520900.0,2026-08-10,16:14:09
300358,楚天科技,9.18,9.2,9.29,9.41,9.12,335286.0,310310000.0,65.65,64.71,19.83,1.19,4.76,15657600,17871100.0,2026-08-10,16:14:51
300359,全通教育,4.42,4.19,4.22,4.58,4.15,486293.0,213320000.0,27.99,27.99,-39.68,5.46,7.68,27725400,20903900.0,2026-08-10,16:14:48
300360,炬华科技,12.43,12.31,12.3,12.43,12.24,42751.0,52850000.0,63.91,62.18,13.12,1.56,0.85,2279700,1995400.0,2026-08-10,16:14:03
300363,博腾股份,21.65,20.44,21.31,22.19,21.08,855239.0,1843740000.0,117.66,107.29,91.57,2.22,17.26,43980500,41543300.0,2026-08-10,16:14:06
300364,中文在线,25.7,26.96,26.5,26.73,24.77,893240.0,2275100000.0,187.22,169.73,-29.77,74.16,13.53,42118500,47205400.0,2026-08-10,16:14:12
300365,恒华科技,4.83,4.76,4.74,4.85,4.71,117711.0,56480000.0,28.97,24.72,-11.8,1.81,2.3,6127200,5643900.0,2026-08-10,16:14:15
300366,ST创意,5.06,4.95,4.93,5.08,4.88,73324.0,36580000.0,30.74,26.84,-4.9,2.67,1.38,3841700,3490700.0,2026-08-10,16:14:09
300368,汇金股份,9.47,9.27,9.38,9.5,9.21,257549.0,241400000.0,50.09,50.09,-30.4,103.92,4.87,13977000,11777900.0,2026-08-10,16:14:18
300369,绿盟科技,7.51,7.5,7.51,7.7,7.31,687687.0,513540000.0,60.88,60.66,-146.46,2.38,8.51,32416500,36352200.0,2026-08-10,16:14:51
300370,安控科技,2.16,2.12,2.12,2.17,2.09,243826.0,52110000.0,33.81,33.73,-27.33,7.83,1.56,14853900,9528700.0,2026-08-10,16:14:12
300371,汇中股份,10.39,10.13,10.12,10.42,10.01,24148.0,24770000.0,20.91,14.55,31.42,1.8,1.72,1337600,1077200.0,2026-08-10,16:14:15
300373,扬杰科技,94.11,96.93,97.01,97.6,92.37,144354.0,1355550000.0,511.34,510.21,37.31,5.31,2.66,6368900,8066500.0,2026-08-10,16:14:21
300374,中铁装配,11.19,10.91,10.89,11.21,10.84,35120.0,39020000.0,27.52,27.51,-22.41,3.87,1.43,1993400,1518600.0,2026-08-10,16:14:18
300375,鹏翎股份,4.0,3.92,3.93,4.01,3.89,108302.0,43050000.0,30.57,21.31,-14.54,1.48,2.03,6363500,4466700.0,2026-08-10,16:14:24
300376,易事特,4.82,4.76,4.8,4.84,4.73,211126.0,101110000.0,112.22,112.18,-2117.66,1.73,0.91,10676800,10435800.0,2026-08-10,16:14:54
300377,赢时胜,14.29,14.38,14.5,14.5,14.15,222940.0,318700000.0,107.32,98.73,-462.02,4.46,3.23,10250200,12043800.0,2026-08-10,16:14:54
300378,鼎捷数智,36.52,36.66,37.35,37.58,36.16,100345.0,367700000.0,99.17,98.43,60.55,4.33,3.72,4803400,5231100.0,2026-08-10,16:14:15
300379,东通退,1.72,1.72,0.0,0.0,0.0,0.0,0.0,9.6,9.06,-2.02,0.31,0.0,0,0.0,2026-08-10,09:00:00
300380,安硕信息,30.3,30.3,30.74,30.79,29.9,21929.0,66310000.0,41.95,38.59,113.1,10.52,1.72,1060500,1132400.0,2026-08-10,16:14:21
300381,溢多利,6.15,5.98,6.0,6.19,5.98,79937.0,48890000.0,29.53,29.42,-361.69,1.21,1.67,4305800,3687900.0,2026-08-10,16:14:24
300382,斯莱克,14.25,14.32,14.33,14.39,13.7,217680.0,304270000.0,92.4,92.39,-97.27,4.06,3.36,10129900,11638100.0,2026-08-10,16:14:27
300383,光环新网,13.44,13.59,13.41,13.55,13.2,708948.0,946450000.0,241.6,241.16,-29.98,2.04,3.95,28127200,42767600.0,2026-08-10,16:14:27
300384,三联虹普,12.45,12.23,12.25,12.48,12.16,23876.0,29550000.0,39.72,27.4,21.04,1.43,1.08,1385500,1002100.0,2026-08-10,16:14:57
300385,ST雪浪,11.0,11.1,10.9,11.1,10.75,37563.0,41130000.0,36.65,31.97,-16.49,-641.73,1.29,1795500,1960800.0,2026-08-10,16:14:30
300386,飞天诚信,11.78,11.86,11.7,12.1,11.54,215052.0,252360000.0,49.25,29.54,-119.37,3.43,8.58,9891100,11614100.0,2026-08-10,16:14:30
300387,富邦科技,7.34,7.16,7.19,7.35,7.13,53804.0,39200000.0,21.22,21.21,33.83,1.48,1.86,3322000,2058500.0,2026-08-10,16:14:57
300388,节能国祯,6.92,6.68,6.66,6.93,6.66,83122.0,56830000.0,47.13,47.13,12.46,0.99,1.22,5398000,2914300.0,2026-08-10,16:14:18
300389,艾比森,12.6,12.74,12.88,12.9,12.38,93725.0,117730000.0,46.51,27.65,18.26,2.77,4.27,4595200,4777300.0,2026-08-10,16:14:00
300390,天华新能,62.46,60.7,61.56,64.03,60.67,511486.0,3190930000.0,518.89,419.9,39.63,4.2,7.61,25226700,25921900.0,2026-08-10,16:14:21
300391,长药退,0.19,0.19,0.0,0.0,0.0,0.0,0.0,0.67,0.67,-0.1,-0.1,0.0,0,0.0,2026-08-10,09:00:00
300393,中来股份,6.31,6.25,6.28,6.33,6.17,150560.0,94280000.0,68.76,60.32,-4.62,3.88,1.58,7589400,7466600.0,2026-08-10,16:14:00
300394,天孚通信,223.03,230.68,233.21,235.0,216.68,466718.0,10437270000.0,2432.87,2427.43,112.02,44.5,4.29,21278800,25393000.0,2026-08-10,16:14:03
300395,菲利华,86.95,89.6,87.99,89.96,85.42,307699.0,2673750000.0,457.12,445.66,94.87,9.01,6.0,13814300,16955600.0,2026-08-10,16:14:33
300396,ST迪瑞,7.48,7.26,7.26,7.48,7.17,42398.0,31250000.0,20.4,20.37,-9.71,1.32,1.56,2457100,1782700.0,2026-08-10,16:14:03
300397,天和防务,11.9,10.97,11.1,11.95,11.02,376393.0,432250000.0,61.6,48.57,-103.91,4.3,9.22,21624100,16015200.0,2026-08-10,16:14:06
300398,飞凯材料,36.5,36.81,36.86,37.26,35.69,381631.0,1387050000.0,208.06,206.93,51.77,4.14,6.73,17714400,20448800.0,2026-08-10,16:14:36
300399,天利科技,17.82,17.57,17.83,17.83,17.38,28339.0,50040000.0,35.21,35.21,-257.87,7.1,1.43,1628400,1205500.0,2026-08-10,16:14:09
300400,劲拓股份,30.9,30.7,30.32,30.96,29.27,285453.0,854860000.0,75.19,74.93,88.64,10.56,11.77,14044200,14501100.0,2026-08-10,16:14:06
300401,花园生物,14.55,14.12,14.23,14.76,13.93,346701.0,500450000.0,79.27,77.99,30.65,2.45,6.47,17218900,17451200.0,2026-08-10,16:14:24
300402,宝色股份,15.33,14.92,14.92,15.36,14.72,33691.0,50810000.0,37.83,37.35,73.69,2.49,1.38,2081000,1288100.0,2026-08-10,16:14:09
300403,汉宇集团,9.78,9.64,9.66,9.79,9.43,94697.0,91310000.0,58.97,41.77,27.58,2.69,2.22,5160000,4309700.0,2026-08-10,16:14:12
300404,博济医药,11.23,10.9,10.95,11.45,10.88,494852.0,552860000.0,43.32,32.06,100.62,4.08,17.33,25426700,24058500.0,2026-08-10,16:14:12
300405,科隆股份,5.62,5.47,5.47,5.65,5.41,86569.0,48020000.0,15.98,12.3,-35.9,4.1,3.96,4522100,4134800.0,2026-08-10,16:14:15
300406,九强生物,11.83,11.75,11.75,12.01,11.72,64993.0,77230000.0,69.34,50.19,32.67,2.08,1.53,3664700,2834600.0,2026-08-10,16:14:33
300407,凯发电气,12.78,12.51,12.53,12.9,12.34,130658.0,166020000.0,44.27,33.11,57.84,2.06,5.04,6261500,6804300.0,2026-08-10,16:14:36
300408,三环集团,126.9,127.39,126.0,130.0,120.02,802970.0,9977000000.0,2533.84,2372.78,88.08,11.77,4.29,38832800,41464100.0,2026-08-10,16:14:39
300409,道氏技术,19.07,19.27,19.14,19.32,18.81,316191.0,603010000.0,149.17,132.77,26.33,1.85,4.54,14231700,17387400.0,2026-08-10,16:14:39
300410,正业科技,7.87,7.89,7.85,7.9,7.66,192781.0,150140000.0,28.89,28.89,72.11,10.48,5.25,8719900,10558200.0,2026-08-10,16:14:15
300411,金盾股份,7.52,7.37,7.45,7.58,7.29,80045.0,59830000.0,30.57,23.25,959.06,3.17,2.59,4974300,3030200.0,2026-08-10,16:14:18
300412,迦南科技,4.47,4.35,4.34,4.47,4.32,131661.0,58260000.0,22.25,20.91,87.75,2.2,2.81,7225700,5940400.0,2026-08-10,16:14:42
300413,芒果超媒,16.18,16.0,15.96,16.25,15.89,151416.0,243800000.0,302.68,165.31,28.89,1.31,1.48,7667800,7473800.0,2026-08-10,16:14:42
300414,中光防雷,11.85,11.48,11.47,11.87,11.34,175307.0,204850000.0,38.63,37.15,169.76,3.88,5.59,10256500,7274200.0,2026-08-10,16:14:45
300415,伊之密,21.21,21.28,21.3,21.42,20.89,61278.0,129730000.0,99.38,96.1,13.97,3.19,1.35,2497700,3630100.0,2026-08-10,16:14:48
300416,苏试试验,15.35,15.32,15.3,15.45,15.11,151262.0,231430000.0,78.06,77.54,28.95,2.77,2.99,7121600,8004600.0,2026-08-10,16:14:27
300417,南华仪器,10.94,10.6,10.6,10.96,10.47,28989.0,31230000.0,14.72,9.14,-883.2,3.32,3.47,1641200,1257700.0,2026-08-10,16:14:30
300418,昆仑万维,44.28,44.88,44.8,45.06,43.5,565231.0,2500370000.0,569.01,520.43,-33.26,4.44,4.81,28083300,28439800.0,2026-08-10,16:14:51
300419,ST浩丰,9.58,9.42,9.58,9.99,9.38,105693.0,101610000.0,35.23,35.23,-32.41,10.58,2.87,4696500,5872800.0,2026-08-10,16:14:54
300420,五洋自控,8.15,8.24,8.25,8.52,7.86,1162062.0,936040000.0,90.99,90.98,207.19,3.84,10.41,58585900,57620300.0,2026-08-10,16:14:33
300421,力星股份,17.7,17.66,17.77,17.84,17.37,42948.0,75610000.0,52.04,40.76,88.0,4.17,1.86,2263100,2031700.0,2026-08-10,16:14:45
300422,博世科,4.66,4.47,4.47,4.66,4.44,124789.0,57040000.0,24.88,24.08,-3.86,3.75,2.42,7234800,5244100.0,2026-08-10,16:14:48
300423,昇辉科技,5.89,5.66,5.66,5.89,5.62,133928.0,77540000.0,29.3,19.62,-16.48,2.55,4.02,7690900,5701900.0,2026-08-10,16:14:57
300424,航新科技,14.61,14.22,14.19,14.64,14.01,90716.0,130260000.0,37.49,37.47,-141.77,4.93,3.54,4679400,4392200.0,2026-08-10,16:14:21
300425,中建环能,4.07,3.95,3.95,4.09,3.92,153599.0,61770000.0,27.77,27.71,186.16,1.18,2.26,9198900,6161000.0,2026-08-10,16:14:51
300426,华智数媒,6.5,5.94,7.08,7.13,6.38,576255.0,384930000.0,29.27,26.0,-10.12,19.03,14.41,24305800,33319700.0,2026-08-10,16:14:24
300427,红相股份,7.24,6.94,7.02,7.28,6.93,491794.0,351560000.0,36.82,36.42,-118.31,3.06,9.78,26858100,22321300.0,2026-08-10,16:14:54
300428,立中集团,19.38,19.03,19.12,19.4,19.04,68318.0,131690000.0,132.87,115.65,14.4,1.51,1.14,3517000,3314800.0,2026-08-10,16:14:57
300429,强力新材,10.64,10.7,10.7,10.75,10.46,180196.0,190470000.0,59.09,44.45,-39.25,3.17,4.31,8453700,9565900.0,2026-08-10,16:14:18
300430,*ST益通,4.72,4.69,4.7,4.73,4.58,65467.0,30450000.0,12.89,12.26,-1.36,1.0,2.52,2864300,3682400.0,2026-08-10,16:14:27
300432,富临精工,16.22,16.03,16.09,16.29,15.99,315971.0,509670000.0,277.32,274.23,54.74,5.86,1.87,16732100,14865000.0,2026-08-10,16:14:00
300433,蓝思科技,34.89,35.9,36.2,36.5,34.23,968702.0,3374570000.0,1841.75,1733.93,53.55,3.53,1.95,40776900,56093400.0,2026-08-10,16:14:21
300434,金石亚药,11.6,11.45,11.41,11.8,11.41,300733.0,347250000.0,46.6,39.69,25.22,1.77,8.79,14200000,15873300.0,2026-08-10,16:14:24
300435,中泰股份,17.32,17.5,17.49,17.53,17.08,105078.0,181080000.0,66.81,63.89,17.01,1.98,2.85,4708800,5799000.0,2026-08-10,16:14:03
300436,广生堂,96.7,96.88,98.1,102.09,96.4,96276.0,953200000.0,154.01,132.21,-71.54,61.21,7.04,5120600,4506900.0,2026-08-10,16:14:30
300437,清水源,11.33,11.04,11.05,11.39,10.9,74240.0,83590000.0,27.78,19.69,-76.25,2.01,4.27,3847100,3576900.0,2026-08-10,16:14:33
300438,鹏辉能源,62.81,62.69,62.35,63.37,60.85,194008.0,1208040000.0,316.15,253.86,55.03,5.58,4.8,9370500,10030300.0,2026-08-10,16:14:27
300439,美康生物,9.24,9.25,9.14,9.34,9.07,60602.0,55920000.0,35.51,27.01,53.34,1.19,2.07,3001400,3058800.0,2026-08-10,16:14:30
300440,运达科技,19.38,19.0,19.05,19.43,18.72,76658.0,145760000.0,85.64,85.31,102.89,5.16,1.74,4133200,3532600.0,2026-08-10,16:14:00
300441,鲍斯股份,6.95,6.81,6.81,6.95,6.74,57961.0,39970000.0,44.79,43.5,26.79,1.81,0.93,3137300,2658800.0,2026-08-10,16:14:03
300442,润泽科技,67.68,69.75,69.0,69.87,66.95,300867.0,2036500000.0,1110.66,1107.4,21.35,7.95,1.84,13508000,16578700.0,2026-08-10,16:14:06
300443,金雷股份,21.28,21.1,21.1,21.37,20.96,43063.0,91070000.0,68.12,51.66,20.85,1.08,1.77,1974200,2332100.0,2026-08-10,16:14:33
300444,双杰电气,11.42,10.67,10.7,11.48,10.7,1219306.0,1370100000.0,91.89,71.65,19.72,4.42,19.43,66727100,55203500.0,2026-08-10,16:14:06
300445,康斯特,19.27,18.88,18.75,19.35,18.7,20782.0,39690000.0,40.94,27.08,35.29,3.17,1.48,1130500,947700.0,2026-08-10,16:14:36
300446,航天智造,14.14,13.96,13.96,14.22,13.76,72105.0,101150000.0,119.54,52.82,14.36,2.07,1.93,3891100,3319400.0,2026-08-10,16:14:09
300447,全信股份,14.05,13.85,13.85,14.05,13.59,36555.0,50630000.0,43.88,28.3,160.85,2.18,1.81,2094400,1561100.0,2026-08-10,16:14:36
300448,浩云科技,5.78,5.62,5.73,5.82,5.58,194822.0,111500000.0,39.1,37.14,-144.43,3.24,3.03,10371400,9110800.0,2026-08-10,16:14:39
300449,汉邦高科,7.19,7.19,7.1,7.22,7.06,81927.0,58620000.0,27.76,27.76,-35.76,9.98,2.12,4113800,4078900.0,2026-08-10,16:14:36
300450,先导智能,35.05,34.9,35.07,35.5,34.52,312003.0,1090290000.0,586.81,546.57,36.59,3.37,2.0,15177000,16023300.0,2026-08-10,16:14:39
300451,创业慧康,3.69,3.63,3.63,3.77,3.59,297907.0,109950000.0,57.16,56.34,-12.28,1.45,1.95,16119000,13671700.0,2026-08-10,16:14:42
300452,山河药辅,12.78,12.59,12.55,12.87,12.52,56530.0,72230000.0,29.96,25.38,16.98,3.14,2.85,3022100,2630900.0,2026-08-10,16:14:42
300453,三鑫医疗,9.71,9.55,9.58,9.74,9.55,125740.0,121730000.0,50.69,34.94,18.13,3.56,3.49,7217700,5356300.0,2026-08-10,16:14:12
300454,深信服,124.06,122.94,124.44,125.8,121.8,155864.0,1929070000.0,535.39,357.3,92.64,4.95,5.41,8243500,7343000.0,2026-08-10,16:14:45
300455,航天智装,19.85,19.49,19.59,19.96,19.19,81143.0,158970000.0,142.48,140.28,-618.15,8.53,1.15,4141200,3973100.0,2026-08-10,16:14:15
300456,赛微电子,31.47,31.96,32.12,32.22,31.02,210721.0,661570000.0,230.43,188.02,16.21,3.63,3.53,9174400,11897700.0,2026-08-10,16:14:39
300457,赢合科技,20.42,20.12,20.05,20.54,20.02,87321.0,177310000.0,131.75,129.64,22.52,1.91,1.38,4126100,4606000.0,2026-08-10,16:14:09
300458,全志科技,33.99,34.6,34.55,34.64,33.32,523629.0,1766290000.0,337.74,276.75,90.4,10.6,6.43,23027600,29335300.0,2026-08-10,16:14:42
300459,汤姆猫,3.82,3.78,3.77,3.83,3.7,786299.0,297250000.0,134.3,125.57,-11.42,18.24,2.39,40324600,38305300.0,2026-08-10,16:14:45
300460,ST惠伦,8.67,8.69,8.71,8.72,8.48,26590.0,22810000.0,24.35,24.35,-15.22,5.3,0.95,963400,1695600.0,2026-08-10,16:14:45
300461,田中精机,31.88,31.94,31.79,32.08,31.22,26835.0,84900000.0,50.22,46.13,1107.45,9.18,1.85,1434300,1249200.0,2026-08-10,16:14:48
300462,ST华铭,11.43,11.78,11.66,11.78,11.33,9598.0,11050000.0,20.71,15.78,-37.53,1.5,0.7,397000,562800.0,2026-08-10,16:14:18
300463,迈克生物,9.42,9.35,9.4,9.49,9.3,83924.0,78950000.0,56.96,46.31,-159.94,0.9,1.71,4422100,3970300.0,2026-08-10,16:14:12
300464,星徽股份,6.6,6.39,6.44,6.71,6.32,99314.0,64890000.0,30.84,23.44,282.3,17.41,2.8,5067200,4864200.0,2026-08-10,16:14:48
300465,高伟达,12.82,12.58,12.53,13.1,12.25,213727.0,270840000.0,56.89,56.89,227.26,8.51,4.82,11144100,10228600.0,2026-08-10,16:14:21
300466,赛摩智能,7.43,7.33,7.33,7.43,7.2,55524.0,40790000.0,39.79,33.35,-149.07,5.74,1.24,3115800,2436600.0,2026-08-10,16:14:24
300467,迅游科技,34.54,34.04,34.38,34.62,33.81,31236.0,107070000.0,70.19,58.79,278.95,10.8,1.84,1809100,1314500.0,2026-08-10,16:14:48
300468,四方精创,21.82,22.11,22.2,22.29,21.76,253341.0,556290000.0,115.79,115.6,160.79,7.14,4.78,11234000,14100100.0,2026-08-10,16:14:51
300469,信息发展,60.73,59.87,60.0,61.2,58.55,59056.0,353140000.0,150.76,150.68,-87.96,64.41,2.38,3023700,2881900.0,2026-08-10,16:14:15
300470,中密控股,29.9,29.53,29.38,29.92,29.3,12488.0,37130000.0,62.17,59.0,17.39,2.17,0.63,713600,535200.0,2026-08-10,16:14:51
300471,厚普股份,9.81,9.66,9.67,9.82,9.57,59307.0,57770000.0,46.12,36.76,41.65,2.79,1.58,3329000,2601800.0,2026-08-10,16:14:54
300472,*ST新元,6.92,6.83,6.81,6.99,6.75,23493.0,16210000.0,19.05,17.02,-5.52,82.83,0.96,1152000,1197300.0,2026-08-10,16:14:54
300473,德尔股份,22.62,22.32,22.47,22.65,21.96,37281.0,83260000.0,39.06,34.05,22.31,2.04,2.48,1823100,1905000.0,2026-08-10,16:14:18
300474,景嘉微,54.09,53.18,53.0,54.99,52.32,114614.0,614760000.0,282.68,219.86,-170.44,4.14,2.82,5694300,5767100.0,2026-08-10,16:14:21
300475,香农芯创,156.64,158.69,159.5,161.0,151.8,269665.0,4183530000.0,735.49,704.94,39.64,15.02,5.99,12804900,14161600.0,2026-08-10,16:14:57
300476,胜宏科技,286.0,280.2,280.3,286.0,274.79,605447.0,16985220000.0,2810.76,2474.46,60.06,17.94,7.0,28877200,31667500.0,2026-08-10,16:14:27
300477,ST合纵,2.69,2.65,2.62,2.71,2.59,231523.0,61590000.0,28.84,26.66,-3.21,34.78,2.34,13567600,9584600.0,2026-08-10,16:14:30
300478,杭州高新,30.47,29.45,29.4,31.24,29.31,45361.0,136440000.0,38.6,38.6,-111.07,123.0,3.58,2008400,2527700.0,2026-08-10,16:14:00
300479,神思电子,14.09,13.96,13.88,14.13,13.81,33253.0,46550000.0,27.76,27.75,254.44,5.26,1.69,2035300,1290000.0,2026-08-10,16:14:24
300480,光力科技,35.13,35.05,35.75,36.12,34.17,247647.0,861060000.0,130.06,94.91,241.02,7.67,9.17,11983300,12781400.0,2026-08-10,16:14:27
300481,濮阳惠成,14.01,14.1,14.15,14.16,13.81,85854.0,119640000.0,40.89,40.64,36.03,1.72,2.96,4134600,4450900.0,2026-08-10,16:14:33
300482,万孚生物,17.89,17.52,17.71,18.09,17.56,87361.0,156120000.0,83.74,76.94,-49.92,1.58,2.03,4228100,4508000.0,2026-08-10,16:14:03
300483,首华燃气,23.68,23.29,23.23,23.75,22.97,109124.0,254950000.0,91.19,91.13,45.19,2.48,2.84,5671200,5241200.0,2026-08-10,16:14:36
300484,蓝海华腾,13.25,13.16,13.16,13.25,12.91,33080.0,43520000.0,27.45,22.04,77.62,4.16,1.99,1824800,1483200.0,2026-08-10,16:14:39
300485,赛升药业,9.78,9.63,9.63,9.96,9.63,129917.0,126820000.0,47.11,26.78,-227.18,1.4,4.74,6581700,6410100.0,2026-08-10,16:14:57
300486,东杰智能,20.11,20.43,20.5,20.51,19.73,78412.0,156610000.0,95.95,95.93,399.45,5.67,1.64,3353200,4488000.0,2026-08-10,16:14:00
300487,蓝晓科技,69.79,68.71,69.98,71.07,68.6,76514.0,534120000.0,355.33,214.97,40.11,8.14,2.48,4097800,3553600.0,2026-08-10,16:14:03
300488,恒锋工具,32.33,31.49,31.41,32.82,31.06,66548.0,212670000.0,61.82,52.46,33.85,2.88,4.1,3152400,3502400.0,2026-08-10,16:14:51
300489,光智科技,237.0,240.0,229.0,242.96,227.99,140965.0,3290000000.0,329.8,328.6,-1204.43,43.29,10.17,6716400,7380100.0,2026-08-10,16:14:30
300490,华自科技,12.19,11.92,12.0,12.19,11.85,106007.0,127160000.0,48.6,47.94,-48.88,2.18,2.7,5505600,5095100.0,2026-08-10,16:14:06
300491,通合科技,28.19,28.14,29.0,30.02,27.11,141812.0,397670000.0,50.08,44.43,108.02,4.15,9.0,7366700,6814500.0,2026-08-10,16:14:54
300492,华图山鼎,26.61,26.6,26.88,27.28,26.33,57091.0,152470000.0,73.26,73.26,30.46,31.06,2.07,2548600,3160500.0,2026-08-10,16:14:09
300493,润欣科技,12.99,13.14,13.14,13.15,12.86,93847.0,121760000.0,66.58,65.81,112.12,5.8,1.85,3835000,5549700.0,2026-08-10,16:14:57
300494,盛天网络,8.9,8.92,8.93,8.98,8.72,119853.0,106220000.0,43.66,35.45,2822.45,3.02,3.01,5615300,6370000.0,2026-08-10,16:14:33
300496,中科创达,61.53,62.5,62.65,63.42,61.35,116228.0,719120000.0,284.09,227.39,61.77,2.75,3.14,5069300,6553400.0,2026-08-10,16:14:12
300497,富祥股份,19.03,19.05,19.06,19.35,18.61,298357.0,562840000.0,102.5,86.12,2607.5,4.56,6.59,14701800,15133900.0,2026-08-10,16:14:00
300498,温氏股份,14.04,13.56,13.6,14.13,13.58,711772.0,993720000.0,934.21,834.8,42.79,2.44,1.2,41387400,29789800.0,2026-08-10,16:14:15
300499,高澜股份,28.35,29.1,29.2,29.5,27.9,169544.0,480760000.0,86.54,76.94,283.42,6.31,6.25,7229000,9725400.0,2026-08-10,16:14:42
300500,启迪设计,9.41,9.09,9.07,9.46,9.0,33740.0,31410000.0,16.37,15.77,-18.94,1.64,2.01,1834700,1539300.0,2026-08-10,16:14:18
300501,海顺新材,10.28,10.22,10.26,10.29,10.0,35263.0,35940000.0,28.6,28.5,-55.68,2.23,1.27,1892000,1634400.0,2026-08-10,16:14:03
300502,新易盛,399.6,420.95,420.06,424.24,388.28,668240.0,26690710000.0,5571.45,5011.96,51.88,28.7,5.33,31893000,34931000.0,2026-08-10,16:14:36
300503,昊志机电,72.24,74.49,74.67,75.0,70.8,198050.0,1425050000.0,222.66,174.25,77.26,14.04,8.21,8612200,11192900.0,2026-08-10,16:14:21
300504,天邑股份,14.65,14.75,14.69,14.78,14.37,53937.0,78390000.0,39.71,31.97,-68.98,1.89,2.47,2396000,2997700.0,2026-08-10,16:14:39
300505,川金诺,19.55,19.17,19.19,19.66,19.12,180800.0,351890000.0,53.74,42.49,12.71,1.89,8.32,9100800,8979200.0,2026-08-10,16:14:06
300506,名家汇,5.11,5.65,5.41,5.5,4.99,983195.0,505910000.0,72.85,37.54,-114.25,5.33,13.38,43094000,55225500.0,2026-08-10,16:14:06
300507,苏奥传感,6.67,6.58,6.7,6.7,6.52,74212.0,49240000.0,53.4,51.69,56.18,2.48,0.96,4397100,3024100.0,2026-08-10,16:14:09
300508,维宏股份,46.55,46.42,47.12,47.94,44.8,48807.0,226180000.0,50.67,38.13,78.45,5.85,5.96,2392000,2488700.0,2026-08-10,16:14:09
300509,新美星,8.63,8.4,8.38,8.64,8.25,56932.0,48360000.0,25.58,21.33,20.05,4.01,2.3,3471000,2222200.0,2026-08-10,16:14:42
300510,金冠股份,3.55,3.41,3.43,3.55,3.4,371667.0,130010000.0,29.28,29.28,-8.35,1.53,4.51,23541300,13625400.0,2026-08-10,16:14:24
300511,雪榕生物,5.49,5.27,5.26,5.51,5.26,282480.0,153240000.0,35.18,29.98,17.98,1.97,5.17,16245700,12002300.0,2026-08-10,16:14:12
300512,中亚股份,7.21,7.05,7.05,7.26,6.92,50497.0,36020000.0,29.51,23.35,94.43,1.81,1.56,2436700,2613000.0,2026-08-10,16:14:12
300513,恒实科技,7.29,7.17,7.15,7.33,7.09,59166.0,42920000.0,22.87,22.85,-3.29,4.24,1.89,3274100,2642500.0,2026-08-10,16:14:15
300514,友讯达,9.73,9.44,9.51,9.77,9.44,27448.0,26520000.0,19.46,15.59,67.29,1.95,1.71,1478600,1266200.0,2026-08-10,16:14:45
300515,三德科技,16.13,15.96,15.99,16.27,15.85,51527.0,82830000.0,33.19,32.54,17.59,3.75,2.55,2569800,2582900.0,2026-08-10,16:14:48
300516,久之洋,31.47,31.14,31.3,31.59,30.5,45184.0,140850000.0,79.3,79.3,530.65,6.21,1.79,2411000,2107400.0,2026-08-10,16:14:15
300517,海波重科,10.09,9.65,9.77,10.1,9.5,51723.0,51080000.0,20.22,12.74,436.79,1.97,4.1,2889800,2282500.0,2026-08-10,16:14:27
300518,新迅达,25.08,24.75,25.3,25.62,24.46,102127.0,253700000.0,50.01,50.0,-46.29,7.57,5.12,4543500,5669100.0,2026-08-10,16:14:30
300519,新光药业,14.35,14.17,14.1,14.52,14.1,62703.0,89820000.0,22.96,16.37,40.97,2.81,5.5,3391300,2879000.0,2026-08-10,16:14:33
300520,科大国创,26.99,26.38,26.78,27.1,26.14,94797.0,253160000.0,78.82,76.17,-40.32,4.61,3.36,5153600,4326100.0,2026-08-10,16:14:36
300521,爱司凯,24.21,23.48,23.45,24.35,23.1,36774.0,87360000.0,36.25,35.8,-268.64,6.8,2.49,2211600,1465800.0,2026-08-10,16:14:51
300522,世名科技,13.67,13.82,13.86,13.98,13.24,176749.0,238590000.0,44.08,35.97,257.7,5.66,6.72,8096400,9578500.0,2026-08-10,16:14:39
300523,辰安科技,20.0,19.32,19.3,20.0,18.99,30342.0,59350000.0,46.53,46.53,-21.45,4.81,1.3,1705500,1328700.0,2026-08-10,16:14:18
300525,博思软件,9.0,9.02,9.15,9.2,8.91,208365.0,188310000.0,67.65,55.5,38.7,2.84,3.38,9382800,11453700.0,2026-08-10,16:14:42
300527,ST应急,7.96,7.79,7.84,7.99,7.75,76476.0,60510000.0,80.93,80.93,573.98,2.8,0.75,4506800,3140900.0,2026-08-10,16:14:54
300528,幸福蓝海,14.8,13.96,14.51,15.1,13.92,404069.0,586410000.0,55.15,55.15,-25.14,14.37,10.84,20894400,19512500.0,2026-08-10,16:14:45
300529,健帆生物,16.41,16.38,16.31,16.88,16.2,167522.0,276330000.0,131.05,84.09,24.96,3.92,3.27,7921800,8830400.0,2026-08-10,16:14:18
300530,领湃科技,20.73,19.0,19.0,21.65,18.9,144464.0,293370000.0,35.65,35.65,-28.05,49.03,8.4,7785000,6661500.0,2026-08-10,16:14:48
300531,优博讯,17.14,17.17,17.1,17.49,16.96,140210.0,240330000.0,55.03,53.41,52.2,3.89,4.5,6038200,7982800.0,2026-08-10,16:14:21
300532,今天国际,7.23,7.02,7.01,7.25,6.95,144120.0,103350000.0,45.96,43.71,21.18,2.62,2.38,8801400,5610600.0,2026-08-10,16:14:51
300533,冰川网络,15.51,15.24,15.2,15.54,15.02,63340.0,97110000.0,50.91,35.82,17.87,3.96,2.74,3751600,2582400.0,2026-08-10,16:14:45
300534,陇神戎发,15.88,16.43,16.65,16.92,15.5,981339.0,1588520000.0,48.17,47.97,97.57,6.63,32.49,46209500,51924400.0,2026-08-10,16:14:21
300535,达威股份,15.5,14.55,14.61,15.55,14.48,30737.0,46490000.0,16.59,12.58,74.87,1.75,3.79,1719500,1354200.0,2026-08-10,16:14:54
300536,农尚环境,9.04,8.88,9.06,9.15,8.71,63407.0,56790000.0,26.51,26.51,-11.25,9.41,2.16,3209900,3130800.0,2026-08-10,16:14:24
300537,广信材料,20.22,20.23,20.4,20.57,19.84,97983.0,196690000.0,41.9,30.69,367.04,4.64,6.46,4628700,5169600.0,2026-08-10,16:14:57
300538,同益股份,15.08,14.76,14.76,15.38,14.6,66557.0,99240000.0,27.43,18.24,-59.74,3.03,5.5,3054000,3601700.0,2026-08-10,16:14:00
300539,横河精密,19.4,19.28,19.28,19.45,18.93,43645.0,83800000.0,52.01,42.27,100.85,4.55,2.0,2185900,2178600.0,2026-08-10,16:14:03
300540,蜀道装备,34.12,35.11,34.0,34.66,33.29,273922.0,926850000.0,77.65,70.54,106.34,6.93,13.25,13205900,14186300.0,2026-08-10,16:14:27
300541,先进数通,10.79,10.77,10.71,10.84,10.65,84524.0,91020000.0,46.4,41.87,58.46,2.7,2.18,3943700,4508600.0,2026-08-10,16:14:24
300542,新晨科技,12.2,12.06,12.0,12.28,11.95,39003.0,47390000.0,36.42,30.21,-148.98,6.83,1.58,2090100,1810200.0,2026-08-10,16:14:27
300543,朗科智能,7.84,7.73,7.79,7.87,7.63,56716.0,44180000.0,24.02,19.62,-265.66,1.71,2.27,2987000,2684600.0,2026-08-10,16:14:57
300545,联得装备,28.65,28.68,28.69,29.05,27.85,67379.0,191070000.0,53.13,34.25,55.62,2.46,5.64,2838400,3899500.0,2026-08-10,16:14:06
300546,雄帝科技,16.76,16.6,16.25,16.77,16.2,72555.0,119920000.0,31.45,22.61,121.65,2.81,5.38,3710100,3545400.0,2026-08-10,16:14:09
300547,川环科技,25.42,25.79,25.9,26.09,24.72,72174.0,182030000.0,55.14,45.3,27.98,4.16,4.05,3053500,4163900.0,2026-08-10,16:14:30
300548,长芯博创,171.15,177.04,180.04,180.89,165.3,169846.0,2897050000.0,504.56,503.54,134.47,24.86,5.77,7736800,9247800.0,2026-08-10,16:14:30
300549,优德精密,14.17,13.82,13.89,14.22,13.66,19218.0,26990000.0,18.89,14.32,352.37,3.47,1.9,1128400,793400.0,2026-08-10,16:14:33
300550,和仁科技,12.13,11.94,12.04,12.16,11.82,55454.0,66580000.0,31.85,31.82,75.25,2.81,2.11,2900600,2644800.0,2026-08-10,16:14:33
300551,古鳌科技,10.31,9.99,10.05,10.35,9.9,102540.0,104250000.0,35.06,34.96,-14.26,11.44,3.02,5281300,4972700.0,2026-08-10,16:14:12
300552,万集科技,22.23,22.58,22.53,22.6,21.94,101143.0,223670000.0,47.38,30.03,-30.39,2.73,7.49,4517100,5597200.0,2026-08-10,16:14:48
300553,集智股份,45.55,45.85,46.67,47.88,44.17,45932.0,208360000.0,50.57,38.76,295.34,5.99,5.4,2180300,2412800.0,2026-08-10,16:14:36
300554,三超新材,20.98,20.93,21.08,21.11,20.51,27568.0,57250000.0,23.96,16.59,-15.3,4.84,3.49,1280700,1476100.0,2026-08-10,16:14:51
300555,ST路通,12.54,12.54,12.54,12.67,12.37,8585.0,10710000.0,25.08,24.83,-26.27,6.09,0.43,457100,401400.0,2026-08-10,16:14:00
300556,丝路视觉,16.23,16.04,16.0,16.29,15.81,39025.0,62960000.0,19.73,17.61,-89.61,4.91,3.6,1870700,2031800.0,2026-08-10,16:14:15
300557,理工光科,26.23,26.85,26.99,26.99,25.9,34899.0,91320000.0,41.21,41.01,87.41,4.17,2.23,1426600,2063300.0,2026-08-10,16:14:54
300558,贝达药业,69.88,70.21,70.0,71.88,67.78,251373.0,1758680000.0,295.82,294.89,67.06,4.33,5.96,12556800,12580500.0,2026-08-10,16:14:36
300559,佳发教育,11.42,11.49,11.48,11.56,11.3,71261.0,81210000.0,45.62,35.53,126.23,3.99,2.29,3173800,3952300.0,2026-08-10,16:14:03
300560,中富通,16.76,16.47,16.29,16.84,15.95,122602.0,201340000.0,38.51,31.34,-50.8,4.33,6.56,5991700,6268500.0,2026-08-10,16:14:57
300561,汇金科技,18.06,18.46,18.65,18.76,17.9,228197.0,416340000.0,59.26,43.53,-304.22,10.39,9.47,9623800,13195800.0,2026-08-10,16:14:39
300562,乐心医疗,15.98,15.42,15.5,16.12,15.4,162980.0,258290000.0,34.93,26.68,38.33,3.38,9.76,9114700,7183300.0,2026-08-10,16:14:18
300563,神宇股份,23.92,24.18,24.15,24.19,23.54,24102.0,57390000.0,43.57,30.31,57.81,3.9,1.9,1208600,1201600.0,2026-08-10,16:14:21
300564,筑博设计,12.75,12.0,12.08,12.79,11.68,54830.0,68140000.0,20.57,14.43,44.25,1.71,4.84,3090400,2392600.0,2026-08-10,16:14:24
300565,科信技术,9.78,10.07,9.96,10.08,9.61,136694.0,133590000.0,24.42,22.32,-26.71,4.68,5.99,5620700,8048700.0,2026-08-10,16:14:00
300566,激智科技,28.21,26.95,27.8,28.88,26.09,291899.0,794860000.0,73.94,63.95,36.64,3.4,12.88,13834000,15356000.0,2026-08-10,16:14:42
300567,精测电子,235.66,223.91,233.0,242.08,229.63,122074.0,2868490000.0,659.25,535.07,756.58,16.0,5.38,7039000,5168400.0,2026-08-10,16:14:45
300568,星源材质,14.13,13.53,13.66,14.15,13.4,720944.0,987850000.0,211.28,170.77,1115.9,2.17,5.97,37947000,34147400.0,2026-08-10,16:14:48
300569,天能重工,4.99,4.89,4.9,5.03,4.86,148390.0,73570000.0,51.03,50.88,52.3,0.98,1.46,8803200,6035800.0,2026-08-10,16:14:06
300570,太辰光,141.99,143.43,143.42,149.94,137.94,194487.0,2764420000.0,322.5,272.89,113.01,20.92,10.12,9334600,10114100.0,2026-08-10,16:14:03
300571,平治信息,34.09,34.96,34.63,34.95,33.48,76727.0,260470000.0,47.57,39.42,-23.08,3.85,6.64,3464300,4208400.0,2026-08-10,16:14:51
300572,安车检测,20.45,20.45,20.4,20.6,19.89,37398.0,75550000.0,46.83,37.07,-26.13,2.91,2.06,1658300,2081500.0,2026-08-10,16:14:54
300573,兴齐眼药,42.95,42.61,42.54,43.75,42.5,123440.0,531640000.0,153.47,117.86,20.29,7.92,4.5,6661100,5682900.0,2026-08-10,16:14:06
300575,中旗股份,5.64,5.5,5.48,5.67,5.46,142462.0,79910000.0,26.99,19.53,-17.31,1.39,4.11,7865800,6380400.0,2026-08-10,16:14:27
300576,容大感光,32.74,31.99,34.06,34.5,31.84,393860.0,1281910000.0,132.17,83.19,119.75,7.67,15.5,20062800,19323200.0,2026-08-10,16:14:57
300577,开润股份,18.36,18.41,18.28,18.41,17.99,36959.0,67330000.0,44.03,26.1,12.78,2.07,2.6,1728200,1967700.0,2026-08-10,16:14:39
300578,会畅科技,16.71,16.29,16.48,16.71,15.99,42997.0,70480000.0,33.13,33.12,-102.16,2.87,2.17,2451300,1848400.0,2026-08-10,16:14:09
300579,数字认证,22.45,22.46,22.61,22.76,22.2,27927.0,62740000.0,60.62,58.48,-72.93,7.66,1.07,1404200,1388500.0,2026-08-10,16:14:09
300580,贝斯特,20.93,21.53,21.54,21.59,20.79,97242.0,204030000.0,105.14,98.91,37.33,3.2,2.06,4294500,5429700.0,2026-08-10,16:14:12
300581,晨曦航空,10.53,10.16,10.17,10.58,10.1,218359.0,226570000.0,57.93,57.93,-84.77,6.33,3.97,12254700,9581200.0,2026-08-10,16:14:15
300582,英飞特,11.25,11.15,11.15,11.28,11.0,46034.0,51420000.0,33.59,24.93,-6.84,3.82,2.08,2336600,2266800.0,2026-08-10,16:14:30
300583,赛托生物,13.03,12.76,12.76,13.25,12.64,47626.0,61600000.0,24.72,24.26,-58.82,1.4,2.56,2783800,1978900.0,2026-08-10,16:14:12
300584,海辰药业,35.71,35.98,35.6,36.3,35.21,60941.0,217590000.0,42.85,29.32,96.55,4.05,7.42,3064600,3029500.0,2026-08-10,16:14:18
300585,奥联电子,15.9,15.36,15.51,15.9,15.08,47037.0,73620000.0,27.21,27.21,-36.99,4.29,2.75,2565100,2138600.0,2026-08-10,16:14:00
300586,美联新材,9.41,9.28,9.5,9.65,9.22,339863.0,318850000.0,66.93,50.31,-85.36,3.63,6.36,17134600,16851700.0,2026-08-10,16:14:33
300587,天铁科技,5.07,4.99,5.05,5.14,4.86,368737.0,185180000.0,65.82,53.37,-31.28,2.94,3.5,17535300,19338400.0,2026-08-10,16:14:21
300588,熙菱信息,22.61,22.3,22.31,22.68,21.98,35968.0,80290000.0,43.29,39.98,-95.95,16.9,2.03,2282800,1314000.0,2026-08-10,16:14:24
300589,江龙船艇,13.92,13.25,13.26,14.36,13.11,432281.0,592020000.0,52.57,32.63,-41.88,7.57,18.44,22921900,20306200.0,2026-08-10,16:14:15
300590,移为通信,11.04,11.18,11.16,11.2,10.87,190113.0,208480000.0,51.03,39.5,43.73,2.76,5.31,8649200,10362200.0,2026-08-10,16:14:27
300591,万里马,8.03,7.46,7.46,8.06,7.46,349746.0,273760000.0,32.58,28.14,-24.04,19.05,9.98,20603600,14371100.0,2026-08-10,16:14:36
300592,华凯易佰,16.56,17.15,17.45,17.55,16.35,167341.0,277860000.0,64.79,56.95,27.76,2.89,4.87,7980300,8753800.0,2026-08-10,16:14:30
300593,新雷能,27.33,28.12,28.5,29.04,26.08,326686.0,881850000.0,148.26,123.06,-76.12,6.46,7.26,14134800,18533900.0,2026-08-10,16:14:18
300594,ST朗进,15.5,14.94,14.98,15.55,14.91,18490.0,28300000.0,14.24,14.1,-103.18,1.86,2.03,933600,915400.0,2026-08-10,16:14:33
300595,欧普康视,11.76,11.38,11.43,12.04,11.39,249322.0,294500000.0,105.29,78.61,22.62,2.13,3.73,12935900,11996300.0,2026-08-10,16:14:36
300596,利安隆,43.1,42.2,42.2,43.99,42.2,36277.0,155500000.0,98.97,98.97,19.01,2.04,1.58,1860800,1766900.0,2026-08-10,16:14:03
300597,吉大通信,7.72,7.58,7.59,7.74,7.51,49000.0,37500000.0,21.04,20.95,-24.32,2.25,1.81,2817600,2082400.0,2026-08-10,16:14:42
300598,诚迈科技,29.51,29.59,29.82,29.84,29.06,51453.0,151600000.0,64.03,64.01,-67.1,4.53,2.37,2286700,2858600.0,2026-08-10,16:14:06
300599,雄塑科技,11.81,11.85,11.85,11.93,11.33,86786.0,100880000.0,42.3,37.41,-87.2,2.2,2.74,4069700,4608900.0,2026-08-10,16:14:39
300600,国瑞科技,10.53,10.15,10.18,10.55,10.12,74478.0,77340000.0,30.98,30.98,-56.69,2.58,2.53,4271500,3176300.0,2026-08-10,16:14:21
300601,康泰生物,12.75,12.85,12.82,12.93,12.68,165614.0,211910000.0,142.41,114.8,175.3,1.56,1.84,7525900,9035500.0,2026-08-10,16:14:24
300602,飞荣达,36.2,37.3,37.63,37.63,35.55,155229.0,562800000.0,212.29,145.23,55.26,5.1,3.87,6009800,9513100.0,2026-08-10,16:14:39
300603,立昂技术,7.96,7.96,7.98,7.99,7.79,82694.0,65570000.0,37.0,29.76,-20.63,2.93,2.21,4097400,4172000.0,2026-08-10,16:14:42
300604,长川科技,288.08,283.21,284.16,293.88,278.0,224927.0,6442590000.0,1859.79,1410.09,118.24,22.9,4.6,11321500,11171200.0,2026-08-10,16:14:45
300605,恒锋信息,10.98,10.47,10.48,11.1,10.48,205002.0,222490000.0,18.13,13.88,-47.06,4.15,16.22,11561300,8938900.0,2026-08-10,16:14:42
300606,金太阳,35.54,34.34,34.5,35.95,33.13,106261.0,363910000.0,49.17,41.82,245.49,7.46,9.03,5593900,5032200.0,2026-08-10,16:14:27
300607,拓斯达,32.83,33.41,33.6,33.7,32.43,224251.0,735360000.0,156.59,110.8,132.59,5.39,6.64,9618000,12807000.0,2026-08-10,16:14:48
300608,思特奇,10.58,10.69,10.61,10.68,10.39,86962.0,91660000.0,36.82,32.2,-20.27,2.91,2.86,4060600,4635600.0,2026-08-10,16:14:30
300609,汇纳科技,26.0,26.19,26.2,26.39,25.58,24138.0,62470000.0,31.23,31.18,-30.91,3.4,2.01,1062800,1351000.0,2026-08-10,16:14:45
300610,晨化股份,10.07,9.77,9.81,10.08,9.69,33852.0,33620000.0,21.36,16.67,32.95,1.9,2.04,2108700,1276500.0,2026-08-10,16:14:48
300611,美力科技,24.2,24.16,24.0,24.5,23.82,23388.0,56600000.0,51.08,35.89,39.53,4.07,1.58,1160600,1178200.0,2026-08-10,16:14:09
300612,宣亚国际,12.51,12.24,12.38,12.54,12.06,78533.0,97190000.0,22.89,22.77,-25.96,5.1,4.31,4488000,3365300.0,2026-08-10,16:14:51
300613,富瀚微,74.15,74.25,73.99,74.75,72.38,156017.0,1147490000.0,172.69,162.9,80.18,5.96,7.1,7476300,8125400.0,2026-08-10,16:14:45
300614,百川畅银,10.71,10.46,10.41,10.74,10.32,27971.0,29590000.0,17.18,17.18,-4.2,2.38,1.74,1379300,1417800.0,2026-08-10,16:14:54
300615,欣天科技,17.3,17.19,16.99,17.8,16.5,414097.0,708750000.0,33.39,26.48,-86.72,7.26,27.05,20194300,21215400.0,2026-08-10,16:14:48
300616,尚品宅配,10.5,10.34,10.32,10.53,10.14,49834.0,51820000.0,23.57,16.3,-7.69,0.83,3.21,2742700,2240700.0,2026-08-10,16:14:57
300617,安靠智电,42.48,42.08,43.13,45.3,42.06,82343.0,355550000.0,70.39,59.01,89.33,2.33,5.93,3753900,4480500.0,2026-08-10,16:14:51
300618,寒锐钴业,39.9,36.79,36.9,42.65,36.8,299346.0,1200710000.0,123.57,108.73,54.7,2.22,10.99,15185300,14749300.0,2026-08-10,16:14:33
300619,金银河,26.87,27.93,27.79,27.89,26.52,85276.0,229530000.0,60.78,51.17,85.8,3.86,4.48,3494700,5032900.0,2026-08-10,16:14:51
300620,光库科技,284.5,288.08,286.59,291.0,276.0,123869.0,3491950000.0,708.92,703.01,336.68,32.9,5.01,5795300,6591600.0,2026-08-10,16:14:54
300621,维业股份,7.31,7.08,7.08,7.35,7.04,43089.0,31170000.0,15.21,14.8,-3.38,2.83,2.13,2300000,2009000.0,2026-08-10,16:14:00
300622,博士眼镜,15.87,15.68,15.61,16.09,15.54,110403.0,174720000.0,50.62,34.61,31.97,5.72,5.06,5472300,5568100.0,2026-08-10,16:14:57
300623,捷捷微电,26.62,26.41,27.16,27.78,26.07,287560.0,763900000.0,221.5,204.27,47.62,3.69,3.75,12913000,15843000.0,2026-08-10,16:14:12
300624,万兴科技,55.74,56.28,56.33,57.16,54.99,93843.0,524000000.0,107.77,95.45,-101.28,11.03,5.48,4425900,4958500.0,2026-08-10,16:14:36
300625,三雄极光,9.62,9.33,9.3,9.64,9.26,25950.0,24720000.0,26.87,15.58,-49.81,1.45,1.6,1529300,1065700.0,2026-08-10,16:14:00
300626,华瑞股份,30.23,31.6,31.57,32.39,29.67,60931.0,185680000.0,54.41,54.38,368.03,10.28,3.39,2614200,3478900.0,2026-08-10,16:14:03
300627,华测导航,28.51,28.16,28.17,28.65,27.9,84961.0,240250000.0,226.36,187.46,33.88,5.48,1.29,4278700,4217400.0,2026-08-10,16:14:03
300628,亿联网络,40.03,39.18,39.01,40.25,38.74,146692.0,584410000.0,507.15,290.57,18.82,6.08,2.02,8467900,6201400.0,2026-08-10,16:14:06
300629,新劲刚,17.86,17.9,17.93,17.94,17.54,72683.0,129220000.0,44.9,38.72,40.51,2.57,3.35,2950400,4317900.0,2026-08-10,16:14:09
300630,普利退,0.89,0.89,0.0,0.0,0.0,0.0,0.0,5.0,3.99,-4.71,0.16,0.0,0,0.0,2026-08-10,09:00:00
300631,久吾高科,22.61,22.05,22.05,22.63,21.89,22142.0,49510000.0,28.27,27.49,39.35,2.13,1.82,1210500,1003600.0,2026-08-10,16:14:39
300632,光莆股份,18.71,19.17,19.43,19.45,18.38,249596.0,465950000.0,57.1,41.39,-181.42,3.35,11.28,11277100,13682500.0,2026-08-10,16:14:42
300633,开立医疗,20.45,20.33,20.38,21.06,20.2,58608.0,121000000.0,86.88,53.19,48.92,2.91,2.25,2872600,2988200.0,2026-08-10,16:14:12
300634,彩讯股份,20.22,20.61,20.62,20.73,20.15,87355.0,177510000.0,91.23,87.81,37.63,3.06,2.01,4339900,4395600.0,2026-08-10,16:14:45
300635,中达安,11.89,11.61,11.64,11.89,11.04,33943.0,39790000.0,16.65,14.32,-18.43,5.41,2.82,1885600,1508700.0,2026-08-10,16:14:54
300636,同和药业,7.05,6.94,6.92,7.13,6.92,110892.0,77950000.0,29.61,25.9,41.65,1.25,3.02,6378800,4710400.0,2026-08-10,16:14:15
300637,扬帆新材,9.12,8.99,9.02,9.17,8.85,43841.0,39470000.0,21.41,21.39,1083.65,3.09,1.87,2322500,2061600.0,2026-08-10,16:14:06
300638,广和通,20.43,20.83,20.6,20.93,20.17,183368.0,375320000.0,183.72,108.37,76.9,3.03,3.46,8155900,10181000.0,2026-08-10,16:14:48
300639,凯普生物,5.89,5.85,5.83,5.96,5.81,141776.0,83350000.0,38.08,37.12,-35.78,1.0,2.25,7031400,7146200.0,2026-08-10,16:14:18
300640,德艺文创,6.97,6.31,6.33,7.0,6.26,263184.0,175970000.0,21.68,15.39,210.76,2.69,11.92,14825900,11492400.0,2026-08-10,16:14:21
300641,正丹股份,15.06,14.69,14.7,15.34,14.52,107094.0,160990000.0,79.15,79.15,20.15,2.63,2.04,5804600,4904800.0,2026-08-10,16:14:51
300642,透景生命,13.79,13.25,13.27,14.25,13.21,77447.0,106720000.0,22.38,18.99,-915.4,1.6,5.62,3820900,3923800.0,2026-08-10,16:14:09
300643,万通智控,19.21,18.45,18.5,19.22,18.32,97490.0,184580000.0,44.49,44.39,27.71,3.52,4.22,5390900,4358100.0,2026-08-10,16:14:54
300644,南京聚隆,21.89,21.66,21.75,21.97,21.4,15742.0,34280000.0,24.23,19.31,18.97,2.3,1.78,819900,754300.0,2026-08-10,16:14:15
300645,正元智慧,13.19,12.93,12.97,13.21,12.73,53038.0,69010000.0,18.74,18.38,142.05,1.79,3.81,3198900,2104900.0,2026-08-10,16:14:24
300647,超频三,5.71,5.66,5.64,5.73,5.58,163330.0,92640000.0,26.11,26.07,-18.59,5.94,3.58,8329000,8004100.0,2026-08-10,16:14:12
300648,星云股份,40.13,40.3,40.9,40.9,39.3,24492.0,97640000.0,69.94,53.25,-30.14,6.03,1.85,1118900,1330300.0,2026-08-10,16:14:15
300649,杭州园林,25.59,24.41,24.78,25.69,23.73,85395.0,210790000.0,33.89,27.15,-80.22,7.79,8.05,4309300,4230200.0,2026-08-10,16:14:18
300650,太龙股份,11.64,11.54,11.55,11.68,11.29,45795.0,52680000.0,28.1,19.83,68.24,1.96,2.69,2218300,2361200.0,2026-08-10,16:14:57
300651,金陵体育,17.97,17.27,17.27,17.97,17.23,71700.0,126840000.0,25.38,18.58,40.22,2.35,6.94,4039000,3130900.0,2026-08-10,16:14:27
300652,雷迪克,29.94,29.62,29.62,30.1,29.11,18272.0,54350000.0,39.94,35.84,30.01,2.6,1.53,888800,938500.0,2026-08-10,16:14:00
300653,正海生物,15.35,15.42,15.12,15.5,15.06,36926.0,56480000.0,27.63,27.63,39.17,3.23,2.05,1821500,1871100.0,2026-08-10,16:14:18
300654,世纪天鸿,11.43,11.03,10.98,11.89,10.66,379522.0,423950000.0,41.85,40.31,166.1,4.98,10.76,17646700,20305500.0,2026-08-10,16:14:21
300655,晶瑞电材,13.37,13.48,13.64,13.65,13.17,492935.0,657530000.0,150.63,149.94,133.84,5.88,4.4,22414600,26878900.0,2026-08-10,16:14:57
300656,民德电子,27.38,25.99,26.7,27.58,25.99,79812.0,214970000.0,46.85,36.39,-29.01,5.45,6.01,3965700,4015500.0,2026-08-10,16:14:30
300657,弘信电子,35.6,36.5,36.3,36.5,35.11,248414.0,883460000.0,171.64,166.79,96.24,12.08,5.3,10838700,14002700.0,2026-08-10,16:14:33
300658,延江股份,11.07,10.7,10.81,11.13,10.57,100570.0,109740000.0,36.84,24.45,60.56,2.77,4.55,5383200,4673800.0,2026-08-10,16:14:03
300659,中孚信息,10.5,10.32,10.3,10.52,10.14,65637.0,68160000.0,27.34,19.87,-27.98,2.34,3.47,3770600,2793100.0,2026-08-10,16:14:21
300660,江苏雷利,27.02,28.14,27.7,27.8,26.8,101037.0,273750000.0,157.06,156.97,57.94,4.5,1.74,4777400,5326300.0,2026-08-10,16:14:00
300661,圣邦股份,110.27,111.68,115.13,115.13,105.28,161458.0,1741030000.0,755.97,663.63,123.73,14.14,2.68,7386400,8759400.0,2026-08-10,16:14:03
300662,科锐国际,21.12,20.62,20.51,21.16,20.42,53314.0,111620000.0,41.57,41.44,11.96,1.8,2.72,2991600,2339800.0,2026-08-10,16:14:24
300663,科蓝软件,9.92,9.7,9.67,10.04,9.62,518786.0,510790000.0,47.46,45.67,-11.37,14.81,11.27,25431200,26447400.0,2026-08-10,16:14:24
300664,鹏鹞环保,4.66,4.56,4.55,4.66,4.53,97532.0,45080000.0,35.08,33.79,32.22,0.81,1.34,5554600,4198600.0,2026-08-10,16:14:06
300665,飞鹿股份,9.49,9.55,9.56,9.61,9.4,89113.0,84420000.0,21.78,20.69,-10.42,4.83,4.09,4677700,4233600.0,2026-08-10,16:14:09
300666,江丰电子,261.68,252.54,253.0,264.0,251.0,224289.0,5782900000.0,722.16,578.62,130.82,10.34,10.14,11481700,10947200.0,2026-08-10,16:14:06
300667,必创科技,14.81,14.32,14.33,15.05,14.1,86642.0,127050000.0,30.31,25.57,-31.44,2.93,5.02,4212400,4451900.0,2026-08-10,16:14:27
300668,杰恩股份,35.85,39.6,39.59,39.99,35.0,85643.0,311440000.0,43.16,35.74,432.38,5.53,8.59,3789000,4775300.0,2026-08-10,16:14:30
300669,沪宁股份,22.75,22.79,22.8,22.92,22.36,8282.0,18760000.0,43.84,41.52,248.23,5.07,0.45,464700,363500.0,2026-08-10,16:14:27
300670,大烨智能,6.19,6.03,6.07,6.21,5.95,70836.0,43320000.0,19.62,13.91,-9.81,4.64,3.15,3646300,3437300.0,2026-08-10,16:14:12
300671,富满微,62.82,63.92,63.84,65.0,61.26,119385.0,747100000.0,139.07,138.7,-244.6,8.3,5.41,5639600,6298900.0,2026-08-10,16:14:09
300672,国科微,170.52,168.48,171.37,172.0,161.66,155779.0,2585000000.0,370.2,358.67,-161.06,9.6,7.41,8192200,7385700.0,2026-08-10,16:14:36
300673,佩蒂股份,13.95,13.25,13.25,14.08,13.15,52286.0,71830000.0,34.5,22.38,33.99,2.03,3.26,3190600,2038000.0,2026-08-10,16:14:39
300674,宇信科技,16.27,16.25,16.25,16.36,15.99,124448.0,201530000.0,114.55,114.38,27.32,2.59,1.77,5776100,6668700.0,2026-08-10,16:14:33
300675,建科院,12.78,12.35,12.39,12.82,12.33,26333.0,33350000.0,18.74,18.74,-24.59,3.81,1.8,1538400,1095000.0,2026-08-10,16:14:15
300676,华大基因,40.69,39.96,40.59,41.89,40.24,148802.0,611170000.0,170.21,169.29,-29.68,2.02,3.58,7651700,7228500.0,2026-08-10,16:14:36
300677,英科医疗,49.6,50.54,50.0,51.5,48.97,107611.0,539260000.0,324.76,230.94,48.62,1.79,2.31,4383200,6378000.0,2026-08-10,16:14:18
300678,中科信息,23.6,23.46,23.49,23.92,23.14,51046.0,120140000.0,69.95,68.72,443.72,8.3,1.75,2382400,2722200.0,2026-08-10,16:14:21
300679,电连技术,40.87,42.19,42.3,42.88,40.14,173673.0,709130000.0,173.62,146.9,74.37,3.54,4.83,6958600,10408700.0,2026-08-10,16:14:39
300680,隆盛科技,22.11,22.16,22.44,22.5,21.78,49366.0,108780000.0,65.03,50.05,27.12,3.25,2.18,2228700,2707800.0,2026-08-10,16:14:12
300681,英搏尔,21.23,21.48,21.39,21.6,20.92,75577.0,159550000.0,64.98,49.0,28.03,2.12,3.27,3120300,4437300.0,2026-08-10,16:14:42
300682,朗新科技,11.6,11.61,11.7,11.72,11.43,131535.0,152310000.0,125.08,119.63,241.1,1.92,1.28,6203800,6949700.0,2026-08-10,16:14:42
300683,海特生物,29.17,29.43,29.35,30.36,28.95,113592.0,334480000.0,38.18,35.61,-15.88,1.79,9.31,5740800,5618400.0,2026-08-10,16:14:45
300684,中石科技,51.75,51.7,51.91,53.05,50.5,136672.0,701720000.0,155.0,105.87,45.37,7.71,6.68,5952200,7715000.0,2026-08-10,16:14:15
300685,艾德生物,18.74,18.02,18.29,19.38,18.16,174098.0,327830000.0,73.11,73.01,20.54,3.92,4.47,8937600,8472200.0,2026-08-10,16:14:18
300686,智动力,15.94,15.61,15.91,16.17,15.47,212307.0,334780000.0,41.54,41.27,-25.63,5.5,8.2,11588900,9641800.0,2026-08-10,16:14:45
300687,赛意信息,27.25,27.98,27.84,28.0,26.75,184482.0,500430000.0,111.29,91.52,-111.15,4.16,5.49,8413600,10034600.0,2026-08-10,16:14:30
300688,创业黑马,31.45,30.59,31.2,32.54,29.93,187370.0,583210000.0,52.64,46.67,-96.36,14.36,12.63,9065300,9671700.0,2026-08-10,16:14:21
300689,澄天伟业,53.43,51.54,52.0,53.47,50.66,28866.0,150270000.0,61.77,54.36,854.75,8.85,2.84,1537500,1349100.0,2026-08-10,16:14:24
300690,双一科技,21.69,21.48,21.48,21.82,21.34,23257.0,50300000.0,35.86,24.2,23.8,2.3,2.08,1314100,1011600.0,2026-08-10,16:14:48
300691,联合光电,13.66,13.54,13.58,13.69,13.42,33301.0,45220000.0,36.75,30.15,125.07,2.23,1.51,1428700,1901400.0,2026-08-10,16:14:48
300692,中赋科技,9.55,9.3,9.3,9.8,9.18,417205.0,397500000.0,53.7,49.0,81.92,1.73,8.13,21394900,20325500.0,2026-08-10,16:14:33
300693,盛弘股份,38.85,38.21,38.26,39.84,38.06,133482.0,515910000.0,121.52,104.45,24.88,5.8,4.96,5655900,7692300.0,2026-08-10,16:14:51
300694,蠡湖股份,10.9,10.63,10.63,10.95,10.49,42540.0,45850000.0,23.66,23.63,18.12,1.58,1.96,2181500,2072500.0,2026-08-10,16:14:51
300695,兆丰股份,50.56,49.4,49.5,50.68,48.62,10322.0,51680000.0,51.7,51.7,17.09,1.8,1.01,600800,431400.0,2026-08-10,16:14:27
300696,爱乐达,21.17,20.6,20.69,21.25,20.32,73609.0,153420000.0,62.29,56.54,116.08,3.28,2.76,4053700,3307300.0,2026-08-10,16:14:30
300697,电工合金,14.84,14.94,14.87,15.07,14.51,147158.0,216880000.0,64.2,49.16,34.66,5.17,4.44,6397000,8318700.0,2026-08-10,16:14:24
300698,万马科技,25.6,25.58,25.72,25.77,24.97,28326.0,72010000.0,34.3,30.35,71.33,6.41,2.39,1548800,1283800.0,2026-08-10,16:14:33
300699,光威复材,26.66,26.28,26.29,26.7,25.92,131915.0,348330000.0,221.64,218.99,38.88,4.11,1.61,7324700,5866800.0,2026-08-10,16:14:54
300700,岱勒新材,18.63,18.05,18.2,18.68,17.69,127661.0,233620000.0,73.97,66.21,-46.73,9.59,3.59,6266600,6499500.0,2026-08-10,16:14:36
300701,森霸传感,9.75,9.58,9.57,9.77,9.47,38379.0,37030000.0,27.26,24.58,36.34,2.89,1.52,2329900,1508000.0,2026-08-10,16:14:27
300702,天宇股份,22.65,21.84,21.78,23.28,21.63,81426.0,185800000.0,78.82,47.66,82.34,2.15,3.87,4149100,3993500.0,2026-08-10,16:14:57
300703,创源股份,13.94,13.1,13.1,14.13,13.0,128066.0,175800000.0,25.15,23.18,119.32,3.31,7.7,6840700,5965900.0,2026-08-10,16:14:00
300705,九典制药,11.35,11.35,11.35,11.56,11.31,89501.0,102150000.0,56.78,41.99,14.06,2.31,2.42,4079800,4870300.0,2026-08-10,16:14:03
300706,阿石创,54.16,53.6,53.98,55.0,52.54,132229.0,709340000.0,83.16,61.65,-245.62,12.01,11.62,6742100,6480900.0,2026-08-10,16:14:54
300707,威唐工业,12.27,11.95,12.06,12.27,11.84,44923.0,54520000.0,21.34,17.62,79.46,1.93,3.13,2801500,1690800.0,2026-08-10,16:14:57
300708,聚灿光电,7.82,7.73,7.75,7.87,7.67,138825.0,107930000.0,73.77,55.87,44.68,2.51,1.94,7512100,6370400.0,2026-08-10,16:14:39
300709,精研科技,38.13,38.49,38.49,39.09,37.31,85579.0,324050000.0,71.17,57.14,372.72,3.3,5.71,3899700,4658300.0,2026-08-10,16:14:00
300710,万隆光电,28.4,28.04,28.17,28.76,27.55,24303.0,68340000.0,28.26,21.18,-81.54,6.52,3.26,1374800,1055500.0,2026-08-10,16:14:03
300711,广哈通信,18.65,19.92,19.88,19.92,18.4,212554.0,401870000.0,52.3,46.33,66.63,3.53,8.56,10320200,10935200.0,2026-08-10,16:14:06
300712,永福股份,21.82,20.83,20.9,22.08,20.7,34272.0,73760000.0,40.92,40.75,587.85,3.22,1.84,1916600,1510500.0,2026-08-10,16:14:36
300713,英可瑞,13.18,12.73,12.91,13.2,12.74,32870.0,42870000.0,20.94,11.78,-20.05,4.71,3.68,1834100,1452900.0,2026-08-10,16:14:09
300715,凯伦股份,14.03,13.89,13.98,14.35,13.67,133198.0,186220000.0,53.04,43.91,187.62,3.02,4.26,6872700,6447100.0,2026-08-10,16:14:12
300716,*ST泉为,18.13,18.28,18.2,18.85,17.61,21035.0,38200000.0,29.01,29.01,-13.2,-16.25,1.31,974800,1128700.0,2026-08-10,16:14:15
300717,华信新材,18.53,18.21,18.21,18.53,17.92,32881.0,60130000.0,19.04,18.87,36.94,2.61,3.23,1908500,1379600.0,2026-08-10,16:14:39
300718,长盛轴承,65.41,68.79,68.6,68.6,65.31,126265.0,836300000.0,195.43,128.63,74.78,11.32,6.42,5648100,6978400.0,2026-08-10,16:14:18
300719,安达维尔,11.82,11.59,11.7,11.83,11.47,34100.0,39980000.0,30.05,21.23,-265.26,2.98,1.9,2111400,1298600.0,2026-08-10,16:14:21
300720,海川智能,79.75,75.95,75.18,81.18,74.6,151014.0,1194560000.0,155.41,146.86,678.58,26.89,8.2,8218700,6882700.0,2026-08-10,16:14:24
300721,怡达股份,23.74,23.31,23.13,23.99,22.66,154096.0,359270000.0,39.13,32.84,-56.84,3.51,11.14,7798900,7610700.0,2026-08-10,16:14:06
300722,新余国科,22.56,21.81,21.84,22.59,21.52,48761.0,108800000.0,62.44,62.44,76.2,9.99,1.76,2794100,2082000.0,2026-08-10,16:14:09
300723,一品红,37.3,37.99,37.9,39.26,37.14,151647.0,577800000.0,168.48,156.36,84.24,8.7,3.62,6415300,8749400.0,2026-08-10,16:14:12
300724,捷佳伟创,59.6,59.55,59.55,60.5,58.9,73296.0,435910000.0,207.58,171.48,9.53,1.57,2.55,3528400,3801200.0,2026-08-10,16:14:15
300725,药石科技,49.61,47.5,48.14,51.65,48.14,540459.0,2689660000.0,115.99,100.57,55.06,2.54,26.66,28383300,25662600.0,2026-08-10,16:14:18
300726,宏达电子,54.44,54.45,55.05,55.49,52.76,155671.0,835010000.0,224.21,116.74,50.94,4.68,7.26,6192800,9374400.0,2026-08-10,16:14:30
300727,润禾材料,27.87,28.52,28.37,28.56,27.53,32489.0,90660000.0,50.2,45.18,40.75,3.78,2.0,1336900,1912100.0,2026-08-10,16:14:21
300729,乐歌股份,10.39,10.16,10.19,10.43,10.16,26783.0,27730000.0,35.49,34.09,17.02,1.0,0.82,1702600,975600.0,2026-08-10,16:14:33
300730,科创信息,12.1,12.08,12.1,12.13,11.81,39016.0,46940000.0,29.18,25.02,-23.38,18.35,1.89,2171300,1730300.0,2026-08-10,16:14:36
300731,科创新源,37.88,38.55,38.82,38.95,36.77,66453.0,249240000.0,67.16,63.73,298.01,10.95,3.95,3173500,3471800.0,2026-08-10,16:14:42
300732,设研院,6.19,5.96,5.96,6.19,5.91,81086.0,49450000.0,22.94,22.91,-14.37,0.82,2.19,5301500,2807100.0,2026-08-10,16:14:24
300733,西菱动力,14.35,14.22,14.25,14.46,13.84,58003.0,82540000.0,56.91,41.96,71.11,3.27,1.98,2980600,2819700.0,2026-08-10,16:14:27
300735,光弘科技,20.71,20.48,20.6,20.79,20.18,136184.0,279030000.0,167.57,156.86,61.98,3.04,1.8,7488000,6130400.0,2026-08-10,16:14:39
300736,百邦科技,28.0,28.79,28.75,29.02,27.6,37897.0,106490000.0,35.82,34.92,-123.3,54.43,3.04,1556700,2233000.0,2026-08-10,16:14:42
300737,科顺股份,5.22,5.13,5.15,5.25,5.09,221577.0,115030000.0,57.96,46.31,-11.31,1.47,2.5,12255100,9902600.0,2026-08-10,16:14:30
300738,奥飞数据,22.84,22.59,22.69,22.97,22.03,565352.0,1273420000.0,225.02,224.95,93.36,6.14,5.74,28463100,28072000.0,2026-08-10,16:14:42
300739,明阳电路,22.89,23.46,23.51,23.57,22.36,135627.0,308500000.0,85.48,69.35,99.92,3.11,4.48,6067200,7495500.0,2026-08-10,16:14:27
300740,水羊股份,22.23,21.55,21.41,22.4,21.25,276777.0,608810000.0,97.36,90.48,68.96,4.46,6.8,13973900,13703800.0,2026-08-10,16:14:30
300741,华宝股份,13.5,13.28,13.27,13.59,13.19,25767.0,34690000.0,83.14,83.14,104.4,1.23,0.42,1498000,1078700.0,2026-08-10,16:14:45
300743,天地数码,15.23,14.91,14.84,15.23,14.77,22634.0,34140000.0,23.03,19.4,19.92,3.97,1.78,1383600,879800.0,2026-08-10,16:14:45
300745,欣锐科技,29.58,30.01,30.08,30.26,28.58,92786.0,270740000.0,49.86,42.1,-61.83,2.25,6.52,4338500,4940100.0,2026-08-10,16:14:48
300746,汉嘉数智,15.05,14.87,15.0,15.05,14.6,64380.0,95660000.0,33.97,33.64,48.83,4.12,2.88,3285700,3152300.0,2026-08-10,16:14:51
300747,锐科激光,35.33,36.1,36.55,36.68,34.74,199388.0,702370000.0,198.41,184.41,80.28,5.61,3.82,8133800,11805000.0,2026-08-10,16:14:33
300748,金力永磁,28.4,27.86,27.76,28.49,27.47,400145.0,1122080000.0,392.48,320.93,53.19,5.33,3.54,19859600,20154900.0,2026-08-10,16:14:33
300749,顶固集创,23.5,22.1,22.4,23.53,22.05,72437.0,166510000.0,48.21,36.99,-453.64,8.76,4.6,3407300,3836400.0,2026-08-10,16:14:48
300750,宁德时代,393.87,386.67,385.61,394.62,384.63,231609.0,9025390000.0,18223.01,16779.18,21.44,4.89,0.54,12680700,10480300.0,2026-08-10,16:14:51
300751,迈为股份,172.14,171.77,176.0,178.88,168.5,58316.0,1000590000.0,480.1,331.97,70.86,6.2,3.02,2398100,3433500.0,2026-08-10,16:14:36
300752,隆利科技,10.34,10.18,10.22,10.34,9.98,65543.0,66810000.0,33.38,23.08,72.8,2.65,2.94,3146700,3407500.0,2026-08-10,16:14:54
300753,爱朋医疗,23.88,23.54,23.3,24.69,23.3,182667.0,438290000.0,30.1,20.99,-279.68,4.54,20.78,8736300,9530400.0,2026-08-10,16:14:54
300755,华致酒行,11.89,11.58,11.57,11.94,11.51,76314.0,90180000.0,49.56,49.53,-12.35,1.77,1.83,3717100,3914300.0,2026-08-10,16:14:57
300756,金马游乐,31.53,30.45,30.54,31.95,30.54,47312.0,148410000.0,69.57,60.54,64.13,4.75,2.46,2537100,2194100.0,2026-08-10,16:14:39
300757,罗博特科,488.18,510.0,499.98,512.0,478.51,86774.0,4238250000.0,818.23,793.62,-1034.58,50.33,5.34,4006200,4671200.0,2026-08-10,16:14:45
300758,七彩化学,11.26,11.39,11.32,11.39,10.9,161779.0,179980000.0,44.94,40.51,97.31,2.56,4.5,8289000,7888900.0,2026-08-10,16:14:57
300759,康龙化成,47.03,45.28,45.68,49.19,45.68,1341187.0,6345850000.0,864.07,667.84,51.02,5.37,9.44,68927900,65190700.0,2026-08-10,16:14:00
300760,迈瑞医疗,155.58,151.41,152.0,157.52,151.86,140125.0,2176830000.0,1886.32,1884.7,24.07,4.89,1.16,7139700,6872700.0,2026-08-10,16:14:03
300761,立华股份,19.4,18.59,18.68,19.57,18.61,126408.0,244080000.0,164.19,123.59,31.18,1.75,1.98,6467900,6172900.0,2026-08-10,16:14:48
300762,上海瀚讯,33.13,32.93,33.49,33.49,31.61,295734.0,962760000.0,208.05,208.05,-115.98,9.15,4.71,14448500,15124900.0,2026-08-10,16:14:00
300763,锦浪科技,62.1,62.75,62.8,63.55,61.29,86715.0,538820000.0,246.35,199.71,40.41,2.77,2.7,3807000,4864400.0,2026-08-10,16:14:36
300765,石药创新,40.78,41.18,41.2,43.6,40.3,291487.0,1213690000.0,572.79,572.79,-185.92,22.23,2.08,13687200,15461500.0,2026-08-10,16:14:42
300766,每日互动,24.47,24.64,24.64,24.8,24.05,196842.0,480180000.0,96.6,87.59,-279.59,6.17,5.5,9829900,9854300.0,2026-08-10,16:14:39
300767,震安科技,18.52,18.55,18.95,19.09,18.19,56989.0,105720000.0,51.17,44.43,-45.63,3.37,2.38,2940600,2758200.0,2026-08-10,16:14:51
300768,迪普科技,16.79,16.89,16.9,17.05,16.62,110565.0,185210000.0,108.1,70.63,53.65,3.06,2.63,4934600,6121800.0,2026-08-10,16:14:03
300769,德方纳米,47.17,47.0,47.0,47.77,46.3,151140.0,711100000.0,132.16,118.75,-33.98,2.53,6.0,7047300,8066700.0,2026-08-10,16:14:45
300770,新媒股份,34.51,34.02,33.98,34.6,33.91,18759.0,64530000.0,78.63,78.63,12.23,2.21,0.82,924700,951200.0,2026-08-10,16:14:54
300771,智莱科技,12.1,12.06,12.01,12.1,11.87,40575.0,48800000.0,29.04,22.88,31.66,1.49,2.15,1933500,2124000.0,2026-08-10,16:14:48
300772,运达股份,12.48,12.53,12.53,12.62,12.29,112918.0,140390000.0,98.2,87.09,29.85,1.47,1.62,4860200,6431600.0,2026-08-10,16:14:06
300773,拉卡拉,16.0,15.88,15.9,16.25,15.79,436602.0,698120000.0,173.97,164.58,10.8,3.75,4.24,21793000,21867200.0,2026-08-10,16:14:06
300774,倍杰特,11.0,10.97,10.86,11.08,10.71,95907.0,104420000.0,44.96,22.45,118.64,3.11,4.7,5048200,4542500.0,2026-08-10,16:14:51
300775,三角防务,22.16,21.7,21.8,22.25,21.56,129748.0,285180000.0,121.34,117.81,44.82,2.08,2.44,6781700,6193200.0,2026-08-10,16:14:57
300776,帝尔激光,115.9,122.53,122.28,122.33,112.22,111693.0,1293380000.0,330.59,207.82,63.6,8.64,6.23,5335300,5834000.0,2026-08-10,16:14:42
300777,中简科技,25.25,25.12,25.17,25.28,24.53,77691.0,194190000.0,111.03,108.8,50.38,2.47,1.8,4155600,3613500.0,2026-08-10,16:14:45
300778,新城市,10.68,10.52,10.35,10.68,10.35,40807.0,43120000.0,21.75,21.75,-42.1,1.81,2.0,2662700,1418000.0,2026-08-10,16:14:00
300779,惠城环保,74.03,74.75,75.94,78.0,71.55,162776.0,1212440000.0,220.1,168.18,325.38,9.88,7.17,7560200,8717400.0,2026-08-10,16:14:09
300780,德恩精工,20.58,20.49,21.0,21.1,19.78,67343.0,136230000.0,30.18,22.13,-68.35,3.01,6.26,3464700,3269600.0,2026-08-10,16:14:03
300781,因赛集团,28.98,28.97,28.95,29.27,28.17,49334.0,141730000.0,47.58,35.11,-53.08,8.64,4.07,2578900,2354500.0,2026-08-10,16:14:06
300782,卓胜微,76.41,78.02,78.43,78.88,75.16,121480.0,929200000.0,439.35,342.51,-112.49,3.33,2.71,5847100,6300900.0,2026-08-10,16:14:54
300783,三只松鼠,18.0,17.49,17.49,18.22,17.43,107940.0,193440000.0,72.3,50.45,38.12,2.28,3.85,5589200,5204900.0,2026-08-10,16:14:57
300784,利安科技,40.97,39.93,40.0,41.06,39.43,6066.0,24550000.0,23.04,6.89,49.19,2.87,3.61,356000,250600.0,2026-08-10,16:14:09
300785,值得买,39.69,40.46,40.45,40.45,39.0,89973.0,355330000.0,78.93,48.55,79.98,4.1,7.35,4490200,4507100.0,2026-08-10,16:14:09
300786,国林科技,15.94,15.81,15.85,15.98,15.57,85874.0,135460000.0,29.33,23.34,-345.6,2.62,5.87,4153500,4434000.0,2026-08-10,16:14:00
300787,海能实业,8.91,8.74,8.77,8.93,8.64,34476.0,30480000.0,27.93,17.51,42.71,1.89,1.75,2140400,1307200.0,2026-08-10,16:14:48
300788,中信出版,26.06,25.72,25.61,26.24,25.4,32891.0,85330000.0,49.55,49.55,42.2,2.24,1.73,1829000,1460100.0,2026-08-10,16:14:51
300789,唐源电气,18.66,18.61,18.6,18.7,18.32,58772.0,108920000.0,26.84,26.05,80.96,2.58,4.21,2890300,2986900.0,2026-08-10,16:14:12
300790,宇瞳光学,17.5,17.83,17.88,18.08,17.17,213651.0,372120000.0,91.49,80.39,36.02,3.42,4.65,8409000,12956100.0,2026-08-10,16:14:54
300791,仙乐健康,17.31,16.95,16.9,17.34,16.8,18646.0,32020000.0,53.35,44.56,45.29,1.94,0.72,1076000,788600.0,2026-08-10,16:14:57
300792,壹网壹创,25.29,25.24,25.62,25.68,24.76,59609.0,149740000.0,60.1,53.93,53.21,2.04,2.8,2905700,3055200.0,2026-08-10,16:14:12
300793,佳禾智能,11.34,11.3,11.31,11.36,11.03,61361.0,68690000.0,43.15,42.19,-24.09,1.54,1.65,3096800,3039300.0,2026-08-10,16:14:03
300795,米奥会展,16.14,15.52,15.4,16.89,15.4,431084.0,698390000.0,48.24,28.08,32.42,8.49,24.78,21767900,21340500.0,2026-08-10,16:14:06
300796,贝斯美,6.78,6.59,6.61,6.83,6.57,54045.0,36510000.0,24.49,24.49,2328.98,1.43,1.5,3042400,2362100.0,2026-08-10,16:14:00
300797,钢研纳克,13.33,12.65,12.6,13.38,12.6,67984.0,89420000.0,51.02,50.88,31.26,3.93,1.78,3472000,3326400.0,2026-08-10,16:14:15
300798,锦鸡股份,7.78,7.45,7.39,7.81,7.25,408308.0,310200000.0,38.37,31.56,-87.29,2.33,10.06,22891300,17939400.0,2026-08-10,16:14:03
300800,力合科技,10.0,9.66,9.66,10.04,9.61,38144.0,37710000.0,23.68,23.43,51.64,1.16,1.63,2115300,1699100.0,2026-08-10,16:14:18
300801,泰和科技,23.94,24.04,24.1,24.16,23.69,60783.0,145030000.0,52.29,32.77,39.48,2.04,4.44,2533200,3545100.0,2026-08-10,16:14:09
300802,矩子科技,23.13,22.57,22.57,23.3,21.45,133252.0,296720000.0,65.71,46.81,72.8,4.47,6.58,6475700,6849500.0,2026-08-10,16:14:12
300803,指南针,83.93,84.0,84.01,85.5,83.0,126605.0,1063600000.0,511.8,508.06,255.3,17.86,2.09,6247300,6413200.0,2026-08-10,16:14:12
300804,广康生化,43.9,40.65,40.1,44.15,39.77,28650.0,121850000.0,32.49,12.07,141.07,2.4,10.42,1509000,1356000.0,2026-08-10,16:14:15
300805,电声股份,8.55,8.32,8.28,8.55,8.19,139073.0,117450000.0,36.29,24.65,110.13,2.34,4.82,7586000,6321300.0,2026-08-10,16:14:21
300806,斯迪克,47.11,47.89,48.18,48.7,45.7,326105.0,1522400000.0,298.55,215.14,452.78,12.82,7.14,14489700,18120800.0,2026-08-10,16:14:15
300807,天迈科技,38.2,38.09,39.0,39.0,37.82,9138.0,34910000.0,25.99,19.84,-72.67,5.79,1.76,443700,470100.0,2026-08-10,16:14:06
300808,久量股份,18.81,18.18,18.27,18.89,17.98,21342.0,39440000.0,30.1,22.37,-45.48,3.21,1.79,1136200,998000.0,2026-08-10,16:14:18
300809,华辰装备,25.1,24.4,24.63,25.46,23.93,112774.0,280080000.0,63.64,37.79,33.26,3.53,7.49,5283500,5993900.0,2026-08-10,16:14:21
300810,中科海讯,24.94,24.49,24.51,24.95,24.06,18209.0,44880000.0,29.44,28.43,-89.5,3.83,1.6,1012400,808500.0,2026-08-10,16:14:09
300811,铂科新材,70.48,70.98,71.92,75.42,68.4,152420.0,1080710000.0,287.44,235.93,66.4,9.33,4.55,7052000,8190100.0,2026-08-10,16:14:24
300812,易天股份,19.53,19.92,19.91,19.93,19.2,65367.0,127090000.0,38.3,34.75,508.69,4.93,3.67,3165800,3370900.0,2026-08-10,16:14:15
300813,泰林生物,20.75,19.98,20.03,20.86,19.83,32271.0,66190000.0,25.15,15.78,141.3,3.12,4.24,1698100,1529000.0,2026-08-10,16:14:18
300814,中富电路,140.0,141.99,142.0,144.68,133.63,96392.0,1327020000.0,268.0,268.0,704.13,16.46,5.04,4505700,5133500.0,2026-08-10,16:14:24
300815,玉禾田,16.71,16.34,16.36,16.73,16.28,75388.0,124750000.0,66.6,65.23,11.87,1.46,1.93,4204500,3334300.0,2026-08-10,16:14:27
300816,艾可蓝,52.46,52.26,54.59,56.68,50.85,48065.0,254660000.0,41.97,30.62,43.55,4.42,8.24,2266700,2539800.0,2026-08-10,16:14:30
300817,双飞集团,15.78,15.76,15.8,15.86,15.48,17256.0,27190000.0,34.45,19.77,50.13,3.36,1.38,982600,743000.0,2026-08-10,16:14:12
300818,耐普矿机,21.64,21.28,21.94,21.94,21.12,40178.0,86340000.0,47.48,30.76,74.6,2.65,2.83,2061600,1956200.0,2026-08-10,16:14:27
300819,聚杰微纤,46.78,48.75,48.23,49.13,46.01,44622.0,209500000.0,69.8,63.04,134.56,8.1,3.31,2009900,2452200.0,2026-08-10,16:14:30
300820,英杰电气,53.4,54.26,54.68,54.83,52.26,58202.0,308870000.0,118.66,59.69,56.85,4.76,5.21,3053400,2766800.0,2026-08-10,16:14:18
300821,东岳硅材,17.02,16.99,17.32,17.35,16.61,564901.0,954220000.0,204.24,204.2,148.1,4.0,4.71,25943400,30546600.0,2026-08-10,16:14:33
300822,贝仕达克,12.07,11.95,11.89,12.07,11.76,53708.0,64270000.0,37.6,34.88,158.96,3.02,1.86,2885200,2485600.0,2026-08-10,16:14:33
300823,建科智能,14.81,14.35,14.35,14.89,14.2,29012.0,42430000.0,19.4,12.56,37.67,2.07,3.42,1568900,1332300.0,2026-08-10,16:14:36
300824,北鼎股份,8.07,7.75,7.75,8.09,7.67,65476.0,52090000.0,26.34,25.54,23.32,3.53,2.07,3679900,2867700.0,2026-08-10,16:14:36
300825,阿尔特,11.09,11.43,11.36,11.5,10.8,212795.0,234310000.0,54.88,53.73,-22.15,2.73,4.39,9791600,11487900.0,2026-08-10,16:14:15
300826,测绘股份,14.5,13.77,14.0,14.5,13.7,60642.0,86150000.0,33.09,31.83,231.08,2.21,2.76,3122500,2941700.0,2026-08-10,16:14:21
300827,上能电气,25.71,25.58,25.59,25.76,25.31,105815.0,270770000.0,143.13,112.23,30.27,3.38,2.42,5415500,5166000.0,2026-08-10,16:14:18
300828,锐新科技,17.35,15.51,15.38,17.7,15.38,172206.0,289560000.0,28.87,14.64,105.24,3.7,20.41,8601600,8619000.0,2026-08-10,16:14:24
300829,金丹科技,14.84,14.55,14.55,14.88,14.52,40080.0,59160000.0,33.73,23.26,31.88,1.4,2.56,2150400,1857600.0,2026-08-10,16:14:21
300830,金现代,8.48,8.39,8.41,8.54,8.28,71259.0,60110000.0,38.3,28.58,-48.49,2.91,2.11,3478000,3647900.0,2026-08-10,16:14:39
300831,ST派瑞,15.33,15.62,15.65,15.75,15.18,59449.0,91110000.0,49.06,28.28,82.94,5.04,3.22,2692900,3252000.0,2026-08-10,16:14:21
300832,新产业,49.02,48.29,48.19,50.5,48.01,115134.0,568600000.0,385.16,334.87,23.71,4.51,1.69,5526500,5986900.0,2026-08-10,16:14:27
300833,浩洋股份,37.0,36.84,36.99,37.28,36.41,4920.0,18130000.0,46.8,30.06,29.18,1.95,0.61,266500,225500.0,2026-08-10,16:14:24
300834,星辉环材,39.44,39.32,39.25,39.74,38.46,14879.0,58400000.0,76.4,75.72,144.72,2.67,0.77,779800,708100.0,2026-08-10,16:14:30
300835,龙磁科技,147.67,147.92,149.01,149.63,142.6,29779.0,432960000.0,176.09,123.42,105.07,14.1,3.56,1245000,1732900.0,2026-08-10,16:14:24
300836,佰奥智能,49.73,50.22,51.18,51.3,48.06,20942.0,102990000.0,46.09,31.55,47.27,7.41,3.3,1024500,1069700.0,2026-08-10,16:14:27
300837,浙矿股份,23.64,22.91,22.83,23.68,22.61,18738.0,43640000.0,23.64,17.87,32.82,1.71,2.48,1019400,854400.0,2026-08-10,16:14:27
300838,浙江力诺,13.75,13.33,13.3,13.75,13.14,18815.0,25450000.0,18.97,13.99,-58.11,1.99,1.85,1053200,828300.0,2026-08-10,16:14:42
300839,博汇股份,10.81,10.81,10.8,10.84,10.58,40120.0,43130000.0,31.15,30.61,87.18,4.29,1.42,2041800,1970200.0,2026-08-10,16:14:33
300840,酷特智能,20.8,20.65,20.6,21.66,20.29,70784.0,146630000.0,49.92,36.83,146.0,3.96,4.0,3740600,3337800.0,2026-08-10,16:14:45
300841,康华生物,49.05,48.29,48.29,49.86,48.29,32819.0,160790000.0,63.74,58.33,28.13,1.82,2.76,1582500,1699400.0,2026-08-10,16:14:48
300842,帝科股份,57.97,58.0,58.04,59.21,56.81,37375.0,215210000.0,84.22,74.85,-28.4,5.25,2.89,1720600,2016900.0,2026-08-10,16:14:39
300843,胜蓝股份,121.31,117.97,119.09,122.77,111.88,75092.0,877070000.0,198.59,194.7,168.57,12.31,4.68,3830000,3679300.0,2026-08-10,16:14:30
300844,山水比德,23.6,22.93,22.78,23.66,22.23,10977.0,25520000.0,22.0,21.2,-36.64,2.88,1.22,630200,467500.0,2026-08-10,16:14:33
300845,捷安高科,11.05,10.87,10.87,11.1,10.59,70976.0,76800000.0,22.72,15.89,68.59,2.91,4.94,3820700,3276900.0,2026-08-10,16:14:42
300846,首都在线,21.03,20.99,20.88,21.09,20.41,241807.0,500040000.0,106.05,87.52,-69.85,13.67,5.81,11528600,12652000.0,2026-08-10,16:14:51
300847,中船汉光,15.02,14.99,14.85,15.08,14.65,121893.0,181620000.0,44.46,44.46,38.98,2.99,4.12,5981400,6207800.0,2026-08-10,16:14:36
300848,美瑞新材,13.21,13.12,13.1,13.28,12.81,33284.0,43620000.0,56.52,33.44,62.12,3.67,1.31,1975700,1352700.0,2026-08-10,16:14:45
300849,锦盛新材,22.0,22.66,23.0,23.01,21.7,30621.0,67940000.0,33.0,24.26,-58.96,6.12,2.78,1636800,1425300.0,2026-08-10,16:14:54
300850,新强联,29.4,29.32,29.5,29.87,29.23,94926.0,280090000.0,121.74,88.43,15.27,1.73,3.16,3983800,5508800.0,2026-08-10,16:14:30
300851,交大思诺,23.96,23.37,23.2,24.05,23.12,12496.0,29640000.0,20.83,11.82,25.52,1.63,2.53,750500,499100.0,2026-08-10,16:14:39
300852,四会富仕,44.3,45.6,45.61,46.0,43.25,92188.0,406600000.0,71.11,68.65,50.58,3.13,5.95,4584600,4634200.0,2026-08-10,16:14:48
300853,申昊科技,26.38,27.21,27.22,27.47,26.03,46808.0,123560000.0,38.77,25.94,-20.82,7.56,4.76,2403200,2277600.0,2026-08-10,16:14:51
300854,中兰环保,17.97,17.52,17.75,18.22,17.18,96144.0,171620000.0,25.13,20.48,-29.54,2.8,8.44,4809700,4804600.0,2026-08-10,16:14:36
300855,图南股份,31.32,30.7,31.15,31.35,30.2,60189.0,184950000.0,123.88,91.75,59.23,6.06,2.05,2918300,3100600.0,2026-08-10,16:14:57
300856,科思股份,11.14,10.93,10.91,11.21,10.88,44227.0,49010000.0,52.99,51.21,52.57,1.96,0.96,2602700,1819900.0,2026-08-10,16:14:33
300857,协创数据,252.1,253.67,256.0,258.09,242.58,182125.0,4541470000.0,1233.68,1227.37,70.68,24.1,3.74,8434000,9778500.0,2026-08-10,16:14:00
300858,科拓生物,14.75,14.56,14.41,14.83,14.41,36141.0,53110000.0,38.87,28.87,43.6,2.12,1.85,1914700,1699400.0,2026-08-10,16:14:54
300859,西域旅游,27.43,27.49,27.28,27.58,27.16,22199.0,60840000.0,42.52,42.52,54.79,6.0,1.43,1080200,1139700.0,2026-08-10,16:14:03
300860,锋尚文化,26.77,26.48,26.41,26.88,26.18,16448.0,43750000.0,50.45,29.29,-483.88,1.63,1.5,887200,757600.0,2026-08-10,16:14:36
300861,美畅股份,17.37,17.33,17.33,17.68,17.03,128988.0,222230000.0,116.7,73.28,28.35,1.8,3.06,5754700,7144000.0,2026-08-10,16:14:39
300862,蓝盾光电,22.81,19.01,22.81,22.81,22.81,8805.0,20090000.0,42.11,34.55,-44.28,2.15,0.58,0,880500.0,2026-08-10,16:14:06
300863,卡倍亿,41.59,40.65,40.82,42.21,40.67,93808.0,387820000.0,108.72,104.44,65.15,7.49,3.74,4262200,5118600.0,2026-08-10,16:14:42
300864,南大环境,19.09,18.72,18.65,19.18,18.51,15978.0,30260000.0,30.37,30.37,19.92,2.37,1.0,1011500,586400.0,2026-08-10,16:14:39
300865,大宏立,24.44,22.98,22.98,24.88,22.87,32214.0,77470000.0,23.38,14.05,190.92,2.69,5.6,1782200,1439200.0,2026-08-10,16:14:42
300866,安克创新,119.95,117.17,116.82,121.5,116.09,32942.0,394900000.0,705.37,370.99,27.98,6.84,1.07,1774000,1520300.0,2026-08-10,16:14:45
300867,圣元环保,16.76,16.46,16.57,16.82,16.52,37003.0,61860000.0,45.54,32.12,15.35,1.14,1.93,2029500,1670700.0,2026-08-10,16:14:45
300868,杰美特,88.73,87.84,88.0,89.6,83.0,42506.0,366280000.0,112.85,71.66,-186.29,7.72,5.26,2059200,2191400.0,2026-08-10,16:14:09
300869,康泰医学,11.46,11.41,11.39,11.7,11.39,41579.0,47750000.0,46.05,30.22,-93.78,2.72,1.58,1994900,2163000.0,2026-08-10,16:14:42
300870,欧陆通,209.7,212.71,227.7,228.88,203.26,90759.0,1921800000.0,320.09,320.06,175.98,12.43,5.95,4431900,4644000.0,2026-08-10,16:14:45
300871,回盛生物,23.14,22.95,23.06,23.4,22.91,51001.0,117960000.0,46.69,46.69,16.31,2.11,2.53,2571600,2528500.0,2026-08-10,16:14:57
300872,天阳科技,16.13,16.41,16.33,16.55,16.01,110469.0,178780000.0,78.73,68.08,-50.41,2.12,2.62,5500800,5546200.0,2026-08-10,16:14:48
300873,海晨股份,17.37,16.85,16.98,17.39,16.53,173414.0,294300000.0,55.97,40.63,26.89,1.78,7.41,8233800,9107600.0,2026-08-10,16:14:12
300875,捷强装备,37.92,34.76,34.6,37.99,34.4,136709.0,493780000.0,37.86,33.29,-32.96,4.46,15.57,7186600,6484300.0,2026-08-10,16:14:00
300876,蒙泰高新,15.56,15.17,15.2,15.59,15.0,19174.0,29550000.0,23.66,17.65,-39.82,2.32,1.69,1084600,832800.0,2026-08-10,16:14:48
300877,金春股份,25.25,24.87,24.87,25.26,24.35,11436.0,28510000.0,30.3,30.3,35.17,1.83,0.95,676100,467400.0,2026-08-10,16:14:51
300878,维康药业,33.27,34.84,34.64,34.85,32.12,62348.0,205570000.0,48.17,47.95,-22.33,5.28,4.33,3266200,2968600.0,2026-08-10,16:14:51
300879,大叶股份,17.77,17.14,16.99,17.99,16.88,63911.0,111650000.0,35.97,35.72,-16.64,2.91,3.18,3494400,2896800.0,2026-08-10,16:14:48
300880,迦南智能,20.27,19.32,19.33,20.35,19.27,45162.0,90030000.0,39.55,39.55,52.1,3.79,2.31,2430200,2086000.0,2026-08-10,16:14:54
300881,盛德鑫泰,33.96,33.09,33.29,33.97,32.87,17090.0,57110000.0,37.36,19.5,15.4,3.02,2.98,968100,741000.0,2026-08-10,16:14:57
300882,万胜智能,15.31,15.12,15.34,15.39,15.1,19522.0,29810000.0,43.82,40.77,40.58,3.55,0.73,1045800,906400.0,2026-08-10,16:14:51
300883,龙利得,5.97,5.8,5.82,5.99,5.77,130580.0,77010000.0,20.66,19.74,-158.91,1.46,3.95,6433800,6624200.0,2026-08-10,16:14:54
300884,狄耐克,11.67,11.47,11.6,11.73,11.3,41605.0,48190000.0,29.63,22.34,237.17,2.36,2.17,2105600,2054900.0,2026-08-10,16:14:03
300885,海昌新材,20.94,21.06,21.15,21.21,20.64,26742.0,55870000.0,51.96,34.97,84.23,5.81,1.6,1317900,1356300.0,2026-08-10,16:14:15
300886,华业香料,23.64,22.51,22.58,23.78,22.32,18523.0,43040000.0,17.76,11.17,76.72,2.98,3.92,1011200,841100.0,2026-08-10,16:14:06
300887,谱尼测试,7.79,7.91,7.73,8.09,7.73,324216.0,255360000.0,42.51,28.22,-20.79,1.55,8.95,15136500,17285000.0,2026-08-10,16:14:00
300888,稳健医疗,29.93,29.59,29.64,30.38,29.53,50169.0,150600000.0,174.48,173.7,22.63,1.51,0.86,2470100,2546800.0,2026-08-10,16:14:03
300889,爱克股份,22.31,21.0,21.2,22.39,20.81,69070.0,149350000.0,49.13,32.65,-61.65,3.47,4.72,3580000,3326900.0,2026-08-10,16:14:06
300890,翔丰华,27.05,26.45,26.55,27.1,26.5,44119.0,118150000.0,32.35,29.57,37.72,1.51,4.04,2388700,2023200.0,2026-08-10,16:14:09
300891,惠云钛业,7.44,6.96,6.96,7.46,6.96,108252.0,78710000.0,29.76,24.81,-36.98,2.46,3.25,5922800,4902400.0,2026-08-10,16:14:18
300892,品渥食品,24.7,22.33,22.48,25.49,22.48,104229.0,249550000.0,24.7,15.95,-937.37,2.4,16.14,5156700,5266200.0,2026-08-10,16:14:21
300893,松原安全,16.73,16.57,16.58,16.77,16.4,25484.0,42360000.0,79.13,41.97,21.5,3.81,1.02,1371000,1177400.0,2026-08-10,16:14:54
300894,火星人,12.05,12.22,12.14,12.42,11.8,80474.0,96900000.0,48.8,35.44,-16.53,5.12,2.74,3877200,4170300.0,2026-08-10,16:14:12
300895,铜牛信息,52.65,53.71,53.61,53.91,52.03,40154.0,211300000.0,74.13,72.75,-103.24,9.91,2.91,1813400,2202000.0,2026-08-10,16:14:15
300896,爱美客,105.58,105.26,105.33,106.8,104.26,56923.0,601180000.0,319.48,215.86,27.89,4.19,2.78,2718800,2973500.0,2026-08-10,16:14:18
300897,山科智能,15.97,16.22,16.0,16.1,15.55,57606.0,91240000.0,31.28,19.52,207.44,3.22,4.71,2523800,3236800.0,2026-08-10,16:14:24
300898,熊猫乳品,21.36,20.44,20.36,21.5,20.36,72435.0,153120000.0,26.49,24.51,23.8,2.74,6.31,4068100,3175400.0,2026-08-10,16:14:57
300899,上海凯鑫,28.72,27.93,28.02,28.77,27.7,5485.0,15620000.0,18.32,11.76,-700.43,2.99,1.34,328600,219900.0,2026-08-10,16:14:21
300900,广联航空,25.16,25.06,25.43,25.78,24.29,210242.0,522040000.0,82.45,64.61,-59.91,4.26,8.19,9215600,11808600.0,2026-08-10,16:14:00
300901,中胤时尚,16.05,15.93,16.3,16.3,15.34,43197.0,68470000.0,38.52,38.52,407.36,3.96,1.8,2311000,2008700.0,2026-08-10,16:14:09
300902,国安达,17.1,16.65,16.69,17.16,16.56,51389.0,87030000.0,31.09,21.34,-305.27,3.83,4.12,2479400,2659500.0,2026-08-10,16:14:03
300903,科翔股份,69.98,72.33,72.32,74.74,66.6,525332.0,3697520000.0,304.68,245.9,-114.95,16.69,14.95,25589600,26943600.0,2026-08-10,16:14:27
300904,威力传动,42.79,41.0,41.21,43.0,40.4,13330.0,56140000.0,30.97,14.8,-30.63,5.3,3.85,685400,647600.0,2026-08-10,16:14:12
300905,宝丽迪,39.42,40.66,40.48,40.8,38.82,66408.0,261740000.0,70.57,55.05,44.22,3.66,4.76,2767300,3873500.0,2026-08-10,16:14:24
300906,日月明,28.12,26.11,26.47,28.29,26.26,22320.0,61440000.0,22.5,20.32,38.24,2.43,3.09,1270200,961800.0,2026-08-10,16:14:15
300907,康平科技,40.55,41.01,41.01,41.9,39.3,24589.0,98910000.0,38.93,38.93,91.23,4.98,2.56,1252500,1206300.0,2026-08-10,16:14:06
300908,仲景食品,24.96,23.82,23.98,26.2,23.98,42528.0,106780000.0,36.44,30.8,18.49,2.14,3.45,1912300,2340500.0,2026-08-10,16:14:27
300909,汇创达,50.23,50.15,51.0,51.0,48.4,31628.0,156230000.0,86.88,64.87,435.13,4.36,2.45,1348700,1814100.0,2026-08-10,16:14:30
300910,瑞丰新材,29.38,29.15,29.15,29.49,29.01,43135.0,126520000.0,112.54,78.82,16.52,3.19,1.61,2065600,2247900.0,2026-08-10,16:14:57
300911,亿田智能,21.44,21.71,21.72,21.81,21.12,80687.0,172820000.0,39.31,36.74,-23.87,3.63,4.71,3601500,4467200.0,2026-08-10,16:14:30
300912,凯龙高科,21.39,20.07,20.18,22.37,20.1,125979.0,267030000.0,24.36,18.39,-26.9,5.5,14.65,7296000,5301900.0,2026-08-10,16:14:09
300913,兆龙互连,35.26,35.97,36.24,36.3,34.89,64061.0,225800000.0,120.86,100.79,48.87,4.66,2.24,2589800,3816200.0,2026-08-10,16:14:33
300915,海融科技,20.96,19.73,19.75,21.07,19.58,27070.0,55830000.0,26.38,12.06,-376.33,1.77,4.7,1707100,999900.0,2026-08-10,16:14:36
300916,朗特智能,25.41,26.4,25.58,26.69,24.91,140473.0,359510000.0,36.75,23.74,49.97,2.77,15.04,6434500,7612900.0,2026-08-10,16:14:33
300917,特发服务,26.83,26.1,26.75,27.3,26.24,83766.0,224410000.0,45.34,45.34,36.47,3.85,4.96,4578400,3798200.0,2026-08-10,16:14:18
300918,南山智尚,10.68,10.68,10.8,10.82,10.51,55630.0,59550000.0,54.06,54.06,44.46,1.4,1.1,3070400,2492600.0,2026-08-10,16:14:39
300919,中伟新材,41.8,41.41,41.58,42.3,41.27,120864.0,504870000.0,436.59,382.35,24.05,1.86,1.32,5525500,6560900.0,2026-08-10,16:14:36
300920,润阳科技,32.5,32.0,32.14,33.04,31.2,16637.0,53620000.0,42.25,28.06,167.87,3.61,1.93,777200,886500.0,2026-08-10,16:14:00
300921,南凌科技,15.32,15.52,15.22,15.52,15.01,82518.0,125710000.0,39.33,24.8,132.4,4.84,5.1,3477800,4774000.0,2026-08-10,16:14:03
300922,天秦装备,17.62,16.97,16.99,17.71,16.81,105307.0,183950000.0,28.34,22.24,85.0,2.9,8.34,5211200,5319500.0,2026-08-10,16:14:12
300923,研奥股份,23.75,22.98,23.08,23.76,22.77,10719.0,25070000.0,18.67,18.13,58.87,1.68,1.4,649100,422800.0,2026-08-10,16:14:21
300925,法本信息,15.29,15.26,15.2,15.46,15.07,66606.0,101760000.0,65.55,53.44,65.96,2.95,1.91,3133200,3527400.0,2026-08-10,16:14:39
300926,博俊科技,17.76,17.66,17.66,17.89,17.63,33648.0,59790000.0,77.14,52.92,9.36,2.19,1.13,1512100,1852700.0,2026-08-10,16:14:06
300927,江天化学,23.03,21.64,21.65,23.34,21.63,83804.0,190710000.0,33.25,32.44,105.28,3.42,5.95,4332400,4048000.0,2026-08-10,16:14:42
300928,华安鑫创,25.76,25.11,25.06,25.76,24.94,15914.0,40440000.0,20.61,13.8,-17.56,2.04,2.97,1042100,549300.0,2026-08-10,16:14:15
300929,华骐环保,14.24,13.97,13.88,14.35,13.81,42720.0,60580000.0,18.82,17.85,-42.4,2.45,3.41,2060500,2211500.0,2026-08-10,16:14:24
300930,屹通新材,25.81,25.25,25.45,25.88,24.95,16076.0,40920000.0,25.81,12.16,42.36,2.76,3.41,766300,841300.0,2026-08-10,16:14:18
300931,通用电梯,11.95,11.95,11.99,12.33,11.8,37232.0,44620000.0,29.06,23.36,-44.58,4.83,1.9,1834400,1888800.0,2026-08-10,16:14:27
300932,三友联众,10.29,9.91,9.98,10.3,9.91,200865.0,204270000.0,46.11,32.84,59.66,2.68,6.29,11375000,8711500.0,2026-08-10,16:14:09
300933,中辰股份,6.89,6.9,6.95,6.99,6.76,154369.0,105850000.0,37.69,37.69,-317.88,1.77,2.82,7298700,8138300.0,2026-08-10,16:14:12
300935,盈建科,29.94,33.69,33.38,33.49,28.88,93042.0,280070000.0,23.78,18.04,-27.61,3.24,15.44,4469100,4835100.0,2026-08-10,16:14:42
300936,中英科技,73.8,70.73,72.16,75.06,69.21,44944.0,323010000.0,55.5,35.0,6330.2,5.51,9.48,2216300,2278100.0,2026-08-10,16:14:30
300937,药易购,26.76,26.21,25.93,27.49,25.68,129302.0,346900000.0,25.6,17.36,-129.59,3.13,19.93,6120500,6809700.0,2026-08-10,16:14:45
300938,信测标准,28.24,28.1,28.48,28.73,27.43,147829.0,413440000.0,96.26,83.55,47.18,5.22,5.0,7058800,7724100.0,2026-08-10,16:14:15
300939,秋田微,61.96,61.79,62.3,62.9,59.93,29435.0,180470000.0,74.35,74.35,99.56,5.22,2.45,1401400,1542100.0,2026-08-10,16:14:21
300940,南极光,14.3,14.17,14.17,14.33,13.93,43435.0,61610000.0,31.84,22.52,48.95,2.71,2.76,2427800,1915700.0,2026-08-10,16:14:48
300941,创识科技,15.19,15.37,15.02,15.25,14.9,84267.0,127360000.0,31.1,18.8,103.82,2.44,6.81,4063000,4363700.0,2026-08-10,16:14:24
300942,易瑞生物,6.85,6.69,6.7,6.9,6.61,85361.0,58040000.0,27.75,27.75,406.27,3.37,2.11,4586000,3950100.0,2026-08-10,16:14:27
300943,春晖智控,28.2,28.07,29.01,29.97,27.58,136278.0,388140000.0,57.48,37.63,100.95,5.78,10.21,6895100,6732700.0,2026-08-10,16:14:30
300945,曼卡龙,12.93,11.78,11.81,13.15,11.75,316517.0,396530000.0,33.89,30.86,26.33,1.99,13.26,18953600,12698000.0,2026-08-10,16:14:33
300946,恒而达,40.81,40.04,40.18,41.97,39.93,13492.0,55340000.0,63.67,30.94,204.09,5.41,1.78,745200,604000.0,2026-08-10,16:14:33
300947,德必集团,14.51,14.04,14.12,14.53,13.95,32892.0,47210000.0,21.93,21.92,-35.26,1.85,2.18,1841300,1447900.0,2026-08-10,16:14:36
300948,冠中生态,21.3,20.95,20.96,21.3,20.33,33651.0,70250000.0,35.01,33.05,-74.01,3.53,2.17,1692100,1673100.0,2026-08-10,16:14:36
300949,奥雅股份,22.2,21.65,21.65,22.25,21.35,10765.0,23640000.0,19.31,11.04,-15.84,3.43,2.16,647600,428900.0,2026-08-10,16:14:18
300950,德固特,17.12,16.68,16.68,17.13,16.54,21140.0,35740000.0,26.3,16.79,35.64,3.28,2.16,1326700,787300.0,2026-08-10,16:14:51
300951,博硕科技,66.79,68.5,67.26,68.45,65.1,52261.0,347860000.0,113.14,101.12,157.28,5.13,3.45,2215900,3010300.0,2026-08-10,16:14:39
300952,恒辉安防,17.34,17.29,17.36,17.43,16.92,32171.0,55430000.0,41.9,25.76,51.53,2.5,2.17,1533900,1683200.0,2026-08-10,16:14:39
300953,震裕科技,100.65,101.92,103.0,104.5,99.72,61025.0,620240000.0,245.12,176.19,33.96,5.2,3.49,2540100,3562500.0,2026-08-10,16:14:42
300955,嘉亨家化,31.0,31.01,31.2,31.47,30.44,13402.0,41380000.0,31.25,31.25,-145.86,3.61,1.33,720900,619300.0,2026-08-10,16:14:21
300956,英力股份,11.2,11.07,11.06,11.2,10.94,37894.0,42140000.0,24.13,23.57,562.9,1.79,1.8,2141700,1647700.0,2026-08-10,16:14:45
300957,贝泰妮,33.93,33.29,33.29,34.17,33.2,95682.0,323970000.0,143.73,143.73,26.45,2.35,2.26,5309500,4258700.0,2026-08-10,16:14:24
300958,建工修复,11.78,11.25,11.22,11.82,11.21,45815.0,53060000.0,18.46,10.73,-18.91,1.53,5.03,2790000,1791500.0,2026-08-10,16:14:48
300959,线上线下,99.32,102.92,102.04,102.85,97.28,33781.0,334470000.0,79.82,51.97,-341.24,7.22,6.46,1593700,1784400.0,2026-08-10,16:14:42
300960,通业科技,16.29,15.75,15.93,16.37,15.63,15922.0,25750000.0,23.64,21.43,54.35,3.69,1.21,914200,678100.0,2026-08-10,16:14:27
300961,深水海纳,11.78,11.83,11.83,11.93,11.44,59750.0,69320000.0,20.88,17.9,-9.73,3.78,3.93,2794600,3180400.0,2026-08-10,16:14:30
300962,中金辐照,13.4,13.16,13.09,13.43,13.09,23521.0,31390000.0,35.38,35.38,30.39,3.44,0.89,1554300,797800.0,2026-08-10,16:14:54
300963,中洲特材,12.28,12.2,12.13,12.3,12.13,112155.0,137180000.0,56.32,41.83,93.37,5.07,3.29,5868900,5346600.0,2026-08-10,16:14:57
300964,本川智能,55.78,59.18,59.04,59.07,54.41,81539.0,456790000.0,59.61,43.74,178.74,5.88,10.4,3473700,4680200.0,2026-08-10,16:14:33
300965,恒宇信通,45.5,43.5,43.83,46.33,43.38,13854.0,62300000.0,27.3,24.61,99.1,2.26,2.56,686200,699200.0,2026-08-10,16:14:36
300966,共同药业,26.74,26.85,26.71,27.32,26.56,32977.0,88470000.0,30.83,20.5,-43.27,4.23,4.3,1545500,1752200.0,2026-08-10,16:14:45
300967,晓鸣股份,16.39,15.23,15.17,16.42,15.12,108648.0,173820000.0,30.74,20.45,-83.03,4.72,8.71,5961600,4903200.0,2026-08-10,16:14:45
300968,格林精密,10.99,10.86,10.82,11.0,10.59,109404.0,118600000.0,45.43,45.43,-83.92,2.55,2.65,5768000,5172400.0,2026-08-10,16:14:48
300969,恒帅股份,74.96,76.33,76.39,77.17,73.99,16500.0,123350000.0,123.02,58.68,74.56,8.71,2.11,765000,885000.0,2026-08-10,16:14:51
300970,华绿生物,17.81,17.34,17.33,17.88,17.32,51117.0,90250000.0,28.26,21.81,12.93,1.68,4.17,2609300,2502400.0,2026-08-10,16:14:48
300971,博亚精工,19.26,18.81,18.8,19.27,18.52,20964.0,39740000.0,22.65,17.77,24.1,2.15,2.27,1320700,775700.0,2026-08-10,16:14:51
300972,万辰集团,206.4,202.33,201.02,210.5,200.0,17606.0,363340000.0,407.3,374.21,23.15,19.49,0.97,875400,885200.0,2026-08-10,16:14:39
300973,立高食品,26.3,24.84,24.95,26.69,24.83,64100.0,167270000.0,44.54,31.18,15.89,1.82,5.41,3619900,2790100.0,2026-08-10,16:14:51
300975,商络电子,27.69,28.22,28.25,28.8,26.8,590881.0,1623760000.0,190.23,136.26,36.38,7.29,12.01,28789400,30298800.0,2026-08-10,16:14:00
300976,达瑞电子,56.93,56.62,56.69,57.0,54.0,53005.0,294360000.0,106.53,68.52,35.88,2.98,4.4,2597700,2702800.0,2026-08-10,16:14:03
300977,深圳瑞捷,16.24,16.05,15.98,16.25,15.6,13622.0,21870000.0,24.72,15.4,111.93,1.82,1.44,746100,616100.0,2026-08-10,16:14:42
300978,东箭科技,8.92,8.46,8.54,9.0,8.51,83463.0,73250000.0,37.71,25.61,30.23,2.44,2.91,4958500,3387800.0,2026-08-10,16:14:54
300979,华利集团,34.11,34.23,34.13,34.29,33.41,50487.0,170720000.0,398.06,398.06,14.07,2.63,0.43,1928200,3120500.0,2026-08-10,16:14:45
300980,祥源新材,22.33,21.99,22.0,22.4,21.71,40390.0,89150000.0,30.83,21.96,51.53,2.21,4.11,1942500,2096500.0,2026-08-10,16:14:54
300981,中红医疗,15.38,16.06,16.03,16.06,15.22,295825.0,459030000.0,65.96,60.44,-52.19,1.29,7.53,11844900,17737600.0,2026-08-10,16:14:06
300982,苏文电能,15.87,15.15,15.32,16.7,15.06,71945.0,114330000.0,32.85,30.77,-42.69,1.15,3.71,3477500,3716900.0,2026-08-10,16:14:57
300983,尤安设计,42.25,41.26,41.26,42.31,40.54,12261.0,50770000.0,73.01,64.56,-84.78,2.64,0.8,792300,433800.0,2026-08-10,16:14:09
300984,金沃股份,33.55,34.58,34.83,35.09,33.24,26976.0,90690000.0,64.57,41.61,127.76,3.69,2.17,1094500,1603100.0,2026-08-10,16:14:54
300985,致远新能,33.97,33.7,33.8,36.0,32.81,57070.0,193710000.0,63.36,63.36,-117.52,7.17,3.06,2526200,3180800.0,2026-08-10,16:14:57
300986,志特新材,14.5,14.8,15.5,15.7,14.3,1117145.0,1672300000.0,83.48,83.42,47.04,3.81,19.42,58929700,52784800.0,2026-08-10,16:14:57
300987,川网传媒,13.74,13.39,13.39,13.75,13.24,38690.0,52540000.0,23.82,23.82,118.05,3.03,2.23,2108300,1760600.0,2026-08-10,16:14:00
300988,津荣天宇,15.14,14.95,14.95,15.16,14.8,36781.0,55240000.0,29.82,24.54,31.97,2.32,2.27,1978300,1699800.0,2026-08-10,16:14:00
300989,蕾奥规划,13.41,13.36,13.2,13.46,12.83,93846.0,124110000.0,28.24,21.84,-203.83,2.93,5.76,4449900,4934700.0,2026-08-10,16:14:03
300990,同飞股份,72.79,73.85,74.44,74.95,70.31,63303.0,456490000.0,124.63,56.6,49.7,5.9,8.14,2917200,3413200.0,2026-08-10,16:14:00
300991,创益通,28.48,28.4,28.49,28.87,27.83,25767.0,72610000.0,41.01,29.93,-258.04,6.54,2.45,1283200,1293500.0,2026-08-10,16:14:12
300992,泰福泵业,25.53,23.93,23.98,25.94,23.81,33035.0,82460000.0,24.33,19.91,-198.21,2.84,4.24,1635300,1668200.0,2026-08-10,16:14:15
300993,玉马科技,10.18,9.98,9.94,10.57,9.94,51268.0,52580000.0,31.37,24.62,21.42,2.04,2.12,2563800,2563000.0,2026-08-10,16:14:48
300994,久祺股份,11.47,10.99,11.0,11.54,10.93,30825.0,34990000.0,26.74,13.38,21.52,2.43,2.64,1923200,1159300.0,2026-08-10,16:14:18
300995,奇德新材,26.67,26.08,26.08,26.82,25.6,15158.0,39880000.0,24.57,16.2,109.47,2.73,2.5,795500,720300.0,2026-08-10,16:14:21
300996,普联软件,19.5,19.66,19.38,19.9,18.05,829455.0,1557040000.0,77.18,64.96,82.27,5.96,24.9,42447100,40498400.0,2026-08-10,16:14:06
300997,欢乐家,18.19,17.34,17.25,18.47,17.15,271491.0,487020000.0,79.12,71.78,168.05,7.95,6.88,14373200,12776000.0,2026-08-10,16:14:03
300998,宁波方正,25.71,25.49,25.5,28.04,25.4,43730.0,114500000.0,35.27,27.68,150.28,2.8,4.06,1858400,2514600.0,2026-08-10,16:14:03
300999,金龙鱼,26.44,26.02,26.01,26.62,26.0,106746.0,282030000.0,1433.47,143.48,39.24,1.48,1.97,5545800,5128800.0,2026-08-10,16:14:24
301000,肇民科技,25.85,25.57,25.69,26.28,25.2,42791.0,110450000.0,62.87,59.35,45.07,4.97,1.86,2141800,2137300.0,2026-08-10,16:14:51
301001,凯淳股份,24.54,23.53,23.57,24.84,23.2,20073.0,48730000.0,19.63,12.34,-163.87,2.55,3.99,1007700,999600.0,2026-08-10,16:14:54
301002,崧盛股份,28.48,29.22,29.68,29.75,28.18,52445.0,149800000.0,38.43,24.2,338.01,3.5,6.17,2518100,2726400.0,2026-08-10,16:14:09
301003,江苏博云,51.4,50.88,50.65,52.48,50.65,16042.0,82590000.0,49.93,38.62,56.92,4.46,2.13,862200,742000.0,2026-08-10,16:14:06
301004,嘉益股份,36.34,35.37,35.6,37.0,35.3,9084.0,32860000.0,52.99,49.46,15.28,2.95,0.67,487200,421300.0,2026-08-10,16:14:12
301005,超捷股份,83.44,81.03,81.0,83.75,78.6,160204.0,1307840000.0,156.84,153.64,1080.92,20.24,8.7,7435800,8584500.0,2026-08-10,16:14:57
301006,迈拓股份,13.85,13.37,13.36,13.9,13.19,18454.0,25080000.0,19.29,11.61,22.03,1.49,2.2,907900,937500.0,2026-08-10,16:14:09
301007,德迈仕,29.82,34.27,33.59,33.59,29.58,114736.0,351740000.0,45.73,45.13,92.05,7.06,7.58,4291800,7181800.0,2026-08-10,16:14:12
301008,宏昌科技,38.3,41.41,41.0,41.14,35.32,198954.0,752550000.0,50.16,44.29,224.47,3.33,17.2,9753300,10142100.0,2026-08-10,16:14:06
301009,可靠股份,9.26,8.93,8.93,9.27,8.9,42221.0,38640000.0,25.17,13.99,129.71,1.92,2.8,2380600,1841500.0,2026-08-10,16:14:00
301010,晶雪节能,17.34,16.63,16.64,17.5,16.35,20890.0,35680000.0,18.73,18.73,250.31,2.26,1.93,1221900,867100.0,2026-08-10,16:14:27
301011,华立科技,15.39,14.85,14.92,15.45,14.72,28710.0,43700000.0,23.77,22.57,50.43,2.56,1.96,1620200,1250900.0,2026-08-10,16:14:15
301012,扬电科技,26.8,26.31,26.39,26.8,25.97,127855.0,337640000.0,52.79,52.79,117.97,4.46,6.49,6371200,6414300.0,2026-08-10,16:14:30
301013,利和兴,47.04,45.45,45.0,47.57,43.2,428823.0,1942860000.0,109.95,89.02,-68.77,16.43,22.66,21640900,21241400.0,2026-08-10,16:14:15
301015,百洋医药,24.23,23.87,24.14,24.57,23.8,98910.0,238820000.0,127.36,127.34,24.8,5.82,1.88,4606800,5284100.0,2026-08-10,16:14:18
301016,雷尔伟,13.15,13.12,13.04,13.17,12.84,40994.0,53470000.0,40.29,38.64,57.78,4.02,1.4,2051900,2047500.0,2026-08-10,16:14:03
301017,漱玉平民,13.79,13.86,13.89,14.23,13.63,120282.0,167460000.0,55.93,35.67,56.52,2.77,4.65,5850100,6178100.0,2026-08-10,16:14:33
301018,申菱环境,89.42,86.68,94.5,96.28,86.68,236612.0,2112740000.0,334.68,252.9,175.27,12.37,8.37,12153700,11507500.0,2026-08-10,16:14:21
301019,宁波色母,15.58,15.32,15.32,15.65,15.22,20459.0,31710000.0,30.84,22.61,27.03,2.99,1.41,1073800,972100.0,2026-08-10,16:14:36
301020,密封科技,20.86,20.4,20.38,20.89,20.27,20064.0,41550000.0,30.54,30.54,33.31,3.11,1.37,989300,1017100.0,2026-08-10,16:14:18
301021,英诺激光,66.85,69.35,69.99,72.72,64.82,112703.0,754650000.0,102.19,102.08,153.15,9.92,7.38,5466600,5803700.0,2026-08-10,16:14:39
301022,海泰科,23.49,22.7,22.71,23.59,22.41,14777.0,34380000.0,23.37,15.74,69.87,1.7,2.21,917200,560500.0,2026-08-10,16:14:42
301023,奕帆传动,29.77,29.8,30.38,30.38,29.2,11451.0,33930000.0,27.78,15.41,41.11,3.42,2.21,537900,607200.0,2026-08-10,16:14:24
301024,霍普股份,32.71,32.01,32.0,32.77,31.03,13260.0,42510000.0,20.8,20.14,-22.19,6.15,2.15,672400,653600.0,2026-08-10,16:14:09
301025,读客文化,9.13,8.83,8.83,9.19,8.7,87124.0,78130000.0,36.55,25.3,328.17,5.91,3.14,4718200,3994200.0,2026-08-10,16:14:12
301026,浩通科技,22.37,22.82,22.77,23.03,22.06,210183.0,471070000.0,49.57,35.8,23.21,3.04,13.13,10148000,10870300.0,2026-08-10,16:14:21
301027,华蓝集团,20.95,20.07,20.11,21.12,19.78,58626.0,120620000.0,30.8,25.39,-90.03,3.42,4.84,3578700,2283900.0,2026-08-10,16:14:24
301028,鼎熔岩,12.92,12.8,12.9,12.94,12.56,41586.0,53050000.0,49.91,32.38,21.29,2.96,1.66,2106300,2052400.0,2026-08-10,16:14:27
301029,怡合达,27.22,27.76,27.76,27.8,26.8,108925.0,294860000.0,173.06,123.27,33.32,4.12,2.41,4604700,6287900.0,2026-08-10,16:14:45
301030,*ST仕净,8.27,8.46,8.32,8.49,8.12,79422.0,65480000.0,16.74,16.71,-1.1,-4.21,3.93,3663700,4278500.0,2026-08-10,16:14:15
301031,中熔电气,87.23,87.82,88.66,90.2,86.3,21590.0,188450000.0,127.49,100.23,27.82,7.84,1.88,961500,1197500.0,2026-08-10,16:14:27
301032,新柴股份,10.17,9.92,9.96,10.19,9.8,35264.0,35440000.0,24.52,16.26,21.84,1.97,2.21,2068000,1458400.0,2026-08-10,16:14:30
301033,迈普医学,59.7,62.26,59.91,61.5,59.01,21935.0,131810000.0,40.05,33.66,36.51,5.18,3.89,866500,1327000.0,2026-08-10,16:14:33
301035,润丰股份,54.17,53.54,53.55,54.76,52.81,13697.0,74270000.0,197.45,197.16,20.72,2.69,0.38,589200,780500.0,2026-08-10,16:14:36
301036,双乐股份,22.51,21.59,21.49,22.96,21.39,24167.0,54150000.0,22.51,15.85,100.85,1.39,3.43,1210900,1205800.0,2026-08-10,16:14:39
301037,保立佳,13.22,12.71,12.75,13.29,12.58,22454.0,29400000.0,18.38,8.99,-25.86,3.37,3.3,1334400,911000.0,2026-08-10,16:14:48
301038,深水规院,17.23,16.49,16.8,17.29,16.6,64145.0,109210000.0,38.44,38.44,80.58,4.38,2.88,3432300,2982200.0,2026-08-10,16:14:30
301039,中集车辆,8.07,7.96,7.96,8.14,7.9,165141.0,132940000.0,151.24,117.21,17.15,1.08,1.14,10351900,6162200.0,2026-08-10,16:14:33
301040,中环海陆,27.04,26.58,26.58,27.63,26.0,33013.0,88630000.0,27.04,25.52,-32.4,3.86,3.5,1496200,1805200.0,2026-08-10,16:14:51
301041,金百泽,24.52,24.98,24.85,25.37,24.15,47990.0,117490000.0,26.16,19.36,116.72,3.87,6.08,2238400,2560600.0,2026-08-10,16:14:36
301042,安联锐视,32.73,32.31,32.35,33.6,31.42,87776.0,285240000.0,31.68,30.19,101.29,3.02,9.51,4233700,4543900.0,2026-08-10,16:14:54
301043,绿岛风,43.99,42.87,42.79,44.19,42.37,7130.0,31080000.0,29.91,24.96,42.68,3.55,1.26,378800,334200.0,2026-08-10,16:14:57
301045,天禄科技,66.25,67.8,66.68,68.06,63.8,51415.0,335480000.0,73.09,46.19,199.52,7.12,7.37,2061300,3080200.0,2026-08-10,16:14:42
301046,能辉科技,20.42,19.46,19.54,20.92,19.5,48068.0,97830000.0,34.43,26.59,-961.33,3.12,3.69,2541000,2265800.0,2026-08-10,16:14:39
301047,义翘神州,113.61,107.88,119.25,129.39,113.0,192539.0,2324380000.0,138.19,135.86,87.88,2.66,16.1,9763300,9490600.0,2026-08-10,16:14:45
301048,金鹰重工,9.22,9.06,8.99,9.23,8.99,46702.0,42790000.0,49.17,49.17,22.97,1.75,0.88,2863100,1807100.0,2026-08-10,16:14:42
301049,超越科技,19.82,19.07,19.07,19.88,18.86,13136.0,25640000.0,18.68,8.49,-14.38,3.54,3.07,841100,472500.0,2026-08-10,16:14:18
301050,雷电微力,32.07,31.72,31.72,32.17,31.26,31513.0,100160000.0,79.4,67.63,193.76,2.6,1.49,1587600,1563700.0,2026-08-10,16:14:00
301051,信濠光电,20.72,17.27,17.5,20.72,17.33,269869.0,524790000.0,58.9,46.79,-23.52,3.02,11.95,13417400,13569500.0,2026-08-10,16:14:06
301052,果麦文化,24.98,24.54,24.56,25.03,24.14,38482.0,95150000.0,24.72,20.03,-296.41,3.6,4.8,1922600,1925600.0,2026-08-10,16:14:45
301053,远信工业,39.0,39.55,39.03,39.28,37.6,45920.0,175470000.0,51.44,47.76,244.35,5.8,3.75,1839100,2752900.0,2026-08-10,16:14:03
301055,张小泉,30.32,30.03,29.85,30.61,29.43,32520.0,97780000.0,47.3,46.29,66.4,7.23,2.13,1454100,1797900.0,2026-08-10,16:14:48
301056,森赫股份,10.78,10.53,10.52,10.85,10.32,28352.0,30120000.0,28.76,18.97,41.96,3.88,1.61,1625300,1209900.0,2026-08-10,16:14:09
301057,汇隆新材,22.04,21.24,21.25,22.18,21.02,23159.0,50450000.0,25.78,17.86,65.92,3.38,2.86,1179100,1136800.0,2026-08-10,16:14:21
301058,中粮科工,8.59,8.5,8.46,8.67,8.44,77738.0,66700000.0,44.74,44.0,19.18,1.93,1.52,4237000,3536800.0,2026-08-10,16:14:48
301059,金三江,11.73,11.31,11.36,11.75,11.29,38505.0,44410000.0,27.11,24.23,32.41,4.45,1.86,2165300,1685200.0,2026-08-10,16:14:12
301060,兰卫医学,9.97,9.46,9.54,10.25,9.47,203111.0,200330000.0,39.93,35.91,280.27,2.64,5.64,11271300,9039800.0,2026-08-10,16:14:24
301061,匠心家居,36.68,37.5,37.5,38.28,36.33,37131.0,136840000.0,104.32,69.3,12.57,2.45,1.97,1550700,2162500.0,2026-08-10,16:14:06
301062,上海艾录,6.7,6.41,6.37,6.71,6.34,80124.0,52740000.0,29.03,18.44,-23.14,2.18,2.91,4939200,3073200.0,2026-08-10,16:14:27
301063,海锅股份,17.99,17.5,17.5,18.08,17.37,16414.0,29240000.0,18.77,17.39,50.45,1.2,1.7,981000,660400.0,2026-08-10,16:14:51
301065,本立科技,19.14,18.7,18.77,19.18,18.68,15904.0,30240000.0,20.29,16.52,27.36,1.5,1.84,987100,603300.0,2026-08-10,16:14:51
301066,万事利,12.58,12.3,12.21,12.62,12.09,34736.0,43380000.0,29.55,29.33,80.2,2.31,1.49,1915800,1557800.0,2026-08-10,16:14:54
301067,显盈科技,31.24,27.66,27.8,31.43,27.66,49783.0,148950000.0,30.38,19.94,-45.5,3.95,7.8,2685000,2293300.0,2026-08-10,16:14:15
301068,大地海洋,30.01,29.0,29.2,30.67,29.08,24428.0,73280000.0,42.41,30.11,-159.97,5.27,2.43,1348400,1094500.0,2026-08-10,16:14:18
301069,凯盛新材,17.26,16.78,16.71,17.28,16.66,79225.0,135290000.0,78.22,73.66,56.27,3.43,1.86,4242300,3680200.0,2026-08-10,16:14:21
301070,开勒股份,67.6,67.49,67.13,69.28,65.01,40433.0,269790000.0,85.29,57.33,-2719.71,11.76,4.77,1894000,2149300.0,2026-08-10,16:14:57
301071,力量钻石,60.03,61.6,62.0,62.05,58.22,167718.0,998990000.0,152.75,112.29,88.05,2.87,8.97,7590300,9181500.0,2026-08-10,16:14:54
301072,中捷精工,35.15,34.51,34.63,35.19,33.26,20236.0,69190000.0,36.92,23.6,-67.89,5.17,3.01,1106700,916900.0,2026-08-10,16:14:30
301073,君亭酒店,18.49,18.08,18.08,18.56,17.91,69804.0,128270000.0,35.95,32.87,133.42,4.06,3.93,3115500,3864900.0,2026-08-10,16:14:57
301075,多瑞医药,55.66,55.47,55.47,56.21,54.01,10609.0,58490000.0,44.53,44.53,-44.29,7.22,1.33,559800,501100.0,2026-08-10,16:14:24
301076,新瀚新材,22.68,22.82,22.84,23.14,22.44,31448.0,71220000.0,51.75,34.6,78.21,4.34,2.06,1555000,1589800.0,2026-08-10,16:14:00
301077,星华新材,20.81,20.6,20.48,20.86,20.25,16219.0,33500000.0,35.43,19.89,27.68,3.08,1.7,827200,794700.0,2026-08-10,16:14:33
301078,孩子王,7.48,7.35,7.37,7.51,7.31,157623.0,117420000.0,94.6,94.5,30.01,2.22,1.25,8332300,7430000.0,2026-08-10,16:14:00
301079,邵阳液压,30.01,29.53,29.87,30.3,29.0,30113.0,89420000.0,32.55,23.09,401.68,6.88,3.91,1496400,1514900.0,2026-08-10,16:14:27
301080,百普赛斯,77.7,64.75,76.88,77.7,71.58,295610.0,2264870000.0,130.29,98.55,76.08,4.99,23.31,10643200,18917900.0,2026-08-10,16:14:30
301081,严牌股份,12.31,12.18,12.2,12.44,12.0,22903.0,28000000.0,28.77,27.63,355.74,2.59,1.02,1157500,1132800.0,2026-08-10,16:14:03
301082,久盛电气,11.09,11.09,11.0,11.4,10.93,274113.0,304940000.0,32.63,30.24,88.73,3.22,10.05,12744000,14667200.0,2026-08-10,16:14:36
301083,百胜智能,14.09,13.52,13.5,14.18,13.35,29015.0,40230000.0,25.06,12.06,81.89,3.02,3.39,1689700,1211800.0,2026-08-10,16:14:39
301085,亚康股份,61.18,62.6,62.59,63.36,60.44,29663.0,181510000.0,53.09,36.04,-39.1,5.56,5.04,1350300,1616000.0,2026-08-10,16:14:33
301086,鸿富瀚,116.22,118.86,121.49,123.0,112.53,46114.0,532460000.0,146.28,81.08,120.29,7.55,6.61,2085600,2525800.0,2026-08-10,16:14:03
301087,可孚医疗,50.83,51.55,52.0,52.97,50.6,23510.0,121540000.0,119.91,98.61,30.97,2.53,1.21,965600,1385300.0,2026-08-10,16:14:36
301088,戎美股份,12.71,12.09,12.04,12.9,12.0,29171.0,36580000.0,28.97,23.89,40.54,1.2,1.55,1883700,1033400.0,2026-08-10,16:14:09
301089,拓新药业,24.73,24.4,24.39,25.0,24.34,36530.0,90150000.0,31.29,22.37,-40.85,2.12,4.04,2015300,1637700.0,2026-08-10,16:14:12
301090,华润材料,6.61,6.5,6.5,6.62,6.46,61164.0,40260000.0,97.33,97.23,-212.65,1.48,0.42,3738500,2377900.0,2026-08-10,16:14:42
301091,深城交,20.27,18.96,19.24,20.29,18.64,180308.0,354150000.0,106.88,106.88,97.96,4.41,3.42,10343700,7687000.0,2026-08-10,16:14:06
301092,争光股份,45.4,44.8,44.85,45.5,43.97,31905.0,143140000.0,61.08,27.69,65.17,3.14,5.23,1609900,1580600.0,2026-08-10,16:14:15
301093,华兰股份,81.06,84.23,85.71,87.49,79.8,105634.0,867860000.0,172.76,164.94,407.4,7.87,5.19,4963900,5599500.0,2026-08-10,16:14:45
301095,广立微,73.2,73.76,74.1,74.99,72.09,56774.0,415090000.0,146.61,126.65,159.9,4.73,3.28,2581700,3095700.0,2026-08-10,16:14:06
301096,百诚医药,45.76,44.68,45.2,48.04,45.0,49255.0,227250000.0,49.98,38.02,-97.27,2.0,5.93,2478700,2446800.0,2026-08-10,16:14:18
301097,天益医疗,34.7,34.7,34.8,35.09,33.93,8548.0,29450000.0,28.32,13.59,-239.95,2.61,2.18,491700,363100.0,2026-08-10,16:14:09
301098,金埔园林,8.64,8.46,8.6,8.66,8.35,100820.0,85620000.0,20.0,16.67,-7.33,1.89,5.22,4450900,5631100.0,2026-08-10,16:14:12
301099,雅创电子,50.04,50.54,51.07,51.18,48.5,73043.0,361140000.0,94.54,57.53,51.02,6.79,6.35,3522200,3782100.0,2026-08-10,16:14:21
301100,风光股份,16.6,16.16,16.08,16.73,16.08,20237.0,33310000.0,33.4,14.73,-113.46,1.66,2.28,1127100,896600.0,2026-08-10,16:14:39
301101,明月镜片,29.79,29.53,29.47,30.23,29.2,19740.0,58760000.0,60.03,57.82,29.73,3.49,1.02,957500,1016500.0,2026-08-10,16:14:24
301102,兆讯传媒,10.14,9.95,9.91,10.16,9.81,30606.0,30710000.0,41.17,41.17,-1374.35,1.39,0.75,1667400,1393200.0,2026-08-10,16:14:15
301103,何氏眼科,17.38,16.44,16.44,18.37,16.33,73579.0,128730000.0,27.47,21.14,99.9,1.45,6.05,3724000,3633900.0,2026-08-10,16:14:09
301105,鸿铭股份,47.32,47.29,47.18,47.75,46.02,3749.0,17670000.0,23.66,9.38,-89.99,3.08,1.89,223000,151900.0,2026-08-10,16:14:27
301106,骏成科技,17.06,16.87,16.87,17.12,16.58,19774.0,33510000.0,24.39,24.39,32.85,1.93,1.38,1062500,914900.0,2026-08-10,16:14:30
301107,瑜欣电子,19.88,19.94,20.09,20.2,19.52,24064.0,47460000.0,28.27,16.34,45.64,3.03,2.93,1255000,1151300.0,2026-08-10,16:14:48
301108,洁雅股份,38.15,37.39,37.4,38.4,37.12,20206.0,76470000.0,42.94,24.73,55.42,2.28,3.12,978700,1042000.0,2026-08-10,16:14:42
301109,军信股份,13.79,13.55,13.5,13.99,13.47,70963.0,97450000.0,108.82,86.09,14.25,1.51,1.14,3980600,3115700.0,2026-08-10,16:14:51
301110,青木科技,38.0,37.62,37.9,38.0,36.9,33321.0,125190000.0,49.23,34.63,31.73,3.27,3.66,1749200,1582900.0,2026-08-10,16:14:54
301111,粤万年青,19.89,20.18,20.51,20.71,19.66,48667.0,97470000.0,31.82,31.82,-730.97,4.3,3.04,2481800,2384800.0,2026-08-10,16:14:57
301112,信邦智能,32.32,31.95,31.95,32.36,31.41,11603.0,37160000.0,35.64,35.64,-41.34,3.2,1.05,669100,491200.0,2026-08-10,16:14:45
301113,雅艺科技,16.36,15.98,16.04,16.39,15.6,18424.0,29730000.0,19.35,11.72,773.86,2.88,2.57,960300,882100.0,2026-08-10,16:14:48
301115,联检科技,31.67,30.88,30.7,31.67,29.61,69630.0,215390000.0,58.12,47.25,-385.4,2.37,4.67,3321800,3641200.0,2026-08-10,16:14:18
301116,益客食品,9.15,8.67,8.66,9.17,8.65,70120.0,63270000.0,41.08,41.08,-23.18,2.62,1.56,3744700,3267300.0,2026-08-10,16:14:00
301117,佳缘科技,18.92,18.58,18.68,18.96,18.16,62608.0,116710000.0,34.21,21.92,-64.9,2.76,5.4,3400000,2860800.0,2026-08-10,16:14:51
301118,恒光股份,22.78,22.4,22.35,22.78,22.02,26100.0,58610000.0,25.08,24.13,575.54,1.85,2.46,1264300,1345700.0,2026-08-10,16:14:12
301119,正强股份,21.27,21.12,21.1,21.34,20.72,13117.0,27750000.0,30.97,25.05,30.87,2.94,1.11,716900,594800.0,2026-08-10,16:14:54
301120,新特电气,15.6,15.3,15.38,15.86,15.35,153255.0,239780000.0,58.21,35.22,181.87,3.76,6.79,7715900,7609600.0,2026-08-10,16:14:21
301121,紫建电子,34.16,33.81,33.85,34.17,33.39,8438.0,28480000.0,33.76,26.22,7321.69,2.04,1.1,415900,427900.0,2026-08-10,16:14:03
301122,采纳股份,31.82,31.76,31.9,32.5,31.07,33834.0,107240000.0,38.9,24.07,352.03,2.11,4.47,1636600,1746800.0,2026-08-10,16:14:06
301123,奕东电子,70.5,73.98,73.8,75.0,68.61,104694.0,741370000.0,165.42,116.35,-322.94,5.9,6.34,4796100,5673300.0,2026-08-10,16:14:57
301125,腾亚精工,13.75,13.91,13.9,13.9,13.51,36085.0,49300000.0,27.27,24.17,-162.27,4.71,2.05,1919100,1689400.0,2026-08-10,16:14:15
301126,达嘉维康,9.87,9.58,9.55,9.94,9.51,52296.0,51330000.0,20.27,13.61,-8.46,1.35,3.79,2546700,2682900.0,2026-08-10,16:14:18
301127,武汉天源,14.74,15.83,16.05,16.29,14.32,420806.0,628380000.0,99.36,96.46,46.41,2.96,6.43,20513800,21566800.0,2026-08-10,16:14:21
301128,强瑞技术,109.29,114.33,113.42,114.33,105.86,74087.0,805230000.0,158.27,158.27,109.62,18.49,5.12,3109700,4299000.0,2026-08-10,16:14:24
301129,瑞纳智能,21.34,20.92,20.91,21.35,20.71,13500.0,28560000.0,28.99,14.4,26.66,1.62,2.0,698600,651400.0,2026-08-10,16:14:24
301130,西点药业,25.58,25.11,25.12,25.58,24.88,13586.0,34430000.0,19.57,15.1,85.86,2.25,2.3,709600,649000.0,2026-08-10,16:14:27
301131,聚赛龙,34.19,33.55,33.35,34.36,33.0,9768.0,33150000.0,18.69,13.39,71.37,1.7,2.49,504800,472000.0,2026-08-10,16:14:27
301132,满坤科技,34.21,34.93,34.81,35.3,33.35,62690.0,213560000.0,50.66,32.41,46.3,2.86,6.62,3119100,3150000.0,2026-08-10,16:14:00
301133,金钟股份,27.84,26.9,27.3,28.5,26.9,39075.0,108290000.0,33.82,30.94,-288.39,2.46,3.52,1681300,2226200.0,2026-08-10,16:14:09
301135,瑞德智能,16.7,16.26,16.25,16.75,16.12,21407.0,35350000.0,21.67,16.86,127.25,1.87,2.12,1285700,855000.0,2026-08-10,16:14:12
301136,招标股份,11.71,11.54,11.49,11.75,11.35,48668.0,56590000.0,32.23,32.19,2524.76,2.23,1.77,2700900,2165900.0,2026-08-10,16:14:03
301137,哈焊华通,36.49,35.72,35.62,36.6,35.23,86701.0,312980000.0,66.34,66.34,173.77,4.83,4.77,4033000,4637100.0,2026-08-10,16:14:15
301138,华研精机,27.06,26.45,26.43,27.09,25.97,9717.0,25950000.0,32.47,18.55,34.39,2.82,1.42,591700,380000.0,2026-08-10,16:14:18
301139,*ST元道,3.65,3.89,3.73,3.84,3.52,161734.0,58950000.0,4.44,2.78,-438.73,0.23,21.23,6188300,9985100.0,2026-08-10,16:14:06
301141,中科磁业,46.59,45.94,45.25,47.68,45.25,89745.0,416790000.0,57.79,20.74,222.94,4.59,20.16,3865100,5109400.0,2026-08-10,16:14:21
301148,嘉戎技术,49.2,47.42,47.42,49.89,47.0,15600.0,76420000.0,57.32,28.97,142.49,3.34,2.65,820100,739900.0,2026-08-10,16:14:24
301149,隆华新材,8.03,7.86,7.86,8.07,7.79,73968.0,58890000.0,44.89,27.31,33.99,2.16,2.17,3999300,3397500.0,2026-08-10,16:14:09
301150,中一科技,39.45,40.91,40.64,41.41,38.51,271479.0,1075860000.0,127.78,119.86,91.67,3.54,8.93,12443700,14704200.0,2026-08-10,16:14:30
301151,冠龙节能,17.56,17.4,17.4,17.93,17.26,53134.0,93180000.0,29.68,29.65,64.64,1.46,3.15,2617000,2696400.0,2026-08-10,16:14:33
301152,天力锂能,20.62,19.67,19.85,20.65,19.83,50037.0,101520000.0,24.48,14.64,-15.97,2.02,7.05,2594000,2409600.0,2026-08-10,16:14:30
301153,中科江南,17.92,17.82,17.82,18.08,17.61,38700.0,69200000.0,63.74,59.45,52.44,3.48,1.17,2014700,1855300.0,2026-08-10,16:14:27
301155,海力风电,49.81,50.32,50.55,51.73,48.8,63257.0,314810000.0,108.28,61.39,36.53,1.88,5.13,2770200,3555500.0,2026-08-10,16:14:30
301156,美农生物,11.57,11.19,11.17,11.59,11.09,30957.0,35420000.0,21.3,13.69,35.87,2.93,2.62,1744600,1351100.0,2026-08-10,16:14:33
301157,华塑科技,61.18,60.28,60.5,61.35,59.34,9012.0,54660000.0,36.71,12.64,118.41,3.33,4.36,519700,381500.0,2026-08-10,16:14:12
301158,德石股份,15.48,14.8,14.73,15.48,14.64,112326.0,171050000.0,30.19,29.44,28.95,2.2,5.91,6111300,5121300.0,2026-08-10,16:14:33
301159,三维天地,34.93,32.32,32.8,37.8,32.52,87745.0,308550000.0,27.02,18.52,119.13,4.16,16.55,4977000,3797500.0,2026-08-10,16:14:33
301160,翔楼新材,37.41,38.38,38.77,39.07,37.04,35192.0,131960000.0,62.37,41.44,30.62,3.37,3.18,1361800,2157400.0,2026-08-10,16:14:36
301161,唯万密封,27.18,27.45,27.8,27.88,26.91,41276.0,112140000.0,32.62,20.98,35.63,3.47,5.35,1797300,2330200.0,2026-08-10,16:14:36
301162,国能日新,41.79,40.73,40.68,42.29,40.52,25832.0,107860000.0,78.01,50.62,57.25,4.97,2.13,1284700,1298500.0,2026-08-10,16:14:39
301163,宏德股份,23.55,22.7,22.54,23.59,22.48,13261.0,30790000.0,19.22,12.89,46.59,1.69,2.42,765600,560500.0,2026-08-10,16:14:15
301165,锐捷网络,121.2,118.17,121.01,122.58,113.13,268131.0,3156580000.0,1349.73,1349.73,189.57,28.62,2.41,13899400,12913600.0,2026-08-10,16:14:36
301166,优宁维,29.13,27.99,28.15,29.9,28.15,33344.0,97500000.0,25.1,16.44,-99.46,1.3,5.91,1900500,1434000.0,2026-08-10,16:14:42
301167,建研设计,14.03,13.66,13.6,14.12,13.5,24691.0,34370000.0,15.71,14.83,74.02,1.65,2.34,1410000,1059100.0,2026-08-10,16:14:36
301168,通灵股份,44.94,43.88,43.5,45.0,43.5,17989.0,80140000.0,53.93,42.83,736.52,2.54,1.89,1060800,738100.0,2026-08-10,16:14:18
301169,零点有数,53.13,55.68,55.86,57.38,52.88,23334.0,125740000.0,38.28,38.26,-113.71,8.83,3.24,978000,1355400.0,2026-08-10,16:14:45
301170,锡南科技,23.08,22.31,22.35,23.08,22.2,10636.0,24210000.0,23.08,8.77,23.33,1.3,2.8,556700,506900.0,2026-08-10,16:14:39
301171,易点天下,37.95,39.13,38.46,39.12,37.12,836307.0,3173390000.0,234.73,190.47,607.69,6.36,16.66,39885600,43745100.0,2026-08-10,16:14:42
301172,君逸数码,17.99,18.0,18.14,18.15,17.55,59994.0,106880000.0,40.44,29.92,114.85,2.75,3.61,2864200,3135200.0,2026-08-10,16:14:39
301173,毓恬冠佳,31.28,30.49,30.53,31.33,30.19,8924.0,27660000.0,27.47,9.64,16.08,1.81,2.89,505900,386500.0,2026-08-10,16:14:45
301175,中科环保,5.56,5.44,5.44,5.59,5.42,159573.0,88180000.0,81.84,34.58,19.8,2.16,2.57,10124400,5832800.0,2026-08-10,16:14:48
301176,逸豪新材,47.74,49.8,49.72,50.23,46.6,159620.0,766730000.0,80.71,78.32,-169.24,5.43,9.73,7618400,8343700.0,2026-08-10,16:14:48
301177,迪阿股份,23.93,23.25,23.23,24.07,23.2,16965.0,40330000.0,95.79,95.72,61.41,1.57,0.42,921500,775000.0,2026-08-10,16:14:42
301178,天亿马,36.28,35.82,35.8,36.69,34.9,26070.0,93410000.0,33.78,24.92,431.33,4.35,3.8,1330300,1276700.0,2026-08-10,16:14:51
301179,泽宇智能,20.12,19.86,19.86,20.3,19.8,24947.0,49980000.0,81.37,47.78,49.98,3.3,1.05,1298500,1196200.0,2026-08-10,16:14:39
301180,万祥科技,11.78,11.54,11.78,11.8,11.27,43363.0,50120000.0,47.12,19.34,-731.1,3.6,2.64,2471600,1864700.0,2026-08-10,16:14:21
301181,标榜股份,22.64,22.39,22.46,22.83,22.18,16409.0,36950000.0,34.01,26.54,30.04,2.38,1.4,922900,718000.0,2026-08-10,16:14:51
301182,凯旺科技,68.6,72.4,73.93,74.99,67.5,45446.0,315130000.0,65.73,59.95,-57.9,9.92,5.2,2036400,2508200.0,2026-08-10,16:14:42
301183,东田微,179.91,170.16,188.88,190.86,175.01,80845.0,1469670000.0,144.07,105.61,132.71,14.83,13.77,3979300,4105200.0,2026-08-10,16:14:54
301185,鸥玛软件,17.4,16.45,16.4,18.25,16.25,108332.0,191140000.0,26.69,24.13,51.04,2.53,7.81,5694100,5139100.0,2026-08-10,16:14:24
301186,超达装备,35.37,35.67,35.98,36.12,34.83,10358.0,36650000.0,40.58,38.16,32.86,2.51,0.96,474100,561800.0,2026-08-10,16:14:27
301187,欧圣电气,16.05,15.94,16.01,16.19,15.72,22106.0,35350000.0,40.92,40.92,75.65,2.89,0.87,1062800,1147700.0,2026-08-10,16:14:57
301188,力诺药包,37.99,41.69,40.96,41.5,37.67,277369.0,1085240000.0,101.64,101.64,253.21,5.25,10.37,11938800,15798000.0,2026-08-10,16:14:30
301189,奥尼电子,49.19,48.38,48.27,49.38,46.73,39127.0,186930000.0,80.49,77.69,-71.0,3.87,2.48,1774800,2137900.0,2026-08-10,16:14:45
301190,善水科技,19.1,19.2,19.01,19.78,18.71,127363.0,244180000.0,41.0,27.33,44.05,2.1,8.9,5639300,7096900.0,2026-08-10,16:14:33
301191,菲菱科思,93.38,95.68,96.36,96.36,91.24,44327.0,410950000.0,90.48,68.22,123.29,5.36,6.07,1918100,2514600.0,2026-08-10,16:14:36
301192,泰祥股份,20.06,19.37,19.37,20.19,19.17,13637.0,27010000.0,20.31,9.87,36.91,3.13,2.77,812900,550800.0,2026-08-10,16:14:45
301193,家联科技,18.3,17.72,17.7,18.4,17.11,43706.0,77800000.0,44.08,33.71,-29.51,3.19,2.37,2716800,1653800.0,2026-08-10,16:14:54
301195,北路智控,26.9,26.53,26.4,27.02,26.22,13422.0,35940000.0,35.53,23.59,26.12,1.49,1.53,823500,518700.0,2026-08-10,16:14:39
301196,唯科科技,82.67,82.12,83.54,84.31,80.6,66147.0,545090000.0,135.76,89.11,54.11,4.15,6.14,3454500,3160200.0,2026-08-10,16:14:48
301197,工大科雅,25.0,24.96,24.96,25.08,23.61,54670.0,132050000.0,30.14,27.19,131.79,2.29,5.03,2700300,2766700.0,2026-08-10,16:14:00
301198,喜悦智行,12.49,12.24,12.28,12.52,12.02,34612.0,42500000.0,21.11,20.27,-199.43,2.33,2.13,1558600,1902600.0,2026-08-10,16:14:51
301199,迈赫股份,18.69,18.54,18.54,18.71,18.24,14419.0,26740000.0,34.89,33.58,40.41,1.81,0.8,775900,666000.0,2026-08-10,16:14:03
301200,大族数控,276.01,283.8,286.9,287.35,266.0,42659.0,1166310000.0,1349.71,1173.7,130.99,12.26,1.0,2157700,2108100.0,2026-08-10,16:14:54
301201,诚达药业,36.35,35.34,35.34,36.56,35.3,95458.0,344930000.0,56.24,39.46,-1595.94,2.72,8.79,4777500,4768300.0,2026-08-10,16:14:57
301202,朗威股份,33.81,33.54,33.6,33.85,32.71,9316.0,31140000.0,46.12,26.92,71.7,3.88,1.17,481900,449700.0,2026-08-10,16:14:42
301203,国泰环保,33.86,32.81,33.14,34.04,32.59,8754.0,29430000.0,27.09,14.85,25.58,1.94,2.0,488400,387000.0,2026-08-10,16:14:00
301205,联特科技,287.0,281.88,284.02,287.66,268.6,90894.0,2521060000.0,373.34,240.35,427.02,23.11,10.85,4397200,4692200.0,2026-08-10,16:14:45
301206,三元生物,24.08,23.44,23.25,24.21,23.23,18893.0,45170000.0,48.72,31.37,52.62,1.17,1.45,1131300,758000.0,2026-08-10,16:14:03
301207,华兰疫苗,18.23,18.09,18.09,18.43,17.94,60583.0,110440000.0,109.57,109.5,58.43,2.08,1.01,3156700,2901600.0,2026-08-10,16:14:06
301208,中亦科技,29.91,29.53,29.8,30.0,29.21,13398.0,39800000.0,35.89,19.76,71.81,2.32,2.03,757400,582400.0,2026-08-10,16:14:06
301209,联合化学,51.06,49.48,49.48,51.51,49.01,25084.0,126860000.0,80.06,68.4,197.27,10.69,1.87,1102900,1405500.0,2026-08-10,16:14:48
301210,金杨精密,24.41,24.28,24.27,24.43,23.98,26330.0,63740000.0,39.34,15.02,58.6,2.1,4.28,1292400,1340600.0,2026-08-10,16:14:09
301211,亨迪药业,11.59,11.57,11.46,11.76,11.42,115481.0,133930000.0,48.4,48.4,143.18,2.14,2.77,5622800,5925300.0,2026-08-10,16:14:09
301212,联盛化学,22.9,21.91,22.1,22.9,21.73,16120.0,36270000.0,24.73,21.47,282.05,1.85,1.72,922200,689800.0,2026-08-10,16:14:12
301213,观想科技,45.35,45.0,44.83,45.5,43.74,20946.0,93820000.0,50.79,32.83,265.07,6.38,2.89,1027300,1067300.0,2026-08-10,16:14:51
301215,中汽股份,5.32,5.24,5.25,5.33,5.21,99771.0,52830000.0,70.43,70.35,32.23,2.44,0.75,6036100,3941100.0,2026-08-10,16:14:57
301216,万凯新材,17.2,17.45,17.5,17.54,17.0,141560.0,243760000.0,99.8,93.67,19.88,1.55,2.6,6205200,7950800.0,2026-08-10,16:14:15
301217,铜冠铜箔,120.99,115.81,118.81,123.0,113.21,792583.0,9341970000.0,1003.03,1003.03,610.69,18.23,9.56,37860400,41397900.0,2026-08-10,16:14:48
301218,华是科技,48.5,44.6,44.3,48.6,42.42,150596.0,689520000.0,55.31,33.98,-200.78,6.09,21.49,8006400,7053200.0,2026-08-10,16:14:51
301219,腾远钴业,52.79,50.06,50.96,55.53,50.0,213871.0,1130290000.0,202.1,144.24,13.31,2.11,7.83,10544900,10842200.0,2026-08-10,16:14:00
301220,亚香股份,28.31,28.1,28.58,28.58,27.52,10275.0,29010000.0,31.99,22.09,64.96,1.85,1.32,584400,443100.0,2026-08-10,16:14:18
301221,光庭信息,29.33,28.6,28.7,29.43,28.28,20151.0,58120000.0,38.54,26.2,81.51,1.87,2.26,1251200,763900.0,2026-08-10,16:14:03
301222,浙江恒威,25.1,25.13,25.13,25.39,24.26,18256.0,45270000.0,35.22,26.76,39.89,2.48,1.71,1019600,806000.0,2026-08-10,16:14:06
301223,中荣股份,16.66,16.32,16.32,16.77,16.26,9734.0,16160000.0,32.18,32.18,20.52,1.09,0.5,559400,414000.0,2026-08-10,16:14:54
301225,恒勃股份,55.47,56.74,58.99,58.99,54.4,28118.0,155860000.0,79.93,24.4,61.52,5.09,6.39,1312700,1499100.0,2026-08-10,16:14:12
301226,祥明智能,29.82,30.2,30.33,30.58,29.41,14206.0,42270000.0,32.44,32.44,310.29,3.59,1.31,656500,764200.0,2026-08-10,16:14:15
301227,森鹰窗业,25.29,25.88,25.84,26.28,24.67,28072.0,70810000.0,33.25,18.69,-54.31,2.07,3.8,1283100,1524100.0,2026-08-10,16:14:57
301228,实朴检测,69.12,69.51,71.9,74.87,68.75,40342.0,284560000.0,82.94,82.56,-129.07,13.84,3.38,1808900,2225300.0,2026-08-10,16:14:09
301229,纽泰格,12.36,12.05,12.1,12.45,11.94,30188.0,37120000.0,22.47,15.98,117.48,1.81,2.34,1610200,1408700.0,2026-08-10,16:14:21
301230,泓博医药,35.1,32.42,34.68,36.9,34.01,384030.0,1356080000.0,63.51,57.12,137.77,6.34,23.6,19774600,18628400.0,2026-08-10,16:14:54
301231,荣信文化,27.8,28.12,28.12,28.84,27.41,34208.0,95190000.0,23.46,18.19,-77.41,2.89,5.23,1660100,1760700.0,2026-08-10,16:14:12
301232,飞沃科技,113.72,120.58,120.5,122.0,111.01,72034.0,822630000.0,119.73,71.18,266.27,8.45,11.51,3132300,4071100.0,2026-08-10,16:14:18
301233,盛帮股份,36.1,33.51,33.41,36.2,32.8,14025.0,48380000.0,25.91,14.21,31.83,2.66,3.56,761300,641200.0,2026-08-10,16:14:21
301234,五洲医疗,91.89,83.62,82.3,96.65,81.21,77496.0,693850000.0,62.49,36.91,293.23,8.27,19.29,3902800,3846900.0,2026-08-10,16:14:24
301235,华康洁净,48.2,44.0,44.5,50.5,44.4,209773.0,1004480000.0,67.12,50.23,51.89,3.59,20.13,11489900,9487400.0,2026-08-10,16:14:57
301236,软通动力,40.95,41.71,41.97,42.49,40.6,284709.0,1179680000.0,423.91,321.75,786.32,3.19,3.62,13898000,14572900.0,2026-08-10,16:14:00
301237,和顺科技,54.75,54.23,54.88,55.0,53.0,12975.0,70210000.0,43.8,31.89,-27.44,3.79,2.23,615000,682500.0,2026-08-10,16:14:00
301238,瑞泰新材,16.76,16.59,16.66,16.8,16.6,91302.0,152510000.0,122.91,122.91,38.12,1.7,1.25,4210100,4920100.0,2026-08-10,16:14:27
301239,普瑞眼科,38.0,33.35,33.32,40.02,32.9,113581.0,427540000.0,56.86,53.98,-323.84,2.69,8.0,5074400,6283600.0,2026-08-10,16:14:03
301246,宏源药业,21.07,20.88,21.0,21.29,20.66,100549.0,210420000.0,84.28,35.84,33.11,1.84,5.91,4758600,5296400.0,2026-08-10,16:14:03
301248,杰创智能,61.09,63.51,64.65,65.51,60.02,57468.0,355070000.0,93.9,68.62,-661.94,6.23,5.12,2327000,3419800.0,2026-08-10,16:14:06
301251,威尔高,42.89,46.58,46.05,47.36,41.9,194551.0,854670000.0,80.88,32.42,156.15,5.22,25.74,9031400,10423700.0,2026-08-10,16:14:30
301252,同星科技,30.61,30.74,30.74,30.86,30.0,20507.0,62160000.0,51.8,41.54,54.67,3.88,1.51,944600,1106100.0,2026-08-10,16:14:06
301255,通力科技,20.9,20.56,20.64,20.95,20.3,11194.0,23210000.0,31.83,27.94,80.09,3.03,0.84,660100,459300.0,2026-08-10,16:14:09
301256,华融化学,10.84,10.48,10.48,10.95,10.46,85976.0,92400000.0,52.03,52.03,70.83,3.07,1.79,4653900,3943700.0,2026-08-10,16:14:15
301257,普蕊斯,49.01,47.2,48.0,49.9,47.6,104198.0,507030000.0,38.72,36.91,33.9,3.04,13.83,5060700,5359100.0,2026-08-10,16:14:33
301258,富士莱,26.17,25.63,25.67,26.46,25.61,16110.0,42070000.0,23.99,23.31,63.82,1.3,1.81,938900,672200.0,2026-08-10,16:14:09
301259,艾布鲁,23.79,23.7,23.7,23.91,23.08,51609.0,121450000.0,53.81,34.51,172.25,6.14,3.56,2586200,2574700.0,2026-08-10,16:14:36
301260,格力博,14.15,13.83,13.91,14.17,13.8,28749.0,40320000.0,68.39,29.05,-17.21,1.59,1.4,1514100,1360800.0,2026-08-10,16:14:39
301261,恒工精密,58.98,58.23,58.58,60.0,57.43,21279.0,124860000.0,62.21,61.68,47.44,3.9,2.03,1075400,1052500.0,2026-08-10,16:14:24
301262,海看股份,20.12,19.91,19.92,20.24,19.67,65770.0,131620000.0,83.9,24.56,21.63,2.21,5.39,3256800,3320200.0,2026-08-10,16:14:12
301263,泰恩康,21.75,21.4,21.48,22.58,21.48,69050.0,152000000.0,111.05,79.24,432.63,6.63,1.9,3569700,3335200.0,2026-08-10,16:14:18
301265,华新科技,20.73,20.01,20.2,20.91,20.01,97138.0,198300000.0,62.81,50.57,77.01,3.0,3.98,3719700,5994000.0,2026-08-10,16:14:42
301266,宇邦新材,21.66,21.29,21.08,21.71,20.92,28919.0,61870000.0,30.97,29.38,112.7,1.73,2.13,1669700,1222200.0,2026-08-10,16:14:21
301267,华厦眼科,16.65,16.15,16.15,17.18,16.05,87949.0,146830000.0,139.86,107.97,30.23,2.64,1.36,4475100,4319800.0,2026-08-10,16:14:27
301268,铭利达,13.6,13.3,13.35,13.71,13.14,43959.0,59360000.0,54.52,49.3,-29.33,3.64,1.21,2254500,2141400.0,2026-08-10,16:14:45
301269,华大九天,93.13,94.69,95.0,95.0,92.5,60728.0,566210000.0,510.24,510.24,-2347.6,9.73,1.11,2771100,3301800.0,2026-08-10,16:14:12
301270,汉仪股份,34.43,33.3,33.27,35.24,33.05,93647.0,321780000.0,34.43,32.53,444.33,3.59,9.91,4838300,4526300.0,2026-08-10,16:14:48
301272,英华特,34.36,33.33,33.3,34.37,33.05,7934.0,26840000.0,20.1,13.64,54.23,2.01,2.0,442200,351200.0,2026-08-10,16:14:30
301273,瑞晨环保,37.88,36.26,37.65,38.5,34.73,58575.0,216390000.0,37.99,29.16,-59.16,4.35,7.61,2884400,2973100.0,2026-08-10,16:14:33
301275,汉朔科技,44.41,44.68,44.58,44.75,43.83,47223.0,208800000.0,187.59,133.61,38.86,4.56,1.57,2240000,2482300.0,2026-08-10,16:14:36
301276,嘉曼服饰,20.99,20.48,20.4,21.07,20.38,16929.0,35000000.0,27.2,15.17,24.46,1.29,2.34,868900,824000.0,2026-08-10,16:14:51
301277,新天地,10.75,10.79,10.77,10.95,10.67,94198.0,101780000.0,42.15,42.15,41.82,2.79,2.4,4617000,4802800.0,2026-08-10,16:14:54
301278,快可电子,27.86,27.13,27.2,27.94,27.0,15549.0,42830000.0,24.99,14.32,158.34,1.76,3.02,941300,613600.0,2026-08-10,16:14:57
301279,金道科技,20.89,18.6,18.6,21.65,18.31,62966.0,126800000.0,35.2,27.26,54.08,2.62,4.83,3177800,3118800.0,2026-08-10,16:14:00
301280,珠城科技,40.68,41.19,40.91,41.59,39.98,13558.0,54830000.0,77.9,40.45,36.84,4.0,1.36,569800,786100.0,2026-08-10,16:14:15
301281,科源制药,40.66,41.39,41.72,42.98,40.0,34963.0,142330000.0,44.03,28.85,187.03,3.17,4.93,1406900,2089400.0,2026-08-10,16:14:03
301282,金禄电子,23.88,24.35,24.35,24.43,23.45,76506.0,181920000.0,50.37,42.17,60.13,2.96,4.33,3540300,4110200.0,2026-08-10,16:14:18
301283,聚胶股份,26.42,25.82,25.8,26.44,25.63,9968.0,26030000.0,30.71,24.14,15.71,1.92,1.09,626700,370100.0,2026-08-10,16:14:39
301285,鸿日达,78.14,75.0,76.16,78.9,72.8,45516.0,347670000.0,161.49,161.49,-223.17,17.11,2.2,2400100,2151500.0,2026-08-10,16:14:42
301286,侨源股份,41.13,40.99,41.88,41.88,39.9,12769.0,51980000.0,164.56,66.34,69.16,8.92,0.79,635400,641500.0,2026-08-10,16:14:24
301287,康力源,35.3,34.37,34.31,35.3,34.12,7265.0,25350000.0,23.53,6.01,39.64,2.02,4.27,445200,281300.0,2026-08-10,16:14:15
301288,清研环境,17.71,17.07,17.07,17.93,16.81,21736.0,38160000.0,19.13,13.83,-60.24,2.44,2.78,1153900,1019700.0,2026-08-10,16:14:18
301289,国缆检测,44.35,43.6,43.5,44.48,43.11,6686.0,29490000.0,34.59,34.37,38.32,3.45,0.86,378500,290100.0,2026-08-10,16:14:06
301290,东星医疗,29.08,28.07,28.07,29.27,27.99,22159.0,63930000.0,29.13,23.14,-90.78,1.36,2.78,1424400,791600.0,2026-08-10,16:14:21
301291,明阳电气,40.4,40.85,41.96,42.79,40.37,80300.0,331710000.0,127.07,66.11,25.38,2.58,4.91,3335200,4694700.0,2026-08-10,16:14:21
301292,海科新源,69.15,69.71,70.0,70.89,67.5,110639.0,761270000.0,154.06,58.91,482.2,5.39,12.99,5794500,5269400.0,2026-08-10,16:14:45
301293,三博脑科,57.14,56.81,56.81,58.93,56.2,164080.0,944530000.0,117.7,117.7,193.26,4.99,7.97,7576100,8831900.0,2026-08-10,16:14:24
301295,美硕科技,46.12,45.97,46.42,46.52,45.33,23128.0,106110000.0,46.49,13.56,134.35,4.87,7.87,1222200,1090600.0,2026-08-10,16:14:09
301296,新巨丰,6.45,6.24,6.24,6.46,6.19,64619.0,41070000.0,27.55,27.55,75.28,1.04,1.51,4011300,2450600.0,2026-08-10,16:14:27
301297,富乐德,35.03,34.85,34.85,35.34,34.42,159433.0,555650000.0,243.22,185.04,56.12,4.49,3.02,7498800,8444500.0,2026-08-10,16:14:24
301298,东利机械,12.8,12.42,12.4,12.84,12.29,17327.0,21890000.0,18.79,13.85,38.04,2.06,1.6,870200,862400.0,2026-08-10,16:14:30
301299,卓创资讯,44.7,44.01,44.01,44.7,43.35,12788.0,56490000.0,27.12,20.02,41.28,4.79,2.86,800500,478300.0,2026-08-10,16:14:48
301300,远翔新材,31.39,30.62,30.74,31.54,29.59,10050.0,30950000.0,20.54,12.27,24.01,2.5,2.57,526000,479000.0,2026-08-10,16:14:33
301301,川宁生物,9.04,9.05,9.08,9.25,9.01,153168.0,139480000.0,201.8,56.05,34.12,2.58,2.47,7458100,7858600.0,2026-08-10,16:14:51
301302,华如科技,24.46,23.99,24.35,24.47,23.65,54902.0,132470000.0,38.12,34.0,-17.92,2.6,3.95,2826800,2663400.0,2026-08-10,16:14:36
301303,真兰仪表,14.19,14.51,14.32,14.49,14.1,59232.0,84060000.0,58.01,14.5,17.78,1.71,5.8,2273700,3649500.0,2026-08-10,16:14:12
301305,朗坤科技,23.13,22.71,22.83,23.18,22.44,44698.0,102470000.0,55.97,28.76,19.86,1.46,3.59,2573400,1896400.0,2026-08-10,16:14:39
301306,西测测试,97.51,97.0,99.0,99.58,93.2,42327.0,403530000.0,82.3,56.81,-55.16,9.79,7.26,1890600,2342100.0,2026-08-10,16:14:27
301307,美利信,53.88,52.74,52.54,55.0,51.43,125122.0,666370000.0,113.47,58.61,-20.26,4.65,11.5,6045600,6466600.0,2026-08-10,16:14:30
301308,江波龙,412.5,386.6,408.5,413.88,392.88,293786.0,11851090000.0,1745.13,1162.64,32.1,14.48,10.42,13693200,15685400.0,2026-08-10,16:14:27
301309,万得凯,30.48,30.2,30.14,30.59,29.59,6838.0,20620000.0,30.64,18.47,27.25,1.86,1.13,419000,264800.0,2026-08-10,16:14:30
301310,鑫宏业,51.54,53.72,54.23,54.23,50.4,100510.0,521530000.0,98.42,31.43,72.79,4.22,16.48,4575200,5475800.0,2026-08-10,16:14:33
301311,昆船智能,13.92,13.56,13.55,13.96,13.42,28105.0,38780000.0,33.41,33.41,-32.0,1.95,1.17,1741800,1068700.0,2026-08-10,16:14:15
301312,智立方,66.21,69.07,69.32,70.43,65.6,88910.0,597890000.0,111.58,56.13,171.96,9.41,10.49,4670000,4220900.0,2026-08-10,16:14:36
301313,凡拓数创,36.86,37.0,37.0,37.28,36.17,56763.0,207760000.0,38.13,28.95,-27.73,5.91,7.23,2585800,3090600.0,2026-08-10,16:14:33
301314,科瑞思,41.75,40.9,40.79,41.86,40.01,7323.0,30010000.0,23.07,7.62,130.7,2.22,4.01,386400,345900.0,2026-08-10,16:14:42
301315,威士顿,38.65,38.06,38.19,38.79,37.7,11819.0,45380000.0,34.01,34.01,105.06,3.38,1.34,602000,579900.0,2026-08-10,16:14:36
301316,慧博云通,39.95,39.45,39.45,40.15,38.96,86633.0,343240000.0,161.24,156.3,159.18,15.17,2.21,4666400,3996900.0,2026-08-10,16:14:18
301317,鑫磊股份,45.12,45.82,46.48,48.02,44.03,29713.0,133810000.0,70.92,23.55,-53.77,6.01,5.69,1343600,1627700.0,2026-08-10,16:14:21
301318,维海德,20.88,20.66,20.84,20.95,20.37,9676.0,20110000.0,28.25,19.46,60.09,1.54,1.04,474600,493000.0,2026-08-10,16:14:39
301319,唯特偶,113.6,119.63,118.88,119.3,108.7,183886.0,2077840000.0,207.27,156.22,233.69,17.23,13.37,8173600,10214900.0,2026-08-10,16:14:39
301320,豪江智能,12.99,12.69,12.68,13.08,12.56,18481.0,23860000.0,23.64,14.84,-607.62,2.26,1.62,1059700,788400.0,2026-08-10,16:14:24
301321,翰博高新,38.2,36.68,37.0,38.37,35.14,89969.0,332180000.0,71.22,56.39,-126.76,7.3,6.09,4594600,4402300.0,2026-08-10,16:14:27
301322,绿通科技,37.52,37.35,37.31,37.88,36.22,40565.0,150080000.0,53.52,36.1,412.96,1.88,4.22,2314400,1742100.0,2026-08-10,16:14:42
301323,新莱福,76.04,77.0,76.24,77.33,75.15,14248.0,108160000.0,81.05,52.14,54.55,3.65,2.08,739800,685000.0,2026-08-10,16:14:54
301325,曼恩斯特,32.17,31.68,31.9,32.24,31.27,14230.0,45230000.0,46.29,46.29,-29.59,1.75,0.99,789200,633800.0,2026-08-10,16:14:45
301326,捷邦科技,105.24,105.01,106.06,111.98,100.66,41034.0,433570000.0,76.52,75.85,-151.93,6.2,5.69,2017600,2085800.0,2026-08-10,16:14:30
301327,华宝新能,45.76,45.01,45.48,45.77,44.8,11093.0,50360000.0,79.8,79.8,-148.45,1.31,0.64,621000,488300.0,2026-08-10,16:14:57
301328,维峰电子,59.95,52.92,53.0,60.6,52.49,67583.0,382960000.0,95.53,69.04,103.88,4.87,5.87,3670500,3087800.0,2026-08-10,16:14:45
301329,信音电子,19.85,19.65,19.6,19.87,19.25,40360.0,79120000.0,33.78,13.11,48.41,2.15,6.11,2284600,1751400.0,2026-08-10,16:14:00
301330,熵基科技,24.54,24.52,24.53,24.67,24.08,17986.0,43930000.0,57.76,47.69,29.18,1.72,0.93,927500,871100.0,2026-08-10,16:14:48
301331,恩威医药,21.61,21.29,21.29,22.06,21.05,20983.0,45380000.0,22.23,22.18,46.18,2.19,2.04,999400,1098800.0,2026-08-10,16:14:51
301332,德尔玛,8.07,7.97,7.9,8.15,7.86,87646.0,70190000.0,37.25,21.37,29.15,1.28,3.31,5740600,3023900.0,2026-08-10,16:14:03
301333,诺思格,58.0,56.81,56.6,59.59,56.0,56275.0,326540000.0,56.02,55.95,41.91,2.83,5.83,2992200,2635400.0,2026-08-10,16:14:06
301335,天元宠物,22.58,21.42,21.32,22.9,21.32,36764.0,82390000.0,28.86,19.96,51.98,1.49,4.16,1997700,1678600.0,2026-08-10,16:14:33
301336,趣睡科技,45.49,39.92,39.66,45.92,39.2,38047.0,163200000.0,23.61,18.27,81.31,2.84,9.47,2339100,1465600.0,2026-08-10,16:14:48
301337,亚华电子,25.21,24.8,24.97,25.53,24.51,11753.0,29560000.0,26.27,25.7,-149.03,2.42,1.15,552100,623200.0,2026-08-10,16:14:09
301338,凯格精机,98.59,102.3,103.0,103.83,96.2,68873.0,681410000.0,146.86,107.0,67.21,8.95,6.35,3254400,3632900.0,2026-08-10,16:14:51
301339,通行宝,11.86,11.7,11.68,12.26,11.57,101695.0,121140000.0,68.81,67.99,30.43,2.5,1.77,5183400,4986100.0,2026-08-10,16:14:12
301345,涛涛车业,260.55,253.73,253.8,273.89,252.5,18608.0,486610000.0,284.13,91.27,31.35,7.86,5.31,1009600,851200.0,2026-08-10,16:14:42
301348,蓝箭电子,20.64,20.55,20.59,20.68,20.13,89523.0,182510000.0,49.54,39.93,-129.96,3.37,4.63,4771700,4180700.0,2026-08-10,16:14:15
301349,信德新材,43.07,43.2,43.38,43.49,42.2,40457.0,173190000.0,61.37,48.46,97.96,2.24,3.6,1939300,2106400.0,2026-08-10,16:14:45
301353,普莱得,19.78,18.73,18.68,19.91,18.5,34733.0,66980000.0,25.12,8.08,36.05,1.98,8.51,1811000,1662200.0,2026-08-10,16:14:18
301355,南王科技,10.13,9.77,9.77,10.17,9.72,38275.0,38420000.0,19.76,14.15,-62.36,1.34,2.74,2035500,1792000.0,2026-08-10,16:14:48
301356,天振股份,19.67,19.59,19.63,19.75,19.17,14771.0,28780000.0,42.49,24.92,44.52,1.44,1.17,780800,696300.0,2026-08-10,16:14:51
301357,北方长龙,113.23,94.36,94.14,113.23,93.82,116631.0,1204440000.0,107.79,107.79,501.6,9.5,12.25,6363400,5299600.0,2026-08-10,16:14:54
301358,湖南裕能,66.75,65.16,65.5,67.5,65.5,235830.0,1569140000.0,565.86,510.19,22.29,3.01,3.09,12110800,11472100.0,2026-08-10,16:14:57
301359,东南电子,16.8,16.15,16.47,16.83,16.01,18480.0,30650000.0,20.19,11.95,58.48,2.45,2.6,1050200,797800.0,2026-08-10,16:14:54
301360,荣旗科技,50.89,51.57,51.57,52.6,49.72,24662.0,124390000.0,35.51,17.33,71.95,2.98,7.24,1172300,1293900.0,2026-08-10,16:14:54
301361,众智科技,28.61,28.86,28.34,28.7,27.73,23389.0,66020000.0,33.28,16.12,34.93,2.66,4.15,1189000,1149900.0,2026-08-10,16:14:36
301362,民爆光电,133.05,140.6,139.76,140.51,127.34,67062.0,889490000.0,194.18,54.48,132.73,8.09,16.38,3049000,3657300.0,2026-08-10,16:14:57
301363,美好医疗,17.26,17.57,17.56,17.8,17.12,136250.0,236600000.0,137.38,90.1,47.72,3.74,2.61,5749600,7875400.0,2026-08-10,16:14:00
301365,矩阵股份,39.32,38.57,38.5,39.67,38.18,27714.0,108260000.0,71.73,48.41,164.86,4.18,2.25,1464100,1307400.0,2026-08-10,16:14:21
301366,一博科技,53.95,53.33,54.0,56.59,53.0,259076.0,1408170000.0,113.04,63.12,126.77,5.13,22.14,12133400,13774200.0,2026-08-10,16:14:24
301367,瑞迈特,46.45,47.97,47.69,48.18,46.16,27240.0,128130000.0,58.19,45.57,30.29,1.93,2.78,1134800,1589200.0,2026-08-10,16:14:00
301368,丰立智能,43.02,43.07,43.18,43.92,42.18,15491.0,66540000.0,51.67,51.67,-179.16,5.48,1.29,728900,820200.0,2026-08-10,16:14:03
301369,联动科技,137.2,137.86,138.0,139.93,133.25,24358.0,331750000.0,140.37,75.25,354.44,9.37,4.44,1241400,1194500.0,2026-08-10,16:14:57
301370,国科恒泰,8.89,8.78,8.78,9.0,8.76,54486.0,48460000.0,41.84,41.84,53.4,1.71,1.16,2849600,2599000.0,2026-08-10,16:14:00
301371,敷尔佳,26.55,25.14,25.07,26.87,25.01,48183.0,126900000.0,138.09,20.7,26.93,2.53,6.18,2452500,2365800.0,2026-08-10,16:14:03
301372,科净源,30.75,30.1,29.63,30.84,29.63,9335.0,28410000.0,21.09,12.66,-48.81,2.85,2.27,444800,488700.0,2026-08-10,16:14:03
301373,凌玮科技,91.25,95.22,100.07,103.0,89.2,81423.0,754360000.0,98.98,63.56,68.69,5.94,11.69,3780900,4361400.0,2026-08-10,16:14:06
301376,致欧科技,20.8,19.84,20.0,20.95,19.85,59859.0,123200000.0,83.71,40.28,27.9,2.49,3.09,2997400,2988400.0,2026-08-10,16:14:39
301377,鼎泰高科,437.45,451.84,450.0,461.04,422.0,52716.0,2299460000.0,1854.98,432.47,298.41,68.44,5.33,2578500,2693100.0,2026-08-10,16:14:27
301378,通达海,26.72,25.97,26.05,27.05,25.59,37838.0,100370000.0,25.81,12.27,-18.89,2.17,8.24,1913900,1869900.0,2026-08-10,16:14:09
301379,天山电子,22.37,22.67,22.69,22.83,21.7,167617.0,370020000.0,62.07,48.92,49.32,4.34,7.66,7545700,9216000.0,2026-08-10,16:14:30
301380,挖金客,32.22,31.55,31.55,32.32,30.6,40562.0,128820000.0,32.67,26.01,87.65,4.44,5.02,2264400,1791700.0,2026-08-10,16:14:06
301381,赛维时代,23.01,23.44,23.57,23.57,22.92,56394.0,130630000.0,93.53,93.45,33.58,3.42,1.39,2844800,2794600.0,2026-08-10,16:14:42
301382,蜂助手,38.73,40.9,40.2,40.5,38.2,198279.0,771930000.0,110.61,91.54,71.5,5.83,8.39,7958000,11869900.0,2026-08-10,16:14:06
301383,天键股份,22.17,21.68,22.0,22.27,21.29,18737.0,41020000.0,36.2,15.66,-51.24,1.86,2.65,1013400,860300.0,2026-08-10,16:14:33
301386,未来电器,20.35,19.88,19.96,20.35,19.77,12164.0,24510000.0,28.49,9.16,31.05,1.96,2.7,710900,505500.0,2026-08-10,16:14:12
301387,光大同创,56.88,55.93,56.08,57.19,53.5,34125.0,188860000.0,61.05,24.28,-4994.21,3.72,8.0,1669900,1742700.0,2026-08-10,16:14:09
301388,欣灵电气,23.96,23.48,23.5,23.99,23.16,11154.0,26500000.0,24.55,17.41,109.65,2.55,1.53,681900,433500.0,2026-08-10,16:14:12
301389,隆扬电子,52.16,53.84,54.0,54.45,50.48,109637.0,570480000.0,147.87,147.87,147.84,6.67,3.87,5289300,5674400.0,2026-08-10,16:14:15
301390,经纬股份,30.95,29.94,29.94,30.96,29.82,8092.0,24740000.0,18.57,15.18,-2972.82,1.98,1.65,461000,348200.0,2026-08-10,16:14:45
301391,卡莱特,50.49,50.9,50.99,50.99,49.6,9884.0,49650000.0,47.97,46.87,202.14,2.29,1.06,444500,543900.0,2026-08-10,16:14:48
301392,汇成真空,174.26,175.68,176.23,179.08,167.62,49524.0,850460000.0,174.26,71.09,420.67,23.32,12.14,2174300,2778100.0,2026-08-10,16:14:09
301393,昊帆生物,66.98,65.67,66.05,67.37,64.88,41837.0,277140000.0,72.34,29.45,63.85,3.07,9.52,2091700,2092000.0,2026-08-10,16:14:51
301395,仁信新材,12.6,12.65,12.55,12.75,12.35,30056.0,37610000.0,30.6,16.04,-34.53,2.12,2.36,1372000,1633600.0,2026-08-10,16:14:36
301396,宏景科技,198.2,204.15,204.16,206.95,194.52,194994.0,3868870000.0,425.98,280.47,1215.21,35.28,13.78,8899400,10600000.0,2026-08-10,16:14:15
301397,溯联股份,26.61,26.22,26.16,26.69,25.92,37652.0,99150000.0,53.8,24.6,41.7,2.76,4.07,2034900,1730300.0,2026-08-10,16:14:54
301398,星源卓镁,34.77,34.19,34.38,34.82,33.5,15550.0,53500000.0,38.94,37.96,290.24,3.59,1.42,820300,734700.0,2026-08-10,16:14:18
301399,英特科技,17.35,17.0,16.8,17.45,16.38,68730.0,116790000.0,32.1,9.49,143.72,2.47,12.57,3425900,3447000.0,2026-08-10,16:14:57
301408,华人健康,15.86,15.54,15.6,16.15,15.49,273353.0,432690000.0,63.44,36.31,30.29,2.97,11.94,14174100,13161200.0,2026-08-10,16:14:00
301413,安培龙,66.06,66.51,67.0,67.1,64.0,44721.0,292980000.0,84.51,50.45,115.02,6.81,5.86,2387200,2084900.0,2026-08-10,16:14:39
301418,协昌科技,38.59,37.56,37.8,38.87,37.28,18040.0,69010000.0,28.3,11.36,344.46,1.76,6.13,904600,899400.0,2026-08-10,16:14:42
301419,阿莱德,31.19,32.0,32.0,32.0,30.72,29904.0,92940000.0,46.78,30.93,71.27,5.06,3.02,1427400,1563000.0,2026-08-10,16:14:18
301421,波长光电,78.6,77.51,77.98,78.75,76.2,65539.0,508060000.0,90.95,36.4,256.55,7.61,14.15,3492300,3061600.0,2026-08-10,16:14:12
301428,世纪恒通,29.57,29.14,29.24,29.68,28.61,28197.0,82440000.0,29.18,20.59,-83.45,2.42,4.05,1445200,1374600.0,2026-08-10,16:14:03
301429,森泰股份,16.91,16.44,16.61,16.98,16.34,23159.0,38860000.0,19.99,7.44,40.97,1.5,5.26,1221800,1094100.0,2026-08-10,16:14:06
301439,泓淋电力,15.35,15.05,15.06,15.38,15.01,75553.0,115110000.0,59.73,28.13,29.06,2.01,4.12,4371100,3184200.0,2026-08-10,16:14:45
301446,福事特,39.69,37.57,37.49,39.86,36.89,16050.0,61940000.0,41.28,12.61,54.83,3.43,5.05,843300,761800.0,2026-08-10,16:14:09
301448,开创电气,43.74,41.76,42.19,43.89,41.37,20544.0,87780000.0,45.75,31.0,-797.41,6.61,2.9,1267500,786900.0,2026-08-10,16:14:15
301456,盘古智能,23.96,23.07,22.93,24.14,22.87,21606.0,51010000.0,36.44,16.43,41.41,1.64,3.15,1247500,913100.0,2026-08-10,16:14:12
301458,钧崴电子,37.16,38.16,38.28,38.98,36.35,81870.0,302430000.0,99.09,43.66,74.1,6.16,6.97,3425100,4761900.0,2026-08-10,16:14:21
301459,丰茂股份,36.13,36.02,36.29,36.29,35.78,6986.0,25200000.0,37.62,9.43,44.52,3.0,2.68,379200,319400.0,2026-08-10,16:14:21
301468,博盈特焊,34.21,34.33,34.89,34.97,33.53,37400.0,127480000.0,57.87,33.36,119.36,2.54,3.84,1803200,1936800.0,2026-08-10,16:14:15
301469,恒达新材,28.99,27.81,27.6,29.11,27.38,15616.0,44540000.0,25.94,13.35,28.16,1.89,3.39,904600,657000.0,2026-08-10,16:14:18
301479,弘景光电,47.75,48.69,48.71,49.0,46.92,20080.0,95490000.0,59.47,34.05,32.38,4.71,2.82,954000,1054100.0,2026-08-10,16:14:21
301486,致尚科技,158.19,152.11,155.0,168.08,152.5,77399.0,1217870000.0,203.73,115.37,316.23,7.97,10.61,3746600,3993300.0,2026-08-10,16:14:24
301487,盟固利,16.65,16.37,16.54,16.68,16.35,120532.0,199060000.0,76.53,45.42,109.18,3.97,4.42,6225300,5827900.0,2026-08-10,16:14:18
301488,豪恩汽电,103.54,106.75,106.03,106.73,102.5,16557.0,171520000.0,105.0,43.02,145.52,4.4,3.98,698700,957000.0,2026-08-10,16:14:21
301489,思泉新材,99.8,102.5,104.03,104.96,97.34,56435.0,562950000.0,116.06,69.44,168.05,7.53,8.11,2505400,3138100.0,2026-08-10,16:14:24
301498,乖宝宠物,43.76,42.89,42.85,44.18,42.5,92098.0,400950000.0,175.25,78.48,29.58,3.77,5.14,4644700,4565100.0,2026-08-10,16:14:27
301499,维科精密,24.71,24.42,24.5,24.8,23.92,18596.0,45460000.0,34.16,34.16,62.26,2.63,1.35,1065000,794600.0,2026-08-10,16:14:24
301500,飞南资源,24.68,24.31,24.34,24.88,24.1,144807.0,354130000.0,138.48,35.55,20.14,2.69,10.05,7633100,6847600.0,2026-08-10,16:14:30
301501,恒鑫生活,29.08,28.07,27.9,29.1,27.86,20700.0,59410000.0,43.01,12.65,24.68,2.08,4.76,1317600,752400.0,2026-08-10,16:14:27
301502,华阳智能,51.96,52.41,52.01,52.8,50.28,7020.0,36100000.0,29.66,12.26,130.96,3.61,2.98,341300,360700.0,2026-08-10,16:14:24
301503,智迪科技,22.07,21.88,21.78,22.09,21.43,8058.0,17660000.0,22.95,12.73,27.51,2.15,1.4,456000,349800.0,2026-08-10,16:14:27
301505,苏州规划,16.53,16.09,16.11,16.57,15.97,21363.0,34980000.0,18.91,15.07,88.89,1.97,2.34,1318500,817800.0,2026-08-10,16:14:30
301507,民生健康,12.77,12.47,12.47,12.9,12.41,42245.0,53690000.0,45.53,14.06,38.31,2.86,3.84,2300100,1924400.0,2026-08-10,16:14:30
301508,中机认检,24.14,23.74,23.75,24.19,23.66,17399.0,41720000.0,54.58,14.2,35.86,2.7,2.96,1023400,716500.0,2026-08-10,16:14:33
301509,金凯生科,31.86,31.34,31.01,32.28,31.01,69058.0,219880000.0,38.37,18.08,51.83,1.82,12.17,3479100,3426700.0,2026-08-10,16:14:51
301510,固高科技,26.73,26.92,27.0,27.2,26.34,58021.0,154280000.0,108.1,74.62,139.99,7.51,2.08,2543600,3258600.0,2026-08-10,16:14:33
301511,德福科技,88.7,90.9,93.28,94.0,84.8,598503.0,5281590000.0,559.1,332.3,231.46,13.65,15.98,28614000,31236300.0,2026-08-10,16:14:30
301512,智信精密,30.6,30.01,29.3,30.63,29.3,11415.0,34500000.0,22.85,14.91,75.28,2.21,2.34,643900,497600.0,2026-08-10,16:14:36
301515,港通医疗,19.17,18.56,18.63,19.27,18.35,20406.0,38710000.0,19.17,12.95,-392.25,1.56,3.02,1070800,969800.0,2026-08-10,16:14:33
301516,中远通,15.95,16.0,16.0,16.15,15.72,45868.0,72820000.0,44.77,11.19,-92.96,3.53,6.54,2272400,2314400.0,2026-08-10,16:14:36
301517,陕西华达,41.08,41.0,41.49,41.6,39.71,23403.0,94690000.0,62.13,40.08,-96.49,4.88,2.4,1107800,1232500.0,2026-08-10,16:14:33
301518,长华化学,25.35,25.27,25.11,25.63,24.6,21198.0,53330000.0,36.88,14.89,40.46,2.27,3.61,1138700,981100.0,2026-08-10,16:14:36
301519,舜禹股份,12.04,11.84,11.86,12.1,11.6,37257.0,44270000.0,19.46,9.16,-76.26,1.43,4.9,1795900,1929700.0,2026-08-10,16:14:54
301520,万邦医药,58.66,56.33,55.25,61.76,55.25,163870.0,959420000.0,54.65,19.18,224.7,3.65,50.12,7718600,8668300.0,2026-08-10,16:14:39
301522,上大股份,24.66,23.16,23.23,24.84,23.16,94794.0,228960000.0,91.7,68.25,89.75,4.7,3.42,4956400,4523000.0,2026-08-10,16:14:57
301525,儒竞科技,41.75,40.95,41.11,42.32,40.53,12944.0,53840000.0,55.13,28.87,66.38,1.71,1.87,683400,611000.0,2026-08-10,16:14:36
301526,国际复材,38.12,38.32,38.34,38.74,36.2,2503647.0,9338830000.0,1437.46,535.35,293.37,16.99,17.83,118450000,131914600.0,2026-08-10,16:14:39
301528,多浦乐,53.15,51.73,51.73,53.54,50.66,22645.0,116960000.0,47.7,24.59,79.36,3.06,4.9,1296200,968300.0,2026-08-10,16:14:39
301529,福赛科技,80.13,80.14,80.79,81.68,77.21,23487.0,185020000.0,94.89,50.94,70.01,6.78,3.69,1164300,1184400.0,2026-08-10,16:14:42
301533,威马农机,26.5,25.35,25.56,26.52,25.35,16061.0,41970000.0,26.05,7.54,91.49,2.37,5.65,1019400,586800.0,2026-08-10,16:14:42
301536,星宸科技,121.6,122.7,122.5,123.02,117.85,158630.0,1902520000.0,512.81,227.63,107.42,16.55,8.47,7375300,8487700.0,2026-08-10,16:14:42
301538,骏鼎达,39.67,39.94,40.0,40.2,39.02,16481.0,64930000.0,43.54,17.34,23.7,3.01,3.77,817400,830700.0,2026-08-10,16:14:42
301539,宏鑫科技,15.02,14.26,14.29,15.13,14.19,28160.0,41540000.0,22.23,11.27,816.86,2.94,3.75,1935100,880900.0,2026-08-10,16:14:45
301548,崇德科技,64.63,65.66,65.83,65.83,63.5,19200.0,123730000.0,56.23,16.96,38.56,3.63,7.32,1007900,912100.0,2026-08-10,16:14:48
301550,斯菱智驱,72.85,73.95,74.25,75.0,71.8,46749.0,339580000.0,244.3,149.52,147.72,13.58,2.28,2053900,2621100.0,2026-08-10,16:14:48
301551,无线传媒,22.18,20.81,20.75,22.98,20.56,187839.0,411770000.0,88.72,34.28,34.9,3.91,12.15,9353800,9430100.0,2026-08-10,16:14:45
301552,科力装备,26.79,23.19,23.26,27.66,23.12,65449.0,166600000.0,33.16,8.29,23.14,2.98,21.15,3873400,2671500.0,2026-08-10,16:14:45
301555,惠柏新材,31.47,31.12,31.21,31.56,30.48,16538.0,51470000.0,29.04,15.21,37.41,2.57,3.42,934200,719600.0,2026-08-10,16:14:51
301556,托普云农,60.4,60.42,60.01,61.3,58.87,19782.0,118900000.0,51.51,17.81,47.96,5.31,6.71,1123000,855200.0,2026-08-10,16:14:51
301557,常友科技,82.73,80.04,80.36,82.88,79.5,10143.0,82580000.0,51.32,20.58,70.49,5.15,4.08,540200,474100.0,2026-08-10,16:14:54
301558,三态股份,6.68,6.57,6.58,6.69,6.53,56009.0,37180000.0,52.7,14.66,107.8,3.81,2.55,3294100,2306800.0,2026-08-10,16:14:48
301559,中集环科,13.35,13.25,13.26,13.4,13.2,22009.0,29320000.0,80.1,12.02,70.82,1.79,2.45,1174100,1026800.0,2026-08-10,16:14:54
301565,中仑新材,19.75,19.62,19.62,19.78,19.43,44436.0,87170000.0,79.0,25.28,99.03,3.24,3.47,2292700,2150900.0,2026-08-10,16:14:06
301566,达利凯普,24.9,24.8,25.28,25.31,23.95,241093.0,589770000.0,99.6,52.56,61.64,6.59,11.42,11236000,12873300.0,2026-08-10,16:14:57
301567,贝隆精密,35.07,34.2,34.14,35.48,33.66,10854.0,37740000.0,25.25,7.45,-219.52,3.47,5.11,640700,444700.0,2026-08-10,16:14:54
301568,思泰克,68.33,69.1,69.3,69.86,66.22,47918.0,323810000.0,70.56,32.52,58.87,7.0,10.07,2416300,2375600.0,2026-08-10,16:14:48
301571,国科天成,68.0,67.2,67.11,68.78,65.71,55129.0,371590000.0,122.01,81.03,56.53,5.97,4.63,2796000,2716900.0,2026-08-10,16:14:51
301577,美信科技,54.51,54.98,54.97,55.23,53.35,16113.0,87180000.0,24.55,10.27,-98.77,3.34,8.55,852900,758400.0,2026-08-10,16:14:09
301578,辰奕智能,22.9,22.04,21.96,22.98,21.78,28581.0,64520000.0,24.26,6.9,186.67,2.66,9.49,1781400,1076700.0,2026-08-10,16:14:54
301580,爱迪特,55.77,55.66,56.19,56.58,54.0,92442.0,510470000.0,83.2,56.22,40.95,3.92,9.17,4277500,4966600.0,2026-08-10,16:14:12
301581,黄山谷捷,36.98,36.23,36.27,37.08,35.9,5515.0,20100000.0,29.58,15.64,72.3,2.99,1.3,276400,275100.0,2026-08-10,16:14:15
301585,蓝宇股份,27.89,25.71,25.55,27.99,25.48,40156.0,108990000.0,29.01,19.0,40.8,2.95,5.9,2741500,1274100.0,2026-08-10,16:14:57
301586,佳力奇,32.22,31.41,31.42,32.25,31.23,9033.0,28840000.0,26.73,17.05,53.4,2.08,1.71,564800,338500.0,2026-08-10,16:14:57
301587,中瑞股份,21.95,21.28,21.28,21.95,21.13,46491.0,100610000.0,32.34,16.12,55.04,1.62,6.33,2694700,1954400.0,2026-08-10,16:14:06
301588,美新科技,32.76,32.11,32.55,32.88,30.92,75343.0,239650000.0,38.94,24.03,154.54,4.14,10.27,3379200,4155100.0,2026-08-10,16:14:18
301589,诺瓦星云,146.34,144.44,144.44,146.81,142.0,6038.0,87170000.0,135.29,50.44,23.29,3.61,1.75,309500,294300.0,2026-08-10,16:14:00
301591,肯特股份,29.92,30.22,30.15,30.38,29.4,34681.0,103100000.0,32.72,13.37,53.46,3.58,7.76,1615000,1853100.0,2026-08-10,16:14:00
301592,六九一二,106.6,104.19,104.2,109.2,104.0,11562.0,122280000.0,74.62,24.9,131.01,7.99,4.95,619200,537000.0,2026-08-10,16:14:03
301596,瑞迪智驱,48.9,49.12,49.75,49.86,48.0,18785.0,91470000.0,52.83,21.44,51.96,6.01,4.28,882700,995800.0,2026-08-10,16:14:00
301598,博科测试,48.93,47.83,47.97,48.97,47.6,5542.0,26880000.0,28.82,8.59,23.2,3.04,3.16,307000,247200.0,2026-08-10,16:14:06
301600,慧翰股份,87.88,90.19,90.5,90.5,87.08,9561.0,84180000.0,91.86,28.35,58.55,7.54,2.96,467000,489100.0,2026-08-10,16:14:03
301601,惠通科技,16.38,15.86,15.9,16.49,15.71,26044.0,42360000.0,23.01,13.84,35.29,1.75,3.08,1503800,1100600.0,2026-08-10,16:14:15
301602,超研股份,15.49,15.25,15.26,15.77,15.25,36024.0,55970000.0,66.35,32.3,55.89,5.08,1.73,1855600,1746800.0,2026-08-10,16:14:03
301603,乔锋智能,124.0,125.23,125.76,125.87,120.88,19770.0,243480000.0,149.74,46.79,39.15,6.04,5.24,855500,1121500.0,2026-08-10,16:14:06
301606,绿联科技,53.45,52.86,52.99,53.79,52.18,31270.0,166040000.0,221.77,88.19,28.0,6.58,1.9,1691100,1435900.0,2026-08-10,16:14:09
301607,富特科技,40.11,37.99,38.37,40.26,38.37,128562.0,505880000.0,93.91,60.88,34.49,5.2,8.47,6269300,6586900.0,2026-08-10,16:14:09
301608,博实结,46.42,46.8,46.58,46.88,45.71,17160.0,79350000.0,61.55,27.62,24.67,2.82,2.88,923700,792200.0,2026-08-10,16:14:12
301611,珂玛科技,105.02,100.94,101.01,106.98,101.01,152824.0,1588990000.0,457.89,153.94,184.72,25.63,10.43,8387200,6895200.0,2026-08-10,16:14:18
301613,新铝时代,39.59,40.39,40.0,40.21,39.3,20469.0,81170000.0,56.95,33.22,24.22,3.58,2.44,820400,1226500.0,2026-08-10,16:14:21
301617,博苑新材,47.91,48.65,48.59,48.86,46.5,17539.0,83220000.0,83.24,33.03,47.77,4.75,2.54,811900,941900.0,2026-08-10,16:14:12
301618,长联科技,33.36,33.81,33.8,33.85,33.15,10623.0,35450000.0,42.13,16.06,137.42,4.49,2.21,470500,591900.0,2026-08-10,16:14:27
301622,英思特,43.55,42.87,42.87,43.85,42.21,14991.0,64660000.0,50.49,28.16,64.79,3.29,2.32,832800,666300.0,2026-08-10,16:14:15
301626,苏州天脉,247.52,256.84,254.0,256.38,240.0,22500.0,554840000.0,286.33,130.24,253.94,17.98,4.28,1002800,1247300.0,2026-08-10,16:14:24
301628,强达电路,82.36,84.04,83.7,84.28,80.78,25712.0,210380000.0,62.08,22.96,53.04,5.36,9.22,1192200,1379100.0,2026-08-10,16:14:15
301629,矽电股份,255.85,255.41,257.0,257.17,247.42,11350.0,286870000.0,106.76,49.11,345.22,9.11,5.91,624100,510900.0,2026-08-10,16:14:18
301631,壹连科技,61.81,61.46,61.8,63.06,60.55,17868.0,109470000.0,79.1,26.95,26.02,3.07,4.1,794200,992600.0,2026-08-10,16:14:30
301633,港迪技术,60.93,56.7,56.7,61.85,56.46,19842.0,118710000.0,33.93,15.54,51.87,3.76,7.78,1087100,897100.0,2026-08-10,16:14:27
302132,中航成飞,59.78,56.96,56.97,60.1,56.79,116084.0,679460000.0,1597.38,350.35,46.05,7.83,1.98,6907100,4701300.0,2026-08-10,16:14:45
600000,浦发银行,9.29,9.21,9.2,9.38,9.16,625425.0,581540000.0,3094.11,3094.11,6.15,0.42,0.19,38851000,23691500.0,2026-08-10,16:14:44
600004,白云机场,7.66,7.58,7.58,7.71,7.55,84617.0,64810000.0,197.42,181.29,14.73,0.97,0.36,4991600,3470100.0,2026-08-10,16:14:57
600006,东风股份,5.47,5.4,5.38,5.49,5.36,143403.0,78060000.0,109.4,109.4,-25.73,1.37,0.72,7782100,6558200.0,2026-08-10,16:14:44
600007,中国国贸,18.49,18.3,18.25,18.59,18.25,27278.0,50350000.0,186.25,186.25,15.57,2.08,0.27,1523900,1203900.0,2026-08-10,16:14:59
600008,首创环保,2.86,2.84,2.84,2.88,2.84,611073.0,174970000.0,209.94,209.94,11.65,1.02,0.83,34291300,26816000.0,2026-08-10,16:14:45
600009,上海机场,23.92,23.86,23.81,24.04,23.76,93499.0,223780000.0,595.2,593.27,27.36,1.4,0.38,4399300,4950600.0,2026-08-10,16:14:41
600010,包钢股份,2.29,2.28,2.27,2.29,2.25,4543818.0,1031710000.0,1035.68,717.19,-772.66,2.01,1.45,231826500,222555400.0,2026-08-10,16:14:43
600011,华能国际,6.99,6.99,6.98,7.02,6.96,777525.0,543430000.0,1097.3,768.74,7.88,1.72,0.71,33234300,44518100.0,2026-08-10,16:14:46
600012,皖通高速,15.89,16.12,15.96,16.12,15.82,67356.0,107340000.0,271.5,185.21,14.58,2.22,0.58,2726700,4009000.0,2026-08-10,16:14:44
600015,华夏银行,6.76,6.73,6.71,6.8,6.69,536665.0,362740000.0,1075.85,1040.18,3.97,0.34,0.35,32155500,21511000.0,2026-08-10,16:14:58
600016,民生银行,3.53,3.53,3.52,3.57,3.51,1837660.0,651260000.0,1545.52,1251.81,5.27,0.27,0.52,93399900,90366100.0,2026-08-10,16:14:34
600017,日照港,2.72,2.68,2.68,2.74,2.67,278490.0,75620000.0,83.66,83.66,19.08,0.6,0.91,15837600,12011400.0,2026-08-10,16:14:33
600018,上港集团,5.16,5.16,5.16,5.22,5.14,487672.0,252860000.0,1201.25,1199.53,8.79,0.85,0.21,25141100,23626100.0,2026-08-10,16:14:50
600019,宝钢股份,5.78,5.76,5.75,5.8,5.74,877381.0,506580000.0,1259.0,1237.73,12.42,0.62,0.41,39062200,48675900.0,2026-08-10,16:14:57
600020,中原高速,3.8,3.79,3.79,3.82,3.78,149725.0,56990000.0,85.4,85.4,13.35,0.73,0.67,7096800,7875700.0,2026-08-10,16:15:00
600021,上海电力,14.8,14.87,14.88,14.95,14.63,352075.0,519770000.0,417.64,417.64,16.67,2.11,1.25,14395100,20812400.0,2026-08-10,16:14:45
600022,山东钢铁,1.35,1.35,1.35,1.36,1.34,761762.0,102870000.0,144.43,144.43,-657.89,0.77,0.71,32821000,43355200.0,2026-08-10,16:14:48
600023,浙能电力,4.96,4.93,4.93,4.97,4.92,305785.0,151440000.0,665.07,665.07,8.99,0.91,0.23,17242200,13336300.0,2026-08-10,16:14:59
600025,华能水电,9.74,9.67,9.65,9.81,9.65,213826.0,208820000.0,1814.67,1814.67,21.25,2.7,0.11,10870100,10512500.0,2026-08-10,16:14:56
600026,中远海能,17.66,17.7,17.55,17.92,17.31,394876.0,694430000.0,966.22,676.02,17.56,2.09,1.03,19147800,20339800.0,2026-08-10,16:14:40
600027,华电国际,4.67,4.67,4.66,4.69,4.65,615029.0,287300000.0,542.27,430.37,9.23,1.12,0.67,27002500,34500400.0,2026-08-10,16:14:35
600028,中国石化,5.12,5.1,5.09,5.17,5.08,2068866.0,1064490000.0,6191.39,4851.33,17.42,0.76,0.22,107004500,99882100.0,2026-08-10,16:14:42
600029,南方航空,5.15,5.15,5.12,5.16,5.1,604156.0,310220000.0,933.23,694.06,30.25,2.52,0.45,29795200,30620400.0,2026-08-10,16:14:47
600030,中信证券,27.95,27.95,27.99,28.14,27.86,915438.0,2562010000.0,4366.98,3403.35,12.96,1.53,0.75,45565800,45978000.0,2026-08-10,16:14:47
600031,三一重工,19.74,19.58,19.51,20.06,19.42,682099.0,1348670000.0,1815.09,1672.84,21.56,2.04,0.8,35615300,32594600.0,2026-08-10,16:14:38
600032,浙江新能,7.65,7.34,7.36,7.85,7.32,524187.0,397830000.0,183.96,183.96,40.84,1.44,2.18,29659800,22759000.0,2026-08-10,16:14:46
600033,福建高速,3.57,3.54,3.55,3.61,3.54,241335.0,86510000.0,97.98,97.98,10.23,0.79,0.88,13591000,10542500.0,2026-08-10,16:14:53
600035,楚天高速,3.47,3.44,3.44,3.47,3.43,131888.0,45620000.0,55.87,55.87,11.12,0.63,0.82,7922800,5266000.0,2026-08-10,16:14:50
600036,招商银行,38.91,38.8,38.79,39.27,38.7,651758.0,2544400000.0,9813.04,8026.72,6.51,0.89,0.32,34695600,30480100.0,2026-08-10,16:14:52
600037,歌华有线,7.02,6.96,6.96,7.05,6.92,132589.0,92880000.0,97.7,97.7,144.66,0.77,0.95,6973300,6285600.0,2026-08-10,16:14:31
600038,中直股份,26.99,26.34,26.3,27.03,26.2,78223.0,209290000.0,221.29,180.55,45.37,1.27,1.17,4772700,3049600.0,2026-08-10,16:14:40
600039,四川路桥,8.45,8.34,8.33,8.58,8.27,201765.0,170480000.0,734.78,734.78,10.47,1.5,0.23,10944700,9231800.0,2026-08-10,16:14:47
600048,保利发展,5.36,5.3,5.34,5.45,5.33,1444107.0,778940000.0,641.62,641.62,254.87,0.33,1.21,80808900,63601800.0,2026-08-10,16:14:42
600050,中国联通,4.33,4.3,4.29,4.37,4.27,1269218.0,550100000.0,1353.75,1341.88,15.64,0.8,0.41,77406300,49515600.0,2026-08-10,16:14:44
600051,宁波联合,6.26,6.08,6.06,6.26,6.04,68777.0,42560000.0,19.46,19.46,25.67,0.57,2.21,4334800,2542900.0,2026-08-10,16:14:44
600052,东望时代,3.85,3.77,3.79,3.86,3.73,121193.0,46300000.0,32.5,32.5,-6.76,1.51,1.44,6309300,5810000.0,2026-08-10,16:14:35
600053,*ST九鼎,7.37,7.36,7.36,7.41,7.35,9083.0,6700000.0,31.95,31.95,-8.91,1.44,0.21,545900,362400.0,2026-08-10,16:14:47
600054,黄山旅游,11.36,11.24,11.24,11.4,11.19,52098.0,59080000.0,82.86,58.31,28.55,1.74,1.01,3060200,2149600.0,2026-08-10,16:14:40
600055,万东医疗,11.51,11.51,11.56,11.9,11.4,78430.0,91230000.0,80.92,80.92,-29.02,1.82,1.12,3934800,3908200.0,2026-08-10,16:14:46
600056,中国医药,9.47,9.4,9.4,9.58,9.39,204960.0,194730000.0,141.66,141.61,29.34,1.19,1.37,10398100,10098000.0,2026-08-10,16:14:47
600057,厦门象屿,6.36,6.24,6.24,6.41,6.21,167491.0,106380000.0,180.56,133.08,13.83,1.17,0.8,8246700,8502400.0,2026-08-10,16:14:34
600058,五矿发展,11.3,10.65,10.65,11.44,10.6,228107.0,253990000.0,121.13,121.13,-390.6,2.5,2.13,13745100,9065600.0,2026-08-10,16:14:58
600059,古越龙山,7.99,7.9,7.9,8.07,7.88,110281.0,88360000.0,72.83,72.83,32.33,1.25,1.21,5920000,5108200.0,2026-08-10,16:14:58
600060,海信视像,26.0,25.24,25.27,26.03,25.27,95098.0,245520000.0,339.29,338.04,13.62,1.65,0.73,4956100,4553700.0,2026-08-10,16:14:38
600061,国投资本,6.43,6.4,6.4,6.47,6.4,247142.0,159090000.0,411.14,411.14,12.22,0.77,0.39,12861800,11852400.0,2026-08-10,16:14:43
600062,华润双鹤,16.4,16.36,16.38,16.56,16.3,111591.0,183410000.0,170.33,170.27,10.48,1.45,1.07,6178300,4980800.0,2026-08-10,16:14:49
600063,皖维高新,6.05,6.13,6.11,6.17,6.0,484063.0,292920000.0,125.18,125.18,27.67,1.49,2.34,18030200,30376100.0,2026-08-10,16:14:54
600064,南京高科,7.65,7.64,7.64,7.75,7.63,159527.0,122810000.0,132.37,132.37,7.5,0.69,0.92,7668600,8284100.0,2026-08-10,16:14:45
600066,宇通客车,32.97,31.9,31.81,32.98,31.72,166965.0,545180000.0,729.94,729.94,13.3,5.63,0.75,9437400,7259100.0,2026-08-10,16:14:52
600067,冠城新材,2.82,2.73,2.74,2.82,2.72,264248.0,73500000.0,39.25,39.25,203.43,0.71,1.9,15995100,10429700.0,2026-08-10,16:14:37
600070,*ST富润,0.42,0.42,0.0,0.0,0.0,0.0,0.0,2.13,2.13,-3.9,0.72,0.0,0,0.0,2026-08-10,09:00:00
600071,凤凰光学,15.77,15.58,15.6,15.77,15.38,21166.0,33080000.0,44.4,44.4,163.27,8.72,0.75,1203300,913300.0,2026-08-10,16:14:38
600072,中船科技,9.02,8.86,8.85,9.05,8.83,185298.0,166460000.0,135.36,97.72,-4.13,1.78,1.71,8450700,10079100.0,2026-08-10,16:14:55
600073,光明肉业,5.24,5.09,5.09,5.25,5.09,116387.0,60630000.0,49.14,49.14,-19.77,1.05,1.24,6840000,4798700.0,2026-08-10,16:14:37
600075,新疆天业,4.62,4.54,4.54,4.65,4.53,174611.0,80500000.0,78.9,78.9,-79.74,0.89,1.02,9693500,7767700.0,2026-08-10,16:14:46
600076,康欣新材,3.06,3.01,3.04,3.06,2.97,184877.0,56060000.0,41.14,41.14,-10.52,1.16,1.38,9860900,8626800.0,2026-08-10,16:14:42
600078,澄星股份,11.52,11.05,11.18,11.67,10.99,318061.0,360980000.0,77.97,76.33,108.32,4.58,4.8,17158800,14647300.0,2026-08-10,16:15:00
600079,ST人福,18.12,17.95,17.94,18.35,17.91,149018.0,271350000.0,295.76,279.62,15.54,1.59,0.97,7336600,7565300.0,2026-08-10,16:14:48
600080,ST金花,4.96,4.89,4.87,4.97,4.87,18768.0,9260000.0,18.51,18.51,101.34,1.16,0.5,1111800,765000.0,2026-08-10,16:14:36
600081,东风科技,10.04,9.93,9.94,10.09,9.83,24623.0,24630000.0,55.52,55.52,242.95,1.2,0.45,1499600,962700.0,2026-08-10,16:14:52
600082,ST海泰,2.85,2.83,2.81,2.86,2.77,76243.0,21520000.0,18.41,18.08,-25.29,1.09,1.2,4038900,3585400.0,2026-08-10,16:14:34
600084,*ST尼雅,4.25,4.23,4.24,4.3,4.22,24255.0,10330000.0,47.76,47.76,-212.34,3.75,0.22,1074000,1351500.0,2026-08-10,16:14:35
600085,同仁堂,25.14,25.04,25.03,25.5,24.9,119766.0,302280000.0,344.79,344.79,31.97,2.57,0.87,5747100,6229500.0,2026-08-10,16:14:56
600088,中视传媒,11.86,11.67,11.67,11.91,11.61,38663.0,45620000.0,47.17,47.17,-573.39,3.79,0.97,2082300,1784000.0,2026-08-10,16:14:48
600089,特变电工,21.47,21.33,21.34,21.8,21.34,1051968.0,2268770000.0,1084.83,1084.83,17.59,1.55,2.08,52075100,53121700.0,2026-08-10,16:14:34
600094,大名城,4.44,4.46,4.46,4.5,4.38,231016.0,102820000.0,103.23,94.4,71.55,1.0,1.09,11424400,11677200.0,2026-08-10,16:14:50
600095,湘财股份,8.18,8.18,8.18,8.29,8.13,246720.0,201960000.0,233.88,233.88,53.27,1.9,0.86,11561600,13110400.0,2026-08-10,16:14:32
600096,云天化,30.14,30.1,30.11,31.01,30.02,380430.0,1159590000.0,549.45,549.45,10.39,2.3,2.09,17987200,20055800.0,2026-08-10,16:14:36
600097,开创国际,8.63,8.3,8.34,8.65,8.3,44778.0,38130000.0,20.79,20.79,80.57,0.93,1.86,2836700,1641100.0,2026-08-10,16:14:53
600098,广州发展,6.3,6.27,6.27,6.34,6.25,170655.0,107540000.0,220.87,220.87,9.19,0.82,0.49,7957600,9107900.0,2026-08-10,16:14:34
600099,林海股份,8.9,8.6,8.59,8.97,8.55,31912.0,28110000.0,19.5,19.5,77.32,3.6,1.46,2024300,1166900.0,2026-08-10,16:14:35
600100,同方股份,7.1,7.09,7.08,7.13,7.03,193259.0,137150000.0,237.87,237.87,71.76,1.51,0.58,9423300,9902600.0,2026-08-10,16:14:50
600101,明星电力,8.28,8.23,8.23,8.3,8.18,142169.0,117400000.0,45.36,45.36,27.73,1.45,2.59,7001200,7215700.0,2026-08-10,16:14:34
600103,青山纸业,2.98,2.93,2.95,2.98,2.88,844155.0,248460000.0,66.78,65.93,170.52,1.69,3.82,44437700,39977800.0,2026-08-10,16:14:31
600104,上汽集团,10.48,10.45,10.48,10.61,10.43,505537.0,531850000.0,1204.71,1204.71,11.92,0.4,0.44,23267900,27285800.0,2026-08-10,16:14:53
600105,永鼎股份,37.67,39.0,39.01,39.25,36.65,1473142.0,5542520000.0,550.73,550.73,536.3,16.71,10.08,64943100,82371000.0,2026-08-10,16:14:51
600106,重庆路桥,4.56,4.48,4.49,4.62,4.49,109288.0,49790000.0,60.6,60.6,71.18,1.15,0.82,5551300,5377500.0,2026-08-10,16:14:49
600107,*ST尔雅,5.24,5.11,5.13,5.3,5.05,16094.0,8340000.0,18.86,18.86,-24.47,4.65,0.45,958900,650500.0,2026-08-10,16:14:49
600108,亚盛集团,3.26,3.15,3.15,3.28,3.13,962948.0,307670000.0,63.47,63.47,119.04,1.47,4.95,58495100,37799700.0,2026-08-10,16:14:52
600109,国金证券,8.73,8.73,8.71,8.77,8.71,183185.0,160130000.0,323.48,323.48,13.55,0.9,0.49,7170100,11148400.0,2026-08-10,16:14:41
600110,诺德股份,10.41,10.46,10.8,10.89,10.12,2449543.0,2546250000.0,180.63,180.63,-146.66,3.01,14.12,113781900,131172400.0,2026-08-10,16:14:34
600111,北方稀土,43.67,44.06,44.08,44.19,42.89,923119.0,4022760000.0,1578.7,1578.7,57.65,6.29,2.55,41219600,51092300.0,2026-08-10,16:14:39
600113,浙江东日,31.9,31.48,31.5,32.68,31.33,72450.0,231770000.0,134.36,131.25,95.59,5.36,1.76,3006900,4238100.0,2026-08-10,16:14:48
600114,东睦股份,29.53,29.42,29.37,29.85,28.79,175937.0,514560000.0,186.45,182.02,33.9,5.52,2.85,8436900,9156800.0,2026-08-10,16:14:38
600115,中国东航,3.7,3.69,3.68,3.7,3.66,1060601.0,390560000.0,817.25,629.92,82.14,5.8,0.62,47158800,58901400.0,2026-08-10,16:14:34
600116,三峡水利,6.57,6.4,6.4,6.65,6.38,230721.0,151280000.0,125.63,125.63,26.58,1.12,1.21,11252700,11819400.0,2026-08-10,16:14:39
600117,西宁特钢,2.3,2.27,2.27,2.3,2.25,134766.0,30760000.0,74.87,74.87,-7.46,2.18,0.41,8418700,5057900.0,2026-08-10,16:14:56
600118,中国卫星,69.13,68.68,69.6,69.99,65.92,528455.0,3595260000.0,817.45,817.45,4815.37,12.95,4.47,25395900,27449500.0,2026-08-10,16:14:57
600119,*ST长投,4.62,4.47,4.44,4.62,4.43,25273.0,11450000.0,16.88,16.88,-39.34,22.74,0.69,1616700,910600.0,2026-08-10,16:14:48
600120,浙江东方,5.15,5.12,5.11,5.18,5.09,301752.0,155330000.0,175.89,175.89,18.99,1.08,0.88,15247300,14927900.0,2026-08-10,16:14:47
600121,郑州煤电,4.03,4.0,3.99,4.06,3.96,823715.0,330650000.0,49.1,49.1,-4.62,6.67,6.76,41903800,40467700.0,2026-08-10,16:14:51
600123,兰花科创,7.24,6.99,6.99,7.28,6.92,354016.0,254590000.0,106.66,106.66,-17.75,0.71,2.4,20363800,15037800.0,2026-08-10,16:14:30
600125,铁龙物流,5.49,5.44,5.42,5.53,5.4,124054.0,68130000.0,71.67,71.67,13.3,0.93,0.95,7126400,5279000.0,2026-08-10,16:14:52
600126,杭钢股份,6.7,6.51,6.51,6.79,6.46,978102.0,648120000.0,226.27,226.27,329.16,1.17,2.9,56858700,40951500.0,2026-08-10,16:14:43
600127,金健米业,6.3,6.32,6.2,6.4,6.12,549685.0,344730000.0,40.43,40.43,-775.27,6.02,8.56,27458200,27510300.0,2026-08-10,16:14:45
600128,苏豪弘业,8.28,7.97,7.99,8.3,7.99,52756.0,43270000.0,20.84,20.43,35.92,0.98,2.14,3409700,1865900.0,2026-08-10,16:14:49
600129,太极集团,16.25,16.28,16.35,16.82,16.08,371372.0,607310000.0,89.61,89.61,80.26,2.51,6.73,15984800,21152400.0,2026-08-10,16:14:39
600130,波导股份,4.36,4.27,4.28,4.38,4.21,297287.0,128110000.0,32.7,32.7,570.67,3.6,3.96,17219600,12509100.0,2026-08-10,16:14:41
600131,国网信通,15.62,15.5,15.43,15.76,15.43,72600.0,113370000.0,186.97,186.8,30.02,2.85,0.61,3661200,3598900.0,2026-08-10,16:14:32
600132,重庆啤酒,44.31,44.06,44.07,44.77,43.76,47245.0,209700000.0,214.45,214.45,17.93,17.19,0.98,2506600,2218000.0,2026-08-10,16:14:59
600133,东湖高新,8.44,8.49,8.5,8.61,8.36,209982.0,177770000.0,89.99,89.99,32.47,1.01,1.97,8820100,12178100.0,2026-08-10,16:14:52
600135,乐凯胶片,7.64,7.37,7.37,7.7,7.26,98303.0,73780000.0,42.27,42.27,-45.04,1.79,1.78,5434600,4395700.0,2026-08-10,16:14:53
600136,ST明诚,1.43,1.42,1.42,1.44,1.41,64380.0,9180000.0,29.18,27.79,-126.41,12.89,0.33,2843900,3594100.0,2026-08-10,16:14:59
600137,浪莎股份,17.98,17.46,17.44,18.0,17.3,18128.0,32270000.0,17.48,17.48,56.68,3.21,1.86,1225900,586900.0,2026-08-10,16:14:47
600138,中青旅,7.15,7.03,7.01,7.16,7.0,79772.0,56800000.0,51.75,51.75,64.44,0.83,1.1,4764700,3212400.0,2026-08-10,16:14:34
600141,兴发集团,33.06,31.47,32.3,34.59,32.16,623965.0,2078130000.0,397.3,397.3,27.63,1.63,5.19,30328800,32067700.0,2026-08-10,16:14:35
600143,金发科技,15.71,16.23,16.3,16.33,15.7,583203.0,923580000.0,419.98,413.93,34.76,2.15,2.21,23509900,34810400.0,2026-08-10,16:14:44
600148,长春一东,15.49,15.0,14.99,15.55,14.99,22745.0,34940000.0,21.92,21.92,132.84,4.61,1.61,1245800,1028700.0,2026-08-10,16:14:36
600149,廊坊发展,4.92,4.76,4.78,4.94,4.76,100349.0,48940000.0,18.7,18.7,116.25,7.33,2.64,6085500,3949400.0,2026-08-10,16:14:56
600150,中国船舶,34.83,34.85,34.77,35.28,34.63,818317.0,2855420000.0,2621.17,2621.17,23.18,1.79,1.09,35038200,46793500.0,2026-08-10,16:14:38
600151,航天机电,11.03,11.12,11.17,11.25,10.74,281090.0,307040000.0,158.2,158.2,-35.11,3.59,1.96,13687500,14421500.0,2026-08-10,16:14:49
600152,维科技术,8.28,8.11,8.18,8.3,8.06,182281.0,148890000.0,43.81,43.81,-41.57,2.67,3.45,9922100,8306000.0,2026-08-10,16:14:58
600153,建发股份,8.7,8.63,8.63,8.8,8.63,159855.0,139670000.0,252.26,252.26,-2.36,0.61,0.55,8896000,7089600.0,2026-08-10,16:14:53
600155,华创云信,5.92,5.91,5.96,5.98,5.9,203176.0,120530000.0,131.04,131.04,51.86,0.65,0.92,9191400,11126300.0,2026-08-10,16:14:53
600156,华升股份,8.26,8.4,8.31,8.48,8.16,159905.0,131910000.0,33.21,33.21,-116.52,9.09,3.98,6830600,9159900.0,2026-08-10,16:14:31
600157,永泰能源,1.6,1.6,1.59,1.61,1.59,3850141.0,615660000.0,349.08,349.08,159.11,0.74,1.76,189216900,195797200.0,2026-08-10,16:14:31
600158,中体产业,7.26,7.04,7.08,7.27,7.02,412118.0,296260000.0,69.66,69.66,-36.33,2.9,4.3,23343000,17868700.0,2026-08-10,16:14:41
600159,大龙地产,2.54,2.45,2.49,2.55,2.45,170016.0,42620000.0,21.08,21.08,-7.85,1.45,2.05,9519700,7481900.0,2026-08-10,16:14:32
600160,巨化股份,44.26,43.29,43.0,44.5,43.0,350773.0,1536750000.0,1194.91,1194.91,28.78,5.8,1.3,18941500,16135800.0,2026-08-10,16:14:45
600161,天坛生物,12.78,12.49,12.47,12.97,12.47,215468.0,275020000.0,252.71,252.71,25.98,2.15,1.09,11722000,9824700.0,2026-08-10,16:14:37
600162,香江控股,3.9,3.72,3.7,3.99,3.7,1830883.0,706720000.0,127.47,127.47,-145.47,2.23,5.6,88941000,94147300.0,2026-08-10,16:14:49
600163,中闽能源,5.32,5.25,5.26,5.33,5.23,191869.0,101610000.0,101.24,101.24,21.69,1.39,1.01,9864500,9322400.0,2026-08-10,16:14:59
600165,ST宁科,2.41,2.42,2.41,2.44,2.4,37282.0,9000000.0,38.94,17.66,-42.98,3.41,0.51,1523700,2204500.0,2026-08-10,16:14:59
600166,福田汽车,3.07,3.04,3.03,3.09,3.02,1060343.0,324310000.0,243.06,243.06,17.0,1.51,1.34,54057900,51976400.0,2026-08-10,16:14:37
600167,联美控股,5.83,5.78,5.8,5.86,5.75,78047.0,45460000.0,131.92,131.92,21.97,1.13,0.34,3602300,4202300.0,2026-08-10,16:14:34
600168,武汉控股,4.34,4.24,4.25,4.35,4.24,86955.0,37530000.0,43.11,43.11,41.88,0.8,0.88,5569400,3126100.0,2026-08-10,16:14:52
600169,ST太重,2.06,2.05,2.04,2.06,2.03,114662.0,23500000.0,68.66,68.66,28.32,1.32,0.34,6315700,5150500.0,2026-08-10,16:14:37
600170,上海建工,2.33,2.31,2.31,2.34,2.29,1195418.0,277680000.0,207.04,207.04,14.61,0.67,1.35,67465600,52076200.0,2026-08-10,16:15:00
600171,上海贝岭,23.38,23.48,23.45,23.59,23.16,108748.0,253320000.0,165.75,165.75,75.25,3.71,1.53,4848900,6025900.0,2026-08-10,16:14:33
600172,黄河旋风,12.37,12.18,12.2,12.43,11.82,1679050.0,2036970000.0,178.4,158.73,-20.29,38.48,13.08,82195100,85709900.0,2026-08-10,16:14:54
600173,卧龙新能,6.3,6.22,6.27,6.36,6.18,72638.0,45650000.0,44.13,44.13,-21.01,1.23,1.04,4740500,2523300.0,2026-08-10,16:14:49
600176,中国巨石,43.28,44.38,44.86,44.95,41.88,3047221.0,13118010000.0,1732.56,1718.9,45.33,5.49,7.67,135900600,168821500.0,2026-08-10,16:14:47
600177,雅戈尔,7.69,7.62,7.59,7.77,7.58,345584.0,266650000.0,355.54,346.31,13.86,0.86,0.77,19244500,15313800.0,2026-08-10,16:14:32
600178,东安动力,10.15,9.49,9.5,10.15,9.42,201809.0,200660000.0,47.35,47.35,-426.06,1.87,4.33,12194600,7986300.0,2026-08-10,16:14:34
600179,安通控股,4.24,4.24,4.25,4.28,4.22,235262.0,100000000.0,179.42,163.76,16.33,1.48,0.61,9771500,13754700.0,2026-08-10,16:14:41
600180,*ST瑞茂,1.58,1.5,1.5,1.58,1.5,218790.0,33720000.0,17.17,17.17,-0.5,0.4,2.01,14928700,6950300.0,2026-08-10,16:14:54
600182,S佳通,13.12,13.07,13.04,13.17,12.98,18040.0,23600000.0,44.61,22.3,20.2,4.22,1.06,1020100,783900.0,2026-08-10,16:14:31
600183,生益科技,138.57,139.98,141.98,143.48,134.39,942162.0,13037740000.0,3365.87,3341.96,85.68,21.06,3.91,43559600,50656600.0,2026-08-10,16:14:56
600184,光电股份,18.06,18.24,18.37,18.38,17.71,149763.0,268180000.0,105.24,105.24,205.37,3.1,2.57,6819200,8157100.0,2026-08-10,16:14:42
600185,珠免集团,4.77,4.7,4.7,4.81,4.68,190259.0,90560000.0,89.91,89.91,-10.0,104.15,1.01,10177100,8848800.0,2026-08-10,16:14:42
600186,莲花控股,10.88,9.89,10.28,10.88,9.81,2803378.0,2872560000.0,195.05,193.7,55.48,10.33,15.75,144527800,135810000.0,2026-08-10,16:14:51
600187,*ST国中,1.35,1.38,1.36,1.37,1.33,277779.0,37490000.0,21.79,21.79,-11.09,0.73,1.72,10883600,16894300.0,2026-08-10,16:14:54
600188,兖矿能源,21.78,21.33,21.23,21.98,21.23,562369.0,1221750000.0,2186.03,1298.38,21.48,2.98,0.94,28763500,27473400.0,2026-08-10,16:14:56
600189,泉阳泉,7.57,7.39,7.37,7.62,7.34,129182.0,97350000.0,54.14,54.14,270.54,4.38,1.81,7092100,5826100.0,2026-08-10,16:14:49
600190,退市锦港,0.63,0.63,0.0,0.0,0.0,0.0,0.0,12.61,11.21,-22.51,-9.07,0.0,0,0.0,2026-08-10,09:00:00
600191,华资实业,10.53,10.7,10.82,10.83,10.27,157102.0,165480000.0,51.06,51.06,74.31,2.99,3.24,8816400,6893700.0,2026-08-10,16:14:35
600192,长城电工,7.89,7.17,7.13,7.89,7.1,310641.0,235550000.0,34.85,34.85,-9.55,4.59,7.03,17041800,14022300.0,2026-08-10,16:14:41
600193,退市创兴,0.16,0.16,0.0,0.0,0.0,0.0,0.0,0.68,0.68,-2.65,1.03,0.0,0,0.0,2026-08-10,09:00:00
600195,中牧股份,6.67,6.56,6.55,6.68,6.52,59825.0,39750000.0,68.11,68.11,51.8,1.21,0.59,3539300,2443200.0,2026-08-10,16:14:40
600196,复星医药,24.12,23.75,24.0,24.55,23.9,495491.0,1199150000.0,644.11,510.98,18.53,1.34,2.34,25321500,24227600.0,2026-08-10,16:14:38
600197,伊力特,10.57,10.34,10.31,10.64,10.31,96762.0,101860000.0,50.01,50.01,28.25,1.26,2.04,6422100,3254100.0,2026-08-10,16:14:40
600198,大唐电信,7.27,7.2,7.17,7.27,7.07,164441.0,118190000.0,94.77,94.65,-194.08,49.25,1.26,9309600,7134500.0,2026-08-10,16:14:57
600199,金种子酒,8.09,8.06,8.0,8.28,7.98,510604.0,415100000.0,53.22,53.22,-30.43,2.74,7.76,25404600,25655800.0,2026-08-10,16:14:53
600200,退市苏吴,0.29,0.29,0.0,0.0,0.0,0.0,0.0,2.06,2.06,-0.96,0.12,0.0,0,0.0,2026-08-10,09:00:00
600201,生物股份,13.97,13.86,13.94,14.1,13.62,197609.0,273570000.0,153.66,153.66,106.87,2.87,1.8,9203500,10557400.0,2026-08-10,16:14:41
600202,哈空调,5.0,4.83,4.84,5.0,4.8,68017.0,33570000.0,19.17,19.17,-142.62,2.36,1.77,4280300,2521400.0,2026-08-10,16:14:44
600203,福日电子,10.31,10.4,10.44,10.55,10.2,172062.0,176840000.0,61.14,61.14,479.14,3.56,2.9,7062200,10144000.0,2026-08-10,16:14:37
600206,有研新材,52.03,48.17,50.0,52.99,50.0,1582009.0,8110520000.0,440.46,440.46,138.51,10.1,18.69,79778700,78422300.0,2026-08-10,16:14:37
600207,安彩高科,4.49,4.45,4.46,4.5,4.37,146647.0,65160000.0,48.91,48.91,-6.37,2.6,1.35,7070200,7594500.0,2026-08-10,16:14:56
600208,衢州发展,3.1,3.09,3.07,3.18,3.06,1586257.0,494960000.0,263.78,263.75,173.96,0.63,1.86,72762200,85863400.0,2026-08-10,16:14:53
600210,紫江企业,6.16,6.12,6.13,6.2,6.1,164298.0,101320000.0,93.43,93.43,8.6,1.46,1.08,8280700,8149100.0,2026-08-10,16:14:59
600211,西藏药业,39.73,39.56,40.29,40.58,39.59,55886.0,223740000.0,128.06,128.06,13.24,3.54,1.73,2778000,2810600.0,2026-08-10,16:14:53
600212,绿能慧充,5.51,5.43,5.4,5.53,5.35,75580.0,41410000.0,38.8,29.27,1806.34,6.72,1.42,4374600,3183300.0,2026-08-10,16:14:48
600215,派斯林,6.38,6.3,6.34,6.43,6.18,62880.0,39580000.0,29.15,29.15,-8.16,1.19,1.38,3785400,2502600.0,2026-08-10,16:14:41
600216,浙江医药,12.42,12.27,12.33,12.58,12.33,271479.0,338280000.0,119.44,118.16,15.9,1.09,2.85,14064600,13083300.0,2026-08-10,16:14:57
600217,中再资环,3.21,3.13,3.12,3.22,3.11,117518.0,37320000.0,53.21,53.21,-8.75,1.87,0.71,7524400,4227400.0,2026-08-10,16:14:52
600218,全柴动力,7.67,7.53,7.54,7.69,7.53,52754.0,40250000.0,33.41,33.41,50.77,1.03,1.21,3444400,1831000.0,2026-08-10,16:14:33
600219,南山铝业,5.02,4.84,4.86,5.03,4.85,2462519.0,1217730000.0,576.48,576.48,13.95,1.17,2.14,147945900,98306000.0,2026-08-10,16:14:53
600221,海航控股,1.34,1.33,1.34,1.35,1.33,1594317.0,213760000.0,579.09,574.13,16.87,8.33,0.37,94227800,65203900.0,2026-08-10,16:14:43
600222,太龙药业,7.81,7.82,7.82,8.08,7.7,157970.0,123750000.0,43.69,43.69,71.54,2.86,2.82,6873500,8923600.0,2026-08-10,16:14:55
600223,福瑞达,5.7,5.54,5.54,5.8,5.5,114295.0,64940000.0,57.94,57.94,34.3,1.38,1.12,6856200,4573200.0,2026-08-10,16:14:55
600226,亨通股份,6.05,6.17,6.19,6.25,5.9,1808783.0,1089930000.0,179.95,179.95,88.8,4.86,6.08,73412000,107466300.0,2026-08-10,16:14:41
600227,赤天化,3.67,3.34,3.29,3.67,3.29,2004963.0,714030000.0,61.98,46.89,-23.99,2.76,15.69,92352800,108143500.0,2026-08-10,16:14:41
600228,返利科技,8.25,7.94,8.05,8.28,7.91,382287.0,312110000.0,34.38,34.32,-54.25,9.0,9.19,20743600,17485100.0,2026-08-10,16:14:35
600229,城市传媒,5.17,5.01,5.02,5.19,5.01,52681.0,27090000.0,34.16,34.16,-7.88,1.24,0.8,2776700,2491400.0,2026-08-10,16:14:33
600230,沧州大化,15.93,14.88,14.88,16.0,14.65,313318.0,488140000.0,65.94,65.94,81.86,1.63,7.57,17069800,14262000.0,2026-08-10,16:14:37
600231,凌钢股份,1.72,1.68,1.68,1.72,1.68,110529.0,18860000.0,49.4,48.79,-2.77,1.39,0.39,7407300,3645600.0,2026-08-10,16:14:46
600232,金鹰股份,6.5,6.11,6.0,6.56,6.0,96262.0,61120000.0,23.71,23.71,64.71,2.47,2.64,5010700,4615500.0,2026-08-10,16:14:55
600233,圆通速递,18.89,18.49,18.52,19.02,18.42,223446.0,420340000.0,646.8,646.8,13.36,1.83,0.65,11543500,10801200.0,2026-08-10,16:14:43
600234,科新发展,21.22,20.63,20.6,21.72,20.55,42356.0,89570000.0,55.71,55.71,-272.94,12.37,1.61,1751300,2484300.0,2026-08-10,16:14:59
600235,民丰特纸,5.71,5.45,5.48,5.72,5.45,72152.0,40660000.0,20.06,20.06,201.42,1.33,2.05,4525100,2690100.0,2026-08-10,16:14:51
600236,桂冠电力,10.89,10.8,10.77,10.96,10.66,290537.0,314230000.0,858.39,858.39,22.29,4.74,0.37,14270900,14782800.0,2026-08-10,16:14:52
600237,铜峰电子,8.84,8.94,8.88,9.02,8.68,396762.0,348950000.0,55.74,55.22,47.54,2.86,6.35,16185400,23490800.0,2026-08-10,16:14:58
600238,ST椰岛,4.31,4.27,4.22,4.34,4.22,36461.0,15690000.0,19.32,19.19,-90.07,24.77,0.82,2113500,1532600.0,2026-08-10,16:14:37
600239,ST云城,1.41,1.39,1.39,1.41,1.38,141038.0,19700000.0,22.64,22.64,-8.34,2.24,0.88,6792600,7311200.0,2026-08-10,16:14:52
600241,时代万恒,7.26,7.13,7.19,7.32,7.04,69486.0,50070000.0,21.37,21.37,-14.49,2.09,2.36,3857100,3091500.0,2026-08-10,16:14:43
600243,*ST海华,3.55,3.63,3.6,3.6,3.45,79244.0,27980000.0,15.58,15.58,-17.68,2.82,1.81,4058400,3866000.0,2026-08-10,16:14:59
600246,万通发展,12.4,12.6,12.7,12.73,11.95,913180.0,1118210000.0,240.93,234.41,-32.92,5.27,4.83,40995700,50322300.0,2026-08-10,16:14:32
600248,陕建股份,2.87,2.84,2.84,2.9,2.83,203903.0,58640000.0,106.59,106.35,-779.48,0.39,0.55,10348500,10041800.0,2026-08-10,16:14:46
600249,两面针,5.33,5.13,5.11,5.37,5.11,120687.0,63750000.0,29.32,29.32,-205.55,1.37,2.19,7292600,4776100.0,2026-08-10,16:14:47
600250,南京商旅,8.59,8.35,8.4,8.6,8.31,74828.0,63630000.0,26.87,26.87,270.22,4.3,2.39,4958300,2524500.0,2026-08-10,16:14:33
600251,冠农股份,9.73,9.43,9.44,9.75,9.43,147829.0,142050000.0,75.6,75.6,16.63,1.89,1.9,8868300,5914600.0,2026-08-10,16:14:48
600252,中恒集团,2.25,2.23,2.23,2.28,2.22,433996.0,97710000.0,71.64,71.64,-17.56,1.36,1.36,21272500,22127100.0,2026-08-10,16:14:31
600255,鑫科材料,3.45,3.42,3.47,3.47,3.37,795106.0,271110000.0,62.31,62.31,115.88,4.15,4.4,35258800,44251800.0,2026-08-10,16:14:39
600256,广汇能源,5.79,5.67,5.68,5.87,5.68,1165275.0,674340000.0,370.1,370.1,41.66,1.54,1.82,58886800,57640700.0,2026-08-10,16:14:41
600257,大湖股份,5.49,5.28,5.31,5.51,5.27,216274.0,117370000.0,26.42,26.42,474.52,3.3,4.49,11996800,9630600.0,2026-08-10,16:14:47
600258,首旅酒店,12.3,11.93,11.92,12.44,11.88,255187.0,311410000.0,137.34,137.34,16.4,1.17,2.29,15131500,10387100.0,2026-08-10,16:14:43
600259,中稀有色,90.5,90.68,89.98,91.0,86.3,194379.0,1718290000.0,304.47,304.47,121.21,8.43,5.78,8939100,10498800.0,2026-08-10,16:14:54
600261,阳光照明,3.07,3.02,3.03,3.08,3.02,84481.0,25880000.0,40.99,40.99,30.13,1.22,0.63,5672600,2775500.0,2026-08-10,16:14:41
600262,北方股份,15.25,15.43,15.43,15.55,15.03,141193.0,215200000.0,36.3,36.3,15.97,2.01,5.93,6502400,7616900.0,2026-08-10,16:14:58
600265,*ST景谷,23.57,22.83,22.77,23.6,22.7,12163.0,28230000.0,30.59,30.59,-13.28,14.45,0.94,654000,562300.0,2026-08-10,16:14:37
600266,城建发展,4.18,4.03,4.3,4.43,4.16,918470.0,393150000.0,86.77,86.77,-29.68,0.48,4.42,45673300,46173700.0,2026-08-10,16:14:30
600267,海正药业,14.24,13.11,13.87,14.42,13.7,1725926.0,2449960000.0,168.07,168.07,23.94,1.98,14.62,74242300,98350300.0,2026-08-10,16:14:39
600268,国电南自,11.25,11.2,11.25,11.4,11.17,169952.0,191740000.0,114.25,114.24,23.21,3.2,1.67,7634400,9360700.0,2026-08-10,16:14:51
600269,赣粤高速,3.94,3.9,3.9,3.97,3.88,241917.0,95300000.0,92.02,92.02,12.72,0.48,1.04,12786300,11405400.0,2026-08-10,16:14:43
600271,航天信息,7.05,6.94,6.93,7.06,6.88,126673.0,88700000.0,130.63,130.63,-18.85,1.01,0.68,7701800,4965500.0,2026-08-10,16:14:51
600272,开开实业,14.27,12.97,14.27,14.27,14.27,59043.0,84250000.0,37.48,22.83,162.91,4.74,3.69,799900,5104400.0,2026-08-10,16:14:40
600273,嘉化能源,6.93,6.85,6.85,7.05,6.82,184138.0,128400000.0,90.87,90.87,11.14,0.92,1.4,9741700,8672000.0,2026-08-10,16:14:36
600276,恒瑞医药,54.18,54.62,55.0,55.88,53.63,1183657.0,6470270000.0,3596.03,3456.14,44.29,5.77,1.86,53661600,64704100.0,2026-08-10,16:14:43
600278,东方创业,6.4,6.28,6.25,6.41,6.25,54420.0,34630000.0,55.07,55.07,30.18,0.74,0.63,3594400,1847600.0,2026-08-10,16:14:32
600279,重庆港,4.32,4.25,4.25,4.34,4.24,68831.0,29640000.0,51.27,51.27,87.73,0.76,0.58,4442600,2440500.0,2026-08-10,16:14:33
600280,中央商场,2.98,2.88,2.88,2.98,2.86,302678.0,89120000.0,33.62,33.62,-8.37,12.65,2.68,16721400,13546400.0,2026-08-10,16:14:53
600281,华阳新材,4.53,4.36,4.36,4.54,4.32,109000.0,48580000.0,23.3,23.3,-22.21,41.42,2.12,6674700,4225200.0,2026-08-10,16:14:49
600282,南钢股份,4.73,4.82,4.81,4.84,4.71,494523.0,235550000.0,291.61,291.61,10.1,1.06,0.8,16598800,32853500.0,2026-08-10,16:14:32
600283,钱江水利,8.06,7.88,8.02,8.12,7.95,61513.0,49570000.0,45.2,45.2,22.6,1.49,1.1,3694200,2457000.0,2026-08-10,16:14:51
600284,浦东建设,5.17,5.13,5.11,5.19,5.11,85854.0,44300000.0,50.16,50.16,17.8,0.63,0.88,4426700,4158700.0,2026-08-10,16:14:56
600285,羚锐制药,22.39,22.24,22.2,22.74,22.07,102300.0,229620000.0,126.98,126.84,16.09,4.2,1.81,4885300,5344700.0,2026-08-10,16:14:55
600287,苏豪时尚,4.77,4.61,4.63,4.79,4.57,46579.0,22000000.0,20.84,20.84,91.22,0.91,1.07,2755400,1902500.0,2026-08-10,16:14:58
600288,大恒科技,11.29,11.03,11.05,11.35,10.99,276319.0,308930000.0,49.31,49.31,30.15,2.48,6.33,13857600,13774300.0,2026-08-10,16:14:32
600289,ST信通,4.39,4.4,4.4,4.41,4.27,29629.0,12960000.0,27.7,24.84,-5.67,3.08,0.52,1914500,1048400.0,2026-08-10,16:14:51
600292,电投水电,12.52,12.48,12.6,12.75,12.45,96205.0,120930000.0,596.48,55.0,76.61,2.77,2.19,4858800,4761700.0,2026-08-10,16:14:39
600293,三峡新材,2.86,2.77,2.79,2.87,2.77,347105.0,97970000.0,33.18,33.18,-50.45,1.95,2.99,20874900,13835600.0,2026-08-10,16:14:48
600295,鄂尔多斯,12.59,12.04,12.06,12.66,12.03,156114.0,195120000.0,352.37,248.73,13.77,1.72,0.79,9600200,6011200.0,2026-08-10,16:14:43
600298,安琪酵母,43.49,41.23,41.13,43.57,40.97,192475.0,823870000.0,377.41,372.77,23.58,3.15,2.25,9725800,9521700.0,2026-08-10,16:14:52
600299,安迪苏,8.58,8.45,8.44,8.8,8.43,586434.0,506440000.0,264.25,264.25,20.03,1.34,1.9,28059700,30583800.0,2026-08-10,16:14:43
600300,维维股份,3.2,3.13,3.12,3.2,3.1,250515.0,79600000.0,51.75,51.75,14.88,1.46,1.55,15639200,9412300.0,2026-08-10,16:14:31
600301,华锡有色,50.93,50.44,51.06,51.58,49.71,130114.0,659410000.0,322.17,140.23,38.85,6.8,4.73,6504600,6506800.0,2026-08-10,16:14:56
600302,ST标准,6.6,6.48,6.5,6.64,6.38,37743.0,24600000.0,22.84,22.84,-14.29,4.71,1.09,1825300,1948900.0,2026-08-10,16:14:37
600303,曙光股份,2.91,2.79,2.79,2.93,2.76,312570.0,89760000.0,19.89,19.72,-5.76,2.11,4.61,18136600,13120400.0,2026-08-10,16:14:55
600305,恒顺醋业,6.96,6.81,6.81,6.98,6.79,137003.0,94910000.0,76.89,76.77,50.0,2.33,1.24,8210600,5489600.0,2026-08-10,16:14:32
600307,酒钢宏兴,1.47,1.45,1.45,1.48,1.45,322266.0,47290000.0,92.07,92.07,-5.3,1.73,0.51,20518600,11707900.0,2026-08-10,16:14:37
600308,华泰股份,3.27,3.18,3.17,3.27,3.17,104591.0,33910000.0,49.6,49.6,-48.19,0.55,0.69,6686600,3772500.0,2026-08-10,16:14:53
600309,万华化学,78.01,75.72,75.5,79.1,75.49,455399.0,3549390000.0,2442.08,2442.08,18.55,2.27,1.45,24259700,21280200.0,2026-08-10,16:14:56
600310,广西能源,4.57,4.42,4.42,4.58,4.4,832835.0,374460000.0,66.98,66.98,-181.86,2.51,5.68,46664600,36618800.0,2026-08-10,16:14:33
600312,平高电气,20.29,20.47,20.38,20.73,20.23,203518.0,414680000.0,275.32,275.32,23.41,2.4,1.5,9242200,11109600.0,2026-08-10,16:14:58
600313,农发种业,5.88,5.76,5.69,5.89,5.69,346607.0,201400000.0,68.29,63.63,134.07,2.84,3.2,19994100,14666600.0,2026-08-10,16:14:43
600315,上海家化,18.02,17.26,17.25,18.04,17.13,156478.0,276240000.0,121.14,121.14,44.44,1.75,2.33,9923300,5724500.0,2026-08-10,16:14:42
600316,洪都航空,28.53,25.94,25.79,28.53,25.79,250953.0,685950000.0,204.59,204.59,378.32,3.8,3.5,12589000,12506300.0,2026-08-10,16:14:59
600318,新力金融,6.65,6.51,6.5,6.67,6.47,100612.0,66490000.0,34.1,34.1,88.49,3.1,1.96,6729200,3332000.0,2026-08-10,16:14:54
600319,亚星化学,6.23,6.09,6.07,6.24,5.98,38293.0,23520000.0,24.15,24.15,-14.8,7.15,0.99,2176400,1652900.0,2026-08-10,16:14:59
600320,振华重工,4.18,4.17,4.17,4.2,4.13,339800.0,141830000.0,219.72,138.37,25.76,1.4,1.03,17542500,16437500.0,2026-08-10,16:14:44
600322,津投城开,2.69,2.64,2.64,2.7,2.63,240161.0,64220000.0,29.74,29.74,-2.53,39.1,2.17,12820400,11195700.0,2026-08-10,16:14:32
600323,瀚蓝环境,29.98,29.42,29.52,30.27,29.22,77955.0,233020000.0,244.44,244.44,11.05,1.61,0.96,3659600,4135800.0,2026-08-10,16:14:42
600325,华发股份,2.46,2.46,2.45,2.51,2.44,817722.0,202210000.0,67.7,67.7,-0.64,0.79,2.97,39503000,42269200.0,2026-08-10,16:14:32
600326,西藏天路,8.36,7.6,7.55,8.36,7.5,1224570.0,982130000.0,113.9,113.9,378.92,2.91,8.99,68734800,53722200.0,2026-08-10,16:14:50
600327,大东方,3.94,3.58,3.58,3.94,3.56,398675.0,153080000.0,34.86,34.86,-13.08,1.23,4.51,17376000,22491400.0,2026-08-10,16:14:49
600328,中盐化工,6.45,6.32,6.32,6.51,6.32,186940.0,120610000.0,94.58,94.58,-96.83,0.8,1.27,10433500,8260500.0,2026-08-10,16:14:56
600329,达仁堂,37.21,37.18,37.5,37.7,37.1,36066.0,134790000.0,286.55,211.01,13.14,5.01,0.64,1789700,1816900.0,2026-08-10,16:14:38
600330,天通股份,23.48,23.01,23.5,24.5,22.82,1663870.0,3896070000.0,289.61,289.61,-113.58,3.73,13.49,80829600,85557400.0,2026-08-10,16:14:58
600331,宏达股份,14.09,13.88,13.85,14.2,13.75,550424.0,771230000.0,372.2,286.31,-516.34,11.95,2.71,26839000,28203400.0,2026-08-10,16:14:58
600332,白云山,21.59,21.5,21.51,21.86,21.49,121843.0,264240000.0,351.01,303.53,11.92,0.9,0.87,6430500,5753800.0,2026-08-10,16:14:44
600333,长春燃气,6.2,6.04,6.04,6.2,6.02,103534.0,63770000.0,37.76,37.76,326.02,1.95,1.7,6694300,3659200.0,2026-08-10,16:14:39
600335,国机汽车,5.16,5.1,5.1,5.19,5.07,101276.0,52270000.0,76.75,76.75,18.56,0.67,0.68,5548700,4578900.0,2026-08-10,16:14:49
600336,澳柯玛,6.38,6.32,6.32,6.42,6.24,62789.0,39880000.0,50.91,50.91,-23.42,2.25,0.79,3138900,3140000.0,2026-08-10,16:14:46
600337,ST美克,2.89,2.63,2.65,2.89,2.63,231770.0,64410000.0,41.53,41.53,-1.72,10.58,1.61,14023200,9153900.0,2026-08-10,16:14:42
600338,西藏珠峰,14.36,13.92,14.0,14.38,13.97,519657.0,737080000.0,131.28,131.28,23.2,2.92,5.68,25782800,26182900.0,2026-08-10,16:14:31
600339,中油工程,3.34,3.34,3.34,3.38,3.32,490805.0,164280000.0,186.48,186.48,50.05,0.69,0.88,24488600,24591900.0,2026-08-10,16:14:43
600340,*ST华幸,1.11,1.08,1.08,1.14,1.07,672850.0,73980000.0,43.22,43.22,-0.2,-0.23,1.73,41330400,25954600.0,2026-08-10,16:14:36
600343,航天动力,20.7,20.28,20.38,20.8,19.72,336408.0,685360000.0,132.11,132.11,-70.03,10.37,5.27,16372300,17268500.0,2026-08-10,16:14:55
600345,长江通信,47.13,47.29,47.37,47.67,46.02,70358.0,328690000.0,155.35,99.71,61.92,4.12,3.33,3251400,3784500.0,2026-08-10,16:14:47
600346,恒力石化,18.34,17.89,17.9,18.57,17.8,350651.0,641060000.0,1290.97,1290.97,14.45,1.88,0.5,17706600,17358500.0,2026-08-10,16:14:46
600348,华阳股份,8.72,8.48,8.49,8.75,8.46,322736.0,280150000.0,314.57,314.57,19.79,1.16,0.89,18756600,13517000.0,2026-08-10,16:14:54
600350,山东高速,10.7,10.86,10.94,10.95,10.65,151944.0,163090000.0,517.3,517.3,16.0,1.81,0.31,6389700,8804700.0,2026-08-10,16:14:46
600351,亚宝药业,6.96,6.82,6.8,7.02,6.75,381006.0,263320000.0,48.16,48.16,14.9,1.71,5.51,22278200,15822500.0,2026-08-10,16:14:51
600352,浙江龙盛,13.99,13.17,13.15,14.0,13.11,987746.0,1362260000.0,455.14,455.14,23.1,1.44,3.04,57544500,41230100.0,2026-08-10,16:14:42
600353,旭光电子,27.3,28.03,28.28,28.35,26.04,552608.0,1485550000.0,226.27,226.27,137.3,12.1,6.67,24155800,31105000.0,2026-08-10,16:14:51
600354,敦煌种业,6.25,6.17,6.1,6.28,6.06,487653.0,301630000.0,32.99,32.99,107.73,4.41,9.24,25674400,23090900.0,2026-08-10,16:14:35
600355,*ST精伦,0.58,0.58,0.0,0.0,0.0,0.0,0.0,2.85,2.85,-6.37,2.71,0.0,0,0.0,2026-08-10,09:00:00
600356,恒丰纸业,9.06,8.24,8.23,9.06,8.23,156175.0,137760000.0,29.86,27.07,13.18,0.99,5.23,6641100,8976400.0,2026-08-10,16:14:46
600358,国旅联合,5.41,5.21,5.2,5.44,5.19,65140.0,34890000.0,62.93,27.32,-178.25,2.92,1.29,4349600,2164400.0,2026-08-10,16:14:57
600359,新农开发,6.21,6.07,6.08,6.23,6.0,76114.0,47020000.0,23.69,23.69,-157.24,3.51,2.0,4457000,3154400.0,2026-08-10,16:14:47
600360,华微电子,10.7,10.51,10.53,10.7,10.33,583850.0,614400000.0,102.75,102.75,58.43,2.94,6.08,30831400,27553700.0,2026-08-10,16:14:55
600361,创新新材,3.79,3.73,3.74,3.82,3.72,432628.0,163090000.0,141.47,141.47,16.74,1.28,1.16,23525400,19737500.0,2026-08-10,16:14:41
600362,江西铜业,48.74,49.58,49.0,49.44,47.8,753619.0,3654310000.0,1687.73,1011.48,21.11,2.04,3.63,34065800,41296100.0,2026-08-10,16:14:45
600363,联创光电,20.52,22.8,21.36,21.55,20.52,404106.0,846270000.0,92.52,92.52,20.71,2.04,8.96,23812100,16598500.0,2026-08-10,16:14:31
600365,ST通葡,2.84,2.8,2.78,2.85,2.76,24618.0,6920000.0,12.89,12.13,-13.73,5.86,0.58,1677700,784100.0,2026-08-10,16:14:39
600366,宁波韵升,12.54,12.25,12.37,12.56,12.25,562146.0,697980000.0,137.82,137.82,33.6,2.21,5.11,28823400,27391200.0,2026-08-10,16:14:55
600367,红星发展,33.1,32.96,33.49,34.11,31.83,475489.0,1557720000.0,112.91,106.57,122.51,4.54,14.77,23980400,23568500.0,2026-08-10,16:14:45
600368,五洲交通,4.07,3.93,3.92,4.08,3.91,331889.0,132810000.0,65.51,65.51,11.74,0.91,2.06,23021500,10167400.0,2026-08-10,16:14:53
600369,西南证券,4.15,4.11,4.11,4.18,4.11,298945.0,124030000.0,275.77,275.77,24.47,1.06,0.45,18273600,11620900.0,2026-08-10,16:14:34
600370,*ST三房,1.52,1.51,1.51,1.53,1.49,174357.0,26320000.0,61.14,61.14,-8.32,1.24,0.43,7634100,9801600.0,2026-08-10,16:14:36
600371,万向德农,7.27,7.05,7.04,7.28,6.99,68827.0,49430000.0,21.27,21.27,-132.19,4.19,2.35,3817500,3065100.0,2026-08-10,16:14:49
600372,中航机载,11.54,11.31,11.32,11.55,11.26,346332.0,395380000.0,558.41,558.41,48.71,1.48,0.72,20908100,13725200.0,2026-08-10,16:14:50
600373,中文传媒,7.29,7.2,7.17,7.35,7.14,132744.0,96660000.0,98.22,98.22,46.1,0.56,0.99,6481200,6793100.0,2026-08-10,16:14:31
600375,汉马科技,4.03,3.96,3.96,4.04,3.95,217377.0,87030000.0,64.6,58.95,102.6,1.9,1.49,12572300,9165400.0,2026-08-10,16:14:58
600376,首开股份,4.0,4.1,4.19,4.19,3.99,1209321.0,488720000.0,103.18,103.18,-1.64,4.38,4.69,43129000,77803100.0,2026-08-10,16:14:38
600377,宁沪高速,11.97,11.86,11.87,12.07,11.82,116793.0,140060000.0,603.02,455.12,12.7,1.48,0.31,5920100,5759200.0,2026-08-10,16:14:50
600378,昊华科技,48.83,49.09,49.08,49.48,47.2,771887.0,3727380000.0,629.91,523.73,40.18,3.48,7.2,39290300,37898500.0,2026-08-10,16:15:00
600379,宝光股份,14.27,13.63,13.54,14.34,13.12,280146.0,390330000.0,47.12,47.12,112.79,6.06,8.48,13653400,14361200.0,2026-08-10,16:14:36
600380,健康元,10.28,10.26,10.27,10.44,10.25,194596.0,201300000.0,188.07,188.07,14.3,1.24,1.06,10013100,9446400.0,2026-08-10,16:14:50
600381,*ST春天,4.25,4.27,4.26,4.27,4.16,29324.0,12390000.0,24.95,24.95,-39.91,2.55,0.5,1152300,1780100.0,2026-08-10,16:14:53
600382,广东明珠,6.53,6.38,6.38,6.62,6.36,161116.0,104830000.0,45.34,45.34,24.0,1.51,2.32,8175000,7936600.0,2026-08-10,16:14:38
600383,金地集团,2.28,2.25,2.26,2.3,2.26,661680.0,150990000.0,102.93,102.93,-0.77,0.23,1.47,39869400,26298600.0,2026-08-10,16:14:43
600386,北巴传媒,3.38,3.29,3.28,3.39,3.27,85754.0,28730000.0,27.26,27.26,-233.42,1.62,1.06,5402600,3172800.0,2026-08-10,16:14:54
600387,退市海越,0.94,0.94,0.0,0.0,0.0,0.0,0.0,4.4,3.8,-0.94,0.17,0.0,0,0.0,2026-08-10,09:00:00
600388,龙净环保,17.64,17.58,17.46,18.09,17.35,147785.0,262470000.0,224.04,224.04,19.13,2.09,1.16,7245100,7533400.0,2026-08-10,16:14:54
600389,江山股份,20.72,20.65,20.59,21.24,20.45,107373.0,223930000.0,89.23,89.23,15.94,2.16,2.49,5245300,5492000.0,2026-08-10,16:14:46
600390,五矿资本,4.91,4.89,4.89,4.96,4.88,290287.0,142840000.0,220.86,220.86,41.84,0.52,0.65,12937000,16091700.0,2026-08-10,16:14:36
600391,航发科技,31.25,30.77,31.18,31.43,30.31,89384.0,276390000.0,103.17,103.17,224.46,5.81,2.71,4666900,4271500.0,2026-08-10,16:14:51
600392,盛和资源,25.39,23.94,24.18,25.5,23.61,1339654.0,3272680000.0,445.04,445.04,44.59,3.61,7.64,69984600,63980800.0,2026-08-10,16:14:50
600395,盘江股份,5.13,4.97,4.95,5.2,4.93,427079.0,218400000.0,110.12,110.12,22.97,1.03,1.99,24515400,18192500.0,2026-08-10,16:14:45
600396,华电辽能,17.21,17.73,17.32,18.49,16.75,2661359.0,4661540000.0,253.45,253.45,625.03,16.51,18.07,120752900,145383000.0,2026-08-10,16:14:39
600397,江钨装备,17.89,18.41,18.07,19.28,16.7,2125121.0,3768920000.0,177.1,177.1,-102.69,91.74,21.47,96249700,116262400.0,2026-08-10,16:14:31
600398,海澜之家,6.11,6.05,6.06,6.18,6.01,288199.0,176550000.0,293.45,293.45,13.46,1.7,0.6,15455800,13364100.0,2026-08-10,16:14:54
600399,抚顺特钢,4.38,4.31,4.31,4.41,4.27,337941.0,146850000.0,86.38,86.38,-10.46,1.61,1.71,18762000,15032100.0,2026-08-10,16:14:36
600400,红豆股份,3.14,3.14,3.15,3.2,3.11,418202.0,131810000.0,71.95,71.95,-18.08,5.19,1.83,18397100,23423100.0,2026-08-10,16:14:44
600403,大有能源,6.68,6.46,6.28,6.81,6.28,1379505.0,911280000.0,159.71,159.71,-7.69,4.78,5.77,69916700,68033900.0,2026-08-10,16:14:38
600405,动力源,4.42,4.35,4.32,4.45,4.32,101308.0,44610000.0,27.09,27.09,-8.92,86.41,1.65,5582200,4548500.0,2026-08-10,16:14:55
600406,国电南瑞,24.14,24.12,24.06,24.27,23.98,428292.0,1033160000.0,1938.87,1933.17,23.3,3.9,0.53,19763800,23065300.0,2026-08-10,16:14:41
600408,安泰集团,2.83,2.74,2.74,2.84,2.71,500933.0,140110000.0,28.49,28.49,-9.76,2.46,4.98,29166300,20927000.0,2026-08-10,16:14:51
600409,三友化工,6.93,6.77,6.76,7.02,6.73,413226.0,286190000.0,143.06,143.06,840.32,1.04,2.0,22502200,18820400.0,2026-08-10,16:14:51
600410,华胜天成,15.69,15.83,15.78,15.91,15.46,589205.0,921220000.0,172.04,172.04,-80.87,4.0,5.37,27203400,31717200.0,2026-08-10,16:14:35
600415,小商品城,12.15,12.11,12.14,12.39,12.07,633196.0,772310000.0,666.25,666.25,15.17,3.15,1.15,32515200,30804400.0,2026-08-10,16:14:34
600416,湘电股份,9.15,9.05,9.1,9.18,9.01,140862.0,128280000.0,135.03,135.03,60.52,1.39,0.95,6715500,7370700.0,2026-08-10,16:14:36
600418,江淮汽车,23.79,24.13,23.99,24.22,23.49,694085.0,1655380000.0,536.27,519.58,-25.71,4.26,3.18,32786700,36621700.0,2026-08-10,16:14:57
600419,天润乳业,8.96,8.55,8.55,9.04,8.55,125243.0,111300000.0,28.27,28.27,19.56,1.15,3.97,7024800,5499500.0,2026-08-10,16:14:47
600420,国药现代,8.75,8.7,8.7,8.87,8.68,111885.0,98260000.0,117.35,117.35,16.33,0.86,0.83,5684700,5503800.0,2026-08-10,16:14:40
600421,退市华嵘,0.24,0.24,0.0,0.0,0.0,0.0,0.0,0.47,0.47,6.93,3.37,0.0,0,0.0,2026-08-10,09:00:00
600422,昆药集团,8.81,8.82,8.83,9.02,8.8,109776.0,97640000.0,66.69,66.69,56.67,1.31,1.45,4984900,5992600.0,2026-08-10,16:14:41
600423,*ST柳化,2.92,2.83,2.83,2.92,2.8,79012.0,22800000.0,23.32,23.32,-155.77,4.31,0.99,4857600,3043600.0,2026-08-10,16:14:56
600425,青松建化,3.63,3.5,3.52,3.69,3.5,272738.0,98270000.0,58.25,58.25,19.09,0.93,1.7,16827400,10446400.0,2026-08-10,16:14:31
600426,华鲁恒升,21.65,21.11,21.17,22.25,21.09,573597.0,1246130000.0,595.36,595.28,15.98,1.78,2.09,31267900,26091800.0,2026-08-10,16:14:33
600428,中远海特,11.65,11.95,11.82,12.07,11.53,753938.0,882420000.0,319.67,250.08,17.37,1.97,3.51,34354300,41039500.0,2026-08-10,16:14:39
600429,三元股份,4.63,4.42,4.46,4.66,4.43,233825.0,107280000.0,69.55,69.34,-32.65,1.44,1.56,13385800,9996700.0,2026-08-10,16:14:36
600433,冠豪高新,3.42,3.35,3.35,3.42,3.32,459503.0,155550000.0,59.86,59.86,-181.36,1.35,2.63,24803600,21146700.0,2026-08-10,16:14:57
600435,北方导航,10.88,10.52,10.54,10.89,10.5,259786.0,278920000.0,164.54,164.54,135.27,5.74,1.72,16108900,9869700.0,2026-08-10,16:14:50
600436,片仔癀,139.77,136.99,137.0,140.8,136.81,78532.0,1093630000.0,843.26,843.26,44.33,5.91,1.3,4076500,3776700.0,2026-08-10,16:15:00
600438,通威股份,12.71,13.08,12.88,13.0,12.65,904077.0,1156670000.0,572.2,572.2,-6.08,1.64,2.01,36353500,54054200.0,2026-08-10,16:14:35
600439,ST瑞贝卡,1.86,1.85,1.85,1.88,1.83,250741.0,46460000.0,21.05,21.05,-24.94,0.84,2.22,12252100,12822100.0,2026-08-10,16:14:36
600444,国机通用,13.8,13.44,13.35,13.85,13.35,25425.0,34790000.0,20.21,20.21,36.23,2.73,1.74,1519300,1023200.0,2026-08-10,16:14:59
600446,金证股份,11.26,11.13,11.19,11.36,11.07,157337.0,176210000.0,105.99,105.99,-86.79,3.0,1.67,7542400,8191300.0,2026-08-10,16:14:55
600448,华纺股份,2.86,2.75,2.76,2.87,2.73,120636.0,34050000.0,18.01,18.01,-6.23,1.98,1.92,6823500,5240200.0,2026-08-10,16:14:47
600449,宁夏建材,13.95,15.5,13.95,13.95,13.95,34663.0,48350000.0,66.71,66.71,35.86,0.91,0.72,3456000,10300.0,2026-08-10,16:14:40
600452,涪陵电力,9.73,9.68,9.67,9.75,9.6,188465.0,182620000.0,149.51,149.51,34.63,2.65,1.23,9281600,9565000.0,2026-08-10,16:14:55
600455,博通股份,24.48,23.77,23.6,24.58,23.4,16148.0,38970000.0,15.29,15.29,33.54,4.47,2.59,855100,759700.0,2026-08-10,16:14:47
600456,宝钛股份,28.91,28.62,28.65,29.0,28.5,68664.0,197540000.0,138.13,138.13,36.48,1.95,1.44,3133500,3733000.0,2026-08-10,16:14:54
600458,时代新材,11.67,11.58,11.58,11.7,11.4,133455.0,154060000.0,111.13,101.43,21.36,1.38,1.54,5846400,7499100.0,2026-08-10,16:14:46
600459,贵研铂业,21.79,21.01,21.58,22.29,21.06,420862.0,911630000.0,179.39,165.54,27.22,2.01,5.54,20884000,21202200.0,2026-08-10,16:14:36
600460,士兰微,32.17,32.55,32.55,32.98,31.36,809581.0,2586650000.0,535.33,535.33,116.68,4.44,4.87,37174300,43783800.0,2026-08-10,16:14:49
600461,洪城环境,8.99,8.9,8.91,9.07,8.88,119337.0,107300000.0,115.45,115.45,9.8,1.2,0.93,6862600,5071100.0,2026-08-10,16:14:44
600462,退市九有,0.21,0.21,0.0,0.0,0.0,0.0,0.0,1.3,1.26,562.17,3.49,0.0,0,0.0,2026-08-10,09:00:00
600463,空港股份,8.26,7.84,7.95,8.3,7.81,58033.0,47210000.0,24.78,24.78,-24.97,2.79,1.93,3094600,2708700.0,2026-08-10,16:14:54
600467,好当家,2.32,2.28,2.28,2.33,2.27,314477.0,72710000.0,33.9,33.9,96.22,0.99,2.15,18177600,13270100.0,2026-08-10,16:14:59
600468,百利电气,6.63,6.24,6.2,6.7,6.19,723892.0,466800000.0,72.12,72.12,87.3,3.58,6.66,42689900,29699300.0,2026-08-10,16:14:42
600469,风神股份,5.52,5.37,5.37,5.52,5.36,71683.0,39230000.0,49.13,40.27,19.02,1.07,0.98,4412900,2755500.0,2026-08-10,16:14:45
600470,六国化工,5.77,5.64,5.67,5.79,5.65,188463.0,108350000.0,30.1,30.1,-6.28,1.97,3.61,9793600,9052800.0,2026-08-10,16:14:50
600475,华光环能,14.58,14.61,14.63,14.79,14.43,79908.0,116280000.0,139.38,137.47,37.2,1.65,0.85,3515300,4475400.0,2026-08-10,16:14:57
600476,*ST湘邮,9.48,9.49,9.4,9.48,9.22,10260.0,9610000.0,15.27,15.27,-3.28,-3.46,0.64,531100,494900.0,2026-08-10,16:14:44
600477,杭萧钢构,2.46,2.4,2.4,2.47,2.38,365212.0,89050000.0,58.03,58.03,65.29,1.17,1.55,22316600,14204700.0,2026-08-10,16:14:38
600478,科力远,5.03,4.97,4.97,5.06,4.95,229839.0,115440000.0,85.2,85.2,59.93,2.8,1.36,11548700,11435200.0,2026-08-10,16:14:39
600479,千金药业,9.91,9.85,9.9,9.98,9.85,60401.0,59970000.0,48.78,41.47,15.83,1.67,1.44,3294300,2745800.0,2026-08-10,16:14:50
600480,凌云股份,8.77,8.68,8.68,8.82,8.6,122390.0,106970000.0,107.19,106.4,13.86,1.36,1.01,5971000,6268000.0,2026-08-10,16:14:56
600481,双良节能,4.38,4.34,4.35,4.4,4.26,359602.0,156100000.0,90.41,90.41,-6.7,2.08,1.74,20292100,15668100.0,2026-08-10,16:14:45
600482,中国动力,31.99,30.24,30.26,32.41,30.04,325170.0,1020440000.0,725.61,725.61,48.59,1.79,1.43,16306500,16210400.0,2026-08-10,16:14:48
600483,福能股份,10.51,10.54,10.51,10.64,10.47,123348.0,130020000.0,292.19,292.19,10.23,1.09,0.44,5722800,6612000.0,2026-08-10,16:14:45
600486,扬农化工,55.97,55.13,55.13,56.96,54.91,57066.0,320200000.0,226.18,226.18,17.98,1.96,1.41,2842400,2864100.0,2026-08-10,16:14:35
600487,亨通光电,59.62,59.52,60.99,61.75,57.2,2595991.0,15376910000.0,1470.46,1462.86,45.54,4.63,10.58,116831100,142768000.0,2026-08-10,16:14:58
600488,津药药业,6.2,5.91,5.87,6.47,5.86,1611368.0,996670000.0,67.7,67.7,256.37,2.26,14.76,78474500,82662300.0,2026-08-10,16:14:33
600489,中金黄金,26.62,26.1,26.0,26.78,25.61,1105913.0,2916990000.0,1290.35,1290.35,20.56,3.93,2.28,59367700,51223600.0,2026-08-10,16:14:49
600490,鹏欣资源,7.9,7.18,7.9,7.9,7.61,874634.0,686710000.0,174.82,157.42,76.67,2.78,4.39,25446900,62016500.0,2026-08-10,16:14:46
600491,ST龙元,1.23,1.23,1.24,1.24,1.23,252736.0,31170000.0,18.82,18.82,-0.65,0.27,1.65,9403000,15870600.0,2026-08-10,16:14:54
600493,凤竹纺织,6.13,5.92,5.9,6.16,5.76,73161.0,44210000.0,16.67,16.67,271.91,1.5,2.69,4160100,3156000.0,2026-08-10,16:14:50
600495,晋西车轴,3.93,3.8,3.81,3.95,3.8,142882.0,55700000.0,47.48,47.48,222.11,1.46,1.18,9242800,5045400.0,2026-08-10,16:14:54
600496,精工钢构,3.35,3.28,3.28,3.37,3.26,339239.0,112940000.0,66.67,66.67,10.55,0.75,1.7,20019000,13904900.0,2026-08-10,16:14:46
600497,驰宏锌锗,10.73,10.45,10.62,10.95,10.42,2069234.0,2203970000.0,540.83,540.83,44.96,3.21,4.11,99692800,107230500.0,2026-08-10,16:14:55
600498,烽火通信,38.3,39.21,39.25,39.7,37.28,872699.0,3327600000.0,520.18,487.03,124.14,2.98,6.86,37257800,50012100.0,2026-08-10,16:14:38
600499,科达制造,14.22,14.26,14.24,14.5,14.15,395160.0,564610000.0,272.72,272.72,17.61,2.17,2.06,15931600,23584400.0,2026-08-10,16:14:38
600500,中化国际,5.31,5.51,5.52,5.53,5.16,2581126.0,1362260000.0,190.54,190.54,-11.77,1.87,7.19,120181400,137931200.0,2026-08-10,16:14:53
600501,航天晨光,15.08,14.79,14.88,15.13,14.58,66939.0,99650000.0,64.52,64.52,-31.41,4.41,1.56,3749700,2944200.0,2026-08-10,16:14:35
600502,安徽建工,4.62,4.55,4.55,4.67,4.54,416514.0,192330000.0,79.3,79.3,5.12,0.67,2.43,23242000,18409400.0,2026-08-10,16:14:37
600503,华丽家族,2.17,2.12,2.12,2.17,2.1,278045.0,59790000.0,34.77,34.77,-43.52,1.01,1.74,16364700,11439800.0,2026-08-10,16:14:36
600505,西昌电力,11.4,11.31,11.32,11.42,11.23,85387.0,96960000.0,41.56,41.56,304.02,3.42,2.34,4409200,4129600.0,2026-08-10,16:14:55
600506,统一股份,14.72,14.54,14.5,14.75,14.37,41693.0,61060000.0,36.74,36.74,105.63,7.35,1.67,2319800,1849500.0,2026-08-10,16:14:57
600507,方大特钢,4.34,4.37,4.38,4.4,4.33,267410.0,116570000.0,100.39,100.39,12.55,1.02,1.16,12079800,14661200.0,2026-08-10,16:14:35
600508,上海能源,8.74,8.56,8.54,8.75,8.52,101493.0,88240000.0,88.43,88.43,46.59,0.7,1.0,5300900,4848400.0,2026-08-10,16:14:40
600509,天富能源,7.77,7.73,7.93,7.93,7.74,241114.0,188030000.0,106.79,106.79,47.53,1.39,1.75,10595400,13516000.0,2026-08-10,16:14:40
600510,黑牡丹,6.74,6.9,6.86,6.95,6.68,87721.0,59550000.0,69.56,69.56,82.34,0.66,0.85,3958500,4813500.0,2026-08-10,16:14:36
600511,国药股份,27.66,27.53,27.56,27.98,27.51,58515.0,162690000.0,208.7,153.06,10.37,1.13,1.06,3072700,2778800.0,2026-08-10,16:14:51
600512,腾达建设,2.03,1.99,1.99,2.04,1.98,247756.0,50030000.0,32.22,32.22,273.72,0.52,1.56,16438900,8336700.0,2026-08-10,16:14:50
600513,联环药业,17.67,18.07,18.0,18.78,17.61,308815.0,557870000.0,50.44,50.44,-43.87,4.01,10.82,12079300,18802300.0,2026-08-10,16:14:58
600515,海南机场,2.93,2.89,2.88,2.94,2.88,773825.0,226110000.0,334.76,268.86,145.15,1.38,0.84,39410000,37972500.0,2026-08-10,16:14:31
600516,方大炭素,5.22,5.19,5.2,5.23,5.16,391838.0,203860000.0,210.16,210.16,221.31,1.29,0.97,18929100,20254600.0,2026-08-10,16:14:38
600517,国网英大,5.06,5.02,5.02,5.07,4.98,205324.0,103520000.0,289.35,289.35,12.49,1.23,0.36,11129800,9402600.0,2026-08-10,16:14:44
600518,康美药业,1.36,1.34,1.34,1.37,1.34,1283400.0,174530000.0,188.07,187.98,-1275.8,2.59,0.93,73970100,54369800.0,2026-08-10,16:14:56
600519,贵州茅台,1348.86,1309.22,1325.0,1359.97,1318.08,62686.0,8428300000.0,16861.85,16861.85,20.39,7.24,0.5,3613600,2654900.0,2026-08-10,16:14:56
600520,三佳科技,25.16,24.73,24.99,25.65,24.39,114490.0,286150000.0,39.86,39.86,297.5,10.13,7.23,5883700,5565300.0,2026-08-10,16:14:44
600521,华海药业,18.19,17.55,17.77,18.37,17.73,790052.0,1429550000.0,272.35,272.35,72.98,2.88,5.28,42034600,36970600.0,2026-08-10,16:14:42
600522,中天科技,32.92,33.67,34.11,34.34,32.22,2605003.0,8615200000.0,1123.54,1123.54,35.18,3.03,7.63,113082100,147418200.0,2026-08-10,16:14:53
600523,贵航股份,11.59,11.28,11.2,11.6,11.2,49048.0,56210000.0,46.86,46.83,23.86,1.47,1.21,3219500,1685300.0,2026-08-10,16:14:34
600525,ST长园,5.08,5.09,5.07,5.13,5.01,101042.0,51270000.0,66.99,66.99,-6.45,2.38,0.77,4650500,5453700.0,2026-08-10,16:14:59
600526,菲达环保,4.52,4.38,4.39,4.53,4.38,123310.0,55330000.0,40.17,39.46,12.98,0.88,1.41,7335800,4995200.0,2026-08-10,16:14:59
600527,江南高纤,2.21,2.15,2.16,2.21,2.15,574841.0,125870000.0,38.27,38.27,174.81,1.89,3.32,34536100,22948000.0,2026-08-10,16:14:40
600528,中铁工业,7.17,7.14,7.14,7.22,7.11,107968.0,77530000.0,159.29,159.29,11.64,0.62,0.49,5412100,5384800.0,2026-08-10,16:14:56
600529,山东药玻,19.18,19.32,19.4,19.58,19.17,128845.0,249500000.0,127.28,127.28,19.08,1.54,1.94,5202800,7681700.0,2026-08-10,16:14:48
600530,ST交昂,3.85,3.87,3.81,3.88,3.77,165362.0,63170000.0,29.83,29.83,732.99,9.49,2.13,8088500,8447700.0,2026-08-10,16:15:00
600531,豫光金铅,13.9,13.58,13.8,14.01,13.58,736094.0,1014470000.0,168.09,168.09,18.55,2.46,6.09,36496000,37113400.0,2026-08-10,16:14:37
600533,栖霞建设,2.18,2.16,2.14,2.19,2.1,158426.0,34270000.0,22.89,22.89,-1.2,1.73,1.51,9025900,6816700.0,2026-08-10,16:14:35
600535,天士力,15.63,15.72,15.79,15.97,15.62,207738.0,328230000.0,233.5,233.5,19.09,1.79,1.39,9668200,11105600.0,2026-08-10,16:14:46
600536,中国软件,32.4,32.17,31.99,33.37,31.78,201833.0,657530000.0,302.55,273.34,-876.83,8.61,2.39,9696400,10486900.0,2026-08-10,16:14:33
600537,*ST亿晶,2.21,2.19,2.18,2.24,2.13,168826.0,36890000.0,26.16,26.16,-4.84,-18.0,1.43,8984500,7898100.0,2026-08-10,16:14:51
600538,国发股份,5.39,5.32,5.44,5.48,5.11,230652.0,123460000.0,28.25,28.25,-28.74,4.15,4.4,11264400,11800800.0,2026-08-10,16:14:48
600539,狮头股份,15.0,15.63,15.48,15.57,14.38,213650.0,315730000.0,34.5,34.5,-157.52,11.48,9.29,9737600,11627400.0,2026-08-10,16:15:00
600540,新赛股份,4.03,3.89,3.83,4.05,3.82,425499.0,169510000.0,23.43,23.43,-19.73,6.09,7.32,22622300,19927600.0,2026-08-10,16:14:34
600543,*ST莫高,3.94,3.84,3.85,3.95,3.83,27844.0,10850000.0,12.65,12.65,-11.9,1.82,0.87,1562300,1222100.0,2026-08-10,16:14:32
600545,卓郎智能,4.44,4.45,4.5,4.57,4.28,888195.0,388280000.0,79.38,79.38,-14.48,3.03,4.97,37053200,51766300.0,2026-08-10,16:14:33
600546,山煤国际,13.3,13.02,12.9,13.35,12.88,290659.0,383810000.0,263.67,263.67,19.68,1.65,1.47,15711500,13354400.0,2026-08-10,16:14:46
600547,山东黄金,31.47,30.48,30.6,31.9,30.05,988909.0,3082880000.0,1450.74,1137.47,28.12,4.65,2.74,51781400,47109400.0,2026-08-10,16:14:54
600548,深高速,8.38,8.35,8.34,8.42,8.3,30007.0,25150000.0,212.67,143.67,18.01,0.93,0.18,1545700,1455000.0,2026-08-10,16:14:45
600549,厦门钨业,59.95,58.03,58.73,63.0,55.52,1161948.0,6775630000.0,951.76,931.58,31.38,5.39,7.48,53182300,63012500.0,2026-08-10,16:14:59
600550,保变电气,12.0,11.81,11.79,12.31,11.78,506114.0,611230000.0,220.98,220.98,96.81,24.76,2.75,24859100,25752300.0,2026-08-10,16:14:32
600551,时代出版,6.96,6.86,6.83,6.99,6.82,55143.0,38230000.0,47.19,47.19,11.77,0.81,0.81,3161000,2353300.0,2026-08-10,16:14:43
600552,凯盛科技,17.86,18.2,18.21,18.3,17.45,629798.0,1117030000.0,168.71,168.71,127.1,3.95,6.67,27810600,35169200.0,2026-08-10,16:14:52
600556,天下秀,5.12,5.14,5.19,5.19,4.98,614850.0,313490000.0,92.56,92.56,445.89,2.42,3.4,30607900,30877100.0,2026-08-10,16:14:55
600557,康缘药业,12.74,12.75,12.75,13.0,12.74,96696.0,124350000.0,72.13,72.13,24.06,1.47,1.71,4241700,5427900.0,2026-08-10,16:14:30
600558,大西洋,4.83,4.76,4.76,4.84,4.73,89053.0,42810000.0,43.35,43.35,22.01,1.83,0.99,5471900,3433400.0,2026-08-10,16:14:39
600559,老白干酒,12.16,12.04,12.01,12.27,11.98,174661.0,212660000.0,111.23,111.23,25.12,2.1,1.91,8683800,8782300.0,2026-08-10,16:14:47
600560,金自天正,11.19,10.97,11.02,11.22,10.89,25563.0,28430000.0,25.03,25.03,49.53,2.58,1.14,1586400,969900.0,2026-08-10,16:14:55
600561,江西长运,5.78,5.5,5.5,5.79,5.47,67957.0,38500000.0,16.44,16.44,113.8,1.8,2.39,4184500,2611300.0,2026-08-10,16:14:40
600562,国睿科技,26.75,25.22,25.19,26.98,25.0,186424.0,485050000.0,332.2,332.2,52.7,5.09,1.5,11614300,7028100.0,2026-08-10,16:14:36
600563,法拉电子,135.5,136.21,136.25,136.77,131.86,54781.0,733120000.0,304.88,304.88,25.5,5.27,2.43,2707200,2770900.0,2026-08-10,16:14:59
600566,济川药业,25.89,25.9,25.91,26.6,25.76,82869.0,216670000.0,238.65,237.85,13.73,1.78,0.9,4315500,3971300.0,2026-08-10,16:15:00
600567,山鹰国际,1.34,1.32,1.33,1.35,1.32,504361.0,67470000.0,84.52,84.52,-5.07,0.57,0.8,35297300,15138800.0,2026-08-10,16:14:59
600568,ST中珠,2.27,2.25,2.25,2.28,2.23,75564.0,17040000.0,45.24,37.89,-38.84,2.8,0.45,3933700,3622700.0,2026-08-10,16:14:32
600569,安阳钢铁,1.8,1.78,1.78,1.81,1.77,132134.0,23720000.0,51.7,51.7,-4.3,3.55,0.46,7343000,5870400.0,2026-08-10,16:14:39
600570,恒生电子,23.07,22.77,22.93,23.27,22.66,284034.0,652810000.0,436.86,436.86,32.64,4.55,1.5,14460400,13943000.0,2026-08-10,16:14:42
600571,信雅达,10.55,10.58,10.57,10.69,10.4,101529.0,107050000.0,49.2,48.29,139.87,4.33,2.22,4946400,5206500.0,2026-08-10,16:14:41
600572,康恩贝,4.34,4.34,4.34,4.4,4.31,514178.0,224030000.0,110.17,109.88,22.79,1.6,2.03,22888300,28529600.0,2026-08-10,16:14:51
600573,惠泉啤酒,9.9,9.64,9.7,9.91,9.62,73574.0,72220000.0,24.75,24.75,30.22,1.85,2.94,4392800,2964600.0,2026-08-10,16:14:42
600575,淮河能源,3.46,3.37,3.37,3.49,3.35,680917.0,233220000.0,247.97,134.46,15.94,1.18,1.75,37345000,30746700.0,2026-08-10,16:14:39
600576,祥源文旅,5.67,5.54,5.55,5.74,5.53,118194.0,66670000.0,59.79,37.44,58.2,2.31,1.79,7861200,3958200.0,2026-08-10,16:14:37
600577,精达股份,8.26,8.26,8.27,8.28,8.11,503998.0,413620000.0,184.35,184.35,30.2,3.01,2.26,23054800,27345100.0,2026-08-10,16:14:31
600578,京能电力,5.92,5.98,5.95,6.05,5.78,1217353.0,716570000.0,396.32,396.32,11.18,1.65,1.82,47994600,73740800.0,2026-08-10,16:14:41
600579,中化装备,7.33,7.28,7.3,7.37,7.15,60874.0,44380000.0,36.18,36.18,-28.02,2.38,1.23,3578800,2508600.0,2026-08-10,16:14:32
600580,卧龙电驱,35.45,36.64,36.78,36.85,35.45,670651.0,2403530000.0,553.77,552.18,48.83,5.09,4.31,29076300,37988800.0,2026-08-10,16:14:50
600581,*ST八钢,2.36,2.34,2.35,2.38,2.32,88542.0,20840000.0,36.18,36.18,-2.37,-7.0,0.58,5788300,3065900.0,2026-08-10,16:14:44
600582,天地科技,4.87,4.8,4.79,4.91,4.78,244558.0,118820000.0,201.55,201.55,13.96,0.81,0.59,14756500,9699300.0,2026-08-10,16:14:33
600583,海油工程,5.55,5.56,5.56,5.61,5.54,196618.0,109630000.0,245.39,245.39,12.38,0.87,0.44,8974900,10686800.0,2026-08-10,16:14:40
600584,长电科技,78.52,77.75,78.42,79.49,76.0,1430998.0,11127770000.0,1405.05,1405.05,85.04,4.91,8.0,67249500,75850300.0,2026-08-10,16:14:59
600585,海螺水泥,17.84,17.76,17.7,17.97,17.69,262647.0,469220000.0,941.43,709.58,12.12,0.5,0.66,13992200,12272500.0,2026-08-10,16:14:56
600586,金晶科技,4.21,4.18,4.18,4.24,4.14,118774.0,49820000.0,59.67,59.67,-7.96,1.18,0.84,6530400,5347000.0,2026-08-10,16:14:39
600587,新华医疗,12.84,12.79,12.75,13.04,12.73,81541.0,105260000.0,77.89,77.89,15.9,1.0,1.34,3780300,4373800.0,2026-08-10,16:14:44
600588,用友网络,11.86,11.72,11.8,12.05,11.6,861515.0,1019600000.0,405.26,405.26,-29.45,5.88,2.52,41857400,44294100.0,2026-08-10,16:14:40
600589,大位科技,8.18,8.28,8.27,8.39,8.08,563619.0,460940000.0,121.19,120.94,-118.7,19.91,3.81,23132700,33229300.0,2026-08-10,16:14:51
600590,泰豪科技,8.69,8.57,8.59,8.7,8.45,225952.0,193630000.0,74.11,73.31,98.64,2.3,2.68,11725300,10869800.0,2026-08-10,16:14:33
600592,龙溪股份,14.75,14.55,14.56,14.81,14.28,71562.0,104770000.0,58.93,58.93,42.55,2.31,1.79,3626700,3529500.0,2026-08-10,16:14:40
600593,大连圣亚,40.17,39.3,39.4,40.17,39.21,38835.0,154760000.0,52.4,51.74,102.53,25.06,3.02,2161000,1722400.0,2026-08-10,16:14:42
600594,益佰制药,3.78,3.75,3.68,3.8,3.68,464317.0,174180000.0,29.65,29.65,-8.48,1.39,5.92,21456200,24975500.0,2026-08-10,16:14:44
600595,中孚实业,6.77,6.63,6.74,6.88,6.65,1405369.0,949630000.0,271.34,271.34,9.72,1.48,3.51,72335500,68201400.0,2026-08-10,16:14:45
600596,新安股份,11.16,11.06,11.1,11.22,11.03,328515.0,365420000.0,150.62,150.62,71.72,1.21,2.43,14646800,18204700.0,2026-08-10,16:14:56
600597,光明乳业,6.88,6.72,6.75,6.95,6.69,124191.0,85320000.0,94.84,94.84,-42.41,1.03,0.9,7008200,5410900.0,2026-08-10,16:14:37
600598,北大荒,12.21,12.06,12.01,12.31,11.98,254992.0,311300000.0,217.05,217.05,17.96,2.85,1.43,14461200,11038100.0,2026-08-10,16:14:46
600599,退市熊猫,0.43,0.43,0.0,0.0,0.0,0.0,0.0,0.71,0.71,4.57,0.57,0.0,0,0.0,2026-08-10,09:00:00
600600,青岛啤酒,53.86,53.6,53.58,54.23,53.45,62206.0,335340000.0,734.76,381.94,15.71,2.51,0.88,3270200,2950300.0,2026-08-10,16:14:46
600601,方正科技,13.22,12.87,13.03,13.36,12.78,4199926.0,5478310000.0,564.99,551.31,90.35,11.58,10.07,202795300,217197300.0,2026-08-10,16:14:43
600602,云赛智联,18.0,17.93,18.08,18.09,17.61,282639.0,506220000.0,246.18,193.37,125.5,5.06,2.63,13239200,15024700.0,2026-08-10,16:14:45
600603,广汇物流,4.47,4.39,4.39,4.47,4.36,110801.0,49050000.0,52.56,52.56,29.93,0.72,0.94,5875200,5204900.0,2026-08-10,16:14:36
600604,市北高新,4.48,4.44,4.44,4.49,4.4,85466.0,38100000.0,83.92,63.05,-23.81,1.4,0.61,4105300,4441300.0,2026-08-10,16:14:31
600605,汇通能源,23.69,23.69,23.81,23.81,22.97,28662.0,67190000.0,48.87,48.87,210.59,3.44,1.39,1403800,1462400.0,2026-08-10,16:14:35
600606,绿地控股,1.3,1.28,1.29,1.32,1.28,1359920.0,177050000.0,182.7,182.7,-0.71,0.47,0.97,81746700,54245300.0,2026-08-10,16:14:44
600608,退市沪科,0.17,0.17,0.0,0.0,0.0,0.0,0.0,0.56,0.54,128.8,1.36,0.0,0,0.0,2026-08-10,09:00:00
600609,金杯汽车,3.33,3.25,3.24,3.34,3.22,207910.0,68500000.0,43.44,43.44,20.67,2.61,1.59,13188100,7602900.0,2026-08-10,16:14:56
600610,中毅达,7.19,7.03,7.03,7.19,7.0,131902.0,94060000.0,77.02,50.96,138.92,55.39,1.86,7909000,5281200.0,2026-08-10,16:14:54
600611,大众交通,4.56,4.55,4.46,4.58,4.45,884124.0,400440000.0,107.8,71.29,-186.67,1.13,5.66,42105600,46306800.0,2026-08-10,16:14:32
600612,老凤祥,36.22,34.87,34.97,36.4,34.8,45736.0,164190000.0,189.47,114.86,11.22,1.45,1.44,2663300,1910300.0,2026-08-10,16:14:54
600613,神奇制药,5.19,5.09,5.07,5.26,5.07,112336.0,58210000.0,27.72,24.88,76.71,1.21,2.34,6161500,5072100.0,2026-08-10,16:14:45
600615,鑫源智造,9.6,9.09,9.13,9.75,9.1,48399.0,46000000.0,21.66,21.63,-155.88,3.0,2.15,2742100,2097800.0,2026-08-10,16:14:58
600616,金枫酒业,4.24,4.14,4.13,4.27,4.13,72958.0,30840000.0,28.37,28.37,6896.1,1.49,1.09,4621000,2674800.0,2026-08-10,16:14:46
600617,国新能源,3.54,3.41,3.41,3.54,3.39,466446.0,161970000.0,68.29,62.85,-24.81,2.13,2.63,25226000,21418600.0,2026-08-10,16:14:50
600618,氯碱化工,10.57,10.39,10.36,10.61,10.31,75724.0,79880000.0,122.23,79.26,14.61,1.32,1.01,4302000,3270400.0,2026-08-10,16:14:36
600619,海立股份,14.05,14.08,14.05,14.17,13.84,150039.0,210040000.0,150.8,110.88,116.91,2.46,1.9,6903400,8100500.0,2026-08-10,16:14:42
600620,天宸股份,4.33,4.19,4.19,4.34,4.19,49515.0,21250000.0,29.73,29.73,487.17,2.08,0.72,2844500,2107000.0,2026-08-10,16:14:55
600621,华鑫股份,13.24,13.21,13.22,13.35,13.21,69504.0,92200000.0,140.46,140.46,21.49,1.53,0.66,3294800,3655600.0,2026-08-10,16:14:49
600622,光大嘉宝,2.21,2.15,2.17,2.22,2.15,290329.0,63760000.0,33.14,33.14,-2.39,1.66,1.94,15892000,13141000.0,2026-08-10,16:14:53
600623,华谊集团,8.5,8.31,8.37,8.55,8.32,199894.0,169350000.0,180.16,159.46,31.88,0.81,1.07,11003600,8985800.0,2026-08-10,16:14:31
600624,ST复华,3.98,3.95,3.93,3.98,3.92,25637.0,10160000.0,27.04,27.04,-13.49,6.36,0.38,1513600,1050100.0,2026-08-10,16:14:45
600626,申达股份,3.54,3.44,3.45,3.54,3.44,102446.0,35980000.0,46.75,46.75,105.25,1.46,0.78,6185500,4059100.0,2026-08-10,16:14:54
600628,新世界,6.19,6.06,6.07,6.19,6.05,96853.0,59590000.0,40.04,40.04,55.61,0.94,1.5,6315200,3370100.0,2026-08-10,16:14:44
600629,华建集团,16.27,15.92,15.7,16.59,15.58,429746.0,690960000.0,187.07,187.07,1203.25,3.59,3.74,23755700,19218900.0,2026-08-10,16:14:58
600630,龙头股份,6.79,6.63,6.64,6.8,6.6,142098.0,95810000.0,28.85,28.85,53.77,3.55,3.34,8291500,5918200.0,2026-08-10,16:14:40
600633,浙数文化,11.22,11.23,11.24,11.25,11.04,181324.0,202430000.0,142.28,142.28,24.16,1.4,1.43,8841900,9290500.0,2026-08-10,16:14:32
600635,大众公用,4.71,4.71,4.71,4.74,4.67,264660.0,124860000.0,139.06,113.93,51.15,1.59,1.09,13292300,13173700.0,2026-08-10,16:14:33
600636,退市国化,1.71,1.71,0.0,0.0,0.0,0.0,0.0,7.5,7.5,-2.85,0.43,0.0,0,0.0,2026-08-10,09:00:00
600637,东方明珠,8.3,8.22,8.19,8.32,8.11,363207.0,299500000.0,279.04,279.04,49.98,0.95,1.08,18313400,18007200.0,2026-08-10,16:14:42
600638,新黄浦,5.04,4.89,4.89,5.06,4.89,105688.0,52810000.0,33.94,33.94,26.45,0.73,1.57,6374600,4194200.0,2026-08-10,16:14:54
600639,浦东金桥,9.62,9.45,9.51,9.66,9.45,53249.0,50990000.0,107.98,81.79,10.35,0.73,0.63,2817100,2507900.0,2026-08-10,16:14:50
600640,国脉文化,10.75,10.71,10.72,10.83,10.55,68326.0,73120000.0,85.09,85.09,360.93,2.17,0.86,3351300,3481300.0,2026-08-10,16:14:44
600641,先导基电,34.41,31.28,33.4,34.41,33.0,290152.0,990540000.0,325.82,320.23,762.54,3.87,3.12,8534700,20480500.0,2026-08-10,16:14:58
600642,申能股份,8.37,8.34,8.34,8.44,8.32,209640.0,175820000.0,409.63,409.61,10.81,1.14,0.43,10788100,10175900.0,2026-08-10,16:14:54
600643,爱建集团,3.99,3.92,3.93,4.03,3.91,187152.0,74590000.0,63.57,63.46,-3.17,0.65,1.18,10400600,8314600.0,2026-08-10,16:14:49
600644,乐山电力,10.46,10.38,10.33,10.54,10.21,466926.0,485100000.0,60.49,56.32,271.29,2.92,8.67,22784600,23908100.0,2026-08-10,16:14:41
600645,中源协和,19.95,19.8,20.11,20.43,19.83,162775.0,326780000.0,93.36,93.32,84.83,2.51,3.48,7683500,8594000.0,2026-08-10,16:14:41
600648,外高桥,9.09,9.04,9.03,9.09,8.96,20359.0,18450000.0,123.62,103.42,13.59,0.8,0.18,1055100,980800.0,2026-08-10,16:14:36
600649,城投控股,3.72,3.63,3.64,3.75,3.63,260837.0,96570000.0,92.69,92.69,33.96,0.44,1.05,15629500,10454200.0,2026-08-10,16:14:48
600650,锦江在线,10.73,10.71,10.6,10.73,10.51,52502.0,55870000.0,59.19,41.91,41.51,1.41,1.34,2601300,2648900.0,2026-08-10,16:14:52
600651,飞乐音响,6.34,6.4,6.58,6.67,6.29,483481.0,309100000.0,158.95,158.95,264.24,6.3,1.93,20988700,27359400.0,2026-08-10,16:14:53
600653,申华控股,1.71,1.66,1.66,1.71,1.65,251939.0,42600000.0,33.28,33.28,-17.65,5.32,1.29,18235900,6957900.0,2026-08-10,16:14:43
600654,中安科,2.97,2.99,2.91,2.99,2.85,995254.0,292490000.0,84.51,68.83,116.16,5.14,4.29,44854300,54671200.0,2026-08-10,16:14:44
600655,豫园股份,4.66,4.6,4.58,4.7,4.56,134467.0,62610000.0,181.33,181.27,-3.78,0.61,0.35,7246300,6200400.0,2026-08-10,16:14:35
600657,信达地产,2.6,2.57,2.61,2.64,2.57,219721.0,57470000.0,74.15,74.15,-0.91,0.48,0.77,10994300,10977800.0,2026-08-10,16:14:40
600658,电子城,4.04,3.95,3.95,4.05,3.94,118936.0,47670000.0,45.19,45.19,-2.38,1.12,1.06,6073900,5819600.0,2026-08-10,16:14:51
600660,福耀玻璃,56.59,55.4,55.09,56.75,55.0,115539.0,648810000.0,1476.85,1133.49,16.42,4.1,0.58,6666800,4887100.0,2026-08-10,16:14:47
600661,昂立教育,9.72,9.34,9.33,9.75,9.29,118157.0,113020000.0,27.85,27.85,28.46,10.93,4.12,6345200,5470600.0,2026-08-10,16:14:35
600662,外服控股,4.5,4.4,4.42,4.53,4.41,137137.0,61510000.0,102.75,102.45,15.16,1.9,0.6,7428300,6285500.0,2026-08-10,16:14:51
600663,陆家嘴,9.39,9.13,9.14,9.45,8.86,305717.0,285270000.0,472.8,369.44,31.13,1.85,0.78,17969800,12602000.0,2026-08-10,16:14:45
600664,哈药股份,7.52,6.84,7.52,7.52,7.4,1317603.0,990070000.0,189.39,189.39,61.13,3.23,5.23,20851100,110909200.0,2026-08-10,16:14:56
600665,天地源,3.35,3.31,3.29,3.39,3.22,191828.0,63440000.0,28.95,28.95,-2.07,2.04,2.22,9799300,9383500.0,2026-08-10,16:14:50
600666,奥瑞德,3.86,3.85,3.86,3.88,3.76,1093079.0,416330000.0,106.2,96.58,75.84,9.69,4.37,50894800,58413100.0,2026-08-10,16:14:34
600667,太极实业,19.27,19.53,19.58,19.9,18.6,2853386.0,5448580000.0,403.04,403.04,87.75,4.68,13.64,133212100,152126500.0,2026-08-10,16:14:51
600668,尖峰集团,7.58,7.42,7.44,7.6,7.42,87642.0,65950000.0,31.3,31.3,-16.59,0.58,2.12,4766100,3998000.0,2026-08-10,16:15:00
600671,天目药业,21.7,21.53,21.46,22.36,21.22,46365.0,101350000.0,26.43,26.42,161.68,35.8,3.81,2133800,2502700.0,2026-08-10,16:14:38
600673,东阳光,33.28,32.91,32.84,33.4,32.24,357208.0,1175700000.0,1001.58,998.92,858.23,10.09,1.19,19505500,16215300.0,2026-08-10,16:14:43
600674,川投能源,15.05,14.97,14.92,15.17,14.9,325347.0,490340000.0,733.63,733.63,15.52,1.67,0.67,16040500,16494300.0,2026-08-10,16:14:38
600675,中华企业,2.26,2.21,2.21,2.28,2.2,378511.0,85180000.0,136.64,136.64,-31.5,0.95,0.63,21199800,16651300.0,2026-08-10,16:14:45
600676,久事动娱,7.0,7.0,6.99,7.04,6.82,90446.0,62810000.0,71.99,71.99,-21.32,1.51,0.88,4446800,4597800.0,2026-08-10,16:14:33
600678,ST金顶,5.62,5.6,5.55,5.64,5.47,64585.0,35980000.0,19.61,19.61,-219.27,7.61,1.85,3119200,3339300.0,2026-08-10,16:14:57
600679,上海凤凰,9.58,9.39,9.39,9.65,9.33,26044.0,24900000.0,47.45,32.93,53.84,2.26,0.76,1630000,974400.0,2026-08-10,16:14:40
600681,百川能源,3.49,3.42,3.4,3.5,3.4,242370.0,84020000.0,46.8,46.76,19.1,1.3,1.81,16514900,7722000.0,2026-08-10,16:14:36
600682,南京新百,5.7,5.64,5.64,5.77,5.64,145642.0,83220000.0,76.67,66.35,-8.16,0.47,1.25,7686900,6877300.0,2026-08-10,16:14:36
600683,京投发展,9.71,8.83,9.7,9.71,9.55,66616.0,64570000.0,71.93,71.93,-6.01,-5.72,0.9,2502200,4159400.0,2026-08-10,16:14:43
600684,珠江股份,3.51,3.39,3.41,3.52,3.38,162365.0,56410000.0,38.82,29.96,62.6,3.08,1.9,9158500,7078000.0,2026-08-10,16:14:48
600685,中船防务,27.06,26.12,26.04,27.26,25.96,188242.0,500940000.0,382.49,222.28,31.35,2.12,2.29,11239900,7584400.0,2026-08-10,16:14:58
600686,金龙汽车,12.12,11.75,11.72,12.36,11.67,233705.0,282670000.0,86.91,86.91,15.2,2.49,3.26,13095800,10274700.0,2026-08-10,16:14:43
600688,上海石化,2.87,2.87,2.87,2.89,2.86,542651.0,156030000.0,302.57,210.34,-32.62,1.29,0.74,24548700,29716400.0,2026-08-10,16:14:52
600689,上海三毛,10.56,10.22,10.26,10.57,10.21,27261.0,28540000.0,21.22,16.07,182.56,4.51,1.79,1818500,907600.0,2026-08-10,16:14:30
600690,海尔智家,22.25,21.93,21.95,22.33,21.88,447050.0,989570000.0,2086.52,1391.3,11.15,1.67,0.71,22581400,22123700.0,2026-08-10,16:14:47
600691,潞化科技,2.53,2.45,2.45,2.54,2.45,278305.0,69840000.0,60.11,60.1,-8.19,1.93,1.17,16494000,11336500.0,2026-08-10,16:14:52
600692,亚通股份,6.16,5.93,5.97,6.23,5.96,95773.0,58550000.0,21.67,15.71,80.86,2.23,3.76,5867700,3709600.0,2026-08-10,16:14:34
600693,东百集团,10.16,9.61,9.61,10.23,9.55,936965.0,938550000.0,88.38,88.29,172.65,2.47,10.78,52418400,41278100.0,2026-08-10,16:15:00
600694,大商股份,14.58,14.43,14.35,14.71,14.32,44299.0,64700000.0,55.23,55.23,11.04,0.63,1.17,2325700,2104100.0,2026-08-10,16:14:41
600696,退市岩石,0.74,0.74,0.0,0.0,0.0,0.0,0.0,2.48,2.48,-0.88,2.48,0.0,0,0.0,2026-08-10,09:00:00
600697,欧亚集团,10.73,10.38,10.38,10.76,10.38,30400.0,32370000.0,17.07,16.67,-33.07,0.77,1.96,1748300,1291700.0,2026-08-10,16:14:39
600698,湖南天雁,7.22,6.56,6.53,7.22,6.53,477081.0,335150000.0,77.16,59.96,-254.25,10.44,5.74,28709100,18999000.0,2026-08-10,16:14:34
600699,均胜电子,21.18,21.2,21.21,21.35,20.91,212205.0,448050000.0,328.45,295.6,23.5,1.9,1.52,9698900,11521600.0,2026-08-10,16:14:31
600702,舍得酒业,38.05,37.98,37.98,38.85,37.8,191919.0,734560000.0,126.36,126.31,116.53,1.79,5.78,8815700,10376200.0,2026-08-10,16:14:44
600703,三安光电,13.82,14.4,14.4,14.51,13.66,2330671.0,3240170000.0,689.48,689.48,-138.55,1.98,4.67,96409700,136657400.0,2026-08-10,16:14:33
600704,物产中大,4.98,4.97,4.95,5.02,4.95,345249.0,172200000.0,257.52,257.52,7.13,0.62,0.67,16368500,18156400.0,2026-08-10,16:14:35
600705,中航产融,3.47,3.47,0.0,0.0,0.0,0.0,0.0,306.09,305.51,154.05,0.82,0.0,0,0.0,2026-08-10,09:00:00
600706,曲江文旅,7.9,7.6,7.6,7.91,7.56,59955.0,46760000.0,20.15,20.07,-12.06,4.49,2.36,3519500,2476000.0,2026-08-10,16:14:49
600707,彩虹股份,9.31,9.48,9.6,9.7,9.11,1202161.0,1117410000.0,334.08,334.01,581.39,1.55,3.35,52887000,67329100.0,2026-08-10,16:14:48
600708,光明地产,3.2,3.19,3.2,3.23,3.17,121147.0,38690000.0,71.32,71.21,-1.93,1.2,0.54,5111800,7002900.0,2026-08-10,16:14:37
600710,苏美达,10.65,10.56,10.57,10.72,10.53,78339.0,83520000.0,139.17,139.17,9.92,1.65,0.6,3862700,3971200.0,2026-08-10,16:14:57
600711,盛屯矿业,12.74,11.84,11.97,12.9,11.71,2304641.0,2860830000.0,393.74,393.74,14.51,2.2,7.46,130704800,99759300.0,2026-08-10,16:14:48
600712,南宁百货,5.57,5.48,5.48,5.62,5.38,292569.0,161990000.0,30.34,30.0,-94.88,4.0,5.43,15002100,14254800.0,2026-08-10,16:14:41
600713,南京医药,5.2,5.18,5.15,5.25,5.14,172599.0,89990000.0,68.02,67.07,10.94,0.95,1.34,8709000,8550900.0,2026-08-10,16:14:36
600714,金瑞矿业,15.28,15.4,15.8,15.87,15.04,212588.0,324760000.0,44.03,44.03,310.07,5.85,7.38,9659700,11599100.0,2026-08-10,16:14:58
600715,文投控股,1.64,1.59,1.59,1.64,1.58,257438.0,41690000.0,66.58,46.94,-105.45,6.16,0.9,16875300,8868500.0,2026-08-10,16:14:40
600716,凤凰股份,3.56,3.44,3.46,3.58,3.42,66489.0,23440000.0,33.32,33.32,-8.0,0.75,0.71,3906000,2742900.0,2026-08-10,16:14:31
600717,天津港,4.26,4.23,4.23,4.28,4.2,189545.0,80620000.0,123.28,123.28,11.65,0.61,0.65,9625800,9328700.0,2026-08-10,16:14:53
600718,东软集团,8.36,8.28,8.36,8.47,8.31,127908.0,107320000.0,100.02,100.02,-20.26,1.13,1.07,6078500,6712300.0,2026-08-10,16:14:46
600719,大连热电,7.81,7.65,7.66,7.81,7.56,126979.0,97820000.0,31.6,31.6,-53.01,7.84,3.14,6915200,5782700.0,2026-08-10,16:14:43
600720,中交设计,5.24,5.2,5.19,5.27,5.18,58994.0,30920000.0,120.24,52.87,8.39,0.77,0.58,3456900,2442500.0,2026-08-10,16:14:32
600721,百花医药,11.59,10.54,11.59,11.59,11.59,51187.0,59330000.0,44.57,44.57,167.49,5.62,1.33,0,5118700.0,2026-08-10,16:14:51
600722,金牛化工,12.52,11.38,11.38,12.52,11.15,1261940.0,1496130000.0,85.18,85.18,179.07,6.75,18.55,62101600,64092400.0,2026-08-10,16:14:57
600724,宁波富达,5.2,5.09,5.06,5.2,5.06,81598.0,42060000.0,75.15,75.14,40.52,2.73,0.56,4568900,3590900.0,2026-08-10,16:14:48
600725,云维股份,3.3,3.29,3.3,3.33,3.26,216203.0,71470000.0,40.67,40.67,-108.13,15.85,1.75,11792500,9827700.0,2026-08-10,16:14:42
600726,华电能源,6.26,6.32,6.28,6.48,6.09,1370555.0,856280000.0,495.0,467.96,152.45,9.94,1.83,57088400,79967100.0,2026-08-10,16:14:39
600727,鲁北化工,7.67,7.53,7.52,7.68,7.48,194802.0,148520000.0,40.54,40.54,30.79,1.21,3.69,10403000,9077200.0,2026-08-10,16:15:00
600728,佳都科技,4.77,4.75,4.75,4.81,4.68,273262.0,130040000.0,101.72,101.72,154.63,1.29,1.28,12871600,14454500.0,2026-08-10,16:14:42
600729,重百集团,20.66,20.14,20.15,20.73,20.1,52772.0,108430000.0,91.0,39.77,12.68,1.15,2.74,2838000,2439200.0,2026-08-10,16:14:46
600730,*ST高科,11.31,11.8,11.8,11.87,11.28,101860.0,117290000.0,66.35,66.35,-51.56,3.96,1.74,3789500,6396500.0,2026-08-10,16:14:47
600731,湖南海利,5.85,5.73,5.71,5.87,5.71,70355.0,40960000.0,32.4,31.69,13.99,1.01,1.3,4492700,2542800.0,2026-08-10,16:14:39
600732,爱旭股份,12.28,12.18,12.26,12.47,12.1,249266.0,306240000.0,259.75,258.53,-13.24,5.5,1.18,13583500,11343100.0,2026-08-10,16:14:46
600733,北汽蓝谷,5.46,5.5,5.4,5.54,5.36,1064786.0,578710000.0,347.65,330.05,-7.76,5.77,1.76,41562400,64916200.0,2026-08-10,16:14:37
600734,*ST实达,1.67,1.71,1.63,1.68,1.59,680662.0,111520000.0,36.38,36.37,-25.87,15.87,3.13,40666400,27399800.0,2026-08-10,16:14:36
600735,ST新华锦,6.57,6.48,6.48,6.58,6.39,32538.0,21050000.0,28.17,27.95,-21.66,2.64,0.76,1676200,1577600.0,2026-08-10,16:14:31
600736,苏州高新,6.69,6.65,6.66,6.71,6.6,176194.0,117510000.0,77.02,77.02,35.68,1.04,1.53,8753000,8866500.0,2026-08-10,16:14:37
600737,中粮糖业,13.96,13.53,13.53,14.55,13.53,736708.0,1035810000.0,298.58,298.58,30.15,2.74,3.44,34220200,39450700.0,2026-08-10,16:14:38
600738,丽尚国潮,4.03,3.91,3.93,4.03,3.9,98426.0,39240000.0,30.68,30.65,18.43,1.47,1.29,6086100,3756500.0,2026-08-10,16:14:45
600739,辽宁成大,10.9,10.89,10.89,11.02,10.89,155163.0,169930000.0,165.93,165.93,17.65,0.56,1.02,7123200,8393100.0,2026-08-10,16:14:33
600740,山西焦化,3.6,3.54,3.53,3.62,3.51,353104.0,126700000.0,92.24,92.24,68.23,0.61,1.38,19564300,15746100.0,2026-08-10,16:14:40
600741,华域汽车,15.98,16.0,16.02,16.22,15.94,135444.0,217870000.0,503.81,503.81,7.02,0.78,0.43,6862000,6682400.0,2026-08-10,16:14:45
600742,富维股份,7.65,7.54,7.54,7.67,7.53,56236.0,42880000.0,56.84,56.84,12.69,0.67,0.76,3440600,2183000.0,2026-08-10,16:14:37
600743,华远控股,2.27,2.26,2.3,2.33,2.24,295398.0,66960000.0,53.26,53.26,-52.44,9.62,1.26,13838600,15701200.0,2026-08-10,16:14:33
600744,华银电力,7.73,7.88,7.88,8.2,7.54,2735510.0,2128760000.0,157.01,157.01,108.78,12.18,13.47,131951200,141599800.0,2026-08-10,16:14:36
600745,*ST闻泰,16.49,16.82,16.78,16.79,16.31,307048.0,505610000.0,210.06,210.06,-2.28,0.9,2.41,11809700,18895200.0,2026-08-10,16:14:41
600746,江苏索普,6.99,6.7,6.7,7.0,6.66,261552.0,180140000.0,81.63,81.63,124.82,1.5,2.24,14173300,11981900.0,2026-08-10,16:14:52
600748,上实发展,3.88,3.79,3.79,3.9,3.78,104755.0,40240000.0,71.57,71.57,-10.96,0.69,0.57,5747300,4728300.0,2026-08-10,16:14:33
600749,西藏旅游,14.63,14.56,14.5,14.8,14.33,73374.0,107020000.0,33.21,33.21,267.83,3.19,3.23,3685900,3651500.0,2026-08-10,16:14:39
600750,华润江中,24.86,24.77,25.0,25.43,24.78,60125.0,150500000.0,158.01,156.33,17.37,4.21,0.96,3054100,2958400.0,2026-08-10,16:14:36
600751,海航科技,3.23,3.14,3.14,3.24,3.1,292930.0,93460000.0,93.65,83.11,128.43,1.25,1.14,15865100,13427900.0,2026-08-10,16:14:35
600753,ST海钦,9.94,10.15,10.03,10.03,9.58,19063.0,18620000.0,22.89,22.89,38.16,26.06,0.83,809300,1097000.0,2026-08-10,16:14:43
600754,锦江酒店,19.95,19.06,19.1,20.1,19.01,217877.0,429590000.0,212.73,180.76,20.73,1.37,2.4,12288600,9499100.0,2026-08-10,16:14:47
600755,厦门国贸,5.77,5.73,5.73,5.79,5.71,122416.0,70610000.0,123.34,123.03,36.08,0.65,0.57,6674000,5567600.0,2026-08-10,16:14:50
600756,浪潮软件,15.78,15.56,15.49,15.82,15.35,219030.0,343060000.0,55.17,51.14,-20.85,2.47,6.76,11772900,10130100.0,2026-08-10,16:14:59
600757,长江传媒,7.76,7.75,7.7,7.84,7.7,114426.0,89140000.0,94.18,94.17,9.93,0.96,0.94,4954100,6488500.0,2026-08-10,16:14:45
600758,辽宁能源,3.54,3.52,3.51,3.57,3.47,694955.0,245210000.0,46.8,46.75,-9.67,0.88,5.26,34076700,35418800.0,2026-08-10,16:14:42
600759,ST洲际,2.33,2.33,2.33,2.34,2.31,875851.0,203390000.0,96.67,96.55,45.49,1.06,2.11,32064300,55520900.0,2026-08-10,16:14:37
600760,中航沈飞,45.1,42.56,42.57,45.37,42.42,330713.0,1459630000.0,1278.55,1276.13,39.31,5.55,1.17,20893900,12177400.0,2026-08-10,16:14:45
600761,安徽合力,17.41,17.23,17.24,17.58,17.16,111528.0,194170000.0,155.07,155.07,12.76,1.45,1.25,5832000,5320800.0,2026-08-10,16:14:38
600763,通策医疗,37.02,36.62,36.63,37.97,36.5,147538.0,548220000.0,165.59,165.59,32.79,3.75,3.3,7241900,7511900.0,2026-08-10,16:14:58
600764,中国海防,18.7,18.19,18.23,18.71,18.1,75100.0,138760000.0,132.89,132.89,115.41,1.62,1.06,4513500,2996500.0,2026-08-10,16:14:57
600765,中航重机,13.9,13.44,13.44,13.92,13.4,231078.0,315940000.0,215.8,215.8,37.93,1.51,1.49,14649600,8458200.0,2026-08-10,16:14:39
600768,宁波富邦,14.99,14.68,14.82,15.04,14.6,51430.0,76260000.0,20.05,20.05,18.66,4.16,3.85,2660100,2482900.0,2026-08-10,16:14:43
600769,祥龙电业,15.23,15.1,15.1,15.3,14.5,102350.0,151850000.0,57.11,57.11,296.85,45.06,2.73,4639900,5595100.0,2026-08-10,16:14:43
600770,综艺股份,5.25,5.24,5.24,5.26,5.15,219434.0,114350000.0,68.25,68.25,50.05,2.01,1.69,11133800,10809600.0,2026-08-10,16:14:42
600771,广誉远,14.22,14.29,14.3,14.57,14.21,89635.0,128660000.0,69.61,69.61,105.15,4.1,1.83,4138700,4824800.0,2026-08-10,16:14:45
600773,西藏城投,11.38,11.24,11.31,11.44,11.24,191171.0,216890000.0,108.29,108.29,-18.95,2.55,2.01,8819400,10297700.0,2026-08-10,16:14:47
600774,汉商集团,7.2,6.93,6.91,7.22,6.84,56711.0,40400000.0,21.24,21.23,-11.6,1.44,1.92,3242400,2428700.0,2026-08-10,16:14:59
600775,南京熊猫,10.12,9.94,9.88,10.17,9.71,251119.0,251120000.0,92.48,67.99,283.0,2.98,3.74,13903500,11208400.0,2026-08-10,16:14:44
600776,东方通信,12.91,13.04,13.0,13.05,12.72,149987.0,192980000.0,162.15,123.42,35.46,4.32,1.57,7694200,7304500.0,2026-08-10,16:14:36
600777,新潮能源,4.2,4.25,4.24,4.26,4.19,177484.0,74850000.0,285.62,267.38,37.61,1.29,0.28,5942900,11805600.0,2026-08-10,16:14:52
600778,友好集团,5.57,5.37,5.35,5.6,5.3,87237.0,47940000.0,17.35,17.33,125.99,6.86,2.8,4672600,4051100.0,2026-08-10,16:14:46
600779,水井坊,28.95,28.72,28.72,29.17,28.58,44348.0,128430000.0,141.13,141.13,36.5,2.67,0.91,1978200,2456700.0,2026-08-10,16:14:55
600780,通宝能源,6.03,5.99,5.99,6.04,5.95,79851.0,48070000.0,69.13,69.13,10.61,0.83,0.7,4658000,3327100.0,2026-08-10,16:15:00
600782,新钢股份,2.8,2.78,2.79,2.82,2.77,349124.0,97730000.0,89.15,88.08,-12.76,0.36,1.11,18421300,16491100.0,2026-08-10,16:14:39
600783,鲁信创投,18.02,18.45,18.53,18.6,17.5,302897.0,546590000.0,134.13,134.13,80.33,3.08,4.07,15740900,14548800.0,2026-08-10,16:14:35
600784,鲁银投资,8.22,7.62,7.61,8.34,7.6,269485.0,217620000.0,55.54,55.54,38.08,1.69,3.99,15131200,11817300.0,2026-08-10,16:14:56
600785,新华百货,8.96,8.71,8.71,9.0,8.62,101964.0,90250000.0,28.3,28.3,47.55,1.24,3.23,5449400,4747100.0,2026-08-10,16:14:50
600787,中储股份,4.61,4.59,4.59,4.65,4.57,140178.0,64790000.0,100.04,100.04,18.49,0.73,0.65,6973800,7044000.0,2026-08-10,16:14:49
600789,鲁抗医药,7.56,7.51,7.51,7.65,7.48,296114.0,224370000.0,79.02,76.38,90.86,1.54,2.93,13883800,15727600.0,2026-08-10,16:14:44
600790,轻纺城,3.35,3.28,3.27,3.37,3.27,142334.0,47530000.0,49.1,49.1,16.18,0.85,0.97,8580800,5652600.0,2026-08-10,16:14:48
600791,京能置业,7.49,7.26,7.7,7.78,7.15,188937.0,139450000.0,33.92,33.88,-2.99,-5.59,4.18,9468400,9425200.0,2026-08-10,16:14:51
600792,云煤能源,3.71,3.6,3.58,3.72,3.58,224894.0,82500000.0,41.18,41.18,-8.38,1.69,2.03,12632300,9857100.0,2026-08-10,16:14:38
600793,宜宾纸业,15.66,14.24,14.24,15.66,14.12,134065.0,203460000.0,27.7,27.7,-190.23,12.23,7.58,6249700,7156800.0,2026-08-10,16:14:39
600794,保税科技,3.17,3.1,3.1,3.17,3.09,124212.0,39120000.0,38.04,38.04,-38.28,1.54,1.03,7656800,4764400.0,2026-08-10,16:14:43
600795,国电电力,5.02,4.98,4.98,5.04,4.97,876414.0,440050000.0,895.35,895.35,13.27,1.53,0.49,47674100,39967200.0,2026-08-10,16:14:40
600796,钱江生化,5.15,5.04,5.07,5.19,5.04,89264.0,45930000.0,44.63,16.04,25.88,1.29,2.87,5193900,3732500.0,2026-08-10,16:14:32
600797,浙大网新,7.46,7.16,7.18,7.63,7.11,622723.0,461780000.0,76.65,76.65,-105.95,2.34,6.06,36801700,25470500.0,2026-08-10,16:14:34
600798,宁波海运,3.26,3.21,3.2,3.26,3.19,133530.0,43310000.0,39.33,39.33,60.0,1.0,1.11,8376600,4976400.0,2026-08-10,16:14:31
600800,渤海化学,3.39,3.33,3.32,3.39,3.27,224270.0,74880000.0,37.63,37.62,-6.07,3.85,2.02,11089200,11337800.0,2026-08-10,16:14:45
600801,华新建材,24.02,22.85,22.8,24.1,22.5,181981.0,430060000.0,499.37,322.28,15.37,1.54,1.36,9870600,8327500.0,2026-08-10,16:14:37
600802,福建水泥,4.57,4.38,4.39,4.58,4.35,74419.0,33550000.0,20.94,20.94,-14.04,2.29,1.62,4356900,3085000.0,2026-08-10,16:15:00
600803,新奥股份,17.55,17.3,17.24,17.73,17.2,58271.0,102190000.0,543.2,539.09,12.46,2.56,0.19,3264900,2562300.0,2026-08-10,16:14:52
600804,退市鹏博,0.14,0.14,0.0,0.0,0.0,0.0,0.0,2.32,1.95,-0.31,-2.44,0.0,0,0.0,2026-08-10,09:00:00
600805,悦达投资,4.41,4.34,4.32,4.42,4.32,56671.0,24880000.0,37.52,37.5,104.84,0.88,0.67,3415600,2251500.0,2026-08-10,16:14:58
600807,济高发展,2.61,2.52,2.52,2.63,2.5,185203.0,47740000.0,23.09,20.54,-11.28,7.81,2.35,11569300,6951000.0,2026-08-10,16:14:50
600808,马钢股份,2.59,2.58,2.58,2.61,2.56,540622.0,139860000.0,199.45,154.56,-892.01,0.83,0.91,26741400,27320800.0,2026-08-10,16:14:37
600809,山西汾酒,123.1,120.22,120.23,124.88,120.22,118233.0,1454710000.0,1501.78,1501.78,13.68,4.06,0.97,6441400,5381800.0,2026-08-10,16:14:59
600810,神马股份,6.54,6.38,6.36,6.57,6.35,160442.0,104380000.0,71.32,70.68,-40.84,1.03,1.48,9767600,6276600.0,2026-08-10,16:14:56
600811,*ST东方,0.36,0.36,0.0,0.0,0.0,0.0,0.0,13.17,13.17,-0.1,0.08,0.0,0,0.0,2026-08-10,09:00:00
600812,华北制药,5.02,4.96,4.98,5.03,4.94,300916.0,150260000.0,86.13,86.13,53.48,1.57,1.75,15600200,14491400.0,2026-08-10,16:15:00
600814,杭州解百,6.73,6.55,6.57,6.73,6.51,61959.0,41410000.0,49.47,49.47,21.69,1.31,0.84,4048200,2147700.0,2026-08-10,16:14:31
600815,厦工股份,3.61,3.28,3.27,3.61,3.25,1370807.0,477830000.0,64.04,64.04,-78.25,4.41,7.73,72006800,65073900.0,2026-08-10,16:14:47
600816,建元信托,2.56,2.51,2.52,2.56,2.51,659244.0,167360000.0,252.02,140.01,22.73,1.65,1.21,38184000,27740500.0,2026-08-10,16:14:34
600817,宇通重工,9.44,9.33,9.32,9.48,9.24,24235.0,22800000.0,50.23,49.98,16.61,2.1,0.46,1446600,976900.0,2026-08-10,16:14:48
600818,ST中路,7.81,7.42,7.38,7.84,7.38,111810.0,86220000.0,25.11,18.58,-34.74,5.03,4.7,6577900,4603100.0,2026-08-10,16:15:00
600819,耀皮玻璃,5.47,5.35,5.38,5.48,5.34,77937.0,42340000.0,53.43,43.17,45.61,1.38,0.99,4973000,2820700.0,2026-08-10,16:14:32
600820,隧道股份,5.43,5.41,5.42,5.47,5.39,180125.0,97920000.0,170.72,170.72,7.83,0.54,0.57,9907100,8105400.0,2026-08-10,16:14:57
600821,金开新能,6.55,6.58,6.58,6.63,6.42,689980.0,450020000.0,128.86,128.86,-336.34,1.43,3.51,27722300,41275700.0,2026-08-10,16:14:43
600822,上海物贸,8.4,8.16,8.18,8.42,8.12,48800.0,40760000.0,41.66,33.28,147.28,3.36,1.23,2900900,1979100.0,2026-08-10,16:14:31
600824,益民集团,3.62,3.5,3.49,3.63,3.48,137788.0,49380000.0,38.16,38.16,30.09,1.51,1.31,9312400,4466400.0,2026-08-10,16:14:53
600825,新华传媒,5.09,5.02,5.03,5.1,4.97,77854.0,39360000.0,53.18,53.18,124.85,2.14,0.75,4482700,3302700.0,2026-08-10,16:14:34
600826,兰生股份,8.17,8.01,8.0,8.19,7.92,45851.0,37020000.0,59.17,59.17,17.55,1.46,0.63,2545800,2039300.0,2026-08-10,16:14:37
600827,百联股份,7.77,7.67,7.66,7.84,7.65,177448.0,137750000.0,138.63,124.67,11.27,0.68,1.11,9976500,7768300.0,2026-08-10,16:14:40
600828,茂业商业,4.0,3.89,3.9,4.01,3.87,131727.0,52290000.0,69.28,69.25,-24.87,1.03,0.76,7623900,5548900.0,2026-08-10,16:14:43
600829,人民同泰,10.54,10.32,10.27,10.88,10.27,495347.0,522730000.0,61.12,61.12,42.96,1.97,8.54,23579500,25955200.0,2026-08-10,16:14:31
600830,香溢融通,8.12,7.96,7.96,8.13,7.93,59058.0,47700000.0,36.89,36.89,44.85,1.63,1.3,3793900,2111900.0,2026-08-10,16:15:00
600831,广电网络,3.4,3.31,3.31,3.42,3.26,132678.0,44550000.0,24.17,24.17,-1.57,6.82,1.87,8182300,5085500.0,2026-08-10,16:14:56
600833,第一医药,11.01,10.01,10.08,11.01,10.08,133683.0,144360000.0,24.56,24.56,32.2,2.11,5.99,4264200,9104100.0,2026-08-10,16:14:58
600834,申通地铁,7.38,7.29,7.25,7.39,7.22,17976.0,13190000.0,35.23,35.23,71.67,2.03,0.38,951700,845900.0,2026-08-10,16:14:31
600835,上海机电,18.95,19.06,19.07,19.1,18.68,42563.0,80510000.0,190.88,152.83,24.87,1.37,0.53,2015200,2241100.0,2026-08-10,16:14:54
600838,上海九百,7.45,7.24,7.23,7.46,7.22,79710.0,59000000.0,29.87,29.87,69.68,1.93,1.99,4877700,3093300.0,2026-08-10,16:14:32
600839,四川长虹,6.94,6.85,6.84,7.03,6.77,686088.0,474840000.0,320.37,320.28,43.18,2.12,1.49,37706300,30902600.0,2026-08-10,16:14:47
600841,动力新科,5.85,5.78,5.81,5.86,5.75,119383.0,69360000.0,81.19,61.02,2.6,1.26,1.14,6340200,5598100.0,2026-08-10,16:14:39
600843,上工申贝,7.17,7.08,7.16,7.19,7.03,77488.0,55380000.0,51.13,33.64,-44.08,1.89,1.65,4143500,3605300.0,2026-08-10,16:14:42
600844,金煤科技,3.57,3.44,3.45,3.6,3.43,633505.0,224380000.0,36.29,29.37,-47.64,45.81,7.7,34108200,29242300.0,2026-08-10,16:14:57
600845,宝信软件,18.32,18.26,18.19,18.54,18.02,173683.0,317620000.0,523.57,390.96,42.17,4.95,0.81,8750900,8617400.0,2026-08-10,16:14:50
600846,同济科技,12.85,11.99,11.97,13.11,11.68,128625.0,161050000.0,80.28,80.28,33.13,1.85,2.06,7550300,5312300.0,2026-08-10,16:14:39
600847,万里股份,12.54,12.19,12.19,12.63,12.12,20640.0,25650000.0,19.22,19.22,-32.95,4.01,1.35,1153900,910100.0,2026-08-10,16:14:52
600848,上海临港,8.78,8.66,8.65,8.85,8.62,88316.0,77560000.0,221.47,210.19,24.03,1.36,0.37,4167600,4664000.0,2026-08-10,16:14:33
600850,电科数字,15.56,15.43,15.46,15.67,15.21,108014.0,167260000.0,127.01,127.01,41.83,2.65,1.32,5868600,4932800.0,2026-08-10,16:14:40
600851,海欣股份,8.47,8.37,8.54,8.61,8.35,130649.0,110720000.0,102.24,62.53,59.47,2.28,1.77,5884300,7180600.0,2026-08-10,16:14:43
600853,龙建股份,3.26,3.2,3.2,3.28,3.18,113482.0,36870000.0,33.05,33.05,8.41,0.78,1.12,7227700,4120500.0,2026-08-10,16:14:55
600854,春兰股份,4.54,4.4,4.42,4.55,4.39,67599.0,30400000.0,23.58,23.58,18.7,0.98,1.3,4247300,2512600.0,2026-08-10,16:14:37
600855,航天长峰,13.03,12.81,12.82,13.05,12.52,86043.0,110390000.0,61.05,60.93,-36.78,4.37,1.84,4787100,3817100.0,2026-08-10,16:14:45
600857,宁波中百,17.77,17.85,17.69,18.09,17.3,36731.0,65070000.0,39.86,39.86,85.46,4.56,1.64,1861400,1811700.0,2026-08-10,16:14:45
600858,银座股份,4.93,4.77,4.77,4.94,4.76,112492.0,54840000.0,25.64,25.52,44.25,0.93,2.17,6931700,4317500.0,2026-08-10,16:14:57
600859,王府井,10.27,10.08,10.08,10.33,10.03,181841.0,185760000.0,115.43,115.42,-263.1,0.59,1.62,10576400,7607600.0,2026-08-10,16:14:56
600860,京城股份,8.43,8.26,8.26,8.45,8.2,40451.0,33870000.0,46.15,37.43,-62.43,5.59,0.91,2337000,1708100.0,2026-08-10,16:14:42
600861,北京人力,13.32,13.24,13.15,13.53,13.15,33134.0,44320000.0,75.41,75.41,8.96,1.08,0.59,1821600,1491800.0,2026-08-10,16:14:35
600862,中航高科,18.64,18.21,18.28,18.66,18.15,164204.0,303100000.0,259.66,259.66,28.1,3.41,1.18,9931700,6488700.0,2026-08-10,16:14:42
600863,华能蒙电,4.71,4.72,4.72,4.74,4.66,838298.0,393590000.0,369.04,307.42,16.28,1.92,1.28,37287400,46542400.0,2026-08-10,16:14:36
600864,哈投股份,5.42,5.39,5.38,5.46,5.37,182223.0,98750000.0,112.77,112.77,36.55,0.88,0.88,8924900,9297300.0,2026-08-10,16:14:57
600865,百大集团,9.0,8.76,8.8,9.0,8.75,64548.0,57650000.0,33.86,33.86,162.81,1.47,1.72,3540900,2914000.0,2026-08-10,16:14:42
600866,星湖科技,4.48,4.43,4.44,4.5,4.42,229297.0,102600000.0,74.43,74.43,16.26,0.99,1.38,12107600,10822100.0,2026-08-10,16:14:55
600867,通化东宝,8.38,8.42,8.46,8.53,8.36,340615.0,287490000.0,164.13,164.13,13.27,2.47,1.74,15253700,18807900.0,2026-08-10,16:14:48
600868,梅雁吉祥,2.87,2.81,2.81,2.87,2.8,508204.0,144080000.0,54.48,54.48,-57.18,2.82,2.68,27495500,23324900.0,2026-08-10,16:14:41
600869,远东股份,15.66,16.16,16.43,16.56,15.14,1429745.0,2225320000.0,347.55,347.55,317.2,8.12,6.44,62665100,80309400.0,2026-08-10,16:14:31
600871,石化油服,2.24,2.21,2.22,2.24,2.21,964465.0,214930000.0,424.64,303.45,65.81,4.42,0.71,52580900,43865600.0,2026-08-10,16:14:53
600872,中炬高新,19.56,19.25,19.3,19.86,19.14,140945.0,276460000.0,151.45,150.81,24.48,2.7,1.83,7140100,6954500.0,2026-08-10,16:14:48
600873,梅花生物,8.11,7.88,7.89,8.16,7.82,374692.0,302340000.0,227.42,227.42,9.56,1.49,1.34,22214700,15254600.0,2026-08-10,16:14:54
600874,创业环保,5.61,5.52,5.53,5.61,5.51,83722.0,46730000.0,88.1,69.03,9.97,0.86,0.68,4780600,3591700.0,2026-08-10,16:14:52
600875,东方电气,27.19,27.39,27.35,27.8,26.81,466063.0,1264300000.0,940.33,615.41,22.06,2.09,2.06,19498000,27108300.0,2026-08-10,16:14:36
600876,凯盛新能,7.11,6.93,6.93,7.14,6.89,39480.0,27770000.0,45.91,28.13,-4.02,1.67,1.0,2311900,1636200.0,2026-08-10,16:14:36
600877,电科芯片,13.48,12.86,12.9,13.73,12.86,309641.0,415530000.0,159.61,159.61,534.53,6.38,2.62,16388800,14575300.0,2026-08-10,16:14:46
600879,航天电子,16.45,16.4,16.55,16.6,15.98,941972.0,1535460000.0,542.73,542.73,237.48,2.61,2.86,44298300,49898900.0,2026-08-10,16:14:58
600880,博瑞传播,4.05,3.99,4.0,4.06,3.94,151412.0,60810000.0,44.28,44.27,-324.23,1.47,1.39,8866700,6274500.0,2026-08-10,16:14:36
600881,亚泰集团,1.7,1.73,1.71,1.72,1.69,593008.0,100800000.0,54.95,54.95,-3.06,12.78,1.83,23444100,35856700.0,2026-08-10,16:14:38
600882,妙可蓝多,22.46,22.36,22.36,22.71,22.2,79327.0,178490000.0,114.2,114.2,83.5,2.38,1.56,3494600,4438100.0,2026-08-10,16:14:47
600883,博闻科技,7.69,7.46,7.44,7.75,7.4,43648.0,33250000.0,18.16,18.16,64.53,1.86,1.85,2765400,1599400.0,2026-08-10,16:14:34
600884,杉杉股份,12.07,12.42,12.2,12.29,11.91,858974.0,1035300000.0,271.05,221.5,35.86,1.21,4.68,36726800,49170600.0,2026-08-10,16:14:36
600885,宏发股份,35.3,35.41,35.24,35.55,34.41,161807.0,567400000.0,546.3,546.3,28.03,4.13,1.05,8568100,7612600.0,2026-08-10,16:14:39
600886,国投电力,14.26,14.23,14.22,14.41,14.14,283628.0,406080000.0,1141.44,1062.97,15.36,1.76,0.38,11655900,16706800.0,2026-08-10,16:14:34
600887,伊利股份,26.26,26.21,26.1,26.55,26.08,535487.0,1411130000.0,1661.04,1652.79,13.74,3.08,0.85,29312800,24236000.0,2026-08-10,16:14:34
600888,新疆众和,10.16,10.07,10.19,10.24,9.92,606069.0,609450000.0,157.79,157.79,22.38,1.25,3.9,27416800,33190100.0,2026-08-10,16:14:44
600889,*ST京化,13.72,13.79,13.82,13.83,13.56,19217.0,26280000.0,80.48,50.26,-142.52,5.21,0.52,672900,1248800.0,2026-08-10,16:14:52
600892,大晟文化,3.82,4.12,3.98,4.11,3.72,1239349.0,477030000.0,21.37,21.37,-24.27,243.68,22.16,58870300,65064600.0,2026-08-10,16:14:54
600893,航发动力,36.9,35.97,35.98,36.98,35.73,364013.0,1324100000.0,983.6,983.43,156.28,2.46,1.37,20143900,16257400.0,2026-08-10,16:14:48
600894,广日股份,7.94,7.84,7.83,7.97,7.79,39440.0,31210000.0,67.27,66.95,9.46,0.79,0.47,2315300,1628700.0,2026-08-10,16:14:31
600895,张江高科,33.09,32.51,32.65,33.33,32.08,322945.0,1060570000.0,512.46,512.46,66.11,3.8,2.09,16222400,16072100.0,2026-08-10,16:14:52
600897,厦门空港,14.77,14.63,14.58,14.84,14.56,14228.0,21000000.0,61.58,61.58,12.09,1.28,0.34,953100,469700.0,2026-08-10,16:14:55
600900,长江电力,28.05,27.75,27.68,28.21,27.57,1187473.0,3321850000.0,6863.34,6863.34,19.02,3.29,0.49,62014400,56733000.0,2026-08-10,16:14:51
600901,江苏金租,6.51,6.36,6.35,6.53,6.33,497745.0,319050000.0,377.05,376.96,11.46,1.52,0.86,28812100,20962400.0,2026-08-10,16:14:54
600903,贵州燃气,6.45,6.31,6.32,6.45,6.28,205063.0,130590000.0,75.08,75.08,97.52,2.39,1.76,11675700,8830600.0,2026-08-10,16:14:46
600905,三峡能源,3.78,3.77,3.77,3.8,3.76,699199.0,264560000.0,1080.61,1080.61,46.83,1.22,0.24,31294000,38625900.0,2026-08-10,16:14:32
600906,财达证券,6.62,6.59,6.59,6.67,6.58,208981.0,138310000.0,214.82,140.62,24.35,1.75,0.98,9968500,10929600.0,2026-08-10,16:14:49
600908,无锡银行,5.42,5.39,5.39,5.47,5.36,195520.0,106070000.0,118.95,108.36,5.11,0.52,0.98,10490400,9061500.0,2026-08-10,16:14:51
600909,华安证券,8.24,8.21,8.26,8.42,8.13,1184525.0,975210000.0,413.99,413.99,20.52,1.61,2.36,52088800,66363600.0,2026-08-10,16:14:52
600916,中国黄金,8.1,7.77,7.91,8.15,7.83,686521.0,550860000.0,136.08,136.08,44.67,1.93,4.09,40338900,28313200.0,2026-08-10,16:14:44
600917,重庆燃气,4.87,4.82,4.81,4.88,4.79,52158.0,25310000.0,76.02,76.02,33.74,1.33,0.33,2206500,3009400.0,2026-08-10,16:14:44
600918,中泰证券,5.6,5.56,5.55,5.62,5.54,214577.0,119970000.0,443.43,255.52,28.91,1.0,0.47,11555300,9902400.0,2026-08-10,16:14:48
600919,江苏银行,11.81,11.62,11.59,11.9,11.58,1129222.0,1332700000.0,2167.29,2167.29,6.0,0.8,0.62,72303700,40618600.0,2026-08-10,16:14:35
600925,苏能股份,4.37,4.28,4.27,4.37,4.27,112818.0,49000000.0,301.04,70.18,137.37,1.95,0.7,7773000,3508800.0,2026-08-10,16:14:39
600926,杭州银行,16.1,16.0,15.94,16.23,15.91,285697.0,460550000.0,1167.09,1167.09,5.94,0.85,0.39,16171700,12398000.0,2026-08-10,16:14:59
600927,永安期货,13.07,13.03,13.0,13.17,12.98,50725.0,66340000.0,189.57,189.57,23.29,1.44,0.35,2316600,2755900.0,2026-08-10,16:14:33
600928,西安银行,3.58,3.53,3.53,3.61,3.52,250452.0,89580000.0,159.11,158.36,5.91,0.45,0.57,14079700,10965500.0,2026-08-10,16:14:39
600929,雪天盐业,5.36,5.33,5.38,5.43,5.33,219720.0,118270000.0,87.91,87.91,150.27,1.17,1.34,11794300,10177700.0,2026-08-10,16:14:40
600933,爱柯迪,13.8,13.65,13.68,13.88,13.5,78403.0,107880000.0,142.14,135.38,12.54,1.51,0.8,4049000,3791300.0,2026-08-10,16:14:49
600935,华塑股份,2.33,2.29,2.29,2.35,2.28,178159.0,41220000.0,83.76,81.72,-73.61,1.41,0.51,12704600,5111300.0,2026-08-10,16:14:41
600936,北投科技,6.16,5.6,5.6,6.16,5.48,1183437.0,689350000.0,102.94,102.94,-50.98,10.35,7.08,57138600,61205100.0,2026-08-10,16:14:37
600938,中国海油,32.0,31.33,31.6,32.38,31.38,464688.0,1491250000.0,15209.59,956.8,12.2,1.87,1.55,23220500,23248400.0,2026-08-10,16:14:48
600939,重庆建工,2.64,2.61,2.62,2.66,2.62,77703.0,20530000.0,50.23,50.23,-4.22,0.72,0.41,3990200,3780100.0,2026-08-10,16:14:38
600941,中国移动,96.7,95.5,95.12,97.61,94.77,108936.0,1053340000.0,20971.54,872.98,15.44,1.48,1.21,5850400,5043200.0,2026-08-10,16:14:38
600955,维远股份,12.87,12.71,12.75,12.95,12.7,32237.0,41420000.0,70.78,70.78,-9.34,0.93,0.59,1801200,1422500.0,2026-08-10,16:14:51
600956,新天绿能,7.36,7.26,7.25,7.46,7.21,87916.0,64610000.0,331.22,172.82,20.86,1.34,0.37,4630700,4160900.0,2026-08-10,16:14:34
600958,东方证券,9.19,9.08,9.12,9.23,9.1,548249.0,503330000.0,780.84,686.45,11.67,0.92,0.73,33996500,20828400.0,2026-08-10,16:14:46
600959,江苏有线,3.1,3.07,3.06,3.11,3.05,255644.0,78940000.0,155.02,155.02,71.3,0.68,0.51,14337900,11226500.0,2026-08-10,16:14:54
600960,渤海汽车,4.04,3.99,3.99,4.05,3.95,82852.0,33230000.0,38.4,38.4,23.99,1.09,0.87,5320700,2964500.0,2026-08-10,16:14:50
600961,株冶集团,30.17,29.4,29.98,30.8,29.05,915151.0,2741310000.0,323.69,226.82,16.25,6.41,12.17,46205200,45309900.0,2026-08-10,16:14:40
600962,国投中鲁,28.15,28.19,28.99,28.99,26.5,171851.0,480810000.0,73.81,73.81,406.24,7.79,6.55,8917700,8267400.0,2026-08-10,16:14:57
600963,岳阳林纸,3.36,3.31,3.3,3.4,3.29,294434.0,98640000.0,59.05,59.05,-21.8,0.78,1.68,16370900,13072500.0,2026-08-10,16:14:54
600965,*ST福成,2.64,2.57,2.56,2.64,2.55,36451.0,9500000.0,21.61,21.61,39.68,0.98,0.45,2638400,1006700.0,2026-08-10,16:14:53
600966,博汇纸业,5.13,4.85,4.84,5.15,4.82,232476.0,116790000.0,68.58,68.58,43.55,0.92,1.74,13823300,9424300.0,2026-08-10,16:14:42
600967,内蒙一机,12.2,11.45,11.46,12.25,11.44,677039.0,811780000.0,207.62,207.62,72.38,1.76,3.98,41646900,26057000.0,2026-08-10,16:14:58
600968,海油发展,3.89,3.87,3.87,3.91,3.86,242775.0,94410000.0,395.42,395.42,10.07,1.38,0.24,11743700,12533800.0,2026-08-10,16:14:54
600969,郴电国际,8.6,8.29,8.29,8.62,8.28,116087.0,98520000.0,31.82,31.82,41.43,0.89,3.14,6831700,4777000.0,2026-08-10,16:14:34
600970,中材国际,7.89,7.83,7.83,7.96,7.76,195514.0,154070000.0,206.86,206.86,7.8,0.93,0.75,11934300,7617100.0,2026-08-10,16:14:58
600971,恒源煤电,8.43,8.16,8.16,8.45,8.1,214291.0,178890000.0,101.16,101.16,-53.69,0.87,1.79,12243500,9185600.0,2026-08-10,16:14:38
600973,宝胜股份,6.3,6.21,6.21,6.31,6.11,201798.0,125820000.0,86.4,86.4,-511.82,2.55,1.47,12809300,7370500.0,2026-08-10,16:14:34
600975,新五丰,5.04,4.93,4.93,5.07,4.91,166571.0,83830000.0,62.98,62.98,-4.95,3.53,1.33,9652300,7004800.0,2026-08-10,16:14:44
600976,健民集团,29.56,30.15,30.12,30.18,29.4,38005.0,113130000.0,45.34,45.32,13.44,1.74,2.48,1751700,2048900.0,2026-08-10,16:14:48
600977,中国电影,12.99,12.61,13.05,13.23,12.55,783503.0,1009550000.0,242.52,242.52,169.24,2.22,4.2,40411500,37938800.0,2026-08-10,16:14:53
600979,广安爱众,4.06,3.99,3.99,4.07,3.97,249629.0,100670000.0,51.19,50.41,-14.14,1.21,2.01,14999200,9963600.0,2026-08-10,16:14:49
600980,北矿科技,19.73,18.95,19.12,19.77,18.9,49924.0,96960000.0,38.13,37.34,27.58,2.49,2.64,2902600,2089800.0,2026-08-10,16:14:36
600981,苏豪汇鸿,2.45,2.39,2.38,2.46,2.38,191950.0,46680000.0,54.94,54.94,-1591.99,1.11,0.86,12817800,6377200.0,2026-08-10,16:14:38
600982,宁波能源,5.2,5.1,5.1,5.2,5.08,356467.0,183810000.0,58.12,58.12,15.37,1.33,3.19,20869900,14776800.0,2026-08-10,16:15:00
600983,惠而浦,7.81,7.72,7.75,7.86,7.67,28494.0,22180000.0,59.86,59.86,12.0,2.34,0.37,1746600,1102800.0,2026-08-10,16:14:49
600984,建设机械,4.49,4.08,4.2,4.49,4.17,763432.0,335610000.0,56.44,56.44,-2.53,3.16,6.07,41120900,35222200.0,2026-08-10,16:14:53
600985,淮北矿业,16.86,16.52,16.44,17.1,16.34,294353.0,496090000.0,454.08,454.08,34.78,1.1,1.09,15544500,13890800.0,2026-08-10,16:14:33
600986,浙文互联,8.03,8.06,8.08,8.16,7.88,649774.0,519990000.0,119.44,119.44,-253.21,2.31,4.37,29809600,35167800.0,2026-08-10,16:14:58
600987,航民股份,6.81,6.67,6.67,6.85,6.64,130916.0,88730000.0,69.52,69.52,9.42,1.06,1.28,9155800,3935800.0,2026-08-10,16:14:47
600988,赤峰黄金,43.73,42.09,41.9,44.18,40.68,817378.0,3489490000.0,831.05,727.63,23.17,6.07,4.91,46765400,34972400.0,2026-08-10,16:15:00
600989,宝丰能源,23.9,23.67,23.6,24.28,23.6,594430.0,1419750000.0,1752.67,1752.67,13.94,3.57,0.81,26869700,32573400.0,2026-08-10,16:14:36
600990,四创电子,18.41,17.9,17.91,18.48,17.78,47665.0,86600000.0,49.53,49.53,-15.27,3.25,1.77,2883100,1883400.0,2026-08-10,16:14:48
600992,贵绳股份,10.44,10.15,10.2,10.48,10.01,83108.0,85890000.0,25.59,25.59,-869.55,1.79,3.39,4398600,3912100.0,2026-08-10,16:14:59
600993,马应龙,23.79,23.46,23.55,23.96,23.4,67113.0,159350000.0,102.55,102.37,17.37,2.39,1.56,3724800,2986500.0,2026-08-10,16:14:54
600995,南网储能,12.8,12.64,12.66,12.87,12.65,150619.0,192770000.0,409.09,409.09,20.22,1.75,0.47,7818900,7243000.0,2026-08-10,16:14:45
600996,贵广网络,6.98,7.02,6.97,7.0,6.7,220075.0,151150000.0,87.03,87.03,-6.6,5.55,1.77,10077900,11929600.0,2026-08-10,16:14:36
600997,开滦股份,5.47,5.41,5.33,5.55,5.33,168934.0,92820000.0,86.85,86.85,-41.57,0.64,1.06,9801600,7091800.0,2026-08-10,16:14:36
600998,九州通,5.05,4.99,4.99,5.12,4.98,454454.0,230600000.0,254.64,254.64,12.62,0.96,0.9,26773000,18672400.0,2026-08-10,16:14:50
600999,招商证券,18.21,18.2,18.22,18.46,18.15,505501.0,922230000.0,1583.64,1351.55,11.9,1.32,0.68,24347300,26202800.0,2026-08-10,16:14:59
601000,唐山港,4.64,4.67,4.67,4.7,4.61,401945.0,187210000.0,274.96,274.96,13.17,1.33,0.68,18556100,21638500.0,2026-08-10,16:14:46
601001,晋控煤业,18.0,17.28,17.21,18.05,17.0,315339.0,558480000.0,301.27,301.27,18.17,1.62,1.88,16675500,14858400.0,2026-08-10,16:14:52
601002,晋亿实业,5.47,5.35,5.31,5.48,5.31,135827.0,73750000.0,52.21,52.21,20.34,1.21,1.42,7647900,5934800.0,2026-08-10,16:14:51
601003,柳钢股份,3.83,3.75,3.68,3.83,3.65,379342.0,142530000.0,100.89,98.15,23.24,1.11,1.48,22433600,15500500.0,2026-08-10,16:14:43
601005,重庆钢铁,1.21,1.2,1.2,1.21,1.19,379667.0,45680000.0,116.27,100.6,-4.15,0.79,0.46,20806300,17160400.0,2026-08-10,16:14:54
601006,大秦铁路,4.78,4.8,4.79,4.81,4.77,1324381.0,633630000.0,949.45,949.45,16.62,0.59,0.67,46051200,86386900.0,2026-08-10,16:14:41
601007,金陵饭店,6.72,6.53,6.5,6.74,6.5,78232.0,52230000.0,26.21,26.21,40.13,1.68,2.01,4883500,2939700.0,2026-08-10,16:14:50
601008,连云港,4.37,4.29,4.29,4.39,4.27,88188.0,38430000.0,54.22,54.22,30.35,1.31,0.71,5678200,3140600.0,2026-08-10,16:14:32
601009,南京银行,11.25,11.21,11.16,11.37,11.16,386372.0,436560000.0,1390.9,1390.9,6.24,0.75,0.31,18746800,19890400.0,2026-08-10,16:14:51
601010,ST文峰,1.41,1.41,1.41,1.42,1.38,197777.0,27680000.0,25.5,25.5,-23.95,0.63,1.09,7678100,12099600.0,2026-08-10,16:14:55
601011,宝泰隆,2.72,2.63,2.64,2.72,2.62,439186.0,117790000.0,52.11,52.11,-16.84,0.96,2.29,28407300,15511200.0,2026-08-10,16:14:42
601012,隆基绿能,12.94,12.93,12.87,13.06,12.82,775235.0,1003420000.0,980.6,980.6,-14.19,1.94,1.02,36470800,41052700.0,2026-08-10,16:14:38
601015,陕西黑猫,3.43,3.34,3.35,3.43,3.29,740909.0,249860000.0,70.06,70.06,-5.7,1.46,3.63,44034400,30056500.0,2026-08-10,16:14:41
601016,节能风电,3.58,3.55,3.54,3.58,3.51,1290934.0,458620000.0,234.29,216.17,47.06,1.32,2.14,64182100,64911300.0,2026-08-10,16:14:58
601018,宁波港,3.39,3.35,3.35,3.41,3.34,489584.0,165840000.0,659.5,659.5,12.77,0.82,0.25,30166500,18792000.0,2026-08-10,16:14:36
601019,山东出版,7.07,6.98,7.02,7.14,6.93,124133.0,87680000.0,147.54,147.54,12.51,0.97,0.59,6580600,5832700.0,2026-08-10,16:14:52
601020,华钰矿业,23.27,21.15,21.5,23.27,21.3,492490.0,1113470000.0,190.81,190.81,22.3,4.51,6.01,27205200,22043800.0,2026-08-10,16:14:37
601021,春秋航空,45.83,45.67,45.58,45.91,45.46,35612.0,162900000.0,448.37,448.37,17.09,2.47,0.36,1727400,1833800.0,2026-08-10,16:14:58
601022,宁波远洋,8.16,8.05,8.04,8.16,8.0,45222.0,36750000.0,106.78,106.78,17.26,1.72,0.35,2579000,1943200.0,2026-08-10,16:14:33
601028,玉龙股份,12.83,12.83,0.0,0.0,0.0,0.0,0.0,100.46,100.46,27.25,2.91,0.0,0,0.0,2026-08-10,09:00:00
601033,永兴股份,14.48,14.17,14.17,14.59,14.14,43589.0,62890000.0,130.32,34.75,14.46,1.24,1.82,2673300,1685600.0,2026-08-10,16:14:54
601038,一拖股份,13.48,13.2,13.2,13.5,13.08,73263.0,97720000.0,151.47,98.63,17.93,1.89,1.0,3896900,3429400.0,2026-08-10,16:14:36
601058,赛轮轮胎,13.87,13.61,13.64,14.04,13.6,286844.0,397950000.0,456.06,456.06,12.88,2.09,0.87,16441200,12243300.0,2026-08-10,16:14:31
601059,信达证券,16.68,16.62,16.64,16.79,16.61,39471.0,65870000.0,540.93,540.93,27.5,2.52,0.12,2044800,1902300.0,2026-08-10,16:14:45
601061,中信金属,12.56,12.16,12.39,12.61,12.18,261574.0,324820000.0,615.44,615.44,17.61,2.59,0.53,14606500,11550900.0,2026-08-10,16:14:37
601065,江盐集团,6.94,6.84,6.84,6.98,6.83,61337.0,42500000.0,44.61,44.61,22.04,1.01,0.95,3139800,2993900.0,2026-08-10,16:14:43
601066,中信建投,25.96,26.04,26.05,26.17,25.83,196748.0,511020000.0,2013.64,1686.28,17.88,2.33,0.3,8232200,11442600.0,2026-08-10,16:14:56
601068,中铝国际,4.66,4.56,4.57,4.67,4.54,112170.0,51910000.0,139.19,119.28,52.03,4.53,0.44,5973300,5243700.0,2026-08-10,16:14:32
601069,西部黄金,30.28,28.51,28.61,30.48,28.0,504853.0,1488620000.0,275.85,268.64,28.42,5.39,5.69,27229600,23255700.0,2026-08-10,16:14:50
601077,渝农商行,6.46,6.45,6.43,6.56,6.42,846886.0,548750000.0,733.66,570.95,5.82,0.52,0.96,42860400,41828200.0,2026-08-10,16:14:51
601083,锦江航运,11.39,11.1,11.1,11.44,11.07,79869.0,90730000.0,147.4,22.11,9.97,1.66,4.11,4805100,3181700.0,2026-08-10,16:14:53
601086,国芳集团,8.17,7.9,7.9,8.2,7.85,264613.0,214630000.0,54.41,54.41,56.27,3.48,3.97,14168400,12292900.0,2026-08-10,16:14:39
601088,中国神华,44.68,43.94,43.79,44.96,43.71,298631.0,1330910000.0,9690.84,7368.2,18.79,2.03,0.18,16142100,13721000.0,2026-08-10,16:14:53
601089,福元医药,17.92,17.74,17.81,18.35,17.7,42039.0,75470000.0,86.02,86.02,19.81,2.36,0.88,2202700,2001200.0,2026-08-10,16:14:49
601096,宏盛华源,4.37,4.31,4.33,4.38,4.3,238334.0,103780000.0,116.9,71.8,30.43,2.48,1.45,13081300,10752100.0,2026-08-10,16:14:36
601098,中南传媒,10.49,10.43,10.44,10.63,10.36,123660.0,130100000.0,188.4,188.4,11.73,1.2,0.69,6745700,5620300.0,2026-08-10,16:14:39
601099,太平洋,3.42,3.42,3.41,3.45,3.41,722990.0,247450000.0,233.12,233.12,139.61,2.35,1.06,31596100,40702900.0,2026-08-10,16:14:59
601100,恒立液压,103.88,104.0,104.1,104.99,103.19,56110.0,581770000.0,1392.84,1392.84,50.31,8.13,0.42,2708100,2902800.0,2026-08-10,16:14:53
601101,昊华能源,13.39,13.5,13.5,13.88,13.19,626553.0,843230000.0,192.82,192.82,34.7,1.61,4.35,30409500,32245800.0,2026-08-10,16:14:35
601106,中国一重,3.21,3.17,3.17,3.22,3.14,560267.0,178200000.0,220.13,220.13,-97.43,4.26,0.82,32738900,23287800.0,2026-08-10,16:14:57
601107,四川成渝,5.58,5.53,5.54,5.63,5.52,100815.0,56370000.0,170.64,120.68,11.5,1.04,0.47,4706500,5374900.0,2026-08-10,16:14:50
601108,财通证券,8.41,8.46,8.4,8.48,8.37,347753.0,292640000.0,390.54,390.54,13.2,1.03,0.75,14327700,20447500.0,2026-08-10,16:14:38
601111,中国国航,6.09,6.07,6.05,6.09,6.02,531997.0,322680000.0,1248.0,708.76,62.79,1.95,0.46,25507700,27692000.0,2026-08-10,16:14:36
601113,华鼎股份,3.47,3.41,3.42,3.49,3.39,105420.0,36480000.0,46.99,38.31,34.12,0.99,0.95,5900000,4642000.0,2026-08-10,16:14:37
601116,三江购物,10.72,10.48,10.52,10.75,10.48,91879.0,97970000.0,58.71,58.71,33.21,1.78,1.68,5200200,3987700.0,2026-08-10,16:14:31
601117,中国化学,7.8,7.77,7.76,7.82,7.73,546679.0,425760000.0,476.23,474.87,7.26,0.69,0.9,29091400,25576600.0,2026-08-10,16:14:56
601118,海南橡胶,5.52,5.48,5.42,5.59,5.4,698853.0,385340000.0,236.22,236.22,-185.7,2.47,1.63,34480300,35405000.0,2026-08-10,16:14:50
601121,宝地矿业,7.36,7.07,7.11,7.62,7.1,199070.0,146170000.0,72.44,58.88,46.07,1.68,2.49,10442900,9464100.0,2026-08-10,16:14:48
601126,四方股份,45.89,45.97,48.1,48.65,45.05,382713.0,1769090000.0,382.31,378.63,44.55,8.37,4.64,17740600,20530600.0,2026-08-10,16:14:53
601127,赛力斯,56.03,56.82,56.5,57.5,55.83,224759.0,1267970000.0,976.03,872.5,16.37,2.45,1.44,9082600,13393300.0,2026-08-10,16:14:35
601128,常熟银行,6.13,6.12,6.12,6.2,6.1,485412.0,298720000.0,223.63,223.63,5.15,0.71,1.33,21748000,26793200.0,2026-08-10,16:14:58
601133,柏诚股份,26.3,26.15,26.16,26.6,25.7,125631.0,328190000.0,138.39,137.91,72.06,4.64,2.4,5438800,7124300.0,2026-08-10,16:14:34
601136,首创证券,14.62,14.61,14.61,14.82,14.61,84122.0,123410000.0,399.61,399.61,36.26,2.86,0.31,4071500,4340700.0,2026-08-10,16:14:53
601137,博威合金,17.6,18.0,18.08,18.15,17.36,172444.0,302540000.0,161.71,161.59,-57.09,1.73,1.88,6759200,10485200.0,2026-08-10,16:14:59
601138,工业富联,69.18,68.18,69.0,70.97,67.65,1644179.0,11393970000.0,13728.14,13728.14,33.77,8.41,0.83,84344200,80073800.0,2026-08-10,16:14:53
601139,深圳燃气,6.4,6.34,6.31,6.46,6.3,214084.0,137130000.0,184.11,184.11,11.89,1.09,0.74,10962300,10446200.0,2026-08-10,16:14:59
601155,新城控股,11.26,11.02,11.0,11.45,11.0,287875.0,324520000.0,253.98,253.98,36.95,0.41,1.28,15387200,13400300.0,2026-08-10,16:15:00
601156,东航物流,17.87,17.35,17.35,17.88,17.23,115180.0,203340000.0,283.7,168.8,10.43,1.48,1.22,6255700,5262300.0,2026-08-10,16:14:55
601158,重庆水务,4.2,4.12,4.12,4.21,4.11,105704.0,44190000.0,201.6,201.6,24.15,1.18,0.22,6885100,3685300.0,2026-08-10,16:14:59
601162,天风证券,3.63,3.63,3.63,3.66,3.62,967615.0,351540000.0,365.69,312.11,277.25,1.33,1.13,44773500,51988000.0,2026-08-10,16:14:41
601163,三角轮胎,13.4,13.23,13.22,13.46,13.17,37871.0,50670000.0,107.2,107.2,11.0,0.77,0.47,2370100,1416900.0,2026-08-10,16:14:58
601166,兴业银行,18.34,18.34,18.29,18.5,18.25,636905.0,1170480000.0,3881.27,3881.27,5.01,0.47,0.3,31203600,32486900.0,2026-08-10,16:14:38
601168,西部矿业,42.45,43.07,42.86,43.23,41.57,921397.0,3890050000.0,1011.58,1011.58,17.02,4.51,3.87,42229000,49910700.0,2026-08-10,16:14:59
601169,北京银行,5.03,5.01,5.01,5.06,5.0,1030539.0,518750000.0,1063.49,1063.49,5.18,0.38,0.49,55431700,47622200.0,2026-08-10,16:14:50
601177,杭齿前进,13.37,13.16,13.16,13.39,13.05,53501.0,71060000.0,54.51,53.8,20.76,1.89,1.33,2990200,2359900.0,2026-08-10,16:14:48
601179,中国西电,14.07,14.07,14.15,14.5,14.0,1670735.0,2375030000.0,721.21,721.21,54.58,3.13,3.26,77894700,89178800.0,2026-08-10,16:14:47
601186,中国铁建,6.17,6.16,6.15,6.19,6.14,321236.0,198310000.0,837.86,709.75,4.76,0.31,0.28,15434500,16689000.0,2026-08-10,16:14:35
601187,厦门银行,7.27,7.25,7.2,7.35,7.2,158170.0,115120000.0,191.86,191.45,7.15,0.71,0.6,8024100,7792900.0,2026-08-10,16:14:57
601188,龙江交通,2.89,2.83,2.83,2.9,2.82,216945.0,62390000.0,37.73,37.73,24.5,0.85,1.66,14903700,6790800.0,2026-08-10,16:14:31
601198,东兴证券,13.82,13.8,13.82,13.96,13.78,173007.0,239530000.0,446.72,446.72,19.36,1.47,0.54,7262900,10037800.0,2026-08-10,16:14:59
601199,江南水务,6.06,5.51,5.52,6.06,5.47,418424.0,245650000.0,56.67,56.67,15.71,1.23,4.47,24993400,16849000.0,2026-08-10,16:14:36
601200,上海环境,7.06,6.98,6.98,7.12,6.95,94112.0,66370000.0,95.04,95.04,15.76,0.82,0.7,5112300,4298900.0,2026-08-10,16:14:39
601208,东材科技,45.38,45.94,47.21,47.48,43.6,1182206.0,5310540000.0,458.42,458.42,120.51,7.59,11.7,55770900,62449800.0,2026-08-10,16:14:42
601211,国泰海通,18.2,17.91,17.96,18.31,17.93,735157.0,1336580000.0,3208.45,2456.44,14.61,1.0,0.54,44112400,29403300.0,2026-08-10,16:14:34
601212,白银有色,5.9,5.63,5.68,5.99,5.55,2818536.0,1628180000.0,436.88,436.88,-77.85,2.75,3.81,157234600,124619100.0,2026-08-10,16:14:34
601216,君正集团,4.59,4.55,4.54,4.63,4.52,465660.0,214220000.0,387.3,387.3,12.79,1.45,0.55,26340700,20225300.0,2026-08-10,16:14:55
601218,吉鑫科技,4.68,4.6,4.58,4.7,4.52,392095.0,181810000.0,45.35,45.35,28.64,1.51,4.05,22896600,16312900.0,2026-08-10,16:14:51
601222,林洋能源,5.67,5.6,5.6,5.7,5.56,169457.0,95770000.0,115.74,115.74,63.99,0.77,0.83,8513600,8432100.0,2026-08-10,16:14:34
601225,陕西煤业,26.04,25.04,24.95,26.19,24.94,401014.0,1035700000.0,2524.58,2524.58,15.61,2.71,0.41,20678600,19422800.0,2026-08-10,16:14:34
601226,华电科工,6.32,6.24,6.29,6.33,6.21,92177.0,57930000.0,73.45,73.45,39.3,1.71,0.79,5247300,3970400.0,2026-08-10,16:14:54
601228,广州港,3.08,3.03,3.04,3.09,3.02,245170.0,75110000.0,232.37,232.37,29.47,1.09,0.32,15450900,9066100.0,2026-08-10,16:14:57
601229,上海银行,9.27,9.21,9.2,9.34,9.19,530519.0,493240000.0,1317.18,1317.18,5.44,0.53,0.37,26409000,26642900.0,2026-08-10,16:14:49
601231,环旭电子,27.68,27.61,27.86,28.2,26.91,345129.0,949680000.0,661.26,661.26,32.45,2.95,1.44,16535000,17977900.0,2026-08-10,16:14:32
601233,桐昆股份,24.4,23.56,23.56,24.74,23.5,401416.0,971090000.0,580.48,579.42,17.48,1.45,1.69,19973600,20167900.0,2026-08-10,16:14:54
601236,红塔证券,7.05,7.01,7.01,7.09,7.0,103128.0,72700000.0,330.87,330.87,29.7,1.34,0.22,5689100,4623700.0,2026-08-10,16:14:48
601238,广汽集团,5.33,5.25,5.24,5.39,5.22,275116.0,146890000.0,543.5,393.55,-6.24,0.52,0.37,15238400,12273200.0,2026-08-10,16:14:38
601279,英利汽车,3.26,3.16,3.16,3.27,3.15,100814.0,32540000.0,51.7,51.7,-69.1,1.25,0.64,6518200,3563200.0,2026-08-10,16:14:46
601288,农业银行,6.46,6.47,6.43,6.52,6.41,3554489.0,2301710000.0,22608.9,20623.18,7.68,0.81,0.11,204001800,151447100.0,2026-08-10,16:14:42
601298,XD青岛港,8.88,8.68,8.69,8.88,8.61,124996.0,110210000.0,576.41,478.82,10.99,1.26,0.23,6515700,5983900.0,2026-08-10,16:14:43
601311,骆驼股份,7.93,7.87,7.85,7.96,7.84,117123.0,92800000.0,93.03,93.03,12.23,0.95,1.0,5946000,5766200.0,2026-08-10,16:14:45
601318,中国平安,53.32,53.38,53.28,53.66,53.2,595323.0,3178150000.0,9654.99,5683.95,7.27,0.98,0.56,27134900,32397400.0,2026-08-10,16:14:48
601319,中国人保,7.07,7.09,7.05,7.14,7.05,476012.0,337750000.0,3126.64,2509.69,7.34,1.0,0.13,21841900,25759300.0,2026-08-10,16:14:35
601326,秦港股份,3.4,3.39,3.39,3.45,3.38,208811.0,71440000.0,189.97,161.76,11.78,0.95,0.44,11267900,9613200.0,2026-08-10,16:14:59
601328,交通银行,6.9,6.91,6.88,6.97,6.87,1098860.0,761120000.0,6097.1,1799.0,6.32,0.53,0.42,58290400,51595600.0,2026-08-10,16:14:57
601330,绿色动力,7.25,7.14,7.11,7.25,7.11,98553.0,71010000.0,103.72,71.71,16.23,1.3,1.0,5621500,4233800.0,2026-08-10,16:14:38
601333,广深铁路,2.96,2.96,2.96,2.99,2.95,577326.0,171570000.0,209.67,167.31,13.64,0.74,1.02,26388000,31344600.0,2026-08-10,16:14:40
601336,新华保险,60.06,60.66,60.3,60.76,59.86,151347.0,910730000.0,1873.6,1252.51,5.08,1.6,0.73,6058300,9076400.0,2026-08-10,16:14:42
601339,百隆东方,8.0,8.08,8.18,8.41,7.97,220100.0,180200000.0,119.97,119.97,14.53,1.3,1.47,9886000,12124000.0,2026-08-10,16:14:48
601360,三六零,9.61,9.64,9.64,9.71,9.49,805402.0,772540000.0,672.66,672.66,104.22,2.36,1.15,37920500,42619600.0,2026-08-10,16:14:40
601366,利群股份,3.58,3.48,3.46,3.58,3.45,111217.0,39390000.0,34.36,34.36,-10.73,0.8,1.16,6905600,4216100.0,2026-08-10,16:14:40
601368,绿城水务,4.52,4.41,4.42,4.54,4.41,79621.0,35810000.0,39.91,39.91,33.73,0.83,0.9,4484600,3477400.0,2026-08-10,16:14:47
601369,陕鼓动力,9.39,9.53,9.48,9.69,9.39,157866.0,150120000.0,161.83,160.21,23.39,1.83,0.93,6557300,9229300.0,2026-08-10,16:14:56
601375,中原证券,4.14,4.12,4.13,4.17,4.12,341591.0,141700000.0,192.22,142.73,36.86,1.32,0.99,17606200,16552900.0,2026-08-10,16:14:36
601377,兴业证券,5.91,5.89,5.9,5.93,5.87,531500.0,313850000.0,510.39,510.39,16.26,0.92,0.62,27310200,25839800.0,2026-08-10,16:14:47
601388,怡球资源,3.41,3.27,3.31,3.42,3.3,619186.0,208680000.0,75.06,75.06,36.02,1.62,2.81,36556900,25361700.0,2026-08-10,16:14:43
601390,中国中铁,4.52,4.48,4.48,4.54,4.47,950546.0,429450000.0,1108.82,918.64,5.22,0.35,0.47,52895800,42158800.0,2026-08-10,16:14:54
601398,工商银行,7.53,7.53,7.49,7.57,7.47,3073877.0,2315140000.0,26837.39,20301.8,7.23,0.69,0.11,164468300,142919400.0,2026-08-10,16:14:53
601399,国机重装,3.32,3.32,3.33,3.34,3.29,550196.0,182410000.0,239.49,239.49,49.95,1.61,0.76,21899500,33120100.0,2026-08-10,16:14:52
601456,国联民生,8.97,8.96,8.93,9.02,8.93,129475.0,116330000.0,509.55,392.62,23.93,0.96,0.3,6882300,6065200.0,2026-08-10,16:14:49
601500,通用股份,4.07,4.03,4.02,4.1,4.01,150588.0,61380000.0,64.69,64.43,28.72,1.05,0.95,8034400,7024400.0,2026-08-10,16:14:36
601512,中新集团,7.93,7.85,7.87,7.99,7.84,41052.0,32600000.0,118.86,118.86,12.98,0.79,0.27,2793600,1311600.0,2026-08-10,16:14:49
601515,衢州东峰,3.58,3.42,3.43,3.68,3.43,455488.0,163420000.0,68.9,68.9,-15.41,1.41,2.37,27622400,17926400.0,2026-08-10,16:14:48
601518,吉林高速,2.79,2.76,2.75,2.8,2.75,120590.0,33590000.0,52.75,52.75,10.73,0.94,0.64,8236000,3823000.0,2026-08-10,16:14:32
601519,大智慧,8.27,8.28,8.29,8.32,8.18,283632.0,233960000.0,164.5,164.5,-216.48,12.68,1.43,12948600,15414600.0,2026-08-10,16:14:55
601528,瑞丰银行,4.92,4.89,4.89,4.99,4.87,204621.0,101050000.0,96.54,91.3,4.92,0.49,1.1,10581700,9880400.0,2026-08-10,16:15:00
601555,东吴证券,8.0,8.03,8.06,8.1,8.0,275026.0,221070000.0,397.5,397.5,11.78,0.93,0.55,11596600,15906000.0,2026-08-10,16:14:52
601566,九牧王,8.66,8.39,8.4,8.66,8.34,74868.0,63950000.0,49.76,49.76,28.91,1.31,1.3,4877600,2609200.0,2026-08-10,16:14:47
601567,三星电气,16.01,15.88,15.88,16.16,15.81,132879.0,212280000.0,224.97,224.97,23.63,1.96,0.95,6818200,6469700.0,2026-08-10,16:14:50
601568,北元化工,3.76,3.72,3.72,3.78,3.7,164581.0,61860000.0,149.36,149.36,364.35,1.34,0.41,9053100,7405000.0,2026-08-10,16:14:48
601577,长沙银行,9.22,9.21,9.21,9.33,9.16,149422.0,138440000.0,370.79,370.71,4.5,0.51,0.37,7686300,7255900.0,2026-08-10,16:14:51
601579,会稽山,15.67,15.05,15.03,15.95,14.95,115434.0,180840000.0,75.13,75.13,27.74,2.01,2.41,6287300,5256100.0,2026-08-10,16:14:38
601588,北辰实业,1.73,1.68,1.71,1.74,1.7,347671.0,60000000.0,58.25,46.02,-2.05,0.89,1.31,22044600,12722400.0,2026-08-10,16:14:33
601595,上海电影,17.99,17.76,17.98,18.19,17.65,60643.0,108840000.0,80.63,80.63,132.99,4.77,1.35,3032100,3032200.0,2026-08-10,16:15:00
601598,中国外运,6.68,6.47,6.51,6.74,6.45,240166.0,159920000.0,479.21,344.52,11.81,1.18,0.47,13836000,10180600.0,2026-08-10,16:14:43
601599,浙文影业,3.1,3.02,3.02,3.1,3.0,234781.0,72000000.0,35.98,35.98,32.29,2.35,2.02,13280500,10197600.0,2026-08-10,16:14:34
601600,中国铝业,10.05,9.85,10.0,10.11,9.87,2278830.0,2279670000.0,1724.07,1326.94,11.76,2.14,1.73,113635800,114247200.0,2026-08-10,16:14:45
601601,中国太保,30.94,31.47,31.44,31.66,30.87,514898.0,1607470000.0,2976.53,2117.86,5.52,0.96,0.75,23144000,28345700.0,2026-08-10,16:14:50
601606,长城军工,36.18,32.89,32.5,36.18,32.5,393406.0,1367570000.0,262.03,262.03,3783.31,12.02,5.43,16986400,22354200.0,2026-08-10,16:14:32
601607,上海医药,16.72,16.7,16.7,16.97,16.67,146724.0,247140000.0,620.04,466.36,10.67,0.82,0.53,7758500,6913900.0,2026-08-10,16:14:32
601608,中信重工,4.93,4.89,4.9,4.94,4.84,349944.0,171090000.0,225.77,225.77,59.47,2.43,0.76,18229100,16765300.0,2026-08-10,16:14:44
601609,金田股份,10.4,10.45,10.56,10.59,10.33,250210.0,261050000.0,179.78,179.78,23.29,1.82,1.45,11651500,13369500.0,2026-08-10,16:14:59
601611,中国核建,11.91,11.69,11.56,12.08,11.55,716391.0,845990000.0,358.95,358.95,30.66,1.6,2.38,36700700,34938400.0,2026-08-10,16:14:32
601615,明阳智能,11.69,11.6,11.61,11.77,11.43,390579.0,452350000.0,264.37,264.37,69.12,1.02,1.73,20446300,18611600.0,2026-08-10,16:14:31
601616,广电电气,3.74,3.67,3.67,3.74,3.67,243368.0,90310000.0,31.93,31.93,-54.45,1.34,2.85,14762000,9574800.0,2026-08-10,16:14:39
601618,中国中冶,2.64,2.62,2.61,2.65,2.61,693031.0,182810000.0,546.26,471.31,40.55,0.53,0.39,41140400,28162700.0,2026-08-10,16:14:53
601619,嘉泽新能,4.6,4.67,4.68,4.69,4.54,443647.0,204040000.0,133.99,112.0,22.11,1.69,1.82,16722100,27642600.0,2026-08-10,16:14:34
601628,中国人寿,37.7,38.57,38.3,38.66,37.54,371568.0,1409720000.0,10655.79,7850.47,7.36,1.83,0.18,13355700,23801100.0,2026-08-10,16:14:40
601633,长城汽车,15.69,15.58,15.65,15.8,15.51,152060.0,238670000.0,1347.05,975.94,14.87,1.56,0.24,7335000,7870900.0,2026-08-10,16:14:59
601636,旗滨集团,6.07,6.13,6.13,6.13,5.93,694528.0,417750000.0,179.59,179.59,110.81,1.23,2.35,28655900,40796900.0,2026-08-10,16:14:31
601658,邮储银行,4.96,4.96,4.95,4.99,4.94,1137898.0,565320000.0,5956.71,3597.38,6.78,0.58,0.16,60455300,53334500.0,2026-08-10,16:14:44
601665,齐鲁银行,6.24,6.22,6.2,6.32,6.19,372284.0,233520000.0,384.0,384.0,6.5,0.77,0.6,19758100,17470300.0,2026-08-10,16:14:59
601666,平煤股份,9.35,8.94,8.9,9.56,8.86,589723.0,550380000.0,230.89,230.89,115.63,1.06,2.39,30475500,28496800.0,2026-08-10,16:14:49
601668,中国建筑,4.54,4.52,4.51,4.56,4.49,1785567.0,809540000.0,1875.95,1875.95,4.94,0.39,0.43,95150400,83406300.0,2026-08-10,16:14:33
601669,中国电建,4.82,4.81,4.8,4.83,4.79,832461.0,401170000.0,830.3,630.05,8.89,0.57,0.64,39222200,44024000.0,2026-08-10,16:14:44
601677,明泰铝业,17.41,16.89,17.1,17.46,17.02,324825.0,562420000.0,216.46,216.46,9.74,1.11,2.61,17725800,14756700.0,2026-08-10,16:14:32
601678,滨化股份,7.43,7.29,7.32,7.46,7.25,1972086.0,1450310000.0,178.99,151.82,64.91,1.54,9.65,99062400,98146200.0,2026-08-10,16:14:30
601686,友发集团,5.22,5.17,5.17,5.24,5.16,55040.0,28700000.0,77.22,77.22,11.42,1.15,0.37,3552600,1951400.0,2026-08-10,16:14:39
601688,华泰证券,19.39,19.28,19.3,19.45,19.3,491684.0,953100000.0,1750.31,1416.78,9.98,0.98,0.67,26405400,22763000.0,2026-08-10,16:14:59
601689,拓普集团,49.48,50.38,50.5,50.6,49.13,189578.0,940430000.0,859.88,859.88,31.09,3.62,1.09,8090900,10866900.0,2026-08-10,16:14:48
601696,中银证券,11.96,11.99,11.99,12.07,11.88,259432.0,309920000.0,332.25,332.25,29.5,1.72,0.93,10662900,15280300.0,2026-08-10,16:14:34
601698,中国卫通,27.56,27.42,27.59,27.72,26.71,332082.0,904440000.0,1164.24,1164.24,292.79,7.35,0.79,16751100,16457200.0,2026-08-10,16:14:45
601699,潞安环能,16.29,16.26,16.18,16.5,16.02,350540.0,571470000.0,487.3,487.3,41.4,1.06,1.17,16085200,18968800.0,2026-08-10,16:14:56
601700,风范股份,7.08,6.44,6.3,7.08,6.3,2712904.0,1880020000.0,80.62,80.62,-25.51,3.75,23.82,116535100,154755400.0,2026-08-10,16:14:36
601702,华峰铝业,15.81,15.43,15.48,15.95,15.37,112627.0,176660000.0,157.87,157.87,13.4,2.47,1.13,6355500,4907200.0,2026-08-10,16:14:32
601717,中创智领,16.03,15.82,15.88,16.1,15.73,192374.0,307270000.0,286.2,247.21,6.99,1.25,1.25,10663700,8573700.0,2026-08-10,16:14:41
601718,ST际华,1.8,1.78,1.78,1.81,1.77,241203.0,43310000.0,78.5,78.5,-18.55,0.65,0.55,17188000,6932300.0,2026-08-10,16:14:36
601727,上海电气,6.85,6.83,6.83,6.86,6.81,493183.0,337160000.0,1064.5,864.17,82.24,1.95,0.39,23427900,25890300.0,2026-08-10,16:14:51
601728,中国电信,6.27,6.18,6.15,6.39,6.14,1316179.0,830810000.0,5737.5,4867.38,18.12,1.25,0.17,71263200,60354700.0,2026-08-10,16:14:52
601766,中国中车,5.97,5.88,5.88,5.98,5.87,1457264.0,866680000.0,1713.32,1452.37,12.69,0.98,0.6,79504200,66222300.0,2026-08-10,16:14:57
601777,千里科技,8.41,8.51,8.45,8.6,8.39,255112.0,216230000.0,380.22,380.22,337.28,3.67,0.56,10987400,14523800.0,2026-08-10,16:14:41
601778,晶科科技,3.85,3.88,3.88,3.95,3.76,1466087.0,561480000.0,143.34,143.34,60.76,0.88,3.94,57304500,89304200.0,2026-08-10,16:14:31
601788,光大证券,14.69,14.64,14.66,14.77,14.64,148209.0,217880000.0,677.32,573.89,16.64,1.09,0.38,7880600,6940300.0,2026-08-10,16:14:50
601789,宁波建工,4.37,4.33,4.32,4.38,4.29,296041.0,128720000.0,66.62,47.49,21.06,1.07,2.72,14722000,14882100.0,2026-08-10,16:14:48
601798,蓝科高新,7.66,7.57,7.55,7.68,7.48,57155.0,43600000.0,27.16,27.16,49.87,2.1,1.61,3268500,2447000.0,2026-08-10,16:14:53
601799,星宇股份,96.11,94.36,94.34,98.5,94.02,29227.0,282150000.0,274.57,274.57,16.57,2.48,1.02,1451700,1470900.0,2026-08-10,16:14:43
601800,中国交建,6.08,6.06,6.05,6.12,6.03,308942.0,187840000.0,985.8,712.75,7.36,0.34,0.26,16935200,13959000.0,2026-08-10,16:14:56
601801,皖新传媒,5.5,5.48,5.43,5.57,5.43,101236.0,55860000.0,107.69,107.69,14.36,0.92,0.52,5350600,4773000.0,2026-08-10,16:14:54
601808,中海油服,12.12,12.08,12.07,12.26,12.01,151537.0,183960000.0,578.32,358.81,15.18,1.25,0.51,6509100,8644600.0,2026-08-10,16:14:46
601811,新华文轩,12.08,11.87,11.8,12.08,11.79,18632.0,22350000.0,149.05,95.66,9.52,0.99,0.24,1096800,766400.0,2026-08-10,16:14:39
601816,京沪高铁,5.1,5.04,5.05,5.14,5.03,1411035.0,720130000.0,2495.21,2495.21,18.69,1.19,0.29,85137300,55966200.0,2026-08-10,16:14:35
601818,光大银行,3.05,3.05,3.05,3.08,3.05,1554447.0,475680000.0,1802.11,1415.41,4.76,0.36,0.33,59147800,96296800.0,2026-08-10,16:14:39
601825,沪农商行,8.24,8.29,8.26,8.36,8.22,209795.0,174060000.0,794.7,772.45,6.44,0.61,0.22,9593900,11385600.0,2026-08-10,16:14:34
601827,三峰环境,8.84,8.41,8.41,8.99,8.38,233503.0,203690000.0,147.8,147.8,11.81,1.23,1.4,14536200,8814100.0,2026-08-10,16:14:46
601828,美凯龙,2.24,2.22,2.22,2.26,2.21,291486.0,65240000.0,97.52,80.92,-0.42,0.43,0.81,14753900,14394700.0,2026-08-10,16:14:43
601838,成都银行,18.1,17.88,17.81,18.18,17.8,194363.0,351490000.0,767.16,767.16,5.71,0.87,0.46,11749400,7687000.0,2026-08-10,16:14:37
601857,中国石油,10.85,10.77,10.73,11.02,10.72,1087101.0,1187430000.0,19857.78,17568.55,12.55,1.26,0.07,54463200,54246900.0,2026-08-10,16:14:49
601858,中国科传,25.86,26.32,26.06,26.77,25.7,176043.0,461260000.0,204.42,204.42,42.0,3.74,2.23,8312600,9291800.0,2026-08-10,16:14:52
601860,紫金银行,2.56,2.54,2.54,2.58,2.53,495518.0,126890000.0,93.72,90.92,7.49,0.46,1.4,24541800,25010000.0,2026-08-10,16:14:39
601865,福莱特,11.18,11.75,11.47,11.7,11.02,633577.0,712760000.0,261.93,212.53,28.7,1.21,3.33,25869600,37488100.0,2026-08-10,16:14:45
601866,中远海发,2.42,2.39,2.4,2.43,2.39,504782.0,121930000.0,317.8,234.99,20.61,1.03,0.52,30127700,20350500.0,2026-08-10,16:14:48
601868,中国能建,2.61,2.6,2.61,2.63,2.6,2304291.0,602720000.0,1154.67,846.39,20.32,0.97,0.71,128293300,102135700.0,2026-08-10,16:14:43
601869,长飞光纤,343.09,338.69,345.0,355.5,330.0,139564.0,4760620000.0,2840.46,1394.11,245.47,19.96,3.43,6226300,7730100.0,2026-08-10,16:14:37
601872,招商轮船,18.18,17.98,17.95,18.39,17.62,699968.0,1262970000.0,1467.95,1467.95,18.56,3.41,0.87,33152200,36844600.0,2026-08-10,16:14:35
601877,正泰电器,25.53,25.35,25.36,25.63,25.34,119624.0,304810000.0,548.63,548.63,11.91,1.24,0.56,5819700,6142700.0,2026-08-10,16:14:42
601878,浙商证券,9.48,9.45,9.45,9.52,9.43,175162.0,166050000.0,433.6,433.6,16.63,1.16,0.38,8804600,8711500.0,2026-08-10,16:14:43
601880,辽港股份,1.47,1.46,1.46,1.48,1.46,653927.0,96150000.0,346.5,270.67,23.7,0.87,0.36,32656600,32736100.0,2026-08-10,16:15:00
601881,中国银河,12.41,12.41,12.41,12.47,12.4,209119.0,259760000.0,1356.96,898.91,10.58,1.14,0.29,8675200,12236700.0,2026-08-10,16:14:49
601882,海天精工,19.88,19.41,19.58,20.28,19.4,74732.0,148830000.0,103.77,103.77,23.51,3.57,1.43,3742100,3731000.0,2026-08-10,16:14:43
601886,江河集团,9.1,8.27,8.31,9.1,8.27,111526.0,99060000.0,103.1,103.1,16.67,1.47,0.98,3927500,7225100.0,2026-08-10,16:14:40
601888,中国中免,56.24,55.82,55.56,56.68,55.5,301198.0,1695260000.0,1168.55,1098.07,28.55,2.04,1.54,14840900,15278900.0,2026-08-10,16:14:44
601890,亚星锚链,8.63,8.48,8.48,8.65,8.41,166760.0,142920000.0,82.8,82.8,23.7,2.16,1.74,9912400,6763500.0,2026-08-10,16:14:39
601898,中煤能源,14.4,14.03,13.97,14.56,13.93,523650.0,751220000.0,1909.25,1317.89,10.75,1.16,0.57,27292100,25072900.0,2026-08-10,16:14:45
601899,紫金矿业,35.45,35.15,35.18,35.6,34.71,2736505.0,9641710000.0,9426.41,7303.34,15.28,4.97,1.33,146346100,127304500.0,2026-08-10,16:14:49
601900,南方传媒,11.84,11.73,11.7,11.94,11.68,57743.0,68320000.0,104.43,104.43,10.21,1.21,0.65,3055900,2718400.0,2026-08-10,16:14:33
601901,方正证券,7.05,7.04,7.03,7.08,7.03,291006.0,205080000.0,580.36,580.36,13.62,1.11,0.35,13169800,15930800.0,2026-08-10,16:14:51
601908,京运通,3.11,3.12,3.12,3.12,3.07,289391.0,89540000.0,75.09,75.09,-4.88,1.01,1.2,12773400,16165700.0,2026-08-10,16:14:40
601916,浙商银行,2.91,2.9,2.9,2.94,2.89,1152764.0,336350000.0,799.22,626.94,6.16,0.44,0.54,63615700,51660700.0,2026-08-10,16:14:45
601918,新集能源,10.2,9.82,9.75,10.21,9.75,567920.0,572700000.0,264.24,264.24,12.28,1.54,2.19,32060000,24732000.0,2026-08-10,16:14:49
601919,中远海控,15.64,15.43,15.45,15.75,15.44,650750.0,1019720000.0,2387.93,1963.84,9.53,1.04,0.52,32038900,33036100.0,2026-08-10,16:14:43
601921,浙版传媒,7.27,7.15,7.18,7.31,7.13,83406.0,60420000.0,161.56,161.56,12.88,1.15,0.38,4789700,3551000.0,2026-08-10,16:14:33
601928,凤凰传媒,9.24,9.2,9.19,9.32,9.15,106178.0,98290000.0,235.15,235.15,13.74,1.15,0.42,5858100,4759700.0,2026-08-10,16:14:34
601929,吉视传媒,2.43,2.39,2.39,2.43,2.36,629312.0,151080000.0,84.8,83.76,-18.57,1.81,1.83,33577700,29353500.0,2026-08-10,16:14:52
601933,永辉超市,3.27,3.23,3.23,3.28,3.21,1210185.0,394370000.0,291.85,291.85,-12.09,17.67,1.36,71134100,49884400.0,2026-08-10,16:14:56
601939,建设银行,10.13,10.07,9.98,10.2,9.97,1453438.0,1469510000.0,26500.12,971.84,7.75,0.76,1.51,83117000,62226900.0,2026-08-10,16:14:41
601949,中国出版,5.3,5.28,5.28,5.34,5.2,96390.0,50960000.0,100.91,100.91,17.54,1.03,0.51,4799500,4839500.0,2026-08-10,16:14:54
601952,苏垦农发,8.33,8.24,8.2,8.4,8.18,133621.0,111420000.0,114.79,114.79,24.07,1.6,0.97,7490800,5871200.0,2026-08-10,16:14:53
601956,东贝集团,4.98,4.86,4.86,4.99,4.85,64883.0,32040000.0,30.96,30.96,221.8,1.29,1.04,4159100,2329100.0,2026-08-10,16:14:45
601958,金钼股份,24.67,23.76,24.36,24.96,23.81,770080.0,1881440000.0,796.0,796.0,22.66,3.85,2.39,37775600,39232400.0,2026-08-10,16:14:46
601963,重庆银行,10.97,10.76,10.7,11.04,10.69,129953.0,141880000.0,397.75,223.14,6.65,0.66,0.64,7524000,5471300.0,2026-08-10,16:14:45
601965,中国汽研,14.38,14.14,14.07,14.62,14.07,108305.0,156180000.0,144.18,143.57,13.37,1.8,1.08,5961800,4868700.0,2026-08-10,16:14:47
601966,玲珑轮胎,11.34,11.19,11.2,11.39,11.17,86738.0,98230000.0,165.96,165.96,15.88,0.73,0.59,4305700,4368200.0,2026-08-10,16:14:57
601968,宝钢包装,4.54,4.49,4.49,4.58,4.46,50903.0,23150000.0,57.92,57.92,29.59,1.28,0.4,2801100,2289200.0,2026-08-10,16:15:00
601969,海南矿业,9.37,9.17,9.2,9.39,9.17,171920.0,159910000.0,185.95,184.82,39.45,2.73,0.87,9560000,7632100.0,2026-08-10,16:14:57
601975,招商南油,3.71,3.71,3.68,3.75,3.66,1324837.0,489920000.0,173.64,173.64,11.9,1.46,2.83,55069800,77413900.0,2026-08-10,16:14:50
601985,中国核电,8.85,8.8,8.79,8.86,8.79,879411.0,776860000.0,1820.27,1671.17,22.11,1.56,0.47,47297400,40643700.0,2026-08-10,16:14:46
601988,中国银行,5.82,5.77,5.76,5.86,5.75,2628532.0,1530360000.0,18752.76,12266.55,7.65,0.7,0.12,158290500,104562600.0,2026-08-10,16:14:38
601989,中国重工,5.1,5.1,0.0,0.0,0.0,0.0,0.0,1162.9,1162.9,46.1,1.36,0.0,0,0.0,2026-08-10,09:00:00
601990,南京证券,6.76,6.74,6.74,6.8,6.73,132535.0,89650000.0,297.41,286.06,27.18,1.28,0.31,6329800,6923700.0,2026-08-10,16:14:32
601991,大唐发电,6.34,6.39,6.36,6.45,6.14,3738208.0,2349660000.0,1173.33,785.91,14.59,3.19,3.02,152275600,221545100.0,2026-08-10,16:14:51
601992,金隅集团,1.42,1.4,1.41,1.43,1.4,565834.0,80060000.0,151.62,118.35,-10.44,0.4,0.68,34704800,21878600.0,2026-08-10,16:14:46
601995,中金公司,34.97,34.88,34.89,35.07,34.8,145934.0,510100000.0,1688.09,1022.36,14.9,1.64,0.5,7382600,7210800.0,2026-08-10,16:15:00
601996,丰林集团,2.47,2.36,2.36,2.48,2.35,286093.0,69520000.0,27.69,27.69,-22.83,1.13,2.55,19404300,9205000.0,2026-08-10,16:14:43
601997,贵阳银行,5.64,5.59,5.58,5.69,5.57,422393.0,238440000.0,206.21,206.21,3.9,0.32,1.16,26590900,15648400.0,2026-08-10,16:14:33
601998,中信银行,7.52,7.46,7.44,7.62,7.42,554284.0,418980000.0,4184.52,3065.38,5.88,0.57,0.14,33610300,21818100.0,2026-08-10,16:14:37
601999,出版传媒,6.12,5.94,5.94,6.13,5.91,58598.0,35520000.0,33.72,33.72,32.2,1.26,1.06,3633500,2226300.0,2026-08-10,16:14:52
603000,人民网,17.06,17.1,17.1,17.26,16.84,117706.0,200540000.0,188.63,188.63,98.98,5.1,1.06,5160400,6610300.0,2026-08-10,16:14:46
603001,奥康国际,7.37,7.13,7.14,7.43,7.14,131801.0,96190000.0,29.55,29.55,-22.49,1.25,3.29,6466100,6714000.0,2026-08-10,16:14:41
603002,宏昌电子,15.18,15.05,15.48,15.75,14.63,867499.0,1304370000.0,172.15,172.15,585.86,5.01,7.65,39941800,46808100.0,2026-08-10,16:14:46
603003,退市龙宇,2.44,2.44,0.0,0.0,0.0,0.0,0.0,9.18,9.18,-2.71,0.28,0.0,0,0.0,2026-08-10,09:00:00
603004,鼎龙科技,21.42,20.93,20.95,21.43,20.58,50395.0,105610000.0,50.45,12.61,35.54,2.43,8.56,2768300,2271200.0,2026-08-10,16:14:54
603005,晶方科技,33.02,33.79,33.95,33.95,32.36,396069.0,1303500000.0,215.35,215.35,58.25,4.7,6.07,17320200,22286700.0,2026-08-10,16:14:58
603006,联明股份,11.25,11.01,11.07,11.3,10.91,25557.0,28470000.0,28.6,28.6,27.53,2.24,1.01,1501700,1054000.0,2026-08-10,16:14:49
603007,顺景科技,4.92,4.86,4.84,4.95,4.79,205554.0,100490000.0,43.51,34.2,-19.46,18.61,2.96,9902600,10652800.0,2026-08-10,16:14:51
603008,ST喜临门,8.0,7.96,7.97,8.0,7.89,31474.0,25070000.0,29.46,29.46,21.92,0.84,0.85,1652000,1495400.0,2026-08-10,16:14:59
603009,北特科技,40.0,41.36,41.65,41.84,39.86,56411.0,227020000.0,138.56,138.56,112.04,6.9,1.63,2019600,3621500.0,2026-08-10,16:14:59
603010,万盛股份,11.35,10.9,10.93,11.36,10.73,98498.0,108790000.0,66.4,64.78,-6.95,2.62,1.73,5225500,4624300.0,2026-08-10,16:14:32
603011,合锻智能,23.95,22.68,23.46,24.84,22.71,1124242.0,2655000000.0,118.41,118.41,-41.59,6.35,22.74,53929400,58494800.0,2026-08-10,16:14:44
603012,创力集团,8.13,8.41,8.1,8.2,7.78,526089.0,420110000.0,52.56,52.56,57.34,1.39,8.14,27623000,24985900.0,2026-08-10,16:14:52
603013,亚普股份,16.98,16.75,16.75,17.06,16.63,22007.0,37200000.0,86.3,86.3,15.38,1.94,0.43,1231700,969000.0,2026-08-10,16:14:38
603015,弘讯科技,10.88,10.67,10.7,11.02,10.6,48405.0,52440000.0,43.98,43.98,166.27,3.24,1.2,2849100,1991400.0,2026-08-10,16:14:43
603016,新宏泰,29.28,28.95,29.0,29.34,28.66,17722.0,51490000.0,43.38,43.38,78.97,5.45,1.2,921200,851000.0,2026-08-10,16:14:47
603017,中衡设计,9.7,9.47,9.47,9.7,9.31,57772.0,55060000.0,26.79,26.79,55.09,1.84,2.09,3329700,2447500.0,2026-08-10,16:14:57
603018,华设集团,5.35,5.25,5.23,5.35,5.23,67471.0,35850000.0,43.82,43.82,15.41,0.82,0.82,4170400,2576700.0,2026-08-10,16:14:38
603019,中科曙光,86.24,88.77,89.8,89.8,85.98,478528.0,4157730000.0,1261.79,1261.74,56.9,5.74,3.27,19347300,28505500.0,2026-08-10,16:14:44
603020,爱普股份,11.01,10.01,10.08,11.01,9.86,118284.0,124450000.0,41.36,41.36,47.25,1.29,3.15,5741800,6086600.0,2026-08-10,16:14:51
603021,*ST华鹏,6.57,6.55,6.5,6.59,6.31,46387.0,29900000.0,21.02,21.02,-8.97,-10.17,1.45,2598800,2039900.0,2026-08-10,16:14:31
603022,新通联,8.73,8.44,8.45,8.83,8.35,35460.0,30610000.0,17.46,17.46,29.4,2.09,1.77,2112800,1433200.0,2026-08-10,16:14:53
603023,威帝股份,3.99,3.83,3.83,4.02,3.82,113445.0,44680000.0,22.27,22.27,20986.75,2.89,2.03,6728700,4615800.0,2026-08-10,16:14:31
603025,大豪科技,13.54,13.42,13.42,13.62,13.29,64999.0,87810000.0,151.2,150.18,19.39,6.14,0.59,3181200,3318700.0,2026-08-10,16:14:45
603026,石大胜华,66.91,67.3,67.97,68.68,66.25,87755.0,589570000.0,155.7,155.7,47.75,3.0,3.77,4275000,4500500.0,2026-08-10,16:14:31
603027,千禾味业,7.6,7.47,7.45,7.71,7.41,211517.0,160670000.0,101.14,101.14,30.18,3.1,1.59,10891100,10260600.0,2026-08-10,16:14:48
603028,赛福天,6.96,6.8,6.89,6.99,6.68,45624.0,31420000.0,19.98,19.78,-39.33,4.3,1.61,2482100,2080300.0,2026-08-10,16:14:31
603029,天鹅股份,15.77,14.99,15.04,15.88,14.99,27626.0,42700000.0,19.14,19.14,25.63,2.04,2.28,1587600,1175000.0,2026-08-10,16:14:52
603030,全筑股份,2.07,2.02,2.01,2.08,1.99,280342.0,57280000.0,27.26,27.26,-10.14,3.9,2.13,17254200,10780000.0,2026-08-10,16:14:52
603031,安孚科技,40.35,39.9,40.5,41.02,38.9,116736.0,462950000.0,150.85,126.86,52.29,5.35,3.71,5345500,6328100.0,2026-08-10,16:14:39
603032,德新科技,19.39,19.41,19.54,19.54,19.09,58289.0,112200000.0,45.22,45.16,65.79,3.9,2.5,2913700,2915200.0,2026-08-10,16:14:47
603033,三维股份,7.99,7.89,7.89,7.99,7.8,48760.0,38630000.0,82.39,80.9,-15.84,3.26,0.48,2413000,2463000.0,2026-08-10,16:14:45
603035,常熟汽饰,11.15,10.99,10.99,11.15,10.94,39415.0,43730000.0,40.85,40.85,12.37,0.77,1.08,2632400,1309100.0,2026-08-10,16:14:40
603036,如通股份,13.18,13.07,13.05,13.3,12.88,44399.0,57960000.0,27.15,27.15,27.24,1.99,2.16,2160200,2279700.0,2026-08-10,16:14:48
603037,凯众股份,10.41,10.23,10.24,10.46,10.17,30244.0,31320000.0,27.75,27.71,39.31,2.96,1.14,1738800,1285700.0,2026-08-10,16:14:57
603038,华立股份,15.06,13.69,13.71,15.06,13.71,79709.0,117060000.0,40.46,40.46,48.61,2.85,2.97,3334300,4636600.0,2026-08-10,16:14:51
603039,泛微网络,45.35,45.58,46.8,46.97,43.6,437408.0,1977480000.0,139.51,139.51,42.97,5.31,14.22,22202400,21538400.0,2026-08-10,16:14:46
603040,新坐标,55.93,56.53,57.0,57.0,54.75,14437.0,80030000.0,110.38,109.8,41.47,7.59,0.74,666000,777700.0,2026-08-10,16:14:31
603041,美思德,11.03,10.67,10.71,11.04,10.65,23574.0,25720000.0,20.2,20.2,34.35,1.34,1.29,1384200,973200.0,2026-08-10,16:14:36
603042,华脉科技,13.17,13.1,13.2,13.2,12.84,79997.0,104080000.0,27.49,27.49,-49.28,3.31,3.83,3988100,4011700.0,2026-08-10,16:14:39
603043,广州酒家,13.86,13.54,13.44,14.14,13.44,66973.0,93050000.0,78.62,77.96,16.39,2.1,1.19,3604600,3092700.0,2026-08-10,16:14:39
603045,福达合金,55.19,56.31,56.5,57.0,53.7,76941.0,421210000.0,74.75,74.75,25.4,6.06,5.68,3451100,4243000.0,2026-08-10,16:14:45
603048,浙江黎明,21.42,20.71,20.7,21.55,20.66,24985.0,52820000.0,31.46,31.46,93.66,2.54,1.7,1340900,1157600.0,2026-08-10,16:14:41
603050,科林电气,18.39,18.03,18.08,18.4,17.92,29672.0,53940000.0,74.17,74.17,32.58,4.03,0.74,1772500,1194700.0,2026-08-10,16:14:40
603051,鹿山新材,21.91,20.66,20.66,22.02,20.6,65650.0,140720000.0,35.41,35.41,-52.52,2.08,4.06,3896900,2668100.0,2026-08-10,16:14:45
603052,可川科技,53.68,54.6,54.88,55.82,52.38,37366.0,200420000.0,100.86,100.86,-1528.63,9.47,1.99,1648500,2088100.0,2026-08-10,16:14:45
603053,成都燃气,9.0,8.86,8.86,9.0,8.81,20710.0,18550000.0,80.0,80.0,17.06,1.67,0.23,1237100,833900.0,2026-08-10,16:14:44
603055,台华新材,8.44,8.2,8.2,8.48,8.19,66145.0,55520000.0,75.14,74.87,15.03,1.43,0.75,3799500,2815000.0,2026-08-10,16:14:33
603056,德邦股份,18.85,18.85,0.0,0.0,0.0,0.0,0.0,190.68,190.68,-36.73,2.4,0.0,0,0.0,2026-08-10,09:00:00
603057,紫燕食品,23.03,22.26,21.96,23.37,21.96,31348.0,71930000.0,95.6,94.88,31.43,4.56,0.76,1460700,1674100.0,2026-08-10,16:14:51
603058,永吉股份,10.3,10.1,10.1,10.31,9.86,107983.0,109320000.0,42.71,42.71,39.72,3.8,2.6,6148200,4650100.0,2026-08-10,16:14:43
603059,倍加洁,25.44,24.66,24.6,25.55,24.35,15490.0,39070000.0,25.6,25.55,20.98,2.34,1.54,872700,676200.0,2026-08-10,16:14:32
603060,国检集团,5.56,5.46,5.45,5.57,5.43,59852.0,33070000.0,44.7,44.7,36.22,2.27,0.74,3125400,2859800.0,2026-08-10,16:14:38
603061,金海通,319.99,316.7,316.7,328.98,313.16,46650.0,1495090000.0,278.39,278.39,119.29,16.52,5.36,2327900,2337100.0,2026-08-10,16:14:45
603062,麦加芯彩,38.7,38.05,38.33,38.88,37.97,3606.0,13910000.0,41.8,14.35,24.57,2.1,0.97,234600,126100.0,2026-08-10,16:15:00
603063,禾望电气,32.3,32.97,33.2,33.68,31.42,269011.0,863310000.0,149.92,149.3,33.71,2.75,5.82,11323200,15577900.0,2026-08-10,16:14:49
603065,宿迁联盛,17.75,16.14,16.59,17.75,16.59,437467.0,758080000.0,74.37,74.37,-487.23,3.88,10.44,18519600,25227000.0,2026-08-10,16:14:51
603066,音飞储存,9.19,8.99,8.99,9.21,8.92,39709.0,36220000.0,27.04,27.04,21.57,1.78,1.35,2557200,1413700.0,2026-08-10,16:14:44
603067,振华股份,35.32,33.0,33.25,36.22,33.12,352864.0,1211930000.0,266.85,266.85,40.23,7.15,4.67,18804400,16482000.0,2026-08-10,16:14:37
603068,博通集成,40.98,40.91,41.39,41.49,40.34,112864.0,460330000.0,62.2,62.2,283.02,3.55,7.44,5199200,6087200.0,2026-08-10,16:14:46
603069,海汽集团,13.42,13.15,13.19,13.44,13.04,32201.0,42930000.0,42.41,42.41,-68.26,5.49,1.02,1833200,1386900.0,2026-08-10,16:14:47
603070,万控智造,11.8,11.51,11.53,11.83,11.38,24554.0,28610000.0,47.32,47.32,77.87,2.22,0.61,1508100,947300.0,2026-08-10,16:14:42
603071,物产环能,12.06,11.9,11.94,12.1,11.86,32213.0,38790000.0,67.29,67.29,10.25,1.17,0.58,1920300,1301000.0,2026-08-10,16:15:00
603072,天和磁材,33.23,32.79,32.83,33.37,32.52,29256.0,96720000.0,87.82,41.95,50.72,4.06,2.32,1633800,1291800.0,2026-08-10,16:14:56
603073,彩蝶实业,16.75,16.09,16.08,16.83,15.91,22543.0,37130000.0,19.43,8.52,32.41,1.41,4.43,1318300,936000.0,2026-08-10,16:14:51
603075,热威股份,19.4,18.99,18.99,19.4,18.97,21829.0,41950000.0,78.07,8.23,23.96,3.99,5.15,1396200,786700.0,2026-08-10,16:14:59
603076,乐惠国际,20.74,20.14,20.15,20.74,19.97,20970.0,42990000.0,25.03,25.03,97.34,1.97,1.74,1290900,806100.0,2026-08-10,16:14:40
603077,和邦生物,2.48,2.41,2.4,2.52,2.4,1965613.0,486100000.0,219.03,219.03,-58.35,1.23,2.23,111191500,85369700.0,2026-08-10,16:14:33
603078,江化微,36.26,36.37,36.25,36.96,35.04,401719.0,1435880000.0,139.83,139.83,130.96,7.09,10.42,19421300,20750600.0,2026-08-10,16:14:37
603079,圣达生物,12.21,11.74,11.71,12.25,11.63,40001.0,48220000.0,23.08,23.08,43.04,1.46,2.12,2110100,1890000.0,2026-08-10,16:14:38
603080,新疆火炬,19.16,18.88,18.84,19.23,18.8,12859.0,24560000.0,27.11,27.11,12.88,1.75,0.91,832900,453000.0,2026-08-10,16:14:49
603081,大丰实业,9.5,9.66,9.68,9.7,9.47,41647.0,39670000.0,40.14,40.14,68.21,1.27,0.99,1814000,2350700.0,2026-08-10,16:14:41
603082,北自科技,40.03,38.95,38.95,41.41,38.9,92197.0,369090000.0,66.68,16.23,44.72,3.89,22.73,5235300,3984500.0,2026-08-10,16:14:42
603083,剑桥科技,147.92,154.78,156.0,156.34,144.39,225398.0,3346600000.0,544.72,407.65,155.46,7.3,8.18,10075500,12464300.0,2026-08-10,16:14:45
603085,天成自控,9.98,9.97,9.98,10.02,9.85,58180.0,57870000.0,39.63,39.63,44.48,4.1,1.47,3237800,2580200.0,2026-08-10,16:14:43
603086,先达股份,5.68,5.52,5.51,5.7,5.48,83336.0,47040000.0,24.7,24.7,18.03,1.19,1.92,5220100,3113600.0,2026-08-10,16:14:49
603087,甘李药业,67.7,69.69,69.69,70.75,67.0,126714.0,872060000.0,404.8,379.9,39.53,3.6,2.26,5470000,7201400.0,2026-08-10,16:14:55
603088,宁波精达,9.57,9.6,9.58,9.62,9.42,68752.0,65450000.0,48.08,41.9,52.39,4.52,1.57,3492100,3383100.0,2026-08-10,16:14:47
603089,正裕工业,9.01,8.71,8.76,9.04,8.7,22982.0,20510000.0,24.84,21.63,43.32,1.34,0.96,1438800,859400.0,2026-08-10,16:14:32
603090,宏盛股份,39.89,40.03,40.43,40.47,39.02,25609.0,101280000.0,39.89,39.89,52.38,6.42,2.56,1257900,1303000.0,2026-08-10,16:14:52
603091,众鑫股份,49.88,49.94,50.14,50.17,49.22,5965.0,29630000.0,71.4,21.96,24.8,3.27,1.36,297700,298800.0,2026-08-10,16:14:45
603093,DR南华期,12.5,12.44,12.41,12.58,12.32,115284.0,143760000.0,129.77,110.25,21.44,2.27,1.31,5736600,5791700.0,2026-08-10,16:14:40
603095,越剑智能,13.22,13.05,13.1,13.24,12.87,27432.0,36040000.0,34.14,34.14,51.54,1.46,1.06,1460200,1283000.0,2026-08-10,16:14:55
603096,新经典,15.14,14.67,14.67,15.18,14.58,17558.0,26310000.0,23.35,23.35,31.93,1.3,1.14,1094400,661400.0,2026-08-10,16:14:43
603097,江苏华辰,21.47,21.07,21.21,21.47,20.76,41457.0,87830000.0,49.37,48.24,99.03,4.73,1.85,2323500,1822300.0,2026-08-10,16:14:58
603098,森特股份,10.27,10.18,10.2,10.31,10.13,39145.0,40150000.0,55.41,55.33,61.22,1.98,0.73,2445400,1469100.0,2026-08-10,16:14:58
603099,长白山,40.2,38.91,38.9,40.23,38.61,69931.0,276650000.0,109.49,109.49,82.53,7.3,2.57,3983500,3009600.0,2026-08-10,16:14:56
603100,川仪股份,18.38,18.34,18.25,18.47,18.08,35848.0,65670000.0,94.32,94.02,15.71,1.94,0.7,1768300,1816400.0,2026-08-10,16:14:43
603101,汇嘉时代,7.46,7.22,7.25,7.46,7.2,106425.0,78660000.0,35.09,35.09,32.49,2.39,2.26,6287200,4355300.0,2026-08-10,16:14:38
603102,百合股份,39.75,37.51,36.0,41.26,35.18,59193.0,220310000.0,25.44,25.44,21.44,1.48,9.25,2615200,3304100.0,2026-08-10,16:14:53
603103,横店影视,15.49,15.13,15.5,15.63,14.95,78330.0,120240000.0,98.24,98.24,-68.46,7.69,1.24,4132900,3700100.0,2026-08-10,16:14:58
603105,芯能科技,7.32,7.2,7.2,7.34,7.14,82847.0,60370000.0,36.6,36.6,20.86,1.79,1.66,4452400,3832300.0,2026-08-10,16:14:45
603106,恒银科技,8.49,9.04,8.6,8.8,8.4,764095.0,652430000.0,44.19,44.19,154.18,3.36,14.68,33285400,43124100.0,2026-08-10,16:14:56
603107,上海汽配,12.15,12.0,11.94,12.2,11.94,24508.0,29760000.0,40.99,26.51,26.37,1.97,1.12,1451700,999100.0,2026-08-10,16:14:44
603108,润达医疗,11.06,10.53,10.65,11.45,10.56,497151.0,549070000.0,66.87,66.87,-12.55,1.82,8.22,25690700,24024400.0,2026-08-10,16:14:54
603109,神驰机电,17.37,17.03,17.01,17.44,16.85,18215.0,31420000.0,36.28,36.28,41.49,1.89,0.87,1111300,710200.0,2026-08-10,16:14:56
603110,东方材料,26.5,25.54,25.6,26.74,25.25,140472.0,367770000.0,53.33,53.33,4797.27,7.65,6.98,7351100,6696100.0,2026-08-10,16:14:39
603111,康尼机电,5.87,5.77,5.79,5.88,5.76,68059.0,39760000.0,50.6,49.17,14.2,1.31,0.81,4691800,2114200.0,2026-08-10,16:14:46
603112,华翔股份,15.6,15.04,15.03,15.65,15.0,67573.0,104370000.0,84.23,83.4,14.73,1.91,1.26,4174700,2582600.0,2026-08-10,16:14:47
603113,金能科技,4.61,4.5,4.5,4.62,4.48,84544.0,38780000.0,39.12,39.12,-6.07,0.54,1.0,5263900,3190500.0,2026-08-10,16:14:45
603115,海星股份,78.2,79.82,80.49,80.99,74.2,83447.0,640830000.0,191.26,191.26,85.69,9.37,3.41,3590600,4754100.0,2026-08-10,16:14:55
603116,红蜻蜓,6.05,6.13,6.1,6.1,5.9,69381.0,41680000.0,34.86,34.86,-25.81,1.45,1.2,3698100,3240000.0,2026-08-10,16:14:40
603117,万林物流,3.75,3.63,3.64,3.77,3.6,108323.0,40250000.0,22.47,22.47,305.7,2.19,1.81,5636000,5196400.0,2026-08-10,16:14:59
603118,共进股份,14.68,14.7,14.7,14.88,14.35,642464.0,936160000.0,115.57,115.57,144.58,2.29,8.16,29145900,35100500.0,2026-08-10,16:14:33
603119,浙江荣泰,53.8,54.49,54.86,54.87,52.7,98153.0,525960000.0,254.4,254.4,83.38,12.12,2.08,4320900,5494400.0,2026-08-10,16:14:38
603121,华培动力,12.24,11.97,12.05,12.24,11.7,44752.0,53950000.0,41.44,41.44,-67.83,3.78,1.32,2357100,2118100.0,2026-08-10,16:14:54
603122,合富中国,12.62,12.39,12.42,13.62,12.28,624524.0,798230000.0,50.23,50.23,-139.82,4.81,15.69,30622900,31829400.0,2026-08-10,16:14:36
603123,翠微股份,9.86,9.56,9.5,9.94,9.45,523959.0,510570000.0,78.76,64.31,-18.35,4.83,8.03,28596200,23799700.0,2026-08-10,16:14:52
603124,江南新材,141.11,141.66,141.65,144.97,137.01,78530.0,1103320000.0,205.66,109.51,78.88,11.05,10.12,4264400,3588500.0,2026-08-10,16:14:52
603125,常青科技,23.56,23.53,23.43,23.77,23.13,41221.0,96530000.0,95.38,95.38,46.74,3.79,1.02,2015300,2106800.0,2026-08-10,16:14:37
603126,中材节能,6.1,5.96,5.94,6.11,5.94,74389.0,45080000.0,37.24,37.24,113.66,1.82,1.22,4654000,2784900.0,2026-08-10,16:14:32
603127,昭衍新药,52.8,50.89,53.0,55.45,51.21,947831.0,5038730000.0,395.66,331.43,79.92,4.67,15.1,45775100,49008000.0,2026-08-10,16:14:44
603128,华贸物流,5.32,5.25,5.25,5.32,5.25,85128.0,45140000.0,69.64,69.64,15.05,1.16,0.65,5178000,3334900.0,2026-08-10,16:14:42
603129,春风动力,303.27,293.01,293.03,303.27,290.42,14625.0,435820000.0,465.47,465.47,27.66,6.32,0.95,797800,664600.0,2026-08-10,16:14:32
603130,云中马,44.33,40.3,40.55,44.33,40.05,34630.0,150040000.0,60.96,60.96,56.13,4.34,2.52,1717600,1745400.0,2026-08-10,16:14:32
603131,上海沪工,15.99,15.81,15.88,16.05,15.42,63127.0,99590000.0,53.87,53.87,-362.62,3.26,1.87,3179600,3133100.0,2026-08-10,16:14:52
603132,金徽股份,18.8,18.92,19.0,19.07,18.48,107310.0,201340000.0,183.86,183.86,26.34,5.42,1.1,5761400,4969600.0,2026-08-10,16:14:44
603135,中重科技,9.59,9.48,9.58,9.61,9.33,74421.0,70560000.0,60.83,60.37,-352.69,2.06,1.18,3731000,3711200.0,2026-08-10,16:14:45
603136,天目湖,9.13,8.91,8.86,9.15,8.86,36423.0,33030000.0,24.66,24.66,26.83,1.86,1.35,2417000,1225300.0,2026-08-10,16:14:36
603137,恒尚节能,27.58,27.5,28.34,28.52,25.34,372125.0,994230000.0,50.45,50.45,-108.8,4.22,20.34,18191000,19021600.0,2026-08-10,16:14:53
603138,海量数据,13.43,13.34,13.27,13.47,13.12,49891.0,66320000.0,39.43,38.72,-55.29,4.89,1.73,2597500,2391600.0,2026-08-10,16:14:43
603139,康惠股份,35.62,35.99,36.09,36.56,35.0,25054.0,89810000.0,35.58,35.58,-12.05,6.52,2.51,1230100,1275300.0,2026-08-10,16:14:37
603150,万朗磁塑,53.02,51.52,51.99,53.64,50.63,15242.0,79160000.0,45.32,45.32,45.05,2.63,1.78,766300,757900.0,2026-08-10,16:14:56
603151,邦基科技,14.12,12.84,12.79,14.12,12.73,50999.0,69640000.0,24.18,24.18,27.83,1.78,2.98,2296500,2803400.0,2026-08-10,16:14:33
603153,上海建科,13.43,13.25,13.16,13.44,13.16,14679.0,19660000.0,55.04,54.23,14.83,1.46,0.36,807900,659900.0,2026-08-10,16:14:36
603155,新亚强,14.1,14.08,14.1,14.24,13.84,104141.0,145940000.0,64.56,64.56,67.87,3.02,2.27,4892200,5521900.0,2026-08-10,16:14:38
603156,养元饮品,50.88,48.35,48.33,51.84,47.76,153260.0,755150000.0,641.23,641.23,44.98,7.41,1.22,7611100,7714900.0,2026-08-10,16:14:46
603158,腾龙股份,11.08,10.92,10.87,11.16,9.89,508968.0,531150000.0,54.38,54.38,91.06,2.42,10.37,24167000,26729800.0,2026-08-10,16:14:39
603159,上海亚虹,21.04,20.54,20.5,21.48,20.4,37807.0,78870000.0,29.46,29.46,-289.06,5.94,2.7,1887700,1893000.0,2026-08-10,16:14:48
603160,汇顶科技,52.1,52.09,52.26,52.29,51.46,38197.0,198350000.0,242.78,242.78,31.99,2.64,0.82,1960800,1858900.0,2026-08-10,16:14:49
603161,科华控股,15.49,14.08,14.06,15.49,13.99,108522.0,164020000.0,30.11,29.55,34.38,2.01,5.69,4466900,6385300.0,2026-08-10,16:14:59
603162,海通发展,12.68,11.53,11.59,12.68,11.5,537440.0,670990000.0,174.32,53.54,19.34,3.58,12.73,16577800,37166200.0,2026-08-10,16:14:54
603163,圣晖集成,83.06,82.6,83.36,83.36,79.7,31097.0,253360000.0,83.06,83.06,51.29,7.11,3.11,1549000,1560700.0,2026-08-10,16:14:40
603165,荣晟环保,14.05,13.97,14.0,14.15,13.74,37077.0,51970000.0,43.94,43.94,19.19,1.96,1.19,1984200,1723500.0,2026-08-10,16:14:58
603166,福达股份,11.38,11.63,11.58,11.67,11.35,73151.0,83550000.0,73.48,72.91,22.5,2.82,1.14,2652000,4663100.0,2026-08-10,16:14:47
603167,渤海轮渡,8.76,8.7,8.68,8.78,8.65,35061.0,30640000.0,41.1,41.1,16.51,1.24,0.75,2269900,1236200.0,2026-08-10,16:14:39
603168,莎普爱思,5.59,5.38,5.38,5.65,5.37,81051.0,45020000.0,20.91,20.82,-7.64,1.58,2.18,4535000,3570000.0,2026-08-10,16:14:34
603169,兰石重装,6.91,6.81,6.81,6.96,6.78,122155.0,84250000.0,90.26,90.26,-14.92,3.39,0.94,5853300,6362200.0,2026-08-10,16:14:42
603170,宝立食品,13.34,12.99,12.9,13.45,12.9,43470.0,57690000.0,53.36,53.36,19.77,3.74,1.09,2204000,2143000.0,2026-08-10,16:14:52
603171,税友股份,47.96,47.56,48.51,49.33,47.56,89125.0,429480000.0,194.88,194.66,136.5,7.81,2.2,3776900,5135600.0,2026-08-10,16:14:56
603172,万丰股份,17.53,16.88,16.95,17.54,16.85,15128.0,26130000.0,23.38,23.38,45.1,2.12,1.13,870800,642000.0,2026-08-10,16:14:43
603173,福斯达,32.1,31.63,31.87,32.17,31.33,8757.0,27860000.0,51.36,51.36,12.9,2.64,0.55,570600,305100.0,2026-08-10,16:14:36
603176,汇通集团,4.71,4.56,4.61,4.71,4.52,37892.0,17580000.0,22.38,21.75,106.75,2.11,0.82,2162600,1626600.0,2026-08-10,16:15:00
603177,德创环保,9.35,9.05,9.04,9.39,8.95,32237.0,29790000.0,19.09,19.09,-36.05,5.91,1.58,1708500,1515200.0,2026-08-10,16:14:53
603178,圣龙股份,17.29,17.05,16.96,17.31,16.65,128544.0,220060000.0,40.88,40.88,-25.3,3.57,5.44,7090800,5763600.0,2026-08-10,16:14:41
603179,新泉股份,37.87,38.9,38.98,39.24,37.56,136189.0,516740000.0,270.47,270.47,33.51,3.56,1.91,5971100,7647800.0,2026-08-10,16:14:59
603180,金牌家居,15.11,14.76,14.75,15.16,14.75,10032.0,15090000.0,23.31,23.31,-85.74,0.87,0.65,618900,384300.0,2026-08-10,16:14:38
603181,皇马科技,13.52,13.21,13.21,13.52,13.2,53401.0,71770000.0,79.59,79.59,17.8,2.29,0.91,3071000,2269100.0,2026-08-10,16:14:47
603182,嘉华股份,12.83,12.28,12.29,12.91,12.29,26375.0,33600000.0,21.11,21.11,24.46,1.92,1.6,1556600,1080900.0,2026-08-10,16:14:33
603183,建研院,4.68,4.59,4.57,4.7,4.4,280644.0,129470000.0,23.27,23.27,203.53,1.46,5.65,15273500,12790800.0,2026-08-10,16:14:51
603185,弘元绿能,16.9,16.54,16.41,17.1,16.39,123226.0,207770000.0,115.44,114.75,-274.08,0.99,1.81,6541100,5781500.0,2026-08-10,16:14:36
603186,华正新材,152.0,143.0,150.0,154.8,141.08,303429.0,4468280000.0,238.32,238.32,82.4,10.27,19.35,15097400,15245500.0,2026-08-10,16:14:49
603187,海容冷链,12.77,12.15,12.18,12.78,12.06,146898.0,183650000.0,49.34,48.83,12.69,1.17,3.84,9403600,5286200.0,2026-08-10,16:14:53
603188,亚邦股份,4.44,4.04,4.03,4.44,4.03,292400.0,126380000.0,25.32,25.32,-56.54,3.59,5.13,11959800,17280200.0,2026-08-10,16:14:41
603189,*ST网达,9.39,9.65,9.51,9.65,9.2,33910.0,31760000.0,25.31,25.31,-905.84,1.75,1.26,1637600,1753400.0,2026-08-10,16:14:34
603190,亚通精工,17.04,16.33,16.32,17.33,16.19,30378.0,51240000.0,29.71,9.81,23.71,1.34,5.28,1729200,1308700.0,2026-08-10,16:14:42
603191,望变电气,14.3,13.9,13.92,14.3,13.89,83690.0,118650000.0,47.18,47.18,70.39,1.9,2.54,4269400,4099600.0,2026-08-10,16:14:41
603192,汇得科技,22.06,21.96,21.96,22.13,21.61,22942.0,50390000.0,36.88,30.75,47.84,1.71,1.65,973600,1320600.0,2026-08-10,16:14:47
603193,润本股份,21.12,20.79,20.85,21.22,20.52,32755.0,68710000.0,85.45,21.82,26.46,3.94,3.17,1581000,1694500.0,2026-08-10,16:14:52
603194,中力股份,34.42,34.11,34.45,34.48,34.01,11824.0,40550000.0,138.02,54.39,16.25,2.58,0.75,599600,582800.0,2026-08-10,16:14:32
603195,公牛集团,41.05,40.69,40.6,41.45,40.6,42680.0,175360000.0,740.31,738.97,17.82,5.19,0.24,1969600,2298400.0,2026-08-10,16:14:48
603196,璞源材料,21.6,21.37,21.36,21.84,20.82,20731.0,44030000.0,90.44,51.19,264.88,4.54,0.87,1052400,1020700.0,2026-08-10,16:14:36
603197,保隆科技,30.53,29.9,29.9,30.7,29.89,32395.0,98630000.0,65.34,64.46,34.57,2.06,1.53,1734100,1505400.0,2026-08-10,16:14:33
603198,迎驾贡酒,40.18,37.05,36.9,40.5,36.66,145802.0,573300000.0,321.44,321.44,16.14,3.13,1.82,8853900,5726400.0,2026-08-10,16:14:34
603199,九华旅游,33.19,32.41,32.39,33.21,32.39,22563.0,74290000.0,36.73,36.73,17.19,2.24,2.04,1342400,913900.0,2026-08-10,16:14:42
603200,上海洗霸,38.42,37.63,37.64,38.79,37.45,58073.0,221410000.0,67.42,67.42,82.22,6.16,3.31,3118300,2689000.0,2026-08-10,16:14:55
603201,常润股份,16.73,16.68,16.87,18.08,16.09,115433.0,195400000.0,31.78,31.51,16.16,1.83,6.13,4938400,6604900.0,2026-08-10,16:14:43
603203,快克智能,43.8,44.48,44.7,45.28,43.06,107190.0,469850000.0,144.55,142.89,96.94,10.52,3.29,4915000,5804000.0,2026-08-10,16:14:42
603205,健尔康,21.88,21.76,21.78,22.05,21.4,10426.0,22820000.0,34.13,9.05,31.0,2.3,2.52,620800,421800.0,2026-08-10,16:14:46
603206,嘉环科技,14.59,14.69,14.8,14.94,14.4,58277.0,84840000.0,44.53,44.53,113.23,1.95,1.91,2428300,3399400.0,2026-08-10,16:14:40
603207,小方制药,23.66,23.03,23.2,23.99,23.03,25086.0,59170000.0,38.02,12.92,18.67,3.49,4.59,1391200,1117500.0,2026-08-10,16:14:31
603208,江山欧派,11.27,10.82,10.82,11.28,10.82,16894.0,18790000.0,19.82,19.82,-8.44,1.96,0.96,1086600,602800.0,2026-08-10,16:14:37
603209,兴通股份,13.93,13.68,13.66,13.99,13.5,41937.0,57950000.0,45.27,44.78,14.71,1.33,1.3,2661400,1532400.0,2026-08-10,16:14:50
603211,晋拓股份,26.69,27.29,27.52,27.67,26.07,80252.0,214180000.0,72.55,72.55,116.0,5.89,2.95,3529000,4496200.0,2026-08-10,16:14:38
603212,赛伍技术,11.54,11.45,11.5,11.55,11.25,80853.0,92240000.0,50.49,50.49,-20.5,2.11,1.85,4084100,4001300.0,2026-08-10,16:14:45
603213,镇洋发展,13.86,13.91,13.9,13.93,13.8,16023.0,22220000.0,61.66,61.66,81.98,3.35,0.36,768800,833500.0,2026-08-10,16:14:34
603214,爱婴室,13.86,13.4,13.42,13.9,13.38,23436.0,32180000.0,19.2,19.2,23.04,1.66,1.69,1515100,828500.0,2026-08-10,16:14:59
603215,比依股份,14.86,14.73,14.66,15.03,14.54,27619.0,41010000.0,31.89,27.82,63.84,1.93,1.48,1474200,1287700.0,2026-08-10,16:14:39
603216,梦天家居,21.36,20.65,20.88,21.84,20.72,51196.0,109110000.0,47.57,47.57,74.4,2.7,2.3,2448300,2671300.0,2026-08-10,16:14:52
603217,元利科技,24.96,24.83,24.64,25.26,24.1,50046.0,123100000.0,51.94,51.94,25.06,1.53,2.41,2397200,2607400.0,2026-08-10,16:14:32
603218,日月股份,10.08,10.03,10.07,10.11,9.98,65550.0,66010000.0,103.81,103.72,20.06,1.03,0.64,3300100,3254900.0,2026-08-10,16:14:46
603219,富佳股份,14.36,14.75,14.65,14.74,14.06,43352.0,61900000.0,80.62,80.62,146.72,5.08,0.77,1732000,2603200.0,2026-08-10,16:14:47
603220,中贝通信,19.23,19.72,19.6,19.67,18.97,279467.0,535860000.0,103.14,103.14,164.89,2.7,5.21,12563400,15383400.0,2026-08-10,16:14:51
603221,爱丽家居,27.3,24.82,25.93,27.3,24.83,312198.0,816030000.0,66.14,66.14,-333.68,4.24,12.89,16300800,14919000.0,2026-08-10,16:14:36
603222,济民健康,8.83,8.77,8.74,9.13,8.61,406530.0,357700000.0,46.37,46.37,-17.98,4.17,7.74,18247800,22405100.0,2026-08-10,16:14:39
603223,恒通股份,10.8,10.94,10.98,10.98,10.64,96571.0,103830000.0,76.23,76.23,24.06,1.89,1.37,4230700,5426400.0,2026-08-10,16:14:43
603225,新凤鸣,19.93,19.48,19.41,20.34,19.15,136377.0,271680000.0,334.32,332.54,30.95,1.61,0.82,7133200,6504600.0,2026-08-10,16:14:31
603226,菲林格尔,49.75,49.39,49.5,50.68,48.52,25403.0,126150000.0,176.86,176.86,-226.19,20.77,0.71,1227000,1313300.0,2026-08-10,16:14:38
603227,雪峰科技,7.85,7.71,7.68,7.93,7.63,103313.0,80750000.0,84.13,84.13,17.33,1.66,0.96,5391000,4940300.0,2026-08-10,16:14:49
603228,景旺电子,96.0,94.95,99.0,99.99,91.22,1054143.0,10021570000.0,961.15,942.64,84.4,7.22,10.74,52391000,53023200.0,2026-08-10,16:14:45
603229,奥翔药业,8.17,8.08,8.17,8.28,8.05,105706.0,86170000.0,67.84,67.84,62.79,2.93,1.27,5121000,5449700.0,2026-08-10,16:14:41
603230,内蒙新华,9.2,9.03,9.03,9.23,9.03,21022.0,19280000.0,32.52,32.52,39.45,1.17,0.59,1358200,744000.0,2026-08-10,16:14:51
603231,索宝蛋白,15.66,15.37,15.36,15.74,15.32,23199.0,36180000.0,29.98,16.64,16.94,1.52,2.18,1197500,1122400.0,2026-08-10,16:14:56
603232,格尔软件,15.8,15.55,15.55,15.95,15.32,79511.0,124410000.0,36.74,36.55,-58.21,2.84,3.44,4328200,3622900.0,2026-08-10,16:14:48
603233,大参林,18.23,17.51,17.55,18.51,17.42,118953.0,215800000.0,207.61,207.61,16.14,2.91,1.04,6146100,5749200.0,2026-08-10,16:14:50
603235,天新药业,24.68,23.68,23.85,24.7,23.69,14997.0,36630000.0,108.04,108.04,20.78,2.24,0.34,842500,657200.0,2026-08-10,16:14:35
603236,移远通信,50.16,49.48,49.19,50.41,48.08,93541.0,461360000.0,202.12,202.12,26.37,2.94,2.32,4805500,4548600.0,2026-08-10,16:14:56
603237,五芳斋,14.61,14.06,14.1,14.68,14.07,19426.0,28060000.0,28.64,27.73,26.14,1.89,1.02,1270000,672500.0,2026-08-10,16:14:47
603238,诺邦股份,12.34,11.9,11.9,12.4,11.8,33343.0,40730000.0,21.9,21.9,18.58,1.52,1.88,2018100,1316200.0,2026-08-10,16:14:37
603239,浙江仙通,14.8,14.29,14.3,15.19,14.24,65446.0,96930000.0,40.07,40.07,19.61,3.09,2.42,3135900,3408700.0,2026-08-10,16:14:37
603255,鼎际得,28.04,27.33,27.5,28.18,27.23,11606.0,32380000.0,37.74,17.01,145.32,2.39,1.91,794900,365700.0,2026-08-10,16:14:41
603256,宏和科技,157.54,158.8,161.5,165.58,149.7,323480.0,5045230000.0,1425.09,1385.92,457.83,52.58,3.68,15758500,16589500.0,2026-08-10,16:14:59
603258,电魂网络,13.41,13.09,13.02,13.43,12.92,37900.0,50200000.0,32.55,32.36,-13.66,1.68,1.57,2240100,1549900.0,2026-08-10,16:14:32
603259,药明康德,161.34,154.82,159.99,166.66,157.93,1265362.0,20424750000.0,4813.99,3990.39,22.22,5.78,5.12,64494300,62041900.0,2026-08-10,16:14:35
603260,合盛硅业,35.53,35.6,35.6,35.96,35.2,92128.0,327020000.0,420.04,420.04,-13.24,1.43,0.78,4177800,5035000.0,2026-08-10,16:14:34
603261,立航科技,49.25,49.11,49.89,50.19,47.08,19249.0,93170000.0,38.17,38.17,-17.73,7.64,2.48,926200,998700.0,2026-08-10,16:14:34
603266,天龙股份,16.07,15.85,16.19,16.19,15.55,19618.0,31200000.0,31.96,31.96,28.97,2.0,0.99,1105100,856700.0,2026-08-10,16:14:50
603267,鸿远电子,51.92,51.9,52.26,52.26,50.52,95575.0,490610000.0,119.98,119.98,41.95,2.69,4.14,4640200,4917300.0,2026-08-10,16:14:51
603268,松发股份,183.26,183.11,183.05,188.88,177.01,87609.0,1593100000.0,1866.9,427.45,53.43,10.68,3.76,4154000,4606900.0,2026-08-10,16:14:49
603269,海鸥股份,15.53,14.12,14.14,15.53,14.14,194104.0,299050000.0,67.08,67.08,56.31,6.87,4.49,6522500,12888000.0,2026-08-10,16:14:45
603270,金帝股份,27.34,27.86,27.72,28.55,27.02,47100.0,129980000.0,59.9,19.33,39.84,2.64,6.66,2195500,2514500.0,2026-08-10,16:14:43
603271,永杰新材,44.62,43.95,44.01,44.8,43.7,23272.0,102780000.0,88.41,42.2,19.27,2.96,2.46,1425600,901600.0,2026-08-10,16:14:39
603272,*ST联翔,15.81,16.8,16.51,16.8,15.3,39860.0,63300000.0,16.38,16.38,-94.64,3.04,3.85,1808900,2177100.0,2026-08-10,16:14:37
603273,天元智能,14.36,13.9,13.91,14.39,13.8,29117.0,41450000.0,30.94,8.05,111.66,3.46,5.19,1769400,1142300.0,2026-08-10,16:14:47
603275,众辰科技,36.58,36.48,36.36,36.66,36.15,8600.0,31370000.0,54.42,15.19,30.02,1.81,2.07,574900,285100.0,2026-08-10,16:14:36
603276,恒兴新材,15.58,15.21,15.18,15.61,15.16,20605.0,31900000.0,32.35,11.76,44.28,1.83,2.73,1232300,828200.0,2026-08-10,16:14:50
603277,银都股份,10.69,10.49,10.59,10.75,10.42,16439.0,17530000.0,65.39,65.18,19.91,2.5,0.27,951500,692300.0,2026-08-10,16:14:54
603278,大业股份,9.66,9.54,9.53,9.69,9.36,138274.0,132230000.0,33.01,33.01,-76.85,1.71,4.05,6941000,6886400.0,2026-08-10,16:14:51
603279,景津装备,12.89,12.8,12.84,12.98,12.72,53853.0,69440000.0,74.29,74.29,15.57,1.66,0.93,2927500,2457800.0,2026-08-10,16:14:37
603280,南方路机,26.07,25.4,25.6,26.08,25.2,11902.0,30790000.0,28.26,28.26,29.71,2.08,1.1,782800,407400.0,2026-08-10,16:14:49
603281,江瀚新材,21.48,21.04,21.16,21.54,21.0,27163.0,57920000.0,111.4,111.4,26.21,2.46,0.52,1645100,1071200.0,2026-08-10,16:14:58
603282,亚光股份,15.03,14.53,14.5,15.08,14.4,12893.0,19150000.0,20.11,20.11,30.41,1.56,0.96,817000,472300.0,2026-08-10,16:14:48
603283,赛腾股份,44.43,44.41,45.37,45.39,43.3,199474.0,880020000.0,156.63,156.63,30.85,4.59,5.66,9348400,10599000.0,2026-08-10,16:14:46
603285,键邦股份,34.28,35.69,35.79,35.79,33.75,57284.0,197080000.0,54.85,21.36,41.87,3.26,9.2,2930900,2797500.0,2026-08-10,16:14:43
603286,日盈电子,42.36,41.84,42.68,42.72,40.74,34634.0,143720000.0,49.98,49.51,-98.81,6.1,2.96,1584200,1879200.0,2026-08-10,16:14:51
603288,海天味业,36.78,36.42,36.36,37.12,36.2,185714.0,684330000.0,2152.01,2044.9,29.56,5.77,0.33,8941900,9629500.0,2026-08-10,16:14:45
603289,泰瑞机器,8.46,8.27,8.25,8.46,8.18,34891.0,29250000.0,24.82,24.82,31.65,1.72,1.19,2030200,1458900.0,2026-08-10,16:14:45
603290,斯达半导,87.43,88.53,89.43,89.98,86.28,58610.0,511620000.0,209.37,209.37,63.8,3.06,2.45,2654200,3206800.0,2026-08-10,16:14:53
603291,联合水务,9.39,9.11,9.2,9.42,9.02,50926.0,46750000.0,39.74,39.74,38.32,2.28,1.2,2669300,2423300.0,2026-08-10,16:14:59
603296,华勤技术,80.81,81.81,81.88,82.5,78.9,192375.0,1541590000.0,1225.24,645.35,28.67,4.81,2.41,9223600,10014000.0,2026-08-10,16:14:53
603297,永新光学,103.22,105.16,105.16,105.2,101.85,12413.0,127970000.0,114.29,114.29,54.34,5.73,1.12,585900,655400.0,2026-08-10,16:14:38
603298,杭叉集团,26.88,26.14,26.14,27.06,26.13,88719.0,236880000.0,352.08,352.08,15.78,3.06,0.68,5110600,3761300.0,2026-08-10,16:14:45
603299,苏盐井神,9.16,9.08,9.09,9.24,9.08,54442.0,49980000.0,87.46,71.49,18.61,1.1,0.7,3118300,2325900.0,2026-08-10,16:14:46
603300,海南华铁,5.01,4.95,4.95,5.03,4.91,316480.0,157570000.0,100.16,100.16,22.48,1.5,1.58,16390800,15257200.0,2026-08-10,16:14:57
603301,振德医疗,84.42,85.32,85.33,85.48,81.06,26983.0,224150000.0,222.76,222.76,84.37,3.97,1.02,1305500,1392800.0,2026-08-10,16:14:47
603303,得邦照明,22.18,21.73,22.01,22.19,21.6,29051.0,63520000.0,105.79,105.79,42.87,3.44,0.61,1487300,1417800.0,2026-08-10,16:14:44
603305,旭升集团,11.9,12.02,12.01,12.08,11.86,164390.0,196060000.0,137.53,137.53,34.85,1.5,1.42,8315800,8123200.0,2026-08-10,16:14:47
603306,华懋科技,78.0,73.03,77.95,79.5,73.36,264284.0,2003530000.0,257.01,257.01,179.68,8.06,8.02,12992800,13435600.0,2026-08-10,16:14:32
603307,扬州金泉,25.06,24.23,24.2,25.18,24.16,7804.0,19390000.0,24.74,24.35,22.14,1.8,0.8,450300,330100.0,2026-08-10,16:14:36
603308,应流股份,48.38,48.52,49.08,49.6,47.39,114284.0,551300000.0,328.52,328.52,87.2,6.6,1.68,5280400,6148000.0,2026-08-10,16:14:42
603309,维力医疗,11.82,11.59,11.57,11.92,11.55,71234.0,83880000.0,34.5,34.5,60.26,1.94,2.44,3949700,3173700.0,2026-08-10,16:14:45
603310,巍华新材,14.92,14.79,14.78,14.96,14.78,14260.0,21250000.0,51.52,28.95,29.13,1.29,0.74,839800,586300.0,2026-08-10,16:14:37
603311,金海高科,29.99,29.55,30.0,30.2,28.5,44428.0,131120000.0,70.74,70.74,100.78,5.36,1.88,2462100,1980700.0,2026-08-10,16:14:38
603312,西典新能,32.53,31.75,31.75,32.72,31.57,8501.0,27430000.0,52.05,16.56,20.92,2.92,1.67,541600,308500.0,2026-08-10,16:14:45
603313,梦百合,6.27,6.03,6.07,6.28,5.99,221646.0,136840000.0,35.78,35.78,-33.54,1.05,3.88,12147900,10016700.0,2026-08-10,16:14:31
603315,福鞍股份,11.99,12.02,12.01,12.08,11.72,62243.0,74410000.0,38.41,38.41,93.01,2.23,1.94,3297900,2926400.0,2026-08-10,16:14:31
603316,诚邦股份,14.36,14.25,14.35,14.58,13.96,104048.0,147950000.0,38.77,37.95,-39.14,6.47,3.94,5320300,5084500.0,2026-08-10,16:14:36
603317,天味食品,14.64,14.19,14.08,14.89,14.02,187742.0,273650000.0,155.49,155.49,20.87,3.74,1.77,9615400,9158800.0,2026-08-10,16:14:59
603318,水发燃气,9.23,9.1,9.1,9.31,9.01,348084.0,317930000.0,51.2,42.37,-55.33,2.72,7.58,17502500,17305900.0,2026-08-10,16:14:51
603319,美湖股份,27.32,26.86,26.95,27.58,26.01,180778.0,485980000.0,92.66,92.66,129.33,3.79,5.33,9457300,8620500.0,2026-08-10,16:14:41
603320,迪贝电气,16.74,16.58,16.57,16.83,16.43,17603.0,29390000.0,24.97,24.97,33.34,2.13,1.18,962900,797400.0,2026-08-10,16:14:46
603321,梅轮电梯,6.31,6.11,6.1,6.34,6.09,47764.0,29770000.0,22.01,21.74,63.72,1.54,1.39,2954500,1821900.0,2026-08-10,16:14:57
603322,超讯科技,26.95,27.27,27.03,27.18,26.55,29915.0,80250000.0,42.47,42.47,-96.35,16.14,1.9,1313200,1678300.0,2026-08-10,16:14:44
603323,苏农银行,4.22,4.21,4.2,4.27,4.2,279492.0,118460000.0,93.7,93.7,4.54,0.49,1.26,13784200,14165100.0,2026-08-10,16:14:43
603324,盛剑科技,27.8,28.12,28.35,28.52,27.09,54842.0,151390000.0,42.14,40.72,-66.0,2.49,3.74,2746900,2737300.0,2026-08-10,16:14:54
603325,博隆技术,55.26,54.9,54.86,55.47,54.4,4893.0,26890000.0,44.21,18.89,13.05,1.64,1.43,233300,256000.0,2026-08-10,16:14:44
603326,我乐家居,6.78,6.52,6.51,6.8,6.51,39445.0,26470000.0,21.64,21.64,15.11,1.95,1.24,2268200,1676300.0,2026-08-10,16:14:45
603327,福蓉科技,9.13,8.99,8.98,9.19,8.81,306463.0,276540000.0,95.45,95.45,65.38,4.0,2.93,15662000,14984300.0,2026-08-10,16:14:35
603328,依顿电子,11.42,10.85,11.94,11.94,11.21,812640.0,947440000.0,114.02,114.02,29.46,2.74,8.14,29567600,51696400.0,2026-08-10,16:14:50
603329,上海雅仕,10.3,9.93,9.97,10.35,9.93,41192.0,42000000.0,25.76,21.26,37.59,1.76,2.0,2352300,1766900.0,2026-08-10,16:14:43
603330,天洋新材,7.95,7.65,7.67,7.98,7.55,191071.0,149790000.0,34.4,34.4,-14.44,2.64,4.42,9722900,9384100.0,2026-08-10,16:14:52
603331,百达精工,13.25,12.45,12.57,13.52,12.3,118161.0,155000000.0,26.79,26.79,-10.87,2.57,5.84,6890100,4926000.0,2026-08-10,16:14:35
603332,苏州龙杰,11.37,11.0,11.01,11.4,10.94,36989.0,41640000.0,24.6,24.6,29.69,1.95,1.71,2425900,1272900.0,2026-08-10,16:14:38
603333,福华尚纬,9.24,9.16,9.2,9.29,8.92,211744.0,192890000.0,57.43,57.43,-178.07,2.81,3.41,10254400,10920000.0,2026-08-10,16:14:32
603335,迪生力,6.9,6.96,6.95,7.0,6.83,107799.0,74240000.0,29.54,29.54,57.6,10.46,2.52,4526800,6253000.0,2026-08-10,16:14:45
603336,宏辉果蔬,10.1,10.29,10.3,10.38,9.96,203838.0,206390000.0,61.48,61.48,376.78,4.29,3.35,7504100,12879700.0,2026-08-10,16:14:39
603337,杰克科技,44.29,44.66,44.6,44.99,43.2,56055.0,245660000.0,210.99,206.85,24.34,4.08,1.2,2641700,2963800.0,2026-08-10,16:14:46
603338,浙江鼎力,57.37,56.98,56.99,57.8,56.46,42887.0,245280000.0,290.49,290.49,15.1,2.58,0.85,1886500,2402200.0,2026-08-10,16:14:54
603339,四方科技,14.01,14.29,14.27,14.34,13.95,101831.0,144520000.0,43.35,43.35,25.3,1.58,3.29,5076600,5106500.0,2026-08-10,16:14:38
603341,龙旗科技,39.22,37.04,37.04,39.27,36.25,160044.0,604860000.0,204.96,104.88,45.91,2.94,5.99,8955300,7049100.0,2026-08-10,16:14:48
603344,星德胜,22.74,22.59,22.39,22.84,22.39,23837.0,54100000.0,44.24,12.29,26.71,2.04,4.41,1501900,881800.0,2026-08-10,16:14:37
603345,安井食品,85.89,85.2,84.79,87.33,84.45,62838.0,540980000.0,286.26,251.91,18.74,1.83,2.14,3126700,3157000.0,2026-08-10,16:14:38
603348,文灿股份,14.53,14.22,14.2,14.6,14.1,32510.0,46790000.0,45.69,45.69,-10.59,1.17,1.03,2136600,1114500.0,2026-08-10,16:14:43
603350,安乃达,28.26,27.82,27.94,28.29,27.57,7169.0,20100000.0,32.92,12.47,29.75,2.47,1.62,449200,267700.0,2026-08-10,16:14:54
603351,威尔药业,26.5,25.76,25.8,26.94,25.8,16959.0,45140000.0,35.89,35.89,23.61,2.05,1.25,1041800,654100.0,2026-08-10,16:14:36
603353,和顺石油,29.93,30.04,29.98,30.04,29.3,27082.0,80210000.0,51.01,51.01,-420.26,3.24,1.59,1316800,1391400.0,2026-08-10,16:14:36
603355,莱克电气,28.02,28.11,27.83,28.39,27.45,28702.0,80030000.0,160.67,160.67,27.29,2.84,0.5,1528500,1341700.0,2026-08-10,16:14:34
603356,华菱精工,16.03,15.83,15.79,16.06,15.52,17491.0,27760000.0,21.37,21.37,-15.49,7.08,1.31,994400,754700.0,2026-08-10,16:14:52
603357,设计总院,6.09,6.0,6.01,6.12,5.97,45217.0,27470000.0,34.14,34.14,11.37,0.87,0.81,2739600,1782000.0,2026-08-10,16:14:46
603358,华达科技,41.02,41.9,41.9,42.33,40.91,84349.0,348390000.0,192.69,189.42,147.31,5.63,1.83,4239200,4195800.0,2026-08-10,16:14:49
603359,*ST东珠,2.31,2.25,2.24,2.34,2.22,89384.0,20320000.0,10.3,10.3,-0.94,0.73,2.0,5692100,3246200.0,2026-08-10,16:14:36
603360,百傲化学,13.93,13.87,13.9,14.15,13.65,89532.0,124720000.0,98.38,98.38,57.03,6.98,1.27,4411800,4541400.0,2026-08-10,16:14:54
603363,傲农生物,2.95,2.83,2.84,3.05,2.83,710572.0,208910000.0,80.57,63.32,-52.31,2.39,3.31,43188400,27868900.0,2026-08-10,16:14:55
603365,水星家纺,18.03,17.68,17.59,18.23,17.55,19969.0,35910000.0,47.33,47.08,11.21,1.56,0.76,1277700,719200.0,2026-08-10,16:14:51
603366,日出东方,6.94,6.8,6.79,6.94,6.76,99149.0,68250000.0,56.43,56.43,31.05,1.33,1.22,6239000,3675900.0,2026-08-10,16:14:44
603367,辰欣药业,14.9,14.98,15.1,15.2,14.77,166172.0,248160000.0,67.46,67.46,16.52,1.08,3.67,7098300,9518900.0,2026-08-10,16:14:36
603368,柳药集团,15.82,15.63,15.59,15.91,15.56,55824.0,88370000.0,62.84,62.84,9.57,0.81,1.41,3192800,2389600.0,2026-08-10,16:14:51
603369,今世缘,28.39,27.26,27.26,28.6,27.14,215274.0,605670000.0,353.97,353.97,15.1,2.15,1.73,12664200,8863300.0,2026-08-10,16:14:37
603373,安邦护卫,39.77,38.6,38.58,39.9,38.3,27424.0,107840000.0,59.87,25.29,46.52,3.27,4.31,1401900,1340600.0,2026-08-10,16:14:45
603375,盛景微,37.39,37.46,37.46,37.99,36.88,17030.0,63400000.0,37.64,23.85,447.05,2.45,2.67,881500,821500.0,2026-08-10,16:14:54
603377,ST东时,3.08,2.94,2.96,3.21,2.92,71912.0,22150000.0,22.26,22.26,-2.91,-1536.89,0.99,4465600,2725600.0,2026-08-10,16:14:48
603378,*ST亚士,5.55,5.57,5.64,5.78,5.45,90989.0,51000000.0,23.79,23.79,-1.72,-14.3,2.12,4828500,4270400.0,2026-08-10,16:14:33
603379,三美股份,67.72,65.3,64.68,68.68,64.38,125369.0,841220000.0,413.42,413.42,19.08,5.24,2.05,7439000,5097900.0,2026-08-10,16:14:36
603380,易德龙,33.06,33.29,33.5,33.68,32.36,23652.0,77470000.0,53.04,53.04,25.14,3.5,1.47,1015700,1349500.0,2026-08-10,16:14:51
603381,永臻股份,15.28,14.92,14.92,15.28,14.78,34785.0,52490000.0,36.25,21.72,-16.22,1.08,2.45,1927700,1550800.0,2026-08-10,16:14:38
603383,顶点软件,30.07,29.79,29.89,30.23,29.73,32235.0,96620000.0,61.76,61.76,30.37,4.33,1.57,1579200,1644300.0,2026-08-10,16:14:56
603385,惠达卫浴,5.42,5.24,5.25,5.45,5.17,28899.0,15490000.0,20.63,20.63,-8.93,0.59,0.76,1701800,1188100.0,2026-08-10,16:14:46
603386,骏亚科技,13.18,13.31,13.24,13.34,12.94,66945.0,87620000.0,43.01,43.01,-101.36,3.29,2.05,3162200,3532300.0,2026-08-10,16:14:50
603387,基蛋生物,9.32,9.25,9.22,9.44,9.2,139116.0,129870000.0,47.27,47.27,20.32,1.72,2.74,6603600,7308000.0,2026-08-10,16:14:45
603388,*ST元成,0.58,0.58,0.0,0.0,0.0,0.0,0.0,1.89,1.89,-0.49,0.27,0.0,0,0.0,2026-08-10,09:00:00
603389,亚振家居,44.71,45.35,45.5,45.76,43.95,20796.0,92680000.0,117.48,117.48,-222.49,58.59,0.79,1067400,1012200.0,2026-08-10,16:14:47
603390,通达电气,10.18,10.0,9.98,10.19,9.86,64202.0,64770000.0,35.8,35.74,27.47,2.12,1.83,3806700,2613500.0,2026-08-10,16:14:43
603391,力聚热能,62.6,60.38,59.94,63.4,59.94,30074.0,186570000.0,56.97,14.24,29.06,2.67,13.22,1733500,1273900.0,2026-08-10,16:14:57
603392,万泰生物,30.46,30.53,30.5,31.05,30.12,60095.0,183850000.0,385.13,385.13,-99.14,3.26,0.48,3033900,2975600.0,2026-08-10,16:14:42
603393,新天然气,26.47,25.5,25.4,26.55,25.4,105861.0,277610000.0,112.21,112.21,19.53,1.19,2.5,6221500,4364600.0,2026-08-10,16:14:42
603395,红四方,22.61,22.21,22.17,22.82,22.14,36978.0,83570000.0,58.79,14.7,115.52,4.17,5.69,2138900,1558800.0,2026-08-10,16:14:59
603396,金辰股份,24.97,24.53,24.5,24.98,24.32,24715.0,61230000.0,34.59,34.59,63.81,1.33,1.78,1379600,1091900.0,2026-08-10,16:14:42
603398,*ST沐邦,10.33,10.87,10.8,10.8,10.25,82985.0,86190000.0,44.8,44.8,-5.66,62.62,1.91,3727000,4571500.0,2026-08-10,16:14:49
603399,永杉锂业,16.52,15.5,15.99,17.05,15.85,1077394.0,1789250000.0,84.63,84.63,-49.39,5.23,21.03,46635900,61103500.0,2026-08-10,16:14:50
603408,建霖家居,10.57,10.34,10.32,10.61,10.28,23666.0,24840000.0,47.31,47.31,11.49,1.43,0.53,1464700,901900.0,2026-08-10,16:14:46
603409,汇通控股,17.95,17.57,17.58,17.99,17.5,20245.0,36070000.0,33.71,9.67,21.08,2.23,3.76,1046100,978400.0,2026-08-10,16:14:36
603416,信捷电气,50.4,51.38,51.44,51.55,49.9,27714.0,139800000.0,79.12,70.33,30.14,3.04,1.99,1592000,1179400.0,2026-08-10,16:14:37
603421,鼎信通讯,6.0,6.1,6.07,6.1,5.91,210002.0,125710000.0,39.13,39.13,-6.61,1.63,3.22,9373200,11627000.0,2026-08-10,16:14:44
603429,*ST集友,7.5,7.57,7.59,7.62,7.44,13822.0,10340000.0,39.34,39.34,-164.93,3.12,0.26,537100,845100.0,2026-08-10,16:14:53
603439,三力制药,11.72,11.19,11.36,11.87,11.27,148961.0,173480000.0,47.33,47.33,97.15,3.3,3.69,6907600,7988500.0,2026-08-10,16:14:58
603444,吉比特,394.8,382.67,382.13,395.42,381.0,19631.0,766040000.0,284.42,284.42,14.03,5.17,2.72,1102600,860500.0,2026-08-10,16:14:42
603456,九洲药业,16.51,16.45,16.72,16.91,16.36,502991.0,835650000.0,145.57,145.57,24.6,1.65,5.7,25112300,25186700.0,2026-08-10,16:14:47
603458,勘设股份,9.45,9.39,9.49,9.51,9.26,103304.0,97010000.0,28.93,28.93,-7.56,1.12,3.37,5212600,5117900.0,2026-08-10,16:14:32
603466,风语筑,11.28,11.35,11.4,11.4,11.04,309958.0,347460000.0,67.1,67.1,-418.27,3.24,5.21,15515500,15480300.0,2026-08-10,16:14:31
603477,巨星农牧,15.47,15.02,15.23,15.7,15.18,248673.0,383620000.0,80.9,78.91,-17.75,2.95,4.88,11894000,12973300.0,2026-08-10,16:14:55
603486,科沃斯,58.97,57.92,58.0,59.37,57.68,45556.0,267580000.0,341.2,338.11,20.21,3.9,0.79,2267100,2288500.0,2026-08-10,16:14:41
603488,展鹏科技,8.53,8.35,8.39,8.54,8.2,55252.0,46350000.0,24.91,24.91,-14.49,3.22,1.89,3129200,2396000.0,2026-08-10,16:14:32
603489,八方股份,27.26,26.84,26.91,27.4,26.69,18280.0,49690000.0,63.96,63.96,50.87,2.34,0.78,1001600,826400.0,2026-08-10,16:14:41
603496,恒为科技,25.48,25.42,25.56,25.73,24.86,119279.0,301080000.0,81.59,81.59,167.69,5.88,3.73,5690400,6237500.0,2026-08-10,16:14:42
603499,翔港科技,12.84,13.0,13.0,13.03,12.61,45494.0,58000000.0,54.39,54.39,51.46,6.03,1.07,1963400,2586100.0,2026-08-10,16:14:39
603500,祥和实业,9.69,9.64,9.65,9.72,9.53,59031.0,56920000.0,32.25,32.23,23.32,3.21,1.77,2945000,2958100.0,2026-08-10,16:14:47
603501,豪威集团,89.14,89.76,90.09,90.1,88.08,165863.0,1473950000.0,1121.12,1075.89,30.45,3.42,1.37,7618200,8968000.0,2026-08-10,16:14:32
603505,金石资源,16.84,16.7,16.71,16.99,16.69,147143.0,247400000.0,141.74,141.74,44.27,7.64,1.75,7257000,7457200.0,2026-08-10,16:14:38
603506,南都物业,10.97,10.21,10.2,11.08,10.19,81584.0,88160000.0,20.6,20.6,17.54,1.72,4.34,4359200,3799200.0,2026-08-10,16:14:54
603507,振江股份,24.44,24.48,24.5,24.83,24.2,70014.0,171110000.0,58.4,57.75,29.01,2.3,2.96,3214200,3787200.0,2026-08-10,16:14:37
603508,思维列控,22.1,22.78,21.81,22.38,21.81,87470.0,192930000.0,84.26,84.26,14.78,2.04,2.29,3598800,5148200.0,2026-08-10,16:14:56
603511,爱慕股份,12.44,11.9,11.85,12.53,11.84,21024.0,25770000.0,50.49,49.99,31.51,1.16,0.52,1204000,898400.0,2026-08-10,16:14:56
603515,欧普照明,17.03,16.89,16.96,17.15,16.85,13384.0,22840000.0,126.41,125.64,13.89,1.94,0.18,802300,536100.0,2026-08-10,16:14:36
603516,淳中科技,99.07,100.52,101.4,102.1,97.3,44911.0,444580000.0,201.38,201.38,68.07,11.96,2.21,1968900,2522300.0,2026-08-10,16:14:48
603517,ST绝味,11.31,11.04,11.03,11.32,10.99,37603.0,42200000.0,68.54,68.54,-28.6,1.14,0.62,2196600,1563700.0,2026-08-10,16:14:46
603518,锦泓集团,8.19,7.93,7.91,8.23,7.88,83982.0,68170000.0,28.28,28.18,11.4,0.75,2.44,5325800,3072400.0,2026-08-10,16:14:56
603519,立霸股份,16.32,15.69,15.58,16.38,15.2,139684.0,223130000.0,43.46,43.46,27.92,4.36,5.24,7802800,6165600.0,2026-08-10,16:14:36
603520,司太立,9.08,9.06,9.11,9.2,9.01,80117.0,72780000.0,39.81,39.81,236.42,1.61,1.83,3613400,4398300.0,2026-08-10,16:14:40
603527,众源新材,10.41,10.01,10.05,10.44,10.01,100784.0,103450000.0,33.0,33.0,112.14,1.58,3.18,5439400,4639000.0,2026-08-10,16:14:44
603528,多伦科技,6.38,6.31,6.3,6.42,6.18,74763.0,47280000.0,45.04,45.04,-85.3,2.4,1.06,3810400,3665900.0,2026-08-10,16:14:34
603529,爱玛科技,21.27,20.91,20.89,21.37,20.79,54501.0,115620000.0,183.83,180.28,11.31,1.96,0.64,3282000,2168100.0,2026-08-10,16:14:31
603530,神马电力,45.39,44.84,45.12,45.65,44.46,33742.0,152370000.0,195.81,194.03,42.41,11.18,0.79,1710100,1664100.0,2026-08-10,16:14:34
603533,掌阅科技,22.82,23.33,23.1,23.51,22.58,169636.0,388330000.0,100.16,100.16,-73.7,4.36,3.87,7853000,9110600.0,2026-08-10,16:14:36
603535,嘉诚国际,6.47,6.34,6.34,6.48,6.32,25093.0,16140000.0,33.06,33.06,300.2,1.33,0.49,1610000,899300.0,2026-08-10,16:14:51
603536,惠发食品,9.48,8.99,8.96,9.49,8.96,70479.0,65890000.0,22.98,22.8,-45.22,6.56,2.93,4059700,2988100.0,2026-08-10,16:14:36
603538,美诺华,29.2,29.2,29.6,30.5,28.33,845945.0,2503300000.0,99.26,98.38,88.49,4.37,25.11,39990800,44603700.0,2026-08-10,16:14:37
603551,奥普科技,9.55,9.32,9.33,9.6,9.33,25310.0,24110000.0,36.74,36.28,12.77,2.96,0.67,1540100,990900.0,2026-08-10,16:14:38
603556,海兴电力,25.61,24.92,24.7,25.74,24.59,146243.0,371420000.0,124.53,124.53,18.34,1.76,3.01,7675700,6948700.0,2026-08-10,16:14:59
603557,*ST起步,3.85,3.74,3.74,3.98,3.74,73012.0,28010000.0,24.0,24.0,-14.64,42.89,1.17,3690800,3610400.0,2026-08-10,16:14:41
603558,健盛集团,12.88,12.61,12.61,12.95,12.46,38040.0,48770000.0,44.13,44.13,10.08,1.97,1.11,2110400,1693600.0,2026-08-10,16:14:33
603559,中通国脉,9.11,8.88,9.0,9.12,8.72,122780.0,110100000.0,36.56,36.56,-24.59,4.67,3.06,6819600,5458400.0,2026-08-10,16:14:46
603565,中谷物流,10.4,10.39,10.38,10.53,10.32,139963.0,146240000.0,218.41,218.41,11.02,2.09,0.67,7292500,6703800.0,2026-08-10,16:14:50
603566,普莱柯,10.56,10.24,10.25,10.59,10.25,58445.0,61320000.0,36.54,36.54,21.15,1.46,1.69,3613800,2230600.0,2026-08-10,16:14:36
603567,珍宝岛,7.06,7.08,7.08,7.4,7.0,1453647.0,1043220000.0,66.38,66.32,-4.09,1.09,15.47,65829100,79535700.0,2026-08-10,16:14:58
603568,伟明环保,15.75,15.41,15.41,15.93,15.4,87282.0,137280000.0,322.63,322.63,16.66,2.26,0.43,5048500,3679700.0,2026-08-10,16:14:34
603569,长久物流,5.94,5.73,5.72,5.96,5.7,57003.0,33540000.0,35.85,35.85,-39.65,1.46,0.94,3720300,1980000.0,2026-08-10,16:14:45
603577,汇金通,10.45,9.9,9.89,10.48,9.78,134656.0,138360000.0,35.44,35.44,34.85,1.81,3.97,7957800,5507800.0,2026-08-10,16:14:34
603578,三星新材,12.09,11.92,11.99,12.09,11.74,35917.0,42910000.0,28.3,21.81,-15.47,2.0,1.99,1820000,1771700.0,2026-08-10,16:14:48
603579,荣泰健康,18.4,18.35,18.3,18.56,18.15,16782.0,30870000.0,36.99,36.99,20.96,1.34,0.83,885200,793000.0,2026-08-10,16:14:55
603580,艾艾精工,59.21,53.83,53.0,59.21,52.08,150923.0,852980000.0,77.37,77.37,187.71,17.0,11.55,7551700,7540600.0,2026-08-10,16:14:59
603583,捷昌驱动,25.64,24.36,24.35,25.73,24.13,104543.0,263590000.0,98.91,98.01,29.51,2.16,2.73,5886900,4567500.0,2026-08-10,16:14:31
603585,苏利股份,10.34,10.12,10.16,10.44,10.11,40742.0,42040000.0,28.47,28.0,15.81,1.05,1.5,2495400,1578700.0,2026-08-10,16:14:31
603586,金麒麟,13.65,13.39,13.31,13.65,13.31,19713.0,26710000.0,26.76,26.76,58.22,1.19,1.01,1193500,777800.0,2026-08-10,16:14:49
603587,地素时尚,11.79,11.38,11.45,11.84,11.4,34549.0,40340000.0,55.73,55.73,20.01,1.57,0.73,2116200,1338700.0,2026-08-10,16:14:42
603588,高能环境,14.69,14.18,14.18,14.73,14.13,633222.0,910700000.0,223.76,223.76,18.4,2.22,4.16,32273300,31048900.0,2026-08-10,16:14:57
603589,口子窖,20.5,20.12,19.98,20.63,19.98,96030.0,196260000.0,122.61,122.61,31.32,1.18,1.61,5091600,4511400.0,2026-08-10,16:14:55
603590,康辰药业,32.88,32.94,33.3,34.0,32.63,46663.0,154890000.0,52.28,52.02,30.99,1.65,2.95,2166300,2500000.0,2026-08-10,16:14:48
603595,ST东尼,27.0,26.06,26.08,27.5,25.86,35916.0,95230000.0,62.76,62.76,-123.34,4.13,1.55,1607900,1983700.0,2026-08-10,16:14:46
603596,伯特利,26.87,26.64,26.4,27.09,26.3,131417.0,351500000.0,241.2,241.2,18.44,3.08,1.46,7437400,5704300.0,2026-08-10,16:14:55
603598,引力传媒,18.14,18.07,18.19,18.2,17.55,128650.0,231270000.0,48.92,48.87,244.98,20.75,4.78,6874800,5990200.0,2026-08-10,16:14:31
603599,广信股份,10.52,10.47,10.5,10.77,10.44,120444.0,127540000.0,95.76,95.76,14.66,0.96,1.32,6097800,5946600.0,2026-08-10,16:14:58
603600,永艺股份,9.72,9.53,9.51,9.76,9.47,45118.0,43670000.0,32.12,32.12,12.99,1.43,1.37,2658100,1853700.0,2026-08-10,16:14:39
603601,再升科技,9.94,9.88,10.01,10.09,9.54,1007007.0,986010000.0,113.55,113.55,308.01,4.21,8.82,49084700,51616000.0,2026-08-10,16:14:32
603602,纵横通信,11.29,11.13,11.04,11.33,10.91,44646.0,49960000.0,26.09,26.09,-16.15,2.93,1.93,2420200,2044400.0,2026-08-10,16:14:32
603605,珀莱雅,59.03,57.72,57.79,59.6,57.46,62865.0,369960000.0,233.74,233.74,15.86,3.97,1.59,3454000,2832500.0,2026-08-10,16:14:54
603606,东方电缆,38.57,38.7,38.8,38.88,38.49,173135.0,668260000.0,318.13,318.13,23.34,3.76,2.1,6999600,10313900.0,2026-08-10,16:14:41
603607,京华激光,21.95,21.81,21.75,22.09,21.52,22269.0,48710000.0,39.18,39.18,36.61,4.0,1.25,1162800,1064100.0,2026-08-10,16:14:48
603608,天创时尚,19.0,19.01,19.77,19.89,18.57,164205.0,310160000.0,80.76,80.76,283.51,7.38,3.86,8231900,8188600.0,2026-08-10,16:14:42
603609,禾丰股份,6.46,6.19,6.19,6.46,6.18,54615.0,34820000.0,58.4,58.4,-102.88,0.92,0.6,3409500,2052000.0,2026-08-10,16:14:32
603610,麒盛科技,15.41,15.1,15.59,15.84,14.96,83584.0,127730000.0,54.4,54.4,57.76,1.78,2.37,4356400,4002100.0,2026-08-10,16:14:47
603611,诺力股份,17.32,17.11,17.12,17.37,17.02,19753.0,34100000.0,44.62,44.62,11.71,1.47,0.77,1226400,748900.0,2026-08-10,16:14:37
603612,索通发展,17.32,16.88,16.96,17.4,16.83,121077.0,208280000.0,86.27,86.27,12.17,1.47,2.43,7127900,4979800.0,2026-08-10,16:14:46
603613,国联股份,19.62,19.63,19.62,19.72,19.34,72012.0,140670000.0,141.37,141.37,10.66,1.51,1.0,3127500,4073700.0,2026-08-10,16:14:40
603615,茶花股份,16.34,16.26,16.17,16.41,15.91,22122.0,35830000.0,39.51,39.51,306.36,3.45,0.91,1212300,999900.0,2026-08-10,16:14:34
603616,韩建河山,5.53,5.3,5.36,5.55,5.32,155668.0,84790000.0,21.41,21.25,-90.08,10.6,4.05,9005900,6560900.0,2026-08-10,16:14:33
603617,君禾股份,7.21,6.96,6.99,7.36,6.92,183522.0,131700000.0,28.11,27.88,59.09,1.83,4.75,11041300,7310900.0,2026-08-10,16:14:43
603618,杭电股份,27.02,27.65,28.03,28.14,26.32,780049.0,2102070000.0,186.81,186.81,-78.12,6.91,11.28,35784800,42220100.0,2026-08-10,16:14:43
603619,中曼石油,22.98,22.5,22.51,23.06,22.49,322974.0,735220000.0,106.25,106.25,34.12,2.47,6.99,16113900,16183500.0,2026-08-10,16:14:38
603626,科森科技,15.77,15.73,15.73,15.82,15.1,247582.0,384140000.0,87.5,87.5,68.48,3.84,4.46,12435700,12322500.0,2026-08-10,16:14:57
603628,清源股份,9.68,9.47,9.46,9.68,9.42,38532.0,36990000.0,26.39,26.35,88.13,2.04,1.42,2583600,1269600.0,2026-08-10,16:14:48
603629,利通电子,125.81,127.4,127.35,129.0,120.49,381339.0,4732240000.0,461.38,453.83,86.33,21.48,10.57,18144100,19989700.0,2026-08-10,16:14:47
603630,拉芳家化,15.23,14.92,14.82,15.28,14.78,71245.0,107820000.0,34.3,34.3,-150.82,1.82,3.16,3483400,3641100.0,2026-08-10,16:14:51
603633,徕木股份,6.37,6.27,6.29,6.39,6.17,71645.0,45250000.0,27.19,27.19,-13.38,1.56,1.68,3532600,3631900.0,2026-08-10,16:14:52
603636,南威软件,7.57,7.09,7.07,7.78,7.03,392723.0,294620000.0,43.93,43.93,-9.52,2.37,6.77,22465300,16807000.0,2026-08-10,16:14:33
603637,镇海股份,13.69,13.19,13.26,13.78,13.11,70189.0,94460000.0,32.68,32.68,56.04,3.2,2.94,3469200,3549800.0,2026-08-10,16:14:49
603638,艾迪精密,20.39,20.0,20.1,20.5,19.79,107549.0,217520000.0,179.57,179.57,40.53,4.1,1.22,5627400,5127500.0,2026-08-10,16:14:43
603639,海利尔,10.74,10.54,10.51,10.78,10.51,26047.0,27870000.0,37.55,36.5,24.65,1.1,0.77,1640600,964200.0,2026-08-10,16:14:58
603648,畅联股份,9.48,9.17,9.21,9.48,9.15,28599.0,26720000.0,34.36,34.36,27.54,1.81,0.79,1832100,1027800.0,2026-08-10,16:14:33
603650,彤程新材,65.58,64.52,65.4,65.58,62.65,248012.0,1594990000.0,404.02,403.05,69.1,10.07,4.04,12196800,12604400.0,2026-08-10,16:14:36
603655,朗博科技,30.72,30.04,31.21,31.32,28.98,57317.0,172560000.0,32.56,32.56,75.43,5.93,5.41,2535800,3195900.0,2026-08-10,16:14:40
603656,泰禾智能,17.8,17.6,17.57,17.82,17.45,15998.0,28360000.0,32.56,32.56,99.74,2.47,0.87,1010600,589200.0,2026-08-10,16:14:54
603657,春光科技,27.25,28.5,28.65,28.98,26.85,51152.0,141870000.0,36.84,36.84,-75.52,4.22,3.78,2463300,2651900.0,2026-08-10,16:14:48
603658,安图生物,32.85,32.43,32.45,33.38,32.21,35619.0,117060000.0,187.71,187.71,18.14,2.23,0.62,1851900,1709900.0,2026-08-10,16:14:55
603659,璞泰来,24.48,24.1,24.2,24.58,24.07,296136.0,721290000.0,524.9,524.9,20.38,2.55,1.38,15425900,14187700.0,2026-08-10,16:14:54
603660,苏州科达,12.25,11.99,12.19,12.33,11.71,422082.0,507640000.0,70.01,70.01,-11.87,10.03,7.39,22088900,20119200.0,2026-08-10,16:14:53
603661,恒林股份,32.15,32.02,32.2,32.32,31.73,19009.0,60870000.0,44.71,44.71,26.15,1.21,1.37,1100400,800500.0,2026-08-10,16:14:34
603662,柯力传感,53.08,54.39,54.72,54.79,52.76,46841.0,249300000.0,149.06,149.06,48.71,5.55,1.67,1986700,2697400.0,2026-08-10,16:14:40
603663,三祥新材,40.69,40.12,40.66,41.47,39.24,294191.0,1185320000.0,241.52,241.36,171.38,17.74,4.96,13530800,15888300.0,2026-08-10,16:14:34
603665,康隆达,22.93,22.45,22.49,22.98,22.23,15718.0,35660000.0,36.73,36.73,-198.02,5.96,0.98,944900,627000.0,2026-08-10,16:14:58
603666,亿嘉和,26.07,25.8,25.84,26.07,25.31,39972.0,102690000.0,53.58,53.58,-53.67,2.53,1.94,1983200,2014000.0,2026-08-10,16:14:42
603667,五洲新春,54.31,55.63,55.99,56.06,54.02,122984.0,670380000.0,208.09,198.88,246.72,5.28,3.36,5698700,6599600.0,2026-08-10,16:14:46
603668,天马科技,10.92,10.58,10.53,10.98,10.41,118696.0,128140000.0,55.23,55.23,-29.07,2.61,2.35,7039300,4830300.0,2026-08-10,16:14:57
603669,灵康药业,6.14,6.21,6.25,6.38,5.97,327272.0,202500000.0,43.74,43.74,-25.48,8.7,4.59,13989600,18737500.0,2026-08-10,16:14:44
603676,卫信康,9.47,9.08,9.1,9.47,9.08,61856.0,57810000.0,41.21,41.21,19.02,2.81,1.42,3658100,2527500.0,2026-08-10,16:14:43
603677,奇精机械,13.9,13.31,13.3,13.98,13.18,31196.0,42630000.0,26.77,26.77,64.65,2.38,1.62,2013900,1105700.0,2026-08-10,16:14:31
603678,火炬电子,51.54,50.25,50.5,52.42,47.61,332154.0,1650310000.0,245.11,245.11,96.97,4.01,6.98,16235900,16979500.0,2026-08-10,16:14:38
603679,华体科技,22.44,22.57,22.47,22.95,22.01,70732.0,159010000.0,39.87,39.87,-28.98,4.53,3.98,3573100,3500100.0,2026-08-10,16:14:34
603680,今创集团,10.65,10.42,10.45,10.73,10.38,57953.0,61310000.0,83.47,83.47,12.69,1.39,0.74,3153600,2641700.0,2026-08-10,16:14:45
603681,永冠新材,18.13,18.38,18.39,18.45,17.85,64236.0,115650000.0,43.1,43.1,31.3,1.45,2.7,2567100,3856500.0,2026-08-10,16:14:57
603682,锦和商管,11.58,11.28,11.02,11.59,10.69,271781.0,306020000.0,54.72,54.72,-33.44,8.41,5.75,14617000,12561100.0,2026-08-10,16:14:37
603683,晶华新材,15.73,15.87,15.88,15.94,15.3,239147.0,371100000.0,45.81,45.34,47.67,2.76,8.3,10188400,13726300.0,2026-08-10,16:14:42
603685,晨丰科技,27.28,27.23,27.32,27.45,26.33,25362.0,68080000.0,69.0,54.96,187.1,3.42,1.26,1026500,1509700.0,2026-08-10,16:14:47
603686,福龙马,13.46,13.26,13.3,13.48,13.17,95133.0,127360000.0,55.92,55.92,35.62,1.62,2.29,5192800,4320500.0,2026-08-10,16:14:42
603687,大胜达,14.73,14.45,14.46,14.74,14.27,134712.0,195590000.0,81.02,81.02,116.76,2.49,2.45,7215200,6256000.0,2026-08-10,16:14:34
603688,石英股份,48.87,49.45,49.72,49.9,47.85,170248.0,828400000.0,264.72,264.72,192.73,4.56,3.14,8058500,8966400.0,2026-08-10,16:14:45
603689,皖天然气,7.52,7.41,7.4,7.53,7.38,37982.0,28420000.0,39.54,39.36,11.69,1.09,0.73,2536900,1261400.0,2026-08-10,16:14:43
603690,至纯科技,25.08,23.79,24.18,25.41,24.05,463541.0,1147870000.0,96.05,96.05,-11.54,2.76,12.1,23727000,22627000.0,2026-08-10,16:14:58
603693,江苏新能,12.49,12.08,12.02,12.67,12.02,131808.0,163430000.0,111.35,111.35,24.57,1.58,1.48,6531200,6649500.0,2026-08-10,16:14:56
603696,安记食品,13.95,13.19,13.18,14.1,13.17,327666.0,449120000.0,32.81,32.81,99.03,5.84,13.93,17965400,14801200.0,2026-08-10,16:14:42
603697,有友食品,10.12,9.76,9.75,10.19,9.71,66755.0,67120000.0,43.28,43.28,21.53,2.46,1.56,4196900,2478600.0,2026-08-10,16:14:45
603698,航天工程,24.19,24.04,24.2,24.32,23.25,174932.0,416790000.0,129.66,129.66,57.98,3.73,3.26,8516600,8976600.0,2026-08-10,16:15:00
603699,纽威股份,53.34,52.25,51.71,53.45,51.33,61282.0,321960000.0,413.54,404.39,24.57,9.84,0.81,2836000,3292300.0,2026-08-10,16:14:34
603700,宁水集团,11.79,11.27,11.28,11.97,11.18,101425.0,118670000.0,23.58,23.58,31.06,1.49,5.07,6475600,3666900.0,2026-08-10,16:14:41
603701,德宏股份,20.49,20.13,20.22,20.54,19.83,32497.0,65560000.0,53.55,53.55,353.01,6.69,1.24,1571300,1678400.0,2026-08-10,16:14:40
603703,盛洋科技,9.37,9.27,9.29,9.37,9.1,66823.0,61870000.0,38.88,38.88,-165.3,4.7,1.61,3419000,3263400.0,2026-08-10,16:14:58
603706,东方环宇,19.34,19.15,19.2,19.53,19.08,15548.0,30110000.0,36.63,36.63,15.42,2.19,0.82,913200,641600.0,2026-08-10,16:14:35
603707,健友股份,8.16,8.1,8.13,8.32,8.11,176354.0,144920000.0,131.84,131.84,22.5,1.94,1.09,7617300,10018100.0,2026-08-10,16:14:40
603708,家家悦,9.57,9.32,9.31,9.61,9.25,52608.0,50090000.0,61.09,61.09,29.01,2.64,0.82,2898200,2362600.0,2026-08-10,16:14:56
603709,中源家居,11.58,11.08,11.08,11.68,10.98,28771.0,32820000.0,18.9,18.83,-66.24,3.81,1.77,1478800,1398300.0,2026-08-10,16:14:33
603711,香飘飘,12.19,11.08,11.02,12.19,11.02,101371.0,119960000.0,50.33,50.33,24.27,1.42,2.46,4572800,5564300.0,2026-08-10,16:14:31
603712,七一二,12.42,12.11,12.1,12.44,11.88,118707.0,145240000.0,95.88,95.88,-19.05,2.51,1.54,6934300,4936500.0,2026-08-10,16:14:58
603713,密尔克卫,67.29,68.1,68.1,68.75,65.89,28895.0,194110000.0,107.4,107.4,16.81,2.26,1.81,1318300,1571200.0,2026-08-10,16:14:39
603716,塞力医疗,18.67,18.0,17.66,19.58,17.66,410255.0,758450000.0,42.16,42.16,-20.03,4.17,18.17,20149500,20876000.0,2026-08-10,16:14:56
603717,天域生物,6.42,6.01,6.03,6.44,6.01,137959.0,86480000.0,18.63,18.63,-14.2,4.87,4.75,7230100,6565800.0,2026-08-10,16:14:33
603718,*ST海利,2.97,2.91,2.94,2.97,2.91,64995.0,19190000.0,19.36,19.27,-6.13,2.18,1.0,3361000,3138500.0,2026-08-10,16:14:37
603719,良品铺子,10.08,9.85,9.67,10.13,9.67,57173.0,57390000.0,40.12,40.12,-62.88,2.12,1.44,3045200,2672100.0,2026-08-10,16:14:44
603721,中广天择,17.9,17.6,17.54,17.98,17.24,42301.0,74870000.0,23.27,23.27,85.52,4.85,3.25,2305700,1924400.0,2026-08-10,16:14:58
603722,阿科力,31.4,31.29,31.01,31.58,30.75,12238.0,38280000.0,30.68,30.05,-70.75,3.46,1.28,579200,644600.0,2026-08-10,16:14:32
603725,天安新材,11.22,10.2,10.31,11.22,10.31,282120.0,307800000.0,34.21,34.21,29.55,4.15,9.25,12838700,15373300.0,2026-08-10,16:14:57
603726,朗迪集团,24.07,24.11,24.12,24.35,23.7,37341.0,89280000.0,44.66,44.44,19.64,3.2,2.02,1697800,2036300.0,2026-08-10,16:14:59
603727,博迈科,19.21,18.26,18.18,19.48,18.18,52757.0,99910000.0,54.12,54.12,-253.15,1.75,1.87,2714500,2561200.0,2026-08-10,16:14:49
603728,鸣志电器,51.72,52.95,53.21,53.58,51.34,55999.0,290800000.0,216.65,216.65,319.74,7.31,1.34,2453900,3146000.0,2026-08-10,16:14:35
603729,ST龙韵,11.44,11.1,11.1,11.46,10.95,9310.0,10480000.0,10.54,10.54,-10.25,4.05,1.01,565800,365200.0,2026-08-10,16:14:39
603730,岱美股份,10.34,10.11,10.1,10.44,10.09,168324.0,173340000.0,222.16,222.16,34.87,5.01,0.78,8419100,8413300.0,2026-08-10,16:14:38
603733,仙鹤股份,21.09,21.03,21.37,21.5,20.62,96873.0,203760000.0,172.36,172.36,16.78,2.01,1.19,4335100,5352200.0,2026-08-10,16:14:49
603737,三棵树,23.83,23.13,23.2,24.07,23.06,106454.0,252860000.0,210.99,210.99,27.17,7.15,1.2,6044000,4601400.0,2026-08-10,16:14:45
603738,泰晶科技,36.24,36.63,36.5,37.48,34.9,528455.0,1895090000.0,139.85,139.85,210.04,7.76,13.69,24914600,27930900.0,2026-08-10,16:14:37
603739,蔚蓝生物,12.24,11.99,11.93,12.37,11.9,52046.0,63540000.0,30.97,30.97,39.65,1.75,2.06,2843900,2360800.0,2026-08-10,16:14:39
603755,日辰股份,23.63,22.69,22.81,23.65,22.65,10974.0,25610000.0,23.3,23.3,27.5,3.07,1.11,659500,437900.0,2026-08-10,16:14:31
603757,大元泵业,62.7,65.01,65.05,66.3,61.69,122087.0,769500000.0,116.97,116.97,100.01,5.61,6.54,5684800,6523900.0,2026-08-10,16:14:37
603758,秦安股份,11.53,10.48,11.0,11.53,10.8,109509.0,123550000.0,49.94,49.94,35.65,1.95,2.53,3689200,7261700.0,2026-08-10,16:14:55
603759,海天股份,7.54,7.22,7.22,7.55,7.19,56553.0,41990000.0,34.82,34.82,26.63,1.21,1.22,3695900,1959400.0,2026-08-10,16:14:46
603766,隆鑫通用,13.87,13.76,13.7,14.05,13.55,272666.0,377570000.0,284.83,284.83,17.67,3.3,1.33,15185100,12081500.0,2026-08-10,16:14:39
603767,中马传动,15.18,14.95,15.0,15.18,14.71,32764.0,49310000.0,46.85,46.85,-810.75,3.43,1.06,1895600,1380800.0,2026-08-10,16:14:42
603768,常青股份,11.35,11.22,11.16,11.47,11.08,33182.0,37440000.0,27.01,27.01,-13.22,1.23,1.39,1730500,1587700.0,2026-08-10,16:15:00
603773,沃格光电,95.63,95.07,98.82,99.4,90.26,345979.0,3281750000.0,214.93,214.86,-115.93,20.34,15.4,17529800,17068200.0,2026-08-10,16:15:00
603776,永安行,21.76,21.4,21.37,21.85,21.37,34731.0,75330000.0,61.09,61.09,-29.36,1.78,1.24,1936300,1536800.0,2026-08-10,16:15:00
603777,来伊份,14.42,14.55,14.69,14.76,14.27,63139.0,91170000.0,48.22,48.22,-25.72,3.09,1.89,3007500,3306400.0,2026-08-10,16:14:54
603778,国晟科技,10.92,10.72,10.72,10.93,10.6,425632.0,457960000.0,72.08,70.2,-12.73,25.53,6.62,21657500,20905700.0,2026-08-10,16:14:52
603779,威龙股份,7.88,7.7,7.8,7.92,7.68,159419.0,124510000.0,26.17,26.17,-33.01,5.34,4.8,8042500,7899400.0,2026-08-10,16:14:40
603786,科博达,43.0,42.47,42.69,43.22,42.22,15961.0,68360000.0,173.66,173.66,22.1,3.15,0.4,830100,765900.0,2026-08-10,16:14:32
603787,新日股份,10.15,10.02,10.02,10.16,9.96,49834.0,50290000.0,23.36,23.36,50.95,1.54,2.17,3084400,1899000.0,2026-08-10,16:14:43
603788,宁波高发,14.15,14.08,14.11,14.21,13.95,10962.0,15480000.0,31.56,31.56,14.55,1.58,0.49,521200,575000.0,2026-08-10,16:14:51
603789,ST星农,6.67,6.19,6.19,6.69,6.16,50892.0,32930000.0,17.69,17.34,-17.45,16.9,1.96,3208200,1881000.0,2026-08-10,16:14:55
603790,雅运股份,23.25,21.65,21.6,23.46,21.4,50722.0,112820000.0,44.49,44.49,54.87,3.48,2.65,2804700,2267500.0,2026-08-10,16:14:53
603797,联泰环保,4.59,4.17,4.2,4.59,4.16,269597.0,121520000.0,26.47,26.47,20.96,0.78,4.68,12164100,14795600.0,2026-08-10,16:14:55
603798,康普顿,13.82,13.7,13.66,13.83,13.45,35923.0,49030000.0,35.44,35.44,82.05,2.91,1.4,1903100,1689200.0,2026-08-10,16:14:50
603799,华友钴业,46.07,44.01,44.19,47.17,44.09,1574998.0,7203400000.0,872.35,869.62,11.86,1.76,8.34,73239800,84260000.0,2026-08-10,16:14:36
603800,洪田股份,62.85,62.4,62.11,62.95,59.55,61810.0,379250000.0,130.73,130.73,550.37,16.53,2.97,2887200,3293800.0,2026-08-10,16:14:32
603801,志邦家居,6.0,5.77,5.8,6.06,5.75,82285.0,48930000.0,26.06,26.06,38.16,0.87,1.89,4934000,3294400.0,2026-08-10,16:14:43
603803,瑞斯康达,10.38,10.47,10.62,10.62,10.18,144540.0,149110000.0,44.1,44.1,-239.61,2.87,3.4,7288900,7165100.0,2026-08-10,16:14:54
603806,福斯特,15.3,15.61,15.5,15.65,15.02,346085.0,527410000.0,399.14,399.14,58.67,2.53,1.33,17504700,17103800.0,2026-08-10,16:14:38
603808,歌力思,8.54,8.05,8.04,8.69,7.94,85587.0,71750000.0,31.06,31.06,18.83,1.24,2.35,4865500,3693200.0,2026-08-10,16:14:48
603809,豪能股份,9.55,9.38,9.42,9.63,9.34,102462.0,97650000.0,87.89,87.89,31.77,2.42,1.11,5454400,4791800.0,2026-08-10,16:14:58
603810,丰山集团,12.15,11.65,11.7,12.21,11.62,21531.0,25870000.0,20.09,20.09,55.78,1.32,1.3,1214300,938800.0,2026-08-10,16:14:45
603811,诚意药业,7.46,7.43,7.43,7.52,7.43,54060.0,40430000.0,34.18,34.18,17.66,2.53,1.18,2971500,2434500.0,2026-08-10,16:14:49
603813,原尚股份,31.81,32.2,32.0,32.3,31.5,4755.0,15100000.0,33.41,33.41,-44.08,6.73,0.45,241600,233900.0,2026-08-10,16:14:56
603815,交建股份,5.49,5.35,5.35,5.51,5.32,107844.0,58770000.0,33.98,33.98,-4.48,2.16,1.74,6100900,4683500.0,2026-08-10,16:14:35
603816,顾家家居,24.85,24.51,24.49,25.04,24.31,59300.0,146880000.0,204.13,202.75,11.55,2.05,0.73,2915700,3014400.0,2026-08-10,16:14:56
603817,海峡环保,5.76,5.58,5.59,5.78,5.58,116828.0,66770000.0,32.84,32.84,14.01,1.01,2.05,7164300,4518500.0,2026-08-10,16:14:32
603818,曲美家居,3.67,3.56,3.57,3.73,3.53,325357.0,119190000.0,25.2,25.2,-17.6,1.22,4.74,18956500,13579200.0,2026-08-10,16:14:48
603819,神力股份,14.35,14.23,14.28,14.5,13.89,62543.0,89060000.0,31.24,31.24,119.49,3.89,2.87,3483600,2770800.0,2026-08-10,16:14:38
603822,ST嘉澳,57.45,59.25,59.93,60.0,56.3,6891.0,39770000.0,44.14,44.14,24.97,9.78,0.9,216200,472900.0,2026-08-10,16:14:50
603823,百合花,68.38,65.9,67.05,69.57,64.08,255155.0,1721540000.0,284.71,284.71,173.52,11.62,6.13,13497300,12018200.0,2026-08-10,16:14:42
603825,ST华扬,8.23,7.99,7.98,8.28,7.94,37200.0,30300000.0,20.85,20.85,-3.36,66.94,1.47,2170600,1549400.0,2026-08-10,16:14:59
603826,坤彩科技,17.92,17.4,17.56,18.05,17.3,152091.0,269880000.0,152.64,152.64,-366.78,8.61,1.79,7470000,7739100.0,2026-08-10,16:14:40
603828,*ST利达,4.21,4.17,4.19,4.24,4.16,11268.0,4740000.0,25.09,25.09,-10.29,4.9,0.19,656600,470200.0,2026-08-10,16:14:45
603829,洛凯股份,15.06,14.79,14.91,15.09,14.73,39495.0,59180000.0,28.05,28.05,50.99,1.91,2.12,1948800,2000700.0,2026-08-10,16:14:36
603833,欧派家居,32.45,31.63,31.63,32.58,31.54,70436.0,227170000.0,197.67,197.67,10.72,1.11,1.16,4308300,2735300.0,2026-08-10,16:14:57
603836,海程邦达,8.94,8.75,8.75,8.94,8.62,36759.0,32590000.0,25.59,24.94,53.62,1.51,1.32,2060200,1615700.0,2026-08-10,16:14:55
603838,*ST四通,9.25,8.6,8.55,9.29,8.55,38399.0,34700000.0,29.6,29.6,-35.05,3.37,1.2,2350600,1489300.0,2026-08-10,16:14:44
603839,安正时尚,7.07,6.72,6.81,7.08,6.72,43858.0,30460000.0,27.36,27.36,-15.1,1.63,1.13,2359000,2026900.0,2026-08-10,16:14:56
603843,*ST正平,7.0,7.14,7.04,7.2,6.92,95783.0,67550000.0,48.97,48.97,-26.86,190.11,1.37,4126100,5452200.0,2026-08-10,16:14:34
603848,好太太,13.43,13.27,13.27,13.48,13.22,11942.0,16010000.0,54.04,54.04,25.69,2.14,0.3,795200,399000.0,2026-08-10,16:14:43
603855,华荣股份,16.5,16.49,16.59,16.64,16.34,12951.0,21400000.0,55.69,55.36,16.0,2.91,0.39,710300,584800.0,2026-08-10,16:14:36
603856,东宏股份,11.57,11.24,11.29,11.61,11.27,46556.0,53490000.0,32.63,32.63,12.99,1.2,1.65,2899300,1756300.0,2026-08-10,16:14:48
603858,步长制药,15.87,15.95,15.96,16.16,15.82,76542.0,122410000.0,167.36,167.36,44.76,1.67,0.73,3419500,4234700.0,2026-08-10,16:14:48
603859,能科科技,43.03,42.56,42.7,43.39,41.98,67718.0,289670000.0,114.63,105.29,50.79,2.77,2.77,3536500,3235300.0,2026-08-10,16:14:34
603860,中公高科,26.35,25.66,25.66,26.47,25.58,10921.0,28590000.0,17.57,17.57,37.66,2.12,1.64,620500,471600.0,2026-08-10,16:14:42
603861,白云电器,12.47,12.27,12.56,12.6,12.32,103838.0,129140000.0,67.4,65.91,33.44,1.7,1.96,5274500,5109300.0,2026-08-10,16:14:58
603863,松炀资源,12.59,12.63,12.65,12.83,12.38,52343.0,66020000.0,25.77,25.77,-13.51,10.64,2.56,2527900,2706400.0,2026-08-10,16:14:51
603866,桃李面包,4.35,4.28,4.26,4.38,4.24,123085.0,53370000.0,69.59,69.59,27.65,1.41,0.77,6671700,5636700.0,2026-08-10,16:14:52
603867,新化股份,28.93,29.06,29.06,29.35,28.72,34598.0,100140000.0,62.92,62.4,23.29,2.06,1.6,1477600,1982200.0,2026-08-10,16:14:39
603868,飞科电器,31.17,30.97,30.95,31.48,30.83,10117.0,31550000.0,135.78,135.78,26.13,4.12,0.23,589600,422100.0,2026-08-10,16:14:53
603869,ST智知,8.93,8.78,8.79,8.93,8.63,8351.0,7350000.0,43.63,43.63,125.58,1.18,0.17,428600,406500.0,2026-08-10,16:14:49
603871,嘉友国际,12.67,12.42,12.39,12.76,12.39,79549.0,100570000.0,173.33,173.33,14.36,2.88,0.58,3921700,4033200.0,2026-08-10,16:14:35
603876,鼎胜新材,21.86,21.39,21.48,22.34,21.45,211510.0,461240000.0,203.14,203.14,32.69,2.7,2.28,10414100,10736900.0,2026-08-10,16:14:33
603877,太平鸟,12.89,12.64,12.62,12.97,12.5,27778.0,35700000.0,60.57,60.5,30.55,1.38,0.59,1642800,1135000.0,2026-08-10,16:14:54
603878,武进不锈,5.1,4.94,5.1,5.33,4.95,195205.0,99220000.0,28.62,28.62,90.16,1.12,3.48,9495700,10024800.0,2026-08-10,16:14:34
603879,永悦科技,5.37,5.27,5.25,5.42,5.22,121637.0,65050000.0,19.3,19.3,-36.01,8.33,3.38,5380200,6783500.0,2026-08-10,16:14:31
603880,南卫股份,7.7,7.48,7.54,7.78,7.33,104715.0,79840000.0,22.26,22.26,-22.51,12.93,3.62,4360100,6111400.0,2026-08-10,16:14:55
603881,数据港,25.48,25.71,25.98,26.1,25.14,260307.0,662460000.0,219.65,219.65,157.5,6.58,3.02,12084500,13946200.0,2026-08-10,16:14:54
603882,金域医学,30.95,28.97,29.16,31.87,29.15,285020.0,886940000.0,143.38,142.41,-139.65,2.26,6.19,11966100,16535900.0,2026-08-10,16:14:43
603883,老百姓,12.74,12.39,12.44,12.91,12.37,141037.0,179640000.0,96.68,96.68,24.47,1.47,1.86,8044900,6058800.0,2026-08-10,16:14:55
603885,吉祥航空,11.07,11.06,11.06,11.13,10.94,100847.0,111270000.0,240.11,240.11,21.15,2.42,0.46,4564000,5520700.0,2026-08-10,16:14:40
603886,元祖股份,10.85,10.6,10.6,10.86,10.56,36013.0,38770000.0,26.04,26.04,27.59,1.95,1.5,2039600,1561700.0,2026-08-10,16:14:40
603887,城地香江,9.38,9.37,9.37,9.44,9.25,132973.0,124290000.0,56.47,56.47,-57.21,1.62,2.21,6474800,6822500.0,2026-08-10,16:14:43
603888,新华网,16.75,16.86,16.83,16.92,16.58,70296.0,117730000.0,124.32,124.32,37.68,3.35,0.95,3095500,3934100.0,2026-08-10,16:14:59
603889,新澳股份,5.77,5.54,5.54,5.78,5.51,148751.0,84510000.0,54.77,54.36,10.98,1.54,1.58,9176900,5698300.0,2026-08-10,16:14:36
603890,春秋电子,18.54,19.13,19.0,19.28,18.16,265846.0,490580000.0,82.84,82.84,27.13,2.58,5.95,11830900,14753700.0,2026-08-10,16:14:37
603893,瑞芯微,205.3,205.32,205.32,206.86,201.28,104904.0,2137330000.0,868.71,868.6,74.91,17.97,2.48,5234300,5256100.0,2026-08-10,16:15:00
603895,天永智能,24.69,24.68,24.79,25.3,24.04,13324.0,32590000.0,26.68,26.68,156.96,13.0,1.23,726000,606400.0,2026-08-10,16:14:45
603896,寿仙谷,15.35,14.71,14.71,15.77,14.62,45225.0,69180000.0,30.43,30.43,-263.3,1.37,2.28,2675600,1846900.0,2026-08-10,16:14:50
603897,长城科技,26.49,26.51,26.81,26.82,26.0,53573.0,141130000.0,54.68,54.68,17.92,2.39,2.6,2592400,2764800.0,2026-08-10,16:14:49
603898,好莱客,10.94,10.88,10.89,10.94,10.58,29647.0,32080000.0,32.85,32.85,-340.77,1.1,0.99,1516600,1448100.0,2026-08-10,16:14:33
603899,晨光股份,22.83,22.48,22.45,22.96,22.4,28042.0,63890000.0,209.08,209.08,15.73,2.44,0.31,1506300,1297900.0,2026-08-10,16:14:56
603900,莱绅通灵,6.39,5.97,5.96,6.4,5.94,198599.0,123810000.0,21.91,21.9,25.8,1.1,5.79,11336400,8523500.0,2026-08-10,16:14:59
603901,永创智能,9.66,9.55,9.55,9.66,9.42,72800.0,69640000.0,55.71,54.96,33.19,1.92,1.28,3836900,3443000.0,2026-08-10,16:14:40
603903,中持股份,13.08,12.43,12.43,13.19,12.32,93583.0,118400000.0,33.4,33.4,-36.43,2.34,3.67,4855500,4502800.0,2026-08-10,16:14:50
603906,龙蟠科技,20.29,19.45,19.92,20.8,19.8,380632.0,769600000.0,160.52,114.23,237.17,3.31,6.76,18826000,19237100.0,2026-08-10,16:14:54
603908,牧高笛,18.91,18.2,18.16,18.98,18.11,11089.0,20670000.0,17.61,17.61,-39.66,3.63,1.19,611700,497200.0,2026-08-10,16:14:53
603909,建发合诚,9.41,9.11,9.11,9.43,9.02,20066.0,18630000.0,24.53,24.53,21.47,2.14,0.77,1210400,796200.0,2026-08-10,16:14:41
603912,佳力图,7.72,7.76,7.76,7.8,7.56,160428.0,122560000.0,41.87,41.87,-67.63,2.43,2.96,7877200,8165500.0,2026-08-10,16:14:43
603915,国茂股份,13.6,13.58,13.54,13.74,13.37,43231.0,58680000.0,90.83,89.3,36.77,2.38,0.66,2079000,2244100.0,2026-08-10,16:14:42
603916,苏博特,10.95,11.6,11.5,11.53,10.67,243084.0,265320000.0,46.03,46.03,36.28,1.1,5.78,10927500,13380800.0,2026-08-10,16:14:58
603917,合力科技,12.62,11.77,11.78,12.77,11.72,74638.0,92270000.0,25.72,25.72,125.02,1.56,3.66,4647300,2816500.0,2026-08-10,16:14:37
603918,金桥信息,11.33,11.1,11.23,11.49,10.92,181681.0,204770000.0,41.37,41.37,-64.17,4.23,4.98,9876200,8292000.0,2026-08-10,16:14:37
603919,金徽酒,17.04,17.03,17.01,17.25,16.83,183825.0,313500000.0,86.44,86.44,26.58,2.55,3.62,8499100,9883400.0,2026-08-10,16:14:31
603920,世运电路,36.07,36.66,36.99,37.06,35.46,213393.0,768710000.0,259.92,259.92,48.07,4.13,2.96,9833400,11505900.0,2026-08-10,16:14:35
603922,ST金鸿顺,11.0,11.22,11.22,11.22,10.9,8858.0,9760000.0,19.71,19.71,-20.39,2.12,0.49,231500,654300.0,2026-08-10,16:14:40
603926,铁流股份,16.02,15.79,15.99,16.06,15.65,41082.0,65310000.0,37.32,36.98,46.34,2.18,1.78,2266700,1841500.0,2026-08-10,16:14:49
603927,中科软,13.92,13.78,13.79,14.05,13.66,105164.0,146130000.0,115.68,115.68,51.57,3.9,1.27,5293000,5223400.0,2026-08-10,16:14:34
603928,兴业股份,13.01,12.67,12.74,13.08,12.6,300623.0,386410000.0,44.33,44.33,36.84,2.8,8.82,15417100,14645200.0,2026-08-10,16:14:39
603929,亚翔集成,162.85,164.8,166.0,166.6,158.33,62953.0,1017410000.0,347.46,347.46,28.44,14.55,2.95,2794000,3501300.0,2026-08-10,16:14:39
603931,格林达,36.27,36.85,37.01,37.14,35.46,82406.0,297100000.0,72.38,72.38,60.31,3.7,4.13,4135500,4105200.0,2026-08-10,16:14:55
603933,睿能科技,20.13,19.63,19.63,20.17,19.42,54783.0,108890000.0,41.78,41.78,74.15,3.15,2.64,2555100,2923200.0,2026-08-10,16:14:49
603936,博敏电子,15.36,15.93,16.48,16.57,15.01,804845.0,1241800000.0,99.13,96.83,-313.99,2.26,12.77,36614600,43869900.0,2026-08-10,16:14:53
603937,丽岛新材,11.58,11.15,11.19,11.65,11.11,54750.0,62560000.0,24.19,24.19,1038.49,1.56,2.62,2856000,2619100.0,2026-08-10,16:14:42
603938,三孚股份,42.92,43.11,43.24,44.05,41.88,143272.0,612020000.0,164.22,164.22,178.22,6.49,3.74,6624400,7702800.0,2026-08-10,16:14:54
603939,益丰药房,23.43,22.15,22.12,23.64,21.92,185095.0,429030000.0,284.06,284.06,16.43,2.49,1.53,9766900,8742600.0,2026-08-10,16:14:36
603948,建业股份,21.37,20.68,20.56,21.5,20.45,17107.0,35940000.0,34.72,34.72,14.89,1.7,1.05,988900,721800.0,2026-08-10,16:14:36
603949,雪龙集团,14.53,14.23,14.18,14.55,13.97,30397.0,43650000.0,30.62,30.54,32.01,2.89,1.45,1609300,1430400.0,2026-08-10,16:14:54
603950,长源东谷,60.96,58.6,60.0,63.36,59.6,102392.0,626650000.0,197.59,197.43,50.13,6.47,3.16,4921800,5317400.0,2026-08-10,16:14:55
603955,大千生态,20.64,20.33,20.29,20.69,20.1,11972.0,24580000.0,28.01,28.01,-20.34,1.96,0.88,695300,502000.0,2026-08-10,16:14:51
603956,威派格,6.95,6.92,6.92,6.97,6.67,259715.0,178490000.0,39.61,39.61,-27.34,2.15,4.56,11769400,14202100.0,2026-08-10,16:14:35
603958,哈森股份,14.89,14.78,14.91,14.96,14.49,31173.0,46180000.0,32.66,32.66,-84.32,5.02,1.42,1736100,1381200.0,2026-08-10,16:14:44
603959,ST百利,4.49,4.59,4.66,4.71,4.49,100927.0,46310000.0,22.01,22.01,-12.86,5630.59,2.06,3352800,6739900.0,2026-08-10,16:14:36
603960,克来机电,16.21,16.13,16.08,16.28,15.93,32392.0,52280000.0,42.5,42.5,200.55,3.78,1.24,1740700,1498500.0,2026-08-10,16:14:54
603966,法兰泰克,8.13,7.92,7.94,8.14,7.83,64189.0,51570000.0,42.31,42.25,16.63,2.09,1.24,4063600,2355300.0,2026-08-10,16:14:32
603967,中创物流,11.66,11.4,11.38,11.67,11.35,29140.0,33700000.0,40.42,40.42,13.91,1.79,0.84,1926600,987400.0,2026-08-10,16:14:49
603968,醋化股份,10.37,10.07,10.1,10.42,10.01,27959.0,28810000.0,21.2,21.2,-30.27,1.21,1.37,1614300,1181600.0,2026-08-10,16:14:56
603969,银龙股份,7.51,7.47,7.49,7.57,7.4,105464.0,79050000.0,65.45,63.95,18.1,2.36,1.24,5475800,5070500.0,2026-08-10,16:14:46
603970,中农立华,10.64,10.46,10.38,10.8,10.37,44462.0,47220000.0,28.6,28.6,16.48,1.86,1.65,2333000,2113300.0,2026-08-10,16:14:48
603976,正川股份,28.09,28.53,28.5,29.12,27.86,38136.0,108180000.0,48.21,48.21,325.34,4.14,2.22,1967800,1845800.0,2026-08-10,16:14:41
603977,国泰集团,12.21,12.03,12.02,12.21,11.93,91851.0,110800000.0,75.85,75.85,30.45,2.25,1.48,5554500,3630600.0,2026-08-10,16:14:40
603978,深圳新星,19.91,19.64,19.95,20.04,19.32,110707.0,218090000.0,42.03,42.03,-65.97,2.53,5.24,5766700,5304000.0,2026-08-10,16:14:35
603979,金诚信,80.18,79.19,79.24,80.87,77.41,77544.0,617120000.0,500.16,500.16,19.86,4.53,1.24,3794200,3960200.0,2026-08-10,16:14:32
603980,吉华集团,6.93,6.81,6.85,7.01,6.83,321905.0,222060000.0,46.9,46.9,47.72,1.21,4.76,16903800,15286600.0,2026-08-10,16:14:45
603982,泉峰汽车,6.09,5.88,5.88,6.12,5.83,54572.0,32970000.0,22.24,20.68,-6.5,1.05,1.61,3199900,2257300.0,2026-08-10,16:14:40
603983,丸美生物,30.83,30.2,30.21,30.94,29.85,53051.0,161850000.0,123.63,123.63,57.98,3.71,1.32,2357000,2948100.0,2026-08-10,16:14:46
603985,恒润股份,17.05,16.84,17.0,17.3,16.71,113950.0,193090000.0,75.17,75.17,63.31,2.27,2.58,4865400,6529500.0,2026-08-10,16:14:47
603986,兆易创新,403.03,417.05,415.43,422.3,391.14,636006.0,25597870000.0,2828.24,2694.22,98.39,11.43,9.51,28357900,35242800.0,2026-08-10,16:14:49
603987,康德莱,7.65,7.42,7.43,7.75,7.42,90831.0,69230000.0,33.41,33.41,14.3,1.21,2.08,5271400,3811700.0,2026-08-10,16:14:35
603988,中电电机,23.51,22.42,22.42,23.74,22.05,275629.0,630950000.0,55.3,55.3,178.67,8.43,11.72,14590000,12972900.0,2026-08-10,16:14:50
603989,艾华集团,28.81,29.22,29.3,29.58,27.68,265774.0,753760000.0,114.89,114.89,43.45,2.97,6.66,11807900,14769500.0,2026-08-10,16:14:49
603990,麦迪科技,23.54,22.31,22.83,23.68,22.7,396684.0,917510000.0,71.85,71.85,370.22,8.62,13.0,22665400,17003000.0,2026-08-10,16:14:33
603991,领先股份,133.99,131.39,131.92,134.08,129.88,20734.0,274160000.0,204.62,119.97,1100.36,5.82,2.32,1096800,976600.0,2026-08-10,16:14:47
603992,松霖科技,23.36,23.67,24.06,24.1,23.07,57038.0,133550000.0,103.49,103.49,40.53,2.92,1.29,2270200,3433600.0,2026-08-10,16:14:52
603993,洛阳钼业,20.75,20.83,20.86,21.1,20.32,2529300.0,5236490000.0,4439.32,3623.12,18.38,5.36,1.45,127593800,125336200.0,2026-08-10,16:14:49
603995,甬金股份,24.73,23.79,23.9,24.78,23.41,82117.0,199910000.0,89.92,89.92,15.77,1.59,2.26,4281100,3930600.0,2026-08-10,16:14:47
603997,继峰股份,12.6,12.75,12.78,12.78,12.41,273658.0,343430000.0,160.31,160.31,33.34,3.04,2.15,10252600,17113200.0,2026-08-10,16:14:36
603998,方盛制药,9.74,9.72,9.77,9.83,9.67,91679.0,89320000.0,42.77,42.77,13.95,2.56,2.09,4648100,4519800.0,2026-08-10,16:14:50
603999,读者传媒,5.65,5.52,5.52,5.67,5.49,61391.0,34380000.0,32.54,32.54,38.0,1.59,1.07,3625100,2514000.0,2026-08-10,16:14:49
605001,威奥股份,5.68,5.46,5.46,5.71,5.4,64225.0,35970000.0,22.32,22.32,27.34,0.83,1.63,3893700,2528800.0,2026-08-10,16:14:40
605003,众望布艺,21.0,20.8,20.9,21.59,20.32,22750.0,47910000.0,23.1,23.1,36.55,1.63,2.07,1220200,1054800.0,2026-08-10,16:14:44
605005,合兴股份,15.58,15.38,15.45,15.9,15.4,19039.0,29820000.0,62.48,62.48,31.33,3.05,0.47,1019200,884700.0,2026-08-10,16:14:45
605006,山东玻纤,14.79,15.09,15.15,15.25,14.44,419408.0,616490000.0,96.67,96.67,-799.95,3.21,6.42,19670000,22270800.0,2026-08-10,16:14:38
605007,五洲特纸,16.77,15.8,15.91,16.99,15.61,106246.0,173490000.0,79.78,79.59,22.6,2.19,2.24,5842200,4782400.0,2026-08-10,16:14:55
605008,长鸿高科,11.81,11.57,11.57,11.92,11.45,28628.0,33600000.0,76.29,76.29,-373.71,3.91,0.44,1599200,1263600.0,2026-08-10,16:14:56
605009,豪悦护理,24.35,24.06,24.09,24.71,23.91,16074.0,39190000.0,52.34,52.34,23.28,1.59,0.75,851600,755700.0,2026-08-10,16:15:00
605011,杭州热电,17.98,17.54,17.55,17.98,17.38,87725.0,156240000.0,71.94,71.94,37.83,2.96,2.19,5276900,3495600.0,2026-08-10,16:14:38
605016,百龙创园,21.84,21.33,21.24,22.11,21.11,57889.0,125950000.0,91.73,91.73,22.5,4.56,1.38,3252700,2536200.0,2026-08-10,16:14:51
605018,长华集团,12.54,12.74,12.74,12.74,12.44,41115.0,51700000.0,58.95,58.95,56.75,2.14,0.87,1875100,2236400.0,2026-08-10,16:14:47
605020,永和股份,35.9,35.19,35.0,35.94,35.0,138182.0,490840000.0,183.38,180.55,22.83,3.04,2.75,6878900,6939300.0,2026-08-10,16:14:53
605028,世茂能源,25.94,26.06,26.5,26.98,25.5,31483.0,82610000.0,41.5,41.5,29.24,3.25,1.97,1588900,1559400.0,2026-08-10,16:14:38
605033,美邦股份,19.6,17.82,17.78,19.6,17.72,54051.0,104470000.0,26.5,26.5,41.67,2.23,4.0,2211800,3193300.0,2026-08-10,16:14:39
605050,福然德,10.94,10.57,10.52,11.25,10.5,57206.0,62500000.0,53.92,53.92,14.52,1.23,1.16,3671900,2048700.0,2026-08-10,16:14:41
605055,迎丰股份,9.28,9.25,9.0,9.29,9.0,55890.0,51070000.0,40.83,40.83,-64.4,4.27,1.27,3296500,2292500.0,2026-08-10,16:14:49
605056,咸亨国际,15.27,15.16,15.38,15.38,14.78,91371.0,137860000.0,62.51,61.6,23.68,3.65,2.27,4607200,4529900.0,2026-08-10,16:14:33
605058,澳弘电子,26.81,27.09,27.08,27.1,26.08,23431.0,62180000.0,38.32,38.32,25.73,2.19,1.64,1048000,1295100.0,2026-08-10,16:14:56
605060,联德股份,42.26,42.25,42.57,42.95,41.41,34198.0,143920000.0,101.67,100.98,41.69,4.16,1.43,1642500,1777300.0,2026-08-10,16:14:31
605066,天正电气,6.77,6.66,6.66,6.77,6.63,53340.0,35840000.0,34.01,34.01,43.91,1.95,1.06,3412600,1921400.0,2026-08-10,16:14:59
605068,明新旭腾,21.1,21.01,21.01,21.8,20.48,69677.0,145860000.0,34.22,34.22,-308.31,2.22,4.3,2954700,4013000.0,2026-08-10,16:14:39
605069,正和生态,11.13,10.92,10.98,11.2,10.82,56991.0,62750000.0,23.56,23.56,-11.1,3.43,2.69,3133600,2565500.0,2026-08-10,16:14:57
605077,华康股份,11.24,11.06,11.02,11.3,11.0,43611.0,48850000.0,34.06,33.66,24.08,1.14,1.46,2271600,2089500.0,2026-08-10,16:14:36
605080,浙江自然,21.14,20.09,20.1,21.3,20.05,33228.0,69240000.0,29.79,29.67,17.82,1.32,2.37,2110100,1212700.0,2026-08-10,16:14:56
605081,退市太和,0.4,0.4,0.0,0.0,0.0,0.0,0.0,0.45,0.45,-0.15,0.07,0.0,0,0.0,2026-08-10,09:00:00
605086,龙高股份,24.34,23.87,23.87,24.38,23.53,15075.0,36180000.0,43.62,43.62,38.04,2.73,0.84,938500,569100.0,2026-08-10,16:14:35
605088,冠盛股份,21.52,21.16,21.19,21.57,21.03,38116.0,81560000.0,43.63,43.3,15.1,1.54,1.89,1948800,1862800.0,2026-08-10,16:14:37
605089,味知香,20.23,20.11,20.07,20.42,20.0,8673.0,17560000.0,27.92,27.92,38.79,2.29,0.63,449200,418100.0,2026-08-10,16:14:37
605090,九丰能源,35.14,34.42,34.43,35.19,34.01,152668.0,529450000.0,248.29,248.04,17.63,2.19,2.16,7235900,8030900.0,2026-08-10,16:14:35
605098,行动教育,58.28,57.17,57.23,58.68,56.66,15979.0,92760000.0,69.5,69.5,21.01,7.67,1.34,839800,758100.0,2026-08-10,16:14:57
605099,共创草坪,33.09,32.18,32.26,33.16,31.98,16050.0,52560000.0,133.24,132.95,18.7,4.44,0.4,913800,691200.0,2026-08-10,16:14:41
605100,华丰股份,32.41,33.06,33.09,33.5,32.05,38262.0,124620000.0,77.47,77.1,322.3,4.3,1.61,1696100,2130100.0,2026-08-10,16:14:50
605108,同庆楼,13.1,12.65,12.64,13.15,12.59,50626.0,65740000.0,34.06,34.06,50.78,1.48,1.95,2867300,2195300.0,2026-08-10,16:14:36
605111,新洁能,55.68,57.03,57.33,57.43,54.21,181814.0,1004450000.0,231.26,231.26,60.87,5.43,4.38,8879400,9302000.0,2026-08-10,16:14:36
605116,奥锐特,20.45,20.55,20.47,20.88,20.34,32262.0,66470000.0,83.06,83.06,21.1,3.24,0.79,1615500,1610700.0,2026-08-10,16:14:50
605117,德业股份,85.76,84.82,84.99,86.44,83.77,159520.0,1357630000.0,1091.92,1091.92,29.89,10.99,1.25,7770400,8181600.0,2026-08-10,16:14:34
605118,力鼎光电,29.61,29.9,29.88,29.9,28.98,35181.0,103350000.0,121.78,121.07,44.51,8.15,0.86,1626600,1891500.0,2026-08-10,16:14:34
605122,四方新材,11.33,10.88,10.88,11.48,10.8,30017.0,33560000.0,19.53,19.53,-6.43,1.12,1.74,1738600,1263000.0,2026-08-10,16:14:32
605123,派克新材,79.86,78.88,78.98,80.28,77.6,27909.0,221110000.0,96.77,96.77,37.01,2.09,2.3,1421000,1369900.0,2026-08-10,16:14:35
605128,上海沿浦,25.08,22.8,23.0,25.08,22.76,86216.0,209510000.0,78.75,78.75,39.15,3.69,2.75,5244000,3377700.0,2026-08-10,16:14:55
605133,嵘泰股份,25.63,26.59,26.7,26.7,25.28,53986.0,139150000.0,73.12,72.31,39.04,1.92,1.91,2136800,3261800.0,2026-08-10,16:14:33
605136,丽人丽妆,8.51,8.23,8.22,8.52,8.18,98386.0,82760000.0,34.08,34.08,-66.39,1.41,2.46,5592300,4246300.0,2026-08-10,16:14:53
605138,盛泰集团,5.94,5.68,5.69,5.95,5.68,45903.0,26830000.0,33.0,33.0,18.82,1.33,0.83,2653400,1936900.0,2026-08-10,16:14:50
605151,西上海,18.53,17.9,17.91,18.53,17.73,16154.0,29390000.0,24.93,24.93,123.24,1.81,1.2,834800,780600.0,2026-08-10,16:14:40
605155,西大门,14.48,14.65,14.53,14.65,14.33,29871.0,43260000.0,27.59,27.14,25.38,2.08,1.59,1296300,1690800.0,2026-08-10,16:14:43
605158,华达新材,7.19,6.85,6.89,7.26,6.83,57750.0,41000000.0,36.77,36.77,-1432.58,1.53,1.13,3375400,2399600.0,2026-08-10,16:14:59
605162,新中港,9.33,8.48,8.51,9.33,8.47,217329.0,197480000.0,41.32,41.32,34.48,3.38,4.91,9924400,11808500.0,2026-08-10,16:14:50
605166,聚合顺,8.86,8.67,8.69,8.89,8.63,46534.0,41030000.0,27.89,27.89,28.42,1.42,1.48,2333200,2320200.0,2026-08-10,16:14:40
605167,利柏特,14.96,15.04,14.7,15.37,14.5,123248.0,183690000.0,76.28,76.28,35.29,3.75,2.42,5965800,6359100.0,2026-08-10,16:14:41
605168,三人行,42.27,40.35,41.02,42.86,40.23,64338.0,266710000.0,89.11,89.11,69.91,3.45,3.05,3066100,3367700.0,2026-08-10,16:14:43
605169,洪通燃气,10.2,9.95,9.98,10.21,9.93,23559.0,23870000.0,28.85,28.85,27.89,1.47,0.83,1475200,880700.0,2026-08-10,16:15:00
605177,东亚药业,17.4,16.77,16.85,17.47,16.7,17980.0,30830000.0,19.96,19.78,-18.04,1.2,1.58,973100,824900.0,2026-08-10,16:14:36
605178,时空科技,66.19,66.15,66.48,67.26,64.09,41758.0,274500000.0,65.58,65.58,-30.42,5.94,4.21,1923400,2252400.0,2026-08-10,16:14:32
605179,一鸣食品,25.12,22.84,22.8,25.12,22.21,310383.0,740800000.0,100.73,100.73,187.57,8.87,7.74,15059300,15979000.0,2026-08-10,16:14:42
605180,华生科技,12.6,12.16,12.28,12.6,11.94,25156.0,30990000.0,21.29,21.29,98.61,1.87,1.49,1273700,1241900.0,2026-08-10,16:14:40
605183,确成股份,14.98,14.34,14.4,15.01,14.33,28947.0,42920000.0,62.19,61.78,14.19,1.99,0.7,1679500,1215200.0,2026-08-10,16:14:45
605186,健麾信息,26.64,26.05,26.28,27.26,25.79,31463.0,82700000.0,36.23,36.23,117.75,3.27,2.31,1604900,1541400.0,2026-08-10,16:14:47
605188,国光连锁,13.08,12.78,12.78,13.1,12.71,69000.0,89520000.0,66.41,66.41,324.51,5.32,1.36,3719600,3180400.0,2026-08-10,16:14:56
605189,富春染织,16.78,15.75,15.66,17.33,15.45,374791.0,629890000.0,39.98,39.98,27.53,2.12,15.73,18576000,18903100.0,2026-08-10,16:14:53
605196,华通线缆,34.3,33.88,33.9,34.94,33.9,156855.0,540440000.0,175.26,174.02,56.81,5.18,3.09,7556700,8128800.0,2026-08-10,16:14:46
605198,安德利,68.73,64.81,66.04,71.29,66.01,68956.0,474880000.0,229.69,185.94,72.46,8.35,2.55,3027800,3867800.0,2026-08-10,16:14:50
605199,ST葫芦娃,6.11,6.03,5.99,6.33,5.98,20568.0,12670000.0,24.45,24.45,-7.18,6.37,0.51,1113300,943500.0,2026-08-10,16:14:31
605208,永茂泰,13.77,13.62,13.68,13.77,13.4,84047.0,113920000.0,45.43,45.43,64.13,2.06,2.55,4059300,4345400.0,2026-08-10,16:14:46
605218,伟时电子,14.38,13.63,13.64,14.45,13.43,39369.0,55370000.0,34.92,30.61,-204.46,1.97,1.85,1973600,1963300.0,2026-08-10,16:14:47
605222,起帆电缆,20.34,19.77,19.82,20.73,19.63,78046.0,157090000.0,83.99,83.99,42.82,1.79,1.89,3790400,4014200.0,2026-08-10,16:14:59
605228,神通科技,10.97,11.04,11.05,11.05,10.84,42418.0,46370000.0,52.55,52.34,32.59,2.3,0.89,1931200,2310600.0,2026-08-10,16:14:52
605255,天普股份,69.42,70.8,70.85,71.8,69.06,9836.0,69160000.0,93.08,93.08,618.82,11.5,0.73,467200,516400.0,2026-08-10,16:14:56
605258,协和电子,26.96,27.23,27.38,27.41,26.44,17304.0,46260000.0,23.72,23.72,39.61,2.02,1.97,814300,916100.0,2026-08-10,16:14:33
605259,绿田机械,18.48,18.15,18.2,18.49,18.06,10923.0,20080000.0,31.87,31.87,13.68,1.74,0.63,717100,375200.0,2026-08-10,16:14:47
605266,健之佳,17.02,16.5,16.46,17.17,16.41,25117.0,42550000.0,26.3,26.3,17.47,1.04,1.63,1556200,955600.0,2026-08-10,16:14:42
605268,王力安防,9.33,9.05,9.05,9.33,9.03,34974.0,32330000.0,41.1,41.1,31.44,2.58,0.79,2402900,1094500.0,2026-08-10,16:14:31
605277,新亚电子,15.15,15.23,15.23,15.26,14.89,48572.0,73190000.0,58.9,57.84,27.04,3.51,1.27,2375300,2481800.0,2026-08-10,16:14:32
605286,同力天启,25.61,23.28,23.92,25.61,23.3,52796.0,128960000.0,43.02,43.02,31.83,2.0,3.14,2339500,2940100.0,2026-08-10,16:14:39
605287,德才股份,39.08,40.93,39.95,39.95,37.79,93297.0,360510000.0,54.71,54.71,91.27,3.48,6.66,4317500,5012200.0,2026-08-10,16:14:44
605288,凯迪股份,57.63,58.42,58.27,62.0,56.44,29839.0,175300000.0,57.02,56.64,163.55,2.61,3.04,1045600,1938300.0,2026-08-10,16:14:54
605289,罗曼股份,103.1,104.49,105.0,107.68,99.7,53978.0,552890000.0,157.34,157.12,181.91,11.79,3.54,2439600,2958200.0,2026-08-10,16:14:43
605296,神农集团,31.57,29.73,29.81,31.75,29.8,54674.0,170080000.0,166.13,163.53,-30.88,3.86,1.06,2804800,2662700.0,2026-08-10,16:14:36
605298,必得科技,49.0,47.61,47.74,49.0,46.9,8516.0,40790000.0,92.05,91.26,160.69,8.91,0.46,516200,335400.0,2026-08-10,16:14:36
605299,舒华体育,12.74,12.28,12.4,12.74,12.3,131652.0,165600000.0,51.94,51.94,49.11,4.34,3.23,6956800,6208400.0,2026-08-10,16:14:45
605300,佳禾食品,9.93,9.71,9.7,9.98,9.63,39314.0,38820000.0,45.12,45.12,100.91,1.58,0.87,2259200,1672200.0,2026-08-10,16:14:56
605303,园林股份,21.34,21.66,21.74,22.06,21.08,32829.0,70240000.0,34.41,34.41,-20.77,4.07,2.04,1657200,1625700.0,2026-08-10,16:14:45
605305,中际联合,39.75,39.95,39.88,40.15,39.5,39131.0,155870000.0,84.48,84.48,15.07,2.83,1.84,1655000,2258100.0,2026-08-10,16:14:32
605318,法狮龙,78.08,80.3,80.71,80.91,76.28,15659.0,121970000.0,98.17,98.17,31716.11,15.35,1.25,675200,890700.0,2026-08-10,16:14:49
605319,无锡振华,24.89,25.1,25.16,25.39,24.77,23647.0,59220000.0,87.14,86.65,18.48,3.14,0.68,1366200,998500.0,2026-08-10,16:14:40
605333,沪光股份,17.31,16.91,16.91,17.48,16.74,34639.0,59570000.0,80.33,80.33,19.2,2.39,0.75,1808700,1655200.0,2026-08-10,16:14:45
605336,*ST帅电,12.95,11.77,12.95,12.95,12.35,35390.0,45530000.0,23.75,23.75,-38.1,1.32,1.93,1107100,2431800.0,2026-08-10,16:15:00
605337,李子园,9.92,9.47,9.51,10.32,9.47,142304.0,140470000.0,38.7,38.7,21.07,2.45,3.65,7449000,6781400.0,2026-08-10,16:14:47
605338,巴比食品,20.13,18.89,18.88,20.13,18.83,43968.0,86900000.0,48.22,48.22,17.04,2.3,1.84,2882800,1514000.0,2026-08-10,16:14:53
605339,南侨食品,13.45,13.08,13.07,13.58,13.01,15938.0,21340000.0,57.07,57.07,387.56,1.67,0.38,794400,799400.0,2026-08-10,16:14:52
605358,立昂微,44.24,44.88,45.0,45.4,43.1,378732.0,1667270000.0,341.62,341.62,498.33,3.19,4.9,17606200,20266900.0,2026-08-10,16:14:44
605365,立达信,14.05,13.79,13.88,14.17,13.51,34161.0,47220000.0,70.53,70.53,44.18,1.91,0.68,1905600,1510500.0,2026-08-10,16:14:38
605366,宏柏新材,8.29,8.46,8.46,8.49,8.1,371740.0,306920000.0,64.07,64.07,-38.09,2.4,4.81,16111900,21062100.0,2026-08-10,16:14:32
605368,蓝天燃气,6.71,6.62,6.62,6.76,6.61,49433.0,33200000.0,47.95,47.95,20.34,1.44,0.69,2955600,1987700.0,2026-08-10,16:14:56
605369,拱东医疗,17.74,17.34,17.23,18.1,17.23,19436.0,34430000.0,38.99,38.99,69.52,2.33,0.88,1108800,834800.0,2026-08-10,16:14:38
605376,博迁新材,173.99,163.97,165.99,176.07,159.72,195901.0,3281730000.0,455.16,455.16,187.35,26.25,7.49,9581700,10008400.0,2026-08-10,16:14:37
605377,华旺科技,9.4,9.03,9.0,9.48,8.97,124469.0,116260000.0,52.33,52.33,20.5,1.36,2.24,6749500,5697400.0,2026-08-10,16:14:54
605378,野马电池,14.32,14.03,14.02,14.35,13.93,23489.0,33370000.0,37.42,37.42,96.15,3.1,0.9,1456600,892300.0,2026-08-10,16:14:43
605388,均瑶健康,6.2,5.9,5.84,6.2,5.84,367987.0,224240000.0,37.23,37.23,-19.35,2.42,6.13,19884600,16914100.0,2026-08-10,16:14:53
605389,长龄液压,74.47,76.0,76.0,76.99,73.58,8247.0,61500000.0,139.26,131.92,104.63,6.66,0.47,397500,427200.0,2026-08-10,16:14:34
605398,新炬网络,21.01,20.81,20.72,21.09,20.51,17484.0,36510000.0,34.19,34.19,247.64,3.29,1.07,982200,766200.0,2026-08-10,16:14:48
605399,晨光新材,10.99,10.75,10.77,11.03,10.62,37274.0,40480000.0,34.22,34.18,-31.35,1.67,1.2,2011500,1715900.0,2026-08-10,16:14:35
605488,福莱新材,28.16,27.94,28.22,28.32,27.6,58825.0,164350000.0,84.48,77.72,137.96,3.83,2.13,2694800,3187800.0,2026-08-10,16:14:40
605499,东鹏饮料,130.83,122.8,121.89,132.97,121.88,182834.0,2367970000.0,960.55,884.43,19.57,4.93,2.7,9844800,8438600.0,2026-08-10,16:14:53
605500,森林包装,7.07,6.85,6.98,7.11,6.88,53007.0,37210000.0,29.3,29.3,120.02,1.15,1.28,2877300,2423400.0,2026-08-10,16:14:36
605507,国邦医药,15.92,16.2,16.18,16.69,15.87,86276.0,139680000.0,124.55,124.55,17.63,1.48,1.1,3556100,5071500.0,2026-08-10,16:14:33
605555,德昌股份,12.25,12.1,12.11,12.3,11.91,37014.0,45070000.0,59.3,59.3,62.89,2.07,0.76,1977700,1723700.0,2026-08-10,16:14:46
605566,福莱蒽特,26.09,25.81,25.83,26.09,25.2,30669.0,78630000.0,34.79,34.79,61.92,1.72,2.3,1552700,1514200.0,2026-08-10,16:14:57
605567,春雪食品,9.12,8.79,8.75,9.14,8.66,41813.0,37650000.0,18.24,18.24,49.36,1.67,2.09,2538100,1643200.0,2026-08-10,16:14:42
605577,龙版传媒,9.77,9.5,9.6,9.82,9.49,34482.0,33500000.0,43.42,43.42,18.19,1.1,0.78,2046100,1402100.0,2026-08-10,16:14:35
605580,恒盛能源,18.51,18.45,18.55,18.69,18.06,41893.0,76620000.0,51.83,51.83,31.95,5.24,1.5,1943900,2245400.0,2026-08-10,16:14:45
605588,冠石科技,46.53,45.7,45.88,46.89,45.29,15775.0,72720000.0,34.1,34.01,-41.15,3.6,2.16,768700,808800.0,2026-08-10,16:14:45
605589,圣泉集团,41.59,42.38,42.78,42.99,40.31,377602.0,1561940000.0,352.01,351.82,36.02,3.4,4.46,17097500,20662600.0,2026-08-10,16:14:36
605598,上海港湾,28.59,28.1,28.35,28.68,27.51,42823.0,120500000.0,69.48,69.48,204.91,4.1,1.76,1990000,2292300.0,2026-08-10,16:14:51
605599,菜百股份,17.07,16.04,16.08,17.15,16.06,152276.0,255990000.0,132.77,132.77,10.96,2.98,1.96,8394700,6833000.0,2026-08-10,16:14:47
688001,华兴源创,49.36,51.39,51.39,51.39,47.5,10839411.0,528250000.0,232.76,232.76,205.33,6.9,2.3,509336000,574605100.0,2026-08-10,16:14:37
688002,睿创微纳,169.0,170.04,170.2,173.22,165.0,12631290.0,2127900000.0,795.17,795.17,54.56,11.15,2.68,568236400,694892600.0,2026-08-10,16:14:40
688003,天准科技,77.5,78.9,78.95,79.23,75.51,3901737.0,301140000.0,150.96,150.96,133.45,8.01,2.0,173078500,217095200.0,2026-08-10,16:14:43
688004,博汇科技,24.2,23.62,23.68,24.2,23.0,2667970.0,62660000.0,19.38,19.38,-74.56,3.38,3.33,143096900,123700100.0,2026-08-10,16:14:54
688005,容百科技,28.08,27.75,27.84,28.54,27.75,12679165.0,356460000.0,200.66,200.66,-2079.45,2.58,1.77,599700800,668215700.0,2026-08-10,16:14:57
688006,杭可科技,22.56,22.72,22.95,22.95,22.2,9219239.0,207060000.0,136.19,136.19,35.78,2.51,1.53,386550900,535373000.0,2026-08-10,16:14:45
688007,光峰科技,10.99,10.81,10.84,11.07,10.65,5496142.0,59810000.0,50.51,50.51,-17.45,2.1,1.2,280331500,269282700.0,2026-08-10,16:14:38
688008,澜起科技,206.92,215.52,215.52,217.0,203.6,43876772.0,9153610000.0,2525.54,2368.75,98.75,12.53,3.83,1938592500,2449084700.0,2026-08-10,16:14:51
688009,中国通号,4.97,4.94,4.93,4.99,4.92,22276923.0,110580000.0,526.31,428.46,14.43,1.14,0.26,1241242400,986449900.0,2026-08-10,16:14:45
688010,福光股份,27.14,27.61,27.89,27.89,26.64,3622064.0,97720000.0,43.58,43.58,301.16,2.54,2.26,178848700,183357700.0,2026-08-10,16:14:35
688011,新光光电,85.39,81.15,81.96,85.99,80.77,2886038.0,242490000.0,84.96,84.67,-206.84,8.1,2.91,160660200,127943600.0,2026-08-10,16:14:41
688012,中微公司,389.99,367.65,369.5,389.99,366.77,28731752.0,10926430000.0,3735.49,3674.47,136.89,13.55,3.05,1513178000,1359997200.0,2026-08-10,16:14:36
688013,天臣医疗,25.85,25.54,25.37,26.06,25.16,1258168.0,32410000.0,20.98,20.98,25.68,4.09,1.55,71351100,54465700.0,2026-08-10,16:14:39
688015,交控科技,16.14,15.9,15.84,16.27,15.77,1404021.0,22660000.0,30.45,30.45,19.64,1.17,0.74,91637300,48764800.0,2026-08-10,16:14:34
688016,心脉医疗,95.12,94.2,94.07,97.43,94.07,2637932.0,253030000.0,117.25,117.25,19.92,2.86,2.14,134506200,129287000.0,2026-08-10,16:14:39
688017,绿的谐波,333.89,347.76,350.0,351.0,330.9,9390677.0,3158360000.0,612.12,612.12,447.61,17.34,5.12,433575300,505492400.0,2026-08-10,16:14:35
688018,乐鑫科技,111.0,112.06,111.35,112.07,109.0,4166006.0,460940000.0,260.17,260.17,45.58,5.53,1.78,200873100,215727500.0,2026-08-10,16:14:41
688019,安集科技,253.08,251.68,251.0,261.8,247.0,7941793.0,2012110000.0,577.92,577.92,70.27,12.73,3.48,384267000,409912300.0,2026-08-10,16:14:48
688020,方邦股份,142.3,146.16,150.0,151.2,137.0,8030999.0,1144550000.0,117.26,117.26,-114.54,8.91,9.75,341432300,461667600.0,2026-08-10,16:14:31
688021,奥福科技,21.04,20.62,20.7,21.19,20.21,1308404.0,27200000.0,16.08,16.08,55.62,1.84,1.71,68207000,62633400.0,2026-08-10,16:14:55
688022,ST瀚川,8.3,8.18,8.25,8.31,8.09,1315426.0,10810000.0,14.6,14.6,72.39,2.21,0.75,81331000,50211600.0,2026-08-10,16:15:00
688023,安恒信息,39.59,39.92,39.7,40.33,39.26,2438794.0,96780000.0,40.45,40.45,-67.22,1.8,2.39,104443700,139435700.0,2026-08-10,16:14:35
688025,杰普特,340.6,342.81,346.24,356.55,328.23,3761092.0,1274850000.0,323.74,323.74,95.1,13.95,3.96,199994700,176114500.0,2026-08-10,16:14:50
688026,洁特生物,18.07,16.54,16.5,18.2,16.46,10379729.0,179820000.0,25.36,25.36,92.06,2.36,7.4,569462200,468510700.0,2026-08-10,16:14:50
688027,国盾量子,417.68,416.57,418.0,425.98,411.0,1622056.0,677110000.0,429.63,335.71,6427.37,13.32,2.02,77704200,84501400.0,2026-08-10,16:14:40
688028,沃尔德,86.87,87.8,88.94,89.88,83.88,8342863.0,714690000.0,131.13,131.13,128.86,6.55,5.53,371983200,462303100.0,2026-08-10,16:14:43
688029,南微医学,72.85,74.22,74.39,75.28,72.11,2800922.0,205880000.0,136.85,136.85,24.62,3.37,1.49,107999100,172093100.0,2026-08-10,16:14:50
688030,山石网科,18.03,18.06,17.9,18.25,17.7,4232171.0,76110000.0,32.5,32.5,-21.15,4.78,2.35,214055200,209161900.0,2026-08-10,16:14:43
688031,星环科技-U,113.11,115.4,117.7,117.7,111.06,6895636.0,777910000.0,137.02,137.02,-62.97,16.99,5.69,324980800,364582800.0,2026-08-10,16:14:35
688032,禾迈股份,79.15,78.73,78.03,79.78,78.03,741091.0,58620000.0,98.2,98.2,-46.11,1.73,0.6,37522800,36586300.0,2026-08-10,16:14:36
688033,*ST天宜,6.18,6.27,6.24,6.24,6.14,3605395.0,22300000.0,34.74,34.74,-1.56,2.62,0.64,108928100,251611400.0,2026-08-10,16:14:50
688035,德邦科技,63.58,64.4,64.76,65.32,62.07,5847474.0,371000000.0,90.44,90.44,78.72,3.86,4.11,240976300,343771100.0,2026-08-10,16:14:32
688036,传音控股,58.11,57.03,56.98,58.22,56.23,16083134.0,925670000.0,668.95,668.95,23.97,3.31,1.4,953901600,654411800.0,2026-08-10,16:14:59
688037,XD芯源微,322.2,310.83,310.88,328.99,309.0,6338087.0,2019620000.0,650.09,650.09,921.41,23.23,3.14,341721400,292087300.0,2026-08-10,16:14:50
688038,中科通达,17.46,17.28,17.28,17.75,17.0,2696668.0,46720000.0,20.32,20.32,-190.51,3.43,2.32,123752800,145914000.0,2026-08-10,16:14:50
688039,当虹科技,36.1,36.47,36.63,36.72,35.63,1810413.0,65210000.0,39.93,39.93,-42.19,3.85,1.64,95129800,85911500.0,2026-08-10,16:14:35
688041,海光信息,290.44,295.75,295.7,295.74,285.73,17051824.0,4935950000.0,6750.81,6750.81,247.64,29.16,0.73,809976000,895206400.0,2026-08-10,16:14:55
688045,必易微,55.0,56.18,57.3,57.3,53.7,2004247.0,110030000.0,38.82,38.82,99.95,2.71,2.84,95388400,105036300.0,2026-08-10,16:14:34
688046,药康生物,37.39,33.31,36.64,39.97,36.04,35376996.0,1352840000.0,153.37,153.37,96.0,6.96,8.62,1457782100,2079917500.0,2026-08-10,16:14:39
688047,龙芯中科,111.07,112.09,112.09,112.23,109.21,3690471.0,407030000.0,445.39,445.39,-106.6,18.57,0.92,183183600,185863500.0,2026-08-10,16:14:49
688048,长光华芯,284.5,285.52,285.03,295.52,271.0,11998879.0,3365240000.0,501.52,501.52,1486.28,16.64,6.81,554877200,645010700.0,2026-08-10,16:14:56
688049,炬芯科技,41.73,42.51,42.5,42.5,41.18,6311010.0,262580000.0,73.1,73.1,34.51,3.57,3.6,282531900,348569100.0,2026-08-10,16:14:40
688050,爱博医疗,41.85,41.06,40.72,43.05,40.72,4761280.0,200060000.0,80.95,80.95,30.56,2.89,2.46,236416100,239711900.0,2026-08-10,16:14:46
688051,佳华科技,24.54,24.14,24.29,24.65,23.71,1388431.0,33690000.0,18.98,18.98,-14.85,3.28,1.8,74624800,64218300.0,2026-08-10,16:14:55
688052,纳芯微,206.33,211.92,208.0,212.77,198.0,3213347.0,653570000.0,337.36,295.9,-158.18,4.41,2.24,155207600,166127100.0,2026-08-10,16:14:45
688053,ST思科瑞,34.51,35.0,35.0,35.0,33.99,475594.0,16340000.0,34.51,34.51,-182.1,2.18,0.48,16729300,30830100.0,2026-08-10,16:14:38
688055,龙腾光电,3.91,3.94,3.94,3.99,3.85,18179844.0,70780000.0,130.33,130.33,-59.06,3.25,0.55,656780400,1161204000.0,2026-08-10,16:14:49
688056,莱伯泰科,43.03,44.1,44.06,44.07,42.0,1499343.0,63840000.0,29.02,29.02,84.76,3.61,2.22,73348800,76585500.0,2026-08-10,16:14:41
688057,金达莱,19.66,19.23,19.26,19.79,18.88,6175051.0,119600000.0,54.26,54.26,92.74,1.74,2.24,306886700,310618400.0,2026-08-10,16:14:39
688058,宝兰德,23.02,22.7,22.77,23.12,22.22,1304793.0,29790000.0,17.46,17.46,-22.08,2.83,1.72,72993300,57486000.0,2026-08-10,16:14:52
688059,华锐精密,94.65,95.04,96.05,97.47,91.92,5936762.0,558970000.0,132.49,124.0,39.83,6.27,4.53,264025400,329650800.0,2026-08-10,16:14:47
688060,云涌科技,35.2,34.19,34.82,35.24,33.94,436431.0,15170000.0,21.19,21.19,-133.33,2.39,0.73,24562800,19080300.0,2026-08-10,16:14:43
688061,灿瑞科技,36.97,36.96,36.97,37.66,36.2,1231179.0,45250000.0,42.47,42.47,-64.13,1.87,1.07,56181800,66936100.0,2026-08-10,16:14:32
688062,迈威生物-U,30.9,30.51,30.9,32.2,30.34,13213435.0,412010000.0,138.04,71.14,-15.01,129.23,5.74,624358300,696985200.0,2026-08-10,16:14:46
688063,派能科技,44.93,45.15,45.16,45.49,44.5,4860569.0,218490000.0,110.24,110.24,75.93,1.2,1.98,226242900,259814000.0,2026-08-10,16:14:55
688065,凯赛生物,47.53,48.95,48.75,48.86,47.37,6940998.0,332700000.0,342.83,277.28,58.16,1.95,1.19,298203800,395896000.0,2026-08-10,16:14:48
688066,*ST航图,9.18,9.69,9.0,9.4,8.31,23717186.0,208360000.0,24.17,24.17,-1.3,-2.0,9.01,1197115800,1174602800.0,2026-08-10,16:14:33
688067,爱威科技,22.67,22.2,22.23,22.85,22.0,1271777.0,28620000.0,15.42,15.42,51.43,2.99,1.87,71323900,55853800.0,2026-08-10,16:14:43
688068,热景生物,107.9,112.14,112.0,114.88,105.55,5183137.0,568200000.0,100.08,100.08,-40.57,4.11,5.59,235180300,283133400.0,2026-08-10,16:14:49
688069,德林海,37.93,38.67,39.0,39.0,37.29,1822115.0,69220000.0,59.41,59.41,61.71,4.78,1.16,80532000,101679500.0,2026-08-10,16:14:31
688070,纵横股份,34.74,34.1,33.79,34.85,33.66,1390559.0,47920000.0,30.72,30.72,151.69,5.14,1.57,78309500,60746400.0,2026-08-10,16:14:54
688071,华依科技,36.16,36.6,36.69,36.85,35.45,2806588.0,101120000.0,30.66,30.66,-48.47,3.03,3.31,118511600,162147200.0,2026-08-10,16:15:00
688072,拓荆科技,728.0,690.65,693.46,729.0,685.0,7275334.0,5175720000.0,2116.14,2058.01,128.7,18.03,2.57,411416200,316117200.0,2026-08-10,16:14:39
688073,毕得医药,73.92,61.6,67.99,73.92,67.0,10557488.0,760590000.0,67.18,67.18,40.02,3.36,11.62,526254500,529494300.0,2026-08-10,16:14:31
688075,安旭生物,29.72,28.94,28.99,29.8,28.99,1198395.0,35390000.0,37.77,37.77,150.89,0.75,0.94,60267900,59571600.0,2026-08-10,16:14:32
688076,ST诺泰,28.16,28.29,28.5,29.05,28.12,2891305.0,82720000.0,89.22,89.22,28.85,2.96,0.91,135795300,153335200.0,2026-08-10,16:14:39
688077,大地熊,26.52,25.99,25.74,26.67,25.57,3908724.0,102650000.0,30.36,30.36,48.77,2.79,3.41,216446300,174426100.0,2026-08-10,16:14:54
688078,龙软科技,23.3,22.9,22.9,23.47,22.59,772136.0,17900000.0,16.98,16.98,-23.2,2.57,1.06,42432400,34781200.0,2026-08-10,16:14:56
688079,美迪凯,15.68,16.28,16.16,16.25,15.33,16600418.0,258540000.0,64.55,63.45,-35.46,5.16,4.1,800886400,859155400.0,2026-08-10,16:14:58
688080,映翰通,36.75,36.33,36.85,37.14,36.1,1076535.0,39360000.0,27.07,27.07,19.9,2.32,1.46,48385300,59268200.0,2026-08-10,16:14:51
688081,兴图新科,30.15,30.59,30.88,31.35,29.46,1615725.0,48210000.0,31.07,31.07,-61.37,7.88,1.57,77732400,83840100.0,2026-08-10,16:14:54
688082,盛美上海,323.02,288.0,297.0,326.52,292.6,11789283.0,3691630000.0,1558.88,1542.14,92.29,10.67,2.47,628740500,550187800.0,2026-08-10,16:14:46
688083,中望软件,50.86,51.56,51.14,51.55,50.28,2420416.0,122930000.0,86.28,86.28,283.72,3.34,1.43,120996700,121044900.0,2026-08-10,16:14:31
688084,晶品特装,50.06,44.34,44.48,50.56,44.38,4880035.0,237070000.0,37.87,37.87,-247.52,2.47,6.45,267199500,220804000.0,2026-08-10,16:14:48
688085,三友医疗,13.58,13.47,13.5,13.79,13.45,3905948.0,53200000.0,49.81,47.61,86.88,2.36,1.11,180823600,209771200.0,2026-08-10,16:14:42
688087,英科再生,40.8,40.05,40.05,41.77,39.62,1328832.0,54570000.0,78.8,75.99,29.8,2.77,0.71,69553300,63329900.0,2026-08-10,16:14:46
688088,虹软科技,34.11,34.57,34.57,34.61,33.7,6573929.0,223500000.0,136.84,136.84,52.06,5.01,1.64,286359000,371033900.0,2026-08-10,16:14:51
688089,ST嘉必优,7.87,7.73,7.66,7.87,7.63,3607003.0,27990000.0,13.09,13.09,23.73,0.85,2.17,237437100,123263200.0,2026-08-10,16:15:00
688090,瑞松科技,66.55,69.2,70.0,71.0,65.05,11835568.0,793200000.0,105.63,105.63,351.79,11.57,7.46,526862000,656694800.0,2026-08-10,16:14:55
688091,上海谊众,41.01,40.86,40.95,42.08,40.31,3555105.0,146140000.0,84.77,84.77,123.68,5.85,1.72,157001800,198508700.0,2026-08-10,16:14:50
688092,爱科科技,22.69,22.22,22.33,22.7,22.0,670405.0,15070000.0,18.76,18.76,40.52,2.88,0.81,41721900,25318600.0,2026-08-10,16:14:39
688093,世华科技,26.9,27.42,27.55,27.55,26.75,2603532.0,70340000.0,75.42,75.42,18.99,2.71,0.93,110458600,149894600.0,2026-08-10,16:14:50
688095,福昕软件,67.86,69.54,69.0,70.0,67.26,6081910.0,414750000.0,62.0,62.0,130.97,2.38,6.66,258551100,349639900.0,2026-08-10,16:14:44
688096,京源环保,8.85,8.65,8.64,8.9,8.6,6842716.0,59860000.0,20.69,20.69,-27.42,2.54,2.93,351328300,332943300.0,2026-08-10,16:14:39
688097,博众精工,42.79,44.1,45.42,45.6,42.33,7244445.0,311800000.0,191.12,191.12,29.28,4.04,1.62,288001000,436443500.0,2026-08-10,16:14:31
688098,申联生物,8.9,8.61,8.61,9.11,8.55,6355270.0,56450000.0,36.55,36.55,-190.29,2.63,1.55,356320400,279206600.0,2026-08-10,16:14:35
688099,晶晨股份,97.41,97.15,97.07,97.84,93.66,13992888.0,1338570000.0,412.36,412.36,48.06,5.48,3.31,748778400,650510400.0,2026-08-10,16:14:44
688100,威胜信息,29.93,30.15,29.96,30.26,29.91,2958899.0,88860000.0,147.16,147.16,21.8,4.16,0.6,132762000,163127900.0,2026-08-10,16:14:51
688101,三达膜,15.73,15.64,15.61,15.85,15.48,3010290.0,47210000.0,52.23,52.23,13.04,1.18,0.91,150212700,150816300.0,2026-08-10,16:14:43
688102,斯瑞新材,38.51,38.05,38.85,38.97,36.39,30338268.0,1147900000.0,300.79,299.92,189.96,15.26,3.9,1502848700,1530978100.0,2026-08-10,16:14:48
688103,国力电子,77.21,76.89,77.0,78.39,74.53,2654136.0,201610000.0,73.59,73.59,112.58,6.66,2.78,124367200,141046400.0,2026-08-10,16:14:36
688105,诺唯赞,23.08,23.22,23.7,24.88,22.27,28776641.0,678880000.0,119.32,119.32,-831.99,3.31,5.57,1392735900,1484928200.0,2026-08-10,16:14:36
688106,金宏气体,30.19,30.39,31.15,31.31,29.51,25293159.0,761200000.0,161.92,160.17,174.5,4.95,4.77,1321260100,1208055800.0,2026-08-10,16:14:31
688107,安路科技,32.8,32.6,32.88,32.94,31.9,5969171.0,193030000.0,131.48,131.48,-52.0,14.56,1.49,277079300,319837800.0,2026-08-10,16:14:39
688108,赛诺医疗,18.66,17.5,19.06,19.97,18.08,30197561.0,569630000.0,77.99,77.99,113.39,7.86,7.23,1486519400,1533236700.0,2026-08-10,16:14:34
688109,品茗科技,75.25,80.01,79.36,80.0,74.47,1846416.0,141410000.0,59.33,59.33,186.54,7.67,2.34,68767800,115873800.0,2026-08-10,16:14:51
688110,东芯股份,113.28,115.98,115.6,116.5,110.8,16044976.0,1809450000.0,501.13,501.13,18338.08,13.93,3.63,705937500,898560100.0,2026-08-10,16:14:49
688111,金山办公,262.6,265.65,265.51,268.6,260.56,9902896.0,2613530000.0,1218.5,1218.5,33.58,8.32,2.13,459694200,530595400.0,2026-08-10,16:14:48
688112,鼎阳科技,50.81,52.7,52.69,53.11,50.0,3104050.0,158250000.0,81.09,81.09,57.82,5.28,1.94,149589800,160815200.0,2026-08-10,16:14:42
688113,联测科技,36.54,35.81,34.8,36.71,34.8,664921.0,24000000.0,23.53,23.53,24.24,2.35,1.03,38605800,27886300.0,2026-08-10,16:14:44
688114,华大智造,61.64,53.83,55.46,64.58,55.35,20546093.0,1233470000.0,256.74,256.2,-162.48,3.62,4.94,1147698200,906911100.0,2026-08-10,16:14:48
688115,思林杰,56.18,54.51,54.0,56.25,52.7,3234603.0,175100000.0,52.44,52.44,671.59,4.13,3.47,167462000,155998300.0,2026-08-10,16:15:00
688116,天奈科技,33.69,33.5,33.6,33.98,33.21,6005689.0,201940000.0,123.48,123.48,54.63,3.31,1.64,304248100,296320800.0,2026-08-10,16:14:46
688117,圣诺生物,26.15,26.76,26.99,27.12,25.9,12068628.0,319820000.0,57.62,57.62,32.52,5.36,5.48,523125000,683737800.0,2026-08-10,16:14:46
688118,普元信息,21.0,21.1,21.05,21.28,20.65,1766134.0,37040000.0,19.6,19.6,321.66,2.4,1.89,89390700,87222700.0,2026-08-10,16:14:56
688119,中钢洛耐,4.09,4.02,4.03,4.09,3.97,10210772.0,41280000.0,46.01,46.01,-27.65,1.63,0.91,575332900,445744300.0,2026-08-10,16:14:51
688120,华海清科,263.53,259.3,259.3,272.85,255.0,12557436.0,3306150000.0,1307.85,1307.85,119.15,17.15,2.53,632834100,622909500.0,2026-08-10,16:14:37
688121,*ST卓然,2.14,2.27,2.23,2.26,2.12,13888823.0,30120000.0,5.0,4.34,-2.24,0.22,6.85,561611400,827270900.0,2026-08-10,16:14:45
688122,西部超导,53.58,53.16,53.5,53.71,52.87,9197857.0,490380000.0,348.09,348.09,48.81,5.03,1.42,481847100,437938600.0,2026-08-10,16:14:44
688123,聚辰股份,131.1,128.72,129.98,134.43,125.74,10893959.0,1416450000.0,208.32,208.32,70.63,8.08,6.86,555234300,534161600.0,2026-08-10,16:14:44
688125,安达智能,120.19,124.49,125.01,127.63,117.0,1816014.0,218820000.0,99.07,98.8,-83.13,5.5,2.21,86205200,95396200.0,2026-08-10,16:14:31
688126,沪硅产业,25.87,26.65,26.54,26.84,25.39,91478394.0,2370500000.0,855.01,735.25,-47.98,5.08,3.22,3994403600,5153435800.0,2026-08-10,16:14:50
688127,蓝特光学,65.04,66.95,67.42,67.66,63.81,7219819.0,468690000.0,264.0,264.0,55.83,11.93,1.78,295080900,426901000.0,2026-08-10,16:14:50
688128,中国电研,22.67,22.47,22.7,22.73,22.31,2208719.0,49950000.0,91.7,91.7,16.92,2.63,0.55,117874500,102997400.0,2026-08-10,16:14:47
688129,东来技术,21.56,21.16,21.16,21.6,20.66,896590.0,19030000.0,25.98,25.98,25.42,2.59,0.74,47385700,42273300.0,2026-08-10,16:14:44
688130,晶华微,25.76,21.95,23.21,26.34,23.21,8839612.0,219110000.0,31.14,15.53,-146.92,2.51,14.66,441204800,442756400.0,2026-08-10,16:14:41
688131,皓元医药,97.73,94.5,94.65,100.69,94.0,10632303.0,1037010000.0,208.39,208.39,84.97,6.71,4.99,581619400,481610900.0,2026-08-10,16:14:59
688132,邦彦技术,13.59,13.38,13.4,13.69,13.35,1585671.0,21480000.0,20.69,20.69,-9.08,1.75,1.04,107189000,51378100.0,2026-08-10,16:14:33
688133,泰坦科技,24.46,25.09,24.9,25.29,23.92,6728524.0,164390000.0,40.22,40.22,-58.77,1.48,4.09,347396800,325455600.0,2026-08-10,16:14:59
688135,利扬芯片,25.11,24.9,25.16,25.33,24.23,13291545.0,327740000.0,58.53,58.53,3241.03,3.69,5.7,618603200,710551300.0,2026-08-10,16:14:59
688136,科兴制药,20.53,20.29,20.49,20.99,20.1,7036022.0,144410000.0,41.47,41.47,37.01,2.46,3.48,362620400,340981800.0,2026-08-10,16:15:00
688137,近岸蛋白,54.9,46.72,48.99,56.06,48.48,7964687.0,435150000.0,38.38,38.38,-50.12,1.9,11.39,376409800,420058900.0,2026-08-10,16:14:59
688138,清溢光电,32.2,32.05,32.13,32.45,31.31,7081325.0,225860000.0,101.37,101.37,53.0,3.61,2.25,377816300,330316200.0,2026-08-10,16:14:51
688139,海尔生物,29.15,29.14,29.22,29.83,28.86,4191773.0,122950000.0,92.26,92.26,41.95,2.12,1.32,200454700,218722600.0,2026-08-10,16:14:41
688141,杰华特,141.31,137.51,140.26,144.65,131.28,16799891.0,2315480000.0,636.35,636.35,-72.32,50.98,3.73,810450200,869538900.0,2026-08-10,16:14:39
688143,长盈通,103.0,112.29,113.0,114.6,98.27,16117966.0,1671600000.0,132.64,126.05,615.48,9.83,13.17,756810200,854986400.0,2026-08-10,16:14:31
688146,中船特气,325.3,316.0,310.46,333.98,296.71,24017292.0,7593810000.0,1722.18,471.59,334.03,28.66,16.57,1211874600,1189854600.0,2026-08-10,16:14:31
688147,微导纳米,110.48,104.64,103.57,115.6,103.57,12806576.0,1406370000.0,513.14,513.14,328.33,17.59,2.76,648773900,631883700.0,2026-08-10,16:14:53
688148,芳源股份,7.4,7.42,7.42,7.5,7.29,18388664.0,135710000.0,37.75,37.75,41.63,10.23,3.6,859984100,978882300.0,2026-08-10,16:14:54
688150,莱特光电,40.9,42.83,43.0,43.56,39.92,15403653.0,633530000.0,164.6,164.6,80.58,8.65,3.83,697116100,843249200.0,2026-08-10,16:14:42
688151,华强科技,17.44,16.41,16.34,17.76,16.25,11968109.0,205210000.0,60.08,60.08,127.02,1.43,3.47,609459000,587351900.0,2026-08-10,16:14:46
688152,麒麟信安,28.62,28.45,28.87,28.87,27.98,1267049.0,35970000.0,29.16,29.16,-55.0,2.48,1.24,66736500,59968400.0,2026-08-10,16:14:31
688153,唯捷创芯,26.05,26.13,26.13,26.33,25.68,3802000.0,98590000.0,112.1,108.93,822.74,2.82,0.91,172281400,207918600.0,2026-08-10,16:14:34
688155,先惠技术,62.05,61.49,61.08,62.48,61.08,2392860.0,147870000.0,79.03,79.03,17.72,3.29,1.88,107035900,132250100.0,2026-08-10,16:14:45
688156,路德科技,21.14,21.1,21.25,21.27,20.55,2773249.0,57920000.0,21.29,21.29,-35.3,2.75,2.75,120571600,156753300.0,2026-08-10,16:14:48
688157,松井股份,19.32,19.09,19.28,19.37,18.73,1554408.0,29770000.0,36.27,36.27,381.02,2.71,0.83,82247700,73193100.0,2026-08-10,16:14:58
688158,优刻得-W,34.03,35.44,35.3,35.3,33.66,26819339.0,914270000.0,156.78,139.48,-601.14,6.37,6.54,1100883000,1581050900.0,2026-08-10,16:14:47
688159,有方科技,33.2,33.73,33.88,33.89,32.63,3158549.0,104380000.0,30.8,30.8,82.02,3.3,3.41,170417900,145437000.0,2026-08-10,16:14:57
688160,步科股份,110.16,114.78,115.29,115.8,109.8,1815140.0,201720000.0,100.48,100.48,134.57,7.66,1.99,74811400,106702600.0,2026-08-10,16:14:58
688161,威高骨科,22.41,22.16,22.15,22.77,22.02,1637448.0,36800000.0,89.64,89.64,34.33,2.19,0.41,89332100,74412700.0,2026-08-10,16:14:44
688162,巨一科技,23.09,23.3,23.37,23.37,22.66,1161144.0,26800000.0,31.66,31.66,42.08,1.32,0.85,73062500,43051900.0,2026-08-10,16:14:52
688163,赛伦生物,32.23,32.68,32.81,33.53,31.8,1188383.0,38440000.0,34.88,34.88,71.77,3.21,1.1,53494400,65343900.0,2026-08-10,16:14:36
688165,埃夫特-U,17.55,17.99,18.02,18.02,17.41,7331382.0,128930000.0,91.57,91.57,-20.83,7.58,1.41,341480700,391657500.0,2026-08-10,16:14:45
688166,博瑞医药,37.41,38.14,39.41,40.4,37.26,30492956.0,1175560000.0,163.03,163.03,320.62,6.62,7.0,1429344800,1619950800.0,2026-08-10,16:14:54
688167,炬光科技,202.88,220.9,215.0,222.45,195.5,12170276.0,2485050000.0,264.03,264.03,-327.18,11.61,9.35,518069000,698958600.0,2026-08-10,16:14:56
688168,安博通,36.56,37.06,37.5,37.77,35.86,3671585.0,133900000.0,39.51,39.51,-42.54,3.95,3.4,163915800,203242700.0,2026-08-10,16:14:53
688169,石头科技,110.63,106.62,106.51,111.44,106.02,6876501.0,752020000.0,287.14,287.14,20.24,2.03,2.65,393068600,294581500.0,2026-08-10,16:14:36
688170,德龙激光,52.19,53.95,53.7,54.2,50.88,5151325.0,267930000.0,53.94,53.94,321.34,4.38,4.98,232799100,282333400.0,2026-08-10,16:14:43
688171,纬德信息,28.53,28.35,28.35,28.95,27.87,2084947.0,59480000.0,33.34,33.34,262.3,4.05,1.78,105971600,102523100.0,2026-08-10,16:14:59
688172,燕东微,56.45,56.5,56.55,56.9,54.0,15526235.0,860180000.0,805.89,676.7,-176.64,4.44,1.3,755258900,797364600.0,2026-08-10,16:14:47
688173,希荻微,13.85,13.9,13.98,14.08,13.61,7234225.0,99710000.0,57.51,56.97,-60.99,3.67,1.76,320703400,402719100.0,2026-08-10,16:14:50
688175,高凌信息,19.24,19.03,19.18,19.27,18.53,3503100.0,66310000.0,32.34,32.34,-127.75,1.88,2.08,181189400,169120600.0,2026-08-10,16:14:39
688176,亚虹医药-U,12.87,12.81,12.89,13.23,12.7,16974472.0,220110000.0,73.64,73.64,-16.54,5.0,2.97,824329700,873117500.0,2026-08-10,16:14:32
688177,百奥泰,19.43,18.55,18.71,20.6,18.55,7205643.0,141040000.0,80.46,80.46,-20.61,35.9,1.74,371339000,349225300.0,2026-08-10,16:14:58
688178,万德斯,27.51,27.47,27.36,27.66,26.83,1200525.0,32860000.0,23.38,23.38,-23.62,2.52,1.41,60653100,59399400.0,2026-08-10,16:14:47
688179,阿拉丁,21.06,20.74,20.76,21.39,20.41,12819500.0,267010000.0,76.24,76.24,71.27,7.61,3.54,640951700,640998300.0,2026-08-10,16:14:35
688180,君实生物-U,38.91,39.24,39.25,39.9,38.5,28087487.0,1103460000.0,399.49,298.2,-60.45,6.78,3.66,1357816600,1450932100.0,2026-08-10,16:14:46
688181,八亿时空,40.07,40.0,39.9,40.97,38.8,5938495.0,235600000.0,53.31,53.31,65.19,2.6,4.46,295054600,298794900.0,2026-08-10,16:14:47
688182,灿勤科技,26.2,27.69,27.6,27.78,25.61,8587632.0,226440000.0,104.8,104.8,105.5,4.69,2.15,397900400,460862800.0,2026-08-10,16:14:38
688183,生益电子,112.32,118.78,120.95,121.39,109.57,20766735.0,2350030000.0,940.78,940.78,54.77,16.69,2.48,979602300,1097071200.0,2026-08-10,16:14:55
688184,ST帕瓦,11.97,11.97,11.87,12.05,11.68,916457.0,10860000.0,18.76,11.75,-3.79,1.71,0.93,41929000,49716700.0,2026-08-10,16:14:57
688185,康希诺,54.86,54.27,54.32,56.93,54.27,3686402.0,204320000.0,135.53,62.74,-13470.18,2.75,3.22,180506600,188133600.0,2026-08-10,16:14:53
688186,广大特材,14.72,14.66,14.7,14.76,14.48,3859284.0,56500000.0,41.29,41.29,30.16,0.87,1.38,178960900,206967500.0,2026-08-10,16:14:56
688187,时代电气,50.18,49.76,49.99,50.33,49.39,5946707.0,296320000.0,667.75,436.02,16.25,1.58,0.68,335910000,258760700.0,2026-08-10,16:14:33
688188,柏楚电子,105.24,105.25,105.25,106.5,104.01,1827997.0,192380000.0,426.81,426.81,36.37,7.28,0.45,96499000,86300700.0,2026-08-10,16:14:46
688189,ST南新,6.83,6.71,6.8,7.13,6.7,8522588.0,58750000.0,18.63,18.63,-13.11,2.46,3.12,408888400,443370400.0,2026-08-10,16:14:36
688190,云路股份,75.6,73.7,73.66,76.3,73.51,1506638.0,113090000.0,90.72,90.72,32.7,3.47,1.26,84867300,65796500.0,2026-08-10,16:14:55
688191,智洋创新,21.65,21.43,22.14,22.14,20.96,8699759.0,186380000.0,71.01,71.01,114.16,8.15,2.65,406869400,463106500.0,2026-08-10,16:14:57
688192,迪哲医药-U,55.85,56.0,56.99,58.58,54.72,12523217.0,708070000.0,259.8,257.59,-38.94,20.96,2.72,613910800,638410900.0,2026-08-10,16:14:48
688193,仁度生物,47.8,49.94,49.94,50.16,47.12,1066875.0,51560000.0,19.15,19.15,138.17,2.18,2.66,55535900,51151600.0,2026-08-10,16:14:43
688195,腾景科技,148.5,150.14,147.73,153.0,143.16,20601889.0,3029050000.0,268.92,268.92,373.41,26.98,11.38,933206100,1126982800.0,2026-08-10,16:14:56
688196,卓越新能,35.17,34.77,35.12,35.62,34.51,1517564.0,53290000.0,44.73,44.73,36.26,1.42,1.19,78233600,73522800.0,2026-08-10,16:14:53
688197,首药控股-U,36.22,36.2,36.31,37.37,35.5,2992772.0,108880000.0,53.87,23.18,-57.81,8.1,4.68,154397300,144879900.0,2026-08-10,16:14:54
688198,佰仁医疗,81.96,81.4,81.99,84.37,81.65,914074.0,75660000.0,112.9,112.9,55.77,8.97,0.66,43728600,47678800.0,2026-08-10,16:14:41
688199,久日新材,23.22,23.51,23.58,23.69,22.91,3926511.0,90950000.0,37.44,37.44,77.46,1.45,2.44,171845800,220805300.0,2026-08-10,16:14:53
688200,华峰测控,422.1,408.47,409.28,428.88,400.0,4471594.0,1859000000.0,847.37,847.37,149.09,20.99,2.23,239320800,207838600.0,2026-08-10,16:14:58
688201,ST信安,7.33,7.29,7.25,7.35,7.18,1707360.0,12400000.0,23.25,23.25,74.77,1.8,0.54,95865600,74870400.0,2026-08-10,16:14:37
688202,美迪西,103.1,95.1,97.0,109.0,95.11,17276136.0,1773430000.0,138.52,138.52,-100.62,7.07,12.86,897156900,830456700.0,2026-08-10,16:14:59
688203,海正生材,12.17,10.37,10.37,12.36,10.21,13113380.0,150210000.0,24.67,24.67,231.0,1.67,6.47,808150300,503187700.0,2026-08-10,16:14:35
688205,德科立,136.0,141.41,141.7,141.96,132.72,8891983.0,1206410000.0,216.56,216.56,282.51,9.18,5.58,405509800,483688500.0,2026-08-10,16:14:47
688206,概伦电子,35.16,36.14,36.16,36.35,34.7,6451007.0,228180000.0,153.5,153.5,750.7,7.66,1.48,279872900,365227800.0,2026-08-10,16:14:44
688207,格灵深瞳,19.42,19.47,19.29,19.65,19.0,9243070.0,178490000.0,50.29,50.29,-27.54,2.76,3.57,482529200,441777800.0,2026-08-10,16:14:44
688208,道通科技,27.99,27.82,27.89,28.79,27.77,11762877.0,332370000.0,187.59,187.59,20.15,5.33,1.76,514414400,661873300.0,2026-08-10,16:14:36
688209,英集芯,21.99,22.23,22.23,22.5,21.55,8286198.0,181530000.0,95.39,95.39,46.88,4.32,1.91,356304200,472315600.0,2026-08-10,16:14:39
688210,统联精密,28.24,28.27,28.58,28.58,27.5,3205941.0,89640000.0,45.94,45.94,-167.71,3.59,1.97,148294600,172299500.0,2026-08-10,16:14:52
688211,中科微至,30.85,30.08,29.89,30.87,29.88,737352.0,22560000.0,40.44,40.44,-63.49,1.16,0.56,44572800,29162400.0,2026-08-10,16:14:53
688212,澳华内镜,28.2,27.48,28.21,28.5,27.22,2984133.0,83760000.0,37.98,37.98,240.2,2.95,2.22,175795600,122617700.0,2026-08-10,16:14:41
688213,思特威-W,96.4,93.89,93.89,96.71,91.38,9353733.0,877140000.0,387.82,311.86,37.06,7.6,2.89,505617400,429755900.0,2026-08-10,16:14:49
688215,瑞晟智能,44.37,43.7,43.7,45.67,42.57,2969802.0,130340000.0,40.09,40.09,95.29,8.32,3.29,156970200,140010000.0,2026-08-10,16:14:35
688216,气派科技,30.92,31.23,31.48,31.65,30.21,4349472.0,133370000.0,35.37,32.85,-75.37,4.84,4.09,221643900,213303300.0,2026-08-10,16:14:33
688217,睿昂基因,24.6,23.19,23.35,24.64,23.04,1311693.0,31390000.0,13.74,13.74,-23.4,1.64,2.35,69858600,61310700.0,2026-08-10,16:14:52
688218,江苏北人,40.66,39.48,40.0,40.8,39.21,4136151.0,165040000.0,47.36,47.36,-81.59,5.55,3.55,217927200,195687900.0,2026-08-10,16:14:48
688219,会通股份,10.78,10.7,10.7,10.8,10.58,4897414.0,52540000.0,59.25,59.25,29.58,2.0,0.89,261568700,228172700.0,2026-08-10,16:14:35
688220,翱捷科技-U,104.5,112.4,113.58,114.5,102.4,13762321.0,1461320000.0,437.12,437.12,-147.64,8.03,3.29,639967400,736264700.0,2026-08-10,16:14:47
688221,前沿生物-U,21.11,21.22,21.13,21.55,20.56,21780317.0,457670000.0,79.07,79.07,2283.89,7.13,5.81,1004210800,1173820900.0,2026-08-10,16:14:44
688222,成都先导,36.38,33.91,35.0,38.94,34.8,45507259.0,1673240000.0,145.77,145.77,118.78,9.81,11.36,2506844100,2043881800.0,2026-08-10,16:14:39
688223,晶科能源,4.56,4.48,4.47,4.66,4.45,115529034.0,529010000.0,468.29,468.29,-6.84,1.88,1.12,6262579300,5290324100.0,2026-08-10,16:14:44
688225,亚信安全,13.14,13.73,13.46,13.62,13.05,13341166.0,177040000.0,52.56,52.56,-12.99,3.39,3.34,539518800,794597800.0,2026-08-10,16:15:00
688226,威腾电气,30.19,30.14,30.15,30.27,29.32,4462297.0,133430000.0,59.2,56.99,245.63,2.96,2.36,220873200,225356500.0,2026-08-10,16:14:32
688227,品高股份,83.0,83.88,83.88,83.88,80.3,3008060.0,245880000.0,93.84,93.84,-179.47,7.53,2.66,159519300,141286700.0,2026-08-10,16:14:59
688228,开普云,74.06,74.67,76.15,76.22,72.88,1744822.0,129090000.0,50.03,50.03,-248.1,4.01,2.58,95489600,78992600.0,2026-08-10,16:14:49
688229,博睿数据,70.21,68.85,68.93,72.23,68.8,1468166.0,103400000.0,31.17,31.17,-31.4,8.53,3.31,74187700,72628900.0,2026-08-10,16:14:43
688230,芯导科技,54.78,55.36,55.55,58.04,54.1,1558093.0,86070000.0,64.42,64.42,57.5,2.86,1.32,65419100,90390200.0,2026-08-10,16:14:43
688231,隆达股份,30.05,29.69,30.14,30.4,28.64,4670083.0,138560000.0,96.03,96.03,103.19,3.44,1.46,230211500,236796800.0,2026-08-10,16:14:38
688232,新点软件,19.4,19.25,19.25,19.44,18.96,2768176.0,53390000.0,62.46,62.46,118.9,1.17,0.86,146182300,130635300.0,2026-08-10,16:14:56
688233,神工股份,119.22,116.15,116.8,120.18,113.84,14359548.0,1679600000.0,203.04,203.04,205.27,10.77,8.43,743491100,692463700.0,2026-08-10,16:14:37
688234,天岳先进,103.77,102.49,106.0,109.37,100.65,13679973.0,1430190000.0,502.89,445.91,-181.32,7.07,3.18,679686200,688311100.0,2026-08-10,16:14:44
688235,百济神州,299.79,299.33,303.3,309.96,295.06,10823735.0,3269800000.0,4623.62,344.92,107.99,12.43,9.41,513860600,568512900.0,2026-08-10,16:14:46
688236,春立医疗,15.41,15.12,15.16,15.5,14.93,2743411.0,41940000.0,59.11,44.45,21.4,1.98,0.95,147552500,126788600.0,2026-08-10,16:14:47
688237,超卓航科,59.72,61.3,62.45,62.45,58.96,2018722.0,121260000.0,53.56,53.56,375.64,4.53,2.25,90122500,111749700.0,2026-08-10,16:14:54
688238,和元生物,7.17,6.93,6.89,7.33,6.86,45862488.0,327100000.0,46.54,46.42,-20.35,3.43,7.08,2421946500,2164302300.0,2026-08-10,16:14:42
688239,航宇科技,45.94,46.0,46.4,46.6,44.69,3962065.0,179750000.0,87.71,87.71,43.96,4.28,2.08,169433900,226772600.0,2026-08-10,16:14:47
688244,永信至诚,16.1,15.76,15.68,16.25,15.61,2156807.0,34390000.0,24.3,24.3,-50.13,2.56,1.43,101530500,114150200.0,2026-08-10,16:14:35
688246,嘉和美康,19.53,19.4,19.42,20.05,18.92,2516525.0,49160000.0,26.87,26.87,-10.86,2.08,1.83,128642500,123010000.0,2026-08-10,16:14:51
688247,宣泰医药,9.32,9.29,9.14,9.55,9.14,10111214.0,94600000.0,42.25,42.25,97.0,3.24,2.23,472816500,538304900.0,2026-08-10,16:14:50
688248,南网科技,48.94,48.54,48.15,49.91,48.01,4078474.0,199560000.0,276.36,276.36,66.88,8.62,0.72,195234400,212613000.0,2026-08-10,16:14:46
688249,晶合集成,40.18,40.95,40.96,41.18,39.39,18136539.0,727110000.0,893.51,486.33,144.26,4.08,1.5,840964300,972689600.0,2026-08-10,16:14:43
688251,井松智能,21.66,21.73,21.77,21.79,20.98,1653455.0,35510000.0,21.79,21.64,146.73,2.6,1.66,83280700,82064800.0,2026-08-10,16:14:46
688252,天德钰,19.86,19.92,20.17,20.35,19.6,7427744.0,148260000.0,81.23,81.23,37.07,3.22,1.82,341636200,401138200.0,2026-08-10,16:14:45
688253,英诺特,71.34,71.02,71.5,73.58,70.33,3005180.0,215300000.0,97.72,97.72,108.81,4.8,2.19,151465300,149052700.0,2026-08-10,16:14:35
688255,凯尔达,26.22,26.62,26.6,27.02,25.9,2853635.0,74960000.0,28.8,28.8,89.4,2.74,2.6,142970000,142393500.0,2026-08-10,16:14:41
688256,寒武纪,1124.0,1199.93,1163.0,1213.0,1110.01,20711014.0,23751650000.0,7062.01,7062.01,211.94,52.1,3.3,966322300,1104779100.0,2026-08-10,16:14:46
688257,新锐股份,62.21,63.0,62.92,63.88,60.17,19406154.0,1200300000.0,221.01,221.01,44.9,8.43,5.46,880617600,1059997800.0,2026-08-10,16:14:37
688258,卓易信息,111.67,114.06,114.86,115.3,110.33,3442533.0,384790000.0,135.28,135.28,112.35,14.3,2.84,161908700,182344600.0,2026-08-10,16:14:41
688259,创耀科技,30.62,30.61,30.62,30.69,30.0,1053929.0,31990000.0,34.2,34.2,44.09,2.18,0.94,54047500,51345400.0,2026-08-10,16:14:44
688260,昀冢科技,114.71,106.2,105.0,120.88,98.5,11574663.0,1254840000.0,137.65,137.65,-72.16,85.24,9.65,596386600,561079700.0,2026-08-10,16:14:40
688261,东微半导,71.26,73.4,73.98,74.38,70.96,5598198.0,403330000.0,87.4,87.01,198.8,2.97,4.59,232226900,327592900.0,2026-08-10,16:14:45
688262,国芯科技,27.16,27.42,27.43,27.84,26.71,9334500.0,252770000.0,91.26,91.26,-34.05,4.74,2.78,443433100,490016900.0,2026-08-10,16:14:32
688265,南模生物,46.55,42.9,45.0,50.68,43.9,7118234.0,339130000.0,36.29,36.29,109.69,2.13,9.13,379095000,332728400.0,2026-08-10,16:14:59
688266,泽璟制药-U,119.55,121.7,126.0,127.74,117.8,9127552.0,1111270000.0,316.46,316.46,57.55,18.39,3.45,438913000,473842200.0,2026-08-10,16:14:50
688267,中触媒,18.75,19.2,19.2,19.2,18.66,1693321.0,31850000.0,42.78,42.78,21.85,1.52,0.74,73627600,95704500.0,2026-08-10,16:14:36
688268,华特气体,155.55,155.6,155.6,157.57,149.0,9493383.0,1453340000.0,198.61,198.61,159.1,10.97,7.44,473919400,475418900.0,2026-08-10,16:15:00
688269,凯立新材,31.29,31.11,30.9,31.37,30.5,1585665.0,49080000.0,40.9,40.9,30.18,3.85,1.21,82580500,75986000.0,2026-08-10,16:14:44
688270,ST臻镭,70.25,69.1,70.5,70.98,67.03,7780079.0,539910000.0,210.41,210.41,140.18,9.17,2.6,379786800,398221100.0,2026-08-10,16:14:57
688271,联影医疗,112.7,112.55,112.2,114.66,111.13,6438948.0,729110000.0,928.83,928.83,48.93,4.26,0.78,315548400,328346400.0,2026-08-10,16:14:41
688272,富吉瑞,29.39,29.19,29.19,29.48,28.52,1812690.0,52700000.0,22.34,22.34,-26.25,5.6,2.39,107815200,73453800.0,2026-08-10,16:14:34
688273,麦澜德,31.57,31.25,31.52,31.99,30.66,1111685.0,34870000.0,31.57,31.57,36.84,2.39,1.11,52269100,58899400.0,2026-08-10,16:14:35
688275,万润新能,81.21,80.8,80.88,83.0,79.68,4531649.0,367320000.0,102.42,102.42,104.02,1.86,3.59,223564300,229600600.0,2026-08-10,16:14:57
688276,百克生物,15.99,15.61,15.57,16.27,15.57,3309357.0,52890000.0,66.14,66.14,-24.76,1.72,0.8,179130100,151805600.0,2026-08-10,16:14:41
688277,天智航-U,17.65,17.81,17.9,18.17,17.42,9300905.0,165480000.0,82.33,82.33,-38.12,6.84,1.99,445819900,484270600.0,2026-08-10,16:14:40
688278,特宝生物,58.37,55.96,56.1,60.27,55.93,6993559.0,409480000.0,238.26,238.26,23.51,7.05,1.71,389844500,309511400.0,2026-08-10,16:14:47
688279,峰岹科技,165.09,170.0,170.0,170.99,162.87,1513193.0,249940000.0,190.04,154.46,74.01,3.72,1.62,69092000,82227300.0,2026-08-10,16:14:40
688280,精进电动-W,5.81,5.8,5.75,5.89,5.66,13862340.0,80150000.0,34.29,30.24,326.62,5.32,2.66,718961200,667272800.0,2026-08-10,16:14:53
688281,华秦科技,48.95,47.87,48.1,48.95,47.58,2680669.0,129910000.0,186.79,186.79,57.72,3.94,0.7,155240700,112826200.0,2026-08-10,16:14:37
688282,理工导航,58.71,56.5,57.63,58.95,55.55,1071381.0,61750000.0,52.27,52.27,-413.95,4.03,1.2,61748500,45389600.0,2026-08-10,16:14:36
688283,坤恒顺维,28.56,28.18,28.49,28.78,27.45,1303316.0,36770000.0,34.79,34.79,67.02,3.63,1.07,66031800,64299800.0,2026-08-10,16:14:53
688285,高铁电气,7.57,7.46,7.48,7.65,7.37,3104175.0,23390000.0,28.49,28.49,48.41,1.67,0.82,191069300,119348200.0,2026-08-10,16:14:31
688286,敏芯股份,45.26,45.26,46.17,46.61,44.2,3711844.0,167090000.0,35.44,35.44,155.6,3.39,4.74,162269400,208915000.0,2026-08-10,16:14:58
688287,退市观典,0.37,0.37,0.0,0.0,0.0,0.0,0.0,1.37,1.37,-0.62,0.23,0.0,0,0.0,2026-08-10,09:00:00
688288,鸿泉技术,18.39,18.19,18.15,18.58,17.86,1458298.0,26710000.0,18.36,18.36,779.72,2.48,1.46,73603000,72226800.0,2026-08-10,16:14:38
688289,圣湘生物,16.06,15.71,15.64,16.11,15.62,8427012.0,134120000.0,93.05,93.05,59.29,1.33,1.45,456370100,386331100.0,2026-08-10,16:14:51
688290,景业智能,67.63,69.38,69.03,69.88,67.17,1276918.0,87200000.0,69.11,69.11,-239.54,5.16,1.25,65569100,62122700.0,2026-08-10,16:14:34
688291,金橙子,41.94,42.38,42.14,42.33,41.12,1459135.0,60720000.0,43.06,43.06,55.27,4.29,1.42,72140300,73773200.0,2026-08-10,16:14:54
688292,浩瀚深度,17.79,17.66,17.41,17.85,17.41,3210828.0,56720000.0,28.17,28.17,-119.9,2.92,2.03,153910500,167172300.0,2026-08-10,16:14:36
688293,奥浦迈,66.85,63.22,66.51,71.88,63.78,11376745.0,763580000.0,95.06,78.33,143.46,3.11,9.71,581493100,556181400.0,2026-08-10,16:14:58
688295,中复神鹰,43.11,44.71,44.02,44.2,42.81,7958698.0,344560000.0,387.99,387.99,225.75,8.22,0.88,304615500,491254300.0,2026-08-10,16:14:54
688296,和达科技,20.03,19.29,19.56,20.83,19.29,8058373.0,159490000.0,21.51,21.51,-31.59,3.8,7.5,430481000,375356300.0,2026-08-10,16:14:53
688297,中无人机,42.2,40.88,40.8,42.37,40.71,9697492.0,404660000.0,284.85,284.85,321.52,5.1,1.44,583534400,386214800.0,2026-08-10,16:14:40
688298,东方生物,19.72,19.37,19.49,19.84,19.18,1850344.0,36350000.0,39.76,39.76,-7.2,0.67,0.92,103150800,81883600.0,2026-08-10,16:14:56
688299,长阳科技,13.05,13.04,13.03,13.09,12.81,4311490.0,55950000.0,37.5,37.5,-25.58,1.91,1.5,208451300,222697700.0,2026-08-10,16:14:37
688300,联瑞新材,148.3,151.7,151.78,156.7,142.78,15232482.0,2241400000.0,358.1,358.1,118.87,21.62,6.31,715018400,808229800.0,2026-08-10,16:14:36
688301,奕瑞科技,90.55,96.39,96.48,96.99,89.0,9641013.0,883720000.0,283.79,283.79,41.39,3.88,3.08,464745300,499356000.0,2026-08-10,16:15:00
688302,海创药业-U,37.56,37.2,38.02,38.5,36.87,2134473.0,80520000.0,37.19,37.19,-27.54,3.6,2.16,103095600,110351700.0,2026-08-10,16:14:32
688303,大全能源,18.81,18.97,18.93,19.18,18.61,14001315.0,263520000.0,401.11,401.11,-29.24,1.06,0.66,667739500,732392000.0,2026-08-10,16:14:57
688305,科德数控,61.46,57.63,58.73,62.62,58.72,6713198.0,409870000.0,81.47,81.26,90.47,4.33,5.08,342115900,329203900.0,2026-08-10,16:14:53
688306,均普智能,9.34,9.49,9.52,9.59,9.33,10623407.0,100320000.0,114.72,114.72,1419.56,6.59,0.86,387404500,674936200.0,2026-08-10,16:14:48
688307,中润光学,46.44,46.5,47.01,47.99,44.96,5882194.0,271540000.0,57.72,57.72,85.32,6.54,4.73,274939200,313280200.0,2026-08-10,16:14:47
688308,欧科亿,103.64,102.56,104.0,105.0,99.58,12544459.0,1283240000.0,164.56,164.56,54.88,5.89,7.9,565119000,689326900.0,2026-08-10,16:14:36
688309,恒誉环保,70.5,70.04,70.04,71.46,67.0,2488146.0,171880000.0,55.98,55.98,52.75,6.67,3.13,105220900,143593700.0,2026-08-10,16:14:31
688310,迈得医疗,15.1,15.15,15.09,15.49,15.0,1891426.0,28750000.0,24.81,24.81,43.76,3.19,1.15,99080800,90061800.0,2026-08-10,16:14:42
688311,盟升电子,24.72,24.48,24.55,24.75,23.6,4738855.0,114810000.0,43.29,43.29,-260.35,2.4,2.71,240137500,233748000.0,2026-08-10,16:14:40
688312,燕麦科技,46.9,49.02,49.16,49.22,45.29,7255079.0,337480000.0,68.81,68.81,50.45,4.69,4.95,313970900,411537000.0,2026-08-10,16:14:37
688313,仕佳光子,134.01,127.7,128.9,138.0,124.55,33295412.0,4331250000.0,605.71,605.71,128.77,35.28,7.37,1634560500,1694980700.0,2026-08-10,16:14:32
688314,康拓医疗,34.4,34.49,34.93,36.24,34.2,1641165.0,57400000.0,28.08,28.08,31.98,3.93,2.01,78507500,85609000.0,2026-08-10,16:14:37
688315,诺禾致源,15.19,14.86,15.32,15.9,15.01,16002440.0,246320000.0,63.22,63.22,38.9,2.38,3.84,829905700,770338300.0,2026-08-10,16:14:58
688316,青云科技-U,52.9,54.29,54.81,54.89,52.2,3440988.0,182230000.0,25.34,25.34,-44.08,47.68,7.18,167704500,176394300.0,2026-08-10,16:14:55
688317,之江生物,17.67,17.11,17.03,17.88,17.03,3651085.0,63930000.0,33.55,33.55,-76.6,1.03,1.92,185239900,179868600.0,2026-08-10,16:14:46
688318,财富趋势,79.82,81.25,81.2,81.77,78.0,5949584.0,475330000.0,286.21,286.21,94.32,7.58,1.66,275030000,319928400.0,2026-08-10,16:14:48
688319,欧林生物,27.6,27.23,27.54,27.75,26.43,8384859.0,226520000.0,111.89,111.89,197.96,12.06,2.07,407029000,431456900.0,2026-08-10,16:14:49
688320,禾川科技,31.19,31.48,31.83,31.83,30.83,2454958.0,76610000.0,47.1,47.1,-43.32,3.88,1.63,108412900,137082900.0,2026-08-10,16:14:55
688321,微芯生物,29.3,29.74,30.0,30.24,28.92,17313787.0,511290000.0,129.78,119.49,131.91,5.33,4.25,845852400,885526300.0,2026-08-10,16:14:47
688322,奥比中光-W,109.42,111.88,112.0,113.79,107.77,10801781.0,1182720000.0,451.72,350.43,335.63,11.33,3.37,560045500,520132600.0,2026-08-10,16:14:52
688323,瑞华泰,27.33,28.75,29.0,29.17,26.53,17675101.0,483610000.0,54.77,54.77,-56.72,4.82,8.82,813318900,954191200.0,2026-08-10,16:14:31
688325,赛微微电,106.7,109.77,108.5,110.98,106.01,892244.0,95850000.0,92.26,87.69,99.26,5.35,1.09,34302500,54921900.0,2026-08-10,16:14:34
688326,经纬恒润-W,68.57,68.77,68.69,69.79,68.02,1580432.0,108650000.0,82.24,76.54,192.46,2.1,1.42,78144700,79898500.0,2026-08-10,16:14:50
688327,云从科技-UW,11.03,11.23,11.2,11.28,10.94,18517024.0,204540000.0,114.71,92.09,-25.8,15.06,2.22,810438200,1041264200.0,2026-08-10,16:14:46
688328,深科达,78.47,76.95,77.3,80.09,74.0,9477860.0,736210000.0,74.12,74.12,199.35,8.82,10.03,459957800,487828200.0,2026-08-10,16:14:41
688329,艾隆科技,19.99,19.78,19.85,20.11,19.33,1474199.0,29240000.0,15.43,15.43,160.49,2.1,1.91,68921100,78498800.0,2026-08-10,16:14:43
688330,宏力达,33.61,33.23,33.27,33.88,32.8,936946.0,31390000.0,47.05,47.05,7.46,1.09,0.67,45853100,47841500.0,2026-08-10,16:14:49
688331,荣昌生物,134.45,132.99,134.0,141.0,132.67,14697823.0,2001970000.0,758.94,478.5,58.75,19.32,4.13,727365500,742416800.0,2026-08-10,16:14:48
688332,中科蓝讯,86.95,88.5,88.78,89.12,85.3,4159332.0,359810000.0,155.19,155.19,11.37,3.08,2.33,179688700,236244500.0,2026-08-10,16:14:57
688333,铂力特,110.31,110.34,110.59,111.6,107.13,12708070.0,1390460000.0,302.6,302.6,128.48,6.08,4.63,618531100,652275900.0,2026-08-10,16:14:38
688334,西高院,18.42,18.27,18.35,18.49,18.26,1268236.0,23330000.0,58.31,57.5,23.13,2.0,0.41,74097500,52726100.0,2026-08-10,16:14:49
688335,复洁科技,21.0,20.64,20.88,21.15,20.26,1974314.0,40760000.0,31.09,31.09,-836.71,2.82,1.33,105283100,92148300.0,2026-08-10,16:14:47
688336,三生国健,46.53,46.95,46.95,48.59,45.86,17727323.0,835650000.0,417.01,417.01,14.02,5.0,1.98,765777100,1006955200.0,2026-08-10,16:14:37
688337,普源精电,43.56,44.33,44.34,45.39,42.79,3852435.0,167380000.0,95.26,80.99,90.33,3.07,2.07,164529000,220714500.0,2026-08-10,16:14:54
688338,赛科希德,30.46,28.71,28.71,30.63,28.54,2256781.0,67000000.0,32.33,32.33,37.69,1.92,2.13,131958000,93720100.0,2026-08-10,16:14:52
688339,亿华通-U,17.93,17.8,17.97,18.0,17.46,2387485.0,42540000.0,43.13,35.1,-6.85,2.24,1.22,120017600,118730900.0,2026-08-10,16:14:32
688343,云天励飞-U,59.99,61.55,61.89,62.0,59.01,9374142.0,561390000.0,215.73,215.73,-45.84,5.8,2.61,401537000,535877200.0,2026-08-10,16:14:34
688345,博力威,55.62,55.62,55.25,55.98,53.7,1427116.0,78310000.0,56.66,56.39,79.58,4.83,1.41,79624000,63087600.0,2026-08-10,16:14:58
688347,华虹宏力,264.0,268.29,265.0,271.11,255.0,18962311.0,4958660000.0,4587.6,1076.46,929.77,10.14,4.65,913843600,982387500.0,2026-08-10,16:14:58
688348,昱能科技,33.02,32.58,32.63,33.11,32.45,1642107.0,53950000.0,51.6,51.6,-22.95,1.54,1.05,84530200,79680500.0,2026-08-10,16:14:40
688349,三一重能,15.11,14.96,15.02,15.19,14.93,7226836.0,109020000.0,240.75,236.65,22.23,1.73,0.46,396731800,325951800.0,2026-08-10,16:14:48
688350,富淼科技,29.55,30.25,30.38,30.46,29.21,2026340.0,60090000.0,42.33,42.33,146.67,2.29,1.41,97385200,105248800.0,2026-08-10,16:14:53
688351,微电生理,20.74,20.71,20.71,21.1,20.5,4275792.0,88920000.0,97.6,97.6,156.67,5.43,0.91,192678900,234900300.0,2026-08-10,16:14:50
688352,颀中科技,17.7,17.38,17.4,18.0,17.06,26240745.0,459920000.0,210.55,64.86,-371.03,3.65,7.16,1260400100,1363674400.0,2026-08-10,16:14:36
688353,华盛锂电,96.2,94.25,95.78,97.0,92.0,7370154.0,701670000.0,153.44,153.44,100.05,4.35,4.62,376260800,360754600.0,2026-08-10,16:14:55
688355,明志科技,17.96,17.69,17.77,17.98,17.22,1246990.0,22050000.0,22.26,22.26,31.85,2.13,1.01,67907200,56791800.0,2026-08-10,16:14:37
688356,键凯科技,77.3,74.5,74.8,78.38,74.75,2206137.0,169550000.0,46.88,46.88,64.9,3.55,3.64,122337900,98275800.0,2026-08-10,16:14:52
688357,建龙微纳,27.5,26.79,26.81,27.64,26.5,730225.0,19880000.0,27.52,27.52,30.73,1.59,0.73,37230700,35791800.0,2026-08-10,16:14:32
688358,祥生医疗,29.77,29.74,29.7,30.2,29.31,1094432.0,32610000.0,33.38,33.34,27.61,2.46,0.98,49792800,59650400.0,2026-08-10,16:14:38
688359,三孚新科,103.15,104.6,107.23,108.55,97.61,7349238.0,749620000.0,102.82,102.82,-213.53,14.63,7.37,366425600,368498200.0,2026-08-10,16:14:57
688360,德马科技,15.76,15.88,15.88,15.88,15.5,3221617.0,50620000.0,41.57,41.57,41.32,2.85,1.22,153721300,168440400.0,2026-08-10,16:14:51
688361,中科飞测,362.45,351.0,352.0,371.55,346.36,10026278.0,3597800000.0,1276.01,1276.01,22580.3,24.87,2.85,503864000,498763800.0,2026-08-10,16:14:38
688362,甬矽电子,68.1,68.96,69.24,69.24,65.74,27198888.0,1830110000.0,308.65,308.65,368.6,11.73,6.0,1347915200,1371973600.0,2026-08-10,16:14:53
688363,华熙生物,38.92,38.76,38.51,39.26,38.24,4061707.0,157570000.0,187.47,187.47,73.57,2.66,0.84,169387600,236783100.0,2026-08-10,16:14:40
688365,光云科技,16.18,16.21,16.35,16.45,15.89,14138793.0,227970000.0,68.97,68.97,-970.15,7.2,3.32,755205600,658673700.0,2026-08-10,16:14:36
688366,昊海生科,32.78,32.25,32.24,33.3,32.18,1358372.0,44610000.0,75.01,63.61,32.02,1.41,0.7,64973100,70864100.0,2026-08-10,16:14:45
688367,工大高科,30.99,30.92,30.94,31.0,30.26,1236571.0,37940000.0,27.15,27.15,334.42,4.64,1.41,69052800,54604300.0,2026-08-10,16:14:41
688368,晶丰明源,125.13,125.87,128.2,131.87,121.42,4057159.0,506430000.0,255.02,154.79,322.65,5.22,3.28,194925200,210790700.0,2026-08-10,16:14:32
688369,致远互联,22.1,21.95,22.22,23.3,21.51,8519861.0,188180000.0,25.46,25.46,-11.08,3.33,7.39,439977400,412008700.0,2026-08-10,16:14:54
688370,丛麟科技,24.25,22.26,22.46,24.99,22.07,1908703.0,45350000.0,33.25,33.25,115.27,1.26,1.39,111403800,79466500.0,2026-08-10,16:14:41
688371,菲沃泰,27.88,28.58,28.49,28.8,27.11,9801319.0,271990000.0,93.53,93.53,3482.51,4.83,2.92,513018900,467113000.0,2026-08-10,16:14:50
688372,伟测科技,131.0,125.48,128.78,131.0,125.1,10628136.0,1364990000.0,221.39,221.39,63.59,5.38,6.29,547936700,514876900.0,2026-08-10,16:14:52
688373,盟科药业-U,5.32,5.24,5.24,5.41,5.21,22339534.0,118450000.0,34.91,34.91,-17.33,19.19,3.4,1174659600,1059293800.0,2026-08-10,16:14:44
688375,国博电子,82.8,81.1,81.31,83.25,78.1,4986843.0,404680000.0,493.5,493.5,109.46,7.94,0.84,257729000,240955300.0,2026-08-10,16:14:53
688376,美埃科技,70.22,69.44,70.37,71.61,67.66,2762046.0,193190000.0,94.97,94.97,85.67,4.9,2.04,139848600,136356000.0,2026-08-10,16:14:55
688377,迪威尔,20.48,20.5,20.75,20.78,20.23,2132308.0,43530000.0,47.84,47.84,41.43,2.55,0.91,97525000,115705800.0,2026-08-10,16:14:58
688378,奥来德,41.46,41.94,42.28,42.96,40.67,8089155.0,335760000.0,108.39,99.9,85.38,5.41,3.36,374288200,434627300.0,2026-08-10,16:14:57
688379,华光新材,49.94,51.42,51.94,51.95,48.63,3572155.0,178220000.0,47.43,44.99,36.57,3.49,3.97,147159600,210055900.0,2026-08-10,16:14:59
688380,中微半导,40.1,40.3,40.55,40.55,39.11,9370002.0,371800000.0,160.55,160.55,53.34,5.16,2.34,405272100,531728100.0,2026-08-10,16:14:46
688381,帝奥微,32.12,32.12,32.8,33.03,31.02,7833477.0,248530000.0,79.5,79.5,-77.16,3.19,3.17,402661800,380685900.0,2026-08-10,16:14:43
688382,益方生物-U,20.43,20.77,20.97,21.38,19.84,29293464.0,595700000.0,118.41,118.41,-38.98,7.89,5.05,1189490700,1739855700.0,2026-08-10,16:14:39
688383,新益昌,120.66,118.56,118.68,123.88,116.54,2582097.0,306870000.0,122.65,122.65,-104.33,9.77,2.54,134813500,123396200.0,2026-08-10,16:14:43
688385,复旦微电,55.18,54.47,54.54,55.18,54.05,12393788.0,677790000.0,454.53,297.63,185.93,7.29,2.3,666939500,572439300.0,2026-08-10,16:14:48
688386,泛亚微透,53.88,54.7,56.0,56.03,52.9,2012160.0,108040000.0,53.67,49.03,52.28,3.62,2.21,87924700,113291300.0,2026-08-10,16:15:00
688387,信科移动-U,14.72,14.73,14.59,14.76,13.97,69379763.0,999600000.0,503.24,296.87,-208.46,8.57,3.44,3632916200,3305060100.0,2026-08-10,16:14:51
688388,嘉元科技,28.05,28.8,29.22,29.36,27.43,46005245.0,1291620000.0,185.1,185.1,120.92,2.29,6.97,2191842200,2408682300.0,2026-08-10,16:14:46
688389,普门科技,11.34,11.07,11.02,11.45,11.02,3991075.0,45030000.0,48.59,48.59,29.81,2.39,0.93,203550900,195556600.0,2026-08-10,16:14:45
688390,固德威,67.3,68.3,68.31,69.28,66.01,8345293.0,560460000.0,163.62,163.62,61.88,5.75,3.43,368814000,465715300.0,2026-08-10,16:14:41
688391,钜泉科技,26.02,25.84,25.95,26.05,25.53,1077453.0,27820000.0,30.08,30.08,79.52,1.64,0.93,55775900,51969400.0,2026-08-10,16:14:59
688392,骄成超声,152.0,149.47,149.0,152.65,144.68,5893014.0,877760000.0,175.91,175.91,121.98,9.59,5.09,291852000,297449400.0,2026-08-10,16:14:47
688393,安必平,20.25,19.67,19.73,20.61,19.53,2844529.0,57300000.0,18.95,18.95,-50.13,1.62,3.04,136472500,147980400.0,2026-08-10,16:14:41
688395,正弦电气,24.51,21.78,21.71,24.68,21.71,4441710.0,104600000.0,21.23,21.23,49.47,2.73,5.13,227506900,216664100.0,2026-08-10,16:14:32
688396,华润微,60.02,61.21,61.2,61.7,58.78,20535767.0,1230830000.0,797.19,797.19,87.86,3.45,1.55,924113300,1129463400.0,2026-08-10,16:14:45
688398,赛特新材,20.72,20.75,20.83,20.93,20.27,1268193.0,26220000.0,34.77,34.77,234.8,3.41,0.76,65691500,61127800.0,2026-08-10,16:14:59
688399,硕世生物,29.76,30.19,30.19,30.37,28.51,2992696.0,88180000.0,36.94,36.94,-112.71,1.25,2.41,149064300,150205300.0,2026-08-10,16:14:38
688400,凌云光,47.2,49.06,49.0,49.06,46.26,12975644.0,613520000.0,224.55,215.94,64.87,4.01,2.84,586489700,711074700.0,2026-08-10,16:14:56
688401,路维光电,69.87,70.38,70.72,70.79,68.1,4619407.0,320780000.0,143.49,135.09,52.94,5.54,2.39,233242700,228698000.0,2026-08-10,16:14:50
688403,汇成股份,24.46,25.25,25.3,25.58,24.01,53520818.0,1313360000.0,242.91,242.91,239.72,6.11,5.39,2446321900,2905759900.0,2026-08-10,16:14:58
688408,中信博,27.21,27.2,27.2,27.63,26.87,3015815.0,82220000.0,59.61,59.61,-35.32,1.47,1.38,156554100,145027400.0,2026-08-10,16:14:35
688409,富创精密,210.0,195.51,196.0,215.65,194.02,12309100.0,2551440000.0,643.04,643.04,899.48,14.23,4.02,656437800,574472200.0,2026-08-10,16:14:58
688410,山外山,11.28,11.17,11.3,11.42,11.1,8336642.0,93800000.0,50.47,50.47,30.9,2.85,1.86,428701400,404962800.0,2026-08-10,16:14:39
688411,海博思创,208.6,214.22,213.0,215.08,205.1,2589404.0,541740000.0,380.6,276.55,35.87,8.05,1.95,104057800,154882600.0,2026-08-10,16:14:44
688416,恒烁股份,72.1,74.04,74.97,75.31,70.11,5997938.0,430730000.0,77.78,77.78,-317.14,5.83,5.56,284666200,315127600.0,2026-08-10,16:14:49
688418,震有科技,36.38,37.74,37.77,37.8,35.07,6716560.0,241310000.0,70.05,70.05,-61.84,8.58,3.49,318259600,353396400.0,2026-08-10,16:14:46
688419,耐科装备,48.1,49.67,49.98,50.98,46.38,8839830.0,422520000.0,55.1,55.1,76.68,5.47,7.72,406918500,477064500.0,2026-08-10,16:14:50
688420,美腾科技,22.4,21.87,21.9,22.44,21.56,572662.0,12690000.0,19.81,19.81,-433.27,1.39,0.65,34592700,22673500.0,2026-08-10,16:14:33
688425,铁建重工,4.22,4.16,4.16,4.22,4.15,17408676.0,73180000.0,225.07,225.07,16.09,1.22,0.33,1037533400,703334200.0,2026-08-10,16:14:38
688426,康为世纪,19.55,18.69,18.83,19.88,18.51,1821970.0,35330000.0,21.99,21.94,-21.99,1.64,1.62,96913800,85283200.0,2026-08-10,16:14:38
688428,诺诚健华,29.36,29.08,29.38,30.43,29.03,14666961.0,435150000.0,519.41,80.1,71.12,7.04,5.38,726497100,740199000.0,2026-08-10,16:14:32
688429,时创能源,11.16,10.3,10.18,11.3,10.18,5193395.0,56330000.0,44.64,44.64,-16.34,3.46,1.3,289117000,230222500.0,2026-08-10,16:14:40
688432,有研硅,41.74,38.93,39.18,42.95,38.75,79271218.0,3264210000.0,521.88,521.88,250.12,11.75,6.34,4164775200,3762346600.0,2026-08-10,16:14:59
688433,华曙高科,93.15,93.1,93.9,93.9,91.1,4380625.0,403960000.0,387.11,387.11,605.32,18.21,1.05,197967100,240095400.0,2026-08-10,16:14:40
688435,英方软件,31.42,31.36,31.75,32.0,30.99,1709635.0,53840000.0,26.24,17.61,-180.69,2.42,3.05,90104100,80859400.0,2026-08-10,16:15:00
688439,振华风光,40.4,39.82,40.88,41.0,40.04,2153483.0,86860000.0,80.8,80.8,59.18,1.62,1.08,96130900,119217400.0,2026-08-10,16:14:47
688443,智翔金泰-U,24.79,24.64,24.83,25.53,24.44,4989200.0,124580000.0,90.9,35.55,-16.11,6.33,3.48,265698600,233221400.0,2026-08-10,16:14:51
688448,磁谷科技,51.78,50.3,51.0,51.99,49.71,2453245.0,125020000.0,50.5,50.5,531.54,4.96,2.52,127732300,117592200.0,2026-08-10,16:14:38
688449,联芸科技,57.85,59.54,60.0,60.16,56.5,9762091.0,563420000.0,266.11,169.62,151.36,13.97,3.33,451044000,525165100.0,2026-08-10,16:14:35
688450,光格科技,34.7,33.98,34.31,34.7,32.85,1810618.0,61190000.0,22.9,16.98,-39.79,2.45,3.7,91702100,89359700.0,2026-08-10,16:14:35
688455,科捷智能,15.36,15.07,15.18,15.43,14.95,1798937.0,27470000.0,25.81,25.81,85.94,2.8,1.07,86467200,93426500.0,2026-08-10,16:14:31
688456,有研粉材,84.19,85.9,86.56,88.2,81.76,8963632.0,753000000.0,87.27,87.27,97.09,6.91,8.65,450923500,445439700.0,2026-08-10,16:14:51
688458,美芯晟,33.89,34.56,34.6,34.83,33.6,1468761.0,49930000.0,37.8,31.77,-163.39,2.08,1.57,60573300,86302800.0,2026-08-10,16:14:51
688459,哈铁科技,8.23,8.16,8.16,8.24,8.12,1581922.0,12990000.0,39.5,39.5,41.4,1.17,0.33,107657900,50534300.0,2026-08-10,16:14:43
688466,金科环境,13.8,13.47,13.53,13.93,13.33,1530859.0,20900000.0,16.86,16.86,59.05,1.51,1.25,88790900,64295000.0,2026-08-10,16:14:48
688468,科美诊断,6.35,6.22,6.2,6.39,6.2,3567007.0,22560000.0,25.47,25.47,66.45,1.79,0.89,189810800,166889900.0,2026-08-10,16:14:40
688469,芯联集成-U,8.48,8.59,8.64,8.72,8.15,153440984.0,1298180000.0,710.85,497.76,-141.9,5.48,2.61,6622747900,8721350500.0,2026-08-10,16:14:42
688472,阿特斯,10.43,10.41,10.4,10.58,10.28,37378215.0,389570000.0,379.98,379.98,25.54,1.63,1.03,1858674300,1879147200.0,2026-08-10,16:14:34
688475,萤石网络,31.29,30.7,30.71,31.48,30.28,7581740.0,235860000.0,246.41,246.41,36.57,4.19,0.96,404012000,354162000.0,2026-08-10,16:14:34
688478,晶升股份,48.8,48.94,50.0,52.89,47.11,6751629.0,332610000.0,67.52,67.52,-151.54,4.5,4.88,296682900,378480000.0,2026-08-10,16:14:30
688479,友车科技,33.34,33.58,33.58,34.5,32.61,2676805.0,89390000.0,67.12,28.85,140.5,3.63,3.09,92382500,175298000.0,2026-08-10,16:14:40
688480,赛恩斯,82.23,80.8,80.67,82.98,80.01,1162817.0,94800000.0,78.39,78.39,65.03,6.72,1.22,62507700,53774000.0,2026-08-10,16:14:57
688484,南芯科技,36.32,35.95,36.19,36.65,34.9,11178491.0,399220000.0,156.03,156.03,87.44,3.8,2.6,511274800,606574300.0,2026-08-10,16:14:32
688485,九州一轨,62.5,61.78,61.78,64.44,60.15,6528104.0,406070000.0,93.93,93.93,-735.03,7.51,4.34,302902200,349908200.0,2026-08-10,16:14:41
688486,龙迅股份,45.1,46.5,46.51,46.82,44.44,3975866.0,179240000.0,84.28,84.27,46.44,5.72,2.13,160217300,237369300.0,2026-08-10,16:14:57
688488,艾迪药业,17.35,17.54,17.55,17.9,17.17,11866718.0,207260000.0,73.01,73.01,-265.4,7.49,2.82,601933900,584737900.0,2026-08-10,16:14:52
688489,三未信安,23.7,23.6,23.56,23.96,23.2,1428780.0,33710000.0,40.19,39.88,-124.62,2.22,0.85,59733800,83144200.0,2026-08-10,16:14:47
688496,*ST清越,0.86,0.87,0.87,0.88,0.85,4932736.0,4240000.0,3.87,2.05,-3.36,0.43,2.07,161527700,331745900.0,2026-08-10,16:14:54
688498,源杰科技,1415.1,1355.5,1355.5,1420.0,1295.61,6053293.0,8168810000.0,1761.8,1739.05,494.82,71.48,4.93,306024300,299305000.0,2026-08-10,16:14:52
688499,利元亨,36.93,36.82,36.89,37.5,36.46,3630419.0,134370000.0,62.31,62.31,108.25,2.66,2.15,146076000,216965900.0,2026-08-10,16:14:39
688500,慧辰股份,36.91,36.65,36.79,37.42,35.59,1512914.0,55140000.0,28.05,27.65,-56.42,3.8,2.02,72807600,78483800.0,2026-08-10,16:14:40
688501,青达环保,13.45,13.18,13.23,13.5,12.97,3075726.0,41010000.0,23.39,23.39,17.39,2.1,1.77,171001500,136571100.0,2026-08-10,16:14:35
688502,茂莱光学,393.68,397.5,402.0,405.0,383.5,1574602.0,616440000.0,207.87,207.87,1118.68,17.64,2.98,74985700,82474500.0,2026-08-10,16:14:48
688503,聚和材料,74.44,75.89,75.5,75.99,72.17,14240582.0,1051800000.0,180.17,180.17,29.08,3.46,5.88,663274000,760784200.0,2026-08-10,16:14:50
688505,复旦张江,7.94,7.9,8.0,8.17,7.88,10790000.0,86380000.0,82.3,56.42,-54.01,3.88,1.52,577044400,501955600.0,2026-08-10,16:14:31
688506,百利天恒,319.07,307.07,307.08,323.91,297.3,3148163.0,989590000.0,1317.36,1317.36,-101.59,23.34,0.76,151155000,163661300.0,2026-08-10,16:14:39
688507,索辰科技,171.41,177.84,177.87,179.8,168.02,6597536.0,1130120000.0,152.74,84.39,1157.8,5.55,13.4,304486400,355267200.0,2026-08-10,16:14:45
688508,芯朋微,87.5,86.94,86.65,87.87,83.22,7304669.0,623270000.0,115.87,115.87,72.89,4.22,5.52,347408800,383058100.0,2026-08-10,16:14:37
688509,正元地信,4.23,4.16,4.15,4.23,4.12,5581765.0,23420000.0,32.57,16.28,-18.51,2.95,1.45,293949800,264226700.0,2026-08-10,16:14:56
688510,航亚科技,22.64,22.1,22.07,22.8,22.06,4881182.0,109670000.0,58.85,58.85,64.46,4.99,1.88,283310800,204807400.0,2026-08-10,16:14:55
688511,天微电子,22.76,23.07,23.4,23.4,22.38,1460356.0,33160000.0,30.43,30.43,128.58,3.71,1.09,63717200,82318400.0,2026-08-10,16:14:36
688512,慧智微-U,14.83,14.11,14.4,15.1,14.22,16934090.0,248160000.0,70.13,48.13,-23.45,4.39,5.22,979234300,714174700.0,2026-08-10,16:14:57
688513,苑东生物,48.0,49.81,50.26,51.5,47.3,3586983.0,175330000.0,84.74,84.74,30.89,2.92,2.03,153071400,205626900.0,2026-08-10,16:14:38
688515,裕太微-U,152.65,155.87,157.62,160.0,148.81,3597810.0,548170000.0,122.12,76.05,-105.03,8.33,7.22,160572400,199208600.0,2026-08-10,16:14:56
688516,奥特维,41.96,42.46,42.46,42.46,41.02,10399046.0,433410000.0,132.07,132.07,33.2,3.89,3.3,491422200,548482400.0,2026-08-10,16:14:43
688517,金冠电气,15.92,15.58,15.7,15.95,15.51,2155345.0,34000000.0,21.75,21.75,28.6,2.93,1.58,132331500,83203000.0,2026-08-10,16:14:52
688518,联赢激光,19.96,20.08,20.27,20.27,19.75,9275500.0,184530000.0,68.13,68.13,40.97,2.09,2.72,377563300,549986700.0,2026-08-10,16:14:37
688519,南亚新材,303.02,302.55,298.99,308.06,281.23,10357779.0,3047000000.0,712.64,712.64,192.95,25.31,4.4,521330700,514447200.0,2026-08-10,16:14:59
688520,神州细胞,37.9,37.82,37.82,38.77,37.48,4673121.0,177980000.0,178.26,168.78,-22.16,251.69,1.05,219467000,247845100.0,2026-08-10,16:14:31
688521,芯原股份,212.75,230.5,227.0,227.98,210.28,21199496.0,4588600000.0,1118.88,1118.88,-172.58,35.55,4.03,970132900,1149816700.0,2026-08-10,16:14:45
688522,纳睿雷达,19.76,19.58,19.75,19.83,19.26,3974095.0,77900000.0,83.79,34.02,73.35,3.61,2.31,211912200,185497300.0,2026-08-10,16:14:44
688523,航天环宇,49.36,48.3,48.5,49.49,46.7,5983602.0,289670000.0,200.84,200.84,512.6,11.95,1.47,276118400,322241800.0,2026-08-10,16:14:46
688525,佰维存储,242.0,244.88,247.68,247.68,233.9,31546901.0,7542130000.0,1141.19,1141.19,28.89,13.31,6.69,1435942500,1718747600.0,2026-08-10,16:14:37
688526,科前生物,13.23,12.95,12.96,13.23,12.93,2029873.0,26690000.0,61.67,61.67,15.82,1.54,0.44,124072800,78914500.0,2026-08-10,16:14:53
688528,秦川物联,9.63,9.31,9.32,9.71,9.15,2268674.0,21540000.0,16.18,16.18,-14.77,3.64,1.35,124936300,101931100.0,2026-08-10,16:14:47
688529,豪森智能,15.85,15.71,15.68,15.9,15.32,1789512.0,28130000.0,26.66,26.66,-2.66,2.69,1.06,101503800,77447400.0,2026-08-10,16:14:33
688530,欧莱新材,62.5,61.55,61.95,65.8,60.03,15671658.0,976100000.0,100.03,43.61,5300.56,11.81,22.46,817428100,749737700.0,2026-08-10,16:14:42
688531,日联科技,132.27,136.65,136.8,138.83,128.51,5241183.0,688230000.0,219.03,151.82,118.48,6.6,4.57,259887300,264231000.0,2026-08-10,16:14:34
688533,上声电子,21.91,21.46,21.63,21.99,21.38,814833.0,17760000.0,36.15,36.15,20.13,2.11,0.49,43497700,37985600.0,2026-08-10,16:14:44
688535,华海诚科,103.64,103.6,105.01,106.0,101.18,9636718.0,996670000.0,148.49,138.39,485.73,6.77,7.22,475791200,487880600.0,2026-08-10,16:14:58
688536,思瑞浦,248.0,251.75,254.11,259.0,241.02,3614795.0,892070000.0,342.43,336.41,130.28,5.4,2.66,157503900,203975600.0,2026-08-10,16:14:57
688538,和辉光电-U,2.39,2.4,2.39,2.41,2.37,51870259.0,123950000.0,330.05,137.48,-17.06,4.35,0.9,2413604000,2773421900.0,2026-08-10,16:14:43
688539,高华科技,28.27,27.53,28.2,28.6,27.01,3477136.0,96900000.0,52.56,52.56,100.15,3.06,1.87,183008800,164704800.0,2026-08-10,16:14:39
688543,国科军工,41.19,38.37,38.28,41.39,38.22,13489224.0,540290000.0,103.23,103.23,43.44,4.57,5.38,791715100,557207300.0,2026-08-10,16:14:52
688545,兴福电子,90.24,85.7,87.12,91.6,85.51,20835703.0,1842310000.0,324.86,164.46,149.3,11.16,11.43,1077539100,1006031200.0,2026-08-10,16:14:35
688548,广钢气体,37.66,37.66,37.76,37.97,36.25,29816891.0,1105740000.0,496.89,260.31,154.78,8.26,4.31,1517184100,1464505000.0,2026-08-10,16:14:49
688549,中巨芯-U,29.17,28.77,28.41,29.27,27.5,128181395.0,3624490000.0,430.92,171.9,-4036.29,14.28,21.75,6307268500,6510871000.0,2026-08-10,16:14:47
688550,瑞联新材,39.3,39.39,39.59,40.19,38.76,4330322.0,170590000.0,69.19,69.19,22.52,2.15,2.46,236811900,196220300.0,2026-08-10,16:14:59
688551,科威尔,39.18,40.1,41.2,43.0,38.36,3344058.0,131660000.0,42.7,42.7,83.98,3.29,3.07,152503000,181902800.0,2026-08-10,16:14:35
688552,航天南湖,28.38,26.43,26.95,28.7,26.23,7475469.0,206720000.0,95.71,95.71,-335.45,3.72,2.22,439748900,307798000.0,2026-08-10,16:14:46
688553,汇宇制药-W,12.04,11.91,11.9,12.31,11.76,17332552.0,208640000.0,75.36,61.09,334.42,2.04,3.42,862120400,871134800.0,2026-08-10,16:14:48
688556,高测股份,8.69,8.84,8.92,8.97,8.58,20096859.0,175120000.0,72.19,72.19,-433.0,1.85,2.42,885222700,1124463200.0,2026-08-10,16:14:41
688557,兰剑智能,20.13,20.22,20.37,20.37,19.8,908851.0,18270000.0,29.86,29.86,26.89,2.5,0.61,41932600,48952500.0,2026-08-10,16:14:34
688558,国盛智科,31.91,31.47,31.34,32.2,31.03,1072057.0,34070000.0,42.12,42.12,25.74,2.54,0.81,55054700,52151000.0,2026-08-10,16:14:37
688559,海目星,47.28,48.45,48.5,48.8,46.58,9837491.0,466390000.0,117.14,117.14,-17.6,4.84,3.97,453043600,530705500.0,2026-08-10,16:14:41
688560,明冠新材,12.28,11.86,11.86,12.3,11.8,4059309.0,49020000.0,24.72,24.72,-18.38,0.96,2.02,227498800,178432100.0,2026-08-10,16:14:39
688561,奇安信-U,26.73,26.96,26.8,27.1,26.53,7420127.0,198590000.0,182.37,182.37,-14.5,2.58,1.09,338923000,403089700.0,2026-08-10,16:14:40
688562,航天软件,14.81,14.5,14.56,14.82,14.34,3809922.0,55760000.0,59.24,59.24,-232.4,3.55,0.95,204971000,176021200.0,2026-08-10,16:14:52
688563,航材股份,52.8,51.71,51.98,52.94,51.32,2159148.0,113080000.0,237.26,71.57,45.58,2.29,1.59,113479700,102435100.0,2026-08-10,16:14:38
688565,力源科技,11.21,11.18,10.99,11.35,10.78,3071907.0,34140000.0,16.78,16.78,253.94,3.41,2.05,129214000,177976700.0,2026-08-10,16:14:34
688566,吉贝尔,25.51,25.14,25.3,26.08,25.2,2781694.0,71140000.0,51.3,51.3,20.19,2.1,1.38,149514800,128654600.0,2026-08-10,16:14:51
688567,孚能科技,10.24,10.21,10.14,10.32,10.13,9212335.0,94220000.0,125.14,125.14,-17.05,1.37,0.75,432982700,488250800.0,2026-08-10,16:14:49
688568,中科星图,36.88,37.01,37.02,37.14,35.67,10459214.0,381060000.0,298.02,298.02,-212.57,8.22,1.29,521712600,524208800.0,2026-08-10,16:14:43
688569,铁科轨道,17.38,17.22,17.17,17.44,16.86,974836.0,16870000.0,36.61,36.61,21.87,1.26,0.46,50966700,46516900.0,2026-08-10,16:14:54
688570,天玛智控,15.08,14.63,14.63,15.16,14.55,1235589.0,18460000.0,65.3,28.38,115.75,1.53,0.66,80079000,43479900.0,2026-08-10,16:14:48
688571,杭华股份,9.26,9.43,9.41,9.68,9.14,11718881.0,109300000.0,39.28,39.28,36.32,2.39,2.76,575791000,596097100.0,2026-08-10,16:14:42
688573,信宇人,16.36,15.9,16.0,16.39,15.82,1796197.0,29020000.0,15.99,8.71,-3.33,4.62,3.38,95855900,83763800.0,2026-08-10,16:14:40
688575,亚辉龙,9.55,9.44,9.48,9.71,9.4,10282011.0,98250000.0,54.57,54.57,175.21,2.02,1.8,487458500,540742600.0,2026-08-10,16:14:45
688576,西山科技,40.78,39.9,39.88,40.94,39.5,369091.0,14950000.0,27.58,13.18,57.8,1.61,1.14,19461600,17447500.0,2026-08-10,16:14:46
688577,浙海德曼,42.29,42.3,42.88,43.67,41.6,1398347.0,59370000.0,65.88,65.88,102.26,6.65,0.9,70467900,69366800.0,2026-08-10,16:14:58
688578,艾力斯,116.18,116.99,118.5,121.1,114.78,12571565.0,1474430000.0,522.81,522.81,21.65,7.0,2.79,616980200,640176300.0,2026-08-10,16:14:54
688579,地纬智能,8.21,8.0,8.02,8.42,7.93,5591214.0,45910000.0,32.84,32.84,94.01,2.4,1.4,298597500,260523900.0,2026-08-10,16:14:50
688580,伟思医疗,49.82,50.02,50.11,50.76,49.01,1629874.0,81400000.0,47.71,47.71,28.67,2.89,1.7,67795200,95192200.0,2026-08-10,16:14:38
688581,安杰思,53.4,52.93,52.8,54.38,52.51,927314.0,49600000.0,43.12,21.99,20.16,1.7,2.25,53122200,39609200.0,2026-08-10,16:14:31
688582,芯动联科,42.44,42.53,42.53,42.55,41.5,4540860.0,190760000.0,170.5,170.5,65.18,7.04,1.13,224236300,229849700.0,2026-08-10,16:14:35
688583,思看科技,74.43,76.8,76.5,77.5,73.2,1255292.0,93410000.0,92.11,32.1,120.89,7.85,2.91,53829700,71699500.0,2026-08-10,16:14:38
688584,上海合晶,29.13,28.98,29.0,29.39,28.37,19023138.0,550310000.0,194.94,100.0,164.24,4.67,5.54,910887800,991426000.0,2026-08-10,16:14:33
688585,上纬新材,162.59,169.4,169.0,173.88,159.01,4542494.0,752620000.0,655.83,655.83,-2910.44,50.43,1.13,206421200,247828200.0,2026-08-10,16:14:50
688586,江航装备,10.91,10.68,10.71,10.92,10.5,5690852.0,61210000.0,86.34,86.34,169.55,3.49,0.72,324429800,244655400.0,2026-08-10,16:14:49
688588,凌志软件,9.93,9.95,9.78,10.08,9.78,4029803.0,40010000.0,38.73,38.73,100.93,3.79,1.03,227848500,175131800.0,2026-08-10,16:14:39
688589,力合微,18.32,18.01,18.01,18.32,17.71,2824302.0,51010000.0,26.62,26.62,621.74,2.85,1.94,140200400,142229800.0,2026-08-10,16:14:44
688590,新致软件,13.66,13.79,13.73,14.15,13.6,7680725.0,106140000.0,42.74,38.46,-30.23,2.4,2.73,370122300,397950200.0,2026-08-10,16:14:57
688591,泰凌微,28.17,28.34,28.87,28.87,27.61,3473532.0,97530000.0,68.05,47.68,68.15,2.83,2.05,176738600,170614600.0,2026-08-10,16:14:32
688592,司南导航,24.91,24.42,24.7,24.99,23.7,1051154.0,25530000.0,28.93,13.78,153.05,3.06,1.9,48173000,56942400.0,2026-08-10,16:14:50
688593,新相微,32.31,32.05,30.8,32.68,29.79,28014732.0,868370000.0,148.47,148.47,1209.94,9.68,6.1,1327083900,1474389300.0,2026-08-10,16:14:55
688595,芯海科技,28.48,28.68,28.8,28.86,28.01,2632553.0,74420000.0,41.04,41.04,-34.09,6.34,1.83,122748000,140507300.0,2026-08-10,16:14:38
688596,正帆科技,70.5,65.98,66.97,70.5,66.6,41532399.0,2859360000.0,218.33,218.33,286.22,6.18,13.41,2369783200,1783456700.0,2026-08-10,16:14:32
688597,煜邦电力,6.83,6.85,6.87,6.9,6.72,3695814.0,25160000.0,22.95,22.95,48.72,2.88,1.1,195641300,173940100.0,2026-08-10,16:14:41
688598,金博股份,30.99,30.35,30.88,31.46,29.38,19108992.0,582050000.0,64.33,63.09,-5.05,1.67,9.39,896590400,1014308800.0,2026-08-10,16:14:42
688599,天合光能,13.81,13.77,13.7,13.96,13.58,34983622.0,482230000.0,323.51,323.51,-7.38,1.59,1.49,1599000000,1899362200.0,2026-08-10,16:14:49
688600,皖仪科技,29.13,28.71,28.0,29.32,27.35,6324619.0,181620000.0,39.24,39.24,46.15,4.92,4.7,335994600,296467300.0,2026-08-10,16:14:50
688601,力芯微,41.65,41.08,42.0,42.68,40.53,3659324.0,151330000.0,55.68,55.68,216.53,4.51,2.74,172531000,193401400.0,2026-08-10,16:14:35
688602,康鹏科技,6.74,6.61,6.62,6.82,6.62,5090693.0,34100000.0,35.01,35.01,-32.59,1.29,0.98,254761400,254307900.0,2026-08-10,16:14:59
688603,天承科技,111.39,117.3,116.77,117.0,107.4,9178068.0,1015370000.0,138.93,138.93,142.28,11.52,7.36,429366300,488440500.0,2026-08-10,16:14:57
688605,先锋精科,78.46,75.9,75.45,78.87,75.2,6088842.0,468140000.0,158.79,85.01,92.49,9.63,5.62,326740100,282144100.0,2026-08-10,16:14:50
688606,奥泰生物,47.2,46.39,46.39,47.3,46.22,480019.0,22530000.0,37.42,37.42,20.98,0.98,0.61,23350400,24651500.0,2026-08-10,16:14:48
688607,康众医疗,47.52,48.0,48.0,48.6,46.78,2108966.0,100650000.0,41.88,37.7,-213.77,4.99,2.66,89244300,121652300.0,2026-08-10,16:14:33
688608,恒玄科技,110.35,112.31,111.46,112.27,108.37,5204610.0,571960000.0,261.4,261.4,53.07,3.76,2.2,243211200,277249800.0,2026-08-10,16:14:56
688609,九联科技,9.32,9.54,9.51,9.51,9.14,20117289.0,186040000.0,48.65,46.6,-34.95,5.05,4.02,731498500,1280230400.0,2026-08-10,16:14:58
688610,埃科光电,155.55,158.0,157.9,160.47,151.0,1542971.0,239310000.0,105.77,63.67,134.66,6.81,3.77,77365500,76931600.0,2026-08-10,16:14:37
688611,杭州柯林,61.15,60.1,60.01,61.85,59.4,1052111.0,63910000.0,93.8,93.8,-872.2,10.87,0.69,51526600,53684500.0,2026-08-10,16:14:43
688612,威迈斯,34.7,33.85,34.49,34.97,33.71,7100805.0,244150000.0,145.46,89.07,24.71,4.18,2.77,370520500,339560000.0,2026-08-10,16:14:44
688613,奥精医疗,15.75,15.45,15.51,16.03,15.31,3100103.0,48720000.0,21.58,21.58,151.87,1.51,2.26,182211500,127798800.0,2026-08-10,16:14:40
688615,合合信息,121.67,121.32,120.0,122.88,119.33,5759156.0,696860000.0,238.47,164.67,48.35,8.33,4.26,292138000,283777600.0,2026-08-10,16:14:51
688616,西力科技,10.77,10.51,10.46,10.83,10.4,1868229.0,20010000.0,19.32,19.32,19.01,2.25,1.04,112451700,74371200.0,2026-08-10,16:14:40
688617,惠泰医疗,211.01,208.5,208.58,215.79,208.3,1470238.0,312000000.0,298.64,298.64,34.45,10.38,1.04,80920700,66103100.0,2026-08-10,16:14:33
688618,三旺通信,28.93,29.09,29.53,29.61,28.43,2162414.0,62470000.0,31.84,31.84,117.29,3.95,1.96,108206700,108034700.0,2026-08-10,16:14:40
688619,罗普特,14.52,14.19,14.16,14.65,13.86,3520542.0,50110000.0,26.93,26.93,-12.66,4.09,1.9,175659100,176395100.0,2026-08-10,16:14:45
688620,安凯微,15.95,15.52,15.56,16.06,14.91,19802747.0,306420000.0,62.52,62.52,-45.35,4.91,5.05,1008776800,971497900.0,2026-08-10,16:14:37
688621,阳光诺和,64.3,64.88,64.86,66.88,63.23,3988602.0,259690000.0,72.02,72.02,36.95,5.84,3.56,186405300,212454900.0,2026-08-10,16:14:55
688622,*ST禾信,113.08,108.05,111.8,113.5,108.06,431255.0,47740000.0,79.68,79.68,-83.52,26.92,0.61,25599800,17525700.0,2026-08-10,16:14:53
688623,双元科技,59.78,60.1,59.89,60.54,59.12,350134.0,20830000.0,51.12,21.23,91.61,2.45,0.99,18897000,16116400.0,2026-08-10,16:14:58
688625,呈和科技,57.18,60.08,59.89,60.02,55.81,6554375.0,375730000.0,148.48,148.48,50.42,9.98,2.52,316054600,339382900.0,2026-08-10,16:14:59
688626,翔宇医疗,45.82,46.7,46.88,47.0,45.43,2766026.0,127650000.0,73.31,73.31,91.04,3.53,1.73,114301800,162300800.0,2026-08-10,16:14:37
688627,精智达,463.0,461.0,460.38,479.87,448.0,5096734.0,2358450000.0,435.81,435.81,453.09,25.26,5.41,264925400,244748000.0,2026-08-10,16:14:43
688628,优利德,66.49,68.86,67.6,69.13,65.03,3663151.0,242570000.0,74.31,74.31,44.06,5.95,3.28,162182200,204132900.0,2026-08-10,16:14:49
688629,华丰科技,149.3,150.55,153.04,153.55,145.68,12753776.0,1893970000.0,699.1,688.26,161.88,24.14,2.77,628024800,647352800.0,2026-08-10,16:14:55
688630,芯碁微装,430.3,426.99,431.03,437.0,418.0,5846435.0,2495960000.0,630.41,566.88,181.96,27.1,4.44,273205300,311438200.0,2026-08-10,16:14:32
688631,莱斯信息,43.1,42.2,42.17,43.25,41.69,1359477.0,58070000.0,70.46,70.46,122.67,3.76,0.83,80177400,55770300.0,2026-08-10,16:14:34
688633,星球石墨,24.58,24.18,24.18,24.63,24.0,2819152.0,68810000.0,41.88,41.88,18.57,2.51,1.65,136961300,144953900.0,2026-08-10,16:14:34
688636,智明达,20.0,19.7,20.09,20.24,19.22,9203339.0,180900000.0,34.78,34.78,31.14,2.49,5.29,430701200,489632700.0,2026-08-10,16:14:43
688638,誉辰智能,33.12,31.95,32.05,33.19,31.73,528905.0,17270000.0,18.55,8.76,-12.29,2.43,2.0,27838600,25051900.0,2026-08-10,16:14:59
688639,华恒生物,18.09,17.49,17.61,18.57,17.34,8776361.0,158630000.0,45.25,45.25,36.66,1.71,3.51,402356500,475279600.0,2026-08-10,16:14:54
688646,ST逸飞,74.0,72.7,73.0,74.72,72.2,658428.0,48530000.0,69.68,44.94,-84.97,4.93,1.08,32783600,33059200.0,2026-08-10,16:14:50
688648,中邮科技,32.25,31.68,32.11,32.38,31.13,1581229.0,50650000.0,43.86,22.42,7.09,2.04,2.27,85027500,73095400.0,2026-08-10,16:14:33
688651,盛邦安全,23.44,22.99,23.0,23.55,22.8,1426530.0,33170000.0,24.02,11.02,-48.08,2.63,3.03,77274700,65378300.0,2026-08-10,16:14:49
688652,京仪装备,160.7,149.71,155.0,167.0,150.06,9150062.0,1456200000.0,269.98,194.05,170.34,12.13,7.58,487473900,427532300.0,2026-08-10,16:14:39
688653,康希通信,13.92,14.22,14.11,14.28,13.7,14765536.0,205890000.0,59.09,44.04,-690.95,4.11,4.67,734817200,741736400.0,2026-08-10,16:15:00
688655,迅捷兴,35.71,38.66,37.99,38.6,34.34,13111861.0,469130000.0,47.63,47.63,-208.23,7.3,9.83,601305700,709880400.0,2026-08-10,16:14:41
688656,浩欧博,90.7,89.87,91.5,91.5,88.08,445576.0,39910000.0,57.61,57.61,265.01,7.07,0.7,21166900,23390700.0,2026-08-10,16:14:44
688657,浩辰软件,33.12,32.52,32.7,33.2,32.01,1656744.0,54250000.0,31.6,19.77,65.58,2.29,2.78,85505000,80169400.0,2026-08-10,16:14:36
688658,悦康药业,13.16,13.22,13.32,13.8,13.1,15034353.0,200850000.0,59.22,59.22,-24.05,1.8,3.34,698254600,805180700.0,2026-08-10,16:14:33
688659,元琛科技,10.04,9.86,9.67,10.16,9.67,2584657.0,25690000.0,16.06,16.06,-55.39,3.1,1.62,143165300,115300400.0,2026-08-10,16:14:34
688660,电气风电,9.05,8.88,8.88,9.19,8.73,20551032.0,185250000.0,120.67,120.67,-11.26,3.11,1.54,1055555100,999548100.0,2026-08-10,16:14:43
688661,和林微纳,103.45,108.57,107.01,109.8,99.99,7819539.0,806030000.0,157.13,157.13,-1639.72,13.06,5.15,375697600,406256300.0,2026-08-10,16:14:31
688662,富信科技,83.4,90.5,92.0,92.0,81.9,16110686.0,1367170000.0,95.66,95.66,240.6,13.6,14.05,753138000,857930600.0,2026-08-10,16:14:37
688663,新风光,52.22,53.6,54.03,54.99,51.25,3834919.0,200360000.0,103.0,103.0,144.05,7.6,1.94,157603300,225888600.0,2026-08-10,16:14:34
688665,四方光电,45.52,46.55,46.55,46.55,44.81,640391.0,29080000.0,46.06,46.06,34.5,4.02,0.63,31165100,32874000.0,2026-08-10,16:14:50
688667,菱电电控,88.81,89.69,89.69,90.8,87.13,505208.0,44600000.0,46.8,46.8,31.29,2.63,0.96,26061700,24459100.0,2026-08-10,16:14:58
688668,鼎通科技,239.0,247.9,248.0,251.54,230.02,5986952.0,1426100000.0,332.86,332.86,107.76,15.86,4.3,266030400,332664800.0,2026-08-10,16:14:56
688669,聚石化学,70.64,69.5,69.6,71.65,65.5,5517048.0,379280000.0,85.71,85.71,-38.43,7.89,4.55,260283100,291421700.0,2026-08-10,16:14:54
688670,金迪克,15.82,15.65,15.57,15.87,15.2,1607154.0,25080000.0,19.49,19.49,-10.63,1.81,1.3,85153700,75561700.0,2026-08-10,16:14:31
688671,碧兴物联,24.03,23.99,24.09,24.22,23.4,1329915.0,31610000.0,18.87,12.92,-20.43,1.89,2.47,66778000,66213500.0,2026-08-10,16:14:41
688676,金盘科技,70.0,69.33,73.06,74.0,68.68,15696709.0,1105710000.0,321.85,321.85,48.42,6.63,3.41,663429700,906241200.0,2026-08-10,16:14:34
688677,海泰新光,73.76,75.95,76.53,78.3,73.0,5852601.0,438110000.0,88.42,88.42,51.63,6.73,4.88,261557300,323702800.0,2026-08-10,16:14:57
688678,福立旺,18.0,19.19,18.93,19.19,17.67,19677158.0,356220000.0,72.56,72.56,83.75,3.14,4.88,835258400,1132457400.0,2026-08-10,16:14:50
688679,通源环境,33.3,35.28,35.19,35.6,32.5,5031027.0,168290000.0,43.85,43.85,-113.22,4.0,3.82,269089500,234013200.0,2026-08-10,16:14:42
688680,海优新材,35.95,35.07,35.13,36.06,34.72,1381559.0,49160000.0,35.08,35.08,-7.41,2.26,1.42,82059100,56096800.0,2026-08-10,16:15:00
688681,科汇股份,16.93,16.3,16.25,16.95,16.04,1606218.0,26690000.0,17.72,17.72,35.43,2.95,1.53,97068700,63553100.0,2026-08-10,16:15:00
688682,霍莱沃,31.9,31.67,31.89,32.14,30.98,1362204.0,43060000.0,32.49,32.49,-154.39,5.44,1.34,69518100,66702300.0,2026-08-10,16:14:40
688683,莱尔科技,32.18,32.14,32.45,32.8,31.33,2495000.0,80020000.0,51.84,51.84,115.37,4.33,1.55,111115900,138384100.0,2026-08-10,16:14:38
688685,迈信林,42.01,43.0,43.08,44.0,41.43,2995897.0,126240000.0,61.69,61.69,-303.98,7.77,2.04,118415600,181174100.0,2026-08-10,16:14:49
688686,奥普特,113.7,120.0,120.0,120.0,110.6,2061520.0,233960000.0,138.98,138.98,72.31,4.53,1.69,91578500,114573500.0,2026-08-10,16:14:34
688687,凯因科技,17.95,17.56,17.6,18.04,17.29,5354280.0,95120000.0,30.68,30.68,277.33,1.83,3.13,301486200,233941800.0,2026-08-10,16:14:35
688689,银河微电,40.25,40.62,41.6,42.31,39.02,11535980.0,463000000.0,58.33,58.33,57.78,4.26,7.96,563497600,590100400.0,2026-08-10,16:14:36
688690,纳微科技,43.31,42.0,42.69,44.46,41.95,22375230.0,971800000.0,174.89,174.89,99.98,8.73,5.54,1285256400,952266600.0,2026-08-10,16:14:32
688691,灿芯股份,67.45,68.35,68.17,68.4,65.92,5446539.0,362890000.0,80.94,49.21,-71.6,6.71,7.46,244111300,300542600.0,2026-08-10,16:14:58
688692,达梦数据,239.51,238.35,238.12,242.9,235.99,1347187.0,321730000.0,271.22,177.63,47.59,7.19,1.82,61694000,73024700.0,2026-08-10,16:14:34
688693,锴威特,85.2,93.38,96.0,96.8,79.3,8975366.0,779770000.0,62.78,33.15,-65.42,8.08,23.07,435806100,461730500.0,2026-08-10,16:14:46
688695,中创股份,20.24,19.7,19.66,20.72,18.9,2006904.0,39930000.0,17.21,10.81,-47.47,2.26,3.76,88483300,112207100.0,2026-08-10,16:14:53
688696,极米科技,73.71,67.42,66.75,74.47,66.73,2467809.0,177490000.0,51.61,51.61,39.38,1.77,3.52,146586000,100194900.0,2026-08-10,16:14:58
688697,纽威数控,14.72,14.61,14.55,15.01,14.33,11859187.0,174370000.0,94.25,94.25,30.45,5.52,1.85,535423800,650494900.0,2026-08-10,16:15:00
688698,伟创电气,48.72,50.11,50.5,50.87,48.5,3278945.0,160460000.0,104.76,104.76,41.18,4.47,1.52,155414800,172479700.0,2026-08-10,16:14:54
688699,明微电子,61.45,62.95,62.99,63.69,59.6,4548888.0,277800000.0,67.63,67.63,643.67,5.57,4.13,222236400,232652400.0,2026-08-10,16:14:33
688700,东威科技,59.05,62.79,62.25,62.25,56.66,24173523.0,1409880000.0,176.21,176.21,99.24,9.38,8.1,1159189300,1258163000.0,2026-08-10,16:14:53
688701,卓锦股份,8.22,7.75,7.79,8.24,7.55,3807274.0,30270000.0,11.04,11.04,-15.45,8.5,2.84,227600700,153126700.0,2026-08-10,16:14:52
688702,盛科通信-U,403.96,402.0,401.0,411.03,387.37,8831378.0,3530050000.0,1656.24,820.01,-1091.24,74.21,4.35,431218600,451919200.0,2026-08-10,16:14:49
688707,振华新材,10.86,10.73,10.77,10.93,10.72,5811416.0,62950000.0,55.25,55.25,-12.84,1.42,1.14,316996100,264145500.0,2026-08-10,16:14:48
688708,佳驰科技,46.55,46.42,46.01,46.78,45.81,893910.0,41500000.0,186.42,66.45,42.22,5.57,0.63,50981600,38409400.0,2026-08-10,16:14:32
688709,成都华微,27.01,27.12,27.05,27.4,26.45,4536829.0,121590000.0,172.01,59.89,266.18,5.97,2.05,204046200,249636700.0,2026-08-10,16:14:57
688710,益诺思,89.01,90.69,90.16,96.99,85.31,6219902.0,565650000.0,125.49,80.73,-526.68,5.37,6.86,308147400,313842800.0,2026-08-10,16:14:49
688711,宏微科技,24.91,25.68,25.8,25.82,24.57,9651771.0,241170000.0,53.99,53.99,318.73,5.13,4.45,390391000,574786100.0,2026-08-10,16:14:51
688716,中研股份,29.08,29.52,29.87,29.95,28.8,2039485.0,59320000.0,35.38,20.33,2540.34,3.06,2.92,116304500,87644000.0,2026-08-10,16:14:47
688717,艾罗能源,59.49,59.7,59.9,60.1,58.7,4598225.0,272890000.0,95.18,58.92,67.21,2.15,4.64,198508200,261314300.0,2026-08-10,16:14:45
688718,唯赛勃,13.87,13.55,13.6,13.97,13.3,1743519.0,23870000.0,24.1,24.1,47.91,2.99,1.0,88821600,85530300.0,2026-08-10,16:14:33
688719,爱科赛博,48.05,48.7,49.0,49.3,46.82,3650769.0,174000000.0,55.44,43.11,-131.7,3.3,4.07,179458800,185618100.0,2026-08-10,16:14:39
688720,艾森股份,66.47,65.7,65.75,67.09,64.27,5826425.0,383160000.0,81.52,51.97,153.54,7.96,7.45,281769500,300873000.0,2026-08-10,16:14:48
688721,龙图光罩,41.02,39.99,39.9,42.42,39.37,5406284.0,219660000.0,54.76,22.62,111.83,4.48,9.8,285618600,255009800.0,2026-08-10,16:14:38
688722,同益中,14.48,14.32,14.35,14.53,14.17,3997786.0,57420000.0,32.45,32.45,31.72,2.26,1.78,234283400,165495200.0,2026-08-10,16:14:32
688726,拉普拉斯,43.84,44.2,44.14,45.0,43.18,6922235.0,304010000.0,177.7,96.41,36.18,4.35,3.15,339978800,352244700.0,2026-08-10,16:14:54
688728,格科微,16.19,16.39,16.3,16.39,15.77,36563583.0,584700000.0,421.03,420.74,406.21,5.35,1.41,1754487600,1901870700.0,2026-08-10,16:14:42
688733,壹石通,28.82,29.01,29.2,29.33,28.28,4437805.0,127340000.0,57.58,57.58,-1174.52,2.78,2.22,211657800,232122700.0,2026-08-10,16:14:43
688737,中自科技,18.64,18.62,18.62,18.79,18.37,1271466.0,23660000.0,22.29,22.29,-36.71,1.26,1.06,63445800,63700800.0,2026-08-10,16:14:53
688739,成大生物,20.66,20.56,20.58,20.86,20.52,2592515.0,53650000.0,86.04,86.04,149.21,0.92,0.62,130110900,129140600.0,2026-08-10,16:14:43
688750,金天钛业,15.03,14.72,14.75,15.05,14.63,4206470.0,62430000.0,69.51,35.01,116.81,2.82,1.81,249692300,170954700.0,2026-08-10,16:14:59
688757,胜科纳米,32.41,33.56,33.53,33.9,31.6,9529213.0,308290000.0,130.71,58.73,226.25,15.02,5.26,415456000,537465300.0,2026-08-10,16:14:45
688758,赛分科技,29.65,28.97,29.7,31.09,28.61,20581781.0,611140000.0,123.48,88.41,89.28,9.1,6.9,1001551800,1056626300.0,2026-08-10,16:14:50
688766,普冉股份,374.5,393.63,392.93,397.58,353.38,17372113.0,6420810000.0,556.89,556.89,126.52,20.67,11.68,789932000,947279300.0,2026-08-10,16:14:57
688767,博拓生物,38.84,38.98,38.98,39.38,37.9,1811316.0,69530000.0,58.0,58.0,191.34,2.57,1.21,76834200,104297400.0,2026-08-10,16:14:48
688768,容知日新,45.28,45.68,45.86,45.86,44.32,520341.0,23370000.0,39.84,39.51,58.75,3.78,0.6,24303800,27730300.0,2026-08-10,16:15:00
688772,珠海冠宇,14.69,14.33,14.43,14.77,14.14,23807012.0,344520000.0,167.21,167.21,40.72,2.42,2.09,1426242300,954458900.0,2026-08-10,16:14:54
688776,国光电气,51.28,50.88,51.03,51.35,49.89,1609824.0,81770000.0,55.58,55.58,-39.42,3.26,1.49,75268500,85713900.0,2026-08-10,16:15:00
688777,中控技术,103.0,103.48,103.0,104.6,101.0,14724025.0,1507670000.0,814.93,810.82,205.75,8.3,1.87,724777900,747624600.0,2026-08-10,16:14:51
688778,厦钨新能,49.12,47.42,47.91,49.46,47.9,9173463.0,445770000.0,247.9,247.9,26.4,2.61,1.82,499543900,417802400.0,2026-08-10,16:14:39
688779,五矿新能,8.01,7.89,7.99,8.15,7.92,29912075.0,240500000.0,154.53,154.53,41.41,2.2,1.55,1447401400,1543806100.0,2026-08-10,16:14:40
688786,悦安新材,27.5,28.38,28.51,28.51,27.16,5922868.0,162970000.0,47.45,47.45,55.71,6.19,3.43,250052600,342234200.0,2026-08-10,16:14:48
688787,海天瑞声,109.42,111.8,111.8,112.68,108.0,1909613.0,208960000.0,66.01,66.01,298.01,8.86,3.17,82536900,108424400.0,2026-08-10,16:14:57
688788,科思科技,30.91,31.37,31.4,31.4,30.35,2926647.0,89860000.0,67.66,67.66,-22.16,3.85,1.34,148506400,144158300.0,2026-08-10,16:14:33
688789,宏华数科,45.93,45.09,45.28,45.93,44.87,1855971.0,84400000.0,82.79,82.79,17.94,2.36,1.03,91443600,94153500.0,2026-08-10,16:14:35
688793,倍轻松,19.65,17.55,17.19,19.7,16.5,6249597.0,115010000.0,16.7,16.7,-15.6,8.71,7.35,355342500,269617200.0,2026-08-10,16:14:51
688798,艾为电子,55.22,56.22,56.42,56.59,54.9,2663555.0,147610000.0,128.73,74.96,42.35,3.1,1.96,107581600,158773900.0,2026-08-10,16:14:51
688799,华纳药厂,46.19,47.03,48.0,48.88,45.65,4132292.0,193330000.0,61.73,61.73,27.56,2.97,3.09,197755000,215474200.0,2026-08-10,16:14:57
688800,瑞可达,55.09,58.31,57.83,58.66,54.01,14770442.0,820400000.0,158.87,158.87,56.26,6.73,5.12,562294300,914749900.0,2026-08-10,16:14:39
688819,天能股份,22.26,22.17,22.0,22.28,21.78,2912219.0,64380000.0,216.39,216.39,17.36,1.3,0.3,154022300,137199600.0,2026-08-10,16:14:48
688981,中芯国际,126.25,128.5,128.49,128.66,124.11,42765367.0,5374580000.0,10808.34,2524.45,214.21,5.68,2.14,1908137000,2368399700.0,2026-08-10,16:14:37
689009,九号公司-WD,42.35,40.09,39.8,42.53,39.8,12919683.0,538070000.0,311.63,238.1,20.7,4.72,2.3,773172600,518795700.0,2026-08-10,16:14:49
000001,平安银行,11.29,11.19,11.18,11.38,11.16,889060.0,1005590000.0,2190.93,2190.89,5.09,0.48,0.46,47008800,41897200.0,2026-08-10,16:14:27
000002,万  科Ａ,3.25,3.22,3.24,3.28,3.22,1213349.0,395490000.0,387.75,315.8,-0.44,0.35,1.25,63286900,58048000.0,2026-08-10,16:14:27
000003,PT金田A,2.71,2.71,0.0,0.0,0.0,0.0,0.0,9.04,5.2,78.43,-0.27,0.0,0,0.0,2026-08-10,09:00:00
000004,国华退,0.51,0.51,0.0,0.0,0.0,0.0,0.0,0.68,0.64,5.73,0.78,0.0,0,0.0,2026-08-10,09:00:00
000005,ST星源,0.83,0.83,0.0,0.0,0.0,0.0,0.0,8.79,8.78,-4.44,0.73,0.0,0,0.0,2026-08-10,09:00:00
000006,深振业Ａ,6.85,6.73,6.74,6.9,6.64,194579.0,132090000.0,92.47,92.47,-1051.56,1.72,1.44,11184000,8273900.0,2026-08-10,16:14:30
000007,全新好,10.38,9.66,9.74,10.38,9.65,111965.0,112080000.0,35.96,35.96,-1783.94,20.08,3.23,6340300,4856200.0,2026-08-10,16:14:33
000008,神州高铁,2.45,2.42,2.43,2.46,2.41,269272.0,65690000.0,66.55,66.55,-8.09,3.08,0.99,16944800,9982400.0,2026-08-10,16:14:27
000009,中国宝安,8.19,8.1,8.1,8.22,7.86,743275.0,601340000.0,211.24,210.98,406.8,2.11,2.89,41579400,32748100.0,2026-08-10,16:14:27
000010,*ST美丽,1.54,1.54,1.53,1.56,1.49,194137.0,29550000.0,17.7,14.13,-1042.74,6.02,2.12,10499300,8914400.0,2026-08-10,16:14:30
000011,深物业A,7.93,7.76,7.8,7.97,7.68,98574.0,77390000.0,47.26,41.75,2874.5,1.41,1.87,5261900,4595500.0,2026-08-10,16:14:36
000012,南  玻Ａ,3.88,3.85,3.88,3.89,3.82,250422.0,96740000.0,118.05,76.02,1058.22,0.91,1.28,13254300,11787900.0,2026-08-10,16:14:39
000013,*ST石化A,2.47,2.47,0.0,0.0,0.0,0.0,0.0,7.49,1.27,-1.55,-0.23,0.0,0,0.0,2026-08-10,09:00:00
000015,PT中浩A,6.85,6.85,0.0,0.0,0.0,0.0,0.0,10.77,1.8,-10.7,-0.55,0.0,0,0.0,2026-08-10,09:00:00
000016,*ST康佳A,2.57,2.56,2.56,2.57,2.52,136068.0,34660000.0,61.88,41.03,-0.48,-0.55,0.85,5049300,8557600.0,2026-08-10,16:14:30
000017,深中华A,6.3,6.18,6.16,6.3,6.11,89423.0,55720000.0,43.42,27.77,105.03,11.12,2.03,5476400,3465900.0,2026-08-10,16:14:30
000018,神城A退,0.27,0.27,0.0,0.0,0.0,0.0,0.0,4.59,2.69,-0.08,-0.35,0.0,0,0.0,2026-08-10,09:00:00
000019,深粮控股,6.21,6.11,6.1,6.23,6.07,121043.0,74690000.0,71.57,25.85,33.01,1.46,2.91,7272500,4831800.0,2026-08-10,16:14:42
000020,深华发Ａ,11.15,10.92,10.92,11.15,10.84,28619.0,31620000.0,31.57,20.2,90.93,7.11,1.58,1670800,1191100.0,2026-08-10,16:14:33
000021,深科技,40.2,40.85,41.1,41.2,39.28,1091512.0,4366480000.0,632.9,632.81,52.79,4.86,6.93,52308500,56842700.0,2026-08-10,16:14:36
000025,特  力Ａ,15.16,14.95,14.94,15.19,14.88,78076.0,117880000.0,65.35,59.55,46.05,3.61,1.99,4032300,3775300.0,2026-08-10,16:14:33
000026,飞亚达,19.07,17.34,17.29,19.07,17.29,156142.0,285070000.0,77.38,69.52,72.26,2.31,4.28,8825200,6789000.0,2026-08-10,16:14:36
000027,深圳能源,6.37,6.35,6.34,6.39,6.33,184236.0,117220000.0,303.05,303.05,15.14,0.93,0.39,8371500,10052100.0,2026-08-10,16:14:39
000028,国药一致,20.45,20.32,20.35,20.72,20.28,40865.0,83920000.0,125.2,107.54,11.43,0.67,0.78,2054000,2032500.0,2026-08-10,16:14:36
000029,深深房Ａ,22.31,22.14,22.14,22.66,21.72,47822.0,106050000.0,225.7,198.93,956.04,6.31,0.54,2405600,2376600.0,2026-08-10,16:14:27
000030,富奥股份,4.29,4.26,4.27,4.31,4.23,80626.0,34530000.0,73.78,71.68,11.11,0.89,0.48,4092300,3970300.0,2026-08-10,16:14:42
000031,大悦城,2.25,2.19,2.2,2.27,2.19,530518.0,119230000.0,96.44,96.44,-4.17,0.94,1.24,29525200,23526700.0,2026-08-10,16:14:45
000032,深桑达Ａ,14.5,14.8,14.87,14.88,14.26,363158.0,523520000.0,176.2,176.2,-100.45,2.4,2.99,15108900,21206900.0,2026-08-10,16:14:39
000033,新都退,1.7,1.7,0.0,0.0,0.0,0.0,0.0,7.31,7.31,-105.03,31.1,0.0,0,0.0,2026-08-10,09:00:00
000034,神州数码,24.4,25.13,25.05,25.15,24.15,388901.0,949190000.0,248.08,207.19,45.8,2.22,4.58,15096300,23793800.0,2026-08-10,16:14:42
000035,中国天楹,4.91,4.82,4.84,4.91,4.81,350790.0,170800000.0,117.25,113.57,40.51,1.09,1.52,17204200,17874800.0,2026-08-10,16:14:39
000036,华联控股,4.28,4.22,4.21,4.3,4.2,190209.0,80800000.0,60.08,60.05,66.43,1.17,1.36,9680300,9340600.0,2026-08-10,16:14:48
000037,深南电A,10.3,10.01,10.02,10.3,9.94,379234.0,386710000.0,62.08,34.91,33.49,3.72,11.19,21729500,16193900.0,2026-08-10,16:14:45
000038,大通退,0.52,0.52,0.0,0.0,0.0,0.0,0.0,2.72,1.3,-1.67,0.11,0.0,0,0.0,2026-08-10,09:00:00
000039,中集集团,8.89,8.41,8.44,8.9,8.42,525076.0,461610000.0,479.4,204.6,-420.46,1.03,2.28,30037300,22470300.0,2026-08-10,16:14:42
000040,*ST旭蓝,0.49,0.49,0.0,0.0,0.0,0.0,0.0,7.29,5.17,-2.06,0.07,0.0,0,0.0,2026-08-10,09:00:00
000042,中洲控股,8.47,8.39,8.43,8.51,8.39,31651.0,26810000.0,56.31,56.25,-5.09,2.48,0.48,1691800,1473300.0,2026-08-10,16:14:45
000045,深纺织Ａ,10.03,9.93,9.95,10.03,9.79,50575.0,50280000.0,50.8,45.84,72.82,1.71,1.11,2789600,2267900.0,2026-08-10,16:14:48
000046,*ST泛海,0.38,0.38,0.0,0.0,0.0,0.0,0.0,19.75,19.66,-0.11,-0.16,0.0,0,0.0,2026-08-10,09:00:00
000047,ST中侨,8.03,8.03,0.0,0.0,0.0,0.0,0.0,9.67,2.64,-7.64,-0.78,0.0,0,0.0,2026-08-10,09:00:00
000048,京基智农,21.87,21.4,21.87,21.98,20.9,143539.0,309180000.0,115.96,115.76,-60.93,3.09,2.71,6890900,7463000.0,2026-08-10,16:14:45
000049,德赛电池,24.88,24.66,24.66,24.88,24.45,69220.0,171290000.0,95.7,95.67,29.58,1.43,1.8,3595700,3326300.0,2026-08-10,16:14:48
000050,深天马Ａ,6.75,6.76,6.75,6.78,6.62,264826.0,177920000.0,164.41,164.41,-240.98,0.61,1.09,12217100,14265500.0,2026-08-10,16:14:30
000055,方大集团,3.53,3.41,3.41,3.53,3.4,131199.0,45710000.0,37.91,23.86,-7.29,0.68,1.94,8308400,4811500.0,2026-08-10,16:14:48
000056,*ST皇庭,1.97,2.14,2.14,2.15,1.94,445073.0,89680000.0,23.3,17.8,-0.87,-0.97,4.92,17413200,27094100.0,2026-08-10,16:14:33
000058,深 赛 格,6.76,6.67,6.68,6.82,6.59,64308.0,43310000.0,83.23,66.57,119.05,4.14,0.65,3077700,3353100.0,2026-08-10,16:14:36
000059,华锦股份,4.66,4.59,4.57,4.7,4.56,217870.0,101530000.0,74.53,74.53,-5.41,0.76,1.36,11783600,10003400.0,2026-08-10,16:14:51
000060,中金岭南,6.94,6.81,6.9,7.0,6.81,1558150.0,1076550000.0,308.22,308.21,29.86,1.56,3.51,78966200,76848800.0,2026-08-10,16:14:51
000061,农 产 品,5.89,5.79,5.76,5.92,5.75,219491.0,128700000.0,116.91,105.68,27.01,1.37,1.22,11388000,10561100.0,2026-08-10,16:14:51
000062,深圳华强,23.24,23.42,23.54,23.61,22.9,211972.0,489820000.0,243.07,242.83,43.54,3.59,2.03,8811300,12386000.0,2026-08-10,16:14:39
000063,中兴通讯,34.3,34.7,34.47,34.5,34.02,1045233.0,3572870000.0,1640.75,1381.47,36.66,2.2,2.6,43163100,61360200.0,2026-08-10,16:14:42
000065,北方国际,9.22,9.11,9.08,9.25,9.01,211068.0,193120000.0,107.08,98.19,16.3,0.97,1.98,11453400,9653300.0,2026-08-10,16:14:54
000066,中国长城,14.71,14.82,14.82,14.87,14.45,852240.0,1244530000.0,474.52,474.48,2352.13,4.34,2.64,36754800,48469200.0,2026-08-10,16:14:45
000068,华控赛格,2.93,2.86,2.86,2.95,2.85,146322.0,42670000.0,29.5,29.5,-28.01,5.04,1.45,9018800,5613400.0,2026-08-10,16:14:54
000069,华侨城Ａ,1.84,1.85,1.85,1.87,1.83,651196.0,120120000.0,147.89,126.93,-1.02,0.43,0.94,29311000,35808600.0,2026-08-10,16:14:51
000070,特发信息,14.45,14.65,14.72,14.8,14.11,464231.0,664370000.0,125.48,123.8,-25.61,15.55,5.42,20346600,26076500.0,2026-08-10,16:14:57
000078,ST海王,1.77,1.74,1.71,1.83,1.7,1205833.0,213320000.0,46.57,46.47,-8.14,3.75,4.59,64826500,55756800.0,2026-08-10,16:14:54
000090,天健集团,3.5,3.37,3.37,3.58,3.35,287239.0,100410000.0,65.4,65.4,40.93,0.59,1.54,16404500,12319400.0,2026-08-10,16:14:03
000096,广聚能源,7.9,7.77,7.77,7.91,7.73,60116.0,47250000.0,41.71,40.36,37.07,1.51,1.18,3527500,2484100.0,2026-08-10,16:14:57
000099,中信海直,14.45,14.2,14.2,14.49,14.13,88621.0,127200000.0,112.1,112.1,36.09,2.03,1.14,4713800,4148300.0,2026-08-10,16:14:06
000100,TCL科技,4.87,4.86,4.86,4.88,4.77,4791213.0,2312810000.0,1013.0,979.6,20.02,1.67,2.38,216635200,262486100.0,2026-08-10,16:14:48
000150,*ST宜康,0.51,0.51,0.0,0.0,0.0,0.0,0.0,4.48,4.11,-0.43,-0.52,0.0,0,0.0,2026-08-10,09:00:00
000151,中成股份,10.17,9.93,9.93,10.17,9.84,65968.0,66160000.0,35.69,31.32,9.01,4.08,2.14,4010600,2586200.0,2026-08-10,16:14:09
000153,丰原药业,5.84,5.61,5.62,5.85,5.62,167340.0,96380000.0,27.14,26.8,27.58,1.27,3.65,10045700,6688300.0,2026-08-10,16:15:00
000155,川能动力,12.49,12.04,12.16,12.5,12.11,557774.0,688380000.0,230.59,230.59,43.31,2.15,3.02,32340900,23436600.0,2026-08-10,16:14:03
000158,常山北明,13.56,13.56,13.55,13.63,13.28,242762.0,327610000.0,216.77,215.32,685.43,4.12,1.53,11499400,12776800.0,2026-08-10,16:14:12
000159,国际实业,5.79,5.62,5.62,5.8,5.6,98944.0,56740000.0,27.83,27.83,75.84,1.36,2.06,5825900,4068500.0,2026-08-10,16:14:54
000802,北京文化,4.7,4.27,4.7,4.7,4.5,1021879.0,479990000.0,33.65,33.63,-16.03,5.51,14.28,3585900,98602000.0,2026-08-10,16:14:09
000805,*ST炎黄,1.88,1.88,0.0,0.0,0.0,0.0,0.0,1.2,0.39,3.01,327.75,0.0,0,0.0,2026-08-10,09:00:00
000819,岳阳兴长,12.05,11.93,11.94,12.15,11.85,42093.0,50640000.0,44.53,44.11,-70.81,2.14,1.15,2228900,1980400.0,2026-08-10,16:14:18
000823,超声电子,14.92,15.14,15.29,15.4,14.49,694955.0,1029620000.0,88.77,88.76,41.54,1.9,11.68,31843900,37651600.0,2026-08-10,16:14:27
000827,*ST长兴,1.16,1.16,0.0,0.0,0.0,0.0,0.0,0.77,0.34,-0.7,-9.53,0.0,0,0.0,2026-08-10,09:00:00
000828,东莞控股,9.99,9.94,9.94,10.05,9.9,61483.0,61380000.0,103.85,103.85,11.68,1.02,0.59,3334000,2814300.0,2026-08-10,16:14:33
000851,*ST高鸿,0.38,0.38,0.0,0.0,0.0,0.0,0.0,4.4,4.3,-0.64,2.91,0.0,0,0.0,2026-08-10,09:00:00
000852,石化机械,5.32,5.27,5.27,5.35,5.24,100738.0,53420000.0,50.85,50.55,-3668.41,1.63,1.06,5915800,4158000.0,2026-08-10,16:14:24
000856,冀东装备,8.04,7.84,7.86,8.06,7.77,43798.0,34880000.0,18.25,18.25,149.22,4.46,1.93,2578500,1801300.0,2026-08-10,16:14:27
000858,五 粮 液,76.19,75.11,75.32,76.7,75.27,450511.0,3430640000.0,2957.4,2957.33,23.47,2.51,1.16,23681200,21369800.0,2026-08-10,16:14:36
000863,三湘印象,4.24,4.0,4.0,4.28,3.99,246163.0,102250000.0,50.06,49.32,-32.41,1.15,2.12,14511700,10104600.0,2026-08-10,16:14:45
000869,张  裕Ａ,17.56,17.54,17.5,17.85,17.37,21681.0,38280000.0,115.41,79.92,190.7,1.12,0.48,985700,1182400.0,2026-08-10,16:14:33
000901,航天科技,15.27,15.06,15.13,15.38,14.7,216882.0,327160000.0,121.89,121.88,137.07,2.87,2.72,11243400,10444800.0,2026-08-10,16:15:00
000903,ST云动,1.85,1.87,1.86,1.87,1.83,138227.0,25460000.0,35.79,35.52,-3.57,5.82,0.72,4958300,8864400.0,2026-08-10,16:14:06
000905,厦门港务,8.79,8.54,8.55,8.8,8.49,96961.0,84400000.0,135.57,65.2,66.07,1.49,1.31,5413000,4283100.0,2026-08-10,16:14:09
000906,浙商中拓,5.52,5.42,5.42,5.54,5.39,62967.0,34590000.0,39.17,38.71,18.03,0.81,0.9,3803700,2493000.0,2026-08-10,16:14:03
000913,钱江摩托,11.55,11.48,11.51,11.64,11.4,37309.0,43130000.0,60.8,60.07,7.14,1.21,0.72,1738400,1992500.0,2026-08-10,16:14:12
000918,*ST嘉凯,0.49,0.49,0.0,0.0,0.0,0.0,0.0,8.84,8.84,-0.91,-3.63,0.0,0,0.0,2026-08-10,09:00:00
000928,中钢国际,5.14,5.07,5.07,5.16,5.03,163669.0,83720000.0,73.74,73.74,16.83,0.89,1.14,8635900,7731000.0,2026-08-10,16:14:21
000932,华菱钢铁,3.73,3.73,3.72,3.77,3.71,786707.0,294060000.0,255.6,255.6,11.38,0.47,1.15,36962700,41708000.0,2026-08-10,16:14:21
000933,神火股份,27.34,26.83,27.04,27.75,26.86,588726.0,1605850000.0,614.88,614.49,8.93,2.22,2.62,28387900,30484700.0,2026-08-10,16:14:51
000935,四川双马,22.94,22.18,21.9,23.01,21.71,77076.0,173660000.0,175.13,175.13,72.81,2.24,1.01,4179400,3528300.0,2026-08-10,16:14:54
000958,电投产融,5.48,5.47,5.47,5.5,5.45,132169.0,72410000.0,1003.75,295.01,30.45,2.0,0.25,5493500,7723400.0,2026-08-10,16:14:09
000966,长源电力,4.23,4.18,4.18,4.24,4.15,445604.0,187240000.0,147.25,147.25,131.4,1.09,1.28,23591600,20968800.0,2026-08-10,16:14:12
000971,*ST高升,0.55,0.55,0.0,0.0,0.0,0.0,0.0,5.77,4.66,-1.52,36.3,0.0,0,0.0,2026-08-10,09:00:00
000982,中银绒业,0.18,0.18,0.0,0.0,0.0,0.0,0.0,7.67,7.67,-4.69,0.72,0.0,0,0.0,2026-08-10,09:00:00
000987,越秀资本,7.83,7.75,7.74,7.88,7.72,242568.0,189370000.0,392.84,392.54,9.44,1.2,0.48,12824500,11432300.0,2026-08-10,16:14:24
000989,九芝堂,9.5,9.48,9.52,9.65,9.39,493123.0,468340000.0,81.31,65.94,30.0,2.25,7.1,21622900,27689400.0,2026-08-10,16:14:15
000990,诚志股份,6.92,6.73,6.8,7.15,6.8,767305.0,532700000.0,117.73,117.73,166.42,0.66,4.51,35325100,41405400.0,2026-08-10,16:14:18
000991,通海高科,7.36,7.36,0.0,0.0,0.0,0.0,0.0,33.12,,32.37,0.0,,0,0.0,2026-08-10,09:00:00
000993,闽东电力,10.47,10.23,10.23,10.52,10.15,140453.0,145800000.0,47.95,47.95,234.44,1.95,3.07,8756500,5288800.0,2026-08-10,16:14:42
000998,隆平高科,8.38,8.21,8.2,8.41,8.2,219934.0,183120000.0,123.14,110.15,332.02,1.83,1.67,12290000,9703400.0,2026-08-10,16:14:45
