股票代码,股票名称,当前价,昨收价,开盘价,最高价,最低价,成交量,成交额,总市值,流通市值,市盈率,市净率,换手率,买盘总量,卖盘总量,交易日期,更新时间
000001,平安银行,10.52,10.78,10.74,10.77,10.52,1426893.0,1511010000.0,2041.5,2041.47,4.74,0.45,0.74,51624200,91065200.0,2026-06-18,16:14:45
000002,万  科Ａ,3.06,3.09,3.12,3.16,3.05,1615083.0,500690000.0,365.08,297.34,-0.41,0.33,1.66,82310300,79198000.0,2026-06-18,16:14:45
000004,*ST国华,2.76,2.76,0.0,0.0,0.0,0.0,0.0,3.65,3.49,30.99,4.21,0.0,0,0.0,2026-06-18,16:14:48
000006,深振业Ａ,8.21,7.74,7.75,8.51,7.72,616634.0,507010000.0,110.83,110.83,-1260.34,2.06,4.57,30790400,30873000.0,2026-06-18,16:14:48
000007,全新好,13.68,13.64,13.6,14.0,13.35,77215.0,105150000.0,47.39,47.39,-2351.09,26.46,2.23,4385400,3336100.0,2026-06-18,16:14:51
000008,神州高铁,2.45,2.5,2.5,2.5,2.44,212450.0,52310000.0,66.55,66.55,-8.09,3.08,0.78,7725400,13519600.0,2026-06-18,16:14:54
000009,中国宝安,6.84,6.99,6.97,6.97,6.8,251156.0,172420000.0,176.42,176.2,339.75,1.76,0.97,9475100,15640600.0,2026-06-18,16:14:51
000010,*ST美丽,1.9,2.0,1.98,2.02,1.9,274263.0,53060000.0,21.84,16.59,-1286.5,7.42,3.14,11439500,15986800.0,2026-06-18,16:14:45
000011,深物业A,7.33,7.44,7.4,7.9,7.32,92796.0,70530000.0,43.69,38.59,2657.01,1.3,1.76,4012700,5267000.0,2026-06-18,16:14:57
000012,南  玻Ａ,4.3,4.63,4.46,4.49,4.26,1065364.0,460640000.0,130.83,84.25,1172.77,1.0,5.44,42700000,63836400.0,2026-06-18,16:14:45
000014,沙河股份,9.93,9.89,9.86,10.28,9.66,65381.0,65380000.0,24.04,24.04,-15.78,1.74,2.7,3495100,3043100.0,2026-06-18,16:14:48
000016,*ST康佳A,2.68,2.82,2.82,2.83,2.68,296530.0,80710000.0,64.53,42.79,-0.5,-0.57,1.86,8595200,21057800.0,2026-06-18,16:15:00
000017,深中华A,5.15,5.16,5.16,5.23,5.01,63642.0,32720000.0,35.49,22.7,85.86,9.09,1.44,3107600,3256600.0,2026-06-18,16:14:45
000019,深粮控股,6.16,6.22,6.19,6.21,6.06,60458.0,37180000.0,71.0,25.64,32.74,1.4,1.45,3014300,3031500.0,2026-06-18,16:14:51
000020,深华发Ａ,11.54,11.87,11.86,11.86,11.47,33953.0,39390000.0,32.68,20.91,94.11,7.35,1.87,1583400,1811900.0,2026-06-18,16:14:54
000021,深科技,44.04,42.91,42.85,46.18,42.31,1886099.0,8236410000.0,693.35,693.25,57.83,5.33,11.98,96266400,92343500.0,2026-06-18,16:14:03
000025,特  力Ａ,15.37,15.87,15.7,16.3,15.28,94710.0,148000000.0,66.25,60.37,46.69,3.56,2.41,3332300,6138700.0,2026-06-18,16:14:06
000026,飞亚达,21.31,21.32,21.2,21.5,20.37,115744.0,243340000.0,86.47,77.69,80.74,2.58,3.17,6162300,5412200.0,2026-06-18,16:14:09
000027,深圳能源,6.88,7.37,7.32,7.39,6.88,761740.0,537560000.0,327.31,327.31,16.36,0.98,1.6,27670700,48503300.0,2026-06-18,16:14:48
000028,国药一致,22.6,22.66,22.68,22.85,22.47,19329.0,43790000.0,125.78,108.04,11.48,0.67,0.4,735900,1197000.0,2026-06-18,16:14:57
000029,深深房Ａ,29.23,28.57,28.85,29.35,27.9,98764.0,285090000.0,295.71,260.63,1252.58,8.26,1.11,4837700,5038700.0,2026-06-18,16:14:51
000030,富奥股份,4.26,4.29,4.28,4.31,4.23,87049.0,37190000.0,73.26,71.18,11.03,0.86,0.52,3550200,5154700.0,2026-06-18,16:14:54
000031,大悦城,2.33,2.37,2.37,2.39,2.3,393127.0,91960000.0,99.87,99.87,-4.32,0.98,0.92,17062500,22250200.0,2026-06-18,16:14:54
000032,深桑达Ａ,24.6,23.22,23.35,25.54,23.23,1473955.0,3666820000.0,298.93,267.98,-170.41,4.06,13.53,80301700,67093700.0,2026-06-18,16:14:48
000034,神州数码,26.58,26.69,26.57,26.99,26.28,369142.0,980770000.0,270.25,225.7,49.89,2.42,4.35,16725500,20188700.0,2026-06-18,16:14:51
000035,中国天楹,5.07,5.1,5.09,5.12,4.99,278130.0,140350000.0,121.07,117.27,41.83,1.13,1.2,12594900,15218200.0,2026-06-18,16:14:54
000036,华联控股,4.9,5.14,5.12,5.12,4.89,273835.0,136080000.0,68.79,68.75,76.05,1.34,1.95,10217700,17165800.0,2026-06-18,16:14:57
000037,深南电A,10.37,11.52,11.31,11.31,10.37,478538.0,512080000.0,62.51,35.14,33.72,3.7,14.12,18810600,29043200.0,2026-06-18,16:15:00
000039,中集集团,8.88,9.09,9.09,9.28,8.84,540773.0,486060000.0,478.86,204.36,-419.98,1.02,2.35,23459700,30617500.0,2026-06-18,16:15:00
000040,*ST旭蓝,0.49,0.49,0.0,0.0,0.0,0.0,0.0,7.29,5.17,-2.06,0.07,0.0,0,0.0,2026-06-18,09:00:00
000042,中洲控股,8.93,9.09,9.14,9.15,8.92,44242.0,39850000.0,59.37,59.3,-5.36,2.62,0.67,1970400,2453900.0,2026-06-18,16:14:57
000045,深纺织Ａ,10.73,11.2,11.11,11.16,10.72,68716.0,74520000.0,54.35,49.04,77.91,1.83,1.5,2772900,4098700.0,2026-06-18,16:14:03
000048,京基智农,18.86,19.13,19.05,19.49,17.84,315713.0,585750000.0,100.0,99.83,-52.54,2.66,5.96,15751600,15819700.0,2026-06-18,16:14:57
000049,德赛电池,24.05,24.38,24.25,24.7,24.01,59354.0,143890000.0,92.51,92.48,28.59,1.38,1.54,2701300,3234100.0,2026-06-18,16:14:06
000050,深天马Ａ,8.94,9.14,9.0,9.12,8.69,1333371.0,1184700000.0,217.76,217.76,-319.16,0.81,5.47,67648900,65688200.0,2026-06-18,16:15:00
000055,方大集团,3.65,3.82,3.78,3.8,3.61,241163.0,89510000.0,39.2,24.67,-7.53,0.7,3.57,7921800,16194500.0,2026-06-18,16:15:00
000056,*ST皇庭,1.67,1.68,1.67,1.74,1.64,273190.0,46240000.0,19.75,15.09,-0.74,-0.82,3.02,11876100,15442900.0,2026-06-18,16:14:03
000058,深 赛 格,6.63,6.77,6.76,6.76,6.59,83351.0,55480000.0,81.63,65.29,116.76,4.07,0.85,4206200,4128900.0,2026-06-18,16:14:03
000059,华锦股份,4.02,4.13,4.09,4.11,3.99,261462.0,105450000.0,64.3,64.3,-4.67,0.66,1.63,11344000,14802200.0,2026-06-18,16:14:06
000060,中金岭南,8.01,7.97,8.04,8.28,7.85,2504299.0,2018700000.0,355.74,355.73,34.46,1.78,5.64,121874300,128555700.0,2026-06-18,16:14:03
000061,农 产 品,5.86,5.84,5.85,6.22,5.77,271879.0,161590000.0,116.32,105.15,26.87,1.35,1.52,13354000,13834000.0,2026-06-18,16:14:09
000062,深圳华强,32.06,31.75,31.46,32.49,31.35,604189.0,1931040000.0,335.32,334.99,60.07,4.96,5.78,27381800,33037200.0,2026-06-18,16:14:12
000063,中兴通讯,37.89,37.64,37.41,38.64,37.01,2180738.0,8270110000.0,1812.48,1526.07,40.5,2.36,5.41,115966300,102107500.0,2026-06-18,16:14:06
000065,北方国际,12.32,12.76,12.71,12.78,12.05,310114.0,382090000.0,143.09,120.12,21.78,1.3,3.18,13270200,17741200.0,2026-06-18,16:14:09
000066,中国长城,17.84,17.81,17.46,18.38,17.35,3198987.0,5739190000.0,575.48,575.44,2852.62,5.26,9.92,159609600,160289100.0,2026-06-18,16:14:09
000068,华控赛格,3.27,3.43,3.42,3.42,3.22,402294.0,133240000.0,32.92,32.92,-31.26,5.62,4.0,14484300,25745100.0,2026-06-18,16:14:12
000069,华侨城Ａ,1.78,1.8,1.79,1.81,1.75,330847.0,59060000.0,143.07,122.8,-0.99,0.42,0.48,15517800,17566900.0,2026-06-18,16:14:06
000070,特发信息,20.73,20.66,20.76,21.2,20.33,1076960.0,2232680000.0,180.02,177.6,-36.73,22.31,12.57,57253100,50442900.0,2026-06-18,16:14:12
000078,ST海王,1.47,1.55,1.51,1.53,1.47,852937.0,127210000.0,38.68,38.59,-6.76,3.12,3.25,32952400,52341300.0,2026-06-18,16:14:15
000088,盐 田 港,4.3,4.33,4.34,4.35,4.26,152223.0,65330000.0,223.58,136.0,15.16,1.21,0.48,5289900,9932400.0,2026-06-18,16:14:09
000089,深圳机场,6.19,6.39,6.36,6.39,6.18,147980.0,92340000.0,126.94,126.94,20.46,1.07,0.72,4541300,10256700.0,2026-06-18,16:14:18
000090,天健集团,3.39,3.45,3.44,3.46,3.35,197113.0,66950000.0,63.34,63.34,39.64,0.56,1.05,8516400,11194900.0,2026-06-18,16:14:21
000096,广聚能源,7.46,7.55,7.55,7.58,7.4,43585.0,32600000.0,39.39,38.11,35.01,1.43,0.85,2520500,1838000.0,2026-06-18,16:14:15
000099,中信海直,15.87,16.56,16.38,16.4,15.78,184270.0,293700000.0,123.11,123.11,39.64,2.23,2.38,7948900,10478100.0,2026-06-18,16:14:12
000100,TCL科技,5.0,5.12,5.21,5.24,4.98,18041617.0,9165950000.0,1040.04,956.6,20.55,1.71,9.43,816944400,987217300.0,2026-06-18,16:14:12
000151,中成股份,13.24,13.94,13.89,13.9,13.23,159996.0,214400000.0,46.46,40.77,11.73,5.31,5.2,6763300,9236300.0,2026-06-18,16:14:15
000153,丰原药业,5.28,5.26,5.25,5.32,5.19,48340.0,25460000.0,24.54,24.23,24.93,1.15,1.05,2371100,2463000.0,2026-06-18,16:14:15
000155,川能动力,12.87,13.34,13.21,13.34,12.85,352294.0,458320000.0,237.6,237.6,44.62,2.21,1.91,14287500,20941900.0,2026-06-18,16:14:18
000156,华数传媒,6.79,6.71,6.74,6.89,6.61,95719.0,64870000.0,125.81,115.42,28.05,0.83,0.56,5104600,4467300.0,2026-06-18,16:14:18
000157,中联重科,7.58,7.63,7.63,7.67,7.47,643214.0,487530000.0,655.56,535.88,15.13,1.12,0.91,29204700,35116700.0,2026-06-18,16:14:24
000158,常山北明,14.52,14.51,14.46,14.65,14.22,261804.0,379510000.0,232.12,230.56,733.95,4.41,1.65,11796400,14384000.0,2026-06-18,16:14:21
000159,国际实业,5.75,5.76,5.74,5.95,5.66,147424.0,85330000.0,27.64,27.64,75.32,1.34,3.07,7204900,7537500.0,2026-06-18,16:14:24
000166,申万宏源,4.41,4.57,4.56,4.57,4.4,1089746.0,486980000.0,1104.26,993.82,11.17,0.96,0.48,43366600,65608000.0,2026-06-18,16:14:15
000301,东方盛虹,11.59,12.27,12.1,12.13,11.46,277762.0,325320000.0,766.24,765.88,62.55,2.21,0.42,11669400,16106900.0,2026-06-18,16:14:21
000333,美的集团,78.0,79.22,79.23,79.49,77.8,363668.0,2850860000.0,5938.48,5352.55,13.44,2.56,0.53,15863500,20503300.0,2026-06-18,16:14:24
000338,潍柴动力,30.09,29.28,29.66,31.38,29.5,1324102.0,4043330000.0,2606.44,1490.43,23.05,2.73,2.67,62950900,69459300.0,2026-06-18,16:14:27
000400,许继电气,22.88,23.04,23.05,23.12,22.43,222823.0,505640000.0,233.06,231.48,21.77,1.9,2.2,10468700,11813600.0,2026-06-18,16:14:27
000401,金隅冀东,3.66,3.74,3.74,3.75,3.65,69642.0,25650000.0,97.29,96.31,99.92,0.37,0.26,2359200,4605000.0,2026-06-18,16:14:30
000402,金 融 街,2.67,2.71,2.69,2.7,2.64,343065.0,91540000.0,79.8,79.8,-1.71,0.4,1.15,14437500,19869000.0,2026-06-18,16:14:33
000403,派林生物,10.81,11.38,10.6,11.42,10.6,340212.0,373300000.0,102.74,101.69,29.09,1.27,3.62,19106800,14914400.0,2026-06-18,16:14:18
000404,长虹华意,7.55,7.63,7.63,7.73,7.55,119329.0,90730000.0,52.55,52.3,10.31,1.25,1.72,5979900,5953000.0,2026-06-18,16:14:27
000407,胜利股份,3.93,3.9,3.88,3.95,3.83,125612.0,48850000.0,34.59,34.42,21.05,1.12,1.43,7099400,5461800.0,2026-06-18,16:14:18
000408,藏格矿业,76.42,77.18,76.26,79.44,75.11,151432.0,1166110000.0,1198.96,1198.95,25.63,6.8,0.97,7402600,7740600.0,2026-06-18,16:14:30
000409,云鼎科技,8.69,8.91,8.9,8.91,8.69,53596.0,47000000.0,58.9,51.31,83.31,3.59,0.91,1844700,3514900.0,2026-06-18,16:14:33
000410,沈阳机床,5.11,5.08,5.08,5.14,4.95,197365.0,99980000.0,135.37,100.72,-255.29,3.24,1.0,10392900,9343600.0,2026-06-18,16:14:36
000411,英特集团,9.59,9.86,9.95,9.95,9.58,53278.0,51550000.0,54.17,54.06,11.27,1.0,0.95,2003600,3324200.0,2026-06-18,16:14:36
000415,渤海租赁,4.34,4.38,4.36,4.39,4.26,656539.0,284220000.0,268.41,234.05,-159.95,0.9,1.22,33300400,32353600.0,2026-06-18,16:14:21
000417,合百集团,7.89,7.77,7.69,7.96,7.65,792311.0,618950000.0,61.53,61.47,41.23,1.29,10.17,39246300,39984800.0,2026-06-18,16:14:39
000419,通程控股,4.67,4.74,4.73,4.84,4.66,42653.0,20050000.0,25.39,25.39,17.81,0.74,0.78,1990200,2275100.0,2026-06-18,16:14:21
000420,吉林化纤,4.23,4.31,4.32,4.37,4.22,618852.0,264480000.0,104.01,103.97,249.36,2.34,2.52,22831700,39053400.0,2026-06-18,16:14:30
000421,南京公用,5.26,5.38,5.35,5.36,5.25,59537.0,31440000.0,30.21,30.21,34.51,1.09,1.04,2341100,3612600.0,2026-06-18,16:14:42
000422,湖北宜化,13.13,13.33,13.3,13.33,12.93,225671.0,295110000.0,142.8,138.9,16.67,2.4,2.13,9566900,13000200.0,2026-06-18,16:14:33
000423,东阿阿胶,45.68,47.32,47.03,47.3,45.5,83701.0,385060000.0,294.17,293.65,16.63,2.98,1.3,4019100,4351000.0,2026-06-18,16:14:39
000425,徐工机械,8.99,9.25,9.19,9.26,8.86,1213517.0,1095000000.0,1052.84,806.57,15.98,1.69,1.35,49929900,71421800.0,2026-06-18,16:14:24
000426,兴业银锡,39.57,40.61,40.6,41.16,38.8,764831.0,3055760000.0,702.62,702.45,26.34,6.49,4.31,35613100,40870100.0,2026-06-18,16:14:45
000428,华天酒店,3.22,3.17,3.15,3.27,3.14,112528.0,36170000.0,32.81,32.81,-15.67,2.57,1.1,5979400,5273400.0,2026-06-18,16:14:36
000429,粤高速Ａ,13.56,13.38,13.38,13.6,13.27,49503.0,66720000.0,283.51,176.73,17.77,2.46,0.38,2857900,2092400.0,2026-06-18,16:14:39
000430,张家界,7.47,7.43,7.47,7.5,7.27,70412.0,52280000.0,60.48,27.68,-28.51,3.33,1.9,3737700,3303500.0,2026-06-18,16:14:27
000488,ST晨鸣,2.08,2.08,2.08,2.1,2.06,66871.0,13910000.0,61.18,35.24,-0.83,14.69,0.39,2533400,4153700.0,2026-06-18,16:14:42
000498,山东路桥,5.0,5.08,5.08,5.09,4.99,67226.0,33700000.0,77.62,72.47,3.62,0.46,0.46,2040400,4682200.0,2026-06-18,16:14:42
000501,武商集团,6.97,7.05,7.02,7.03,6.9,62918.0,43770000.0,53.6,53.54,33.24,0.49,0.82,3120900,3170900.0,2026-06-18,16:14:45
000503,国新健康,6.88,7.02,7.0,7.0,6.86,95101.0,65670000.0,67.37,67.37,-16.55,7.02,0.97,3683700,5826300.0,2026-06-18,16:14:45
000504,南华生物,7.84,7.88,7.84,8.06,7.67,69594.0,54370000.0,25.87,25.8,61.39,9.35,2.11,3736100,3223400.0,2026-06-18,16:14:24
000505,京粮控股,5.32,5.39,5.36,5.41,5.29,51188.0,27330000.0,38.67,33.64,-14.28,1.35,0.81,2383600,2735200.0,2026-06-18,16:14:48
000506,招金黄金,14.72,15.46,14.91,15.25,14.6,480237.0,715900000.0,136.75,136.71,39.14,15.38,5.17,22262700,25761000.0,2026-06-18,16:14:51
000507,珠海港,4.75,4.86,4.85,4.85,4.73,62187.0,29650000.0,43.69,42.86,18.9,0.73,0.69,2077100,4141600.0,2026-06-18,16:14:27
000509,华塑控股,4.06,4.18,4.14,4.16,3.97,660166.0,267650000.0,43.57,43.57,-310.26,36.03,6.15,28193400,37823200.0,2026-06-18,16:14:30
000510,新金路,22.1,22.02,21.93,22.38,21.46,549231.0,1202500000.0,143.33,134.06,-58.63,13.9,9.05,26506700,28416400.0,2026-06-18,16:14:48
000513,丽珠集团,29.3,29.48,29.41,29.57,29.02,43676.0,128080000.0,260.16,166.46,13.25,1.97,0.77,2231000,2136600.0,2026-06-18,16:14:33
000514,渝 开 发,3.93,3.99,3.97,4.0,3.88,71198.0,28090000.0,33.16,33.16,-23.58,0.9,0.84,3454500,3665300.0,2026-06-18,16:14:54
000516,国际医学,4.17,4.03,4.03,4.3,4.01,493318.0,206660000.0,93.36,91.94,-36.6,2.86,2.24,27513700,21818100.0,2026-06-18,16:14:48
000517,荣安地产,1.8,1.89,1.88,1.89,1.76,654153.0,118890000.0,57.31,44.86,-4.8,1.23,2.63,24242600,41172700.0,2026-06-18,16:14:51
000518,四环生物,3.12,3.14,3.14,3.15,3.09,288322.0,89650000.0,32.12,32.12,-98.86,9.94,2.8,12707100,16125100.0,2026-06-18,16:14:57
000519,中兵红箭,20.34,19.98,20.03,20.88,19.96,958250.0,1960390000.0,283.25,283.25,125.73,2.72,6.88,51355700,44469400.0,2026-06-18,16:14:30
000520,凤凰航运,4.39,4.53,4.55,4.58,4.35,362248.0,159620000.0,44.43,44.43,-116.49,10.55,3.58,13738500,22486300.0,2026-06-18,16:14:54
000521,长虹美菱,5.54,5.76,5.71,5.73,5.48,111400.0,62390000.0,57.06,48.49,19.08,0.93,1.27,3744600,7395400.0,2026-06-18,16:14:57
000523,红棉股份,2.77,2.83,2.83,2.84,2.75,184226.0,51090000.0,50.84,36.71,44.24,2.59,1.39,7096900,11325700.0,2026-06-18,16:15:00
000524,岭南控股,8.91,8.99,8.95,8.99,8.76,59487.0,52900000.0,59.72,59.69,78.22,2.62,0.89,2582700,3366000.0,2026-06-18,16:14:03
000525,红太阳,4.38,4.49,4.45,4.56,4.36,164637.0,72960000.0,57.08,48.7,-14.1,2.3,1.48,5889900,10573800.0,2026-06-18,16:14:06
000526,学大教育,26.87,27.4,27.05,27.65,26.31,40196.0,108450000.0,32.74,32.1,15.45,3.15,3.36,1951700,2067900.0,2026-06-18,16:15:00
000528,柳    工,8.0,8.18,8.16,8.17,7.98,307359.0,247380000.0,162.96,162.73,10.46,0.89,1.51,11064200,19671700.0,2026-06-18,16:14:33
000529,广弘控股,4.6,4.63,4.6,4.66,4.55,29526.0,13600000.0,26.85,26.21,25.15,0.83,0.52,1371600,1580900.0,2026-06-18,16:14:36
000530,冰山冷热,5.43,5.56,5.53,5.56,5.4,252529.0,137660000.0,45.79,32.59,85.0,1.44,4.21,9697700,15555300.0,2026-06-18,16:14:36
000531,穗恒运Ａ,6.45,6.86,6.81,6.82,6.42,280598.0,184570000.0,67.17,58.68,16.85,0.97,3.08,10314500,17745300.0,2026-06-18,16:14:09
000532,华金资本,11.71,11.75,12.31,12.53,11.71,124850.0,150190000.0,40.37,40.23,33.34,2.49,3.63,5546700,6938300.0,2026-06-18,16:14:51
000533,顺钠股份,10.39,10.75,10.63,10.63,10.3,291914.0,304050000.0,71.78,71.16,72.24,7.28,4.26,14101600,15089900.0,2026-06-18,16:14:39
000534,万泽股份,32.36,29.42,29.88,32.36,29.63,204946.0,648670000.0,164.89,162.09,81.71,9.6,4.09,9867800,10626700.0,2026-06-18,16:14:42
000536,华映科技,3.6,3.85,3.75,3.75,3.58,884109.0,320890000.0,99.58,99.47,-9.75,11.85,3.2,30895200,57515700.0,2026-06-18,16:14:39
000537,绿发电力,8.09,8.55,8.49,8.51,8.06,507732.0,416230000.0,166.31,166.31,26.17,0.84,2.47,21493900,29279300.0,2026-06-18,16:14:12
000538,云南白药,48.43,48.91,48.9,49.05,48.43,76871.0,374330000.0,864.12,858.63,16.44,2.2,0.43,2802700,4884500.0,2026-06-18,16:14:03
000539,粤电力Ａ,7.4,8.22,8.0,8.11,7.4,2516483.0,1934740000.0,388.52,189.1,46.74,1.67,9.85,96904100,154744200.0,2026-06-18,16:14:54
000541,佛山照明,5.04,5.12,5.08,5.1,4.97,184969.0,93130000.0,77.4,62.02,43.92,1.13,1.5,7762100,10734800.0,2026-06-18,16:14:06
000543,皖能电力,8.02,8.57,8.51,8.54,8.0,806824.0,662240000.0,181.8,181.8,8.46,1.04,3.56,27082400,53599900.0,2026-06-18,16:14:42
000544,中原环保,7.46,7.55,7.58,7.61,7.46,38318.0,28850000.0,72.71,72.71,6.84,0.8,0.39,1571800,2260000.0,2026-06-18,16:14:15
000545,金浦钛业,2.41,2.49,2.51,2.51,2.38,459973.0,111700000.0,23.78,23.75,-4.69,3.81,4.67,19899900,26097500.0,2026-06-18,16:14:09
000546,金圆股份,5.18,5.34,5.29,5.29,5.14,233034.0,121250000.0,40.28,36.09,-12.35,1.05,3.34,8766000,14537400.0,2026-06-18,16:14:18
000547,航天发展,19.72,20.05,19.9,20.15,19.42,951507.0,1883290000.0,315.22,313.37,-25.47,8.36,5.99,45592700,49558000.0,2026-06-18,16:14:45
000548,湖南投资,4.34,4.38,4.38,4.39,4.28,46182.0,20050000.0,21.67,21.67,57.44,1.05,0.93,2192600,2425600.0,2026-06-18,16:14:48
000550,江铃汽车,17.54,17.43,17.4,17.6,16.96,39865.0,68940000.0,151.41,90.94,12.39,1.26,0.77,1783600,2202900.0,2026-06-18,16:14:21
000551,创元科技,15.63,15.21,15.18,15.65,15.02,221372.0,341390000.0,75.76,75.73,22.3,2.49,4.57,11339800,10797400.0,2026-06-18,16:14:57
000552,甘肃能化,2.42,2.48,2.47,2.47,2.4,475572.0,115180000.0,129.51,90.16,-67.38,0.79,1.28,18219300,29337900.0,2026-06-18,16:14:24
000553,安道麦A,5.78,5.88,5.85,5.88,5.72,69715.0,40310000.0,134.66,125.83,-21.46,0.75,0.32,2947100,4024300.0,2026-06-18,16:15:00
000554,泰山石油,6.14,6.24,6.21,6.22,6.1,94779.0,58310000.0,29.32,22.06,17.35,2.52,2.64,4116500,5361400.0,2026-06-18,16:14:27
000555,神州信息,11.26,11.26,11.27,11.48,11.21,170013.0,192920000.0,109.87,109.74,193.11,1.94,1.74,7933300,9068000.0,2026-06-18,16:14:12
000557,西部创业,3.73,3.7,3.69,3.75,3.63,107434.0,39820000.0,54.4,54.38,19.51,0.85,0.74,5398300,5345200.0,2026-06-18,16:14:51
000558,天府文旅,3.5,3.66,3.63,3.66,3.5,476277.0,169000000.0,45.12,45.1,-101.5,4.3,3.7,19902100,27725700.0,2026-06-18,16:14:30
000559,万向钱潮,13.75,13.57,13.55,13.93,13.44,456646.0,626380000.0,455.86,455.72,46.09,5.62,1.38,25738200,19926400.0,2026-06-18,16:14:15
000560,我爱我家,2.2,2.25,2.23,2.24,2.17,650040.0,143470000.0,51.82,51.45,-53.18,0.56,2.78,30770100,34233800.0,2026-06-18,16:14:03
000561,烽火电子,7.7,7.82,7.79,7.89,7.6,87716.0,67910000.0,66.53,59.77,-22.61,2.29,1.13,4054000,4717600.0,2026-06-18,16:14:54
000563,陕国投Ａ,2.86,2.92,2.92,2.92,2.85,332997.0,95830000.0,146.26,146.26,10.95,0.8,0.65,11911400,21388300.0,2026-06-18,16:14:06
000564,供销大集,1.46,1.52,1.53,1.55,1.44,3460044.0,513750000.0,263.65,220.39,-14.61,1.82,2.29,126566600,219437800.0,2026-06-18,16:14:57
000565,渝三峡Ａ,6.16,6.2,6.19,6.22,6.06,84928.0,52110000.0,26.71,26.71,96.45,2.08,1.96,4602200,3890500.0,2026-06-18,16:15:00
000566,海南海药,3.77,3.78,3.79,3.9,3.69,280832.0,106690000.0,48.91,48.89,-11.16,1099.75,2.17,14766800,13316400.0,2026-06-18,16:14:09
000567,海德股份,5.76,5.8,5.78,5.86,5.67,164755.0,94970000.0,112.58,112.24,15.91,1.87,0.85,6942500,9533000.0,2026-06-18,16:14:03
000568,泸州老窖,80.93,82.94,82.56,82.75,80.5,116279.0,944550000.0,1191.21,1190.53,11.98,2.31,0.79,5079900,6548000.0,2026-06-18,16:14:45
000570,苏常柴Ａ,5.04,5.12,5.11,5.13,5.0,104593.0,52920000.0,35.57,28.01,43.64,1.01,1.88,4751800,5707500.0,2026-06-18,16:14:12
000571,新大洲A,5.3,5.47,5.46,5.63,5.26,276236.0,149300000.0,44.47,43.14,-29.08,294.95,3.39,9379000,18244600.0,2026-06-18,16:14:15
000572,海马汽车,4.06,4.11,4.09,4.11,4.0,362720.0,147180000.0,66.77,66.68,-44.45,4.24,2.21,17065400,19206600.0,2026-06-18,16:14:48
000573,粤宏远Ａ,4.02,4.03,4.0,4.04,3.93,195764.0,77830000.0,25.66,25.45,-1002.23,1.6,3.09,10290100,9286300.0,2026-06-18,16:14:06
000576,甘化科工,7.1,7.11,7.12,7.2,6.96,56815.0,40290000.0,30.99,30.8,44.01,1.88,1.31,2601000,3080500.0,2026-06-18,16:14:51
000581,威孚高科,17.49,17.67,17.52,17.76,17.44,73942.0,129930000.0,169.09,138.85,15.54,0.83,0.93,2946700,4447500.0,2026-06-18,16:14:54
000582,北部湾港,11.48,12.0,11.95,12.04,11.32,572929.0,664630000.0,288.96,247.61,26.97,1.43,2.66,19804000,37488800.0,2026-06-18,16:14:18
000584,工智退,0.29,0.29,0.0,0.0,0.0,0.0,0.0,2.21,2.2,-1.01,0.74,0.0,0,0.0,2026-06-18,09:00:00
000586,汇源通信,15.26,15.49,15.5,15.63,15.14,74294.0,113910000.0,29.52,29.18,-295.94,9.27,3.89,3518700,3910700.0,2026-06-18,16:14:57
000589,贵州轮胎,4.25,4.33,4.33,4.34,4.24,237663.0,101430000.0,66.06,65.62,9.0,0.73,1.54,10642800,13123500.0,2026-06-18,16:14:18
000590,古汉医药,9.13,9.17,9.16,9.3,9.02,21878.0,20060000.0,21.86,21.85,-53.23,4.04,0.91,1235200,952600.0,2026-06-18,16:14:21
000591,太阳能,4.77,5.04,5.0,5.01,4.75,1113197.0,537560000.0,186.26,186.19,25.97,0.78,2.85,38722800,72596900.0,2026-06-18,16:14:09
000592,平潭发展,7.32,7.46,7.5,7.54,7.26,918895.0,676640000.0,141.41,140.18,-118.72,7.98,4.8,39327200,52562300.0,2026-06-18,16:14:12
000593,德龙汇能,25.2,25.15,24.92,26.3,24.7,232337.0,590450000.0,90.38,90.34,285.53,10.22,6.48,12531700,10702000.0,2026-06-18,16:14:24
000595,*ST宝实,6.42,6.54,6.53,6.54,6.29,169677.0,108900000.0,73.1,73.1,76.89,15.1,1.49,7845300,9122400.0,2026-06-18,16:15:00
000596,古井贡酒,81.71,84.06,83.88,83.88,81.6,34086.0,280500000.0,431.92,333.87,15.28,1.65,0.83,1672300,1736300.0,2026-06-18,16:14:27
000597,东北制药,4.39,4.39,4.37,4.45,4.31,81321.0,35610000.0,62.64,61.86,25.02,1.13,0.58,3583600,4548500.0,2026-06-18,16:14:33
000598,兴蓉环境,6.79,6.91,6.88,6.9,6.71,275675.0,186950000.0,202.61,202.29,10.01,1.0,0.93,8044900,19522600.0,2026-06-18,16:14:30
000599,青岛双星,4.67,4.74,4.75,4.83,4.63,153562.0,72270000.0,114.09,38.14,-32.2,1.04,1.88,6556900,8799300.0,2026-06-18,16:14:21
000600,建投能源,9.82,10.66,10.56,10.69,9.81,749679.0,758590000.0,177.08,107.04,8.71,1.47,6.88,28211900,46756000.0,2026-06-18,16:14:33
000601,韶能股份,6.61,7.08,7.0,7.07,6.56,921454.0,623410000.0,70.35,69.38,70.67,1.7,8.78,33226500,58918900.0,2026-06-18,16:14:03
000603,盛达资源,26.34,26.52,26.04,27.85,25.83,484735.0,1294270000.0,181.74,175.61,30.11,5.2,7.27,21751200,26722400.0,2026-06-18,16:14:36
000605,渤海股份,5.68,5.71,5.74,5.78,5.61,39473.0,22430000.0,20.03,20.03,220.21,0.93,1.12,1808300,2138900.0,2026-06-18,16:14:15
000607,华媒控股,3.3,3.3,3.3,3.35,3.24,103397.0,34120000.0,33.58,29.21,-9.68,2.83,1.17,6290900,4048800.0,2026-06-18,16:14:24
000608,阳光股份,7.59,6.9,7.0,7.59,6.83,409855.0,301290000.0,56.92,56.58,-25.25,2.77,5.5,23980700,17004800.0,2026-06-18,16:14:18
000609,*ST中迪,11.84,11.52,11.4,12.05,11.4,83936.0,98910000.0,35.43,34.46,-8.21,-11.14,2.88,4689200,3704400.0,2026-06-18,16:14:27
000610,*ST西旅,6.35,6.51,6.55,6.64,6.33,47742.0,30970000.0,15.03,14.95,-5.27,-18.52,2.03,1792400,2981800.0,2026-06-18,16:14:21
000612,焦作万方,11.03,10.97,11.0,11.32,10.8,397838.0,438310000.0,131.5,131.5,9.26,1.8,3.34,18403800,21380000.0,2026-06-18,16:14:24
000615,*ST美谷,3.41,3.39,3.4,3.42,3.35,41537.0,14040000.0,60.95,31.55,-9.85,3.73,0.45,1794300,2359500.0,2026-06-18,16:14:36
000617,中油资本,7.17,7.36,7.3,7.33,7.16,758337.0,547600000.0,906.44,906.44,19.74,0.85,0.6,28291400,47542400.0,2026-06-18,16:14:39
000619,海螺新材,4.8,4.82,4.79,4.83,4.7,78243.0,37330000.0,21.18,17.28,-24.32,0.85,2.17,4300100,3524200.0,2026-06-18,16:14:06
000620,盈新发展,2.96,3.01,2.98,2.99,2.89,2391007.0,700430000.0,173.81,138.28,-14.6,4.74,5.12,112468800,126631900.0,2026-06-18,16:14:42
000622,恒立退,0.15,0.15,0.0,0.0,0.0,0.0,0.0,0.64,0.64,-2.87,0.38,0.0,0,0.0,2026-06-18,09:00:00
000623,吉林敖东,17.15,17.65,17.63,17.7,17.13,93292.0,161540000.0,205.1,204.25,7.47,0.65,0.78,3683500,5645700.0,2026-06-18,16:14:45
000625,长安汽车,7.45,7.39,7.35,7.5,7.25,971815.0,716280000.0,738.51,615.91,24.03,0.96,1.18,47183300,49998200.0,2026-06-18,16:14:39
000626,远大控股,6.98,7.02,7.02,7.07,6.85,73569.0,51370000.0,35.36,35.16,-40.12,1.61,1.46,3593200,3763700.0,2026-06-18,16:14:30
000627,*ST天茂,1.58,1.58,0.0,0.0,0.0,0.0,0.0,77.49,71.35,-10.04,0.36,0.0,0,0.0,2026-06-18,09:00:00
000628,高新发展,53.78,53.59,53.37,54.5,52.97,91006.0,488420000.0,189.46,103.39,175.04,8.61,4.73,4530100,4570500.0,2026-06-18,16:14:09
000629,钒钛股份,3.2,3.2,3.19,3.27,3.14,1160670.0,371210000.0,297.31,297.29,388.35,2.4,1.25,54234300,61832700.0,2026-06-18,16:14:48
000630,铜陵有色,7.65,7.56,7.39,8.02,7.38,8560395.0,6598820000.0,1025.82,852.44,39.01,2.79,7.68,435576000,420463500.0,2026-06-18,16:14:51
000631,顺发恒能,3.07,3.11,3.12,3.12,3.05,147558.0,45250000.0,70.61,70.61,152.46,1.29,0.64,5650800,9105000.0,2026-06-18,16:14:33
000632,ST三木,3.33,3.5,3.48,3.51,3.33,141977.0,47700000.0,15.5,15.5,-1.68,24.71,3.05,5098900,9098800.0,2026-06-18,16:14:42
000633,合金投资,5.17,5.16,5.16,5.23,5.0,123301.0,63420000.0,19.91,19.91,269.32,9.99,3.2,6651500,5678600.0,2026-06-18,16:14:45
000635,英 力 特,6.53,6.74,6.75,6.75,6.52,62062.0,40870000.0,25.74,23.95,-4.29,2.33,1.69,2405500,3800700.0,2026-06-18,16:14:48
000636,风华高科,74.6,74.06,71.5,76.1,71.22,1363387.0,10078880000.0,863.13,863.13,280.87,6.91,11.78,68170500,68168100.0,2026-06-18,16:14:54
000637,茂化实华,3.76,3.77,3.77,3.8,3.66,99819.0,37380000.0,19.55,13.71,-14.49,4.08,2.74,4505200,5476700.0,2026-06-18,16:14:51
000638,*ST万方,0.89,0.89,0.0,0.0,0.0,0.0,0.0,2.77,2.77,-5.27,3.26,0.0,0,0.0,2026-06-18,09:00:00
000639,ST西王,1.31,1.36,1.35,1.36,1.3,357593.0,47600000.0,14.14,14.14,-1.12,0.86,3.31,12832400,22926900.0,2026-06-18,16:14:54
000650,仁和药业,5.13,5.18,5.16,5.19,5.1,107887.0,55390000.0,71.82,68.3,19.45,1.11,0.81,4974400,5814300.0,2026-06-18,16:14:27
000651,格力电器,36.72,37.15,37.1,37.29,36.64,551841.0,2034800000.0,2056.84,2027.68,7.05,1.35,1.0,19333900,35850200.0,2026-06-18,16:14:12
000652,泰达股份,3.5,3.52,3.5,3.52,3.45,71679.0,25010000.0,51.08,51.04,-18.03,0.95,0.49,3767700,3400200.0,2026-06-18,16:14:36
000655,金岭矿业,6.93,7.0,6.96,7.09,6.86,50066.0,34820000.0,41.26,41.26,16.24,1.17,0.84,2228800,2777800.0,2026-06-18,16:14:39
000656,*ST金科,1.34,1.34,1.34,1.35,1.32,540698.0,72250000.0,142.0,101.48,0.46,3.6,0.71,22686200,31383600.0,2026-06-18,16:14:57
000657,中钨高新,98.48,89.53,88.75,98.48,88.75,914634.0,8568250000.0,2243.97,1430.84,115.13,21.0,6.3,47541300,43922100.0,2026-06-18,16:15:00
000659,珠海中富,3.52,3.56,3.52,3.62,3.47,230763.0,81770000.0,45.26,45.26,-44.72,49.21,1.79,11147300,11929000.0,2026-06-18,16:14:03
000661,长春高新,64.1,63.79,63.58,65.6,63.01,68095.0,438450000.0,261.49,256.15,-622.73,1.18,1.7,3526200,3283300.0,2026-06-18,16:14:30
000663,永安林业,5.38,5.43,5.43,5.48,5.28,47115.0,25370000.0,18.11,16.48,-20.44,1.99,1.54,2487400,2224100.0,2026-06-18,16:14:57
000665,湖北广电,3.93,3.93,3.92,4.02,3.8,151447.0,59340000.0,44.69,44.69,-4.07,1.4,1.33,8720600,6424100.0,2026-06-18,16:15:00
000668,荣丰控股,22.26,21.24,21.39,23.36,21.39,81897.0,185760000.0,32.69,32.69,116.47,4.37,5.58,3537500,4652200.0,2026-06-18,16:14:15
000669,ST金鸿,4.03,4.15,4.02,4.12,4.01,82790.0,33480000.0,27.42,27.42,62.27,45.1,1.22,3394200,4884800.0,2026-06-18,16:14:03
000670,盈方微,8.79,9.21,9.15,9.69,8.7,1135462.0,1026230000.0,74.25,72.24,-91.66,241.37,13.82,41802300,71744000.0,2026-06-18,16:14:18
000672,上峰材料,18.71,19.03,19.03,19.47,18.55,383176.0,720570000.0,181.37,181.37,30.76,2.1,3.95,16715000,21602600.0,2026-06-18,16:14:21
000676,智度股份,5.46,5.5,5.45,5.54,5.4,262972.0,143910000.0,68.78,68.74,48.01,1.61,2.09,10991900,15305300.0,2026-06-18,16:14:42
000677,ST海龙,1.72,1.8,1.75,1.78,1.71,349483.0,60690000.0,14.86,14.86,-327.38,2.89,4.05,15527600,19420700.0,2026-06-18,16:14:45
000678,襄阳轴承,9.72,9.64,9.55,10.0,9.41,151338.0,146720000.0,44.67,44.67,-81.98,5.73,3.29,7886600,7247200.0,2026-06-18,16:14:06
000679,大连友谊,7.58,7.35,7.35,8.09,7.2,443471.0,343630000.0,27.02,27.02,-27.88,18.68,12.44,21067300,23279800.0,2026-06-18,16:14:09
000680,山推股份,10.22,10.41,10.37,10.66,10.12,213114.0,219990000.0,153.31,134.36,12.08,2.42,1.62,9967300,11344100.0,2026-06-18,16:14:24
000681,视觉中国,21.7,20.66,20.67,22.21,20.54,689299.0,1480260000.0,152.03,146.72,50.0,3.97,10.19,37395000,31534900.0,2026-06-18,16:14:33
000682,东方电子,12.86,12.9,12.89,13.07,12.56,300545.0,385400000.0,172.42,172.4,16.79,2.8,2.24,13284700,16769800.0,2026-06-18,16:14:12
000683,博源化工,6.29,6.57,6.56,6.56,6.13,983212.0,623820000.0,233.79,210.22,22.85,1.8,2.94,42734300,55586900.0,2026-06-18,16:14:36
000685,中山公用,10.96,11.19,11.12,11.19,10.92,135664.0,149450000.0,160.86,136.63,7.45,0.84,1.09,6279800,7286600.0,2026-06-18,16:14:06
000686,东北证券,7.81,8.07,8.04,8.06,7.77,264753.0,208480000.0,182.79,182.79,11.02,0.9,1.13,9686700,16788600.0,2026-06-18,16:14:09
000688,国城矿业,37.86,40.8,40.0,41.47,37.69,406271.0,1581730000.0,448.67,448.66,65.35,15.76,3.43,16898600,23728500.0,2026-06-18,16:14:27
000690,宝新能源,5.14,5.44,5.4,5.43,5.11,968684.0,507190000.0,111.84,111.77,10.81,0.88,4.45,37671300,59197100.0,2026-06-18,16:14:15
000691,亚太实业,12.23,11.58,11.57,12.48,10.84,342332.0,404620000.0,59.3,39.54,-256.12,13.04,10.59,18966500,15266700.0,2026-06-18,16:14:48
000692,惠天热电,4.28,4.36,4.35,4.35,4.23,129999.0,55660000.0,22.81,22.81,69.53,12.3,2.44,5771100,7228800.0,2026-06-18,16:14:39
000695,滨海能源,14.17,14.47,14.32,14.63,13.43,261781.0,367910000.0,32.84,31.43,-36.97,10.98,11.8,12865000,13313100.0,2026-06-18,16:14:51
000697,炼石航空,11.5,11.84,11.93,12.34,11.39,341401.0,404560000.0,160.55,75.11,-34.68,4.76,5.23,14278300,19861800.0,2026-06-18,16:14:12
000698,ST沈化,3.05,3.12,3.11,3.14,3.03,45870.0,14120000.0,25.0,23.96,-71.36,1.8,0.58,1894400,2692600.0,2026-06-18,16:14:42
000700,模塑科技,15.45,15.96,15.95,16.14,15.43,645331.0,1010420000.0,141.83,141.83,28.53,3.58,7.03,28602800,35930300.0,2026-06-18,16:14:15
000701,厦门信达,4.97,4.83,4.81,5.09,4.71,211981.0,104260000.0,33.22,33.19,185.16,-5.42,3.17,11681800,9516300.0,2026-06-18,16:14:54
000702,正虹科技,5.27,5.34,5.29,5.34,5.19,63376.0,33380000.0,18.27,14.05,-102.33,5.51,2.38,3300900,3036700.0,2026-06-18,16:14:57
000703,恒逸石化,12.46,12.65,12.53,12.68,12.25,412254.0,514220000.0,476.11,473.72,21.63,1.81,1.08,20613300,20612000.0,2026-06-18,16:15:00
000705,浙江震元,6.31,6.38,6.4,6.45,6.27,42989.0,27350000.0,21.08,17.79,-60.24,1.08,1.52,2231400,2067500.0,2026-06-18,16:14:18
000707,双环科技,4.55,4.64,4.61,4.65,4.52,62718.0,28660000.0,26.6,25.06,-24.13,0.96,1.14,2927700,3344100.0,2026-06-18,16:14:30
000708,中信特钢,13.53,13.61,13.67,13.78,13.31,143929.0,195270000.0,682.88,682.88,11.28,1.61,0.29,6820500,7572400.0,2026-06-18,16:14:33
000709,河钢股份,2.06,2.08,2.07,2.1,2.05,731902.0,151740000.0,212.94,212.91,19.49,0.41,0.71,35010800,38179500.0,2026-06-18,16:14:21
000710,贝瑞基因,7.86,7.84,7.84,8.06,7.82,74476.0,59020000.0,27.79,25.9,-13.22,1.91,2.26,3643700,3803900.0,2026-06-18,16:14:18
000711,ST京蓝,5.2,5.42,5.3,5.54,5.15,836998.0,442980000.0,153.55,123.83,-81.32,23.19,3.51,35429700,48270100.0,2026-06-18,16:14:45
000712,锦龙股份,9.07,9.35,9.32,9.45,9.0,257914.0,236110000.0,81.27,81.24,22.36,3.04,2.88,10743100,15048300.0,2026-06-18,16:14:48
000713,国投丰乐,5.57,5.7,5.68,5.68,5.5,54638.0,30540000.0,44.46,34.2,74.28,1.42,0.89,2025700,3438100.0,2026-06-18,16:14:21
000715,中兴商业,4.74,4.72,4.7,4.79,4.65,59081.0,27970000.0,25.62,23.05,22.38,1.28,1.21,3233000,2675200.0,2026-06-18,16:14:51
000716,黑芝麻,4.3,4.43,4.43,4.45,4.29,173877.0,75430000.0,32.37,31.76,-188.58,1.28,2.35,8033800,9353900.0,2026-06-18,16:14:03
000717,中南股份,2.09,2.09,2.08,2.11,2.05,113844.0,23730000.0,50.66,50.65,-4.7,0.76,0.47,5281900,6102500.0,2026-06-18,16:14:36
000718,苏宁环球,1.85,1.88,1.87,1.88,1.83,257715.0,47870000.0,56.14,42.21,-240.27,0.61,1.13,11816900,13954600.0,2026-06-18,16:14:24
000719,中原传媒,11.94,11.95,11.94,12.09,11.85,34998.0,41870000.0,122.17,79.66,8.87,0.99,0.52,1810300,1689500.0,2026-06-18,16:14:27
000720,新能泰山,4.04,4.29,4.25,4.25,4.04,582933.0,239020000.0,50.76,50.76,-10.2,2.7,4.64,19605700,38687600.0,2026-06-18,16:14:30
000721,西安饮食,5.85,5.86,5.82,5.92,5.7,66228.0,38690000.0,33.57,29.97,-22.95,26.46,1.29,3347500,3275300.0,2026-06-18,16:14:24
000722,湖南发展,14.36,15.85,15.51,15.69,14.27,477504.0,714850000.0,82.05,66.65,101.32,2.06,10.29,16501000,31249400.0,2026-06-18,16:14:06
000723,美锦能源,3.65,3.81,3.8,3.82,3.65,625232.0,230770000.0,160.73,160.42,-14.6,1.3,1.42,22920200,39603100.0,2026-06-18,16:14:33
000725,京东方Ａ,6.55,6.65,6.86,6.93,6.49,40032427.0,26654280000.0,2426.4,2316.55,40.78,1.81,11.32,1849760000,2153482700.0,2026-06-18,16:14:36
000726,鲁  泰Ａ,5.62,5.63,5.63,5.69,5.6,36182.0,20440000.0,45.94,33.12,8.53,0.47,0.61,1688100,1930100.0,2026-06-18,16:14:39
000727,冠捷科技,2.75,2.95,2.93,2.98,2.74,2412781.0,677300000.0,124.56,124.56,-13.88,6.91,5.33,87719000,153559100.0,2026-06-18,16:14:09
000728,国元证券,7.03,7.25,7.22,7.24,7.03,307200.0,218540000.0,306.77,306.77,13.18,0.79,0.7,10735800,19984200.0,2026-06-18,16:14:12
000729,燕京啤酒,10.25,10.46,10.41,10.48,10.2,409182.0,421760000.0,288.9,257.23,16.24,1.83,1.63,18317800,22600400.0,2026-06-18,16:14:54
000731,四川美丰,5.48,5.62,5.6,5.6,5.48,59065.0,32550000.0,30.08,30.08,-21.23,0.79,1.08,2794200,3112300.0,2026-06-18,16:14:27
000733,振华科技,59.79,58.13,58.65,61.05,57.85,464690.0,2765740000.0,331.34,331.29,33.71,2.1,8.39,24947900,21521200.0,2026-06-18,16:14:39
000735,罗 牛 山,4.99,5.07,5.07,5.07,4.95,179705.0,89710000.0,57.46,57.43,-283.26,1.39,1.56,7655200,10315300.0,2026-06-18,16:14:30
000736,中交发展,4.06,4.39,4.36,4.37,4.06,228047.0,95040000.0,30.33,30.33,-2.5,2.5,3.05,9236200,13568500.0,2026-06-18,16:14:42
000737,北方铜业,15.11,14.68,14.45,15.52,14.45,1102413.0,1668420000.0,287.8,287.78,27.82,3.87,5.79,56833900,53407400.0,2026-06-18,16:14:45
000738,航发控制,18.79,18.91,18.81,19.24,18.54,175549.0,331380000.0,247.12,247.12,78.65,1.96,1.33,8397300,9157600.0,2026-06-18,16:14:57
000739,普洛药业,16.37,16.29,16.23,16.68,16.09,72276.0,118740000.0,189.64,189.57,21.28,3.01,0.62,3883600,3343900.0,2026-06-18,16:14:42
000750,国海证券,3.6,3.72,3.72,3.72,3.58,543476.0,197590000.0,229.9,208.66,27.84,1.01,0.94,20593800,33753800.0,2026-06-18,16:14:45
000751,锌业股份,5.15,5.11,5.08,5.34,5.03,750936.0,389770000.0,83.2,72.61,73.38,2.26,5.33,36691600,38402100.0,2026-06-18,16:15:00
000752,*ST西发,8.79,8.61,8.62,8.8,8.46,31899.0,27630000.0,23.18,23.18,16.03,3.73,1.21,1913700,1276200.0,2026-06-18,16:14:33
000753,漳州发展,4.81,4.89,4.89,4.92,4.8,173050.0,83760000.0,47.69,47.69,70.65,1.73,1.75,8143000,9162000.0,2026-06-18,16:14:36
000755,山西高速,4.51,4.64,4.63,4.63,4.48,79784.0,36130000.0,66.18,66.18,14.07,1.18,0.54,4151300,3827200.0,2026-06-18,16:14:15
000756,新华制药,11.95,12.01,12.02,12.12,11.71,42939.0,51260000.0,83.25,59.62,31.81,1.56,0.86,2068900,2225000.0,2026-06-18,16:14:48
000757,浩物股份,3.66,3.71,3.68,3.71,3.58,129136.0,47090000.0,19.5,19.5,40.75,1.21,2.42,6312300,6601400.0,2026-06-18,16:14:51
000758,中色股份,7.05,6.96,6.9,7.24,6.88,781018.0,552480000.0,140.33,139.78,28.77,2.25,3.94,38637400,39464400.0,2026-06-18,16:14:54
000759,中百集团,6.26,6.05,6.02,6.42,5.89,1108500.0,685860000.0,41.47,41.05,-4.34,5.73,16.91,60876700,49973300.0,2026-06-18,16:14:18
000761,本钢板材,2.31,2.26,2.27,2.39,2.23,211248.0,48720000.0,94.9,85.66,-2.23,1.6,0.57,10396500,10728300.0,2026-06-18,16:14:03
000762,西藏矿业,30.13,30.18,29.66,30.64,29.35,242586.0,729100000.0,156.92,156.92,7086.59,5.33,4.66,13017100,11241600.0,2026-06-18,16:14:48
000766,通化金马,24.41,24.51,24.35,24.61,24.1,152697.0,371060000.0,235.92,235.8,741.12,10.17,1.58,7591100,7678600.0,2026-06-18,16:14:06
000767,晋控电力,4.59,5.0,4.94,5.14,4.55,3118414.0,1489460000.0,141.23,133.67,71.21,2.34,10.71,120848400,190993000.0,2026-06-18,16:14:21
000768,中航西飞,20.59,21.29,21.08,21.13,20.51,321078.0,666910000.0,572.53,571.66,51.64,2.54,1.16,11449000,20658800.0,2026-06-18,16:14:51
000776,广发证券,20.64,21.42,21.31,21.59,20.6,1040995.0,2178440000.0,1615.05,1218.6,10.32,1.17,1.76,53142200,50957200.0,2026-06-18,16:14:54
000777,中核科技,19.67,21.86,20.45,20.78,19.67,540448.0,1077410000.0,75.42,75.42,47.92,3.07,14.1,23260900,30783900.0,2026-06-18,16:14:09
000778,新兴铸管,4.04,4.04,4.03,4.06,3.97,523984.0,210540000.0,160.11,157.3,15.89,0.6,1.35,28580900,23817500.0,2026-06-18,16:14:24
000779,甘咨询,7.71,7.75,7.72,7.83,7.65,60784.0,46960000.0,35.84,35.83,23.54,0.9,1.31,2579100,3499300.0,2026-06-18,16:14:27
000782,恒申新材,7.34,7.53,7.52,7.77,7.32,298091.0,223230000.0,50.4,38.77,-31.49,3.12,5.64,12729200,17080000.0,2026-06-18,16:14:57
000783,长江证券,7.82,8.05,7.99,8.09,7.79,1025998.0,810830000.0,432.45,432.45,10.29,1.23,1.86,47280600,55319100.0,2026-06-18,16:14:30
000785,居然智家,2.16,2.19,2.18,2.19,2.13,440592.0,94950000.0,134.5,125.38,-11.71,0.7,0.76,17935900,26123300.0,2026-06-18,16:14:12
000786,北新建材,19.72,20.58,20.51,20.58,19.7,208512.0,416660000.0,335.68,333.17,11.7,1.25,1.23,8462800,12388400.0,2026-06-18,16:14:15
000788,北大医药,5.24,5.38,5.36,5.36,5.21,124139.0,65240000.0,31.23,31.23,48.62,2.1,2.08,5363300,7050600.0,2026-06-18,16:15:00
000789,万年青,4.11,4.16,4.14,4.16,4.06,29900.0,12260000.0,32.77,32.77,-123.59,0.52,0.37,1517400,1472600.0,2026-06-18,16:14:57
000790,华神科技,3.77,3.7,3.67,3.77,3.56,193969.0,71700000.0,23.51,23.47,-7.75,3.27,3.12,11017000,8379900.0,2026-06-18,16:14:33
000791,甘肃能源,8.59,9.22,9.0,9.15,8.55,897456.0,793800000.0,278.65,166.27,13.53,1.88,4.64,36096200,53649500.0,2026-06-18,16:14:36
000792,盐湖股份,29.75,30.87,30.39,31.04,29.6,1181409.0,3552920000.0,1574.24,1574.23,15.26,3.52,2.23,48218300,69922600.0,2026-06-18,16:15:00
000793,*ST华闻,2.63,2.63,0.0,0.0,0.0,0.0,0.0,52.53,51.57,-34.17,171.58,0.0,0,0.0,2026-06-18,16:14:39
000795,英洛华,9.84,9.34,9.25,9.85,9.21,647946.0,624080000.0,109.84,109.84,43.85,4.46,5.8,39673100,25121500.0,2026-06-18,16:14:03
000796,凯撒旅业,4.19,4.25,4.23,4.24,4.09,357501.0,149230000.0,67.2,55.76,190.12,7.4,2.69,18414800,17335300.0,2026-06-18,16:14:39
000797,中国武夷,2.34,2.33,2.34,2.37,2.27,215279.0,50180000.0,36.76,36.75,-7.32,0.79,1.37,11575200,9952700.0,2026-06-18,16:14:03
000798,中水渔业,7.48,7.58,7.62,7.62,7.42,59843.0,44880000.0,27.37,27.36,37.15,6.76,1.64,3029200,2955100.0,2026-06-18,16:14:42
000799,酒鬼酒,39.36,38.23,37.89,40.95,37.11,154673.0,592860000.0,127.89,127.88,-393.7,3.39,4.76,7738700,7728500.0,2026-06-18,16:14:06
000800,一汽解放,6.09,6.26,6.2,6.23,6.03,159752.0,97340000.0,299.71,299.68,37.71,1.13,0.32,6706000,9269200.0,2026-06-18,16:14:09
000801,四川九洲,11.59,11.58,11.55,11.88,11.39,154243.0,180010000.0,117.79,117.75,68.44,3.78,1.52,7901600,7522700.0,2026-06-18,16:14:12
000802,北京文化,4.11,4.03,4.03,4.14,3.9,348879.0,141150000.0,29.42,29.41,-14.02,4.82,4.88,19563000,15324900.0,2026-06-18,16:14:45
000803,山高环能,7.4,7.1,7.13,7.5,7.02,202477.0,147280000.0,34.51,34.02,75.39,2.32,4.4,11040600,9207100.0,2026-06-18,16:14:42
000807,云铝股份,24.17,25.0,24.75,25.15,23.83,1054123.0,2568690000.0,838.21,838.2,9.66,2.44,3.04,48868200,56544100.0,2026-06-18,16:14:45
000809,和展能源,3.68,3.73,3.65,3.75,3.52,263144.0,96040000.0,30.35,30.35,-69.03,1.14,3.19,13499800,12814600.0,2026-06-18,16:14:48
000810,创维数字,12.3,12.15,12.11,12.76,11.93,338805.0,418460000.0,141.47,136.6,54.96,2.18,3.05,16650300,17230200.0,2026-06-18,16:14:06
000811,冰轮环境,40.17,36.52,40.17,40.17,40.17,42368.0,170190000.0,398.68,393.02,67.82,6.1,0.43,0,4236800.0,2026-06-18,16:14:18
000812,陕西金叶,3.32,3.32,3.31,3.36,3.26,96793.0,32050000.0,25.11,25.1,-10.73,1.68,1.28,4879800,4799500.0,2026-06-18,16:14:15
000813,德展健康,2.97,3.0,2.98,3.02,2.95,197121.0,58770000.0,62.28,62.27,-17.41,1.35,0.94,8984500,10727600.0,2026-06-18,16:14:48
000815,美利云,17.06,17.28,16.89,17.44,16.68,669501.0,1140910000.0,118.61,118.61,152.32,8.43,9.63,30471700,36478400.0,2026-06-18,16:14:51
000816,智慧农业,2.4,2.42,2.41,2.44,2.35,220989.0,53020000.0,34.73,34.55,-46.6,1.78,1.54,10647300,11451600.0,2026-06-18,16:14:18
000818,航锦科技,12.35,12.71,12.59,12.64,12.34,160183.0,199320000.0,81.51,81.29,-57.37,3.73,2.43,6781700,9236600.0,2026-06-18,16:14:21
000819,岳阳兴长,13.26,13.16,13.3,13.6,12.92,67758.0,89910000.0,49.0,48.47,-77.92,2.36,1.85,3334100,3441700.0,2026-06-18,16:14:09
000820,*ST节能,3.01,3.05,3.07,3.07,2.99,42904.0,12930000.0,19.46,8.94,-30.74,22.63,1.44,1174600,3115800.0,2026-06-18,16:14:54
000821,ST京机,8.65,8.99,8.89,8.9,8.62,113023.0,98680000.0,53.88,52.3,42.76,1.29,1.87,3715800,7586500.0,2026-06-18,16:14:51
000822,山东海化,4.35,4.43,4.41,4.43,4.31,128285.0,55910000.0,38.94,38.94,-2.78,1.04,1.43,6176600,6651900.0,2026-06-18,16:14:24
000823,超声电子,21.6,22.11,22.46,22.49,21.21,1138248.0,2462430000.0,128.37,128.37,60.08,2.74,19.15,50870400,62954500.0,2026-06-18,16:14:57
000825,太钢不锈,3.77,3.76,3.75,3.85,3.68,291475.0,109970000.0,214.75,214.75,-184.75,0.66,0.51,15630300,13517200.0,2026-06-18,16:14:27
000826,*ST启环,2.12,2.17,2.17,2.17,2.09,258659.0,55070000.0,30.22,30.21,-0.98,-1.21,1.81,9866000,15999900.0,2026-06-18,16:14:21
000828,东莞控股,9.6,9.72,9.7,9.72,9.54,36592.0,35130000.0,99.79,99.79,11.23,0.98,0.35,1315400,2343800.0,2026-06-18,16:14:54
000829,天音控股,8.19,8.5,8.46,8.49,8.1,273180.0,225160000.0,83.96,83.88,-456.52,2.9,2.67,11276600,16041400.0,2026-06-18,16:15:00
000830,鲁西化工,12.59,12.97,12.87,12.93,12.37,322465.0,406790000.0,239.75,239.74,25.73,1.24,1.69,14498200,17748300.0,2026-06-18,16:14:12
000831,中国稀土,61.9,59.09,58.6,63.4,58.52,780916.0,4813390000.0,656.9,656.9,275.41,13.28,7.36,42518500,35573200.0,2026-06-18,16:14:15
000833,粤桂股份,21.94,22.13,21.96,22.54,21.71,335763.0,739030000.0,175.98,99.54,30.4,4.39,7.4,13886300,19689900.0,2026-06-18,16:14:18
000837,秦川机床,12.2,12.03,11.91,12.5,11.83,338933.0,412770000.0,124.82,122.9,251.28,2.53,3.36,18438800,15454500.0,2026-06-18,16:14:30
000838,*ST发展,1.52,1.6,1.56,1.58,1.52,231657.0,35400000.0,16.73,16.02,-2.61,-7.8,2.2,9631400,13534300.0,2026-06-18,16:14:03
000839,国安股份,2.85,2.59,2.58,2.85,2.57,903662.0,251250000.0,111.72,111.72,127.64,7.19,2.31,36832700,53533500.0,2026-06-18,16:14:33
000848,承德露露,7.68,7.66,7.63,7.7,7.55,99411.0,75950000.0,78.34,77.66,11.87,2.45,0.98,6381900,3559200.0,2026-06-18,16:14:36
000850,华茂股份,3.68,3.74,3.74,3.74,3.65,79427.0,29290000.0,34.73,34.72,70.31,0.78,0.84,3752200,4190500.0,2026-06-18,16:14:39
000851,*ST高鸿,0.38,0.38,0.0,0.0,0.0,0.0,0.0,4.4,4.3,-0.64,2.91,0.0,0,0.0,2026-06-18,09:10:00
000852,石化机械,5.55,5.6,5.59,5.64,5.51,79037.0,44030000.0,53.05,52.74,-3827.01,1.7,0.83,3772900,4130800.0,2026-06-18,16:14:06
000856,冀东装备,7.78,7.85,7.82,7.9,7.65,52557.0,40940000.0,17.66,17.66,144.39,4.32,2.32,2724300,2531400.0,2026-06-18,16:14:24
000858,五 粮 液,75.85,77.49,77.28,77.36,75.85,326843.0,2499480000.0,2944.2,2944.13,23.37,2.3,0.84,14937800,17746500.0,2026-06-18,16:14:57
000859,国风新材,11.41,11.84,11.63,11.93,11.4,697083.0,802240000.0,102.23,102.23,-146.2,3.79,7.78,26752400,42955900.0,2026-06-18,16:15:00
000860,顺鑫农业,10.05,10.15,10.14,10.2,9.92,90538.0,90660000.0,74.55,74.55,-23.37,1.09,1.22,4472500,4581300.0,2026-06-18,16:14:21
000862,银星能源,5.27,5.53,5.51,5.53,5.22,348708.0,185560000.0,48.38,33.09,176.72,1.11,5.55,16491400,18379400.0,2026-06-18,16:14:24
000863,三湘印象,4.43,4.42,4.4,4.54,4.28,223059.0,98390000.0,52.3,51.53,-33.87,1.2,1.92,10530400,11775500.0,2026-06-18,16:14:42
000868,安凯客车,3.59,3.63,3.63,3.64,3.53,109627.0,39280000.0,33.73,33.73,-58.39,4.2,1.17,5399100,5563600.0,2026-06-18,16:14:27
000869,张  裕Ａ,16.71,16.96,16.97,16.97,16.66,11115.0,18630000.0,109.82,76.05,181.46,1.06,0.24,571000,540500.0,2026-06-18,16:14:09
000875,电投绿能,5.46,5.86,5.85,5.85,5.43,1032890.0,575550000.0,198.05,182.49,119.4,1.13,3.09,35558100,67730900.0,2026-06-18,16:14:30
000876,新 希 望,6.2,6.32,6.29,6.32,6.2,414879.0,259010000.0,279.17,279.0,-8.93,1.48,0.92,20689000,20798800.0,2026-06-18,16:14:27
000877,天山股份,3.94,4.04,4.03,4.03,3.89,177349.0,70040000.0,280.15,280.15,-3.84,0.38,0.25,6932900,10802000.0,2026-06-18,16:14:45
000878,云南铜业,18.66,17.93,17.84,19.55,17.76,1028583.0,1932420000.0,452.54,373.88,33.49,2.53,5.13,52555700,50302600.0,2026-06-18,16:14:03
000880,潍柴重机,25.71,25.6,25.45,26.0,25.3,129783.0,333930000.0,119.26,58.37,45.22,5.53,5.72,6074600,6903700.0,2026-06-18,16:14:30
000881,中广核技,6.79,6.95,6.89,6.9,6.77,110183.0,75190000.0,64.19,61.36,-22.85,1.29,1.22,4601600,6416700.0,2026-06-18,16:14:06
000882,华联股份,1.33,1.38,1.37,1.37,1.32,611758.0,81870000.0,36.41,36.38,-10.88,0.56,2.24,21903700,39272200.0,2026-06-18,16:14:09
000883,湖北能源,4.64,4.94,4.91,4.93,4.63,667919.0,317000000.0,328.48,300.65,15.95,0.87,1.03,22677800,44114100.0,2026-06-18,16:14:12
000885,城发环境,12.61,12.67,12.67,12.71,12.51,22525.0,28390000.0,80.97,80.97,6.34,0.85,0.35,986900,1265600.0,2026-06-18,16:14:12
000886,海南高速,4.25,4.26,4.27,4.32,4.19,116032.0,49440000.0,42.03,41.56,29.03,1.32,1.19,5396900,6206300.0,2026-06-18,16:14:15
000887,中鼎股份,21.84,22.1,22.01,22.27,21.73,429700.0,942290000.0,287.52,287.06,19.06,1.99,3.27,17049600,25920300.0,2026-06-18,16:14:48
000888,峨眉山Ａ,9.42,9.53,9.52,9.52,9.31,66546.0,62510000.0,49.64,49.64,22.53,1.82,1.26,3371900,3282700.0,2026-06-18,16:14:33
000889,中嘉博创,4.02,3.65,4.02,4.02,3.91,461350.0,185240000.0,37.64,34.97,-149.23,54.19,5.3,5452100,40682900.0,2026-06-18,16:14:36
000890,法尔胜,8.9,9.12,9.12,9.12,8.81,241091.0,214810000.0,37.34,37.33,-49.06,190.99,5.75,12390900,11718200.0,2026-06-18,16:14:51
000892,欢瑞世纪,3.57,3.6,3.58,3.65,3.48,221597.0,79450000.0,35.02,25.38,-12.15,5.8,3.12,10307700,11852000.0,2026-06-18,16:14:15
000893,亚钾国际,40.91,41.77,41.5,42.3,39.71,227266.0,929050000.0,378.03,332.11,20.76,2.74,2.8,10012000,12714600.0,2026-06-18,16:14:18
000895,双汇发展,22.79,23.05,23.03,23.15,22.72,102910.0,235670000.0,789.6,789.49,15.01,3.97,0.3,4802600,5488500.0,2026-06-18,16:14:39
000897,津滨发展,1.75,1.77,1.77,1.79,1.74,176316.0,31080000.0,28.3,28.3,-48.53,0.94,1.09,7784300,9847300.0,2026-06-18,16:14:54
000898,鞍钢股份,2.0,1.99,1.98,2.02,1.95,313917.0,62440000.0,187.38,159.15,-3.77,0.44,0.39,17879300,13512300.0,2026-06-18,16:14:42
000899,赣能股份,10.79,11.79,11.75,11.76,10.66,374889.0,413890000.0,105.28,105.28,10.37,1.73,3.84,15661200,21827700.0,2026-06-18,16:14:45
000900,现代投资,3.62,3.61,3.6,3.63,3.56,81447.0,29260000.0,54.95,54.94,13.93,0.5,0.54,4015400,4129200.0,2026-06-18,16:14:48
000901,航天科技,18.34,18.26,18.11,18.68,17.92,182639.0,335380000.0,146.39,146.39,164.62,3.45,2.29,9615200,8648700.0,2026-06-18,16:14:33
000902,新洋丰,12.15,12.42,12.33,12.48,12.06,116049.0,141730000.0,152.45,138.85,9.55,1.27,1.02,5027100,6577800.0,2026-06-18,16:14:18
000903,ST云动,1.99,1.97,1.97,2.03,1.96,226862.0,45080000.0,38.5,38.21,-3.84,6.26,1.18,10391200,12295000.0,2026-06-18,16:14:36
000905,厦门港务,8.57,8.61,8.65,8.67,8.5,76690.0,65610000.0,132.18,63.57,64.42,1.45,1.03,4072200,3596900.0,2026-06-18,16:14:21
000906,浙商中拓,5.41,5.43,5.41,5.45,5.3,77220.0,41620000.0,38.39,37.94,17.67,0.79,1.1,4121700,3600300.0,2026-06-18,16:14:51
000908,景峰医药,5.83,5.99,5.97,6.03,5.79,233865.0,137700000.0,102.58,51.29,-157.04,4.91,2.66,10208200,13178400.0,2026-06-18,16:14:21
000909,*ST数源,3.89,4.03,4.03,4.03,3.86,45365.0,17800000.0,17.03,17.03,-3.93,2.78,1.04,1949000,2587500.0,2026-06-18,16:14:39
000910,大亚圣象,5.51,5.72,5.7,5.75,5.47,51883.0,28930000.0,30.16,30.15,-217.05,0.47,0.95,1906300,3282000.0,2026-06-18,16:14:42
000911,*ST广糖,4.28,4.5,4.38,4.4,4.28,105509.0,45420000.0,17.13,17.13,-11.02,-18.61,2.64,4528500,6022400.0,2026-06-18,16:14:45
000912,泸天化,3.41,3.47,3.46,3.48,3.39,167208.0,57250000.0,53.47,53.47,-2625.64,0.84,1.07,7048700,9672100.0,2026-06-18,16:14:54
000913,钱江摩托,11.6,12.14,12.04,12.12,11.47,93048.0,108830000.0,61.06,60.33,7.17,1.22,1.79,3456800,5848000.0,2026-06-18,16:14:57
000915,华特达因,27.06,27.24,27.2,27.35,26.89,15128.0,41030000.0,63.41,63.37,13.69,2.13,0.65,693900,818900.0,2026-06-18,16:14:24
000917,电广传媒,7.06,6.9,7.15,7.39,7.01,468803.0,335430000.0,100.08,100.07,238.19,0.97,3.31,22095600,24784700.0,2026-06-18,16:15:00
000919,金陵药业,6.1,6.07,6.06,6.15,6.02,75432.0,45900000.0,37.94,37.93,64.37,1.01,1.21,3422800,4120400.0,2026-06-18,16:14:03
000920,沃顿科技,15.01,15.04,14.77,15.22,14.5,265450.0,392160000.0,70.94,70.94,32.22,3.67,5.62,12293900,14251100.0,2026-06-18,16:14:27
000921,海信家电,26.94,27.88,27.5,27.86,26.93,124997.0,339770000.0,373.08,247.35,12.06,2.02,1.36,5744000,6755700.0,2026-06-18,16:14:24
000922,佳电股份,13.8,13.96,14.0,14.19,13.68,258784.0,359010000.0,115.09,97.28,41.19,2.49,3.67,12210100,13668200.0,2026-06-18,16:14:57
000923,河钢资源,13.8,13.91,13.82,14.3,13.68,123982.0,173290000.0,90.08,86.65,19.41,0.93,1.97,5999500,6398600.0,2026-06-18,16:14:06
000925,众合科技,8.16,8.28,8.3,8.36,8.13,310441.0,255100000.0,55.19,54.77,-121.34,1.71,4.63,12746200,18297900.0,2026-06-18,16:15:00
000926,福星股份,1.99,2.01,2.0,2.02,1.95,303444.0,60380000.0,31.7,31.31,-0.76,0.61,1.93,14293200,16051300.0,2026-06-18,16:14:27
000927,中国铁物,2.44,2.51,2.49,2.5,2.44,402729.0,99030000.0,147.63,147.63,29.5,1.5,0.67,11347400,28925500.0,2026-06-18,16:14:09
000928,中钢国际,5.57,5.85,5.81,5.81,5.55,206491.0,116590000.0,79.91,79.91,18.23,0.96,1.44,6506500,14142600.0,2026-06-18,16:14:30
000929,兰州黄河,9.76,9.93,9.84,10.17,9.52,67213.0,66200000.0,18.13,18.13,-15.79,5.2,3.62,3401000,3320300.0,2026-06-18,16:14:48
000930,中粮科技,4.67,4.73,4.73,4.73,4.63,119415.0,55700000.0,86.7,86.69,-70.14,0.83,0.64,5620400,6321100.0,2026-06-18,16:14:30
000931,中 关 村,4.24,4.01,4.0,4.33,3.91,180106.0,75280000.0,31.93,31.84,201.16,1.99,2.4,10920900,7089800.0,2026-06-18,16:14:03
000932,华菱钢铁,3.64,3.68,3.67,3.73,3.59,1096060.0,399580000.0,249.43,249.43,11.1,0.45,1.6,42368500,67237500.0,2026-06-18,16:14:51
000933,神火股份,23.74,24.55,24.2,24.78,23.62,719754.0,1730980000.0,533.91,533.54,9.56,2.13,3.2,32287100,39688300.0,2026-06-18,16:14:54
000935,四川双马,25.98,26.25,26.04,26.74,25.76,68595.0,179850000.0,198.34,198.34,82.46,2.53,0.9,3538400,3321100.0,2026-06-18,16:14:57
000936,华西股份,5.67,5.79,5.75,5.76,5.62,177842.0,100900000.0,50.24,50.23,282.79,0.98,2.01,8037800,9746400.0,2026-06-18,16:14:33
000937,冀中能源,4.47,4.63,4.61,4.61,4.38,299389.0,132980000.0,173.74,168.82,42.89,0.92,0.79,10945900,18992900.0,2026-06-18,16:14:06
000938,紫光股份,27.45,27.21,27.16,27.94,27.02,1252082.0,3443280000.0,785.09,785.09,36.95,5.12,4.38,63166700,62041500.0,2026-06-18,16:15:00
000948,南天信息,12.57,12.54,12.45,12.74,12.3,41244.0,51900000.0,49.01,48.92,114.31,1.81,1.06,1886500,2237900.0,2026-06-18,16:14:36
000949,新乡化纤,6.49,6.85,6.81,6.89,6.45,466031.0,306560000.0,107.53,107.5,37.55,1.59,2.81,18727800,27875300.0,2026-06-18,16:14:39
000950,重药控股,5.23,5.16,5.17,5.27,5.09,233089.0,121240000.0,90.38,90.38,20.91,0.78,1.35,12166000,11142900.0,2026-06-18,16:14:12
000951,中国重汽,22.07,22.0,22.0,22.5,21.71,81985.0,182030000.0,258.0,258.0,14.25,1.56,0.7,4061400,4137200.0,2026-06-18,16:14:09
000952,广济药业,5.96,5.96,5.96,6.04,5.8,45385.0,26970000.0,20.67,20.5,-5.17,3.31,1.32,2304300,2234200.0,2026-06-18,16:14:33
000953,中哲精化,5.56,5.63,5.59,5.69,5.53,55091.0,30840000.0,20.36,20.36,332.8,13.19,1.5,2908000,2601100.0,2026-06-18,16:14:03
000955,欣龙控股,4.97,4.63,4.56,5.08,4.49,618666.0,301710000.0,26.76,26.75,2988.45,4.13,11.49,32539000,29327600.0,2026-06-18,16:14:06
000957,中通客车,10.03,10.12,10.08,10.12,9.88,90804.0,90650000.0,59.47,59.47,15.54,1.84,1.53,4436700,4643700.0,2026-06-18,16:14:12
000958,电投产融,5.82,5.93,5.9,5.99,5.79,463224.0,270940000.0,1066.02,313.31,32.34,2.12,0.86,20179600,26142700.0,2026-06-18,16:14:42
000959,首钢股份,3.24,3.28,3.27,3.34,3.2,380622.0,123570000.0,251.26,241.43,29.9,0.5,0.51,17263500,20798700.0,2026-06-18,16:14:45
000960,锡业股份,41.74,41.43,41.83,43.29,40.7,1094815.0,4604590000.0,686.8,686.8,29.42,3.38,6.65,55434000,54047500.0,2026-06-18,16:14:15
000962,东方钽业,63.01,62.36,62.37,63.95,61.25,287690.0,1804670000.0,332.35,317.05,129.77,8.3,5.72,12858300,15910600.0,2026-06-18,16:14:36
000963,华东医药,28.34,27.7,27.61,28.95,27.49,157115.0,446110000.0,497.01,496.8,14.19,2.01,0.9,8529400,7182000.0,2026-06-18,16:14:48
000965,天保基建,3.17,3.21,3.2,3.2,3.1,111031.0,34950000.0,35.18,35.18,-204.42,0.64,1.0,5522800,5580200.0,2026-06-18,16:14:18
000966,长源电力,4.48,4.83,4.81,4.81,4.46,1182211.0,543150000.0,155.95,155.95,139.17,1.16,3.4,43839500,74381600.0,2026-06-18,16:14:51
000967,盈峰环境,10.2,10.25,10.34,10.65,10.15,1352802.0,1405180000.0,342.64,342.48,58.73,1.99,4.03,67366400,67913800.0,2026-06-18,16:14:54
000968,蓝焰控股,6.65,6.74,6.75,6.76,6.63,125356.0,83690000.0,64.34,64.34,21.59,1.01,1.3,5789700,6745900.0,2026-06-18,16:14:21
000969,安泰科技,25.08,24.45,24.46,25.92,24.35,736082.0,1847090000.0,263.47,261.17,69.05,4.64,7.07,36859900,36748300.0,2026-06-18,16:14:57
000970,中科三环,14.94,14.27,14.2,15.18,14.11,1448355.0,2121050000.0,181.63,181.63,192.76,2.79,11.91,76236700,68598800.0,2026-06-18,16:15:00
000972,*ST中基,3.44,3.49,3.48,3.49,3.42,48689.0,16790000.0,26.53,26.53,-45.27,408.64,0.63,1625700,3243200.0,2026-06-18,16:14:24
000973,佛塑科技,15.31,15.83,15.66,15.84,15.15,685512.0,1056260000.0,376.36,148.11,58.39,4.13,7.09,29011800,39539400.0,2026-06-18,16:14:15
000975,山金国际,21.07,21.88,21.8,21.94,20.81,444916.0,948910000.0,584.17,531.65,15.91,3.95,1.76,19322200,25169400.0,2026-06-18,16:14:39
000977,浪潮信息,65.66,64.5,64.02,66.85,64.01,695477.0,4556060000.0,964.2,963.12,37.74,4.33,4.74,36046100,33501600.0,2026-06-18,16:14:03
000978,桂林旅游,5.55,5.66,5.62,5.65,5.51,93395.0,52020000.0,25.98,25.98,211.55,2.43,2.0,4549600,4789900.0,2026-06-18,16:14:06
000980,众泰汽车,2.22,2.26,2.28,2.29,2.21,980706.0,218680000.0,111.94,111.94,-32.34,342.34,1.94,40862900,57207700.0,2026-06-18,16:14:27
000981,山子高科,3.24,3.35,3.34,3.34,3.23,1913921.0,625560000.0,323.92,308.23,27.09,10.45,2.01,55386200,136005900.0,2026-06-18,16:14:30
000983,山西焦煤,6.37,6.72,6.68,6.72,6.36,1182780.0,765760000.0,361.63,361.63,27.24,0.98,2.08,47775400,70502600.0,2026-06-18,16:14:42
000985,大庆华科,15.17,15.51,15.44,15.62,15.15,16193.0,24820000.0,19.67,19.67,330.24,3.21,1.25,910600,708700.0,2026-06-18,16:14:33
000987,越秀资本,7.48,7.71,7.66,7.7,7.44,325494.0,245230000.0,375.28,375.0,9.02,1.13,0.65,13929100,18620300.0,2026-06-18,16:14:45
000988,华工科技,177.55,170.51,169.11,181.57,168.72,780774.0,13779670000.0,1785.27,1784.35,105.06,15.61,7.77,42078300,35999100.0,2026-06-18,16:14:09
000989,九芝堂,7.9,7.86,7.87,7.98,7.74,62221.0,49060000.0,67.62,54.84,24.95,1.87,0.9,3072300,3149800.0,2026-06-18,16:14:09
000990,诚志股份,8.65,8.94,8.95,8.98,8.63,294354.0,257170000.0,105.12,105.12,148.59,0.59,2.42,11361400,18074000.0,2026-06-18,16:14:48
000993,闽东电力,10.88,11.4,11.31,11.32,10.82,180537.0,199040000.0,49.83,49.83,243.62,1.96,3.94,7651200,10402500.0,2026-06-18,16:14:18
000995,皇台酒业,10.11,10.29,10.21,10.28,9.91,124018.0,124900000.0,17.94,17.94,305.98,10.85,6.99,6593200,5808600.0,2026-06-18,16:14:36
000997,新 大 陆,17.75,17.62,17.5,18.19,17.19,261113.0,463120000.0,179.82,178.82,18.33,2.39,2.59,12749300,13362000.0,2026-06-18,16:14:39
000998,隆平高科,8.02,8.11,8.07,8.14,8.0,113997.0,91690000.0,117.85,105.42,317.75,1.76,0.87,4521800,6877900.0,2026-06-18,16:14:12
000999,华润三九,23.48,23.79,23.72,23.82,23.45,68637.0,161810000.0,390.76,390.4,12.11,1.76,0.41,2690100,4173600.0,2026-06-18,16:14:15
001201,东瑞股份,10.64,10.87,10.82,10.92,10.59,23714.0,25350000.0,27.43,21.43,-7.98,0.9,1.18,1108700,1262600.0,2026-06-18,16:14:51
001202,炬申股份,14.17,14.23,14.14,14.34,13.91,17656.0,25070000.0,23.62,16.55,32.16,2.75,1.51,873000,892600.0,2026-06-18,16:14:21
001203,大中矿业,32.46,34.36,33.86,34.49,32.3,533660.0,1764820000.0,497.64,423.92,74.4,6.78,4.09,25858900,27507100.0,2026-06-18,16:14:18
001205,盛航股份,14.12,14.17,14.06,14.26,13.78,80455.0,113090000.0,26.55,23.51,24.13,1.24,4.83,3867000,4178500.0,2026-06-18,16:14:12
001206,依依股份,16.73,17.29,17.23,17.37,16.73,45934.0,77720000.0,30.93,17.88,19.75,1.71,4.3,1907100,2686300.0,2026-06-18,16:14:54
001207,联科科技,16.94,17.35,17.37,17.37,16.91,40379.0,68810000.0,51.35,49.57,18.68,2.22,1.38,1436800,2601100.0,2026-06-18,16:14:42
001208,华菱线缆,15.4,15.63,15.55,15.73,15.3,109692.0,170150000.0,98.31,49.08,90.62,3.39,3.44,5148600,5820600.0,2026-06-18,16:14:21
001209,洪兴股份,17.67,17.85,17.65,17.85,17.43,18243.0,32180000.0,23.24,16.98,101.53,1.77,1.9,1016100,808200.0,2026-06-18,16:14:24
001210,金房能源,23.55,24.2,23.82,24.11,22.98,96925.0,227120000.0,51.7,31.42,37.7,3.6,7.26,4375100,5317400.0,2026-06-18,16:14:24
001211,双枪科技,32.2,32.49,32.01,32.6,31.0,83240.0,264740000.0,32.2,30.06,-2283.59,3.73,8.92,3735600,4588500.0,2026-06-18,16:14:45
001212,中旗新材,49.3,46.3,46.05,50.93,46.05,149319.0,740340000.0,99.07,85.71,-414.76,5.16,8.59,7261100,7670800.0,2026-06-18,16:14:57
001213,中铁特货,3.5,3.56,3.55,3.55,3.49,66150.0,23270000.0,155.56,155.56,41.52,0.81,0.15,2247300,4367700.0,2026-06-18,16:14:27
001215,千味央厨,42.2,40.28,40.6,42.48,39.75,48811.0,201140000.0,41.0,40.89,63.34,2.21,5.04,2485800,2395300.0,2026-06-18,16:15:00
001216,华瓷股份,17.4,15.82,17.4,17.4,17.4,27612.0,48040000.0,50.8,42.73,23.76,2.07,1.12,450300,2310900.0,2026-06-18,16:14:48
001217,华尔泰,9.1,9.18,9.1,9.15,8.93,34911.0,31670000.0,30.2,29.86,-49.46,1.41,1.06,1872200,1618900.0,2026-06-18,16:14:51
001218,丽臣实业,24.66,27.24,26.42,26.49,24.52,54021.0,134540000.0,32.1,29.11,15.21,1.33,4.58,2194300,3207800.0,2026-06-18,16:14:54
001219,青岛食品,12.33,12.39,12.3,12.45,12.13,14081.0,17330000.0,24.04,23.44,21.34,2.3,0.74,717900,690200.0,2026-06-18,16:14:57
001222,源飞宠物,14.07,14.27,14.31,14.31,13.99,17824.0,25140000.0,26.86,15.9,23.72,1.89,1.58,907100,875300.0,2026-06-18,16:14:06
001223,欧克科技,49.05,49.83,50.67,51.98,48.18,54729.0,269470000.0,64.1,34.25,206.16,3.36,7.84,2427300,3045600.0,2026-06-18,16:14:18
001225,和泰机电,41.31,41.69,42.2,42.2,40.83,10912.0,45170000.0,27.09,8.69,89.52,1.98,5.19,643000,448200.0,2026-06-18,16:14:30
001226,拓山重工,54.14,49.72,49.05,54.69,49.05,53292.0,285150000.0,40.42,18.37,176.43,5.44,15.71,2520600,2808600.0,2026-06-18,16:14:21
001227,兰州银行,2.09,2.13,2.12,2.12,2.09,340325.0,71470000.0,119.04,88.15,6.48,0.39,0.81,11112900,22919600.0,2026-06-18,16:15:00
001228,永泰运,27.68,26.8,26.7,28.18,26.27,18790.0,51780000.0,28.75,22.11,27.65,1.67,2.35,1100100,778900.0,2026-06-18,16:14:33
001229,魅视科技,27.44,27.43,27.16,28.05,26.85,31472.0,86150000.0,39.36,20.24,66.78,4.01,4.27,1343100,1804000.0,2026-06-18,16:14:24
001230,劲旅环境,18.36,18.83,18.9,18.9,18.25,37905.0,69940000.0,34.48,20.19,19.95,1.75,3.45,1745300,2045200.0,2026-06-18,16:14:03
001231,农心科技,19.55,19.66,19.45,19.86,19.08,14652.0,28760000.0,19.54,9.99,28.91,1.91,2.87,858400,606800.0,2026-06-18,16:14:27
001234,泰慕士,22.46,23.19,23.01,23.66,22.4,35442.0,81930000.0,24.57,20.55,61.28,2.69,3.87,1640300,1903900.0,2026-06-18,16:14:27
001236,弘业期货,7.4,7.63,7.56,7.64,7.36,114730.0,85650000.0,74.58,56.1,487.47,3.98,1.51,5080800,6392200.0,2026-06-18,16:14:30
001238,浙江正特,29.25,28.86,28.81,29.39,28.3,4602.0,13300000.0,45.38,42.45,118.77,3.93,0.32,268200,191900.0,2026-06-18,16:14:36
001239,永达股份,15.12,15.43,15.4,15.54,15.01,30086.0,45790000.0,36.29,17.24,113.93,2.67,2.64,1345700,1662900.0,2026-06-18,16:14:39
001255,博菲电气,27.98,28.24,27.91,28.36,27.49,8929.0,24940000.0,24.34,21.33,223.35,2.72,1.17,448400,444500.0,2026-06-18,16:14:12
001256,炜冈科技,25.25,25.61,25.58,25.87,25.01,31493.0,79750000.0,36.01,27.0,24.93,2.75,2.95,1376700,1772600.0,2026-06-18,16:14:09
001258,立新能源,7.38,7.68,7.63,7.63,7.33,285368.0,212220000.0,68.88,68.88,68.34,2.26,3.06,12791900,15744900.0,2026-06-18,16:14:42
001259,利仁科技,69.28,68.95,68.0,69.7,64.62,56908.0,386630000.0,50.98,32.94,409.5,7.1,11.97,2876700,2814200.0,2026-06-18,16:14:15
001260,坤泰股份,17.28,17.25,17.27,17.5,16.78,17597.0,30320000.0,19.87,19.87,53.52,2.46,1.53,897400,862300.0,2026-06-18,16:14:36
001266,宏英智能,53.2,50.82,51.67,53.2,50.92,59716.0,311490000.0,55.14,30.94,112.48,5.77,10.27,3091900,2879700.0,2026-06-18,16:14:39
001267,汇绿生态,58.1,54.96,54.63,59.14,54.6,543060.0,3082680000.0,456.18,353.57,548.84,28.65,8.92,25777400,28528600.0,2026-06-18,16:14:18
001268,联合精密,41.4,41.74,41.75,43.37,40.92,24492.0,102980000.0,44.68,27.92,139.76,4.39,3.63,1073200,1376000.0,2026-06-18,16:14:21
001269,欧晶科技,23.72,26.35,26.0,26.33,23.72,119373.0,293270000.0,45.64,45.64,-15.9,6.77,6.2,5146200,6791000.0,2026-06-18,16:14:12
001270,铖昌科技,134.28,127.78,125.37,137.65,125.29,112345.0,1495910000.0,276.77,275.01,209.65,18.22,5.49,6253200,4981200.0,2026-06-18,16:14:42
001277,速达股份,29.3,29.66,29.4,29.76,29.03,8121.0,23880000.0,22.27,13.35,24.76,1.44,1.78,444400,367700.0,2026-06-18,16:14:45
001278,一彬科技,16.91,16.6,16.44,17.26,16.18,33580.0,55960000.0,20.92,14.43,-19.1,1.77,3.94,1843400,1514600.0,2026-06-18,16:14:15
001279,强邦新材,26.5,27.6,27.39,27.39,26.41,14888.0,39770000.0,42.4,10.6,107.78,4.25,3.72,562700,926200.0,2026-06-18,16:14:24
001282,三联锻造,22.15,21.18,21.48,22.55,21.42,140174.0,308600000.0,49.21,33.83,45.93,2.98,9.18,7582600,6434800.0,2026-06-18,16:14:18
001283,豪鹏科技,52.61,52.84,53.36,53.61,51.8,51228.0,269450000.0,68.22,54.4,32.28,1.94,4.95,2049400,3073400.0,2026-06-18,16:14:48
001286,陕西能源,10.89,11.89,11.86,11.9,10.8,484841.0,545750000.0,408.38,147.01,12.78,1.49,3.59,20677800,27806300.0,2026-06-18,16:14:21
001287,中电港,29.41,27.4,27.88,30.14,27.69,895644.0,2647270000.0,223.49,223.49,62.41,4.1,11.79,46281600,43282800.0,2026-06-18,16:14:30
001288,运机集团,27.32,26.39,26.47,27.58,26.11,51468.0,139680000.0,64.17,41.5,30.81,2.8,3.39,2670500,2476300.0,2026-06-18,16:14:30
001289,龙源电力,16.59,17.37,17.18,17.28,16.58,103434.0,174210000.0,1386.89,836.46,32.67,1.81,0.21,4353400,5989900.0,2026-06-18,16:14:24
001296,长江材料,20.56,18.69,18.65,20.56,18.22,95764.0,191930000.0,30.76,15.85,27.32,1.69,12.42,4173500,5402900.0,2026-06-18,16:14:54
001298,好上好,20.97,20.6,20.38,21.08,20.36,97612.0,203590000.0,90.7,85.44,77.1,5.45,2.4,5143500,4617700.0,2026-06-18,16:14:27
001299,美能能源,10.5,10.82,10.74,10.77,10.44,63121.0,66630000.0,32.99,29.7,31.82,2.94,2.23,3096800,3215200.0,2026-06-18,16:14:33
001300,三柏硕,12.91,13.07,13.0,13.36,12.61,53452.0,69250000.0,31.47,31.47,-38.17,3.27,2.19,3201100,2144000.0,2026-06-18,16:14:33
001301,尚太科技,88.7,92.8,92.89,94.82,87.51,53191.0,479350000.0,231.33,164.76,26.07,3.22,2.86,2302900,3016200.0,2026-06-18,16:14:30
001306,夏厦精密,62.9,60.41,60.0,63.88,59.51,12981.0,80520000.0,39.53,9.75,-76.55,3.08,8.37,833000,465100.0,2026-06-18,16:14:33
001308,康冠科技,20.97,20.6,20.4,21.15,19.88,69175.0,143200000.0,147.65,102.17,33.1,1.93,1.42,3709100,3208400.0,2026-06-18,16:14:36
001309,德明利,712.0,709.62,702.0,736.0,698.08,160789.0,11466900000.0,1615.14,1174.19,39.36,24.39,9.75,7817600,8261300.0,2026-06-18,16:14:57
001311,多利科技,17.75,18.11,18.03,18.16,17.7,38256.0,68330000.0,71.65,31.44,34.59,1.52,2.16,1922300,1903400.0,2026-06-18,16:15:00
001313,粤海饲料,7.3,7.16,7.13,7.36,7.07,129538.0,93920000.0,51.1,51.04,95.12,1.99,1.85,6461200,6492600.0,2026-06-18,16:14:48
001314,亿道信息,58.59,57.52,57.61,59.63,56.7,52763.0,308290000.0,83.57,72.88,76.08,4.01,4.24,2413600,2862700.0,2026-06-18,16:14:36
001316,润贝航科,37.45,37.13,36.76,37.65,36.26,36828.0,136890000.0,60.36,56.25,28.68,4.59,2.45,1716200,1966600.0,2026-06-18,16:14:51
001317,三羊马,46.09,45.48,45.01,47.24,44.82,37601.0,172880000.0,39.44,39.4,-549.46,3.88,4.4,1971700,1788400.0,2026-06-18,16:14:03
001318,阳光乳业,10.55,10.6,10.6,10.66,10.41,20306.0,21410000.0,29.82,29.82,29.38,2.11,0.72,853200,1177400.0,2026-06-18,16:14:54
001319,铭科精技,22.62,22.67,22.61,22.73,22.12,24203.0,54040000.0,31.98,18.55,22.95,2.35,2.95,1058600,1361700.0,2026-06-18,16:14:36
001322,箭牌家居,5.84,5.88,5.98,5.98,5.78,30700.0,17920000.0,56.48,45.88,103.34,1.22,0.39,1283700,1786300.0,2026-06-18,16:14:39
001323,慕思股份,17.67,17.96,17.95,17.96,17.59,7579.0,13440000.0,76.88,55.0,15.2,1.84,0.24,382900,375000.0,2026-06-18,16:14:39
001324,长青科技,18.08,18.33,18.1,18.26,17.82,22368.0,40370000.0,24.95,24.95,59.44,2.18,1.62,1156500,1080300.0,2026-06-18,16:14:42
001326,联域股份,73.88,74.03,75.22,75.5,71.3,31006.0,228760000.0,54.08,17.74,188.86,4.41,12.91,1677100,1423500.0,2026-06-18,16:14:57
001328,登康口腔,27.33,28.29,28.65,28.65,27.14,22804.0,62890000.0,47.06,44.2,24.8,3.3,1.41,1085500,1195000.0,2026-06-18,16:15:00
001330,博纳影业,6.84,6.91,6.87,6.93,6.7,701669.0,478320000.0,94.02,79.54,-16.98,2.47,6.03,34013200,36153700.0,2026-06-18,16:14:39
001331,胜通能源,69.78,69.78,0.0,0.0,0.0,0.0,0.0,196.95,137.56,-1009.76,13.39,0.0,0,0.0,2026-06-18,16:14:48
001332,锡装股份,46.52,46.29,45.75,47.6,45.56,41939.0,194830000.0,71.96,31.26,26.44,2.76,6.24,1888400,2305500.0,2026-06-18,16:14:42
001333,光华股份,19.7,20.05,20.06,20.1,19.51,21580.0,42540000.0,25.22,25.22,21.95,1.42,1.69,1268700,889300.0,2026-06-18,16:14:06
001336,楚环科技,23.69,23.91,23.78,24.0,23.33,16770.0,39770000.0,19.04,11.68,42.1,2.32,3.4,947800,729200.0,2026-06-18,16:14:42
001337,四川黄金,42.2,43.44,42.87,43.48,41.88,100674.0,428480000.0,177.24,177.24,27.89,9.37,2.4,4783000,5284400.0,2026-06-18,16:14:09
001338,永顺泰,9.33,9.32,9.29,9.39,9.18,44771.0,41620000.0,46.81,46.81,23.54,1.25,0.89,2116400,2360700.0,2026-06-18,16:14:06
001339,智微智能,126.93,115.39,118.41,126.93,118.41,77465.0,966310000.0,320.24,158.08,134.57,13.56,6.22,2965400,4781100.0,2026-06-18,16:14:45
001356,富岭股份,9.07,9.23,9.28,9.28,9.05,15850.0,14440000.0,53.45,18.2,74.96,2.62,0.79,522100,1062900.0,2026-06-18,16:14:12
001358,兴欣新材,24.75,25.41,25.45,25.45,24.63,16645.0,41520000.0,30.49,12.3,58.26,2.14,3.35,761900,902600.0,2026-06-18,16:14:51
001359,平安电工,132.2,129.15,128.06,133.75,124.32,39298.0,508280000.0,245.24,61.31,100.29,11.86,8.47,2028200,1901600.0,2026-06-18,16:14:15
001360,南矿集团,21.96,21.19,21.54,22.19,20.86,57113.0,124030000.0,44.8,27.56,101.03,3.13,4.55,2804000,2907300.0,2026-06-18,16:14:09
001366,播恩集团,12.07,12.14,12.02,12.23,11.88,39465.0,47500000.0,19.39,19.39,-352.18,2.41,2.46,2021900,1924600.0,2026-06-18,16:14:54
001367,海森药业,20.31,20.05,20.19,20.46,19.8,15349.0,31050000.0,30.94,24.7,23.16,2.05,1.26,816200,718700.0,2026-06-18,16:14:57
001368,通达创智,22.08,22.13,22.13,22.18,21.65,12995.0,28520000.0,25.14,23.89,24.55,1.8,1.2,691100,608400.0,2026-06-18,16:14:12
001373,翔腾新材,35.73,36.13,35.88,36.19,35.01,20121.0,71700000.0,24.54,14.99,-58.56,2.91,4.8,1111300,900800.0,2026-06-18,16:14:15
001376,百通能源,11.58,11.93,11.87,12.29,11.48,102842.0,120540000.0,53.37,24.79,27.77,4.17,4.8,4145700,6138500.0,2026-06-18,16:14:03
001378,德冠新材,19.32,19.9,19.93,20.31,19.3,56168.0,110320000.0,33.49,16.29,37.77,1.82,6.66,2604000,3012700.0,2026-06-18,16:14:06
001379,腾达科技,16.94,16.88,16.72,17.12,16.63,16858.0,28500000.0,33.88,11.4,46.33,2.28,2.51,762100,923700.0,2026-06-18,16:14:18
001380,华纬科技,16.57,16.34,16.43,16.97,16.21,24118.0,40070000.0,44.88,38.56,17.74,2.31,1.04,1281400,1130400.0,2026-06-18,16:14:09
001382,新亚电缆,20.08,20.03,20.06,20.17,19.87,22379.0,44730000.0,82.73,12.65,86.31,5.14,3.55,997800,1240000.0,2026-06-18,16:14:12
001387,雪祺电气,12.6,13.07,12.95,13.27,12.59,104718.0,135000000.0,23.06,14.68,25.58,1.8,8.99,4878800,5592900.0,2026-06-18,16:14:51
001389,广合科技,201.46,205.8,205.8,206.0,200.01,90376.0,1830440000.0,952.03,306.65,81.51,13.21,5.94,4011100,5026500.0,2026-06-18,16:14:24
001391,国货航,4.39,4.53,4.5,4.51,4.36,262856.0,116120000.0,535.97,66.7,21.63,1.96,1.73,8903800,17381800.0,2026-06-18,16:14:54
001395,亚联机械,25.18,25.5,25.24,25.5,24.94,9024.0,22710000.0,28.56,13.1,16.18,2.46,1.74,459100,443300.0,2026-06-18,16:14:57
001696,宗申动力,24.31,24.22,24.22,25.16,23.34,1242408.0,2997560000.0,278.36,216.7,45.57,5.22,13.94,66326600,57914200.0,2026-06-18,16:14:48
001872,招商港口,19.43,19.96,19.88,19.95,19.43,34117.0,66870000.0,482.23,447.28,10.36,0.74,0.15,1275600,2136100.0,2026-06-18,16:15:00
001896,豫能控股,19.85,21.76,21.4,21.78,19.58,2141433.0,4373280000.0,302.87,302.87,80.69,8.5,14.03,88499000,125644300.0,2026-06-18,16:14:24
001914,招商积余,8.83,9.03,9.02,9.02,8.76,62185.0,55090000.0,93.04,93.04,13.92,0.85,0.59,2594600,3623900.0,2026-06-18,16:14:15
001965,招商公路,9.82,9.8,9.82,9.93,9.73,132932.0,131020000.0,667.28,667.28,14.41,0.95,0.2,7419600,5873600.0,2026-06-18,16:14:51
001979,招商蛇口,7.25,7.53,7.48,7.53,7.21,614098.0,448570000.0,653.66,609.98,105.86,0.67,0.73,26285500,35124400.0,2026-06-18,16:14:54
002001,新 和 成,28.0,28.5,28.21,29.1,27.85,398051.0,1129700000.0,860.56,850.32,12.82,2.63,1.31,16430400,23374800.0,2026-06-18,16:14:57
002003,伟星股份,8.65,8.63,8.64,8.7,8.55,43377.0,37460000.0,102.84,88.41,16.14,2.45,0.42,2160900,2176900.0,2026-06-18,16:14:18
002004,华邦健康,4.12,4.2,4.21,4.22,4.11,137852.0,57070000.0,81.57,77.59,11.93,0.82,0.73,4770000,9015200.0,2026-06-18,16:14:03
002005,ST德豪,2.64,2.72,2.73,2.74,2.64,129417.0,34610000.0,46.26,46.25,108.71,13.91,0.74,4054100,8887600.0,2026-06-18,16:14:06
002006,精工科技,14.93,14.84,14.78,15.12,14.62,75947.0,113290000.0,77.61,77.61,40.45,3.1,1.46,4144300,3450400.0,2026-06-18,16:14:27
002007,华兰生物,12.84,12.83,12.82,13.04,12.66,79697.0,102830000.0,234.42,202.04,27.33,2.17,0.51,3887100,4082600.0,2026-06-18,16:14:30
002008,大族激光,134.9,135.84,135.54,137.86,129.2,869899.0,11586560000.0,1388.93,1290.63,100.63,6.79,9.09,43609700,43380200.0,2026-06-18,16:15:00
002009,天奇股份,20.8,20.61,20.62,21.05,20.31,149624.0,311140000.0,83.66,73.64,226.18,4.07,4.23,7607900,7354600.0,2026-06-18,16:14:33
002010,传化智联,4.89,4.92,4.86,4.91,4.8,168821.0,82160000.0,135.16,134.83,20.51,0.74,0.61,8389200,8492900.0,2026-06-18,16:14:03
002011,盾安环境,10.51,10.79,10.77,10.78,10.44,145203.0,153820000.0,112.95,111.36,10.69,1.65,1.37,6585500,7934800.0,2026-06-18,16:14:09
002012,凯恩股份,7.16,7.12,7.12,7.35,6.98,249638.0,180220000.0,33.48,33.48,108.81,2.16,5.34,13503800,11460000.0,2026-06-18,16:14:21
002014,永新股份,10.32,10.59,10.53,10.57,10.21,28644.0,29550000.0,63.21,62.2,14.37,2.63,0.48,1184600,1679700.0,2026-06-18,16:14:36
002015,协鑫能科,18.63,18.85,18.65,19.0,18.46,781554.0,1459640000.0,302.43,302.43,68.98,2.54,4.81,36140900,42014600.0,2026-06-18,16:14:24
002016,世荣兆业,4.38,4.38,4.39,4.45,4.3,97248.0,42620000.0,35.44,35.44,23.33,0.72,1.2,5326700,4398100.0,2026-06-18,16:14:06
002017,东信和平,15.96,16.13,16.02,16.22,15.82,100064.0,160200000.0,92.64,92.58,55.94,5.19,1.72,4887200,5119200.0,2026-06-18,16:14:33
002019,亿帆医药,9.71,9.81,9.78,9.93,9.66,86846.0,84820000.0,118.11,81.81,33.21,1.35,1.03,4140600,4543900.0,2026-06-18,16:14:27
002020,京新药业,12.06,12.05,12.09,12.32,11.9,95702.0,116080000.0,103.84,87.31,13.67,1.79,1.32,5439100,4131100.0,2026-06-18,16:14:09
002021,中捷资源,2.47,2.49,2.5,2.53,2.44,289248.0,71720000.0,29.53,29.53,-139.8,4.82,2.42,11951400,16973400.0,2026-06-18,16:14:39
002022,科华生物,4.93,4.91,4.88,5.01,4.83,51511.0,25420000.0,25.36,25.35,-3.49,1.0,1.0,3197600,1953500.0,2026-06-18,16:14:42
002023,海特高新,12.6,12.4,12.46,12.76,12.3,393693.0,496050000.0,93.35,93.35,-17.69,2.51,5.31,18398100,20971200.0,2026-06-18,16:14:12
002024,ST易购,1.21,1.22,1.22,1.23,1.2,175807.0,21330000.0,112.1,111.96,162.27,0.91,0.19,6354800,11225900.0,2026-06-18,16:14:45
002025,航天电器,63.53,63.4,62.8,65.45,62.18,154411.0,986490000.0,289.29,288.34,153.46,4.35,3.4,7611500,7829600.0,2026-06-18,16:14:36
002026,山东威达,11.99,11.99,11.95,12.13,11.9,44555.0,53420000.0,52.82,52.82,20.55,1.37,1.01,2371900,2083600.0,2026-06-18,16:14:15
002027,分众传媒,5.02,5.12,5.11,5.13,4.95,2284718.0,1147490000.0,725.0,725.0,20.13,4.69,1.58,83932800,144539000.0,2026-06-18,16:14:12
002028,思源电气,190.2,186.93,189.0,197.88,188.71,137376.0,2660200000.0,1488.22,1161.52,45.74,9.23,2.25,6650200,7087400.0,2026-06-18,16:14:48
002029,七 匹 狼,8.75,8.34,8.34,9.08,8.29,349127.0,301380000.0,61.69,58.22,26.48,0.91,5.25,18991000,15921700.0,2026-06-18,16:14:30
002030,达安基因,5.55,5.44,5.41,5.7,5.33,398617.0,220960000.0,77.89,77.89,-8.7,1.11,2.84,19644900,20216800.0,2026-06-18,16:14:51
002031,巨轮智能,5.72,5.71,5.66,5.8,5.57,967490.0,550520000.0,125.81,109.46,-52.99,6.48,5.06,47832300,48916600.0,2026-06-18,16:14:33
002032,苏 泊 尔,41.03,41.68,41.8,41.95,40.92,12771.0,52790000.0,328.18,328.03,15.59,7.12,0.16,590900,686200.0,2026-06-18,16:14:18
002033,丽江股份,8.44,8.43,8.4,8.49,8.31,102490.0,86240000.0,46.38,46.38,18.88,1.91,1.87,4625800,5623100.0,2026-06-18,16:14:36
002034,旺能环境,17.14,17.45,17.55,17.55,17.0,82945.0,142510000.0,88.56,88.19,12.27,1.21,1.61,3828900,4465600.0,2026-06-18,16:14:39
002035,华帝股份,4.75,4.76,4.77,4.8,4.72,61855.0,29430000.0,40.26,37.15,13.61,1.07,0.79,2933400,3252100.0,2026-06-18,16:14:54
002036,联创电子,8.61,8.7,8.61,8.66,8.35,438756.0,373430000.0,91.06,90.88,-8.19,9.43,4.16,20725500,23150000.0,2026-06-18,16:14:39
002037,保利联合,6.62,6.59,6.52,6.72,6.49,56027.0,37000000.0,32.03,32.03,-3.67,3.12,1.16,3043700,2559000.0,2026-06-18,16:14:21
002038,双鹭药业,5.08,5.03,5.0,5.17,4.95,191684.0,97250000.0,52.19,43.28,-10.89,1.02,2.25,10454000,8714400.0,2026-06-18,16:14:24
002039,黔源电力,19.79,20.41,20.36,20.36,19.4,141239.0,279280000.0,84.61,84.61,13.27,1.94,3.3,6216900,7907100.0,2026-06-18,16:14:27
002040,南 京 港,8.35,8.58,8.66,8.7,8.29,104243.0,87690000.0,40.74,40.59,20.79,1.17,2.14,4391000,6033300.0,2026-06-18,16:14:57
002041,登海种业,8.57,8.47,8.5,8.68,8.32,120539.0,102830000.0,75.42,75.42,74.82,2.04,1.37,6165900,5888100.0,2026-06-18,16:14:42
002042,华孚时尚,3.75,3.7,3.69,3.8,3.6,403661.0,148990000.0,63.78,63.78,86.52,1.08,2.37,20523800,19842300.0,2026-06-18,16:14:30
002043,兔 宝 宝,12.07,12.24,12.11,12.3,11.91,73942.0,89370000.0,100.15,97.47,13.37,3.14,0.92,3798700,3595500.0,2026-06-18,16:14:33
002044,美年健康,5.6,5.23,5.23,5.75,5.19,3142242.0,1768560000.0,219.2,216.96,71.72,2.78,8.11,174592300,139631900.0,2026-06-18,16:15:00
002045,国光电器,8.61,8.64,8.59,8.79,8.42,133513.0,115630000.0,48.43,48.36,-28.32,1.15,2.38,6627700,6723600.0,2026-06-18,16:14:03
002046,国机精工,63.69,62.01,62.0,66.2,61.8,259934.0,1668350000.0,341.5,337.67,209.79,8.02,4.9,13490500,12502900.0,2026-06-18,16:14:36
002047,宝鹰股份,4.53,4.73,4.7,4.71,4.51,510087.0,233910000.0,68.69,68.68,103.73,168.75,3.36,22268300,28740400.0,2026-06-18,16:14:15
002048,宁波华翔,27.06,27.8,27.53,28.78,26.89,315426.0,871830000.0,220.22,192.07,50.61,1.87,4.44,13647100,17895500.0,2026-06-18,16:14:18
002049,紫光国微,80.39,80.0,79.9,81.88,79.56,393282.0,3174720000.0,683.02,682.92,41.34,4.91,4.63,21115500,18212700.0,2026-06-18,16:14:42
002050,三花智控,45.74,44.6,44.3,46.23,44.18,1248589.0,5678370000.0,1924.75,1685.15,47.09,5.9,3.39,70759000,54099900.0,2026-06-18,16:14:39
002051,中工国际,12.25,12.5,12.44,12.67,11.91,981485.0,1196170000.0,150.24,150.24,57.53,1.3,8.0,41015000,57133600.0,2026-06-18,16:14:06
002052,同洲电子,8.45,8.93,8.93,8.93,8.28,250298.0,212560000.0,63.58,58.25,104.22,22.83,3.63,11745600,13284200.0,2026-06-18,16:14:45
002053,云南能投,9.8,10.12,10.01,10.05,9.73,113583.0,112080000.0,90.23,90.23,40.78,1.2,1.23,5821200,5537100.0,2026-06-18,16:14:21
002054,德美化工,7.32,7.38,7.38,7.49,7.26,88351.0,64960000.0,35.29,28.11,26.42,1.37,2.3,4005900,4829200.0,2026-06-18,16:14:24
002055,ST得润,6.66,6.5,6.48,6.83,6.4,259156.0,174150000.0,40.26,39.56,-99.03,2.97,4.36,10485500,15430100.0,2026-06-18,16:14:45
002056,横店东磁,27.13,25.73,25.61,27.88,25.16,1068914.0,2850710000.0,441.33,440.87,24.81,4.39,6.58,53648500,53243000.0,2026-06-18,16:14:42
002057,中钢天源,12.18,11.88,11.86,12.39,11.8,455889.0,555160000.0,91.82,91.75,51.18,2.81,6.05,23672300,21916600.0,2026-06-18,16:14:48
002058,威尔泰,22.31,23.54,23.52,23.59,22.27,32507.0,73630000.0,32.0,31.93,15.09,50.52,2.27,1215600,2035100.0,2026-06-18,16:14:09
002059,云南旅游,4.24,4.38,4.35,4.38,4.24,99930.0,42830000.0,42.93,41.68,-13.62,4.06,1.02,2990300,7002800.0,2026-06-18,16:14:45
002060,广东建工,3.22,3.26,3.25,3.25,3.2,109803.0,35290000.0,120.89,50.32,11.22,0.87,0.7,4201000,6779300.0,2026-06-18,16:14:51
002061,浙江交科,3.46,3.53,3.53,3.53,3.46,125003.0,43470000.0,92.53,89.93,9.62,0.59,0.48,5254700,7245600.0,2026-06-18,16:14:48
002062,宏润建设,8.01,7.98,7.99,8.35,7.95,248821.0,201910000.0,99.11,90.09,37.85,2.04,2.21,12834400,12047700.0,2026-06-18,16:14:27
002063,远光软件,5.26,5.29,5.27,5.33,5.21,211372.0,111460000.0,100.75,93.06,33.42,2.56,1.19,10150400,10986800.0,2026-06-18,16:14:51
002064,华峰化学,9.5,10.54,10.48,10.48,9.49,1178212.0,1150870000.0,471.44,470.44,23.32,1.72,2.38,52381900,65439300.0,2026-06-18,16:14:30
002065,东华软件,7.31,7.37,7.3,7.41,7.27,327545.0,240340000.0,234.32,212.57,48.41,1.89,1.13,14230200,18524300.0,2026-06-18,16:14:48
002066,瑞泰科技,21.84,23.08,23.22,23.72,21.82,181100.0,412070000.0,51.3,50.45,-66.24,8.25,7.84,7663700,10446300.0,2026-06-18,16:14:51
002067,景兴纸业,4.04,4.1,4.1,4.13,4.03,293385.0,119130000.0,59.58,54.04,59.53,0.89,2.19,12205000,17133500.0,2026-06-18,16:14:54
002068,黑猫股份,10.45,9.5,9.39,10.45,9.33,345457.0,350340000.0,76.84,76.81,-14.7,3.3,4.7,16722500,17823100.0,2026-06-18,16:14:33
002069,獐子岛,3.1,3.11,3.11,3.13,3.04,62486.0,19310000.0,22.04,22.02,-332.16,80.3,0.88,3144000,3104600.0,2026-06-18,16:14:54
002072,凯瑞德,9.33,9.18,9.0,9.45,8.65,310425.0,280340000.0,34.3,34.29,-142.2,14.84,8.45,14773400,16269100.0,2026-06-18,16:14:36
002073,软控股份,5.34,5.38,5.37,5.41,5.28,114062.0,60940000.0,54.7,54.15,15.3,0.86,1.12,5202100,6204100.0,2026-06-18,16:14:54
002074,国轩高科,29.71,30.12,29.88,30.2,29.28,307705.0,913340000.0,539.01,515.83,23.4,1.86,1.77,13392300,17378200.0,2026-06-18,16:14:57
002075,沙钢股份,3.8,3.74,3.77,3.98,3.66,489641.0,187620000.0,83.37,83.37,33.33,1.27,2.23,25873200,23090900.0,2026-06-18,16:15:00
002076,*ST星光,2.65,2.65,0.0,0.0,0.0,0.0,0.0,29.39,27.62,-304.2,9.65,0.0,0,0.0,2026-06-18,16:14:57
002077,大港股份,17.96,17.74,17.8,18.08,17.66,341603.0,611780000.0,104.23,104.23,137.31,3.08,5.89,18130300,16030100.0,2026-06-18,16:15:00
002078,太阳纸业,12.53,12.92,12.86,12.88,12.29,335873.0,420720000.0,350.16,348.0,10.71,1.12,1.21,13444700,20142600.0,2026-06-18,16:14:12
002079,苏州固锝,13.74,13.52,13.43,13.95,13.38,674582.0,924540000.0,124.82,111.42,102.21,3.07,8.32,34685800,32772400.0,2026-06-18,16:14:15
002080,中材科技,80.55,82.41,82.25,82.8,78.2,718755.0,5785200000.0,1351.73,1351.73,68.85,6.85,4.28,35964100,35911500.0,2026-06-18,16:14:39
002081,金 螳 螂,4.8,4.77,4.76,4.84,4.66,1698153.0,809390000.0,127.46,126.92,31.42,0.94,6.42,85473600,84341700.0,2026-06-18,16:14:18
002082,ST万邦,13.65,13.68,13.77,14.15,13.11,167411.0,227720000.0,83.5,77.51,-105.04,3.2,2.95,6611500,10129600.0,2026-06-18,16:14:03
002083,孚日股份,10.59,10.52,10.8,10.93,10.2,994373.0,1056580000.0,100.25,100.22,20.83,2.17,10.51,48402100,51035100.0,2026-06-18,16:14:21
002084,海鸥住工,3.46,3.37,3.34,3.48,3.18,294279.0,98780000.0,22.35,22.3,-16.61,1.73,4.57,15859700,13568300.0,2026-06-18,16:14:42
002085,万丰奥威,12.67,13.02,13.0,13.0,12.63,528292.0,673470000.0,269.02,269.02,28.16,3.57,2.49,24309100,28520100.0,2026-06-18,16:14:06
002086,东方海洋,1.77,1.82,1.79,1.8,1.76,271693.0,48240000.0,34.67,27.99,-24.44,2.73,1.72,8484700,18684600.0,2026-06-18,16:14:03
002088,鲁阳节能,8.8,8.79,9.06,9.19,8.66,63360.0,56070000.0,45.15,44.5,-317.5,1.78,1.25,2904800,3431200.0,2026-06-18,16:14:06
002090,金智科技,9.24,9.29,9.22,9.32,9.13,51389.0,47430000.0,37.01,36.79,50.99,2.36,1.29,2545500,2593400.0,2026-06-18,16:14:09
002091,江苏国泰,7.61,7.82,7.82,7.82,7.55,158605.0,121230000.0,123.87,121.62,9.81,0.8,0.99,5698200,10162400.0,2026-06-18,16:14:45
002092,中泰化学,4.08,4.21,4.21,4.21,4.04,646395.0,263810000.0,105.67,105.08,-30.94,0.49,2.51,27485900,37153600.0,2026-06-18,16:14:12
002093,国脉科技,6.92,6.95,6.95,7.02,6.83,75282.0,52140000.0,69.72,69.72,104.73,1.84,0.75,3431200,4097000.0,2026-06-18,16:14:24
002094,青岛金王,4.66,4.8,4.76,4.79,4.63,165481.0,77410000.0,32.2,32.18,159.08,2.18,2.4,7852500,8695600.0,2026-06-18,16:14:48
002095,生 意 宝,13.33,13.41,13.41,13.51,13.09,17790.0,23700000.0,33.69,33.55,-248.65,3.9,0.71,980900,798100.0,2026-06-18,16:14:57
002096,易普力,9.31,9.6,9.54,9.54,9.26,93198.0,87140000.0,115.49,115.48,15.71,1.42,0.75,3822700,5497100.0,2026-06-18,16:14:09
002097,山河智能,8.13,8.13,8.1,8.21,7.99,127856.0,103790000.0,87.37,87.2,125.05,1.87,1.19,6499900,6285800.0,2026-06-18,16:14:12
002098,浔兴股份,6.81,6.83,6.79,6.91,6.73,24560.0,16810000.0,24.38,24.38,13.24,1.6,0.69,1231900,1224100.0,2026-06-18,16:14:15
002099,海翔药业,4.98,5.14,5.16,5.16,4.98,208159.0,105240000.0,80.61,80.44,-109.14,1.63,1.29,8914000,11901900.0,2026-06-18,16:14:18
002100,天康生物,6.02,6.16,6.2,6.2,5.98,168006.0,101340000.0,82.19,82.19,-81.54,1.22,1.23,6892800,9907800.0,2026-06-18,16:14:15
002101,广东鸿图,8.32,8.37,8.3,8.39,8.19,51723.0,42980000.0,55.15,55.1,17.78,0.69,0.78,2642000,2530300.0,2026-06-18,16:14:27
002102,ST能特,2.16,2.19,2.18,2.19,2.15,92242.0,19940000.0,53.47,46.93,111.21,1.72,0.42,2803400,6420800.0,2026-06-18,16:15:00
002103,广博股份,6.18,6.24,6.21,6.27,6.13,55537.0,34420000.0,33.02,23.99,21.3,2.63,1.43,2669200,2884500.0,2026-06-18,16:14:03
002104,恒宝股份,11.11,11.34,11.33,11.37,11.1,206691.0,231630000.0,78.7,66.63,564.62,3.69,3.45,9364700,11304400.0,2026-06-18,16:14:30
002105,信隆健康,5.2,5.24,5.24,5.27,5.12,69086.0,36020000.0,19.04,18.95,-29.8,2.38,1.9,3458600,3450000.0,2026-06-18,16:14:18
002106,莱宝高科,14.07,14.78,14.84,14.99,13.84,822217.0,1166010000.0,99.31,99.18,48.45,1.79,11.66,37705600,44516100.0,2026-06-18,16:14:06
002107,沃华医药,5.88,5.91,5.9,5.96,5.84,73466.0,43300000.0,33.94,33.6,30.99,5.02,1.29,3125900,4220600.0,2026-06-18,16:14:21
002108,沧州明珠,4.63,4.73,4.7,4.73,4.62,342217.0,159390000.0,76.33,76.28,51.06,1.51,2.08,14201700,20020000.0,2026-06-18,16:14:24
002109,ST兴化,2.52,2.61,2.59,2.61,2.52,97266.0,24700000.0,32.16,32.16,-7.92,0.82,0.76,3741400,5985200.0,2026-06-18,16:14:21
002110,三钢闽光,2.96,2.96,2.95,2.99,2.92,129957.0,38350000.0,71.9,71.9,-49.76,0.37,0.54,7438600,5557100.0,2026-06-18,16:14:27
002111,威海广泰,9.54,9.6,9.51,9.74,9.43,77551.0,74240000.0,50.75,46.63,30.88,1.64,1.59,3767300,3987800.0,2026-06-18,16:14:33
002112,三变科技,17.57,17.18,16.98,17.66,16.89,181297.0,313850000.0,51.68,46.05,318.23,5.97,6.92,9475300,8654400.0,2026-06-18,16:14:36
002114,罗平锌电,7.49,7.69,7.67,7.95,7.41,140651.0,107360000.0,24.22,24.22,-14.04,3.35,4.35,6956600,7108500.0,2026-06-18,16:14:09
002115,三维通信,11.69,11.79,11.71,11.89,11.48,306721.0,359430000.0,94.8,87.93,1334.06,4.59,4.08,15007400,15664700.0,2026-06-18,16:14:24
002116,中国海诚,9.03,9.23,9.13,9.17,8.98,35231.0,31870000.0,42.06,41.31,12.51,1.49,0.77,1550300,1972800.0,2026-06-18,16:14:39
002117,东港股份,8.66,8.61,8.53,8.82,8.42,93969.0,80960000.0,45.35,45.34,30.07,3.42,1.79,5381800,4015100.0,2026-06-18,16:14:42
002119,康强电子,34.51,33.17,32.65,35.42,32.58,853271.0,2917390000.0,129.51,129.51,111.63,9.31,22.74,43967200,41359800.0,2026-06-18,16:14:51
002120,韵达股份,6.29,6.41,6.38,6.39,6.23,261489.0,164360000.0,182.36,177.07,13.64,0.88,0.93,10243000,15905900.0,2026-06-18,16:14:45
002121,科陆电子,5.88,5.97,5.93,5.96,5.83,242209.0,142550000.0,97.94,82.6,-37.09,27.61,1.72,11699700,12521200.0,2026-06-18,16:14:27
002122,ST汇洲,2.53,2.57,2.55,2.59,2.52,144062.0,36650000.0,50.64,50.29,133.99,2.32,0.72,5710300,8695900.0,2026-06-18,16:14:30
002123,梦网科技,7.75,7.69,7.63,7.85,7.52,182211.0,139820000.0,62.42,55.84,-23.61,4.1,2.53,9166200,9054900.0,2026-06-18,16:14:12
002124,天邦食品,2.14,2.25,2.23,2.23,2.14,765665.0,166340000.0,47.55,42.2,-2.22,2.87,3.88,28199600,48366800.0,2026-06-18,16:14:33
002125,湘潭电化,19.12,19.11,18.92,19.94,18.51,769724.0,1476950000.0,120.36,120.36,45.0,3.61,12.23,38051800,38920500.0,2026-06-18,16:14:30
002126,银轮股份,52.73,53.44,53.43,54.6,52.53,209655.0,1119550000.0,446.52,418.79,46.56,6.05,2.64,10982700,9982900.0,2026-06-18,16:14:33
002127,南极电商,2.69,2.68,2.69,2.72,2.63,229195.0,61300000.0,66.04,53.66,-28.07,1.76,1.15,12306100,10613400.0,2026-06-18,16:14:48
002128,电投能源,24.16,24.36,24.23,24.6,24.0,170784.0,414880000.0,713.54,541.56,12.17,1.52,0.76,8272200,8806300.0,2026-06-18,16:14:36
002129,TCL中环,10.26,10.71,10.66,10.66,10.2,2533287.0,2629650000.0,414.82,414.48,-4.61,2.07,6.27,105907000,147421800.0,2026-06-18,16:14:36
002130,沃尔核材,20.47,20.63,20.47,20.84,20.33,303606.0,622740000.0,286.56,234.78,25.48,3.13,2.65,14013500,16347100.0,2026-06-18,16:14:39
002131,利欧股份,5.33,5.36,5.33,5.41,5.24,2218784.0,1184760000.0,360.94,312.06,-838.96,2.84,3.79,106432000,115446400.0,2026-06-18,16:14:15
002132,恒星科技,5.11,5.18,5.17,5.24,5.04,523936.0,268300000.0,71.62,71.5,102.67,2.03,3.74,24056100,28337500.0,2026-06-18,16:14:18
002133,广宇集团,2.56,2.58,2.56,2.59,2.51,137994.0,35330000.0,19.82,19.71,27.42,0.68,1.79,6816400,6982900.0,2026-06-18,16:14:54
002134,天津普林,30.32,29.78,29.5,30.83,29.1,182879.0,548670000.0,75.12,75.07,473.97,14.66,7.39,9424500,8863500.0,2026-06-18,16:14:42
002135,东南网架,7.54,7.81,7.8,7.83,7.5,303864.0,231910000.0,84.11,78.71,485.04,1.36,2.91,12434600,17951800.0,2026-06-18,16:14:21
002136,安 纳 达,13.04,13.48,13.6,13.88,12.82,117351.0,154640000.0,28.04,27.97,-37.43,2.57,5.47,5534400,6200700.0,2026-06-18,16:14:45
002137,实益达,10.55,10.16,10.34,10.96,9.9,980745.0,1014950000.0,60.93,41.83,140.96,4.04,24.74,52010300,46064100.0,2026-06-18,16:14:48
002138,顺络电子,71.16,66.52,65.85,72.24,65.0,522840.0,3630040000.0,573.78,538.33,59.41,9.03,6.91,26640800,25643200.0,2026-06-18,16:14:51
002139,拓邦股份,9.88,9.74,9.73,9.98,9.67,211532.0,208760000.0,123.19,105.82,56.28,1.78,1.97,11471600,9681500.0,2026-06-18,16:14:24
002140,东华科技,9.85,10.04,9.99,9.99,9.8,51393.0,50720000.0,69.74,69.64,12.58,1.43,0.73,2113500,3025800.0,2026-06-18,16:14:27
002141,贤丰控股,4.71,4.28,4.6,4.71,4.46,556852.0,257760000.0,48.65,48.65,425.58,6.03,5.39,25924900,29760300.0,2026-06-18,16:14:51
002142,宁波银行,30.78,31.44,31.5,31.59,30.73,416053.0,1290540000.0,2032.59,2031.31,6.75,0.87,0.63,16643100,24962200.0,2026-06-18,16:14:57
002144,宏达高科,10.61,10.69,10.63,10.87,10.47,37050.0,39580000.0,18.75,14.6,49.69,0.88,2.69,1755900,1949100.0,2026-06-18,16:15:00
002145,钛能化学,4.68,4.46,4.45,4.75,4.29,1287234.0,580630000.0,178.15,178.14,54.55,1.48,3.38,71884500,56838900.0,2026-06-18,16:14:03
002146,荣盛发展,1.2,1.23,1.22,1.23,1.2,614079.0,74380000.0,52.18,46.94,-0.57,1.03,1.57,24719300,36688600.0,2026-06-18,16:14:30
002148,北纬科技,6.25,6.16,6.14,6.34,6.06,117676.0,73430000.0,34.92,28.08,794.09,2.86,2.62,6029000,5738600.0,2026-06-18,16:14:54
002149,西部材料,57.3,60.05,58.2,59.18,56.36,625260.0,3604430000.0,279.75,279.7,347.91,7.51,12.81,29597200,32928800.0,2026-06-18,16:14:39
002150,正泰电源,26.54,25.55,25.36,27.1,25.2,172040.0,456110000.0,95.77,95.16,34.44,4.5,4.8,9142000,8062100.0,2026-06-18,16:14:33
002151,北斗星通,33.32,33.45,33.18,33.8,32.8,130660.0,435700000.0,180.9,147.55,-84.54,3.74,2.95,6774300,6291700.0,2026-06-18,16:14:42
002152,广电运通,9.92,10.1,10.01,10.11,9.92,156301.0,156320000.0,246.35,246.23,29.1,2.02,0.63,6469400,9160800.0,2026-06-18,16:14:54
002153,石基信息,7.68,7.74,7.71,7.84,7.58,181118.0,139860000.0,209.6,122.86,-128.14,3.14,1.13,8575800,9536000.0,2026-06-18,16:14:06
002154,报 喜 鸟,3.88,3.86,3.87,3.93,3.8,188803.0,73320000.0,56.62,45.78,13.87,1.22,1.6,10655500,8224800.0,2026-06-18,16:14:36
002155,湖南黄金,26.66,26.5,26.31,26.99,25.81,674032.0,1779640000.0,416.6,416.57,23.79,5.05,4.31,34407100,32996100.0,2026-06-18,16:14:09
002156,通富微电,68.27,67.22,66.99,69.35,66.39,1633418.0,11133170000.0,1036.06,1035.96,71.63,6.67,10.76,82902000,80439800.0,2026-06-18,16:14:39
002157,正邦科技,2.9,3.03,3.02,3.03,2.9,1972581.0,582500000.0,268.25,225.83,-23.71,2.57,2.53,72175700,125082400.0,2026-06-18,16:14:57
002158,汉钟精机,34.35,31.23,31.22,34.35,30.93,211468.0,700660000.0,183.68,183.28,38.86,4.35,3.96,10192000,10954900.0,2026-06-18,16:14:45
002159,三特索道,14.37,13.06,13.28,14.37,13.28,112269.0,156370000.0,25.48,19.9,19.03,1.78,8.11,5596800,5630100.0,2026-06-18,16:14:42
002160,常铝股份,4.36,4.78,4.57,4.64,4.3,889384.0,391030000.0,45.03,44.94,66.62,1.19,8.63,37559000,51379300.0,2026-06-18,16:14:48
002161,远 望 谷,6.09,6.26,6.26,6.41,6.06,454615.0,281940000.0,45.05,45.04,3451.15,2.96,6.15,21052300,24409300.0,2026-06-18,16:14:51
002162,悦心健康,3.54,3.57,3.56,3.59,3.52,78235.0,27780000.0,32.56,32.51,278.55,3.99,0.85,3893300,3930200.0,2026-06-18,16:15:00
002163,海南发展,9.06,9.24,9.17,9.22,8.98,173876.0,158020000.0,76.55,72.8,-16.59,12.88,2.16,8087300,9300200.0,2026-06-18,16:14:03
002164,宁波东力,12.86,12.83,12.73,13.1,12.73,174747.0,225180000.0,68.44,61.7,33.91,4.3,3.64,8234300,9240400.0,2026-06-18,16:14:45
002165,红 宝 丽,6.76,7.39,7.26,7.26,6.76,871352.0,598050000.0,49.7,49.18,-173.33,2.51,11.98,36874100,50261100.0,2026-06-18,16:14:54
002166,莱茵生物,7.2,7.3,7.3,7.36,7.18,71699.0,51950000.0,53.4,53.18,34.48,1.71,0.97,3454600,3715300.0,2026-06-18,16:14:12
002167,东方锆业,16.13,14.66,16.13,16.13,16.13,282787.0,456140000.0,124.95,122.38,230.63,7.02,3.73,0,28278700.0,2026-06-18,16:14:57
002168,ST惠程,3.69,3.79,3.78,3.78,3.66,44122.0,16450000.0,28.94,28.94,-43.21,258.13,0.56,896600,3515600.0,2026-06-18,16:14:15
002169,智光电气,14.23,14.97,14.83,14.85,14.17,461606.0,665700000.0,111.38,107.96,57.02,4.07,6.08,19223900,26936700.0,2026-06-18,16:15:00
002170,芭田股份,10.82,11.06,11.07,11.13,10.78,209575.0,228550000.0,104.99,85.17,10.35,3.0,2.66,7822400,13135100.0,2026-06-18,16:14:06
002171,楚江新材,15.38,15.0,14.85,15.96,14.65,2120910.0,3239110000.0,249.61,248.19,63.74,2.84,13.14,107129800,104961300.0,2026-06-18,16:14:09
002172,澳洋健康,3.0,3.01,3.0,3.05,2.96,114470.0,34340000.0,22.97,22.95,81.96,12.68,1.5,6067600,5379400.0,2026-06-18,16:14:18
002173,创新医疗,17.1,17.27,17.31,17.65,17.01,163745.0,282300000.0,75.46,71.97,-163.81,4.38,3.89,6936700,9437800.0,2026-06-18,16:14:21
002174,游族网络,11.62,11.62,11.63,11.92,11.47,323548.0,377130000.0,113.85,113.79,-42.43,2.51,3.3,15433600,16921200.0,2026-06-18,16:14:12
002175,*ST东智,2.05,2.07,2.05,2.1,1.99,348113.0,70650000.0,26.17,26.17,-73.37,3.38,2.73,16012300,18799000.0,2026-06-18,16:14:03
002176,江特电机,11.1,11.49,11.42,11.57,11.04,1179274.0,1324210000.0,189.4,189.13,-37.44,6.41,6.92,50314400,67612900.0,2026-06-18,16:14:57
002177,御银股份,6.16,6.52,6.48,6.5,6.1,605653.0,377660000.0,46.89,41.58,286.79,2.73,8.97,23469700,37095600.0,2026-06-18,16:14:06
002178,延华智能,4.93,5.11,5.1,5.1,4.93,122774.0,61100000.0,35.11,35.09,422.13,8.12,1.72,5421400,6856000.0,2026-06-18,16:14:15
002179,中航光电,40.78,38.82,38.96,41.25,38.52,766308.0,3092710000.0,863.49,854.95,44.97,3.67,3.66,41962100,34668700.0,2026-06-18,16:15:00
002180,奔图科技,14.12,14.37,14.53,15.18,14.12,194767.0,280960000.0,200.77,192.07,-27.2,2.2,1.43,8832100,10644600.0,2026-06-18,16:14:48
002181,粤 传 媒,11.07,11.4,11.34,11.51,11.02,688440.0,769010000.0,128.53,125.59,176.01,3.02,6.07,31712100,37131900.0,2026-06-18,16:14:51
002182,宝武镁业,13.6,13.72,13.7,14.06,13.49,188630.0,258740000.0,134.88,117.71,-323.9,2.55,2.18,9081200,9781800.0,2026-06-18,16:14:09
002183,怡 亚 通,5.67,5.67,5.61,5.75,5.54,905113.0,512750000.0,147.25,147.25,-45.4,1.62,3.49,40184100,50327200.0,2026-06-18,16:14:54
002184,海得控制,10.4,10.54,10.42,10.56,10.2,55601.0,57800000.0,36.6,25.0,-50.41,2.88,2.31,2985000,2575100.0,2026-06-18,16:14:03
002185,华天科技,19.61,19.05,19.3,19.94,19.05,4711825.0,9239210000.0,651.72,651.57,79.89,3.65,14.18,239425900,231756600.0,2026-06-18,16:14:18
002186,全 聚 德,8.79,8.81,8.77,8.87,8.6,22530.0,19800000.0,26.98,26.97,261.47,3.16,0.73,1228400,1024600.0,2026-06-18,16:14:12
002187,广百股份,5.01,5.04,4.98,5.06,4.9,97506.0,48540000.0,35.11,35.11,-37.2,0.88,1.39,5388500,4362100.0,2026-06-18,16:14:15
002188,中天服务,5.29,5.34,5.31,5.34,5.15,108717.0,57330000.0,17.3,13.61,59.96,4.8,4.22,5462300,5409400.0,2026-06-18,16:14:18
002189,中光学,19.88,20.8,20.66,20.68,19.87,49055.0,98650000.0,51.93,51.92,-23.61,12.43,1.88,1905100,3000500.0,2026-06-18,16:14:06
002190,成飞集成,26.46,27.31,26.8,26.82,26.45,64116.0,170530000.0,94.92,94.92,-146.08,2.18,1.79,2319800,4091800.0,2026-06-18,16:14:21
002191,劲嘉股份,4.02,4.0,3.95,4.03,3.89,346746.0,137660000.0,56.84,56.39,-15.12,0.96,2.47,16451400,18223200.0,2026-06-18,16:14:21
002192,融捷股份,87.09,89.17,86.2,90.86,85.2,287307.0,2505190000.0,226.13,225.67,42.12,5.84,11.09,14400200,14330500.0,2026-06-18,16:14:09
002193,ST如意,4.75,4.94,4.94,5.02,4.75,48797.0,23790000.0,12.43,12.43,-3.32,4.62,1.86,1954500,2925200.0,2026-06-18,16:14:12
002194,武汉凡谷,12.5,12.48,12.52,12.7,12.3,442372.0,552490000.0,85.41,63.86,-411.02,3.45,8.66,20658900,23578300.0,2026-06-18,16:14:24
002195,岩山科技,7.12,7.18,7.15,7.23,7.08,920807.0,658550000.0,403.46,399.85,493.46,4.09,1.64,36927200,55153500.0,2026-06-18,16:14:57
002196,方正电机,12.97,12.32,12.29,13.39,12.22,458679.0,586720000.0,64.31,63.35,134.9,4.51,9.39,25532700,20335200.0,2026-06-18,16:15:00
002197,证通电子,6.24,6.21,6.21,6.32,6.1,151531.0,94440000.0,38.34,33.32,-10.36,2.18,2.84,8039100,7114000.0,2026-06-18,16:14:15
002198,ST嘉应,3.33,3.44,3.43,3.48,3.31,97775.0,32980000.0,16.9,16.9,61.39,2.31,1.93,3801100,5976400.0,2026-06-18,16:14:18
002199,*ST东晶,13.03,13.37,13.06,13.39,13.02,32402.0,42600000.0,31.72,30.09,-85.51,17.51,1.4,1224200,2016000.0,2026-06-18,16:14:03
002200,交投生态,6.27,6.5,6.69,6.85,6.26,55204.0,35590000.0,28.29,12.27,-300.35,2.17,2.82,2408400,3112000.0,2026-06-18,16:14:24
002201,九鼎新材,12.24,12.75,12.5,12.66,11.95,805814.0,988340000.0,79.76,73.69,88.84,6.79,13.39,37304600,43276800.0,2026-06-18,16:14:06
002202,金风科技,22.49,21.98,21.89,23.05,21.83,1441352.0,3248130000.0,949.93,756.45,30.51,2.39,4.29,71247600,72887600.0,2026-06-18,16:14:09
002203,海亮股份,25.52,23.2,22.95,25.52,22.74,785435.0,1942300000.0,584.86,564.54,56.55,3.43,3.55,32063200,46480300.0,2026-06-18,16:14:27
002204,大连重工,5.45,5.59,5.58,5.58,5.44,180612.0,99280000.0,105.26,105.26,17.2,1.34,0.94,6319800,11741400.0,2026-06-18,16:14:30
002205,国统股份,11.01,11.11,10.99,11.13,10.72,30044.0,32940000.0,20.46,20.46,-22.02,7.98,1.62,1562300,1442100.0,2026-06-18,16:14:27
002206,海 利 得,5.4,5.48,5.46,5.46,5.31,119545.0,64280000.0,62.76,57.08,12.61,1.61,1.13,5212700,6741800.0,2026-06-18,16:14:21
002207,*ST准油,6.93,7.18,7.54,7.54,6.92,303672.0,223730000.0,18.16,18.07,-44.89,155.08,11.64,7795600,22571600.0,2026-06-18,16:14:30
002208,合肥城建,18.77,17.58,17.31,19.24,17.3,1202070.0,2198100000.0,150.78,150.74,-27.18,2.55,14.97,59022500,61184500.0,2026-06-18,16:14:33
002209,达 意 隆,11.0,11.06,10.98,11.08,10.86,44118.0,48480000.0,22.5,17.21,20.38,2.5,2.82,2318000,2093800.0,2026-06-18,16:14:12
002210,飞马国际,2.34,2.42,2.4,2.41,2.33,603321.0,142030000.0,62.27,62.13,224.11,6.64,2.27,21499400,38832700.0,2026-06-18,16:14:24
002211,ST宏达,3.82,3.7,3.66,3.82,3.64,64398.0,24170000.0,16.52,16.52,-172.41,34.22,1.49,3211500,3228300.0,2026-06-18,16:14:15
002212,天融信,6.15,6.23,6.2,6.29,6.1,230220.0,142540000.0,72.54,71.76,173.25,0.76,1.97,10562300,12459700.0,2026-06-18,16:14:36
002213,大为股份,40.07,40.69,39.92,40.85,39.42,267269.0,1072900000.0,95.16,82.8,5024.24,17.25,12.93,12282500,14444400.0,2026-06-18,16:14:33
002214,*ST大立,15.71,15.7,15.6,16.11,15.6,45686.0,72530000.0,94.05,75.16,-41.43,7.48,0.95,1784900,2783800.0,2026-06-18,16:14:18
002215,诺 普 信,9.18,9.44,9.44,9.45,9.15,172289.0,159400000.0,92.23,74.19,11.88,2.01,2.13,7221200,10007700.0,2026-06-18,16:14:21
002216,三全食品,11.66,11.73,11.67,11.79,11.6,56129.0,65560000.0,102.51,73.52,16.93,2.34,0.89,2779100,2833900.0,2026-06-18,16:14:27
002217,合力泰,2.53,2.66,2.63,2.63,2.51,4005217.0,1016780000.0,189.23,184.17,972.09,10.11,5.5,157869100,242652600.0,2026-06-18,16:14:30
002218,拓日新能,4.09,4.26,4.23,4.23,4.08,452092.0,186580000.0,57.6,56.76,-29.02,1.47,3.26,18197400,27011800.0,2026-06-18,16:14:24
002219,新里程,1.93,1.91,1.85,1.98,1.83,916309.0,175040000.0,66.62,63.15,258.66,3.23,2.8,51259100,40371800.0,2026-06-18,16:14:36
002221,东华能源,5.88,5.92,5.89,5.95,5.78,149148.0,87360000.0,92.68,85.9,-11.41,0.93,1.02,7255300,7659500.0,2026-06-18,16:14:24
002222,福晶科技,103.0,104.47,102.44,103.58,100.88,364855.0,3735900000.0,484.36,482.2,164.8,26.49,7.79,16609400,19876100.0,2026-06-18,16:14:39
002223,鱼跃医疗,24.72,25.24,25.22,25.79,24.7,119630.0,301110000.0,247.81,232.93,19.28,1.9,1.27,5681000,6282000.0,2026-06-18,16:14:42
002224,三 力 士,3.49,3.52,3.53,3.54,3.46,86221.0,30230000.0,31.48,28.14,-216.35,0.98,1.07,4070500,4551600.0,2026-06-18,16:14:27
002225,濮耐股份,4.21,4.42,4.34,4.43,4.18,895636.0,381600000.0,48.8,39.94,96.41,1.2,9.44,40292700,49270900.0,2026-06-18,16:14:45
002226,江南化工,4.95,5.05,5.01,5.02,4.91,183636.0,90830000.0,131.12,131.12,17.82,1.35,0.69,6541100,11822500.0,2026-06-18,16:14:39
002227,*ST特迅,6.72,7.06,6.97,7.21,6.71,69489.0,47860000.0,16.65,16.53,-25.56,1.81,2.83,3337900,3611000.0,2026-06-18,16:14:42
002228,合兴包装,3.15,3.18,3.18,3.19,3.09,169310.0,53360000.0,38.22,38.09,40.48,1.27,1.4,8185300,8745700.0,2026-06-18,16:14:45
002229,鸿博股份,12.45,12.11,12.57,12.8,12.25,399681.0,499260000.0,61.78,61.4,-23.57,5.77,8.1,19363700,20604500.0,2026-06-18,16:14:30
002230,科大讯飞,42.61,41.59,41.33,43.6,40.95,663727.0,2825100000.0,1023.53,932.86,118.61,4.48,3.03,33157300,33215400.0,2026-06-18,16:14:33
002231,*ST奥维,0.6,0.6,0.0,0.0,0.0,0.0,0.0,2.08,1.85,-1.1,2.54,0.0,0,0.0,2026-06-18,09:10:00
002232,启明信息,14.91,14.87,14.87,14.97,14.65,31023.0,46080000.0,60.91,60.91,127.8,4.34,0.76,1608000,1494300.0,2026-06-18,16:14:48
002233,塔牌集团,7.52,7.49,7.51,7.6,7.44,92050.0,69230000.0,88.3,88.23,14.33,0.76,0.78,5065000,4140000.0,2026-06-18,16:14:48
002234,民和股份,6.7,6.79,6.8,6.82,6.59,48266.0,32270000.0,23.38,20.19,-8.82,1.37,1.6,2570900,2255700.0,2026-06-18,16:14:51
002235,安妮股份,8.29,8.69,8.71,8.73,8.08,535595.0,440000000.0,48.05,45.89,-248.16,6.59,9.68,25540400,28019100.0,2026-06-18,16:14:51
002236,大华股份,16.27,16.31,16.3,16.45,16.11,297786.0,485760000.0,531.91,389.04,13.63,1.44,1.25,13397700,16380900.0,2026-06-18,16:14:27
002237,恒邦股份,14.43,14.51,14.51,14.99,14.16,360461.0,525960000.0,206.34,172.06,31.22,1.55,3.02,18216000,17830100.0,2026-06-18,16:14:54
002238,天威视讯,5.83,5.76,5.74,5.94,5.66,84752.0,49610000.0,46.79,46.79,-23.48,2.4,1.06,4580900,3894400.0,2026-06-18,16:14:57
002239,奥特佳,2.42,2.44,2.44,2.45,2.41,397570.0,96600000.0,85.06,64.91,44.84,1.36,1.48,17941300,21815700.0,2026-06-18,16:14:54
002240,盛新锂能,45.74,48.3,47.0,49.08,45.57,810523.0,3785750000.0,418.66,417.56,-155.46,3.9,8.88,39053500,41998800.0,2026-06-18,16:14:36
002241,歌尔股份,23.92,23.68,23.5,24.11,23.35,924029.0,2208780000.0,849.25,751.85,21.37,2.32,2.94,47194800,45208100.0,2026-06-18,16:14:33
002242,九阳股份,8.35,8.43,8.42,8.47,8.3,49907.0,41850000.0,63.71,63.6,64.35,1.89,0.66,2353200,2637500.0,2026-06-18,16:15:00
002243,力合科创,7.04,7.23,7.2,7.3,6.98,181732.0,129030000.0,85.23,84.77,48.41,1.18,1.51,7612000,10561200.0,2026-06-18,16:14:30
002244,滨江集团,8.37,8.56,8.55,8.59,8.2,233916.0,196120000.0,260.43,230.81,13.35,0.86,0.85,10941900,12449700.0,2026-06-18,16:14:39
002245,蔚蓝锂芯,20.4,20.67,20.61,21.1,19.51,1469998.0,2978980000.0,348.36,327.75,45.56,4.51,9.15,66650200,80349700.0,2026-06-18,16:14:57
002246,北化股份,20.13,20.32,20.32,20.68,19.93,130796.0,264320000.0,110.52,110.52,36.14,3.55,2.38,5601200,7478500.0,2026-06-18,16:14:42
002247,聚力文化,2.26,2.26,2.24,2.29,2.19,208567.0,46910000.0,19.23,14.54,43.11,2.86,3.24,10658400,10198300.0,2026-06-18,16:14:03
002248,华东数控,9.86,9.52,9.49,10.12,9.37,174207.0,169610000.0,30.32,30.32,89.39,26.43,5.67,8731100,8689600.0,2026-06-18,16:14:06
002249,大洋电机,8.11,8.14,8.09,8.23,8.03,322980.0,262740000.0,199.97,151.0,18.23,2.07,1.73,16137800,16160200.0,2026-06-18,16:14:09
002250,联化科技,13.92,13.84,13.8,14.01,13.63,112105.0,155420000.0,125.26,124.58,30.25,1.83,1.25,5245900,5964600.0,2026-06-18,16:15:00
002251,步步高,3.83,3.9,3.9,3.92,3.76,1400540.0,535000000.0,102.98,82.44,93.43,1.21,6.51,66840300,73213600.0,2026-06-18,16:14:12
002252,上海莱士,4.65,4.69,4.67,4.75,4.64,501558.0,234730000.0,306.56,306.34,23.11,0.95,0.76,24226200,25929500.0,2026-06-18,16:14:03
002253,*ST智胜,11.04,11.1,11.11,11.24,10.91,44093.0,48880000.0,24.91,23.18,-10.03,2.94,2.1,2056000,2353300.0,2026-06-18,16:14:36
002254,泰和新材,18.7,18.58,18.58,18.91,17.21,1155094.0,2064360000.0,160.27,159.07,342.56,2.27,13.58,53449200,62060200.0,2026-06-18,16:14:45
002255,海陆重工,9.36,9.5,9.5,9.63,9.3,183414.0,172900000.0,77.77,59.71,17.41,1.7,2.87,7484400,10857000.0,2026-06-18,16:14:06
002256,兆新股份,4.02,4.16,4.16,4.19,3.98,703395.0,285370000.0,82.04,80.98,161.06,6.79,3.49,23141100,47198300.0,2026-06-18,16:14:48
002258,利尔化学,12.94,13.58,13.55,13.63,12.6,333607.0,436390000.0,103.58,103.41,23.5,1.32,4.17,13384400,19976300.0,2026-06-18,16:14:51
002259,升达林业,4.26,4.39,4.36,4.48,4.22,262529.0,113500000.0,32.05,32.05,16.24,6.99,3.49,11959500,14293400.0,2026-06-18,16:14:33
002261,拓维信息,30.54,29.5,29.86,30.76,29.48,780514.0,2363960000.0,384.79,350.02,642.94,14.78,6.81,44026800,34024600.0,2026-06-18,16:14:09
002262,恩华药业,18.69,18.71,18.68,19.14,18.44,99590.0,187370000.0,189.85,165.18,17.68,2.38,1.13,5954600,4004300.0,2026-06-18,16:14:15
002263,大东南,4.19,4.37,4.28,4.29,4.16,1896410.0,797540000.0,78.7,78.7,434.24,2.83,10.1,78210100,111430900.0,2026-06-18,16:14:39
002264,新 华 都,5.9,6.08,6.05,6.1,5.87,237293.0,141490000.0,42.47,38.63,26.52,2.11,3.62,10244700,13484600.0,2026-06-18,16:14:12
002265,建设工业,18.99,19.35,19.25,19.4,18.92,72505.0,138460000.0,196.17,196.17,84.28,5.03,0.7,3550700,3699800.0,2026-06-18,16:14:42
002266,浙富控股,4.87,4.9,4.89,5.01,4.85,650116.0,319270000.0,254.18,235.83,17.54,2.06,1.34,29276900,35734700.0,2026-06-18,16:14:15
002267,陕天然气,6.94,6.91,6.91,6.98,6.85,48147.0,33320000.0,77.18,77.18,15.55,1.1,0.43,2403500,2411200.0,2026-06-18,16:14:54
002268,电科网安,13.22,13.22,13.26,13.46,13.04,70367.0,93460000.0,111.79,111.74,306.19,2.03,0.83,3296100,3740600.0,2026-06-18,16:14:18
002269,美邦服饰,1.4,1.41,1.4,1.42,1.36,371981.0,51940000.0,35.17,32.81,-13.83,16.43,1.59,17987200,19210900.0,2026-06-18,16:14:18
002270,华明装备,21.42,21.92,21.91,22.2,21.36,239991.0,519080000.0,191.97,191.97,27.37,6.54,2.68,11359700,12639300.0,2026-06-18,16:14:21
002271,东方雨虹,12.13,12.57,12.54,12.58,12.03,400331.0,490210000.0,289.75,232.23,89.78,1.41,2.09,16810400,23222700.0,2026-06-18,16:14:21
002272,川润股份,21.2,21.09,20.85,21.71,20.85,475174.0,1009590000.0,102.79,86.52,-369.67,7.04,11.64,21772800,25744600.0,2026-06-18,16:14:24
002273,水晶光电,36.94,35.73,35.75,37.41,35.6,754079.0,2771260000.0,513.7,503.15,42.87,5.18,5.54,36882700,38525200.0,2026-06-18,16:14:57
002274,华昌化工,4.93,5.06,5.04,5.06,4.9,157268.0,77750000.0,46.95,46.24,-25.45,0.91,1.68,6444300,9282500.0,2026-06-18,16:14:24
002275,桂林三金,12.33,12.26,12.24,12.42,12.14,12106.0,14910000.0,72.45,68.69,16.0,2.3,0.22,677700,532900.0,2026-06-18,16:14:36
002276,万马股份,10.76,10.92,10.9,10.94,10.71,132253.0,143000000.0,108.79,108.36,33.12,1.79,1.31,6239900,6985400.0,2026-06-18,16:15:00
002277,友阿股份,6.11,6.18,6.16,6.29,6.0,245264.0,149910000.0,85.18,85.18,-25.91,1.33,1.76,11819200,12707200.0,2026-06-18,16:14:45
002278,神开股份,8.25,8.28,8.2,8.36,8.12,70862.0,58510000.0,32.06,27.45,90.88,2.32,2.13,3209200,3877000.0,2026-06-18,16:14:27
002279,久其软件,6.37,6.48,6.39,6.5,6.26,211088.0,134670000.0,54.92,50.67,73.24,3.93,2.65,9493100,11615700.0,2026-06-18,16:14:39
002281,光迅科技,266.2,242.0,241.99,266.2,240.0,409674.0,10477800000.0,2202.98,2077.69,212.63,15.93,5.25,21173100,19794300.0,2026-06-18,16:14:03
002282,博深股份,5.86,5.91,5.86,5.94,5.77,38621.0,22660000.0,30.87,29.59,23.35,0.87,0.76,1933800,1928300.0,2026-06-18,16:14:48
002283,天润工业,11.07,10.06,10.09,11.07,9.98,431474.0,471660000.0,126.14,111.01,30.41,2.1,4.3,18042100,25105300.0,2026-06-18,16:14:51
002284,亚太股份,10.54,10.77,10.73,10.83,10.49,113069.0,119970000.0,77.9,77.17,14.64,2.27,1.54,5330200,5976800.0,2026-06-18,16:14:54
002285,世联行,2.25,2.33,2.31,2.34,2.24,439342.0,99850000.0,44.84,44.44,-6.97,2.05,2.22,22279100,21655100.0,2026-06-18,16:14:27
002286,保龄宝,8.92,9.12,9.01,9.16,8.86,77307.0,69230000.0,33.95,32.98,21.99,1.47,2.09,3711300,4019400.0,2026-06-18,16:14:42
002287,奇正藏药,19.61,19.8,19.81,19.9,19.4,14588.0,28640000.0,112.19,111.96,16.8,2.33,0.26,735600,723200.0,2026-06-18,16:14:45
002289,*ST宇顺,42.76,41.36,41.63,43.33,40.43,20219.0,83930000.0,119.84,117.35,357.48,45.17,0.74,1056300,965600.0,2026-06-18,16:14:30
002290,禾盛新材,89.19,83.38,82.73,89.89,82.3,117803.0,1023030000.0,221.29,220.47,142.29,23.07,4.77,5910000,5870400.0,2026-06-18,16:14:06
002291,遥望科技,5.19,5.23,5.19,5.28,5.1,220418.0,114580000.0,48.53,45.11,-14.7,1.63,2.54,11366800,10675000.0,2026-06-18,16:14:57
002292,奥飞娱乐,6.51,6.47,6.45,6.54,6.34,272979.0,176520000.0,96.26,66.26,124.23,3.24,2.68,14407700,12890200.0,2026-06-18,16:14:33
002293,罗莱生活,10.15,10.08,10.06,10.35,10.01,49164.0,50180000.0,84.64,83.94,15.27,2.12,0.59,2593600,2322700.0,2026-06-18,16:14:09
002294,信立泰,30.38,30.16,30.23,30.96,29.9,179823.0,547970000.0,338.68,338.61,50.07,3.97,1.61,8860500,9121800.0,2026-06-18,16:15:00
002295,精艺股份,9.69,9.78,9.66,10.06,9.55,49420.0,48230000.0,24.28,24.27,-46.18,1.87,1.97,2388600,2553400.0,2026-06-18,16:14:30
002296,辉煌科技,9.4,9.48,9.4,9.53,9.3,60450.0,56860000.0,36.62,32.65,20.76,1.49,1.74,2954000,3091000.0,2026-06-18,16:14:36
002297,博云新材,28.36,25.78,25.7,28.36,25.59,1178510.0,3292500000.0,162.53,162.53,84.14,7.19,20.56,52625900,65225200.0,2026-06-18,16:14:12
002298,中电鑫龙,8.15,8.32,8.25,8.31,8.13,196021.0,160900000.0,60.32,53.85,-14.28,3.23,2.97,8244100,11358000.0,2026-06-18,16:14:48
002299,圣农发展,16.14,16.22,16.12,16.28,15.95,67629.0,108860000.0,200.64,196.74,13.51,1.79,0.55,3494900,3268000.0,2026-06-18,16:14:15
002300,太阳电缆,7.31,7.45,7.42,7.45,7.28,137155.0,100590000.0,52.8,52.8,67.43,2.77,1.9,6024300,7691100.0,2026-06-18,16:14:18
002301,齐心集团,7.69,7.9,7.8,8.01,7.66,203422.0,158080000.0,55.68,55.21,74.73,1.78,2.83,8622300,11719900.0,2026-06-18,16:14:39
002302,西部建设,4.65,4.74,4.72,4.73,4.63,64099.0,29930000.0,58.7,58.7,-8.37,0.76,0.51,2938600,3471200.0,2026-06-18,16:14:21
002303,美盈森,3.65,3.83,3.78,3.91,3.65,789106.0,298860000.0,55.89,35.29,23.1,1.24,8.16,33431200,45479400.0,2026-06-18,16:14:33
002304,洋河股份,41.03,42.08,41.95,42.0,40.74,66536.0,274360000.0,618.09,618.08,60.87,1.26,0.44,2507200,4146300.0,2026-06-18,16:14:03
002305,*ST南置,2.12,2.17,2.15,2.19,2.12,183384.0,39520000.0,36.77,36.76,-2.77,14.69,1.06,7392400,10946000.0,2026-06-18,16:14:24
002306,ST云网,2.04,2.09,2.1,2.1,2.03,94005.0,19360000.0,17.74,16.58,-31.54,25.58,1.16,2594700,6805800.0,2026-06-18,16:14:27
002307,北新路桥,3.65,3.77,3.72,3.73,3.63,125055.0,45790000.0,60.18,46.29,-63.58,1.39,0.99,4407100,8098400.0,2026-06-18,16:14:51
002309,中利集团,3.06,3.19,3.17,3.18,3.06,1259105.0,388740000.0,92.03,73.63,258.1,4.91,5.23,46722300,79188200.0,2026-06-18,16:14:30
002310,东方新能,2.33,2.42,2.4,2.41,2.32,984399.0,231300000.0,139.78,102.5,-164.79,5.83,2.24,36010500,62429400.0,2026-06-18,16:14:36
002311,海大集团,41.2,41.58,41.58,41.87,41.2,109120.0,452070000.0,677.9,677.39,17.45,3.0,0.66,5969600,4942400.0,2026-06-18,16:14:06
002312,川发龙蟒,8.42,8.58,8.56,8.62,8.38,250062.0,211390000.0,158.95,158.62,39.6,1.67,1.33,9991300,15014900.0,2026-06-18,16:14:42
002313,日海智能,8.0,8.22,8.22,8.22,7.9,80910.0,64950000.0,29.95,29.95,-15.93,39.06,2.16,3718500,4372500.0,2026-06-18,16:14:33
002314,南山控股,2.07,2.14,2.13,2.14,2.06,316658.0,66180000.0,56.05,27.7,-2.38,0.83,2.37,14780700,16885100.0,2026-06-18,16:14:36
002315,焦点科技,24.8,24.45,24.45,25.13,24.22,56016.0,139090000.0,102.28,65.2,20.89,3.85,2.13,2696400,2905200.0,2026-06-18,16:14:45
002316,亚联发展,4.4,4.28,4.22,4.43,4.14,211536.0,91320000.0,17.3,14.99,413.87,22.09,6.21,10697400,10456200.0,2026-06-18,16:14:39
002317,众生药业,22.9,20.82,20.9,22.9,20.48,309314.0,678130000.0,194.63,174.41,66.44,4.88,4.06,16180900,14750600.0,2026-06-18,16:14:09
002318,久立特材,25.12,24.02,23.99,25.16,23.72,168203.0,415530000.0,245.47,239.82,16.2,3.01,1.76,9232200,7588100.0,2026-06-18,16:14:39
002319,乐通股份,11.03,11.29,11.3,11.45,11.03,78451.0,87660000.0,23.1,23.1,-599.69,12.93,3.75,3240600,4604500.0,2026-06-18,16:14:48
002320,海峡股份,6.77,6.86,6.82,6.93,6.73,166587.0,113610000.0,151.36,151.36,83.44,3.75,0.75,8566600,8092100.0,2026-06-18,16:14:42
002321,华英农业,1.75,1.76,1.75,1.76,1.71,191652.0,33360000.0,37.33,37.17,-59.18,4.05,0.9,9768300,9396900.0,2026-06-18,16:14:12
002322,理工能科,10.26,10.31,10.4,10.4,10.15,23237.0,23890000.0,37.5,36.05,18.26,1.32,0.66,1168200,1155500.0,2026-06-18,16:14:45
002323,*ST雅博,1.3,1.37,1.37,1.37,1.3,785473.0,103630000.0,27.57,27.57,-16.2,14.39,3.7,24985600,53561800.0,2026-06-18,16:14:15
002324,普利特,13.1,13.18,13.17,13.45,13.06,211891.0,280100000.0,145.72,101.69,47.62,3.15,2.73,9450800,11738200.0,2026-06-18,16:14:51
002326,永太科技,23.21,22.39,22.6,23.73,21.76,635549.0,1451720000.0,214.72,187.57,447.47,7.72,7.86,34201400,29353400.0,2026-06-18,16:14:18
002327,富安娜,6.35,6.45,6.45,6.45,6.33,57732.0,36800000.0,52.95,31.18,15.35,1.54,1.18,2589700,3183500.0,2026-06-18,16:14:48
002328,新朋股份,7.93,8.05,8.0,8.07,7.91,195609.0,155820000.0,61.2,45.26,29.83,1.84,3.43,8232200,11328700.0,2026-06-18,16:14:42
002329,皇氏集团,2.88,2.96,2.94,2.98,2.84,331189.0,96440000.0,23.97,18.77,-5.33,4.81,5.08,15116300,18002600.0,2026-06-18,16:14:51
002330,得利斯,3.68,3.71,3.68,3.73,3.64,80842.0,29760000.0,23.38,23.37,589.1,1.02,1.27,4056100,4028100.0,2026-06-18,16:14:54
002331,皖通科技,8.09,7.98,7.92,8.24,7.82,124210.0,100060000.0,34.66,32.64,-10.22,2.4,3.08,6543300,5877700.0,2026-06-18,16:14:45
002332,仙琚制药,8.28,8.31,8.31,8.36,8.22,58073.0,48140000.0,81.91,81.52,20.5,1.39,0.59,2540800,3266400.0,2026-06-18,16:14:54
002333,罗普斯金,4.89,4.88,4.86,4.91,4.81,23993.0,11670000.0,33.0,32.59,66.21,1.71,0.36,1158500,1240800.0,2026-06-18,16:14:57
002334,英威腾,8.41,8.49,8.46,8.64,8.36,277332.0,235070000.0,69.19,61.81,48.32,2.3,3.77,12474100,15259100.0,2026-06-18,16:14:48
002335,科华数据,39.38,38.93,39.09,39.86,38.87,343022.0,1349040000.0,294.31,259.8,68.92,4.72,5.2,15817800,18484400.0,2026-06-18,16:14:57
002336,人乐退,0.36,0.36,0.0,0.0,0.0,0.0,0.0,1.58,1.58,4.55,-0.33,0.0,0,0.0,2026-06-18,09:00:00
002337,赛象科技,4.83,4.82,4.83,4.87,4.72,75307.0,36210000.0,28.43,28.4,56.6,2.16,1.28,3766200,3764500.0,2026-06-18,16:15:00
002338,奥普光电,54.0,54.64,54.45,54.69,53.8,56706.0,307000000.0,129.6,129.6,132.5,9.07,2.36,2542500,3128100.0,2026-06-18,16:14:51
002339,积成电子,7.45,7.63,7.59,7.63,7.42,121829.0,91380000.0,37.55,35.66,461.11,2.16,2.54,5562600,6620300.0,2026-06-18,16:14:54
002340,格林美,7.42,7.42,7.4,7.55,7.21,2005309.0,1479410000.0,378.6,376.64,23.79,1.74,3.95,90735700,109795200.0,2026-06-18,16:14:03
002342,巨力索具,9.97,10.26,10.32,10.32,9.95,600769.0,604870000.0,95.71,95.18,631.27,3.92,6.29,25617000,34459900.0,2026-06-18,16:14:54
002343,慈文传媒,4.74,4.72,4.69,4.81,4.6,94623.0,44630000.0,22.45,22.45,-67.55,2.35,2.0,4984900,4477400.0,2026-06-18,16:14:21
002344,海宁皮城,3.71,3.71,3.69,3.76,3.61,130252.0,48380000.0,47.59,47.54,98.89,0.56,1.02,6972600,6052600.0,2026-06-18,16:14:24
002345,潮宏基,9.63,9.83,9.78,9.8,9.55,150214.0,145090000.0,85.56,83.51,14.97,2.31,1.73,6158000,8863400.0,2026-06-18,16:14:27
002346,柘中股份,18.43,18.33,18.75,19.0,18.18,71494.0,132460000.0,81.38,72.27,29.18,2.81,1.82,2795400,4354000.0,2026-06-18,16:14:30
002347,泰尔股份,6.37,6.4,6.35,6.45,6.25,105212.0,66860000.0,32.15,31.43,-34.45,2.91,2.13,4983900,5537300.0,2026-06-18,16:15:00
002348,高乐股份,11.35,12.58,12.01,12.15,11.32,596290.0,684670000.0,107.51,102.55,-253.58,27.02,6.6,26762700,32866400.0,2026-06-18,16:14:57
002349,精华制药,6.31,6.35,6.33,6.45,6.27,58087.0,36920000.0,52.44,51.37,23.52,1.9,0.71,2743200,3065600.0,2026-06-18,16:14:03
002350,北京科锐,14.88,15.23,15.14,15.45,14.56,176947.0,265320000.0,80.7,78.95,402.06,4.55,3.34,8076800,9617900.0,2026-06-18,16:15:00
002351,漫步者,10.0,10.04,9.99,10.08,9.86,57773.0,57550000.0,88.91,52.11,20.63,3.07,1.11,2760800,3016500.0,2026-06-18,16:14:57
002352,顺丰控股,31.55,32.2,32.14,32.14,31.36,261125.0,824020000.0,1661.2,1504.94,14.56,1.69,0.55,12067300,14045300.0,2026-06-18,16:14:06
002353,杰瑞股份,164.22,157.65,160.49,172.77,159.28,191077.0,3189690000.0,1681.38,1134.82,59.98,7.38,2.77,9486300,9621400.0,2026-06-18,16:14:09
002354,天娱数科,7.73,7.03,7.15,7.73,6.97,3743586.0,2771300000.0,127.9,125.67,-536.23,9.3,23.03,184923800,189434800.0,2026-06-18,16:14:33
002355,兴民智通,4.69,4.81,4.78,4.8,4.67,207666.0,97960000.0,31.35,28.99,-5.0,3.83,3.36,9593400,11173200.0,2026-06-18,16:14:06
002356,赫美集团,3.04,3.13,3.13,3.15,3.03,260834.0,80250000.0,39.86,39.86,109.16,6.65,1.99,9607000,16476400.0,2026-06-18,16:14:12
002357,富临运业,10.1,9.68,9.64,10.27,9.43,130506.0,130320000.0,31.66,31.66,18.55,1.79,4.16,7352600,5698000.0,2026-06-18,16:14:09
002358,森源电气,5.83,6.02,5.99,5.99,5.8,182993.0,107410000.0,54.2,54.2,55.03,1.62,1.97,6934500,11364800.0,2026-06-18,16:14:03
002360,ST同德,5.33,5.31,5.28,5.41,5.21,74845.0,39840000.0,21.41,17.35,-1.92,2.33,2.3,4167800,3316800.0,2026-06-18,16:14:15
002361,神剑股份,15.16,15.62,15.34,15.85,14.75,1447859.0,2203080000.0,144.18,122.65,-3757.37,6.58,17.9,69808500,74977400.0,2026-06-18,16:14:36
002362,汉王科技,17.1,18.51,18.35,18.35,16.75,158820.0,272740000.0,41.8,35.5,-18.63,4.61,7.65,7729300,8152700.0,2026-06-18,16:14:12
002363,隆基机械,6.53,6.57,6.57,6.62,6.44,58541.0,38210000.0,27.22,27.15,41.43,1.27,1.41,3129000,2725100.0,2026-06-18,16:14:15
002364,中恒电气,54.16,51.99,51.7,54.51,51.5,379612.0,2021800000.0,305.23,302.27,232.96,12.2,6.8,20552800,17408500.0,2026-06-18,16:14:18
002365,永安药业,10.67,10.74,10.73,10.91,10.61,59927.0,64400000.0,31.44,26.17,90.88,1.6,2.44,2827200,3165500.0,2026-06-18,16:14:18
002366,融发核电,5.95,6.11,6.11,6.11,5.93,343500.0,205660000.0,123.82,110.1,-166.96,2.67,1.86,12028800,22321300.0,2026-06-18,16:15:00
002367,康力电梯,5.44,5.25,5.25,5.71,5.19,268952.0,148440000.0,43.4,43.22,14.57,1.23,3.38,15479800,11415400.0,2026-06-18,16:14:39
002368,太极股份,17.04,16.96,17.0,17.43,16.9,124868.0,214420000.0,106.2,105.69,-12.0,2.67,2.01,6449200,6037600.0,2026-06-18,16:14:06
002369,卓翼科技,5.98,6.02,5.96,6.05,5.89,123474.0,73900000.0,33.9,33.86,-13.73,18.13,2.18,6128400,6219000.0,2026-06-18,16:14:42
002370,亚太药业,5.03,5.12,5.12,5.17,5.0,159943.0,81200000.0,37.51,37.51,36.94,3.36,2.14,7481900,8512300.0,2026-06-18,16:14:45
002371,北方华创,721.04,704.22,704.98,733.88,703.7,104611.0,7528530000.0,5226.33,5222.16,93.73,13.3,1.44,5257400,5203800.0,2026-06-18,16:14:48
002372,伟星新材,8.64,8.7,8.71,8.76,8.57,57169.0,49420000.0,137.55,127.08,18.42,3.09,0.39,2629900,3086900.0,2026-06-18,16:14:21
002373,千方科技,7.76,7.62,7.78,8.08,7.74,384097.0,301840000.0,122.62,106.9,239.52,1.07,2.79,18250800,20158900.0,2026-06-18,16:14:09
002374,中锐股份,3.16,3.13,3.2,3.2,3.07,219019.0,69000000.0,34.29,34.29,-10.58,6.41,2.02,12133500,9768400.0,2026-06-18,16:14:51
002375,亚厦股份,3.6,3.66,3.65,3.67,3.59,149986.0,54390000.0,48.24,47.92,14.67,0.58,1.13,6335600,8663000.0,2026-06-18,16:14:24
002376,新北洋,6.05,6.07,6.07,6.15,5.97,88823.0,53790000.0,49.04,47.62,61.46,1.34,1.13,4266200,4616100.0,2026-06-18,16:14:27
002377,国创高新,2.7,2.64,2.63,2.74,2.55,290546.0,77240000.0,24.74,23.56,109.39,6.22,3.33,17248100,11806500.0,2026-06-18,16:14:03
002378,章源钨业,37.11,34.88,34.06,37.81,33.63,1414618.0,5025290000.0,445.85,443.51,70.86,16.39,11.84,74122900,67339000.0,2026-06-18,16:14:21
002379,宏桥控股,16.72,17.01,16.86,17.46,16.26,351170.0,591470000.0,2178.8,190.0,11.06,4.44,3.09,15387000,19730000.0,2026-06-18,16:14:24
002380,科远智慧,38.48,37.55,38.08,40.1,37.71,136905.0,530690000.0,92.35,54.72,59.87,3.87,9.63,6431900,7258600.0,2026-06-18,16:14:54
002381,双箭股份,5.35,5.38,5.36,5.46,5.3,43677.0,23480000.0,22.02,17.14,38.85,1.04,1.36,2467200,1900500.0,2026-06-18,16:14:06
002382,蓝帆医疗,5.6,5.46,5.46,5.66,5.33,198558.0,109940000.0,56.43,55.88,-6.71,0.82,1.99,10512200,9343700.0,2026-06-18,16:14:30
002383,合众思壮,7.09,7.18,7.15,7.23,7.04,95570.0,68240000.0,52.49,52.49,-32.71,3.5,1.29,4515600,5041400.0,2026-06-18,16:14:12
002384,东山精密,273.0,256.92,256.92,277.6,255.15,795976.0,21311190000.0,5000.29,3784.66,245.1,22.09,5.74,41821400,37776300.0,2026-06-18,16:14:57
002385,大北农,2.89,2.95,2.93,2.94,2.88,694233.0,201460000.0,124.27,100.1,-13.07,1.68,2.0,26802200,42621100.0,2026-06-18,16:14:15
002386,天原股份,5.51,5.64,5.62,5.62,5.46,206735.0,114030000.0,71.72,71.71,46.88,0.94,1.59,8563300,12110100.0,2026-06-18,16:14:18
002387,维信诺,8.3,8.81,8.75,8.76,8.28,370576.0,310950000.0,115.93,115.78,-4.67,4.45,2.66,14964200,22093400.0,2026-06-18,16:14:09
002388,新亚制程,5.47,5.45,5.4,5.54,5.29,274198.0,149390000.0,27.94,27.69,-89.84,2.91,5.42,13058000,14361800.0,2026-06-18,16:14:33
002389,航天彩虹,18.61,19.03,18.91,19.03,18.55,148618.0,278520000.0,183.29,183.26,115.34,2.28,1.51,6841800,8020000.0,2026-06-18,16:14:21
002390,信邦制药,2.76,2.8,2.78,2.81,2.75,175225.0,48750000.0,53.65,53.21,42.01,0.8,0.91,8055000,9467500.0,2026-06-18,16:15:00
002391,长青股份,5.08,5.15,5.12,5.13,5.01,58716.0,29780000.0,33.0,23.58,60.47,0.79,1.27,2797500,3074100.0,2026-06-18,16:14:24
002392,北京利尔,8.81,8.01,8.01,8.81,8.01,360221.0,310590000.0,104.88,101.98,25.9,1.76,3.11,17408400,18613700.0,2026-06-18,16:14:12
002393,力生制药,14.15,14.18,14.16,14.33,13.99,16346.0,23150000.0,43.72,42.48,10.59,0.98,0.54,861300,773300.0,2026-06-18,16:14:15
002394,联发股份,9.35,9.18,9.15,9.43,9.04,82979.0,76840000.0,30.27,30.21,12.51,0.72,2.57,4948500,3349400.0,2026-06-18,16:14:03
002395,双象股份,12.97,13.0,12.96,13.11,12.71,45888.0,59510000.0,34.79,34.78,21.18,2.24,1.71,2298400,2290400.0,2026-06-18,16:14:36
002396,星网锐捷,19.94,19.83,19.79,20.79,19.71,250384.0,503750000.0,151.65,151.03,37.54,2.21,3.31,11298400,13740000.0,2026-06-18,16:14:06
002397,梦洁股份,4.21,4.28,4.3,4.34,4.14,149279.0,63180000.0,31.48,27.27,56.31,2.57,2.3,6717200,8210700.0,2026-06-18,16:14:18
002398,垒知集团,3.99,4.05,4.02,4.04,3.95,111702.0,44650000.0,27.85,24.32,61.53,0.78,1.83,5499800,5670400.0,2026-06-18,16:14:09
002399,海普瑞,8.77,8.92,8.9,9.05,8.73,67655.0,60030000.0,128.68,109.38,33.82,1.08,0.54,3510000,3255400.0,2026-06-18,16:14:27
002400,省广集团,6.99,7.01,7.0,7.12,6.91,553924.0,389610000.0,121.86,120.66,153.11,2.44,3.21,27443300,27949100.0,2026-06-18,16:14:39
002401,中远海科,12.99,13.12,13.05,13.27,12.91,41350.0,54060000.0,48.28,48.24,136.63,2.92,1.11,1931200,2203800.0,2026-06-18,16:14:42
002402,和而泰,24.78,25.02,25.0,25.15,24.64,222712.0,554040000.0,228.82,202.82,34.46,3.41,2.72,10119700,12151500.0,2026-06-18,16:14:12
002403,爱仕达,9.65,9.95,9.89,10.04,9.62,46434.0,45470000.0,32.87,28.68,-14.09,2.38,1.56,2050800,2592600.0,2026-06-18,16:14:45
002404,嘉欣丝绸,6.16,6.84,6.72,6.76,6.16,523410.0,329600000.0,34.5,28.06,18.6,1.81,11.49,21363200,30977800.0,2026-06-18,16:14:21
002405,四维图新,7.1,7.21,7.18,7.24,7.03,551620.0,393190000.0,168.28,167.26,150.85,1.91,2.34,28024800,27137300.0,2026-06-18,16:14:15
002406,远东传动,7.21,7.31,7.3,7.34,7.16,210730.0,152410000.0,52.65,43.42,30.46,1.28,3.5,8572500,12500500.0,2026-06-18,16:14:24
002407,多氟多,38.78,38.47,38.14,39.04,37.07,1799121.0,6855760000.0,461.65,418.35,88.17,5.41,16.68,86310600,93601400.0,2026-06-18,16:14:27
002408,齐翔腾达,5.05,5.1,5.08,5.15,4.99,350097.0,176660000.0,143.56,138.93,-21.38,1.31,1.27,15914100,19095600.0,2026-06-18,16:14:48
002409,雅克科技,150.16,147.92,146.44,151.6,143.85,317760.0,4693930000.0,714.65,478.29,70.99,8.99,9.98,15443200,16332800.0,2026-06-18,16:14:30
002410,广联达,8.78,8.85,8.78,8.92,8.66,236222.0,207890000.0,145.04,137.86,35.42,2.54,1.5,11382300,12239900.0,2026-06-18,16:14:18
002412,汉森制药,5.93,5.9,5.9,5.96,5.79,60959.0,36000000.0,29.84,29.52,13.25,1.31,1.22,2964600,3131400.0,2026-06-18,16:14:30
002413,雷科防务,10.23,10.28,10.22,10.38,10.06,476923.0,488130000.0,134.97,132.52,-204.82,4.1,3.68,22219200,25473100.0,2026-06-18,16:14:33
002414,高德红外,13.66,13.65,13.57,13.89,13.52,515453.0,706620000.0,583.38,464.25,60.23,7.88,1.52,24461100,27084200.0,2026-06-18,16:14:36
002415,海康威视,32.3,32.36,32.07,32.74,31.45,824633.0,2639930000.0,2960.25,2921.99,19.82,3.74,0.91,39080300,43383000.0,2026-06-18,16:14:51
002416,爱施德,10.69,10.8,10.78,10.88,10.54,220842.0,236050000.0,132.48,130.84,35.21,2.47,1.8,10765400,11318800.0,2026-06-18,16:14:33
002418,康盛股份,4.24,4.23,4.2,4.35,4.17,454484.0,193780000.0,48.18,48.18,277.47,3.31,4.0,21523000,23925400.0,2026-06-18,16:14:27
002419,天虹股份,4.6,4.46,4.46,4.83,4.37,303395.0,140310000.0,53.77,53.77,66.99,1.32,2.6,17211200,13128200.0,2026-06-18,16:14:39
002420,毅昌科技,5.44,5.51,5.46,5.51,5.39,93946.0,51170000.0,22.37,22.02,11.89,2.82,2.32,4295100,5099500.0,2026-06-18,16:14:30
002421,达实智能,3.83,3.83,3.81,3.91,3.67,4293223.0,1638260000.0,81.22,76.73,-12.93,2.99,21.43,223802600,205519700.0,2026-06-18,16:14:21
002422,科伦药业,35.92,35.62,35.43,37.48,34.58,232077.0,839150000.0,571.41,466.46,36.36,2.4,1.79,11946600,11261100.0,2026-06-18,16:14:54
002423,中粮资本,8.81,9.04,9.02,9.03,8.8,111059.0,98740000.0,202.99,202.99,20.08,0.85,0.48,4710600,6395400.0,2026-06-18,16:14:42
002424,ST百灵,4.26,4.34,4.31,4.32,4.23,95289.0,40640000.0,59.54,49.07,-59.33,1.87,0.83,3967400,5561500.0,2026-06-18,16:14:33
002425,凯撒文化,2.74,2.72,2.71,2.76,2.67,176994.0,48260000.0,26.21,25.21,-4.77,1.06,1.92,9013800,8685600.0,2026-06-18,16:14:36
002426,胜利精密,4.13,4.09,4.09,4.15,3.94,2185511.0,888510000.0,140.53,140.53,-18.41,8.56,6.42,113491000,105060100.0,2026-06-18,16:14:39
002427,尤夫股份,4.24,4.36,4.34,4.35,4.22,127465.0,54500000.0,41.78,41.74,328.82,4.41,1.29,6098500,6648000.0,2026-06-18,16:14:24
002428,云南锗业,100.44,99.26,99.26,103.8,97.0,933649.0,9455430000.0,655.99,655.91,3442.86,44.65,14.3,44140200,49224800.0,2026-06-18,16:14:45
002429,兆驰股份,11.88,11.86,11.8,12.1,11.72,830001.0,989760000.0,537.8,537.49,45.64,3.26,1.83,39350700,43649300.0,2026-06-18,16:14:42
002430,杭氧股份,26.0,26.46,26.46,26.46,25.49,203199.0,527020000.0,254.37,254.26,25.75,2.6,2.08,9440200,10879700.0,2026-06-18,16:14:48
002431,ST棕榈,1.42,1.49,1.46,1.47,1.42,237011.0,34020000.0,25.59,25.59,-2.21,8.61,1.31,5345600,18355500.0,2026-06-18,16:14:51
002432,九安医疗,73.51,66.83,66.77,73.51,66.56,222515.0,1576710000.0,342.48,342.02,14.93,1.64,4.78,12594300,9657200.0,2026-06-18,16:14:36
002434,万里扬,6.78,6.9,6.88,7.0,6.71,183028.0,124500000.0,88.99,88.91,43.58,1.5,1.4,7401800,10900900.0,2026-06-18,16:14:54
002436,兴森科技,52.06,47.8,46.9,52.58,45.58,2398026.0,11770220000.0,884.85,790.23,613.12,16.74,15.8,124885200,114917400.0,2026-06-18,16:14:57
002437,誉衡药业,2.58,2.57,2.56,2.62,2.53,490950.0,126820000.0,57.53,54.18,13.98,2.41,2.34,25342600,23752300.0,2026-06-18,16:14:27
002438,江苏神通,15.46,15.81,15.6,15.95,15.31,97253.0,151530000.0,78.47,72.49,27.88,2.12,2.07,4221800,5503500.0,2026-06-18,16:14:39
002439,启明星辰,12.96,12.98,12.95,13.11,12.75,242677.0,314470000.0,157.0,94.43,-29.89,1.44,3.33,11667500,12600200.0,2026-06-18,16:14:30
002440,闰土股份,9.99,10.24,10.14,10.19,9.74,593066.0,586150000.0,112.29,94.54,13.94,1.13,6.27,25219600,34086900.0,2026-06-18,16:15:00
002441,众业达,8.59,8.68,8.64,8.84,8.46,74783.0,64510000.0,46.78,34.24,25.31,1.03,1.88,3664800,3813500.0,2026-06-18,16:14:42
002442,龙星科技,5.48,4.98,4.98,5.48,4.97,398019.0,210060000.0,27.58,27.0,139.16,1.5,8.08,23567900,16233900.0,2026-06-18,16:14:45
002443,金洲管道,11.47,11.67,11.6,11.72,11.08,278045.0,314600000.0,59.71,59.54,39.44,1.71,5.36,13061300,14743200.0,2026-06-18,16:14:03
002444,巨星科技,29.58,29.76,29.83,30.02,29.3,127834.0,378220000.0,353.33,339.2,13.78,1.89,1.11,6378700,6404700.0,2026-06-18,16:14:57
002445,中南文化,3.18,3.19,3.17,3.2,3.11,646232.0,203590000.0,75.58,75.25,144.12,3.31,2.73,28873600,35749700.0,2026-06-18,16:14:48
002446,盛路通信,11.72,11.7,11.82,12.03,11.58,922711.0,1085580000.0,107.29,99.36,154.23,4.22,10.88,44975700,47295400.0,2026-06-18,16:15:00
002448,中原内配,13.25,12.96,13.05,13.46,13.0,159294.0,211940000.0,77.96,76.92,15.7,2.04,2.74,8412300,7517200.0,2026-06-18,16:14:33
002449,国星光电,7.98,8.08,8.08,8.09,7.7,360707.0,283580000.0,49.35,49.35,-78.01,1.31,5.83,17057900,19012800.0,2026-06-18,16:14:51
002451,摩恩电气,7.63,7.7,7.7,7.74,7.57,81161.0,61980000.0,33.62,33.51,252.0,4.38,1.85,4229000,3887000.0,2026-06-18,16:14:36
002452,长高电气,11.05,11.22,11.15,11.32,10.89,158662.0,175980000.0,68.55,57.23,18.74,2.52,3.06,6665600,9200600.0,2026-06-18,16:14:54
002453,华软科技,4.98,5.07,5.07,5.07,4.89,136697.0,68230000.0,40.46,30.01,-14.79,5.42,2.27,6495300,7174400.0,2026-06-18,16:14:03
002454,松芝股份,5.32,5.43,5.4,5.45,5.3,92258.0,49380000.0,46.77,46.68,20.73,1.18,1.05,4282200,4943600.0,2026-06-18,16:14:57
002455,百川股份,7.73,8.04,7.94,7.97,7.68,374313.0,291600000.0,55.85,51.08,-42.48,2.04,5.66,15346400,22084900.0,2026-06-18,16:14:06
002456,欧菲光,9.3,9.62,9.51,9.55,9.28,1104834.0,1035830000.0,312.32,308.54,-212.67,8.33,3.33,42382700,68100700.0,2026-06-18,16:15:00
002457,青龙管业,13.09,13.48,13.26,13.4,12.89,315224.0,412530000.0,43.65,43.63,33.93,1.75,9.46,13900300,17622200.0,2026-06-18,16:14:09
002458,益生股份,8.2,8.15,8.12,8.32,8.07,154113.0,126200000.0,117.36,79.24,41.64,2.65,1.59,8018200,7393100.0,2026-06-18,16:14:12
002459,晶澳科技,8.33,8.47,8.51,8.51,8.27,496436.0,414730000.0,275.7,275.37,-6.83,1.33,1.5,23179400,26464200.0,2026-06-18,16:14:39
002460,赣锋锂业,69.36,71.32,70.5,71.66,68.82,626659.0,4382570000.0,1454.27,840.1,38.21,3.13,5.17,30884700,31781200.0,2026-06-18,16:14:15
002461,珠江啤酒,8.25,8.62,8.58,8.58,8.21,139865.0,115950000.0,182.6,182.6,19.72,1.69,0.63,5837600,8148900.0,2026-06-18,16:14:45
002462,嘉事堂,12.54,13.41,13.43,13.43,12.5,99200.0,126900000.0,36.58,36.55,35.41,0.83,3.4,3166400,6753600.0,2026-06-18,16:14:03
002463,沪电股份,147.9,146.55,146.0,149.36,142.81,836790.0,12271730000.0,2846.13,2843.84,66.16,17.98,4.35,43079600,40599400.0,2026-06-18,16:14:06
002465,海格通信,13.68,13.85,13.61,13.96,13.37,865740.0,1187090000.0,339.51,338.97,-41.1,3.01,3.49,38898400,47675600.0,2026-06-18,16:14:06
002466,天齐锂业,62.18,64.04,62.82,64.09,61.61,746908.0,4675290000.0,1065.28,917.61,47.68,2.3,5.06,35297900,39392900.0,2026-06-18,16:14:09
002467,二六三,5.19,5.18,5.17,5.21,5.08,312019.0,161420000.0,71.38,70.94,-22.83,4.57,2.28,14686300,16515600.0,2026-06-18,16:14:09
002468,申通快递,13.28,13.59,13.48,13.53,13.24,171063.0,228550000.0,203.29,194.43,12.78,1.81,1.17,6975900,10130400.0,2026-06-18,16:14:12
002469,三维化学,6.43,6.85,6.79,6.79,6.41,182189.0,118790000.0,41.72,40.41,31.14,1.65,2.9,5651300,12567600.0,2026-06-18,16:14:15
002470,金正大,2.07,2.13,2.11,2.12,2.05,1154943.0,239500000.0,68.02,68.01,182.69,3.19,3.52,49117400,66376900.0,2026-06-18,16:14:48
002471,中超控股,6.89,6.87,6.95,7.0,6.77,636088.0,439340000.0,94.31,92.57,-1319.73,5.23,4.73,29171200,34437600.0,2026-06-18,16:14:18
002472,双环传动,43.78,41.76,41.6,44.85,41.44,534782.0,2321410000.0,372.1,327.71,29.31,3.61,7.14,28025900,25452300.0,2026-06-18,16:14:42
002474,榕基软件,6.31,6.7,6.69,6.74,6.25,274387.0,176890000.0,39.26,33.37,-60.14,2.98,5.19,10885300,16553400.0,2026-06-18,16:14:18
002475,立讯精密,69.93,67.32,67.0,70.77,66.41,2287715.0,15855360000.0,5099.76,5088.07,29.62,5.77,3.14,123175300,105596300.0,2026-06-18,16:14:12
002476,新叶股份,5.27,5.41,5.39,5.46,5.22,104818.0,55630000.0,32.25,32.25,107.34,3.35,1.71,4936700,5545100.0,2026-06-18,16:14:51
002478,常宝股份,6.92,7.04,7.05,7.17,6.88,178215.0,124770000.0,62.34,50.01,14.23,1.03,2.47,7860000,9961500.0,2026-06-18,16:14:15
002479,富春环保,4.58,4.74,4.71,4.73,4.54,172220.0,79350000.0,39.62,39.53,18.78,0.95,2.0,7009300,10212700.0,2026-06-18,16:14:54
002480,新筑股份,5.69,5.52,5.63,5.93,5.6,154068.0,88150000.0,43.77,43.68,-23.24,5.43,2.01,8148900,7257900.0,2026-06-18,16:14:21
002481,双塔食品,3.96,3.87,3.9,4.24,3.82,168869.0,67910000.0,48.85,44.28,126.23,2.01,1.51,9248800,7638100.0,2026-06-18,16:14:24
002482,广田集团,1.38,1.37,1.37,1.48,1.34,1234173.0,173610000.0,51.76,51.66,-44.05,11.63,3.3,66050100,57367200.0,2026-06-18,16:14:45
002483,润邦股份,5.24,5.3,5.25,5.32,5.2,67493.0,35420000.0,46.45,46.39,12.95,1.04,0.76,2504800,4244400.0,2026-06-18,16:14:48
002484,江海股份,108.06,104.93,104.01,111.11,104.01,509023.0,5500860000.0,919.08,886.6,134.25,14.81,6.2,27086400,23815800.0,2026-06-18,16:14:21
002485,ST雪发,4.91,4.68,4.7,4.91,4.67,74285.0,35910000.0,26.71,26.71,-13.47,2.63,1.37,4902300,2526200.0,2026-06-18,16:14:18
002486,嘉麟杰,2.39,2.24,2.22,2.46,2.18,1027777.0,245700000.0,19.7,19.61,51.38,1.85,12.53,48328900,54448800.0,2026-06-18,16:14:24
002487,大金重工,58.32,60.57,60.0,60.98,58.21,227718.0,1348480000.0,430.26,367.95,32.92,4.97,3.61,10457900,12313900.0,2026-06-18,16:14:57
002488,金固股份,9.45,9.63,9.58,9.7,9.35,189663.0,180350000.0,94.07,86.95,164.94,2.71,2.06,8311400,10654900.0,2026-06-18,16:14:51
002489,浙江永强,3.04,3.2,3.18,3.18,3.03,397508.0,122700000.0,65.94,58.16,26.53,1.48,2.08,13320400,26430400.0,2026-06-18,16:14:21
002490,山东墨龙,7.03,7.42,7.28,7.29,6.96,412986.0,291140000.0,56.09,38.08,1055.02,11.13,7.62,17072900,24225700.0,2026-06-18,16:15:00
002491,通鼎互联,31.58,28.71,30.01,31.58,30.01,554442.0,1725390000.0,388.43,371.53,-247.78,15.41,4.71,14661100,40783100.0,2026-06-18,16:14:03
002492,恒基达鑫,5.63,5.63,5.6,5.68,5.47,67303.0,37750000.0,22.8,22.4,-34.79,1.4,1.69,3820600,2909700.0,2026-06-18,16:14:06
002493,荣盛石化,11.21,11.9,11.84,12.15,11.14,760937.0,870900000.0,1119.82,1046.8,36.41,2.47,0.81,39852400,36241300.0,2026-06-18,16:14:24
002494,华斯股份,4.7,4.72,4.68,4.75,4.61,114707.0,53830000.0,17.73,13.48,64.17,1.41,4.0,5583200,5887500.0,2026-06-18,16:14:27
002495,佳隆股份,2.18,2.19,2.18,2.2,2.13,165185.0,35880000.0,20.4,15.13,103.6,1.86,2.38,8257000,8261500.0,2026-06-18,16:14:27
002496,辉丰股份,2.22,2.36,2.43,2.51,2.19,896300.0,213560000.0,33.47,26.22,-14.58,3.0,7.59,44224700,45405300.0,2026-06-18,16:14:30
002497,雅化集团,22.18,22.93,22.75,23.0,21.91,337033.0,753520000.0,255.64,235.02,28.76,2.32,3.18,14067300,19636000.0,2026-06-18,16:14:54
002498,汉缆股份,7.43,7.57,7.5,7.56,7.35,633677.0,471360000.0,247.18,247.18,43.3,2.85,1.9,25846900,37520800.0,2026-06-18,16:14:30
002500,山西证券,5.08,5.23,5.21,5.23,5.05,315950.0,161760000.0,182.36,182.36,19.61,0.97,0.88,11334800,20260200.0,2026-06-18,16:14:57
002501,*ST利源,1.39,1.44,1.43,1.45,1.38,359927.0,50610000.0,49.34,49.3,-28.97,30.76,1.01,11765600,24227100.0,2026-06-18,16:14:33
002506,协鑫集成,3.07,3.21,3.16,3.17,3.05,2980300.0,919960000.0,179.6,179.42,-15.55,19.08,5.1,117020700,181009300.0,2026-06-18,16:15:00
002507,涪陵榨菜,11.41,11.55,11.55,11.55,11.37,65337.0,74880000.0,131.66,131.3,17.14,1.5,0.57,3245600,3288100.0,2026-06-18,16:14:03
002508,老板电器,15.52,15.62,15.61,15.66,15.39,47750.0,74110000.0,146.65,144.89,12.0,1.29,0.51,2659900,2115100.0,2026-06-18,16:14:06
002510,天汽模,6.18,6.11,6.06,6.3,5.96,249607.0,152940000.0,62.74,62.1,104.85,2.47,2.48,12829800,12130900.0,2026-06-18,16:14:36
002511,中顺洁柔,6.83,6.87,6.88,6.93,6.78,118399.0,81180000.0,87.86,86.4,24.78,1.6,0.94,5667200,6172600.0,2026-06-18,16:14:09
002512,ST达华,3.97,4.1,4.06,4.12,3.97,310399.0,125120000.0,43.77,43.45,-34.53,14.71,2.84,11184200,19855700.0,2026-06-18,16:14:09
002513,蓝丰生化,5.16,5.2,5.15,5.21,5.0,134937.0,69170000.0,19.38,14.91,-10.58,48.34,4.67,6687600,6806100.0,2026-06-18,16:14:12
002514,*ST宝馨,2.9,3.05,3.01,3.05,2.9,440918.0,128970000.0,20.88,16.07,-10.27,-39.55,7.96,21869100,22222700.0,2026-06-18,16:14:33
002515,金字火腿,9.63,9.47,9.01,9.68,9.01,1243495.0,1166680000.0,116.58,106.11,840.7,4.46,11.29,59520200,64829200.0,2026-06-18,16:14:15
002516,旷达科技,6.08,6.1,6.07,6.3,5.88,433939.0,262830000.0,89.43,88.61,45.88,2.41,2.98,21702400,21691400.0,2026-06-18,16:14:39
002517,恺英网络,14.5,14.58,14.56,14.98,14.45,402829.0,591630000.0,309.78,273.92,14.3,3.05,2.13,18347800,21935100.0,2026-06-18,16:14:42
002518,科士达,52.18,52.18,52.07,52.6,51.5,123644.0,643450000.0,303.81,294.9,47.58,6.45,2.19,6691400,5673000.0,2026-06-18,16:14:27
002519,银河电子,6.27,6.34,6.31,6.41,6.2,278045.0,175400000.0,70.63,70.07,-107.36,3.18,2.49,12929800,14874700.0,2026-06-18,16:14:18
002520,日发精机,6.98,6.89,6.86,7.05,6.8,498048.0,347070000.0,52.37,50.08,-41.33,17.69,6.94,24678500,25126300.0,2026-06-18,16:14:36
002521,齐峰新材,6.87,7.01,6.97,7.04,6.81,57145.0,39470000.0,38.48,28.8,21.74,0.99,1.36,2798500,2916000.0,2026-06-18,16:14:21
002522,浙江众成,7.02,7.22,7.19,7.19,6.83,662949.0,464170000.0,63.59,63.53,107.85,2.75,7.33,30130700,36164200.0,2026-06-18,16:14:39
002523,天桥起重,3.26,3.2,3.2,3.34,3.15,294970.0,95710000.0,46.18,46.02,40.26,1.87,2.09,16197300,13299600.0,2026-06-18,16:14:45
002524,光正眼科,3.4,3.4,3.4,3.45,3.31,120110.0,40790000.0,17.52,17.37,-73.29,19.03,2.35,6523800,5487200.0,2026-06-18,16:14:12
002526,山东矿机,2.76,2.84,2.82,2.83,2.74,225791.0,62530000.0,49.21,48.88,61.83,1.52,1.27,8341400,14237700.0,2026-06-18,16:14:48
002527,新时达,14.65,13.83,13.79,15.2,13.71,335147.0,485570000.0,97.14,77.48,1585.43,7.81,6.34,20649800,12864900.0,2026-06-18,16:14:24
002528,*ST英飞,4.71,4.67,4.59,4.8,4.51,126667.0,58430000.0,56.46,49.47,-17.94,-43.08,1.21,5935900,6730800.0,2026-06-18,16:14:42
002529,海源复材,7.78,8.24,8.17,8.35,7.7,100804.0,80510000.0,20.23,20.23,-11.08,25.38,3.88,4085300,5995100.0,2026-06-18,16:14:45
002530,金财互联,7.22,7.35,7.34,7.43,7.18,133894.0,97540000.0,56.26,50.19,83.56,4.24,1.93,6072800,7316600.0,2026-06-18,16:14:48
002531,天顺风能,9.07,9.2,9.16,9.32,9.02,321749.0,294490000.0,162.98,162.06,-70.93,1.88,1.8,16032800,16142100.0,2026-06-18,16:14:30
002532,天山铝业,12.05,12.55,12.46,12.59,11.93,1047793.0,1278520000.0,557.76,494.88,9.33,1.85,2.55,42512400,62266900.0,2026-06-18,16:14:51
002533,金杯电工,11.24,11.38,11.4,11.48,11.21,95146.0,107750000.0,82.49,71.67,13.86,1.97,1.49,4643300,4871200.0,2026-06-18,16:14:54
002534,西子洁能,21.71,21.4,21.4,21.8,21.17,164729.0,354320000.0,181.48,179.19,40.96,3.25,2.0,8788700,7684200.0,2026-06-18,16:14:57
002535,林州重机,2.35,2.37,2.35,2.37,2.29,194918.0,45660000.0,18.84,17.54,-28.83,3.17,2.61,10521800,8970100.0,2026-06-18,16:14:51
002536,飞龙股份,45.71,44.43,44.85,46.83,44.5,337523.0,1551240000.0,262.73,248.85,104.21,7.87,6.2,16857400,16894900.0,2026-06-18,16:14:15
002537,海联金汇,5.8,5.95,5.9,5.94,5.77,200872.0,117110000.0,68.09,67.9,22.56,1.55,1.72,7580800,12506400.0,2026-06-18,16:14:27
002538,ST司特,5.64,5.84,5.8,5.85,5.64,106987.0,61060000.0,48.14,48.11,24.55,0.91,1.25,4236400,6462300.0,2026-06-18,16:14:33
002539,云图控股,11.45,11.9,11.77,12.01,11.4,170317.0,197240000.0,138.28,101.88,15.77,1.46,1.91,7087200,9944500.0,2026-06-18,16:14:30
002540,亚太科技,5.08,5.04,5.04,5.11,4.97,79230.0,40060000.0,63.56,43.6,17.11,1.14,0.92,3883200,4039800.0,2026-06-18,16:14:36
002541,鸿路钢构,16.6,16.6,16.5,16.89,16.23,119790.0,198280000.0,114.54,82.36,17.84,1.16,2.41,5187400,6791700.0,2026-06-18,16:14:54
002542,*ST中岩,1.4,1.47,1.48,1.48,1.4,261834.0,37470000.0,25.29,24.62,-2.68,-15.64,1.49,7953200,18230200.0,2026-06-18,16:14:18
002543,万和电气,6.51,6.61,6.61,6.61,6.48,31744.0,20750000.0,48.41,43.07,41.74,1.04,0.48,1543500,1630900.0,2026-06-18,16:14:21
002544,普天科技,19.53,19.93,19.74,20.03,19.46,132152.0,260600000.0,132.91,132.9,532.88,3.57,1.94,6675400,6539800.0,2026-06-18,16:14:24
002545,东方铁塔,18.47,18.55,18.37,19.1,18.07,238611.0,443910000.0,229.78,208.74,16.39,2.25,2.11,11653700,12207400.0,2026-06-18,16:15:00
002546,新联电子,6.7,6.81,6.75,6.82,6.67,119043.0,80150000.0,55.88,53.68,9.94,1.48,1.49,4630000,7274300.0,2026-06-18,16:14:57
002547,*ST春兴,2.93,3.08,3.05,3.08,2.93,338732.0,100300000.0,33.05,32.37,-7.49,-7.56,3.07,12654600,21218600.0,2026-06-18,16:15:00
002548,金新农,3.83,3.91,3.88,3.9,3.77,226692.0,86710000.0,31.72,30.81,-7.02,3.03,2.82,10778700,11890400.0,2026-06-18,16:14:33
002549,凯美特气,16.22,17.12,16.88,16.88,16.08,388091.0,635030000.0,112.79,112.3,237.26,5.53,5.61,16021000,22788100.0,2026-06-18,16:14:39
002550,千红制药,5.85,5.78,5.76,5.94,5.69,120765.0,70470000.0,74.87,55.06,23.19,2.81,1.28,6891400,5185100.0,2026-06-18,16:14:42
002551,尚荣医疗,2.82,2.81,2.82,2.85,2.76,113033.0,31820000.0,23.84,17.24,-15.35,0.96,1.85,5738400,5564900.0,2026-06-18,16:14:03
002552,宝鼎科技,72.39,72.16,69.5,74.48,67.56,174534.0,1248810000.0,280.86,266.76,162.99,17.94,4.74,8407000,9046400.0,2026-06-18,16:14:03
002553,南方精工,17.21,17.29,17.3,17.53,16.91,73114.0,126280000.0,60.82,44.09,23.91,3.96,2.85,3478500,3832900.0,2026-06-18,16:14:45
002554,惠博普,3.23,3.24,3.23,3.3,3.2,221495.0,71760000.0,43.08,43.07,-10.06,2.26,1.66,11002100,11147400.0,2026-06-18,16:14:36
002555,三七互娱,17.47,17.35,17.39,17.81,17.23,306438.0,537920000.0,386.48,277.31,11.99,2.94,1.93,15378000,15265800.0,2026-06-18,16:14:27
002556,辉隆股份,4.9,4.95,4.93,4.94,4.85,64444.0,31550000.0,46.38,46.33,28.04,1.3,0.68,2875500,3568900.0,2026-06-18,16:14:06
002557,洽洽食品,18.83,19.33,19.31,19.31,18.8,70597.0,134240000.0,95.25,95.05,23.26,1.92,1.4,3735400,3324300.0,2026-06-18,16:14:06
002558,巨人网络,23.9,24.09,24.09,24.75,23.79,422892.0,1021050000.0,454.23,454.23,18.26,2.85,2.23,19541500,22747700.0,2026-06-18,16:14:09
002559,亚威股份,10.85,10.55,10.49,10.94,10.35,452024.0,481490000.0,59.65,54.68,58.54,3.44,8.97,24178900,21023500.0,2026-06-18,16:14:30
002560,通达股份,8.21,8.31,8.28,8.31,8.15,323982.0,266210000.0,60.37,52.0,34.62,2.24,5.12,14455100,17943200.0,2026-06-18,16:14:39
002561,徐家汇,6.68,6.75,6.76,6.78,6.61,33671.0,22550000.0,27.77,27.68,-122.14,1.28,0.81,1628700,1738400.0,2026-06-18,16:14:33
002562,兄弟科技,4.64,4.74,4.7,4.73,4.63,166681.0,77670000.0,53.03,37.75,48.46,1.49,2.05,7234100,9434000.0,2026-06-18,16:14:48
002563,森马服饰,5.24,5.22,5.24,5.31,5.18,156246.0,82080000.0,141.17,115.65,14.27,1.25,0.71,8485100,7139500.0,2026-06-18,16:14:36
002564,天沃科技,4.67,4.85,4.81,4.95,4.63,288383.0,136440000.0,40.11,40.11,125.97,21.12,3.36,12586400,16251900.0,2026-06-18,16:14:12
002565,顺灏股份,12.96,13.59,13.26,13.3,12.77,1041738.0,1359340000.0,137.37,137.37,209.43,7.48,9.83,49573100,54600700.0,2026-06-18,16:14:51
002566,益盛药业,6.44,6.5,6.47,6.58,6.37,46085.0,29910000.0,21.31,14.93,64.04,0.96,1.99,2568500,2040000.0,2026-06-18,16:14:54
002567,唐人神,3.23,3.33,3.33,3.34,3.22,155792.0,50830000.0,46.29,46.24,-2.67,1.11,1.09,5607300,9972000.0,2026-06-18,16:14:57
002568,百润股份,16.54,18.38,17.48,17.73,16.54,188982.0,317060000.0,172.28,126.21,25.62,3.64,2.48,10966300,7931900.0,2026-06-18,16:14:09
002569,*ST步森,16.48,16.01,16.0,16.49,15.9,16991.0,27640000.0,23.73,23.07,273.82,59.76,1.21,944900,754200.0,2026-06-18,16:14:15
002570,贝因美,4.72,4.67,4.77,4.79,4.68,203807.0,96060000.0,50.98,50.98,33.93,3.13,1.89,10862900,9517800.0,2026-06-18,16:14:12
002571,德力股份,10.85,11.25,11.1,11.24,10.82,92454.0,101150000.0,42.53,32.37,-17.02,5.34,3.1,4042000,5203400.0,2026-06-18,16:15:00
002572,索菲亚,8.04,8.15,8.1,8.15,7.93,89209.0,71770000.0,77.43,52.38,9.1,1.17,1.37,4575800,4345100.0,2026-06-18,16:14:42
002573,清新环境,3.16,3.2,3.18,3.2,3.14,63727.0,20160000.0,44.72,44.65,-10.94,0.81,0.45,2724900,3647800.0,2026-06-18,16:14:03
002574,明牌珠宝,4.55,4.61,4.57,4.62,4.5,45706.0,20840000.0,24.02,24.02,-7.77,0.88,0.87,2578000,1992600.0,2026-06-18,16:14:18
002575,群兴玩具,5.9,6.09,5.97,6.06,5.87,363625.0,215420000.0,36.37,34.48,-297.06,4.31,6.22,14538200,21824300.0,2026-06-18,16:14:39
002576,通达动力,15.41,15.69,15.57,15.69,15.35,38071.0,58950000.0,25.44,24.97,29.83,1.95,2.35,2008000,1799100.0,2026-06-18,16:14:21
002577,雷柏科技,19.52,18.1,18.05,19.91,17.95,144590.0,279550000.0,54.79,54.79,-694.27,4.71,5.15,7994700,6464400.0,2026-06-18,16:14:45
002578,闽发铝业,3.52,3.62,3.62,3.67,3.5,294397.0,104810000.0,33.04,30.31,-155.58,2.19,3.42,13121900,16317800.0,2026-06-18,16:14:24
002579,中京电子,20.32,18.47,19.01,20.32,18.98,708702.0,1422120000.0,124.48,118.55,474.62,5.18,12.15,22495800,48374400.0,2026-06-18,16:14:06
002580,圣阳股份,20.6,21.3,21.5,21.59,20.5,549176.0,1141770000.0,93.5,93.18,50.22,3.91,12.14,25881700,29035900.0,2026-06-18,16:14:27
002581,*ST未名,3.93,3.93,4.13,4.13,3.88,190521.0,77270000.0,25.93,15.75,-19.4,1.44,4.75,8197800,10854300.0,2026-06-18,16:14:15
002582,好想你,9.01,9.1,9.05,9.13,8.91,111728.0,100700000.0,40.34,31.02,2.08,0.83,3.25,5159300,6013500.0,2026-06-18,16:14:09
002583,海能达,8.7,8.84,8.78,8.85,8.55,264146.0,229860000.0,158.22,111.6,-50.07,7.77,2.06,12301600,14113000.0,2026-06-18,16:14:12
002584,西陇科学,8.86,8.44,8.36,9.0,8.28,788274.0,684990000.0,51.85,41.5,-71.87,2.37,16.83,45046500,33780800.0,2026-06-18,16:14:48
002585,双星新材,14.85,14.86,14.79,15.15,14.4,1897697.0,2813440000.0,169.49,131.68,-35.27,2.04,21.4,88890400,100879300.0,2026-06-18,16:14:30
002586,ST围海,3.55,3.66,3.69,3.69,3.51,89453.0,31950000.0,40.62,38.61,15.27,1.27,0.82,4395900,4549400.0,2026-06-18,16:14:33
002587,奥拓电子,7.11,6.91,6.87,7.15,6.75,359810.0,252720000.0,46.54,37.88,371.45,3.53,6.75,19159200,16821800.0,2026-06-18,16:14:36
002588,史丹利,8.42,8.52,8.49,8.57,8.4,74734.0,63190000.0,96.99,72.3,8.93,1.28,0.87,3240000,4233400.0,2026-06-18,16:14:39
002589,瑞康医药,2.64,2.61,2.59,2.68,2.57,229942.0,60570000.0,39.72,36.05,276.73,0.75,1.68,12455400,10538800.0,2026-06-18,16:14:18
002590,万安科技,10.91,11.01,10.94,11.04,10.79,63837.0,69660000.0,56.63,54.0,26.48,1.86,1.29,2994100,3389600.0,2026-06-18,16:14:15
002591,恒大高新,6.92,7.04,7.0,7.09,6.81,93215.0,64610000.0,20.77,15.47,-95.47,3.25,4.17,4190500,5131000.0,2026-06-18,16:14:42
002592,ST八菱,6.26,6.35,6.34,6.42,6.2,28600.0,17970000.0,17.74,16.45,18.83,1.86,1.09,1593600,1266400.0,2026-06-18,16:14:45
002593,日上集团,4.33,4.39,4.37,4.37,4.3,115028.0,49750000.0,34.81,24.27,27.19,1.43,2.05,5247100,6255700.0,2026-06-18,16:14:42
002594,比亚迪,88.13,87.47,87.0,89.33,86.08,435790.0,3820170000.0,8034.99,3072.75,29.17,3.46,1.25,22425400,21153600.0,2026-06-18,16:14:21
002595,豪迈科技,50.48,49.5,49.53,51.68,49.22,78002.0,396750000.0,585.57,581.52,24.51,4.99,0.68,3860800,3939400.0,2026-06-18,16:14:18
002596,海南瑞泽,3.23,3.4,3.32,3.33,3.13,416758.0,134710000.0,37.07,37.03,-18.43,6.97,3.63,22860900,18814900.0,2026-06-18,16:14:48
002597,金禾实业,20.9,21.01,20.95,21.01,20.33,79720.0,164760000.0,118.78,118.55,59.08,1.52,1.41,3541700,4430300.0,2026-06-18,16:14:24
002598,ST章鼓,6.96,7.05,7.1,7.1,6.87,25378.0,17680000.0,21.72,19.94,36.51,1.73,0.89,826200,1711600.0,2026-06-18,16:14:51
002599,盛通股份,5.54,5.6,5.58,5.63,5.44,79533.0,44100000.0,29.51,22.05,304.01,2.4,2.0,3926800,4026500.0,2026-06-18,16:14:27
002600,领益智造,16.82,15.85,15.8,17.24,15.76,3637751.0,6104040000.0,1229.24,1210.99,58.14,5.07,5.05,211694900,152080200.0,2026-06-18,16:14:51
002601,龙佰集团,15.48,14.85,15.1,15.75,14.64,756351.0,1163010000.0,369.08,307.68,49.51,1.62,3.81,37261000,38374000.0,2026-06-18,16:14:21
002602,世纪华通,12.94,13.08,13.0,13.28,12.85,1085702.0,1412130000.0,953.77,879.51,15.18,2.99,1.6,46930000,61640200.0,2026-06-18,16:14:54
002603,以岭药业,15.02,14.95,14.93,15.2,14.78,95066.0,142600000.0,250.94,206.76,18.33,2.38,0.69,4773800,4732800.0,2026-06-18,16:14:54
002605,姚记科技,18.34,18.39,18.2,18.54,18.07,39675.0,72740000.0,76.58,62.03,16.43,2.08,1.17,1797400,2170100.0,2026-06-18,16:14:30
002606,大连电瓷,13.98,13.92,13.86,14.15,13.72,242478.0,338600000.0,61.38,58.88,24.44,3.14,5.76,11752100,12495700.0,2026-06-18,16:14:57
002607,中公教育,1.9,1.97,1.93,1.96,1.88,1836762.0,351840000.0,117.18,105.33,208.42,14.56,3.31,85891600,97784600.0,2026-06-18,16:14:24
002608,江苏国信,8.35,8.75,8.78,8.84,8.23,842617.0,717280000.0,315.47,315.47,9.33,0.88,2.23,32307500,51954200.0,2026-06-18,16:15:00
002609,捷顺科技,7.41,7.51,7.51,7.53,7.37,42536.0,31570000.0,47.68,34.0,74.68,2.03,0.93,1994800,2258800.0,2026-06-18,16:14:33
002611,东方精工,18.74,18.18,18.18,19.17,18.18,592344.0,1109030000.0,228.12,187.76,51.83,4.03,5.91,33328100,25906300.0,2026-06-18,16:14:27
002612,朗姿股份,11.78,11.65,11.66,11.97,11.55,40795.0,48120000.0,52.12,29.98,5.48,1.85,1.6,1873300,2206200.0,2026-06-18,16:14:03
002613,北玻股份,4.71,5.1,4.9,4.9,4.65,1430735.0,676970000.0,51.84,36.44,490.66,2.35,18.49,61673800,81399600.0,2026-06-18,16:14:36
002614,奥佳华,4.69,4.72,4.69,4.73,4.63,61518.0,28770000.0,29.25,20.7,-52.37,0.69,1.39,2706500,3445200.0,2026-06-18,16:14:57
002615,哈尔斯,6.93,7.39,7.34,7.43,6.9,213282.0,150340000.0,38.79,20.94,129.44,1.63,7.06,8710400,12617800.0,2026-06-18,16:14:39
002616,长青集团,4.55,4.82,4.8,4.81,4.5,223126.0,102770000.0,39.09,26.73,13.09,1.11,3.8,8057400,14255200.0,2026-06-18,16:14:06
002617,露笑科技,9.0,9.13,9.12,9.33,8.84,1871104.0,1687960000.0,171.83,168.99,92.94,2.67,9.97,81645200,105465200.0,2026-06-18,16:14:45
002620,*ST瑞和,5.59,5.88,5.98,5.98,5.59,178189.0,102160000.0,21.1,17.67,-23.15,-28.63,5.64,6965400,10853500.0,2026-06-18,16:14:30
002622,皓宸医疗,2.26,2.25,2.25,2.27,2.19,231829.0,52020000.0,18.98,18.98,-16.43,7.1,2.76,11610300,11572600.0,2026-06-18,16:14:48
002623,亚玛顿,16.92,17.93,17.74,17.93,16.91,58529.0,101020000.0,32.67,32.59,-21.57,1.31,3.04,2546000,3306900.0,2026-06-18,16:15:00
002624,完美世界,12.0,12.71,12.52,12.8,11.96,1144809.0,1407940000.0,232.8,219.33,43.81,3.54,6.26,53048200,61432700.0,2026-06-18,16:14:09
002625,光启技术,34.15,37.91,34.8,36.19,34.12,868846.0,3031490000.0,735.79,735.79,103.26,7.53,4.03,34492500,52392100.0,2026-06-18,16:14:42
002626,金达威,13.78,13.95,13.87,14.02,13.73,34056.0,47180000.0,84.05,84.04,29.62,2.02,0.56,1687200,1718400.0,2026-06-18,16:14:45
002627,三峡旅游,6.21,6.28,6.3,6.37,6.18,118861.0,74350000.0,45.0,44.53,73.21,1.47,1.66,4590300,7295800.0,2026-06-18,16:14:48
002628,成都路桥,4.92,4.83,4.81,5.03,4.7,302473.0,147830000.0,37.25,37.09,-53.78,1.32,4.01,16315300,13932000.0,2026-06-18,16:14:51
002629,仁智股份,4.63,4.65,4.6,4.68,4.51,140125.0,64600000.0,19.73,16.77,237.62,31.28,3.87,6968200,7044300.0,2026-06-18,16:14:12
002630,*ST华西,1.97,2.02,2.07,2.08,1.96,239023.0,47730000.0,23.26,21.21,-7.22,-30.55,2.22,10085200,13817100.0,2026-06-18,16:14:51
002631,德尔未来,7.79,8.2,8.02,8.49,7.77,609797.0,497990000.0,62.11,61.82,-30.68,3.07,7.68,30060100,30919600.0,2026-06-18,16:14:54
002632,道明光学,9.76,9.97,9.88,10.02,9.53,149997.0,146190000.0,60.96,56.06,28.87,2.87,2.61,6643100,8356600.0,2026-06-18,16:14:57
002633,申科股份,16.19,16.19,16.2,16.35,15.92,15997.0,25840000.0,24.29,24.2,255.57,5.65,1.07,894400,705300.0,2026-06-18,16:15:00
002634,*ST棒杰,4.95,5.21,5.13,5.15,4.95,65569.0,32600000.0,22.74,21.89,-2.28,-2.92,1.48,3620500,2936400.0,2026-06-18,16:14:54
002635,安洁科技,18.2,18.37,18.3,18.5,18.03,225728.0,411830000.0,120.06,71.99,104.5,2.09,5.71,9972500,12600400.0,2026-06-18,16:14:03
002636,金安国纪,104.41,95.71,94.54,105.28,93.31,406998.0,4069360000.0,760.1,756.26,158.61,20.42,5.62,22565900,18133900.0,2026-06-18,16:14:06
002637,赞宇科技,10.78,11.88,11.88,11.88,10.69,391679.0,431120000.0,50.71,50.12,25.25,1.34,8.42,15921600,23246300.0,2026-06-18,16:14:33
002638,勤上股份,4.08,3.98,3.98,4.17,3.87,456577.0,184290000.0,58.61,55.19,-17.07,3.1,3.38,26127100,19530600.0,2026-06-18,16:14:09
002639,雪人集团,14.33,14.51,14.49,14.74,14.1,316609.0,455650000.0,111.62,94.53,370.13,4.35,4.8,15123300,16537600.0,2026-06-18,16:14:03
002640,跨境通,3.25,3.43,3.44,3.47,3.25,941100.0,309300000.0,50.64,50.32,-19.75,7.86,6.08,34716400,59393600.0,2026-06-18,16:14:12
002641,公元股份,4.09,4.3,4.28,4.28,4.09,251746.0,104210000.0,50.27,46.38,72.93,0.93,2.22,7631100,17543500.0,2026-06-18,16:14:15
002642,荣联科技,6.98,7.01,7.01,7.14,6.82,159395.0,111690000.0,46.18,46.18,231.52,3.89,2.41,7988200,7951300.0,2026-06-18,16:14:06
002643,万润股份,17.72,17.64,17.56,17.87,17.26,338491.0,597520000.0,162.3,159.87,55.5,2.34,3.75,17662200,16186800.0,2026-06-18,16:14:15
002644,佛慈制药,7.33,7.51,7.52,7.62,7.31,36815.0,27400000.0,37.43,37.43,71.32,2.03,0.72,1685200,1996300.0,2026-06-18,16:14:09
002645,华宏科技,36.1,34.22,33.64,36.61,33.56,732638.0,2601050000.0,271.88,245.56,69.78,6.47,10.77,39072100,34191600.0,2026-06-18,16:14:36
002646,天佑德酒,6.59,6.64,6.63,6.65,6.49,50749.0,33340000.0,31.57,31.36,-214.41,1.1,1.07,2683200,2391700.0,2026-06-18,16:14:12
002647,仁东控股,11.24,11.46,11.3,11.7,10.81,364041.0,406570000.0,127.04,114.12,-162.22,20.41,3.59,17636100,18768000.0,2026-06-18,16:14:57
002648,卫星化学,21.65,22.4,22.41,22.52,21.46,530712.0,1156840000.0,729.31,728.84,12.45,2.16,1.58,21300000,31771200.0,2026-06-18,16:14:18
002649,博彦科技,8.82,8.8,8.78,8.96,8.68,96004.0,85040000.0,52.16,47.31,118.37,1.24,1.79,5193800,4406500.0,2026-06-18,16:14:21
002650,ST加加,7.08,7.06,7.18,7.18,6.9,41274.0,29120000.0,78.38,78.38,-60.89,4.5,0.37,2017500,2109900.0,2026-06-18,16:14:15
002651,利君股份,7.91,7.98,7.9,8.04,7.79,58625.0,46530000.0,81.75,44.73,198.61,2.92,1.04,2957300,2905200.0,2026-06-18,16:15:00
002652,扬子新材,4.65,4.67,4.64,4.73,4.45,366354.0,167320000.0,23.81,23.81,-88.54,10.14,7.15,17566700,19068700.0,2026-06-18,16:14:39
002653,海思科,49.03,47.8,47.9,50.37,47.55,35901.0,176810000.0,549.1,263.19,71.54,12.08,0.67,1841500,1748600.0,2026-06-18,16:14:18
002654,万润科技,17.27,17.06,16.89,17.63,16.68,747731.0,1286280000.0,145.98,145.97,510.75,9.33,8.85,38847600,35925500.0,2026-06-18,16:14:42
002655,共达电声,42.61,38.74,40.4,42.61,39.2,382825.0,1615780000.0,155.32,155.01,264.37,18.89,10.52,15331800,22950700.0,2026-06-18,16:14:03
002656,*ST摩登,3.17,3.26,3.26,3.29,3.16,125180.0,40360000.0,22.59,21.77,-45.38,5.47,1.82,4298600,8219400.0,2026-06-18,16:14:45
002657,中科金财,19.82,20.82,20.43,20.51,19.7,241222.0,481690000.0,67.4,66.62,-64.01,3.96,7.18,9750800,14371400.0,2026-06-18,16:14:18
002658,雪迪龙,7.92,8.0,7.91,7.98,7.75,90849.0,71500000.0,50.35,28.4,32.46,1.97,2.53,4435000,4649900.0,2026-06-18,16:14:21
002659,凯文教育,4.0,4.02,4.01,4.04,3.92,94570.0,37700000.0,23.93,23.93,-138.21,1.12,1.58,4684000,4773000.0,2026-06-18,16:14:48
002660,茂硕电源,7.05,7.08,6.99,7.13,6.88,48441.0,34070000.0,25.14,24.18,-9.52,2.52,1.41,2589100,2255000.0,2026-06-18,16:14:24
002661,克明食品,7.28,7.25,7.2,7.31,7.1,25495.0,18420000.0,24.25,23.13,59.98,1.08,0.8,1343800,1205700.0,2026-06-18,16:14:06
002662,峰璟股份,3.82,3.65,3.63,3.83,3.55,399128.0,148720000.0,57.3,57.3,25.27,1.3,2.66,23840100,16072700.0,2026-06-18,16:14:51
002663,普邦股份,1.57,1.61,1.61,1.62,1.55,379704.0,60020000.0,27.06,26.8,-5.77,1.4,2.22,15252000,22718400.0,2026-06-18,16:14:27
002664,信质集团,19.61,19.38,19.39,19.77,19.25,70442.0,137720000.0,80.05,78.95,51.37,2.26,1.75,3202800,3841400.0,2026-06-18,16:14:21
002666,德联集团,4.21,4.26,4.25,4.26,4.15,85939.0,36150000.0,33.17,21.08,67.73,0.94,1.72,4411000,4182900.0,2026-06-18,16:14:30
002667,*ST威领,14.63,15.4,14.63,14.63,14.63,14423.0,21100000.0,38.12,34.62,-10.23,-191.69,0.61,1442300,0.0,2026-06-18,16:14:33
002668,TCL智家,9.85,10.06,10.04,10.1,9.8,133111.0,132130000.0,106.78,106.78,9.47,2.94,1.23,5874800,7436300.0,2026-06-18,16:14:09
002669,康达新材,17.73,17.38,17.39,17.85,16.94,495716.0,868720000.0,53.79,53.67,42.72,1.96,16.38,23869100,25702500.0,2026-06-18,16:14:54
002670,国盛证券,11.38,11.91,11.78,11.9,11.3,295017.0,339650000.0,220.21,184.74,107.93,1.94,1.82,11701800,17799900.0,2026-06-18,16:14:57
002671,龙泉股份,3.92,3.96,3.94,3.97,3.86,100989.0,39460000.0,22.08,21.63,40.29,1.35,1.83,5139800,4959100.0,2026-06-18,16:14:36
002672,东江环保,3.41,3.65,3.61,3.64,3.37,302496.0,104220000.0,37.69,30.86,-3.05,1.69,3.34,12766100,17483500.0,2026-06-18,16:15:00
002673,西部证券,6.43,6.57,6.56,6.57,6.4,290226.0,187430000.0,287.39,287.39,16.45,0.95,0.65,12446700,16575900.0,2026-06-18,16:14:24
002674,兴业科技,17.9,16.27,16.02,17.9,16.01,233087.0,406180000.0,52.9,52.37,50.35,2.16,7.97,10576800,12731900.0,2026-06-18,16:14:24
002675,东诚药业,12.72,12.68,12.64,12.85,12.56,62282.0,79390000.0,104.89,94.56,51.33,2.49,0.84,3480900,2747300.0,2026-06-18,16:14:27
002676,顺威股份,5.16,5.4,5.4,5.41,5.13,166676.0,86630000.0,37.15,37.15,44.85,2.78,2.32,6496800,10170800.0,2026-06-18,16:14:12
002677,浙江美大,6.18,6.28,6.28,6.3,6.14,57689.0,35760000.0,39.93,34.08,599.64,2.71,1.05,2933400,2835500.0,2026-06-18,16:14:27
002678,珠江钢琴,4.7,4.88,4.87,4.9,4.64,202434.0,95920000.0,63.84,63.81,-17.36,2.1,1.49,10656100,9587200.0,2026-06-18,16:14:15
002679,福建金森,8.33,8.43,8.41,8.44,8.17,28066.0,23360000.0,19.64,19.64,226.81,2.64,1.19,1429200,1377400.0,2026-06-18,16:14:03
002681,奋达科技,4.97,4.87,4.86,5.03,4.67,591614.0,287820000.0,89.19,77.99,-63.96,4.19,3.77,33192200,25969300.0,2026-06-18,16:14:18
002682,龙洲股份,4.66,4.73,4.69,4.72,4.57,153953.0,71640000.0,26.21,26.21,-4.45,4.97,2.74,6888500,8506900.0,2026-06-18,16:14:30
002683,广东宏大,29.88,30.13,30.08,30.6,29.43,97609.0,293450000.0,227.05,199.17,23.48,3.4,1.46,4575100,5185800.0,2026-06-18,16:14:39
002685,华东重机,7.14,6.65,6.61,7.32,6.56,1071993.0,759320000.0,71.95,71.94,83.19,4.36,10.64,53104000,54095300.0,2026-06-18,16:14:30
002686,亿利达,5.66,5.75,5.72,5.75,5.58,84809.0,48010000.0,32.05,29.59,170.54,1.99,1.62,4541700,3939200.0,2026-06-18,16:14:21
002687,乔治白,4.16,4.18,4.16,4.2,4.05,90723.0,37440000.0,21.0,17.2,25.92,1.38,2.19,4481800,4590500.0,2026-06-18,16:14:33
002688,金河生物,4.91,4.99,4.98,5.02,4.9,51163.0,25330000.0,37.78,36.7,97.54,1.71,0.68,1804900,3311400.0,2026-06-18,16:14:42
002689,ST远智,2.73,2.79,2.77,2.79,2.7,56300.0,15480000.0,28.48,28.47,27.5,2.39,0.54,1847100,3782900.0,2026-06-18,16:14:33
002690,美亚光电,14.8,14.97,15.05,15.34,14.8,49030.0,73330000.0,130.57,64.19,17.97,5.42,1.13,2114300,2788700.0,2026-06-18,16:14:36
002691,*ST冀凯,4.46,4.67,4.64,4.65,4.44,46347.0,21000000.0,15.16,14.98,-23.56,1.86,1.38,1909200,2725500.0,2026-06-18,16:14:24
002692,远程股份,4.05,4.14,4.12,4.12,3.98,167051.0,67600000.0,29.08,29.07,-51.33,2.58,2.33,8104500,8600600.0,2026-06-18,16:14:27
002693,双成药业,8.72,8.82,8.76,8.88,8.56,119565.0,103890000.0,36.16,35.84,111.16,8.69,2.91,5905800,6050700.0,2026-06-18,16:14:45
002694,*ST顾地,2.23,2.32,2.33,2.34,2.2,61237.0,13800000.0,17.02,16.03,-3.46,-22.62,0.85,1670800,4453000.0,2026-06-18,16:14:36
002695,煌上煌,11.38,11.32,11.2,11.44,10.96,60370.0,67570000.0,63.68,58.2,76.88,2.31,1.18,3154100,2882900.0,2026-06-18,16:14:30
002696,百洋股份,5.33,5.51,5.48,5.5,5.23,143769.0,76990000.0,18.43,17.82,109.29,1.37,4.3,7498900,6878000.0,2026-06-18,16:14:39
002697,红旗连锁,4.4,4.42,4.4,4.42,4.33,128458.0,56310000.0,59.84,50.39,12.83,1.25,1.12,6285000,6560800.0,2026-06-18,16:14:33
002698,博实股份,11.59,11.16,11.14,11.92,11.07,208784.0,242760000.0,118.51,97.38,24.08,2.8,2.48,12520400,8358000.0,2026-06-18,16:14:36
002700,万憬能源,8.98,9.53,9.56,9.61,8.75,247773.0,223710000.0,37.14,19.29,48.18,2.66,11.54,11080500,13696800.0,2026-06-18,16:14:42
002701,奥瑞金,4.48,4.36,4.51,4.58,4.42,367364.0,164570000.0,114.68,114.57,13.35,1.15,1.44,19112600,17623800.0,2026-06-18,16:14:45
002702,海欣食品,4.79,4.83,4.8,4.83,4.74,111977.0,53510000.0,26.62,21.97,-69.37,2.57,2.44,5528400,5669400.0,2026-06-18,16:14:39
002703,浙江世宝,15.64,16.01,15.84,15.97,15.5,314619.0,492430000.0,128.66,91.66,74.09,6.08,5.37,14730300,16731600.0,2026-06-18,16:14:48
002705,新宝股份,11.31,11.64,11.68,11.71,11.3,87867.0,100840000.0,91.82,91.4,11.05,1.09,1.09,3982400,4804300.0,2026-06-18,16:14:42
002706,良信股份,12.3,11.99,12.0,12.54,11.92,414879.0,508190000.0,138.14,112.47,63.2,3.36,4.54,21599400,19888400.0,2026-06-18,16:14:48
002707,众信旅游,5.23,5.28,5.25,5.29,5.17,108800.0,56810000.0,51.4,45.24,-2559.45,5.71,1.26,4894000,5986000.0,2026-06-18,16:14:45
002708,光洋股份,15.18,14.13,14.17,15.42,14.16,460533.0,690680000.0,85.33,78.43,79.3,4.82,8.91,26214800,19838500.0,2026-06-18,16:14:51
002709,天赐材料,51.61,52.85,52.5,53.85,51.14,1063717.0,5551430000.0,1052.1,778.8,36.7,5.7,7.05,44559600,61812100.0,2026-06-18,16:14:48
002712,思美传媒,4.5,4.52,4.49,4.59,4.41,149840.0,67590000.0,24.49,24.34,-49.29,1.77,2.77,8159200,6824800.0,2026-06-18,16:14:51
002713,*ST东易,10.87,10.35,10.6,10.87,10.56,83701.0,89970000.0,103.42,57.23,269.92,11.91,1.59,5092900,3277200.0,2026-06-18,16:14:54
002714,牧原股份,33.63,34.66,34.76,34.93,33.52,623145.0,2112890000.0,1941.46,1278.0,19.85,2.32,1.64,27066300,35248200.0,2026-06-18,16:14:06
002715,登云股份,13.98,13.84,13.67,14.22,13.55,32227.0,44760000.0,19.29,19.29,-204.72,4.15,2.34,1756100,1466600.0,2026-06-18,16:14:51
002716,湖南白银,9.14,9.24,9.19,9.38,9.02,879063.0,807040000.0,258.03,212.49,55.17,6.36,3.78,40507600,47398600.0,2026-06-18,16:14:57
002717,*ST岭南,1.02,1.07,1.02,1.05,1.02,945615.0,96730000.0,18.57,17.53,-0.77,-1.25,5.5,60845400,33716100.0,2026-06-18,16:14:54
002718,友邦吊顶,109.7,111.4,114.66,115.48,108.0,21479.0,239860000.0,142.0,103.1,1277.58,15.43,2.29,1129200,1018700.0,2026-06-18,16:14:54
002719,ST麦趣,6.91,7.15,7.06,7.12,6.79,47545.0,32910000.0,12.03,11.19,-10.32,11.03,2.94,1514100,3240400.0,2026-06-18,16:15:00
002721,金一文化,2.33,2.36,2.35,2.37,2.3,302978.0,70520000.0,61.96,61.96,74.16,2.88,1.14,14233300,16064500.0,2026-06-18,16:14:57
002722,物产金轮,12.55,12.59,12.5,12.65,12.37,26666.0,33400000.0,27.91,27.91,17.29,0.93,1.2,1123800,1542800.0,2026-06-18,16:14:57
002723,小崧股份,8.69,8.12,8.04,8.93,7.99,322778.0,277050000.0,28.88,27.55,-10.57,3.94,10.18,17790200,14487600.0,2026-06-18,16:15:00
002724,海洋王,5.05,5.14,5.12,5.13,5.02,61978.0,31380000.0,38.96,28.67,51.85,1.46,1.09,3281900,2915900.0,2026-06-18,16:15:00
002725,跃岭股份,13.3,13.7,13.52,13.95,13.25,125728.0,169970000.0,34.05,28.51,1538.44,3.5,5.87,5212100,7360700.0,2026-06-18,16:14:39
002726,ST龙大,1.5,1.48,1.49,1.55,1.42,313719.0,46810000.0,16.19,16.18,-2.65,3.1,2.91,15947500,15424400.0,2026-06-18,16:14:03
002727,一心堂,10.71,10.76,10.69,10.8,10.58,42881.0,45870000.0,62.72,42.08,22.47,0.85,1.09,2016500,2271600.0,2026-06-18,16:14:03
002728,特一药业,8.03,7.97,8.01,8.11,7.84,75925.0,60730000.0,41.22,40.26,54.33,2.33,1.51,3900100,3692300.0,2026-06-18,16:14:06
002729,好利科技,20.44,19.99,19.99,20.63,19.55,122746.0,247450000.0,37.4,35.86,92.32,6.6,7.0,6980600,5294000.0,2026-06-18,16:14:06
002730,电光科技,30.05,29.57,29.57,30.45,28.9,101489.0,303460000.0,108.81,103.98,159.31,6.74,2.93,5338200,4810700.0,2026-06-18,16:14:09
002731,ST萃华,4.35,4.35,0.0,0.0,0.0,0.0,0.0,11.14,9.99,4.07,0.6,0.0,0,0.0,2026-06-18,16:14:09
002732,燕塘乳业,13.25,13.28,13.18,13.31,13.01,14277.0,18870000.0,20.85,20.75,42.57,1.38,0.91,711100,716600.0,2026-06-18,16:14:03
002733,雄韬股份,35.09,35.88,35.56,36.27,34.7,267190.0,939660000.0,134.82,129.43,168.81,5.03,7.24,11551200,15167800.0,2026-06-18,16:14:42
002734,利民股份,18.1,16.47,16.8,18.12,16.54,471420.0,826960000.0,86.13,78.62,17.1,2.22,10.85,30086300,17055800.0,2026-06-18,16:14:12
002735,王子新材,20.2,20.58,20.42,21.1,18.7,655256.0,1303190000.0,75.8,57.58,-48.38,4.85,22.99,30392700,35132900.0,2026-06-18,16:14:45
002736,国信证券,10.2,10.46,10.46,10.47,10.2,298835.0,307630000.0,1044.66,980.47,9.63,1.04,0.31,11748300,18135200.0,2026-06-18,16:14:48
002737,葵花药业,12.1,12.15,12.15,12.28,12.04,29282.0,35610000.0,70.66,70.66,-34.53,1.79,0.5,1536200,1392000.0,2026-06-18,16:14:15
002738,中矿资源,60.71,62.22,61.8,62.65,59.75,327877.0,2001350000.0,438.02,431.79,52.74,3.53,4.61,15790700,16997000.0,2026-06-18,16:14:09
002739,儒意电影,7.97,8.04,8.02,8.25,7.9,328179.0,263610000.0,168.31,167.36,-73.45,2.21,1.56,14357100,18460800.0,2026-06-18,16:14:06
002741,光华科技,41.3,39.44,39.79,41.48,38.41,1137927.0,4547990000.0,192.05,176.09,160.26,9.92,26.69,52510200,61282500.0,2026-06-18,16:14:12
002742,冀衡医药,3.58,3.61,3.58,3.72,3.45,136639.0,48970000.0,24.49,18.76,-7.09,15.28,2.61,7080700,6583200.0,2026-06-18,16:14:51
002743,富煌钢构,4.21,4.14,4.15,4.25,4.05,93604.0,39000000.0,18.32,18.3,-1.93,0.79,2.15,5180000,4180400.0,2026-06-18,16:14:12
002745,木林森,11.33,11.43,11.49,11.83,11.23,1059761.0,1206500000.0,168.16,120.56,-14.0,1.42,9.96,48134200,57841900.0,2026-06-18,16:14:15
002746,仙坛股份,5.23,5.3,5.28,5.29,5.2,127441.0,66770000.0,45.01,37.12,17.23,1.0,1.8,5232200,7511900.0,2026-06-18,16:14:09
002747,埃斯顿,36.5,33.18,33.53,36.5,33.29,729035.0,2578060000.0,353.25,285.58,271.36,10.91,9.32,37419200,35484300.0,2026-06-18,16:14:12
002748,世龙实业,10.51,10.78,10.71,10.79,10.44,47879.0,50680000.0,25.22,25.22,35.07,1.77,1.99,2125000,2662900.0,2026-06-18,16:14:18
002749,国光股份,8.1,8.25,8.25,8.26,7.87,34524.0,27730000.0,45.07,44.09,15.34,2.56,0.63,1574700,1877700.0,2026-06-18,16:14:15
002750,龙津退,0.59,0.59,0.0,0.0,0.0,0.0,0.0,2.36,2.35,-5.76,0.51,0.0,0,0.0,2026-06-18,09:00:00
002752,昇兴股份,6.08,6.19,6.15,6.23,6.04,123341.0,75310000.0,59.4,59.31,16.24,1.66,1.26,6625600,5708500.0,2026-06-18,16:14:18
002753,永东股份,6.33,6.2,6.22,6.4,6.15,59670.0,37630000.0,27.14,15.37,255.79,1.03,2.46,3659000,2308000.0,2026-06-18,16:14:15
002755,奥赛康,12.83,12.6,12.57,12.99,12.54,78548.0,100620000.0,119.08,119.08,44.71,3.73,0.85,4005400,3849400.0,2026-06-18,16:14:18
002756,永兴材料,61.15,61.92,61.17,62.6,60.25,153835.0,941800000.0,329.66,236.7,34.37,2.54,3.97,7777200,7606300.0,2026-06-18,16:14:21
002757,南兴股份,21.35,21.07,20.92,21.58,20.81,145795.0,310240000.0,63.08,60.22,52.46,3.15,5.17,7057400,7522100.0,2026-06-18,16:14:21
002758,浙农股份,7.95,8.04,8.02,8.03,7.86,48971.0,38840000.0,41.24,41.2,7.63,0.79,0.94,2244700,2652500.0,2026-06-18,16:14:18
002759,天际股份,27.12,27.53,27.7,28.11,26.72,341835.0,932140000.0,135.97,135.86,45.13,3.9,6.82,15706700,18476800.0,2026-06-18,16:14:21
002760,凤形股份,17.36,17.41,17.18,17.64,17.07,33473.0,58080000.0,18.75,18.75,78.82,2.24,3.1,1631200,1716100.0,2026-06-18,16:14:24
002761,浙江建投,7.08,7.18,7.18,7.18,7.06,73862.0,52450000.0,93.8,76.59,33.51,1.08,0.68,2988000,4398200.0,2026-06-18,16:14:24
002762,*ST金比,8.77,8.77,0.0,0.0,0.0,0.0,0.0,31.05,18.54,-16.81,4.77,0.0,0,0.0,2026-06-18,16:14:27
002763,汇洁股份,7.35,7.41,7.36,7.45,7.3,57984.0,42710000.0,30.13,22.32,43.35,1.93,1.91,3006300,2792100.0,2026-06-18,16:14:54
002765,蓝黛科技,7.89,8.11,7.95,8.06,7.86,126411.0,100230000.0,51.45,47.01,33.92,1.96,2.12,5199700,7441400.0,2026-06-18,16:14:21
002766,索菱股份,3.87,3.9,3.86,3.96,3.82,165832.0,64390000.0,33.28,33.16,-44.78,3.15,1.94,7534700,9048500.0,2026-06-18,16:14:24
002767,先锋电子,17.35,17.23,17.24,17.64,16.52,31798.0,54900000.0,26.03,22.59,103.05,3.02,2.44,1646900,1532900.0,2026-06-18,16:14:30
002768,国恩股份,54.5,53.01,52.88,55.22,51.71,143016.0,768510000.0,241.35,140.93,24.46,3.58,5.53,7263400,7038200.0,2026-06-18,16:14:27
002769,普路通,7.3,7.56,7.45,7.55,7.27,83212.0,61180000.0,27.25,27.23,477.42,2.33,2.23,3738400,4582800.0,2026-06-18,16:14:33
002771,真视通,14.16,14.55,14.55,14.55,14.0,95869.0,136420000.0,29.7,24.71,-48.7,5.02,5.49,4511100,5075700.0,2026-06-18,16:14:57
002772,众兴菌业,12.61,12.69,12.59,12.84,12.46,66337.0,84140000.0,47.26,46.86,10.51,1.34,1.79,3496300,3137400.0,2026-06-18,16:14:36
002773,康弘药业,19.81,19.81,19.8,20.24,19.35,65358.0,130010000.0,182.51,136.05,17.05,2.04,0.95,3577400,2958300.0,2026-06-18,16:14:39
002774,快意电梯,12.29,12.34,12.28,12.96,12.15,123591.0,153780000.0,41.38,34.63,70.75,3.72,4.39,5691300,6667800.0,2026-06-18,16:14:30
002775,文科股份,4.11,4.02,3.97,4.11,3.88,294025.0,117120000.0,26.15,23.5,-8.56,-52.64,5.14,12792700,16609800.0,2026-06-18,16:14:27
002777,久远银海,13.12,13.12,13.11,13.28,12.84,48548.0,63750000.0,53.56,53.07,72.67,3.23,1.2,2488900,2366000.0,2026-06-18,16:15:00
002778,中晟高科,17.25,16.36,16.35,18.0,15.95,56831.0,97370000.0,21.52,21.29,147.71,6.71,4.6,2816000,2867100.0,2026-06-18,16:14:24
002779,中坚科技,82.8,84.44,84.44,84.44,81.81,28805.0,237920000.0,153.01,137.29,96.23,16.27,1.74,1371100,1509300.0,2026-06-18,16:14:33
002780,三夫户外,12.97,13.13,13.13,13.13,12.86,34655.0,45020000.0,21.45,16.95,30.06,2.64,2.65,1659400,1806100.0,2026-06-18,16:14:36
002782,可立克,24.37,24.69,24.57,24.84,24.2,191867.0,469810000.0,120.83,118.58,47.37,5.64,3.94,8307200,10879500.0,2026-06-18,16:14:03
002783,凯龙股份,7.31,7.29,7.33,7.42,7.14,68342.0,49850000.0,36.5,33.71,31.45,1.4,1.48,3655600,3178600.0,2026-06-18,16:14:39
002785,万里石,40.88,39.12,38.95,42.7,38.8,108811.0,448550000.0,92.64,79.1,-110.89,11.65,5.62,5000900,5880200.0,2026-06-18,16:14:27
002786,银宝山新,8.09,8.44,8.35,8.36,7.97,189479.0,153350000.0,40.1,39.97,-123.02,20.12,3.83,7274900,11673000.0,2026-06-18,16:14:30
002787,华源控股,28.85,29.5,29.49,29.8,28.35,183233.0,528620000.0,95.9,71.57,82.0,5.19,7.39,8171700,10151600.0,2026-06-18,16:14:42
002788,鹭燕医药,10.93,10.95,10.92,11.09,10.75,96970.0,105890000.0,42.46,41.73,15.3,1.26,2.54,4717800,4979100.0,2026-06-18,16:14:30
002789,*ST建艺,14.87,14.16,14.87,14.87,14.87,2247.0,3340000.0,23.74,23.27,-3.07,15.61,0.14,0,224700.0,2026-06-18,16:14:42
002790,瑞尔特,5.72,5.83,5.82,5.86,5.69,48973.0,28200000.0,23.9,14.91,-1045.96,1.16,1.88,1957100,2940200.0,2026-06-18,16:14:45
002791,坚朗五金,14.09,14.1,14.01,14.29,13.7,53534.0,75090000.0,49.86,30.67,-46.16,0.93,2.46,2820800,2532600.0,2026-06-18,16:14:48
002792,通宇通讯,37.11,37.1,36.44,37.73,35.75,264454.0,975810000.0,194.4,125.37,1142.32,6.92,7.83,14411300,12034100.0,2026-06-18,16:14:06
002793,罗欣药业,4.0,3.98,3.93,4.05,3.9,127589.0,50770000.0,43.5,43.44,-16.11,3.96,1.17,7082100,5676900.0,2026-06-18,16:14:33
002795,永和智控,7.32,7.5,7.51,7.67,7.24,192046.0,141960000.0,32.33,31.8,-62.26,7.25,4.42,7633200,11571300.0,2026-06-18,16:14:36
002796,世嘉科技,41.76,42.63,42.55,42.87,41.39,86277.0,362580000.0,105.39,95.09,-172.08,12.51,3.79,3840700,4787000.0,2026-06-18,16:14:51
002797,第一创业,6.31,6.51,6.49,6.5,6.3,675376.0,429630000.0,265.17,265.17,28.8,1.5,1.61,26438700,41098800.0,2026-06-18,16:14:09
002798,帝欧水华,5.95,5.79,5.8,5.96,5.7,165358.0,96570000.0,33.03,28.82,-6.59,1.91,3.41,8318000,8217800.0,2026-06-18,16:14:12
002799,环球印务,6.6,6.63,6.65,6.68,6.5,58556.0,38570000.0,21.12,21.12,-132.15,1.66,1.83,2834000,3021600.0,2026-06-18,16:14:33
002800,天顺股份,14.48,14.42,14.26,14.7,14.11,32423.0,46750000.0,22.05,21.41,-91.86,4.46,2.19,1740700,1501600.0,2026-06-18,16:14:15
002801,微光股份,31.04,30.81,30.53,31.13,30.24,15563.0,47870000.0,71.28,35.95,17.15,3.63,1.34,771300,785000.0,2026-06-18,16:14:18
002802,洪汇新材,11.7,11.79,11.68,11.86,11.51,29351.0,34370000.0,21.21,17.51,49.78,3.34,1.96,1596800,1338300.0,2026-06-18,16:14:54
002803,吉宏股份,23.9,22.67,22.7,24.13,22.55,152038.0,358040000.0,107.2,71.12,36.96,3.89,5.11,8222000,6981800.0,2026-06-18,16:14:21
002805,丰元股份,26.88,24.44,25.61,26.88,25.3,310098.0,828420000.0,75.28,74.95,-23.64,8.05,11.12,11131300,19878500.0,2026-06-18,16:14:57
002806,华锋股份,21.51,20.78,20.95,22.18,20.83,307347.0,660140000.0,45.7,37.45,-106.66,4.1,17.65,15348100,15386500.0,2026-06-18,16:15:00
002807,江阴银行,3.92,3.95,3.95,3.96,3.89,236041.0,92380000.0,106.14,105.98,5.16,0.54,0.87,8378900,15225300.0,2026-06-18,16:14:24
002808,*ST恒久,2.83,2.83,0.0,0.0,0.0,0.0,0.0,7.61,5.29,-16.81,3.18,0.0,0,0.0,2026-06-18,16:14:45
002809,红墙股份,8.08,8.2,8.15,8.23,7.91,97232.0,78580000.0,19.41,13.73,-37.12,1.17,5.72,4997700,4725600.0,2026-06-18,16:14:03
002810,山东赫达,23.7,24.62,24.5,24.6,23.1,115940.0,275870000.0,82.81,76.75,41.56,3.72,3.58,5429800,6164200.0,2026-06-18,16:14:48
002811,郑中设计,11.74,11.77,11.82,11.99,11.53,44728.0,52510000.0,36.16,33.18,21.9,2.54,1.58,2335600,2137200.0,2026-06-18,16:14:06
002812,恩捷股份,67.7,70.38,69.78,70.6,67.6,345776.0,2372390000.0,664.9,556.94,176.43,2.6,4.2,15221400,19356200.0,2026-06-18,16:14:27
002813,路畅科技,20.47,20.42,20.32,20.57,19.93,16746.0,34040000.0,24.56,24.53,-26.63,11.9,1.4,977100,697500.0,2026-06-18,16:14:39
002815,崇达技术,19.72,20.14,19.6,19.99,19.37,863824.0,1704720000.0,243.37,153.25,100.92,2.79,11.12,37426800,48955600.0,2026-06-18,16:14:36
002816,*ST和科,28.46,27.1,27.17,28.46,26.82,44249.0,124450000.0,28.46,28.46,275.52,11.95,4.42,2180700,2244200.0,2026-06-18,16:14:39
002817,黄山胶囊,6.17,6.2,6.17,6.22,6.0,55529.0,34140000.0,18.45,17.9,29.06,1.92,1.91,3128200,2424700.0,2026-06-18,16:14:09
002818,富森美,11.24,11.15,11.25,11.37,11.05,39477.0,44260000.0,84.13,33.53,10.58,1.46,1.32,1982100,1965600.0,2026-06-18,16:14:42
002819,东方中科,21.84,21.36,21.31,22.18,21.1,39835.0,87060000.0,65.43,51.67,-44.44,1.67,1.68,1722300,2261200.0,2026-06-18,16:14:12
002820,桂发祥,8.86,8.93,8.84,8.99,8.71,48000.0,42430000.0,17.8,17.8,-74.62,2.04,2.39,2458400,2341600.0,2026-06-18,16:14:30
002821,凯莱英,123.82,115.0,114.8,124.78,113.6,71946.0,869560000.0,446.72,392.56,40.23,2.49,2.27,4024300,3170300.0,2026-06-18,16:14:42
002822,ST中装,2.5,2.52,2.56,2.56,2.46,123894.0,31190000.0,48.75,26.72,-1.58,4.53,1.16,5992800,6396700.0,2026-06-18,16:14:51
002823,凯中精密,16.81,17.15,17.04,17.18,16.66,118568.0,199730000.0,55.2,36.8,23.31,2.72,5.42,5076500,6780300.0,2026-06-18,16:14:15
002824,和胜股份,37.92,35.94,35.6,38.35,35.2,313599.0,1152040000.0,118.0,85.77,70.47,5.17,13.87,15803800,15556100.0,2026-06-18,16:14:18
002825,纳尔股份,8.84,9.33,9.33,9.35,8.75,77724.0,69470000.0,30.23,22.69,33.78,1.82,3.03,3365400,4407000.0,2026-06-18,16:14:33
002826,易明医药,16.83,16.51,16.51,16.95,16.23,43292.0,71810000.0,32.09,31.09,34.35,3.96,2.34,1987300,2341900.0,2026-06-18,16:14:36
002827,高争民爆,25.78,25.31,25.29,25.92,24.89,39217.0,100070000.0,71.42,71.15,37.62,6.86,1.42,2368600,1553200.0,2026-06-18,16:14:21
002828,贝肯能源,9.26,9.77,9.89,10.08,8.95,365545.0,338750000.0,18.61,18.61,-33.14,2.85,18.19,16820500,19733900.0,2026-06-18,16:14:24
002829,星网宇达,18.65,19.11,19.12,19.41,18.59,82515.0,155860000.0,38.76,27.24,-31.25,2.5,5.65,4503600,3747900.0,2026-06-18,16:14:45
002830,名雕股份,14.68,14.71,14.65,14.91,13.58,93702.0,133670000.0,27.29,13.63,63.05,4.15,10.09,4797500,4572700.0,2026-06-18,16:14:39
002831,裕同科技,32.33,30.9,30.85,32.33,30.7,166395.0,521320000.0,416.52,230.91,26.08,3.59,2.33,9052100,7587400.0,2026-06-18,16:14:45
002832,比音勒芬,20.8,21.15,20.97,21.18,20.53,100060.0,208260000.0,118.71,81.0,19.6,2.23,2.57,5107600,4898300.0,2026-06-18,16:14:27
002833,弘亚数控,17.83,17.59,17.46,18.0,17.46,54721.0,97570000.0,75.64,51.39,17.05,2.77,1.9,2447900,3024200.0,2026-06-18,16:14:30
002835,同为股份,12.35,12.4,12.36,12.57,12.17,17529.0,21680000.0,27.11,15.72,23.56,2.12,1.38,837600,915300.0,2026-06-18,16:14:48
002836,新宏泽,10.11,10.2,10.1,10.25,10.0,21450.0,21690000.0,23.29,23.29,54.42,6.62,0.93,1145500,999600.0,2026-06-18,16:14:42
002837,英维克,74.37,74.62,75.03,76.13,73.54,553636.0,4124750000.0,947.73,840.72,196.4,28.76,4.9,28234200,27129400.0,2026-06-18,16:14:45
002838,道恩股份,35.29,34.8,34.5,35.85,34.31,86041.0,301100000.0,168.83,148.44,64.02,4.49,2.05,4452800,4151400.0,2026-06-18,16:14:33
002839,张家港行,4.12,4.22,4.2,4.22,4.12,193687.0,80520000.0,100.71,100.61,5.05,0.54,0.79,7636900,11731800.0,2026-06-18,16:14:54
002840,华统股份,8.08,7.95,7.9,8.15,7.8,142869.0,114280000.0,64.82,64.37,-15.78,1.8,1.79,8180100,6106800.0,2026-06-18,16:14:51
002841,视源股份,34.92,35.0,34.99,35.53,34.5,40005.0,140220000.0,243.05,181.37,22.13,1.86,0.77,2083700,1916800.0,2026-06-18,16:14:48
002842,翔鹭钨业,47.72,43.38,41.8,47.72,40.88,876460.0,3870360000.0,156.13,128.11,40.46,11.04,32.65,47373200,40272800.0,2026-06-18,16:14:57
002843,泰嘉股份,22.19,22.14,22.12,22.7,21.95,128301.0,285980000.0,55.86,55.52,-201.24,4.15,5.13,6233000,6597200.0,2026-06-18,16:14:48
002845,同兴达,15.85,16.15,16.0,16.07,15.69,147120.0,233640000.0,51.92,39.66,128.61,2.13,5.88,6619700,8092300.0,2026-06-18,16:14:36
002846,英联股份,12.3,12.58,12.48,12.63,12.25,76642.0,95010000.0,51.66,32.0,140.48,3.65,2.95,3382900,4281300.0,2026-06-18,16:14:51
002847,盐津铺子,48.03,49.27,48.87,49.48,47.76,25954.0,125770000.0,130.98,117.12,16.35,6.04,1.06,1284800,1310500.0,2026-06-18,16:14:39
002848,高斯贝尔,13.99,13.94,13.94,14.19,13.4,106041.0,145700000.0,23.38,23.07,-39.64,27.99,6.43,5358600,5245500.0,2026-06-18,16:14:51
002849,威星智能,17.9,17.74,17.74,18.11,17.34,87369.0,155570000.0,39.49,39.17,75.5,2.87,3.99,4518800,4218100.0,2026-06-18,16:14:54
002850,科达利,203.81,203.88,204.0,208.48,201.97,51766.0,1065270000.0,583.05,426.79,31.72,4.49,2.47,2406200,2770400.0,2026-06-18,16:14:42
002851,麦格米特,179.5,178.9,176.75,182.6,172.88,321837.0,5727340000.0,1044.31,822.56,681.73,11.64,7.02,17239300,14944400.0,2026-06-18,16:14:57
002852,道道全,7.66,7.49,7.49,7.73,7.34,47379.0,35960000.0,26.35,21.89,18.18,1.19,1.66,2766300,1971600.0,2026-06-18,16:14:54
002853,皮阿诺,22.76,22.98,22.96,22.96,22.11,26764.0,60130000.0,41.63,29.29,-90.77,4.68,2.08,1446100,1230300.0,2026-06-18,16:14:57
002855,捷荣技术,10.62,10.88,10.89,10.89,10.58,33992.0,36350000.0,26.17,26.15,-6.21,12.63,1.38,1681900,1717300.0,2026-06-18,16:15:00
002856,*ST美芝,19.8,20.84,19.8,19.8,19.8,7091.0,14040000.0,26.79,24.53,-13.75,-52.65,0.57,709100,0.0,2026-06-18,16:14:54
002857,三晖电气,17.2,17.27,17.39,17.54,16.79,29845.0,51250000.0,22.47,22.12,-43.04,4.82,2.32,1585600,1398900.0,2026-06-18,16:15:00
002858,力盛体育,12.44,12.4,12.41,12.76,12.18,99851.0,124950000.0,23.22,18.34,-329.03,2.76,6.77,4974500,5010600.0,2026-06-18,16:14:03
002859,洁美科技,99.73,90.66,90.64,99.73,90.6,262271.0,2498110000.0,430.06,404.8,183.91,14.23,6.46,12704200,13523000.0,2026-06-18,16:14:03
002860,星帅尔,14.56,13.99,13.95,15.26,13.7,371182.0,545800000.0,51.27,50.08,26.65,2.29,10.79,23110900,14007300.0,2026-06-18,16:14:06
002861,瀛通通讯,18.7,18.2,18.1,19.3,17.87,112685.0,211250000.0,34.84,28.08,-43.59,3.37,7.5,6604600,4663900.0,2026-06-18,16:15:00
002862,实丰文化,14.04,14.12,14.14,14.22,13.83,34445.0,48370000.0,23.59,18.05,-13.85,8.1,2.68,1857200,1587400.0,2026-06-18,16:14:45
002863,今飞凯达,4.61,4.67,4.65,4.68,4.54,97759.0,45050000.0,27.64,27.64,43.19,0.98,1.63,5467400,4308600.0,2026-06-18,16:14:57
002864,盘龙药业,26.34,26.81,26.82,26.95,26.2,17728.0,47010000.0,27.99,19.41,32.25,1.64,2.41,674100,1098700.0,2026-06-18,16:14:06
002865,钧达股份,63.88,66.83,66.28,66.3,63.5,212703.0,1373500000.0,198.84,142.79,-15.35,4.94,9.52,10485900,10784400.0,2026-06-18,16:14:09
002866,传艺科技,17.97,18.18,18.08,18.09,17.77,62009.0,111260000.0,52.03,32.56,83.79,2.49,3.42,2937700,3263100.0,2026-06-18,16:14:48
002867,周大生,11.83,11.97,11.95,12.0,11.71,59625.0,70590000.0,128.41,127.66,11.22,1.9,0.55,2262700,3699700.0,2026-06-18,16:15:00
002868,绿康生化,24.83,25.5,25.53,25.53,24.7,17738.0,44450000.0,38.59,26.57,-37.2,55.51,1.66,835500,938300.0,2026-06-18,16:14:03
002869,金溢科技,18.34,18.69,18.75,18.82,18.23,29904.0,55460000.0,32.45,28.89,-21.95,1.61,1.9,1326700,1663700.0,2026-06-18,16:14:06
002870,香山股份,39.34,40.85,40.38,41.11,39.2,46692.0,185900000.0,51.96,51.04,84.05,3.21,3.6,1904700,2764500.0,2026-06-18,16:14:51
002871,伟隆股份,20.19,19.79,19.74,21.21,19.6,70868.0,144740000.0,50.85,30.14,38.74,4.69,4.75,3712800,3373900.0,2026-06-18,16:14:09
002872,ST天圣,4.93,5.03,5.04,5.04,4.92,25011.0,12430000.0,15.68,10.6,-29.7,0.81,1.16,891700,1609400.0,2026-06-18,16:14:03
002873,新天药业,7.75,7.77,7.77,7.86,7.58,59487.0,46030000.0,18.92,18.58,224.7,1.51,2.48,2814800,3133800.0,2026-06-18,16:14:54
002875,安奈儿,16.01,16.57,16.52,16.69,15.7,81940.0,131270000.0,34.1,29.21,-43.73,5.52,4.49,3763400,4430600.0,2026-06-18,16:14:57
002876,三利谱,33.1,32.55,32.3,33.15,31.82,106710.0,349420000.0,57.56,49.3,113.36,2.4,7.16,4788900,5882100.0,2026-06-18,16:14:06
002877,智能自控,7.51,7.69,7.67,7.67,7.46,76022.0,57290000.0,26.72,18.06,111.83,2.2,3.16,3460500,4141700.0,2026-06-18,16:14:12
002878,元隆雅图,12.8,12.8,12.8,12.99,12.53,91907.0,117810000.0,33.53,30.19,-90.38,2.68,3.9,4425900,4764800.0,2026-06-18,16:14:09
002879,长缆科技,14.47,14.47,14.47,14.57,14.15,43468.0,62320000.0,27.94,19.84,21.06,1.66,3.17,2491500,1855300.0,2026-06-18,16:14:09
002880,卫光生物,22.18,22.14,22.08,22.64,21.98,10171.0,22680000.0,50.3,50.3,21.54,2.1,0.45,523900,493100.0,2026-06-18,16:14:15
002881,美格智能,43.68,41.6,41.6,44.33,41.03,122194.0,529670000.0,131.94,79.49,92.22,4.84,6.71,6973700,5245700.0,2026-06-18,16:15:00
002882,金龙羽,21.28,21.68,21.5,21.88,21.21,46015.0,98730000.0,92.12,52.52,118.92,4.43,1.86,2194000,2407500.0,2026-06-18,16:14:18
002883,*ST中设,8.7,8.6,8.56,8.7,8.46,14042.0,12090000.0,13.59,13.34,-68.9,2.9,0.92,661900,742300.0,2026-06-18,16:14:12
002884,凌霄泵业,15.56,15.8,15.83,15.84,15.5,27279.0,42600000.0,55.66,42.49,12.41,2.58,1.0,996500,1731400.0,2026-06-18,16:14:21
002885,京泉华,42.61,42.32,42.36,43.31,42.0,240845.0,1028060000.0,115.44,101.09,119.25,7.53,10.15,11687400,12397100.0,2026-06-18,16:14:03
002886,沃特股份,32.19,31.09,31.2,32.82,31.01,235949.0,755990000.0,84.73,67.3,118.84,4.62,11.29,12510000,11084900.0,2026-06-18,16:14:24
002887,绿茵生态,11.54,11.51,11.41,11.79,11.2,30777.0,35400000.0,35.31,25.07,26.16,1.54,1.42,1684100,1393600.0,2026-06-18,16:14:15
002888,惠威科技,21.79,20.35,20.45,21.95,20.09,69108.0,146670000.0,32.17,16.33,174.31,8.92,9.22,3447900,3462900.0,2026-06-18,16:14:06
002889,东方嘉盛,10.93,10.98,10.98,11.06,10.71,15860.0,17320000.0,41.28,27.46,42.13,1.65,0.63,945900,640100.0,2026-06-18,16:14:09
002890,弘宇股份,14.59,14.94,14.68,14.91,14.57,16171.0,23720000.0,24.78,23.56,231.87,4.09,1.0,748100,869000.0,2026-06-18,16:14:12
002891,中宠股份,27.61,28.2,28.16,28.2,27.5,41902.0,116220000.0,88.88,88.88,25.61,2.68,1.3,2047200,2142900.0,2026-06-18,16:14:18
002892,科力尔,10.21,10.21,10.19,10.31,10.01,101049.0,102820000.0,76.03,51.16,394.69,6.05,2.02,4791200,5313600.0,2026-06-18,16:14:15
002893,京能热力,10.19,9.96,10.0,10.58,9.67,182512.0,184190000.0,26.86,20.66,41.34,1.94,9.0,8904600,9346700.0,2026-06-18,16:14:21
002895,川恒股份,29.17,30.22,30.0,30.55,29.09,105571.0,312120000.0,176.74,174.89,14.18,2.52,1.76,4804200,5752900.0,2026-06-18,16:14:12
002896,中大力德,82.3,79.69,79.72,83.35,79.72,176613.0,1446590000.0,161.74,161.74,286.92,13.42,8.99,8808400,8852900.0,2026-06-18,16:14:18
002897,意华股份,96.8,88.0,87.7,96.8,87.0,130101.0,1225820000.0,187.68,176.6,63.85,6.84,7.13,6164300,6845800.0,2026-06-18,16:14:24
002898,*ST赛隆,8.3,8.3,0.0,0.0,0.0,0.0,0.0,14.61,8.4,-11.31,3.93,0.0,0,0.0,2026-06-18,16:14:21
002899,英派斯,22.52,23.33,22.96,23.47,22.51,48102.0,110120000.0,33.28,33.28,52.17,1.89,3.25,2539800,2270500.0,2026-06-18,16:14:15
002900,哈三联,9.87,10.05,10.04,10.15,9.83,23930.0,23790000.0,31.22,15.9,-9.82,1.77,1.49,1065900,1327100.0,2026-06-18,16:14:18
002901,大博医疗,42.27,41.64,41.67,42.48,41.67,16683.0,70310000.0,175.01,121.91,27.21,4.7,0.58,875700,792600.0,2026-06-18,16:14:21
002902,铭普光磁,36.77,35.15,34.8,37.15,34.21,404836.0,1454370000.0,86.41,65.32,-38.63,14.24,22.79,20959900,19523600.0,2026-06-18,16:14:27
002903,宇环数控,54.25,53.32,53.0,54.9,52.5,104305.0,565520000.0,85.01,57.87,-268.88,10.92,9.78,4639200,5791300.0,2026-06-18,16:14:24
002905,金逸影视,7.21,7.22,7.2,7.3,7.1,41716.0,30110000.0,27.13,25.19,-27.53,41.6,1.19,2210800,1960800.0,2026-06-18,16:14:30
002906,华阳集团,29.19,28.9,29.71,30.7,28.45,255234.0,750100000.0,153.22,153.13,19.35,2.22,4.87,12143500,13379900.0,2026-06-18,16:14:12
002907,华森制药,13.3,12.09,12.07,13.3,12.01,118190.0,153720000.0,55.54,44.66,96.55,3.25,3.52,6430800,5388200.0,2026-06-18,16:14:27
002908,德生科技,6.88,6.94,6.9,7.0,6.8,45540.0,31390000.0,29.68,22.14,-411.19,2.76,1.42,2629200,1924800.0,2026-06-18,16:14:24
002909,集泰股份,5.29,5.34,5.28,5.41,5.23,97475.0,51810000.0,20.63,20.12,-58.85,2.43,2.56,4629300,5118200.0,2026-06-18,16:14:27
002910,庄园牧场,11.65,11.16,11.4,12.28,10.49,454879.0,520830000.0,22.78,19.93,-28.49,2.3,26.59,22063500,23424400.0,2026-06-18,16:14:15
002911,佛燃能源,10.21,10.36,10.38,10.42,10.15,51732.0,53080000.0,132.54,129.36,12.84,3.14,0.41,2517700,2655500.0,2026-06-18,16:14:30
002912,中新赛克,19.46,19.39,19.55,19.8,19.29,20789.0,40670000.0,33.23,31.57,123.24,2.12,1.28,1068500,1010400.0,2026-06-18,16:14:33
002913,奥士康,70.03,67.38,67.47,70.66,66.01,97825.0,673310000.0,222.25,211.27,104.3,5.13,3.24,5569100,4213400.0,2026-06-18,16:14:30
002915,中欣氟材,19.87,20.7,20.11,20.45,19.65,173540.0,345370000.0,66.62,57.24,621.7,4.48,6.02,7814200,9539800.0,2026-06-18,16:14:36
002916,深南电路,453.8,444.27,456.0,459.0,419.0,195279.0,8582810000.0,3091.13,3016.91,85.05,18.78,2.94,9604800,9923000.0,2026-06-18,16:14:33
002917,金奥博,11.32,11.36,11.32,11.45,11.07,53726.0,60520000.0,39.35,29.49,22.2,2.25,2.06,2719600,2653000.0,2026-06-18,16:14:27
002918,蒙娜丽莎,11.43,12.45,12.23,12.69,11.36,399129.0,468870000.0,46.73,24.48,49.93,1.46,18.63,18843600,21069400.0,2026-06-18,16:14:33
002919,名臣健康,19.68,19.91,19.65,20.25,19.38,50748.0,99870000.0,52.38,52.0,211.47,6.58,1.92,2508000,2566800.0,2026-06-18,16:14:18
002920,德赛西威,87.75,88.2,87.43,88.3,86.38,73086.0,638980000.0,523.7,523.54,22.45,3.45,1.23,3657900,3650800.0,2026-06-18,16:14:21
002921,联诚精密,23.86,23.81,23.77,24.46,23.0,48096.0,115740000.0,35.54,30.65,-465.04,2.71,3.74,2202800,2606800.0,2026-06-18,16:14:24
002922,伊戈尔,36.41,36.9,36.84,37.59,36.08,229396.0,841190000.0,153.86,137.27,67.8,4.16,6.08,9979100,12960500.0,2026-06-18,16:14:36
002923,润都股份,9.78,9.8,9.83,9.95,9.59,45108.0,44110000.0,32.75,25.24,-65.85,3.11,1.75,2412800,2098000.0,2026-06-18,16:14:39
002925,盈趣科技,21.63,21.85,21.83,22.02,21.03,242609.0,522960000.0,166.91,158.13,28.11,3.34,3.32,11386600,12874300.0,2026-06-18,16:14:27
002926,华西证券,7.95,8.18,8.18,8.18,7.91,172347.0,137830000.0,208.69,208.69,13.35,0.83,0.66,6892800,10341900.0,2026-06-18,16:14:30
002927,泰永长征,22.6,21.82,21.62,23.45,21.4,229040.0,516260000.0,50.44,49.88,-613.21,5.01,10.38,11152200,11751800.0,2026-06-18,16:14:42
002928,华夏航空,7.14,7.4,7.3,7.35,7.02,292630.0,209900000.0,91.27,91.27,13.46,2.29,2.29,11177800,18085200.0,2026-06-18,16:14:30
002929,润建股份,62.18,61.6,62.57,64.2,61.7,244789.0,1531840000.0,177.97,134.63,-946.14,2.81,11.31,11361000,13117900.0,2026-06-18,16:14:36
002930,宏川智慧,9.31,9.43,9.45,9.5,9.24,78242.0,73050000.0,42.59,40.34,-9.85,2.18,1.81,3435900,4388400.0,2026-06-18,16:14:45
002931,锋龙股份,74.81,76.02,76.88,83.62,74.5,267420.0,2085750000.0,163.46,150.56,911.73,17.13,13.29,14195100,12546900.0,2026-06-18,16:14:48
002932,*ST明德,14.9,14.87,14.8,14.96,14.72,13937.0,20730000.0,34.65,23.26,-262.96,0.63,0.89,729000,664700.0,2026-06-18,16:14:33
002933,新兴装备,29.23,28.7,28.69,30.12,28.42,23193.0,67880000.0,34.3,34.12,128.66,2.23,1.99,1253300,1066000.0,2026-06-18,16:14:39
002935,天奥电子,21.52,22.15,21.82,22.11,21.51,97820.0,212660000.0,91.27,89.33,138.05,5.72,2.36,4632500,5149500.0,2026-06-18,16:14:51
002936,郑州银行,1.71,1.75,1.74,1.75,1.71,711220.0,122610000.0,155.47,120.2,7.98,0.34,1.01,17362200,53759800.0,2026-06-18,16:14:54
002937,兴瑞科技,42.6,40.71,40.6,43.28,40.3,179256.0,757220000.0,132.56,132.21,94.27,9.27,5.78,8729200,9196400.0,2026-06-18,16:14:57
002938,鹏鼎控股,119.91,119.01,119.01,123.1,113.42,608720.0,7222030000.0,2778.96,2769.18,74.86,8.6,2.64,31103300,29768700.0,2026-06-18,16:15:00
002939,长城证券,8.22,8.41,8.42,8.46,8.19,237457.0,197000000.0,331.63,296.14,14.01,1.02,0.66,10062100,13683600.0,2026-06-18,16:14:36
002940,昂利康,28.52,27.91,27.78,29.22,27.54,159932.0,455910000.0,57.53,52.84,45.23,3.5,8.63,7642700,8350400.0,2026-06-18,16:14:33
002941,新疆交建,10.62,10.85,10.83,10.87,10.58,95843.0,102490000.0,77.5,77.5,16.7,1.65,1.31,3903400,5680900.0,2026-06-18,16:14:42
002942,新农股份,15.35,15.52,15.41,15.67,15.21,15205.0,23430000.0,23.87,21.3,23.91,1.97,1.1,711900,808600.0,2026-06-18,16:14:39
002943,宇晶股份,51.75,51.58,52.59,52.69,50.23,135137.0,699410000.0,138.09,97.73,415.65,15.96,7.16,6017100,7496600.0,2026-06-18,16:14:03
002945,华林证券,13.7,14.19,14.29,14.29,13.64,98058.0,135650000.0,369.9,369.9,74.43,5.03,0.36,4356200,5449600.0,2026-06-18,16:14:45
002946,新乳业,15.03,15.39,15.31,15.39,14.97,42267.0,63950000.0,129.36,127.86,16.49,3.7,0.5,1804000,2422700.0,2026-06-18,16:14:06
002947,恒铭达,90.5,90.95,90.7,96.5,90.47,122521.0,1145730000.0,231.87,179.46,40.32,7.46,6.18,5910000,6342100.0,2026-06-18,16:14:39
002948,青岛银行,5.53,5.77,5.75,5.76,5.52,443030.0,247540000.0,321.87,194.78,5.9,0.76,1.26,15355800,28947200.0,2026-06-18,16:14:36
002949,华阳国际,10.8,10.67,10.67,11.23,10.41,46311.0,50030000.0,21.17,16.4,22.87,1.48,3.05,2333100,2297900.0,2026-06-18,16:14:42
002950,奥美医疗,9.82,8.93,9.04,9.82,8.97,222880.0,210470000.0,62.19,42.19,22.92,1.68,5.19,11898300,10389800.0,2026-06-18,16:14:48
002951,金时科技,16.1,16.17,16.0,16.34,15.9,82837.0,133220000.0,65.2,64.58,-29.09,4.29,2.07,3431800,4851900.0,2026-06-18,16:14:42
002952,亚世光电,23.14,24.55,24.31,24.31,22.9,83858.0,195190000.0,38.03,30.46,250.93,4.36,6.37,3665400,4720400.0,2026-06-18,16:14:09
002953,日丰股份,9.6,9.72,9.66,9.75,9.48,40425.0,38680000.0,47.19,26.05,30.11,2.16,1.49,1845800,2196700.0,2026-06-18,16:14:12
002955,鸿合科技,34.77,33.84,33.32,35.09,33.32,81980.0,280410000.0,82.28,68.03,873.84,2.56,4.19,4594500,3603400.0,2026-06-18,16:14:51
002956,西麦食品,20.65,20.96,20.92,21.2,20.55,44697.0,93080000.0,64.54,64.53,29.53,4.04,1.43,2456600,2013200.0,2026-06-18,16:14:39
002957,科瑞技术,60.15,57.11,58.8,62.82,56.5,516839.0,3073320000.0,252.62,251.84,84.7,7.88,12.34,23718800,27965100.0,2026-06-18,16:14:42
002958,青农商行,2.82,2.86,2.85,2.86,2.8,450053.0,127110000.0,156.67,153.39,4.9,0.41,0.83,12712800,32292500.0,2026-06-18,16:14:54
002959,小熊电器,32.95,33.18,33.06,33.29,32.33,7592.0,24980000.0,51.35,49.6,15.0,1.79,0.5,460200,299000.0,2026-06-18,16:14:45
002960,青鸟智控,9.12,8.92,8.88,9.13,8.86,245589.0,221970000.0,96.1,88.3,30.47,1.56,2.54,11897600,12661300.0,2026-06-18,16:14:15
002961,瑞达期货,20.38,20.82,20.96,20.97,20.23,77129.0,158330000.0,97.2,97.2,14.52,2.43,1.62,3231900,4480900.0,2026-06-18,16:14:57
002962,五方光电,17.29,18.5,18.4,18.4,17.26,353284.0,619900000.0,50.43,36.17,167.61,2.89,16.89,16984400,18344000.0,2026-06-18,16:15:00
002963,豪尔赛,19.49,18.23,18.33,20.05,18.07,96995.0,188800000.0,29.31,23.97,-26.7,2.47,7.89,4892900,4806600.0,2026-06-18,16:14:45
002965,祥鑫科技,43.92,42.5,42.2,44.27,41.79,176280.0,760910000.0,116.56,83.63,224.07,2.78,9.26,9472700,8155300.0,2026-06-18,16:14:45
002966,苏州银行,7.73,8.0,8.01,8.02,7.71,600924.0,470630000.0,345.58,339.77,6.31,0.67,1.37,18194300,41898100.0,2026-06-18,16:14:48
002967,广电计量,19.56,18.48,18.45,20.0,18.36,173670.0,338250000.0,124.65,107.04,28.55,2.6,3.17,9731100,7635900.0,2026-06-18,16:14:03
002968,新大正,8.96,8.96,8.93,9.09,8.79,26048.0,23330000.0,20.27,19.09,21.31,1.63,1.22,1269500,1335300.0,2026-06-18,16:14:48
002969,嘉美包装,15.62,15.5,15.35,15.88,15.35,333444.0,521030000.0,171.59,170.69,121.72,5.27,3.05,16245000,17099400.0,2026-06-18,16:14:18
002970,锐明技术,66.45,68.32,68.81,68.88,65.78,54064.0,361070000.0,122.22,83.98,37.56,6.03,4.28,1979700,3426700.0,2026-06-18,16:14:51
002971,和远气体,67.38,61.25,60.85,67.38,59.19,294224.0,1881430000.0,141.92,105.38,266.88,7.91,18.81,15668300,13754100.0,2026-06-18,16:14:54
002972,科安达,16.72,16.56,16.51,17.27,16.39,204559.0,343600000.0,41.13,22.51,44.37,3.25,15.19,10466400,9989500.0,2026-06-18,16:14:48
002973,侨银股份,12.11,12.27,12.0,12.37,11.6,68475.0,81610000.0,49.49,38.47,32.74,1.91,2.16,3304300,3543200.0,2026-06-18,16:14:57
002975,博杰股份,136.8,142.57,140.85,149.6,130.0,248223.0,3437370000.0,284.72,187.9,122.26,12.1,18.07,11823800,12998500.0,2026-06-18,16:14:51
002976,瑞玛精密,28.37,28.67,29.35,29.61,28.01,128868.0,371730000.0,42.47,26.57,-225.57,2.95,13.76,6480400,6406500.0,2026-06-18,16:14:51
002977,*ST天箭,24.51,25.53,25.5,25.5,24.32,13186.0,32840000.0,29.44,16.34,-12.35,3.46,1.98,494800,823800.0,2026-06-18,16:14:54
002978,安宁股份,27.11,26.89,26.7,27.47,26.41,33076.0,89370000.0,127.96,100.11,19.91,1.46,0.9,1646500,1661100.0,2026-06-18,16:14:06
002979,雷赛智能,55.33,55.96,55.77,55.99,54.0,131475.0,724860000.0,174.27,122.7,72.11,9.34,5.93,6417600,6729900.0,2026-06-18,16:14:21
002980,华盛昌,131.35,125.55,126.01,135.95,126.0,108222.0,1412720000.0,248.78,133.04,320.36,22.04,10.68,5687600,5134600.0,2026-06-18,16:14:54
002981,朝阳科技,21.23,21.86,21.9,21.9,21.1,54610.0,116840000.0,29.19,25.35,58.99,2.81,4.57,2071400,3389700.0,2026-06-18,16:14:57
002982,湘佳股份,11.46,12.36,12.17,12.2,11.4,106282.0,124400000.0,23.29,14.91,165.61,1.45,8.17,4158000,6470200.0,2026-06-18,16:14:24
002983,芯瑞达,25.78,26.04,26.06,26.39,25.59,40472.0,104550000.0,57.52,33.04,52.35,4.16,3.16,1852800,2194400.0,2026-06-18,16:14:57
002984,森麒麟,14.39,14.83,14.83,14.93,14.35,111671.0,162260000.0,149.12,102.73,15.32,1.1,1.56,5235900,5931200.0,2026-06-18,16:14:09
002985,北摩高科,30.42,30.38,30.21,30.92,29.72,67882.0,206490000.0,100.95,100.67,47.29,3.72,2.05,3036900,3751200.0,2026-06-18,16:15:00
002986,宇新股份,11.29,11.54,11.56,11.59,11.06,65837.0,74230000.0,42.92,34.08,-32.05,1.13,2.18,3035000,3548700.0,2026-06-18,16:15:00
002987,京北方,11.2,11.48,11.42,11.48,11.0,168495.0,188440000.0,116.59,113.36,38.12,4.13,1.66,7664300,9185200.0,2026-06-18,16:14:03
002988,豪美新材,24.17,24.7,24.58,24.94,24.02,30927.0,75260000.0,60.38,60.38,51.7,2.24,1.24,1571300,1521400.0,2026-06-18,16:14:06
002989,中天精装,37.37,33.97,35.7,37.37,34.81,208502.0,761290000.0,75.34,68.51,-42.18,5.41,11.37,9948400,10901800.0,2026-06-18,16:14:03
002990,盛视科技,55.78,53.84,55.02,59.22,55.02,175966.0,1006020000.0,146.06,76.99,248.12,5.92,12.75,7864000,9732600.0,2026-06-18,16:14:09
002991,甘源食品,40.18,40.99,40.83,40.88,40.04,7536.0,30420000.0,37.45,20.06,16.87,2.22,1.51,387900,365700.0,2026-06-18,16:14:27
002992,宝明科技,45.92,46.75,46.5,47.58,45.6,39236.0,181600000.0,83.05,71.74,535.32,11.28,2.51,1381900,2541700.0,2026-06-18,16:14:06
002993,奥海科技,68.47,72.6,72.39,73.7,68.19,117529.0,824870000.0,189.0,163.26,54.9,4.03,4.93,4674000,7078900.0,2026-06-18,16:15:00
002995,天地在线,20.3,20.49,20.5,20.96,20.04,101020.0,206120000.0,36.02,22.82,-32.45,4.49,8.99,4858000,5243900.0,2026-06-18,16:14:12
002996,顺博合金,6.27,6.35,6.3,6.42,6.23,85386.0,53800000.0,41.97,26.1,18.17,1.3,2.05,3890100,4648400.0,2026-06-18,16:14:09
002997,瑞鹄模具,30.77,31.11,30.99,31.65,30.6,39475.0,122310000.0,64.41,64.41,16.06,2.56,1.89,1820400,2127100.0,2026-06-18,16:14:30
002998,优彩资源,7.05,7.2,7.15,7.2,7.04,103291.0,73390000.0,25.01,19.07,36.48,1.47,3.82,5370100,4959000.0,2026-06-18,16:14:12
002999,天禾股份,5.65,5.69,5.65,5.7,5.55,51933.0,29320000.0,19.64,19.41,36.38,1.63,1.51,2525800,2667500.0,2026-06-18,16:14:15
003000,劲仔食品,9.7,10.13,10.15,10.15,9.63,69730.0,68530000.0,43.74,29.88,17.75,3.26,2.26,2269900,4703100.0,2026-06-18,16:14:15
003001,中岩大地,14.23,14.31,14.3,14.49,13.92,41109.0,58260000.0,24.84,16.27,246.68,2.1,3.59,2116300,1994600.0,2026-06-18,16:14:03
003002,壶化股份,21.31,20.93,21.15,21.5,20.52,32124.0,67460000.0,42.62,38.96,25.89,2.82,1.76,1672500,1539900.0,2026-06-18,16:14:12
003003,天元股份,10.75,10.82,10.73,10.94,10.62,42441.0,45660000.0,19.0,12.66,31.88,1.44,3.6,2072200,2171900.0,2026-06-18,16:14:18
003004,声迅股份,69.14,66.27,67.61,70.5,65.25,61921.0,423190000.0,56.6,47.53,-6227.99,8.97,9.01,2908000,3284100.0,2026-06-18,16:14:21
003005,竞业达,14.24,14.22,14.16,14.35,13.85,19998.0,28320000.0,32.95,18.08,-376.4,1.85,1.57,1194100,805700.0,2026-06-18,16:14:33
003006,百亚股份,14.81,15.09,15.1,15.18,14.66,41078.0,60810000.0,63.63,63.47,28.78,4.53,0.96,1781300,2326500.0,2026-06-18,16:14:24
003007,直真科技,40.9,40.29,40.03,41.24,39.86,25189.0,102510000.0,48.91,29.69,207.82,3.22,3.47,1370600,1148300.0,2026-06-18,16:14:18
003008,开普检测,18.07,18.25,18.17,18.26,17.85,14628.0,26480000.0,18.79,14.04,23.81,1.85,1.88,600800,862000.0,2026-06-18,16:14:15
003009,中天火箭,60.28,62.1,61.0,61.5,58.16,87380.0,524170000.0,99.29,99.27,-124.69,4.93,5.31,4227600,4510300.0,2026-06-18,16:14:21
003010,若羽臣,23.68,23.86,23.7,24.19,23.57,36278.0,86320000.0,73.66,53.55,30.78,10.53,1.6,1718300,1909500.0,2026-06-18,16:14:27
003011,海象新材,20.68,19.01,18.79,20.79,18.11,97466.0,189000000.0,21.23,15.89,24.66,1.53,12.68,5112100,4634500.0,2026-06-18,16:14:30
003012,东鹏控股,4.66,4.73,4.65,4.7,4.57,99650.0,46280000.0,53.92,52.87,16.22,0.74,0.88,4673900,5291200.0,2026-06-18,16:14:18
003013,地铁设计,15.67,16.06,16.03,16.03,15.38,41851.0,65550000.0,72.2,62.67,15.02,2.14,1.05,1533200,2651900.0,2026-06-18,16:14:24
003015,日久光电,12.56,12.98,12.85,12.85,12.48,84999.0,107440000.0,35.3,31.06,40.64,3.2,3.44,3418600,5081300.0,2026-06-18,16:14:06
003016,欣贺股份,6.61,6.65,6.62,6.7,6.52,35717.0,23680000.0,27.8,27.16,93.27,1.03,0.87,1745800,1825900.0,2026-06-18,16:14:21
003017,大洋生物,26.0,26.31,26.21,26.42,25.88,12798.0,33380000.0,21.84,18.01,21.54,1.87,1.85,540900,738900.0,2026-06-18,16:14:27
003018,金富科技,65.92,61.9,62.3,68.09,61.91,181808.0,1188490000.0,171.39,156.49,178.62,10.57,7.66,9143300,9037500.0,2026-06-18,16:14:24
003019,宸展光电,32.95,35.02,34.51,35.21,32.8,112648.0,379790000.0,58.31,56.36,33.86,3.57,6.59,4918300,6346500.0,2026-06-18,16:14:33
003020,立方制药,15.35,15.12,15.08,15.75,15.02,27760.0,42670000.0,35.03,25.87,21.59,1.96,1.65,1355900,1420100.0,2026-06-18,16:14:36
003021,兆威机电,98.23,96.75,95.92,99.49,95.36,52567.0,514990000.0,262.83,203.72,109.27,5.22,2.53,2690600,2566100.0,2026-06-18,16:14:36
003022,联泓新科,28.19,28.3,28.3,28.59,27.81,254364.0,715630000.0,376.5,376.18,99.33,5.02,1.91,11652200,13784200.0,2026-06-18,16:14:09
003023,彩虹集团,21.82,21.8,21.58,22.05,21.36,26076.0,56620000.0,22.99,22.94,44.54,1.48,2.48,1419000,1188600.0,2026-06-18,16:14:12
003025,思进智能,17.0,16.6,16.6,17.23,16.3,181501.0,302370000.0,48.27,38.49,31.48,3.88,8.02,8970700,9179400.0,2026-06-18,16:14:15
003026,中晶科技,37.86,36.52,35.87,40.1,35.22,302934.0,1129870000.0,71.09,54.73,142.59,10.85,20.96,14558100,15735300.0,2026-06-18,16:14:39
003027,同兴科技,18.94,19.69,19.62,19.62,18.92,32477.0,62270000.0,24.76,19.86,35.0,1.46,3.1,1508300,1739400.0,2026-06-18,16:14:27
003028,振邦智能,24.55,24.85,24.95,24.95,24.3,9670.0,23760000.0,35.53,17.32,72.1,2.06,1.37,465600,501400.0,2026-06-18,16:14:30
003029,吉大正元,17.28,17.4,17.27,17.56,17.01,22057.0,38190000.0,33.46,30.43,-34.46,3.27,1.25,1280700,925000.0,2026-06-18,16:14:39
003030,祖名股份,22.91,22.92,22.8,23.13,22.01,34173.0,77010000.0,28.59,18.55,102.59,2.9,4.22,1710200,1707100.0,2026-06-18,16:14:42
003031,中瓷电子,176.29,160.26,160.58,176.29,160.5,158478.0,2693470000.0,795.16,599.66,125.6,12.4,4.66,7621100,8226700.0,2026-06-18,16:14:30
003032,传智教育,6.11,6.23,6.3,6.3,6.07,93029.0,57270000.0,24.59,17.38,-29.4,2.1,3.27,3003700,6299200.0,2026-06-18,16:14:33
003033,征和工业,52.44,51.5,51.47,52.95,50.81,13567.0,70510000.0,42.87,42.34,27.8,3.09,1.68,779000,577700.0,2026-06-18,16:14:18
003035,南网能源,6.09,6.22,6.21,6.26,6.04,398150.0,243570000.0,230.68,230.68,67.7,3.28,1.05,17008200,22806700.0,2026-06-18,16:14:33
003036,泰坦股份,98.8,104.79,97.0,103.28,94.36,147488.0,1434880000.0,213.7,213.69,437.19,15.2,6.82,6678300,8070500.0,2026-06-18,16:14:36
003037,三和管桩,5.88,6.05,6.01,6.06,5.83,59436.0,35160000.0,35.23,35.23,101.53,1.27,0.99,2944700,2998900.0,2026-06-18,16:14:45
003038,鑫铂股份,11.96,12.12,12.1,12.22,11.81,40408.0,48550000.0,29.14,19.61,-12.4,1.04,2.46,2380500,1660300.0,2026-06-18,16:14:42
003039,顺控发展,12.18,12.3,12.29,12.29,12.02,28072.0,34030000.0,75.21,75.21,23.76,2.53,0.45,1367400,1439800.0,2026-06-18,16:14:21
003040,楚天龙,11.73,12.08,11.89,12.03,11.66,78835.0,92880000.0,54.09,53.59,-230.19,3.77,1.73,3723300,4160300.0,2026-06-18,16:14:36
003041,真爱美家,45.38,45.45,45.4,46.55,44.62,25428.0,116410000.0,65.35,62.09,212.84,4.44,1.86,1262600,1280200.0,2026-06-18,16:14:48
003042,中农联合,13.02,13.1,13.01,13.17,12.8,35010.0,45430000.0,18.55,16.05,-13.38,1.52,2.84,2000300,1500600.0,2026-06-18,16:14:39
003043,华亚智能,82.21,80.99,79.83,83.41,79.3,64200.0,523960000.0,110.02,68.92,146.29,6.35,7.66,3073800,3346200.0,2026-06-18,16:14:39
003816,中国广核,4.08,4.19,4.18,4.22,4.06,1408846.0,580690000.0,2060.35,1604.87,21.73,1.64,0.36,49498100,91386600.0,2026-06-18,16:14:42
300001,特锐德,40.21,38.82,38.41,41.6,37.9,406763.0,1622290000.0,424.43,412.89,33.95,5.03,3.96,20463600,20212800.0,2026-06-18,16:14:15
300002,神州泰岳,7.28,7.33,7.33,7.42,7.19,380945.0,278880000.0,143.21,134.45,19.51,1.86,2.06,17905800,20188700.0,2026-06-18,16:14:00
300003,乐普医疗,11.82,11.7,11.75,12.03,11.71,233638.0,277630000.0,217.89,186.63,26.24,1.33,1.48,11324500,12039300.0,2026-06-18,16:14:18
300004,南风股份,12.3,12.1,12.02,12.69,11.94,171887.0,212480000.0,59.04,59.04,618.28,3.33,3.58,8986500,8202200.0,2026-06-18,16:14:21
300005,探路者,17.06,17.39,17.4,17.55,16.59,489606.0,837560000.0,150.76,149.54,175.08,6.99,5.59,23176100,25784500.0,2026-06-18,16:14:51
300006,莱美药业,4.92,4.97,4.95,5.08,4.81,194324.0,96340000.0,51.95,51.95,-38.22,2.98,1.84,9341700,10090800.0,2026-06-18,16:14:00
300007,汉威科技,39.93,39.05,38.72,40.16,38.26,139407.0,551650000.0,130.75,112.98,78.47,4.45,4.93,7846700,6094100.0,2026-06-18,16:14:03
300008,天海防务,6.65,6.89,6.83,6.83,6.64,532566.0,356830000.0,114.91,109.54,33.55,4.59,3.23,19580700,33675900.0,2026-06-18,16:14:15
300009,安科生物,7.67,7.66,7.63,7.79,7.53,127634.0,98060000.0,128.14,94.36,18.47,2.96,1.04,6743000,6020400.0,2026-06-18,16:14:18
300010,ST豆神,2.44,2.5,2.48,2.55,2.44,375250.0,93330000.0,50.43,40.59,-211.8,2.91,2.26,15353800,22171200.0,2026-06-18,16:14:54
300011,鼎汉技术,5.96,6.29,6.26,6.48,5.95,178590.0,110440000.0,36.09,30.23,-236.53,2.39,3.52,7671900,10187100.0,2026-06-18,16:14:24
300012,华测检测,14.38,13.9,13.97,14.48,13.81,310517.0,443730000.0,241.99,205.81,22.86,3.17,2.17,15862500,15189200.0,2026-06-18,16:14:03
300013,新宁物流,4.11,3.91,3.9,4.15,3.81,391660.0,157710000.0,22.95,18.33,-85.62,12.77,8.78,21171500,17994600.0,2026-06-18,16:14:27
300014,亿纬锂能,66.66,67.54,66.63,68.8,65.64,1076571.0,7197440000.0,1448.72,1408.18,32.34,3.36,5.1,49203200,58453900.0,2026-06-18,16:14:06
300015,爱尔眼科,8.27,8.3,8.26,8.38,8.22,658668.0,546070000.0,771.21,657.91,22.88,3.35,0.83,28858700,37008100.0,2026-06-18,16:14:09
300016,北陆药业,7.66,7.55,7.52,7.77,7.49,117063.0,89440000.0,44.56,43.06,36.17,1.81,2.08,6366000,5340300.0,2026-06-18,16:14:21
300017,网宿科技,14.88,14.38,14.47,15.09,14.23,1580212.0,2329670000.0,371.36,348.41,50.98,3.67,6.75,88420500,69600700.0,2026-06-18,16:14:57
300018,中元股份,12.54,12.3,12.33,12.65,12.15,149945.0,185960000.0,61.28,45.65,43.11,4.37,4.12,7699200,7295200.0,2026-06-18,16:14:12
300019,硅宝科技,18.1,18.86,18.5,18.6,18.04,124826.0,228380000.0,71.15,66.72,28.06,2.7,3.39,4927800,7554800.0,2026-06-18,16:14:30
300020,ST银江,3.3,3.36,3.35,3.36,3.29,71945.0,23870000.0,26.22,25.3,-1.46,1.96,0.94,3078700,4115800.0,2026-06-18,16:14:24
300021,大禹节水,3.68,3.71,3.68,3.71,3.62,79993.0,29370000.0,37.62,32.14,74.65,1.43,0.92,3518900,4480400.0,2026-06-18,16:14:27
300022,吉峰科技,7.44,7.53,7.54,7.56,7.33,101029.0,74970000.0,36.77,36.77,-117.27,7.19,2.04,4817300,5285600.0,2026-06-18,16:14:06
300024,机器人,17.85,17.17,17.6,18.11,17.36,1140033.0,2029190000.0,279.46,279.39,-63.5,6.91,7.28,65062900,48940400.0,2026-06-18,16:14:09
300025,华星创业,4.52,4.54,4.51,4.61,4.45,116416.0,52770000.0,23.0,22.9,-16.86,5.39,2.3,5940100,5701500.0,2026-06-18,16:14:30
300026,红日药业,3.02,3.01,3.01,3.05,2.99,215290.0,65150000.0,90.73,90.64,379.92,1.06,0.72,10584200,10944700.0,2026-06-18,16:14:12
300027,ST华谊,1.75,1.78,1.77,1.78,1.74,421993.0,74190000.0,48.55,44.91,-12.7,-423.65,1.64,15630900,26568400.0,2026-06-18,16:14:15
300029,天龙退,0.2,2.77,0.2,0.25,0.18,870826.0,17550000.0,0.4,0.4,-2.1,-1.16,43.46,34248500,52834100.0,2026-06-18,16:14:15
300030,阳普医疗,6.22,6.23,6.19,6.33,6.12,64157.0,40010000.0,19.23,16.93,67.71,3.0,2.36,3174800,3240900.0,2026-06-18,16:14:33
300031,宝通科技,30.62,28.16,28.31,31.6,27.6,575053.0,1721760000.0,128.22,107.75,48.75,3.14,16.34,31502600,26002700.0,2026-06-18,16:14:00
300032,金龙机电,4.06,4.17,4.14,4.18,4.04,195054.0,79890000.0,32.61,32.61,-108.96,5.04,2.43,8002800,11502600.0,2026-06-18,16:14:33
300033,同花顺,214.69,217.35,217.4,219.0,212.58,132922.0,2864370000.0,1615.84,941.22,48.37,23.12,3.03,6658900,6633300.0,2026-06-18,16:14:36
300034,钢研高纳,18.7,18.09,18.03,18.96,17.88,200985.0,373800000.0,149.03,143.44,149.35,3.9,2.62,11194400,8904200.0,2026-06-18,16:14:18
300035,中科电气,17.37,17.68,17.58,17.92,17.3,182840.0,320720000.0,119.06,101.33,29.75,2.45,3.13,7339600,10944500.0,2026-06-18,16:14:03
300036,超图软件,12.12,12.5,12.43,12.61,12.11,154151.0,189490000.0,59.72,53.94,123.43,2.28,3.46,6555800,8859300.0,2026-06-18,16:14:39
300037,新宙邦,83.29,86.02,85.66,85.8,80.76,470278.0,3904360000.0,627.91,450.45,46.58,5.91,8.7,20373200,26654500.0,2026-06-18,16:14:36
300039,上海凯宝,4.26,4.38,4.35,4.36,4.25,135563.0,58170000.0,44.56,39.06,17.19,0.97,1.48,5676300,7880000.0,2026-06-18,16:14:39
300040,九洲集团,6.4,6.89,6.79,6.82,6.36,641966.0,417290000.0,41.18,33.11,93.85,1.58,12.41,22975500,41221100.0,2026-06-18,16:14:21
300041,回天新材,14.5,14.57,14.42,14.68,14.26,457780.0,659780000.0,81.12,78.89,36.4,2.68,8.41,20172800,25605200.0,2026-06-18,16:14:06
300042,朗科科技,70.35,67.47,67.01,72.22,67.01,320141.0,2238650000.0,140.98,140.97,115.8,12.57,15.98,16658700,15355400.0,2026-06-18,16:14:09
300043,星辉娱乐,4.24,4.21,4.19,4.28,4.13,274401.0,115990000.0,52.75,52.73,13.16,2.95,2.21,14312000,13128100.0,2026-06-18,16:14:42
300044,*ST赛为,5.45,5.48,5.41,5.54,5.41,104870.0,57330000.0,41.63,38.99,-3.31,-3.64,1.47,4647100,5839900.0,2026-06-18,16:14:18
300045,华力创通,18.25,18.41,18.18,18.56,17.88,184746.0,336840000.0,120.94,94.23,-189.53,7.97,3.58,9311700,9162900.0,2026-06-18,16:14:45
300046,台基股份,30.87,31.0,31.0,31.3,30.55,81655.0,252580000.0,73.02,73.02,159.93,6.35,3.45,4065000,4100500.0,2026-06-18,16:14:21
300047,天源迪科,9.89,9.91,9.86,10.04,9.78,124107.0,123040000.0,63.07,56.76,191.17,1.91,2.16,5715100,6695600.0,2026-06-18,16:14:12
300048,合康新能,5.07,5.13,5.1,5.15,5.01,139541.0,70810000.0,57.41,57.3,257.72,3.13,1.23,7093300,6860800.0,2026-06-18,16:14:48
300049,福瑞医科,40.25,41.07,41.0,41.82,40.19,63481.0,259710000.0,106.26,94.02,67.57,5.41,2.72,2894400,3453700.0,2026-06-18,16:14:42
300050,世纪鼎利,6.74,6.9,6.9,6.99,6.7,242313.0,165180000.0,36.72,36.7,219.62,8.9,4.45,10542100,13689200.0,2026-06-18,16:14:51
300051,琏升科技,9.34,9.81,9.73,9.73,9.3,219696.0,207690000.0,34.75,34.32,-27.0,36.36,5.98,10168500,11801100.0,2026-06-18,16:14:15
300052,中青宝,11.88,12.37,12.28,12.52,11.88,192768.0,235260000.0,31.11,31.11,-53.92,9.03,7.36,7732900,11543900.0,2026-06-18,16:14:18
300053,航宇微,16.42,16.65,16.36,16.65,16.0,282318.0,461820000.0,114.43,106.86,-31.68,8.09,4.34,13952800,14279000.0,2026-06-18,16:14:24
300054,鼎龙股份,92.18,91.13,90.6,92.69,89.57,492734.0,4492990000.0,878.34,684.84,105.8,16.37,6.63,23745300,25528100.0,2026-06-18,16:14:24
300055,万邦达,7.61,7.57,7.6,7.78,7.41,193073.0,146540000.0,63.68,48.16,-26.68,1.3,3.05,10317000,8990300.0,2026-06-18,16:14:27
300056,中创环保,8.27,8.1,8.09,8.48,7.92,313293.0,256480000.0,31.88,31.86,-29.2,44.48,8.13,15795400,15533900.0,2026-06-18,16:14:54
300057,万顺新材,9.33,9.22,9.14,9.37,8.98,801129.0,738020000.0,93.63,77.53,-60.07,1.83,9.64,39647900,40465000.0,2026-06-18,16:14:27
300058,蓝色光标,15.25,14.95,14.85,15.6,14.65,3162565.0,4815110000.0,547.51,530.38,214.48,6.87,9.09,169303100,146953500.0,2026-06-18,16:14:21
300059,东方财富,18.6,19.04,18.95,19.12,18.53,3296850.0,6180620000.0,2942.93,2483.71,22.45,3.07,2.47,137220200,192464700.0,2026-06-18,16:14:30
300061,旗天科技,7.49,7.65,7.69,7.69,7.46,177961.0,134320000.0,49.36,46.6,-65.18,10.64,2.86,7264500,10531600.0,2026-06-18,16:14:57
300062,中能电气,6.08,6.2,6.2,6.2,6.01,156171.0,95220000.0,38.3,27.87,-49.54,2.49,3.41,6446700,9170400.0,2026-06-18,16:14:30
300063,天龙集团,9.45,9.42,9.39,9.63,9.23,285292.0,270510000.0,71.68,59.21,61.5,4.06,4.55,14372400,14156800.0,2026-06-18,16:14:00
300065,海兰信,18.8,19.06,18.81,19.15,18.53,325612.0,614390000.0,135.65,123.45,1893.65,7.72,4.96,15596300,16964900.0,2026-06-18,16:14:33
300066,三川智慧,6.95,6.38,6.21,6.97,6.18,1332566.0,897230000.0,72.28,69.37,51.35,2.81,13.35,78010900,55245700.0,2026-06-18,16:14:24
300067,安诺其,5.59,5.56,5.52,5.73,5.42,554585.0,309500000.0,64.53,52.39,-147.54,2.59,5.92,25929300,29529200.0,2026-06-18,16:14:27
300068,ST南都,4.15,4.39,4.3,4.53,4.14,807962.0,346220000.0,37.28,35.43,-1.39,3.39,9.46,31113500,49682700.0,2026-06-18,16:14:30
300069,金利华电,33.98,35.94,35.8,35.8,33.6,135240.0,461930000.0,39.76,39.76,-2624.69,14.57,11.56,6577600,6946400.0,2026-06-18,16:14:36
300070,碧水源,3.37,3.42,3.41,3.45,3.35,308503.0,104600000.0,122.14,115.75,198.81,0.45,0.9,13151900,17698400.0,2026-06-18,16:14:39
300071,福石控股,3.8,3.79,3.8,3.83,3.66,264321.0,99860000.0,36.63,35.92,-32.25,22.75,2.8,13412300,13019800.0,2026-06-18,16:14:45
300072,海新能科,3.42,3.48,3.45,3.45,3.38,300737.0,102710000.0,80.36,79.73,-14.11,1.54,1.29,14180900,15892700.0,2026-06-18,16:14:03
300073,当升科技,51.79,52.45,52.15,52.8,51.36,120690.0,627980000.0,281.89,262.04,35.3,1.9,2.39,5681300,6387700.0,2026-06-18,16:14:06
300074,华平股份,3.72,3.71,3.7,3.77,3.61,203892.0,75710000.0,20.47,20.45,-11.86,2.4,3.71,10968600,9420600.0,2026-06-18,16:14:33
300075,数字政通,11.25,11.38,11.29,11.55,11.16,96834.0,109830000.0,69.88,57.99,-18.63,2.2,1.88,4934200,4749100.0,2026-06-18,16:14:42
300076,*ST宁视,4.73,4.82,4.83,4.96,4.59,122371.0,58530000.0,20.06,20.06,-24.91,2.39,2.89,4885800,7351300.0,2026-06-18,16:14:09
300077,国民技术,23.33,23.15,23.2,23.77,22.83,387657.0,907630000.0,158.21,132.12,-144.1,9.08,6.85,19070200,19695500.0,2026-06-18,16:14:12
300078,思创智联,3.18,3.15,3.16,3.19,3.09,201319.0,63520000.0,35.55,35.41,-62.63,7.05,1.81,10651900,9480000.0,2026-06-18,16:14:48
300079,数码视讯,4.51,4.57,4.55,4.61,4.47,246191.0,111790000.0,64.31,57.79,180.12,1.56,1.92,10983500,13635600.0,2026-06-18,16:14:33
300080,易成新能,3.78,3.88,3.86,3.87,3.73,166433.0,62960000.0,70.81,70.72,-9.46,1.65,0.89,7135300,9508000.0,2026-06-18,16:14:15
300081,ST恒信,3.92,4.0,4.03,4.07,3.92,92373.0,36560000.0,23.71,23.7,-6.25,3.01,1.53,2309600,6927700.0,2026-06-18,16:14:51
300082,奥克股份,9.32,9.76,9.71,9.84,9.23,183349.0,173790000.0,63.39,63.22,521.87,2.31,2.7,7996700,10338200.0,2026-06-18,16:14:36
300083,创世纪,11.7,11.24,11.2,11.91,11.14,1131665.0,1321900000.0,194.79,174.58,166.28,3.67,7.58,61755200,51411300.0,2026-06-18,16:14:39
300084,海默科技,11.8,11.78,11.62,11.88,11.51,114235.0,133940000.0,64.75,42.09,-193.22,4.44,3.2,5973500,5450000.0,2026-06-18,16:14:18
300085,银之杰,26.96,27.88,27.61,27.73,26.83,323292.0,877710000.0,190.51,175.78,-147.84,45.39,4.96,13826700,18502500.0,2026-06-18,16:14:36
300086,康芝药业,6.05,6.08,6.05,6.18,5.97,116451.0,70850000.0,27.54,26.66,-11.86,3.1,2.64,5951400,5693700.0,2026-06-18,16:14:54
300087,荃银高科,6.81,6.86,6.81,6.92,6.72,95225.0,64780000.0,64.51,61.45,-31.86,3.8,1.06,4420100,5102400.0,2026-06-18,16:14:39
300088,长信科技,10.37,10.57,10.5,10.97,9.77,6447791.0,6712170000.0,259.01,257.75,150.75,3.03,25.94,322886800,321892400.0,2026-06-18,16:14:42
300091,*ST金灵,2.69,2.65,2.68,2.76,2.67,124519.0,33850000.0,76.45,43.99,-3.55,5.89,0.76,6368700,6083200.0,2026-06-18,16:14:45
300092,科新机电,12.8,12.77,12.73,12.9,12.46,33145.0,42220000.0,35.06,26.86,84.91,2.15,1.58,1698400,1616100.0,2026-06-18,16:14:42
300093,金刚光伏,23.15,24.15,24.15,24.25,22.94,95301.0,222550000.0,125.01,53.47,47.06,6.43,4.13,3749700,5780400.0,2026-06-18,16:14:48
300094,国联水产,2.65,2.73,2.7,2.7,2.63,259282.0,69020000.0,29.9,29.3,-1.83,31.47,2.35,11510900,14417300.0,2026-06-18,16:14:45
300095,华伍股份,8.87,8.81,8.75,8.96,8.63,79715.0,70300000.0,34.99,28.18,-17.39,2.77,2.51,3934200,4037300.0,2026-06-18,16:14:21
300096,ST易联众,9.8,9.8,9.97,9.97,9.61,69746.0,68300000.0,42.14,42.14,88.26,12.64,1.62,2926900,4047700.0,2026-06-18,16:14:24
300097,智云股份,9.51,9.79,9.8,9.8,9.35,113936.0,109070000.0,27.44,25.68,-10.39,13.86,4.22,4870000,6523600.0,2026-06-18,16:14:51
300098,高新兴,4.96,4.98,4.96,5.02,4.92,321884.0,160050000.0,86.19,76.47,-1199.38,3.26,2.09,14903700,17284700.0,2026-06-18,16:14:48
300099,尤洛卡,7.3,8.18,7.83,7.96,7.2,667370.0,497710000.0,53.82,42.44,29.23,2.34,11.48,25528600,41208400.0,2026-06-18,16:14:27
300100,双林股份,31.69,28.33,28.29,32.42,28.02,295757.0,898750000.0,181.26,174.66,42.32,5.56,5.37,18163400,11412200.0,2026-06-18,16:14:51
300101,振芯科技,16.19,16.28,16.17,16.53,16.01,84785.0,138000000.0,91.94,91.63,586.3,5.22,1.5,4139000,4339500.0,2026-06-18,16:14:45
300102,乾照光电,24.62,24.81,24.54,24.9,24.07,337672.0,828050000.0,226.59,225.5,194.52,5.26,3.69,16278100,17489100.0,2026-06-18,16:14:54
300103,达刚控股,8.65,8.24,8.19,8.9,8.05,155522.0,132050000.0,27.47,27.45,-48.3,6.12,4.9,9267900,6284200.0,2026-06-18,16:14:48
300105,龙源技术,7.02,7.17,7.01,7.1,6.89,260054.0,182350000.0,36.21,36.19,-55.87,2.02,5.04,10448700,15556600.0,2026-06-18,16:14:51
300106,西部牧业,11.08,11.44,11.29,11.41,10.96,72951.0,80880000.0,23.42,23.42,-65.23,6.21,3.45,3486600,3808500.0,2026-06-18,16:14:54
300107,建新股份,5.97,6.16,6.18,6.21,5.95,77967.0,46750000.0,33.6,20.74,-147.51,2.27,2.24,3182600,4614100.0,2026-06-18,16:14:57
300108,*ST吉药,0.21,0.21,0.0,0.0,0.0,0.0,0.0,1.4,1.37,-0.32,-0.17,0.0,0,0.0,2026-06-18,09:10:00
300109,新开源,18.62,17.43,17.32,18.9,17.31,180833.0,332950000.0,90.01,83.28,51.6,2.43,4.04,10652200,7431000.0,2026-06-18,16:14:57
300110,华仁药业,2.59,2.57,2.56,2.61,2.52,165731.0,42730000.0,30.62,30.59,-6.61,3.59,1.4,9296800,7276300.0,2026-06-18,16:14:57
300111,向日葵,3.08,3.08,3.08,3.13,3.04,229495.0,70640000.0,39.65,39.65,-418.7,5.86,1.78,10625500,12324000.0,2026-06-18,16:14:30
300112,万讯自控,6.58,6.63,6.54,6.68,6.42,71799.0,47160000.0,18.95,15.63,-28.24,2.07,3.02,4101000,3078900.0,2026-06-18,16:14:33
300113,顺网科技,20.18,19.9,19.88,20.48,19.64,261652.0,528590000.0,136.05,102.72,32.04,5.58,5.14,12829400,13335700.0,2026-06-18,16:14:36
300115,长盈精密,31.19,30.7,30.51,31.78,30.5,431327.0,1350320000.0,424.6,423.35,77.48,5.0,3.18,22902100,20230700.0,2026-06-18,16:14:00
300117,*ST嘉寓,0.43,0.43,0.0,0.0,0.0,0.0,0.0,3.08,3.08,-0.76,-0.16,0.0,0,0.0,2026-06-18,09:10:00
300118,东方日升,13.31,13.75,13.6,13.65,13.29,473895.0,636550000.0,151.74,123.36,-5.19,1.83,5.11,21973300,25416200.0,2026-06-18,16:14:00
300119,瑞普生物,15.2,15.3,15.3,15.43,15.07,18677.0,28450000.0,70.64,50.71,18.01,1.53,0.56,930600,937100.0,2026-06-18,16:14:03
300120,经纬辉开,8.51,9.35,9.23,9.23,8.48,771564.0,674660000.0,48.88,44.89,-9.9,1.95,14.63,29984900,47171500.0,2026-06-18,16:14:54
300121,阳谷华泰,11.97,12.55,12.28,12.48,11.91,196484.0,237950000.0,53.29,51.39,27.36,1.5,4.58,8370500,11277900.0,2026-06-18,16:14:57
300122,智飞生物,12.21,12.61,12.6,12.69,12.2,254335.0,315120000.0,292.28,172.69,-1.98,1.89,1.8,11044100,14389300.0,2026-06-18,16:14:39
300123,ST亚光,4.06,4.17,4.13,4.18,4.05,288724.0,118300000.0,41.49,40.36,-3.37,13.29,2.9,10584800,18287600.0,2026-06-18,16:14:00
300124,汇川技术,71.18,69.75,69.58,72.36,69.25,390188.0,2763090000.0,1927.27,1715.66,40.65,5.5,1.62,19913100,19105700.0,2026-06-18,16:14:00
300125,*ST聆达,9.94,9.6,9.6,10.08,9.43,63150.0,61710000.0,66.19,35.86,169.1,6.34,1.75,3765300,2549700.0,2026-06-18,16:14:03
300126,锐奇股份,6.14,6.24,6.16,6.25,6.0,72428.0,44680000.0,18.66,12.93,-28.94,1.88,3.44,3655000,3587800.0,2026-06-18,16:14:06
300127,银河磁体,30.16,29.23,29.03,30.58,28.86,102008.0,306210000.0,97.46,69.61,50.74,6.77,4.42,5037700,5163100.0,2026-06-18,16:14:03
300128,锦富技术,6.18,6.13,6.09,6.52,6.05,616845.0,387220000.0,80.29,80.18,-24.13,19.04,4.75,30858200,30826300.0,2026-06-18,16:14:09
300129,泰胜风能,9.21,9.34,9.26,9.47,9.18,143472.0,133440000.0,102.13,66.19,55.78,1.77,2.0,6745200,7602000.0,2026-06-18,16:14:42
300130,新国都,20.73,21.7,21.55,22.05,20.66,220168.0,468040000.0,117.6,90.0,28.06,2.6,5.07,7421900,14594900.0,2026-06-18,16:14:06
300131,英唐智控,18.86,18.79,18.75,19.17,18.25,703033.0,1320280000.0,214.06,196.57,1637.12,12.4,6.75,33285400,37017800.0,2026-06-18,16:14:03
300132,青松股份,5.99,6.06,6.08,6.1,5.93,131578.0,79150000.0,30.94,30.43,17.86,2.1,2.59,6500800,6656900.0,2026-06-18,16:14:45
300133,华策影视,7.36,7.23,7.31,7.48,7.25,816806.0,601580000.0,138.98,123.38,77.09,1.89,4.87,41207600,40473000.0,2026-06-18,16:14:09
300134,大富科技,10.02,10.07,10.03,10.22,9.9,98163.0,98830000.0,76.9,76.9,-28.75,2.1,1.28,4955300,4861000.0,2026-06-18,16:14:06
300135,宝利国际,3.19,3.25,3.26,3.27,3.15,195685.0,62460000.0,29.4,29.4,-31.64,3.4,2.12,9117600,10450900.0,2026-06-18,16:14:12
300136,信维通信,107.45,105.56,102.5,110.8,101.58,1219061.0,12991000000.0,1039.65,886.68,141.24,13.04,14.77,64298900,57607200.0,2026-06-18,16:14:09
300137,先河环保,17.57,16.92,17.01,17.73,16.93,218135.0,379100000.0,94.28,93.13,3410.47,5.75,4.12,12471600,9341900.0,2026-06-18,16:14:48
300138,晨光生物,9.71,9.78,9.72,9.88,9.65,39312.0,38310000.0,46.91,38.68,13.17,1.41,0.99,1933800,1997400.0,2026-06-18,16:14:12
300139,晓程科技,42.78,43.86,43.5,44.3,42.32,238006.0,1026160000.0,117.22,99.96,63.25,9.84,10.19,12125200,11675400.0,2026-06-18,16:14:15
300140,节能环境,5.25,5.4,5.4,5.4,5.22,131929.0,69750000.0,162.7,53.56,17.88,1.15,1.29,5355200,7837700.0,2026-06-18,16:14:18
300141,和顺电气,10.22,10.41,10.28,10.43,10.18,45837.0,47140000.0,26.35,26.02,-65.32,4.25,1.8,2443200,2140500.0,2026-06-18,16:14:21
300142,沃森生物,12.44,12.01,11.99,12.56,11.93,685525.0,846460000.0,198.96,196.17,69.62,2.69,4.35,36466700,32085800.0,2026-06-18,16:14:51
300143,盈康生命,6.97,6.94,6.89,7.06,6.88,88340.0,61700000.0,67.81,58.1,105.45,2.69,1.06,4300800,4533100.0,2026-06-18,16:14:54
300144,宋城演艺,6.09,6.14,6.13,6.16,6.05,251325.0,153170000.0,159.84,158.18,20.49,2.23,0.97,11745200,13387300.0,2026-06-18,16:14:15
300145,南方泵业,5.64,5.55,5.54,5.84,5.4,2033879.0,1143570000.0,108.3,107.77,43.24,3.76,10.64,105834200,97553800.0,2026-06-18,16:14:24
300146,汤臣倍健,9.82,9.69,9.69,9.87,9.57,114780.0,112190000.0,166.12,110.05,22.78,1.54,1.02,5591000,5887000.0,2026-06-18,16:14:12
300147,*ST香雪,9.9,9.08,9.12,10.0,9.04,141540.0,133000000.0,65.47,65.08,-4.62,-13.89,2.15,8291100,5863000.0,2026-06-18,16:14:27
300148,天舟文化,3.24,3.25,3.25,3.28,3.18,169095.0,54800000.0,27.32,26.38,51.04,2.65,2.08,9038800,7870800.0,2026-06-18,16:14:18
300149,睿智医药,7.65,7.55,7.55,7.77,7.46,113673.0,86970000.0,38.09,36.3,-334.56,2.97,2.4,6628100,4739200.0,2026-06-18,16:14:30
300150,世纪瑞尔,4.14,4.12,4.1,4.17,4.01,90444.0,37260000.0,24.22,19.2,63.64,1.54,1.95,4852600,4191900.0,2026-06-18,16:14:33
300151,昌红科技,22.77,23.58,23.48,23.51,22.5,208294.0,476180000.0,121.25,83.94,190.04,7.89,5.65,9922400,10907100.0,2026-06-18,16:14:21
300152,*ST动力,1.7,1.77,1.74,1.76,1.7,176690.0,30450000.0,12.12,12.12,-37.71,5.73,2.48,6079800,11589200.0,2026-06-18,16:14:57
300153,科泰电源,25.55,25.29,25.23,25.6,25.05,81541.0,207320000.0,81.76,81.33,142.38,8.94,2.56,3932300,4221800.0,2026-06-18,16:14:15
300154,瑞凌股份,9.04,9.23,9.15,9.31,9.04,72768.0,66440000.0,40.64,28.49,46.16,2.38,2.31,3753300,3523500.0,2026-06-18,16:14:06
300155,安居宝,4.28,4.19,4.16,4.37,4.1,144025.0,61280000.0,24.02,14.1,-43.95,2.01,4.37,7982000,6420500.0,2026-06-18,16:14:18
300157,新锦动力,4.05,4.06,4.06,4.09,3.95,289684.0,116810000.0,30.53,28.67,-45.3,-14.83,4.09,13474500,15493900.0,2026-06-18,16:14:36
300158,振东制药,4.81,4.79,4.81,4.89,4.67,90827.0,43470000.0,47.73,47.69,-15.74,1.43,0.92,4382800,4699900.0,2026-06-18,16:14:09
300159,*ST新研,4.12,4.12,0.0,0.0,0.0,0.0,0.0,135.57,75.9,95.64,4.85,0.0,0,0.0,2026-06-18,16:14:12
300160,秀强股份,4.52,4.68,4.65,4.68,4.5,93762.0,42540000.0,34.94,34.45,23.86,1.33,1.23,3978100,5398100.0,2026-06-18,16:14:15
300161,华中数控,32.68,30.86,31.07,33.48,30.91,74411.0,237380000.0,64.93,63.72,-1426.45,4.21,3.82,3861200,3579900.0,2026-06-18,16:14:21
300162,雷曼光电,11.15,11.56,11.08,11.29,10.85,635398.0,705110000.0,46.78,38.15,-80.32,5.66,18.57,28902100,34637700.0,2026-06-18,16:14:18
300163,先锋新材,6.29,6.35,6.25,6.34,6.13,203741.0,127000000.0,29.81,28.72,87.09,5.43,4.46,9488700,10885400.0,2026-06-18,16:14:00
300164,通源石油,8.96,8.94,8.89,9.13,8.72,476552.0,425120000.0,52.73,52.26,229.88,3.83,8.17,23254700,24400400.0,2026-06-18,16:14:03
300165,天瑞仪器,6.07,6.3,6.24,6.35,6.02,235108.0,143730000.0,30.08,25.53,-13.46,2.85,5.59,10058100,13452700.0,2026-06-18,16:14:06
300166,东方国信,18.7,15.58,15.65,18.7,15.65,1972749.0,3487300000.0,212.95,169.38,-97.18,3.73,21.78,113376600,83898300.0,2026-06-18,16:14:24
300167,ST迪威迅,4.54,4.67,4.62,4.69,4.53,55543.0,25480000.0,18.9,16.08,-62.86,14.7,1.57,1807300,3747000.0,2026-06-18,16:14:27
300168,万达信息,4.82,4.84,4.81,4.87,4.74,164774.0,79470000.0,69.44,69.37,-15.09,6.75,1.14,8021900,8455500.0,2026-06-18,16:14:21
300169,天晟新材,5.12,5.2,5.2,5.32,5.06,130288.0,67060000.0,17.38,15.45,53.6,16.23,4.32,6129200,6899600.0,2026-06-18,16:14:39
300170,汉得信息,17.88,17.44,17.44,18.28,17.35,656049.0,1177540000.0,186.03,177.65,80.75,3.24,6.6,34347300,31257600.0,2026-06-18,16:14:24
300171,东富龙,11.33,11.45,11.4,11.58,11.23,64988.0,73790000.0,86.77,63.75,41.76,1.1,1.16,2849500,3649300.0,2026-06-18,16:14:42
300172,中电环保,4.43,4.59,4.58,4.58,4.43,180970.0,80930000.0,29.98,23.17,37.8,1.59,3.46,7215400,10881600.0,2026-06-18,16:14:09
300173,ST福能,3.61,3.7,3.7,3.7,3.6,67335.0,24540000.0,26.52,26.52,-17.26,3.27,0.92,1916200,4817300.0,2026-06-18,16:14:30
300174,元力股份,28.66,27.97,27.88,30.2,27.5,563814.0,1638090000.0,104.38,104.02,46.81,2.99,15.53,29429700,26951700.0,2026-06-18,16:14:33
300175,朗源股份,4.99,5.09,5.03,5.13,4.98,82249.0,41390000.0,23.49,23.49,-140.61,4.71,1.75,3604900,4620000.0,2026-06-18,16:14:36
300176,鸿特科技,5.17,5.17,5.14,5.2,5.09,80969.0,41720000.0,20.02,20.02,41.61,2.05,2.09,4458600,3638300.0,2026-06-18,16:14:39
300177,中海达,6.78,7.04,7.0,7.01,6.77,118886.0,81410000.0,50.45,41.11,-21.25,4.0,1.96,4104000,7784600.0,2026-06-18,16:14:42
300179,四方达,47.9,45.38,46.75,51.78,46.46,877090.0,4265200000.0,232.66,179.14,228.21,20.66,23.45,41014200,46694800.0,2026-06-18,16:14:24
300180,华峰超纤,4.44,4.78,4.64,4.65,4.44,536310.0,243210000.0,78.19,76.04,2767.58,1.67,3.13,18573500,35057500.0,2026-06-18,16:14:27
300181,佐力药业,12.83,13.04,13.0,13.12,12.74,122395.0,157450000.0,89.99,77.35,13.84,2.83,2.03,5229300,7010200.0,2026-06-18,16:14:45
300182,捷成股份,5.46,5.52,5.46,5.59,5.42,1073462.0,590910000.0,145.44,123.36,84.51,1.71,4.75,48685300,58661000.0,2026-06-18,16:14:27
300183,东软载波,11.16,11.08,11.07,11.25,11.0,65421.0,72780000.0,51.63,41.41,-321.63,1.67,1.76,3506200,3036000.0,2026-06-18,16:14:30
300184,力源信息,17.18,16.91,17.06,17.44,16.8,1149199.0,1972000000.0,197.41,180.74,73.4,4.72,10.92,57813800,57106100.0,2026-06-18,16:14:48
300185,通裕重工,2.78,2.79,2.75,2.78,2.69,973691.0,264810000.0,112.21,106.92,165.22,1.59,2.53,45135300,52233700.0,2026-06-18,16:14:45
300187,永清环保,4.92,5.03,5.01,5.03,4.89,102129.0,50330000.0,31.76,31.58,24.54,2.79,1.59,4239500,5973400.0,2026-06-18,16:14:30
300188,国投智能,10.21,10.26,10.18,10.33,10.17,74063.0,75870000.0,87.75,87.35,-10.87,3.52,0.87,3495100,3911200.0,2026-06-18,16:14:33
300189,神农种业,4.79,4.76,4.73,4.82,4.58,496544.0,235320000.0,49.05,42.45,43.29,7.13,5.6,26936300,22718200.0,2026-06-18,16:14:33
300190,维尔利,4.18,4.33,4.3,4.3,4.14,268560.0,112460000.0,39.63,39.47,-13.73,1.29,2.84,10570500,16285500.0,2026-06-18,16:14:51
300191,潜能恒信,29.82,29.5,29.36,30.28,29.13,67429.0,200160000.0,95.42,65.96,137.88,8.37,3.05,3674000,3068900.0,2026-06-18,16:14:48
300192,科德教育,16.61,17.02,16.86,16.97,16.43,78355.0,130540000.0,54.67,53.92,49.61,5.47,2.41,3518600,4316900.0,2026-06-18,16:14:36
300193,佳士科技,8.16,8.41,8.37,8.43,8.1,82455.0,67730000.0,38.86,34.22,22.0,1.63,1.97,3227400,5018100.0,2026-06-18,16:14:36
300194,福安药业,3.5,3.53,3.52,3.55,3.46,80978.0,28380000.0,41.64,33.89,66.24,0.95,0.84,3610100,4487700.0,2026-06-18,16:14:12
300195,长荣股份,5.35,5.42,5.37,5.44,5.26,77275.0,41390000.0,22.67,16.79,-165.33,0.85,2.46,4195000,3532500.0,2026-06-18,16:14:51
300196,长海股份,29.86,31.9,29.88,30.5,28.57,578642.0,1706240000.0,122.04,73.73,37.52,2.61,23.43,24237000,33627200.0,2026-06-18,16:14:54
300197,节能铁汉,2.27,2.31,2.29,2.32,2.19,1749220.0,395560000.0,67.31,67.31,-3.3,-18.69,5.9,82578200,92343700.0,2026-06-18,16:14:15
300198,*ST纳川,2.33,2.35,2.36,2.41,2.32,110469.0,26080000.0,24.04,23.91,-8.96,5.0,1.08,4826200,6220700.0,2026-06-18,16:14:39
300199,翰宇药业,22.0,22.13,21.99,22.4,21.61,302940.0,665760000.0,194.31,163.94,205.59,26.2,4.07,15101100,15192900.0,2026-06-18,16:14:42
300200,高盟新材,9.49,9.81,9.72,9.77,9.43,122611.0,116760000.0,40.9,40.23,45.44,2.57,2.89,4488000,7773100.0,2026-06-18,16:14:39
300201,海伦哲,18.79,18.6,18.66,19.23,18.33,382325.0,718770000.0,189.6,188.59,58.63,10.07,3.81,21262900,16969600.0,2026-06-18,16:14:57
300203,聚光科技,13.05,13.37,13.26,13.38,12.89,120927.0,158000000.0,58.56,58.51,-20.56,2.26,2.7,4910800,7181900.0,2026-06-18,16:14:45
300204,舒泰神,20.5,20.11,19.98,21.68,19.71,300043.0,619660000.0,97.94,93.0,-116.79,12.09,6.61,15288700,14715600.0,2026-06-18,16:14:54
300205,*ST天喻,5.41,5.59,5.58,5.58,5.37,30077.0,16380000.0,23.27,23.27,-3.83,5.59,0.7,1327000,1680700.0,2026-06-18,16:14:57
300206,理邦仪器,13.57,13.56,13.38,13.72,13.33,92653.0,125390000.0,78.66,45.92,22.76,3.72,2.74,3938400,5326900.0,2026-06-18,16:14:18
300207,欣旺达,20.8,21.03,20.96,21.2,20.6,444160.0,927240000.0,384.27,356.48,48.96,1.57,2.59,19354000,25061900.0,2026-06-18,16:14:48
300208,中程退,0.28,0.28,0.0,0.0,0.0,0.0,0.0,2.1,1.92,-1.4,2.43,0.0,0,0.0,2026-06-18,09:10:00
300209,行云科技,28.68,28.38,28.63,30.0,27.62,810945.0,2308860000.0,266.33,210.67,-252.7,29.67,11.04,39381700,41712800.0,2026-06-18,16:14:21
300210,森远股份,9.48,9.65,9.7,9.7,9.37,125904.0,119330000.0,45.9,45.9,-120.06,12.24,2.6,6172200,6418200.0,2026-06-18,16:14:00
300211,*ST亿通,7.93,7.85,7.84,8.03,7.8,38924.0,30810000.0,24.1,23.67,-85.16,5.47,1.3,1591900,2300500.0,2026-06-18,16:14:51
300212,*ST易录,10.38,10.02,9.99,10.7,9.93,261694.0,267880000.0,74.72,72.51,-2.83,-3.73,3.75,13021500,13147900.0,2026-06-18,16:14:42
300213,佳讯飞鸿,6.8,6.87,6.83,6.9,6.74,90696.0,61800000.0,40.42,37.55,-28.68,1.97,1.64,3989400,5080200.0,2026-06-18,16:14:45
300214,日科化学,9.47,8.55,8.58,9.59,8.58,344633.0,313120000.0,44.03,44.03,-231.77,1.84,7.41,18867500,15595800.0,2026-06-18,16:14:24
300215,电科院,6.87,7.05,7.06,7.08,6.82,143748.0,99150000.0,51.46,51.46,179.86,2.58,1.92,5975700,8399100.0,2026-06-18,16:14:27
300217,东方电热,4.61,4.71,4.68,4.75,4.6,304953.0,141890000.0,68.13,57.23,48.83,1.61,2.46,11740100,18755100.0,2026-06-18,16:14:03
300218,安利股份,12.68,13.04,13.07,13.25,12.6,42333.0,54350000.0,27.51,27.42,30.39,1.82,1.96,1728500,2504800.0,2026-06-18,16:14:00
300219,鸿利智汇,9.05,9.14,9.09,9.3,8.94,485374.0,440900000.0,64.07,63.95,63.16,2.53,6.87,21548800,26988600.0,2026-06-18,16:14:54
300220,金运激光,11.04,11.15,11.09,11.29,10.76,29778.0,32900000.0,16.69,16.67,-424.96,27.53,1.97,1689100,1288700.0,2026-06-18,16:14:57
300221,银禧科技,18.26,17.51,17.51,18.88,17.01,832566.0,1503460000.0,86.51,83.48,65.92,5.74,18.21,43158900,40097700.0,2026-06-18,16:14:03
300222,科大智能,14.18,14.12,14.08,14.85,13.94,454236.0,650310000.0,110.36,89.87,126.91,6.24,7.17,22271300,23152300.0,2026-06-18,16:14:06
300223,北京君正,186.05,171.7,172.66,190.6,172.66,583884.0,10656240000.0,899.86,784.56,144.83,7.1,13.85,32772700,25615700.0,2026-06-18,16:14:06
300224,正海磁材,13.74,13.08,13.0,13.96,12.97,510402.0,696220000.0,127.88,127.41,44.88,2.55,5.5,27708900,23331300.0,2026-06-18,16:14:48
300225,金力泰,9.06,9.21,9.17,9.33,8.94,219210.0,198950000.0,43.07,42.77,167.8,4.91,4.64,9296200,12624800.0,2026-06-18,16:14:09
300226,上海钢联,16.82,16.81,16.83,17.09,16.52,85756.0,144550000.0,64.33,61.85,30.08,2.89,2.33,4681000,3894600.0,2026-06-18,16:14:12
300227,光韵达,10.78,11.35,11.25,11.45,10.68,273303.0,300960000.0,64.25,46.68,-21.15,4.02,6.31,12557300,14773000.0,2026-06-18,16:14:51
300228,富瑞特装,7.79,7.88,7.83,7.94,7.68,148153.0,115550000.0,46.54,43.54,18.78,1.89,2.65,6799000,8016300.0,2026-06-18,16:14:09
300229,拓尔思,15.64,15.3,15.31,15.98,15.04,249658.0,390810000.0,136.63,136.54,-39.24,3.63,2.86,13325600,11640300.0,2026-06-18,16:14:54
300230,永利股份,4.54,4.64,4.62,4.62,4.53,82261.0,37560000.0,36.92,28.59,20.71,1.13,1.31,3288600,4937500.0,2026-06-18,16:14:12
300231,银信科技,8.68,8.6,8.57,8.81,8.41,97073.0,84060000.0,38.56,38.56,74.84,2.44,2.18,5209700,4497600.0,2026-06-18,16:14:00
300232,洲明科技,5.94,6.16,6.1,6.16,5.93,230897.0,138510000.0,64.59,52.61,-86.85,1.44,2.61,8052900,15036700.0,2026-06-18,16:14:03
300233,金城医药,12.66,12.65,12.57,13.03,12.57,97984.0,125100000.0,48.6,46.82,72.62,1.33,2.65,4628600,5169700.0,2026-06-18,16:14:15
300234,开尔新材,11.05,11.33,11.22,11.61,10.95,317116.0,356220000.0,55.6,38.01,-306.15,4.92,9.22,14771900,16939700.0,2026-06-18,16:14:30
300235,方直科技,13.78,13.82,13.58,13.94,13.41,82708.0,113310000.0,34.69,27.99,245.65,4.93,4.07,4668400,3602500.0,2026-06-18,16:14:33
300236,上海新阳,105.8,106.56,106.0,107.57,104.01,154262.0,1632600000.0,331.56,294.71,93.88,7.11,5.54,7414100,8012200.0,2026-06-18,16:14:06
300237,ST美晨,2.02,2.05,2.04,2.04,2.01,146799.0,29730000.0,29.13,29.13,-8.01,65.24,1.02,6400600,8279300.0,2026-06-18,16:14:09
300238,冠昊生物,11.06,10.86,11.0,11.46,10.9,96069.0,107650000.0,29.33,29.32,149.3,5.06,3.62,4403200,5203700.0,2026-06-18,16:14:57
300239,东宝生物,5.47,5.35,5.31,5.67,5.23,252026.0,138550000.0,32.47,32.26,59.05,1.9,4.27,13190400,12012200.0,2026-06-18,16:14:12
300240,飞力达,5.39,5.39,5.36,5.42,5.26,59953.0,32160000.0,20.03,19.58,918.64,1.41,1.65,3141100,2854200.0,2026-06-18,16:14:18
300241,瑞丰光电,6.75,7.03,6.93,6.97,6.71,462953.0,314360000.0,48.28,40.44,71.49,2.11,7.73,17968700,28326600.0,2026-06-18,16:14:21
300242,佳云科技,4.71,4.7,4.65,4.73,4.6,191105.0,89130000.0,29.89,29.89,-103.34,12.33,3.01,9793900,9316600.0,2026-06-18,16:14:15
300243,瑞丰高材,19.55,20.85,20.44,20.7,19.39,348374.0,688080000.0,54.65,43.72,120.69,5.04,15.58,14630100,20207300.0,2026-06-18,16:14:24
300244,迪安诊断,18.24,18.17,18.25,19.08,18.1,390570.0,721580000.0,114.0,91.47,88.07,1.75,7.79,18826900,20230100.0,2026-06-18,16:14:15
300245,ST天玑,5.81,5.9,5.89,6.09,5.79,98589.0,58510000.0,17.72,17.68,-41.14,1.47,3.24,4684300,5174600.0,2026-06-18,16:14:27
300246,宝莱特,18.99,18.52,18.51,19.33,18.25,136087.0,254560000.0,50.25,40.13,-55.1,4.67,6.44,6516600,7092100.0,2026-06-18,16:14:30
300247,融捷健康,3.85,4.04,4.01,4.03,3.85,196125.0,76660000.0,30.96,30.92,45.82,2.68,2.44,6979900,12632600.0,2026-06-18,16:14:18
300248,新开普,8.29,8.42,8.4,8.53,8.24,75998.0,63560000.0,39.49,33.91,66.75,1.84,1.86,3545200,4054700.0,2026-06-18,16:14:36
300249,依米康,17.36,17.41,17.35,18.01,17.32,299968.0,526880000.0,79.58,64.95,241.59,12.77,8.02,15399900,14596900.0,2026-06-18,16:14:33
300250,初灵信息,15.58,15.46,15.27,15.82,15.21,40428.0,63040000.0,33.3,24.53,86.73,6.03,2.57,2118400,1924400.0,2026-06-18,16:14:18
300251,光线传媒,11.32,11.34,11.37,11.43,11.18,296081.0,335250000.0,332.08,314.17,-103.66,3.46,1.07,13837400,15770600.0,2026-06-18,16:14:36
300252,金信诺,17.89,18.05,17.73,18.11,17.55,548377.0,978430000.0,122.41,99.97,379.19,4.94,9.81,26456800,28380900.0,2026-06-18,16:14:00
300253,卫宁健康,7.14,6.99,7.02,7.33,6.98,618678.0,443880000.0,157.17,129.27,-43.04,2.92,3.42,31384400,30483400.0,2026-06-18,16:14:39
300254,仟源医药,8.88,9.0,9.0,9.12,8.74,92463.0,82470000.0,22.74,20.06,127.72,5.16,4.09,4497100,4749200.0,2026-06-18,16:14:21
300255,常山药业,25.85,24.92,25.73,27.25,24.6,538760.0,1400100000.0,237.58,237.21,-66.77,19.63,5.87,28833900,25042100.0,2026-06-18,16:14:24
300256,星星科技,2.83,2.97,2.93,2.95,2.82,377745.0,108320000.0,64.2,63.49,-149.8,7.08,1.68,12753400,25021100.0,2026-06-18,16:14:21
300257,开山股份,27.96,29.14,29.14,29.36,27.84,112068.0,318140000.0,277.82,266.93,78.15,4.25,1.17,5091700,6115000.0,2026-06-18,16:14:27
300258,精锻科技,12.49,12.56,12.43,12.75,12.43,150206.0,189310000.0,73.07,71.18,80.04,1.56,2.64,6205400,8815300.0,2026-06-18,16:14:24
300259,新天科技,5.6,5.71,5.74,5.83,5.58,362550.0,205620000.0,64.69,64.67,26.63,2.19,3.14,15224500,21030500.0,2026-06-18,16:14:27
300260,新莱应材,82.97,78.3,76.51,83.33,75.75,325987.0,2619730000.0,338.36,238.65,191.25,15.75,11.33,16546200,16052600.0,2026-06-18,16:14:03
300261,雅本化学,4.6,4.69,4.64,4.7,4.55,114882.0,52980000.0,44.31,43.37,-21.69,2.43,1.22,5840600,5647600.0,2026-06-18,16:14:06
300263,隆华科技,16.26,16.63,16.65,17.19,15.91,1308431.0,2133510000.0,168.29,158.62,80.31,4.07,13.41,58586200,72256900.0,2026-06-18,16:14:30
300264,佳创视讯,8.81,8.81,8.71,9.02,8.65,218940.0,193080000.0,37.96,32.63,-93.39,435.38,5.91,11167100,10726900.0,2026-06-18,16:14:39
300265,通光线缆,23.99,23.72,23.4,24.36,23.25,601018.0,1445480000.0,112.18,112.11,366.63,4.77,12.86,29211400,30890500.0,2026-06-18,16:14:33
300266,兴源环境,2.0,2.0,1.99,2.01,1.97,93224.0,18550000.0,31.08,31.06,-13.33,101.74,0.6,4347400,4975000.0,2026-06-18,16:14:09
300267,尔康制药,3.32,3.42,3.4,3.44,3.3,384152.0,129210000.0,68.48,47.22,-17.34,1.7,2.7,15271400,23143800.0,2026-06-18,16:14:36
300268,佳沃食品,11.08,11.2,11.12,11.18,10.84,17698.0,19560000.0,19.3,14.81,-7.59,-1.87,1.32,946800,823000.0,2026-06-18,16:14:30
300269,联建光电,4.88,5.12,5.1,5.12,4.85,244096.0,120530000.0,26.8,25.65,-633.4,32.26,4.64,10906000,13503700.0,2026-06-18,16:14:42
300270,中威电子,11.65,12.05,11.99,12.05,11.57,77862.0,91410000.0,35.28,30.4,-83.09,6.41,2.98,3841700,3944500.0,2026-06-18,16:14:12
300271,华宇软件,5.29,5.26,5.26,5.34,5.17,80883.0,42620000.0,42.95,42.02,-20.86,1.22,1.02,4745000,3343400.0,2026-06-18,16:14:39
300272,开能健康,5.83,5.67,5.75,5.92,5.53,135888.0,78330000.0,35.65,27.08,87.97,2.89,2.93,7441700,6147100.0,2026-06-18,16:14:42
300274,阳光电源,146.98,149.15,148.16,151.68,145.25,611957.0,9044250000.0,3047.21,2333.35,25.55,6.45,3.85,27890700,33304900.0,2026-06-18,16:14:33
300275,梅安森,8.66,8.76,8.71,8.83,8.61,77300.0,67360000.0,26.67,23.51,68.41,2.82,2.85,3995100,3734900.0,2026-06-18,16:14:15
300276,三丰智能,7.91,7.75,7.73,8.04,7.65,652070.0,514690000.0,110.82,83.62,-54.22,6.33,6.17,33863000,31344000.0,2026-06-18,16:14:36
300277,汽轮科技,14.7,14.72,14.71,15.13,14.6,250471.0,371100000.0,222.94,112.52,486.55,2.21,3.27,12122000,12925100.0,2026-06-18,16:14:18
300278,华昌达,4.36,4.39,4.39,4.45,4.32,186948.0,82000000.0,61.65,61.45,-98.66,3.69,1.33,8363100,10331700.0,2026-06-18,16:14:39
300279,和晶科技,6.95,7.34,7.31,7.33,6.87,169968.0,120110000.0,33.99,33.84,92.79,3.25,3.49,6518100,10478700.0,2026-06-18,16:14:42
300280,紫天退,0.33,0.33,0.0,0.0,0.0,0.0,0.0,0.53,0.53,-0.04,0.04,0.0,0,0.0,2026-06-18,09:00:00
300281,金明精机,6.86,6.86,6.8,6.93,6.72,113032.0,77270000.0,28.74,27.26,-3300.65,2.32,2.84,5840500,5462700.0,2026-06-18,16:14:42
300283,温州宏丰,22.25,22.15,21.7,22.5,20.61,1091578.0,2354320000.0,110.58,81.71,114.59,9.5,29.73,51949500,57208300.0,2026-06-18,16:14:45
300284,苏交科,5.55,5.55,5.52,5.61,5.44,93007.0,51600000.0,70.09,65.37,325.69,0.85,0.79,4795500,4505200.0,2026-06-18,16:14:45
300285,国瓷材料,89.53,78.5,82.2,91.88,82.2,1571376.0,13733850000.0,892.66,764.29,144.72,12.55,18.41,81150600,75987000.0,2026-06-18,16:14:21
300286,安科瑞,28.09,28.83,28.69,29.3,28.0,80306.0,229580000.0,70.45,58.36,34.66,3.18,3.87,3713900,4316700.0,2026-06-18,16:14:48
300287,飞利信,3.53,3.53,3.51,3.56,3.45,230207.0,80980000.0,50.67,46.54,-32.14,5.11,1.75,10515200,12505500.0,2026-06-18,16:14:24
300288,朗玛信息,9.38,9.46,9.42,9.58,9.31,42701.0,40300000.0,31.7,24.07,-2399.68,2.94,1.66,2139300,2130800.0,2026-06-18,16:14:45
300289,利德曼,5.87,5.86,5.78,5.88,5.66,95434.0,55270000.0,31.93,31.88,-124.24,1.95,1.76,5162600,4380800.0,2026-06-18,16:14:48
300290,荣科科技,9.5,9.61,9.56,9.74,9.47,158664.0,151840000.0,60.77,60.76,-163.05,8.16,2.48,7147000,8719400.0,2026-06-18,16:14:51
300291,百纳千成,5.05,5.09,5.08,5.24,4.99,286992.0,145600000.0,47.57,46.96,-4.39,2.33,3.09,13194500,15504700.0,2026-06-18,16:14:51
300292,吴通控股,6.41,6.47,6.39,6.7,6.38,1639792.0,1066120000.0,86.01,71.53,69.6,5.85,14.69,78047900,85931300.0,2026-06-18,16:14:48
300293,蓝英装备,17.8,17.7,17.48,18.42,16.97,120631.0,212650000.0,60.24,60.24,-43.84,8.1,3.56,6151300,5911800.0,2026-06-18,16:14:54
300294,博雅生物,15.68,15.89,15.76,16.1,15.5,63427.0,99900000.0,79.07,79.07,2301.72,1.06,1.26,3336700,3006000.0,2026-06-18,16:14:45
300295,*ST三六五,10.73,10.85,10.78,11.05,10.67,29105.0,31520000.0,20.35,17.98,-42.38,1.88,1.74,1453500,1457000.0,2026-06-18,16:14:48
300296,利亚德,6.72,6.91,6.85,6.92,6.7,1089291.0,736280000.0,182.24,152.85,73.58,2.34,4.79,39983400,68945700.0,2026-06-18,16:14:51
300298,三诺生物,14.29,14.48,14.45,14.65,14.28,40015.0,57790000.0,79.57,63.95,67.31,2.75,0.89,1786400,2215100.0,2026-06-18,16:14:57
300299,富春股份,5.09,5.08,5.08,5.14,4.99,124937.0,63500000.0,35.14,35.08,-47.01,9.34,1.81,6613600,5880000.0,2026-06-18,16:14:00
300300,海峡创新,8.37,8.58,8.69,8.73,8.35,345208.0,291690000.0,55.82,55.81,39.41,20.99,5.18,16414100,18106700.0,2026-06-18,16:14:54
300301,ST长方,3.16,3.26,3.26,3.27,3.12,125077.0,39590000.0,26.22,24.96,-17.7,36.11,1.58,2922900,9584800.0,2026-06-18,16:14:54
300302,同有科技,50.9,51.03,50.63,52.15,49.71,611743.0,3103570000.0,243.95,187.73,400.27,22.15,16.59,29427800,31746500.0,2026-06-18,16:14:51
300303,聚飞光电,9.62,9.87,9.69,9.83,9.56,994676.0,959790000.0,136.3,127.82,47.75,3.71,7.49,44342600,55125100.0,2026-06-18,16:14:57
300304,云意电气,18.28,17.86,17.49,18.79,17.48,486328.0,889600000.0,160.52,156.21,36.5,4.78,5.69,22395000,26237700.0,2026-06-18,16:14:27
300305,裕兴股份,7.86,8.16,7.99,8.04,7.69,333475.0,261760000.0,29.51,25.27,-11.92,1.52,10.37,13645900,19701600.0,2026-06-18,16:14:03
300306,远方信息,10.1,10.28,10.24,10.3,10.0,26256.0,26620000.0,27.16,15.92,38.51,1.9,1.67,1365700,1259900.0,2026-06-18,16:14:06
300307,慈星股份,8.14,7.94,7.81,8.68,7.8,709252.0,589960000.0,65.17,64.05,58.18,1.98,9.01,36548500,34376700.0,2026-06-18,16:14:57
300308,中际旭创,1367.88,1276.11,1270.0,1368.5,1268.73,285516.0,38176550000.0,15255.07,15182.64,102.05,44.04,2.57,15742700,12808900.0,2026-06-18,16:14:00
300310,宜通世纪,4.66,4.71,4.68,4.74,4.6,230996.0,107840000.0,41.09,32.22,246.49,2.18,3.34,10070000,13029600.0,2026-06-18,16:14:00
300311,ST任子行,5.2,5.26,5.25,5.3,5.15,86164.0,45100000.0,35.03,27.95,100.07,5.35,1.6,2802900,5813500.0,2026-06-18,16:14:30
300313,*ST天山,8.69,8.69,0.0,0.0,0.0,0.0,0.0,20.84,17.15,-115.34,56.71,0.0,0,0.0,2026-06-18,16:14:03
300314,戴维医疗,9.65,9.71,9.61,10.2,9.61,47190.0,46630000.0,27.79,13.87,37.37,2.28,3.28,2237800,2481200.0,2026-06-18,16:14:03
300315,掌趣科技,4.0,4.03,4.04,4.07,3.94,491377.0,197130000.0,108.3,101.66,-82.81,2.31,1.93,23909300,25228300.0,2026-06-18,16:14:09
300316,晶盛机电,53.89,51.87,51.52,55.65,51.3,481091.0,2586510000.0,705.71,663.69,170.3,4.15,3.91,23976300,24132800.0,2026-06-18,16:14:06
300317,珈伟新能,4.47,4.8,4.79,4.83,4.41,752722.0,340450000.0,37.11,37.05,-20.2,2.61,9.08,32207800,43064400.0,2026-06-18,16:14:33
300318,博晖创新,4.45,4.5,4.47,4.56,4.43,59793.0,26820000.0,36.35,35.26,-38.2,2.84,0.75,2842000,3137300.0,2026-06-18,16:14:09
300319,麦捷科技,27.76,23.13,22.99,27.76,22.91,1803893.0,4580030000.0,246.39,236.31,81.82,5.1,21.19,98636000,81753300.0,2026-06-18,16:14:12
300320,海达股份,9.52,8.8,8.8,9.65,8.66,281097.0,262010000.0,57.24,46.2,23.63,2.22,5.79,15068900,13040800.0,2026-06-18,16:14:54
300321,同大股份,49.52,45.0,44.49,50.0,42.4,109493.0,511620000.0,43.97,43.92,499.64,6.97,12.34,6185600,4763700.0,2026-06-18,16:14:36
300322,硕贝德,30.73,30.14,30.18,31.41,29.55,483033.0,1478090000.0,141.37,135.34,233.33,13.89,10.97,25299000,23004400.0,2026-06-18,16:14:12
300323,华灿光电,16.13,16.8,16.47,16.66,16.01,968333.0,1570810000.0,261.79,191.58,-90.35,3.95,8.15,42150900,54682400.0,2026-06-18,16:14:39
300324,旋极信息,4.0,3.95,3.95,4.12,3.9,504208.0,202350000.0,69.1,68.4,-15.61,2.79,2.95,26092800,24328000.0,2026-06-18,16:14:15
300326,ST凯利,6.2,6.3,6.28,6.31,6.16,50639.0,31590000.0,44.45,44.44,24.81,1.52,0.71,2126900,2937000.0,2026-06-18,16:14:57
300327,中颖电子,28.8,28.24,28.08,29.0,28.05,222505.0,639170000.0,98.31,97.59,151.04,5.43,6.57,10315200,11935300.0,2026-06-18,16:14:15
300328,宜安科技,18.77,19.28,19.57,19.9,18.66,584225.0,1123850000.0,129.59,128.96,-421.93,12.6,8.5,26406200,32016300.0,2026-06-18,16:14:18
300329,海伦钢琴,11.92,12.3,12.28,12.37,11.86,44210.0,53220000.0,30.14,30.06,-29.93,4.96,1.75,1544400,2876600.0,2026-06-18,16:14:06
300331,苏大维格,69.32,71.13,71.39,72.48,68.01,212254.0,1469740000.0,180.0,153.98,-3082.59,11.68,9.56,10388500,10836900.0,2026-06-18,16:14:09
300332,天壕能源,4.31,4.37,4.35,4.38,4.25,156838.0,67720000.0,36.54,35.02,-11.58,0.97,1.93,7764300,7919500.0,2026-06-18,16:14:12
300333,兆日科技,9.02,9.41,9.38,9.55,8.99,158099.0,145380000.0,30.31,30.2,-141.8,5.38,4.72,6691500,9118400.0,2026-06-18,16:14:15
300334,津膜科技,12.13,12.26,12.01,12.65,11.88,289482.0,352410000.0,36.64,36.64,-112.7,6.69,9.58,13807700,15140500.0,2026-06-18,16:14:18
300335,迪森股份,5.19,5.23,5.2,5.22,5.1,120030.0,61890000.0,24.76,19.94,60.55,1.31,3.12,5383000,6620000.0,2026-06-18,16:14:00
300337,银邦股份,12.86,12.43,12.4,13.15,12.15,383913.0,494340000.0,105.7,91.49,122.47,5.98,5.4,20714100,17677100.0,2026-06-18,16:14:42
300338,*ST开元,3.23,3.25,3.32,3.39,3.15,82565.0,26920000.0,13.0,11.3,-9.11,-10.22,2.36,3164300,5092200.0,2026-06-18,16:14:21
300339,润和软件,40.21,39.93,39.73,40.8,39.4,239768.0,967680000.0,320.24,312.71,223.9,8.92,3.08,13223600,10753200.0,2026-06-18,16:14:21
300340,科恒股份,9.15,9.31,9.31,9.35,9.08,54972.0,50520000.0,25.21,25.02,-10.4,39.15,2.01,2575800,2921400.0,2026-06-18,16:14:24
300341,麦克奥迪,15.56,15.23,15.27,16.29,15.15,139378.0,220230000.0,80.51,80.19,44.95,4.07,2.7,7108600,6829200.0,2026-06-18,16:14:18
300342,天银机电,44.74,44.59,44.19,45.7,43.01,314638.0,1405040000.0,190.16,187.37,1328.19,12.2,7.51,16121000,15342700.0,2026-06-18,16:14:21
300343,联创股份,5.93,6.3,6.19,6.26,5.89,414139.0,250130000.0,63.35,63.23,150.17,3.23,3.88,14566400,26847500.0,2026-06-18,16:14:45
300344,立方退,0.25,0.25,0.0,0.0,0.0,0.0,0.0,1.6,1.6,-0.83,0.71,0.0,0,0.0,2026-06-18,09:00:00
300345,华民股份,5.75,6.01,6.0,6.0,5.71,192329.0,111810000.0,33.38,27.58,-17.19,8.29,4.01,7324600,11908300.0,2026-06-18,16:14:24
300346,南大光电,64.9,65.33,64.58,65.2,63.02,610019.0,3924150000.0,448.56,425.74,128.75,13.17,9.3,29255200,31746700.0,2026-06-18,16:14:27
300347,泰格医药,40.12,40.19,40.0,40.88,39.3,193551.0,777070000.0,345.44,227.27,44.78,1.65,3.42,9034300,10320800.0,2026-06-18,16:14:03
300348,长亮科技,9.55,9.75,9.71,9.8,9.5,142083.0,136760000.0,77.73,68.1,-511.38,3.68,1.99,6257700,7950700.0,2026-06-18,16:14:48
300349,金卡智能,12.38,12.7,12.78,13.0,12.38,162028.0,205370000.0,51.65,45.77,20.5,1.17,4.38,7974400,8228400.0,2026-06-18,16:14:30
300350,华鹏飞,4.17,4.24,4.2,4.23,4.1,121287.0,50550000.0,23.44,19.66,-61.78,2.67,2.57,5916900,6211900.0,2026-06-18,16:14:06
300351,永贵电器,19.43,20.53,19.93,20.5,19.1,526524.0,1040040000.0,75.57,51.18,431.97,3.13,19.99,23614000,29038400.0,2026-06-18,16:14:09
300352,ST信源,2.94,2.86,2.84,3.08,2.84,472747.0,142160000.0,42.62,37.52,-12.72,4.22,3.7,23058600,24216100.0,2026-06-18,16:14:12
300353,东土科技,22.67,22.32,22.02,22.85,21.98,307676.0,691570000.0,139.4,122.43,149.78,6.32,5.7,16220600,14547000.0,2026-06-18,16:14:24
300354,东华测试,35.41,35.08,34.74,36.16,34.37,41503.0,146150000.0,48.98,28.79,36.2,5.71,5.1,1889800,2260500.0,2026-06-18,16:14:27
300355,蒙草生态,2.89,2.92,2.91,2.92,2.86,153494.0,44360000.0,46.36,39.49,187.33,1.1,1.12,6987600,8361800.0,2026-06-18,16:14:15
300357,我武生物,21.25,20.93,20.69,21.57,20.65,59376.0,126030000.0,111.26,102.83,26.13,4.06,1.23,3299600,2638000.0,2026-06-18,16:14:27
300358,楚天科技,8.05,8.1,8.11,8.2,8.0,144739.0,117190000.0,57.56,56.45,17.39,1.03,2.06,6628400,7845500.0,2026-06-18,16:14:18
300359,全通教育,3.75,3.73,3.73,3.8,3.66,112940.0,42280000.0,23.75,23.75,-33.66,4.63,1.78,5878600,5415400.0,2026-06-18,16:14:51
300360,炬华科技,12.15,12.31,12.25,12.38,12.06,44057.0,53860000.0,62.47,60.78,12.82,1.52,0.88,2099400,2306300.0,2026-06-18,16:14:21
300363,博腾股份,14.28,14.16,14.16,14.52,13.98,101092.0,144420000.0,77.6,70.77,60.4,1.46,2.04,5167800,4941400.0,2026-06-18,16:14:24
300364,中文在线,25.06,23.4,23.39,25.28,22.98,713599.0,1740040000.0,182.56,165.5,-29.03,72.32,10.81,41504000,29855900.0,2026-06-18,16:14:54
300365,恒华科技,5.07,4.84,4.8,5.24,4.74,303217.0,152640000.0,30.41,25.94,-12.39,1.9,5.93,16727900,13593800.0,2026-06-18,16:14:33
300366,ST创意,5.1,5.23,5.23,5.23,5.08,60662.0,31150000.0,30.99,27.06,-4.94,2.69,1.14,2154100,3912100.0,2026-06-18,16:14:30
300368,汇金股份,8.6,8.92,8.88,8.95,8.6,191137.0,166210000.0,45.49,45.49,-27.6,94.37,3.61,8114000,10999800.0,2026-06-18,16:14:36
300369,绿盟科技,5.77,5.84,5.81,5.9,5.66,276562.0,160420000.0,46.77,46.6,-112.52,1.83,3.42,14397000,13259200.0,2026-06-18,16:14:57
300370,安控科技,2.21,2.17,2.16,2.23,2.11,231094.0,50500000.0,34.59,34.51,-27.96,8.01,1.48,13140400,9969000.0,2026-06-18,16:14:33
300371,汇中股份,10.43,10.48,10.43,10.59,10.2,23351.0,24420000.0,20.99,14.6,31.54,1.81,1.67,1157300,1177800.0,2026-06-18,16:14:36
300373,扬杰科技,123.13,114.1,113.5,126.12,111.88,371698.0,4484650000.0,669.02,667.53,48.82,6.94,6.86,19864800,17305000.0,2026-06-18,16:14:30
300374,中铁装配,11.61,12.66,12.2,12.28,11.43,137923.0,161870000.0,28.55,28.55,-23.25,4.02,5.61,5408200,8384100.0,2026-06-18,16:14:00
300375,鹏翎股份,4.56,4.79,4.84,4.88,4.44,338231.0,155310000.0,34.64,24.09,-16.48,1.68,6.4,14744800,19078300.0,2026-06-18,16:14:39
300376,易事特,6.04,6.3,6.25,6.32,6.02,604814.0,368820000.0,140.63,140.58,-2653.66,2.17,2.6,22622000,37859300.0,2026-06-18,16:14:33
300377,赢时胜,16.16,16.34,16.01,16.3,15.81,452455.0,725550000.0,121.36,111.65,-522.48,5.04,6.55,19691100,25554400.0,2026-06-18,16:14:36
300378,鼎捷数智,38.16,37.35,37.03,38.95,36.92,121930.0,464350000.0,103.62,102.85,63.27,4.53,4.52,6165100,6027900.0,2026-06-18,16:14:39
300379,东通退,1.72,1.72,0.0,0.0,0.0,0.0,0.0,9.6,9.06,-2.02,0.31,0.0,0,0.0,2026-06-18,09:00:00
300380,安硕信息,30.43,30.88,30.75,31.06,30.21,22466.0,68530000.0,42.13,38.76,113.59,10.57,1.76,929600,1317000.0,2026-06-18,16:14:42
300381,溢多利,5.89,5.73,5.73,6.09,5.69,115154.0,68410000.0,28.28,28.18,-346.4,1.16,2.41,5574600,5940800.0,2026-06-18,16:14:39
300382,斯莱克,16.13,15.36,15.55,16.66,15.36,461842.0,742520000.0,104.59,104.58,-110.1,4.59,7.12,25043400,21140800.0,2026-06-18,16:14:42
300383,光环新网,12.9,12.55,12.56,13.06,12.51,851410.0,1095140000.0,231.89,231.47,-28.77,1.96,4.75,46839400,38301600.0,2026-06-18,16:14:27
300384,三联虹普,12.67,12.12,12.15,13.06,12.14,96458.0,122970000.0,40.42,27.89,21.41,1.42,4.38,4434600,5211100.0,2026-06-18,16:14:30
300385,ST雪浪,13.41,13.36,13.2,14.05,12.93,84581.0,114540000.0,44.67,38.98,-20.1,-782.33,2.91,4107800,4350300.0,2026-06-18,16:14:33
300386,飞天诚信,11.68,12.37,12.0,12.28,11.6,267106.0,317300000.0,48.83,29.29,-118.35,3.4,10.65,12116800,14593800.0,2026-06-18,16:14:45
300387,富邦科技,7.17,7.2,7.18,7.22,7.02,51098.0,36540000.0,20.73,20.72,33.05,1.44,1.77,2656100,2453700.0,2026-06-18,16:14:03
300388,节能国祯,6.9,6.92,6.95,6.95,6.77,52308.0,35990000.0,46.99,46.99,12.42,0.98,0.77,2328000,2902800.0,2026-06-18,16:14:48
300389,艾比森,13.32,13.56,13.48,13.5,13.2,43709.0,58360000.0,49.16,29.23,19.3,2.93,1.99,1931300,2439600.0,2026-06-18,16:14:51
300390,天华新能,89.0,91.75,91.26,94.2,88.39,595197.0,5386420000.0,739.37,598.32,56.46,5.99,8.85,29411300,30108400.0,2026-06-18,16:14:42
300391,长药退,0.19,0.19,0.0,0.0,0.0,0.0,0.0,0.67,0.67,-0.1,-0.1,0.0,0,0.0,2026-06-18,09:00:00
300393,中来股份,7.93,8.2,8.2,8.21,7.9,291218.0,233840000.0,86.41,75.8,-5.8,4.88,3.05,12436400,16685300.0,2026-06-18,16:14:45
300394,天孚通信,336.6,329.33,325.0,340.49,324.0,491851.0,16497040000.0,3671.72,3663.51,169.06,67.16,4.52,24632400,24552600.0,2026-06-18,16:14:45
300395,菲利华,135.75,134.88,133.37,137.68,131.5,438349.0,5918310000.0,713.67,695.78,148.12,14.06,8.55,21962600,21872300.0,2026-06-18,16:14:48
300396,ST迪瑞,6.66,6.82,6.77,6.9,6.64,28708.0,19430000.0,18.16,18.13,-6.91,1.18,1.05,1177200,1693600.0,2026-06-18,16:14:06
300397,天和防务,16.01,16.09,15.93,16.33,15.73,617337.0,985900000.0,82.87,65.35,-139.8,5.78,15.12,26976100,34757600.0,2026-06-18,16:14:48
300398,飞凯材料,46.1,46.93,46.6,47.36,45.54,663068.0,3056670000.0,261.36,259.93,65.04,5.18,11.76,29175600,37131200.0,2026-06-18,16:14:51
300399,天利科技,19.01,19.57,19.43,19.7,18.84,61018.0,116740000.0,37.56,37.56,-275.09,7.58,3.09,2594800,3507000.0,2026-06-18,16:14:54
300400,劲拓股份,44.64,43.61,43.73,45.58,43.13,168522.0,746840000.0,108.31,107.95,127.69,15.33,6.97,7661600,9190600.0,2026-06-18,16:14:09
300401,花园生物,16.56,17.25,17.26,17.75,16.4,499298.0,833740000.0,90.03,88.58,34.81,2.79,9.33,22174800,27755100.0,2026-06-18,16:14:51
300402,宝色股份,17.41,16.78,16.78,17.99,16.65,103844.0,181760000.0,42.97,42.41,83.69,2.83,4.26,5173600,5210800.0,2026-06-18,16:14:57
300403,汉宇集团,10.5,10.14,10.01,10.6,10.01,140788.0,145710000.0,63.31,44.84,29.61,2.89,3.3,8308300,5770500.0,2026-06-18,16:14:54
300404,博济医药,8.67,8.61,8.55,8.83,8.49,96938.0,83950000.0,33.44,24.75,77.68,3.15,3.4,4610000,5083800.0,2026-06-18,16:14:57
300405,科隆股份,5.67,5.76,5.71,5.76,5.55,104816.0,59540000.0,16.12,12.41,-36.22,4.14,4.79,4948500,5533100.0,2026-06-18,16:14:54
300406,九强生物,11.34,11.3,11.35,11.52,11.2,29030.0,33010000.0,66.49,48.12,31.33,1.99,0.68,1528400,1374600.0,2026-06-18,16:14:57
300407,凯发电气,11.55,11.61,11.61,12.03,11.4,56694.0,66570000.0,40.0,29.91,52.25,1.84,2.19,2785100,2884300.0,2026-06-18,16:14:36
300408,三环集团,157.89,155.46,155.47,166.66,154.23,771287.0,12370760000.0,3025.96,2952.23,105.19,14.05,4.12,38925300,38203400.0,2026-06-18,16:14:12
300409,道氏技术,22.0,22.16,22.16,22.31,21.77,215473.0,475100000.0,172.09,151.25,30.15,2.17,3.13,9837000,11710300.0,2026-06-18,16:14:00
300410,正业科技,12.89,13.26,13.13,13.18,12.78,470627.0,608760000.0,47.32,47.32,118.1,17.16,12.82,20243300,26819400.0,2026-06-18,16:14:00
300411,金盾股份,8.82,11.02,9.2,9.74,8.82,565691.0,510860000.0,35.86,27.26,1124.86,3.72,18.3,23442900,33126100.0,2026-06-18,16:14:03
300412,迦南科技,4.16,4.17,4.15,4.26,4.09,124093.0,51880000.0,20.71,19.46,81.67,2.04,2.65,6579200,5830100.0,2026-06-18,16:14:03
300413,芒果超媒,15.54,15.61,15.58,15.83,15.44,140455.0,219340000.0,290.71,158.77,27.75,1.23,1.37,6739800,7305700.0,2026-06-18,16:14:00
300414,中光防雷,12.04,11.95,11.83,12.12,11.7,51763.0,61940000.0,39.25,37.75,172.48,3.92,1.65,2900500,2275800.0,2026-06-18,16:14:03
300415,伊之密,21.05,21.21,21.01,21.4,20.83,60295.0,127170000.0,98.63,95.38,13.87,3.16,1.33,3080100,2949400.0,2026-06-18,16:14:06
300416,苏试试验,19.91,19.43,19.3,20.13,19.11,317906.0,631330000.0,101.25,100.54,38.93,3.7,6.3,17382600,14408100.0,2026-06-18,16:14:39
300417,南华仪器,11.03,10.98,10.85,11.15,10.68,50301.0,55220000.0,14.84,9.22,-890.46,3.34,6.02,2558100,2472000.0,2026-06-18,16:14:06
300418,昆仑万维,43.0,38.75,38.75,45.71,38.58,1313605.0,5623800000.0,552.56,505.39,-32.3,4.31,11.18,75530100,55830400.0,2026-06-18,16:14:06
300419,ST浩丰,6.91,7.08,7.16,7.16,6.9,65890.0,46030000.0,25.41,25.41,-23.37,7.63,1.79,1868300,4720700.0,2026-06-18,16:14:09
300420,五洋自控,7.49,6.47,6.83,7.76,6.41,3205553.0,2347150000.0,83.62,83.61,190.41,3.52,28.72,189273800,131281500.0,2026-06-18,16:14:42
300421,力星股份,20.29,20.17,20.01,20.67,19.82,80201.0,163240000.0,59.66,46.73,100.87,4.78,3.48,4257500,3762600.0,2026-06-18,16:14:09
300422,博世科,4.79,4.82,4.78,4.87,4.69,92506.0,44190000.0,25.57,24.75,-3.97,3.86,1.79,4390200,4860400.0,2026-06-18,16:14:15
300423,昇辉科技,5.81,5.87,5.89,5.9,5.77,82877.0,48360000.0,28.91,19.36,-16.26,2.51,2.49,4330000,3957700.0,2026-06-18,16:14:09
300424,航新科技,18.26,18.75,18.69,19.02,18.24,121534.0,225400000.0,44.82,44.79,-169.46,6.35,4.95,5983100,6170300.0,2026-06-18,16:14:12
300425,中建环能,3.94,4.05,4.01,4.04,3.92,93924.0,37290000.0,26.88,26.82,180.22,1.14,1.38,4741900,4650400.0,2026-06-18,16:14:12
300426,华智数媒,5.48,5.51,5.54,5.6,5.32,68212.0,37520000.0,24.68,21.92,-6.21,26.55,1.71,3080000,3741200.0,2026-06-18,16:14:15
300427,红相股份,7.01,7.14,7.07,7.16,6.93,169289.0,119220000.0,35.65,35.26,-114.55,2.97,3.37,7888900,9040000.0,2026-06-18,16:14:15
300428,立中集团,19.95,20.05,19.96,20.41,19.91,73987.0,148830000.0,136.77,119.05,14.82,1.51,1.24,3928900,3469700.0,2026-06-18,16:14:12
300429,强力新材,15.7,16.05,15.86,16.16,15.51,341367.0,534720000.0,84.81,63.2,-56.34,5.1,8.48,16500600,17636100.0,2026-06-18,16:14:45
300430,*ST益通,4.88,5.0,4.96,5.18,4.86,127559.0,63850000.0,13.32,12.68,-1.4,1.04,4.91,5327500,7428400.0,2026-06-18,16:14:48
300432,富临精工,22.86,23.3,22.8,23.58,22.67,370290.0,853280000.0,390.85,386.49,77.15,8.26,2.19,18087900,18941000.0,2026-06-18,16:14:18
300433,蓝思科技,55.77,51.21,51.24,58.01,51.24,2160358.0,11936600000.0,2943.95,2771.6,85.6,5.39,4.35,115324600,100711200.0,2026-06-18,16:14:21
300434,金石亚药,8.99,8.93,8.85,9.06,8.77,79748.0,71380000.0,36.12,30.76,19.55,1.37,2.33,3968600,4006200.0,2026-06-18,16:14:18
300435,中泰股份,23.95,21.2,21.08,24.77,21.0,389271.0,904290000.0,92.38,88.35,23.53,2.74,10.55,21600500,17326700.0,2026-06-18,16:14:18
300436,广生堂,88.15,87.9,87.57,89.98,86.16,59606.0,525040000.0,140.39,120.52,-65.21,55.8,4.36,2690700,3269900.0,2026-06-18,16:14:21
300437,清水源,11.49,11.68,11.55,11.75,11.33,101840.0,117030000.0,28.17,19.96,-77.33,2.04,5.86,4439200,5744800.0,2026-06-18,16:14:51
300438,鹏辉能源,81.2,78.79,77.39,84.82,77.01,326687.0,2663230000.0,408.71,328.18,71.15,7.21,8.08,15980900,16687700.0,2026-06-18,16:14:24
300439,美康生物,8.37,8.39,8.37,8.46,8.3,25532.0,21400000.0,32.17,24.47,48.32,1.08,0.87,1303600,1249600.0,2026-06-18,16:14:21
300440,运达科技,19.48,18.94,19.2,19.66,18.51,137802.0,261770000.0,85.62,85.29,102.86,5.18,3.15,6805100,6975100.0,2026-06-18,16:14:27
300441,鲍斯股份,6.05,6.07,6.1,6.18,5.99,50393.0,30700000.0,38.99,37.87,23.32,1.57,0.81,2439700,2599600.0,2026-06-18,16:14:15
300442,润泽科技,85.18,81.17,81.15,85.23,80.92,464686.0,3901810000.0,1398.01,1395.45,26.87,9.72,2.84,24223400,22245200.0,2026-06-18,16:14:24
300443,金雷股份,22.6,22.87,22.73,23.07,22.42,54764.0,124210000.0,72.35,54.87,22.14,1.14,2.26,2469900,3006500.0,2026-06-18,16:14:54
300444,双杰电气,13.07,13.21,13.1,13.35,12.91,295761.0,387090000.0,105.16,82.01,22.57,5.06,4.71,12346800,17229300.0,2026-06-18,16:14:30
300445,康斯特,23.37,23.84,23.63,23.96,23.09,54614.0,128160000.0,49.64,32.85,42.79,3.84,3.89,2488000,2973500.0,2026-06-18,16:14:33
300446,航天智造,15.71,15.85,15.72,15.95,15.52,69127.0,108840000.0,132.81,58.69,15.95,2.3,1.85,3384600,3528000.0,2026-06-18,16:14:18
300447,全信股份,16.33,16.53,16.34,16.58,16.08,60790.0,99350000.0,51.0,32.9,186.96,2.54,3.02,2965700,3113300.0,2026-06-18,16:14:36
300448,浩云科技,6.83,6.91,6.91,6.98,6.74,159626.0,108990000.0,46.21,43.89,-170.67,3.83,2.48,7128600,8834000.0,2026-06-18,16:14:24
300449,汉邦高科,9.03,8.42,8.33,9.16,8.21,471579.0,410520000.0,34.86,34.86,-44.91,12.53,12.22,23240800,23917100.0,2026-06-18,16:14:27
300450,先导智能,46.73,48.13,48.09,48.96,46.3,876535.0,4146290000.0,782.36,728.71,48.78,4.38,5.62,39038200,48615300.0,2026-06-18,16:14:57
300451,创业慧康,3.46,3.47,3.45,3.54,3.43,256123.0,89180000.0,53.6,52.82,-11.52,1.36,1.68,13132200,12480100.0,2026-06-18,16:14:39
300452,山河药辅,11.91,11.81,11.78,12.08,11.64,32868.0,39070000.0,27.92,23.66,15.83,2.92,1.65,1789600,1497200.0,2026-06-18,16:14:42
300453,三鑫医疗,9.4,9.75,9.64,9.8,9.35,115309.0,110030000.0,49.08,33.83,17.55,3.45,3.2,4622200,6908800.0,2026-06-18,16:14:00
300454,深信服,101.21,101.31,100.0,104.33,99.6,96672.0,985870000.0,436.78,291.49,75.58,4.04,3.36,4933200,4734100.0,2026-06-18,16:14:30
300455,航天智装,22.54,22.8,22.52,23.1,22.15,83530.0,189760000.0,161.78,159.72,-88.8,9.69,1.18,4182400,4170600.0,2026-06-18,16:14:27
300456,赛微电子,42.82,42.68,42.33,43.26,42.21,315694.0,1352240000.0,313.53,255.83,22.05,4.94,5.28,16583500,14985900.0,2026-06-18,16:14:45
300457,赢合科技,23.48,25.03,25.01,25.07,23.26,304297.0,723410000.0,151.49,149.06,25.9,2.2,4.79,12168800,18260900.0,2026-06-18,16:14:21
300458,全志科技,35.64,35.16,35.28,36.5,34.92,447526.0,1586420000.0,354.13,290.18,94.79,11.11,5.5,23252000,21500600.0,2026-06-18,16:14:48
300459,汤姆猫,3.52,3.48,3.45,3.54,3.39,955247.0,333730000.0,123.76,115.71,-10.52,16.81,2.91,54442300,41082500.0,2026-06-18,16:14:03
300460,ST惠伦,9.65,9.39,9.41,9.7,9.25,74511.0,71060000.0,27.1,27.1,-16.94,5.9,2.65,4311000,3140100.0,2026-06-18,16:14:24
300461,田中精机,41.6,42.29,42.35,43.33,41.52,45555.0,192230000.0,65.34,59.78,1440.68,12.04,3.17,2058800,2496700.0,2026-06-18,16:14:33
300462,ST华铭,11.14,11.18,11.01,11.21,10.8,11446.0,12610000.0,20.19,15.38,-36.57,1.46,0.83,516100,628500.0,2026-06-18,16:14:06
300463,迈克生物,8.39,8.38,8.38,8.53,8.29,66088.0,55590000.0,50.73,41.24,-99.82,0.81,1.34,3417400,3191400.0,2026-06-18,16:14:27
300464,星徽股份,8.4,8.54,8.46,8.61,8.18,118856.0,99970000.0,39.25,29.83,359.29,22.16,3.35,4682200,7203400.0,2026-06-18,16:14:51
300465,高伟达,15.42,15.92,16.01,16.57,15.37,279662.0,444800000.0,68.43,68.43,273.34,10.24,6.3,13021100,14945000.0,2026-06-18,16:14:30
300466,赛摩智能,7.57,7.51,7.5,7.63,7.43,58683.0,44370000.0,40.54,33.98,-151.88,5.85,1.31,3292100,2576200.0,2026-06-18,16:14:54
300467,迅游科技,35.75,33.75,33.54,36.54,32.92,85016.0,300320000.0,72.65,60.85,288.73,11.18,4.99,4850300,3651300.0,2026-06-18,16:14:09
300468,四方精创,23.23,23.92,23.43,23.95,23.19,274420.0,642670000.0,123.27,123.07,171.18,7.61,5.18,12609900,14832100.0,2026-06-18,16:14:30
300469,信息发展,51.7,51.73,52.0,54.37,50.8,56169.0,294060000.0,128.34,128.27,-74.88,54.83,2.26,2578600,3038200.0,2026-06-18,16:14:12
300470,中密控股,30.2,30.6,30.48,30.68,29.99,19981.0,60450000.0,62.8,59.54,17.56,2.19,1.01,950700,1047400.0,2026-06-18,16:14:33
300471,厚普股份,9.02,9.1,9.1,9.17,8.9,54851.0,49570000.0,42.41,33.06,-5461.37,2.71,1.5,2906700,2578400.0,2026-06-18,16:14:15
300472,*ST新元,7.75,7.98,7.99,8.0,7.71,37582.0,29260000.0,21.33,19.06,-6.19,92.77,1.53,1494900,2263300.0,2026-06-18,16:14:57
300473,德尔股份,30.16,31.04,31.0,31.08,30.1,47510.0,144690000.0,52.07,45.4,29.75,2.72,3.16,2195100,2555900.0,2026-06-18,16:14:36
300474,景嘉微,55.52,53.98,53.51,56.27,53.42,136890.0,754870000.0,290.16,225.67,-174.94,4.25,3.37,6983900,6705100.0,2026-06-18,16:14:33
300475,香农芯创,254.87,245.29,250.0,258.78,245.5,582481.0,14727490000.0,1196.72,1147.01,64.5,24.25,12.94,30878300,27369800.0,2026-06-18,16:14:18
300476,胜宏科技,369.0,361.7,368.0,372.58,358.94,451939.0,16582160000.0,3626.48,3192.57,77.49,23.15,5.22,23302400,21891500.0,2026-06-18,16:14:21
300477,ST合纵,2.31,2.39,2.36,2.38,2.31,188649.0,43990000.0,24.76,22.89,-2.75,29.86,1.9,5885600,12979300.0,2026-06-18,16:14:24
300478,杭州高新,39.96,38.9,39.0,40.68,38.92,48806.0,195110000.0,50.62,50.62,-145.66,161.31,3.85,2530900,2349700.0,2026-06-18,16:14:36
300479,神思电子,14.44,14.34,14.3,14.63,14.19,35258.0,50850000.0,28.45,28.44,260.76,5.39,1.79,1706600,1819200.0,2026-06-18,16:14:27
300480,光力科技,37.1,37.58,37.16,38.15,36.55,224249.0,835890000.0,137.35,100.23,254.53,8.1,8.3,9453700,12971200.0,2026-06-18,16:14:30
300481,濮阳惠成,18.64,19.36,19.27,19.77,18.6,246000.0,463400000.0,54.4,54.07,47.93,2.28,8.48,11552500,13047400.0,2026-06-18,16:14:33
300482,万孚生物,19.35,20.22,19.8,19.9,18.82,260485.0,503030000.0,90.58,83.22,-53.99,1.71,6.06,10212100,15836400.0,2026-06-18,16:14:00
300483,首华燃气,19.47,19.38,19.31,19.94,19.09,118188.0,229220000.0,74.98,74.93,37.16,2.04,3.07,5781200,6037600.0,2026-06-18,16:14:03
300484,蓝海华腾,14.81,14.69,14.61,14.83,14.41,35878.0,52480000.0,30.68,24.64,86.76,4.65,2.16,1890000,1697800.0,2026-06-18,16:14:39
300485,赛升药业,8.15,8.15,8.12,8.31,8.03,44532.0,36480000.0,39.26,22.32,-189.31,1.17,1.63,2307400,2145800.0,2026-06-18,16:14:39
300486,东杰智能,23.18,23.11,23.3,23.79,22.52,166063.0,385230000.0,110.6,110.57,460.43,6.51,3.48,8332600,8273700.0,2026-06-18,16:14:42
300487,蓝晓科技,55.56,55.65,55.4,56.7,54.54,51054.0,283220000.0,282.88,171.14,31.93,6.35,1.66,2371700,2733700.0,2026-06-18,16:14:45
300488,恒锋工具,41.68,47.99,44.53,45.0,39.01,204042.0,849550000.0,79.7,67.63,43.64,3.64,12.58,10182900,10221300.0,2026-06-18,16:14:42
300489,光智科技,225.5,214.0,210.16,231.5,210.16,91616.0,2053490000.0,313.8,312.65,-1145.99,41.19,6.61,4620800,4540800.0,2026-06-18,16:14:36
300490,华自科技,14.92,14.79,14.71,15.07,14.6,165239.0,245210000.0,59.48,58.67,-59.82,2.67,4.2,7743100,8780800.0,2026-06-18,16:14:36
300491,通合科技,38.88,35.3,35.0,39.85,34.66,176727.0,678180000.0,69.08,61.27,148.98,5.72,11.21,9744900,7927800.0,2026-06-18,16:14:06
300492,华图山鼎,36.18,37.2,37.22,37.7,36.06,17220.0,62750000.0,71.16,71.16,29.59,27.85,0.88,810600,911400.0,2026-06-18,16:14:48
300493,润欣科技,14.6,14.34,14.31,14.78,14.11,144526.0,209470000.0,74.83,73.97,126.02,6.52,2.85,7326100,7126500.0,2026-06-18,16:14:51
300494,盛天网络,8.99,8.9,8.94,9.22,8.64,101212.0,91050000.0,44.1,35.81,2850.99,3.05,2.54,5628100,4493200.0,2026-06-18,16:14:09
300496,中科创达,65.86,61.81,61.48,66.44,61.08,279612.0,1808630000.0,304.09,243.4,66.11,2.95,7.57,16163200,11797900.0,2026-06-18,16:14:12
300497,富祥股份,19.48,18.22,18.22,19.98,17.98,721835.0,1404840000.0,104.93,88.15,2669.16,4.67,15.95,38422000,33761500.0,2026-06-18,16:14:39
300498,温氏股份,12.36,12.69,12.75,12.75,12.35,441720.0,549710000.0,822.43,735.14,37.67,2.08,0.74,17266800,26905200.0,2026-06-18,16:14:42
300499,高澜股份,38.86,38.58,38.68,39.58,38.39,214108.0,833180000.0,118.62,105.47,388.5,8.64,7.89,10671700,10739100.0,2026-06-18,16:14:54
300500,启迪设计,9.63,9.69,9.64,9.78,9.45,28674.0,27570000.0,16.75,16.14,-19.38,1.68,1.71,1495500,1371900.0,2026-06-18,16:14:15
300501,海顺新材,13.27,12.95,12.81,13.3,12.4,56070.0,71660000.0,36.91,18.93,-71.87,2.88,3.93,3541300,2065700.0,2026-06-18,16:14:18
300502,新易盛,581.48,557.88,552.66,588.0,551.18,428749.0,24739830000.0,8107.32,7293.17,75.49,41.76,3.42,22350000,20524900.0,2026-06-18,16:14:21
300503,昊志机电,88.28,80.99,80.11,88.8,79.59,350029.0,2972620000.0,272.1,212.73,139.82,18.86,14.53,20925900,14077100.0,2026-06-18,16:14:45
300504,天邑股份,18.34,18.58,18.45,18.86,18.04,83656.0,154370000.0,49.71,40.03,-86.35,2.37,3.83,4000700,4364900.0,2026-06-18,16:14:45
300505,川金诺,21.34,22.1,21.88,22.29,21.23,259216.0,560200000.0,58.66,46.38,13.87,2.06,11.93,11344800,14576700.0,2026-06-18,16:14:57
300506,名家汇,4.89,4.86,4.97,5.03,4.82,211535.0,103440000.0,69.71,35.93,-109.33,5.1,2.88,10627800,10525700.0,2026-06-18,16:14:00
300507,苏奥传感,7.55,7.65,7.59,7.72,7.45,135975.0,102730000.0,60.45,58.51,57.96,2.79,1.75,6083400,7514100.0,2026-06-18,16:14:48
300508,维宏股份,58.69,56.57,55.89,60.15,55.2,58292.0,337930000.0,63.88,48.12,112.53,7.67,7.11,2948800,2880400.0,2026-06-18,16:14:39
300509,新美星,8.92,9.03,8.94,9.1,8.87,40662.0,36530000.0,26.44,22.04,20.72,3.86,1.65,2049700,2016500.0,2026-06-18,16:14:03
300510,金冠股份,3.34,3.38,3.34,3.39,3.29,138522.0,46290000.0,27.54,27.54,-7.85,1.44,1.68,6283500,7568700.0,2026-06-18,16:14:48
300511,雪榕生物,5.35,5.43,5.43,5.47,5.28,162742.0,86790000.0,34.29,29.21,17.52,1.92,2.98,7509400,8764800.0,2026-06-18,16:14:06
300512,中亚股份,7.29,7.35,7.31,7.38,7.16,29445.0,21430000.0,29.83,23.61,95.47,1.82,0.91,1570000,1374500.0,2026-06-18,16:14:24
300513,恒实科技,7.32,7.31,7.24,7.42,7.2,57466.0,42080000.0,22.96,21.02,-3.31,4.26,2.0,2928300,2818300.0,2026-06-18,16:14:09
300514,友讯达,9.83,9.94,9.85,10.03,9.66,31538.0,31060000.0,19.66,15.75,67.98,1.93,1.97,1721300,1432500.0,2026-06-18,16:14:12
300515,三德科技,14.49,14.55,14.53,14.61,14.31,24318.0,35140000.0,29.81,29.23,15.8,3.37,1.21,1285900,1145900.0,2026-06-18,16:14:51
300516,久之洋,36.26,36.53,36.03,37.2,35.34,73694.0,267480000.0,91.38,91.38,611.42,7.15,2.92,3720800,3648600.0,2026-06-18,16:14:42
300517,海波重科,9.74,9.68,9.67,10.07,9.42,61594.0,60540000.0,19.52,12.3,421.64,1.9,4.88,3053500,3105900.0,2026-06-18,16:14:45
300518,新迅达,30.14,30.44,30.41,30.91,29.41,132492.0,398750000.0,60.1,60.09,-55.63,9.09,6.65,6535600,6713600.0,2026-06-18,16:14:48
300519,新光药业,12.42,12.58,12.43,12.63,12.28,18667.0,23280000.0,19.87,14.17,35.46,2.43,1.64,981600,885100.0,2026-06-18,16:14:15
300520,科大国创,29.75,28.84,28.93,30.25,28.93,142695.0,424600000.0,86.88,83.96,-44.44,5.08,5.06,7195000,7074500.0,2026-06-18,16:14:54
300521,爱司凯,28.89,30.55,30.6,31.0,28.62,102622.0,305090000.0,43.26,42.72,-320.57,8.11,6.94,4986000,5276200.0,2026-06-18,16:14:51
300522,世名科技,19.21,16.01,16.9,19.21,16.83,490912.0,895880000.0,61.94,50.54,362.14,7.95,18.66,24882600,24208600.0,2026-06-18,16:14:18
300523,辰安科技,19.86,20.18,20.18,20.48,19.86,30360.0,61030000.0,46.2,46.2,-21.3,4.77,1.31,1510700,1525300.0,2026-06-18,16:14:57
300525,博思软件,8.62,8.98,8.87,8.89,8.6,185228.0,161160000.0,65.38,53.73,37.4,2.66,2.97,6735300,11787500.0,2026-06-18,16:14:51
300527,ST应急,7.2,7.33,7.33,7.35,7.18,52876.0,38430000.0,73.21,73.21,519.18,2.53,0.52,1492100,3795500.0,2026-06-18,16:14:27
300528,幸福蓝海,14.38,14.33,14.23,14.44,13.87,78415.0,111430000.0,53.58,53.58,-24.43,13.96,2.1,3919700,3921800.0,2026-06-18,16:14:54
300529,健帆生物,15.7,15.8,15.78,15.94,15.62,53515.0,84170000.0,125.38,80.46,22.21,3.95,1.04,2534100,2817500.0,2026-06-18,16:14:54
300530,领湃科技,18.16,18.7,18.53,18.71,18.04,21985.0,40180000.0,31.23,31.23,-24.57,42.95,1.28,1256300,942200.0,2026-06-18,16:14:57
300531,优博讯,15.5,15.72,15.56,15.75,15.31,85352.0,132570000.0,49.77,48.3,47.21,3.46,2.74,3741600,4793600.0,2026-06-18,16:14:00
300532,今天国际,6.69,6.73,6.71,6.75,6.58,60751.0,40530000.0,42.52,40.46,19.6,2.43,1.0,2592000,3483100.0,2026-06-18,16:14:57
300533,冰川网络,14.36,14.34,14.34,14.57,14.03,64846.0,93230000.0,47.14,33.17,16.54,3.66,2.81,3491000,2993600.0,2026-06-18,16:14:03
300534,陇神戎发,7.33,7.39,7.39,7.44,7.25,42527.0,31230000.0,22.24,22.14,45.04,3.06,1.41,2371300,1881400.0,2026-06-18,16:14:30
300535,达威股份,14.55,14.64,14.5,14.86,14.2,20407.0,29620000.0,15.57,11.81,70.28,1.63,2.51,1092400,948300.0,2026-06-18,16:14:00
300536,农尚环境,9.52,9.58,9.68,9.85,9.38,109571.0,105090000.0,27.92,27.92,-11.84,9.91,3.74,5989400,4967700.0,2026-06-18,16:14:03
300537,广信材料,28.92,29.57,29.05,29.45,28.42,242185.0,697530000.0,60.1,43.89,526.48,6.63,15.96,10206100,14012400.0,2026-06-18,16:14:33
300538,同益股份,18.01,18.4,18.12,18.58,17.9,112474.0,203540000.0,32.76,21.79,-71.35,3.62,9.3,4915900,6331500.0,2026-06-18,16:14:36
300539,横河精密,22.18,22.52,22.37,22.76,22.1,55783.0,124550000.0,59.46,48.33,115.3,5.2,2.56,2612600,2965700.0,2026-06-18,16:14:00
300540,蜀道装备,25.33,25.49,25.18,25.99,24.8,79927.0,202890000.0,57.65,52.36,78.94,5.15,3.87,3858600,4134100.0,2026-06-18,16:14:06
300541,先进数通,10.27,10.34,10.25,10.42,10.23,65747.0,67900000.0,44.17,39.85,55.65,2.53,1.69,3196100,3378600.0,2026-06-18,16:14:03
300542,新晨科技,12.14,12.27,12.2,12.4,12.06,34874.0,42590000.0,36.25,30.06,-148.25,6.8,1.41,1999500,1487900.0,2026-06-18,16:14:09
300543,朗科智能,7.9,7.95,7.9,8.03,7.74,54391.0,42890000.0,24.2,19.77,-267.69,1.72,2.17,3183000,2256100.0,2026-06-18,16:14:21
300545,联得装备,37.56,38.19,37.8,38.2,37.2,109297.0,411170000.0,69.66,44.91,72.92,3.23,9.14,5127600,5802200.0,2026-06-18,16:14:39
300546,雄帝科技,16.27,16.6,16.46,16.64,16.19,32850.0,53630000.0,30.53,21.95,118.1,2.73,2.43,1262600,2022400.0,2026-06-18,16:14:06
300547,川环科技,34.75,35.49,35.17,35.97,34.69,105551.0,371070000.0,75.37,61.93,38.24,5.44,5.92,4877700,5677500.0,2026-06-18,16:14:12
300548,长芯博创,281.99,269.88,266.3,287.18,266.3,272998.0,7492890000.0,830.9,768.03,221.44,39.28,10.02,13786000,13513700.0,2026-06-18,16:14:24
300549,优德精密,14.34,14.28,14.16,14.42,14.0,19126.0,27290000.0,19.12,14.49,356.6,3.51,1.89,970200,942400.0,2026-06-18,16:14:06
300550,和仁科技,14.95,14.75,14.59,15.02,14.45,73843.0,109320000.0,39.25,39.21,92.75,3.46,2.82,3929800,3454500.0,2026-06-18,16:14:09
300551,古鳌科技,11.06,11.25,11.21,11.44,11.03,67889.0,76050000.0,37.61,37.5,-15.29,12.27,2.0,3072700,3716200.0,2026-06-18,16:14:12
300552,万集科技,26.55,26.83,26.73,26.95,26.14,48253.0,128240000.0,56.59,35.87,-36.3,3.26,3.57,2540100,2285200.0,2026-06-18,16:14:15
300553,集智股份,77.6,70.11,71.37,79.59,69.4,79248.0,596740000.0,86.15,65.88,503.13,10.21,9.33,4253400,3671400.0,2026-06-18,16:14:42
300554,三超新材,31.76,30.48,30.01,32.14,29.5,155188.0,489720000.0,36.27,25.12,-23.16,7.33,19.62,7416400,8102400.0,2026-06-18,16:14:15
300555,ST路通,13.76,13.87,13.87,14.32,13.3,29629.0,41050000.0,27.52,27.24,-28.83,6.68,1.5,1342300,1620600.0,2026-06-18,16:14:27
300556,丝路视觉,19.27,19.48,19.18,19.97,18.65,104834.0,202570000.0,23.43,20.91,-106.39,5.83,9.66,5385100,5098300.0,2026-06-18,16:14:18
300557,理工光科,32.87,31.05,30.88,33.35,29.91,141128.0,450000000.0,51.65,51.02,109.54,5.22,9.09,7984700,6128100.0,2026-06-18,16:14:30
300558,贝达药业,54.98,50.75,49.99,57.13,48.29,343538.0,1840670000.0,231.32,230.58,52.43,3.44,8.19,19890400,14463400.0,2026-06-18,16:14:33
300559,佳发教育,11.19,10.96,10.96,11.23,10.68,81942.0,90290000.0,44.71,34.82,123.69,3.91,2.63,4623500,3570700.0,2026-06-18,16:14:45
300560,中富通,18.75,16.97,16.98,18.87,16.86,292271.0,530060000.0,43.08,35.06,-56.83,4.85,15.63,16855700,12371400.0,2026-06-18,16:14:48
300561,汇金科技,12.73,13.23,13.15,13.23,12.69,177650.0,228720000.0,41.77,30.69,-214.44,7.32,7.37,6877900,10887100.0,2026-06-18,16:14:36
300562,乐心医疗,12.45,12.5,12.43,12.63,12.34,66681.0,83320000.0,27.22,20.29,29.87,2.63,4.09,3267700,3400400.0,2026-06-18,16:14:18
300563,神宇股份,29.22,29.14,29.23,29.59,28.69,40274.0,117750000.0,53.22,37.44,70.61,4.77,3.14,1805500,2221800.0,2026-06-18,16:14:21
300564,筑博设计,12.22,12.61,12.49,12.66,12.21,42725.0,52740000.0,19.71,13.83,42.41,1.59,3.77,2013900,2258600.0,2026-06-18,16:14:39
300565,科信技术,12.0,12.4,12.4,12.47,12.0,130716.0,158910000.0,29.96,27.38,-32.78,5.75,5.73,5732400,7339200.0,2026-06-18,16:14:51
300566,激智科技,34.41,35.1,34.23,34.76,33.08,363483.0,1240600000.0,90.19,78.0,44.69,4.15,16.04,17207500,19140800.0,2026-06-18,16:14:54
300567,精测电子,213.86,215.76,211.59,218.35,209.0,102249.0,2174980000.0,598.26,485.57,686.59,14.52,4.5,4522700,5702200.0,2026-06-18,16:14:24
300568,星源材质,20.18,20.3,20.07,20.54,19.7,965720.0,1945160000.0,271.56,243.89,1434.33,2.79,7.99,47894100,48677900.0,2026-06-18,16:14:57
300569,天能重工,4.81,4.93,4.9,4.9,4.78,141489.0,68420000.0,49.19,49.05,50.42,0.94,1.39,5497200,8651700.0,2026-06-18,16:14:21
300570,太辰光,268.6,265.99,265.0,269.02,254.0,300168.0,7860520000.0,610.06,516.23,213.78,34.49,15.62,15600200,14416600.0,2026-06-18,16:14:27
300571,平治信息,46.1,43.73,44.9,47.46,44.01,278697.0,1270650000.0,64.32,53.31,-31.21,5.21,24.1,13981300,13888400.0,2026-06-18,16:14:09
300572,安车检测,26.82,26.99,26.8,27.24,26.46,45968.0,122940000.0,61.41,48.62,-34.27,3.82,2.54,2105600,2491100.0,2026-06-18,16:14:12
300573,兴齐眼药,36.44,36.81,36.52,37.2,36.21,54272.0,198640000.0,130.21,99.99,17.21,6.72,1.98,2523700,2903400.0,2026-06-18,16:14:30
300575,中旗股份,5.25,5.36,5.33,5.4,5.2,130297.0,68930000.0,25.13,17.99,-16.12,1.29,3.8,5810000,7219700.0,2026-06-18,16:14:15
300576,容大感光,49.77,51.22,50.64,51.22,48.98,253288.0,1258130000.0,200.58,126.12,181.74,11.69,10.0,12597000,12731800.0,2026-06-18,16:14:33
300577,开润股份,15.2,15.45,15.39,15.4,15.13,15888.0,24230000.0,36.46,21.61,10.58,1.71,1.12,653700,935100.0,2026-06-18,16:14:36
300578,会畅科技,20.9,19.53,19.53,21.48,19.18,154799.0,321600000.0,41.44,41.43,-127.77,3.59,7.81,9227000,6252900.0,2026-06-18,16:14:00
300579,数字认证,22.63,22.01,22.15,23.22,21.78,67079.0,151810000.0,61.1,58.95,-73.52,7.72,2.58,3448600,3259300.0,2026-06-18,16:14:03
300580,贝斯特,22.76,22.94,22.85,23.22,22.41,139750.0,318990000.0,114.33,107.56,40.59,3.48,2.96,5469200,8505700.0,2026-06-18,16:14:24
300581,晨曦航空,11.94,12.34,12.18,12.3,11.85,195232.0,233980000.0,65.68,65.68,-96.12,7.17,3.55,9013700,10509500.0,2026-06-18,16:14:42
300582,英飞特,14.34,14.95,14.89,14.94,14.28,118531.0,172690000.0,42.81,31.77,-8.71,4.87,5.35,5806100,6047000.0,2026-06-18,16:14:18
300583,赛托生物,11.46,11.51,11.39,11.66,11.3,26722.0,30670000.0,21.74,21.33,-51.73,1.23,1.44,1399100,1273100.0,2026-06-18,16:14:06
300584,海辰药业,41.0,38.22,38.5,42.97,38.5,186596.0,757320000.0,49.2,33.67,110.85,4.6,22.73,10667100,7992400.0,2026-06-18,16:14:27
300585,奥联电子,17.92,17.9,17.89,18.36,17.51,49604.0,89120000.0,30.66,30.66,-41.69,4.84,2.9,2605200,2355200.0,2026-06-18,16:14:30
300586,美联新材,15.2,14.72,14.7,15.39,14.24,669491.0,1000950000.0,108.1,81.26,-137.89,5.86,12.52,36297200,30651900.0,2026-06-18,16:14:21
300587,天铁科技,4.52,4.66,4.6,4.66,4.46,289368.0,131220000.0,58.68,47.58,-27.89,2.62,2.75,13092100,15844700.0,2026-06-18,16:14:24
300588,熙菱信息,24.29,22.22,22.58,25.57,22.4,149185.0,356500000.0,46.51,42.95,-103.08,18.15,8.44,7186600,7731900.0,2026-06-18,16:14:27
300589,江龙船艇,12.76,13.21,13.0,13.03,12.66,153558.0,196910000.0,48.19,29.91,-38.39,6.94,6.55,7111200,8244600.0,2026-06-18,16:14:39
300590,移为通信,15.61,15.77,15.59,15.85,15.44,164798.0,256870000.0,72.16,55.85,61.83,3.9,4.61,7988500,8491300.0,2026-06-18,16:14:30
300591,万里马,7.4,7.21,7.16,7.49,7.06,193877.0,142360000.0,30.02,25.93,-22.16,17.56,5.53,10934500,8453200.0,2026-06-18,16:14:42
300592,华凯易佰,12.16,12.6,12.51,12.54,12.09,125580.0,153180000.0,49.17,42.42,21.07,2.05,3.6,6304200,6253800.0,2026-06-18,16:14:45
300593,新雷能,37.05,37.66,37.7,37.88,36.72,315619.0,1173590000.0,201.0,166.82,-103.19,8.76,7.01,14415200,17146600.0,2026-06-18,16:14:48
300594,ST朗进,14.93,15.64,15.45,15.67,14.91,19227.0,29110000.0,13.72,13.59,-99.38,1.8,2.11,526000,1396700.0,2026-06-18,16:14:33
300595,欧普康视,11.02,11.19,11.19,11.28,11.0,69063.0,76820000.0,98.66,73.67,21.2,2.0,1.03,2974400,3931900.0,2026-06-18,16:14:45
300596,利安隆,48.55,45.56,45.06,49.7,44.98,121302.0,580860000.0,111.48,111.48,21.41,2.3,5.28,7143300,4987000.0,2026-06-18,16:14:51
300597,吉大通信,7.8,7.9,7.85,7.94,7.69,52746.0,41250000.0,21.26,21.17,-24.57,2.27,1.94,2781500,2493100.0,2026-06-18,16:14:36
300598,诚迈科技,30.66,30.81,30.75,31.31,30.12,41888.0,129290000.0,66.53,66.51,-69.71,4.71,1.93,2269200,1919700.0,2026-06-18,16:14:54
300599,雄塑科技,12.48,12.58,12.4,12.5,11.79,188482.0,228720000.0,44.69,39.53,-92.14,2.33,5.95,7737300,11110900.0,2026-06-18,16:14:09
300600,国瑞科技,10.13,10.47,10.41,10.53,10.01,62317.0,63900000.0,29.81,29.81,-54.53,2.48,2.12,2972400,3259300.0,2026-06-18,16:14:39
300601,康泰生物,11.52,11.54,11.47,11.77,11.42,136643.0,158340000.0,128.67,103.72,158.39,1.41,1.52,6348700,7315700.0,2026-06-18,16:14:48
300602,飞荣达,49.52,49.15,49.06,50.48,48.4,256759.0,1269080000.0,288.14,195.8,75.01,7.0,6.49,13039500,12636500.0,2026-06-18,16:14:12
300603,立昂技术,8.66,8.37,8.4,8.97,8.37,226282.0,195500000.0,40.25,32.38,-22.44,3.19,6.05,12261700,10366500.0,2026-06-18,16:14:42
300604,长川科技,264.1,264.01,263.0,271.21,261.56,220181.0,5840970000.0,1675.5,1292.69,106.52,33.31,4.5,10734100,11284000.0,2026-06-18,16:14:45
300605,恒锋信息,10.07,10.14,9.96,10.37,9.84,59155.0,59870000.0,16.63,12.73,-43.16,3.81,4.68,3040200,2875300.0,2026-06-18,16:14:51
300606,金太阳,51.59,46.79,46.1,51.88,45.91,126983.0,640650000.0,71.37,60.71,356.35,10.84,10.79,6315900,6382400.0,2026-06-18,16:14:48
300607,拓斯达,38.81,37.56,37.45,39.48,37.08,452833.0,1735030000.0,185.11,130.98,156.74,6.38,13.42,25133700,20149600.0,2026-06-18,16:14:54
300608,思特奇,12.02,11.92,11.84,12.16,11.7,177982.0,212810000.0,41.83,36.58,-23.03,3.31,5.85,9432600,8365500.0,2026-06-18,16:14:57
300609,汇纳科技,33.74,31.64,31.63,34.55,30.88,65417.0,216080000.0,40.53,40.46,-40.11,4.42,5.45,3845100,2696600.0,2026-06-18,16:14:00
300610,晨化股份,10.44,10.58,10.47,10.6,10.33,34057.0,35730000.0,22.23,17.29,34.3,1.92,2.06,1661900,1743800.0,2026-06-18,16:14:15
300611,美力科技,26.12,25.88,25.89,26.49,25.25,58313.0,151670000.0,55.13,38.74,42.66,4.39,3.93,3203500,2627800.0,2026-06-18,16:14:18
300612,宣亚国际,11.91,11.85,11.75,12.11,11.62,49420.0,58780000.0,21.79,21.68,-24.72,4.86,2.72,2509400,2432600.0,2026-06-18,16:14:33
300613,富瀚微,68.61,68.42,68.21,69.48,67.4,131441.0,900150000.0,159.73,150.67,74.16,5.51,5.99,6710400,6433700.0,2026-06-18,16:14:03
300614,百川畅银,10.89,11.0,11.01,11.16,10.61,35144.0,38430000.0,17.47,17.47,-4.27,2.42,2.19,1931200,1583200.0,2026-06-18,16:14:06
300615,欣天科技,10.81,10.79,10.68,10.86,10.53,44546.0,47820000.0,20.86,16.55,-54.19,4.54,2.91,2335700,2118900.0,2026-06-18,16:14:21
300616,尚品宅配,13.4,12.76,12.66,13.83,12.5,133292.0,176600000.0,30.09,20.8,-9.81,1.06,8.59,6599100,6730100.0,2026-06-18,16:14:57
300617,安靠智电,58.28,58.7,59.9,60.65,57.99,76210.0,450920000.0,96.57,80.96,122.56,3.19,5.49,3422000,4198900.0,2026-06-18,16:14:09
300618,寒锐钴业,38.23,38.19,37.84,38.92,37.44,79689.0,303860000.0,118.4,104.18,42.83,2.15,2.92,3691500,4277400.0,2026-06-18,16:14:24
300619,金银河,39.44,39.66,39.33,40.18,38.94,45774.0,180840000.0,68.63,57.77,96.88,4.34,3.12,2357100,2220300.0,2026-06-18,16:14:27
300620,光库科技,390.8,395.2,390.5,396.2,382.26,134070.0,5210450000.0,973.8,965.68,462.47,45.19,5.43,6330700,7076300.0,2026-06-18,16:14:51
300621,维业股份,6.79,6.85,6.82,6.92,6.62,46673.0,31590000.0,14.13,13.75,-3.14,2.63,2.3,2359000,2308300.0,2026-06-18,16:14:12
300622,博士眼镜,15.42,15.74,15.6,15.74,15.18,67806.0,104740000.0,49.19,33.63,31.07,5.56,3.11,3033700,3746900.0,2026-06-18,16:14:00
300623,捷捷微电,37.49,36.87,36.5,38.44,36.22,529079.0,1971510000.0,311.95,287.68,67.06,5.09,6.89,29726200,23181600.0,2026-06-18,16:14:54
300624,万兴科技,56.6,53.29,53.21,59.13,52.5,153846.0,869270000.0,109.43,96.92,-102.84,11.21,8.98,8764200,6620300.0,2026-06-18,16:14:30
300625,三雄极光,9.6,9.71,9.65,9.76,9.48,21889.0,21070000.0,26.82,15.55,-49.7,1.44,1.35,1116800,1072100.0,2026-06-18,16:14:57
300626,华瑞股份,40.58,39.81,39.52,42.01,38.51,233896.0,945870000.0,73.04,73.0,494.04,13.8,13.0,11035800,12353800.0,2026-06-18,16:14:00
300627,华测导航,29.28,29.7,29.6,29.87,28.82,101787.0,298270000.0,232.05,191.42,34.73,5.65,1.56,4937500,5241200.0,2026-06-18,16:14:03
300628,亿联网络,33.2,33.78,33.7,33.75,33.15,81488.0,272240000.0,420.61,240.98,15.61,5.05,1.12,3485300,4663600.0,2026-06-18,16:14:03
300629,新劲刚,21.09,21.4,21.13,21.55,20.9,72367.0,153350000.0,53.03,45.72,47.84,3.03,3.34,3840900,3395800.0,2026-06-18,16:14:36
300630,普利退,0.89,0.89,0.0,0.0,0.0,0.0,0.0,5.0,3.99,-4.71,0.16,0.0,0,0.0,2026-06-18,09:00:00
300631,久吾高科,25.53,25.89,25.79,26.35,25.28,28950.0,74520000.0,31.92,31.05,44.43,2.41,2.38,1443100,1451900.0,2026-06-18,16:14:33
300632,光莆股份,31.48,29.43,29.1,31.85,29.0,508912.0,1549610000.0,96.07,69.63,-305.24,5.55,23.01,25749400,25141800.0,2026-06-18,16:14:39
300633,开立医疗,19.05,19.25,19.23,19.51,18.9,38499.0,73620000.0,80.93,49.55,45.57,2.71,1.48,1750100,2099800.0,2026-06-18,16:14:06
300634,彩讯股份,22.24,21.7,21.69,22.62,21.48,155032.0,344410000.0,100.35,96.58,41.39,3.29,3.57,7737100,7766100.0,2026-06-18,16:14:15
300635,中达安,13.28,13.77,13.78,14.09,13.2,81202.0,110080000.0,18.59,15.99,-20.59,6.05,6.74,3511400,4608800.0,2026-06-18,16:14:06
300636,同和药业,6.56,6.51,6.5,6.66,6.43,42397.0,27770000.0,27.55,24.1,38.75,1.16,1.15,2166500,2073200.0,2026-06-18,16:14:36
300637,扬帆新材,10.29,10.45,10.31,10.58,10.14,82132.0,84600000.0,24.16,24.13,1222.67,3.48,3.5,3773500,4439700.0,2026-06-18,16:14:42
300638,广和通,20.3,20.08,19.97,20.54,19.92,109433.0,222290000.0,182.55,107.68,76.41,3.01,2.06,5560400,5382900.0,2026-06-18,16:14:45
300639,凯普生物,5.34,5.23,5.25,5.38,5.21,104048.0,55340000.0,34.52,33.92,-32.44,0.91,1.64,5702400,4702400.0,2026-06-18,16:14:09
300640,德艺文创,5.71,5.79,5.77,5.82,5.66,73466.0,42090000.0,17.76,12.6,172.66,2.21,3.33,3522400,3824200.0,2026-06-18,16:14:39
300641,正丹股份,18.4,18.89,18.71,19.1,18.32,264096.0,491310000.0,96.7,96.7,24.62,3.21,5.03,12813500,13596200.0,2026-06-18,16:14:12
300642,透景生命,12.57,12.52,12.52,12.76,12.29,27861.0,34940000.0,20.43,17.31,-835.81,1.45,2.02,1457500,1328600.0,2026-06-18,16:14:18
300643,万通智控,18.52,18.19,18.08,18.77,17.9,65328.0,119870000.0,42.83,42.73,26.68,3.39,2.83,3358900,3173900.0,2026-06-18,16:14:15
300644,南京聚隆,25.76,25.71,25.6,26.22,25.22,25066.0,64840000.0,28.51,22.83,22.32,2.63,2.83,1153900,1352700.0,2026-06-18,16:14:18
300645,正元智慧,12.71,12.86,12.8,12.9,12.5,39504.0,50280000.0,18.06,17.71,136.88,1.72,2.84,1952200,1998200.0,2026-06-18,16:14:48
300647,超频三,6.23,6.1,6.1,6.31,5.96,171304.0,105560000.0,28.49,28.45,-19.94,6.64,3.75,9848200,7282200.0,2026-06-18,16:14:42
300648,星云股份,47.33,48.95,49.0,49.42,47.14,26783.0,128830000.0,82.49,62.8,-35.55,7.11,2.02,1195800,1482500.0,2026-06-18,16:14:21
300649,杭州园林,27.94,27.46,27.16,28.38,26.75,54875.0,151790000.0,37.0,29.65,-87.58,8.5,5.17,2585500,2902000.0,2026-06-18,16:14:09
300650,太龙股份,13.07,13.0,12.95,13.64,12.71,115406.0,152400000.0,31.55,22.26,76.63,2.2,6.77,5429600,6111000.0,2026-06-18,16:14:12
300651,金陵体育,20.04,20.39,20.52,20.84,19.96,71345.0,143680000.0,28.3,20.72,44.85,2.62,6.9,3405700,3728800.0,2026-06-18,16:14:15
300652,雷迪克,39.59,39.4,39.4,39.99,38.8,19601.0,77450000.0,52.81,47.4,39.69,3.44,1.64,1063700,896400.0,2026-06-18,16:14:51
300653,正海生物,14.95,14.09,14.36,15.75,14.24,67475.0,100990000.0,26.91,26.91,38.15,3.15,3.75,3305700,3441700.0,2026-06-18,16:14:54
300654,世纪天鸿,9.63,9.32,9.15,9.79,9.04,183330.0,173890000.0,35.26,33.96,139.94,4.2,5.2,9818600,8514300.0,2026-06-18,16:14:45
300655,晶瑞电材,16.41,16.62,16.66,17.15,16.28,914857.0,1515830000.0,184.88,183.83,164.27,7.22,8.17,42419100,49066600.0,2026-06-18,16:14:57
300656,民德电子,38.8,39.12,39.0,39.88,37.54,68543.0,266260000.0,66.4,51.56,-41.1,7.72,5.16,3161000,3693200.0,2026-06-18,16:14:21
300657,弘信电子,47.55,47.82,48.78,51.0,47.55,705876.0,3457700000.0,229.25,222.77,128.54,16.14,15.07,34012200,36575400.0,2026-06-18,16:14:24
300658,延江股份,12.54,12.52,12.35,12.65,12.04,123112.0,153200000.0,41.73,27.69,68.6,3.13,5.57,6231500,6079700.0,2026-06-18,16:14:00
300659,中孚信息,10.27,10.19,10.11,10.53,9.9,71225.0,73020000.0,26.74,19.43,-27.36,2.29,3.76,3849100,3273300.0,2026-06-18,16:14:03
300660,江苏雷利,30.49,30.04,30.04,30.86,29.61,87902.0,267400000.0,177.23,177.12,65.38,5.08,1.51,4831100,3959100.0,2026-06-18,16:14:48
300661,圣邦股份,132.77,131.55,132.67,134.8,129.64,149074.0,1966420000.0,824.52,795.78,134.95,15.43,2.49,7487200,7420300.0,2026-06-18,16:14:18
300662,科锐国际,18.39,18.6,18.8,19.31,18.35,54155.0,100920000.0,36.19,36.09,10.41,1.57,2.76,2444400,2971100.0,2026-06-18,16:14:51
300663,科蓝软件,7.1,7.24,7.24,7.29,7.05,146494.0,104690000.0,33.97,32.64,-8.14,10.6,3.19,7152800,7496600.0,2026-06-18,16:14:24
300664,鹏鹞环保,4.51,4.68,4.7,4.71,4.48,137626.0,62560000.0,34.11,32.71,31.32,0.79,1.9,5941900,7820700.0,2026-06-18,16:14:21
300665,飞鹿股份,9.8,9.8,0.0,0.0,0.0,0.0,0.0,22.49,21.37,-10.76,4.99,0.0,0,0.0,2026-06-18,16:14:27
300666,江丰电子,311.2,301.57,301.58,325.68,300.6,256254.0,8016170000.0,825.68,688.11,149.57,11.82,11.59,13429200,12196200.0,2026-06-18,16:14:54
300667,必创科技,19.31,19.37,19.21,19.68,18.99,111899.0,216930000.0,39.52,33.33,-40.99,3.82,6.48,5535700,5654200.0,2026-06-18,16:14:06
300668,杰恩股份,62.75,63.3,63.8,64.77,61.59,54138.0,339740000.0,75.54,62.56,756.82,9.69,5.43,2574600,2839200.0,2026-06-18,16:14:24
300669,沪宁股份,31.79,29.54,29.2,32.35,29.0,41732.0,129520000.0,61.26,58.02,346.86,7.08,2.29,2430700,1742500.0,2026-06-18,16:14:30
300670,大烨智能,5.81,5.98,5.96,5.96,5.75,123142.0,71900000.0,18.41,13.05,-9.2,4.35,5.48,5904100,6410100.0,2026-06-18,16:14:27
300671,富满微,60.47,54.45,54.0,62.05,53.91,320181.0,1867160000.0,133.87,133.48,-97.23,8.44,14.5,18699300,13318800.0,2026-06-18,16:14:57
300672,国科微,330.55,325.3,322.05,342.21,318.5,122007.0,4026200000.0,717.63,695.27,-312.22,18.61,5.8,6189900,6010800.0,2026-06-18,16:14:33
300673,佩蒂股份,12.8,13.32,13.17,13.4,12.72,33675.0,43510000.0,31.66,20.54,31.18,1.86,2.1,1205700,2161800.0,2026-06-18,16:14:00
300674,宇信科技,16.01,16.15,16.14,16.29,15.88,81121.0,130580000.0,112.72,112.55,26.88,2.55,1.15,4099200,4012800.0,2026-06-18,16:14:03
300675,建科院,12.82,12.93,12.81,13.02,12.52,23647.0,30270000.0,18.8,18.8,-24.67,3.82,1.61,1301700,1063000.0,2026-06-18,16:14:36
300676,华大基因,35.52,34.18,34.33,36.13,34.0,106693.0,378350000.0,148.59,147.78,-25.91,1.76,2.56,5608000,5061300.0,2026-06-18,16:14:30
300677,英科医疗,40.23,41.32,41.32,41.32,40.1,126506.0,512960000.0,263.41,187.32,39.43,1.45,2.72,6169800,6480900.0,2026-06-18,16:14:39
300678,中科信息,23.77,23.54,23.53,24.15,23.25,67768.0,160830000.0,70.45,69.22,446.92,8.36,2.33,3325200,3451600.0,2026-06-18,16:14:27
300679,电连技术,72.19,66.31,66.25,74.2,66.0,410623.0,2910000000.0,306.68,259.48,131.36,6.25,11.42,24003500,17058900.0,2026-06-18,16:14:42
300680,隆盛科技,26.16,25.91,25.9,26.5,25.63,76689.0,200180000.0,76.94,59.22,32.09,3.84,3.39,3926300,3742600.0,2026-06-18,16:14:33
300681,英搏尔,31.8,32.26,32.03,33.27,31.71,103607.0,333050000.0,97.33,73.39,41.98,3.17,4.49,4944400,5416300.0,2026-06-18,16:14:36
300682,朗新科技,11.13,11.26,11.24,11.31,11.03,141049.0,157430000.0,120.01,114.79,231.33,1.84,1.37,7178500,6926400.0,2026-06-18,16:14:39
300683,海特生物,24.22,24.18,24.2,24.75,23.58,38986.0,94450000.0,31.7,29.56,-13.19,1.48,3.19,1895700,2002900.0,2026-06-18,16:14:42
300684,中石科技,60.43,59.41,58.8,61.16,58.35,137778.0,824910000.0,180.99,123.46,52.98,9.0,6.74,7330800,6447100.0,2026-06-18,16:14:30
300685,艾德生物,16.75,16.73,16.7,17.06,16.37,99497.0,166220000.0,65.34,65.25,18.36,3.5,2.55,5415500,4534200.0,2026-06-18,16:14:09
300686,智动力,19.35,19.25,19.16,19.61,18.8,103861.0,199050000.0,50.43,50.1,-31.12,6.67,4.01,4936700,5449400.0,2026-06-18,16:14:33
300687,赛意信息,27.37,26.99,27.0,28.38,26.68,246569.0,681030000.0,111.78,89.48,-111.63,4.18,7.54,12020000,12636900.0,2026-06-18,16:14:45
300688,创业黑马,29.93,30.08,29.8,30.58,29.6,56885.0,171410000.0,50.1,44.41,-91.7,13.66,3.83,3044200,2644300.0,2026-06-18,16:14:48
300689,澄天伟业,63.0,60.27,60.27,63.68,60.0,33485.0,208240000.0,72.83,63.74,1047.1,10.6,3.31,1954900,1393600.0,2026-06-18,16:14:45
300690,双一科技,23.88,24.03,24.38,24.38,23.66,31261.0,75100000.0,39.49,26.47,26.21,2.54,2.82,1522000,1604200.0,2026-06-18,16:14:12
300691,联合光电,16.76,16.87,16.7,17.02,16.33,83593.0,139950000.0,45.09,37.0,153.45,2.74,3.79,4066900,4292400.0,2026-06-18,16:14:36
300692,中赋科技,7.58,7.53,7.54,7.85,7.33,138163.0,105210000.0,42.62,38.89,65.02,1.37,2.69,7234200,6582100.0,2026-06-18,16:14:51
300693,盛弘股份,48.38,48.2,48.0,49.4,47.76,137613.0,668960000.0,151.33,130.07,30.98,7.22,5.12,6862300,6899000.0,2026-06-18,16:14:39
300694,蠡湖股份,9.97,10.15,10.07,10.15,9.88,53522.0,53590000.0,21.64,21.61,16.57,1.45,2.47,2257500,3094700.0,2026-06-18,16:14:42
300695,兆丰股份,56.3,54.85,55.0,56.59,54.12,11057.0,61610000.0,57.57,57.57,19.03,2.01,1.08,667900,437800.0,2026-06-18,16:14:48
300696,爱乐达,33.66,33.47,33.14,33.98,32.69,95665.0,319310000.0,99.04,89.9,184.56,5.21,3.58,4485000,5081500.0,2026-06-18,16:14:51
300697,电工合金,19.01,17.13,17.1,19.49,17.05,417212.0,783040000.0,82.24,62.97,44.39,6.62,12.6,24950300,16770900.0,2026-06-18,16:14:15
300698,万马科技,31.99,31.9,31.8,32.43,31.38,19216.0,61540000.0,42.87,37.92,89.13,8.01,1.62,1011700,909900.0,2026-06-18,16:14:18
300699,光威复材,28.54,28.86,28.7,29.08,28.21,177794.0,509020000.0,237.27,234.43,41.63,4.4,2.16,8604900,9174500.0,2026-06-18,16:14:21
300700,岱勒新材,24.55,22.68,22.46,25.0,22.29,226946.0,545030000.0,97.47,66.43,-61.58,12.63,8.39,12283800,10410800.0,2026-06-18,16:14:54
300701,森霸传感,10.05,10.24,10.24,10.25,9.98,37240.0,37570000.0,28.41,25.04,37.88,3.01,1.49,1689600,2034400.0,2026-06-18,16:14:45
300702,天宇股份,20.13,19.39,19.34,20.38,18.98,57635.0,114520000.0,70.05,42.36,73.18,1.91,2.74,3537800,2225700.0,2026-06-18,16:14:06
300703,创源股份,14.18,14.35,14.34,14.46,13.84,50155.0,71050000.0,25.58,23.58,121.38,3.37,3.02,2850100,2165400.0,2026-06-18,16:14:54
300705,九典制药,10.14,10.25,10.23,10.4,10.12,43669.0,44740000.0,50.73,37.41,12.56,2.07,1.18,2073600,2293300.0,2026-06-18,16:14:57
300706,阿石创,75.01,76.87,74.0,78.96,72.12,260447.0,1956350000.0,115.17,85.38,-340.17,16.63,22.88,13538700,12506100.0,2026-06-18,16:14:48
300707,威唐工业,12.2,12.1,12.01,12.29,11.96,40517.0,49320000.0,21.54,17.79,80.21,1.94,2.78,2116800,1934900.0,2026-06-18,16:14:24
300708,聚灿光电,8.43,8.62,8.5,8.55,8.36,228571.0,192160000.0,79.15,59.85,45.71,2.76,3.22,8370000,14487100.0,2026-06-18,16:14:00
300709,精研科技,63.06,61.01,61.0,65.5,60.5,176308.0,1112100000.0,117.34,94.13,614.54,5.44,11.81,9370500,8260300.0,2026-06-18,16:14:09
300710,万隆光电,34.73,36.36,36.36,38.17,34.51,75710.0,274620000.0,34.55,25.9,-99.71,7.97,10.15,3500300,4070700.0,2026-06-18,16:14:57
300711,广哈通信,17.8,17.61,17.5,17.99,17.23,35082.0,62300000.0,49.92,44.22,63.59,3.37,1.41,2015000,1493200.0,2026-06-18,16:14:03
300712,永福股份,21.99,22.52,22.25,22.48,21.88,21437.0,47350000.0,41.24,41.06,592.43,3.24,1.15,942300,1201400.0,2026-06-18,16:14:51
300713,英可瑞,13.96,13.95,13.96,14.39,13.5,53512.0,74580000.0,22.16,12.06,-21.22,5.0,6.2,2640100,2711100.0,2026-06-18,16:14:06
300715,凯伦股份,18.6,19.91,19.77,19.77,18.01,294016.0,547320000.0,70.32,58.21,248.74,4.01,9.39,13676200,15725300.0,2026-06-18,16:14:09
300716,*ST泉为,21.53,19.84,19.98,22.0,19.7,70263.0,150080000.0,34.45,34.45,-15.67,-19.3,4.39,3709000,3317300.0,2026-06-18,16:14:54
300717,华信新材,16.8,17.03,16.84,17.05,16.55,17127.0,28840000.0,17.27,17.11,33.49,2.36,1.68,819000,893700.0,2026-06-18,16:14:27
300718,长盛轴承,67.65,66.66,66.51,68.08,66.07,75429.0,508560000.0,202.12,133.04,77.34,11.71,3.84,3776900,3766000.0,2026-06-18,16:14:00
300719,安达维尔,12.86,13.04,13.03,13.18,12.67,63291.0,81980000.0,32.69,23.1,-288.6,3.24,3.52,2546400,3782700.0,2026-06-18,16:14:12
300720,海川智能,81.6,84.5,84.33,85.49,79.88,137201.0,1128240000.0,159.02,150.26,694.33,27.51,7.45,6500600,7219500.0,2026-06-18,16:14:12
300721,怡达股份,28.05,30.12,29.32,29.49,27.88,237647.0,674990000.0,46.24,38.81,-67.16,4.15,17.18,11015700,12749000.0,2026-06-18,16:14:30
300722,新余国科,23.23,23.6,23.61,23.83,23.1,37730.0,88090000.0,64.29,64.29,78.46,10.28,1.36,1644300,2128700.0,2026-06-18,16:14:33
300723,一品红,33.42,32.78,32.6,34.17,32.14,100280.0,334070000.0,150.96,140.09,75.48,7.8,2.39,5111300,4916700.0,2026-06-18,16:14:15
300724,捷佳伟创,72.88,74.04,73.38,73.9,72.56,107474.0,786680000.0,253.84,209.69,11.65,1.93,3.74,5136400,5611000.0,2026-06-18,16:14:36
300725,药石科技,33.21,32.1,31.99,33.67,31.78,77470.0,255180000.0,77.65,67.32,39.45,1.43,3.82,4305800,3441200.0,2026-06-18,16:14:15
300726,宏达电子,85.41,85.13,83.0,89.2,83.0,322665.0,2786200000.0,351.75,183.15,79.92,7.34,15.05,16811200,15455300.0,2026-06-18,16:14:18
300727,润禾材料,34.89,38.13,36.05,36.7,34.8,167051.0,594260000.0,62.85,56.56,51.01,4.74,10.3,7790200,8914900.0,2026-06-18,16:14:03
300729,乐歌股份,10.35,10.37,10.35,10.44,10.26,16509.0,17060000.0,35.36,34.04,16.96,0.99,0.5,756500,894400.0,2026-06-18,16:14:57
300730,科创信息,14.29,12.65,12.51,14.56,12.49,234959.0,324020000.0,34.46,29.55,-27.61,21.67,11.36,13308800,10187200.0,2026-06-18,16:14:18
300731,科创新源,63.4,60.08,59.93,64.38,59.55,108325.0,676450000.0,112.4,106.67,498.78,18.33,6.44,6035500,4797000.0,2026-06-18,16:14:39
300732,设研院,6.08,6.11,6.07,6.16,6.0,46908.0,28560000.0,22.53,22.51,-14.11,0.8,1.27,2281300,2409500.0,2026-06-18,16:14:00
300733,西菱动力,14.83,14.92,14.92,15.5,14.38,151466.0,227020000.0,58.82,43.37,73.48,3.38,5.18,6873000,8273600.0,2026-06-18,16:14:21
300735,光弘科技,23.19,24.85,24.35,24.35,23.16,522647.0,1225210000.0,187.63,175.64,69.4,3.4,6.9,23999800,28264900.0,2026-06-18,16:14:03
300736,百邦科技,35.58,34.58,34.88,36.08,34.03,79232.0,278010000.0,45.52,44.37,-156.68,69.17,6.35,3705600,4217600.0,2026-06-18,16:14:06
300737,科顺股份,7.68,8.16,7.92,8.1,7.6,1082038.0,841540000.0,85.25,68.11,-16.64,2.16,12.2,53012900,55191000.0,2026-06-18,16:14:24
300738,奥飞数据,21.12,20.08,20.2,21.29,20.08,838322.0,1751860000.0,208.07,208.01,120.05,5.42,8.51,43252200,40579900.0,2026-06-18,16:14:21
300739,明阳电路,33.99,32.37,32.3,34.54,31.45,341814.0,1121070000.0,126.94,116.64,148.38,4.62,9.96,16197100,17984400.0,2026-06-18,16:14:27
300740,水羊股份,22.75,22.03,22.3,22.98,22.11,118838.0,268670000.0,89.23,82.2,63.21,4.02,3.29,5586800,6296900.0,2026-06-18,16:14:09
300741,华宝股份,14.01,14.02,13.91,14.09,13.75,17766.0,24750000.0,86.28,86.28,108.34,1.27,0.29,893200,883400.0,2026-06-18,16:14:06
300743,天地数码,15.91,16.08,16.01,16.08,15.75,18614.0,29670000.0,24.06,20.27,20.81,3.55,1.46,998900,862500.0,2026-06-18,16:14:30
300745,欣锐科技,44.92,44.12,43.9,45.3,43.38,49453.0,220610000.0,75.72,63.93,-93.9,3.42,3.47,2580100,2365200.0,2026-06-18,16:14:33
300746,汉嘉数智,11.14,11.23,11.16,11.4,11.03,28267.0,31710000.0,25.15,24.9,36.14,3.05,1.26,1244200,1582500.0,2026-06-18,16:14:36
300747,锐科激光,54.05,54.93,54.94,57.1,53.82,387606.0,2132550000.0,303.54,282.13,162.56,8.87,7.43,18276700,20483900.0,2026-06-18,16:14:39
300748,金力永磁,33.43,32.29,32.3,34.0,32.12,499496.0,1664880000.0,459.86,377.77,62.32,6.24,4.42,25682600,24267000.0,2026-06-18,16:14:42
300749,顶固集创,22.55,21.13,20.98,22.88,20.62,115087.0,249960000.0,46.27,35.49,-435.3,8.4,7.31,6487500,5021200.0,2026-06-18,16:14:12
300750,宁德时代,391.55,399.0,400.39,409.89,389.92,385481.0,15327440000.0,18115.56,16668.33,22.94,5.54,0.91,18144900,20403200.0,2026-06-18,16:14:15
300751,迈为股份,220.64,225.0,220.95,226.81,216.5,105517.0,2338680000.0,615.37,425.5,90.82,7.94,5.47,4961300,5590500.0,2026-06-18,16:14:42
300752,隆利科技,14.5,14.36,14.24,14.79,13.8,159304.0,227780000.0,46.82,32.36,102.09,3.71,7.14,8146200,7784200.0,2026-06-18,16:14:09
300753,爱朋医疗,20.71,20.83,20.62,21.49,20.5,33940.0,70740000.0,26.1,18.2,-242.55,3.94,3.86,1577000,1817000.0,2026-06-18,16:14:45
300755,华致酒行,14.9,15.03,14.92,15.03,14.45,51831.0,76400000.0,62.1,62.07,-15.48,2.21,1.24,2316000,2867100.0,2026-06-18,16:14:48
300756,金马游乐,33.41,33.59,33.59,34.17,32.37,63422.0,210080000.0,73.71,64.15,67.95,5.04,3.3,3088100,3254100.0,2026-06-18,16:14:24
300757,罗博特科,666.0,660.21,647.89,668.46,641.11,78055.0,5143670000.0,1116.27,1082.69,-1411.42,68.67,4.8,4089300,3716100.0,2026-06-18,16:14:45
300758,七彩化学,12.95,13.25,13.16,13.35,12.81,148124.0,192640000.0,51.69,46.59,111.92,2.94,4.12,6745500,8066900.0,2026-06-18,16:14:48
300759,康龙化成,22.71,22.17,22.02,22.94,21.86,418637.0,944370000.0,417.25,322.49,24.64,2.54,2.95,21835400,20028300.0,2026-06-18,16:14:51
300760,迈瑞医疗,140.01,143.35,143.35,145.25,140.01,104818.0,1485820000.0,1697.54,1696.08,21.66,4.4,0.87,4951900,5529800.0,2026-06-18,16:14:27
300761,立华股份,17.19,17.3,17.36,17.44,17.02,60507.0,103930000.0,145.49,109.51,27.63,1.55,0.95,2957300,3093400.0,2026-06-18,16:14:18
300762,上海瀚讯,40.9,38.86,37.71,41.8,37.71,562380.0,2255650000.0,256.84,256.84,-143.18,11.3,8.96,29400100,26837900.0,2026-06-18,16:14:12
300763,锦浪科技,92.06,93.31,92.25,94.6,91.63,115210.0,1069280000.0,366.46,296.06,60.11,4.09,3.58,5208600,6312400.0,2026-06-18,16:14:21
300765,石药创新,23.95,24.59,24.36,24.99,23.81,150155.0,363750000.0,336.4,336.4,-109.19,13.05,1.07,7395600,7619900.0,2026-06-18,16:14:24
300766,每日互动,24.08,24.34,24.48,24.51,23.8,174771.0,422950000.0,95.06,86.19,-275.13,6.07,4.88,8811400,8665700.0,2026-06-18,16:14:54
300767,震安科技,22.89,22.1,22.0,23.4,21.51,184381.0,418640000.0,63.24,54.91,-56.4,4.16,7.69,11145000,7293100.0,2026-06-18,16:14:27
300768,迪普科技,14.67,14.45,14.31,14.82,14.29,55734.0,81510000.0,94.45,61.71,48.03,2.71,1.32,2871300,2702100.0,2026-06-18,16:14:51
300769,德方纳米,68.22,68.58,67.65,69.68,65.96,364937.0,2470570000.0,191.14,171.75,-49.15,3.66,14.5,18634100,17859700.0,2026-06-18,16:14:54
300770,新媒股份,33.76,34.12,33.9,34.23,33.66,10263.0,34810000.0,76.92,76.92,11.97,2.16,0.45,450700,575600.0,2026-06-18,16:14:57
300771,智莱科技,11.36,11.54,11.48,11.55,11.25,31721.0,36140000.0,27.26,20.29,29.73,1.4,1.78,1468000,1704200.0,2026-06-18,16:14:57
300772,运达股份,12.12,12.37,12.33,12.45,12.04,157304.0,192170000.0,95.37,84.58,28.99,1.42,2.25,6842600,8887800.0,2026-06-18,16:14:30
300773,拉卡拉,24.21,24.7,24.65,24.68,24.1,300475.0,730500000.0,188.03,177.88,11.29,3.86,4.09,12750100,17297300.0,2026-06-18,16:14:30
300774,倍杰特,13.57,13.11,12.94,13.64,12.81,156224.0,206560000.0,55.47,26.45,146.36,3.84,8.02,7618700,8003700.0,2026-06-18,16:14:15
300775,三角防务,22.91,23.04,22.9,23.36,22.65,149853.0,344900000.0,125.44,121.8,46.33,2.15,2.82,7092000,7893300.0,2026-06-18,16:14:00
300776,帝尔激光,169.41,172.61,169.16,172.39,166.0,151791.0,2565030000.0,483.22,303.77,92.97,12.63,8.47,7035400,8143700.0,2026-06-18,16:14:33
300777,中简科技,29.4,28.96,28.74,30.17,28.4,161649.0,476770000.0,129.27,126.69,58.66,2.88,3.75,7677500,8487400.0,2026-06-18,16:14:03
300778,新城市,9.85,10.05,10.05,10.07,9.78,38825.0,38440000.0,20.06,20.06,-38.83,1.67,1.91,2047300,1835300.0,2026-06-18,16:14:18
300779,惠城环保,61.24,61.38,60.92,62.82,59.84,93203.0,567620000.0,182.06,138.82,269.15,8.23,4.11,4269500,5050800.0,2026-06-18,16:14:21
300780,德恩精工,31.68,31.9,31.78,32.43,31.01,94698.0,300650000.0,46.47,34.07,-105.22,4.64,8.81,4638300,4831500.0,2026-06-18,16:14:36
300781,因赛集团,29.03,28.33,28.22,29.54,27.81,44821.0,129660000.0,47.66,35.17,-53.17,8.66,3.7,2482700,1999400.0,2026-06-18,16:14:00
300782,卓胜微,106.1,99.8,99.74,109.01,99.2,416524.0,4367370000.0,610.06,475.59,-156.2,4.63,9.29,21324500,20327900.0,2026-06-18,16:14:06
300783,三只松鼠,16.36,16.59,16.55,16.68,16.28,40259.0,66090000.0,65.72,45.85,34.65,2.07,1.44,2023800,2002100.0,2026-06-18,16:14:09
300784,利安科技,47.4,46.45,46.45,47.8,45.01,13739.0,64250000.0,26.66,7.97,56.91,3.32,8.17,734200,639700.0,2026-06-18,16:14:39
300785,值得买,40.47,39.94,39.8,40.92,39.16,74465.0,300370000.0,80.48,49.51,81.55,4.18,6.09,3476100,3970400.0,2026-06-18,16:14:42
300786,国林科技,21.2,21.65,21.87,22.09,20.96,133267.0,283410000.0,39.01,31.04,-459.65,3.49,9.1,6342400,6984300.0,2026-06-18,16:14:45
300787,海能实业,9.58,9.67,9.56,9.71,9.41,52662.0,50410000.0,30.03,18.83,45.92,2.03,2.68,2505800,2760400.0,2026-06-18,16:14:48
300788,中信出版,24.71,24.7,24.7,24.91,24.21,20003.0,49380000.0,46.99,46.99,40.01,2.09,1.05,957400,1042900.0,2026-06-18,16:14:24
300789,唐源电气,19.17,19.01,18.99,19.45,18.81,18845.0,36210000.0,27.58,26.76,83.18,2.6,1.35,956700,927800.0,2026-06-18,16:14:12
300790,宇瞳光学,28.2,29.08,28.02,28.9,27.63,479186.0,1357440000.0,147.43,129.54,58.04,5.5,10.43,21825600,26093000.0,2026-06-18,16:14:15
300791,仙乐健康,16.45,16.72,16.66,16.78,16.41,11832.0,19540000.0,50.78,42.35,43.11,1.84,0.46,718200,465000.0,2026-06-18,16:14:51
300792,壹网壹创,29.88,29.33,29.65,30.1,28.78,46414.0,137700000.0,70.8,63.51,62.68,2.41,2.18,2405500,2236000.0,2026-06-18,16:14:33
300793,佳禾智能,12.45,12.35,12.22,12.59,12.06,64577.0,80040000.0,47.38,46.32,-26.45,1.7,1.74,3383400,3074300.0,2026-06-18,16:14:36
300795,米奥会展,9.03,9.02,9.06,9.19,8.86,43534.0,39450000.0,26.99,15.71,18.14,4.75,2.5,2077900,2275500.0,2026-06-18,16:14:39
300796,贝斯美,6.78,6.9,6.86,7.06,6.76,45914.0,31460000.0,24.49,24.49,2328.98,1.43,1.27,2052200,2539200.0,2026-06-18,16:14:27
300797,钢研纳克,14.36,14.1,13.96,14.42,13.83,40636.0,57950000.0,54.96,54.35,33.67,4.07,1.07,2004900,2058700.0,2026-06-18,16:14:03
300798,锦鸡股份,7.1,7.28,7.22,7.33,7.08,135139.0,96900000.0,35.01,28.8,-79.67,2.13,3.33,5923700,7590300.0,2026-06-18,16:14:54
300800,力合科技,9.81,9.87,9.81,9.94,9.68,29283.0,28760000.0,23.23,22.99,50.66,1.14,1.25,1442100,1486200.0,2026-06-18,16:14:06
300801,泰和科技,27.2,28.03,27.78,27.98,27.0,66516.0,182460000.0,59.41,37.23,44.86,2.32,4.86,2803000,3848600.0,2026-06-18,16:14:30
300802,矩子科技,27.98,27.03,26.47,28.08,25.89,300491.0,809910000.0,79.49,54.48,88.06,5.23,15.43,13711200,16337900.0,2026-06-18,16:14:18
300803,指南针,95.76,97.79,97.7,98.71,95.0,228795.0,2203270000.0,583.94,579.67,291.29,20.38,3.78,10866700,12012800.0,2026-06-18,16:14:21
300804,广康生化,36.43,36.91,36.43,38.03,36.38,14060.0,52090000.0,26.96,10.02,117.07,1.97,5.11,639300,766700.0,2026-06-18,16:14:09
300805,电声股份,7.9,7.9,7.85,8.05,7.75,50104.0,39600000.0,33.53,22.78,101.75,2.15,1.74,2488900,2521500.0,2026-06-18,16:14:12
300806,斯迪克,101.5,98.4,100.0,105.48,98.52,324339.0,3322550000.0,460.1,321.16,697.78,19.71,10.25,16793800,15640100.0,2026-06-18,16:14:57
300807,天迈科技,38.98,39.52,39.41,39.52,38.64,18152.0,70750000.0,26.52,20.25,-74.16,5.91,3.49,975800,839400.0,2026-06-18,16:14:15
300808,久量股份,22.73,23.7,23.48,23.78,22.5,27873.0,64170000.0,36.37,27.03,-54.96,3.87,2.34,1153900,1633400.0,2026-06-18,16:14:42
300809,华辰装备,31.97,30.91,30.61,32.2,30.61,85906.0,271980000.0,81.06,48.14,42.36,4.43,5.71,4822500,3768000.0,2026-06-18,16:14:24
300810,中科海讯,26.03,26.52,26.21,26.74,25.92,26095.0,68450000.0,30.73,29.68,-93.41,4.0,2.29,1358900,1250600.0,2026-06-18,16:14:27
300811,铂科新材,107.18,97.65,95.6,108.99,94.5,268483.0,2776950000.0,434.98,356.68,100.48,14.17,8.07,14621900,12226400.0,2026-06-18,16:14:00
300812,易天股份,29.58,30.51,29.56,30.0,29.12,194057.0,575090000.0,58.01,52.63,770.46,7.46,10.91,8013200,11392500.0,2026-06-18,16:14:18
300813,泰林生物,19.58,19.56,19.42,19.94,19.24,15521.0,30500000.0,23.73,14.89,133.34,2.94,2.04,857700,694400.0,2026-06-18,16:14:03
300814,中富电路,191.3,180.25,180.3,194.9,178.12,115534.0,2157670000.0,366.21,366.21,962.15,22.36,6.04,6018800,5534500.0,2026-06-18,16:14:30
300815,玉禾田,18.55,18.59,18.5,18.77,18.33,31526.0,58490000.0,73.94,72.42,13.18,1.62,0.81,1559500,1593200.0,2026-06-18,16:14:45
300816,艾可蓝,83.06,82.19,81.9,85.48,81.69,20637.0,172250000.0,66.45,48.48,68.96,7.01,3.54,908800,1154900.0,2026-06-18,16:14:48
300817,双飞集团,17.96,17.75,17.66,18.35,17.59,25835.0,46400000.0,39.21,22.5,57.05,3.82,2.06,1326100,1257300.0,2026-06-18,16:14:06
300818,耐普矿机,22.4,22.4,22.4,23.45,22.11,28530.0,64600000.0,49.15,31.84,77.22,2.74,2.01,1296500,1556500.0,2026-06-18,16:14:21
300819,聚杰微纤,71.15,71.11,69.65,71.91,66.13,65466.0,457920000.0,106.16,95.88,204.66,12.33,4.86,3364100,3182500.0,2026-06-18,16:14:33
300820,英杰电气,73.09,73.16,72.95,73.09,70.06,56309.0,402940000.0,162.44,81.7,77.83,6.52,5.04,2662300,2968600.0,2026-06-18,16:14:09
300821,东岳硅材,19.82,20.45,20.2,20.59,19.72,1040937.0,2078780000.0,237.84,237.8,172.47,4.66,8.68,46273500,57820200.0,2026-06-18,16:14:24
300822,贝仕达克,12.89,13.1,13.01,13.19,12.8,21135.0,27450000.0,40.16,37.25,169.76,3.22,0.73,1059700,1053800.0,2026-06-18,16:14:36
300823,建科智能,15.47,15.68,15.56,15.76,15.28,37107.0,57470000.0,20.26,13.12,39.35,2.16,4.38,2036700,1674000.0,2026-06-18,16:14:33
300824,北鼎股份,7.77,7.87,7.8,7.89,7.69,34265.0,26710000.0,25.36,24.59,22.45,3.39,1.08,1919300,1507200.0,2026-06-18,16:14:12
300825,阿尔特,16.9,16.81,16.75,17.46,16.09,516738.0,872780000.0,83.63,81.88,-33.76,4.16,10.67,24275300,27398500.0,2026-06-18,16:14:36
300826,测绘股份,15.02,14.71,14.55,15.07,14.53,77023.0,114500000.0,34.28,32.98,239.36,2.29,3.51,4298200,3404100.0,2026-06-18,16:14:39
300827,上能电气,30.1,30.33,30.18,30.33,29.65,141892.0,425140000.0,167.56,116.5,35.44,3.96,3.67,7405400,6783800.0,2026-06-18,16:14:27
300828,锐新科技,21.62,19.85,19.85,21.78,19.64,131196.0,273160000.0,35.98,18.24,131.14,4.61,15.55,7345800,5773800.0,2026-06-18,16:14:42
300829,金丹科技,15.1,15.1,15.0,15.18,14.7,41261.0,61780000.0,34.32,23.67,32.44,1.42,2.63,2190300,1935700.0,2026-06-18,16:14:30
300830,金现代,8.85,8.83,8.81,8.92,8.63,118986.0,104630000.0,39.97,29.83,-50.61,3.04,3.53,6103100,5795500.0,2026-06-18,16:14:39
300831,ST派瑞,19.73,19.41,19.51,19.85,19.01,114018.0,222150000.0,63.14,36.4,106.75,6.49,6.18,5333200,6068600.0,2026-06-18,16:14:33
300832,新产业,42.0,42.7,42.94,43.09,41.71,73183.0,308670000.0,330.0,286.91,20.31,3.86,1.07,3440200,3878000.0,2026-06-18,16:14:42
300833,浩洋股份,32.2,32.84,32.51,32.84,32.05,5540.0,17910000.0,40.73,26.16,25.4,1.7,0.68,238600,315500.0,2026-06-18,16:14:45
300834,星辉环材,47.11,50.15,49.98,50.11,45.43,67266.0,317700000.0,91.26,90.65,172.86,3.17,3.5,2844100,3882500.0,2026-06-18,16:14:15
300835,龙磁科技,208.08,193.2,192.28,212.0,191.0,67969.0,1394870000.0,248.13,173.01,148.05,19.87,8.17,3669300,3127500.0,2026-06-18,16:14:51
300836,佰奥智能,75.44,75.03,74.14,75.5,73.7,17881.0,133320000.0,69.92,47.87,71.71,10.91,2.82,911300,876800.0,2026-06-18,16:14:48
300837,浙矿股份,26.24,26.41,26.5,26.57,25.86,14937.0,39210000.0,26.24,19.84,36.43,1.9,1.98,768400,725400.0,2026-06-18,16:14:18
300838,浙江力诺,14.31,14.66,14.69,14.69,14.18,38040.0,54570000.0,19.74,14.56,-60.48,2.08,3.74,2021700,1782300.0,2026-06-18,16:14:54
300839,博汇股份,14.12,14.08,14.1,14.5,13.7,74863.0,105700000.0,41.65,40.9,116.57,5.17,2.58,3720800,3765500.0,2026-06-18,16:14:45
300840,酷特智能,21.51,21.3,21.06,21.7,20.92,56855.0,121610000.0,51.62,38.09,150.99,4.1,3.21,2932400,2753100.0,2026-06-18,16:14:48
300841,康华生物,46.34,46.08,45.81,46.75,45.26,18292.0,84330000.0,60.22,55.11,26.58,1.72,1.54,1069800,759400.0,2026-06-18,16:14:36
300842,帝科股份,86.2,78.06,78.73,90.53,78.0,116156.0,993010000.0,125.23,111.3,-42.23,7.81,9.0,5952600,5663000.0,2026-06-18,16:14:51
300843,胜蓝股份,126.8,120.6,121.63,128.88,118.27,90338.0,1120280000.0,207.58,203.52,176.2,12.87,5.63,4941000,4092800.0,2026-06-18,16:14:57
300844,山水比德,23.83,24.83,24.52,24.95,23.83,20288.0,49450000.0,22.21,21.41,-36.99,2.9,2.26,1042100,986700.0,2026-06-18,16:14:54
300845,捷安高科,13.55,13.04,12.9,13.61,12.71,77933.0,103150000.0,27.86,19.48,84.1,3.57,5.42,4430300,3363000.0,2026-06-18,16:14:51
300846,首都在线,22.82,22.39,22.35,23.15,22.11,305200.0,695070000.0,115.08,94.97,-75.8,14.83,7.33,15338200,15181800.0,2026-06-18,16:14:39
300847,中船汉光,14.03,14.43,14.35,14.35,13.97,29589.0,41640000.0,41.53,41.53,36.41,2.8,1.0,964400,1994500.0,2026-06-18,16:14:54
300848,美瑞新材,14.88,14.6,14.57,15.2,14.39,80857.0,119870000.0,63.67,37.66,69.97,4.14,3.19,4147300,3938400.0,2026-06-18,16:14:00
300849,锦盛新材,22.2,22.34,22.16,22.82,21.85,34925.0,77910000.0,33.3,24.48,-59.5,6.18,3.17,1722700,1769900.0,2026-06-18,16:14:42
300850,新强联,28.2,28.87,28.88,29.27,28.17,112899.0,322560000.0,116.77,84.82,14.65,1.66,3.75,5082100,6207900.0,2026-06-18,16:14:03
300851,交大思诺,23.7,23.84,23.73,24.09,23.25,11718.0,27800000.0,20.6,11.69,25.25,1.61,2.37,620400,551400.0,2026-06-18,16:14:57
300852,四会富仕,62.28,60.02,59.5,62.82,59.08,133086.0,819630000.0,99.97,96.51,77.56,4.49,8.59,7015400,6293200.0,2026-06-18,16:14:06
300853,申昊科技,30.19,29.31,29.27,31.68,28.5,138292.0,418920000.0,44.36,29.68,-23.82,8.65,14.07,7292500,6536600.0,2026-06-18,16:14:45
300854,中兰环保,25.8,26.2,25.23,26.4,24.31,120212.0,304120000.0,36.14,29.4,-49.66,3.95,10.55,6111800,5909300.0,2026-06-18,16:14:57
300855,图南股份,33.73,32.3,32.31,34.04,32.14,88558.0,296200000.0,133.41,98.81,63.79,6.34,3.02,4584400,4271300.0,2026-06-18,16:14:00
300856,科思股份,11.04,11.38,11.4,11.51,10.99,126090.0,141170000.0,52.52,50.75,52.1,1.95,2.74,7501700,5107300.0,2026-06-18,16:14:21
300857,协创数据,277.76,266.99,268.0,282.58,267.5,317353.0,8781040000.0,1359.25,1352.3,77.87,26.55,6.52,16238200,15497100.0,2026-06-18,16:14:24
300858,科拓生物,15.6,15.06,15.08,15.97,14.7,79382.0,121740000.0,41.11,30.54,46.11,2.21,4.06,4239800,3698400.0,2026-06-18,16:14:48
300859,西域旅游,28.12,28.33,28.47,28.63,28.02,25704.0,72850000.0,43.59,43.59,56.17,6.15,1.66,1213200,1357200.0,2026-06-18,16:14:00
300860,锋尚文化,26.5,25.42,25.2,26.73,25.11,38368.0,100730000.0,49.94,29.0,-479.0,1.62,3.51,2438200,1398600.0,2026-06-18,16:14:51
300861,美畅股份,24.32,20.27,20.27,24.32,20.14,447007.0,1057530000.0,163.39,102.6,39.69,2.47,10.6,15743200,28957500.0,2026-06-18,16:14:54
300862,蓝盾光电,21.57,21.98,21.76,22.38,21.4,87720.0,191000000.0,39.82,32.67,-41.87,2.03,5.79,4405100,4366900.0,2026-06-18,16:14:09
300863,卡倍亿,67.35,68.85,68.77,69.98,66.49,96998.0,659210000.0,176.06,169.13,105.51,12.12,3.86,4277700,5422100.0,2026-06-18,16:14:12
300864,南大环境,20.52,22.06,21.4,21.66,20.5,58517.0,121900000.0,32.4,32.4,21.25,2.56,3.71,2766500,3085200.0,2026-06-18,16:14:57
300865,大宏立,24.3,24.65,24.58,25.03,23.91,16154.0,39380000.0,23.25,13.97,189.83,2.67,2.81,885400,730000.0,2026-06-18,16:14:27
300866,安克创新,117.11,113.63,113.36,118.0,112.51,47708.0,551160000.0,628.03,360.21,24.91,6.12,1.55,2562900,2207900.0,2026-06-18,16:14:30
300867,圣元环保,19.68,19.83,19.8,20.05,19.33,51076.0,100410000.0,53.48,37.71,18.02,1.34,2.67,2449700,2657900.0,2026-06-18,16:14:33
300868,杰美特,145.75,139.1,137.82,147.9,137.82,30388.0,438210000.0,186.49,117.71,-307.86,12.7,3.76,1501600,1537100.0,2026-06-18,16:14:36
300869,康泰医学,11.4,10.8,10.72,12.25,10.72,119252.0,138740000.0,45.81,30.11,-93.29,2.7,4.51,5837800,6087300.0,2026-06-18,16:14:03
300870,欧陆通,380.06,374.01,374.02,387.0,364.29,52191.0,1970470000.0,580.14,580.07,318.95,22.53,3.42,2476100,2743000.0,2026-06-18,16:14:15
300871,回盛生物,23.23,22.82,22.69,23.53,22.52,62360.0,144120000.0,46.87,46.87,16.37,2.08,3.09,2973200,3262900.0,2026-06-18,16:14:06
300872,天阳科技,19.63,19.58,19.47,19.75,18.96,151206.0,292740000.0,95.82,82.85,-61.35,2.58,3.58,7774100,7346500.0,2026-06-18,16:14:39
300873,海晨股份,26.68,24.82,24.8,26.85,24.53,98487.0,254680000.0,61.52,44.69,29.55,1.91,5.88,6089100,3759600.0,2026-06-18,16:14:09
300875,捷强装备,30.68,30.89,30.55,31.28,30.09,23986.0,73710000.0,30.63,26.93,-26.67,3.61,2.73,1240600,1158000.0,2026-06-18,16:14:00
300876,蒙泰高新,16.4,16.67,16.84,17.2,16.31,29428.0,48900000.0,24.93,18.6,-41.97,2.45,2.6,1615400,1327500.0,2026-06-18,16:14:18
300877,金春股份,28.49,26.36,26.28,28.77,25.6,40811.0,112810000.0,34.19,34.19,39.69,2.07,3.4,2441000,1640100.0,2026-06-18,16:14:12
300878,维康药业,30.5,31.21,30.95,31.57,30.3,19765.0,60690000.0,44.16,43.96,-20.47,4.84,1.37,838600,1137900.0,2026-06-18,16:14:03
300879,大叶股份,17.43,17.87,17.9,17.98,17.38,31107.0,54710000.0,35.28,35.04,-16.32,2.86,1.55,1723600,1387100.0,2026-06-18,16:14:03
300880,迦南智能,24.11,25.49,25.35,26.24,24.01,143453.0,354850000.0,47.05,47.05,61.97,4.51,7.35,7138400,7206900.0,2026-06-18,16:14:06
300881,盛德鑫泰,42.97,42.01,42.0,47.17,41.51,44361.0,196050000.0,47.27,24.67,19.49,3.82,7.73,2126300,2309700.0,2026-06-18,16:14:09
300882,万胜智能,15.03,15.24,15.33,15.34,14.98,24086.0,36400000.0,43.02,40.03,39.84,3.49,0.9,1181600,1227000.0,2026-06-18,16:14:15
300883,龙利得,6.32,6.45,6.4,6.52,6.26,275517.0,175730000.0,21.87,20.9,-168.22,1.55,8.33,12483700,15068000.0,2026-06-18,16:14:06
300884,狄耐克,10.65,10.59,10.59,10.94,10.5,68186.0,73060000.0,27.04,20.39,216.44,2.15,3.56,3148000,3670600.0,2026-06-18,16:14:21
300885,海昌新材,26.33,25.57,25.31,26.56,25.27,82110.0,214770000.0,65.34,43.98,105.91,7.3,4.92,3886300,4324700.0,2026-06-18,16:14:18
300886,华业香料,21.5,21.81,21.8,21.98,21.27,13725.0,29620000.0,16.15,10.16,69.78,2.69,2.9,804300,568200.0,2026-06-18,16:14:21
300887,谱尼测试,7.83,7.88,7.84,8.01,7.75,64465.0,50790000.0,42.73,28.36,-20.9,1.55,1.78,3268000,3178500.0,2026-06-18,16:14:09
300888,稳健医疗,27.43,27.32,27.33,27.8,26.89,33804.0,92440000.0,159.73,159.02,20.72,1.38,0.58,1747800,1632600.0,2026-06-18,16:14:24
300889,爱克股份,23.93,24.21,24.1,24.23,23.6,58568.0,139930000.0,52.7,35.03,-66.12,3.72,4.0,2663400,3193400.0,2026-06-18,16:14:27
300890,翔丰华,34.25,34.83,34.46,34.92,34.01,63310.0,217850000.0,40.96,37.43,47.76,1.93,5.79,2995900,3335100.0,2026-06-18,16:14:12
300891,惠云钛业,6.76,6.76,6.7,6.93,6.6,70304.0,47470000.0,27.04,22.54,-33.6,2.24,2.11,3445600,3584800.0,2026-06-18,16:14:30
300892,品渥食品,20.65,20.97,20.77,21.0,20.49,11612.0,24070000.0,20.65,13.33,-783.68,2.01,1.8,653400,507800.0,2026-06-18,16:14:42
300893,松原安全,18.35,19.2,19.3,19.3,18.11,49159.0,90960000.0,86.8,46.04,23.58,4.18,1.96,1774000,3141800.0,2026-06-18,16:14:15
300894,火星人,12.04,11.85,11.7,12.49,11.53,224646.0,271330000.0,48.92,35.41,-16.57,5.05,7.64,12293000,10171600.0,2026-06-18,16:14:33
300895,铜牛信息,56.53,56.09,56.31,57.68,55.56,69535.0,393880000.0,79.59,78.11,-110.85,10.64,5.03,3126900,3826600.0,2026-06-18,16:14:12
300896,爱美客,91.36,90.92,90.55,92.91,89.8,33919.0,309930000.0,276.45,186.79,24.13,3.62,1.66,1612200,1779600.0,2026-06-18,16:14:24
300897,山科智能,15.15,15.7,15.9,15.9,15.07,39760.0,60930000.0,29.67,18.52,196.79,3.05,3.25,1546800,2429200.0,2026-06-18,16:14:27
300898,熊猫乳品,19.52,19.88,19.62,19.96,19.48,13715.0,26940000.0,24.2,22.4,21.75,2.51,1.2,581900,789600.0,2026-06-18,16:14:15
300899,上海凯鑫,29.75,29.82,29.63,30.4,29.18,8643.0,25800000.0,18.98,12.18,-725.55,3.1,2.11,481100,383200.0,2026-06-18,16:14:36
300900,广联航空,35.18,33.85,33.25,35.54,32.86,244761.0,852450000.0,115.29,90.34,-83.76,5.96,9.53,13126100,11349900.0,2026-06-18,16:14:18
300901,中胤时尚,14.78,14.85,14.85,15.1,14.51,19942.0,29530000.0,35.47,35.47,488.78,3.66,0.83,895100,1099100.0,2026-06-18,16:14:45
300902,国安达,17.95,17.08,17.22,18.16,16.63,76288.0,134310000.0,32.63,22.4,-320.44,4.02,6.11,4592500,3036300.0,2026-06-18,16:14:18
300903,科翔股份,101.58,98.16,99.92,105.0,97.49,365267.0,3692780000.0,442.27,333.58,-166.85,24.22,11.12,18847400,17679300.0,2026-06-18,16:14:39
300904,威力传动,44.8,45.34,45.0,45.53,44.0,8035.0,36080000.0,32.43,9.85,-32.06,5.55,3.66,455500,348000.0,2026-06-18,16:14:30
300905,宝丽迪,59.09,59.25,58.99,59.48,57.9,52335.0,307700000.0,105.78,82.52,66.28,5.49,3.75,2733700,2499800.0,2026-06-18,16:14:21
300906,日月明,27.23,27.33,27.06,27.75,26.81,12719.0,34660000.0,21.78,19.66,37.03,2.36,1.76,620300,651600.0,2026-06-18,16:14:48
300907,康平科技,44.06,46.01,45.65,46.83,43.8,48314.0,215160000.0,42.3,42.3,99.13,5.25,5.03,2543900,2287500.0,2026-06-18,16:14:51
300908,仲景食品,22.89,22.77,22.8,23.05,22.45,11994.0,27410000.0,33.42,28.25,16.96,1.96,0.97,550500,649000.0,2026-06-18,16:14:33
300909,汇创达,54.14,51.14,51.14,55.48,50.5,66826.0,358810000.0,93.65,69.92,469.0,4.7,5.17,3772200,2910300.0,2026-06-18,16:14:36
300910,瑞丰新材,29.04,29.3,29.11,29.52,28.05,79607.0,230140000.0,111.24,77.91,16.32,3.16,2.97,4291500,3669200.0,2026-06-18,16:14:21
300911,亿田智能,21.27,21.61,21.54,22.3,21.2,64012.0,138550000.0,39.0,36.44,-23.69,3.6,3.74,2708000,3693200.0,2026-06-18,16:14:39
300912,凯龙高科,27.34,27.64,27.62,28.55,27.12,59060.0,163120000.0,31.14,23.51,-34.38,7.03,6.87,2785900,3120200.0,2026-06-18,16:14:24
300913,兆龙互连,58.93,56.98,56.95,59.14,56.36,151139.0,874100000.0,202.0,150.73,81.68,7.79,5.91,7062200,8051600.0,2026-06-18,16:14:24
300915,海融科技,20.75,20.91,20.92,21.09,20.46,8592.0,17740000.0,26.11,11.94,-372.56,1.76,1.49,495200,364000.0,2026-06-18,16:14:54
300916,朗特智能,25.41,24.76,24.5,25.69,24.4,44728.0,113020000.0,36.75,23.74,49.97,2.69,4.79,2022000,2450800.0,2026-06-18,16:14:27
300917,特发服务,25.53,25.6,25.5,25.85,25.02,48881.0,124580000.0,43.15,43.15,34.71,3.66,2.89,2575700,2312400.0,2026-06-18,16:14:42
300918,南山智尚,12.16,12.4,12.3,12.5,12.08,70629.0,86400000.0,61.55,61.55,50.63,1.6,1.4,3105100,3957900.0,2026-06-18,16:14:27
300919,中伟新材,48.64,49.27,48.98,49.62,48.07,115467.0,563240000.0,506.95,443.84,27.93,2.17,1.27,5395200,6151500.0,2026-06-18,16:14:45
300920,润阳科技,39.12,38.25,38.01,40.33,33.8,37563.0,145640000.0,50.86,33.78,202.07,4.35,4.35,1918600,1837700.0,2026-06-18,16:14:57
300921,南凌科技,22.26,21.47,21.75,22.7,21.13,192056.0,422720000.0,57.15,36.04,192.38,7.03,11.86,10371000,8834600.0,2026-06-18,16:14:00
300922,天秦装备,21.03,22.04,21.94,22.06,20.86,66041.0,141090000.0,33.83,26.54,101.45,3.47,5.23,3031100,3573000.0,2026-06-18,16:14:42
300923,研奥股份,23.24,23.91,23.88,24.09,22.85,24078.0,56210000.0,18.27,17.74,57.6,1.65,3.15,1017200,1390600.0,2026-06-18,16:14:03
300925,法本信息,17.64,17.96,17.83,18.06,17.31,129471.0,229290000.0,75.62,61.66,76.1,3.4,3.7,6537300,6409800.0,2026-06-18,16:14:45
300926,博俊科技,19.43,20.04,20.01,20.01,19.34,47447.0,92970000.0,84.39,57.9,10.24,2.4,1.59,2162900,2581700.0,2026-06-18,16:14:30
300927,江天化学,22.95,23.94,24.0,24.0,22.73,62920.0,144990000.0,33.13,32.32,104.92,3.37,4.47,2751200,3540800.0,2026-06-18,16:14:33
300928,华安鑫创,31.01,30.13,29.96,31.05,29.83,17631.0,53630000.0,24.81,16.62,-21.14,2.45,3.29,1001100,762000.0,2026-06-18,16:14:48
300929,华骐环保,10.62,10.6,10.6,10.75,10.26,36168.0,38210000.0,14.03,13.31,-31.62,1.83,2.89,1579900,2036800.0,2026-06-18,16:14:48
300930,屹通新材,35.4,33.35,33.01,36.0,32.77,54823.0,191930000.0,35.4,16.68,58.1,3.78,11.63,2771500,2710800.0,2026-06-18,16:14:51
300931,通用电梯,16.25,16.77,16.69,16.69,15.93,85232.0,138590000.0,39.52,31.77,-60.62,6.57,4.36,3882900,4640300.0,2026-06-18,16:14:30
300932,三友联众,9.13,9.19,9.18,9.23,9.03,80971.0,73890000.0,40.92,29.14,52.94,2.38,2.54,3586100,4511000.0,2026-06-18,16:14:36
300933,中辰股份,6.53,6.63,6.6,6.62,6.49,91027.0,59570000.0,35.73,35.73,-301.27,1.68,1.66,4450800,4651900.0,2026-06-18,16:14:33
300935,盈建科,32.77,32.19,31.83,34.25,31.47,32322.0,105640000.0,26.03,19.75,-30.22,3.54,5.36,1412200,1819900.0,2026-06-18,16:14:06
300936,中英科技,124.1,124.1,121.21,126.0,121.11,37337.0,460380000.0,93.32,58.85,10644.69,9.26,7.87,1691400,2042400.0,2026-06-18,16:14:09
300937,药易购,20.61,20.8,20.8,20.98,20.4,16756.0,34730000.0,19.72,13.37,-99.81,2.41,2.58,787300,888300.0,2026-06-18,16:14:51
300938,信测标准,45.4,44.52,44.18,47.34,43.8,214202.0,979110000.0,154.75,134.32,75.85,8.39,7.24,10654300,10765800.0,2026-06-18,16:14:12
300939,秋田微,69.82,71.54,69.61,73.0,68.76,95385.0,669770000.0,83.78,83.78,112.19,5.89,7.95,5001800,4536800.0,2026-06-18,16:14:36
300940,南极光,16.05,16.64,16.48,16.53,15.98,51523.0,83400000.0,35.73,25.28,54.94,3.04,3.27,2322200,2830100.0,2026-06-18,16:14:39
300941,创识科技,14.92,15.05,15.2,15.25,14.8,29341.0,44030000.0,30.55,18.47,101.97,2.39,2.37,1561900,1372200.0,2026-06-18,16:14:42
300942,易瑞生物,6.12,6.09,6.09,6.18,6.02,51248.0,31290000.0,24.79,24.79,362.98,3.02,1.27,2773800,2351000.0,2026-06-18,16:14:45
300943,春晖智控,41.4,34.5,34.22,41.4,34.1,220110.0,860910000.0,84.38,55.24,148.2,8.48,16.5,12051100,9959800.0,2026-06-18,16:14:15
300945,曼卡龙,11.85,11.96,11.85,12.18,11.76,49177.0,58640000.0,31.06,28.25,24.13,1.82,2.06,2446800,2470900.0,2026-06-18,16:14:39
300946,恒而达,46.65,46.91,47.38,47.48,46.12,15298.0,71470000.0,72.78,35.36,233.3,6.19,2.02,785400,744300.0,2026-06-18,16:14:54
300947,德必集团,13.52,13.61,13.44,13.73,13.2,30433.0,41110000.0,20.43,20.43,-33.07,1.65,2.01,1563600,1479700.0,2026-06-18,16:14:48
300948,冠中生态,25.49,25.88,25.5,26.35,24.5,83916.0,212610000.0,41.72,39.37,-88.19,4.36,5.43,3919100,4472500.0,2026-06-18,16:14:54
300949,奥雅股份,21.93,21.98,21.73,22.2,21.31,11512.0,25230000.0,19.08,10.91,-15.65,3.39,2.31,618000,533300.0,2026-06-18,16:14:42
300950,德固特,17.52,17.41,17.41,17.64,17.12,18726.0,32650000.0,26.92,17.18,36.48,3.35,1.91,1022700,849900.0,2026-06-18,16:14:45
300951,博硕科技,49.5,45.05,45.05,52.25,44.22,90570.0,452230000.0,83.85,74.94,116.57,3.8,5.98,4687900,4369200.0,2026-06-18,16:14:18
300952,恒辉安防,19.2,19.75,19.78,19.91,19.1,67535.0,131260000.0,46.39,28.53,57.06,2.77,4.55,3375600,3377800.0,2026-06-18,16:14:48
300953,震裕科技,145.0,143.36,142.93,146.55,141.8,80641.0,1166000000.0,353.13,253.82,48.92,7.5,4.61,3876700,4187300.0,2026-06-18,16:14:51
300955,嘉亨家化,40.04,41.74,41.7,42.19,39.0,31815.0,128520000.0,40.36,40.36,-188.39,4.66,3.16,1125100,2056400.0,2026-06-18,16:14:57
300956,英力股份,12.57,12.3,12.23,12.69,12.1,101688.0,127000000.0,27.08,26.45,631.76,2.01,4.83,5219900,4948900.0,2026-06-18,16:14:54
300957,贝泰妮,33.28,33.58,33.38,33.75,32.96,58283.0,194000000.0,140.97,140.97,25.95,2.31,1.38,2521000,3307300.0,2026-06-18,16:14:21
300958,建工修复,11.37,11.6,11.53,11.58,11.22,29294.0,33280000.0,17.82,10.35,-18.25,1.47,3.22,1278000,1651400.0,2026-06-18,16:14:51
300959,线上线下,159.8,156.85,155.68,165.75,154.18,51790.0,827310000.0,128.43,83.62,-549.03,11.62,9.9,2720400,2458600.0,2026-06-18,16:14:57
300960,通业科技,16.65,16.87,16.79,17.02,16.52,15338.0,25690000.0,24.05,21.79,55.28,3.79,1.17,791200,742600.0,2026-06-18,16:14:00
300961,深水海纳,10.83,11.0,10.99,11.08,10.61,46125.0,50060000.0,19.2,16.45,-8.94,3.47,3.04,2379400,2233100.0,2026-06-18,16:14:00
300962,中金辐照,12.86,13.16,12.99,13.11,12.83,22965.0,29720000.0,33.95,33.95,29.17,3.23,0.87,1011600,1284900.0,2026-06-18,16:14:24
300963,中洲特材,14.24,14.22,14.22,14.47,13.9,86047.0,122210000.0,65.31,48.5,108.27,5.82,2.53,4538500,4066200.0,2026-06-18,16:14:57
300964,本川智能,115.25,113.92,113.23,116.68,111.01,61251.0,700150000.0,87.97,64.55,263.79,8.62,10.94,2944200,3180900.0,2026-06-18,16:14:03
300965,恒宇信通,46.76,46.56,46.45,47.67,45.88,9415.0,44150000.0,28.06,25.29,101.84,2.32,1.74,468400,473100.0,2026-06-18,16:14:03
300966,共同药业,26.69,26.27,25.96,27.23,25.35,22445.0,59140000.0,30.77,20.46,-43.19,4.2,2.93,1101300,1143200.0,2026-06-18,16:14:27
300967,晓鸣股份,16.5,17.72,17.57,17.67,16.26,121329.0,202570000.0,30.95,20.59,-83.59,4.75,9.72,4781200,7351700.0,2026-06-18,16:14:06
300968,格林精密,10.8,11.07,10.98,11.07,10.69,62544.0,68030000.0,44.65,44.65,-82.47,2.5,1.51,3018600,3235800.0,2026-06-18,16:14:06
300969,恒帅股份,101.2,99.5,100.0,104.98,98.5,44692.0,453870000.0,166.09,79.21,100.65,11.77,5.71,2057700,2411600.0,2026-06-18,16:14:09
300970,华绿生物,20.75,20.83,20.67,21.01,20.59,33697.0,69940000.0,32.93,25.41,15.06,1.95,2.75,1518600,1851100.0,2026-06-18,16:14:09
300971,博亚精工,20.11,20.14,19.92,20.18,19.7,27219.0,54450000.0,23.65,18.55,25.17,2.24,2.95,1225600,1496200.0,2026-06-18,16:14:12
300972,万辰集团,175.05,178.35,178.34,181.01,174.9,19138.0,338470000.0,345.43,317.37,19.63,16.53,1.06,867600,1046200.0,2026-06-18,16:14:54
300973,立高食品,24.3,24.93,24.93,25.04,24.22,21288.0,52290000.0,41.15,28.81,14.68,1.63,1.8,883800,1245000.0,2026-06-18,16:14:12
300975,商络电子,43.3,41.25,40.65,44.55,40.5,1136969.0,4887700000.0,297.47,213.07,56.89,11.4,23.11,53576700,60120200.0,2026-06-18,16:14:30
300976,达瑞电子,94.2,89.06,87.9,97.0,87.9,79061.0,742870000.0,176.28,113.38,59.37,4.93,6.57,4428300,3477900.0,2026-06-18,16:14:15
300977,深圳瑞捷,17.58,17.48,17.31,17.98,17.31,28488.0,50190000.0,26.76,16.67,121.17,1.97,3.0,1389800,1459000.0,2026-06-18,16:14:18
300978,东箭科技,8.73,8.85,8.75,8.9,8.68,24303.0,21320000.0,36.9,25.06,29.58,2.39,0.85,1329600,1100700.0,2026-06-18,16:14:33
300979,华利集团,31.26,31.64,31.35,31.75,31.18,20964.0,65860000.0,364.8,364.8,12.9,2.41,0.18,1132700,963700.0,2026-06-18,16:14:21
300980,祥源新材,27.31,27.22,26.98,27.7,26.5,35763.0,97500000.0,37.71,26.86,63.02,2.65,3.64,1961200,1615100.0,2026-06-18,16:14:15
300981,中红医疗,10.46,10.62,10.62,10.71,10.45,37130.0,39140000.0,44.86,41.11,-35.5,0.88,0.94,1754800,1958100.0,2026-06-18,16:14:00
300982,苏文电能,16.88,17.24,17.08,17.25,16.72,32211.0,54770000.0,34.94,32.73,-45.4,1.23,1.66,1693400,1527700.0,2026-06-18,16:14:24
300983,尤安设计,38.6,36.66,36.68,39.09,35.8,40209.0,152670000.0,66.7,58.98,-77.45,2.41,2.63,1752800,2268100.0,2026-06-18,16:14:27
300984,金沃股份,57.69,59.43,59.43,59.51,57.39,28709.0,167320000.0,79.3,51.11,156.92,4.43,3.24,1153800,1717100.0,2026-06-18,16:14:18
300985,致远新能,33.55,33.3,33.2,34.19,32.66,46085.0,153870000.0,62.57,62.57,-116.07,7.08,2.47,2139800,2468800.0,2026-06-18,16:14:57
300986,志特新材,18.72,18.87,18.63,19.04,18.51,101784.0,191160000.0,77.12,77.06,43.45,3.46,2.47,5123300,5055100.0,2026-06-18,16:14:30
300987,川网传媒,13.4,13.34,13.29,13.57,13.06,31698.0,42500000.0,23.23,23.23,115.12,2.88,1.83,1726300,1443500.0,2026-06-18,16:14:33
300988,津荣天宇,17.73,17.7,17.52,17.96,17.17,46747.0,82480000.0,34.92,28.74,37.44,2.72,2.88,2241000,2433700.0,2026-06-18,16:14:36
300989,蕾奥规划,13.47,13.5,13.37,13.65,13.01,37132.0,49300000.0,28.42,21.95,-205.13,2.95,2.28,2077300,1635900.0,2026-06-18,16:14:03
300990,同飞股份,99.24,93.59,93.27,100.4,93.03,90200.0,887530000.0,169.92,77.17,67.76,8.05,11.6,5341700,3678300.0,2026-06-18,16:14:39
300991,创益通,38.5,40.0,40.04,40.04,38.5,28756.0,112470000.0,55.44,40.47,-348.82,8.84,2.74,1276600,1599000.0,2026-06-18,16:14:06
300992,泰福泵业,25.3,25.46,25.21,25.93,24.69,19970.0,50390000.0,24.12,19.73,-196.52,2.79,2.56,1023300,973700.0,2026-06-18,16:14:09
300993,玉马科技,10.54,10.87,10.88,10.92,10.43,53692.0,57180000.0,32.48,25.49,22.18,2.11,2.22,2276700,3092400.0,2026-06-18,16:14:12
300994,久祺股份,11.37,11.52,11.42,11.58,11.25,21599.0,24610000.0,26.5,13.26,21.33,2.41,1.85,1109000,1050800.0,2026-06-18,16:14:42
300995,奇德新材,30.25,30.82,30.6,31.09,30.17,12430.0,37930000.0,27.86,18.37,124.17,3.09,2.05,678700,564300.0,2026-06-18,16:14:21
300996,普联软件,11.3,11.08,11.1,11.62,10.9,80961.0,91290000.0,44.72,37.65,47.67,3.45,2.43,3968900,4127200.0,2026-06-18,16:14:00
300997,欢乐家,15.61,16.02,15.93,15.99,15.52,72738.0,113870000.0,67.9,61.6,144.22,6.82,1.84,3972100,3301700.0,2026-06-18,16:14:45
300998,宁波方正,29.75,31.69,32.55,37.45,29.46,229895.0,759210000.0,40.81,32.03,173.9,3.24,21.35,10928500,12061000.0,2026-06-18,16:14:24
300999,金龙鱼,24.38,24.69,24.58,24.66,24.31,78503.0,191470000.0,1321.78,132.3,36.18,1.37,1.45,3583100,4267200.0,2026-06-18,16:14:27
301000,肇民科技,33.55,34.26,33.92,34.5,33.28,102904.0,347700000.0,81.6,77.04,58.5,6.46,4.48,5049300,5241100.0,2026-06-18,16:14:36
301001,凯淳股份,23.68,23.78,23.81,24.11,23.24,10830.0,25700000.0,18.94,11.91,-158.13,2.46,2.15,591100,491900.0,2026-06-18,16:14:15
301002,崧盛股份,44.41,43.89,44.2,45.9,43.26,48948.0,217850000.0,59.93,37.74,527.07,5.46,5.76,2387900,2507000.0,2026-06-18,16:14:18
301003,江苏博云,57.72,56.68,56.5,58.58,56.45,31552.0,181910000.0,56.07,43.37,63.92,5.01,4.2,1794400,1360800.0,2026-06-18,16:14:48
301004,嘉益股份,34.31,34.69,34.29,34.85,33.8,5635.0,19360000.0,50.03,46.7,14.43,2.79,0.41,307700,255800.0,2026-06-18,16:14:51
301005,超捷股份,105.35,97.47,96.21,105.82,95.65,153804.0,1579530000.0,198.02,193.99,1364.76,25.55,8.35,9046100,6334300.0,2026-06-18,16:14:30
301006,迈拓股份,13.45,13.7,13.56,13.77,13.27,18393.0,24990000.0,18.73,11.27,21.39,1.42,2.19,962700,876600.0,2026-06-18,16:14:03
301007,德迈仕,34.45,34.22,34.02,34.8,33.52,37528.0,128390000.0,52.83,52.13,106.34,8.16,2.48,1868700,1884100.0,2026-06-18,16:14:54
301008,宏昌科技,24.79,25.19,25.08,25.43,24.66,26869.0,67030000.0,32.47,28.67,145.29,2.16,2.32,1182700,1504200.0,2026-06-18,16:14:33
301009,可靠股份,8.96,8.76,8.72,9.44,8.61,76431.0,69050000.0,24.36,13.53,125.5,1.81,5.06,3834100,3809000.0,2026-06-18,16:14:39
301010,晶雪节能,17.23,17.58,17.28,17.73,17.08,21191.0,36810000.0,18.61,18.61,248.72,2.25,1.96,1078800,1040300.0,2026-06-18,16:14:36
301011,华立科技,15.43,15.68,15.83,15.83,15.24,16878.0,26130000.0,23.83,22.63,50.56,2.57,1.15,985600,702200.0,2026-06-18,16:14:42
301012,扬电科技,27.59,27.88,27.88,28.26,27.35,72672.0,201530000.0,54.34,54.34,121.45,4.59,3.69,3076800,4190400.0,2026-06-18,16:14:39
301013,利和兴,68.62,65.32,63.0,75.18,63.0,542570.0,3790560000.0,160.39,129.86,-100.32,23.97,28.67,27945300,26311600.0,2026-06-18,16:14:21
301015,百洋医药,21.28,21.2,20.76,21.65,20.11,91048.0,190380000.0,111.85,111.84,21.78,5.11,1.73,4428300,4676600.0,2026-06-18,16:14:42
301016,雷尔伟,14.26,14.45,14.42,14.63,14.24,23516.0,33860000.0,43.6,41.81,62.52,4.37,0.8,1128600,1223000.0,2026-06-18,16:14:06
301017,漱玉平民,13.1,13.4,13.29,13.4,13.02,46001.0,60570000.0,53.13,33.89,53.69,2.63,1.78,2292400,2307700.0,2026-06-18,16:14:57
301018,申菱环境,116.31,112.77,114.51,121.86,114.03,218520.0,2566450000.0,435.33,328.95,227.98,16.09,7.73,11188800,10663200.0,2026-06-18,16:14:24
301019,宁波色母,19.68,20.23,20.11,20.17,19.6,16601.0,32890000.0,32.46,20.59,28.46,2.85,1.59,698100,962000.0,2026-06-18,16:14:45
301020,密封科技,25.49,25.65,25.36,26.05,25.08,49925.0,127350000.0,37.32,37.32,40.7,3.8,3.41,2472300,2520200.0,2026-06-18,16:14:45
301021,英诺激光,124.34,115.6,115.67,127.5,112.66,97690.0,1212810000.0,190.08,189.87,284.86,18.45,6.4,4933100,4835900.0,2026-06-18,16:14:48
301022,海泰科,25.13,24.55,24.55,25.23,24.08,15414.0,38190000.0,25.0,16.83,74.74,1.78,2.3,1048400,493000.0,2026-06-18,16:14:51
301023,奕帆传动,30.99,30.41,30.28,31.3,29.51,29226.0,89370000.0,28.92,16.04,42.8,3.56,5.65,1479900,1442700.0,2026-06-18,16:14:27
301024,霍普股份,45.6,43.22,43.0,47.0,42.55,9462.0,42520000.0,28.99,28.07,-30.93,8.58,1.54,458600,487600.0,2026-06-18,16:14:09
301025,读客文化,8.68,8.71,8.64,8.81,8.48,46388.0,40230000.0,34.75,24.06,312.0,5.62,1.67,2409600,2229200.0,2026-06-18,16:14:48
301026,浩通科技,23.75,24.04,23.8,24.68,23.56,77944.0,187000000.0,52.63,38.01,24.64,3.23,4.87,3692000,4102400.0,2026-06-18,16:14:51
301027,华蓝集团,19.92,19.22,19.1,20.46,18.58,79979.0,154960000.0,29.28,24.14,-85.6,3.26,6.6,4240200,3757700.0,2026-06-18,16:14:30
301028,鼎熔岩,17.62,17.88,17.88,17.92,17.43,67489.0,119110000.0,67.67,43.75,28.86,4.04,2.72,2761900,3987000.0,2026-06-18,16:14:54
301029,怡合达,32.81,32.43,32.47,33.18,31.75,263269.0,851850000.0,208.08,151.54,40.07,4.98,5.7,12203500,14123400.0,2026-06-18,16:14:12
301030,*ST仕净,10.55,10.7,10.75,11.03,10.38,90307.0,96570000.0,21.35,21.32,-1.41,-5.37,4.47,4305500,4725200.0,2026-06-18,16:14:54
301031,中熔电气,129.79,124.92,124.85,131.0,121.78,58878.0,742170000.0,189.69,149.13,41.4,11.67,5.12,3090700,2797200.0,2026-06-18,16:14:33
301032,新柴股份,10.27,10.4,10.35,10.42,10.22,30631.0,31550000.0,24.76,16.42,22.06,1.99,1.92,1332600,1730500.0,2026-06-18,16:14:36
301033,迈普医学,48.9,48.4,48.72,49.57,48.1,9960.0,48560000.0,32.79,27.56,29.89,4.24,1.77,529300,466700.0,2026-06-18,16:14:15
301035,润丰股份,49.81,50.0,50.49,50.85,48.7,16087.0,79830000.0,181.56,181.29,19.05,2.47,0.44,643600,965100.0,2026-06-18,16:14:57
301036,双乐股份,22.6,23.16,23.03,23.48,22.5,14903.0,33980000.0,22.6,15.92,101.25,1.39,2.12,835700,654600.0,2026-06-18,16:14:00
301037,保立佳,12.87,13.12,13.0,13.17,12.64,22904.0,29640000.0,17.89,8.75,-25.18,3.28,3.37,1268100,1022300.0,2026-06-18,16:14:18
301038,深水规院,18.58,18.8,18.56,18.8,18.1,37564.0,69110000.0,41.45,41.45,86.89,4.63,1.68,1916600,1839800.0,2026-06-18,16:14:57
301039,中集车辆,7.27,7.33,7.3,7.32,7.11,173324.0,125180000.0,136.25,105.59,15.45,0.93,1.19,8245200,9087200.0,2026-06-18,16:14:21
301040,中环海陆,27.77,28.72,29.01,29.3,27.68,24958.0,70520000.0,27.77,26.2,-33.28,3.96,2.64,1122900,1372900.0,2026-06-18,16:14:24
301041,金百泽,37.11,36.06,36.0,37.66,35.31,136847.0,500070000.0,39.59,29.31,176.66,5.82,17.33,6942500,6742200.0,2026-06-18,16:14:00
301042,安联锐视,78.08,76.49,76.49,78.7,75.0,29378.0,225200000.0,75.56,72.03,241.63,7.2,3.18,1371800,1566000.0,2026-06-18,16:14:39
301043,绿岛风,44.68,45.21,44.79,45.64,44.17,8248.0,36980000.0,30.38,25.35,43.35,3.6,1.45,356800,468000.0,2026-06-18,16:14:42
301045,天禄科技,64.36,61.1,62.3,65.5,60.79,49540.0,314490000.0,71.0,44.87,193.83,6.91,7.11,2797700,2156300.0,2026-06-18,16:14:00
301046,能辉科技,28.7,28.98,29.43,29.43,28.11,55381.0,159440000.0,48.38,37.37,-1351.13,4.38,4.25,2802900,2735200.0,2026-06-18,16:14:03
301047,义翘神州,60.59,59.54,59.54,61.46,58.72,9923.0,60010000.0,73.7,72.45,46.87,1.42,0.83,478700,513600.0,2026-06-18,16:14:06
301048,金鹰重工,8.99,9.04,9.0,9.03,8.88,34966.0,31310000.0,47.95,47.95,22.39,1.67,0.66,1464500,2032100.0,2026-06-18,16:14:09
301049,超越科技,19.1,19.37,19.28,19.53,19.0,12484.0,24040000.0,18.0,8.18,-13.85,3.41,2.92,582800,665600.0,2026-06-18,16:14:27
301050,雷电微力,34.99,35.18,34.9,35.66,34.41,44490.0,156050000.0,86.63,73.78,211.4,2.83,2.11,2137000,2312000.0,2026-06-18,16:14:03
301051,信濠光电,15.85,16.23,16.31,16.48,15.84,62170.0,99910000.0,45.06,35.8,-17.99,2.31,2.75,2920800,3296200.0,2026-06-18,16:14:30
301052,果麦文化,24.77,24.85,24.89,25.28,24.14,27195.0,67300000.0,24.51,19.86,-293.91,3.57,3.39,1596500,1123100.0,2026-06-18,16:14:45
301053,远信工业,42.77,41.42,41.03,43.04,41.0,39418.0,166580000.0,56.41,52.38,267.97,6.37,3.22,2036900,1904900.0,2026-06-18,16:14:33
301055,张小泉,38.96,39.89,39.88,40.54,38.6,74673.0,294740000.0,60.78,59.48,85.32,8.67,4.89,3813000,3654300.0,2026-06-18,16:14:36
301056,森赫股份,11.94,11.95,11.99,12.25,11.86,28179.0,33840000.0,31.85,21.01,46.47,4.01,1.6,1467700,1350200.0,2026-06-18,16:14:03
301057,汇隆新材,26.4,26.62,26.5,26.64,25.67,30278.0,79370000.0,30.88,21.39,78.96,4.05,3.74,1610500,1417300.0,2026-06-18,16:14:39
301058,中粮科工,8.21,8.58,8.4,8.43,8.18,76865.0,63500000.0,42.06,42.06,18.03,1.86,1.5,3126300,4560200.0,2026-06-18,16:14:12
301059,金三江,12.25,12.81,12.66,12.66,12.08,84377.0,103380000.0,28.32,25.3,33.85,4.65,4.09,3613800,4823900.0,2026-06-18,16:14:06
301060,兰卫医学,8.66,8.48,8.46,8.75,8.42,62845.0,54310000.0,34.68,31.19,243.44,2.29,1.74,3131000,3153500.0,2026-06-18,16:14:15
301061,匠心家居,36.16,36.53,36.88,36.88,36.04,17199.0,62620000.0,102.84,68.32,12.39,2.42,0.91,810400,909500.0,2026-06-18,16:14:48
301062,上海艾录,6.17,6.16,6.12,6.31,6.05,44668.0,27540000.0,26.73,19.33,-21.31,2.0,1.43,2322800,2144000.0,2026-06-18,16:14:42
301063,海锅股份,18.14,18.13,18.02,18.36,17.79,15480.0,28100000.0,18.93,17.53,50.87,1.2,1.6,806300,741700.0,2026-06-18,16:14:51
301065,本立科技,18.46,18.73,18.75,18.75,18.28,14424.0,26690000.0,19.57,15.93,26.38,1.44,1.67,734800,707700.0,2026-06-18,16:14:54
301066,万事利,12.98,13.19,13.08,13.3,12.5,61252.0,79350000.0,30.49,30.26,82.75,2.37,2.63,3095400,3029900.0,2026-06-18,16:14:18
301067,显盈科技,35.46,36.4,36.41,36.41,35.35,31705.0,113110000.0,34.48,22.63,-51.64,4.48,4.97,1603500,1567000.0,2026-06-18,16:14:09
301068,大地海洋,27.48,27.31,26.99,28.06,26.83,14351.0,39510000.0,38.83,27.57,-146.49,4.82,1.43,622000,813100.0,2026-06-18,16:14:21
301069,凯盛新材,22.26,22.79,22.62,22.62,22.0,154255.0,342610000.0,100.88,95.0,72.57,4.42,3.61,7355000,8070600.0,2026-06-18,16:14:12
301070,开勒股份,87.16,82.45,81.95,89.3,81.22,57210.0,493160000.0,109.97,73.92,-3506.65,15.16,6.75,2869500,2851500.0,2026-06-18,16:14:24
301071,力量钻石,76.6,74.07,74.24,80.51,74.24,296712.0,2300200000.0,199.37,147.74,152.52,3.78,15.38,15045900,14625300.0,2026-06-18,16:14:45
301072,中捷精工,40.61,37.99,37.56,40.8,37.56,64296.0,253180000.0,42.66,27.27,-78.44,5.97,9.58,3295100,3134600.0,2026-06-18,16:14:48
301073,君亭酒店,19.56,19.8,19.61,19.82,19.45,30191.0,59220000.0,38.03,34.78,141.14,4.29,1.7,1576400,1442600.0,2026-06-18,16:14:15
301075,多瑞医药,67.11,67.32,67.11,68.36,65.92,8356.0,56220000.0,53.69,53.69,-53.4,8.7,1.04,454400,381200.0,2026-06-18,16:14:27
301076,新瀚新材,28.5,28.95,28.69,29.17,28.1,58023.0,165810000.0,65.03,43.48,98.28,5.46,3.8,2515000,3287300.0,2026-06-18,16:14:18
301077,星华新材,23.29,23.55,23.35,23.68,23.04,18273.0,42620000.0,39.61,22.22,30.95,3.45,1.92,912000,915300.0,2026-06-18,16:14:06
301078,孩子王,7.44,7.65,7.67,7.68,7.39,208427.0,155920000.0,94.09,93.99,29.85,2.21,1.65,7984900,12857800.0,2026-06-18,16:14:30
301079,邵阳液压,35.06,34.97,35.0,35.86,34.35,41309.0,145670000.0,38.19,26.97,471.33,8.0,5.37,1967100,2163800.0,2026-06-18,16:14:33
301080,百普赛斯,40.39,38.54,38.5,41.47,38.07,47312.0,190420000.0,67.52,50.89,39.43,2.6,3.75,2583300,2147900.0,2026-06-18,16:14:51
301081,严牌股份,14.66,14.84,14.7,14.95,14.51,55965.0,82200000.0,34.26,32.91,423.65,3.21,2.49,2830200,2766300.0,2026-06-18,16:14:09
301082,久盛电气,9.78,9.82,9.83,9.96,9.7,52187.0,51170000.0,28.77,26.67,78.25,2.84,1.91,2530900,2687700.0,2026-06-18,16:14:21
301083,百胜智能,13.91,14.05,14.0,14.12,13.73,19683.0,27460000.0,24.74,11.91,80.85,2.95,2.3,1019200,949200.0,2026-06-18,16:14:36
301085,亚康股份,66.15,63.85,64.22,66.92,64.16,31917.0,210140000.0,57.4,38.97,-42.27,6.01,5.42,1533300,1658400.0,2026-06-18,16:14:54
301086,鸿富瀚,213.0,206.99,210.79,217.8,207.0,39325.0,839180000.0,268.09,139.63,220.46,13.84,6.0,2021200,1911200.0,2026-06-18,16:14:24
301087,可孚医疗,44.9,44.64,44.67,45.42,44.24,14820.0,66610000.0,105.92,87.1,27.35,2.24,0.76,744400,737500.0,2026-06-18,16:14:12
301088,戎美股份,12.74,12.96,12.96,13.08,12.68,11752.0,15030000.0,29.03,23.95,40.64,1.21,0.63,558800,616400.0,2026-06-18,16:14:15
301089,拓新药业,21.82,21.77,21.77,22.2,21.28,18176.0,39580000.0,27.61,19.74,-36.04,1.87,2.01,992700,824900.0,2026-06-18,16:14:27
301090,华润材料,6.83,6.88,6.83,7.04,6.76,64780.0,44590000.0,100.57,100.46,-219.73,1.52,0.44,2933400,3544600.0,2026-06-18,16:14:39
301091,深城交,17.59,17.85,17.74,17.9,17.38,47184.0,83210000.0,92.75,92.75,257.96,3.97,0.89,2307700,2410700.0,2026-06-18,16:14:57
301092,争光股份,52.53,51.3,51.16,52.58,46.82,85342.0,423690000.0,70.67,32.03,75.41,3.57,13.99,4167500,4366700.0,2026-06-18,16:14:42
301093,华兰股份,129.87,129.32,129.37,131.66,127.58,30304.0,392000000.0,213.25,203.61,502.87,9.68,1.93,1566300,1464100.0,2026-06-18,16:14:30
301095,广立微,102.5,98.65,99.98,103.69,97.0,117198.0,1190960000.0,205.29,177.35,223.9,6.62,6.77,6161600,5558200.0,2026-06-18,16:14:45
301096,百诚医药,55.72,55.14,54.6,57.44,54.5,23168.0,129420000.0,60.86,46.3,-118.44,2.43,2.79,1198900,1117900.0,2026-06-18,16:14:00
301097,天益医疗,37.59,36.38,36.4,37.69,35.73,11528.0,42890000.0,30.68,14.72,-259.94,2.82,2.94,674200,478600.0,2026-06-18,16:14:03
301098,金埔园林,8.93,8.6,8.46,9.22,8.46,202340.0,180450000.0,19.91,17.19,-7.3,1.95,10.51,9815100,10419000.0,2026-06-18,16:14:18
301099,雅创电子,93.32,92.87,91.78,95.34,90.6,176700.0,1645800000.0,136.87,83.78,73.87,9.54,19.68,8968900,8701100.0,2026-06-18,16:14:48
301100,风光股份,14.77,15.08,14.98,15.13,14.67,16130.0,23960000.0,29.72,13.1,-77.66,1.47,1.82,937500,675600.0,2026-06-18,16:14:33
301101,明月镜片,29.59,30.1,29.9,30.15,29.44,22726.0,67670000.0,59.63,57.67,29.53,3.47,1.17,1310400,962100.0,2026-06-18,16:14:51
301102,兆讯传媒,10.0,10.11,10.1,10.17,9.94,23188.0,23220000.0,40.6,40.6,-1355.37,1.37,0.57,983300,1335500.0,2026-06-18,16:14:06
301103,何氏眼科,15.68,15.81,15.8,15.95,15.6,12147.0,19170000.0,24.78,19.07,90.13,1.31,1.0,677000,537700.0,2026-06-18,16:14:57
301105,鸿铭股份,47.95,48.31,49.38,49.6,47.4,6265.0,30290000.0,23.98,7.88,-91.18,2.93,3.81,316800,309700.0,2026-06-18,16:14:09
301106,骏成科技,23.33,24.11,23.74,24.15,23.06,51258.0,120130000.0,33.35,33.35,44.92,2.64,3.59,2367700,2758100.0,2026-06-18,16:14:54
301107,瑜欣电子,24.5,24.91,24.76,25.0,23.88,50365.0,122340000.0,34.84,20.14,56.25,3.73,6.13,2356600,2679900.0,2026-06-18,16:14:57
301108,洁雅股份,25.65,25.85,25.7,26.58,25.2,26645.0,68870000.0,28.87,16.63,37.26,1.54,4.11,1315000,1349600.0,2026-06-18,16:14:12
301109,军信股份,13.47,13.49,13.55,13.72,13.36,48917.0,65970000.0,106.29,31.02,13.92,1.47,2.12,2228000,2663700.0,2026-06-18,16:14:15
301110,青木科技,39.47,39.18,39.67,39.98,38.48,28764.0,113570000.0,51.13,35.96,32.96,3.4,3.16,1504900,1371500.0,2026-06-18,16:14:00
301111,粤万年青,27.95,30.31,31.01,31.29,26.75,197687.0,548340000.0,44.72,44.72,-1027.18,6.05,12.36,8782200,10986400.0,2026-06-18,16:14:00
301112,信邦智能,30.92,30.77,30.6,31.5,30.4,10576.0,32710000.0,34.09,34.09,-39.55,3.06,0.96,569900,487700.0,2026-06-18,16:14:18
301113,雅艺科技,15.82,16.14,15.94,16.21,15.51,14013.0,22340000.0,18.72,11.34,748.32,2.79,1.96,770600,630700.0,2026-06-18,16:14:21
301115,联检科技,32.4,33.1,32.85,33.02,31.7,42931.0,138790000.0,59.46,50.14,-394.28,2.42,2.77,2116600,2176500.0,2026-06-18,16:14:24
301116,益客食品,9.11,9.25,9.16,9.24,9.01,39376.0,35880000.0,40.9,40.9,-23.08,2.61,0.88,2217700,1719800.0,2026-06-18,16:14:36
301117,佳缘科技,25.8,25.45,25.19,26.35,24.95,40945.0,105620000.0,46.66,29.89,-88.51,3.77,3.53,2186700,1907800.0,2026-06-18,16:14:03
301118,恒光股份,28.8,29.78,29.48,29.98,28.49,49327.0,143020000.0,31.74,30.61,728.21,2.33,4.64,2414600,2518100.0,2026-06-18,16:14:27
301119,正强股份,26.56,25.71,25.45,27.31,24.95,48930.0,129380000.0,38.67,31.28,38.55,3.67,4.16,2528300,2364700.0,2026-06-18,16:14:39
301120,新特电气,19.54,19.83,19.61,20.04,19.32,124325.0,243340000.0,72.91,43.03,227.8,4.71,5.65,5471300,6961200.0,2026-06-18,16:14:30
301121,紫建电子,37.52,37.36,37.36,38.45,37.0,13691.0,51760000.0,37.08,18.98,8041.86,2.24,2.71,711600,657500.0,2026-06-18,16:14:06
301122,采纳股份,26.03,24.77,24.53,27.3,24.5,53265.0,139520000.0,31.82,19.69,287.97,1.72,7.04,2386500,2940000.0,2026-06-18,16:14:09
301123,奕东电子,125.0,114.87,116.86,129.39,115.0,149407.0,1838970000.0,293.3,206.3,-572.58,10.46,9.05,7809100,7131600.0,2026-06-18,16:14:42
301125,腾亚精工,16.45,15.77,15.57,16.52,15.18,61301.0,97840000.0,32.62,28.92,-194.13,5.64,3.49,3570800,2559300.0,2026-06-18,16:14:21
301126,达嘉维康,9.26,9.27,9.37,9.41,9.1,35601.0,32950000.0,19.02,12.77,-7.94,1.27,2.58,1752500,1807600.0,2026-06-18,16:14:03
301127,武汉天源,14.78,13.23,13.27,14.88,13.27,368916.0,523730000.0,99.63,96.7,46.53,2.94,5.64,21059900,15831800.0,2026-06-18,16:14:45
301128,强瑞技术,188.2,177.5,176.99,189.8,175.13,86022.0,1575340000.0,272.55,272.55,188.77,31.84,5.94,4718100,3884200.0,2026-06-18,16:14:33
301129,瑞纳智能,23.22,23.13,23.05,23.41,22.7,15816.0,36560000.0,31.56,15.39,29.01,1.76,2.39,755700,825900.0,2026-06-18,16:14:06
301130,西点药业,24.9,25.08,24.99,25.33,24.51,9757.0,24400000.0,19.05,14.7,83.57,2.19,1.65,540300,435400.0,2026-06-18,16:14:48
301131,聚赛龙,34.8,34.85,34.85,35.25,34.1,10564.0,36840000.0,19.02,13.63,72.65,1.73,2.7,568600,487800.0,2026-06-18,16:14:12
301132,满坤科技,46.97,44.48,44.58,47.93,44.1,111758.0,520490000.0,69.56,44.5,63.57,3.79,11.8,6093300,5082600.0,2026-06-18,16:14:15
301133,金钟股份,39.0,40.63,40.86,40.86,37.5,43709.0,169450000.0,47.37,43.34,-404.0,3.45,3.93,1717400,2653500.0,2026-06-18,16:14:36
301135,瑞德智能,17.22,17.62,17.43,17.63,17.15,30515.0,53040000.0,22.35,17.39,131.21,1.93,3.02,1530300,1521200.0,2026-06-18,16:14:39
301136,招标股份,12.13,12.36,12.26,12.39,11.99,50393.0,61460000.0,33.38,33.35,2615.31,2.31,1.83,2642100,2397200.0,2026-06-18,16:14:51
301137,哈焊华通,37.8,38.88,38.9,39.31,37.77,50661.0,193760000.0,68.73,68.73,180.01,5.0,2.79,2334700,2731400.0,2026-06-18,16:14:24
301138,华研精机,28.77,27.89,27.8,28.82,27.59,14643.0,41600000.0,34.52,19.72,36.57,3.0,2.14,713300,751100.0,2026-06-18,16:14:18
301139,*ST元道,4.18,4.45,4.34,4.52,4.18,144092.0,62030000.0,5.08,3.18,-502.43,0.26,18.92,5176300,9233000.0,2026-06-18,16:14:21
301141,中科磁业,50.0,48.32,48.07,51.47,47.9,44816.0,224690000.0,62.02,22.26,239.26,4.93,10.07,2384200,2097400.0,2026-06-18,16:14:54
301148,嘉戎技术,56.19,54.09,54.1,57.17,50.16,36756.0,198560000.0,65.46,33.08,162.74,3.81,6.24,1957100,1718500.0,2026-06-18,16:14:24
301149,隆华新材,11.81,11.86,11.74,11.98,11.61,69589.0,82160000.0,50.78,30.85,38.45,2.4,2.66,3553000,3405900.0,2026-06-18,16:14:27
301150,中一科技,63.98,61.01,59.28,65.7,59.21,374595.0,2325970000.0,207.23,194.4,148.67,5.75,12.33,18966200,18493300.0,2026-06-18,16:14:42
301151,冠龙节能,20.69,19.95,19.74,20.87,19.35,72670.0,146960000.0,34.97,34.93,76.16,1.71,4.3,3529100,3737900.0,2026-06-18,16:14:27
301152,天力锂能,26.18,26.35,26.19,26.83,25.95,42911.0,112790000.0,31.09,18.58,-20.27,2.57,6.05,2135000,2156100.0,2026-06-18,16:14:57
301153,中科江南,17.95,18.55,18.44,18.5,17.85,53663.0,97030000.0,63.84,59.55,52.53,3.49,1.62,2447200,2919100.0,2026-06-18,16:14:30
301155,海力风电,45.67,45.72,45.62,46.66,45.01,30265.0,138640000.0,99.28,56.29,33.49,1.73,2.46,1610600,1415900.0,2026-06-18,16:14:30
301156,美农生物,11.9,11.99,11.92,12.1,11.7,24139.0,28820000.0,21.78,13.95,36.68,3.03,2.06,1285600,1128300.0,2026-06-18,16:14:09
301157,华塑科技,71.0,70.44,70.72,71.5,69.51,13592.0,95860000.0,42.6,14.67,137.41,3.86,6.58,539600,819600.0,2026-06-18,16:14:45
301158,德石股份,14.91,14.64,14.47,15.24,14.41,52894.0,78770000.0,29.08,28.35,27.88,2.12,2.78,2481800,2807600.0,2026-06-18,16:14:48
301159,三维天地,32.36,31.99,32.0,32.74,31.42,13233.0,42690000.0,25.03,17.16,110.36,3.86,2.5,725300,598000.0,2026-06-18,16:14:51
301160,翔楼新材,46.99,44.2,43.7,47.98,43.5,85218.0,397580000.0,77.37,52.05,37.99,4.34,7.69,4936200,3585600.0,2026-06-18,16:14:33
301161,唯万密封,35.55,36.5,35.5,35.88,34.23,104119.0,364370000.0,42.66,27.44,46.61,4.54,13.49,4373000,6038800.0,2026-06-18,16:14:36
301162,国能日新,40.77,41.72,41.63,41.69,40.51,25476.0,104330000.0,76.11,49.39,55.86,4.85,2.1,1128800,1418900.0,2026-06-18,16:14:33
301163,宏德股份,23.4,23.77,23.43,23.81,22.9,10982.0,25790000.0,19.09,12.81,46.29,1.68,2.01,569300,528900.0,2026-06-18,16:14:39
301165,锐捷网络,67.8,65.39,64.9,68.77,64.81,124832.0,841020000.0,755.05,755.05,106.05,16.01,1.12,7048600,5434600.0,2026-06-18,16:14:12
301166,优宁维,25.93,25.88,25.73,26.16,25.25,9613.0,24850000.0,22.34,14.63,-88.54,1.16,1.7,424000,537300.0,2026-06-18,16:14:00
301167,建研设计,13.45,13.63,13.47,13.61,13.21,23870.0,32060000.0,15.06,14.22,70.96,1.59,2.26,1436700,950300.0,2026-06-18,16:14:54
301168,通灵股份,44.88,44.03,43.94,46.38,43.62,27534.0,123780000.0,53.86,42.78,735.54,2.54,2.89,1535100,1218300.0,2026-06-18,16:14:15
301169,零点有数,78.6,79.15,79.11,81.43,78.59,16273.0,130260000.0,56.62,56.6,-168.23,13.06,2.26,655300,972000.0,2026-06-18,16:14:36
301170,锡南科技,23.19,23.38,23.27,23.48,22.91,8936.0,20750000.0,23.19,7.79,23.44,1.3,2.66,455600,438000.0,2026-06-18,16:14:18
301171,易点天下,38.2,37.09,37.14,38.98,36.2,576461.0,2193430000.0,236.28,191.72,611.7,6.4,11.49,28382000,29264200.0,2026-06-18,16:14:42
301172,君逸数码,31.81,31.8,31.57,31.98,31.29,41690.0,132120000.0,54.87,31.42,155.82,3.68,4.22,2147700,2021300.0,2026-06-18,16:14:57
301173,毓恬冠佳,32.19,32.74,32.66,32.72,31.91,5459.0,17650000.0,28.27,9.92,16.55,1.86,1.77,263600,282300.0,2026-06-18,16:14:00
301175,中科环保,5.24,5.3,5.26,5.3,5.21,129424.0,67840000.0,77.13,32.59,19.77,2.11,2.08,5215100,7727300.0,2026-06-18,16:14:03
301176,逸豪新材,78.64,79.89,78.29,79.6,76.91,140109.0,1094320000.0,132.95,129.01,-278.78,8.94,8.54,6471100,7539800.0,2026-06-18,16:14:39
301177,迪阿股份,26.72,27.2,26.98,27.28,26.51,11777.0,31640000.0,106.95,106.88,68.57,1.75,0.29,588400,589300.0,2026-06-18,16:14:21
301178,天亿马,44.19,43.87,43.91,45.79,43.28,57951.0,258930000.0,41.14,30.35,525.37,5.29,8.44,3147400,2647800.0,2026-06-18,16:14:03
301179,泽宇智能,21.51,21.06,21.08,21.55,20.76,58697.0,124240000.0,86.99,51.08,53.43,3.53,2.47,3134300,2735400.0,2026-06-18,16:14:06
301180,万祥科技,13.92,14.1,13.96,14.3,13.69,46408.0,64760000.0,55.68,22.85,-863.92,4.25,2.83,2439500,2201300.0,2026-06-18,16:14:45
301181,标榜股份,27.18,27.04,26.9,28.21,26.8,22447.0,61830000.0,40.83,31.86,36.07,2.86,1.91,1052100,1192600.0,2026-06-18,16:14:24
301182,凯旺科技,101.0,98.3,97.47,101.28,95.3,46049.0,455340000.0,96.78,88.26,-85.25,14.6,5.27,2455600,2149300.0,2026-06-18,16:14:06
301183,东田微,262.36,256.0,253.01,264.58,250.13,71079.0,1834130000.0,210.09,154.0,193.53,21.63,12.11,3630100,3477800.0,2026-06-18,16:14:09
301185,鸥玛软件,16.54,16.84,16.71,16.95,16.38,21989.0,36640000.0,25.38,22.94,48.52,2.4,1.59,820700,1378200.0,2026-06-18,16:14:12
301186,超达装备,41.2,42.64,43.0,43.0,41.14,22094.0,92410000.0,47.27,44.45,38.28,3.0,2.05,1047300,1162100.0,2026-06-18,16:14:42
301187,欧圣电气,16.26,16.47,16.38,16.75,16.21,19441.0,31950000.0,41.45,41.45,76.64,2.93,0.76,939800,1004300.0,2026-06-18,16:14:45
301188,力诺药包,66.86,71.65,67.9,69.97,66.22,251045.0,1698510000.0,178.87,178.87,445.64,9.25,9.38,11827600,13276900.0,2026-06-18,16:14:15
301189,奥尼电子,67.02,65.5,65.5,69.3,64.5,65742.0,440770000.0,109.67,105.85,-96.73,5.28,4.16,3567200,3007000.0,2026-06-18,16:14:18
301190,善水科技,18.23,18.74,18.51,18.8,18.14,21225.0,39010000.0,39.13,26.09,42.04,1.98,1.48,1199300,923200.0,2026-06-18,16:14:48
301191,菲菱科思,110.98,105.3,105.31,114.92,103.67,72089.0,790370000.0,107.54,81.08,146.53,6.37,9.87,4041000,3167900.0,2026-06-18,16:14:09
301192,泰祥股份,21.12,21.07,21.17,21.4,20.69,11895.0,25190000.0,21.38,10.39,38.86,3.22,2.42,572700,616900.0,2026-06-18,16:14:21
301193,家联科技,20.34,23.04,23.09,23.09,20.19,124235.0,265650000.0,49.0,37.46,-32.8,3.55,6.75,4859900,7563600.0,2026-06-18,16:14:51
301195,北路智控,33.99,34.55,34.39,34.53,33.43,28321.0,96200000.0,44.89,29.81,33.0,1.88,3.23,1244300,1587800.0,2026-06-18,16:14:48
301196,唯科科技,196.4,194.86,190.0,201.98,188.0,67844.0,1315990000.0,248.09,162.85,98.88,7.39,8.18,3259100,3525300.0,2026-06-18,16:14:54
301197,工大科雅,31.37,32.11,31.79,32.1,30.7,42135.0,131650000.0,37.81,34.11,165.37,2.86,3.87,1771400,2442100.0,2026-06-18,16:14:27
301198,喜悦智行,14.25,14.39,14.25,14.65,14.03,46640.0,66910000.0,24.08,23.12,-227.53,2.66,2.87,2349400,2314600.0,2026-06-18,16:14:57
301199,迈赫股份,18.85,18.79,18.83,19.14,18.5,14523.0,27360000.0,35.19,33.87,40.76,1.83,0.81,719700,732600.0,2026-06-18,16:14:30
301200,大族数控,337.0,328.08,328.0,341.5,322.0,41000.0,1374630000.0,1647.96,1433.05,159.93,14.97,0.96,2029300,2070700.0,2026-06-18,16:14:33
301201,诚达药业,35.72,35.42,35.1,36.13,34.8,41322.0,147350000.0,55.26,38.77,-1568.28,2.63,3.81,1941800,2190400.0,2026-06-18,16:14:24
301202,朗威股份,37.0,37.02,36.6,37.5,36.53,13067.0,48480000.0,50.47,13.74,78.46,4.25,3.52,642000,664600.0,2026-06-18,16:14:00
301203,国泰环保,42.66,43.59,43.55,43.58,42.28,7430.0,31880000.0,34.13,18.7,32.23,2.45,1.69,392200,350800.0,2026-06-18,16:14:03
301205,联特科技,361.02,336.19,340.98,374.5,332.3,153328.0,5331920000.0,469.63,302.34,537.15,28.61,18.31,7488200,7844600.0,2026-06-18,16:14:27
301206,三元生物,23.74,23.59,23.52,23.89,23.19,9640.0,22790000.0,48.03,30.93,51.88,1.13,0.74,450600,513400.0,2026-06-18,16:14:51
301207,华兰疫苗,16.48,16.39,16.33,16.71,16.12,35575.0,58530000.0,99.05,98.99,52.82,1.88,0.59,1685700,1871800.0,2026-06-18,16:14:12
301208,中亦科技,29.82,28.98,28.7,30.58,28.61,21798.0,64920000.0,35.78,19.7,71.59,2.31,3.3,1105300,1074600.0,2026-06-18,16:14:54
301209,联合化学,61.1,58.4,58.45,62.97,58.0,35392.0,215250000.0,95.8,81.85,236.06,12.79,2.64,2234300,1304900.0,2026-06-18,16:14:15
301210,金杨精密,31.77,31.28,31.16,32.13,30.7,52113.0,164410000.0,50.98,19.33,75.93,2.73,8.56,2549800,2661500.0,2026-06-18,16:14:36
301211,亨迪药业,9.35,9.28,9.29,9.45,9.15,21524.0,20070000.0,39.05,39.05,115.51,1.73,0.52,1203800,948600.0,2026-06-18,16:14:57
301212,联盛化学,24.9,25.46,25.22,26.04,24.67,18520.0,46650000.0,26.89,23.34,306.69,1.99,1.98,1014200,837800.0,2026-06-18,16:14:00
301213,观想科技,52.3,47.29,47.02,52.5,46.81,56064.0,285830000.0,58.58,37.86,305.69,7.36,7.74,3535200,2071100.0,2026-06-18,16:14:03
301215,中汽股份,5.35,5.36,5.31,5.51,5.31,116232.0,62380000.0,70.83,70.75,32.41,2.45,0.88,5696800,5926400.0,2026-06-18,16:14:30
301216,万凯新材,24.33,24.81,24.6,25.14,23.99,136655.0,334720000.0,141.16,133.41,28.12,2.16,2.49,6794900,6870600.0,2026-06-18,16:14:06
301217,铜冠铜箔,200.0,181.69,179.3,202.15,178.01,436345.0,8333540000.0,1658.03,1658.03,1009.48,30.14,5.26,22922800,20711600.0,2026-06-18,16:14:18
301218,华是科技,44.58,46.0,44.9,45.87,43.33,64519.0,288390000.0,50.84,31.24,-184.56,5.6,9.21,3352800,3099100.0,2026-06-18,16:14:06
301219,腾远钴业,59.95,59.24,58.56,61.49,58.11,109659.0,656990000.0,229.51,163.81,15.12,2.4,4.01,5320000,5646000.0,2026-06-18,16:14:09
301220,亚香股份,35.7,36.65,36.78,36.78,35.44,12691.0,45380000.0,40.26,27.77,81.75,2.33,1.63,498400,770700.0,2026-06-18,16:14:09
301221,光庭信息,30.15,30.67,30.51,30.83,29.9,18465.0,55970000.0,39.62,26.94,83.79,1.92,2.07,999900,846600.0,2026-06-18,16:14:39
301222,浙江恒威,33.95,32.85,32.86,36.35,32.74,104698.0,362110000.0,47.64,36.19,53.95,3.36,9.82,5364100,5105700.0,2026-06-18,16:14:21
301223,中荣股份,16.38,16.06,16.07,16.5,15.88,19340.0,31420000.0,31.63,31.63,20.18,1.07,1.0,946400,987600.0,2026-06-18,16:14:24
301225,恒勃股份,87.9,88.87,88.7,90.0,86.98,16003.0,141370000.0,90.87,28.02,69.95,5.67,5.02,777700,822600.0,2026-06-18,16:14:27
301226,祥明智能,34.72,34.75,34.75,35.51,34.2,24546.0,85670000.0,37.78,37.78,361.28,4.19,2.26,1142300,1312300.0,2026-06-18,16:14:42
301227,森鹰窗业,28.5,27.88,27.72,29.0,26.82,31844.0,89610000.0,37.47,21.06,-61.21,2.34,4.31,1616500,1567900.0,2026-06-18,16:14:45
301228,实朴检测,79.94,84.24,83.84,83.84,79.51,53407.0,433610000.0,95.93,95.48,-149.28,16.01,4.47,2205900,3134800.0,2026-06-18,16:14:48
301229,纽泰格,13.34,13.4,13.35,13.52,13.14,23276.0,31120000.0,24.25,17.25,126.8,1.95,1.8,1459900,867700.0,2026-06-18,16:14:30
301230,泓博医药,34.58,33.53,33.4,34.95,33.25,59361.0,203980000.0,48.27,43.44,104.7,4.69,4.73,2974300,2961900.0,2026-06-18,16:14:33
301231,荣信文化,34.64,32.9,32.9,35.8,32.2,88265.0,303430000.0,29.24,22.67,-96.45,3.6,13.49,5078200,3748400.0,2026-06-18,16:14:51
301232,飞沃科技,141.56,129.9,130.14,145.5,128.0,104052.0,1442390000.0,148.82,88.39,330.97,10.52,16.67,5373700,5031500.0,2026-06-18,16:14:12
301233,盛帮股份,38.29,37.37,37.11,38.42,36.76,19052.0,71780000.0,27.48,15.08,33.76,2.82,4.84,961300,943900.0,2026-06-18,16:14:33
301234,五洲医疗,38.34,39.04,38.79,39.61,37.9,19399.0,74940000.0,26.07,15.4,122.35,3.45,4.83,998000,941900.0,2026-06-18,16:14:54
301235,华康洁净,66.37,66.77,66.81,69.49,65.7,51053.0,342880000.0,71.53,48.28,55.3,3.83,7.02,2447700,2657500.0,2026-06-18,16:14:15
301236,软通动力,38.56,38.48,38.18,39.18,37.54,282140.0,1089110000.0,399.17,302.97,740.42,3.0,3.59,14401500,13812600.0,2026-06-18,16:14:57
301237,和顺科技,70.45,72.24,72.55,72.55,69.36,16995.0,119350000.0,56.36,41.04,-32.84,4.9,2.92,764900,934600.0,2026-06-18,16:14:36
301238,瑞泰新材,25.52,26.45,25.8,26.35,25.4,268524.0,693390000.0,187.15,187.15,58.05,2.58,3.66,12203500,14648800.0,2026-06-18,16:14:12
301239,普瑞眼科,32.65,32.71,32.32,33.31,32.11,18585.0,60830000.0,48.85,46.38,-278.25,2.31,1.31,933200,925300.0,2026-06-18,16:14:18
301246,宏源药业,27.65,27.86,27.73,28.28,27.31,102001.0,282770000.0,110.6,47.03,43.46,2.4,6.0,4736900,5463200.0,2026-06-18,16:14:15
301248,杰创智能,73.33,73.29,73.47,75.22,72.71,58504.0,431490000.0,112.71,82.37,-794.56,7.47,5.21,2842200,3008200.0,2026-06-18,16:14:36
301251,威尔高,54.26,54.36,53.97,54.87,53.21,53853.0,291510000.0,102.31,41.01,197.54,6.61,7.12,3047300,2337900.0,2026-06-18,16:14:21
301252,同星科技,44.08,41.67,41.17,44.7,41.0,59848.0,259560000.0,74.59,59.82,78.73,5.59,4.41,3420100,2564700.0,2026-06-18,16:14:24
301255,通力科技,23.84,23.83,23.62,24.13,23.35,13196.0,31400000.0,36.31,9.08,91.36,3.4,3.47,693400,626200.0,2026-06-18,16:14:27
301256,华融化学,11.26,11.6,11.59,11.64,11.23,71927.0,81900000.0,54.05,54.05,73.57,3.19,1.5,3433600,3759100.0,2026-06-18,16:14:30
301257,普蕊斯,40.38,39.91,39.55,41.17,39.24,16421.0,66440000.0,31.9,30.41,27.93,2.49,2.18,844000,798200.0,2026-06-18,16:14:33
301258,富士莱,24.06,24.1,24.34,24.45,23.73,7178.0,17310000.0,22.06,21.43,58.67,1.2,0.81,410300,307500.0,2026-06-18,16:14:39
301259,艾布鲁,25.02,25.37,25.11,25.67,24.74,34096.0,85490000.0,56.6,36.29,181.16,6.46,2.35,1612400,1797200.0,2026-06-18,16:14:00
301260,格力博,15.41,15.33,15.34,15.82,15.04,32626.0,50340000.0,74.49,31.64,-18.75,1.73,1.59,1706300,1556300.0,2026-06-18,16:14:18
301261,恒工精密,90.9,88.15,88.11,92.13,87.81,42759.0,386420000.0,79.89,34.07,60.93,4.94,11.41,2160600,2115300.0,2026-06-18,16:14:03
301262,海看股份,19.62,19.51,19.45,19.98,19.32,26318.0,51800000.0,81.82,23.95,21.1,2.15,2.16,1314800,1317000.0,2026-06-18,16:14:06
301263,泰恩康,20.27,19.38,19.39,20.6,19.18,81310.0,163780000.0,103.5,73.84,403.19,6.18,2.23,4913200,3217700.0,2026-06-18,16:14:42
301265,华新科技,28.12,27.0,26.9,28.46,26.6,94747.0,263590000.0,85.2,46.9,104.46,4.06,5.68,5005800,4468900.0,2026-06-18,16:14:36
301266,宇邦新材,25.61,26.42,26.17,26.83,25.53,85664.0,221610000.0,36.62,34.74,133.25,2.05,6.32,4160200,4406100.0,2026-06-18,16:14:39
301267,华厦眼科,16.18,16.21,16.2,16.5,16.06,34081.0,55460000.0,135.91,104.92,29.38,2.5,0.53,1501300,1906800.0,2026-06-18,16:14:21
301268,铭利达,16.32,16.24,16.19,16.33,16.0,33568.0,54190000.0,65.34,56.25,-35.15,4.38,0.97,1843100,1513700.0,2026-06-18,16:14:24
301269,华大九天,104.0,105.01,104.0,105.0,102.9,133629.0,1389720000.0,567.26,567.26,-2609.95,11.08,2.45,6049100,7313800.0,2026-06-18,16:14:09
301270,汉仪股份,28.48,29.23,29.24,29.48,28.01,27690.0,79190000.0,28.48,26.91,367.54,2.97,2.93,1164300,1604700.0,2026-06-18,16:14:39
301272,英华特,36.29,36.26,36.26,37.31,35.72,7961.0,28990000.0,21.23,11.37,57.28,2.12,2.54,402300,393800.0,2026-06-18,16:14:42
301273,瑞晨环保,32.22,32.84,32.61,32.82,32.0,15327.0,49520000.0,32.32,24.8,-50.32,3.7,1.99,729700,803000.0,2026-06-18,16:14:45
301275,汉朔科技,44.8,45.9,45.91,45.92,44.58,77366.0,348610000.0,189.24,134.78,39.2,4.6,2.57,3153600,4583000.0,2026-06-18,16:14:42
301276,嘉曼服饰,24.06,26.06,25.55,25.68,24.0,88631.0,218760000.0,31.18,17.39,28.04,1.48,12.26,3427600,5435500.0,2026-06-18,16:14:27
301277,新天地,9.0,8.97,8.97,9.13,8.86,23024.0,20730000.0,35.29,35.29,35.01,2.34,0.59,1088900,1213500.0,2026-06-18,16:14:12
301278,快可电子,31.7,32.65,32.65,32.91,31.6,15951.0,51330000.0,28.44,16.29,180.17,2.0,3.1,770300,824800.0,2026-06-18,16:14:45
301279,金道科技,24.06,24.54,24.4,24.74,23.5,39309.0,94790000.0,40.55,31.4,62.29,3.02,3.01,2104700,1826100.0,2026-06-18,16:14:48
301280,珠城科技,50.82,48.05,48.0,51.59,47.1,73468.0,366670000.0,97.32,29.11,46.02,4.99,12.83,4418500,2928300.0,2026-06-18,16:14:30
301281,科源制药,50.07,50.18,49.98,50.97,49.3,31954.0,159340000.0,54.22,35.53,230.32,3.91,4.5,1592300,1603100.0,2026-06-18,16:14:33
301282,金禄电子,29.98,29.41,29.12,30.09,28.89,139805.0,415030000.0,63.24,52.94,75.49,3.71,7.92,6847400,7133100.0,2026-06-18,16:14:36
301283,聚胶股份,27.77,26.69,26.38,28.44,26.2,22691.0,62200000.0,32.28,25.37,16.52,2.02,2.48,1051500,1217600.0,2026-06-18,16:14:45
301285,鸿日达,135.3,124.92,127.93,137.11,125.99,50839.0,679510000.0,279.62,279.62,-386.43,29.63,2.46,2724800,2359100.0,2026-06-18,16:14:48
301286,侨源股份,59.25,60.55,60.0,61.52,59.0,29486.0,176990000.0,237.06,95.56,99.63,11.7,1.83,1447900,1500700.0,2026-06-18,16:14:51
301287,康力源,34.85,34.66,34.2,35.21,33.88,5967.0,20720000.0,23.23,5.94,39.14,1.97,3.5,330900,265800.0,2026-06-18,16:14:39
301288,清研环境,17.91,18.69,18.58,18.65,17.7,20120.0,36350000.0,19.34,13.99,-60.92,2.47,2.58,853600,1158400.0,2026-06-18,16:14:48
301289,国缆检测,50.1,49.92,49.92,50.93,49.67,6889.0,34680000.0,39.08,38.83,43.29,3.78,0.89,326400,362500.0,2026-06-18,16:14:54
301290,东星医疗,29.11,29.25,29.75,29.8,28.8,17375.0,50770000.0,29.16,23.17,-90.88,1.37,2.18,936900,800600.0,2026-06-18,16:14:42
301291,明阳电气,41.42,42.45,42.24,42.82,41.22,80023.0,335660000.0,130.17,67.67,26.0,2.57,4.9,3627600,4374800.0,2026-06-18,16:14:15
301292,海科新源,76.11,78.9,78.5,82.36,74.6,193547.0,1498920000.0,169.57,64.84,530.73,5.93,22.72,8763500,10591200.0,2026-06-18,16:14:45
301293,三博脑科,54.14,53.95,53.7,55.37,53.7,50655.0,275600000.0,111.52,111.52,183.11,4.73,2.46,2156000,2909500.0,2026-06-18,16:14:57
301295,美硕科技,44.69,46.53,46.5,46.52,43.59,17094.0,76360000.0,45.05,13.14,130.18,4.72,5.81,828000,881400.0,2026-06-18,16:14:18
301296,新巨丰,6.32,6.38,6.37,6.39,6.23,17470.0,11030000.0,26.99,26.99,73.76,1.02,0.41,885800,861200.0,2026-06-18,16:14:21
301297,富乐德,51.28,49.2,49.96,52.34,48.08,351871.0,1764940000.0,382.29,187.32,88.21,7.02,9.63,18717700,16469500.0,2026-06-18,16:14:51
301298,东利机械,12.66,12.68,12.61,12.84,12.3,26285.0,33240000.0,18.58,13.7,37.62,2.04,2.43,1367800,1260700.0,2026-06-18,16:14:54
301299,卓创资讯,49.9,50.42,50.38,50.67,49.4,7227.0,36150000.0,30.27,22.34,46.08,5.35,1.61,360700,362000.0,2026-06-18,16:14:57
301300,远翔新材,33.82,33.95,33.8,34.17,33.1,7894.0,26620000.0,22.13,13.3,25.86,2.69,2.01,382800,406600.0,2026-06-18,16:14:00
301301,川宁生物,8.42,8.35,8.38,8.51,8.26,92469.0,77630000.0,187.77,52.02,31.74,2.4,1.5,4605400,4641500.0,2026-06-18,16:14:51
301302,华如科技,30.12,30.38,30.77,30.98,28.61,121057.0,359980000.0,46.95,41.86,-22.06,3.2,8.71,6369800,5735900.0,2026-06-18,16:14:54
301303,真兰仪表,17.98,18.3,18.24,18.58,17.62,169690.0,305730000.0,73.5,18.38,22.53,2.17,16.6,7839800,9129100.0,2026-06-18,16:14:57
301305,朗坤科技,30.21,30.73,30.5,31.3,30.1,58738.0,179740000.0,73.1,37.55,25.94,1.88,4.73,2687700,3186100.0,2026-06-18,16:14:24
301306,西测测试,174.0,164.9,164.5,178.0,160.1,71935.0,1227010000.0,146.86,101.38,-98.44,17.47,12.35,3874500,3319000.0,2026-06-18,16:14:48
301307,美利信,65.88,68.85,68.0,68.49,63.11,114171.0,756250000.0,138.74,71.67,-24.77,5.68,10.5,5207200,6210000.0,2026-06-18,16:14:00
301308,江波龙,577.79,571.68,563.3,598.38,560.0,234411.0,13502900000.0,2444.4,1628.51,44.96,20.28,8.32,10989400,12451700.0,2026-06-18,16:14:03
301309,万得凯,31.89,32.0,31.8,32.3,31.48,8669.0,27650000.0,32.06,19.32,28.51,1.95,1.43,398900,468000.0,2026-06-18,16:14:00
301310,鑫宏业,46.75,38.96,39.0,46.75,38.98,223205.0,1000860000.0,89.27,28.51,66.03,3.83,36.6,12941800,9378700.0,2026-06-18,16:14:03
301311,昆船智能,14.15,14.24,14.23,14.42,13.97,12760.0,18120000.0,33.96,33.96,-32.53,1.98,0.53,673700,602300.0,2026-06-18,16:14:27
301312,智立方,113.0,111.0,110.31,113.62,107.66,68001.0,752510000.0,191.71,95.79,295.46,15.99,8.02,3314100,3486000.0,2026-06-18,16:14:51
301313,凡拓数创,59.24,62.11,62.13,65.02,58.58,226919.0,1370740000.0,61.29,46.54,-44.57,9.5,28.89,9906600,12785300.0,2026-06-18,16:14:30
301314,科瑞思,54.52,54.33,54.28,57.37,52.14,27186.0,147290000.0,30.12,9.95,170.68,2.9,14.89,1219100,1499500.0,2026-06-18,16:14:54
301315,威士顿,40.75,40.65,40.45,41.13,40.03,14103.0,57440000.0,35.86,15.08,110.77,3.56,3.81,750000,660300.0,2026-06-18,16:14:06
301316,慧博云通,42.78,41.03,41.41,43.98,40.78,209305.0,893630000.0,172.83,167.38,170.62,16.18,5.35,10430700,10499700.0,2026-06-18,16:14:09
301317,鑫磊股份,67.5,64.07,64.9,69.81,63.47,38832.0,262400000.0,106.1,35.23,-80.44,8.65,7.44,1999100,1884100.0,2026-06-18,16:14:06
301318,维海德,22.04,20.64,20.57,22.46,20.15,37541.0,81260000.0,29.82,20.54,63.43,1.63,4.03,2067000,1687100.0,2026-06-18,16:14:12
301319,唯特偶,170.31,164.5,163.0,172.5,159.0,68876.0,1143420000.0,309.69,233.16,356.85,26.84,5.03,3400000,3487600.0,2026-06-18,16:14:15
301320,豪江智能,14.32,14.43,14.24,14.65,14.11,27371.0,39370000.0,26.06,16.35,-669.83,2.49,2.4,1427900,1309200.0,2026-06-18,16:14:03
301321,翰博高新,39.39,38.16,39.1,40.51,38.48,86232.0,338390000.0,73.44,58.15,-130.71,7.53,5.84,4004100,4619200.0,2026-06-18,16:14:57
301322,绿通科技,58.56,57.11,57.06,59.98,56.9,52471.0,307710000.0,83.54,56.34,644.53,2.94,5.45,2777000,2470000.0,2026-06-18,16:14:33
301323,新莱福,102.7,103.08,102.0,104.68,100.08,38798.0,398210000.0,108.44,69.39,72.99,4.82,5.74,1966200,1913600.0,2026-06-18,16:14:36
301325,曼恩斯特,39.34,40.48,40.44,40.71,38.72,30306.0,119520000.0,56.61,56.61,-36.19,2.14,2.11,1253600,1777000.0,2026-06-18,16:14:06
301326,捷邦科技,152.0,148.91,149.54,155.0,146.0,16440.0,248790000.0,110.52,109.55,-219.43,8.95,2.28,813600,830400.0,2026-06-18,16:14:39
301327,华宝新能,50.16,50.94,50.91,50.93,49.92,13999.0,70410000.0,87.47,87.47,-162.72,1.44,0.8,783000,616800.0,2026-06-18,16:14:18
301328,维峰电子,61.15,63.22,63.0,63.64,61.01,39834.0,246700000.0,97.44,70.42,105.96,4.97,3.46,2092200,1891200.0,2026-06-18,16:14:42
301329,信音电子,26.37,26.39,26.19,26.83,25.99,68460.0,180920000.0,44.88,15.81,58.77,2.83,11.42,3147500,3698500.0,2026-06-18,16:14:09
301330,熵基科技,28.52,27.82,28.38,29.12,27.66,62364.0,177900000.0,67.12,55.42,33.92,2.0,3.21,3005100,3231300.0,2026-06-18,16:14:21
301331,恩威医药,22.77,21.8,21.44,22.77,21.08,25764.0,56380000.0,23.43,23.37,48.66,2.3,2.51,1245400,1331100.0,2026-06-18,16:14:00
301332,德尔玛,8.23,8.2,8.17,8.25,8.08,16357.0,13380000.0,37.99,21.8,29.73,1.31,0.62,730700,905000.0,2026-06-18,16:14:12
301333,诺思格,47.05,46.86,46.44,48.08,45.95,23669.0,111550000.0,45.44,45.38,34.0,2.28,2.45,1038500,1328400.0,2026-06-18,16:14:03
301335,天元宠物,20.7,21.09,20.9,21.2,20.62,10018.0,20900000.0,26.27,18.11,47.32,1.36,1.14,495600,506300.0,2026-06-18,16:14:06
301336,趣睡科技,37.57,37.8,37.61,38.1,36.5,13452.0,49960000.0,19.5,15.09,67.15,2.34,3.35,692300,652900.0,2026-06-18,16:14:09
301337,亚华电子,28.94,28.59,28.56,29.05,28.1,21131.0,60750000.0,30.16,29.5,-171.08,2.78,2.07,1147200,965900.0,2026-06-18,16:14:12
301338,凯格精机,169.0,162.71,164.27,170.0,161.1,98123.0,1627160000.0,251.74,183.42,115.22,15.33,9.04,4777900,5034300.0,2026-06-18,16:14:24
301339,通行宝,11.13,11.21,11.19,11.21,11.0,31895.0,35500000.0,64.59,63.42,28.56,2.35,0.56,1448400,1741100.0,2026-06-18,16:14:27
301345,涛涛车业,204.38,209.5,209.5,211.0,202.8,10396.0,213770000.0,222.87,71.59,24.59,6.17,2.97,431100,608400.0,2026-06-18,16:14:09
301348,蓝箭电子,28.2,29.16,28.87,28.99,28.13,197632.0,561770000.0,67.68,43.75,-177.56,4.61,12.74,8799800,10963400.0,2026-06-18,16:14:45
301349,信德新材,64.63,63.96,63.29,65.96,62.0,75403.0,484210000.0,92.1,72.72,146.99,3.37,6.7,3609200,3931100.0,2026-06-18,16:14:30
301353,普莱得,18.17,18.3,18.2,18.42,17.9,9009.0,16400000.0,23.08,7.42,33.12,1.82,2.21,459900,441000.0,2026-06-18,16:14:48
301355,南王科技,10.1,10.06,10.0,10.35,9.84,34702.0,35100000.0,19.7,14.11,-62.18,1.34,2.48,1966500,1503700.0,2026-06-18,16:14:12
301356,天振股份,23.94,23.48,23.33,23.94,22.95,17382.0,40840000.0,51.71,30.33,54.18,1.73,1.37,971300,767000.0,2026-06-18,16:14:15
301357,北方长龙,85.91,86.23,85.97,87.77,84.9,15310.0,132070000.0,81.79,81.79,380.57,7.2,1.61,833900,697100.0,2026-06-18,16:14:18
301358,湖南裕能,76.08,75.65,74.65,77.95,74.18,242710.0,1845420000.0,641.61,578.16,25.27,3.42,3.19,11679200,12591900.0,2026-06-18,16:14:15
301359,东南电子,17.88,18.21,18.09,18.29,17.81,20435.0,36780000.0,21.49,12.72,62.24,2.61,2.87,1217100,826500.0,2026-06-18,16:14:51
301360,荣旗科技,78.29,77.06,77.15,79.28,76.2,23790.0,185800000.0,54.64,26.67,110.69,4.59,6.98,1175300,1203700.0,2026-06-18,16:14:15
301361,众智科技,34.96,32.85,34.05,36.19,33.5,42645.0,150230000.0,40.67,19.7,41.43,3.3,7.57,2023000,2241500.0,2026-06-18,16:14:18
301362,民爆光电,240.77,233.99,229.31,251.25,227.0,41796.0,1008150000.0,351.39,98.58,240.19,14.63,10.21,2128500,2051100.0,2026-06-18,16:14:54
301363,美好医疗,19.81,18.61,19.18,21.3,19.18,331994.0,666010000.0,157.68,103.41,54.77,4.3,6.36,16211600,16987800.0,2026-06-18,16:14:18
301365,矩阵股份,34.85,33.87,33.66,35.3,33.03,43060.0,148050000.0,63.58,42.91,146.12,3.7,3.5,2089000,2216900.0,2026-06-18,16:14:21
301366,一博科技,55.82,58.2,57.0,57.51,54.94,235994.0,1319940000.0,116.96,65.31,246.21,5.4,20.17,10586100,13013300.0,2026-06-18,16:14:21
301367,瑞迈特,39.94,40.39,40.39,40.96,39.88,12016.0,48400000.0,50.04,39.18,26.04,1.66,1.22,479800,721800.0,2026-06-18,16:14:21
301368,丰立智能,44.4,44.11,43.52,45.48,43.52,28958.0,128880000.0,53.32,53.32,-184.91,5.66,2.41,1492100,1403700.0,2026-06-18,16:14:24
301369,联动科技,221.2,208.78,210.0,224.44,206.29,37153.0,796710000.0,226.3,121.33,571.44,15.11,6.77,2022200,1693000.0,2026-06-18,16:14:24
301370,国科恒泰,8.6,8.65,8.64,8.72,8.52,20343.0,17530000.0,40.47,27.84,51.66,1.65,0.63,963800,1070500.0,2026-06-18,16:14:33
301371,敷尔佳,27.49,27.14,27.17,27.65,26.92,19713.0,53770000.0,142.98,21.38,27.88,2.62,2.53,886500,1084800.0,2026-06-18,16:14:57
301372,科净源,34.84,35.25,35.05,35.86,34.54,14267.0,49990000.0,23.89,14.34,-55.3,3.22,3.47,638300,788400.0,2026-06-18,16:14:00
301373,凌玮科技,194.9,195.17,177.88,198.3,174.19,95713.0,1795770000.0,211.41,79.49,146.71,12.68,23.47,4884000,4687300.0,2026-06-18,16:14:36
301376,致欧科技,15.28,15.65,15.56,15.63,15.23,21789.0,33590000.0,61.5,29.59,20.49,1.83,1.13,867100,1311900.0,2026-06-18,16:14:24
301377,鼎泰高科,600.0,590.0,570.1,628.18,570.01,42140.0,2552510000.0,2468.48,593.17,397.1,91.07,4.26,2009300,2204800.0,2026-06-18,16:14:27
301378,通达海,27.24,27.0,26.93,27.45,26.42,19857.0,53790000.0,26.31,12.51,-19.26,2.21,4.32,1114300,871400.0,2026-06-18,16:14:30
301379,天山电子,25.4,25.92,25.68,26.13,24.98,197685.0,503900000.0,70.23,55.29,55.81,4.93,9.08,8802800,10965600.0,2026-06-18,16:14:03
301380,挖金客,29.02,29.0,29.58,29.58,28.64,11759.0,34210000.0,29.42,23.43,78.94,4.0,1.46,647200,528700.0,2026-06-18,16:14:06
301381,赛维时代,19.32,19.09,19.0,19.32,18.71,32845.0,62580000.0,78.53,38.35,28.2,2.87,1.65,1672400,1612000.0,2026-06-18,16:14:09
301382,蜂助手,40.88,40.74,40.8,42.21,40.16,142513.0,585210000.0,116.75,96.62,75.47,6.11,6.03,6741400,7509900.0,2026-06-18,16:14:27
301383,天键股份,27.56,27.25,27.05,28.15,26.71,24510.0,67620000.0,45.02,19.46,-63.73,2.31,3.47,1351600,1099400.0,2026-06-18,16:14:27
301386,未来电器,20.99,20.86,20.62,21.06,20.53,12141.0,25350000.0,29.39,9.45,32.02,2.02,2.7,651400,562700.0,2026-06-18,16:14:39
301387,光大同创,106.97,108.51,107.85,109.89,104.54,45466.0,484780000.0,114.19,45.66,-9341.3,7.0,10.65,2080100,2466500.0,2026-06-18,16:14:30
301388,欣灵电气,25.6,25.99,25.86,26.05,25.41,9388.0,24080000.0,26.23,18.61,117.16,2.72,1.29,532600,406200.0,2026-06-18,16:14:12
301389,隆扬电子,103.17,103.0,101.0,105.19,99.88,146582.0,1509710000.0,292.49,292.49,292.42,13.19,5.17,7088200,7570000.0,2026-06-18,16:14:33
301390,经纬股份,29.25,29.37,29.41,29.67,28.66,7428.0,21720000.0,17.55,14.35,-2809.53,1.87,1.51,356900,385900.0,2026-06-18,16:14:15
301391,卡莱特,65.85,66.12,65.69,68.8,65.01,14449.0,96720000.0,62.57,61.13,263.63,2.99,1.56,715600,729300.0,2026-06-18,16:14:42
301392,汇成真空,210.61,202.0,193.03,212.98,193.0,85514.0,1742230000.0,210.61,85.92,508.42,28.18,20.96,4463100,4088300.0,2026-06-18,16:14:45
301393,昊帆生物,52.87,51.68,51.96,54.2,51.0,16387.0,86710000.0,57.1,22.26,50.4,2.42,3.89,888100,750600.0,2026-06-18,16:14:48
301395,仁信新材,11.21,11.5,11.48,11.57,11.17,36186.0,40790000.0,27.22,14.27,-30.72,1.89,2.84,1677300,1941300.0,2026-06-18,16:14:51
301396,宏景科技,222.97,215.61,216.37,229.0,215.01,187685.0,4167200000.0,479.22,315.52,1367.08,39.69,13.26,9761600,9006900.0,2026-06-18,16:14:18
301397,溯联股份,33.3,33.36,33.45,34.24,33.02,28031.0,94270000.0,51.84,23.52,40.18,2.56,3.97,1258200,1544900.0,2026-06-18,16:14:33
301398,星源卓镁,39.35,40.63,40.33,40.94,39.06,14850.0,59120000.0,44.07,44.07,328.47,4.0,1.33,727100,757900.0,2026-06-18,16:14:36
301399,英特科技,18.18,17.85,17.74,18.27,17.55,31891.0,57640000.0,33.64,9.94,150.59,2.59,5.83,1535800,1653200.0,2026-06-18,16:14:36
301408,华人健康,15.39,15.32,15.19,15.62,15.06,95591.0,146910000.0,61.56,35.24,29.39,2.88,4.18,4754100,4804900.0,2026-06-18,16:14:39
301413,安培龙,80.28,80.89,81.49,81.79,78.71,56775.0,456420000.0,102.7,61.31,139.78,8.28,7.43,2834400,2843200.0,2026-06-18,16:14:39
301418,协昌科技,48.18,50.55,50.05,50.38,48.18,51414.0,252700000.0,35.33,14.18,430.06,2.2,17.47,2138200,3003200.0,2026-06-18,16:14:54
301419,阿莱德,45.6,43.4,44.03,47.95,44.01,125975.0,578930000.0,68.4,45.22,104.19,7.4,12.7,5973500,6624000.0,2026-06-18,16:14:42
301421,波长光电,101.11,100.72,99.0,102.47,97.97,74516.0,745600000.0,117.0,46.82,330.03,9.79,16.09,3328500,4123100.0,2026-06-18,16:14:45
301428,世纪恒通,37.85,38.19,37.2,38.25,37.01,73132.0,275490000.0,37.35,26.64,-106.82,3.1,10.39,3494900,3818300.0,2026-06-18,16:14:48
301429,森泰股份,17.44,17.55,17.56,17.67,17.2,14273.0,24980000.0,20.62,7.68,42.26,1.54,3.24,620600,806700.0,2026-06-18,16:14:57
301439,泓淋电力,17.25,17.22,17.48,17.84,17.14,181053.0,315710000.0,67.12,31.61,32.65,2.26,9.88,8412100,9693200.0,2026-06-18,16:14:21
301446,福事特,42.6,42.3,42.3,42.88,40.28,19535.0,80900000.0,44.3,13.24,58.85,3.68,6.29,965800,987800.0,2026-06-18,16:14:24
301448,开创电气,42.83,39.78,39.13,43.3,39.13,28294.0,118140000.0,44.8,20.68,-780.82,6.47,5.86,1683400,1146000.0,2026-06-18,16:14:42
301456,盘古智能,24.9,25.05,24.97,25.27,24.69,13085.0,32600000.0,37.87,15.15,43.03,1.7,2.15,684600,623900.0,2026-06-18,16:14:51
301458,钧崴电子,60.58,57.79,57.21,62.0,56.75,218286.0,1304320000.0,161.55,71.17,120.8,10.05,18.58,10712000,11116600.0,2026-06-18,16:14:54
301459,丰茂股份,35.33,35.24,35.24,35.66,34.7,6753.0,23830000.0,36.79,9.22,43.53,2.94,2.59,392800,282600.0,2026-06-18,16:14:00
301468,博盈特焊,48.89,48.63,50.7,52.99,48.12,193469.0,976240000.0,82.7,47.67,170.57,3.62,19.84,8959200,10387700.0,2026-06-18,16:14:30
301469,恒达新材,30.32,30.11,29.88,31.15,29.85,15459.0,46960000.0,27.13,13.96,29.45,1.97,3.36,727900,818000.0,2026-06-18,16:14:03
301479,弘景光电,63.9,65.25,65.25,65.25,63.21,33584.0,215390000.0,79.59,45.56,43.33,6.3,4.71,1728100,1630300.0,2026-06-18,16:14:27
301486,致尚科技,255.47,260.12,258.6,259.0,250.08,84907.0,2155180000.0,328.74,185.1,510.26,12.87,11.72,3646300,4844300.0,2026-06-18,16:14:57
301487,盟固利,22.18,22.39,22.2,22.9,22.07,110716.0,247520000.0,101.94,60.51,145.44,5.28,4.06,5074600,5997000.0,2026-06-18,16:14:48
301488,豪恩汽电,142.15,145.13,144.11,147.2,141.1,28526.0,408870000.0,144.16,33.28,199.78,6.05,12.18,1347800,1504900.0,2026-06-18,16:14:30
301489,思泉新材,171.51,159.0,159.05,176.66,157.0,112362.0,1877320000.0,193.9,119.34,280.76,17.92,16.15,5456900,5779300.0,2026-06-18,16:14:33
301498,乖宝宠物,40.87,41.0,41.0,41.48,40.41,26365.0,107710000.0,163.67,73.3,27.62,3.52,1.47,1117600,1518900.0,2026-06-18,16:14:06
301499,维科精密,36.3,35.97,35.97,36.98,35.7,29535.0,107220000.0,50.19,12.55,91.47,3.87,8.55,1564600,1388900.0,2026-06-18,16:14:00
301500,飞南资源,27.73,27.69,27.69,28.49,27.2,158192.0,441010000.0,155.83,39.95,22.66,3.0,10.98,7015000,8804300.0,2026-06-18,16:14:54
301501,恒鑫生活,26.14,26.52,26.52,26.59,26.0,5994.0,15770000.0,38.66,11.37,22.18,1.87,1.38,305600,293800.0,2026-06-18,16:14:36
301502,华阳智能,85.3,84.66,84.83,89.0,84.17,11842.0,101640000.0,48.69,20.12,214.99,5.92,5.02,548700,635500.0,2026-06-18,16:14:33
301503,智迪科技,28.94,29.48,29.47,29.71,28.78,11140.0,32410000.0,23.15,9.4,27.75,2.11,3.43,551000,563000.0,2026-06-18,16:14:03
301505,苏州规划,17.55,17.71,17.72,17.81,17.22,23927.0,41930000.0,20.08,13.72,94.37,2.09,3.06,1385200,1007500.0,2026-06-18,16:14:36
301507,民生健康,12.23,12.13,12.03,12.44,11.94,34952.0,42750000.0,43.61,13.46,36.69,2.74,3.18,1699400,1795700.0,2026-06-18,16:14:39
301508,中机认检,25.4,26.44,25.74,25.86,25.34,31495.0,80220000.0,57.43,14.94,37.73,2.85,5.35,1143000,2006600.0,2026-06-18,16:14:06
301509,金凯生科,27.24,26.98,27.0,27.62,26.52,16132.0,43830000.0,32.81,15.46,44.32,1.55,2.84,804700,808500.0,2026-06-18,16:14:42
301510,固高科技,36.05,35.36,35.53,36.53,35.53,134376.0,483830000.0,144.2,100.64,186.74,10.08,4.81,6938900,6498700.0,2026-06-18,16:14:09
301511,德福科技,160.9,162.8,158.0,164.9,154.66,357602.0,5728490000.0,1014.19,602.78,419.87,24.77,9.55,17868600,17891600.0,2026-06-18,16:14:45
301512,智信精密,57.09,56.45,55.99,57.8,54.98,21893.0,124100000.0,30.45,14.17,100.32,2.89,8.82,1052300,1137000.0,2026-06-18,16:14:57
301515,港通医疗,19.39,19.44,19.44,19.7,18.83,13694.0,26550000.0,19.39,12.71,-396.75,1.58,2.09,721800,647600.0,2026-06-18,16:14:12
301516,中远通,15.76,16.06,16.04,16.1,15.64,46867.0,74090000.0,44.24,11.06,-91.85,3.49,6.68,2517000,2169700.0,2026-06-18,16:14:09
301517,陕西华达,53.93,53.75,53.01,54.65,52.91,38845.0,209550000.0,81.56,52.62,-126.67,6.41,3.98,1993200,1891300.0,2026-06-18,16:14:42
301518,长华化学,28.44,29.1,28.97,29.26,28.35,20551.0,58830000.0,41.37,15.2,45.39,2.49,3.84,1194200,860900.0,2026-06-18,16:14:45
301519,舜禹股份,11.74,11.87,11.78,11.91,11.4,27359.0,32060000.0,18.98,8.86,-74.36,1.4,3.62,1388300,1347600.0,2026-06-18,16:14:00
301520,万邦医药,24.4,24.18,24.15,24.73,23.8,6326.0,15420000.0,22.73,7.98,93.46,1.52,1.93,355000,277500.0,2026-06-18,16:14:03
301522,上大股份,28.74,29.51,29.15,29.75,28.39,99826.0,288070000.0,106.87,79.53,104.89,5.59,3.61,4654900,5327700.0,2026-06-18,16:14:15
301525,儒竞科技,53.59,49.77,49.7,54.71,49.15,43784.0,228730000.0,70.76,37.06,85.2,2.19,6.33,2432500,1945900.0,2026-06-18,16:14:06
301526,国际复材,40.89,40.23,39.51,41.78,38.75,1820937.0,7337560000.0,1541.91,574.26,314.69,18.06,12.97,95669700,86424000.0,2026-06-18,16:14:09
301528,多浦乐,94.99,92.88,94.08,96.8,90.66,30605.0,286450000.0,58.8,30.3,97.82,3.76,9.59,1504500,1556000.0,2026-06-18,16:14:12
301529,福赛科技,103.23,104.55,106.34,109.0,103.05,29508.0,309830000.0,122.25,65.62,90.2,8.73,4.64,1384100,1566700.0,2026-06-18,16:14:48
301533,威马农机,25.16,25.33,25.33,25.72,24.98,8949.0,22640000.0,24.73,7.15,86.86,2.25,3.15,476100,418800.0,2026-06-18,16:14:51
301536,星宸科技,112.64,110.06,110.06,113.98,109.0,115222.0,1291160000.0,475.02,210.85,99.5,15.33,6.16,6391200,5131000.0,2026-06-18,16:14:18
301538,骏鼎达,66.54,66.42,66.15,66.97,64.71,19840.0,130900000.0,73.03,29.08,39.75,5.05,4.54,971100,1012900.0,2026-06-18,16:14:54
301539,宏鑫科技,14.43,14.6,14.6,14.75,14.26,13210.0,19180000.0,21.36,10.83,784.77,2.77,1.76,671700,649300.0,2026-06-18,16:14:15
301548,崇德科技,77.55,74.35,74.35,78.7,73.36,21000.0,161290000.0,67.47,20.35,46.27,4.36,8.0,997800,1102300.0,2026-06-18,16:14:54
301550,斯菱智驱,100.05,99.85,99.76,102.22,98.3,90813.0,908560000.0,335.52,205.35,202.88,18.65,4.42,4519000,4562300.0,2026-06-18,16:14:12
301551,无线传媒,21.39,21.77,21.8,21.84,21.26,39431.0,84790000.0,85.56,33.06,33.66,3.39,2.55,1906600,2036600.0,2026-06-18,16:14:57
301552,科力装备,24.5,24.69,24.55,24.87,24.1,8347.0,20470000.0,30.32,7.58,21.17,2.72,2.7,436700,398000.0,2026-06-18,16:14:21
301555,惠柏新材,43.35,44.36,44.25,44.87,43.03,50940.0,221550000.0,40.0,20.96,51.54,3.54,10.54,2404400,2689600.0,2026-06-18,16:14:15
301556,托普云农,64.49,64.09,64.07,65.23,63.11,8785.0,56710000.0,55.0,19.01,51.21,5.67,2.98,465800,412700.0,2026-06-18,16:14:18
301557,常友科技,91.4,90.39,91.28,92.5,89.0,18883.0,171920000.0,56.7,22.73,77.88,5.69,7.59,961400,926900.0,2026-06-18,16:14:21
301558,三态股份,6.59,6.6,6.62,6.66,6.49,44876.0,29560000.0,51.99,14.46,106.35,3.76,2.04,2220100,2267500.0,2026-06-18,16:14:57
301559,中集环科,13.3,13.3,13.29,13.39,13.11,13056.0,17300000.0,79.8,11.97,70.56,1.78,1.45,657000,648600.0,2026-06-18,16:14:00
301565,中仑新材,28.66,27.22,27.0,28.66,26.6,166321.0,459440000.0,114.64,36.69,143.71,4.69,12.99,8908700,7723400.0,2026-06-18,16:14:24
301566,达利凯普,40.28,39.86,38.99,41.86,38.78,416311.0,1693620000.0,161.12,85.03,99.71,10.66,19.72,20897900,20733200.0,2026-06-18,16:14:21
301567,贝隆精密,39.52,39.56,39.2,40.26,38.74,9564.0,37890000.0,28.45,8.39,-247.37,3.92,4.5,523800,432600.0,2026-06-18,16:14:24
301568,思泰克,118.19,114.67,117.0,120.0,113.0,54557.0,639200000.0,122.04,56.26,101.82,12.12,11.46,2708800,2746900.0,2026-06-18,16:14:00
301571,国科天成,70.16,70.3,70.3,72.27,69.52,44329.0,313500000.0,125.89,83.61,58.33,6.1,3.72,1996900,2436000.0,2026-06-18,16:14:03
301577,美信科技,96.96,94.92,93.89,98.99,93.5,21263.0,205970000.0,43.66,18.27,-175.68,5.93,11.29,953000,1173300.0,2026-06-18,16:14:06
301578,辰奕智能,21.45,21.83,21.71,21.89,21.32,13955.0,30120000.0,22.72,6.46,174.85,2.5,4.63,845500,550000.0,2026-06-18,16:14:09
301580,爱迪特,63.17,52.64,63.17,63.17,63.17,34808.0,219880000.0,94.24,63.68,46.38,4.45,3.45,0,3480800.0,2026-06-18,16:14:27
301581,黄山谷捷,47.61,47.32,47.02,48.25,46.6,11048.0,52580000.0,38.09,20.14,93.08,3.85,2.61,632500,472300.0,2026-06-18,16:14:12
301585,蓝宇股份,24.89,24.87,24.63,25.1,24.4,9559.0,23670000.0,25.89,16.95,36.41,2.63,1.4,462000,494000.0,2026-06-18,16:14:30
301586,佳力奇,36.85,36.02,35.51,37.4,35.51,10322.0,37990000.0,30.58,19.5,61.07,2.36,1.95,594500,437700.0,2026-06-18,16:14:15
301587,中瑞股份,24.62,25.14,24.73,25.12,24.58,34944.0,86470000.0,36.27,18.08,61.73,1.82,4.76,1548700,1945700.0,2026-06-18,16:14:18
301588,美新科技,41.14,41.32,40.58,41.54,39.6,69069.0,280950000.0,48.9,30.18,194.07,5.16,9.42,3190600,3716300.0,2026-06-18,16:14:09
301589,诺瓦星云,156.73,149.86,149.85,161.51,148.9,14335.0,225290000.0,144.89,54.02,24.94,3.86,4.16,712000,721500.0,2026-06-18,16:14:33
301591,肯特股份,48.96,50.87,51.44,51.6,48.49,90923.0,450220000.0,53.54,21.88,87.48,5.85,20.34,4749400,4342900.0,2026-06-18,16:14:30
301592,六九一二,104.24,105.5,104.61,106.5,102.8,8389.0,87540000.0,72.97,24.35,128.11,7.82,3.59,399900,439000.0,2026-06-18,16:14:24
301596,瑞迪智驱,59.74,56.38,56.24,59.99,55.83,41094.0,239690000.0,64.54,26.19,63.48,7.34,9.37,2408700,1700700.0,2026-06-18,16:14:27
301598,博科测试,53.8,54.54,53.88,54.68,53.17,7966.0,42730000.0,31.69,9.44,25.51,3.34,4.54,348400,448200.0,2026-06-18,16:14:36
301600,慧翰股份,92.23,92.95,92.59,94.22,91.8,8362.0,77560000.0,96.4,29.75,61.44,7.92,2.59,396000,440300.0,2026-06-18,16:14:30
301601,惠通科技,17.12,17.06,17.02,17.55,16.68,19905.0,34080000.0,24.05,14.46,36.89,1.83,2.36,1070600,919900.0,2026-06-18,16:14:39
301602,超研股份,15.0,15.08,15.16,15.78,14.94,29108.0,44520000.0,64.25,31.27,54.12,4.69,1.4,1432400,1478400.0,2026-06-18,16:14:12
301603,乔锋智能,146.8,146.5,145.5,149.37,142.65,22926.0,335840000.0,177.28,55.39,46.34,7.09,6.08,1120600,1172000.0,2026-06-18,16:14:42
301606,绿联科技,63.77,63.98,64.04,64.66,63.31,27758.0,177390000.0,264.59,105.22,33.41,7.85,1.68,1284500,1491300.0,2026-06-18,16:14:15
301607,富特科技,41.05,42.86,42.0,43.13,40.28,126699.0,521290000.0,96.11,62.31,35.3,5.32,8.35,5218400,7451400.0,2026-06-18,16:14:30
301608,博实结,54.54,53.89,53.41,54.89,53.01,14919.0,81010000.0,72.32,32.45,28.98,3.31,2.51,645700,846200.0,2026-06-18,16:14:33
301611,珂玛科技,121.77,124.67,122.69,123.7,118.04,194191.0,2342310000.0,530.92,178.49,214.18,29.72,13.25,8218000,11201100.0,2026-06-18,16:14:33
301613,新铝时代,40.8,41.94,41.65,42.31,40.2,18744.0,77130000.0,58.69,34.23,24.96,3.69,2.23,843300,1031100.0,2026-06-18,16:14:45
301617,博苑新材,56.65,54.88,54.12,57.6,53.29,71071.0,399840000.0,98.42,39.06,56.48,5.61,10.31,3690700,3416400.0,2026-06-18,16:14:36
301618,长联科技,39.0,39.9,39.92,40.47,39.0,13834.0,54440000.0,49.26,18.78,160.65,5.25,2.87,449500,933900.0,2026-06-18,16:14:39
301622,英思特,58.14,57.95,57.85,59.5,57.25,17546.0,102740000.0,67.4,37.59,86.5,4.39,2.71,833400,921200.0,2026-06-18,16:14:36
301626,苏州天脉,337.12,322.64,322.64,339.66,320.0,21577.0,712470000.0,389.98,177.39,345.86,24.49,4.1,1247800,909900.0,2026-06-18,16:14:39
301628,强达电路,120.73,121.24,119.99,121.8,118.36,27271.0,327960000.0,91.0,33.65,77.75,7.86,9.78,1199700,1527400.0,2026-06-18,16:14:42
301629,矽电股份,401.93,401.93,396.84,402.99,388.87,19535.0,772470000.0,167.71,77.15,542.33,14.31,10.18,1007900,945700.0,2026-06-18,16:14:42
301631,壹连科技,81.13,80.72,80.36,83.63,80.36,18110.0,147590000.0,103.83,35.37,34.16,4.03,4.15,854800,956200.0,2026-06-18,16:14:39
301633,港迪技术,46.15,46.15,46.11,46.68,45.21,4371.0,20170000.0,25.7,11.77,39.29,2.85,1.71,258000,179100.0,2026-06-18,16:14:45
302132,中航成飞,59.33,60.2,60.1,60.6,59.08,70147.0,418550000.0,1585.35,347.72,45.71,7.77,1.2,2977900,4036800.0,2026-06-18,16:14:00
600000,浦发银行,9.09,9.24,9.2,9.25,9.07,836564.0,763280000.0,3027.5,3027.5,6.02,0.4,0.25,39921100,43735300.0,2026-06-18,16:14:20
600004,白云机场,7.71,8.16,8.15,8.16,7.67,383097.0,298620000.0,198.71,182.47,14.83,0.94,1.62,11956200,26353500.0,2026-06-18,16:14:08
600006,东风股份,5.56,5.66,5.61,5.67,5.49,178099.0,99280000.0,111.2,111.2,-26.15,1.39,0.89,7886000,9923900.0,2026-06-18,16:14:27
600007,中国国贸,18.75,18.39,18.63,19.17,18.44,57219.0,107280000.0,188.87,188.87,15.79,1.88,0.57,3162500,2559400.0,2026-06-18,16:14:13
600008,XD首创环,2.98,3.06,3.08,3.09,2.96,1210478.0,364400000.0,218.75,218.75,12.14,1.06,1.65,42171000,78876900.0,2026-06-18,16:14:29
600009,上海机场,23.16,23.6,23.52,23.6,23.1,83623.0,194290000.0,576.29,473.92,26.49,1.34,0.41,3389800,4972500.0,2026-06-18,16:14:24
600010,包钢股份,2.43,2.4,2.39,2.49,2.38,6988676.0,1700640000.0,1098.99,761.03,-819.9,2.13,2.23,374932000,323935600.0,2026-06-18,16:15:00
600011,华能国际,7.64,7.92,7.86,8.15,7.61,2345593.0,1839140000.0,1199.33,840.23,8.62,1.71,2.13,109029500,125529800.0,2026-06-18,16:14:24
600012,皖通高速,16.28,16.23,16.12,16.28,15.96,30508.0,49260000.0,278.16,189.76,14.93,2.08,0.26,1502800,1548000.0,2026-06-18,16:14:14
600015,华夏银行,6.63,6.82,6.83,6.83,6.63,759515.0,508100000.0,1055.16,1020.17,3.89,0.33,0.49,29445500,46506000.0,2026-06-18,16:14:09
600016,民生银行,3.48,3.56,3.55,3.56,3.47,3011419.0,1054240000.0,1523.63,1234.08,5.19,0.26,0.85,94960200,206181700.0,2026-06-18,16:14:12
600017,日照港,2.6,2.65,2.63,2.64,2.59,207500.0,54140000.0,79.97,79.97,18.23,0.57,0.67,7781300,12968700.0,2026-06-18,16:14:12
600018,上港集团,4.89,4.97,4.96,4.96,4.88,513780.0,252130000.0,1138.39,1136.76,8.33,0.78,0.22,15609200,35768800.0,2026-06-18,16:14:19
600019,宝钢股份,5.68,5.77,5.78,5.8,5.67,869318.0,497040000.0,1237.22,1216.32,12.21,0.59,0.41,34712500,52219300.0,2026-06-18,16:14:05
600020,中原高速,3.81,3.85,3.85,3.85,3.8,95493.0,36550000.0,85.62,85.62,13.38,0.72,0.42,4195300,5354000.0,2026-06-18,16:14:28
600021,上海电力,16.83,17.2,17.13,17.17,16.68,732428.0,1235330000.0,474.92,474.92,18.96,2.28,2.6,27381400,45861400.0,2026-06-18,16:14:23
600022,山东钢铁,1.3,1.3,1.29,1.32,1.28,659392.0,85780000.0,139.09,139.09,-633.53,0.74,0.62,35080700,30858500.0,2026-06-18,16:14:26
600023,浙能电力,5.76,6.04,6.02,6.08,5.75,862094.0,507060000.0,772.34,772.34,10.44,1.0,0.64,32244700,53964700.0,2026-06-18,16:14:07
600025,华能水电,9.3,9.44,9.4,9.47,9.25,348689.0,325360000.0,1732.69,1732.69,20.29,2.44,0.19,15932400,18936500.0,2026-06-18,16:14:02
600026,中远海能,19.3,19.69,19.9,20.1,18.88,1281214.0,2482470000.0,1055.89,738.75,19.19,2.19,3.35,58790400,69330900.0,2026-06-18,16:14:19
600027,华电国际,4.77,4.96,4.92,4.98,4.76,1200211.0,581030000.0,553.88,439.59,9.43,1.11,1.3,43856400,76164600.0,2026-06-18,16:14:03
600028,中国石化,4.71,4.85,4.85,4.85,4.71,2326923.0,1107930000.0,5695.59,4462.84,16.02,0.69,0.25,80167000,152525300.0,2026-06-18,16:14:29
600029,南方航空,5.29,5.45,5.42,5.44,5.26,1149323.0,612970000.0,958.6,712.93,31.07,2.59,0.85,40972400,73959900.0,2026-06-18,16:14:17
600030,中信证券,26.56,27.37,27.35,27.35,26.5,1933687.0,5183910000.0,3936.34,3234.09,11.69,1.38,1.59,85733700,107635100.0,2026-06-18,16:14:16
600031,三一重工,18.37,18.91,18.81,18.89,18.29,772658.0,1429460000.0,1689.12,1556.75,20.06,1.86,0.91,31510800,45754900.0,2026-06-18,16:14:18
600032,浙江新能,7.76,8.18,8.15,8.16,7.74,533496.0,420650000.0,186.6,186.6,41.43,1.46,2.22,22664000,30685600.0,2026-06-18,16:14:24
600033,福建高速,3.46,3.53,3.51,3.52,3.44,221557.0,76810000.0,94.96,94.96,9.91,0.75,0.81,7218700,14937000.0,2026-06-18,16:14:22
600035,楚天高速,3.72,3.74,3.72,3.73,3.7,72139.0,26800000.0,59.9,59.9,11.92,0.66,0.45,2727000,4486900.0,2026-06-18,16:14:28
600036,招商银行,37.26,38.23,38.15,38.2,37.26,1003461.0,3765520000.0,9396.91,7686.34,6.23,0.83,0.49,39850700,60495300.0,2026-06-18,16:14:21
600037,XD歌华有,6.61,6.68,6.7,6.78,6.6,153552.0,102660000.0,92.0,92.0,136.21,0.72,1.1,6707600,8647600.0,2026-06-18,16:14:13
600038,中直股份,26.86,27.15,27.08,27.36,26.71,56641.0,153110000.0,220.22,179.68,45.15,1.26,0.85,2789400,2874700.0,2026-06-18,16:14:13
600039,四川路桥,8.27,8.35,8.3,8.36,8.21,136314.0,112820000.0,719.13,719.13,10.25,1.36,0.16,6893000,6738400.0,2026-06-18,16:14:16
600048,保利发展,4.92,5.08,5.05,5.06,4.92,1161482.0,578530000.0,588.95,588.95,-323.12,0.3,0.97,43214400,72933800.0,2026-06-18,16:14:19
600050,中国联通,4.28,4.35,4.33,4.35,4.26,1717412.0,737360000.0,1338.12,1326.39,15.46,0.78,0.55,58386500,113354700.0,2026-06-18,16:14:22
600051,宁波联合,6.02,6.04,5.99,6.08,5.88,52739.0,31670000.0,18.71,18.71,24.68,0.55,1.7,2365800,2908100.0,2026-06-18,16:14:21
600052,东望时代,3.77,3.94,3.89,4.01,3.75,194068.0,74820000.0,31.83,31.83,-6.62,1.47,2.3,6459800,12947000.0,2026-06-18,16:14:18
600053,*ST九鼎,7.9,8.03,7.97,8.1,7.8,25128.0,20000000.0,34.25,34.25,-9.55,1.54,0.58,1274200,1238600.0,2026-06-18,16:14:28
600054,黄山旅游,10.95,10.94,10.86,11.0,10.76,56656.0,61780000.0,79.87,56.21,27.52,1.66,1.1,3178900,2486600.0,2026-06-18,16:14:19
600055,万东医疗,11.46,11.27,11.19,11.68,11.06,74462.0,84820000.0,80.57,80.57,-28.89,1.81,1.06,3795700,3650500.0,2026-06-18,16:14:15
600056,中国医药,9.09,9.1,9.07,9.16,8.97,95935.0,87150000.0,135.98,135.93,28.16,1.13,0.64,4474100,5119400.0,2026-06-18,16:14:23
600057,厦门象屿,5.86,5.94,5.88,5.96,5.85,130301.0,76790000.0,166.37,122.62,12.75,1.08,0.62,5684300,7345800.0,2026-06-18,16:14:20
600058,五矿发展,10.28,10.33,10.34,11.0,10.19,192304.0,201380000.0,110.19,110.19,-355.35,2.28,1.79,8993200,10237200.0,2026-06-18,16:14:15
600059,古越龙山,7.75,7.87,7.85,7.85,7.69,64219.0,49880000.0,70.64,70.64,31.35,1.2,0.7,2373400,4048500.0,2026-06-18,16:14:26
600060,海信视像,25.0,25.66,25.4,25.62,24.24,224633.0,558050000.0,326.24,325.04,13.1,1.49,1.73,9210500,13252800.0,2026-06-18,16:14:16
600061,国投资本,6.36,6.56,6.52,6.58,6.34,430932.0,276390000.0,406.66,406.66,12.08,0.74,0.67,15490000,27603200.0,2026-06-18,16:14:13
600062,华润双鹤,16.38,16.65,16.65,16.67,16.35,70096.0,115520000.0,170.12,170.06,10.47,1.4,0.68,3115800,3893800.0,2026-06-18,16:14:18
600063,皖维高新,8.46,8.48,8.35,9.02,8.3,2092034.0,1790930000.0,175.05,175.05,38.69,2.08,10.11,101204900,107998600.0,2026-06-18,16:14:23
600064,南京高科,7.41,7.52,7.5,7.52,7.4,101578.0,75720000.0,128.22,128.22,7.26,0.65,0.59,4391500,5766300.0,2026-06-18,16:14:15
600066,宇通客车,26.04,27.14,27.26,27.37,26.0,320424.0,843820000.0,576.51,576.51,10.56,4.89,1.45,13359100,18683300.0,2026-06-18,16:14:06
600067,冠城新材,3.39,3.38,3.39,3.43,3.28,460309.0,155180000.0,47.18,47.18,244.55,0.85,3.31,22384800,23646100.0,2026-06-18,16:14:19
600070,*ST富润,0.42,0.42,0.0,0.0,0.0,0.0,0.0,2.13,2.13,-3.9,0.72,0.0,0,0.0,2026-06-18,09:00:00
600071,凤凰光学,17.24,17.37,17.2,17.48,16.9,33957.0,58270000.0,48.54,48.54,178.49,9.53,1.21,1767100,1628600.0,2026-06-18,16:14:08
600072,中船科技,9.43,9.81,9.83,9.88,9.41,279403.0,268570000.0,141.51,102.16,-4.32,1.86,2.58,11541800,16398600.0,2026-06-18,16:14:24
600073,光明肉业,4.81,4.91,4.9,4.91,4.79,70937.0,34290000.0,45.1,45.1,-18.15,0.96,0.76,2766100,4327600.0,2026-06-18,16:14:20
600075,新疆天业,4.34,4.56,4.55,4.56,4.32,261791.0,115110000.0,74.12,74.12,-74.91,0.84,1.53,11140700,15038300.0,2026-06-18,16:14:03
600076,康欣新材,3.67,3.34,3.42,3.67,3.37,296113.0,105790000.0,49.34,49.34,-12.62,1.39,2.2,13747200,15864100.0,2026-06-18,16:14:29
600078,澄星股份,13.28,13.41,13.42,14.07,13.12,445594.0,600870000.0,89.88,87.99,124.87,5.27,6.73,20245300,24314100.0,2026-06-18,16:14:28
600079,ST人福,16.41,16.7,16.7,16.83,16.35,156760.0,259400000.0,267.85,253.24,14.07,1.38,1.02,6390100,9285900.0,2026-06-18,16:14:17
600080,ST金花,4.61,4.76,4.74,4.75,4.6,39885.0,18590000.0,17.21,17.21,94.19,1.08,1.07,1463200,2525300.0,2026-06-18,16:14:19
600081,东风科技,10.0,10.18,10.12,10.17,9.96,28068.0,28180000.0,55.3,55.3,241.98,1.2,0.51,1275700,1531100.0,2026-06-18,16:15:00
600082,ST海泰,2.99,2.96,2.98,3.05,2.91,86739.0,25920000.0,19.32,18.97,-26.54,1.14,1.37,4680800,3993100.0,2026-06-18,16:14:12
600084,*ST尼雅,4.02,4.1,4.14,4.24,3.93,77595.0,31510000.0,45.17,45.17,-200.85,3.55,0.69,3518000,4241500.0,2026-06-18,16:14:11
600085,同仁堂,23.5,23.94,23.89,23.89,23.42,70166.0,165560000.0,322.3,322.3,29.89,2.29,0.51,2966900,4049700.0,2026-06-18,16:14:07
600088,中视传媒,12.17,12.49,12.48,12.48,12.06,78822.0,96460000.0,48.4,48.4,-588.38,3.86,1.98,3667900,4214400.0,2026-06-18,16:14:02
600089,特变电工,23.32,23.44,23.21,23.76,23.09,1191248.0,2785270000.0,1178.31,1178.31,19.1,1.64,2.36,57499100,61625700.0,2026-06-18,16:14:07
600094,大名城,4.05,4.04,4.01,4.18,3.9,198522.0,80830000.0,94.16,86.11,65.26,0.92,0.93,9098300,10753900.0,2026-06-18,16:14:04
600095,湘财股份,7.74,8.01,7.98,8.01,7.72,224466.0,175500000.0,221.3,221.3,50.4,1.8,0.79,9687100,12759500.0,2026-06-18,16:14:15
600096,云天化,29.57,30.23,29.95,30.51,29.17,415288.0,1228520000.0,539.06,539.06,10.19,2.26,2.28,16594900,24933900.0,2026-06-18,16:14:15
600097,开创国际,8.33,8.43,8.39,8.47,8.21,28990.0,24190000.0,20.07,20.07,77.77,0.9,1.2,1446300,1452700.0,2026-06-18,16:14:01
600098,广州发展,6.58,6.91,6.9,6.91,6.56,480909.0,321720000.0,230.69,230.69,9.6,0.83,1.37,19854600,28236400.0,2026-06-18,16:14:16
600099,林海股份,8.66,8.75,8.7,8.78,8.57,31550.0,27310000.0,18.98,18.98,75.24,3.44,1.44,1630600,1524400.0,2026-06-18,16:14:14
600100,同方股份,7.11,7.18,7.15,7.2,7.08,250654.0,178890000.0,238.21,238.21,71.86,1.5,0.75,11041600,14023800.0,2026-06-18,16:14:04
600101,明星电力,8.69,9.08,9.03,9.04,8.68,278418.0,245480000.0,47.61,47.61,25.84,1.51,5.08,8737400,19104400.0,2026-06-18,16:14:12
600103,青山纸业,3.48,3.59,3.56,3.58,3.47,1011801.0,354770000.0,77.98,76.99,199.13,1.97,4.57,37671700,63508500.0,2026-06-18,16:14:12
600104,上汽集团,10.46,10.56,10.57,10.62,10.33,882271.0,924830000.0,1202.41,1202.41,11.89,0.4,0.77,38686100,49541000.0,2026-06-18,16:14:01
600105,永鼎股份,62.12,63.09,61.83,64.35,61.38,1263933.0,7931320000.0,908.19,908.19,884.38,27.55,8.65,59499100,66894200.0,2026-06-18,16:14:29
600106,重庆路桥,5.14,4.92,4.92,5.21,4.84,270039.0,136630000.0,68.31,68.31,80.23,1.28,2.03,14660600,12343300.0,2026-06-18,16:14:26
600107,*ST尔雅,6.2,6.31,6.3,6.37,6.01,31567.0,19450000.0,22.32,22.32,-28.95,5.51,0.88,1614100,1542600.0,2026-06-18,16:14:19
600108,亚盛集团,3.61,3.43,3.43,3.77,3.3,2549633.0,924920000.0,70.28,70.28,131.82,1.62,13.1,112965300,141998000.0,2026-06-18,16:14:09
600109,国金证券,8.44,8.67,8.63,8.68,8.38,369013.0,313140000.0,312.73,312.73,13.1,0.87,1.0,16071100,20830200.0,2026-06-18,16:14:11
600110,诺德股份,17.57,17.22,17.5,18.42,17.0,4928456.0,8656450000.0,304.87,304.87,-138.11,5.41,28.4,250141000,242704700.0,2026-06-18,16:14:07
600111,北方稀土,51.4,50.32,50.0,53.28,49.8,1807191.0,9366610000.0,1858.14,1858.14,67.86,7.4,5.0,95598200,85120800.0,2026-06-18,16:14:25
600113,浙江东日,32.99,34.0,33.98,33.98,32.4,83145.0,274890000.0,138.95,135.73,98.86,5.54,2.02,5011800,3302800.0,2026-06-18,16:14:29
600114,东睦股份,43.85,43.24,43.24,45.44,42.96,299190.0,1321310000.0,276.86,270.28,50.34,8.2,4.85,13519500,16399500.0,2026-06-18,16:14:20
600115,中国东航,3.92,4.08,4.05,4.1,3.9,2541586.0,1011040000.0,865.84,667.38,87.02,6.14,1.49,88861900,165296700.0,2026-06-18,16:14:13
600116,三峡水利,5.97,6.21,6.19,6.19,5.95,317529.0,191630000.0,114.15,114.15,24.16,1.01,1.66,10162600,21590300.0,2026-06-18,16:14:22
600117,西宁特钢,2.25,2.2,2.2,2.35,2.15,361553.0,82090000.0,73.24,73.24,-7.3,2.13,1.11,20418200,15737100.0,2026-06-18,16:14:07
600118,中国卫星,76.52,75.79,74.51,77.54,73.8,454695.0,3462490000.0,904.84,904.84,5330.14,14.31,3.85,24131800,21337700.0,2026-06-18,16:14:27
600119,*ST长投,4.61,4.76,4.73,4.78,4.58,28857.0,13440000.0,16.84,16.84,-39.25,22.69,0.79,970900,1914800.0,2026-06-18,16:14:02
600120,浙江东方,4.57,4.54,4.55,4.69,4.46,467738.0,214620000.0,156.08,156.08,16.85,0.96,1.37,24524600,22249200.0,2026-06-18,16:14:04
600121,郑州煤电,4.08,4.23,4.23,4.24,4.06,639957.0,263800000.0,49.71,49.71,-4.68,6.76,5.25,23944400,40051300.0,2026-06-18,16:14:02
600123,兰花科创,6.05,6.35,6.3,6.34,5.99,500055.0,306210000.0,89.13,89.13,-14.84,0.59,3.39,21829100,28176400.0,2026-06-18,16:14:11
600125,铁龙物流,5.38,5.42,5.42,5.43,5.33,87799.0,47190000.0,70.24,70.24,13.03,0.91,0.67,3860400,4919500.0,2026-06-18,16:14:21
600126,杭钢股份,6.95,7.12,7.05,7.12,6.92,555376.0,388440000.0,234.71,234.71,341.44,1.21,1.64,23888300,31649300.0,2026-06-18,16:14:19
600127,金健米业,5.51,5.56,5.55,5.58,5.43,89760.0,49550000.0,35.36,35.36,-678.05,5.27,1.4,4356700,4619300.0,2026-06-18,16:14:02
600128,苏豪弘业,8.24,8.37,8.3,8.36,8.16,51082.0,42170000.0,20.74,20.33,35.74,0.96,2.07,2945800,2162400.0,2026-06-18,16:14:06
600129,太极集团,12.8,12.92,12.9,13.08,12.67,60477.0,77870000.0,70.58,70.58,63.22,1.98,1.1,2948000,3099700.0,2026-06-18,16:14:17
600130,波导股份,4.73,4.89,4.9,4.9,4.73,305892.0,146380000.0,35.48,35.48,619.1,3.9,4.08,12013900,18575300.0,2026-06-18,16:14:20
600131,国网信通,15.09,15.18,15.11,15.3,14.98,96615.0,145990000.0,180.83,180.46,27.57,2.79,0.81,4169800,5491800.0,2026-06-18,16:14:11
600132,XD重庆啤,44.33,45.9,46.07,46.07,44.14,54630.0,244900000.0,214.54,214.54,17.94,17.19,1.13,2749100,2714000.0,2026-06-18,16:14:07
600133,东湖高新,8.4,8.03,8.07,8.41,7.88,278897.0,228740000.0,89.56,89.56,32.31,0.98,2.62,16691700,11198000.0,2026-06-18,16:15:00
600135,乐凯胶片,8.75,8.83,8.78,8.98,8.62,115925.0,101860000.0,48.41,48.41,-51.58,2.06,2.1,5863200,5729300.0,2026-06-18,16:14:04
600136,ST明诚,1.43,1.46,1.45,1.47,1.41,145818.0,20980000.0,29.18,27.79,-126.41,12.89,0.75,6422400,8159400.0,2026-06-18,16:14:10
600137,浪莎股份,17.74,17.95,17.83,18.0,17.52,14884.0,26460000.0,17.25,17.25,55.93,3.06,1.53,780500,707900.0,2026-06-18,16:14:17
600138,中青旅,7.07,7.16,7.14,7.14,7.02,82475.0,58400000.0,51.18,51.18,63.72,0.82,1.14,3629800,4617700.0,2026-06-18,16:14:17
600141,兴发集团,38.65,37.6,37.84,39.45,36.88,765986.0,2919920000.0,464.47,464.47,32.3,1.86,6.37,39136400,37462200.0,2026-06-18,16:14:15
600143,金发科技,16.79,16.6,16.77,16.86,16.48,461436.0,770940000.0,448.85,442.39,37.14,2.23,1.75,22844400,23299200.0,2026-06-18,16:14:14
600148,XD长春一,15.74,15.87,15.75,15.97,15.49,17962.0,28380000.0,22.27,22.27,134.99,4.68,1.27,1000600,795600.0,2026-06-18,16:14:22
600149,廊坊发展,4.76,4.85,4.82,4.85,4.7,103517.0,49410000.0,18.1,18.1,112.47,7.09,2.72,5281900,5069800.0,2026-06-18,16:14:13
600150,中国船舶,36.14,37.15,37.02,37.43,35.72,1182191.0,4313480000.0,2719.76,2719.76,24.06,1.82,1.57,51259300,66959900.0,2026-06-18,16:14:17
600151,航天机电,12.51,12.24,12.11,12.77,11.89,436179.0,540950000.0,179.42,179.42,-39.83,4.07,3.04,22710400,20907500.0,2026-06-18,16:14:27
600152,维科技术,10.84,11.07,10.99,11.06,10.76,214846.0,233850000.0,57.35,57.35,-54.42,3.5,4.06,9840000,11644600.0,2026-06-18,16:14:12
600153,建发股份,8.98,9.09,9.09,9.15,8.93,254048.0,228510000.0,260.38,260.38,-2.43,0.6,0.88,9510300,15894500.0,2026-06-18,16:14:04
600155,华创云信,5.34,5.52,5.51,5.52,5.31,217303.0,117080000.0,118.2,118.2,46.78,0.59,0.98,8627000,13103300.0,2026-06-18,16:14:23
600156,华升股份,9.01,9.17,9.11,9.13,8.86,122670.0,110610000.0,36.23,36.23,-127.1,9.92,3.05,5515800,6751200.0,2026-06-18,16:14:14
600157,永泰能源,1.64,1.67,1.66,1.67,1.63,5719504.0,941700000.0,357.81,357.81,163.09,0.76,2.62,210776900,361173500.0,2026-06-18,16:14:12
600158,中体产业,7.61,7.79,7.8,7.84,7.6,531424.0,408330000.0,73.02,73.02,-38.08,3.04,5.54,23501500,29640800.0,2026-06-18,16:14:24
600159,大龙地产,2.4,2.42,2.42,2.43,2.34,168487.0,40270000.0,19.92,19.92,-7.41,1.37,2.03,8645700,8203000.0,2026-06-18,16:14:14
600160,巨化股份,44.12,47.7,47.17,47.17,43.25,1626784.0,7295140000.0,1191.13,1191.13,28.69,5.79,6.03,69661900,93016400.0,2026-06-18,16:14:05
600161,天坛生物,12.31,12.32,12.3,12.55,12.18,110487.0,136530000.0,243.41,243.41,25.03,2.05,0.56,5561000,5487800.0,2026-06-18,16:14:10
600162,香江控股,3.58,3.25,3.3,3.58,3.1,2721003.0,927190000.0,117.01,117.01,-133.53,2.04,8.33,144742300,127358000.0,2026-06-18,16:14:27
600163,中闽能源,5.63,5.85,5.82,5.83,5.58,380866.0,216530000.0,107.14,107.14,22.96,1.46,2.0,12602200,25484400.0,2026-06-18,16:14:07
600165,ST宁科,2.69,2.73,2.7,2.75,2.67,39491.0,10670000.0,43.47,19.72,-47.97,3.8,0.54,1337200,2611900.0,2026-06-18,16:14:08
600166,福田汽车,3.15,3.22,3.19,3.2,3.06,1746676.0,547210000.0,249.4,249.4,17.45,1.55,2.21,74405400,100262300.0,2026-06-18,16:14:07
600167,联美控股,5.68,5.88,5.84,5.87,5.66,98737.0,56540000.0,128.53,128.53,21.4,1.07,0.44,3729200,6144500.0,2026-06-18,16:14:14
600168,武汉控股,4.28,4.35,4.34,4.34,4.27,36660.0,15770000.0,42.52,42.52,41.3,0.78,0.37,1308500,2357400.0,2026-06-18,16:14:06
600169,ST太重,2.12,2.2,2.2,2.2,2.1,218794.0,46920000.0,70.96,70.66,29.26,1.36,0.66,5614600,16264800.0,2026-06-18,16:14:15
600170,上海建工,2.38,2.42,2.4,2.41,2.37,953173.0,227150000.0,211.49,211.49,14.92,0.68,1.07,38532100,56785100.0,2026-06-18,16:14:09
600171,上海贝岭,28.09,27.97,28.0,28.21,27.54,181436.0,506810000.0,199.14,199.14,90.41,4.46,2.56,9447100,8696500.0,2026-06-18,16:14:16
600172,黄河旋风,14.01,13.3,13.8,14.63,13.78,3428335.0,4893890000.0,202.05,178.8,-22.98,43.58,26.86,138765700,204067700.0,2026-06-18,16:14:02
600173,卧龙新能,6.39,6.49,6.49,6.51,6.3,75415.0,48330000.0,44.76,44.76,-21.31,1.25,1.08,4038000,3503500.0,2026-06-18,16:14:27
600176,中国巨石,53.5,54.6,53.0,54.99,51.3,2633731.0,14030750000.0,2141.68,2141.68,56.03,6.79,6.58,138020900,125352200.0,2026-06-18,16:14:25
600177,雅戈尔,7.35,7.39,7.4,7.43,7.3,194531.0,143340000.0,339.82,331.0,13.25,0.82,0.43,9975900,9477200.0,2026-06-18,16:14:10
600178,东安动力,9.07,9.52,9.43,9.65,9.01,134546.0,123720000.0,42.31,42.31,-380.72,1.67,2.88,5443200,8011400.0,2026-06-18,16:14:13
600179,安通控股,4.63,4.72,4.66,4.74,4.58,424268.0,197700000.0,195.92,178.82,17.84,1.62,1.1,16969200,25457600.0,2026-06-18,16:14:20
600180,*ST瑞茂,1.23,1.29,1.26,1.28,1.23,252697.0,31530000.0,13.37,13.37,-0.39,0.31,2.33,10162800,15106900.0,2026-06-18,16:14:24
600182,S佳通,14.2,14.21,14.21,14.25,14.05,12666.0,17950000.0,48.28,24.14,21.86,4.18,0.75,656800,609800.0,2026-06-18,16:14:01
600183,生益科技,183.87,180.15,178.5,187.35,176.73,798770.0,14605140000.0,4466.42,4402.77,113.69,27.94,3.34,41956900,37920100.0,2026-06-18,16:14:25
600184,光电股份,28.22,26.67,26.63,28.49,26.59,529206.0,1461200000.0,164.45,164.45,320.91,4.84,9.08,29397400,23523200.0,2026-06-18,16:14:26
600185,珠免集团,4.84,4.86,4.85,4.91,4.77,160895.0,78010000.0,91.23,91.23,-10.14,105.68,0.85,7981700,8107800.0,2026-06-18,16:14:15
600186,莲花控股,14.28,14.66,14.89,15.5,14.07,3536446.0,5137210000.0,256.01,254.23,72.81,13.56,19.86,172221100,181423400.0,2026-06-18,16:14:24
600187,*ST国中,1.35,1.4,1.4,1.4,1.33,475404.0,64200000.0,21.79,21.79,-11.09,0.73,2.95,17902000,29638400.0,2026-06-18,16:14:05
600188,兖矿能源,19.38,20.05,19.8,19.97,19.33,514306.0,1006670000.0,1945.14,1155.31,19.11,2.54,0.86,22949400,28481300.0,2026-06-18,16:14:26
600189,泉阳泉,7.65,7.75,7.7,7.83,7.58,77902.0,59700000.0,54.71,54.71,273.4,4.43,1.09,3653100,4137100.0,2026-06-18,16:15:00
600190,退市锦港,0.63,0.63,0.0,0.0,0.0,0.0,0.0,12.61,11.21,-22.51,-9.07,0.0,0,0.0,2026-06-18,09:00:00
600191,华资实业,11.6,11.33,11.3,11.72,11.03,131585.0,150110000.0,56.25,56.25,81.86,3.3,2.71,7471700,5686800.0,2026-06-18,16:14:15
600192,长城电工,7.77,8.35,8.18,8.32,7.77,380991.0,303590000.0,34.32,34.32,-9.41,4.52,8.62,17537500,20561600.0,2026-06-18,16:14:21
600193,退市创兴,0.15,0.16,0.15,0.16,0.15,100580.0,1530000.0,0.64,0.64,-2.49,0.97,2.36,3367200,6690800.0,2026-06-18,16:14:19
600195,中牧股份,6.36,6.43,6.41,6.49,6.22,84406.0,53670000.0,64.95,64.95,49.39,1.14,0.83,3800900,4639700.0,2026-06-18,16:14:22
600196,复星医药,21.79,21.58,21.53,22.08,21.25,202986.0,441770000.0,581.89,461.62,16.74,1.18,0.96,10464800,9833800.0,2026-06-18,16:14:16
600197,伊力特,10.07,10.03,9.99,10.12,9.84,57004.0,57000000.0,47.65,47.65,26.91,1.2,1.2,3125200,2575200.0,2026-06-18,16:14:26
600198,大唐电信,9.01,9.26,9.1,9.35,8.91,438000.0,398650000.0,117.45,117.31,-240.53,61.03,3.36,20218800,23581200.0,2026-06-18,16:14:05
600199,金种子酒,6.72,6.53,6.44,6.9,6.36,208261.0,138010000.0,44.2,44.2,-25.28,2.27,3.17,11722400,9103700.0,2026-06-18,16:14:23
600200,退市苏吴,0.29,0.29,0.0,0.0,0.0,0.0,0.0,2.06,2.06,-0.96,0.12,0.0,0,0.0,2026-06-18,09:00:00
600201,生物股份,11.77,11.9,11.9,12.0,11.76,143257.0,169780000.0,130.85,130.85,125.49,2.4,1.29,7091000,7234700.0,2026-06-18,16:14:10
600202,哈空调,4.83,4.82,4.8,4.88,4.7,85164.0,41030000.0,18.52,18.52,-137.77,2.28,2.22,4063100,4453300.0,2026-06-18,16:14:25
600203,福日电子,12.46,12.63,12.55,12.65,12.35,239658.0,299300000.0,73.89,73.89,193.42,4.48,4.04,11069200,12896700.0,2026-06-18,16:14:05
600206,有研新材,42.51,39.79,38.79,43.51,38.79,1335872.0,5497320000.0,359.87,359.87,125.97,8.44,15.78,65506600,68080700.0,2026-06-18,16:14:05
600207,安彩高科,6.19,6.83,6.8,6.8,6.16,575463.0,366270000.0,67.43,67.43,-8.78,3.59,5.28,23157000,34389300.0,2026-06-18,16:14:04
600208,衢州发展,3.1,3.09,3.07,3.13,3.02,1342880.0,414850000.0,263.78,263.75,173.96,0.63,1.58,63760800,70527300.0,2026-06-18,16:14:22
600210,紫江企业,6.56,6.67,6.67,6.67,6.54,127130.0,83740000.0,99.5,99.5,9.16,1.44,0.84,5752300,6960700.0,2026-06-18,16:14:08
600211,西藏药业,36.8,36.45,36.39,37.38,35.96,25080.0,92330000.0,118.61,118.61,12.26,3.28,0.78,1314700,1193300.0,2026-06-18,16:14:07
600212,绿能慧充,5.76,5.83,5.75,5.92,5.72,108867.0,63090000.0,40.56,30.6,1888.3,7.03,2.05,4500600,6386100.0,2026-06-18,16:14:18
600215,派斯林,6.31,6.31,6.26,6.53,6.2,85310.0,54140000.0,28.83,28.83,-8.07,1.18,1.87,4145000,4386000.0,2026-06-18,16:14:10
600216,浙江医药,11.52,11.77,11.72,11.81,11.48,246285.0,285740000.0,110.78,109.6,14.75,0.99,2.59,14660200,9968300.0,2026-06-18,16:14:08
600217,中再资环,3.08,3.07,3.07,3.14,3.03,144196.0,44620000.0,51.06,51.06,-8.39,1.79,0.87,7661700,6757900.0,2026-06-18,16:14:03
600218,XD全柴动,7.78,7.88,7.86,7.91,7.76,39017.0,30490000.0,33.89,33.89,51.5,1.04,0.9,1873700,2028000.0,2026-06-18,16:14:11
600219,南山铝业,4.53,4.63,4.59,4.71,4.51,1819445.0,834050000.0,520.21,520.21,12.59,1.05,1.58,74415500,107529000.0,2026-06-18,16:14:10
600221,海航控股,1.45,1.48,1.47,1.48,1.45,2957910.0,431790000.0,626.63,621.26,18.26,9.01,0.69,80808600,214982400.0,2026-06-18,16:14:13
600222,太龙药业,7.74,7.88,7.87,7.99,7.65,176322.0,137890000.0,44.42,44.42,72.74,2.77,3.07,8176900,9455300.0,2026-06-18,16:14:09
600223,福瑞达,5.3,5.34,5.32,5.39,5.25,89813.0,47730000.0,53.88,53.88,31.89,1.26,0.88,4196400,4784900.0,2026-06-18,16:14:07
600226,亨通股份,9.76,8.87,8.87,9.76,8.87,2278048.0,2156780000.0,290.3,290.3,143.26,7.83,7.66,103637500,124167300.0,2026-06-18,16:14:27
600227,赤天化,2.63,2.69,2.66,2.66,2.57,594565.0,155920000.0,44.41,33.6,-17.19,1.98,4.65,29866500,29590000.0,2026-06-18,16:14:24
600228,返利科技,8.92,8.92,0.0,0.0,0.0,0.0,0.0,37.17,37.11,-58.65,9.73,0.0,0,0.0,2026-06-18,16:14:05
600229,城市传媒,5.01,5.32,5.27,5.27,5.01,161152.0,81650000.0,33.1,33.1,-7.64,1.2,2.44,6093000,10022200.0,2026-06-18,16:14:09
600230,沧州大化,14.32,14.68,14.65,14.67,14.24,83508.0,120210000.0,59.28,59.28,73.58,1.46,2.02,4301200,4049600.0,2026-06-18,16:14:16
600231,凌钢股份,1.8,1.83,1.82,1.85,1.79,79556.0,14490000.0,51.7,51.05,-2.9,1.45,0.28,3166400,4789300.0,2026-06-18,16:14:27
600232,金鹰股份,6.76,6.76,6.75,6.85,6.62,52352.0,35380000.0,24.65,24.65,67.3,2.56,1.44,2744000,2491200.0,2026-06-18,16:14:03
600233,圆通速递,15.8,16.64,16.45,16.55,15.58,419336.0,666140000.0,540.82,540.82,11.17,1.53,1.23,22148800,19784800.0,2026-06-18,16:14:12
600234,科新发展,27.58,27.3,27.29,29.16,27.11,39760.0,111510000.0,72.4,72.4,-354.75,16.08,1.51,1751300,2224700.0,2026-06-18,16:14:07
600235,民丰特纸,5.33,5.37,5.37,5.42,5.23,55389.0,29600000.0,18.72,18.72,188.02,1.24,1.58,2831600,2707300.0,2026-06-18,16:14:05
600236,桂冠电力,9.2,9.81,9.77,9.87,9.01,347847.0,324070000.0,725.18,725.18,20.17,4.22,0.44,15178500,19606200.0,2026-06-18,16:14:03
600237,铜峰电子,12.2,12.56,12.35,12.57,11.9,1026910.0,1256440000.0,76.92,76.2,65.6,3.94,16.44,46179000,56512000.0,2026-06-18,16:14:10
600238,*ST椰岛,4.83,4.93,4.96,4.96,4.83,26408.0,12890000.0,21.65,21.51,-100.93,27.76,0.59,1049900,1590900.0,2026-06-18,16:14:17
600239,ST云城,1.35,1.39,1.36,1.38,1.33,194558.0,26400000.0,21.68,21.68,-7.98,2.15,1.21,8639500,10816300.0,2026-06-18,16:15:00
600241,时代万恒,6.98,7.09,7.09,7.11,6.95,50327.0,35290000.0,20.54,20.54,-13.93,2.01,1.71,2446600,2586100.0,2026-06-18,16:14:26
600243,*ST海华,3.75,3.84,3.86,3.91,3.71,88384.0,33540000.0,16.46,16.46,-18.67,2.98,2.01,2867400,5971000.0,2026-06-18,16:14:11
600246,万通发展,18.65,17.61,17.61,19.36,17.45,1923824.0,3537900000.0,362.37,352.56,-49.52,7.93,10.18,100999700,91382800.0,2026-06-18,16:14:13
600248,陕建股份,2.89,2.93,2.91,2.93,2.86,102570.0,29650000.0,108.08,107.1,-790.36,0.39,0.28,4682700,5574300.0,2026-06-18,16:14:24
600249,两面针,4.99,5.1,5.09,5.1,4.99,71101.0,35660000.0,27.45,27.45,-192.44,1.28,1.29,2268400,4841700.0,2026-06-18,16:14:25
600250,南京商旅,8.26,8.42,8.38,8.39,8.15,75945.0,62750000.0,25.84,25.84,259.84,4.14,2.43,3874100,3720400.0,2026-06-18,16:14:01
600251,冠农股份,9.27,9.51,9.43,9.43,9.13,87228.0,80790000.0,72.03,72.03,15.84,1.78,1.12,3930600,4792200.0,2026-06-18,16:14:26
600252,中恒集团,1.96,1.97,1.96,1.99,1.93,371283.0,72770000.0,62.41,62.41,-15.29,1.19,1.17,16153800,20974500.0,2026-06-18,16:14:09
600255,鑫科材料,4.24,4.37,4.3,4.42,4.22,1912581.0,821910000.0,76.58,76.58,199.33,5.19,10.59,77470600,113787400.0,2026-06-18,16:14:22
600256,广汇能源,5.18,5.4,5.35,5.38,5.15,1635405.0,856620000.0,331.11,331.11,37.27,1.36,2.56,63055300,100485200.0,2026-06-18,16:14:19
600257,大湖股份,4.77,4.82,4.8,4.84,4.72,93406.0,44670000.0,22.96,22.96,412.29,2.87,1.94,4212000,5128600.0,2026-06-18,16:14:04
600258,XD首旅酒,11.94,12.19,12.21,12.24,11.9,153602.0,184610000.0,133.32,133.32,15.92,1.14,1.38,6040300,9319900.0,2026-06-18,16:14:12
600259,中稀有色,116.28,105.71,105.71,116.28,105.39,334293.0,3815950000.0,391.21,391.21,155.74,10.83,9.94,14473400,18955900.0,2026-06-18,16:14:05
600261,阳光照明,3.15,3.29,3.29,3.3,3.15,188956.0,60190000.0,42.05,42.05,30.92,1.25,1.42,5028600,13867000.0,2026-06-18,16:14:21
600262,北方股份,21.66,21.82,21.85,21.88,21.35,20340.0,43950000.0,36.82,36.82,16.2,1.97,1.2,1085600,948400.0,2026-06-18,16:14:06
600265,*ST景谷,22.09,22.1,22.03,22.58,21.68,18910.0,41730000.0,28.67,28.67,-12.45,13.54,1.46,929800,961200.0,2026-06-18,16:14:16
600266,城建发展,4.2,4.29,4.29,4.29,4.18,296520.0,125180000.0,87.18,87.18,-29.82,0.48,1.43,12960900,16691100.0,2026-06-18,16:14:11
600267,海正药业,9.85,9.65,9.75,9.93,9.57,148939.0,145510000.0,116.26,116.26,16.56,1.37,1.26,7351300,7542600.0,2026-06-18,16:14:07
600268,国电南自,12.35,12.53,12.49,12.61,12.28,125876.0,156330000.0,125.46,125.41,25.48,3.32,1.24,5614200,6973300.0,2026-06-18,16:14:24
600269,赣粤高速,4.03,4.09,4.08,4.09,4.02,102457.0,41400000.0,94.12,94.12,8.35,0.48,0.44,5006500,5239200.0,2026-06-18,16:14:12
600271,航天信息,7.0,7.03,7.05,7.12,6.93,123638.0,87050000.0,129.7,129.7,-18.71,1.0,0.67,5812200,6551600.0,2026-06-18,16:14:08
600272,开开实业,10.84,10.8,10.77,10.89,10.56,23161.0,24980000.0,28.47,17.34,123.75,3.58,1.45,1286400,1029700.0,2026-06-18,16:14:23
600273,嘉化能源,6.78,6.95,6.94,6.94,6.75,148477.0,101080000.0,88.91,88.91,10.9,0.9,1.13,6170400,8677300.0,2026-06-18,16:14:06
600276,恒瑞医药,48.42,46.99,46.99,49.5,46.61,1185928.0,5748480000.0,3213.73,3088.71,39.58,5.15,1.86,67610600,50982200.0,2026-06-18,16:14:20
600278,东方创业,6.34,6.34,6.32,6.49,6.18,88324.0,56260000.0,54.56,54.56,29.9,0.73,1.03,5192000,3640400.0,2026-06-18,16:14:05
600279,重庆港,3.97,4.05,4.03,4.03,3.94,128863.0,51270000.0,47.12,47.12,80.62,0.7,1.09,5359300,7526900.0,2026-06-18,16:14:11
600280,中央商场,2.88,2.97,2.99,2.99,2.87,518780.0,150530000.0,32.5,32.5,-8.09,12.22,4.6,21019200,30858800.0,2026-06-18,16:14:01
600281,华阳新材,4.51,4.54,4.55,4.64,4.34,156498.0,70700000.0,23.2,23.2,-22.11,41.24,3.04,7826800,7822900.0,2026-06-18,16:14:27
600282,南钢股份,4.7,4.77,4.76,4.82,4.65,407235.0,191700000.0,289.76,289.76,10.04,1.06,0.66,19281400,21442100.0,2026-06-18,16:15:00
600283,钱江水利,8.12,8.2,8.18,8.2,8.05,25059.0,20340000.0,45.54,45.54,22.77,1.43,0.45,1019900,1486000.0,2026-06-18,16:14:21
600284,浦东建设,5.23,5.17,5.2,5.29,5.12,133422.0,69820000.0,50.74,50.74,18.01,0.64,1.38,7003400,6338700.0,2026-06-18,16:14:10
600285,羚锐制药,20.12,20.45,20.39,20.41,20.09,54634.0,110410000.0,114.1,113.98,14.46,3.77,0.96,2037600,3425800.0,2026-06-18,16:14:24
600287,苏豪时尚,4.61,4.67,4.62,4.71,4.56,37064.0,17160000.0,20.14,20.14,88.16,0.88,0.85,1850100,1856300.0,2026-06-18,16:14:26
600288,大恒科技,13.14,13.18,13.09,13.35,13.01,62683.0,82730000.0,57.4,57.4,35.09,2.88,1.44,2957400,3310900.0,2026-06-18,16:15:00
600289,ST信通,5.2,5.47,5.48,5.48,5.2,43330.0,22780000.0,32.81,29.43,-6.71,3.65,0.77,2309100,2023900.0,2026-06-18,16:14:20
600292,电投水电,14.24,13.94,13.85,14.55,13.75,192680.0,275110000.0,623.74,62.55,80.11,3.63,4.39,9583000,9685000.0,2026-06-18,16:14:09
600293,三峡新材,3.59,3.88,3.79,3.82,3.49,1247835.0,451200000.0,41.65,41.65,-63.33,2.44,10.76,53075800,71707800.0,2026-06-18,16:14:26
600295,鄂尔多斯,12.66,12.74,12.75,12.82,12.47,90741.0,114990000.0,354.33,250.11,13.85,1.73,0.46,4184400,4889700.0,2026-06-18,16:14:27
600298,安琪酵母,33.5,33.86,33.86,34.38,33.2,87189.0,295700000.0,290.73,287.15,18.17,2.43,1.02,4469800,4249200.0,2026-06-18,16:15:00
600299,安迪苏,9.58,9.82,9.88,9.88,9.53,124202.0,119770000.0,295.04,256.93,29.65,1.5,0.46,6269700,6150500.0,2026-06-18,16:14:13
600300,维维股份,2.98,3.0,2.99,3.0,2.94,159116.0,47340000.0,48.19,48.19,13.86,1.36,0.98,7666200,8245400.0,2026-06-18,16:14:29
600301,华锡有色,65.61,66.41,65.99,68.39,64.0,175371.0,1156710000.0,415.03,180.65,50.05,8.76,6.37,8544700,8992400.0,2026-06-18,16:14:04
600302,ST标准,9.12,9.6,9.37,9.73,9.12,69166.0,64720000.0,31.56,31.56,-19.74,6.51,2.0,3407400,3509200.0,2026-06-18,16:14:05
600303,曙光股份,2.7,2.77,2.75,2.78,2.64,353726.0,95710000.0,18.46,18.29,-5.34,1.96,5.22,20708900,14663800.0,2026-06-18,16:14:24
600305,恒顺醋业,6.6,6.67,6.63,6.68,6.59,54313.0,35950000.0,72.91,72.8,47.41,2.13,0.49,2229400,3201900.0,2026-06-18,16:15:00
600307,酒钢宏兴,1.51,1.51,1.51,1.53,1.47,416282.0,62630000.0,94.58,94.58,-5.45,1.78,0.66,18360700,23267500.0,2026-06-18,16:14:07
600308,华泰股份,3.13,3.25,3.24,3.25,3.12,147886.0,46720000.0,47.48,47.48,-46.12,0.52,0.97,6008700,8780000.0,2026-06-18,16:14:07
600309,万华化学,69.05,70.79,70.01,70.58,68.4,348314.0,2413400000.0,2161.59,2161.59,16.42,2.01,1.11,16485300,18346100.0,2026-06-18,16:14:26
600310,广西能源,4.38,4.67,4.67,4.67,4.36,983160.0,439020000.0,64.2,64.2,-174.3,2.4,6.71,39584100,58731900.0,2026-06-18,16:14:19
600312,平高电气,18.69,19.01,18.92,19.08,18.58,192828.0,361880000.0,253.61,253.61,21.56,2.17,1.42,8448700,10834100.0,2026-06-18,16:14:12
600313,XD农发种,5.65,5.7,5.69,5.73,5.55,147412.0,83220000.0,65.62,61.14,128.82,2.73,1.36,6979200,7762000.0,2026-06-18,16:14:16
600315,上海家化,17.59,18.13,18.07,18.07,17.53,54930.0,97300000.0,118.24,118.24,43.38,1.67,0.82,1641500,3851500.0,2026-06-18,16:14:19
600316,洪都航空,28.02,26.72,26.63,28.46,26.19,201345.0,560710000.0,200.94,200.94,371.56,3.73,2.81,10678600,9455900.0,2026-06-18,16:14:13
600318,新力金融,6.23,6.4,6.4,6.41,6.22,89482.0,56200000.0,31.94,31.94,82.9,2.9,1.75,3854800,5093400.0,2026-06-18,16:14:23
600319,亚星化学,6.61,6.78,6.7,6.77,6.54,36483.0,24080000.0,25.63,25.63,-15.7,7.59,0.94,1937000,1711300.0,2026-06-18,16:14:10
600320,振华重工,4.41,4.52,4.47,4.52,4.4,326125.0,144810000.0,231.81,145.98,27.18,1.45,0.99,12594700,20017800.0,2026-06-18,16:14:13
600322,津投城开,2.42,2.42,2.39,2.46,2.35,343844.0,82750000.0,26.76,26.76,-2.28,35.18,3.11,18323900,16060500.0,2026-06-18,16:14:08
600323,瀚蓝环境,28.92,28.85,28.9,28.98,27.9,58503.0,165470000.0,235.8,235.8,11.06,1.55,0.72,2551000,3299300.0,2026-06-18,16:14:02
600325,华发股份,2.48,2.53,2.51,2.54,2.45,448967.0,112050000.0,68.25,68.25,-0.64,0.8,1.63,21720700,23176000.0,2026-06-18,16:14:11
600326,西藏天路,7.02,7.15,7.1,7.15,6.96,220639.0,155420000.0,95.65,95.65,318.18,2.44,1.62,10793400,11270500.0,2026-06-18,16:14:19
600327,大东方,3.29,3.35,3.36,3.37,3.29,97223.0,32200000.0,29.11,29.11,-10.92,1.03,1.1,4825100,4897300.0,2026-06-18,16:14:19
600328,中盐化工,6.59,6.72,6.8,6.8,6.52,163481.0,107850000.0,96.63,96.63,-98.93,0.82,1.11,6256000,10092100.0,2026-06-18,16:14:02
600329,达仁堂,37.84,37.73,37.73,38.4,37.29,28826.0,109210000.0,291.4,214.59,13.36,3.87,0.51,1543600,1339000.0,2026-06-18,16:14:16
600330,天通股份,32.88,33.41,33.35,34.29,32.7,1222860.0,4066010000.0,405.55,405.55,-159.05,5.23,9.91,57208100,65077900.0,2026-06-18,16:14:06
600331,宏达股份,12.8,13.04,12.91,13.55,12.74,544175.0,711410000.0,338.12,260.1,-469.07,10.86,2.68,22648600,31768800.0,2026-06-18,16:14:07
600332,白云山,20.78,21.11,21.08,21.08,20.75,56009.0,116800000.0,337.84,292.14,11.47,0.87,0.4,2250600,3350400.0,2026-06-18,16:14:13
600333,长春燃气,5.38,5.57,5.57,5.6,5.36,149147.0,81670000.0,32.77,32.77,282.9,1.69,2.45,5548700,9366000.0,2026-06-18,16:14:29
600335,国机汽车,5.17,5.22,5.24,5.24,5.12,116786.0,60260000.0,76.9,76.9,18.59,0.66,0.79,6140400,5538200.0,2026-06-18,16:14:00
600336,澳柯玛,6.83,6.97,6.96,6.96,6.79,82508.0,56630000.0,54.5,54.5,-25.07,2.41,1.03,3673500,4577400.0,2026-06-18,16:14:15
600337,ST美克,2.93,2.96,2.96,3.06,2.92,209278.0,62480000.0,42.1,42.1,-1.74,10.73,1.46,8931700,11996100.0,2026-06-18,16:14:11
600338,西藏珠峰,17.42,17.91,17.75,18.05,17.28,648421.0,1140650000.0,159.26,159.26,28.14,3.53,7.09,28912000,35930000.0,2026-06-18,16:14:29
600339,中油工程,3.31,3.36,3.33,3.41,3.29,494700.0,164860000.0,184.8,184.8,49.6,0.69,0.89,21495900,27974100.0,2026-06-18,16:14:23
600340,*ST华幸,1.29,1.28,1.3,1.31,1.28,479555.0,62030000.0,50.22,50.22,-0.23,-0.26,1.23,22975400,24980200.0,2026-06-18,16:14:22
600343,航天动力,24.88,24.5,24.22,25.29,24.01,318854.0,790240000.0,158.79,158.79,-84.17,12.47,5.0,17674300,14211100.0,2026-06-18,16:14:03
600345,长江通信,64.78,60.53,59.6,65.65,58.54,241541.0,1520150000.0,213.52,137.05,85.1,5.61,11.42,14296800,9857300.0,2026-06-18,16:14:25
600346,恒力石化,17.1,17.82,17.75,17.77,17.06,329366.0,570410000.0,1203.69,1203.69,13.47,1.75,0.47,14401600,18535100.0,2026-06-18,16:14:22
600348,华阳股份,8.18,8.46,8.46,8.49,8.16,404740.0,334290000.0,295.09,295.09,18.56,1.06,1.12,17238400,23235500.0,2026-06-18,16:14:23
600350,XD山东高,10.49,10.92,10.99,11.03,10.45,122862.0,131510000.0,507.15,507.15,15.68,1.77,0.25,5666200,6620000.0,2026-06-18,16:14:19
600351,亚宝药业,5.98,6.04,6.03,6.07,5.94,56014.0,33610000.0,41.38,41.38,12.96,1.51,0.81,2394900,3206500.0,2026-06-18,16:14:29
600352,XD浙江龙,10.96,11.86,11.8,12.05,10.91,1027514.0,1163180000.0,356.57,356.57,18.1,1.09,3.16,41034500,61717000.0,2026-06-18,16:14:19
600353,旭光电子,42.01,38.19,41.5,42.01,40.55,326512.0,1356910000.0,348.18,348.18,211.28,18.62,3.94,15033200,17618000.0,2026-06-18,16:14:20
600354,敦煌种业,5.09,5.07,5.08,5.14,4.96,108205.0,54750000.0,26.87,26.87,87.74,3.59,2.05,5212200,5608300.0,2026-06-18,16:14:21
600355,*ST精伦,0.58,0.58,0.0,0.0,0.0,0.0,0.0,2.85,2.85,-7.16,2.71,0.0,0,0.0,2026-06-18,09:00:00
600356,恒丰纸业,8.06,8.13,8.14,8.14,7.97,39319.0,31670000.0,26.56,24.08,11.72,0.86,1.32,1815700,2116200.0,2026-06-18,16:14:15
600358,国旅联合,5.48,5.57,5.55,5.57,5.47,51801.0,28570000.0,27.67,27.67,-78.38,57.14,1.03,2221700,2958400.0,2026-06-18,16:14:05
600359,新农开发,5.95,6.04,6.01,6.07,5.93,58155.0,34770000.0,22.7,22.7,-150.66,3.37,1.52,2494500,3321000.0,2026-06-18,16:14:25
600360,华微电子,12.4,12.18,12.07,12.6,12.0,775693.0,958050000.0,119.08,119.08,67.72,3.41,8.08,37499700,40069600.0,2026-06-18,16:14:12
600361,创新新材,4.05,4.08,4.03,4.21,4.0,715509.0,291990000.0,151.17,151.17,17.89,1.33,1.92,32485600,39065300.0,2026-06-18,16:14:11
600362,江西铜业,53.31,48.46,50.0,53.31,50.0,1246057.0,6580530000.0,1845.98,1106.31,23.09,2.19,6.0,46947800,77658000.0,2026-06-18,16:14:14
600363,联创光电,34.45,34.61,34.65,35.49,33.96,126209.0,438960000.0,155.33,155.33,34.77,3.42,2.8,6093800,6527100.0,2026-06-18,16:14:15
600365,ST通葡,2.44,2.45,2.45,2.47,2.4,46451.0,11310000.0,11.08,10.43,-11.8,5.03,1.09,1842600,2802500.0,2026-06-18,16:14:07
600366,宁波韵升,14.91,14.08,14.06,15.06,14.04,1145907.0,1688540000.0,163.87,163.87,39.95,2.58,10.43,63275300,51315400.0,2026-06-18,16:14:12
600367,红星发展,56.56,57.1,57.59,58.8,53.88,487569.0,2753530000.0,192.94,182.11,209.34,7.76,15.14,23998900,24758100.0,2026-06-18,16:14:23
600368,五洲交通,3.51,3.65,3.65,3.65,3.45,243070.0,85790000.0,56.5,56.5,10.13,0.76,1.51,9426600,14880400.0,2026-06-18,16:14:04
600369,西南证券,3.95,4.07,4.07,4.07,3.93,402598.0,160520000.0,262.48,262.48,23.29,0.99,0.61,17582600,22677200.0,2026-06-18,16:14:14
600370,*ST三房,1.71,1.66,1.74,1.74,1.64,1423076.0,244810000.0,68.79,68.79,-9.36,1.4,3.54,52443500,89864100.0,2026-06-18,16:14:04
600371,万向德农,6.62,6.66,6.6,6.73,6.5,41103.0,27270000.0,19.37,19.37,-120.37,3.82,1.4,1918600,2191700.0,2026-06-18,16:14:27
600372,中航机载,10.98,11.11,11.05,11.2,10.89,318582.0,352080000.0,531.31,531.31,46.34,1.41,0.66,14306600,17551600.0,2026-06-18,16:14:23
600373,中文传媒,7.29,7.47,7.46,7.5,7.28,56471.0,41510000.0,98.22,98.22,46.1,0.56,0.42,2340300,3306800.0,2026-06-18,16:14:12
600375,汉马科技,3.98,4.09,4.12,4.15,3.94,325898.0,130570000.0,63.8,58.21,101.33,1.88,2.23,16011400,16578500.0,2026-06-18,16:14:26
600376,首开股份,3.45,3.43,3.47,3.48,3.39,429208.0,147620000.0,89.0,89.0,-1.41,3.78,1.66,20373600,22547200.0,2026-06-18,16:14:21
600377,宁沪高速,12.06,12.15,12.11,12.18,12.01,89381.0,107980000.0,607.55,458.54,12.79,1.4,0.24,4672100,4266000.0,2026-06-18,16:14:01
600378,昊华科技,65.16,63.8,64.65,66.99,61.0,1036304.0,6638930000.0,840.56,698.88,53.62,4.65,9.66,50663300,52967100.0,2026-06-18,16:15:00
600379,宝光股份,12.08,12.29,12.25,12.27,12.03,108880.0,131950000.0,39.89,39.89,95.48,5.13,3.3,5220200,5667800.0,2026-06-18,16:14:14
600380,健康元,9.81,9.78,9.71,9.91,9.61,132699.0,129730000.0,179.47,179.47,13.65,1.15,0.73,6261000,7008900.0,2026-06-18,16:14:20
600381,*ST春天,5.04,4.8,4.85,5.04,4.58,78928.0,37890000.0,29.59,29.59,-47.33,3.02,1.34,4693500,3199300.0,2026-06-18,16:14:22
600382,广东明珠,8.24,8.17,8.17,8.33,8.11,243663.0,200890000.0,57.22,57.22,30.28,1.91,3.51,12314300,12052000.0,2026-06-18,16:14:21
600383,金地集团,2.33,2.42,2.4,2.42,2.32,725290.0,171200000.0,105.19,105.19,-0.79,0.24,1.61,27299500,45229400.0,2026-06-18,16:14:12
600386,北巴传媒,3.33,3.34,3.34,3.35,3.24,72325.0,23890000.0,26.85,26.85,-229.97,1.6,0.9,3727000,3505500.0,2026-06-18,16:14:11
600387,退市海越,0.94,0.94,0.0,0.0,0.0,0.0,0.0,4.4,3.8,-0.94,0.17,0.0,0,0.0,2026-06-18,09:00:00
600388,龙净环保,16.21,16.85,16.7,16.8,16.02,175703.0,286820000.0,205.87,205.87,17.58,1.92,1.38,7329200,10241100.0,2026-06-18,16:14:05
600389,江山股份,21.8,22.71,22.74,23.15,21.74,96072.0,214040000.0,93.88,93.88,16.77,2.27,2.23,4594200,5013000.0,2026-06-18,16:14:24
600390,五矿资本,4.62,4.77,4.76,4.78,4.61,334722.0,156340000.0,207.81,207.81,39.37,0.49,0.74,14366600,19105700.0,2026-06-18,16:14:16
600391,航发科技,35.12,34.53,34.29,35.5,33.5,111222.0,387090000.0,115.94,115.94,252.26,6.53,3.37,5627800,5494500.0,2026-06-18,16:14:11
600392,盛和资源,31.66,28.78,29.0,31.66,29.0,2669646.0,8311380000.0,554.94,554.94,55.6,4.31,15.23,133204600,133760000.0,2026-06-18,16:14:28
600395,盘江股份,4.85,5.04,5.0,5.03,4.78,496967.0,240810000.0,104.11,104.11,21.72,0.97,2.32,19817900,29878900.0,2026-06-18,16:14:26
600396,华电辽能,16.38,17.8,17.58,17.7,16.24,2252269.0,3775620000.0,241.23,241.23,594.89,15.72,15.29,109097200,116129700.0,2026-06-18,16:14:17
600397,江钨装备,20.2,18.36,18.36,20.2,17.98,1537512.0,2956050000.0,199.97,199.97,-115.94,103.58,15.53,75683200,78068000.0,2026-06-18,16:14:09
600398,海澜之家,5.6,5.67,5.66,5.71,5.58,305074.0,172290000.0,268.96,268.96,12.34,1.56,0.64,12932700,17574700.0,2026-06-18,16:14:05
600399,抚顺特钢,4.69,4.26,4.21,4.69,4.19,770767.0,352850000.0,92.49,92.49,-11.2,1.72,3.91,31505500,45571100.0,2026-06-18,16:14:14
600400,红豆股份,2.69,2.67,2.65,2.73,2.52,520332.0,136590000.0,61.64,61.64,-15.49,4.44,2.27,28653400,23379800.0,2026-06-18,16:14:21
600403,大有能源,6.01,6.22,6.14,6.3,5.97,890032.0,539150000.0,143.69,143.69,-6.92,4.3,3.72,36458400,52544700.0,2026-06-18,16:14:08
600405,动力源,4.03,4.04,4.0,4.09,3.95,110475.0,44500000.0,24.7,24.7,-8.14,78.79,1.8,5546100,5501400.0,2026-06-18,16:14:12
600406,国电南瑞,23.06,23.32,23.3,23.37,22.97,608882.0,1408490000.0,1852.12,1846.69,22.26,3.46,0.76,27766100,33122100.0,2026-06-18,16:14:11
600408,安泰集团,2.57,2.66,2.65,2.65,2.54,473682.0,122300000.0,25.87,25.87,-8.86,2.24,4.7,21810500,25557700.0,2026-06-18,16:14:29
600409,三友化工,6.12,6.31,6.29,6.31,5.94,374852.0,228450000.0,126.34,126.34,742.1,0.92,1.82,16323500,21161700.0,2026-06-18,16:14:02
600410,华胜天成,17.92,17.74,17.77,18.27,17.51,608261.0,1090910000.0,196.49,196.49,-92.36,4.56,5.55,31579600,29246600.0,2026-06-18,16:14:18
600415,XD小商品,10.54,10.85,11.01,11.04,10.47,693113.0,738430000.0,577.97,577.97,13.16,2.74,1.26,28461800,40849600.0,2026-06-18,16:14:17
600416,湘电股份,11.13,11.17,11.09,11.48,10.99,375107.0,422160000.0,164.25,164.25,73.61,1.69,2.54,17693500,19817200.0,2026-06-18,16:14:19
600418,江淮汽车,30.74,31.68,31.6,31.66,30.71,550164.0,1711880000.0,692.93,671.36,-33.23,5.51,2.52,24844400,30172000.0,2026-06-18,16:14:05
600419,天润乳业,7.76,7.87,7.81,7.87,7.69,39430.0,30570000.0,24.48,24.48,16.94,1.0,1.25,1668200,2274800.0,2026-06-18,16:14:04
600420,国药现代,8.2,8.37,8.36,8.45,8.18,120348.0,100010000.0,109.98,109.98,15.3,0.81,0.9,4880200,7154700.0,2026-06-18,16:14:20
600421,退市华嵘,0.27,0.26,0.26,0.27,0.25,70533.0,1850000.0,0.53,0.53,7.79,3.8,3.61,2878800,4174500.0,2026-06-18,16:14:13
600422,昆药集团,8.09,8.2,8.2,8.25,8.02,53236.0,43250000.0,61.24,61.24,52.04,1.17,0.7,2223700,3099900.0,2026-06-18,16:14:19
600423,*ST柳化,2.29,2.37,2.34,2.38,2.29,75405.0,17500000.0,18.29,18.29,-75.65,3.45,0.94,2951700,4588800.0,2026-06-18,16:14:10
600425,青松建化,3.47,3.55,3.54,3.55,3.46,116947.0,40830000.0,55.68,55.68,18.25,0.89,0.73,3797000,7897700.0,2026-06-18,16:14:29
600426,华鲁恒升,25.51,26.24,26.13,26.3,25.4,482874.0,1242550000.0,539.62,539.55,14.49,1.59,2.28,23834900,24452500.0,2026-06-18,16:14:19
600428,中远海特,7.86,7.96,7.92,8.0,7.75,239570.0,188140000.0,215.67,168.73,11.72,1.26,1.12,10217700,13739400.0,2026-06-18,16:14:19
600429,三元股份,4.25,4.29,4.26,4.29,4.22,108532.0,46200000.0,63.84,63.65,-29.97,1.32,0.72,5268900,5584300.0,2026-06-18,16:14:04
600433,冠豪高新,3.32,3.4,3.36,3.38,3.3,366761.0,122100000.0,58.11,58.11,-46.77,1.32,2.1,15230400,21445700.0,2026-06-18,16:14:14
600435,北方导航,11.72,11.88,11.83,11.93,11.66,176910.0,208240000.0,177.25,177.25,145.71,6.18,1.17,8668500,9022500.0,2026-06-18,16:14:20
600436,片仔癀,112.89,114.6,113.88,115.45,112.6,34601.0,392830000.0,681.08,681.08,35.8,4.48,0.57,1649800,1810300.0,2026-06-18,16:14:08
600438,通威股份,12.85,13.18,13.17,13.18,12.82,503342.0,652120000.0,578.51,578.51,-6.15,1.65,1.12,21405900,28928300.0,2026-06-18,16:14:14
600439,瑞贝卡,2.15,2.2,2.19,2.2,2.15,209998.0,45560000.0,24.34,24.34,-28.83,0.97,1.86,8081900,12917900.0,2026-06-18,16:14:19
600444,国机通用,13.86,13.92,13.75,13.98,13.61,19140.0,26460000.0,20.29,20.29,36.38,2.66,1.31,1027300,886700.0,2026-06-18,16:14:16
600446,金证股份,11.1,11.44,11.4,11.52,11.1,164641.0,185500000.0,104.48,104.48,-85.56,2.95,1.75,6646000,9818100.0,2026-06-18,16:14:03
600448,华纺股份,2.72,2.75,2.74,2.76,2.66,139458.0,37920000.0,17.13,17.13,-5.92,1.88,2.21,7285000,6660800.0,2026-06-18,16:14:16
600449,宁夏建材,13.01,12.92,12.81,13.17,12.65,45265.0,58380000.0,62.21,62.21,33.45,0.85,0.95,2192600,2333900.0,2026-06-18,16:14:09
600452,涪陵电力,10.03,10.34,10.3,10.35,10.0,422691.0,428100000.0,154.12,154.12,35.7,2.68,2.75,20454800,21814200.0,2026-06-18,16:14:24
600455,博通股份,23.39,23.39,23.39,23.54,22.68,12205.0,28400000.0,14.61,14.61,32.05,4.27,1.95,655600,564900.0,2026-06-18,16:14:25
600456,宝钛股份,30.6,30.33,30.15,31.14,29.89,120551.0,370400000.0,146.2,146.2,38.61,2.06,2.52,6927000,5128100.0,2026-06-18,16:14:02
600458,时代新材,16.71,17.08,16.77,17.5,16.43,695960.0,1170510000.0,155.53,145.13,29.89,1.93,8.01,28957700,40638200.0,2026-06-18,16:15:00
600459,贵研铂业,26.09,26.52,26.28,26.88,25.58,618373.0,1619370000.0,214.79,198.21,32.59,2.36,8.14,29119400,32717900.0,2026-06-18,16:14:16
600460,士兰微,41.83,40.83,40.5,42.62,40.45,1441921.0,5978510000.0,696.08,696.08,151.71,5.71,8.67,70577500,73614600.0,2026-06-18,16:14:22
600461,洪城环境,9.17,9.35,9.29,9.34,9.15,64325.0,59320000.0,117.76,117.76,10.0,1.15,0.5,2876400,3556200.0,2026-06-18,16:14:28
600462,退市九有,0.21,0.21,0.0,0.0,0.0,0.0,0.0,1.3,1.26,562.17,3.49,0.0,0,0.0,2026-06-18,09:00:00
600463,空港股份,8.53,8.49,8.59,8.67,8.36,33595.0,28650000.0,25.59,25.59,-25.79,2.88,1.12,1830900,1528600.0,2026-06-18,16:14:02
600467,好当家,2.13,2.17,2.15,2.16,2.12,143741.0,30670000.0,31.12,31.12,99.95,0.91,0.98,5092500,9281600.0,2026-06-18,16:14:05
600468,百利电气,5.74,5.87,5.79,5.85,5.71,141440.0,81450000.0,62.44,62.44,75.58,3.06,1.3,5963300,8180700.0,2026-06-18,16:14:11
600469,风神股份,5.59,5.63,5.62,5.62,5.34,120864.0,66060000.0,49.75,40.78,19.26,1.09,1.66,5296900,6789500.0,2026-06-18,16:14:02
600470,六国化工,5.37,5.55,5.51,5.64,5.3,231188.0,125880000.0,28.01,28.01,-5.84,1.84,4.43,10230700,12888100.0,2026-06-18,16:14:07
600475,华光环能,14.78,15.48,15.42,15.79,14.7,135748.0,204940000.0,141.29,139.36,37.71,1.68,1.44,5587100,7987700.0,2026-06-18,16:14:09
600476,*ST湘邮,9.71,9.99,9.92,10.06,9.62,20759.0,20330000.0,15.64,15.64,-3.36,-3.54,1.29,913500,1162400.0,2026-06-18,16:14:22
600477,杭萧钢构,2.5,2.57,2.57,2.57,2.49,251811.0,63320000.0,58.97,58.97,66.35,1.19,1.07,7949900,17231100.0,2026-06-18,16:14:06
600478,科力远,5.68,5.83,5.75,5.86,5.67,307618.0,176360000.0,94.6,94.6,66.54,3.23,1.85,11260600,19501200.0,2026-06-18,16:14:25
600479,千金药业,9.56,9.53,9.53,9.66,9.48,35254.0,33750000.0,47.06,40.01,15.27,1.52,0.84,1574000,1951400.0,2026-06-18,16:14:28
600480,凌云股份,9.89,9.84,9.84,10.05,9.7,233392.0,230360000.0,120.88,119.98,15.63,1.53,1.92,11639700,11699500.0,2026-06-18,16:14:08
600481,双良节能,4.74,5.04,4.97,4.98,4.74,936495.0,452710000.0,97.84,97.84,-7.25,2.25,4.54,32263600,61385900.0,2026-06-18,16:14:14
600482,中国动力,33.11,31.86,32.2,34.56,32.18,703116.0,2348920000.0,751.02,751.02,50.29,1.84,3.1,35477700,34833900.0,2026-06-18,16:14:05
600483,福能股份,11.16,11.6,11.56,11.67,11.03,450129.0,506780000.0,310.26,310.26,10.87,1.11,1.62,18660000,26352900.0,2026-06-18,16:14:18
600486,扬农化工,53.91,55.28,55.48,55.48,53.59,56309.0,304830000.0,217.86,217.79,17.32,1.84,1.39,2305200,3325700.0,2026-06-18,16:14:14
600487,亨通光电,111.01,111.0,111.03,116.66,108.78,1984678.0,22505070000.0,2737.94,2714.4,84.8,8.45,8.12,96505800,101962000.0,2026-06-18,16:14:07
600488,津药药业,4.55,4.6,4.59,4.69,4.45,685049.0,313980000.0,49.68,49.68,188.14,1.63,6.27,33481500,35023300.0,2026-06-18,16:14:03
600489,中金黄金,21.92,22.7,22.4,22.78,21.6,734734.0,1629850000.0,1062.53,1062.53,16.93,3.24,1.52,33453900,40019500.0,2026-06-18,16:14:03
600490,鹏欣资源,7.21,7.39,7.35,7.5,7.13,424422.0,309720000.0,159.55,143.67,69.97,2.51,2.13,18087900,24354300.0,2026-06-18,16:14:16
600491,ST龙元,1.21,1.27,1.27,1.27,1.21,460703.0,56500000.0,18.51,18.51,-0.64,0.27,3.01,20870300,25200000.0,2026-06-18,16:14:08
600493,凤竹纺织,5.69,5.73,5.71,5.78,5.53,63365.0,35980000.0,15.48,15.48,252.39,1.39,2.33,3586600,2749900.0,2026-06-18,16:14:01
600495,晋西车轴,3.66,3.75,3.75,3.75,3.66,77502.0,28680000.0,44.22,44.22,206.85,1.35,0.64,2393600,5356600.0,2026-06-18,16:14:11
600496,精工钢构,3.36,3.45,3.42,3.44,3.34,215940.0,72880000.0,66.87,66.87,10.58,0.75,1.09,7306000,14288000.0,2026-06-18,16:14:03
600497,驰宏锌锗,10.28,10.1,10.0,10.55,9.99,2572724.0,2645540000.0,518.15,518.15,43.08,3.08,5.1,131879300,125393100.0,2026-06-18,16:14:03
600498,烽火通信,75.31,76.68,76.56,78.0,74.14,1199494.0,9113030000.0,1022.84,957.66,244.1,5.82,9.43,56533100,63416300.0,2026-06-18,16:14:17
600499,科达制造,14.96,15.62,15.6,15.64,14.9,246663.0,374560000.0,286.91,286.91,18.53,2.28,1.29,11393200,13273100.0,2026-06-18,16:14:21
600500,中化国际,8.83,9.2,8.87,9.13,8.34,4085814.0,3562130000.0,316.85,316.85,-15.51,3.12,11.39,199279900,209301500.0,2026-06-18,16:14:01
600501,航天晨光,16.94,17.38,17.2,17.42,16.9,75312.0,128720000.0,72.47,72.47,-35.28,4.96,1.76,3808700,3722500.0,2026-06-18,16:14:13
600502,XD安徽建,4.49,4.62,4.62,4.65,4.48,274073.0,124940000.0,77.07,77.07,4.98,0.65,1.6,12459900,14947400.0,2026-06-18,16:14:23
600503,华丽家族,2.17,2.25,2.25,2.26,2.16,502016.0,110120000.0,34.77,34.77,-43.52,1.01,3.13,21399800,28801800.0,2026-06-18,16:14:16
600505,西昌电力,12.67,13.99,13.65,13.78,12.59,342243.0,443360000.0,46.19,46.19,337.89,3.77,9.39,12455900,21768500.0,2026-06-18,16:14:06
600506,统一股份,15.19,15.7,15.55,15.66,15.03,69935.0,107240000.0,37.92,37.92,109.0,7.58,2.8,3605400,3388200.0,2026-06-18,16:14:11
600507,方大特钢,4.09,4.11,4.09,4.18,4.04,315592.0,129170000.0,94.61,94.61,11.83,0.96,1.36,11658700,19900500.0,2026-06-18,16:14:03
600508,上海能源,8.06,8.58,8.45,8.48,8.04,145479.0,118910000.0,81.55,81.55,42.97,0.65,1.44,6070500,8477400.0,2026-06-18,16:14:18
600509,天富能源,8.27,8.61,8.61,8.77,8.24,398103.0,335370000.0,113.66,113.66,50.59,1.46,2.9,14851200,24959000.0,2026-06-18,16:14:23
600510,黑牡丹,7.82,8.14,8.18,8.36,7.75,167820.0,133390000.0,80.7,80.7,95.54,0.76,1.63,7187400,9594600.0,2026-06-18,16:14:04
600511,XD国药股,27.19,27.14,27.16,27.24,26.55,38071.0,102990000.0,205.15,150.45,10.2,1.11,0.69,2072400,1734700.0,2026-06-18,16:14:29
600512,腾达建设,1.98,2.03,2.02,2.03,1.98,204897.0,40960000.0,31.43,31.43,266.98,0.51,1.29,8490600,11999100.0,2026-06-18,16:14:28
600513,联环药业,15.73,15.85,15.83,16.14,15.52,83191.0,131670000.0,44.9,44.9,-39.06,3.51,2.91,4252600,4066500.0,2026-06-18,16:14:09
600515,海南机场,2.85,2.92,2.91,2.94,2.85,1078395.0,310610000.0,325.62,261.52,141.19,1.34,1.18,37751500,70088000.0,2026-06-18,16:14:10
600516,方大炭素,5.82,6.08,6.01,6.04,5.75,1278122.0,748040000.0,234.31,234.31,246.75,1.43,3.17,45456800,82355400.0,2026-06-18,16:14:06
600517,国网英大,5.24,4.98,5.38,5.39,5.06,1006691.0,520020000.0,299.65,299.65,12.93,1.25,1.76,52057100,48612000.0,2026-06-18,16:14:13
600518,康美药业,1.41,1.36,1.35,1.5,1.35,5592332.0,802940000.0,194.99,194.9,-1322.7,2.68,4.05,334834700,224398500.0,2026-06-18,16:14:25
600519,贵州茅台,1215.0,1240.0,1235.0,1238.87,1211.22,57472.0,7016710000.0,15188.49,15188.49,18.36,5.67,0.46,2510600,3236500.0,2026-06-18,16:14:04
600520,三佳科技,32.66,30.84,31.14,33.6,30.85,213875.0,686750000.0,51.74,51.74,386.19,13.14,13.5,10961800,10425700.0,2026-06-18,16:14:28
600521,XD华海药,14.35,14.19,14.28,14.59,14.06,122374.0,175890000.0,214.86,214.86,57.58,2.27,0.82,6655700,5581700.0,2026-06-18,16:14:22
600522,中天科技,56.55,54.91,54.13,57.77,54.13,2846263.0,16052980000.0,1930.02,1930.02,60.43,5.08,8.34,142826200,141800200.0,2026-06-18,16:14:10
600523,贵航股份,11.19,11.16,11.16,11.31,10.91,35828.0,40010000.0,45.24,45.21,23.04,1.42,0.89,1752900,1829900.0,2026-06-18,16:14:02
600525,ST长园,4.98,5.09,5.08,5.12,4.96,96554.0,48410000.0,65.68,65.68,-6.32,2.34,0.73,3159900,6495400.0,2026-06-18,16:14:27
600526,菲达环保,4.42,4.4,4.37,4.42,4.31,79213.0,34660000.0,39.28,38.59,12.7,0.86,0.91,4613800,3307500.0,2026-06-18,16:14:27
600527,江南高纤,2.28,2.41,2.38,2.39,2.28,802750.0,185190000.0,39.48,39.48,180.34,1.9,4.64,25597500,54677600.0,2026-06-18,16:14:10
600528,中铁工业,7.01,7.17,7.1,7.1,7.0,107576.0,75710000.0,155.73,155.73,11.38,0.61,0.48,3784500,6973100.0,2026-06-18,16:14:10
600529,山东药玻,18.55,19.13,19.09,19.12,18.51,112717.0,210120000.0,123.1,123.1,18.45,1.49,1.7,4170600,7101000.0,2026-06-18,16:14:17
600530,交大昂立,5.82,5.92,5.98,6.14,5.76,109773.0,64680000.0,45.1,45.1,1108.05,14.35,1.42,5099100,5878200.0,2026-06-18,16:14:06
600531,豫光金铅,13.46,13.43,13.29,13.92,13.18,652783.0,884060000.0,162.77,162.77,17.96,2.29,5.4,31725900,33552500.0,2026-06-18,16:14:23
600533,栖霞建设,2.03,2.05,2.05,2.08,2.0,119728.0,24470000.0,21.31,21.31,-1.12,1.61,1.14,7014000,4958800.0,2026-06-18,16:14:13
600535,天士力,14.09,14.1,14.1,14.18,13.97,62953.0,88610000.0,210.5,210.5,18.13,1.67,0.42,3083500,3211800.0,2026-06-18,16:14:27
600536,中国软件,29.08,29.11,29.0,29.46,28.43,167177.0,486250000.0,271.55,245.34,-786.98,7.72,1.98,8565100,8152700.0,2026-06-18,16:14:01
600537,*ST亿晶,2.84,2.99,3.14,3.14,2.84,971263.0,287630000.0,33.62,33.62,-6.22,-23.13,8.21,32145300,64981100.0,2026-06-18,16:14:29
600538,国发股份,5.97,5.78,5.79,6.09,5.66,235222.0,138670000.0,31.29,31.29,-31.83,4.6,4.49,14755000,8767200.0,2026-06-18,16:14:26
600539,狮头股份,14.44,16.04,15.88,16.44,14.44,254223.0,389160000.0,33.21,33.21,-151.64,11.05,11.05,11539700,13882600.0,2026-06-18,16:14:08
600540,新赛股份,4.19,4.24,4.21,4.24,4.12,177601.0,74200000.0,24.36,24.36,-20.52,6.33,3.05,9271200,8488900.0,2026-06-18,16:14:13
600543,*ST莫高,4.02,4.12,4.08,4.11,3.95,40555.0,16320000.0,12.91,12.91,-12.14,1.86,1.26,1315600,2739900.0,2026-06-18,16:15:00
600545,卓郎智能,7.25,6.59,6.65,7.25,6.55,1727931.0,1196190000.0,129.62,129.62,-23.64,4.94,9.66,92545700,80247400.0,2026-06-18,16:14:11
600546,山煤国际,12.31,12.55,12.58,12.58,12.25,188614.0,232780000.0,244.04,244.04,18.21,1.46,0.95,9571600,9289800.0,2026-06-18,16:14:24
600547,山东黄金,26.91,28.26,27.85,28.09,26.79,635842.0,1743830000.0,1240.53,972.65,24.05,3.88,1.76,29301900,34282400.0,2026-06-18,16:14:02
600548,深高速,8.28,8.53,8.52,8.52,8.2,45160.0,37470000.0,210.13,141.95,17.8,0.9,0.26,1643500,2872500.0,2026-06-18,16:14:14
600549,厦门钨业,85.91,80.84,78.12,88.9,76.5,1555385.0,12702390000.0,1363.89,1334.98,44.96,7.72,10.01,79708800,75829700.0,2026-06-18,16:14:16
600550,保变电气,12.47,12.8,12.66,12.88,12.45,386471.0,486960000.0,229.64,229.64,100.6,25.73,2.1,15389600,23257500.0,2026-06-18,16:14:10
600551,时代出版,7.04,7.2,7.19,7.22,7.03,34166.0,24170000.0,47.74,47.74,11.91,0.8,0.5,968700,2448000.0,2026-06-18,16:14:20
600552,凯盛科技,23.32,24.13,24.01,24.61,22.4,1407080.0,3287940000.0,220.28,220.28,165.95,5.16,14.9,65312800,75395200.0,2026-06-18,16:14:21
600556,天下秀,4.76,4.8,4.77,4.88,4.69,371927.0,178330000.0,86.05,86.05,414.54,2.25,2.06,17873800,19318800.0,2026-06-18,16:14:07
600557,康缘药业,11.83,11.88,11.87,12.02,11.68,28064.0,33270000.0,66.98,66.98,22.34,1.37,0.5,1327100,1479300.0,2026-06-18,16:14:11
600558,大西洋,5.56,5.53,5.48,5.68,5.36,217592.0,121030000.0,49.91,49.91,25.34,2.01,2.42,10836700,10922600.0,2026-06-18,16:14:18
600559,老白干酒,11.84,12.1,12.05,12.08,11.72,92469.0,109500000.0,108.31,108.31,24.46,1.98,1.01,3680200,5566800.0,2026-06-18,16:14:28
600560,金自天正,12.1,12.05,11.93,12.39,11.7,44738.0,54100000.0,27.06,27.06,53.55,2.74,2.0,2336900,2136900.0,2026-06-18,16:14:06
600561,江西长运,5.36,5.43,5.36,5.45,5.19,62970.0,33550000.0,15.25,15.25,105.53,1.67,2.21,4123500,2173500.0,2026-06-18,16:14:13
600562,国睿科技,22.24,21.84,21.83,22.64,21.4,103986.0,230260000.0,276.19,276.19,43.81,4.11,0.84,5710400,4688100.0,2026-06-18,16:14:25
600563,法拉电子,168.19,170.05,169.98,175.39,167.77,101054.0,1723320000.0,378.43,378.43,31.65,6.55,4.49,4702000,5403400.0,2026-06-18,16:14:08
600566,济川药业,25.91,26.25,26.14,26.24,25.84,44117.0,114910000.0,238.8,238.0,13.74,1.59,0.48,2415200,1996500.0,2026-06-18,16:14:09
600567,山鹰国际,1.33,1.35,1.35,1.36,1.31,1193580.0,159350000.0,83.89,83.89,-5.04,0.57,1.89,51824100,67534000.0,2026-06-18,16:14:27
600568,ST中珠,2.37,2.42,2.42,2.45,2.32,115338.0,27490000.0,47.23,39.56,-40.56,2.92,0.69,4575900,6957900.0,2026-06-18,16:14:02
600569,安阳钢铁,1.78,1.77,1.77,1.8,1.75,129806.0,23090000.0,51.13,51.13,-4.25,3.51,0.45,7827700,5152900.0,2026-06-18,16:14:07
600570,恒生电子,22.25,22.5,22.48,22.71,22.24,226636.0,507670000.0,421.34,421.34,31.48,4.39,1.2,9691000,12972600.0,2026-06-18,16:14:21
600571,信雅达,10.38,10.55,10.5,10.58,10.33,55101.0,57450000.0,48.4,47.51,137.62,4.19,1.2,2772000,2738100.0,2026-06-18,16:14:14
600572,康恩贝,4.12,4.11,4.11,4.16,4.09,230387.0,95050000.0,104.59,104.31,21.63,1.44,0.91,11503300,11535400.0,2026-06-18,16:14:08
600573,惠泉啤酒,10.85,11.68,11.44,11.55,10.65,205563.0,225170000.0,27.12,27.12,33.12,1.99,8.22,8419100,12137200.0,2026-06-18,16:14:11
600575,淮河能源,3.65,3.72,3.7,3.74,3.62,541338.0,198190000.0,261.59,141.85,16.82,1.25,1.39,20380600,33753200.0,2026-06-18,16:14:17
600576,祥源文旅,5.83,5.75,5.7,6.0,5.5,221320.0,128700000.0,61.48,38.5,59.84,2.38,3.35,11769400,10362600.0,2026-06-18,16:14:10
600577,精达股份,11.76,11.84,11.77,12.04,11.67,577338.0,682100000.0,252.97,252.97,41.44,4.15,2.68,26212000,31521900.0,2026-06-18,16:14:10
600578,京能电力,7.59,8.02,7.9,8.01,7.5,2033813.0,1565230000.0,508.12,508.12,14.33,2.02,3.04,84099800,119281400.0,2026-06-18,16:14:20
600579,中化装备,7.37,7.5,7.76,8.0,7.21,365938.0,277470000.0,36.38,36.38,-28.17,2.4,7.41,17232500,19361300.0,2026-06-18,16:14:10
600580,卧龙电驱,36.2,34.9,34.9,36.36,34.66,545446.0,1949530000.0,565.49,563.86,49.86,5.2,3.5,30588100,23956600.0,2026-06-18,16:14:19
600581,*ST八钢,2.47,2.53,2.53,2.54,2.47,132393.0,33070000.0,37.86,37.86,-2.06,-1.8,0.86,4653000,8586400.0,2026-06-18,16:14:22
600582,天地科技,4.88,5.01,5.01,5.01,4.88,223448.0,109720000.0,201.96,201.96,13.99,0.81,0.54,7601600,14743300.0,2026-06-18,16:14:11
600583,海油工程,5.36,5.41,5.41,5.5,5.35,396913.0,215470000.0,236.98,236.98,11.96,0.82,0.9,17446900,22244400.0,2026-06-18,16:14:26
600584,长电科技,83.03,81.76,81.89,85.55,81.03,2340781.0,19547620000.0,1485.75,1485.75,89.93,5.16,13.08,111598700,122479300.0,2026-06-18,16:14:27
600585,海螺水泥,17.76,18.24,18.15,18.2,17.72,576539.0,1029120000.0,941.16,710.35,12.11,0.49,1.44,26671600,30982300.0,2026-06-18,16:14:25
600586,金晶科技,4.69,5.03,4.92,4.95,4.67,535006.0,252590000.0,66.47,66.47,-8.87,1.32,3.77,19925200,33575500.0,2026-06-18,16:14:17
600587,新华医疗,12.04,12.19,12.19,12.26,12.03,47068.0,57050000.0,73.04,73.04,14.91,0.93,0.78,2259600,2447300.0,2026-06-18,16:14:21
600588,用友网络,9.79,9.78,9.68,10.17,9.59,516014.0,511590000.0,334.52,334.52,-24.31,4.85,1.51,25609400,25992000.0,2026-06-18,16:14:18
600589,大位科技,10.21,10.24,10.4,10.54,10.05,1125727.0,1157510000.0,151.58,150.95,-148.47,24.41,7.61,52860900,59711800.0,2026-06-18,16:14:29
600590,泰豪科技,12.13,11.84,11.83,12.41,11.62,338136.0,410320000.0,103.45,102.32,137.69,3.19,4.01,17829000,15984600.0,2026-06-18,16:14:01
600592,XD龙溪股,15.39,15.3,15.29,15.46,15.04,63650.0,97400000.0,61.49,61.49,44.4,2.41,1.59,3063800,3301200.0,2026-06-18,16:14:09
600593,大连圣亚,37.36,38.18,38.38,38.49,37.1,52340.0,197030000.0,48.73,48.12,95.36,23.31,4.06,2313500,2920500.0,2026-06-18,16:14:11
600594,益佰制药,3.11,3.15,3.14,3.18,3.07,183971.0,57310000.0,24.63,24.63,-7.04,1.14,2.32,9704900,8692200.0,2026-06-18,16:14:00
600595,中孚实业,6.06,6.24,6.19,6.37,6.03,1004002.0,616750000.0,242.88,242.88,11.0,1.41,2.51,41167700,59232500.0,2026-06-18,16:14:26
600596,新安股份,15.38,15.99,15.98,16.0,15.13,896765.0,1386020000.0,207.57,207.57,98.84,1.67,6.64,38580100,51096400.0,2026-06-18,16:14:13
600597,光明乳业,6.44,6.58,6.54,6.57,6.44,64532.0,41840000.0,88.77,88.77,-39.7,0.97,0.47,2197700,4255500.0,2026-06-18,16:14:17
600598,北大荒,13.78,13.94,13.88,14.01,13.76,177357.0,245370000.0,244.96,244.96,20.27,3.22,1.0,7304900,10430800.0,2026-06-18,16:15:00
600599,退市熊猫,0.42,0.4,0.4,0.43,0.39,39612.0,1630000.0,0.7,0.7,4.47,0.56,2.39,2802900,1158300.0,2026-06-18,16:14:22
600600,青岛啤酒,53.9,56.1,56.11,56.13,53.65,108169.0,589790000.0,735.3,382.22,15.72,2.27,1.53,4141900,6675000.0,2026-06-18,16:14:27
600601,方正科技,14.4,14.35,14.41,14.61,14.2,2506993.0,3608220000.0,615.42,600.52,98.41,12.61,6.01,120640500,130058800.0,2026-06-18,16:14:24
600602,云赛智联,18.03,17.77,17.88,18.21,17.53,262705.0,472300000.0,246.59,193.7,125.71,5.01,2.45,13735900,12534600.0,2026-06-18,16:14:23
600603,广汇物流,4.42,4.52,4.51,4.55,4.4,159722.0,71350000.0,51.98,51.98,29.6,0.71,1.36,6318000,9654200.0,2026-06-18,16:14:14
600604,市北高新,4.1,4.16,4.15,4.18,4.09,76525.0,31570000.0,76.81,57.71,-21.79,1.28,0.54,2973200,4679300.0,2026-06-18,16:14:01
600605,汇通能源,29.93,31.17,31.34,31.51,29.67,58395.0,177090000.0,61.74,61.74,266.07,4.35,2.83,2393400,3446100.0,2026-06-18,16:14:17
600606,绿地控股,1.32,1.33,1.32,1.35,1.29,1032672.0,136150000.0,185.52,185.52,-0.72,0.48,0.73,47868100,55399000.0,2026-06-18,16:14:14
600608,退市沪科,0.18,0.18,0.19,0.19,0.18,54971.0,1000000.0,0.59,0.57,136.38,1.44,1.73,1280400,4216700.0,2026-06-18,16:14:23
600609,金杯汽车,3.26,3.3,3.29,3.31,3.23,113008.0,36930000.0,42.53,42.53,20.24,2.56,0.87,5009400,6291400.0,2026-06-18,16:14:13
600610,中毅达,7.08,7.43,7.41,7.41,7.04,208831.0,149430000.0,75.85,50.18,136.79,54.55,2.95,7790800,13092300.0,2026-06-18,16:14:14
600611,大众交通,4.33,4.49,4.4,4.41,4.3,499989.0,217710000.0,102.37,67.69,-177.26,1.07,3.2,17948500,32050400.0,2026-06-18,16:14:18
600612,老凤祥,34.43,34.87,34.72,34.98,34.26,9683.0,33420000.0,180.11,109.18,10.66,1.31,0.31,297400,670900.0,2026-06-18,16:14:24
600613,神奇制药,4.73,4.74,4.74,4.8,4.67,41015.0,19440000.0,25.26,22.67,69.91,1.1,0.86,2230700,1870800.0,2026-06-18,16:14:23
600615,鑫源智造,10.57,11.04,11.1,11.1,10.44,89585.0,95490000.0,23.85,23.81,-171.63,3.3,3.98,3975800,4982700.0,2026-06-18,16:14:10
600616,金枫酒业,4.09,4.14,4.13,4.14,4.03,65127.0,26540000.0,27.36,27.36,6652.14,1.41,0.97,3365700,3147000.0,2026-06-18,16:14:27
600617,国新能源,2.92,3.0,3.02,3.02,2.89,262089.0,76760000.0,56.33,51.85,-20.46,1.76,1.48,11513400,14695500.0,2026-06-18,16:14:07
600618,氯碱化工,10.35,10.67,10.61,10.62,10.3,99581.0,103800000.0,119.69,77.61,14.3,1.26,1.33,4627700,5330400.0,2026-06-18,16:14:16
600619,海立股份,14.68,14.89,14.8,14.86,14.56,175889.0,258070000.0,157.57,115.85,122.15,2.55,2.23,8002000,9587000.0,2026-06-18,16:14:21
600620,天宸股份,4.26,4.26,4.31,4.31,4.15,61495.0,26130000.0,29.25,29.25,479.29,2.05,0.9,3282300,2867300.0,2026-06-18,16:14:03
600621,华鑫股份,12.74,13.14,13.16,13.24,12.74,139169.0,179740000.0,135.16,135.16,20.68,1.44,1.31,6329500,7587400.0,2026-06-18,16:15:00
600622,光大嘉宝,2.11,2.13,2.12,2.17,2.07,219257.0,46540000.0,31.64,31.64,-2.29,1.58,1.46,11861600,10064100.0,2026-06-18,16:14:22
600623,华谊集团,8.7,8.4,8.33,8.9,8.11,362697.0,309590000.0,184.69,163.22,32.68,0.82,1.93,17261600,19008100.0,2026-06-18,16:14:17
600624,ST复华,3.86,3.94,3.9,3.95,3.82,38647.0,15020000.0,26.22,26.22,-13.09,6.17,0.57,1119600,2745100.0,2026-06-18,16:14:23
600626,申达股份,3.44,3.4,3.42,3.46,3.33,118728.0,40410000.0,45.43,38.11,102.27,1.42,1.07,6884300,4988500.0,2026-06-18,16:14:08
600628,新世界,5.93,6.01,5.98,5.99,5.88,57470.0,34060000.0,38.36,38.36,53.28,0.9,0.89,2754700,2992300.0,2026-06-18,16:14:00
600629,华建集团,16.08,16.92,16.9,16.99,16.0,216734.0,352820000.0,154.07,154.07,991.0,2.94,2.26,8854500,12819000.0,2026-06-18,16:14:06
600630,龙头股份,8.47,8.86,8.86,8.87,7.97,372413.0,311130000.0,35.99,35.99,67.08,4.42,8.77,18006800,19234500.0,2026-06-18,16:14:20
600633,浙数文化,10.92,10.75,10.7,11.05,10.58,190236.0,206830000.0,138.47,138.47,23.51,1.36,1.5,10420400,8603200.0,2026-06-18,16:14:02
600635,大众公用,4.6,4.66,4.65,4.7,4.58,307658.0,142400000.0,135.81,111.26,49.95,1.53,1.27,14142400,16623300.0,2026-06-18,16:14:01
600636,退市国化,1.84,1.85,1.85,1.92,1.82,143610.0,27060000.0,8.07,8.07,-3.06,0.46,3.27,9832500,4528400.0,2026-06-18,16:14:21
600637,东方明珠,8.88,8.81,8.77,8.97,8.66,394044.0,349070000.0,298.54,298.54,53.47,1.0,1.17,19396200,20008100.0,2026-06-18,16:14:19
600638,新黄浦,4.93,5.31,5.06,5.11,4.88,193031.0,95950000.0,33.2,33.2,25.87,0.71,2.87,8616300,10686800.0,2026-06-18,16:14:02
600639,浦东金桥,9.46,9.62,9.52,9.66,9.46,27998.0,26610000.0,106.18,80.43,10.18,0.7,0.33,981200,1818600.0,2026-06-18,16:14:19
600640,国脉文化,10.55,10.5,10.38,10.65,10.36,58838.0,62050000.0,83.95,83.95,356.07,2.11,0.74,3399400,2484400.0,2026-06-18,16:14:25
600641,先导基电,33.45,33.0,32.9,35.28,32.81,738061.0,2517030000.0,316.73,311.3,-257.47,3.82,7.93,37375000,36431200.0,2026-06-18,16:14:15
600642,申能股份,9.12,9.54,9.5,9.67,9.11,363015.0,337510000.0,446.34,446.32,11.78,1.17,0.74,15854800,20446700.0,2026-06-18,16:14:02
600643,爱建集团,3.96,4.15,4.08,4.13,3.95,165310.0,66300000.0,63.09,62.98,-3.14,0.64,1.04,6751700,9779300.0,2026-06-18,16:14:06
600644,乐山电力,9.12,9.77,9.78,9.79,9.07,242204.0,226170000.0,52.74,49.1,231.81,2.55,4.5,9440600,14779900.0,2026-06-18,16:14:10
600645,中源协和,18.35,18.2,18.15,18.76,18.01,79596.0,146680000.0,85.87,85.84,78.03,2.31,1.7,4161000,3798600.0,2026-06-18,16:14:27
600648,外高桥,8.5,8.56,8.56,8.65,8.35,30195.0,25720000.0,115.59,96.71,12.71,0.72,0.27,1457100,1562500.0,2026-06-18,16:14:19
600649,城投控股,3.58,3.58,3.63,3.66,3.55,182675.0,65770000.0,89.66,89.66,32.85,0.43,0.73,8597100,9670400.0,2026-06-18,16:14:26
600650,锦江在线,10.06,10.09,10.0,10.22,9.86,31136.0,31370000.0,55.49,39.29,38.92,1.31,0.8,1567500,1546100.0,2026-06-18,16:14:22
600651,飞乐音响,5.9,6.08,6.07,6.08,5.85,248726.0,147550000.0,147.91,147.91,245.9,5.86,0.99,10326400,14546200.0,2026-06-18,16:14:10
600653,申华控股,1.57,1.62,1.62,1.62,1.56,166562.0,26300000.0,30.56,30.56,-16.2,4.89,0.86,5067200,11589000.0,2026-06-18,16:14:23
600654,中安科,2.86,2.9,2.89,2.92,2.84,460592.0,132370000.0,82.3,66.28,113.13,4.88,1.99,19236200,26823000.0,2026-06-18,16:14:21
600655,豫园股份,4.42,4.44,4.44,4.53,4.39,128749.0,57300000.0,171.99,171.93,-3.59,0.57,0.33,6205900,6669000.0,2026-06-18,16:14:21
600657,信达地产,2.56,2.61,2.61,2.61,2.51,229101.0,58610000.0,73.01,73.01,-0.9,0.47,0.8,11768300,11141800.0,2026-06-18,16:14:20
600658,电子城,4.12,4.21,4.18,4.23,4.1,102958.0,42710000.0,46.09,46.09,-2.43,1.14,0.92,4609600,5686200.0,2026-06-18,16:14:29
600660,福耀玻璃,49.95,50.69,50.48,50.83,49.83,97751.0,490920000.0,1303.57,1000.49,14.49,3.62,0.49,4886400,4888800.0,2026-06-18,16:14:28
600661,昂立教育,7.51,7.55,7.51,7.6,7.37,47279.0,35500000.0,21.52,21.52,21.99,8.45,1.65,2517100,2210800.0,2026-06-18,16:14:21
600662,外服控股,4.22,4.24,4.35,4.46,4.2,270587.0,116010000.0,96.36,96.07,14.21,1.78,1.19,11835200,15223500.0,2026-06-18,16:14:21
600663,陆家嘴,6.58,6.79,6.76,6.76,6.52,94298.0,62090000.0,331.31,207.64,41.71,1.33,0.3,4611400,4818400.0,2026-06-18,16:14:14
600664,哈药股份,3.08,3.07,3.06,3.11,2.99,357083.0,109420000.0,77.57,77.57,25.04,1.32,1.42,18521000,17187300.0,2026-06-18,16:14:04
600665,天地源,3.57,3.62,3.6,3.62,3.47,267392.0,94630000.0,30.85,30.85,-2.21,2.18,3.09,12493000,14246200.0,2026-06-18,16:14:27
600666,奥瑞德,4.55,4.67,4.7,4.74,4.49,1264756.0,579160000.0,125.18,113.85,89.4,11.42,5.05,52904400,73571200.0,2026-06-18,16:14:02
600667,太极实业,20.92,19.02,19.03,20.92,18.76,3695765.0,7410140000.0,437.55,437.55,95.27,5.0,17.67,179696900,189879700.0,2026-06-18,16:14:02
600668,尖峰集团,7.17,7.29,7.24,7.27,7.05,50182.0,35910000.0,29.6,29.6,-15.69,0.54,1.22,2537600,2480500.0,2026-06-18,16:14:28
600671,天目药业,17.96,16.33,16.33,17.96,15.87,71114.0,123490000.0,21.87,21.87,133.82,29.63,5.84,3238600,3872800.0,2026-06-18,16:14:18
600673,东阳光,36.26,35.89,36.0,37.2,35.89,961140.0,3501780000.0,1091.26,1088.36,935.07,10.99,3.2,51621200,44492800.0,2026-06-18,16:14:21
600674,川投能源,14.31,14.63,14.6,14.72,14.28,380775.0,550140000.0,697.56,697.56,14.75,1.5,0.78,16011600,22065900.0,2026-06-18,16:14:11
600675,中华企业,2.22,2.26,2.24,2.25,2.18,217366.0,48200000.0,134.22,134.22,-30.94,0.94,0.36,10760700,10976000.0,2026-06-18,16:14:23
600676,交运股份,6.88,7.03,7.03,7.12,6.76,282255.0,195320000.0,70.76,70.76,-20.96,1.48,2.74,13056700,15168800.0,2026-06-18,16:14:12
600678,ST金顶,6.63,6.39,6.28,6.71,6.23,316482.0,208270000.0,23.14,23.14,-258.67,8.97,9.07,14884100,16764200.0,2026-06-18,16:14:14
600679,上海凤凰,9.02,9.21,9.22,9.28,9.01,34147.0,31050000.0,44.68,31.0,50.69,2.1,0.99,1340300,2074400.0,2026-06-18,16:14:10
600681,百川能源,3.33,3.41,3.4,3.4,3.33,111490.0,37430000.0,44.65,44.62,18.22,1.24,0.83,4047300,7101700.0,2026-06-18,16:14:22
600682,南京新百,5.9,5.87,5.88,5.98,5.73,187953.0,110170000.0,79.36,68.68,-8.45,0.48,1.61,8890500,9904800.0,2026-06-18,16:14:12
600683,京投发展,13.63,12.69,12.78,13.96,12.5,403783.0,534120000.0,100.97,100.97,-8.44,-8.02,5.45,20755100,19623300.0,2026-06-18,16:15:00
600684,珠江股份,3.19,3.2,3.19,3.26,3.14,162345.0,51930000.0,35.28,27.23,56.89,2.8,1.9,7875000,8359500.0,2026-06-18,16:14:17
600685,中船防务,26.67,27.15,27.0,27.36,26.55,86765.0,232940000.0,376.98,219.08,30.9,2.07,1.06,4011400,4665000.0,2026-06-18,16:14:09
600686,金龙汽车,12.31,12.67,12.6,12.61,12.23,123855.0,153200000.0,88.27,88.27,15.44,2.43,1.73,4883600,7501800.0,2026-06-18,16:14:20
600688,上海石化,3.08,3.06,3.03,3.2,3.02,1437207.0,445510000.0,324.71,225.73,-35.01,1.38,1.96,71841300,71879400.0,2026-06-18,16:14:29
600689,上海三毛,10.71,10.87,10.74,10.85,10.62,25158.0,26970000.0,21.53,16.3,185.16,4.54,1.65,1246000,1269800.0,2026-06-18,16:14:14
600690,海尔智家,19.45,20.49,20.41,20.46,19.45,903314.0,1791510000.0,1823.95,1216.21,9.74,1.46,1.44,33207000,57124500.0,2026-06-18,16:14:01
600691,潞化科技,2.43,2.47,2.45,2.48,2.41,273459.0,66670000.0,57.74,57.73,-7.86,1.86,1.15,10591400,16754500.0,2026-06-18,16:14:03
600692,亚通股份,5.99,6.08,6.05,6.09,5.93,61869.0,37190000.0,21.07,15.28,78.63,2.17,2.43,3437000,2749900.0,2026-06-18,16:14:02
600693,东百集团,8.38,8.57,8.57,8.63,8.37,350796.0,296530000.0,72.89,72.82,142.4,2.02,4.04,16179100,18900500.0,2026-06-18,16:14:09
600694,大商股份,14.12,14.28,14.18,14.36,14.02,28162.0,39940000.0,53.49,53.49,10.7,0.61,0.74,1210700,1605400.0,2026-06-18,16:14:19
600696,退市岩石,0.76,0.76,0.76,0.79,0.73,30062.0,2300000.0,2.54,2.54,-0.91,2.54,0.9,1768000,1238200.0,2026-06-18,16:14:18
600697,欧亚集团,10.25,10.4,10.35,10.41,10.12,33177.0,34100000.0,16.31,15.93,-31.59,0.73,2.14,1745900,1571800.0,2026-06-18,16:14:07
600698,湖南天雁,6.45,6.44,6.38,6.47,6.27,97382.0,62120000.0,68.93,53.56,-227.14,9.33,1.17,4695400,5042900.0,2026-06-18,16:14:12
600699,均胜电子,24.67,24.84,24.56,25.12,24.54,321580.0,795710000.0,382.58,334.29,27.38,2.22,2.37,13776600,18381400.0,2026-06-18,16:14:13
600702,舍得酒业,38.18,38.08,38.0,38.8,37.22,69567.0,262140000.0,126.79,126.74,116.93,1.8,2.1,3189600,3767100.0,2026-06-18,16:14:00
600703,三安光电,17.54,17.16,17.71,18.0,17.26,3017996.0,5314950000.0,875.07,875.07,-175.85,2.51,6.05,159828900,141970700.0,2026-06-18,16:14:11
600704,物产中大,4.72,4.75,4.73,4.76,4.69,332729.0,157060000.0,244.08,244.08,6.76,0.58,0.64,15005500,18267400.0,2026-06-18,16:14:13
600705,中航产融,3.47,3.47,0.0,0.0,0.0,0.0,0.0,306.09,305.51,154.05,0.82,0.0,0,0.0,2026-06-18,09:00:00
600706,曲江文旅,7.22,7.31,7.25,7.36,7.09,51859.0,37550000.0,18.42,18.34,-11.02,4.1,2.04,2959500,2226400.0,2026-06-18,16:14:00
600707,彩虹股份,11.71,12.66,12.34,12.46,11.47,3415353.0,4068810000.0,420.2,420.12,731.26,1.93,9.52,167278600,174256700.0,2026-06-18,16:14:08
600708,光明地产,2.85,2.94,2.94,3.19,2.83,476884.0,139630000.0,63.52,63.42,-1.72,1.07,2.14,22744500,24943900.0,2026-06-18,16:14:20
600710,XD苏美达,10.56,10.64,10.64,10.79,10.51,92688.0,98810000.0,137.99,137.99,10.06,1.72,0.71,5388200,3880600.0,2026-06-18,16:14:08
600711,盛屯矿业,12.83,13.08,12.97,13.45,12.7,938721.0,1220340000.0,396.53,396.53,14.74,2.29,3.04,43654600,50217500.0,2026-06-18,16:14:18
600712,南宁百货,5.0,5.05,5.0,5.07,4.93,75677.0,37940000.0,27.23,26.93,-85.17,3.59,1.4,4168300,3399400.0,2026-06-18,16:14:23
600713,南京医药,4.98,4.97,4.97,5.02,4.93,71884.0,35740000.0,65.15,64.23,10.47,0.89,0.56,3720000,3468400.0,2026-06-18,16:14:14
600714,金瑞矿业,25.09,27.11,26.64,26.64,24.58,286194.0,720310000.0,72.3,72.3,509.14,9.6,9.93,13408400,15211000.0,2026-06-18,16:14:26
600715,文投控股,1.6,1.65,1.64,1.67,1.6,259133.0,42080000.0,64.96,45.8,-102.87,6.01,0.91,11485900,14427400.0,2026-06-18,16:14:22
600716,凤凰股份,3.73,3.68,3.68,3.83,3.59,124668.0,46720000.0,34.92,34.92,-8.38,0.78,1.33,6855000,5611800.0,2026-06-18,16:14:04
600717,XD天津港,4.21,4.21,0.0,0.0,0.0,0.0,0.0,121.84,121.84,11.51,0.6,0.0,0,0.0,2026-06-18,16:15:00
600718,东软集团,7.76,7.81,7.78,7.87,7.74,87346.0,68160000.0,92.84,92.84,-18.81,1.05,0.73,4617100,4117400.0,2026-06-18,16:14:03
600719,大连热电,8.92,8.74,8.74,9.15,8.54,324048.0,286540000.0,36.09,36.09,-60.54,8.95,8.01,17670700,14734100.0,2026-06-18,16:14:24
600720,中交设计,5.28,5.43,5.4,5.41,5.25,101302.0,53770000.0,121.15,53.28,8.46,0.76,1.0,3943800,6186300.0,2026-06-18,16:14:13
600721,百花医药,7.11,7.15,7.08,7.23,7.0,93784.0,66870000.0,27.34,27.34,102.75,3.45,2.44,4153500,5224900.0,2026-06-18,16:14:20
600722,金牛化工,8.66,8.87,8.9,8.9,8.56,353402.0,306280000.0,58.92,58.92,123.86,4.67,5.19,16749200,18591000.0,2026-06-18,16:15:00
600724,宁波富达,6.14,6.36,6.32,6.34,6.04,138023.0,84910000.0,88.74,88.72,47.85,3.22,0.96,6779300,7023000.0,2026-06-18,16:14:21
600725,云维股份,3.39,3.51,3.5,3.5,3.36,198879.0,67760000.0,41.78,41.78,-111.08,16.28,1.61,8334900,11553000.0,2026-06-18,16:14:22
600726,华电能源,7.88,8.3,8.22,8.25,7.79,1920314.0,1525900000.0,623.1,589.06,191.9,12.51,2.57,82653300,109378200.0,2026-06-18,16:14:21
600727,鲁北化工,7.3,7.42,7.4,7.89,7.28,354118.0,267460000.0,38.59,38.59,65.6,1.19,6.7,17835800,17576000.0,2026-06-18,16:14:03
600728,佳都科技,4.65,4.58,4.56,4.66,4.51,328770.0,151660000.0,99.17,99.17,150.74,1.26,1.54,17495700,15381300.0,2026-06-18,16:14:12
600729,重百集团,19.64,19.97,19.94,19.96,19.62,33157.0,65440000.0,86.5,37.8,10.19,1.06,1.72,1758400,1557300.0,2026-06-18,16:14:16
600730,*ST高科,11.63,12.09,12.1,12.12,11.51,177911.0,209650000.0,68.23,68.23,-53.02,4.07,3.03,8894300,8896700.0,2026-06-18,16:14:25
600731,湖南海利,5.35,5.41,5.4,5.42,5.3,48193.0,25810000.0,29.63,28.98,12.79,0.93,0.89,2269100,2550200.0,2026-06-18,16:14:25
600732,爱旭股份,12.58,12.65,12.58,12.68,12.43,333000.0,418380000.0,266.35,264.11,-13.58,5.62,1.59,15517500,17782500.0,2026-06-18,16:14:15
600733,北汽蓝谷,5.7,5.78,5.77,5.79,5.63,790788.0,451330000.0,362.93,316.67,-8.1,6.03,1.42,37711000,41367800.0,2026-06-18,16:14:05
600734,*ST实达,1.91,2.01,1.95,1.96,1.91,720643.0,138520000.0,41.61,41.6,-29.58,18.15,3.31,26794700,45269600.0,2026-06-18,16:14:18
600735,ST新华锦,6.37,6.36,6.31,6.46,6.3,48077.0,30650000.0,27.31,27.1,-21.0,2.56,1.13,2345200,2462500.0,2026-06-18,16:14:09
600736,苏州高新,7.51,7.57,7.51,7.63,7.24,536748.0,399570000.0,86.46,86.46,40.05,1.16,4.66,26320800,27354000.0,2026-06-18,16:14:15
600737,中粮糖业,12.8,13.27,13.23,13.26,12.73,270598.0,349740000.0,273.77,273.77,27.65,2.35,1.27,12515500,14544300.0,2026-06-18,16:14:24
600738,丽尚国潮,3.87,3.91,3.88,3.92,3.84,68966.0,26700000.0,29.46,29.44,17.69,1.41,0.91,2860400,4036200.0,2026-06-18,16:14:29
600739,辽宁成大,10.09,10.24,10.25,10.25,10.03,92300.0,93310000.0,153.6,153.6,16.34,0.52,0.61,3776100,5453900.0,2026-06-18,16:14:06
600740,山西焦化,3.44,3.54,3.56,3.56,3.41,316193.0,109020000.0,88.14,88.14,65.2,0.58,1.23,13438600,18180700.0,2026-06-18,16:14:18
600741,华域汽车,16.27,16.24,16.17,16.36,15.96,192578.0,311360000.0,512.95,512.95,7.15,0.75,0.61,8997200,10260700.0,2026-06-18,16:14:14
600742,富维股份,7.48,7.72,7.69,7.74,7.48,47231.0,35900000.0,55.58,55.58,12.4,0.66,0.64,1453000,3270100.0,2026-06-18,16:14:15
600743,华远控股,2.12,2.1,2.1,2.23,2.07,607278.0,129520000.0,49.74,49.74,-48.98,8.98,2.59,31990900,28737000.0,2026-06-18,16:14:12
600744,华银电力,7.08,7.44,7.35,7.45,7.06,1139236.0,819150000.0,143.8,143.8,99.64,11.16,5.61,39144300,74779300.0,2026-06-18,16:14:19
600745,*ST闻泰,16.9,17.76,17.4,17.99,16.87,484339.0,838360000.0,210.35,210.35,-2.29,0.92,3.89,19546800,28887100.0,2026-06-18,16:14:10
600746,江苏索普,5.78,5.92,5.92,5.93,5.72,125572.0,72520000.0,67.5,67.5,103.22,1.24,1.08,5443700,7113500.0,2026-06-18,16:14:00
600748,上实发展,4.04,3.97,3.99,4.12,3.89,167345.0,67200000.0,74.52,74.52,-11.41,0.72,0.91,8900100,7834400.0,2026-06-18,16:14:19
600749,西藏旅游,14.49,14.95,14.94,15.02,14.47,104641.0,153280000.0,32.89,32.89,265.26,3.16,4.61,3647200,6816900.0,2026-06-18,16:14:19
600750,华润江中,24.31,24.26,24.36,24.47,24.16,32011.0,77810000.0,154.52,152.87,16.98,3.58,0.51,1634600,1566500.0,2026-06-18,16:14:06
600751,海航科技,3.1,3.16,3.12,3.14,3.06,267796.0,82830000.0,89.88,79.77,123.26,1.19,1.04,12335500,14444100.0,2026-06-18,16:14:15
600753,ST海钦,12.61,12.08,12.68,12.68,12.11,56092.0,70500000.0,29.04,29.04,48.41,33.06,2.44,2689200,2920000.0,2026-06-18,16:14:23
600754,锦江酒店,19.5,19.8,19.78,19.96,19.42,82002.0,160650000.0,207.93,176.68,20.26,1.34,0.91,3475600,4724700.0,2026-06-18,16:14:00
600755,XD厦门国,5.54,5.52,5.55,5.58,5.51,114261.0,63380000.0,118.42,118.12,34.64,0.62,0.54,6290800,5135300.0,2026-06-18,16:14:01
600756,浪潮软件,13.33,13.85,13.53,13.78,13.25,81834.0,109620000.0,46.61,43.2,-17.61,2.08,2.52,3096300,5087100.0,2026-06-18,16:14:13
600757,长江传媒,7.63,7.55,7.47,7.64,7.47,46839.0,35530000.0,92.6,92.59,9.76,0.94,0.39,2848900,1835000.0,2026-06-18,16:14:21
600758,辽宁能源,3.55,3.79,3.79,3.8,3.52,820706.0,295620000.0,46.93,46.89,-9.7,0.88,6.21,34655900,47414700.0,2026-06-18,16:14:15
600759,ST洲际,2.3,2.42,2.37,2.4,2.3,2110467.0,493020000.0,95.43,95.3,44.9,1.05,5.09,63586400,147460300.0,2026-06-18,16:14:17
600760,中航沈飞,41.27,42.14,41.91,42.28,41.1,153473.0,637960000.0,1170.04,1167.76,35.98,5.08,0.54,6075900,9271400.0,2026-06-18,16:14:02
600761,安徽合力,17.17,16.73,16.59,17.35,16.5,192314.0,328270000.0,152.93,152.93,12.58,1.43,2.16,10671300,8560100.0,2026-06-18,16:14:06
600763,通策医疗,34.66,34.8,34.68,35.52,34.58,82429.0,288330000.0,155.03,155.03,30.7,3.51,1.84,3918900,4323900.0,2026-06-18,16:14:07
600764,中国海防,18.72,19.28,19.2,19.25,18.72,56618.0,107170000.0,133.03,133.03,115.54,1.62,0.8,2673600,2988200.0,2026-06-18,16:14:11
600765,中航重机,13.9,13.98,13.91,14.16,13.67,162430.0,226520000.0,215.8,215.8,37.93,1.51,1.05,7975600,8267500.0,2026-06-18,16:14:18
600768,宁波富邦,15.42,15.53,15.41,15.77,15.21,35083.0,54230000.0,20.62,20.62,25.31,4.51,2.62,1805000,1703300.0,2026-06-18,16:14:13
600769,祥龙电业,19.16,17.42,19.16,19.16,19.16,54067.0,103590000.0,71.85,71.85,373.45,56.69,1.44,919300,4487400.0,2026-06-18,16:14:20
600770,综艺股份,6.05,6.02,6.0,6.14,5.98,476463.0,288830000.0,78.65,78.65,60.17,2.31,3.67,24142300,23504000.0,2026-06-18,16:14:12
600771,广誉远,13.49,13.64,13.75,13.75,13.44,57053.0,77250000.0,66.03,66.03,99.75,3.89,1.17,3108300,2596900.0,2026-06-18,16:14:23
600773,西藏城投,14.79,15.37,15.29,15.69,14.76,280812.0,423430000.0,140.74,140.74,-24.63,3.32,2.95,12440500,15640700.0,2026-06-18,16:14:28
600774,汉商集团,6.72,6.71,6.64,6.8,6.57,33443.0,22430000.0,19.83,19.82,-10.83,1.34,1.13,2032000,1312300.0,2026-06-18,16:14:07
600775,XD南京熊,10.59,11.01,10.75,10.95,10.56,217119.0,232720000.0,96.78,71.15,296.15,3.12,3.23,8138800,13573100.0,2026-06-18,16:14:13
600776,东方通信,15.37,15.7,15.51,15.75,15.32,202728.0,313750000.0,193.05,146.94,42.21,5.05,2.12,8691500,11581300.0,2026-06-18,16:14:16
600777,*ST新潮,4.91,4.74,4.74,4.93,4.74,273362.0,132120000.0,333.9,312.58,43.96,1.51,0.43,13642400,13693800.0,2026-06-18,16:14:00
600778,友好集团,5.44,5.46,5.4,5.5,5.29,72108.0,39130000.0,16.95,16.93,123.05,6.7,2.32,3998700,3212000.0,2026-06-18,16:14:24
600779,水井坊,28.97,28.81,28.9,29.41,28.13,52163.0,148840000.0,141.23,141.23,36.53,2.67,1.07,2313800,2902500.0,2026-06-18,16:14:09
600780,通宝能源,6.17,6.55,6.5,6.6,6.16,286162.0,181290000.0,70.74,70.74,10.85,0.83,2.5,10722500,17893700.0,2026-06-18,16:14:08
600782,新钢股份,2.57,2.59,2.59,2.62,2.55,249017.0,64240000.0,81.83,80.84,-11.71,0.33,0.79,10376100,14525600.0,2026-06-18,16:14:18
600783,鲁信创投,21.13,19.93,19.86,21.92,19.45,568327.0,1200980000.0,157.28,157.28,94.2,3.57,7.64,30436900,26395900.0,2026-06-18,16:14:13
600784,鲁银投资,6.76,6.96,6.98,6.99,6.7,98361.0,67220000.0,45.67,45.67,31.32,1.38,1.46,4745100,5091000.0,2026-06-18,16:14:04
600785,新华百货,15.18,14.83,14.83,15.56,14.8,92106.0,140010000.0,34.25,34.25,57.54,1.48,4.08,4304800,4905800.0,2026-06-18,16:14:07
600787,中储股份,4.48,4.57,4.55,4.56,4.47,153714.0,69130000.0,97.22,97.22,17.97,0.7,0.71,5460600,9910800.0,2026-06-18,16:14:03
600789,鲁抗医药,7.1,7.03,7.05,7.13,6.97,86936.0,61490000.0,74.21,63.81,85.34,1.44,0.97,4348800,4344800.0,2026-06-18,16:14:24
600790,轻纺城,3.57,3.68,3.66,3.68,3.53,169632.0,60880000.0,52.33,52.33,17.24,0.88,1.16,8096400,8866800.0,2026-06-18,16:14:26
600791,京能置业,9.8,10.35,10.48,11.39,9.71,525260.0,564140000.0,44.38,44.33,-3.91,-7.32,11.61,21688600,30837400.0,2026-06-18,16:14:08
600792,云煤能源,3.62,3.93,3.9,3.91,3.6,436829.0,160810000.0,40.18,40.18,-8.18,1.65,3.94,19588900,24094000.0,2026-06-18,16:14:06
600793,宜宾纸业,12.8,12.95,13.15,13.15,12.63,26308.0,33600000.0,22.64,22.64,-155.48,9.99,1.49,1477200,1153600.0,2026-06-18,16:14:17
600794,保税科技,3.02,3.04,3.02,3.06,2.97,85805.0,25860000.0,36.24,36.24,-36.47,1.46,0.71,3542200,5038300.0,2026-06-18,16:14:21
600795,国电电力,4.74,4.94,4.93,4.94,4.74,2812106.0,1353190000.0,845.41,845.41,12.53,1.38,1.58,90010800,191199800.0,2026-06-18,16:14:19
600796,钱江生化,4.86,4.91,4.88,4.91,4.79,43680.0,21200000.0,42.12,15.14,24.42,1.21,1.4,2242300,2125700.0,2026-06-18,16:14:16
600797,浙大网新,7.1,7.21,7.2,7.21,7.05,173691.0,123750000.0,72.95,72.95,-100.84,2.2,1.69,7116700,10252400.0,2026-06-18,16:14:20
600798,宁波海运,3.54,3.53,3.56,3.59,3.5,297414.0,105380000.0,42.71,42.71,65.16,1.08,2.47,14320500,15420800.0,2026-06-18,16:14:17
600800,渤海化学,3.5,3.52,3.55,3.6,3.43,204063.0,71560000.0,38.85,38.84,-6.26,3.97,1.84,9208600,11197700.0,2026-06-18,16:14:26
600801,华新建材,18.61,19.0,18.86,19.28,18.43,139390.0,261350000.0,386.9,249.69,11.91,1.19,1.04,6327100,7612000.0,2026-06-18,16:14:05
600802,福建水泥,4.48,4.57,4.55,4.56,4.4,70800.0,31780000.0,20.53,20.53,-13.76,2.24,1.55,3854000,3226000.0,2026-06-18,16:14:08
600803,新奥股份,16.28,16.59,16.61,16.67,16.27,83830.0,137650000.0,503.99,500.08,11.56,2.08,0.27,4406800,3976100.0,2026-06-18,16:14:03
600804,退市鹏博,0.14,0.14,0.0,0.0,0.0,0.0,0.0,2.32,1.95,-0.31,-2.44,0.0,0,0.0,2026-06-18,09:00:00
600805,悦达投资,4.46,4.38,4.38,4.58,4.3,105240.0,46800000.0,37.95,37.92,106.03,0.89,1.24,5262400,5261500.0,2026-06-18,16:14:01
600807,济高发展,2.5,2.49,2.48,2.53,2.43,129902.0,32360000.0,22.12,19.68,-10.8,7.48,1.65,8086100,4904100.0,2026-06-18,16:14:28
600808,马钢股份,2.74,2.73,2.71,2.76,2.67,638809.0,174100000.0,211.0,163.52,-943.67,0.88,1.07,33933200,29947700.0,2026-06-18,16:14:23
600809,山西汾酒,113.28,117.7,118.23,118.23,112.7,142995.0,1635400000.0,1381.98,1381.98,12.58,3.07,1.17,6169800,8129700.0,2026-06-18,16:14:29
600810,神马股份,6.86,6.91,6.86,7.25,6.73,300893.0,210160000.0,74.81,74.14,-42.84,1.08,2.78,13223500,16865800.0,2026-06-18,16:14:04
600811,*ST东方,0.36,0.36,0.0,0.0,0.0,0.0,0.0,13.17,13.17,-0.1,0.08,0.0,0,0.0,2026-06-18,09:00:00
600812,华北制药,4.38,4.37,4.37,4.41,4.31,94423.0,41250000.0,75.15,75.15,46.67,1.37,0.55,4640200,4802100.0,2026-06-18,16:14:28
600814,杭州解百,6.67,6.7,6.69,6.72,6.56,36688.0,24430000.0,49.03,49.03,21.49,1.28,0.5,1767800,1901000.0,2026-06-18,16:14:04
600815,厦工股份,2.81,2.89,2.88,2.88,2.77,473888.0,133170000.0,49.85,49.85,-60.91,3.43,2.67,22089700,25299100.0,2026-06-18,16:14:25
600816,建元信托,2.61,2.69,2.67,2.7,2.61,737010.0,194350000.0,256.94,142.74,23.17,1.68,1.35,37601800,36099200.0,2026-06-18,16:14:02
600817,宇通重工,8.99,9.12,9.12,9.14,8.92,21601.0,19520000.0,48.05,47.58,15.89,2.0,0.41,870400,1289700.0,2026-06-18,16:14:05
600818,ST中路,5.28,5.53,5.48,5.53,5.28,59906.0,32020000.0,16.97,12.56,-23.49,3.4,2.52,2752500,3238100.0,2026-06-18,16:15:00
600819,耀皮玻璃,6.18,6.86,6.55,6.58,6.17,271191.0,170290000.0,60.36,46.19,51.53,1.56,3.63,10428600,16690500.0,2026-06-18,16:14:11
600820,隧道股份,5.44,5.45,5.46,5.47,5.38,152052.0,82480000.0,171.04,171.04,7.84,0.53,0.48,7669200,7536000.0,2026-06-18,16:14:05
600821,金开新能,6.55,6.67,6.62,6.7,6.52,792129.0,521400000.0,128.86,128.86,-336.34,1.43,4.03,32878300,46334600.0,2026-06-18,16:14:12
600822,上海物贸,8.39,8.32,8.25,8.82,8.14,58937.0,49930000.0,41.61,33.24,147.11,3.35,1.49,2359500,3534200.0,2026-06-18,16:14:09
600824,益民集团,3.48,3.52,3.51,3.53,3.44,58027.0,20240000.0,36.68,36.68,28.92,1.45,0.55,2897400,2905300.0,2026-06-18,16:14:01
600825,新华传媒,4.66,4.55,4.6,4.75,4.49,163029.0,75800000.0,48.69,48.69,114.3,1.96,1.56,8503900,7799000.0,2026-06-18,16:14:04
600826,XD兰生股,9.34,10.02,10.15,10.15,9.28,134780.0,129360000.0,68.7,68.7,20.38,1.65,1.83,5681400,7796600.0,2026-06-18,16:14:16
600827,百联股份,7.84,7.98,7.98,8.0,7.82,77905.0,61320000.0,139.88,125.79,11.37,0.68,0.49,2982000,4808500.0,2026-06-18,16:14:26
600828,茂业商业,3.78,3.95,3.95,3.96,3.78,339183.0,130160000.0,65.47,65.45,-23.5,0.97,1.96,13541400,20376900.0,2026-06-18,16:14:13
600829,人民同泰,8.21,8.29,8.2,8.33,8.12,41068.0,33750000.0,47.61,47.61,34.89,1.55,0.71,1930600,2176200.0,2026-06-18,16:14:29
600830,香溢融通,8.44,8.71,8.7,8.7,8.42,55581.0,47340000.0,38.34,38.34,46.61,1.7,1.22,2158400,3399700.0,2026-06-18,16:14:03
600831,广电网络,3.08,3.15,3.11,3.16,3.06,133213.0,41450000.0,21.9,21.9,-1.42,6.18,1.87,5807400,7513900.0,2026-06-18,16:14:29
600833,第一医药,9.69,9.73,9.67,9.79,9.53,21812.0,21130000.0,21.62,21.62,28.34,1.83,0.98,1120000,1061200.0,2026-06-18,16:14:28
600834,申通地铁,6.98,7.02,7.01,7.02,6.88,13830.0,9630000.0,33.32,33.32,67.78,1.91,0.29,702000,681000.0,2026-06-18,16:14:29
600835,上海机电,22.4,20.36,20.29,22.4,20.23,148472.0,318210000.0,225.63,180.66,29.4,1.6,1.84,8884700,5962500.0,2026-06-18,16:14:02
600838,上海九百,7.62,7.75,7.75,7.84,7.54,82187.0,62920000.0,30.55,30.55,71.27,1.98,2.05,3623600,4595100.0,2026-06-18,16:14:10
600839,四川长虹,6.78,6.92,6.93,6.95,6.76,556119.0,379510000.0,312.98,312.89,42.19,2.03,1.21,19925500,35686400.0,2026-06-18,16:14:01
600841,动力新科,6.67,6.62,6.55,6.77,6.55,110580.0,73830000.0,92.57,69.57,2.97,1.44,1.06,5290600,5767400.0,2026-06-18,16:14:09
600843,上工申贝,7.56,7.89,7.84,7.87,7.56,163482.0,124750000.0,53.92,35.47,-46.47,1.99,3.48,6773800,9574400.0,2026-06-18,16:14:26
600844,金煤科技,2.6,2.66,2.67,2.67,2.57,248319.0,64670000.0,26.43,21.39,-18.34,50.44,3.02,12814000,12017900.0,2026-06-18,16:15:00
600845,宝信软件,17.9,17.72,17.62,18.2,17.45,176999.0,316590000.0,513.87,382.0,41.39,4.77,0.83,9386800,8313000.0,2026-06-18,16:14:04
600846,同济科技,9.55,9.79,9.8,9.93,9.48,75607.0,72910000.0,59.66,59.66,24.62,1.37,1.21,3466600,4094100.0,2026-06-18,16:14:15
600847,万里股份,14.47,13.69,13.35,14.88,13.35,62424.0,88890000.0,22.18,22.18,-38.02,4.63,4.07,3397600,2844800.0,2026-06-18,16:14:09
600848,上海临港,8.01,8.01,8.01,8.04,7.9,75576.0,60270000.0,202.05,191.75,21.92,1.2,0.32,3862900,3694700.0,2026-06-18,16:14:03
600850,电科数字,19.59,19.88,19.67,19.81,19.35,114581.0,224460000.0,133.25,133.25,43.89,2.71,1.68,5113400,6344700.0,2026-06-18,16:14:09
600851,海欣股份,8.04,7.31,7.32,8.04,7.32,168074.0,133770000.0,97.05,59.35,56.45,2.13,2.28,7399300,9408100.0,2026-06-18,16:15:00
600853,龙建股份,3.22,3.25,3.23,3.25,3.18,58210.0,18710000.0,32.64,32.64,8.4,0.91,0.57,3183100,2637900.0,2026-06-18,16:14:03
600854,春兰股份,4.25,4.3,4.27,4.29,4.18,85501.0,36210000.0,22.08,22.08,17.5,0.91,1.65,4138900,4411200.0,2026-06-18,16:14:19
600855,航天长峰,14.79,14.89,14.8,15.11,14.63,85410.0,127160000.0,69.3,69.16,-41.74,4.96,1.83,4335600,4205400.0,2026-06-18,16:14:18
600857,宁波中百,16.02,16.12,15.88,16.41,15.8,108624.0,175100000.0,35.94,35.94,77.04,4.11,4.84,4646600,6215800.0,2026-06-18,16:14:14
600858,银座股份,4.66,4.68,4.66,4.69,4.59,60649.0,28190000.0,24.24,24.12,41.82,0.88,1.17,2971900,3093000.0,2026-06-18,16:14:27
600859,王府井,9.91,10.13,10.08,10.12,9.86,147797.0,146970000.0,111.38,111.37,-253.88,0.57,1.32,6373900,8405800.0,2026-06-18,16:14:04
600860,京城股份,8.64,9.1,8.98,9.0,8.6,94372.0,82520000.0,47.3,38.37,-63.98,5.73,2.13,3807100,5630200.0,2026-06-18,16:14:21
600861,北京人力,12.96,13.03,12.98,13.09,12.91,18381.0,23850000.0,73.37,69.57,8.72,1.05,0.34,887000,951100.0,2026-06-18,16:14:03
600862,中航高科,18.66,18.84,18.61,18.95,18.34,178737.0,334500000.0,259.94,259.94,28.13,3.41,1.28,9116900,8756800.0,2026-06-18,16:14:18
600863,华能蒙电,5.36,5.68,5.76,5.94,5.31,3431623.0,1921930000.0,419.97,349.84,18.53,2.01,5.26,153401400,189760900.0,2026-06-18,16:14:16
600864,哈投股份,5.26,5.45,5.47,5.47,5.24,278714.0,148060000.0,109.44,109.44,35.47,0.85,1.34,11043100,16828300.0,2026-06-18,16:14:05
600865,百大集团,9.03,9.12,9.12,9.16,8.88,83064.0,74890000.0,33.97,33.97,163.35,1.47,2.21,4356500,3949900.0,2026-06-18,16:14:29
600866,星湖科技,4.77,4.82,4.84,4.89,4.69,189180.0,90480000.0,79.25,59.9,17.31,0.97,1.51,8617600,10300300.0,2026-06-18,16:14:06
600867,通化东宝,7.46,7.37,7.36,7.48,7.26,175977.0,130470000.0,146.11,146.11,11.81,2.2,0.9,9681100,7916600.0,2026-06-18,16:14:29
600868,梅雁吉祥,2.89,3.01,3.0,3.0,2.88,650375.0,190110000.0,54.86,54.86,-57.58,2.84,3.43,21125900,43911600.0,2026-06-18,16:14:19
600869,远东股份,32.86,33.26,33.27,33.82,31.59,1070646.0,3502560000.0,729.28,729.28,665.59,16.95,4.82,51568900,55495700.0,2026-06-18,16:14:10
600871,石化油服,2.14,2.17,2.17,2.22,2.13,1266989.0,274680000.0,405.68,289.91,62.87,4.22,0.94,54118900,72580000.0,2026-06-18,16:14:27
600872,中炬高新,17.45,17.43,17.43,17.61,17.11,89291.0,155260000.0,135.11,134.54,21.84,2.27,1.16,4315500,4613600.0,2026-06-18,16:14:17
600873,梅花生物,8.31,8.53,8.49,8.51,8.3,212517.0,177780000.0,233.03,233.03,9.79,1.42,0.76,9822100,11429600.0,2026-06-18,16:14:11
600874,创业环保,5.7,5.76,5.73,5.75,5.67,52782.0,30040000.0,89.51,70.13,10.13,0.85,0.43,1977100,3301100.0,2026-06-18,16:14:26
600875,东方电气,32.56,31.71,31.72,33.99,31.72,917242.0,3021470000.0,1126.04,736.95,26.41,2.4,4.05,43839400,47884700.0,2026-06-18,16:14:14
600876,凯盛新能,9.93,9.42,9.89,10.36,9.49,351738.0,350180000.0,64.12,39.29,-5.61,2.33,8.89,17087400,18086400.0,2026-06-18,16:14:09
600877,电科芯片,14.16,14.2,14.17,14.29,13.93,180370.0,254770000.0,167.66,167.66,561.5,6.7,1.52,8675300,9361800.0,2026-06-18,16:14:27
600879,航天电子,20.66,20.2,19.9,21.16,19.52,1907880.0,3914400000.0,681.64,681.64,298.26,3.26,5.78,101190400,89597600.0,2026-06-18,16:14:26
600880,博瑞传播,4.01,4.01,3.99,4.05,3.94,134990.0,54010000.0,43.84,43.83,-321.02,1.46,1.24,5777000,7722000.0,2026-06-18,16:14:15
600881,亚泰集团,1.52,1.59,1.58,1.59,1.51,663056.0,102450000.0,49.13,49.13,-2.74,11.42,2.05,25333600,40972000.0,2026-06-18,16:14:16
600882,妙可蓝多,17.49,18.34,18.14,18.27,17.34,99502.0,175420000.0,89.21,89.21,79.9,1.92,1.95,3264100,6686100.0,2026-06-18,16:14:20
600883,博闻科技,7.63,7.66,7.55,7.7,7.45,39832.0,30340000.0,18.01,18.01,64.02,1.83,1.69,1801200,2182000.0,2026-06-18,16:14:16
600884,杉杉股份,13.85,14.2,14.13,14.26,13.78,716386.0,1001750000.0,311.54,254.16,41.22,1.38,3.9,29980400,41658200.0,2026-06-18,16:14:09
600885,宏发股份,35.5,33.94,34.04,35.63,33.6,245650.0,859890000.0,549.4,549.4,30.01,4.38,1.59,13609600,10955400.0,2026-06-18,16:14:12
600886,国投电力,13.07,13.32,13.3,13.54,13.07,518405.0,687800000.0,1046.19,974.26,14.07,1.52,0.7,21543800,30296700.0,2026-06-18,16:14:14
600887,伊利股份,24.26,24.67,24.67,24.72,24.21,505503.0,1232830000.0,1534.53,1526.91,12.7,2.85,0.8,21460000,29090300.0,2026-06-18,16:14:20
600888,新疆众和,13.14,12.3,12.78,13.28,12.35,1457880.0,1876900000.0,204.08,204.08,28.94,1.62,9.39,78721100,67067000.0,2026-06-18,16:14:24
600889,*ST京化,15.69,15.85,15.85,15.9,15.66,25867.0,40830000.0,92.04,57.48,-162.98,5.96,0.71,1031100,1555600.0,2026-06-18,16:14:09
600892,*ST大晟,3.65,3.6,3.6,3.71,3.58,74120.0,26980000.0,20.42,20.42,-23.19,232.84,1.33,3399000,4013000.0,2026-06-18,16:14:28
600893,航发动力,39.02,39.82,39.7,40.6,38.98,338678.0,1344170000.0,1040.11,1039.93,165.26,2.59,1.27,15311500,18556300.0,2026-06-18,16:14:21
600894,广日股份,8.14,8.23,8.27,8.27,8.11,37919.0,30950000.0,69.33,68.63,9.75,0.78,0.45,1415000,2377000.0,2026-06-18,16:14:17
600895,张江高科,32.89,33.27,33.25,33.55,32.6,294053.0,969130000.0,509.36,509.36,65.71,3.73,1.9,14489900,14915500.0,2026-06-18,16:14:22
600897,厦门空港,14.87,15.12,14.91,15.04,14.71,19943.0,29650000.0,62.0,62.0,12.17,1.25,0.48,922800,1071500.0,2026-06-18,16:14:03
600900,长江电力,26.66,27.0,26.93,26.98,26.65,1295945.0,3466900000.0,6523.23,6523.23,18.08,2.86,0.53,51961400,77633100.0,2026-06-18,16:14:05
600901,江苏金租,6.05,6.44,6.45,6.47,6.02,762612.0,470560000.0,350.41,350.32,10.65,1.41,1.32,25286500,50974700.0,2026-06-18,16:14:01
600903,贵州燃气,7.89,8.04,8.03,8.05,7.75,311489.0,246490000.0,91.84,91.84,119.29,3.02,2.68,16065800,15083100.0,2026-06-18,16:14:27
600905,三峡能源,4.07,4.13,4.12,4.12,4.07,2342017.0,956740000.0,1163.52,1163.52,50.42,1.3,0.82,75960700,158241000.0,2026-06-18,16:15:00
600906,财达证券,7.27,7.41,7.32,7.46,7.17,1040998.0,758440000.0,235.91,154.43,26.74,1.89,4.9,45013300,59086500.0,2026-06-18,16:14:18
600908,无锡银行,5.32,5.46,5.45,5.47,5.31,162090.0,86910000.0,116.76,106.36,5.02,0.5,0.81,5055800,11153200.0,2026-06-18,16:14:28
600909,华安证券,8.97,8.79,8.77,9.17,8.62,2442943.0,2168830000.0,450.67,450.67,22.34,1.71,4.86,120345800,123948400.0,2026-06-18,16:15:00
600916,中国黄金,7.55,7.69,7.63,7.71,7.5,202558.0,153380000.0,126.84,126.84,41.64,1.74,1.21,8692200,11563600.0,2026-06-18,16:14:07
600917,重庆燃气,4.93,4.99,4.97,5.01,4.91,33450.0,16500000.0,76.96,76.96,34.16,1.33,0.21,1143000,2202000.0,2026-06-18,16:14:13
600918,中泰证券,5.13,5.31,5.29,5.31,5.12,391322.0,203520000.0,406.21,234.07,26.48,0.91,0.86,15344900,23787300.0,2026-06-18,16:14:11
600919,江苏银行,11.22,11.53,11.53,11.59,11.21,1115716.0,1262750000.0,2059.02,2059.02,5.83,0.78,0.61,50084000,61487600.0,2026-06-18,16:14:24
600925,苏能股份,4.15,4.2,4.19,4.2,4.15,83955.0,35010000.0,285.89,66.65,130.45,1.83,0.52,3423100,4972400.0,2026-06-18,16:14:21
600926,杭州银行,15.64,16.0,16.01,16.03,15.63,412039.0,648730000.0,1133.74,1133.74,5.77,0.82,0.57,15808600,25395300.0,2026-06-18,16:14:07
600927,永安期货,12.7,12.77,12.8,13.02,12.5,69070.0,88330000.0,184.86,184.86,22.71,1.38,0.47,3454500,3452500.0,2026-06-18,16:14:11
600928,西安银行,3.39,3.51,3.51,3.52,3.39,380587.0,130640000.0,150.67,149.95,5.59,0.42,0.86,10081800,27976900.0,2026-06-18,16:14:29
600929,雪天盐业,4.96,5.04,5.04,5.06,4.93,133231.0,66370000.0,81.35,81.35,139.06,1.08,0.81,5121200,8201900.0,2026-06-18,16:15:00
600933,爱柯迪,15.73,15.44,15.44,15.96,15.35,181354.0,285290000.0,162.04,154.31,14.3,1.72,1.85,9216500,8919000.0,2026-06-18,16:14:00
600935,华塑股份,2.22,2.23,2.21,2.22,2.18,121114.0,26650000.0,79.8,77.86,-70.13,1.34,0.35,5226800,6884600.0,2026-06-18,16:14:19
600936,北投科技,4.62,4.95,4.96,4.98,4.6,838700.0,395940000.0,77.2,77.2,-38.23,7.77,5.02,29086000,54784000.0,2026-06-18,16:14:19
600938,中国海油,30.7,31.4,31.34,31.42,30.44,449714.0,1388370000.0,14591.7,917.93,11.7,1.74,1.5,19603700,25367800.0,2026-06-18,16:14:17
600939,重庆建工,2.51,2.54,2.51,2.55,2.48,101506.0,25460000.0,47.75,47.75,-4.01,0.68,0.53,5381200,4769400.0,2026-06-18,16:14:20
600941,中国移动,91.65,92.98,92.98,92.98,91.52,90288.0,829930000.0,19869.18,827.39,14.63,1.4,1.0,2788500,6240400.0,2026-06-18,16:14:14
600955,维远股份,15.25,15.6,15.55,15.59,15.2,39929.0,61190000.0,83.88,83.88,-11.07,1.1,0.73,2019800,1973100.0,2026-06-18,16:14:20
600956,新天绿能,7.68,8.09,8.09,8.1,7.68,183390.0,143440000.0,346.57,180.33,21.83,1.4,0.78,7101200,11237800.0,2026-06-18,16:14:02
600958,东方证券,9.21,9.47,9.44,9.45,9.16,549768.0,510140000.0,782.54,687.94,13.53,0.96,0.74,21842000,33134800.0,2026-06-18,16:14:24
600959,江苏有线,3.1,3.11,3.11,3.14,3.06,301243.0,93460000.0,155.02,155.02,71.3,0.68,0.6,13703700,16420700.0,2026-06-18,16:14:01
600960,渤海汽车,4.02,4.02,4.0,4.07,3.95,103154.0,41370000.0,38.21,38.21,23.87,1.08,1.09,5201600,5113800.0,2026-06-18,16:14:28
600961,株冶集团,28.82,26.7,26.41,29.18,26.41,823096.0,2312810000.0,309.2,216.67,15.52,6.12,10.95,44760800,37548800.0,2026-06-18,16:14:09
600962,国投中鲁,26.06,25.51,25.97,26.59,25.25,80789.0,209400000.0,68.33,68.33,376.08,7.22,3.08,4256200,3822700.0,2026-06-18,16:14:03
600963,岳阳林纸,3.31,3.41,3.38,3.41,3.29,365323.0,121960000.0,58.18,58.18,-21.47,0.76,2.08,14789300,21743100.0,2026-06-18,16:14:01
600965,*ST福成,2.57,2.67,2.67,2.69,2.57,64526.0,16820000.0,21.04,21.04,38.63,0.96,0.79,2076800,4375900.0,2026-06-18,16:14:01
600966,博汇纸业,5.01,5.18,5.18,5.19,5.0,162098.0,81810000.0,66.98,66.98,42.53,0.9,1.21,7237500,8972300.0,2026-06-18,16:14:21
600967,内蒙一机,11.73,11.89,11.86,12.01,11.69,128732.0,152400000.0,199.62,199.62,69.59,1.67,0.76,5780600,7092600.0,2026-06-18,16:14:15
600968,海油发展,3.77,3.8,3.8,3.89,3.77,501390.0,191620000.0,383.22,383.22,9.76,1.27,0.49,23546800,26592200.0,2026-06-18,16:14:23
600969,郴电国际,8.56,8.78,8.7,8.81,8.5,91869.0,79200000.0,31.68,31.68,41.24,0.88,2.48,4275100,4911800.0,2026-06-18,16:14:02
600970,中材国际,8.17,8.58,8.52,8.56,8.15,262713.0,217190000.0,214.2,214.2,8.07,0.97,1.0,8684600,17586700.0,2026-06-18,16:14:01
600971,恒源煤电,7.3,7.24,7.23,7.34,7.11,183973.0,132800000.0,87.6,87.6,-46.49,0.76,1.53,9582700,8814600.0,2026-06-18,16:14:24
600973,宝胜股份,6.52,6.66,6.58,6.78,6.5,346870.0,229460000.0,89.41,89.41,-529.69,2.64,2.53,14797000,19889900.0,2026-06-18,16:14:04
600975,新五丰,4.41,4.48,4.46,4.47,4.4,102312.0,45230000.0,55.11,55.11,-4.33,3.08,0.82,5024500,5206700.0,2026-06-18,16:14:17
600976,健民集团,28.19,26.94,27.03,28.58,26.92,50786.0,141470000.0,43.24,43.21,12.82,1.66,3.31,2700800,2377800.0,2026-06-18,16:14:05
600977,中国电影,13.89,13.68,13.74,14.04,13.41,294844.0,406580000.0,259.33,259.33,180.96,2.36,1.58,15723600,13760800.0,2026-06-18,16:15:00
600979,广安爱众,4.45,4.69,4.63,4.65,4.44,667212.0,299650000.0,56.14,55.26,-15.45,1.35,5.37,24209400,42511800.0,2026-06-18,16:14:06
600980,XD北矿科,21.18,21.06,21.15,21.75,20.9,47410.0,100840000.0,40.93,40.09,32.29,2.66,2.5,2281500,2459500.0,2026-06-18,16:14:19
600981,苏豪汇鸿,2.53,2.56,2.56,2.57,2.47,286664.0,72050000.0,56.73,56.73,-1643.98,1.14,1.28,13424700,15241700.0,2026-06-18,16:14:24
600982,宁波能源,5.18,5.58,5.52,5.54,5.16,559727.0,296140000.0,57.89,57.89,15.31,1.32,5.01,20636000,35336700.0,2026-06-18,16:14:12
600983,XD惠而浦,7.65,8.3,8.1,8.1,7.53,75982.0,58690000.0,58.63,58.63,11.75,2.29,0.99,3189300,4408900.0,2026-06-18,16:14:27
600984,建设机械,4.14,4.21,4.23,4.28,4.06,361212.0,149280000.0,52.04,52.04,-2.33,2.91,2.87,17035500,19085700.0,2026-06-18,16:14:01
600985,淮北矿业,14.98,15.45,15.39,15.58,14.93,293990.0,444420000.0,403.45,403.45,30.91,0.98,1.09,14433700,14965300.0,2026-06-18,16:14:15
600986,浙文互联,8.02,7.99,7.91,8.16,7.8,522967.0,420580000.0,119.29,119.29,-252.9,2.31,3.52,27070600,25226100.0,2026-06-18,16:14:06
600987,航民股份,6.24,6.44,6.4,6.42,6.22,69068.0,43590000.0,63.7,63.7,8.63,0.97,0.68,2181800,4725000.0,2026-06-18,16:14:16
600988,赤峰黄金,30.59,32.5,31.64,32.5,30.54,604830.0,1892420000.0,581.34,508.99,16.21,4.25,3.63,30596300,29886700.0,2026-06-18,16:14:08
600989,宝丰能源,21.51,22.12,22.18,22.3,21.5,689191.0,1502830000.0,1577.41,1577.41,12.54,3.22,0.94,28861200,40057900.0,2026-06-18,16:14:29
600990,四创电子,18.92,19.04,19.19,19.3,18.63,31257.0,59480000.0,51.28,50.9,-15.82,3.31,1.16,1626800,1498800.0,2026-06-18,16:14:29
600992,贵绳股份,9.69,9.8,9.8,9.89,9.62,52667.0,51280000.0,23.75,23.75,-807.08,1.66,2.15,2685900,2580800.0,2026-06-18,16:14:16
600993,马应龙,22.58,22.86,22.85,22.85,22.45,49540.0,112080000.0,97.33,97.16,16.48,2.12,1.15,2256400,2697600.0,2026-06-18,16:14:23
600995,南网储能,12.83,13.47,13.4,13.43,12.83,330938.0,431810000.0,410.05,410.05,23.19,1.8,1.04,11131000,21962800.0,2026-06-18,16:14:15
600996,贵广网络,8.99,9.65,9.65,9.92,8.94,644077.0,598450000.0,112.09,112.09,-8.5,7.14,5.17,28831200,35576400.0,2026-06-18,16:14:25
600997,开滦股份,4.96,5.04,5.01,5.02,4.92,91812.0,45510000.0,78.75,78.75,-37.69,0.58,0.58,5364900,3816300.0,2026-06-18,16:14:04
600998,九州通,4.83,4.76,4.76,4.86,4.68,295994.0,142150000.0,243.55,243.55,12.07,0.92,0.59,19090600,10508900.0,2026-06-18,16:14:27
600999,招商证券,18.58,19.1,18.99,19.17,18.48,1100186.0,2061080000.0,1615.81,1379.01,12.14,1.3,1.48,49636400,60382300.0,2026-06-18,16:14:29
601000,唐山港,4.17,4.3,4.29,4.29,4.16,330263.0,138790000.0,247.11,247.11,11.84,1.19,0.56,14587500,18438700.0,2026-06-18,16:14:22
601001,晋控煤业,18.94,19.1,19.18,19.24,18.65,163749.0,309090000.0,317.0,317.0,19.12,1.62,0.98,8404400,7970500.0,2026-06-18,16:14:03
601002,晋亿实业,4.65,4.74,4.68,4.72,4.64,114677.0,53640000.0,44.38,44.38,17.29,1.03,1.2,5359100,6108600.0,2026-06-18,16:14:20
601003,柳钢股份,3.55,3.61,3.6,3.62,3.51,120067.0,42640000.0,93.51,90.98,21.54,1.02,0.47,6275200,5731500.0,2026-06-18,16:14:16
601005,重庆钢铁,1.23,1.22,1.22,1.25,1.2,994492.0,122470000.0,108.88,102.26,-3.88,0.79,1.2,70556900,28892300.0,2026-06-18,16:14:23
601006,大秦铁路,4.94,4.99,4.99,4.99,4.94,744733.0,368950000.0,981.23,981.23,17.17,0.6,0.37,24143100,50330200.0,2026-06-18,16:14:17
601007,金陵饭店,6.42,6.47,6.44,6.49,6.36,33594.0,21580000.0,25.04,25.04,38.34,1.55,0.86,1633800,1725600.0,2026-06-18,16:14:20
601008,连云港,4.35,4.4,4.42,4.43,4.35,59135.0,25900000.0,53.97,53.97,30.21,1.3,0.48,2209400,3704100.0,2026-06-18,16:14:18
601009,南京银行,10.85,11.14,11.12,11.14,10.84,454364.0,497110000.0,1341.45,1341.45,6.02,0.72,0.37,20738800,24697600.0,2026-06-18,16:14:02
601010,ST文峰,1.47,1.55,1.54,1.54,1.47,365375.0,54680000.0,27.17,27.17,-25.51,0.66,1.98,7575000,28962500.0,2026-06-18,16:14:07
601011,宝泰隆,2.62,2.71,2.7,2.7,2.6,337789.0,88520000.0,50.19,50.19,-16.22,0.93,1.76,15393000,18385900.0,2026-06-18,16:14:11
601012,隆基绿能,12.84,13.07,13.0,13.07,12.71,1337774.0,1725870000.0,973.02,973.02,-14.08,1.93,1.77,60331200,73446200.0,2026-06-18,16:14:16
601015,陕西黑猫,3.09,3.18,3.19,3.2,3.09,326943.0,101850000.0,63.11,63.11,-5.14,1.31,1.6,12971300,19723000.0,2026-06-18,16:14:00
601016,节能风电,3.8,3.99,3.98,3.98,3.77,2608050.0,1002890000.0,248.69,229.45,49.95,1.4,4.32,89186400,171618600.0,2026-06-18,16:14:18
601018,宁波港,3.26,3.34,3.34,3.34,3.23,590192.0,193760000.0,634.21,634.21,12.28,0.79,0.3,19134900,39884300.0,2026-06-18,16:14:19
601019,山东出版,6.82,6.91,6.93,6.94,6.82,52200.0,35750000.0,142.33,142.33,12.07,0.91,0.25,2399400,2820600.0,2026-06-18,16:14:03
601020,华钰矿业,24.43,24.85,24.6,25.27,23.98,392377.0,962950000.0,200.32,200.32,23.41,4.66,4.79,18706500,20531200.0,2026-06-18,16:14:19
601021,春秋航空,45.76,47.06,46.78,46.81,44.92,133349.0,609530000.0,447.69,447.69,17.07,2.4,1.36,5997400,7337500.0,2026-06-18,16:14:04
601022,宁波远洋,8.08,8.0,7.99,8.16,7.91,108547.0,87440000.0,105.74,105.74,17.09,1.71,0.83,5840900,5013800.0,2026-06-18,16:14:09
601028,玉龙股份,12.83,12.83,0.0,0.0,0.0,0.0,0.0,100.46,100.46,27.25,2.91,0.0,0,0.0,2026-06-18,09:00:00
601033,永兴股份,14.0,13.98,14.07,14.21,13.99,38285.0,54070000.0,126.0,33.6,13.98,1.2,1.6,2033300,1795200.0,2026-06-18,16:14:05
601038,一拖股份,11.36,11.5,11.49,11.65,11.33,46426.0,53260000.0,127.65,83.12,15.11,1.6,0.63,2359800,2282800.0,2026-06-18,16:14:14
601058,赛轮轮胎,11.5,11.8,11.81,11.86,11.4,512561.0,590680000.0,378.13,378.13,10.68,1.73,1.56,23199900,28056200.0,2026-06-18,16:14:13
601059,信达证券,15.38,15.56,15.5,15.81,15.34,75582.0,117100000.0,498.77,498.77,23.29,2.25,0.23,3598300,3959900.0,2026-06-18,16:14:26
601061,中信金属,11.96,11.91,11.85,12.22,11.64,252167.0,300630000.0,586.04,586.04,16.77,2.42,0.51,11071300,14145400.0,2026-06-18,16:14:13
601065,江盐集团,7.16,7.23,7.21,7.3,7.16,22845.0,16460000.0,46.02,46.02,22.74,1.02,0.36,822700,1461800.0,2026-06-18,16:14:24
601066,中信建投,24.9,25.92,25.82,25.98,24.9,417508.0,1059810000.0,1931.42,1617.42,17.15,2.24,0.64,20171700,21579100.0,2026-06-18,16:14:16
601068,中铝国际,4.77,4.95,4.9,4.94,4.73,225043.0,108270000.0,142.52,122.09,53.28,4.63,0.88,9556700,12947600.0,2026-06-18,16:14:14
601069,西部黄金,26.28,27.1,26.76,27.13,25.98,137076.0,363010000.0,239.41,233.15,24.66,4.68,1.55,6878300,6829300.0,2026-06-18,16:14:19
601077,渝农商行,6.26,6.55,6.53,6.53,6.26,544784.0,345680000.0,710.95,553.27,5.77,0.53,0.62,22186100,32292300.0,2026-06-18,16:14:20
601083,锦江航运,11.26,11.39,11.36,11.46,11.23,45098.0,50930000.0,145.72,21.86,9.85,1.5,2.32,2114500,2395200.0,2026-06-18,16:14:19
601086,国芳集团,6.89,7.05,7.0,7.04,6.86,58657.0,40610000.0,45.89,45.89,47.46,2.93,0.88,2543000,3322700.0,2026-06-18,16:14:15
601088,中国神华,41.26,41.86,41.88,42.55,41.26,544116.0,2268590000.0,8949.06,6804.2,17.35,1.79,0.33,24944600,29467000.0,2026-06-18,16:14:27
601089,福元医药,16.77,16.73,16.98,17.05,16.4,39970.0,67320000.0,80.5,80.5,18.54,2.21,0.83,2203000,1794000.0,2026-06-18,16:14:26
601096,宏盛华源,4.61,4.67,4.66,4.68,4.59,197790.0,91380000.0,123.32,75.74,32.11,2.62,1.2,8307100,11471900.0,2026-06-18,16:14:04
601098,中南传媒,10.39,10.62,10.6,10.6,10.38,61609.0,64350000.0,186.6,186.6,11.62,1.13,0.34,2592200,3568700.0,2026-06-18,16:14:22
601099,太平洋,3.22,3.34,3.33,3.34,3.21,1122784.0,365830000.0,219.49,219.49,131.45,2.21,1.65,41643600,70634800.0,2026-06-18,16:14:02
601100,恒立液压,117.9,118.0,117.4,120.58,116.4,74356.0,881130000.0,1580.83,1580.83,57.1,8.84,0.55,3691900,3743600.0,2026-06-18,16:15:00
601101,昊华能源,10.65,11.37,11.3,11.48,10.51,430822.0,464940000.0,153.36,153.36,27.6,1.28,2.99,21785100,21297100.0,2026-06-18,16:14:11
601106,中国一重,3.49,3.52,3.51,3.55,3.45,478652.0,167600000.0,239.34,239.34,-105.93,4.63,0.7,24745700,23119500.0,2026-06-18,16:14:17
601107,四川成渝,5.31,5.42,5.4,5.42,5.29,84335.0,45000000.0,162.38,114.84,10.94,0.99,0.39,4005400,4428100.0,2026-06-18,16:14:28
601108,财通证券,7.52,7.88,7.87,7.88,7.52,638770.0,489100000.0,349.21,349.21,11.8,0.92,1.38,25795900,38081100.0,2026-06-18,16:14:27
601111,中国国航,6.24,6.47,6.43,6.45,6.2,971172.0,610870000.0,1278.74,726.22,64.33,2.0,0.83,35068100,62049000.0,2026-06-18,16:14:15
601113,华鼎股份,3.67,3.75,3.74,3.75,3.66,110242.0,40750000.0,49.7,40.52,36.08,1.05,1.0,4564200,6460000.0,2026-06-18,16:14:15
601116,三江购物,10.85,11.11,11.1,11.12,10.82,69668.0,76000000.0,59.42,59.42,33.61,1.8,1.27,3265900,3700900.0,2026-06-18,16:14:09
601117,中国化学,8.08,8.22,8.25,8.29,8.0,2830089.0,2304880000.0,493.42,490.42,7.52,0.72,4.66,141480700,141528200.0,2026-06-18,16:14:02
601118,海南橡胶,5.74,5.9,5.82,5.86,5.68,445178.0,256150000.0,245.64,245.64,-193.1,2.57,1.04,22105900,22412000.0,2026-06-18,16:14:10
601121,宝地矿业,6.28,6.33,6.26,6.54,6.17,116371.0,73750000.0,61.81,50.24,39.31,1.44,1.45,6015700,5621400.0,2026-06-18,16:14:17
601126,四方股份,74.63,70.87,70.5,77.82,70.3,479440.0,3585460000.0,621.75,615.76,72.45,13.6,5.81,23427600,24516500.0,2026-06-18,16:14:22
601127,赛力斯,64.81,66.14,65.7,66.33,64.48,316656.0,2066870000.0,1128.98,1009.22,18.93,2.83,2.03,15351900,16313700.0,2026-06-18,16:14:03
601128,常熟银行,6.24,6.41,6.41,6.41,6.2,530590.0,332790000.0,227.65,227.65,5.25,0.72,1.45,16785500,36273500.0,2026-06-18,16:14:04
601133,柏诚股份,31.38,33.12,32.6,33.12,30.73,295882.0,933350000.0,165.12,164.55,85.98,5.47,5.64,12789900,16798200.0,2026-06-18,16:14:02
601136,首创证券,13.98,14.41,14.29,14.4,13.98,111833.0,158150000.0,382.12,382.12,34.68,2.7,0.41,4802500,6380800.0,2026-06-18,16:14:22
601137,博威合金,25.74,26.01,25.7,26.16,25.4,315256.0,811040000.0,236.43,236.26,-83.47,2.53,3.43,14161200,17364400.0,2026-06-18,16:14:19
601138,工业富联,78.08,72.64,72.0,79.9,71.95,4249682.0,33063390000.0,15494.27,15494.27,38.12,8.79,2.14,216168900,208799300.0,2026-06-18,16:14:04
601139,XD深圳燃,5.96,6.04,6.08,6.09,5.94,168888.0,101380000.0,171.45,171.45,11.89,1.07,0.59,6762800,10126100.0,2026-06-18,16:14:07
601155,新城控股,10.87,11.1,11.15,11.18,10.85,133459.0,146450000.0,245.19,245.19,35.67,0.4,0.59,6761500,6584300.0,2026-06-18,16:14:28
601156,东航物流,16.58,16.78,16.62,16.98,16.37,110828.0,184380000.0,263.22,156.61,9.67,1.3,1.17,5124400,5958400.0,2026-06-18,16:14:24
601158,重庆水务,4.0,4.08,4.08,4.08,4.0,63280.0,25510000.0,192.0,192.0,23.0,1.13,0.13,1880300,4447700.0,2026-06-18,16:14:27
601162,天风证券,3.17,3.31,3.3,3.31,3.17,1327115.0,427210000.0,319.35,272.56,242.12,1.17,1.54,50114900,82596600.0,2026-06-18,16:14:23
601163,三角轮胎,13.22,13.19,13.14,13.43,13.03,40782.0,54160000.0,105.76,105.76,10.85,0.75,0.51,2173900,1904300.0,2026-06-18,16:14:10
601166,兴业银行,17.32,17.84,17.83,17.88,17.29,1200956.0,2096410000.0,3665.41,3665.41,4.73,0.45,0.57,44059400,76036200.0,2026-06-18,16:14:17
601168,西部矿业,31.75,31.48,31.0,33.57,30.88,875107.0,2805390000.0,756.6,756.6,17.11,3.82,3.67,40541200,46969500.0,2026-06-18,16:14:29
601169,北京银行,5.01,5.14,5.14,5.14,5.0,1897034.0,957600000.0,1059.26,1059.26,5.16,0.37,0.9,59197200,130506200.0,2026-06-18,16:14:28
601177,杭齿前进,13.64,13.7,13.65,13.89,13.49,59251.0,81120000.0,55.61,54.89,21.17,1.91,1.47,2614000,3311100.0,2026-06-18,16:14:26
601179,中国西电,15.26,15.79,15.68,15.69,15.1,2379121.0,3650110000.0,782.21,782.21,59.2,3.35,4.64,113161000,124751000.0,2026-06-18,16:14:17
601186,中国铁建,6.3,6.48,6.44,6.44,6.29,569824.0,361230000.0,855.51,724.7,4.86,0.31,0.5,20030100,36952300.0,2026-06-18,16:14:03
601187,厦门银行,7.22,7.84,7.77,7.9,7.17,367379.0,272660000.0,190.55,190.13,7.1,0.7,1.4,17429000,19308900.0,2026-06-18,16:14:05
601188,龙江交通,2.91,2.95,2.93,2.94,2.9,80279.0,23450000.0,37.99,37.99,24.67,0.84,0.61,2682400,5345500.0,2026-06-18,16:14:20
601198,东兴证券,12.8,13.07,13.0,13.12,12.8,149890.0,193620000.0,413.75,413.75,19.94,1.34,0.46,6261000,8728000.0,2026-06-18,16:14:19
601199,江南水务,5.89,5.84,5.84,6.0,5.75,130650.0,76930000.0,55.08,55.08,15.27,1.17,1.4,6671700,6393300.0,2026-06-18,16:14:22
601200,上海环境,7.05,7.1,7.09,7.09,7.0,62062.0,43720000.0,94.91,94.91,15.73,0.8,0.46,2631300,3574800.0,2026-06-18,16:14:29
601208,东材科技,74.83,73.2,71.0,77.77,71.0,864885.0,6474980000.0,755.92,755.92,198.72,12.42,8.56,40171800,46316600.0,2026-06-18,16:14:02
601211,国泰海通,17.28,17.77,17.71,17.77,17.25,1599872.0,2783030000.0,3046.28,2332.27,13.87,0.93,1.19,73839200,86148000.0,2026-06-18,16:14:23
601212,白银有色,5.84,5.91,5.9,6.07,5.77,1135156.0,669850000.0,432.44,432.44,-77.05,2.72,1.53,52661100,60854500.0,2026-06-18,16:14:26
601216,君正集团,4.97,5.07,5.05,5.07,4.95,524253.0,261310000.0,419.37,419.37,13.85,1.4,0.62,16737200,35688100.0,2026-06-18,16:14:15
601218,吉鑫科技,4.62,4.75,4.73,4.74,4.6,222281.0,103470000.0,44.77,44.77,28.27,1.49,2.29,9317800,12910300.0,2026-06-18,16:14:20
601222,林洋能源,5.94,5.94,5.91,5.97,5.79,290402.0,170230000.0,121.25,121.25,67.04,0.81,1.42,13360400,15679800.0,2026-06-18,16:14:16
601225,陕西煤业,22.97,23.58,23.3,23.73,22.96,429936.0,999860000.0,2226.94,2226.94,13.77,2.18,0.44,17546000,25447700.0,2026-06-18,16:14:02
601226,华电科工,6.88,6.98,6.97,6.98,6.84,94786.0,65440000.0,79.96,79.96,42.79,1.84,0.82,4292000,5186600.0,2026-06-18,16:14:02
601228,广州港,2.96,2.99,2.99,3.0,2.94,168999.0,50040000.0,223.32,223.32,28.32,1.04,0.22,4865600,12034300.0,2026-06-18,16:14:05
601229,上海银行,8.84,9.01,9.0,9.02,8.81,497090.0,441460000.0,1256.08,1256.08,5.18,0.5,0.35,22228300,27480700.0,2026-06-18,16:14:26
601231,环旭电子,37.51,37.08,37.11,38.36,37.11,536968.0,2026840000.0,896.09,896.09,46.29,4.05,2.25,26854200,26842600.0,2026-06-18,16:14:10
601233,桐昆股份,20.99,21.63,21.58,21.85,20.6,522407.0,1100310000.0,499.35,498.44,15.04,1.24,2.2,24150600,28090100.0,2026-06-18,16:14:05
601236,红塔证券,6.68,6.93,6.92,6.95,6.68,210703.0,142910000.0,315.08,315.08,28.29,1.27,0.45,10061300,11009100.0,2026-06-18,16:14:11
601238,广汽集团,5.53,5.72,5.68,5.68,5.49,517922.0,289090000.0,563.9,408.32,-6.48,0.54,0.7,21462200,30330000.0,2026-06-18,16:14:20
601279,英利汽车,3.25,3.29,3.28,3.29,3.22,82918.0,27030000.0,51.54,51.54,-68.89,1.24,0.52,4484000,3807800.0,2026-06-18,16:14:22
601288,农业银行,6.37,6.53,6.55,6.56,6.36,3391003.0,2175130000.0,22293.92,20335.86,7.58,0.8,0.11,139697000,199403300.0,2026-06-18,16:14:19
601298,青岛港,8.36,8.54,8.51,8.58,8.27,206661.0,172650000.0,542.66,450.78,10.35,1.15,0.38,9780700,10885400.0,2026-06-18,16:14:03
601311,骆驼股份,8.1,8.25,8.25,8.25,8.07,116647.0,94900000.0,95.02,95.02,12.5,0.93,0.99,4800700,6864000.0,2026-06-18,16:14:05
601318,中国平安,49.38,52.76,52.59,52.64,49.37,2178321.0,10954980000.0,8941.55,5263.94,6.73,0.91,2.04,79156900,138675200.0,2026-06-18,16:14:24
601319,中国人保,6.65,7.0,6.95,7.0,6.62,1207263.0,815640000.0,2940.9,2360.6,6.9,0.92,0.34,43269300,77457100.0,2026-06-18,16:14:03
601326,秦港股份,3.31,3.39,3.37,3.38,3.28,176853.0,58610000.0,184.94,157.48,11.46,0.89,0.37,5762600,11922700.0,2026-06-18,16:14:27
601328,交通银行,6.68,6.9,6.9,6.91,6.67,2473960.0,1667450000.0,5902.7,1741.64,6.12,0.51,0.95,95295400,152100600.0,2026-06-18,16:14:14
601330,绿色动力,7.71,8.05,8.01,8.02,7.69,247072.0,192830000.0,110.3,76.26,17.26,1.33,2.5,10793200,13914000.0,2026-06-18,16:14:14
601333,广深铁路,2.98,3.0,3.0,3.0,2.96,426888.0,127100000.0,211.09,168.44,13.73,0.73,0.76,19506800,23182100.0,2026-06-18,16:14:18
601336,新华保险,57.55,61.75,61.6,61.6,57.25,479283.0,2810650000.0,1795.3,1200.17,4.86,1.45,2.3,19991100,27937200.0,2026-06-18,16:14:19
601339,XD百隆东,6.91,6.93,7.07,7.07,6.87,89756.0,62200000.0,103.62,103.62,14.29,1.15,0.6,4579700,4395900.0,2026-06-18,16:14:29
601360,三六零,9.37,9.22,9.18,9.5,9.1,854041.0,800430000.0,655.86,655.86,101.61,2.3,1.22,45731700,39672400.0,2026-06-18,16:14:09
601366,利群股份,3.46,3.48,3.47,3.48,3.4,61010.0,21000000.0,33.21,33.21,-10.37,0.76,0.64,2633500,3467500.0,2026-06-18,16:14:13
601368,绿城水务,4.26,4.33,4.31,4.33,4.22,46744.0,19930000.0,37.61,37.61,31.79,0.78,0.53,1737200,2937200.0,2026-06-18,16:14:25
601369,陕鼓动力,8.9,9.18,9.1,9.21,8.88,108613.0,97670000.0,153.39,151.85,22.17,1.74,0.64,5177400,5683900.0,2026-06-18,16:14:08
601375,中原证券,3.94,4.08,4.06,4.18,3.92,798833.0,321890000.0,182.93,135.83,35.08,1.26,2.32,32839300,47044000.0,2026-06-18,16:14:29
601377,兴业证券,5.82,6.08,6.05,6.07,5.81,1556857.0,919960000.0,502.61,502.61,16.01,0.89,1.8,48689000,106996700.0,2026-06-18,16:14:16
601388,怡球资源,3.12,3.16,3.15,3.22,3.1,389452.0,122420000.0,68.68,68.68,32.96,1.48,1.77,15750600,23194500.0,2026-06-18,16:14:13
601390,中国中铁,4.51,4.68,4.65,4.66,4.5,1605669.0,732050000.0,1113.35,923.6,5.25,0.35,0.78,50002600,110564300.0,2026-06-18,16:14:28
601398,工商银行,7.16,7.36,7.34,7.35,7.15,4509667.0,3248840000.0,25518.69,19304.23,6.87,0.66,0.17,177242300,273724500.0,2026-06-18,16:14:07
601399,国机重装,3.66,3.71,3.68,3.74,3.64,610370.0,224560000.0,264.02,264.02,55.06,1.77,0.85,27893000,33144000.0,2026-06-18,16:14:03
601456,国联民生,9.17,9.56,9.56,9.64,9.17,503727.0,473500000.0,520.91,401.37,24.46,0.97,1.15,24505400,25867300.0,2026-06-18,16:14:26
601500,通用股份,3.76,3.89,3.87,3.89,3.76,243813.0,92710000.0,59.76,59.52,26.53,0.97,1.54,10208700,14172700.0,2026-06-18,16:14:22
601512,中新集团,8.12,8.22,8.21,8.27,8.11,31438.0,25730000.0,121.71,121.71,13.29,0.79,0.21,1381700,1762100.0,2026-06-18,16:14:26
601515,衢州东峰,3.78,3.95,3.93,3.94,3.76,199781.0,76240000.0,72.74,72.74,-16.27,1.48,1.04,7040700,12937400.0,2026-06-18,16:14:24
601518,吉林高速,2.86,2.94,2.92,2.93,2.83,210338.0,60330000.0,54.07,54.07,11.0,0.93,1.11,5939000,15094800.0,2026-06-18,16:14:16
601519,大智慧,8.56,8.89,8.81,8.87,8.53,291674.0,252400000.0,170.27,170.27,-224.07,13.13,1.47,12583600,16583800.0,2026-06-18,16:14:03
601528,瑞丰银行,4.65,4.74,4.72,4.73,4.64,103369.0,48290000.0,91.24,80.65,4.65,0.46,0.6,2951900,7385000.0,2026-06-18,16:14:12
601555,东吴证券,7.58,7.83,7.83,7.84,7.55,378918.0,289920000.0,376.63,376.63,11.16,0.86,0.76,15639800,22252100.0,2026-06-18,16:14:29
601566,九牧王,8.95,9.24,9.21,9.35,8.92,110531.0,100230000.0,51.43,51.43,29.88,1.35,1.92,5296600,5756500.0,2026-06-18,16:14:25
601567,三星电气,15.05,15.38,15.28,15.4,14.85,265709.0,400100000.0,211.48,211.48,22.22,1.84,1.89,11636100,14934800.0,2026-06-18,16:14:28
601568,北元化工,3.61,3.7,3.71,3.71,3.6,198762.0,72010000.0,143.4,143.4,349.82,1.26,0.5,5464800,14411400.0,2026-06-18,16:14:29
601577,长沙银行,9.16,9.39,9.42,9.42,9.14,217108.0,200250000.0,368.37,368.29,4.47,0.5,0.54,8364200,13346600.0,2026-06-18,16:14:11
601579,会稽山,15.26,15.46,15.3,15.46,15.14,56253.0,85860000.0,73.17,73.17,27.01,1.95,1.17,2558100,3067200.0,2026-06-18,16:14:16
601588,北辰实业,1.76,1.8,1.79,1.79,1.73,509415.0,89860000.0,59.26,46.82,-2.08,0.9,1.92,23736000,27205500.0,2026-06-18,16:14:06
601595,上海电影,17.88,18.04,18.05,18.24,17.75,40605.0,72980000.0,80.14,80.14,132.17,4.74,0.91,1766000,2294500.0,2026-06-18,16:14:06
601598,中国外运,5.53,5.61,5.62,5.63,5.48,130259.0,72100000.0,396.71,285.21,9.78,0.95,0.25,4876400,8149400.0,2026-06-18,16:14:24
601599,浙文影业,3.0,3.04,3.03,3.03,2.96,130500.0,39090000.0,34.82,34.82,31.25,2.27,1.12,6267700,6782300.0,2026-06-18,16:14:10
601600,中国铝业,9.38,9.97,9.87,9.99,9.31,4313581.0,4138190000.0,1609.14,1235.66,10.97,2.0,3.27,190933200,240424900.0,2026-06-18,16:14:14
601601,中国太保,29.98,32.19,32.0,32.09,29.86,1105663.0,3377410000.0,2884.18,2052.14,5.35,0.9,1.62,46082600,64483700.0,2026-06-18,16:14:01
601606,长城军工,30.5,31.14,31.04,31.26,30.39,101210.0,311050000.0,220.89,220.89,3189.36,10.12,1.4,4865100,5255800.0,2026-06-18,16:14:24
601607,上海医药,15.91,16.11,16.11,16.13,15.9,103543.0,165510000.0,590.0,443.76,10.16,0.76,0.37,3632500,6721900.0,2026-06-18,16:14:08
601608,中信重工,5.09,5.17,5.15,5.17,5.06,334191.0,170850000.0,233.1,233.1,61.4,2.47,0.73,15234000,18185200.0,2026-06-18,16:14:20
601609,金田股份,13.0,12.17,12.18,13.3,12.16,1301561.0,1660740000.0,224.72,224.72,29.11,2.27,7.53,71814300,58341800.0,2026-06-18,16:14:07
601611,中国核建,11.02,11.63,11.33,11.42,10.96,544556.0,605420000.0,332.12,332.12,28.37,1.47,1.81,18867200,35588400.0,2026-06-18,16:15:00
601615,明阳智能,12.23,12.33,12.3,12.49,12.03,720571.0,883580000.0,276.58,276.58,72.31,1.05,3.19,33278800,38778300.0,2026-06-18,16:14:09
601616,广电电气,3.75,3.82,3.8,3.81,3.72,146709.0,54910000.0,32.01,32.01,-54.59,1.34,1.72,6667100,8003800.0,2026-06-18,16:14:07
601618,中国中冶,2.67,2.75,2.72,2.73,2.66,1257152.0,337740000.0,552.47,476.66,41.01,0.54,0.7,39209500,86505700.0,2026-06-18,16:14:01
601619,嘉泽新能,4.47,4.6,4.56,4.64,4.45,385260.0,174040000.0,130.2,108.83,21.49,1.65,1.58,17924000,20602000.0,2026-06-18,16:14:16
601628,中国人寿,33.7,35.81,35.77,35.86,33.58,566796.0,1950190000.0,9525.21,7017.53,6.58,1.59,0.27,26547600,30132100.0,2026-06-18,16:14:09
601633,长城汽车,17.65,16.82,16.81,18.15,16.28,463128.0,796230000.0,1509.68,1097.86,16.66,1.71,0.74,23509900,22803000.0,2026-06-18,16:14:07
601636,旗滨集团,8.04,8.67,8.59,8.59,7.8,4265516.0,3443570000.0,237.88,237.88,146.77,1.63,14.42,222684000,203867600.0,2026-06-18,16:14:09
601658,邮储银行,4.86,4.98,4.98,4.98,4.86,2853442.0,1396430000.0,5836.62,3524.85,6.64,0.57,0.39,99288000,186056200.0,2026-06-18,16:14:13
601665,齐鲁银行,6.06,6.34,6.36,6.37,6.03,654591.0,400380000.0,372.92,372.92,6.31,0.74,1.06,23619900,41839200.0,2026-06-18,16:14:11
601666,平煤股份,8.43,8.57,8.49,8.6,8.27,396224.0,333940000.0,208.17,208.17,104.26,0.95,1.6,20423000,19199400.0,2026-06-18,16:14:18
601668,中国建筑,4.61,4.73,4.71,4.72,4.6,3086941.0,1434910000.0,1904.87,1904.87,5.02,0.38,0.75,110223700,198470400.0,2026-06-18,16:14:19
601669,中国电建,4.94,5.17,5.08,5.08,4.93,2387061.0,1191410000.0,850.97,645.73,9.11,0.58,1.83,92665700,146040400.0,2026-06-18,16:14:25
601677,明泰铝业,16.32,16.66,16.8,17.57,16.28,665607.0,1120570000.0,202.94,202.91,9.13,1.04,5.35,29298200,37262500.0,2026-06-18,16:14:02
601678,滨化股份,5.86,6.13,6.12,6.18,5.85,1806467.0,1077150000.0,120.53,119.74,43.71,1.04,8.84,74708600,105938100.0,2026-06-18,16:14:14
601686,友发集团,5.07,5.01,4.98,5.1,4.95,62221.0,31340000.0,74.63,74.63,11.03,1.12,0.42,3537400,2684700.0,2026-06-18,16:14:07
601688,华泰证券,19.55,20.4,20.28,20.38,19.54,1560526.0,3094260000.0,1764.75,1428.47,10.06,0.99,2.14,68219600,87833000.0,2026-06-18,16:14:05
601689,拓普集团,62.3,60.11,59.84,62.86,59.84,438987.0,2705770000.0,1082.67,1082.67,39.15,4.56,2.53,24810700,19088000.0,2026-06-18,16:14:17
601696,中银证券,12.75,13.15,13.05,13.1,12.69,1012084.0,1299210000.0,354.19,354.19,31.44,1.83,3.64,47922200,53286300.0,2026-06-18,16:14:10
601698,中国卫通,30.89,31.26,31.0,31.6,30.4,430140.0,1329680000.0,1304.91,1304.91,328.17,8.17,1.02,21097100,21917000.0,2026-06-18,16:14:08
601699,潞安环能,16.72,16.99,16.83,17.04,16.4,394618.0,660450000.0,500.16,500.16,42.5,1.08,1.32,18994400,20467400.0,2026-06-18,16:14:25
601700,风范股份,4.61,4.79,4.74,4.78,4.59,167177.0,77870000.0,52.5,52.5,-16.61,2.44,1.47,7060200,9657500.0,2026-06-18,16:14:04
601702,华峰铝业,16.05,16.41,16.3,16.56,15.82,133086.0,214200000.0,160.26,160.26,13.6,2.51,1.33,6648000,6660600.0,2026-06-18,16:14:14
601717,XD中创智,16.13,16.6,16.6,16.64,16.1,227820.0,372710000.0,287.99,248.75,7.03,1.26,1.48,9762500,13019600.0,2026-06-18,16:14:10
601718,ST际华,1.69,1.75,1.76,1.77,1.69,396246.0,68350000.0,73.7,73.7,-17.42,0.61,0.91,13323800,26300900.0,2026-06-18,16:14:19
601727,上海电气,7.31,7.42,7.43,7.48,7.28,1121861.0,824400000.0,1135.98,922.2,87.76,2.07,0.89,42798900,69387200.0,2026-06-18,16:14:20
601728,中国电信,5.68,5.79,5.8,5.84,5.66,1566172.0,897060000.0,5197.61,4409.37,16.41,1.13,0.2,58699800,97917400.0,2026-06-18,16:15:00
601766,中国中车,5.6,5.73,5.7,5.71,5.56,1876795.0,1053970000.0,1607.14,1362.36,11.9,0.91,0.77,69546300,118133200.0,2026-06-18,16:14:05
601777,千里科技,9.3,9.28,9.28,9.56,9.15,338742.0,315930000.0,420.46,420.46,372.97,4.06,0.75,15221200,18653000.0,2026-06-18,16:14:00
601778,晶科科技,4.87,5.02,4.99,5.09,4.84,1601033.0,788290000.0,181.31,181.31,76.86,1.15,4.3,61343600,98759800.0,2026-06-18,16:14:09
601788,光大证券,14.19,14.6,14.6,14.61,14.18,373457.0,535510000.0,654.27,554.36,16.07,1.05,0.96,16827500,20518200.0,2026-06-18,16:14:04
601789,宁波建工,4.41,4.49,4.46,4.48,4.38,272218.0,120490000.0,67.23,47.93,21.25,1.07,2.5,11572500,15649300.0,2026-06-18,16:14:17
601798,蓝科高新,7.11,7.17,7.16,7.23,7.02,62819.0,44800000.0,25.21,25.21,46.29,1.95,1.77,3219200,3062700.0,2026-06-18,16:14:01
601799,星宇股份,114.06,118.81,118.98,119.01,114.04,43171.0,499570000.0,325.85,325.85,19.66,2.95,1.51,1532800,2784300.0,2026-06-18,16:14:24
601800,中国交建,6.11,6.39,6.3,6.3,6.1,793137.0,489280000.0,994.38,719.99,7.43,0.34,0.67,27926800,51387000.0,2026-06-18,16:14:08
601801,皖新传媒,5.2,5.2,5.2,5.27,5.13,97394.0,50760000.0,101.81,101.81,13.58,0.84,0.5,5510500,4228900.0,2026-06-18,16:14:14
601808,中海油服,11.87,12.0,11.95,11.98,11.81,121482.0,144330000.0,566.39,351.41,14.86,1.23,0.41,5074000,7074200.0,2026-06-18,16:14:24
601811,新华文轩,11.52,11.72,11.65,11.71,11.48,22861.0,26450000.0,142.14,91.23,9.08,0.95,0.29,778500,1507600.0,2026-06-18,16:14:21
601816,京沪高铁,4.59,4.73,4.71,4.72,4.58,2872170.0,1328690000.0,2245.69,2245.69,16.82,1.07,0.59,99649000,187568000.0,2026-06-18,16:14:08
601818,光大银行,3.08,3.15,3.15,3.15,3.08,2270358.0,704720000.0,1819.83,1429.33,4.81,0.36,0.49,71714100,155321700.0,2026-06-18,16:14:19
601825,沪农商行,8.2,8.39,8.38,8.42,8.18,209469.0,172810000.0,790.84,768.7,6.41,0.6,0.22,8619700,12327200.0,2026-06-18,16:14:02
601827,三峰环境,7.55,7.72,7.73,7.75,7.54,52032.0,39740000.0,126.23,126.23,10.09,1.05,0.31,2132500,3070700.0,2026-06-18,16:14:27
601828,美凯龙,2.2,2.23,2.22,2.24,2.18,153408.0,33850000.0,95.78,79.47,-0.41,0.42,0.42,7157700,8183200.0,2026-06-18,16:14:12
601838,成都银行,18.66,19.23,19.15,19.27,18.64,207325.0,389670000.0,790.89,790.89,5.89,0.86,0.49,9475500,11257000.0,2026-06-18,16:14:05
601857,中国石油,9.58,9.77,9.79,9.8,9.56,1282272.0,1236960000.0,17533.41,15512.14,11.08,1.08,0.08,59992200,68235000.0,2026-06-18,16:14:18
601858,中国科传,20.39,21.22,21.2,21.35,20.3,102849.0,212160000.0,161.18,161.18,33.12,2.82,1.3,4452400,5832500.0,2026-06-18,16:15:00
601860,紫金银行,2.55,2.61,2.61,2.61,2.53,339753.0,87100000.0,93.36,90.57,7.46,0.46,0.96,11114000,22861200.0,2026-06-18,16:14:17
601865,XD福莱特,10.63,10.85,10.82,10.9,10.6,185907.0,198960000.0,249.05,202.08,27.29,1.15,0.98,8738100,9852500.0,2026-06-18,16:14:21
601866,中远海发,2.36,2.41,2.4,2.4,2.35,611624.0,144870000.0,311.46,230.15,20.2,1.0,0.63,20543400,40619100.0,2026-06-18,16:14:29
601868,中国能建,2.76,2.89,2.82,2.82,2.73,7620911.0,2110800000.0,1221.03,895.03,21.49,1.02,2.35,304305200,457785900.0,2026-06-18,16:14:24
601869,长飞光纤,471.55,460.5,455.0,482.58,454.98,158951.0,7461800000.0,3903.99,1916.09,337.37,27.43,3.91,8144000,7751200.0,2026-06-18,16:14:13
601872,招商轮船,17.14,17.1,17.16,17.49,16.6,1495032.0,2553430000.0,1383.98,1383.98,17.5,3.07,1.85,72111900,77391300.0,2026-06-18,16:14:05
601877,正泰电器,27.04,27.05,26.9,27.24,26.48,261216.0,701830000.0,581.08,581.08,12.62,1.31,1.22,12601500,13520000.0,2026-06-18,16:14:22
601878,浙商证券,9.11,9.39,9.35,9.38,9.1,343245.0,316700000.0,416.67,416.67,15.98,1.11,0.75,13041600,21282900.0,2026-06-18,16:14:24
601880,辽港股份,1.5,1.52,1.52,1.53,1.5,703631.0,106060000.0,353.58,276.2,24.19,0.87,0.38,26365300,43997800.0,2026-06-18,16:14:28
601881,中国银河,12.09,12.7,12.67,12.77,12.09,664462.0,819290000.0,1321.97,875.73,10.31,1.09,0.92,24727200,41719000.0,2026-06-18,16:14:27
601882,海天精工,21.2,20.69,20.69,21.3,20.6,50573.0,106060000.0,110.66,110.66,25.07,3.81,0.97,2475500,2581800.0,2026-06-18,16:14:19
601886,江河集团,9.04,9.43,9.48,9.48,8.94,69086.0,62810000.0,102.42,102.42,16.56,1.46,0.61,3176400,3732200.0,2026-06-18,16:14:22
601888,中国中免,55.33,56.83,56.2,56.5,55.11,411096.0,2283210000.0,1149.64,1080.3,28.77,1.98,2.11,18215600,22894000.0,2026-06-18,16:14:25
601890,亚星锚链,8.76,8.97,8.86,8.91,8.69,160940.0,141550000.0,84.04,84.04,24.06,2.16,1.68,6795400,9298600.0,2026-06-18,16:14:17
601898,中煤能源,13.5,14.0,14.01,14.12,13.4,524533.0,716750000.0,1789.92,1235.52,10.08,1.09,0.57,24178000,28275300.0,2026-06-18,16:14:14
601899,紫金矿业,29.69,30.43,29.96,30.98,29.28,3620675.0,10845890000.0,7894.78,6116.67,12.8,4.0,1.76,164631200,197436300.0,2026-06-18,16:15:00
601900,南方传媒,11.42,11.61,11.61,11.62,11.41,45496.0,52260000.0,100.72,100.72,9.85,1.1,0.52,1591100,2958400.0,2026-06-18,16:14:19
601901,方正证券,6.66,6.82,6.79,6.82,6.66,614167.0,412820000.0,548.26,548.26,12.87,1.05,0.75,24206700,37209900.0,2026-06-18,16:14:11
601908,京运通,3.16,3.36,3.35,3.36,3.15,634469.0,204400000.0,76.3,76.3,-4.96,1.03,2.63,21750600,41696200.0,2026-06-18,16:14:09
601916,浙商银行,2.99,3.04,3.04,3.05,2.98,1445191.0,435010000.0,821.19,644.18,6.33,0.45,0.67,50847400,93671700.0,2026-06-18,16:14:23
601918,新集能源,8.91,9.39,9.38,9.45,8.9,562782.0,512020000.0,230.82,230.82,10.72,1.32,2.17,26841200,29437000.0,2026-06-18,16:14:27
601919,中远海控,13.8,14.04,14.05,14.12,13.8,1257202.0,1749250000.0,2113.19,1732.8,8.44,0.9,1.0,45009700,80710600.0,2026-06-18,16:14:20
601921,浙版传媒,7.49,7.33,7.3,7.58,7.26,104702.0,78120000.0,166.44,166.44,13.27,1.15,0.47,6935600,3534600.0,2026-06-18,16:14:15
601928,凤凰传媒,9.13,9.17,9.17,9.17,9.07,60931.0,55530000.0,232.35,232.35,13.58,1.14,0.24,3558400,2534700.0,2026-06-18,16:14:23
601929,吉视传媒,2.36,2.43,2.43,2.44,2.36,603572.0,144090000.0,82.36,81.35,-18.03,1.76,1.75,20228300,40128900.0,2026-06-18,16:14:21
601933,永辉超市,3.1,3.17,3.16,3.17,3.1,946281.0,295740000.0,281.33,281.33,-11.66,13.15,1.04,36579300,58048900.0,2026-06-18,16:14:26
601939,建设银行,9.92,10.13,10.08,10.12,9.86,1115310.0,1109320000.0,25950.76,951.69,7.59,0.73,1.16,51595800,59935200.0,2026-06-18,16:14:27
601949,中国出版,4.99,5.08,5.03,5.12,4.95,75350.0,37780000.0,95.01,95.01,16.51,0.95,0.4,3365800,4169200.0,2026-06-18,16:14:02
601952,苏垦农发,8.07,8.24,8.24,8.28,8.06,86144.0,69850000.0,111.2,111.2,21.61,1.57,0.63,4023600,4590800.0,2026-06-18,16:14:04
601956,东贝集团,4.78,4.81,4.8,4.83,4.71,54768.0,26190000.0,29.71,29.71,212.89,1.21,0.88,2935000,2541800.0,2026-06-18,16:14:14
601958,金钼股份,27.7,28.47,28.5,29.23,27.3,1932732.0,5451150000.0,893.77,893.77,26.45,4.51,5.99,88668900,104604300.0,2026-06-18,16:14:24
601963,重庆银行,10.85,11.26,11.18,11.25,10.83,128546.0,141220000.0,393.39,220.69,6.76,0.67,0.63,6107700,6746900.0,2026-06-18,16:14:14
601965,中国汽研,12.88,13.39,13.3,13.36,12.85,138943.0,181060000.0,129.14,128.59,12.3,1.61,1.39,6117300,7777000.0,2026-06-18,16:14:16
601966,玲珑轮胎,10.91,11.24,11.18,11.22,10.89,162367.0,178460000.0,159.67,159.67,15.28,0.7,1.11,7130800,9105900.0,2026-06-18,16:14:09
601968,宝钢包装,4.16,4.14,4.11,4.18,4.06,113701.0,46880000.0,53.07,53.07,27.11,1.18,0.89,6539400,4830700.0,2026-06-18,16:14:12
601969,海南矿业,8.82,9.0,8.92,9.0,8.7,162716.0,143910000.0,175.03,173.97,37.14,2.57,0.82,6880500,9391100.0,2026-06-18,16:14:09
601975,招商南油,4.51,4.66,4.65,4.7,4.39,3551893.0,1602930000.0,211.08,211.08,14.47,1.78,7.59,160209100,194980200.0,2026-06-18,16:14:01
601985,中国核电,9.12,9.3,9.26,9.4,9.1,1674729.0,1549140000.0,1875.8,1722.16,22.79,1.56,0.89,86792600,80680300.0,2026-06-18,16:14:15
601988,中国银行,5.78,5.94,5.92,5.94,5.77,3651969.0,2125910000.0,18623.88,12182.25,7.59,0.68,0.17,152337700,212859200.0,2026-06-18,16:14:14
601989,中国重工,5.1,5.1,0.0,0.0,0.0,0.0,0.0,1162.9,1162.9,46.1,1.36,0.0,0,0.0,2026-06-18,09:00:00
601990,南京证券,6.5,6.68,6.7,6.7,6.49,186496.0,122470000.0,285.98,239.61,26.14,1.21,0.51,7602500,11047100.0,2026-06-18,16:15:00
601991,大唐发电,8.22,9.13,8.94,9.3,8.22,10067946.0,8723400000.0,1521.25,1018.96,18.92,4.13,8.12,418163800,588630800.0,2026-06-18,16:14:28
601992,金隅集团,1.47,1.5,1.49,1.5,1.46,445178.0,65740000.0,156.96,122.51,-10.81,0.4,0.53,10997000,33520800.0,2026-06-18,16:14:27
601995,中金公司,33.4,34.19,33.95,34.35,33.39,161558.0,545400000.0,1612.3,976.46,14.24,1.57,0.55,7330800,8825000.0,2026-06-18,16:14:28
601996,丰林集团,2.46,2.53,2.55,2.57,2.35,536377.0,132450000.0,27.57,27.57,-22.74,1.12,4.79,24544700,29093000.0,2026-06-18,16:14:12
601997,贵阳银行,5.43,5.58,5.59,5.6,5.42,441164.0,241850000.0,198.53,198.53,3.76,0.31,1.21,15657300,28459100.0,2026-06-18,16:14:22
601998,中信银行,7.27,7.56,7.52,7.55,7.27,687413.0,506580000.0,4045.4,2963.47,5.68,0.55,0.17,29981400,38759900.0,2026-06-18,16:14:15
601999,出版传媒,5.57,5.64,5.61,5.71,5.52,38648.0,21640000.0,30.69,30.69,29.31,1.14,0.7,1718900,2145900.0,2026-06-18,16:14:21
603000,人民网,16.1,16.17,16.17,16.34,15.87,122665.0,198250000.0,178.02,178.02,93.41,4.63,1.11,6428800,5837700.0,2026-06-18,16:14:15
603001,奥康国际,11.89,10.81,10.88,11.89,10.83,406653.0,474170000.0,47.68,47.68,-27.79,2.01,10.14,19822900,20842400.0,2026-06-18,16:14:23
603002,宏昌电子,23.58,23.2,23.64,24.65,22.67,1418359.0,3324530000.0,267.42,267.42,910.06,7.78,12.51,65960200,75875700.0,2026-06-18,16:14:27
603003,退市龙宇,2.44,2.44,0.0,0.0,0.0,0.0,0.0,9.18,9.18,-2.71,0.28,0.0,0,0.0,2026-06-18,09:00:00
603004,鼎龙科技,21.49,21.3,21.15,21.68,20.54,35749.0,75900000.0,50.61,12.65,35.66,2.44,6.07,1835600,1739400.0,2026-06-18,16:14:05
603005,晶方科技,45.71,46.12,45.6,47.54,45.0,751808.0,3449170000.0,298.11,298.11,80.64,6.51,11.53,35988100,39192700.0,2026-06-18,16:14:06
603006,联明股份,12.85,12.45,12.47,12.95,12.15,55466.0,69350000.0,32.67,32.67,31.45,2.56,2.18,3129200,2417400.0,2026-06-18,16:14:18
603007,顺景科技,5.83,5.68,5.72,6.05,5.54,574899.0,333300000.0,51.57,40.52,-23.06,22.0,8.27,29822200,27667700.0,2026-06-18,16:14:20
603008,ST喜临门,8.79,9.25,9.26,9.28,8.79,97086.0,87030000.0,32.37,32.37,24.08,0.92,2.64,3712900,5995700.0,2026-06-18,16:14:19
603009,北特科技,42.67,42.87,42.88,44.19,42.24,94087.0,404700000.0,147.8,144.4,119.52,7.36,2.78,4247400,5161300.0,2026-06-18,16:14:07
603010,万盛股份,13.73,14.24,14.17,14.19,13.67,124150.0,171620000.0,80.32,78.37,-8.4,3.17,2.18,5561400,6853600.0,2026-06-18,16:14:21
603011,合锻智能,39.55,35.95,36.36,39.55,36.36,528979.0,2028390000.0,195.54,195.54,-68.67,10.49,10.7,21796000,31101900.0,2026-06-18,16:14:04
603012,创力集团,7.46,7.39,7.38,7.56,7.3,119933.0,88940000.0,48.23,48.23,52.62,1.28,1.86,6293000,5700300.0,2026-06-18,16:15:00
603013,亚普股份,17.68,17.35,17.5,17.8,17.25,27888.0,49050000.0,89.85,89.85,16.02,2.02,0.55,1299600,1489200.0,2026-06-18,16:14:16
603015,弘讯科技,12.25,12.27,12.2,12.66,12.1,125724.0,156110000.0,49.52,49.52,187.2,3.64,3.11,6439900,6132500.0,2026-06-18,16:14:20
603016,新宏泰,37.06,36.35,36.23,37.94,35.88,34948.0,129170000.0,54.91,54.91,99.95,6.9,2.36,1652600,1842200.0,2026-06-18,16:14:16
603017,中衡设计,10.87,11.07,10.92,11.07,10.56,88261.0,96010000.0,30.02,30.02,61.73,2.07,3.2,4098500,4727600.0,2026-06-18,16:14:05
603018,华设集团,6.55,6.72,6.7,6.74,6.54,67110.0,44180000.0,44.79,44.79,15.74,0.83,0.98,2721100,3989900.0,2026-06-18,16:14:14
603019,中科曙光,88.68,86.51,86.51,89.64,86.0,563085.0,4957580000.0,1297.49,1297.13,58.51,5.9,3.85,30939700,25368900.0,2026-06-18,16:14:20
603020,爱普股份,13.96,13.89,13.77,14.58,13.6,339457.0,481040000.0,52.44,52.44,59.91,1.62,9.04,16943800,17001900.0,2026-06-18,16:14:20
603021,*ST华鹏,5.73,5.94,6.01,6.01,5.64,113905.0,65220000.0,18.33,18.33,-7.82,-8.87,3.56,5793000,5597500.0,2026-06-18,16:14:09
603022,新通联,8.84,8.92,8.88,8.96,8.71,40790.0,36070000.0,17.68,17.68,29.77,2.07,2.04,2110000,1969000.0,2026-06-18,16:14:13
603023,威帝股份,3.82,3.84,3.85,4.09,3.81,110040.0,42780000.0,21.32,21.32,20092.57,2.77,1.97,5073100,5930900.0,2026-06-18,16:14:13
603025,大豪科技,14.93,14.92,14.87,15.1,14.7,82639.0,123470000.0,166.72,165.6,21.38,6.77,0.75,4352000,3911900.0,2026-06-18,16:14:05
603026,石大胜华,92.7,96.48,95.0,97.36,92.1,178623.0,1679120000.0,215.71,215.71,66.16,4.16,7.68,7674900,10187400.0,2026-06-18,16:14:20
603027,千禾味业,7.56,7.74,7.75,7.75,7.5,129105.0,98010000.0,100.78,94.47,30.07,2.87,1.03,5064000,7846500.0,2026-06-18,16:14:24
603028,赛福天,7.45,7.3,7.31,7.5,7.17,48127.0,35330000.0,21.38,21.17,-42.09,4.6,1.69,2641100,2171600.0,2026-06-18,16:14:07
603029,天鹅股份,14.94,14.99,14.97,15.12,14.54,20381.0,30340000.0,18.13,18.13,24.28,1.93,1.68,947500,1090600.0,2026-06-18,16:14:21
603030,全筑股份,2.22,2.27,2.23,2.28,2.2,321494.0,71900000.0,29.24,29.24,-10.88,4.18,2.44,13004200,19145200.0,2026-06-18,16:14:03
603031,安孚科技,50.01,52.85,52.7,52.92,49.55,265123.0,1357420000.0,186.96,157.23,64.81,6.64,8.43,11562300,14950000.0,2026-06-18,16:14:15
603032,德新科技,25.03,25.72,25.4,25.95,25.03,159023.0,403880000.0,58.38,58.02,84.92,5.03,6.86,7847500,8054700.0,2026-06-18,16:14:25
603033,三维股份,9.06,9.32,9.32,9.45,9.04,79384.0,73130000.0,93.42,91.74,-17.96,3.7,0.78,3401600,4536800.0,2026-06-18,16:14:14
603035,常熟汽饰,11.06,11.08,11.06,11.2,10.93,46245.0,51270000.0,40.52,40.52,12.27,0.76,1.26,2087500,2537000.0,2026-06-18,16:14:09
603036,如通股份,15.11,14.56,14.56,15.29,14.52,95028.0,142200000.0,31.13,31.13,31.23,2.28,4.61,5004900,4497900.0,2026-06-18,16:14:17
603037,凯众股份,11.35,11.4,11.45,11.45,11.18,38995.0,44070000.0,30.25,30.21,42.86,3.22,1.47,2138100,1761300.0,2026-06-18,16:14:09
603038,XD华立股,15.18,16.06,16.23,16.5,15.0,83116.0,128470000.0,40.79,40.79,49.0,2.87,3.09,4143400,4168300.0,2026-06-18,16:14:14
603039,泛微网络,39.77,41.18,40.5,41.38,39.39,253057.0,1018980000.0,122.35,122.35,37.68,4.65,8.23,12487500,12818300.0,2026-06-18,16:14:15
603040,新坐标,97.38,96.42,96.2,98.38,94.6,20358.0,197610000.0,132.88,132.19,49.92,8.54,1.5,986700,1049200.0,2026-06-18,16:14:13
603041,美思德,11.22,11.38,11.31,11.37,11.03,31648.0,35450000.0,20.55,20.55,34.94,1.34,1.73,1757800,1407000.0,2026-06-18,16:14:18
603042,华脉科技,20.73,20.41,20.7,21.2,20.28,116177.0,241640000.0,33.29,33.29,-59.67,3.99,7.23,5290900,6326800.0,2026-06-18,16:14:21
603043,广州酒家,13.23,13.39,13.39,13.4,13.13,19097.0,25260000.0,75.05,74.41,15.32,1.99,0.34,882300,1027400.0,2026-06-18,16:14:02
603045,福达合金,86.0,84.49,84.49,88.1,83.2,126326.0,1084020000.0,116.48,116.48,39.59,9.45,9.33,6440100,6192500.0,2026-06-18,16:14:05
603048,浙江黎明,19.53,19.65,19.63,19.69,19.23,14349.0,27890000.0,28.69,28.69,85.39,2.32,0.98,816500,618400.0,2026-06-18,16:14:17
603050,科林电气,19.34,19.55,19.5,19.8,19.13,49267.0,95590000.0,78.0,78.0,34.26,4.24,1.22,1839600,3087100.0,2026-06-18,16:14:22
603051,鹿山新材,20.98,21.65,21.4,21.78,20.92,107144.0,226980000.0,33.91,33.91,-50.29,1.99,6.63,4718600,5995700.0,2026-06-18,16:14:14
603052,可川科技,95.68,91.84,91.0,98.4,90.1,92308.0,865980000.0,179.78,179.78,-2724.65,16.88,4.91,4583200,4647600.0,2026-06-18,16:14:23
603053,成都燃气,8.7,8.82,8.82,8.82,8.67,22639.0,19710000.0,77.33,77.33,16.49,1.53,0.25,951400,1312500.0,2026-06-18,16:14:20
603055,台华新材,7.88,7.86,7.81,7.92,7.62,48190.0,37510000.0,70.16,69.9,14.04,1.34,0.54,2282700,2536300.0,2026-06-18,16:14:15
603056,德邦股份,18.85,18.85,0.0,0.0,0.0,0.0,0.0,190.68,190.68,-36.73,2.4,0.0,0,0.0,2026-06-18,09:00:00
603057,紫燕食品,23.88,23.44,23.45,23.95,22.79,22572.0,53540000.0,98.39,98.39,32.34,4.61,0.55,1132200,1125000.0,2026-06-18,16:14:05
603058,永吉股份,9.34,9.76,9.96,9.99,9.31,86386.0,83110000.0,38.73,38.73,123.72,3.27,2.08,3304300,5334300.0,2026-06-18,16:14:24
603059,倍加洁,26.01,25.75,25.67,26.13,25.3,14944.0,38560000.0,26.13,26.13,21.42,2.34,1.49,617100,877300.0,2026-06-18,16:14:14
603060,国检集团,6.96,7.28,7.21,7.28,6.88,319517.0,223810000.0,55.96,55.96,45.35,2.77,3.97,12509500,19442200.0,2026-06-18,16:14:06
603061,金海通,350.8,340.24,337.06,363.0,336.7,23327.0,827730000.0,305.2,305.2,130.78,18.11,2.68,1225100,1107600.0,2026-06-18,16:14:21
603062,麦加芯彩,41.61,41.4,42.02,42.3,40.8,6716.0,28040000.0,44.94,15.43,26.41,2.25,1.81,352400,319200.0,2026-06-18,16:14:06
603063,禾望电气,52.59,52.48,51.95,53.5,51.95,182743.0,961070000.0,243.86,243.86,51.15,4.73,3.94,9245700,9028600.0,2026-06-18,16:14:26
603065,宿迁联盛,15.62,14.81,14.81,16.18,13.87,707099.0,1057000000.0,65.44,65.44,-428.76,3.42,16.88,38492300,32217500.0,2026-06-18,16:14:20
603066,音飞储存,10.6,10.55,10.53,11.02,10.37,74893.0,79700000.0,31.18,31.18,24.88,2.06,2.55,3367800,4121500.0,2026-06-18,16:14:04
603067,振华股份,36.09,36.18,36.09,37.78,35.6,293200.0,1076970000.0,272.67,272.67,41.11,7.08,3.88,15159100,14160900.0,2026-06-18,16:14:15
603068,博通集成,37.38,34.7,34.56,37.99,34.25,93523.0,341980000.0,56.74,56.74,258.15,3.23,6.16,4809200,4543100.0,2026-06-18,16:14:24
603069,海汽集团,13.57,13.71,13.71,13.83,13.44,34170.0,46550000.0,42.88,42.88,-69.02,5.55,1.08,1696800,1720200.0,2026-06-18,16:14:10
603070,万控智造,16.34,18.15,17.97,17.97,16.34,96571.0,159560000.0,65.52,65.52,107.83,3.08,2.41,6335900,3321200.0,2026-06-18,16:14:26
603071,物产环能,11.87,12.07,11.96,12.13,11.81,25508.0,30430000.0,66.23,66.23,10.09,1.15,0.46,928900,1621900.0,2026-06-18,16:14:12
603072,天和磁材,39.85,37.33,37.0,40.97,36.93,111223.0,440920000.0,105.32,50.3,60.82,4.87,8.81,6092400,5029800.0,2026-06-18,16:14:08
603073,彩蝶实业,16.03,16.14,16.08,16.31,15.79,13914.0,22350000.0,18.59,8.16,31.02,1.34,2.73,699400,692000.0,2026-06-18,16:14:28
603075,热威股份,22.23,22.74,22.67,22.72,22.0,23629.0,52580000.0,89.47,9.17,27.46,4.57,5.73,1114600,1248300.0,2026-06-18,16:14:11
603076,乐惠国际,22.03,21.7,21.51,22.96,21.12,49044.0,108930000.0,26.59,26.59,103.39,2.1,4.06,2594800,2309600.0,2026-06-18,16:14:18
603077,和邦生物,2.32,2.38,2.36,2.37,2.3,1289805.0,300400000.0,204.9,204.9,-54.59,1.16,1.46,51080100,77900400.0,2026-06-18,16:14:09
603078,江化微,46.24,47.28,47.05,47.5,45.39,363424.0,1679930000.0,178.32,178.32,167.01,9.04,9.42,16777500,19564800.0,2026-06-18,16:15:00
603079,圣达生物,12.45,12.6,12.71,12.71,12.33,20884.0,26010000.0,23.53,23.53,43.89,1.47,1.1,845700,1242700.0,2026-06-18,16:14:20
603080,新疆火炬,19.31,19.55,19.45,19.64,19.16,17886.0,34660000.0,27.32,27.32,12.98,1.76,1.26,877500,911100.0,2026-06-18,16:14:26
603081,大丰实业,9.38,9.39,9.43,9.43,9.2,21334.0,19900000.0,39.63,39.63,67.35,1.24,0.5,1154700,978700.0,2026-06-18,16:14:10
603082,北自科技,41.03,37.3,36.93,41.03,36.76,106691.0,421600000.0,67.98,16.64,45.59,3.82,26.31,5340300,5328800.0,2026-06-18,16:14:18
603083,剑桥科技,214.54,203.29,200.0,217.54,199.79,276406.0,5895680000.0,790.04,591.25,225.48,10.58,10.03,14478100,13162400.0,2026-06-18,16:14:08
603085,天成自控,11.85,12.47,12.58,12.58,11.76,104519.0,126120000.0,47.06,47.06,52.82,4.86,2.63,3721600,6730400.0,2026-06-18,16:14:03
603086,先达股份,5.56,5.59,5.56,5.64,5.47,61138.0,34060000.0,24.18,24.18,17.65,1.16,1.41,2903500,3210300.0,2026-06-18,16:14:26
603087,甘李药业,56.7,54.08,53.97,57.78,53.17,124273.0,697670000.0,338.67,318.18,33.07,3.02,2.21,7034800,5392500.0,2026-06-18,16:14:07
603088,宁波精达,10.53,10.37,10.3,10.56,10.2,109018.0,113730000.0,52.9,46.11,57.65,4.6,2.49,5079300,5822500.0,2026-06-18,16:14:23
603089,正裕工业,9.47,9.28,9.24,9.65,9.01,48146.0,45490000.0,26.11,22.73,45.53,1.4,2.01,2783400,2031300.0,2026-06-18,16:15:00
603090,宏盛股份,62.88,62.4,62.4,64.75,61.5,35608.0,224700000.0,62.88,62.88,82.57,10.11,3.56,1719300,1841500.0,2026-06-18,16:14:03
603091,众鑫股份,68.29,67.42,67.3,68.85,65.5,8536.0,57400000.0,69.82,21.47,24.25,3.06,2.71,466600,387000.0,2026-06-18,16:14:23
603093,南华期货,20.22,20.77,20.97,20.99,20.21,105298.0,215240000.0,145.12,123.36,23.98,2.52,1.73,4859100,5670700.0,2026-06-18,16:14:03
603095,越剑智能,16.66,16.98,17.09,17.26,16.57,49961.0,83720000.0,43.03,43.03,64.96,1.84,1.93,2376000,2620100.0,2026-06-18,16:14:03
603096,新经典,14.44,14.42,14.29,14.58,14.1,13407.0,19350000.0,22.27,22.27,30.45,1.24,0.87,653200,687600.0,2026-06-18,16:14:19
603097,江苏华辰,27.6,26.86,26.86,27.97,26.45,33119.0,91020000.0,45.59,44.29,91.44,4.23,2.06,1649300,1662600.0,2026-06-18,16:14:10
603098,XD森特股,11.71,11.56,11.5,11.95,11.19,60889.0,71330000.0,63.2,63.09,69.83,2.25,1.13,3294100,2794800.0,2026-06-18,16:14:26
603099,长白山,36.7,36.83,36.64,37.18,36.5,37158.0,136530000.0,99.95,99.95,75.13,6.64,1.36,1657800,2058000.0,2026-06-18,16:14:02
603100,川仪股份,17.37,17.4,17.5,17.55,17.15,41305.0,71480000.0,89.14,88.85,13.9,1.9,0.81,1969200,2161300.0,2026-06-18,16:14:03
603101,汇嘉时代,6.66,6.74,6.71,6.75,6.61,56958.0,38030000.0,31.33,31.33,37.09,2.19,1.21,2451300,3244400.0,2026-06-18,16:14:16
603102,百合股份,33.08,33.57,33.31,33.61,32.8,4662.0,15500000.0,21.17,21.17,17.34,1.26,0.73,242100,224100.0,2026-06-18,16:15:00
603103,横店影视,15.69,16.0,16.09,16.1,15.56,99092.0,156220000.0,99.51,99.51,-69.35,7.78,1.56,4427200,5482000.0,2026-06-18,16:14:06
603105,芯能科技,7.39,7.61,7.56,7.75,7.37,121767.0,91000000.0,36.95,36.95,21.06,1.8,2.44,5513900,6662800.0,2026-06-18,16:14:23
603106,恒银科技,7.1,7.21,7.18,7.27,7.07,65636.0,46990000.0,36.96,36.96,128.94,2.81,1.26,2971500,3592200.0,2026-06-18,16:14:25
603107,上海汽配,12.11,12.13,12.13,12.18,11.9,14213.0,17160000.0,40.85,26.42,26.28,1.97,0.65,777400,643900.0,2026-06-18,16:14:10
603108,润达医疗,10.39,10.16,10.11,10.51,9.99,194747.0,201190000.0,62.82,62.82,-11.79,1.71,3.22,10877300,8597500.0,2026-06-18,16:14:14
603109,神驰机电,17.52,17.64,17.71,17.79,17.45,17932.0,31530000.0,36.59,36.59,41.85,1.91,0.86,837400,955800.0,2026-06-18,16:14:04
603110,东方材料,24.11,22.66,22.65,24.3,22.5,211719.0,500860000.0,48.52,48.52,4364.61,6.96,10.52,11884500,9287500.0,2026-06-18,16:14:07
603111,XD康尼机,5.93,5.87,5.9,6.01,5.83,62139.0,36830000.0,51.12,50.58,14.35,1.32,0.73,3370100,2843800.0,2026-06-18,16:14:22
603112,华翔股份,18.5,18.48,18.45,18.75,18.3,67830.0,125540000.0,99.89,98.9,17.47,2.26,1.27,3048200,3734800.0,2026-06-18,16:14:23
603113,金能科技,4.63,4.68,4.67,4.7,4.56,62104.0,28770000.0,39.29,39.29,-6.1,0.54,0.73,2954000,3256400.0,2026-06-18,16:14:23
603115,海星股份,114.7,119.94,126.0,128.4,114.0,147709.0,1750190000.0,277.45,277.45,124.31,12.82,6.11,7085900,7685000.0,2026-06-18,16:14:07
603116,红蜻蜓,6.54,6.7,6.8,6.8,6.5,71023.0,46650000.0,37.68,37.68,-27.9,1.57,1.23,3851800,3250500.0,2026-06-18,16:14:13
603117,万林物流,3.66,3.69,3.65,3.69,3.58,70272.0,25630000.0,21.93,21.93,298.36,2.14,1.17,3677600,3349600.0,2026-06-18,16:14:07
603118,共进股份,13.2,13.32,13.44,13.44,13.06,313041.0,413380000.0,103.92,103.92,130.01,2.05,3.98,14134300,17169900.0,2026-06-18,16:14:09
603119,浙江荣泰,75.4,71.4,71.88,76.5,70.5,264687.0,1948200000.0,356.54,199.84,122.67,17.6,9.99,16266000,10202700.0,2026-06-18,16:14:06
603121,华培动力,14.18,14.85,14.71,14.78,13.86,89263.0,127060000.0,48.0,48.0,-78.58,4.38,2.64,3993300,4933000.0,2026-06-18,16:14:05
603122,合富中国,11.66,11.82,11.78,11.85,11.56,74199.0,86720000.0,46.41,46.41,-129.19,4.45,1.86,3412000,4007900.0,2026-06-18,16:14:12
603123,翠微股份,9.08,9.78,9.6,9.68,9.06,318401.0,293990000.0,72.53,59.23,-16.9,4.45,4.88,12172100,19668100.0,2026-06-18,16:14:12
603124,江南新材,211.31,192.1,192.1,211.31,192.05,43409.0,896860000.0,307.97,164.0,118.12,16.55,5.59,1940600,2400200.0,2026-06-18,16:14:03
603125,常青科技,28.72,28.4,28.26,28.98,28.0,81670.0,232580000.0,116.27,116.27,56.98,4.63,2.02,3677400,4489600.0,2026-06-18,16:14:17
603126,中材节能,7.13,7.34,7.27,7.33,7.07,102531.0,73640000.0,43.53,43.53,132.85,2.13,1.68,4969300,5283800.0,2026-06-18,16:14:10
603127,昭衍新药,35.66,32.42,32.3,35.66,32.2,275854.0,951900000.0,267.22,224.78,53.97,3.12,4.38,14742300,12843200.0,2026-06-18,16:14:13
603128,华贸物流,5.16,5.16,5.14,5.19,5.09,63851.0,32840000.0,67.55,67.55,14.59,1.07,0.49,3176800,3208200.0,2026-06-18,16:14:19
603129,春风动力,221.02,223.97,222.22,226.01,219.5,15613.0,346770000.0,339.23,339.23,20.16,4.61,1.02,622800,938500.0,2026-06-18,16:14:24
603130,云中马,43.35,44.29,44.16,45.99,42.65,28284.0,124520000.0,59.61,59.61,54.89,4.25,2.06,1477500,1350900.0,2026-06-18,16:14:27
603131,上海沪工,18.5,18.29,18.15,18.63,17.95,90866.0,167250000.0,62.33,62.33,-419.54,3.77,2.7,5211900,3874700.0,2026-06-18,16:14:29
603132,金徽股份,16.8,17.42,17.3,17.5,16.7,77358.0,131600000.0,164.3,164.3,25.15,5.16,0.79,3950400,3785400.0,2026-06-18,16:14:13
603135,中重科技,12.93,12.74,12.6,13.19,12.59,225444.0,290500000.0,82.01,81.4,-475.53,2.78,3.58,10885200,11659200.0,2026-06-18,16:14:11
603136,天目湖,8.6,8.64,8.62,8.68,8.45,26135.0,22460000.0,23.23,23.23,25.27,1.75,0.97,1351100,1262400.0,2026-06-18,16:14:04
603137,恒尚节能,12.94,12.94,0.0,0.0,0.0,0.0,0.0,23.67,23.67,-51.05,1.98,0.0,0,0.0,2026-06-18,16:14:01
603138,海量数据,15.87,15.93,15.91,16.17,15.63,67930.0,108210000.0,46.64,45.76,-65.4,5.77,2.36,3303600,3489400.0,2026-06-18,16:14:16
603139,康惠股份,45.21,44.13,46.0,46.92,44.0,82840.0,375020000.0,45.16,45.16,-15.29,8.27,8.29,3988600,4295400.0,2026-06-18,16:14:19
603150,万朗磁塑,78.72,78.36,78.5,80.28,78.36,20776.0,164590000.0,67.29,67.29,66.89,3.87,2.43,1210400,867200.0,2026-06-18,16:14:10
603151,邦基科技,11.76,11.88,11.83,11.99,11.61,25780.0,30500000.0,20.12,20.12,23.16,1.45,1.51,1275600,1302400.0,2026-06-18,16:14:11
603153,上海建科,13.56,13.55,13.39,13.61,13.3,9498.0,12820000.0,55.58,54.75,14.97,1.43,0.24,505400,444300.0,2026-06-18,16:14:29
603155,新亚强,23.06,24.86,24.0,24.01,22.37,215853.0,496500000.0,72.82,72.82,85.67,3.29,6.84,9336900,12248400.0,2026-06-18,16:14:06
603156,养元饮品,45.68,43.89,43.89,45.99,42.88,152769.0,682720000.0,575.69,575.69,40.39,6.66,1.21,8144600,7132300.0,2026-06-18,16:14:09
603158,腾龙股份,13.54,13.73,13.86,14.08,13.45,198970.0,272270000.0,66.45,66.45,111.28,2.92,4.05,8705600,11191400.0,2026-06-18,16:14:29
603159,上海亚虹,26.0,26.0,0.0,0.0,0.0,0.0,0.0,36.4,36.4,-357.2,7.34,0.0,0,0.0,2026-06-18,16:14:17
603160,汇顶科技,59.04,59.74,59.45,59.74,58.7,59314.0,351110000.0,275.06,275.06,36.24,2.99,1.27,2699100,3232200.0,2026-06-18,16:14:18
603161,科华控股,14.66,14.74,14.73,15.06,14.3,53936.0,78930000.0,28.5,27.96,32.54,1.86,2.83,2372300,3021400.0,2026-06-18,16:14:07
603162,海通发展,9.53,9.73,9.64,9.73,9.51,128205.0,123010000.0,130.87,39.69,21.53,2.85,3.08,6178500,6641900.0,2026-06-18,16:14:23
603163,圣晖集成,112.84,120.16,117.0,119.88,110.56,42622.0,491890000.0,112.84,112.84,68.68,9.98,4.26,1749300,2512900.0,2026-06-18,16:14:09
603165,荣晟环保,15.6,15.7,15.72,15.9,15.17,78319.0,120840000.0,48.79,48.79,21.3,2.18,2.5,3472200,4359700.0,2026-06-18,16:14:28
603166,福达股份,16.49,15.81,15.84,16.97,15.61,509814.0,830910000.0,106.47,105.65,32.6,4.08,7.96,32314600,18666800.0,2026-06-18,16:14:07
603167,渤海轮渡,9.01,9.06,9.04,9.05,8.98,38479.0,34650000.0,42.27,42.27,16.98,1.19,0.82,1080100,2767800.0,2026-06-18,16:14:15
603168,莎普爱思,5.09,5.08,5.06,5.19,4.98,71471.0,36420000.0,19.04,18.96,-6.96,1.44,1.92,3928000,3219100.0,2026-06-18,16:14:23
603169,兰石重装,7.92,8.46,8.1,8.19,7.9,364087.0,290610000.0,103.46,103.46,-17.1,3.89,2.79,14630200,21778500.0,2026-06-18,16:14:19
603170,宝立食品,11.76,11.76,11.76,11.83,11.54,18270.0,21310000.0,47.04,47.04,17.43,3.29,0.46,804200,1022800.0,2026-06-18,16:14:29
603171,XD税友股,45.31,43.91,44.01,45.85,43.58,49079.0,221440000.0,184.11,183.91,128.96,7.38,1.21,2774500,2133400.0,2026-06-18,16:14:08
603172,万丰股份,17.76,18.17,17.95,18.18,17.76,21415.0,38310000.0,23.69,23.69,45.69,2.15,1.61,1302200,839300.0,2026-06-18,16:14:16
603173,福斯达,35.59,33.79,33.79,36.5,33.21,30070.0,106530000.0,56.94,56.94,14.31,2.92,1.88,1621600,1385400.0,2026-06-18,16:14:16
603176,汇通集团,4.53,4.6,4.57,4.61,4.51,41323.0,18810000.0,21.53,20.92,102.67,2.03,0.89,2157700,1974600.0,2026-06-18,16:14:08
603177,德创环保,10.88,9.89,9.8,10.88,9.08,179383.0,177490000.0,22.22,22.22,-41.95,6.88,8.78,7695100,10243100.0,2026-06-18,16:14:01
603178,圣龙股份,16.25,16.36,16.2,16.48,15.98,55418.0,89970000.0,38.42,38.42,-23.77,3.36,2.34,2673400,2868400.0,2026-06-18,16:14:00
603179,新泉股份,52.6,50.36,50.58,53.83,50.37,361778.0,1891580000.0,375.67,375.67,46.65,5.07,5.07,19463500,16714300.0,2026-06-18,16:14:11
603180,金牌家居,14.69,14.8,14.78,14.98,14.62,13207.0,19540000.0,22.66,22.66,-83.36,0.84,0.86,632900,687800.0,2026-06-18,16:14:06
603181,皇马科技,15.39,15.72,15.76,16.06,15.34,159126.0,248180000.0,90.6,90.6,20.26,2.6,2.7,7693500,8219100.0,2026-06-18,16:14:23
603182,嘉华股份,12.41,12.1,12.1,12.64,11.82,35529.0,43790000.0,20.42,20.42,23.66,1.8,2.16,1976800,1576100.0,2026-06-18,16:14:01
603183,建研院,3.64,3.67,3.65,3.69,3.58,90292.0,32870000.0,18.1,18.1,158.3,1.13,1.82,4569200,4460000.0,2026-06-18,16:14:02
603185,弘元绿能,17.08,17.6,17.59,17.79,17.06,164013.0,285520000.0,116.67,115.98,-277.0,1.0,2.42,8236000,8165400.0,2026-06-18,16:14:04
603186,华正新材,238.11,226.67,223.38,239.99,221.22,176786.0,4070410000.0,373.33,373.33,129.08,16.08,11.28,9486400,8192300.0,2026-06-18,16:14:00
603187,海容冷链,12.09,12.2,12.11,12.21,12.01,26036.0,31520000.0,46.72,46.23,12.01,1.11,0.68,1365100,1238500.0,2026-06-18,16:14:16
603188,亚邦股份,4.15,4.2,4.16,4.23,4.1,106198.0,44230000.0,23.66,23.66,-52.84,3.36,1.86,4672000,5947800.0,2026-06-18,16:14:10
603189,*ST网达,10.7,11.11,11.11,11.11,10.55,72503.0,77740000.0,28.84,28.84,-1032.21,1.95,2.69,3695700,3554600.0,2026-06-18,16:14:02
603190,亚通精工,25.31,25.58,25.41,25.68,25.13,11541.0,29210000.0,31.52,10.41,25.16,1.4,2.81,539100,615000.0,2026-06-18,16:14:11
603191,望变电气,17.61,17.93,17.79,18.49,17.46,120680.0,214510000.0,58.11,58.11,86.68,2.34,3.66,4930900,7137100.0,2026-06-18,16:14:19
603192,汇得科技,17.88,18.23,18.17,18.17,17.7,13645.0,24410000.0,29.89,24.93,38.77,1.39,0.98,813300,551200.0,2026-06-18,16:14:16
603193,润本股份,20.71,20.65,20.65,21.16,20.4,20946.0,43600000.0,83.79,21.4,25.95,3.86,2.03,944600,1150000.0,2026-06-18,16:15:00
603194,中力股份,37.21,37.04,37.0,37.63,36.73,15151.0,56440000.0,149.21,58.8,17.57,2.78,0.96,761100,754000.0,2026-06-18,16:14:27
603195,公牛集团,39.35,39.2,39.19,39.89,38.98,44428.0,175230000.0,711.41,708.56,17.13,4.95,0.25,2146200,2296600.0,2026-06-18,16:14:29
603196,璞源材料,26.36,25.79,25.59,27.2,25.33,43463.0,114530000.0,110.37,62.47,323.25,5.54,1.83,1893900,2452400.0,2026-06-18,16:14:12
603197,保隆科技,29.32,29.3,29.28,29.66,29.02,19851.0,58140000.0,62.75,61.91,33.2,1.98,0.94,1013000,972100.0,2026-06-18,16:14:15
603198,迎驾贡酒,31.91,32.91,32.88,32.88,31.6,61241.0,195450000.0,255.28,255.28,12.82,2.49,0.77,2530700,3593500.0,2026-06-18,16:14:16
603199,九华旅游,31.4,31.64,31.31,31.57,30.81,14321.0,44770000.0,34.75,34.75,16.26,2.12,1.29,758500,673600.0,2026-06-18,16:14:18
603200,上海洗霸,46.31,47.57,47.63,47.98,46.23,41705.0,195230000.0,81.26,81.26,99.11,7.39,2.38,1936900,2233600.0,2026-06-18,16:14:03
603201,常润股份,19.28,17.53,17.42,19.28,17.42,96580.0,181810000.0,36.63,36.31,18.63,2.05,5.13,4443800,5214200.0,2026-06-18,16:14:20
603203,快克智能,60.98,62.4,61.0,64.28,60.4,194344.0,1195430000.0,201.25,197.51,134.97,14.65,6.0,8287900,11146500.0,2026-06-18,16:14:19
603205,健尔康,21.21,21.67,21.41,21.94,21.15,7178.0,15390000.0,33.09,8.77,30.05,2.17,1.74,351600,366200.0,2026-06-18,16:14:12
603206,嘉环科技,18.97,18.12,18.02,19.13,17.71,201977.0,375350000.0,57.9,57.9,121.8,2.56,6.62,10601300,9596500.0,2026-06-18,16:14:23
603207,小方制药,22.49,22.17,22.24,22.73,21.79,10836.0,24280000.0,36.14,12.28,17.74,3.15,1.98,568100,515400.0,2026-06-18,16:14:26
603208,江山欧派,11.1,10.9,10.86,11.34,10.55,35654.0,39360000.0,19.52,19.52,-8.32,1.93,2.03,2224100,1341200.0,2026-06-18,16:14:13
603209,兴通股份,13.16,13.18,13.32,13.32,12.95,23415.0,30710000.0,42.77,42.31,13.9,1.23,0.73,1240600,1100900.0,2026-06-18,16:14:28
603211,晋拓股份,36.44,33.13,33.79,36.44,33.01,91703.0,325170000.0,99.05,99.05,158.37,7.91,3.37,4403600,4766700.0,2026-06-18,16:14:14
603212,赛伍技术,14.27,15.86,15.6,15.79,14.27,407723.0,605250000.0,62.43,62.43,-25.35,2.61,9.32,16236300,24536000.0,2026-06-18,16:14:14
603213,镇洋发展,14.1,14.2,14.23,14.24,13.8,46636.0,65520000.0,62.32,62.32,82.85,3.45,1.06,1712600,2950900.0,2026-06-18,16:15:00
603214,爱婴室,12.93,13.04,12.92,13.07,12.72,27699.0,35760000.0,17.91,17.91,21.5,1.55,2.0,1210700,1559200.0,2026-06-18,16:14:05
603215,比依股份,15.48,15.48,15.88,16.06,15.4,25666.0,40100000.0,33.33,28.98,66.73,1.95,1.37,1076200,1490400.0,2026-06-18,16:14:17
603216,梦天家居,22.38,21.95,21.95,23.3,21.66,46234.0,103900000.0,49.84,49.84,77.95,2.76,2.08,2329000,2294400.0,2026-06-18,16:14:29
603217,元利科技,23.99,23.92,23.92,24.1,23.42,21969.0,52430000.0,49.92,49.92,24.09,1.44,1.06,1195800,1001100.0,2026-06-18,16:14:08
603218,日月股份,10.81,10.99,10.92,10.97,10.76,60800.0,65920000.0,111.38,111.23,21.52,1.07,0.59,2515200,3564800.0,2026-06-18,16:14:27
603219,富佳股份,15.38,15.27,15.21,15.6,15.13,65404.0,100580000.0,86.34,86.34,157.14,5.44,1.17,3355700,3184700.0,2026-06-18,16:14:10
603220,中贝通信,25.22,24.27,24.31,25.5,24.31,368382.0,924180000.0,135.27,109.52,216.25,3.51,8.48,19162400,17675800.0,2026-06-18,16:14:02
603221,爱丽家居,11.43,11.53,11.5,11.53,11.17,22903.0,26030000.0,27.95,27.69,-141.01,1.78,0.95,1399000,891300.0,2026-06-18,16:14:04
603222,济民健康,7.98,7.99,7.87,8.14,7.87,95169.0,76250000.0,41.9,41.9,-16.25,3.77,1.81,4942500,4574500.0,2026-06-18,16:14:17
603223,恒通股份,10.16,9.24,9.2,10.16,9.15,154586.0,153510000.0,71.71,71.71,22.64,1.78,2.19,7230700,8228000.0,2026-06-18,16:14:16
603225,新凤鸣,20.01,20.6,20.4,20.81,19.62,405518.0,812080000.0,335.67,333.88,31.08,1.6,2.43,19840400,20711400.0,2026-06-18,16:14:07
603226,菲林格尔,57.03,55.8,55.31,57.33,54.61,38821.0,217560000.0,202.74,202.74,-259.29,23.81,1.09,2108200,1773900.0,2026-06-18,16:14:06
603227,雪峰科技,7.65,7.84,7.82,7.83,7.63,82391.0,63330000.0,81.98,81.98,16.88,1.62,0.77,2671400,5567700.0,2026-06-18,16:14:19
603228,景旺电子,81.06,80.76,79.23,82.44,78.31,519518.0,4156610000.0,798.33,790.98,70.1,6.26,5.32,22924200,29027700.0,2026-06-18,16:14:08
603229,奥翔药业,8.12,8.3,8.27,8.42,8.12,75536.0,62280000.0,67.42,67.42,62.41,2.85,0.91,3855300,3698300.0,2026-06-18,16:14:19
603230,XD内蒙新,9.23,9.21,9.24,9.3,9.09,11544.0,10640000.0,32.63,32.63,39.58,1.17,0.33,627800,526600.0,2026-06-18,16:14:29
603231,索宝蛋白,14.81,14.73,14.65,14.88,14.48,13626.0,20090000.0,28.36,15.74,16.02,1.4,1.28,721900,640700.0,2026-06-18,16:14:19
603232,格尔软件,16.21,16.05,16.0,16.68,15.93,91504.0,149750000.0,37.94,37.49,-60.12,2.92,3.96,4772400,4378000.0,2026-06-18,16:14:08
603233,大参林,16.15,16.07,15.94,16.25,15.83,57949.0,93120000.0,183.93,183.93,14.3,2.39,0.51,2359900,3435000.0,2026-06-18,16:14:01
603235,天新药业,22.93,23.24,23.24,23.25,22.9,2675.0,6160000.0,100.38,100.38,19.3,1.98,0.06,132000,135500.0,2026-06-18,16:14:11
603236,移远通信,52.81,55.08,54.5,55.0,52.7,145015.0,772220000.0,212.8,193.45,27.76,3.09,3.96,6817400,7684100.0,2026-06-18,16:14:08
603237,五芳斋,13.4,13.82,13.65,13.65,13.25,27270.0,36590000.0,26.41,25.43,24.1,1.73,1.44,1392800,1334100.0,2026-06-18,16:14:13
603238,诺邦股份,12.08,12.04,12.04,12.88,11.79,70100.0,85890000.0,21.44,21.44,18.18,1.49,3.95,2812400,4197600.0,2026-06-18,16:14:26
603239,浙江仙通,16.47,16.47,16.4,16.72,16.2,36699.0,60510000.0,44.59,44.59,21.82,3.44,1.36,1891000,1778900.0,2026-06-18,16:14:05
603255,鼎际得,32.0,32.93,32.61,33.24,31.06,23456.0,74770000.0,43.07,19.42,165.84,2.72,3.87,1084200,1261400.0,2026-06-18,16:14:24
603256,宏和科技,257.8,258.9,244.7,264.3,244.7,187693.0,4784670000.0,2332.02,2267.94,749.19,86.05,2.13,9629800,9139500.0,2026-06-18,16:14:05
603258,电魂网络,12.67,12.53,12.55,12.85,12.21,35309.0,44590000.0,30.76,30.58,-12.91,1.59,1.46,1889300,1641600.0,2026-06-18,16:14:10
603259,药明康德,102.72,98.2,97.8,104.33,97.72,569423.0,5799270000.0,3064.92,2540.55,15.23,3.85,2.3,32204400,24737800.0,2026-06-18,16:14:11
603260,合盛硅业,48.4,50.03,48.73,50.34,48.19,297167.0,1451340000.0,572.19,572.19,-18.03,1.94,2.51,13246800,16469900.0,2026-06-18,16:14:12
603261,立航科技,44.77,40.7,42.63,44.77,42.5,26263.0,116580000.0,34.7,34.7,-16.12,6.94,3.39,1142000,1484300.0,2026-06-18,16:14:12
603266,XD天龙股,18.36,17.11,17.1,18.53,16.88,50375.0,89620000.0,36.52,36.52,33.1,2.28,2.53,2831600,2205900.0,2026-06-18,16:14:28
603267,鸿远电子,76.37,75.0,74.0,77.22,73.58,207349.0,1574070000.0,176.48,176.48,61.7,3.96,8.97,9979600,10755300.0,2026-06-18,16:14:28
603268,松发股份,146.3,151.34,151.42,159.16,145.66,84841.0,1273840000.0,1420.25,341.24,40.65,13.47,3.64,3570200,4913900.0,2026-06-18,16:14:00
603269,海鸥股份,24.28,23.53,23.29,25.88,23.25,414328.0,1019300000.0,74.96,74.96,62.92,7.26,13.42,20860800,20572000.0,2026-06-18,16:14:26
603270,金帝股份,31.73,30.2,30.25,31.98,29.9,100355.0,311450000.0,69.52,22.44,46.24,3.06,14.19,5950200,4085400.0,2026-06-18,16:14:20
603271,永杰新材,48.96,54.4,53.38,54.0,48.96,103667.0,519130000.0,97.01,46.3,21.14,3.25,10.96,4092100,6274600.0,2026-06-18,16:14:07
603272,*ST联翔,31.04,32.67,31.5,31.95,31.04,22247.0,69350000.0,32.17,32.17,-185.81,5.97,2.15,1564300,660400.0,2026-06-18,16:14:20
603273,天元智能,13.94,14.23,14.02,14.23,13.81,17548.0,24610000.0,29.88,7.81,107.83,3.38,3.13,992600,762200.0,2026-06-18,16:14:28
603275,众辰科技,41.9,41.86,41.9,42.38,41.63,12562.0,52700000.0,62.34,17.4,34.39,2.07,3.02,463500,792700.0,2026-06-18,16:14:14
603276,恒兴新材,16.2,16.75,16.65,16.72,15.98,50064.0,81550000.0,33.64,12.25,46.04,1.9,6.62,2422500,2583900.0,2026-06-18,16:14:01
603277,银都股份,10.01,10.25,10.46,10.5,9.99,31168.0,31520000.0,61.43,61.04,18.71,2.33,0.51,1445700,1671100.0,2026-06-18,16:14:05
603278,大业股份,12.54,12.57,12.5,12.77,12.26,189549.0,238210000.0,42.86,42.86,-99.77,2.21,5.55,8940400,10014500.0,2026-06-18,16:14:20
603279,景津装备,13.12,13.16,13.05,13.2,12.97,50282.0,65750000.0,75.62,75.62,15.85,1.69,0.87,2412600,2615600.0,2026-06-18,16:14:15
603280,南方路机,27.2,27.38,27.35,27.48,26.68,10864.0,29450000.0,29.49,29.49,30.99,2.13,1.0,647000,439400.0,2026-06-18,16:14:27
603281,江瀚新材,37.23,37.3,37.27,37.9,36.75,34382.0,128120000.0,138.99,138.99,32.7,2.84,0.92,1555100,1883100.0,2026-06-18,16:14:06
603282,亚光股份,15.69,14.69,14.56,15.85,14.31,46070.0,70010000.0,21.0,21.0,31.74,1.59,3.44,2291800,2315200.0,2026-06-18,16:14:29
603283,赛腾股份,62.6,63.06,65.06,65.49,61.31,388036.0,2434640000.0,220.68,220.68,43.46,6.46,11.01,17942200,20861400.0,2026-06-18,16:14:24
603285,键邦股份,54.43,50.58,52.0,55.08,52.0,115710.0,623330000.0,87.09,33.91,66.49,5.06,18.57,6847000,4724000.0,2026-06-18,16:14:16
603286,日盈电子,53.38,56.62,57.09,57.3,52.0,69048.0,372610000.0,63.0,62.05,-124.54,7.68,5.94,2940700,3964100.0,2026-06-18,16:14:28
603288,海天味业,32.44,33.32,33.1,33.27,32.41,232775.0,760050000.0,1898.33,1803.86,26.08,5.08,0.42,10659300,12618200.0,2026-06-18,16:14:05
603289,泰瑞机器,9.12,9.06,9.0,9.23,8.88,43296.0,39230000.0,26.76,26.76,34.12,1.85,1.48,2120400,2209200.0,2026-06-18,16:14:14
603290,斯达半导,130.9,130.98,130.88,133.25,129.0,126426.0,1661640000.0,313.47,313.47,95.53,4.58,5.28,6464200,6178500.0,2026-06-18,16:14:16
603291,联合水务,8.6,8.77,8.8,8.83,8.55,51469.0,44590000.0,36.4,36.4,35.1,2.09,1.22,2580900,2566000.0,2026-06-18,16:14:07
603296,华勤技术,80.4,79.46,78.97,81.95,78.87,229164.0,1851240000.0,1219.03,642.07,28.53,4.79,2.87,10931500,11984900.0,2026-06-18,16:14:04
603297,永新光学,124.9,126.26,126.17,126.17,122.64,19387.0,241100000.0,138.56,138.3,65.87,6.91,1.75,762700,1176100.0,2026-06-18,16:14:00
603298,杭叉集团,24.66,24.85,24.95,25.04,24.53,46999.0,116530000.0,323.0,323.0,14.48,2.81,0.36,2259700,2440200.0,2026-06-18,16:14:21
603299,XD苏盐井,9.51,9.72,9.73,9.77,9.5,44569.0,42740000.0,90.8,74.23,19.32,1.14,0.57,1708900,2748000.0,2026-06-18,16:14:24
603300,海南华铁,4.97,5.04,5.01,5.03,4.93,268169.0,133590000.0,99.13,99.13,22.25,1.49,1.34,12351100,14465700.0,2026-06-18,16:14:17
603301,XD振德医,89.0,87.85,88.1,89.3,86.51,21057.0,186160000.0,234.85,234.85,88.95,4.19,0.8,1546300,559500.0,2026-06-18,16:14:28
603303,得邦照明,31.2,30.97,30.29,31.58,29.66,83827.0,258210000.0,148.81,148.81,60.31,4.84,1.76,4196800,4185800.0,2026-06-18,16:14:04
603305,XD旭升集,14.02,13.94,14.1,14.18,13.88,185691.0,260560000.0,162.03,162.03,41.06,1.77,1.61,8907600,9661500.0,2026-06-18,16:14:28
603306,华懋科技,111.5,107.96,106.4,111.86,106.4,122726.0,1348450000.0,367.39,367.39,256.84,11.52,3.72,6807800,5464800.0,2026-06-18,16:14:08
603307,扬州金泉,25.52,25.55,25.33,26.08,25.12,10977.0,28110000.0,25.19,24.79,22.54,1.83,1.13,586500,511300.0,2026-06-18,16:14:12
603308,应流股份,68.18,63.97,66.0,70.37,65.68,451361.0,3117640000.0,462.97,462.97,122.88,9.11,6.65,22596000,22540100.0,2026-06-18,16:14:02
603309,维力医疗,11.51,11.5,11.48,11.72,11.46,32969.0,38030000.0,33.59,33.59,43.43,1.94,1.13,1547200,1749700.0,2026-06-18,16:14:14
603310,XD巍华新,15.29,15.41,15.47,15.47,15.2,18929.0,28980000.0,52.8,29.66,29.85,1.32,0.98,800600,1092300.0,2026-06-18,16:14:05
603311,金海高科,37.03,40.39,39.99,40.98,36.35,241281.0,908300000.0,87.35,87.35,124.43,6.48,10.23,9732400,14395800.0,2026-06-18,16:14:06
603312,西典新能,37.09,37.87,38.18,38.43,36.82,11734.0,43850000.0,59.34,18.89,23.86,3.33,2.3,561000,612300.0,2026-06-18,16:14:14
603313,梦百合,5.56,5.05,5.01,5.56,4.94,211699.0,113240000.0,31.72,31.72,-29.75,0.93,3.71,9913400,11256500.0,2026-06-18,16:14:07
603315,福鞍股份,17.42,16.75,16.71,17.8,16.61,183128.0,316310000.0,55.81,55.81,135.13,3.21,5.72,10155600,8157200.0,2026-06-18,16:14:29
603316,诚邦股份,21.16,20.73,21.67,22.0,20.41,500078.0,1055440000.0,55.92,55.92,-56.45,10.12,18.92,23622500,26385300.0,2026-06-18,16:14:29
603317,天味食品,13.58,13.61,13.45,13.7,13.4,63333.0,85960000.0,144.56,144.56,19.4,3.46,0.59,3406000,2927300.0,2026-06-18,16:14:27
603318,水发燃气,10.12,9.9,9.78,10.25,9.68,711716.0,711670000.0,56.13,46.46,-60.67,2.99,15.5,35792700,35378900.0,2026-06-18,16:14:28
603319,美湖股份,34.82,35.73,35.74,35.99,34.38,199249.0,697190000.0,118.09,118.09,164.83,4.84,5.87,8284200,11640700.0,2026-06-18,16:14:04
603320,迪贝电气,20.0,20.49,20.48,20.48,19.92,22743.0,45730000.0,29.83,29.83,39.84,2.55,1.52,1155800,1118500.0,2026-06-18,16:14:22
603321,XD梅轮电,6.16,6.13,6.15,6.22,6.03,35565.0,21840000.0,21.49,21.23,62.2,1.5,1.03,1782400,1774100.0,2026-06-18,16:14:09
603322,超讯科技,29.7,28.79,28.51,29.85,28.42,55733.0,163580000.0,46.8,46.8,-106.19,17.79,3.54,3081400,2491900.0,2026-06-18,16:14:21
603323,DR苏农银,4.14,4.25,4.26,4.28,4.11,335571.0,140550000.0,91.92,91.92,4.45,0.48,1.51,11179100,22378000.0,2026-06-18,16:14:20
603324,盛剑科技,43.1,39.18,39.2,43.1,38.16,183728.0,765250000.0,63.65,63.65,-99.7,3.9,12.44,9002800,9370000.0,2026-06-18,16:14:20
603325,博隆技术,55.5,56.0,56.24,56.24,55.1,4422.0,24570000.0,44.4,18.97,13.11,1.6,1.29,196800,245400.0,2026-06-18,16:14:21
603326,我乐家居,6.6,6.61,6.59,6.68,6.4,33189.0,21850000.0,21.07,21.07,14.71,1.89,1.04,1863000,1455900.0,2026-06-18,16:14:14
603327,福蓉科技,10.65,10.8,10.87,10.9,10.55,277249.0,295730000.0,111.34,111.34,76.26,4.66,2.65,12893900,14831000.0,2026-06-18,16:14:13
603328,依顿电子,15.14,15.12,14.86,15.3,14.58,668840.0,996020000.0,151.16,151.16,39.05,3.49,6.7,29910100,36973900.0,2026-06-18,16:14:01
603329,上海雅仕,9.57,9.61,9.62,9.69,9.33,22923.0,21890000.0,23.93,19.75,34.93,1.62,1.11,1224000,1068300.0,2026-06-18,16:14:06
603330,天洋新材,7.76,8.05,7.99,7.99,7.48,400298.0,307700000.0,33.58,33.58,-14.09,2.58,9.25,18901900,21127900.0,2026-06-18,16:14:21
603331,百达精工,11.52,11.58,11.56,11.67,11.27,48480.0,55770000.0,23.29,23.29,-9.45,2.24,2.4,2505800,2342200.0,2026-06-18,16:14:13
603332,苏州龙杰,11.19,11.12,11.1,11.41,10.85,33635.0,37530000.0,24.21,24.21,29.22,1.83,1.55,1605900,1757600.0,2026-06-18,16:14:16
603333,福华尚纬,8.0,8.1,8.1,8.42,7.92,232351.0,188510000.0,49.72,49.72,-154.17,2.44,3.74,11274000,11961100.0,2026-06-18,16:15:00
603335,迪生力,8.22,8.49,8.43,9.14,7.9,918383.0,761300000.0,35.19,35.19,68.62,12.47,21.45,40295600,51542800.0,2026-06-18,16:14:21
603336,宏辉果蔬,8.09,8.09,8.17,8.17,7.9,166344.0,133260000.0,49.25,49.25,301.8,3.43,2.73,8654400,7979900.0,2026-06-18,16:14:17
603337,杰克科技,42.68,41.3,41.8,43.48,41.3,74368.0,316450000.0,203.33,202.19,23.45,3.93,1.57,4590600,2846200.0,2026-06-18,16:14:15
603338,浙江鼎力,46.68,47.95,47.9,48.24,46.68,53185.0,251640000.0,236.36,236.36,12.29,2.0,1.05,2296000,3022500.0,2026-06-18,16:14:23
603339,四方科技,13.52,12.81,12.81,13.63,12.56,90998.0,121130000.0,41.84,41.84,28.3,1.55,2.94,5229800,3870000.0,2026-06-18,16:14:06
603341,龙旗科技,37.88,37.89,38.02,38.31,37.48,62984.0,239220000.0,197.96,100.84,44.35,2.84,2.37,3188000,3110400.0,2026-06-18,16:14:24
603344,星德胜,27.44,27.43,27.39,27.8,26.98,36245.0,99070000.0,53.38,14.83,32.23,2.46,6.71,1957700,1666800.0,2026-06-18,16:14:17
603345,安井食品,83.93,84.94,84.73,85.5,83.4,47599.0,400900000.0,279.73,246.16,18.31,1.74,1.62,2578800,2181100.0,2026-06-18,16:14:14
603348,文灿股份,14.5,14.69,14.68,14.89,14.45,14785.0,21630000.0,45.6,45.6,-10.57,1.17,0.47,810700,667800.0,2026-06-18,16:14:19
603350,安乃达,31.05,30.32,30.31,31.68,30.08,10551.0,32740000.0,36.17,13.7,32.69,2.72,2.39,498300,556800.0,2026-06-18,16:14:20
603351,威尔药业,24.7,24.45,24.45,24.9,24.11,8193.0,20160000.0,33.45,33.45,22.01,1.91,0.6,442200,377100.0,2026-06-18,16:14:04
603353,和顺石油,40.75,41.1,40.8,41.69,40.4,48420.0,198570000.0,70.05,69.45,-577.18,4.41,2.84,2284600,2557400.0,2026-06-18,16:14:29
603355,莱克电气,30.4,28.81,29.67,30.8,28.6,43533.0,130190000.0,174.31,174.31,29.61,3.08,0.76,2361600,1991700.0,2026-06-18,16:14:02
603356,华菱精工,18.25,18.52,18.31,18.52,18.0,38460.0,70150000.0,24.33,24.33,-17.64,8.06,2.88,1899300,1946700.0,2026-06-18,16:15:00
603357,设计总院,6.43,6.55,6.53,6.55,6.41,23238.0,15010000.0,36.04,36.04,12.01,0.9,0.41,817000,1506800.0,2026-06-18,16:14:09
603358,华达科技,39.4,35.82,36.15,39.4,36.15,291974.0,1145970000.0,185.08,181.94,141.49,5.22,6.32,8396200,20801300.0,2026-06-18,16:14:09
603359,*ST东珠,2.51,2.62,2.62,2.63,2.5,80483.0,20600000.0,11.2,11.2,-1.02,0.8,1.8,2694200,5354100.0,2026-06-18,16:14:14
603360,百傲化学,18.77,18.88,18.75,19.0,18.2,137618.0,256550000.0,132.56,132.56,76.85,9.4,1.95,6147900,7613900.0,2026-06-18,16:14:17
603363,傲农生物,2.83,2.88,2.87,2.99,2.83,329226.0,94950000.0,77.29,60.69,-50.18,2.3,1.54,13664400,19258200.0,2026-06-18,16:14:03
603365,XD水星家,16.75,16.69,16.67,16.75,16.22,18752.0,30900000.0,43.97,43.52,10.41,1.45,0.72,850000,1025200.0,2026-06-18,16:14:14
603366,日出东方,6.67,6.9,6.83,6.88,6.6,133071.0,89410000.0,54.23,54.23,29.84,1.27,1.64,5794700,7512400.0,2026-06-18,16:14:04
603367,辰欣药业,13.06,12.99,12.99,13.28,12.58,66263.0,86290000.0,59.13,59.13,14.48,0.95,1.46,3608700,3017600.0,2026-06-18,16:14:18
603368,柳药集团,15.44,15.56,15.54,15.67,15.43,25016.0,38860000.0,61.33,61.33,9.34,0.79,0.63,1237300,1264300.0,2026-06-18,16:14:29
603369,今世缘,24.24,25.13,25.01,25.02,23.96,141156.0,342550000.0,302.22,302.22,12.89,1.84,1.13,4585900,9529700.0,2026-06-18,16:14:13
603373,安邦护卫,38.67,39.95,39.88,39.95,38.25,32295.0,125230000.0,58.21,24.59,45.23,3.17,5.08,1522100,1707400.0,2026-06-18,16:14:21
603375,盛景微,49.49,49.76,49.98,50.25,48.9,29874.0,148030000.0,49.82,31.57,591.72,3.22,4.68,1417200,1570200.0,2026-06-18,16:14:05
603377,ST东时,3.33,3.43,3.41,3.43,3.26,91431.0,30420000.0,23.82,23.82,-3.12,-1644.61,1.28,3347900,5795200.0,2026-06-18,16:14:17
603378,*ST亚士,5.08,5.19,5.0,5.17,4.93,107406.0,53900000.0,21.77,21.77,-1.57,-13.09,2.51,4783200,5957400.0,2026-06-18,16:14:22
603379,三美股份,65.43,68.95,68.27,68.66,64.64,171111.0,1129920000.0,399.44,399.44,18.44,5.06,2.8,6803500,10307700.0,2026-06-18,16:14:25
603380,易德龙,41.03,37.3,36.86,41.03,36.81,41077.0,161240000.0,65.83,65.83,31.21,4.34,2.56,1539900,2567800.0,2026-06-18,16:14:20
603381,永臻股份,16.91,16.96,16.9,17.11,16.65,34814.0,58810000.0,40.12,24.04,-17.95,1.2,2.45,1691600,1789800.0,2026-06-18,16:14:16
603383,顶点软件,28.55,28.5,28.32,29.28,28.32,34240.0,98350000.0,58.64,58.63,28.84,4.11,1.67,1662800,1761200.0,2026-06-18,16:14:19
603385,惠达卫浴,5.16,5.17,5.12,5.23,5.01,51019.0,26280000.0,19.64,19.64,-8.5,0.56,1.34,2550900,2551000.0,2026-06-18,16:14:22
603386,骏亚科技,17.92,18.16,18.15,18.3,17.7,142242.0,256340000.0,58.48,58.48,-137.82,4.47,4.36,7143600,7080600.0,2026-06-18,16:14:13
603387,XD基蛋生,8.1,7.97,7.99,8.24,7.93,68760.0,55740000.0,41.08,41.08,17.66,1.49,1.36,3620300,3255600.0,2026-06-18,16:14:14
603388,*ST元成,0.58,0.58,0.0,0.0,0.0,0.0,0.0,1.89,1.89,-0.49,0.27,0.0,0,0.0,2026-06-18,09:00:00
603389,*ST亚振,61.27,58.35,58.99,61.27,57.55,16593.0,99930000.0,160.99,160.99,-304.9,80.29,0.63,1205400,453800.0,2026-06-18,16:14:28
603390,通达电气,11.83,12.08,12.08,12.08,11.7,66187.0,78540000.0,41.6,41.47,31.92,2.46,1.89,3038200,3580500.0,2026-06-18,16:14:16
603391,力聚热能,55.61,56.12,55.73,56.7,54.52,5641.0,31430000.0,50.61,12.65,25.81,2.37,2.48,306000,258100.0,2026-06-18,16:14:23
603392,万泰生物,28.54,28.61,28.57,29.03,28.25,46868.0,134270000.0,360.86,360.86,-92.89,3.05,0.37,2154200,2532700.0,2026-06-18,16:14:05
603393,新天然气,24.94,25.69,25.68,25.93,24.87,66664.0,168190000.0,105.73,105.55,18.4,1.12,1.58,2828500,3837900.0,2026-06-18,16:14:05
603395,红四方,21.87,22.43,22.35,22.35,21.78,23585.0,51900000.0,56.86,14.22,111.74,4.03,3.63,1239600,1118900.0,2026-06-18,16:14:10
603396,金辰股份,28.28,28.81,28.56,28.89,28.2,28453.0,81030000.0,39.18,39.18,72.27,1.51,2.05,1662200,1183100.0,2026-06-18,16:14:18
603398,*ST沐邦,14.27,14.14,14.2,14.34,13.86,55730.0,78950000.0,61.88,61.88,-7.82,86.51,1.29,2855400,2717600.0,2026-06-18,16:14:26
603399,永杉锂业,19.3,19.87,19.59,20.27,18.89,880865.0,1716260000.0,98.87,98.87,-57.7,6.11,17.19,43579700,44506800.0,2026-06-18,16:14:10
603408,建霖家居,10.14,10.17,10.19,10.36,10.0,20730.0,21060000.0,45.38,45.38,11.02,1.37,0.46,1142500,930500.0,2026-06-18,16:14:15
603409,DR汇通控,21.42,21.07,21.07,21.7,20.7,42536.0,90670000.0,40.22,11.54,25.15,2.66,7.89,2568700,1684900.0,2026-06-18,16:14:04
603416,信捷电气,55.57,55.25,55.43,56.74,54.63,26751.0,149110000.0,87.32,77.38,33.26,3.17,1.92,1091700,1583400.0,2026-06-18,16:14:15
603421,鼎信通讯,6.55,6.57,6.55,6.65,6.4,66960.0,43830000.0,42.72,42.72,-7.22,1.77,1.03,3553800,3142200.0,2026-06-18,16:14:25
603429,*ST集友,10.35,10.23,10.32,10.57,10.24,72665.0,75600000.0,54.28,54.28,-227.6,4.3,1.39,3006900,4259600.0,2026-06-18,16:14:04
603439,三力制药,15.64,15.14,15.0,16.16,14.91,196872.0,304990000.0,63.96,63.16,131.28,4.28,4.87,9990100,9697100.0,2026-06-18,16:14:06
603444,吉比特,326.15,324.88,323.2,328.14,320.61,10350.0,336830000.0,234.96,234.96,11.59,4.27,1.44,538700,496300.0,2026-06-18,16:14:05
603456,九洲药业,13.12,12.97,12.94,13.24,12.84,161701.0,211570000.0,116.7,116.7,17.9,1.33,1.82,8045700,8124400.0,2026-06-18,16:14:16
603458,勘设股份,14.4,14.72,14.72,14.8,13.9,317541.0,459960000.0,44.08,44.08,-11.53,1.71,10.37,17368800,14385300.0,2026-06-18,16:14:14
603466,风语筑,9.79,10.3,10.19,10.2,9.6,605259.0,595760000.0,58.23,58.23,-363.01,2.82,10.18,25003000,35522900.0,2026-06-18,16:14:09
603477,巨星农牧,13.65,13.99,13.96,14.0,13.65,75049.0,103120000.0,71.39,69.62,-15.66,2.6,1.47,3295900,4209000.0,2026-06-18,16:14:03
603486,科沃斯,53.08,53.32,53.25,54.29,52.36,54377.0,290130000.0,307.12,304.34,18.19,3.31,0.95,2674900,2762800.0,2026-06-18,16:14:19
603488,展鹏科技,12.83,13.18,13.1,13.48,12.64,384959.0,503350000.0,37.46,37.46,-21.79,4.84,13.18,19948100,18547900.0,2026-06-18,16:14:21
603489,八方股份,32.99,32.45,32.17,33.06,31.88,27169.0,88710000.0,77.4,77.4,61.56,2.83,1.16,1537700,1179200.0,2026-06-18,16:14:19
603496,XD恒为科,26.74,24.31,24.34,26.74,24.25,272860.0,706620000.0,85.62,85.62,175.99,6.17,8.52,14748300,12537600.0,2026-06-18,16:14:21
603499,翔港科技,19.9,20.41,20.6,20.76,19.81,56738.0,114530000.0,60.22,60.22,56.97,6.51,1.88,2573600,3100200.0,2026-06-18,16:14:21
603500,祥和实业,14.1,13.6,13.64,14.45,13.32,402746.0,553910000.0,46.92,46.9,33.93,4.35,12.11,20547600,19727000.0,2026-06-18,16:14:16
603501,豪威集团,89.97,90.12,89.88,91.36,89.4,191103.0,1727080000.0,1134.87,1089.22,30.82,3.47,1.58,9516400,9593900.0,2026-06-18,16:15:00
603505,金石资源,19.37,19.92,19.7,19.88,19.21,261690.0,510590000.0,163.03,163.03,50.92,8.6,3.11,12031800,14137300.0,2026-06-18,16:14:16
603506,南都物业,10.07,10.15,10.15,10.23,9.92,27197.0,27470000.0,18.91,18.91,16.1,1.58,1.45,1323000,1396700.0,2026-06-18,16:14:14
603507,振江股份,37.85,37.5,37.49,38.26,37.19,44029.0,166570000.0,69.57,68.8,34.56,2.68,2.42,2241000,2161900.0,2026-06-18,16:14:15
603508,思维列控,21.26,21.59,21.58,21.59,21.15,33007.0,70250000.0,81.06,81.06,13.74,2.04,0.87,1459500,1841200.0,2026-06-18,16:14:08
603511,爱慕股份,12.46,12.31,12.24,12.55,12.06,22802.0,28250000.0,50.34,50.08,31.41,1.16,0.57,1134200,1146000.0,2026-06-18,16:14:04
603515,欧普照明,18.2,18.33,18.33,18.52,18.02,12016.0,21880000.0,135.26,134.01,14.86,1.89,0.16,625200,576400.0,2026-06-18,16:14:25
603516,XD淳中科,142.17,135.53,135.65,144.99,132.67,99446.0,1387020000.0,288.99,288.99,97.68,17.17,4.89,5161900,4782700.0,2026-06-18,16:14:24
603517,ST绝味,10.42,10.97,10.92,10.98,10.42,135564.0,142110000.0,63.15,63.15,-26.35,1.05,2.24,6689700,6866700.0,2026-06-18,16:14:06
603518,锦泓集团,7.87,8.06,8.0,8.06,7.78,71447.0,56340000.0,27.18,27.08,10.95,0.71,2.08,3514900,3629800.0,2026-06-18,16:14:25
603519,立霸股份,14.8,14.88,14.77,15.38,14.6,72877.0,108330000.0,39.42,39.42,25.32,3.12,2.74,3114400,4173400.0,2026-06-18,16:14:25
603520,司太立,9.52,9.4,9.34,9.55,9.16,142270.0,133460000.0,41.74,41.74,247.88,1.69,3.25,7263300,6963800.0,2026-06-18,16:14:18
603527,众源新材,14.7,14.73,14.64,15.1,14.4,230228.0,338740000.0,46.59,46.59,158.36,2.2,7.26,10442600,12580200.0,2026-06-18,16:14:07
603528,多伦科技,6.51,6.65,6.58,6.68,6.47,110747.0,72720000.0,45.96,45.96,-87.04,2.45,1.57,4703000,6371700.0,2026-06-18,16:14:23
603529,爱玛科技,20.21,20.42,20.43,20.43,19.99,45738.0,92060000.0,175.4,171.29,10.79,1.86,0.54,2044600,2529200.0,2026-06-18,16:14:20
603530,神马电力,53.7,52.9,52.9,54.99,52.6,42670.0,229510000.0,231.81,229.55,50.2,13.21,1.0,2276900,1990100.0,2026-06-18,16:14:26
603533,掌阅科技,20.84,20.09,19.95,21.19,19.7,216505.0,444200000.0,91.47,91.47,-67.3,3.98,4.93,12060000,9590500.0,2026-06-18,16:14:12
603535,嘉诚国际,6.54,6.54,6.53,6.62,6.41,32203.0,21050000.0,33.41,33.41,303.45,1.35,0.63,1653900,1566400.0,2026-06-18,16:14:29
603536,惠发食品,8.38,8.48,8.43,8.5,8.3,30029.0,25230000.0,20.31,20.16,-39.97,5.8,1.25,1395500,1607400.0,2026-06-18,16:14:25
603538,美诺华,37.92,37.8,37.56,38.53,37.01,172595.0,652780000.0,92.07,90.69,82.08,3.99,7.22,8598600,8660900.0,2026-06-18,16:14:19
603551,奥普科技,9.25,9.32,9.32,9.4,9.2,20894.0,19400000.0,35.59,35.14,12.37,2.87,0.55,992300,1097100.0,2026-06-18,16:14:20
603556,海兴电力,23.12,23.06,23.2,24.5,22.92,87696.0,206330000.0,112.42,112.42,16.56,1.51,1.8,4056400,4713200.0,2026-06-18,16:14:11
603557,*ST起步,4.36,4.15,4.16,4.36,4.16,63458.0,27350000.0,27.18,27.18,-16.57,48.57,1.02,2672300,3673600.0,2026-06-18,16:14:17
603558,健盛集团,11.25,11.51,11.41,11.77,11.13,42649.0,48060000.0,38.55,38.55,8.84,1.73,1.24,2198400,2066500.0,2026-06-18,16:14:11
603559,ST通脉,8.72,8.71,8.71,8.85,8.55,42368.0,36940000.0,34.99,34.99,-23.54,4.47,1.06,2187900,2049000.0,2026-06-18,16:14:24
603565,中谷物流,10.39,10.38,10.25,10.5,10.25,121566.0,126680000.0,218.2,218.2,11.01,2.09,0.58,6256900,5899600.0,2026-06-18,16:14:27
603566,普莱柯,9.89,9.78,9.79,9.94,9.65,21672.0,21310000.0,34.23,34.23,19.8,1.36,0.63,1290100,877100.0,2026-06-18,16:14:18
603567,珍宝岛,4.68,5.08,5.16,5.16,4.65,613751.0,298590000.0,44.03,43.96,-2.72,0.72,6.53,25894600,35480500.0,2026-06-18,16:14:06
603568,伟明环保,16.39,16.95,16.92,16.94,16.33,98523.0,162690000.0,336.35,335.74,17.36,2.35,0.48,4346700,5505600.0,2026-06-18,16:14:10
603569,长久物流,5.3,5.32,5.32,5.37,5.23,34027.0,18050000.0,31.99,31.99,-35.38,1.31,0.56,1780400,1622300.0,2026-06-18,16:14:14
603577,汇金通,9.39,9.53,9.53,9.53,9.26,35909.0,33560000.0,31.85,31.85,31.32,1.63,1.06,1583800,2007100.0,2026-06-18,16:14:02
603578,三星新材,13.07,13.64,13.48,13.64,12.94,55667.0,73490000.0,30.59,23.57,-16.72,2.16,3.09,2709800,2856900.0,2026-06-18,16:14:26
603579,荣泰健康,20.59,19.82,19.7,20.88,19.5,78313.0,159040000.0,41.4,41.4,23.45,1.5,3.9,4017200,3814100.0,2026-06-18,16:14:07
603580,*ST艾艾,27.35,26.05,27.35,27.35,26.81,24072.0,65630000.0,35.74,35.74,86.7,7.85,1.84,895800,1511400.0,2026-06-18,16:14:19
603583,捷昌驱动,24.29,24.24,24.24,24.64,23.88,37275.0,90430000.0,93.7,92.85,27.96,2.04,0.98,1941200,1786300.0,2026-06-18,16:14:13
603585,苏利股份,14.45,14.62,14.7,14.7,14.38,27716.0,40200000.0,28.42,27.95,15.78,1.09,1.43,1193800,1577800.0,2026-06-18,16:14:29
603586,金麒麟,15.24,15.75,15.03,15.7,14.84,95394.0,144620000.0,29.88,29.88,42.8,1.34,4.87,4146200,5393200.0,2026-06-18,16:14:27
603587,地素时尚,11.74,11.61,11.62,11.85,11.48,18032.0,21100000.0,55.5,55.5,19.93,1.49,0.38,939100,864100.0,2026-06-18,16:14:21
603588,高能环境,16.01,15.51,15.19,16.16,15.14,797401.0,1259440000.0,243.87,243.87,20.05,2.42,5.23,39767600,39972500.0,2026-06-18,16:14:03
603589,口子窖,19.59,19.92,19.85,19.93,19.44,44998.0,88070000.0,117.17,117.17,29.93,1.09,0.75,2037300,2462500.0,2026-06-18,16:14:24
603590,康辰药业,29.47,29.14,28.99,29.95,28.62,22318.0,65680000.0,46.86,46.63,27.78,1.45,1.41,1100700,1131100.0,2026-06-18,16:14:26
603595,ST东尼,28.97,27.59,27.59,28.97,27.33,27683.0,79730000.0,67.34,67.34,-132.34,4.43,1.19,663500,2104900.0,2026-06-18,16:14:22
603596,伯特利,28.51,28.91,28.8,29.2,28.4,148078.0,425040000.0,255.92,255.92,19.57,3.27,1.65,6192700,8615100.0,2026-06-18,16:14:18
603598,引力传媒,19.25,19.06,19.08,19.59,18.54,138563.0,265670000.0,51.91,51.86,259.95,23.23,5.14,7327500,6528800.0,2026-06-18,16:14:07
603599,广信股份,10.4,10.78,10.68,10.76,10.33,150345.0,157760000.0,94.67,94.67,14.49,0.93,1.65,6140800,8893600.0,2026-06-18,16:14:10
603600,永艺股份,9.32,9.44,9.43,9.43,9.2,35514.0,33060000.0,30.8,27.96,12.45,1.37,1.18,1756400,1795000.0,2026-06-18,16:14:07
603601,再升科技,14.97,15.77,16.0,16.0,14.7,2191187.0,3286870000.0,171.01,171.01,463.88,6.35,19.18,95533100,123585700.0,2026-06-18,16:14:14
603602,纵横通信,13.22,12.89,12.8,13.62,12.76,90475.0,120360000.0,30.55,30.55,-18.92,3.43,3.92,5082100,3965400.0,2026-06-18,16:15:00
603605,珀莱雅,64.64,65.99,65.98,67.1,64.08,50860.0,330090000.0,255.96,255.96,17.36,4.03,1.28,2503000,2583000.0,2026-06-18,16:14:14
603606,东方电缆,39.93,40.87,40.75,40.97,39.61,197105.0,790420000.0,329.35,329.35,24.18,4.06,2.39,9155100,10555300.0,2026-06-18,16:14:23
603607,京华激光,19.7,20.7,20.66,20.67,19.5,46385.0,92130000.0,35.17,35.17,32.85,3.59,2.6,1995900,2642600.0,2026-06-18,16:14:24
603608,天创时尚,24.6,26.08,24.87,26.14,24.0,390442.0,975430000.0,103.26,103.26,362.5,9.43,9.3,21326400,17717700.0,2026-06-18,16:14:18
603609,禾丰股份,5.87,6.0,6.03,6.06,5.84,45796.0,27040000.0,53.32,53.32,-93.92,0.84,0.5,1723600,2856000.0,2026-06-18,16:14:14
603610,麒盛科技,18.78,18.5,18.33,18.88,18.25,71043.0,132040000.0,66.29,66.29,70.39,2.16,2.01,3782900,3321400.0,2026-06-18,16:14:16
603611,诺力股份,17.25,17.25,17.19,17.38,16.97,21700.0,37370000.0,44.44,44.44,11.66,1.47,0.84,1149100,1020900.0,2026-06-18,16:14:26
603612,XD索通发,19.76,20.42,20.31,20.94,19.75,147314.0,296770000.0,98.43,98.43,13.89,1.68,2.96,5973100,8758300.0,2026-06-18,16:14:06
603613,国联股份,19.63,19.97,19.87,20.2,19.63,87724.0,174040000.0,141.44,141.44,10.66,1.51,1.22,4234900,4537600.0,2026-06-18,16:14:09
603615,茶花股份,18.12,17.91,17.91,18.55,17.5,39363.0,71110000.0,43.82,43.82,339.74,3.83,1.63,1960200,1976100.0,2026-06-18,16:14:16
603616,韩建河山,6.46,5.87,5.91,6.46,5.9,555114.0,348080000.0,25.01,24.83,-105.23,12.38,14.45,30277100,25234300.0,2026-06-18,16:14:09
603617,君禾股份,7.37,7.55,7.47,7.57,7.29,89235.0,66050000.0,28.73,28.5,60.41,1.87,2.31,3579700,5343800.0,2026-06-18,16:14:19
603618,杭电股份,51.77,51.73,51.0,53.28,49.86,887730.0,4597730000.0,357.93,357.93,-149.68,13.23,12.84,40964000,47808900.0,2026-06-18,16:14:24
603619,中曼石油,22.42,22.6,22.68,22.92,22.12,138961.0,311950000.0,103.66,103.66,33.28,2.41,3.01,6469500,7426600.0,2026-06-18,16:14:14
603626,科森科技,21.18,21.41,21.36,21.66,20.91,334681.0,709260000.0,117.52,117.52,91.97,5.16,6.03,15959000,17509100.0,2026-06-18,16:14:20
603628,清源股份,9.94,10.02,10.02,10.03,9.77,38094.0,37820000.0,27.15,27.05,90.65,2.07,1.4,1871800,1937600.0,2026-06-18,16:14:11
603629,利通电子,176.58,165.03,168.31,178.0,168.31,329355.0,5728610000.0,463.2,455.63,86.68,20.63,12.76,16697800,16237700.0,2026-06-18,16:14:23
603630,拉芳家化,12.9,12.9,12.77,13.11,12.68,28446.0,36700000.0,29.05,29.05,-127.75,1.54,1.26,1412100,1432500.0,2026-06-18,16:14:02
603633,徕木股份,8.07,8.02,7.96,8.58,7.96,193618.0,159070000.0,34.44,34.44,-16.95,1.98,4.54,9598600,9763100.0,2026-06-18,16:14:29
603636,南威软件,9.15,9.33,9.33,9.42,9.08,156031.0,143440000.0,53.1,53.1,-11.5,2.87,2.69,6239200,9363900.0,2026-06-18,16:14:01
603637,镇海股份,18.72,18.27,18.27,19.2,18.27,183362.0,344050000.0,44.68,44.68,76.63,4.28,7.68,7878300,10457900.0,2026-06-18,16:14:18
603638,艾迪精密,24.98,24.13,24.1,25.4,24.05,159021.0,395050000.0,214.05,214.05,48.31,6.02,1.86,8049500,7852700.0,2026-06-18,16:14:03
603639,海利尔,10.37,10.5,10.5,10.54,10.35,9627.0,10010000.0,36.26,35.25,23.8,1.03,0.28,390800,571900.0,2026-06-18,16:14:04
603648,畅联股份,8.5,8.42,8.46,8.51,8.26,27484.0,23150000.0,30.81,30.81,24.69,1.63,0.76,1348300,1400100.0,2026-06-18,16:14:09
603650,彤程新材,65.98,67.82,66.8,67.0,65.15,291773.0,1918370000.0,406.49,405.43,69.52,10.13,4.75,12318500,16858800.0,2026-06-18,16:14:25
603655,朗博科技,32.08,31.83,31.73,32.75,31.38,20494.0,65620000.0,34.0,34.0,78.77,6.19,1.93,1107400,942000.0,2026-06-18,16:14:22
603656,泰禾智能,18.55,18.2,18.1,18.99,17.9,40416.0,74930000.0,33.94,33.94,103.94,2.57,2.21,2399400,1642200.0,2026-06-18,16:14:05
603657,春光科技,23.3,24.5,24.17,24.75,23.01,40073.0,95650000.0,31.5,31.5,-64.58,3.61,2.96,1810500,2196800.0,2026-06-18,16:14:26
603658,安图生物,30.49,31.03,31.1,31.1,30.42,18191.0,55820000.0,174.23,174.23,16.84,2.07,0.32,915500,903600.0,2026-06-18,16:14:07
603659,璞泰来,29.5,29.51,29.47,30.04,29.05,349514.0,1033420000.0,632.42,632.42,24.56,3.08,1.63,16010800,18940700.0,2026-06-18,16:14:01
603660,苏州科达,12.17,12.17,12.17,12.35,11.8,226534.0,273350000.0,69.55,69.55,-11.8,9.97,3.96,10205600,12447800.0,2026-06-18,16:15:00
603661,恒林股份,32.48,33.64,33.43,34.17,32.46,52795.0,174140000.0,45.17,45.17,26.42,1.22,3.8,2099700,3179800.0,2026-06-18,16:14:10
603662,柯力传感,70.09,70.32,69.69,71.93,69.2,121653.0,855110000.0,196.83,196.83,64.32,7.06,4.33,5882000,6283400.0,2026-06-18,16:14:13
603663,三祥新材,87.49,79.54,83.26,87.49,83.23,186814.0,1624260000.0,370.34,370.05,262.78,26.65,4.42,3519300,15162100.0,2026-06-18,16:14:02
603665,康隆达,28.61,26.25,26.29,28.85,26.0,58288.0,161870000.0,45.82,45.82,-247.07,7.44,3.64,3337600,2491200.0,2026-06-18,16:14:18
603666,亿嘉和,27.83,26.95,26.6,28.56,26.31,64724.0,177950000.0,57.2,57.2,-57.29,2.7,3.15,3192000,3280400.0,2026-06-18,16:14:19
603667,五洲新春,67.73,66.52,66.75,68.44,66.01,232367.0,1571460000.0,259.51,248.03,307.68,6.58,6.35,11895900,11340900.0,2026-06-18,16:14:16
603668,天马科技,11.13,10.7,10.5,11.15,10.36,88998.0,96650000.0,56.3,56.3,-29.63,2.66,1.76,4955100,3944700.0,2026-06-18,16:14:03
603669,灵康药业,4.85,4.82,4.77,4.89,4.7,150339.0,72130000.0,34.55,34.55,-20.13,6.87,2.11,7688600,7345300.0,2026-06-18,16:14:21
603676,卫信康,8.64,8.6,8.6,8.75,8.41,19169.0,16540000.0,37.6,37.6,17.35,2.43,0.44,1080000,836900.0,2026-06-18,16:14:06
603677,奇精机械,13.45,13.85,13.82,14.0,13.43,34622.0,47210000.0,25.9,25.9,62.55,2.3,1.8,1906700,1555500.0,2026-06-18,16:14:07
603678,火炬电子,67.75,69.71,68.0,74.8,67.4,472878.0,3311090000.0,322.2,322.2,127.47,5.27,9.94,21147000,26140800.0,2026-06-18,16:14:14
603679,华体科技,21.43,19.48,19.29,21.43,19.11,99694.0,204120000.0,38.08,38.08,-27.68,4.32,5.61,4880200,5089200.0,2026-06-18,16:14:12
603680,今创集团,10.8,11.01,10.94,11.03,10.76,53883.0,58490000.0,84.64,84.64,13.62,1.44,0.69,2905800,2482500.0,2026-06-18,16:14:14
603681,永冠新材,24.84,26.2,25.94,25.98,23.58,322816.0,790950000.0,59.06,59.06,42.88,1.97,13.58,15585700,16695900.0,2026-06-18,16:14:09
603682,锦和商管,7.86,8.04,7.97,8.0,7.8,74476.0,58730000.0,37.14,37.14,-22.69,5.71,1.58,3385100,4062500.0,2026-06-18,16:14:26
603683,晶华新材,32.8,31.86,31.86,33.13,31.59,120881.0,393860000.0,95.52,94.54,99.4,5.65,4.19,6405400,5682700.0,2026-06-18,16:14:11
603685,晨丰科技,31.07,31.8,31.5,31.77,30.91,22228.0,69240000.0,78.59,62.6,213.1,3.88,1.1,1034800,1188000.0,2026-06-18,16:14:25
603686,福龙马,14.23,14.29,14.23,14.54,14.14,99073.0,141770000.0,59.12,59.12,37.66,1.69,2.38,4731600,5175800.0,2026-06-18,16:14:21
603687,大胜达,19.45,18.45,18.15,19.8,17.81,664983.0,1260110000.0,106.98,106.98,154.18,3.27,12.09,36245300,30253100.0,2026-06-18,16:14:02
603688,石英股份,80.55,79.34,78.0,83.05,76.81,341499.0,2744640000.0,436.32,436.32,317.66,7.51,6.3,17460800,16689100.0,2026-06-18,16:14:23
603689,皖天然气,7.43,7.55,7.53,7.57,7.39,36630.0,27280000.0,39.07,38.89,11.55,1.08,0.7,1328600,2334500.0,2026-06-18,16:14:12
603690,至纯科技,29.32,28.93,28.66,30.37,28.5,398410.0,1172090000.0,112.29,112.29,-13.5,3.23,10.4,21214200,18626700.0,2026-06-18,16:14:10
603693,江苏新能,13.52,14.58,14.56,14.61,13.51,209680.0,290920000.0,120.53,120.53,26.59,1.71,2.35,8365700,12602200.0,2026-06-18,16:14:02
603696,安记食品,12.37,12.52,12.47,12.6,12.29,29514.0,36660000.0,29.09,29.09,87.81,5.18,1.25,1552200,1399200.0,2026-06-18,16:14:19
603697,有友食品,10.78,11.02,10.91,11.01,10.62,46610.0,50070000.0,46.11,46.11,22.94,2.63,1.09,1930900,2730100.0,2026-06-18,16:14:14
603698,航天工程,33.03,31.72,31.48,33.73,31.21,255049.0,837090000.0,177.04,177.04,79.17,5.09,4.76,13388000,12116900.0,2026-06-18,16:14:06
603699,纽威股份,57.46,55.99,56.22,57.85,55.45,43301.0,247910000.0,445.48,435.63,26.46,8.91,0.57,2071600,2258500.0,2026-06-18,16:14:16
603700,宁水集团,10.73,10.75,10.63,10.83,10.53,34071.0,36440000.0,21.46,21.46,28.26,1.31,1.7,1663100,1744000.0,2026-06-18,16:14:17
603701,德宏股份,23.88,23.8,23.93,24.98,23.59,72936.0,176780000.0,62.41,62.41,411.41,7.79,2.79,3502100,3791500.0,2026-06-18,16:14:09
603703,盛洋科技,11.94,12.22,12.1,12.32,11.92,118370.0,142970000.0,49.55,49.55,-210.64,6.0,2.85,5454100,6382900.0,2026-06-18,16:14:26
603706,东方环宇,19.58,19.78,19.68,19.94,19.4,13477.0,26400000.0,37.08,37.08,15.61,2.21,0.71,655400,692300.0,2026-06-18,16:14:03
603707,健友股份,7.15,7.16,7.13,7.25,7.05,94367.0,67540000.0,115.52,115.52,19.72,1.7,0.58,5048000,4388700.0,2026-06-18,16:14:13
603708,家家悦,9.07,9.21,9.23,9.24,9.07,29929.0,27350000.0,57.9,57.9,27.5,2.41,0.47,1592100,1400800.0,2026-06-18,16:14:19
603709,中源家居,14.7,14.73,14.65,14.8,14.38,16695.0,24470000.0,18.53,18.39,-64.95,3.64,1.33,799700,869800.0,2026-06-18,16:14:01
603711,香飘飘,12.33,12.41,12.32,12.45,12.18,34984.0,43040000.0,50.91,50.91,24.54,1.42,0.85,1619800,1878600.0,2026-06-18,16:14:23
603712,七一二,13.23,13.16,13.15,13.44,12.62,149171.0,196520000.0,102.14,102.14,-20.29,2.67,1.93,7605100,7312000.0,2026-06-18,16:14:06
603713,密尔克卫,60.3,60.89,60.5,61.88,59.31,31667.0,190720000.0,95.35,95.35,14.93,2.0,2.0,1653200,1513500.0,2026-06-18,16:14:22
603716,塞力医疗,15.52,15.7,15.66,15.93,15.46,61922.0,96940000.0,35.04,35.04,-16.65,3.47,2.74,2813600,3378600.0,2026-06-18,16:14:08
603717,天域生物,5.98,6.17,6.14,6.17,5.91,92750.0,55940000.0,17.35,17.35,-13.23,4.54,3.2,4674100,4601000.0,2026-06-18,16:14:15
603718,*ST海利,2.88,2.99,2.99,3.01,2.86,97570.0,28610000.0,18.77,18.69,-5.94,2.12,1.5,3993800,5763200.0,2026-06-18,16:14:15
603719,良品铺子,8.94,8.97,8.92,9.12,8.73,47110.0,42140000.0,35.85,35.85,-56.19,1.84,1.17,2416100,2294900.0,2026-06-18,16:14:25
603721,中广天择,20.49,20.49,0.0,0.0,0.0,0.0,0.0,26.64,26.64,97.89,5.55,0.0,0,0.0,2026-06-18,16:14:21
603722,阿科力,39.44,37.45,37.08,40.68,37.01,41457.0,163690000.0,38.54,37.74,-88.86,4.34,4.33,2267500,1878200.0,2026-06-18,16:14:10
603725,天安新材,11.13,10.43,10.49,11.2,10.45,174544.0,189090000.0,33.93,31.9,29.31,3.94,6.09,8915400,8538900.0,2026-06-18,16:14:03
603726,XD朗迪集,28.77,28.53,28.54,28.98,28.18,62454.0,178720000.0,53.41,53.14,23.49,3.83,3.38,3281400,2964000.0,2026-06-18,16:14:07
603727,博迈科,15.84,15.64,15.79,16.28,15.35,41028.0,65170000.0,44.62,44.62,-493.65,1.44,1.46,2105700,1997000.0,2026-06-18,16:14:12
603728,XD鸣志电,63.86,61.31,61.16,65.6,60.58,127608.0,812790000.0,267.5,267.5,394.8,9.03,3.05,6862600,5898200.0,2026-06-18,16:14:03
603729,ST龙韵,11.5,11.79,11.72,11.88,11.44,11810.0,13760000.0,10.6,10.6,-10.31,4.08,1.28,513100,667900.0,2026-06-18,16:14:15
603730,岱美股份,13.01,13.0,13.03,13.28,12.53,547511.0,707040000.0,279.53,279.53,43.87,6.3,2.55,24561500,30189600.0,2026-06-18,16:14:16
603733,仙鹤股份,26.71,29.12,29.13,29.5,26.71,209032.0,575480000.0,189.03,189.03,18.4,2.16,2.95,8363000,12540200.0,2026-06-18,16:14:00
603737,三棵树,26.02,26.53,26.53,26.71,25.8,61650.0,161500000.0,230.38,230.38,29.67,7.81,0.7,2791500,3373500.0,2026-06-18,16:14:23
603738,泰晶科技,58.99,59.0,59.0,61.88,57.28,581182.0,3441720000.0,227.64,227.64,341.9,12.52,15.06,29335200,28783000.0,2026-06-18,16:14:05
603739,蔚蓝生物,12.21,12.07,12.03,12.28,11.84,28585.0,34690000.0,30.89,30.89,39.56,1.74,1.13,1530800,1327700.0,2026-06-18,16:14:15
603755,日辰股份,25.0,25.24,25.59,25.59,24.8,10084.0,25230000.0,24.65,24.65,29.09,3.25,1.02,541700,466700.0,2026-06-18,16:14:13
603757,大元泵业,56.06,53.09,53.1,56.85,53.0,142060.0,778530000.0,104.58,104.58,89.42,5.02,7.62,8059100,6146900.0,2026-06-18,16:15:00
603758,秦安股份,9.86,10.0,9.96,10.09,9.82,45360.0,45090000.0,43.27,43.27,30.89,1.67,1.03,2348400,2187600.0,2026-06-18,16:14:15
603759,海天股份,7.26,7.41,7.41,7.41,7.22,38799.0,28290000.0,33.52,33.52,25.64,1.15,0.84,1946500,1933400.0,2026-06-18,16:14:27
603766,隆鑫通用,11.3,11.42,11.45,12.0,11.29,306558.0,354600000.0,232.05,232.05,14.39,2.69,1.49,14856800,15799000.0,2026-06-18,16:14:21
603767,中马传动,15.71,15.7,15.75,15.93,15.38,53184.0,83560000.0,48.49,48.49,-839.05,3.55,1.72,2732500,2586000.0,2026-06-18,16:14:18
603768,常青股份,10.07,10.03,10.0,10.14,9.86,24886.0,25020000.0,23.96,23.96,-11.73,1.09,1.05,1164200,1324400.0,2026-06-18,16:14:28
603773,沃格光电,164.7,166.13,171.11,172.99,150.0,339157.0,5560740000.0,370.17,370.05,-199.66,35.05,15.1,16117000,17798600.0,2026-06-18,16:14:06
603776,永安行,21.98,21.35,21.21,22.08,21.18,52517.0,113250000.0,61.71,61.71,-29.66,1.8,1.87,2963500,2288300.0,2026-06-18,16:14:06
603777,来伊份,16.81,18.63,18.0,19.0,16.78,329251.0,578770000.0,56.22,56.22,-29.99,3.61,9.85,13620200,19304900.0,2026-06-18,16:14:17
603778,国晟科技,14.98,16.64,16.28,16.34,14.98,829732.0,1267520000.0,98.87,96.3,-17.47,35.03,12.91,36296800,46676400.0,2026-06-18,16:14:12
603779,威龙股份,7.85,7.74,7.95,8.33,7.6,538439.0,424800000.0,26.07,26.07,-32.88,5.32,16.21,27969800,25874100.0,2026-06-18,16:15:00
603786,科博达,47.52,47.86,48.0,48.55,47.42,20227.0,96710000.0,191.91,191.91,24.42,3.48,0.5,942100,1080600.0,2026-06-18,16:14:10
603787,新日股份,9.66,9.61,9.59,9.73,9.42,27601.0,26530000.0,22.23,22.23,48.49,1.46,1.2,1229100,1531000.0,2026-06-18,16:14:06
603788,宁波高发,14.29,14.37,14.37,14.47,14.19,12086.0,17300000.0,31.88,31.88,14.7,1.6,0.54,666400,542200.0,2026-06-18,16:14:29
603789,ST星农,5.26,5.33,5.3,5.4,5.22,25775.0,13640000.0,13.95,13.68,-13.76,13.33,0.99,870600,1706900.0,2026-06-18,16:14:07
603790,雅运股份,27.18,26.02,26.02,27.48,25.42,49403.0,132090000.0,52.01,52.01,64.14,4.06,2.58,2663500,2276800.0,2026-06-18,16:15:00
603797,联泰环保,3.99,4.02,3.99,4.01,3.9,39996.0,15840000.0,23.01,23.01,18.7,0.69,0.69,2091700,1907900.0,2026-06-18,16:14:24
603798,康普顿,15.44,16.08,16.02,16.02,15.3,60594.0,94350000.0,39.6,39.6,91.67,3.19,2.36,2986900,3072500.0,2026-06-18,16:14:28
603799,华友钴业,52.1,52.59,52.0,54.15,51.4,667724.0,3510180000.0,988.2,983.44,13.43,1.99,3.54,31499000,35273400.0,2026-06-18,16:14:14
603800,洪田股份,80.62,81.33,81.0,81.8,78.71,74070.0,596460000.0,167.69,167.69,705.98,21.2,3.56,3478000,3929000.0,2026-06-18,16:15:00
603801,志邦家居,6.42,6.45,6.37,6.48,6.31,30374.0,19500000.0,27.89,27.89,40.83,0.89,0.7,1451800,1585700.0,2026-06-18,16:14:16
603803,瑞斯康达,13.03,12.89,12.97,13.23,12.69,248223.0,321590000.0,55.36,55.36,-300.78,3.6,5.84,11505900,13316400.0,2026-06-18,16:14:02
603806,福斯特,17.52,17.34,17.57,18.08,17.35,446491.0,788880000.0,457.05,457.05,67.18,2.89,1.71,23574300,21074800.0,2026-06-18,16:14:20
603808,歌力思,8.37,8.43,8.37,8.48,8.31,29432.0,24710000.0,30.44,30.44,18.46,1.18,0.81,1467500,1475700.0,2026-06-18,16:14:08
603809,豪能股份,9.78,9.61,9.58,9.85,9.39,126301.0,122220000.0,90.0,90.0,32.53,2.48,1.37,6669600,5960500.0,2026-06-18,16:14:26
603810,丰山集团,11.93,11.89,11.8,12.09,11.55,29475.0,35020000.0,19.73,19.73,54.77,1.29,1.78,1564100,1383400.0,2026-06-18,16:14:14
603811,诚意药业,10.65,10.66,10.64,10.69,10.45,30343.0,32120000.0,34.86,34.86,18.0,2.4,0.93,1266500,1767800.0,2026-06-18,16:14:18
603813,原尚股份,41.41,38.25,38.01,41.86,37.0,28809.0,114650000.0,43.49,43.49,-57.38,8.76,2.74,1765600,1115300.0,2026-06-18,16:14:19
603815,交建股份,5.94,5.93,6.01,6.03,5.8,145586.0,86240000.0,36.76,36.76,-4.84,2.33,2.35,7405200,7153400.0,2026-06-18,16:14:13
603816,顾家家居,23.88,24.78,24.99,24.99,23.5,135821.0,328800000.0,196.16,193.95,11.1,1.77,1.67,6878600,6703400.0,2026-06-18,16:14:04
603817,海峡环保,5.59,5.71,5.7,5.71,5.58,79101.0,44480000.0,31.87,31.87,13.6,0.97,1.39,3285900,4624200.0,2026-06-18,16:15:00
603818,曲美家居,2.95,2.79,2.79,3.07,2.72,383963.0,113080000.0,20.25,20.25,-14.15,0.98,5.59,19610200,18786100.0,2026-06-18,16:14:24
603819,神力股份,11.67,11.62,11.63,11.71,11.43,48684.0,56340000.0,25.41,25.41,97.17,3.16,2.24,2744900,2123400.0,2026-06-18,16:14:00
603822,ST嘉澳,72.4,74.8,75.27,75.79,72.35,9010.0,66370000.0,55.62,55.62,163.58,17.18,1.17,314700,586300.0,2026-06-18,16:14:01
603823,百合花,46.71,46.88,45.49,48.75,44.3,256089.0,1189720000.0,194.49,194.49,118.53,7.94,6.15,13301700,12307200.0,2026-06-18,16:14:18
603825,ST华扬,6.64,6.99,7.0,7.05,6.64,42661.0,29000000.0,16.82,16.82,-2.71,54.01,1.68,2268600,1997500.0,2026-06-18,16:14:05
603826,坤彩科技,31.08,32.08,32.04,32.25,31.05,74624.0,235760000.0,203.64,203.64,-489.34,10.89,1.14,3950400,3512000.0,2026-06-18,16:14:03
603828,*ST利达,4.48,4.51,4.56,4.71,4.47,43577.0,19930000.0,26.7,26.7,-10.95,5.21,0.73,1749600,2608100.0,2026-06-18,16:14:14
603829,洛凯股份,18.32,19.3,19.3,19.31,18.23,61402.0,114890000.0,34.12,34.12,62.03,2.28,3.3,3119300,3020900.0,2026-06-18,16:14:25
603833,欧派家居,33.56,34.06,33.9,34.37,33.38,30888.0,104120000.0,204.43,204.43,11.09,1.11,0.51,1437300,1651600.0,2026-06-18,16:14:03
603836,海程邦达,11.49,11.48,11.35,11.56,11.23,20145.0,23020000.0,23.58,22.98,49.42,1.36,1.01,1022100,992400.0,2026-06-18,16:14:24
603838,*ST四通,9.76,9.6,9.61,10.08,9.61,21819.0,21660000.0,31.23,31.23,-36.98,3.55,0.68,1262700,919200.0,2026-06-18,16:14:25
603839,安正时尚,6.18,6.2,6.19,6.26,6.09,37671.0,23310000.0,23.92,23.92,-13.19,1.42,0.97,1980900,1786200.0,2026-06-18,16:14:04
603843,*ST正平,8.8,8.38,8.78,8.8,8.61,181822.0,159060000.0,61.57,61.57,-33.76,239.0,2.6,10671700,7510500.0,2026-06-18,16:14:12
603848,好太太,13.76,13.69,13.61,13.93,13.42,18624.0,25560000.0,55.37,55.37,26.32,2.19,0.46,942900,919500.0,2026-06-18,16:14:16
603855,华荣股份,17.24,17.61,17.61,17.61,16.97,25698.0,44260000.0,58.19,57.85,16.71,2.59,0.77,939400,1630400.0,2026-06-18,16:14:18
603856,东宏股份,12.55,12.5,12.47,12.62,12.18,64350.0,79780000.0,35.4,35.4,14.09,1.3,2.28,2538800,3896200.0,2026-06-18,16:14:17
603858,步长制药,15.28,15.39,15.51,15.63,15.26,44262.0,68370000.0,161.14,161.14,43.09,1.58,0.42,2360800,2065300.0,2026-06-18,16:14:26
603859,能科科技,52.9,50.77,51.3,53.39,49.8,373547.0,1942930000.0,129.45,129.45,57.35,4.12,15.27,18543500,18811200.0,2026-06-18,16:14:26
603860,中公高科,25.56,25.89,25.71,25.93,25.35,10953.0,28120000.0,17.04,17.04,36.53,2.06,1.64,555900,539500.0,2026-06-18,16:14:19
603861,白云电器,15.43,15.89,15.9,15.98,15.32,167015.0,260250000.0,83.4,81.56,41.37,2.08,3.16,7124300,9577200.0,2026-06-18,16:14:04
603863,松炀资源,14.18,14.51,14.39,14.6,14.18,43456.0,62340000.0,29.02,29.02,-15.21,11.98,2.12,2084700,2260900.0,2026-06-18,16:14:29
603866,桃李面包,3.96,4.08,4.07,4.07,3.94,175060.0,69590000.0,63.35,63.35,25.17,1.28,1.09,6240600,11265400.0,2026-06-18,16:14:29
603867,XD新化股,39.1,39.6,39.33,40.36,38.88,83734.0,330070000.0,85.04,84.33,31.48,2.79,3.88,4171000,4202400.0,2026-06-18,16:14:21
603868,飞科电器,34.44,32.5,32.5,34.72,32.22,38537.0,130410000.0,150.02,150.02,28.87,4.55,0.88,2274000,1579700.0,2026-06-18,16:14:01
603869,ST智知,8.85,8.91,8.88,8.99,8.77,10059.0,8940000.0,43.73,43.73,125.86,1.17,0.2,397900,608000.0,2026-06-18,16:14:27
603871,嘉友国际,11.14,11.64,11.63,11.64,11.08,157941.0,178580000.0,152.4,152.4,12.63,2.42,1.15,6574100,9220000.0,2026-06-18,16:14:13
603876,鼎胜新材,25.35,26.04,25.68,26.8,25.26,289298.0,749000000.0,235.57,235.57,37.91,3.08,3.11,14637500,14292400.0,2026-06-18,16:14:11
603877,太平鸟,12.87,13.03,12.97,13.03,12.47,20089.0,25740000.0,60.63,60.4,32.42,1.37,0.43,838200,1170700.0,2026-06-18,16:14:01
603878,武进不锈,6.07,5.93,5.85,6.23,5.8,224141.0,134160000.0,34.06,34.06,107.31,1.33,3.99,11230900,11183300.0,2026-06-18,16:14:23
603879,永悦科技,4.56,4.59,4.52,4.64,4.42,97388.0,44330000.0,16.39,16.39,-30.58,7.07,2.71,5371200,4367700.0,2026-06-18,16:14:09
603880,南卫股份,7.7,8.06,7.99,8.27,7.61,157733.0,123010000.0,22.26,22.26,-22.51,12.93,5.46,6934600,8838700.0,2026-06-18,16:14:18
603881,数据港,32.44,31.76,31.76,32.8,31.57,280895.0,908720000.0,233.04,233.04,167.1,6.93,3.91,14631200,13458300.0,2026-06-18,16:14:05
603882,金域医学,24.59,24.5,24.55,25.0,24.31,36515.0,90120000.0,113.92,113.15,-110.96,1.79,0.79,1787700,1863700.0,2026-06-18,16:14:20
603883,老百姓,11.82,11.84,11.79,11.92,11.61,60110.0,70770000.0,89.7,89.7,22.71,1.32,0.79,2713500,3297600.0,2026-06-18,16:14:03
603885,吉祥航空,10.86,11.36,11.36,11.36,10.55,445749.0,481800000.0,237.18,237.18,20.89,2.39,2.04,18747700,25827200.0,2026-06-18,16:14:18
603886,元祖股份,13.12,13.59,13.55,13.84,13.06,103336.0,138640000.0,31.49,31.49,33.36,2.35,4.31,4772600,5561000.0,2026-06-18,16:14:18
603887,城地香江,10.53,10.6,10.67,10.76,10.44,133157.0,141160000.0,63.39,63.39,-64.23,1.82,2.21,6473300,6842500.0,2026-06-18,16:14:12
603888,新华网,18.82,18.69,18.67,19.05,18.46,95528.0,180120000.0,126.99,126.99,38.49,3.34,1.42,4563800,4989000.0,2026-06-18,16:14:27
603889,新澳股份,5.7,5.73,5.69,5.78,5.63,68268.0,38950000.0,54.1,53.7,10.84,1.52,0.72,3514000,3312800.0,2026-06-18,16:14:18
603890,XD春秋电,25.75,24.89,24.67,25.92,24.42,622996.0,1574240000.0,115.06,115.06,37.68,3.58,13.94,31290100,31009600.0,2026-06-18,16:15:00
603893,瑞芯微,180.66,175.95,175.53,184.97,175.0,128294.0,2311250000.0,764.02,763.87,65.88,16.19,3.03,6670800,6158600.0,2026-06-18,16:14:06
603895,天永智能,30.6,30.16,30.22,31.0,29.7,17892.0,54410000.0,33.07,33.07,194.53,16.11,1.66,925500,863700.0,2026-06-18,16:14:21
603896,寿仙谷,14.6,15.72,15.65,15.65,14.59,38050.0,57130000.0,28.94,28.94,-250.44,1.3,1.92,1383000,2422000.0,2026-06-18,16:14:01
603897,长城科技,38.36,37.2,37.21,39.51,36.61,82110.0,314900000.0,79.19,79.19,25.95,3.46,3.98,4299200,3911800.0,2026-06-18,16:14:18
603898,好莱客,12.5,12.56,12.47,12.59,12.36,23362.0,29100000.0,38.92,38.92,-403.78,1.27,0.75,1068600,1267600.0,2026-06-18,16:14:19
603899,晨光股份,21.3,21.8,21.75,21.75,21.17,70347.0,150370000.0,195.06,195.06,14.67,2.28,0.77,3700500,3334300.0,2026-06-18,16:14:16
603900,莱绅通灵,6.03,6.07,6.05,6.12,5.94,65649.0,39640000.0,20.68,20.67,24.35,1.04,1.92,3615000,2949900.0,2026-06-18,16:14:05
603901,永创智能,10.78,10.73,10.66,10.88,10.58,58601.0,63100000.0,62.17,58.46,37.04,2.14,1.08,2879300,2980800.0,2026-06-18,16:14:09
603903,中持股份,11.65,11.73,11.74,11.84,11.4,55973.0,65300000.0,29.74,29.74,-32.45,2.08,2.19,2752100,2845200.0,2026-06-18,16:14:27
603906,龙蟠科技,23.8,24.97,24.83,25.7,23.5,482413.0,1174800000.0,184.71,133.99,272.92,3.81,8.57,22585900,25655400.0,2026-06-18,16:14:23
603908,牧高笛,18.42,18.48,18.4,18.67,18.06,11078.0,20430000.0,17.15,17.15,-38.63,3.53,1.19,595400,512400.0,2026-06-18,16:14:22
603909,建发合诚,9.42,9.48,9.57,9.57,9.24,26023.0,24340000.0,24.56,24.56,21.49,2.14,1.0,1213000,1389300.0,2026-06-18,16:14:04
603912,佳力图,8.68,8.34,8.34,8.79,8.29,194872.0,167830000.0,47.03,47.03,-75.97,2.73,3.6,10332600,9154600.0,2026-06-18,16:14:24
603915,国茂股份,15.92,15.83,15.82,16.34,15.71,87659.0,140360000.0,106.33,104.54,43.04,2.79,1.33,4280900,4484900.0,2026-06-18,16:14:05
603916,苏博特,14.23,13.29,13.33,14.6,13.26,321054.0,451460000.0,60.66,59.81,47.82,1.44,7.64,18186300,13919100.0,2026-06-18,16:14:04
603917,XD合力科,11.75,11.58,11.64,12.13,11.51,54636.0,64790000.0,23.95,23.95,116.4,1.45,2.68,2633500,2830000.0,2026-06-18,16:14:05
603918,金桥信息,10.47,10.48,10.41,10.65,10.28,64445.0,67600000.0,38.23,38.23,-59.3,3.91,1.77,3217900,3226600.0,2026-06-18,16:14:19
603919,金徽酒,18.51,18.49,18.57,18.82,17.96,77606.0,141600000.0,93.89,93.89,28.88,2.78,1.53,3742500,4018100.0,2026-06-18,16:14:29
603920,XD世运电,58.5,59.91,59.98,59.98,58.13,299919.0,1765120000.0,421.55,421.55,77.96,6.7,4.16,13932400,16059500.0,2026-06-18,16:14:13
603922,ST金鸿顺,15.8,15.29,16.05,16.05,14.72,45689.0,72050000.0,28.31,28.31,-29.29,3.04,2.55,2087300,2481500.0,2026-06-18,16:14:22
603926,铁流股份,19.82,19.58,19.58,20.16,19.3,48829.0,96600000.0,46.18,45.75,57.33,2.65,2.12,2732200,2150700.0,2026-06-18,16:14:12
603927,中科软,13.83,14.13,14.13,14.14,13.8,92605.0,129120000.0,114.93,114.93,51.23,3.87,1.11,4812100,4448400.0,2026-06-18,16:14:16
603928,DR兴业股,11.4,11.63,11.46,11.62,11.2,70267.0,80040000.0,38.84,38.84,32.28,2.45,2.06,3403200,3623500.0,2026-06-18,16:14:21
603929,亚翔集成,215.52,232.18,235.0,247.65,213.0,140749.0,3121450000.0,459.83,459.83,43.46,21.15,6.6,6995600,7079300.0,2026-06-18,16:14:02
603931,格林达,55.99,57.39,56.82,58.18,55.89,64012.0,362660000.0,111.73,111.73,93.1,5.7,3.21,3223500,3177700.0,2026-06-18,16:14:15
603933,睿能科技,24.17,23.65,23.56,24.35,23.18,65373.0,155960000.0,50.16,50.16,89.03,3.78,3.15,2893600,3643700.0,2026-06-18,16:14:18
603936,博敏电子,28.65,26.76,26.5,29.44,26.18,766876.0,2176240000.0,184.89,180.61,-585.67,4.21,12.16,39424600,37263000.0,2026-06-18,16:14:04
603937,丽岛新材,13.2,13.62,13.65,13.66,13.14,48236.0,64200000.0,27.57,27.57,1183.76,1.78,2.31,2689400,2134200.0,2026-06-18,16:14:05
603938,三孚股份,53.82,55.44,55.8,56.49,53.35,311967.0,1711270000.0,205.93,205.93,223.48,8.13,8.15,14700500,16496200.0,2026-06-18,16:14:23
603939,益丰药房,19.9,19.78,19.7,20.03,19.46,79620.0,157150000.0,241.27,241.27,13.96,2.03,0.66,3642300,4319700.0,2026-06-18,16:14:12
603948,建业股份,23.61,24.04,24.04,24.04,23.28,14440.0,34120000.0,38.36,38.36,16.45,1.87,0.89,706800,737200.0,2026-06-18,16:14:12
603949,雪龙集团,16.03,16.12,16.27,16.4,15.98,38847.0,62650000.0,33.78,33.7,35.31,3.19,1.85,1537800,2346900.0,2026-06-18,16:14:05
603950,长源东谷,65.8,62.61,62.97,68.87,62.97,151197.0,1012170000.0,213.28,213.11,54.11,6.98,4.67,7123800,7995900.0,2026-06-18,16:14:24
603955,大千生态,21.62,22.91,23.1,23.11,21.46,39893.0,87630000.0,29.34,29.34,-21.31,2.05,2.94,1621600,2367700.0,2026-06-18,16:14:29
603956,威派格,4.98,4.53,4.52,4.98,4.5,224743.0,107850000.0,28.38,28.38,-19.59,1.54,3.94,10247800,12226500.0,2026-06-18,16:14:17
603958,哈森股份,20.42,20.45,20.4,20.92,20.0,47198.0,96930000.0,44.79,44.79,-115.64,6.88,2.15,2614000,2105800.0,2026-06-18,16:14:20
603959,ST百利,4.45,4.49,4.71,4.71,4.37,266027.0,120460000.0,21.82,21.82,-12.75,5580.43,5.43,10950400,15652300.0,2026-06-18,16:14:14
603960,克来机电,21.5,21.63,21.7,21.99,21.18,86432.0,185520000.0,56.37,56.37,266.0,5.02,3.3,4185100,4458100.0,2026-06-18,16:14:02
603966,法兰泰克,9.78,9.27,9.27,9.89,9.22,207042.0,200820000.0,50.9,50.83,20.0,2.52,3.98,11362800,9341400.0,2026-06-18,16:14:08
603967,中创物流,11.33,11.4,11.37,11.53,11.2,22568.0,25720000.0,39.28,39.28,13.52,1.74,0.65,1190200,1066600.0,2026-06-18,16:14:27
603968,醋化股份,9.94,10.15,10.09,10.2,9.9,38929.0,39010000.0,20.33,20.33,-29.01,1.16,1.9,2079000,1813900.0,2026-06-18,16:14:16
603969,银龙股份,7.35,7.37,7.4,7.44,7.1,179407.0,130410000.0,64.06,62.45,17.71,2.26,2.11,8921500,9019300.0,2026-06-18,16:14:27
603970,中农立华,10.26,10.34,10.29,10.29,10.1,18461.0,18840000.0,27.58,27.58,15.89,1.79,0.69,818300,1027800.0,2026-06-18,16:14:11
603976,正川股份,25.56,27.7,27.7,28.0,24.95,129159.0,333290000.0,38.65,38.65,260.83,3.38,8.54,5583400,7332500.0,2026-06-18,16:14:10
603977,国泰集团,13.61,13.26,13.23,13.89,13.06,168754.0,228950000.0,84.55,84.55,33.95,2.44,2.72,8175000,8700400.0,2026-06-18,16:14:03
603978,深圳新星,27.48,27.04,26.84,27.73,26.5,103430.0,280740000.0,58.01,58.01,-91.05,3.5,4.9,5131100,5211900.0,2026-06-18,16:14:11
603979,金诚信,73.45,77.3,75.37,77.95,72.66,122915.0,919340000.0,458.17,458.17,18.19,4.0,1.97,5094400,7197100.0,2026-06-18,16:14:10
603980,吉华集团,5.85,5.85,5.81,5.98,5.7,224323.0,131470000.0,39.59,39.59,42.43,1.03,3.31,11085800,11346500.0,2026-06-18,16:14:26
603982,泉峰汽车,6.07,6.14,6.1,6.19,6.0,50227.0,30640000.0,22.16,20.61,-6.48,1.04,1.48,2714500,2308200.0,2026-06-18,16:14:13
603983,丸美生物,22.43,21.76,21.64,22.59,21.36,26441.0,58650000.0,89.94,89.94,42.18,2.62,0.66,1594400,1049700.0,2026-06-18,16:14:27
603985,恒润股份,25.27,25.25,25.18,25.75,25.01,169621.0,429530000.0,111.4,111.4,93.83,3.36,3.85,8093100,8869100.0,2026-06-18,16:14:28
603986,兆易创新,629.0,586.04,594.0,644.64,586.6,591573.0,37016390000.0,4409.93,4200.74,153.41,17.82,8.86,32317200,26840200.0,2026-06-18,16:14:00
603987,康德莱,7.1,7.15,7.08,7.2,7.08,29150.0,20780000.0,31.01,31.01,13.27,1.12,0.67,1131200,1783800.0,2026-06-18,16:14:17
603988,中电电机,18.88,19.14,19.14,19.29,18.8,26578.0,50500000.0,44.41,44.41,143.48,6.77,1.13,1245300,1412500.0,2026-06-18,16:14:19
603989,艾华集团,41.5,37.73,40.06,41.5,39.62,53717.0,220420000.0,165.49,165.49,62.59,4.19,1.35,1144700,4227100.0,2026-06-18,16:14:26
603990,麦迪科技,21.81,22.52,22.3,22.5,21.55,165355.0,362410000.0,66.57,66.57,343.01,7.99,5.42,7116600,9418900.0,2026-06-18,16:14:15
603991,领先股份,129.69,117.9,117.32,129.69,116.47,75959.0,953210000.0,198.05,96.66,1065.05,5.63,10.19,4118400,3477500.0,2026-06-18,16:14:23
603992,松霖科技,33.49,32.22,32.0,34.31,31.81,86127.0,287390000.0,148.37,148.37,58.1,4.18,1.94,4460800,4151900.0,2026-06-18,16:14:21
603993,洛阳钼业,20.04,20.17,19.77,21.14,19.71,4535583.0,9245440000.0,4287.42,3499.15,17.75,5.18,2.6,218101100,235457200.0,2026-06-18,16:14:00
603995,甬金股份,22.57,21.38,21.59,22.87,21.28,203666.0,449180000.0,82.52,82.52,14.47,1.44,5.57,10252300,10114300.0,2026-06-18,16:14:25
603997,继峰股份,13.62,13.69,13.51,14.02,13.51,136731.0,187880000.0,173.28,173.28,36.04,3.29,1.07,6062900,7610200.0,2026-06-18,16:14:22
603998,方盛制药,9.35,9.32,9.28,9.51,9.23,41847.0,39240000.0,41.05,41.05,13.39,2.46,0.95,2305700,1879000.0,2026-06-18,16:14:10
603999,读者传媒,5.47,5.41,5.4,5.54,5.3,80588.0,44200000.0,31.51,31.51,36.79,1.52,1.4,4550500,3508300.0,2026-06-18,16:14:09
605001,威奥股份,5.81,5.82,5.8,5.88,5.7,48669.0,28280000.0,22.83,22.83,27.96,0.85,1.24,2651200,2215600.0,2026-06-18,16:15:00
605003,XD众望布,22.48,22.05,21.92,22.76,21.62,10177.0,22680000.0,24.73,24.73,39.12,1.75,0.93,526800,490900.0,2026-06-18,16:14:20
605005,XD合兴股,16.27,15.84,15.84,16.33,15.65,17471.0,28210000.0,65.24,65.24,32.72,3.19,0.44,924500,822600.0,2026-06-18,16:14:29
605006,山东玻纤,23.4,26.0,23.4,23.98,23.4,262396.0,616940000.0,147.04,147.04,-1216.77,5.87,4.18,17186500,9053100.0,2026-06-18,16:14:00
605007,五洲特纸,12.71,13.05,13.06,13.13,12.71,29744.0,38230000.0,60.47,51.04,21.63,1.72,0.74,1412600,1561800.0,2026-06-18,16:14:03
605008,长鸿高科,11.07,11.16,11.16,11.19,10.85,26943.0,29580000.0,71.51,71.51,-350.3,3.66,0.42,1393500,1300800.0,2026-06-18,16:14:02
605009,豪悦护理,22.6,22.54,22.47,23.06,22.11,16245.0,36670000.0,48.6,48.6,21.61,1.4,0.76,784000,840400.0,2026-06-18,16:14:08
605011,杭州热电,17.07,17.94,17.81,17.85,17.03,66573.0,115300000.0,68.3,68.3,35.92,2.81,1.66,2946700,3710600.0,2026-06-18,16:14:04
605016,百龙创园,25.15,25.24,25.35,25.46,24.74,18995.0,47700000.0,105.63,105.63,25.91,5.25,0.45,931800,967700.0,2026-06-18,16:14:11
605018,长华集团,15.06,15.48,15.25,15.48,14.92,130316.0,197110000.0,70.79,70.79,68.15,2.5,2.77,6474800,6556800.0,2026-06-18,16:14:10
605020,永和股份,34.17,37.1,37.23,37.27,33.84,543135.0,1903660000.0,174.55,171.85,27.08,3.06,10.8,22900700,31412700.0,2026-06-18,16:14:22
605028,世茂能源,21.46,21.39,21.48,21.89,21.08,12262.0,26330000.0,34.34,34.34,24.19,2.69,0.77,618700,607500.0,2026-06-18,16:14:20
605033,美邦股份,18.11,18.22,18.22,18.39,17.9,14461.0,26240000.0,24.48,24.48,45.06,2.08,1.07,750800,695300.0,2026-06-18,16:14:21
605050,福然德,10.21,10.09,10.02,10.33,9.9,37120.0,37670000.0,50.32,50.32,13.56,1.13,0.75,2001700,1710300.0,2026-06-18,16:14:04
605055,迎丰股份,11.52,11.52,11.45,11.6,10.9,104848.0,118140000.0,50.69,50.69,-79.94,5.3,2.38,5110800,5374000.0,2026-06-18,16:14:00
605056,咸亨国际,17.75,17.59,17.99,18.32,17.41,58236.0,104420000.0,72.67,71.6,27.52,4.25,1.44,2853600,2970000.0,2026-06-18,16:14:11
605058,澳弘电子,41.61,41.5,41.0,42.2,40.77,51532.0,214150000.0,59.47,59.47,39.93,3.27,3.61,2529200,2624000.0,2026-06-18,16:14:19
605060,联德股份,52.73,50.52,51.3,54.8,50.7,81730.0,436960000.0,126.86,125.99,52.02,5.02,3.42,4173400,3999600.0,2026-06-18,16:14:09
605066,天正电气,7.22,7.0,7.01,7.34,6.96,183474.0,132260000.0,36.28,36.28,46.83,2.08,3.65,10714900,7632600.0,2026-06-18,16:14:27
605068,明新旭腾,18.8,19.27,19.16,19.3,18.8,19174.0,36540000.0,30.49,30.49,-274.7,1.97,1.18,988500,928900.0,2026-06-18,16:14:02
605069,正和生态,11.07,10.78,10.7,11.86,10.7,211328.0,239420000.0,23.43,23.43,-11.04,3.41,9.98,9517300,11615500.0,2026-06-18,16:14:17
605077,华康股份,11.56,11.83,11.8,11.82,11.54,66279.0,77100000.0,35.03,34.61,24.77,1.18,2.21,3077300,3550600.0,2026-06-18,16:14:18
605080,浙江自然,22.02,21.46,21.44,22.9,21.25,50671.0,111450000.0,31.17,30.91,18.65,1.37,3.61,2289500,2777600.0,2026-06-18,16:14:25
605081,退市太和,0.39,0.37,0.37,0.4,0.37,54199.0,2080000.0,0.44,0.44,-0.14,0.07,4.79,3950600,1469200.0,2026-06-18,16:14:05
605086,龙高股份,30.17,27.43,27.16,30.17,27.16,38060.0,112380000.0,54.06,54.06,47.15,3.32,2.12,1649700,2156300.0,2026-06-18,16:14:11
605088,冠盛股份,29.76,31.53,31.22,31.48,29.76,49920.0,151350000.0,60.33,59.88,20.88,2.13,2.48,2043200,2948800.0,2026-06-18,16:14:05
605089,味知香,21.55,21.25,20.83,22.02,20.83,17849.0,38620000.0,29.74,29.74,41.32,2.35,1.29,917000,867900.0,2026-06-18,16:14:05
605090,九丰能源,35.13,34.43,34.26,36.1,33.7,135170.0,475300000.0,247.99,247.5,17.61,2.19,1.92,7275000,6242000.0,2026-06-18,16:14:24
605098,行动教育,54.78,54.32,54.22,55.16,53.71,5621.0,30580000.0,65.33,65.33,19.75,7.21,0.47,275300,286800.0,2026-06-18,16:14:05
605099,共创草坪,32.82,33.21,33.26,33.35,32.6,24089.0,79510000.0,132.12,131.76,18.54,4.4,0.6,1337800,1071100.0,2026-06-18,16:14:23
605100,华丰股份,39.16,37.26,37.26,40.34,37.06,94647.0,371340000.0,93.6,93.16,389.42,5.19,3.98,4759800,4704900.0,2026-06-18,16:14:01
605108,同庆楼,12.2,12.4,12.4,12.4,12.1,21815.0,26660000.0,31.72,31.72,47.29,1.36,0.84,1179500,1001900.0,2026-06-18,16:14:22
605111,新洁能,74.3,71.15,70.46,74.69,70.11,278853.0,2039280000.0,308.59,308.59,81.23,7.24,6.71,14073300,13812000.0,2026-06-18,16:14:14
605116,奥锐特,19.56,19.41,19.35,19.91,19.2,26070.0,51060000.0,79.45,79.45,20.18,3.1,0.64,1222100,1384900.0,2026-06-18,16:14:27
605117,德业股份,103.2,103.08,103.0,106.0,101.3,182957.0,1901010000.0,1313.84,1313.84,35.96,13.24,1.44,8235600,10060100.0,2026-06-18,16:14:12
605118,力鼎光电,32.7,33.2,33.2,33.3,32.45,26997.0,88650000.0,134.48,133.7,49.15,9.0,0.66,1285600,1414100.0,2026-06-18,16:14:16
605122,四方新材,11.59,11.58,11.45,11.79,11.22,34646.0,40100000.0,19.98,19.98,-6.58,1.15,2.01,1827000,1637500.0,2026-06-18,16:14:10
605123,派克新材,104.91,103.21,102.3,106.69,100.17,44885.0,466930000.0,127.12,127.12,48.62,2.75,3.7,2489500,1999000.0,2026-06-18,16:14:03
605128,上海沿浦,26.0,25.23,25.23,26.32,24.9,81950.0,211760000.0,81.64,81.64,40.59,3.83,2.61,4214400,3980600.0,2026-06-18,16:14:24
605133,XD嵘泰股,35.67,35.84,35.86,36.29,35.08,83272.0,296870000.0,100.86,100.63,53.86,2.68,2.95,4078700,4248500.0,2026-06-18,16:14:19
605136,丽人丽妆,7.77,7.95,7.94,7.95,7.75,63191.0,49440000.0,31.12,31.12,-60.62,1.29,1.58,3075300,3243800.0,2026-06-18,16:15:00
605138,盛泰集团,6.06,6.13,6.07,6.11,5.9,42644.0,25740000.0,33.67,33.67,19.2,1.36,0.77,2319600,1944800.0,2026-06-18,16:14:01
605151,西上海,18.84,18.97,18.98,19.16,18.73,9991.0,18920000.0,25.35,25.35,125.3,1.84,0.74,498700,500500.0,2026-06-18,16:14:18
605155,西大门,13.55,13.48,13.38,13.82,13.21,29535.0,39960000.0,25.92,25.32,23.85,1.95,1.58,1403300,1550200.0,2026-06-18,16:14:19
605158,华达新材,6.6,6.39,6.32,6.76,6.18,93798.0,60890000.0,33.75,33.75,-1315.02,1.39,1.83,4918800,4461000.0,2026-06-18,16:14:05
605162,新中港,8.58,8.87,8.87,8.88,8.51,154309.0,133290000.0,38.0,38.0,31.71,2.94,3.48,6936700,8494200.0,2026-06-18,16:14:27
605166,聚合顺,9.96,10.8,10.9,10.9,9.88,141067.0,144060000.0,31.35,31.35,31.95,1.58,4.48,5617500,8489200.0,2026-06-18,16:14:18
605167,利柏特,14.22,14.14,14.05,15.38,14.03,277490.0,408570000.0,70.95,70.95,32.82,3.48,5.56,13518100,14230900.0,2026-06-18,16:14:23
605168,三人行,54.16,50.33,50.41,55.36,50.41,119076.0,641200000.0,114.18,114.18,89.57,4.42,5.65,5758800,6148900.0,2026-06-18,16:14:24
605169,洪通燃气,9.69,9.83,9.76,9.86,9.63,24135.0,23490000.0,27.41,27.41,26.5,1.36,0.85,1221300,1192200.0,2026-06-18,16:14:12
605177,东亚药业,17.63,17.87,17.87,18.34,17.37,42787.0,75990000.0,20.23,20.04,-18.27,1.22,3.76,2231400,2047300.0,2026-06-18,16:14:04
605178,时空科技,64.84,63.2,62.86,65.68,62.62,24002.0,153990000.0,64.24,64.24,-29.8,5.82,2.42,1426300,973900.0,2026-06-18,16:14:24
605179,一鸣食品,13.52,13.62,13.61,13.68,13.33,18405.0,24900000.0,54.22,54.22,100.96,4.77,0.46,929500,911000.0,2026-06-18,16:14:19
605180,华生科技,14.19,14.28,14.23,14.41,13.75,31954.0,45110000.0,23.98,23.98,111.06,2.11,1.89,1643900,1551500.0,2026-06-18,16:14:22
605183,确成股份,14.8,14.98,15.01,15.01,14.72,11320.0,16770000.0,61.55,61.04,14.04,1.7,0.27,530400,601600.0,2026-06-18,16:14:21
605186,健麾信息,33.87,32.85,32.85,34.67,32.85,100538.0,340210000.0,46.06,46.06,149.7,4.16,7.39,5373900,4679900.0,2026-06-18,16:14:07
605188,国光连锁,12.76,12.92,12.85,12.93,12.61,35792.0,45710000.0,64.1,64.1,313.21,5.27,0.71,1772100,1807100.0,2026-06-18,16:14:04
605189,富春染织,13.45,13.42,13.26,13.5,13.16,49712.0,66550000.0,32.04,32.04,22.07,1.68,2.09,2322400,2648800.0,2026-06-18,16:14:22
605196,华通线缆,31.28,32.65,32.59,33.13,30.85,218697.0,692630000.0,159.83,157.95,51.8,4.72,4.33,10290800,11579000.0,2026-06-18,16:14:15
605198,安德利,81.7,86.1,84.6,85.96,77.49,155804.0,1242780000.0,273.03,221.03,86.13,9.57,5.76,8111800,7468600.0,2026-06-18,16:14:19
605199,ST葫芦娃,6.09,6.13,6.13,6.17,6.05,17126.0,10430000.0,24.37,24.37,-7.15,6.35,0.43,912000,800600.0,2026-06-18,16:14:13
605208,永茂泰,16.2,15.76,15.86,16.42,15.58,125547.0,202670000.0,53.45,53.45,75.45,2.43,3.81,6550900,6003800.0,2026-06-18,16:14:15
605218,伟时电子,17.45,18.22,18.13,18.16,17.3,67849.0,119170000.0,42.37,37.14,-248.11,2.4,3.19,3166000,3618900.0,2026-06-18,16:14:16
605222,起帆电缆,25.03,25.35,25.67,25.69,24.91,65126.0,164350000.0,103.35,103.35,52.69,2.2,1.58,3115400,3397200.0,2026-06-18,16:14:07
605228,神通科技,13.52,13.1,13.09,13.63,12.81,82196.0,109670000.0,64.78,64.51,38.0,2.89,1.72,4738100,3481500.0,2026-06-18,16:14:22
605255,天普股份,80.86,77.6,76.83,83.07,76.54,16912.0,136120000.0,108.42,108.42,720.8,13.39,1.26,929900,761300.0,2026-06-18,16:14:08
605258,协和电子,36.9,37.24,37.24,37.49,36.51,33153.0,122640000.0,32.47,32.47,54.22,2.77,3.77,1733200,1582100.0,2026-06-18,16:14:22
605259,绿田机械,18.5,18.35,18.3,18.82,17.77,23549.0,43220000.0,31.91,31.91,13.69,1.74,1.37,1066900,1288000.0,2026-06-18,16:14:28
605266,健之佳,15.63,15.75,15.65,15.84,15.46,17428.0,27240000.0,24.16,24.16,16.04,0.96,1.13,832300,910600.0,2026-06-18,16:14:18
605268,王力安防,9.6,9.73,9.68,9.73,9.52,29943.0,28790000.0,42.85,42.29,32.78,2.48,0.68,1618100,1376200.0,2026-06-18,16:14:09
605277,新亚电子,18.35,18.15,17.94,18.81,17.8,124616.0,229120000.0,71.34,70.05,32.76,4.25,3.26,6170900,6290700.0,2026-06-18,16:14:10
605286,同力天启,29.78,29.32,29.25,30.14,29.01,23677.0,70350000.0,50.03,50.03,37.01,2.33,1.41,1220700,1147000.0,2026-06-18,16:14:15
605287,德才股份,43.68,42.18,41.72,45.27,41.67,54440.0,239320000.0,61.15,61.15,102.01,3.87,3.89,2767400,2676600.0,2026-06-18,16:14:10
605288,凯迪股份,80.0,78.99,78.31,81.28,74.82,33891.0,264710000.0,79.15,78.62,227.04,3.62,3.45,1580000,1809100.0,2026-06-18,16:14:01
605289,罗曼股份,138.51,133.2,133.5,140.8,133.5,46232.0,639350000.0,211.38,211.09,244.39,15.83,3.03,2218300,2404900.0,2026-06-18,16:14:20
605296,神农集团,25.68,26.42,26.37,26.37,25.56,16816.0,43400000.0,134.76,133.02,-25.05,3.15,0.32,839400,842200.0,2026-06-18,16:14:18
605298,必得科技,54.7,53.84,53.84,55.76,53.1,18303.0,100300000.0,102.75,101.88,179.38,9.95,0.98,872200,958100.0,2026-06-18,16:14:25
605299,舒华体育,14.75,14.76,14.66,14.9,14.46,120708.0,177610000.0,60.13,60.13,56.86,5.03,2.96,5826300,6244500.0,2026-06-18,16:14:14
605300,佳禾食品,8.62,8.7,8.6,8.74,8.51,22331.0,19250000.0,39.17,39.17,87.6,1.37,0.49,1024500,1208600.0,2026-06-18,16:14:08
605303,园林股份,31.73,31.49,31.63,32.04,31.0,53021.0,167400000.0,51.16,51.16,-30.88,6.05,3.29,2393600,2908500.0,2026-06-18,16:14:21
605305,中际联合,36.75,37.08,37.49,37.49,36.5,30301.0,111820000.0,78.1,78.1,13.93,2.62,1.43,1460700,1569400.0,2026-06-18,16:14:08
605318,法狮龙,132.09,131.1,137.65,137.65,124.66,50886.0,649750000.0,166.08,166.08,53654.99,25.97,4.05,2609200,2479400.0,2026-06-18,16:14:18
605319,无锡振华,25.78,25.72,25.46,26.06,25.3,26414.0,67770000.0,90.26,89.75,19.14,3.26,0.76,1354300,1287100.0,2026-06-18,16:14:22
605333,沪光股份,18.68,18.79,18.78,18.92,18.53,18280.0,34240000.0,86.68,86.68,20.72,2.58,0.39,1008900,819100.0,2026-06-18,16:14:21
605336,*ST帅电,14.58,15.05,14.98,15.15,14.3,35880.0,52030000.0,26.74,26.74,-42.9,1.48,1.96,1555600,2032400.0,2026-06-18,16:14:06
605337,李子园,8.82,8.87,8.86,8.94,8.7,25400.0,22390000.0,34.41,34.41,18.74,2.06,0.65,1338900,1201100.0,2026-06-18,16:14:23
605338,巴比食品,18.76,19.14,18.98,19.2,18.65,18656.0,35100000.0,44.94,44.94,15.88,2.14,0.78,930400,935200.0,2026-06-18,16:14:16
605339,南侨食品,12.54,12.75,12.76,12.76,12.5,12935.0,16290000.0,53.21,53.21,361.33,1.56,0.3,541100,752400.0,2026-06-18,16:14:21
605358,立昂微,70.2,70.95,69.69,73.94,69.69,838852.0,5993970000.0,542.08,542.08,-959.44,7.45,10.86,38530000,45355200.0,2026-06-18,16:14:07
605365,立达信,14.98,15.24,15.25,15.3,14.86,37229.0,55930000.0,75.2,75.2,47.1,2.03,0.74,1711900,2011000.0,2026-06-18,16:14:14
605366,宏柏新材,10.71,10.77,10.65,10.75,10.2,224172.0,235570000.0,82.77,82.77,-49.21,3.1,2.9,11141800,11275400.0,2026-06-18,16:15:00
605368,蓝天燃气,6.69,6.97,6.97,6.97,6.67,52855.0,35670000.0,47.81,47.81,20.28,1.44,0.74,1937300,3348200.0,2026-06-18,16:14:16
605369,XD拱东医,15.68,15.53,15.48,15.84,15.33,14644.0,22930000.0,34.57,34.57,61.64,2.05,0.66,792800,671600.0,2026-06-18,16:14:20
605376,博迁新材,231.31,210.28,210.19,231.31,205.9,98832.0,2217630000.0,605.11,605.11,249.07,34.38,3.78,4455900,5427400.0,2026-06-18,16:14:15
605377,华旺科技,7.64,7.9,7.9,7.92,7.62,66896.0,51710000.0,42.53,42.53,16.66,1.1,1.2,2450800,4238800.0,2026-06-18,16:14:23
605378,野马电池,17.25,16.58,16.23,17.58,16.06,87455.0,148510000.0,45.08,45.08,115.82,3.74,3.35,4324300,4421200.0,2026-06-18,16:14:12
605388,均瑶健康,5.16,5.17,5.22,5.23,5.07,69505.0,35920000.0,30.98,30.98,-16.1,2.02,1.16,3209300,3741200.0,2026-06-18,16:14:01
605389,长龄液压,91.42,87.99,88.19,91.5,87.01,26059.0,234240000.0,171.24,161.95,128.66,8.19,1.47,1402800,1203100.0,2026-06-18,16:14:12
605398,新炬网络,21.99,22.4,22.18,22.33,21.7,24193.0,53270000.0,35.78,35.78,259.19,3.44,1.49,1180400,1238900.0,2026-06-18,16:14:26
605399,晨光新材,13.14,13.7,13.7,13.83,13.1,64305.0,85790000.0,41.02,40.93,-37.58,1.99,2.06,3348400,3082100.0,2026-06-18,16:14:13
605488,福莱新材,33.78,33.59,33.53,34.0,32.92,58924.0,197710000.0,101.98,93.3,166.54,4.6,2.13,2954600,2937800.0,2026-06-18,16:14:06
605499,东鹏饮料,120.6,125.39,125.55,125.55,120.42,78864.0,960240000.0,885.44,815.28,18.87,4.65,1.17,3868700,4017700.0,2026-06-18,16:14:04
605500,森林包装,6.6,6.65,6.68,6.7,6.53,53570.0,35500000.0,27.35,27.35,112.05,1.07,1.29,2887600,2469400.0,2026-06-18,16:14:18
605507,国邦医药,15.22,15.31,15.31,15.35,15.05,33573.0,51010000.0,119.07,119.07,15.54,1.42,0.43,1369800,1987500.0,2026-06-18,16:14:01
605555,XD德昌股,14.72,14.95,14.9,15.07,14.52,77150.0,113260000.0,71.25,71.25,75.57,2.49,1.59,3294100,4420900.0,2026-06-18,16:14:27
605566,福莱蒽特,50.23,51.44,50.42,51.39,49.65,70409.0,354830000.0,66.98,66.98,119.21,3.3,5.28,3062200,3978700.0,2026-06-18,16:14:23
605567,XD春雪食,8.5,8.49,8.46,8.59,8.3,35212.0,29870000.0,17.0,17.0,46.0,1.56,1.76,1795500,1725700.0,2026-06-18,16:14:21
605577,龙版传媒,9.5,9.48,9.43,9.61,9.29,41588.0,39510000.0,42.22,42.22,17.69,1.05,0.94,2004800,2154000.0,2026-06-18,16:14:17
605580,恒盛能源,24.03,24.23,24.1,25.58,23.65,167265.0,410910000.0,67.28,67.28,41.48,6.8,5.97,7658900,9067600.0,2026-06-18,16:14:14
605588,冠石科技,63.05,63.05,62.42,64.79,62.26,40317.0,253560000.0,46.2,46.09,-55.76,4.88,5.52,1962500,2069100.0,2026-06-18,16:14:21
605589,圣泉集团,69.82,66.4,64.66,71.8,64.01,791316.0,5421220000.0,590.95,590.62,60.47,5.7,9.35,41513000,37618700.0,2026-06-18,16:14:29
605598,上海港湾,37.4,36.12,35.85,39.69,35.5,100038.0,376780000.0,90.89,90.89,268.05,5.37,4.12,4621100,5382700.0,2026-06-18,16:14:29
605599,菜百股份,14.57,14.76,14.67,14.93,14.53,36093.0,52990000.0,113.32,113.32,9.35,2.55,0.46,1677600,1931700.0,2026-06-18,16:14:25
688001,华兴源创,81.09,73.69,72.5,82.12,72.06,18730311.0,1454830000.0,382.39,382.39,337.32,11.26,3.97,1040048100,832983000.0,2026-06-18,16:14:50
688002,睿创微纳,147.76,145.8,145.86,149.0,143.83,8408375.0,1239100000.0,694.4,694.4,47.64,9.65,1.79,426809500,414028000.0,2026-06-18,16:14:53
688003,天准科技,124.42,116.2,117.6,128.88,115.01,12501455.0,1528510000.0,241.77,241.77,213.73,12.87,6.43,601273300,648872200.0,2026-06-18,16:14:57
688004,博汇科技,20.0,19.74,19.55,20.13,19.3,1844095.0,36570000.0,16.02,16.02,-61.62,2.79,2.3,85433300,98976200.0,2026-06-18,16:14:47
688005,容百科技,32.78,33.79,33.71,33.89,32.64,19182074.0,634980000.0,234.29,234.25,-146.05,3.02,2.68,820493200,1097714200.0,2026-06-18,16:14:35
688006,杭可科技,37.11,37.78,37.76,38.12,36.59,19669572.0,729890000.0,224.02,224.02,58.85,4.12,3.26,953004300,1013952900.0,2026-06-18,16:14:59
688007,光峰科技,13.21,12.96,12.91,13.38,12.76,7428935.0,97480000.0,60.72,60.72,-20.97,2.52,1.62,402333600,340559900.0,2026-06-18,16:14:36
688008,澜起科技,269.9,262.5,260.0,275.28,258.01,81571699.0,21797710000.0,3298.72,3094.21,128.98,15.82,7.12,3908749100,4248420800.0,2026-06-18,16:14:35
688009,中国通号,4.93,4.98,4.96,4.97,4.89,34895233.0,171800000.0,522.08,425.02,14.32,1.09,0.4,1454798800,2034724500.0,2026-06-18,16:14:56
688010,福光股份,50.47,47.88,47.62,52.5,46.99,16498565.0,818310000.0,81.04,81.04,560.04,4.73,10.28,788559900,861296600.0,2026-06-18,16:14:57
688011,新光光电,60.35,60.45,60.15,61.68,59.5,1338285.0,81030000.0,60.35,60.15,-146.92,5.76,1.34,66454900,67373600.0,2026-06-18,16:14:47
688012,中微公司,360.0,351.0,350.0,368.0,345.0,26144797.0,9363420000.0,3373.1,3373.1,123.61,13.9,2.79,1307413000,1307066700.0,2026-06-18,16:14:44
688013,天臣医疗,27.7,26.94,27.17,27.86,26.91,1179330.0,32440000.0,22.48,22.48,27.52,3.9,1.45,63669300,54263700.0,2026-06-18,16:14:47
688015,交控科技,16.68,16.64,16.56,16.77,16.31,1097806.0,18250000.0,31.47,31.47,20.3,1.21,0.58,58332500,51448100.0,2026-06-18,16:14:40
688016,心脉医疗,89.18,89.37,90.2,91.18,88.73,1459765.0,131020000.0,109.93,109.93,18.68,2.68,1.18,69579800,76396700.0,2026-06-18,16:14:47
688017,绿的谐波,408.01,381.6,381.6,413.82,375.64,19201616.0,7694420000.0,748.01,748.01,546.98,20.96,10.47,1014172400,905989200.0,2026-06-18,16:14:57
688018,乐鑫科技,127.96,122.4,122.5,130.13,121.4,9021229.0,1139220000.0,299.92,299.92,55.56,6.75,3.85,438040600,464082300.0,2026-06-18,16:14:40
688019,安集科技,245.99,245.62,244.42,250.68,242.5,10173279.0,2500920000.0,559.61,559.61,68.04,12.43,4.47,505504600,511823300.0,2026-06-18,16:14:59
688020,方邦股份,236.0,232.31,228.13,239.68,224.0,4931691.0,1145890000.0,194.45,194.45,-189.94,14.78,5.99,258482300,234686800.0,2026-06-18,16:14:39
688021,奥福科技,21.42,21.52,21.48,21.83,21.04,1637940.0,35110000.0,16.37,16.37,56.62,1.87,2.14,88166500,75627500.0,2026-06-18,16:14:33
688022,ST瀚川,7.88,7.99,7.96,8.14,7.82,3385979.0,26930000.0,13.86,13.86,68.73,2.1,1.93,142524200,196073700.0,2026-06-18,16:14:58
688023,安恒信息,38.24,37.77,37.77,38.88,37.35,2123651.0,81380000.0,39.07,39.07,-64.93,1.74,2.08,102221300,110143800.0,2026-06-18,16:14:33
688025,杰普特,449.0,445.0,443.0,456.63,437.0,3076311.0,1375350000.0,426.77,426.77,125.37,18.4,3.24,137884800,169746300.0,2026-06-18,16:14:58
688026,洁特生物,15.1,13.0,12.94,15.6,12.85,9685958.0,141180000.0,21.2,21.19,76.93,1.96,6.9,506367900,462227900.0,2026-06-18,16:14:43
688027,国盾量子,528.03,507.84,511.31,540.86,511.31,3357295.0,1780290000.0,543.14,424.4,8125.46,16.84,4.18,159830100,175899400.0,2026-06-18,16:14:33
688028,沃尔德,117.29,113.88,112.67,121.0,111.1,5843362.0,688770000.0,177.05,177.05,173.98,8.84,3.87,312590600,271745600.0,2026-06-18,16:14:54
688029,南微医学,71.08,69.96,69.23,71.71,69.23,1416956.0,100210000.0,133.52,133.52,24.02,3.15,0.75,80617500,61078100.0,2026-06-18,16:14:49
688030,山石网科,17.0,17.02,16.82,17.44,16.8,3892588.0,66570000.0,30.64,30.64,-19.95,4.5,2.16,191169500,198089300.0,2026-06-18,16:14:36
688031,星环科技-U,127.35,124.48,123.0,130.4,121.2,9392856.0,1193670000.0,154.27,154.27,-70.9,19.13,7.75,489663000,449622600.0,2026-06-18,16:14:45
688032,禾迈股份,87.68,86.69,86.17,87.97,85.24,1227678.0,106250000.0,108.79,108.79,-51.08,1.92,0.99,58180800,64587000.0,2026-06-18,16:14:42
688033,*ST天宜,6.38,6.68,6.64,6.64,6.38,7282903.0,47220000.0,35.87,35.87,-1.61,2.7,1.3,297542200,430748100.0,2026-06-18,16:14:43
688035,德邦科技,103.36,97.33,97.3,106.87,94.5,10287255.0,1028150000.0,147.02,147.02,127.98,6.28,7.23,504353800,524371700.0,2026-06-18,16:14:38
688036,传音控股,53.51,55.92,55.65,56.5,53.0,16128276.0,876440000.0,616.0,616.0,22.07,3.05,1.4,739432000,873395600.0,2026-06-18,16:14:57
688037,芯源微,293.05,287.3,284.58,299.13,278.0,8635130.0,2478870000.0,590.87,590.87,837.47,21.1,4.28,436917400,426595600.0,2026-06-18,16:14:49
688038,中科通达,20.89,20.67,20.7,21.19,19.96,3246514.0,67180000.0,24.31,24.31,-227.94,4.1,2.79,167931600,156719800.0,2026-06-18,16:14:46
688039,当虹科技,44.0,41.75,41.2,44.38,40.41,4187382.0,178650000.0,48.66,48.66,-51.42,4.69,3.79,233539100,185199100.0,2026-06-18,16:14:57
688041,海光信息,328.0,308.22,310.0,336.18,308.88,53786738.0,17474840000.0,7623.83,7623.83,279.66,32.45,2.31,2944336500,2434337300.0,2026-06-18,16:14:51
688045,必易微,79.05,78.55,78.21,81.3,77.53,2745511.0,216800000.0,55.79,55.79,143.65,3.9,3.89,124696100,149855000.0,2026-06-18,16:15:00
688046,药康生物,19.13,17.79,17.78,19.38,17.47,5252194.0,98550000.0,78.43,78.43,49.09,3.56,1.28,275224800,249994600.0,2026-06-18,16:14:51
688047,龙芯中科,146.49,143.5,143.0,148.55,142.0,10804565.0,1577540000.0,587.42,587.42,-140.59,24.49,2.69,536420000,544036500.0,2026-06-18,16:14:48
688048,长光华芯,391.07,371.5,381.0,401.2,377.0,16623516.0,6500000000.0,689.38,689.38,2043.03,22.87,9.43,870153500,792198100.0,2026-06-18,16:14:34
688049,炬芯科技,46.0,45.93,45.53,47.08,45.53,7492685.0,347780000.0,80.58,80.58,38.04,3.85,4.28,410574200,338694300.0,2026-06-18,16:14:36
688050,爱博医疗,39.23,39.23,39.15,40.37,38.95,2642929.0,104580000.0,75.89,75.89,28.65,2.65,1.37,136736700,127556200.0,2026-06-18,16:14:39
688051,佳华科技,26.38,26.77,26.27,26.86,26.27,1414126.0,37510000.0,20.4,20.4,-15.97,3.52,1.83,67747400,73665200.0,2026-06-18,16:14:48
688052,纳芯微,266.6,264.8,266.66,271.52,259.17,3477728.0,921550000.0,433.55,379.98,-203.29,5.71,2.44,168469100,179303700.0,2026-06-18,16:14:41
688053,ST思科瑞,36.6,37.1,36.78,37.79,36.27,958929.0,35580000.0,36.6,36.6,-193.13,2.31,0.96,40151300,55741600.0,2026-06-18,16:14:48
688055,龙腾光电,5.28,5.47,5.35,5.44,5.23,42246844.0,224290000.0,176.0,176.0,-79.75,4.39,1.27,1800581600,2424102800.0,2026-06-18,16:14:48
688056,莱伯泰科,70.36,66.57,66.57,72.69,65.06,3970540.0,273140000.0,47.46,47.46,138.6,5.91,5.89,193438300,203615700.0,2026-06-18,16:14:47
688057,金达莱,13.32,13.53,13.75,13.79,13.01,2997187.0,39710000.0,36.76,36.76,62.83,1.16,1.09,133293900,166424800.0,2026-06-18,16:14:45
688058,宝兰德,23.37,23.38,23.05,23.67,22.73,1010163.0,23510000.0,17.72,17.72,-22.41,2.88,1.33,56055200,44961100.0,2026-06-18,16:14:51
688059,华锐精密,205.91,196.15,194.33,213.5,193.0,4780158.0,970760000.0,205.88,192.69,61.9,9.48,5.11,249729800,228286000.0,2026-06-18,16:14:55
688060,云涌科技,35.46,35.5,35.44,36.1,34.69,371366.0,13240000.0,21.34,21.34,-134.31,2.41,0.62,20779600,16357000.0,2026-06-18,16:14:36
688061,灿瑞科技,47.8,48.51,48.28,49.33,47.78,2439337.0,117850000.0,54.92,54.92,-82.92,2.39,2.12,112804200,131129500.0,2026-06-18,16:14:38
688062,迈威生物-U,27.42,27.11,26.86,28.12,26.39,8765296.0,239800000.0,122.49,55.98,-13.32,114.68,4.29,486891500,389638100.0,2026-06-18,16:14:54
688063,派能科技,59.25,58.47,58.0,59.78,57.65,8774253.0,517800000.0,145.38,145.38,100.13,1.58,3.58,408075400,469349900.0,2026-06-18,16:14:37
688065,凯赛生物,44.29,43.05,43.01,45.17,43.01,6369744.0,283380000.0,319.46,258.38,54.19,1.79,1.09,327604800,309369600.0,2026-06-18,16:14:56
688066,*ST航图,13.16,12.72,12.72,13.67,12.58,10032931.0,132380000.0,34.38,34.38,-1.85,-2.78,3.84,583951600,419341500.0,2026-06-18,16:14:39
688067,爱威科技,21.59,21.43,21.31,21.86,21.07,979764.0,21070000.0,14.68,14.68,48.98,2.81,1.44,54106800,43869600.0,2026-06-18,16:14:42
688068,热景生物,77.53,76.1,77.1,81.5,75.01,2852403.0,224240000.0,71.91,71.91,-29.15,2.96,3.08,161233700,124006600.0,2026-06-18,16:14:56
688069,德林海,41.32,40.65,40.24,43.09,40.01,5501220.0,230980000.0,64.72,64.72,67.23,5.21,3.51,278287000,271835000.0,2026-06-18,16:14:53
688070,纵横股份,40.53,39.78,40.48,42.4,38.99,1945447.0,79370000.0,35.84,35.84,176.97,6.0,2.2,94580800,99963900.0,2026-06-18,16:14:31
688071,华依科技,33.9,32.1,31.72,35.61,31.72,4317771.0,147280000.0,28.74,28.74,-45.44,2.84,5.09,224077800,207699300.0,2026-06-18,16:14:58
688072,拓荆科技,734.0,740.0,730.0,754.1,721.65,8933910.0,6592030000.0,2074.97,2074.97,126.19,28.91,3.16,428012700,465378300.0,2026-06-18,16:14:52
688073,毕得医药,45.38,44.63,44.6,46.6,44.0,2053318.0,93360000.0,41.24,41.24,24.57,2.06,2.26,103751400,101580400.0,2026-06-18,16:14:43
688075,安旭生物,30.16,30.9,30.74,31.47,30.0,824609.0,25200000.0,38.33,38.33,153.12,0.74,0.65,28901000,53559900.0,2026-06-18,16:14:44
688076,ST诺泰,27.43,27.14,27.14,27.77,26.68,2070120.0,56360000.0,86.69,86.69,28.03,2.88,0.65,92351000,114661000.0,2026-06-18,16:14:45
688077,大地熊,30.69,29.66,29.49,31.45,29.42,4580422.0,140640000.0,35.13,35.13,56.44,3.23,4.0,241701300,216340900.0,2026-06-18,16:14:31
688078,龙软科技,21.55,21.75,21.53,22.05,21.06,690965.0,14930000.0,15.71,15.71,-22.3,2.35,0.95,36990300,32106200.0,2026-06-18,16:14:55
688079,美迪凯,29.56,31.94,32.3,32.3,28.71,52801138.0,1582590000.0,121.65,119.53,-66.83,9.74,13.06,2702172900,2577940900.0,2026-06-18,16:14:56
688080,映翰通,41.9,41.77,41.28,42.21,41.0,1192506.0,49840000.0,30.86,30.86,22.68,2.64,1.62,59659000,59591600.0,2026-06-18,16:14:32
688081,兴图新科,49.33,47.6,47.44,50.6,46.8,1971783.0,96520000.0,50.83,50.83,-100.42,12.89,1.91,103566700,93611600.0,2026-06-18,16:14:32
688082,盛美上海,378.75,361.2,362.3,383.0,361.65,10377433.0,3860250000.0,1827.83,1808.2,145.77,13.28,2.17,506255200,531488100.0,2026-06-18,16:14:39
688083,中望软件,65.43,64.91,64.21,66.26,63.33,7701209.0,499950000.0,111.0,111.0,365.0,4.3,4.54,356215200,413905700.0,2026-06-18,16:14:37
688084,晶品特装,51.51,51.17,51.59,52.88,50.35,963454.0,49970000.0,38.97,38.97,-254.69,2.54,1.27,43021900,53323500.0,2026-06-18,16:14:59
688085,三友医疗,12.12,12.09,12.03,12.38,12.02,3271903.0,39750000.0,44.46,42.49,77.54,2.1,0.93,171261800,155928500.0,2026-06-18,16:14:48
688087,英科再生,38.61,38.77,38.11,39.28,37.21,2829959.0,108990000.0,74.92,71.91,28.33,2.6,1.52,129938000,153057900.0,2026-06-18,16:14:54
688088,虹软科技,38.05,37.84,37.6,38.37,37.3,6480380.0,245790000.0,152.65,152.65,58.08,5.51,1.62,324232200,323805800.0,2026-06-18,16:14:32
688089,嘉必优,11.37,11.48,11.26,11.63,11.26,3213403.0,36890000.0,19.14,19.14,34.69,1.2,1.91,151943500,169396800.0,2026-06-18,16:14:42
688090,瑞松科技,129.35,122.38,122.88,131.5,120.0,7383143.0,943940000.0,158.29,157.93,527.15,17.11,6.05,410581200,327733100.0,2026-06-18,16:14:54
688091,上海谊众,40.81,39.3,39.28,41.55,38.58,4493283.0,181820000.0,84.36,84.36,123.08,5.82,2.17,265366500,183961800.0,2026-06-18,16:14:58
688092,爱科科技,22.59,22.82,22.7,22.98,22.5,944756.0,21420000.0,18.67,18.67,40.34,2.87,1.14,42306000,52169600.0,2026-06-18,16:14:37
688093,世华科技,29.82,29.97,30.06,30.4,29.8,3311464.0,99450000.0,83.61,83.61,21.05,3.0,1.18,156937600,174208800.0,2026-06-18,16:14:43
688095,福昕软件,66.49,64.74,64.9,67.58,63.65,2400014.0,158910000.0,60.74,60.74,128.33,2.34,2.63,127561300,112440100.0,2026-06-18,16:14:43
688096,京源环保,14.29,13.41,13.38,14.68,12.8,22845501.0,317700000.0,33.73,33.73,-44.71,4.08,9.68,1333199000,951351100.0,2026-06-18,16:14:37
688097,博众精工,70.98,69.84,69.71,71.6,68.68,9823579.0,690830000.0,317.03,315.87,48.57,6.6,2.21,457129900,525228000.0,2026-06-18,16:14:43
688098,申联生物,8.5,8.6,8.56,8.69,8.44,3387941.0,28920000.0,34.9,34.9,-181.74,2.52,0.83,142026000,196768100.0,2026-06-18,16:14:41
688099,晶晨股份,96.76,96.67,97.35,98.39,95.66,14547050.0,1412410000.0,409.6,409.6,47.74,5.44,3.44,712132000,742573000.0,2026-06-18,16:14:51
688100,威胜信息,31.4,31.47,31.18,31.73,31.0,2708749.0,85170000.0,154.39,154.39,22.87,4.36,0.55,141460300,129414600.0,2026-06-18,16:14:50
688101,三达膜,17.09,17.32,17.37,17.45,16.6,4830505.0,82130000.0,56.74,56.74,14.17,1.27,1.45,228761400,254289100.0,2026-06-18,16:14:50
688102,斯瑞新材,45.75,41.82,41.0,46.28,40.51,48456707.0,2143010000.0,357.34,357.34,225.67,18.15,6.2,2915295600,1930375100.0,2026-06-18,16:14:54
688103,国力电子,64.64,64.03,64.03,66.5,63.45,2099707.0,136290000.0,61.61,61.61,94.25,5.47,2.2,120778000,89192700.0,2026-06-18,16:14:48
688105,诺唯赞,15.72,13.89,13.86,15.74,13.81,10815461.0,163080000.0,81.27,81.27,-566.67,2.26,2.09,685885800,395660300.0,2026-06-18,16:14:34
688106,金宏气体,30.27,31.17,30.77,30.97,29.87,41204351.0,1248170000.0,162.06,162.06,174.65,4.99,7.7,1838481800,2281953300.0,2026-06-18,16:14:37
688107,安路科技,43.8,43.31,43.38,44.78,43.08,11545977.0,506940000.0,175.57,175.57,-69.43,19.45,2.88,580386900,574210800.0,2026-06-18,16:14:51
688108,赛诺医疗,20.16,19.95,19.99,20.25,19.66,14183880.0,283690000.0,84.26,84.26,122.51,8.49,3.39,784508300,633879700.0,2026-06-18,16:14:46
688109,品茗科技,82.79,80.5,81.68,84.14,79.21,1018420.0,83730000.0,65.27,65.27,205.23,8.44,1.29,51678900,50163100.0,2026-06-18,16:14:47
688110,东芯股份,154.42,152.91,160.0,162.0,151.01,27612331.0,4281550000.0,683.12,683.12,24997.94,18.99,6.24,1465879300,1295353800.0,2026-06-18,16:14:56
688111,金山办公,217.36,215.3,214.0,223.6,213.35,8082736.0,1772730000.0,1008.58,1008.58,27.79,6.62,1.74,415483700,392789900.0,2026-06-18,16:14:47
688112,鼎阳科技,78.01,77.32,77.2,80.86,76.11,4949815.0,388400000.0,124.5,124.5,88.78,8.1,3.1,243075000,251906500.0,2026-06-18,16:14:49
688113,XD联测科,38.62,38.72,38.41,38.95,37.5,1168082.0,44750000.0,24.87,24.87,25.62,2.49,1.81,58940200,57868000.0,2026-06-18,16:14:55
688114,华大智造,49.9,49.04,49.04,50.7,48.6,5010015.0,249770000.0,207.84,207.4,-131.53,2.93,1.21,265553000,235448500.0,2026-06-18,16:14:59
688115,思林杰,58.96,58.45,58.35,59.2,56.88,1553958.0,90290000.0,39.31,39.31,503.45,3.08,2.33,87323300,68072500.0,2026-06-18,16:14:36
688116,天奈科技,41.69,42.15,42.0,42.8,41.52,9092024.0,382060000.0,152.81,152.81,67.6,4.06,2.48,484571000,424631400.0,2026-06-18,16:14:52
688117,圣诺生物,23.72,23.12,23.1,24.12,22.83,3809439.0,90240000.0,52.26,52.26,29.5,4.86,1.73,211464600,169479300.0,2026-06-18,16:14:42
688118,普元信息,21.91,21.93,21.31,22.45,21.3,2034041.0,44630000.0,20.45,20.45,335.6,2.5,2.18,104726600,98677500.0,2026-06-18,16:14:38
688119,中钢洛耐,4.81,4.61,4.64,5.01,4.6,22623821.0,108550000.0,54.11,54.11,-32.51,1.92,2.01,1145009800,1117372300.0,2026-06-18,16:14:59
688120,华海清科,226.86,222.31,225.06,232.33,220.45,16050621.0,3615560000.0,1122.35,1122.35,102.25,14.81,3.24,786545200,818516900.0,2026-06-18,16:14:49
688121,卓然股份,6.48,6.48,0.0,0.0,0.0,0.0,0.0,15.14,13.13,20.72,0.6,0.0,0,0.0,2026-06-18,16:14:44
688122,西部超导,60.3,58.6,58.6,61.18,58.0,18341969.0,1102220000.0,391.75,391.75,54.94,5.46,2.82,873878900,960318000.0,2026-06-18,16:14:37
688123,聚辰股份,138.91,139.11,138.0,141.88,137.0,12440723.0,1727690000.0,220.73,220.73,74.84,8.56,7.83,537384300,706688000.0,2026-06-18,16:14:43
688125,安达智能,190.55,201.53,202.38,207.0,186.88,2072489.0,403040000.0,156.49,155.66,-131.31,8.72,2.54,78647100,128601800.0,2026-06-18,16:14:59
688126,沪硅产业,32.2,32.4,32.1,33.1,31.8,198041114.0,6409190000.0,1064.22,879.59,-59.72,6.32,7.25,9768588200,10035523200.0,2026-06-18,16:14:57
688127,蓝特光学,89.48,87.25,86.93,90.45,86.0,14396041.0,1274340000.0,363.2,363.2,76.82,16.41,3.55,650183500,789420600.0,2026-06-18,16:14:49
688128,中国电研,26.77,26.61,26.44,26.97,26.28,3373850.0,90150000.0,108.28,108.28,19.98,3.11,0.83,159169200,178215800.0,2026-06-18,16:14:58
688129,东来技术,25.88,25.54,25.56,26.63,25.32,1527035.0,39580000.0,31.18,31.18,30.52,3.02,1.27,82830800,69872700.0,2026-06-18,16:14:43
688130,晶华微,27.7,27.37,27.0,27.9,26.8,2529159.0,69620000.0,33.49,16.7,-91.97,2.71,4.2,124391500,128524400.0,2026-06-18,16:14:47
688131,皓元医药,86.37,75.05,75.2,90.06,74.58,15832661.0,1351310000.0,183.19,183.19,74.69,5.88,7.46,839475700,743790400.0,2026-06-18,16:14:57
688132,邦彦技术,14.13,14.3,14.22,14.54,14.0,1713408.0,24360000.0,21.51,21.51,-9.44,1.82,1.13,89463700,81877100.0,2026-06-18,16:14:55
688133,泰坦科技,20.46,20.04,19.96,20.78,19.9,4020814.0,81930000.0,33.64,33.64,-49.16,1.24,2.45,186590000,215491400.0,2026-06-18,16:14:49
688135,利扬芯片,39.5,38.15,37.73,41.28,37.63,21444191.0,850510000.0,92.08,92.08,5098.4,5.81,9.2,1083994600,1060424500.0,2026-06-18,16:14:49
688136,科兴制药,18.29,18.12,18.22,19.1,17.77,6459533.0,119700000.0,36.81,36.81,32.85,2.19,3.21,332182600,313770700.0,2026-06-18,16:14:42
688137,近岸蛋白,35.98,34.81,35.03,36.49,34.37,1185922.0,42390000.0,25.25,25.25,-32.97,1.25,1.69,68307400,50284800.0,2026-06-18,16:14:37
688138,清溢光电,39.26,40.93,40.53,40.61,39.03,17995092.0,711650000.0,123.59,123.59,64.62,4.36,5.72,728915900,1070593300.0,2026-06-18,16:14:32
688139,XD海尔生,26.67,26.67,26.68,27.19,26.46,2710152.0,72680000.0,84.41,84.41,38.38,1.94,0.86,142093300,128921900.0,2026-06-18,16:14:49
688141,杰华特,142.93,135.4,138.0,148.24,137.83,15165299.0,2177860000.0,643.64,643.64,-73.15,51.57,3.37,806152500,710377400.0,2026-06-18,16:14:49
688143,长盈通,218.0,218.0,0.0,0.0,0.0,0.0,0.0,280.74,266.78,1302.66,20.71,0.0,0,0.0,2026-06-18,16:14:39
688146,中船特气,364.0,339.7,332.0,365.0,323.36,15631003.0,5364490000.0,1927.06,527.69,535.1,33.43,10.78,831317200,731783100.0,2026-06-18,16:14:37
688147,微导纳米,112.95,116.07,115.0,115.35,110.56,11581572.0,1305800000.0,524.61,524.61,335.67,17.59,2.49,531568300,626588900.0,2026-06-18,16:14:49
688148,芳源股份,9.07,9.06,8.97,9.28,8.93,18641036.0,169390000.0,46.27,46.27,589.92,12.03,3.65,911335700,952767900.0,2026-06-18,16:14:35
688150,莱特光电,57.83,55.38,55.37,58.9,55.03,15272585.0,874720000.0,232.73,232.73,113.94,12.23,3.8,755720300,771538200.0,2026-06-18,16:14:41
688151,XD华强科,16.0,15.98,16.05,16.23,15.77,1585540.0,25470000.0,55.12,55.12,116.53,1.31,0.46,88393900,70160100.0,2026-06-18,16:14:45
688152,麒麟信安,30.83,30.48,30.45,31.73,30.23,1688400.0,52500000.0,31.42,31.42,-59.25,2.67,1.66,81149900,87690100.0,2026-06-18,16:14:37
688153,唯捷创芯,32.01,31.6,31.23,32.24,31.14,5984360.0,190250000.0,137.74,131.01,1010.98,3.46,1.46,317563900,280872100.0,2026-06-18,16:14:40
688155,先惠技术,83.4,83.77,84.38,84.46,82.31,2716480.0,226450000.0,105.45,105.45,23.64,4.46,2.15,129226200,142421800.0,2026-06-18,16:14:53
688156,路德科技,29.37,29.19,29.01,29.6,28.11,4586228.0,133080000.0,29.58,29.58,-49.04,3.82,4.55,215161200,243461600.0,2026-06-18,16:14:59
688157,松井股份,28.69,28.84,28.97,29.33,28.23,1795995.0,51760000.0,44.88,44.88,471.51,3.33,1.15,97558600,82040900.0,2026-06-18,16:14:34
688158,优刻得-W,38.63,37.2,37.35,38.8,37.07,36869937.0,1407470000.0,177.97,158.33,-682.4,7.23,9.0,1802138600,1884855100.0,2026-06-18,16:14:53
688159,有方科技,49.0,48.0,47.6,49.78,47.5,4723555.0,230220000.0,45.53,45.44,121.25,4.86,5.09,234969200,237386300.0,2026-06-18,16:14:35
688160,步科股份,112.09,109.3,109.48,114.2,107.69,3516042.0,392630000.0,101.81,101.81,136.35,7.92,3.87,165892400,185711800.0,2026-06-18,16:14:36
688161,威高骨科,21.84,21.42,21.31,21.98,21.1,1423532.0,30940000.0,87.36,87.36,33.46,2.08,0.36,78554400,63798800.0,2026-06-18,16:14:50
688162,巨一科技,26.19,25.88,25.66,26.45,25.39,1233168.0,32100000.0,35.91,35.91,47.73,1.48,0.9,54637900,68678900.0,2026-06-18,16:14:33
688163,赛伦生物,47.73,47.68,47.14,48.5,45.08,3608107.0,170410000.0,51.65,51.65,106.29,4.76,3.33,168125500,192685200.0,2026-06-18,16:14:32
688165,埃夫特-U,21.03,19.93,20.17,21.47,20.03,20513552.0,426300000.0,109.73,109.73,-24.97,9.08,3.93,1187147100,864208100.0,2026-06-18,16:14:53
688166,博瑞医药,43.21,40.38,40.53,45.43,39.85,17008574.0,737210000.0,188.31,188.31,370.33,7.65,3.9,884494100,816363300.0,2026-06-18,16:14:47
688167,炬光科技,393.0,399.23,395.0,403.7,389.0,7659489.0,3021860000.0,511.45,511.45,-2601.77,22.87,5.89,330001900,435947000.0,2026-06-18,16:14:32
688168,安博通,65.88,63.59,63.13,68.88,62.81,4329888.0,286090000.0,71.19,71.19,-76.66,7.12,4.01,215190000,217798800.0,2026-06-18,16:14:31
688169,石头科技,97.27,97.51,97.51,99.92,95.93,6773675.0,663050000.0,252.18,252.18,17.77,1.76,2.61,335774100,341593400.0,2026-06-18,16:14:55
688170,德龙激光,85.25,85.79,83.08,86.4,83.08,8049328.0,678710000.0,88.11,88.11,524.9,7.15,7.79,378706100,426226700.0,2026-06-18,16:14:46
688171,纬德信息,48.67,47.08,47.43,48.71,46.04,2369180.0,112510000.0,40.77,40.77,320.8,4.93,2.83,118093800,118824200.0,2026-06-18,16:14:43
688172,燕东微,75.01,66.66,67.77,77.18,66.33,40163894.0,2922080000.0,1070.86,899.19,-234.72,5.89,3.35,2304363300,1712026100.0,2026-06-18,16:14:53
688173,希荻微,17.39,16.93,16.86,17.4,16.79,10756869.0,185020000.0,72.17,71.49,-76.53,5.05,2.62,581078900,494608000.0,2026-06-18,16:14:57
688175,高凌信息,26.36,27.0,26.59,27.74,26.21,1749867.0,46820000.0,44.31,44.31,-175.03,2.58,1.04,81000900,93985800.0,2026-06-18,16:14:37
688176,亚虹医药-U,10.18,10.15,10.16,10.37,9.97,8129433.0,82860000.0,58.15,44.35,-13.06,3.96,1.87,420078000,392865300.0,2026-06-18,16:14:57
688177,百奥泰,17.06,16.37,16.34,17.33,16.01,4492728.0,75760000.0,70.64,70.64,-18.09,31.52,1.08,253627300,195645500.0,2026-06-18,16:14:34
688178,万德斯,38.02,38.65,38.38,38.7,37.26,1884724.0,71270000.0,32.32,32.32,-32.64,3.48,2.22,64714100,123758300.0,2026-06-18,16:14:40
688179,阿拉丁,22.24,21.24,21.11,22.45,20.9,12575229.0,276530000.0,80.51,80.51,75.26,7.84,3.47,653470800,604052100.0,2026-06-18,16:14:54
688180,君实生物-U,30.09,29.39,29.35,30.68,29.03,14687322.0,441040000.0,308.93,230.61,-46.75,5.24,1.92,739066400,729665800.0,2026-06-18,16:14:52
688181,八亿时空,45.55,45.73,45.95,46.27,44.8,8547578.0,386890000.0,61.26,61.26,74.91,2.97,6.36,368555200,486202600.0,2026-06-18,16:14:46
688182,灿勤科技,44.6,41.31,41.3,45.42,41.22,12351234.0,542380000.0,178.4,178.4,179.59,7.89,3.09,682698300,552425100.0,2026-06-18,16:14:46
688183,生益电子,138.5,141.07,139.63,142.48,135.8,32734471.0,4552340000.0,1152.07,1152.07,67.07,20.44,3.94,1534075500,1739371600.0,2026-06-18,16:14:54
688184,ST帕瓦,11.49,11.58,11.48,11.89,11.37,801816.0,9270000.0,18.01,11.28,-2.89,1.72,0.82,28476200,51705400.0,2026-06-18,16:14:35
688185,康希诺,49.93,49.76,49.38,51.42,49.38,1534368.0,77300000.0,123.35,57.11,-12259.68,2.5,1.34,79629100,73807700.0,2026-06-18,16:14:34
688186,广大特材,16.51,16.8,16.7,17.17,16.46,5567378.0,93110000.0,46.31,46.31,33.83,0.98,1.98,240176700,316561100.0,2026-06-18,16:14:55
688187,时代电气,58.7,58.62,58.91,59.78,57.99,16310605.0,959410000.0,791.1,510.05,19.25,1.83,1.88,768400200,862660300.0,2026-06-18,16:14:45
688188,柏楚电子,168.59,170.3,170.26,174.42,167.0,4232631.0,715160000.0,488.38,488.38,41.62,7.61,1.46,196814500,226448600.0,2026-06-18,16:14:45
688189,ST南新,6.34,6.55,6.75,6.8,6.34,10448866.0,68700000.0,17.4,17.4,-12.24,2.27,3.81,427254300,617632300.0,2026-06-18,16:14:55
688190,云路股份,107.92,111.64,110.87,113.99,107.01,2686805.0,294210000.0,129.5,129.5,46.69,4.95,2.24,113527800,155152700.0,2026-06-18,16:14:37
688191,智洋创新,39.13,37.03,37.36,39.4,36.14,10183366.0,389450000.0,128.35,128.35,206.34,14.73,3.1,587810300,430526300.0,2026-06-18,16:14:53
688192,迪哲医药-U,37.96,36.6,36.58,38.96,35.95,7068258.0,265730000.0,176.58,175.08,-26.47,14.24,1.53,368485900,338339900.0,2026-06-18,16:14:56
688193,仁度生物,55.91,52.29,51.28,56.33,51.28,1136763.0,61860000.0,22.4,22.4,161.62,2.55,2.84,67178900,46497400.0,2026-06-18,16:14:54
688195,腾景科技,212.54,210.82,211.0,215.99,208.68,10306333.0,2194110000.0,384.89,384.89,534.45,38.62,5.69,497821400,532811900.0,2026-06-18,16:14:34
688196,卓越新能,39.0,39.42,39.43,39.8,38.62,1075938.0,42140000.0,49.6,49.6,40.21,1.54,0.85,56768100,50825700.0,2026-06-18,16:14:43
688197,首药控股-U,32.38,30.37,30.3,32.88,29.71,2195021.0,69750000.0,48.16,20.72,-51.68,7.24,3.43,120499700,99002400.0,2026-06-18,16:14:31
688198,佰仁医疗,87.15,86.34,85.51,89.18,84.9,655433.0,57210000.0,120.05,120.05,59.3,9.54,0.48,34888000,30655300.0,2026-06-18,16:14:47
688199,久日新材,30.81,30.44,30.14,30.9,29.7,7462322.0,226480000.0,49.67,49.67,102.78,1.92,4.63,385439500,360792700.0,2026-06-18,16:14:34
688200,华峰测控,375.0,363.82,365.0,378.85,356.0,6361140.0,2338410000.0,752.16,752.16,132.34,18.67,3.17,315714200,320399800.0,2026-06-18,16:14:40
688201,ST信安,7.17,7.15,7.16,7.25,6.99,2575244.0,18420000.0,22.74,21.69,73.14,1.75,0.85,112118000,145406400.0,2026-06-18,16:14:35
688202,美迪西,56.99,53.55,53.85,58.38,52.8,6827914.0,381930000.0,76.57,76.57,-55.62,3.91,5.08,371258400,311533000.0,2026-06-18,16:14:35
688203,海正生材,11.48,11.46,11.31,12.0,11.01,5918272.0,68230000.0,23.27,23.27,217.91,1.58,2.92,298644800,293182400.0,2026-06-18,16:14:41
688205,德科立,252.4,237.03,234.15,255.0,233.5,13715320.0,3352300000.0,401.92,401.92,524.31,17.04,8.61,755140900,616391100.0,2026-06-18,16:14:46
688206,概伦电子,38.4,39.0,38.8,39.49,38.09,8510775.0,328760000.0,167.65,167.65,819.88,8.31,1.95,418403600,432673900.0,2026-06-18,16:14:55
688207,格灵深瞳,21.13,21.73,21.5,21.69,20.7,24708560.0,522440000.0,54.72,54.72,-29.97,3.0,9.54,1201771500,1269084500.0,2026-06-18,16:14:51
688208,道通科技,27.58,27.87,27.85,28.09,27.31,12170186.0,336140000.0,184.84,184.84,19.85,5.25,1.82,540572400,676446200.0,2026-06-18,16:14:44
688209,英集芯,25.61,25.16,25.15,25.8,24.68,14742452.0,370400000.0,111.09,111.09,54.6,4.97,3.4,770917800,703327400.0,2026-06-18,16:14:45
688210,统联精密,45.26,46.16,45.88,46.51,44.88,4565413.0,208220000.0,73.62,73.62,-268.78,5.75,2.81,186413400,270127900.0,2026-06-18,16:14:48
688211,中科微至,33.4,32.96,32.94,34.2,32.57,1770086.0,59130000.0,43.79,43.79,-68.74,1.25,1.35,78877600,98131000.0,2026-06-18,16:14:46
688212,澳华内镜,27.83,27.67,27.44,28.88,27.33,2416791.0,67910000.0,37.48,37.48,237.05,2.91,1.79,120701900,120977200.0,2026-06-18,16:14:30
688213,思特威-W,102.32,101.93,101.97,103.63,101.0,10004308.0,1024840000.0,411.64,331.01,39.33,8.06,3.09,493277600,507153200.0,2026-06-18,16:14:30
688215,瑞晟智能,42.66,42.71,42.31,42.96,41.85,1115703.0,47350000.0,38.54,38.54,91.62,8.0,1.23,60911500,50658800.0,2026-06-18,16:14:41
688216,气派科技,39.2,38.37,37.99,39.8,37.7,6840210.0,267670000.0,44.99,41.72,-95.86,6.13,6.43,360251500,323769500.0,2026-06-18,16:14:31
688217,睿昂基因,22.33,22.16,22.38,22.45,21.51,863894.0,19150000.0,12.47,12.47,-21.24,1.49,1.55,51310500,35078900.0,2026-06-18,16:14:59
688218,江苏北人,55.0,54.8,55.47,57.45,54.0,7408970.0,411740000.0,64.06,64.06,-110.37,7.51,6.36,328290400,412606600.0,2026-06-18,16:14:56
688219,会通股份,12.47,12.57,12.43,12.63,12.32,13412018.0,167050000.0,68.54,68.54,34.22,2.25,2.44,597704000,743497800.0,2026-06-18,16:14:47
688220,翱捷科技-U,101.11,99.75,99.53,103.1,98.3,10820723.0,1094700000.0,422.94,373.24,-142.85,7.77,2.93,562041200,520031100.0,2026-06-18,16:14:46
688221,前沿生物-U,18.65,17.85,17.79,18.94,17.63,12756223.0,235440000.0,69.86,69.86,2017.74,6.3,3.41,700377300,575245000.0,2026-06-18,16:14:50
688222,XD成都先,27.53,26.31,26.31,27.97,26.02,13914269.0,379410000.0,110.31,110.31,89.88,7.42,3.47,726889000,664537900.0,2026-06-18,16:14:32
688223,晶科能源,5.09,5.17,5.17,5.21,5.07,120040626.0,614960000.0,522.71,522.71,-7.64,2.1,1.17,4976894500,7027168100.0,2026-06-18,16:14:40
688225,亚信安全,13.58,13.05,12.88,14.07,12.86,8513670.0,116170000.0,54.32,54.32,-13.43,3.5,2.13,510076100,341290900.0,2026-06-18,16:14:58
688226,威腾电气,46.74,47.55,47.34,48.68,46.39,5730049.0,272090000.0,91.65,88.23,380.29,4.58,3.04,268136800,304868100.0,2026-06-18,16:14:44
688227,品高股份,102.3,85.25,85.2,102.3,83.76,11860470.0,1134760000.0,115.66,115.66,-221.21,9.28,10.49,672868900,513178100.0,2026-06-18,16:14:57
688228,开普云,86.76,86.98,86.49,88.0,85.33,1337701.0,116170000.0,58.61,58.61,-290.64,4.7,1.98,70465800,63304300.0,2026-06-18,16:14:57
688229,博睿数据,86.7,89.01,89.67,92.12,86.59,1675672.0,149360000.0,38.49,38.49,-38.78,10.53,3.77,76287300,91279900.0,2026-06-18,16:14:54
688230,芯导科技,71.07,70.21,70.0,71.71,69.5,1506013.0,106620000.0,83.58,83.58,74.6,3.71,1.28,78014900,72586400.0,2026-06-18,16:14:42
688231,隆达股份,48.2,44.37,44.15,49.97,43.69,5524580.0,261090000.0,118.99,118.99,127.85,4.24,2.24,287069800,265388200.0,2026-06-18,16:14:36
688232,新点软件,18.96,18.75,18.66,19.24,18.45,2236380.0,42310000.0,61.05,61.05,116.2,1.14,0.69,110870700,112767300.0,2026-06-18,16:14:32
688233,神工股份,124.37,121.71,121.03,130.3,119.0,16327609.0,2038060000.0,211.81,211.81,214.14,11.24,9.59,805041700,827719200.0,2026-06-18,16:14:45
688234,天岳先进,149.2,149.66,150.98,157.5,147.03,22995938.0,3490080000.0,723.05,641.13,-260.7,10.16,5.35,1170636200,1128957600.0,2026-06-18,16:14:58
688235,百济神州,218.22,211.72,211.17,223.32,211.17,5470206.0,1190340000.0,3363.68,251.07,106.35,10.18,4.75,272287500,274733100.0,2026-06-18,16:14:42
688236,春立医疗,15.16,14.91,14.82,15.44,14.82,1594095.0,24260000.0,58.15,43.73,21.05,1.91,0.55,73785200,85624300.0,2026-06-18,16:14:58
688237,超卓航科,57.1,57.53,57.1,58.35,55.25,3286029.0,187190000.0,51.21,51.21,359.16,4.22,3.66,188804000,139798900.0,2026-06-18,16:14:32
688238,和元生物,5.55,5.34,5.34,5.7,5.3,14735672.0,81580000.0,36.02,35.58,-15.75,2.66,2.3,801438900,672128300.0,2026-06-18,16:14:38
688239,航宇科技,58.92,56.55,58.11,61.09,58.11,9334679.0,556210000.0,112.49,112.49,56.38,5.44,4.89,477755500,455712400.0,2026-06-18,16:14:46
688244,永信至诚,15.67,15.61,15.55,15.85,15.39,1471945.0,23030000.0,23.66,23.66,-48.79,2.5,0.98,66640500,80554000.0,2026-06-18,16:14:33
688246,嘉和美康,24.69,25.35,25.65,25.7,24.68,3981683.0,99810000.0,33.97,33.97,-13.73,2.63,2.89,175656600,222511700.0,2026-06-18,16:14:59
688247,宣泰医药,7.58,7.53,7.48,7.74,7.43,2258031.0,17170000.0,34.36,34.36,78.89,2.63,0.5,122031700,103771400.0,2026-06-18,16:14:34
688248,南网科技,55.71,55.0,54.73,56.44,54.15,5276399.0,291470000.0,314.59,314.59,76.13,9.51,0.93,246948100,280691800.0,2026-06-18,16:14:54
688249,晶合集成,49.96,46.43,46.33,51.86,45.72,63719040.0,3119650000.0,1002.99,604.71,161.93,4.58,5.26,3454413400,2917490600.0,2026-06-18,16:14:53
688251,井松智能,25.3,25.05,25.05,25.9,24.63,3358681.0,84980000.0,25.45,25.28,171.39,3.02,3.36,154634700,181233400.0,2026-06-18,16:14:45
688252,天德钰,22.7,22.89,22.89,23.03,22.6,6220065.0,141770000.0,92.85,92.85,44.43,3.77,1.52,322912600,299093900.0,2026-06-18,16:14:44
688253,英诺特,58.7,57.82,57.82,60.66,57.2,1843459.0,108710000.0,80.41,80.41,89.53,3.95,1.35,92379500,91966400.0,2026-06-18,16:14:30
688255,凯尔达,31.51,30.8,30.65,32.0,30.33,3668753.0,114870000.0,34.62,34.62,107.44,3.29,3.34,174056800,192818500.0,2026-06-18,16:14:47
688256,寒武纪,1507.46,1320.0,1319.72,1540.0,1313.2,22169416.0,32153280000.0,9471.27,9471.27,348.6,77.39,3.53,1265967800,950973800.0,2026-06-18,16:14:52
688257,新锐股份,108.51,101.86,101.01,109.46,100.5,21436608.0,2245620000.0,384.55,384.55,78.12,14.69,6.05,1089969200,1053691600.0,2026-06-18,16:14:43
688258,卓易信息,128.63,128.1,129.66,133.68,128.31,4984765.0,650930000.0,155.83,155.83,129.41,16.27,4.11,248754900,249721600.0,2026-06-18,16:14:40
688259,创耀科技,39.18,38.83,38.8,39.5,38.54,2596615.0,101170000.0,43.76,43.76,56.41,2.77,2.32,151887300,107774200.0,2026-06-18,16:14:50
688260,昀冢科技,129.03,123.61,120.83,139.0,111.01,7233213.0,896050000.0,154.84,154.84,-81.17,95.88,6.03,358193300,365128000.0,2026-06-18,16:14:43
688261,东微半导,93.7,95.5,93.59,96.23,92.72,8534106.0,803100000.0,114.85,114.4,261.25,3.9,6.99,416008200,437402400.0,2026-06-18,16:14:56
688262,国芯科技,39.63,38.3,38.86,40.36,38.39,15833418.0,626960000.0,133.16,133.16,-49.68,6.91,4.71,860513300,722828500.0,2026-06-18,16:15:00
688265,南模生物,31.85,31.14,31.45,32.87,30.76,859559.0,27550000.0,24.83,24.83,75.05,1.45,1.1,39991700,45964200.0,2026-06-18,16:14:35
688266,泽璟制药-U,89.69,87.0,86.93,91.39,85.88,3405580.0,303330000.0,237.42,237.42,47.68,13.86,1.29,175336100,165221900.0,2026-06-18,16:14:49
688267,DR中触媒,23.26,23.27,23.5,24.16,23.09,3577498.0,84200000.0,53.06,53.06,27.11,1.88,1.57,155421100,202328700.0,2026-06-18,16:14:46
688268,华特气体,188.36,187.35,181.06,191.17,175.75,11443413.0,2085630000.0,240.5,240.5,192.66,12.83,8.96,575552200,568789100.0,2026-06-18,16:14:36
688269,凯立新材,34.99,35.33,35.14,36.03,34.84,1474433.0,52210000.0,45.73,45.73,33.75,4.31,1.13,71359900,76083400.0,2026-06-18,16:14:55
688270,ST臻镭,85.15,81.82,80.5,85.9,80.4,12356391.0,1039210000.0,255.04,255.04,169.91,11.11,4.13,660456700,575182400.0,2026-06-18,16:14:33
688271,联影医疗,103.48,110.07,110.29,110.32,102.0,16709159.0,1742900000.0,852.84,852.84,44.93,3.88,2.03,702119000,968796900.0,2026-06-18,16:14:47
688272,富吉瑞,34.48,35.26,34.56,35.41,34.22,1761899.0,61130000.0,26.2,26.2,-30.79,6.57,2.32,100065800,76124100.0,2026-06-18,16:14:40
688273,麦澜德,42.92,42.0,41.95,43.68,41.5,1304961.0,55550000.0,42.92,42.92,50.08,3.25,1.3,69205600,61290500.0,2026-06-18,16:14:47
688275,万润新能,136.05,136.14,136.26,140.28,134.0,4330103.0,592860000.0,171.58,171.58,174.26,3.11,3.43,209485700,223524600.0,2026-06-18,16:14:41
688276,百克生物,14.23,13.87,13.87,14.64,13.7,3424297.0,48820000.0,58.86,58.86,-22.04,1.53,0.83,181781900,160647800.0,2026-06-18,16:14:47
688277,天智航-U,18.87,19.97,19.96,20.15,18.77,12495422.0,239330000.0,86.05,86.05,-39.84,7.44,2.74,484745700,764796500.0,2026-06-18,16:14:39
688278,特宝生物,55.82,54.56,54.49,56.13,53.62,3633151.0,200480000.0,227.85,227.85,22.48,6.74,0.89,214395000,148920100.0,2026-06-18,16:14:58
688279,峰岹科技,209.19,210.37,211.49,216.5,208.18,1827830.0,386500000.0,240.81,195.71,93.78,4.71,1.95,87811500,94971500.0,2026-06-18,16:14:48
688280,精进电动-W,6.19,6.35,6.4,6.41,6.16,15883006.0,99420000.0,36.53,32.22,347.98,5.67,3.05,636514000,951786600.0,2026-06-18,16:14:31
688281,华秦科技,53.35,51.85,51.5,54.69,51.38,3986406.0,212820000.0,203.58,203.58,62.91,4.3,1.04,191409600,207231000.0,2026-06-18,16:14:45
688282,理工导航,65.51,69.22,69.0,69.88,65.3,2907858.0,195650000.0,57.65,57.65,-456.56,4.57,3.3,157417400,133368400.0,2026-06-18,16:14:48
688283,坤恒顺维,36.6,35.81,35.86,37.79,35.58,2308579.0,84880000.0,44.58,44.58,85.89,4.65,1.9,116083600,114774300.0,2026-06-18,16:14:49
688285,高铁电气,7.56,7.64,7.61,7.62,7.45,2774410.0,20900000.0,28.45,28.45,48.35,1.67,0.74,133158000,144283000.0,2026-06-18,16:14:59
688286,敏芯股份,79.9,80.31,80.37,81.72,77.97,3654982.0,293420000.0,44.79,44.79,196.63,4.22,6.52,180308900,185189300.0,2026-06-18,16:14:51
688287,退市观典,0.37,0.37,0.0,0.0,0.0,0.0,0.0,1.37,1.37,-0.62,0.23,0.0,0,0.0,2026-06-18,09:00:00
688288,鸿泉技术,19.6,20.08,20.44,20.47,19.42,1771018.0,34920000.0,19.56,19.56,831.02,2.64,1.77,87100500,90001300.0,2026-06-18,16:14:46
688289,圣湘生物,14.33,14.19,14.1,14.55,14.06,3823093.0,54800000.0,83.03,83.03,52.9,1.16,0.66,204441400,177867900.0,2026-06-18,16:14:59
688290,景业智能,70.3,66.08,66.08,75.96,65.0,4300689.0,307940000.0,71.84,71.84,-249.0,5.36,4.21,235241000,194827900.0,2026-06-18,16:14:32
688291,金橙子,54.68,50.66,50.01,55.15,50.01,4063671.0,216730000.0,56.14,56.14,72.06,5.6,3.96,212733300,193633800.0,2026-06-18,16:14:38
688292,浩瀚深度,21.04,20.38,20.08,21.2,19.88,3129545.0,64650000.0,33.32,33.32,-141.8,3.45,1.98,159942500,153012000.0,2026-06-18,16:14:44
688293,奥浦迈,38.09,37.51,37.52,39.11,37.02,1885914.0,71800000.0,53.05,43.35,80.06,1.77,1.66,93156500,95434900.0,2026-06-18,16:14:36
688295,中复神鹰,51.15,52.39,52.06,53.85,50.5,11972191.0,621080000.0,460.35,460.35,267.85,9.75,1.33,561541100,635678000.0,2026-06-18,16:14:53
688296,和达科技,12.76,12.76,12.67,12.92,12.41,1847707.0,23440000.0,13.77,13.7,-20.22,2.41,1.72,104424000,80346700.0,2026-06-18,16:14:49
688297,中无人机,45.31,45.73,45.58,46.14,44.8,6790609.0,308220000.0,305.84,305.84,345.22,5.47,1.01,334475900,344585000.0,2026-06-18,16:14:52
688298,东方生物,19.24,19.58,19.55,19.59,19.0,1164943.0,22500000.0,38.79,38.79,-7.03,0.66,0.58,46863400,69630900.0,2026-06-18,16:14:49
688299,长阳科技,17.56,17.96,18.05,18.05,17.56,9279694.0,164850000.0,50.47,50.47,-34.43,2.57,3.23,445616400,482353000.0,2026-06-18,16:15:00
688300,联瑞新材,270.47,235.24,232.99,277.72,232.0,8862607.0,2266470000.0,653.1,653.1,216.8,39.44,3.67,461879000,424381700.0,2026-06-18,16:14:34
688301,奕瑞科技,120.54,120.85,121.52,124.5,118.67,15529855.0,1886550000.0,356.78,356.78,52.04,5.94,5.25,856176200,696809300.0,2026-06-18,16:14:38
688302,海创药业-U,35.55,34.35,34.01,35.8,33.6,1886285.0,66020000.0,35.2,35.2,-26.07,3.41,1.91,106673100,81955400.0,2026-06-18,16:14:40
688303,大全能源,19.2,19.97,19.69,20.15,19.15,23566749.0,461050000.0,411.88,411.88,-30.02,1.08,1.1,1025299700,1331375200.0,2026-06-18,16:14:50
688305,科德数控,70.0,68.7,68.7,70.62,67.86,3878686.0,270350000.0,93.03,92.55,103.31,4.92,2.93,201138100,186730500.0,2026-06-18,16:15:00
688306,均普智能,10.43,9.34,9.3,10.63,9.28,40098024.0,405500000.0,128.11,128.11,1585.23,7.36,3.26,2422392200,1587410200.0,2026-06-18,16:14:32
688307,中润光学,75.58,73.0,72.8,76.98,71.7,9295179.0,691120000.0,93.93,93.93,138.85,10.64,7.48,454942100,474575800.0,2026-06-18,16:14:58
688308,欧科亿,188.56,174.47,170.28,193.58,169.0,11810036.0,2149380000.0,299.4,299.4,99.85,10.57,7.44,637553500,543450100.0,2026-06-18,16:14:59
688309,恒誉环保,66.0,63.41,62.75,66.68,62.3,1862021.0,120830000.0,52.4,52.4,77.43,6.44,2.35,91703500,94498600.0,2026-06-18,16:14:59
688310,XD迈得医,17.26,16.65,16.67,17.53,16.3,3869877.0,66350000.0,28.36,28.36,50.02,3.65,2.36,245384100,141603600.0,2026-06-18,16:14:49
688311,盟升电子,28.0,27.55,27.2,28.13,27.11,4471422.0,124150000.0,48.66,48.66,-292.68,2.73,2.57,226384300,220757900.0,2026-06-18,16:14:52
688312,燕麦科技,92.6,94.3,94.01,96.88,92.4,8177878.0,769700000.0,135.86,135.86,99.61,9.26,5.57,363014100,454773700.0,2026-06-18,16:14:45
688313,仕佳光子,175.44,169.52,171.0,177.46,168.18,32893306.0,5709820000.0,792.96,792.96,200.64,52.07,7.28,1724590500,1564740100.0,2026-06-18,16:14:54
688314,康拓医疗,39.65,40.5,40.86,40.88,39.03,1188114.0,47110000.0,32.21,32.21,36.68,4.54,1.46,52925000,65886400.0,2026-06-18,16:14:49
688315,诺禾致源,12.49,12.37,12.38,12.85,12.21,3582003.0,45080000.0,51.98,51.98,31.99,1.96,0.86,193218300,164982000.0,2026-06-18,16:14:40
688316,青云科技-U,60.54,60.28,60.28,61.5,59.5,2230752.0,135370000.0,29.0,29.0,-50.45,54.57,4.66,103133700,119941500.0,2026-06-18,16:14:33
688317,之江生物,16.37,16.34,16.35,16.77,16.01,3063726.0,50250000.0,31.46,31.46,-71.83,0.95,1.59,159069500,147303100.0,2026-06-18,16:14:54
688318,财富趋势,72.99,74.77,75.0,75.88,72.26,4955139.0,363440000.0,261.72,261.72,86.25,6.93,1.38,241972900,253541000.0,2026-06-18,16:14:54
688319,欧林生物,35.7,36.75,36.53,36.97,35.01,9057336.0,322550000.0,144.84,144.73,256.24,15.56,2.23,431389400,474344200.0,2026-06-18,16:14:45
688320,禾川科技,38.65,37.67,37.67,39.0,37.0,4543157.0,174020000.0,58.37,58.37,-53.68,4.81,3.01,216766400,237549300.0,2026-06-18,16:14:37
688321,微芯生物,25.43,24.91,24.9,25.78,24.66,6780430.0,172120000.0,112.64,103.71,114.49,4.63,1.66,375569500,302473500.0,2026-06-18,16:14:55
688322,奥比中光-W,133.73,130.68,130.5,136.77,128.69,25488537.0,3385280000.0,536.45,426.17,398.58,17.92,8.0,1255355300,1293498400.0,2026-06-18,16:14:48
688323,瑞华泰,61.5,60.3,58.0,63.0,58.0,23909548.0,1452560000.0,110.7,110.7,-114.65,15.47,13.28,1139062400,1251892400.0,2026-06-18,16:14:50
688325,赛微微电,142.42,141.96,141.95,144.31,139.0,1785482.0,252940000.0,122.68,118.68,131.99,7.37,2.14,89731300,88816900.0,2026-06-18,16:14:47
688326,经纬恒润-W,75.41,75.77,75.16,76.43,74.32,1600005.0,120440000.0,90.45,84.18,211.67,2.29,1.43,67370300,92630200.0,2026-06-18,16:14:46
688327,云从科技-UW,14.27,13.79,13.79,14.65,13.62,49529352.0,703220000.0,148.4,119.14,-33.37,19.48,5.93,2765116000,2187819200.0,2026-06-18,16:15:00
688328,深科达,78.0,75.38,76.27,78.88,75.0,5712398.0,442500000.0,73.68,73.68,198.15,8.76,6.05,290308600,280931200.0,2026-06-18,16:14:34
688329,艾隆科技,23.16,23.3,22.8,23.53,22.8,1716374.0,39690000.0,17.88,17.88,185.94,2.37,2.22,77978400,93659000.0,2026-06-18,16:14:54
688330,宏力达,37.68,38.16,37.84,38.27,37.41,1036268.0,39150000.0,52.75,52.75,8.36,1.2,0.74,42515800,61111000.0,2026-06-18,16:14:57
688331,荣昌生物,114.48,109.19,107.53,119.56,106.0,12290223.0,1401800000.0,646.21,186.71,50.02,16.45,7.54,678473200,550549100.0,2026-06-18,16:14:44
688332,中科蓝讯,128.0,127.54,127.13,129.28,123.0,5907676.0,747340000.0,228.46,228.46,16.74,4.53,3.31,301050200,289717400.0,2026-06-18,16:14:35
688333,铂力特,107.28,89.4,91.18,107.28,91.18,32140813.0,3341670000.0,294.29,294.29,124.95,5.88,11.72,1497267200,1716814100.0,2026-06-18,16:14:30
688334,西高院,18.67,19.2,19.15,19.15,18.56,3923627.0,73560000.0,59.11,29.29,23.44,2.03,2.5,162068400,230294300.0,2026-06-18,16:14:56
688335,复洁科技,34.08,33.32,32.9,34.16,32.9,3258397.0,110090000.0,50.45,50.45,-1357.86,4.58,2.2,178182400,147657300.0,2026-06-18,16:14:37
688336,DR三生国,40.15,38.47,38.8,41.82,37.67,11226769.0,449120000.0,359.83,359.08,12.1,4.31,1.26,597285400,525391500.0,2026-06-18,16:14:45
688337,XD普源精,78.7,78.17,78.0,79.93,76.78,7928266.0,620490000.0,152.58,146.32,144.69,4.92,4.26,385280100,407546500.0,2026-06-18,16:14:50
688338,赛科希德,24.04,23.93,23.87,24.28,23.56,578259.0,13850000.0,25.52,25.52,29.75,1.52,0.54,31916700,25909200.0,2026-06-18,16:14:51
688339,亿华通-U,19.91,20.06,19.96,20.32,19.59,3158528.0,63190000.0,47.89,38.98,-7.61,2.48,1.61,159274300,156578500.0,2026-06-18,16:14:38
688343,云天励飞-U,75.63,74.0,74.35,78.78,74.35,19105116.0,1462440000.0,271.97,271.97,-57.8,7.31,5.31,1012012900,898498700.0,2026-06-18,16:14:40
688345,博力威,52.67,52.59,53.45,53.45,51.59,1537343.0,80520000.0,53.75,53.4,75.49,4.57,1.52,75504400,78229900.0,2026-06-18,16:14:54
688347,华虹宏力,277.81,260.7,258.0,293.1,255.0,26487089.0,7255900000.0,4827.44,1132.77,978.38,10.67,6.5,1355622600,1293086300.0,2026-06-18,16:14:54
688348,昱能科技,36.45,36.6,36.33,36.96,36.0,1612440.0,58770000.0,56.96,56.96,-25.33,1.71,1.03,76158800,85085200.0,2026-06-18,16:14:36
688349,DR三一重,14.12,13.94,13.95,14.49,13.91,11400534.0,161150000.0,224.98,218.2,20.78,1.62,0.74,572039000,568014400.0,2026-06-18,16:14:56
688350,富淼科技,34.59,34.59,33.99,35.5,33.85,3228004.0,111610000.0,49.55,49.55,171.68,2.68,2.25,137326000,185474400.0,2026-06-18,16:15:00
688351,微电生理,23.43,23.02,23.05,24.18,22.61,5087932.0,119250000.0,110.26,110.26,176.99,6.13,1.08,254044000,254749200.0,2026-06-18,16:14:49
688352,颀中科技,19.1,18.81,18.86,19.54,18.71,43607027.0,834610000.0,227.11,69.88,-400.2,3.94,11.92,2009761000,2350941700.0,2026-06-18,16:14:48
688353,华盛锂电,119.27,116.8,116.42,122.0,114.08,15526890.0,1825840000.0,190.24,190.24,124.05,5.39,9.73,758511900,794177100.0,2026-06-18,16:14:51
688355,明志科技,18.17,18.52,18.55,18.65,18.13,1654111.0,30330000.0,22.52,22.52,32.22,2.03,1.33,75084100,90327000.0,2026-06-18,16:14:33
688356,键凯科技,69.71,69.28,69.28,71.16,68.2,779955.0,54460000.0,42.28,42.28,58.53,3.16,1.29,39659500,38336000.0,2026-06-18,16:14:45
688357,建龙微纳,28.42,28.25,28.09,29.17,27.86,1040839.0,29710000.0,28.44,28.44,31.76,1.64,1.04,54803200,49280700.0,2026-06-18,16:14:54
688358,祥生医疗,32.2,32.95,33.34,33.34,32.0,1470968.0,47430000.0,36.1,36.06,29.86,2.54,1.31,72082200,75014600.0,2026-06-18,16:14:36
688359,三孚新科,175.44,176.0,171.0,177.8,165.0,4280081.0,743680000.0,173.24,173.24,-359.77,27.57,4.33,181646200,246361900.0,2026-06-18,16:14:47
688360,德马科技,21.1,20.77,20.57,21.35,20.14,8200862.0,171600000.0,55.65,53.23,55.33,3.81,3.25,441887300,378198900.0,2026-06-18,16:14:44
688361,中科飞测,252.21,251.71,249.17,256.88,247.5,8184780.0,2065270000.0,883.15,883.15,15628.14,17.41,2.34,409217200,409260800.0,2026-06-18,16:14:46
688362,甬矽电子,72.5,69.4,68.4,74.14,68.36,37458525.0,2697250000.0,327.28,327.28,390.86,12.55,8.3,1889166100,1856686400.0,2026-06-18,16:14:31
688363,华熙生物,35.45,35.9,35.97,36.24,35.29,2181134.0,77830000.0,170.75,170.75,67.01,2.39,0.45,94294300,123819100.0,2026-06-18,16:14:43
688365,光云科技,18.22,17.89,17.89,18.38,17.4,15450091.0,278320000.0,77.59,77.59,-1091.27,8.12,3.63,792431600,752577500.0,2026-06-18,16:14:48
688366,昊海生科,30.15,30.2,30.38,30.68,29.81,560027.0,16940000.0,69.34,58.51,29.6,1.31,0.29,31124900,24877800.0,2026-06-18,16:14:38
688367,工大高科,37.17,36.88,35.61,38.19,35.61,1959468.0,73230000.0,32.57,32.57,401.1,5.47,2.24,96156900,99789900.0,2026-06-18,16:14:40
688368,晶丰明源,219.2,205.1,209.9,220.0,204.5,4422983.0,952450000.0,446.37,270.79,564.73,9.13,3.58,233205900,209092400.0,2026-06-18,16:15:00
688369,致远互联,21.86,21.8,21.8,22.48,21.22,3038102.0,66650000.0,25.19,25.19,-10.96,3.3,2.64,148009300,155800900.0,2026-06-18,16:14:31
688370,丛麟科技,22.87,22.75,22.88,23.37,22.29,1302119.0,29830000.0,31.36,31.36,108.71,1.17,0.95,68552000,61659900.0,2026-06-18,16:14:40
688371,菲沃泰,38.0,42.88,41.72,43.4,37.62,20868245.0,837260000.0,127.48,127.48,4746.6,6.58,6.22,853823900,1233000600.0,2026-06-18,16:14:31
688372,伟测科技,165.2,164.34,165.0,168.46,162.88,7438045.0,1233200000.0,277.68,277.68,79.76,6.64,4.43,368463700,375340800.0,2026-06-18,16:14:33
688373,盟科药业-U,4.63,4.39,4.4,4.8,4.32,21425132.0,98880000.0,30.38,28.04,-15.08,16.7,3.54,1224310300,918202900.0,2026-06-18,16:14:50
688375,国博电子,101.93,98.23,97.0,102.44,96.36,8300633.0,830920000.0,607.52,607.52,134.75,9.39,1.39,415766300,414297000.0,2026-06-18,16:14:34
688376,美埃科技,78.73,83.74,82.91,83.16,77.53,3876687.0,308420000.0,106.48,106.48,96.05,5.44,2.87,156412300,231256400.0,2026-06-18,16:14:54
688377,迪威尔,26.1,25.23,25.2,27.06,25.02,3305749.0,86200000.0,60.96,60.96,52.8,3.25,1.42,141972400,188602500.0,2026-06-18,16:14:40
688378,奥来德,56.98,55.33,54.8,58.5,54.0,18743443.0,1063700000.0,148.96,137.3,117.34,7.24,7.78,1033972300,840372000.0,2026-06-18,16:14:35
688379,华光新材,96.13,89.5,87.99,97.69,87.1,8772810.0,809050000.0,91.3,86.6,70.4,6.5,9.74,462829500,414451500.0,2026-06-18,16:14:35
688380,中微半导,49.68,48.81,48.72,50.0,48.3,12472983.0,616150000.0,198.9,198.9,66.08,6.4,3.12,620316400,626981900.0,2026-06-18,16:14:54
688381,帝奥微,48.0,50.38,51.25,51.35,47.75,17583875.0,859170000.0,118.8,118.8,-115.31,4.77,7.1,767910000,990477500.0,2026-06-18,16:14:50
688382,益方生物-U,17.19,16.72,16.6,17.62,16.4,13099026.0,224100000.0,99.63,99.63,-32.8,6.64,2.26,768145700,541756900.0,2026-06-18,16:14:47
688383,新益昌,191.37,184.0,185.84,198.28,180.0,3135790.0,595860000.0,194.52,194.52,-165.47,15.49,3.08,152045700,161533300.0,2026-06-18,16:14:46
688385,复旦微电,60.0,59.01,59.36,62.68,58.88,29924485.0,1822330000.0,494.23,323.63,202.17,7.87,5.55,1461269400,1531179100.0,2026-06-18,16:14:59
688386,泛亚微透,94.5,95.4,98.0,98.01,94.19,3841399.0,368650000.0,94.13,86.0,91.7,6.35,4.22,203511400,180628500.0,2026-06-18,16:14:58
688387,信科移动-U,17.72,17.37,17.35,18.63,16.96,110044637.0,1974700000.0,605.8,357.37,-250.95,10.32,5.46,5256032800,5748430900.0,2026-06-18,16:14:58
688388,嘉元科技,47.18,47.45,46.5,48.96,45.35,73435980.0,3479190000.0,311.34,311.34,203.38,3.86,11.13,3378355500,3965242500.0,2026-06-18,16:14:54
688389,普门科技,10.49,10.54,10.53,10.68,10.41,1872883.0,19710000.0,44.95,44.95,27.57,2.22,0.44,88630600,98657700.0,2026-06-18,16:14:44
688390,固德威,114.51,115.55,114.8,117.66,113.18,7780619.0,896460000.0,278.33,278.33,105.26,9.78,3.2,361561300,416500600.0,2026-06-18,16:14:40
688391,XD钜泉科,33.08,33.19,33.01,33.26,32.6,1849880.0,61140000.0,38.24,38.24,101.1,2.08,1.6,101625300,83362700.0,2026-06-18,16:14:52
688392,骄成超声,169.31,174.15,171.02,172.44,166.83,5007328.0,850680000.0,195.95,195.95,135.87,10.68,4.33,237802200,262930600.0,2026-06-18,16:14:55
688393,安必平,19.3,19.13,19.25,19.64,18.7,1210535.0,23300000.0,18.06,18.06,-47.78,1.54,1.29,65198400,55855100.0,2026-06-18,16:14:40
688395,正弦电气,24.19,24.32,24.2,24.41,23.75,1181004.0,28510000.0,20.95,20.95,48.83,2.69,1.36,68157200,49943200.0,2026-06-18,16:14:40
688396,华润微,73.59,73.78,73.0,75.2,72.01,38630072.0,2832050000.0,977.43,977.43,107.73,4.22,2.91,1823588400,2039418800.0,2026-06-18,16:14:35
688398,赛特新材,27.08,25.43,25.36,27.69,25.14,6954663.0,186320000.0,45.44,45.44,306.88,4.42,4.14,374449500,321016800.0,2026-06-18,16:14:49
688399,硕世生物,49.35,50.46,49.63,50.94,49.09,1063428.0,53010000.0,41.39,41.39,-126.28,1.4,1.27,56837900,49504900.0,2026-06-18,16:14:44
688400,凌云光,69.09,60.55,61.51,69.58,61.16,34120046.0,2245480000.0,331.1,318.49,95.66,5.8,7.4,1926384000,1485620600.0,2026-06-18,16:14:32
688401,路维光电,81.12,83.05,81.97,82.66,80.3,9524888.0,774090000.0,156.85,156.85,57.86,9.82,4.93,412288600,540200200.0,2026-06-18,16:14:31
688403,汇成股份,30.05,28.82,29.88,32.1,29.41,111298869.0,3397660000.0,297.78,297.78,293.86,7.52,11.23,5058706900,6071180000.0,2026-06-18,16:14:54
688408,中信博,30.18,30.5,30.64,30.84,29.95,3303040.0,100250000.0,66.11,66.11,-39.18,1.63,1.51,158616700,171687300.0,2026-06-18,16:14:33
688409,富创精密,203.3,200.8,201.0,207.8,196.78,9817871.0,1976260000.0,622.53,622.53,870.78,13.78,3.21,483004100,498783000.0,2026-06-18,16:14:56
688410,山外山,14.51,14.74,14.64,14.86,14.41,5619824.0,81800000.0,46.37,46.37,28.39,2.53,1.76,308813800,253168600.0,2026-06-18,16:14:45
688411,海博思创,281.0,276.77,276.77,287.33,272.48,5549403.0,1552240000.0,512.7,372.53,48.32,10.84,4.19,286276100,268664200.0,2026-06-18,16:14:40
688416,恒烁股份,144.9,138.72,138.99,149.89,138.99,8748880.0,1264000000.0,120.52,120.52,-491.41,9.03,10.52,429368000,445520000.0,2026-06-18,16:14:57
688418,震有科技,46.14,45.72,45.27,47.6,45.12,4601283.0,213030000.0,88.84,88.84,-78.43,10.88,2.39,216860000,243268300.0,2026-06-18,16:14:45
688419,耐科装备,69.25,67.6,68.11,70.69,65.8,5704721.0,388680000.0,79.33,79.33,110.4,7.88,4.98,305796700,264675400.0,2026-06-18,16:14:49
688420,美腾科技,22.57,22.2,22.02,22.85,21.88,838984.0,18860000.0,19.96,19.96,-436.56,1.4,0.95,39917600,43980800.0,2026-06-18,16:14:31
688425,铁建重工,4.26,4.35,4.33,4.34,4.25,13643237.0,58280000.0,227.21,227.21,16.24,1.21,0.26,592988000,771335700.0,2026-06-18,16:14:50
688426,康为世纪,16.32,16.19,16.12,16.55,15.83,1024297.0,16680000.0,18.36,18.32,-18.36,1.37,0.91,61086400,41343300.0,2026-06-18,16:14:46
688428,诺诚健华,23.86,22.32,22.3,24.5,21.95,13883990.0,326270000.0,421.04,64.03,57.65,5.73,5.17,767918400,620480600.0,2026-06-18,16:14:44
688429,时创能源,10.58,10.62,10.75,10.75,10.43,2325528.0,24600000.0,42.32,12.68,-15.49,3.28,1.94,131628200,100924600.0,2026-06-18,16:14:36
688432,有研硅,25.44,26.26,25.9,26.99,25.3,54920674.0,1422920000.0,318.08,318.08,152.44,7.05,4.39,2547649800,2944417600.0,2026-06-18,16:14:40
688433,华曙高科,125.02,114.38,119.99,129.99,116.7,10836030.0,1349270000.0,519.56,519.56,812.42,24.44,2.61,594424000,489179000.0,2026-06-18,16:14:50
688435,英方软件,35.1,35.75,35.68,36.5,34.9,1976211.0,70510000.0,29.31,19.67,-201.85,2.71,3.53,96937000,100684100.0,2026-06-18,16:14:36
688439,振华风光,45.5,45.36,45.26,45.8,44.9,2707295.0,122850000.0,91.0,91.0,66.65,1.81,1.35,136842800,133886700.0,2026-06-18,16:14:53
688443,智翔金泰-U,21.85,20.81,20.7,22.71,20.39,6014594.0,129640000.0,80.12,25.49,-14.2,5.58,5.15,339493800,261965600.0,2026-06-18,16:14:59
688448,磁谷科技,59.77,54.5,54.45,61.52,54.06,5566253.0,327330000.0,58.29,58.29,613.56,5.72,5.71,329569900,227055400.0,2026-06-18,16:14:36
688449,联芸科技,75.83,75.1,75.0,77.11,74.6,16175114.0,1222160000.0,348.82,222.34,198.4,18.32,5.52,722702400,894809000.0,2026-06-18,16:14:41
688450,光格科技,51.81,47.5,46.49,52.14,46.49,3305353.0,163890000.0,34.19,25.35,-59.41,3.66,6.76,150460200,180075100.0,2026-06-18,16:14:33
688455,科捷智能,19.84,19.12,19.22,20.0,18.58,3056828.0,59540000.0,33.34,33.34,111.01,3.62,1.82,131525200,174157600.0,2026-06-18,16:14:45
688456,有研粉材,156.91,159.62,157.0,160.88,151.67,11306184.0,1759830000.0,162.65,162.65,180.96,12.64,10.91,535182900,595435500.0,2026-06-18,16:14:58
688458,美芯晟,41.58,40.96,40.98,42.29,40.68,3433172.0,142830000.0,46.38,38.97,-200.47,2.55,3.66,168475100,174842100.0,2026-06-18,16:14:47
688459,哈铁科技,8.09,8.15,8.05,8.14,8.01,1181379.0,9520000.0,38.83,38.83,40.7,1.13,0.25,46319600,71818300.0,2026-06-18,16:14:39
688466,金科环境,14.25,14.21,14.32,14.32,13.91,1081187.0,15330000.0,17.41,17.41,60.97,1.51,0.89,60502000,47616700.0,2026-06-18,16:14:47
688468,科美诊断,5.9,5.94,5.85,5.98,5.81,2977780.0,17610000.0,23.67,23.67,61.74,1.67,0.74,147635900,150142100.0,2026-06-18,16:14:39
688469,芯联集成-U,8.71,8.6,8.59,8.9,8.48,304870302.0,2672010000.0,730.13,511.26,-145.74,5.63,5.19,15700510100,14786520100.0,2026-06-18,16:14:49
688472,阿特斯,11.2,11.38,11.3,11.46,11.14,46206637.0,519890000.0,408.03,408.03,27.42,1.73,1.27,2051129100,2569534600.0,2026-06-18,16:15:00
688475,萤石网络,27.3,27.27,27.26,27.6,27.08,3788161.0,103400000.0,214.99,214.99,35.18,3.8,0.48,190912300,187903800.0,2026-06-18,16:14:42
688478,晶升股份,80.44,67.03,72.0,80.44,72.0,5565633.0,430720000.0,111.3,111.3,-249.8,7.43,4.02,213711500,342851800.0,2026-06-18,16:14:41
688479,友车科技,37.51,38.3,38.44,38.76,36.32,4187603.0,158270000.0,75.52,32.46,158.07,4.09,4.84,179274500,239485800.0,2026-06-18,16:14:39
688480,XD赛恩斯,99.53,98.6,98.25,101.38,98.0,1729809.0,171920000.0,94.88,94.88,78.71,8.13,1.81,102460100,70520800.0,2026-06-18,16:14:33
688484,南芯科技,53.68,53.9,52.68,56.01,52.57,28794098.0,1563610000.0,229.57,229.57,128.65,5.64,6.73,1425230100,1454179700.0,2026-06-18,16:14:40
688485,九州一轨,67.9,56.58,57.88,67.9,56.71,13117050.0,835970000.0,102.05,60.27,-798.54,8.16,14.78,664255500,647449500.0,2026-06-18,16:14:37
688486,龙迅股份,56.79,53.65,54.88,57.78,54.11,8120673.0,456670000.0,106.12,106.12,58.48,7.2,4.35,411492900,400574400.0,2026-06-18,16:14:39
688488,艾迪药业,12.57,12.61,12.64,13.03,12.33,7339503.0,93010000.0,52.89,52.89,-192.28,5.43,1.74,329232300,404718000.0,2026-06-18,16:14:51
688489,三未信安,24.49,23.5,23.2,25.16,23.13,2210817.0,54030000.0,41.53,41.21,-128.77,2.29,1.31,117290200,103791500.0,2026-06-18,16:14:43
688496,*ST清越,0.88,0.96,0.96,0.98,0.85,13208202.0,12000000.0,3.96,2.09,-3.43,0.44,5.55,438758900,882061300.0,2026-06-18,16:14:35
688498,源杰科技,1673.36,1612.0,1600.0,1712.0,1591.81,4402872.0,7341820000.0,2083.34,2056.43,585.13,84.53,3.58,236121300,204165900.0,2026-06-18,16:15:00
688499,利元亨,46.99,48.71,49.02,49.5,46.93,8074386.0,387000000.0,79.29,79.29,137.74,3.38,4.79,396153700,411284900.0,2026-06-18,16:14:47
688500,慧辰股份,52.06,49.97,49.8,53.47,49.0,2765906.0,143690000.0,39.56,38.53,-79.58,5.36,3.74,144862100,131728500.0,2026-06-18,16:14:52
688501,青达环保,21.69,21.95,21.88,22.19,21.32,1469674.0,31950000.0,26.94,26.94,20.04,2.34,1.18,76675600,70291800.0,2026-06-18,16:14:47
688502,茂莱光学,520.1,518.94,509.6,529.99,503.01,2098852.0,1084520000.0,274.62,274.62,1477.91,23.02,3.98,98849800,111035400.0,2026-06-18,16:14:54
688503,XD聚和材,98.58,95.59,95.2,100.53,95.1,14004078.0,1377070000.0,238.6,238.6,38.51,4.58,5.79,665709100,734698700.0,2026-06-18,16:14:46
688505,复旦张江,7.14,6.76,6.78,7.53,6.68,14784453.0,106320000.0,74.01,50.73,-48.57,3.49,2.08,734093500,744351800.0,2026-06-18,16:14:59
688506,百利天恒,229.43,230.0,227.67,243.26,225.2,2421700.0,564500000.0,947.26,947.26,-73.05,16.78,0.59,116347800,125822200.0,2026-06-18,16:14:37
688507,索辰科技,254.5,243.99,249.0,258.4,236.0,10464080.0,2585410000.0,226.78,125.3,1719.04,8.24,21.25,506193300,540214700.0,2026-06-18,16:14:44
688508,芯朋微,90.1,92.22,93.26,94.1,89.21,8637439.0,786210000.0,119.31,119.31,75.06,4.34,6.52,391313600,472430300.0,2026-06-18,16:14:49
688509,正元地信,4.76,4.8,4.76,4.83,4.72,9587906.0,45790000.0,36.65,18.32,-20.83,3.32,2.49,382635900,576154700.0,2026-06-18,16:14:49
688510,航亚科技,26.29,25.5,25.24,26.76,25.16,6988329.0,183010000.0,68.33,68.33,74.85,5.79,2.69,335312100,363520800.0,2026-06-18,16:14:37
688511,天微电子,30.88,29.3,29.52,32.2,29.06,6504830.0,201320000.0,41.28,41.28,174.45,5.03,4.87,321487900,328995100.0,2026-06-18,16:14:42
688512,慧智微-U,15.23,14.46,14.44,15.46,14.32,28536557.0,429910000.0,71.1,49.43,-23.78,4.47,8.79,1466987400,1386668300.0,2026-06-18,16:14:53
688513,苑东生物,45.01,43.8,43.13,46.18,43.0,2242828.0,100940000.0,79.46,79.46,28.97,2.74,1.27,120485000,103797800.0,2026-06-18,16:14:44
688515,裕太微-U,238.8,199.0,200.0,238.8,200.0,7070294.0,1615260000.0,191.04,118.97,-164.31,13.02,14.19,351333400,355696000.0,2026-06-18,16:14:49
688516,奥特维,61.72,60.4,61.1,65.3,58.89,21873466.0,1354010000.0,194.62,194.27,48.92,5.68,6.95,1020622300,1166724300.0,2026-06-18,16:14:46
688517,金冠电气,18.9,19.21,18.89,19.63,18.48,4114355.0,77970000.0,25.82,25.82,33.96,3.48,3.01,184819300,226616200.0,2026-06-18,16:14:45
688518,联赢激光,29.45,29.22,29.13,29.82,28.95,18048185.0,531820000.0,100.52,100.52,60.45,3.09,5.29,923219700,881598800.0,2026-06-18,16:14:43
688519,南亚新材,397.0,395.01,389.87,399.0,375.0,7937409.0,3030090000.0,933.67,933.67,252.79,33.16,3.38,363395000,430345900.0,2026-06-18,16:14:41
688520,神州细胞,34.16,33.18,32.93,34.88,32.48,3092993.0,105380000.0,160.67,152.13,-19.98,226.85,0.69,182027000,127272300.0,2026-06-18,16:14:53
688521,芯原股份,274.0,257.46,261.0,280.3,258.0,28861276.0,7852240000.0,1441.01,1441.01,-222.27,45.79,5.49,1616892900,1269234700.0,2026-06-18,16:14:53
688522,纳睿雷达,20.41,20.49,20.49,20.83,20.15,3346336.0,68670000.0,86.55,35.14,75.77,3.73,1.94,168647600,165986000.0,2026-06-18,16:14:51
688523,航天环宇,54.18,53.2,52.51,55.21,51.89,6023223.0,325160000.0,220.45,220.45,562.66,13.11,1.48,329653400,272668900.0,2026-06-18,16:14:52
688525,佰维存储,386.2,370.0,363.0,392.2,363.0,46314381.0,17529880000.0,1821.19,1821.19,46.11,21.25,9.82,2264233700,2367204400.0,2026-06-18,16:14:45
688526,科前生物,12.29,12.28,12.32,12.46,12.07,1121854.0,13810000.0,57.29,57.29,14.7,1.43,0.24,59237200,52948200.0,2026-06-18,16:14:46
688528,秦川物联,10.21,10.13,10.13,10.38,9.78,2057038.0,20860000.0,17.15,17.15,-15.66,3.85,1.22,105038800,100665000.0,2026-06-18,16:14:55
688529,豪森智能,17.35,17.22,17.22,17.98,17.0,1907761.0,33300000.0,29.18,29.18,-2.91,2.95,1.13,100944000,89832100.0,2026-06-18,16:14:31
688530,欧莱新材,65.91,64.33,62.5,68.91,62.5,14622844.0,969460000.0,105.49,45.99,5589.76,12.45,20.96,721110100,741174300.0,2026-06-18,16:14:51
688531,日联科技,181.88,181.3,183.99,188.15,179.77,6341752.0,1162090000.0,301.18,208.76,162.92,9.07,5.53,331875200,302300000.0,2026-06-18,16:14:44
688533,上声电子,22.9,23.15,23.01,23.17,22.57,845886.0,19380000.0,37.78,37.78,21.04,2.2,0.51,39627700,44960900.0,2026-06-18,16:14:43
688535,华海诚科,152.9,133.97,129.97,155.0,129.97,16515375.0,2341720000.0,217.07,182.41,710.06,10.12,13.84,908534400,743003100.0,2026-06-18,16:14:56
688536,思瑞浦,341.0,340.58,339.2,348.35,332.27,4567981.0,1548350000.0,470.84,462.56,179.14,7.43,3.37,236039000,220759100.0,2026-06-18,16:14:35
688538,和辉光电-U,2.35,2.44,2.44,2.44,2.35,123297382.0,292810000.0,324.52,135.18,-16.78,4.27,2.14,5225753700,7103984500.0,2026-06-18,16:14:33
688539,高华科技,33.33,32.89,32.61,33.93,32.4,2929164.0,97430000.0,61.97,61.97,118.07,3.53,1.58,143307900,149608500.0,2026-06-18,16:14:35
688543,国科军工,40.71,40.19,40.01,41.38,39.65,6093151.0,247990000.0,102.02,56.65,42.93,4.52,4.38,352018300,257296800.0,2026-06-18,16:14:51
688545,兴福电子,109.76,114.0,110.0,112.2,106.73,18443771.0,2019410000.0,395.14,200.04,181.6,13.58,10.12,928143600,916233500.0,2026-06-18,16:14:47
688548,广钢气体,33.41,33.5,32.62,33.86,31.89,36192685.0,1199520000.0,440.81,230.93,137.32,7.23,5.24,1800708600,1818559900.0,2026-06-18,16:14:48
688549,中巨芯-U,34.77,33.96,33.4,35.5,31.81,122024864.0,4104160000.0,513.65,204.91,-5684.68,17.06,20.71,5919533000,6282953400.0,2026-06-18,16:14:46
688550,瑞联新材,47.52,48.53,48.66,48.95,47.08,7219755.0,343960000.0,82.61,82.61,26.88,2.59,4.15,330291300,391684200.0,2026-06-18,16:14:41
688551,科威尔,70.0,77.2,75.24,76.11,69.0,10324377.0,737090000.0,76.3,76.3,150.03,5.87,9.47,471655300,560782400.0,2026-06-18,16:14:47
688552,航天南湖,28.74,28.81,28.76,29.28,28.23,3028128.0,87250000.0,96.93,96.93,-339.71,3.77,0.9,145498800,157314000.0,2026-06-18,16:14:57
688553,汇宇制药-W,10.88,10.91,10.91,11.26,10.61,13946394.0,152110000.0,68.1,55.21,302.2,1.84,2.75,663007700,731631700.0,2026-06-18,16:14:56
688556,高测股份,12.2,11.53,11.8,12.59,11.62,59672328.0,725960000.0,101.35,101.35,-607.9,2.6,7.18,3239290900,2727941900.0,2026-06-18,16:14:49
688557,兰剑智能,31.93,29.94,29.94,32.25,29.75,2296600.0,72440000.0,32.79,32.79,29.53,2.67,2.24,126276100,103383900.0,2026-06-18,16:14:42
688558,国盛智科,34.28,33.74,33.67,34.75,33.3,2444155.0,83480000.0,45.25,45.25,27.65,2.73,1.85,129592700,114822800.0,2026-06-18,16:14:35
688559,海目星,77.9,73.0,74.7,79.88,73.03,20222953.0,1547250000.0,193.0,193.0,-29.0,7.97,8.16,1072762500,949532800.0,2026-06-18,16:14:34
688560,明冠新材,13.68,13.63,13.57,14.02,13.38,4294757.0,58810000.0,27.54,27.54,-20.48,1.07,2.13,203271000,226204700.0,2026-06-18,16:14:47
688561,奇安信-U,24.46,24.12,24.3,25.12,23.86,8330165.0,205410000.0,166.88,166.88,-13.27,2.36,1.22,429414600,403601900.0,2026-06-18,16:14:33
688562,航天软件,16.33,16.38,16.39,16.6,16.06,3890391.0,63600000.0,65.32,65.32,-256.25,3.92,0.97,224026100,165013000.0,2026-06-18,16:14:33
688563,航材股份,51.28,51.43,51.18,52.16,50.55,2450628.0,126080000.0,230.76,59.99,44.33,2.21,2.09,125242300,119820500.0,2026-06-18,16:14:48
688565,力源科技,9.87,9.94,9.85,10.07,9.7,3032799.0,30140000.0,14.78,14.78,223.58,3.0,2.03,165290600,137989300.0,2026-06-18,16:14:46
688566,吉贝尔,25.04,24.23,24.31,25.08,24.04,1214776.0,30070000.0,50.36,50.36,19.82,2.01,0.6,63167400,58310200.0,2026-06-18,16:14:50
688567,孚能科技,11.16,11.41,11.4,11.48,11.05,11339891.0,127240000.0,136.39,136.39,-18.58,1.49,0.93,489053700,644935400.0,2026-06-18,16:14:56
688568,中科星图,45.25,44.59,44.2,45.92,43.7,14077057.0,636260000.0,365.66,365.66,-260.81,10.06,1.74,732025300,675680400.0,2026-06-18,16:14:49
688569,铁科轨道,17.71,17.8,17.61,17.83,17.52,474897.0,8390000.0,37.31,37.31,22.28,1.28,0.23,18921400,28568300.0,2026-06-18,16:14:32
688570,天玛智控,14.99,15.1,14.97,15.19,14.78,953962.0,14300000.0,64.91,28.21,115.05,1.52,0.51,41897000,53499200.0,2026-06-18,16:14:56
688571,杭华股份,9.3,9.19,9.02,9.38,8.92,13242766.0,121790000.0,39.45,39.45,36.48,2.41,3.12,646262100,678014500.0,2026-06-18,16:14:41
688573,信宇人,19.3,19.76,19.78,20.13,19.21,2857610.0,55810000.0,18.87,10.27,-3.93,5.46,5.37,125179300,160581700.0,2026-06-18,16:14:52
688575,亚辉龙,9.21,9.1,9.04,9.36,9.04,7134261.0,65780000.0,52.62,52.62,168.98,1.95,1.25,356804700,356621400.0,2026-06-18,16:14:53
688576,西山科技,71.08,69.65,71.22,71.29,68.93,292991.0,20710000.0,32.34,15.49,67.77,1.86,1.34,15286100,14013000.0,2026-06-18,16:14:45
688577,浙海德曼,50.37,49.03,49.03,50.48,47.92,1846616.0,91540000.0,78.47,78.47,121.8,7.92,1.19,95980200,88681400.0,2026-06-18,16:14:48
688578,艾力斯,85.0,83.06,83.6,87.1,82.5,5111938.0,436110000.0,382.5,382.5,15.84,5.12,1.14,285143100,226050700.0,2026-06-18,16:14:35
688579,地纬智能,8.43,8.38,8.38,8.48,8.2,3223778.0,27020000.0,33.72,33.72,96.53,2.43,0.81,175612100,146765700.0,2026-06-18,16:14:58
688580,XD伟思医,53.45,52.48,53.0,53.8,52.23,1657902.0,88080000.0,51.19,51.19,30.76,3.1,1.73,81378900,84411300.0,2026-06-18,16:14:46
688581,安杰思,52.82,53.47,53.66,53.87,52.73,442689.0,23500000.0,42.85,21.95,19.28,1.72,1.07,18113900,26155000.0,2026-06-18,16:14:59
688582,芯动联科,60.5,60.76,60.6,62.0,59.8,9782452.0,596880000.0,243.05,151.38,92.91,10.04,3.91,510770600,467474600.0,2026-06-18,16:14:45
688583,思看科技,143.46,131.07,131.2,143.91,130.03,3130574.0,437190000.0,126.82,44.19,166.43,10.65,10.16,166651200,146406200.0,2026-06-18,16:14:44
688584,上海合晶,29.87,30.42,30.0,30.93,29.71,25427668.0,767450000.0,199.89,102.54,168.41,4.79,7.41,1128979800,1413787000.0,2026-06-18,16:14:55
688585,上纬新材,161.35,174.54,173.55,175.0,151.26,9078341.0,1492040000.0,650.82,650.82,-2888.24,50.04,2.25,377018000,530816100.0,2026-06-18,16:14:49
688586,江航装备,12.55,12.6,12.62,13.1,12.38,7567421.0,96090000.0,99.31,99.31,195.03,4.02,0.96,360413500,396328600.0,2026-06-18,16:14:42
688588,凌志软件,9.82,9.95,9.99,10.0,9.77,3366941.0,33230000.0,39.28,39.28,102.37,3.41,0.84,177516500,159177600.0,2026-06-18,16:14:51
688589,力合微,20.75,20.68,20.63,20.95,20.37,2982575.0,61700000.0,30.16,30.16,704.21,3.22,2.05,150956100,147301400.0,2026-06-18,16:14:55
688590,新致软件,14.45,14.9,14.6,14.92,14.42,14402514.0,210430000.0,45.21,40.68,-31.98,2.54,5.12,557752700,882498700.0,2026-06-18,16:14:39
688591,泰凌微,35.21,33.52,33.01,35.77,33.01,7794953.0,269340000.0,85.05,59.6,85.18,3.54,4.61,441862300,337633000.0,2026-06-18,16:14:57
688592,司南导航,40.75,39.11,39.06,41.73,38.4,2052806.0,83470000.0,32.79,15.7,173.44,3.45,5.33,108968400,96312200.0,2026-06-18,16:14:58
688593,新相微,33.16,32.59,32.59,34.78,32.22,17518232.0,590620000.0,152.38,152.38,1241.78,9.8,3.81,907693800,844129400.0,2026-06-18,16:14:37
688595,芯海科技,40.0,39.44,39.38,40.35,38.58,7070877.0,280540000.0,57.64,57.64,-47.88,8.9,4.91,384410200,322677500.0,2026-06-18,16:14:50
688596,正帆科技,46.1,46.8,46.01,47.6,45.44,18779856.0,866100000.0,135.59,135.59,177.76,3.77,6.38,954107900,923877700.0,2026-06-18,16:14:44
688597,煜邦电力,7.55,7.96,7.94,7.96,7.4,9747034.0,74550000.0,25.37,25.37,53.86,3.19,2.9,385223900,589479500.0,2026-06-18,16:14:49
688598,金博股份,59.75,49.79,52.27,59.75,52.27,30520437.0,1774750000.0,124.02,121.64,-9.73,3.21,14.99,1390888600,1661155100.0,2026-06-18,16:14:51
688599,天合光能,14.47,14.6,14.48,14.71,14.27,50034842.0,726260000.0,338.97,338.97,-5.66,1.66,2.14,2181004300,2822479900.0,2026-06-18,16:14:30
688600,皖仪科技,30.4,29.77,29.88,31.76,29.6,7560522.0,230320000.0,40.95,40.95,56.29,5.26,5.61,410072200,345980000.0,2026-06-18,16:14:58
688601,力芯微,61.25,59.65,60.63,61.35,59.0,5004544.0,302240000.0,81.89,81.89,318.43,6.57,3.74,264061100,236393300.0,2026-06-18,16:14:30
688602,康鹏科技,7.81,7.96,7.96,7.96,7.76,7630012.0,59870000.0,40.56,20.27,-37.76,1.49,2.94,314186600,448814600.0,2026-06-18,16:14:35
688603,天承科技,194.65,196.12,196.51,205.9,190.44,8416897.0,1653880000.0,242.78,92.31,248.63,19.85,17.75,408370000,433319700.0,2026-06-18,16:14:35
688605,先锋精科,86.93,88.49,87.61,89.47,85.92,6586546.0,577010000.0,175.93,94.19,102.47,10.66,6.08,330098900,328555700.0,2026-06-18,16:14:31
688606,奥泰生物,44.42,45.2,45.0,45.58,44.3,457282.0,20470000.0,35.22,35.22,19.74,0.93,0.58,16333500,29394700.0,2026-06-18,16:14:44
688607,康众医疗,54.5,57.53,57.95,58.0,53.5,2573051.0,141850000.0,48.03,43.23,-245.17,5.72,3.24,103403000,153902100.0,2026-06-18,16:14:39
688608,恒玄科技,159.3,156.48,156.32,161.1,155.51,3376239.0,537650000.0,269.54,269.54,54.73,3.75,2.0,168571200,169052700.0,2026-06-18,16:14:46
688609,九联科技,11.92,11.74,11.61,12.07,11.43,22036818.0,260640000.0,62.22,59.6,-44.7,6.46,4.41,1096523000,1107158800.0,2026-06-18,16:14:56
688610,埃科光电,232.36,239.7,237.31,245.3,225.0,1193013.0,280080000.0,158.0,95.11,201.15,10.18,2.91,55379900,63921400.0,2026-06-18,16:14:49
688611,杭州柯林,78.6,77.2,76.09,80.5,75.2,2207783.0,171500000.0,120.56,120.56,-1121.09,13.98,1.44,106709500,114068800.0,2026-06-18,16:14:49
688612,威迈斯,31.72,33.45,33.45,33.45,31.5,9120960.0,291940000.0,132.97,80.11,22.59,3.82,3.61,370977400,541118600.0,2026-06-18,16:14:55
688613,奥精医疗,15.38,15.09,15.12,15.46,14.92,1840051.0,28160000.0,21.07,21.07,148.3,1.47,1.34,105457700,78547400.0,2026-06-18,16:14:39
688615,合合信息,122.83,119.9,118.21,125.0,118.21,4177130.0,512730000.0,240.75,166.24,48.81,8.41,3.09,220829600,196883400.0,2026-06-18,16:14:59
688616,西力科技,10.73,10.95,10.9,10.95,10.7,2330840.0,25180000.0,19.25,19.25,18.94,2.24,1.3,95927400,137156600.0,2026-06-18,16:14:48
688617,惠泰医疗,191.64,196.4,194.03,197.38,191.56,1812403.0,350420000.0,271.23,271.23,31.29,9.43,1.28,91613000,89627300.0,2026-06-18,16:14:45
688618,三旺通信,35.56,33.4,33.02,36.59,33.02,3310925.0,115930000.0,39.18,39.13,144.35,4.75,3.01,151987600,179104900.0,2026-06-18,16:14:43
688619,罗普特,17.09,17.32,17.31,17.5,16.78,3173359.0,54340000.0,31.69,31.69,-14.9,4.82,1.71,168083300,149252600.0,2026-06-18,16:14:51
688620,安凯微,13.43,12.94,12.9,13.51,12.8,10912488.0,144900000.0,52.65,31.2,-38.18,4.13,4.7,540831900,550416900.0,2026-06-18,16:14:33
688621,阳光诺和,52.4,51.38,52.15,53.6,51.33,2071689.0,108980000.0,58.69,58.69,30.11,4.68,1.85,123668000,83500900.0,2026-06-18,16:14:48
688622,*ST禾信,134.6,140.66,140.66,145.54,127.47,1684045.0,233400000.0,94.85,94.85,-99.41,32.05,2.39,80329400,88075100.0,2026-06-18,16:14:31
688623,双元科技,93.83,95.62,95.0,95.28,93.07,397523.0,37400000.0,55.49,23.14,99.44,2.6,1.61,14684600,25067700.0,2026-06-18,16:14:40
688625,呈和科技,94.5,93.65,92.11,95.58,90.2,6564248.0,611530000.0,248.07,248.07,84.23,15.62,2.5,311362600,345062200.0,2026-06-18,16:14:35
688626,翔宇医疗,48.13,48.54,48.57,49.68,47.95,1512206.0,73430000.0,77.01,77.01,95.63,3.71,0.95,71541600,79679000.0,2026-06-18,16:14:43
688627,精智达,566.0,542.28,531.43,587.0,512.0,8123650.0,4388490000.0,532.77,410.17,553.88,30.88,11.21,402272200,410092800.0,2026-06-18,16:14:39
688628,优利德,106.08,102.01,101.0,107.98,100.2,5038366.0,528020000.0,118.56,118.56,70.29,8.86,4.51,259409700,244426900.0,2026-06-18,16:14:57
688629,华丰科技,158.0,157.05,155.7,162.98,153.78,19064063.0,3024370000.0,739.84,287.22,171.31,25.55,10.49,1018361500,888044800.0,2026-06-18,16:14:54
688630,芯碁微装,502.0,475.77,473.0,512.82,471.0,4734845.0,2339310000.0,661.34,661.34,190.89,28.42,3.59,225886100,247598400.0,2026-06-18,16:14:40
688631,莱斯信息,49.96,49.35,48.73,50.74,47.68,2476925.0,121780000.0,81.67,32.41,142.19,4.35,3.82,132077300,115615200.0,2026-06-18,16:14:46
688633,星球石墨,31.46,31.2,31.0,32.12,30.72,7742551.0,243010000.0,53.61,53.61,23.77,3.03,4.54,366268700,407986400.0,2026-06-18,16:14:40
688636,智明达,38.37,37.89,37.54,38.83,37.45,3780881.0,144570000.0,66.73,66.73,59.73,4.78,2.17,193687900,184400200.0,2026-06-18,16:14:46
688638,誉辰智能,33.81,34.31,34.31,34.31,33.31,871101.0,29400000.0,18.93,8.95,-12.55,2.48,3.29,38706800,48403300.0,2026-06-18,16:14:57
688639,华恒生物,20.87,20.69,20.85,21.2,20.36,4334042.0,90360000.0,52.2,52.2,42.3,1.97,1.73,229494100,203910100.0,2026-06-18,16:14:31
688646,ST逸飞,70.97,66.35,66.36,71.3,66.36,1541119.0,107550000.0,66.83,41.15,-81.49,4.73,2.66,101838300,52273600.0,2026-06-18,16:14:31
688648,中邮科技,36.71,36.82,37.68,38.12,36.01,2056049.0,76260000.0,49.93,25.52,8.07,2.32,2.96,102728200,102876700.0,2026-06-18,16:14:39
688651,盛邦安全,35.55,35.38,35.08,35.88,34.8,905450.0,32080000.0,26.8,11.54,-53.65,2.94,2.79,44830500,45714500.0,2026-06-18,16:14:45
688652,京仪装备,154.3,157.68,157.0,158.98,152.1,8892093.0,1368770000.0,259.22,186.32,163.56,11.53,7.36,422620900,466588400.0,2026-06-18,16:14:37
688653,康希通信,15.4,15.19,15.19,15.57,15.08,9781375.0,150140000.0,65.37,48.73,-764.41,4.54,3.09,500017100,478120400.0,2026-06-18,16:14:58
688655,迅捷兴,56.84,52.55,51.98,58.44,51.33,14327929.0,787420000.0,75.82,75.82,-331.45,11.62,10.74,729515600,703277300.0,2026-06-18,16:14:49
688656,浩欧博,105.45,104.58,105.77,108.0,104.0,791546.0,83680000.0,66.94,66.94,307.92,8.22,1.25,33965700,45188900.0,2026-06-18,16:14:51
688657,浩辰软件,39.46,35.76,35.52,39.88,35.5,4925878.0,187470000.0,37.65,23.56,78.13,2.73,8.25,290093200,202494600.0,2026-06-18,16:14:46
688658,悦康药业,13.18,13.32,13.45,13.52,13.02,12112511.0,160490000.0,59.31,59.31,-24.09,1.81,2.69,505915600,705335500.0,2026-06-18,16:14:31
688659,元琛科技,10.51,10.76,10.83,10.83,10.23,8144155.0,85290000.0,16.82,16.82,-57.98,3.25,5.09,365174700,449240800.0,2026-06-18,16:14:32
688660,电气风电,9.41,9.52,9.5,9.5,9.26,15469936.0,145190000.0,125.47,125.47,-11.71,3.24,1.16,817340700,729652900.0,2026-06-18,16:14:39
688661,和林微纳,158.2,152.15,146.0,160.5,144.0,8128199.0,1215410000.0,240.29,240.29,-2507.52,19.98,5.35,415947400,396872500.0,2026-06-18,16:14:59
688662,富信科技,142.91,136.0,134.0,146.0,134.0,10941119.0,1553620000.0,163.93,163.93,412.27,23.31,9.54,524260100,569851800.0,2026-06-18,16:14:35
688663,新风光,90.85,88.7,89.55,91.88,87.31,3567764.0,322500000.0,128.53,128.53,179.75,9.27,2.52,175382800,181393600.0,2026-06-18,16:15:00
688665,四方光电,61.48,59.56,59.1,61.88,58.7,2224425.0,134930000.0,62.21,62.21,46.6,5.43,2.2,119006600,103435900.0,2026-06-18,16:14:58
688667,菱电电控,122.45,120.03,118.0,123.79,118.0,1345535.0,163820000.0,64.53,64.53,43.14,3.63,2.55,60429700,74123800.0,2026-06-18,16:14:56
688668,鼎通科技,429.86,408.3,398.0,434.3,398.0,4781443.0,2025110000.0,598.67,598.67,223.42,29.91,3.43,264716500,213427800.0,2026-06-18,16:14:55
688669,聚石化学,65.77,62.46,64.13,69.0,62.46,8208428.0,544750000.0,79.8,79.8,-35.78,7.34,6.77,457331500,363511300.0,2026-06-18,16:14:53
688670,金迪克,14.28,14.37,14.22,14.64,14.03,1598017.0,22860000.0,17.59,17.59,-9.6,1.63,1.3,84401900,75399800.0,2026-06-18,16:14:39
688671,碧兴物联,30.78,25.65,25.59,30.78,25.18,5812185.0,169880000.0,24.17,14.42,-26.17,2.42,12.41,215152800,366065700.0,2026-06-18,16:14:47
688676,金盘科技,92.5,92.75,92.96,94.88,91.15,14717763.0,1366420000.0,425.3,425.3,63.98,8.76,3.2,680971500,790804800.0,2026-06-18,16:14:40
688677,海泰新光,118.68,118.15,119.41,120.78,115.4,5198514.0,614200000.0,142.27,142.27,83.07,10.83,4.34,242040400,277811000.0,2026-06-18,16:14:39
688678,福立旺,23.97,22.71,22.77,24.24,22.72,22492744.0,532090000.0,96.62,96.62,111.52,4.18,5.58,1165895200,1083379200.0,2026-06-18,16:14:57
688679,通源环境,49.56,49.9,49.41,51.0,49.0,2759489.0,137680000.0,65.27,65.27,-168.51,5.95,2.1,127792600,148156300.0,2026-06-18,16:14:51
688680,海优新材,44.6,45.26,46.28,46.38,44.59,2085511.0,94250000.0,43.52,43.52,-9.19,2.81,2.14,94096200,114454900.0,2026-06-18,16:14:42
688681,科汇股份,14.97,14.95,14.97,15.13,14.7,1574938.0,23550000.0,15.67,15.67,31.32,2.61,1.5,81039100,76454700.0,2026-06-18,16:14:38
688682,霍莱沃,43.33,43.19,42.32,44.47,42.32,2306478.0,100400000.0,44.13,44.13,-209.71,7.14,2.26,122715900,107931900.0,2026-06-18,16:14:52
688683,莱尔科技,41.02,41.73,41.73,42.93,40.95,2101643.0,87390000.0,66.08,63.65,147.06,5.53,1.35,100529800,109634500.0,2026-06-18,16:14:46
688685,迈信林,45.97,43.32,44.0,46.77,42.32,6164320.0,273000000.0,67.51,67.51,-332.63,8.43,4.2,329921900,286510100.0,2026-06-18,16:14:56
688686,奥普特,158.68,157.49,158.84,164.44,154.35,3422399.0,547400000.0,193.96,193.96,100.92,6.33,2.8,177467700,164772200.0,2026-06-18,16:14:46
688687,凯因科技,16.18,15.79,15.77,16.28,15.5,2093648.0,33590000.0,27.66,27.66,249.99,1.65,1.22,113752300,95612500.0,2026-06-18,16:14:47
688689,银河微电,46.82,46.82,0.0,0.0,0.0,0.0,0.0,60.35,60.35,65.52,4.78,0.0,0,0.0,2026-06-18,16:14:55
688690,纳微科技,43.28,40.41,40.3,43.86,40.05,16790938.0,714540000.0,174.77,174.77,99.91,8.72,4.16,944929500,734164300.0,2026-06-18,16:14:57
688691,灿芯股份,106.58,100.44,100.13,108.6,99.6,8378194.0,875270000.0,127.9,77.77,-113.15,10.6,11.48,450297300,387522100.0,2026-06-18,16:14:34
688692,达梦数据,271.28,266.86,266.86,275.36,264.4,1896154.0,513120000.0,307.2,201.19,53.91,8.14,2.56,96847600,92767800.0,2026-06-18,16:14:40
688693,锴威特,107.08,103.49,103.25,110.97,100.37,4986572.0,531820000.0,78.9,41.66,-82.22,10.16,12.82,291094300,207562900.0,2026-06-18,16:14:42
688695,中创股份,19.98,19.88,19.6,20.33,19.36,1372037.0,27380000.0,16.99,10.67,-46.86,2.23,2.57,75891300,61312400.0,2026-06-18,16:14:31
688696,极米科技,68.33,68.95,69.78,70.18,68.09,469530.0,32390000.0,47.84,47.84,36.5,1.64,0.67,24561000,22392000.0,2026-06-18,16:14:40
688697,纽威数控,15.38,15.07,15.12,15.78,15.0,15800697.0,244570000.0,98.47,98.47,31.81,5.76,2.47,778339300,801730400.0,2026-06-18,16:14:38
688698,伟创电气,59.73,58.3,59.0,60.73,57.56,6633775.0,393180000.0,127.84,127.84,50.25,5.51,3.1,321621300,341756200.0,2026-06-18,16:14:47
688699,明微电子,72.68,65.35,65.0,72.68,64.7,8050367.0,554080000.0,79.99,79.99,761.3,6.59,7.31,456936000,348100700.0,2026-06-18,16:14:41
688700,东威科技,101.45,99.77,96.0,102.93,95.0,16244120.0,1628430000.0,302.73,302.73,204.21,16.13,5.44,810768300,813643700.0,2026-06-18,16:14:34
688701,卓锦股份,7.86,8.01,7.96,8.05,7.78,2222603.0,17570000.0,10.55,10.55,-14.77,8.12,1.66,121243900,101016400.0,2026-06-18,16:14:59
688702,盛科通信-U,337.0,303.0,310.0,339.99,308.0,13655541.0,4442230000.0,1381.7,684.08,-910.35,61.91,6.73,822529200,543024900.0,2026-06-18,16:14:57
688707,振华新材,14.03,14.26,14.14,14.35,13.96,12029656.0,169750000.0,71.38,71.38,-16.59,1.83,2.36,517065700,685899900.0,2026-06-18,16:14:44
688708,佳驰科技,52.2,51.5,51.3,53.62,50.68,2648141.0,139040000.0,208.81,74.27,47.29,6.26,1.86,145516300,119297800.0,2026-06-18,16:15:00
688709,成都华微,36.65,36.08,36.35,37.32,36.11,8278751.0,302730000.0,233.4,81.27,361.19,8.02,3.73,405324800,422550300.0,2026-06-18,16:14:39
688710,益诺思,57.12,53.64,52.51,57.89,52.51,3075506.0,173510000.0,80.53,51.8,-337.98,3.45,3.39,153607300,153943300.0,2026-06-18,16:14:56
688711,宏微科技,40.34,39.34,38.99,41.0,38.65,20922680.0,836310000.0,85.96,85.96,507.44,8.17,9.82,1020733400,1071534600.0,2026-06-18,16:14:58
688716,中研股份,34.35,34.72,34.53,35.32,34.11,2592943.0,89840000.0,41.8,24.02,3000.71,3.62,3.71,129765200,129529100.0,2026-06-18,16:14:58
688717,艾罗能源,89.19,91.04,91.05,91.8,88.53,4526999.0,406370000.0,142.7,88.34,100.77,3.22,4.57,210763300,241936600.0,2026-06-18,16:14:51
688718,唯赛勃,17.93,17.64,17.62,18.48,17.43,4534085.0,81450000.0,31.15,31.15,61.93,3.86,2.61,244776500,208632000.0,2026-06-18,16:14:39
688719,爱科赛博,87.0,92.16,92.53,94.07,85.6,7010016.0,624310000.0,100.39,78.06,-238.46,5.97,7.81,330992300,370009300.0,2026-06-18,16:14:47
688720,艾森股份,85.85,84.0,83.0,86.67,81.0,8450205.0,715080000.0,105.53,67.38,198.78,10.2,10.77,403303500,441717000.0,2026-06-18,16:14:59
688721,龙图光罩,53.02,54.28,53.64,54.14,52.52,6023776.0,320180000.0,70.78,28.36,144.54,5.79,11.26,301998100,300379500.0,2026-06-18,16:14:48
688722,同益中,17.18,17.5,17.39,17.57,17.01,4482167.0,77230000.0,38.6,38.5,37.72,2.64,2.0,202687900,245528800.0,2026-06-18,16:14:40
688726,XD拉普拉,55.88,56.98,57.01,57.39,55.63,11261997.0,633790000.0,226.5,122.89,46.11,5.55,5.12,558407600,567792100.0,2026-06-18,16:14:32
688728,格科微,14.37,14.52,14.42,14.61,14.28,27970046.0,403610000.0,373.7,359.09,360.54,4.75,1.12,1238182600,1558822000.0,2026-06-18,16:14:51
688733,壹石通,44.9,42.67,42.03,46.45,41.78,21581180.0,964540000.0,89.7,89.7,-1829.84,4.33,10.8,1041570400,1116547600.0,2026-06-18,16:14:49
688737,中自科技,26.56,26.12,26.15,27.52,26.03,2468807.0,66310000.0,31.76,31.76,-52.3,1.79,2.06,118791900,128088800.0,2026-06-18,16:14:52
688739,成大生物,19.98,19.75,19.73,20.18,19.53,2284677.0,45460000.0,83.21,83.21,144.29,0.89,0.55,136360800,92106900.0,2026-06-18,16:14:36
688750,金天钛业,18.15,16.82,17.01,18.71,16.78,19674089.0,352240000.0,83.94,42.27,141.06,3.39,8.45,1119529400,847879500.0,2026-06-18,16:14:57
688757,胜科纳米,63.9,59.7,62.78,66.79,62.0,10970800.0,706480000.0,257.72,115.8,446.08,28.78,6.05,542275300,554804700.0,2026-06-18,16:14:51
688758,赛分科技,19.91,20.04,20.19,20.29,19.79,4612989.0,92210000.0,82.92,59.37,59.95,5.98,1.55,225498400,235800500.0,2026-06-18,16:14:49
688766,普冉股份,590.0,580.2,570.2,615.68,565.88,10089922.0,5966150000.0,877.35,877.35,199.32,32.56,6.79,508985900,500006300.0,2026-06-18,16:14:50
688767,博拓生物,38.19,37.45,38.0,38.3,36.32,2945553.0,109770000.0,57.03,57.03,188.14,2.53,1.97,135761700,158793600.0,2026-06-18,16:14:47
688768,容知日新,54.84,54.8,55.8,55.8,53.87,1737282.0,95240000.0,48.25,47.86,71.16,4.58,1.99,77131000,96597200.0,2026-06-18,16:14:36
688772,珠海冠宇,20.22,20.71,20.37,20.63,19.82,67332333.0,1356310000.0,228.93,228.93,55.75,3.33,5.95,2970256800,3762976500.0,2026-06-18,16:14:50
688776,国光电气,62.16,61.01,60.3,64.38,60.3,2103483.0,131520000.0,67.37,67.37,-47.78,3.95,1.94,107054200,103294100.0,2026-06-18,16:14:42
688777,中控技术,124.5,117.2,116.8,129.99,115.51,32166310.0,3942080000.0,985.03,980.06,248.7,10.04,4.09,1639638100,1576992900.0,2026-06-18,16:14:58
688778,厦钨新能,60.97,61.36,61.05,61.82,59.9,7608606.0,462280000.0,307.71,307.71,36.11,3.27,1.51,374075800,386784800.0,2026-06-18,16:14:45
688779,XD五矿新,8.81,8.92,8.9,9.05,8.76,28515681.0,252870000.0,169.96,169.96,45.55,2.42,1.48,1338076300,1513491800.0,2026-06-18,16:14:48
688786,悦安新材,49.35,47.09,45.99,51.09,44.68,16635914.0,797700000.0,85.16,85.16,99.97,11.11,9.64,845741900,817849500.0,2026-06-18,16:14:54
688787,海天瑞声,159.39,157.38,157.2,161.8,155.06,3363495.0,535150000.0,96.15,96.15,434.1,12.81,5.58,182025000,154324500.0,2026-06-18,16:14:39
688788,科思科技,42.91,45.1,44.68,46.86,42.19,12732913.0,563430000.0,93.93,93.93,-30.76,5.34,5.82,597287400,676003900.0,2026-06-18,16:14:39
688789,宏华数科,53.34,51.42,52.0,53.71,50.9,2029040.0,106200000.0,96.15,96.15,20.83,2.66,1.13,102050600,100853400.0,2026-06-18,16:14:47
688793,倍轻松,16.86,16.91,16.7,17.02,16.3,1766606.0,29620000.0,14.49,14.49,-13.53,6.5,2.06,95501400,81159200.0,2026-06-18,16:14:50
688798,艾为电子,71.03,71.46,71.09,72.09,70.74,3196337.0,228230000.0,165.59,96.42,54.47,3.99,2.35,167257500,152376200.0,2026-06-18,16:14:32
688799,华纳药厂,47.92,47.11,47.0,49.9,46.36,4771204.0,229750000.0,64.04,64.04,28.6,3.04,3.57,240904400,236216000.0,2026-06-18,16:14:33
688800,瑞可达,97.22,93.4,93.28,98.2,93.0,15169185.0,1459980000.0,279.59,279.59,99.02,11.96,5.27,795993400,720925100.0,2026-06-18,16:14:37
688819,天能股份,24.57,24.57,24.51,24.79,24.11,3401844.0,83220000.0,238.84,238.84,19.17,1.44,0.35,188286100,151898300.0,2026-06-18,16:14:47
688981,中芯国际,140.7,134.7,136.11,144.63,132.88,124493714.0,17289250000.0,11274.99,2813.38,223.46,7.53,6.23,6595251700,5854119700.0,2026-06-18,16:14:56
689009,九号公司-WD,33.94,35.08,35.09,35.28,33.87,11909360.0,408200000.0,248.18,190.6,16.49,3.32,2.12,483746600,707189400.0,2026-06-18,16:14:57
000001,平安银行,10.52,10.78,10.74,10.77,10.52,1426893.0,1511010000.0,2041.5,2041.47,4.74,0.45,0.74,51624200,91065200.0,2026-06-18,16:14:45
000002,万  科Ａ,3.06,3.09,3.12,3.16,3.05,1615083.0,500690000.0,365.08,297.34,-0.41,0.33,1.66,82310300,79198000.0,2026-06-18,16:14:45
000003,PT金田A,2.71,2.71,0.0,0.0,0.0,0.0,0.0,9.04,5.2,78.43,-0.27,0.0,0,0.0,2026-06-18,09:10:00
000004,*ST国华,2.76,2.76,0.0,0.0,0.0,0.0,0.0,3.65,3.49,30.99,4.21,0.0,0,0.0,2026-06-18,16:14:48
000005,ST星源,0.83,0.83,0.0,0.0,0.0,0.0,0.0,8.79,8.78,-4.44,0.73,0.0,0,0.0,2026-06-18,09:10:00
000006,深振业Ａ,8.21,7.74,7.75,8.51,7.72,616634.0,507010000.0,110.83,110.83,-1260.34,2.06,4.57,30790400,30873000.0,2026-06-18,16:14:48
000007,全新好,13.68,13.64,13.6,14.0,13.35,77215.0,105150000.0,47.39,47.39,-2351.09,26.46,2.23,4385400,3336100.0,2026-06-18,16:14:51
000008,神州高铁,2.45,2.5,2.5,2.5,2.44,212450.0,52310000.0,66.55,66.55,-8.09,3.08,0.78,7725400,13519600.0,2026-06-18,16:14:54
000009,中国宝安,6.84,6.99,6.97,6.97,6.8,251156.0,172420000.0,176.42,176.2,339.75,1.76,0.97,9475100,15640600.0,2026-06-18,16:14:51
000010,*ST美丽,1.9,2.0,1.98,2.02,1.9,274263.0,53060000.0,21.84,16.59,-1286.5,7.42,3.14,11439500,15986800.0,2026-06-18,16:14:45
000011,深物业A,7.33,7.44,7.4,7.9,7.32,92796.0,70530000.0,43.69,38.59,2657.01,1.3,1.76,4012700,5267000.0,2026-06-18,16:14:57
000012,南  玻Ａ,4.3,4.63,4.46,4.49,4.26,1065364.0,460640000.0,130.83,84.25,1172.77,1.0,5.44,42700000,63836400.0,2026-06-18,16:14:45
000013,*ST石化A,2.47,2.47,0.0,0.0,0.0,0.0,0.0,7.49,1.27,-1.55,-0.23,0.0,0,0.0,2026-06-18,09:10:00
000015,PT中浩A,6.85,6.85,0.0,0.0,0.0,0.0,0.0,10.77,1.8,-10.7,-0.55,0.0,0,0.0,2026-06-18,09:10:00
000016,*ST康佳A,2.68,2.82,2.82,2.83,2.68,296530.0,80710000.0,64.53,42.79,-0.5,-0.57,1.86,8595200,21057800.0,2026-06-18,16:15:00
000017,深中华A,5.15,5.16,5.16,5.23,5.01,63642.0,32720000.0,35.49,22.7,85.86,9.09,1.44,3107600,3256600.0,2026-06-18,16:14:45
000018,神城A退,0.27,0.27,0.0,0.0,0.0,0.0,0.0,4.59,2.69,-0.08,-0.35,0.0,0,0.0,2026-06-18,09:10:00
000019,深粮控股,6.16,6.22,6.19,6.21,6.06,60458.0,37180000.0,71.0,25.64,32.74,1.4,1.45,3014300,3031500.0,2026-06-18,16:14:51
000020,深华发Ａ,11.54,11.87,11.86,11.86,11.47,33953.0,39390000.0,32.68,20.91,94.11,7.35,1.87,1583400,1811900.0,2026-06-18,16:14:54
000021,深科技,44.04,42.91,42.85,46.18,42.31,1886099.0,8236410000.0,693.35,693.25,57.83,5.33,11.98,96266400,92343500.0,2026-06-18,16:14:03
000025,特  力Ａ,15.37,15.87,15.7,16.3,15.28,94710.0,148000000.0,66.25,60.37,46.69,3.56,2.41,3332300,6138700.0,2026-06-18,16:14:06
000026,飞亚达,21.31,21.32,21.2,21.5,20.37,115744.0,243340000.0,86.47,77.69,80.74,2.58,3.17,6162300,5412200.0,2026-06-18,16:14:09
000027,深圳能源,6.88,7.37,7.32,7.39,6.88,761740.0,537560000.0,327.31,327.31,16.36,0.98,1.6,27670700,48503300.0,2026-06-18,16:14:48
000028,国药一致,22.6,22.66,22.68,22.85,22.47,19329.0,43790000.0,125.78,108.04,11.48,0.67,0.4,735900,1197000.0,2026-06-18,16:14:57
000029,深深房Ａ,29.23,28.57,28.85,29.35,27.9,98764.0,285090000.0,295.71,260.63,1252.58,8.26,1.11,4837700,5038700.0,2026-06-18,16:14:51
000030,富奥股份,4.26,4.29,4.28,4.31,4.23,87049.0,37190000.0,73.26,71.18,11.03,0.86,0.52,3550200,5154700.0,2026-06-18,16:14:54
000031,大悦城,2.33,2.37,2.37,2.39,2.3,393127.0,91960000.0,99.87,99.87,-4.32,0.98,0.92,17062500,22250200.0,2026-06-18,16:14:54
000032,深桑达Ａ,24.6,23.22,23.35,25.54,23.23,1473955.0,3666820000.0,298.93,267.98,-170.41,4.06,13.53,80301700,67093700.0,2026-06-18,16:14:48
000033,新都退,1.7,1.7,0.0,0.0,0.0,0.0,0.0,7.31,7.31,-105.03,31.1,0.0,0,0.0,2026-06-18,09:00:00
000034,神州数码,26.58,26.69,26.57,26.99,26.28,369142.0,980770000.0,270.25,225.7,49.89,2.42,4.35,16725500,20188700.0,2026-06-18,16:14:51
000035,中国天楹,5.07,5.1,5.09,5.12,4.99,278130.0,140350000.0,121.07,117.27,41.83,1.13,1.2,12594900,15218200.0,2026-06-18,16:14:54
000036,华联控股,4.9,5.14,5.12,5.12,4.89,273835.0,136080000.0,68.79,68.75,76.05,1.34,1.95,10217700,17165800.0,2026-06-18,16:14:57
000037,深南电A,10.37,11.52,11.31,11.31,10.37,478538.0,512080000.0,62.51,35.14,33.72,3.7,14.12,18810600,29043200.0,2026-06-18,16:15:00
000038,大通退,0.52,0.52,0.0,0.0,0.0,0.0,0.0,2.72,1.3,-1.67,0.11,0.0,0,0.0,2026-06-18,09:00:00
000039,中集集团,8.88,9.09,9.09,9.28,8.84,540773.0,486060000.0,478.86,204.36,-419.98,1.02,2.35,23459700,30617500.0,2026-06-18,16:15:00
000040,*ST旭蓝,0.49,0.49,0.0,0.0,0.0,0.0,0.0,7.29,5.17,-2.06,0.07,0.0,0,0.0,2026-06-18,09:00:00
000042,中洲控股,8.93,9.09,9.14,9.15,8.92,44242.0,39850000.0,59.37,59.3,-5.36,2.62,0.67,1970400,2453900.0,2026-06-18,16:14:57
000045,深纺织Ａ,10.73,11.2,11.11,11.16,10.72,68716.0,74520000.0,54.35,49.04,77.91,1.83,1.5,2772900,4098700.0,2026-06-18,16:14:03
000046,*ST泛海,0.38,0.38,0.0,0.0,0.0,0.0,0.0,19.75,19.66,-0.11,-0.16,0.0,0,0.0,2026-06-18,09:00:00
000047,ST中侨,8.03,8.03,0.0,0.0,0.0,0.0,0.0,9.67,2.64,-7.64,-0.78,0.0,0,0.0,2026-06-18,09:00:00
000048,京基智农,18.86,19.13,19.05,19.49,17.84,315713.0,585750000.0,100.0,99.83,-52.54,2.66,5.96,15751600,15819700.0,2026-06-18,16:14:57
000049,德赛电池,24.05,24.38,24.25,24.7,24.01,59354.0,143890000.0,92.51,92.48,28.59,1.38,1.54,2701300,3234100.0,2026-06-18,16:14:06
000050,深天马Ａ,8.94,9.14,9.0,9.12,8.69,1333371.0,1184700000.0,217.76,217.76,-319.16,0.81,5.47,67648900,65688200.0,2026-06-18,16:15:00
000055,方大集团,3.65,3.82,3.78,3.8,3.61,241163.0,89510000.0,39.2,24.67,-7.53,0.7,3.57,7921800,16194500.0,2026-06-18,16:15:00
000056,*ST皇庭,1.67,1.68,1.67,1.74,1.64,273190.0,46240000.0,19.75,15.09,-0.74,-0.82,3.02,11876100,15442900.0,2026-06-18,16:14:03
000058,深 赛 格,6.63,6.77,6.76,6.76,6.59,83351.0,55480000.0,81.63,65.29,116.76,4.07,0.85,4206200,4128900.0,2026-06-18,16:14:03
000059,华锦股份,4.02,4.13,4.09,4.11,3.99,261462.0,105450000.0,64.3,64.3,-4.67,0.66,1.63,11344000,14802200.0,2026-06-18,16:14:06
000060,中金岭南,8.01,7.97,8.04,8.28,7.85,2504299.0,2018700000.0,355.74,355.73,34.46,1.78,5.64,121874300,128555700.0,2026-06-18,16:14:03
000061,农 产 品,5.86,5.84,5.85,6.22,5.77,271879.0,161590000.0,116.32,105.15,26.87,1.35,1.52,13354000,13834000.0,2026-06-18,16:14:09
000062,深圳华强,32.06,31.75,31.46,32.49,31.35,604189.0,1931040000.0,335.32,334.99,60.07,4.96,5.78,27381800,33037200.0,2026-06-18,16:14:12
000063,中兴通讯,37.89,37.64,37.41,38.64,37.01,2180738.0,8270110000.0,1812.48,1526.07,40.5,2.36,5.41,115966300,102107500.0,2026-06-18,16:14:06
000065,北方国际,12.32,12.76,12.71,12.78,12.05,310114.0,382090000.0,143.09,120.12,21.78,1.3,3.18,13270200,17741200.0,2026-06-18,16:14:09
000066,中国长城,17.84,17.81,17.46,18.38,17.35,3198987.0,5739190000.0,575.48,575.44,2852.62,5.26,9.92,159609600,160289100.0,2026-06-18,16:14:09
000068,华控赛格,3.27,3.43,3.42,3.42,3.22,402294.0,133240000.0,32.92,32.92,-31.26,5.62,4.0,14484300,25745100.0,2026-06-18,16:14:12
000069,华侨城Ａ,1.78,1.8,1.79,1.81,1.75,330847.0,59060000.0,143.07,122.8,-0.99,0.42,0.48,15517800,17566900.0,2026-06-18,16:14:06
000070,特发信息,20.73,20.66,20.76,21.2,20.33,1076960.0,2232680000.0,180.02,177.6,-36.73,22.31,12.57,57253100,50442900.0,2026-06-18,16:14:12
000078,ST海王,1.47,1.55,1.51,1.53,1.47,852937.0,127210000.0,38.68,38.59,-6.76,3.12,3.25,32952400,52341300.0,2026-06-18,16:14:15
000090,天健集团,3.39,3.45,3.44,3.46,3.35,197113.0,66950000.0,63.34,63.34,39.64,0.56,1.05,8516400,11194900.0,2026-06-18,16:14:21
000096,广聚能源,7.46,7.55,7.55,7.58,7.4,43585.0,32600000.0,39.39,38.11,35.01,1.43,0.85,2520500,1838000.0,2026-06-18,16:14:15
000099,中信海直,15.87,16.56,16.38,16.4,15.78,184270.0,293700000.0,123.11,123.11,39.64,2.23,2.38,7948900,10478100.0,2026-06-18,16:14:12
000100,TCL科技,5.0,5.12,5.21,5.24,4.98,18041617.0,9165950000.0,1040.04,956.6,20.55,1.71,9.43,816944400,987217300.0,2026-06-18,16:14:12
000150,*ST宜康,0.51,0.51,0.0,0.0,0.0,0.0,0.0,4.48,4.11,-0.43,-0.52,0.0,0,0.0,2026-06-18,09:00:00
000151,中成股份,13.24,13.94,13.89,13.9,13.23,159996.0,214400000.0,46.46,40.77,11.73,5.31,5.2,6763300,9236300.0,2026-06-18,16:14:15
000153,丰原药业,5.28,5.26,5.25,5.32,5.19,48340.0,25460000.0,24.54,24.23,24.93,1.15,1.05,2371100,2463000.0,2026-06-18,16:14:15
000155,川能动力,12.87,13.34,13.21,13.34,12.85,352294.0,458320000.0,237.6,237.6,44.62,2.21,1.91,14287500,20941900.0,2026-06-18,16:14:18
000158,常山北明,14.52,14.51,14.46,14.65,14.22,261804.0,379510000.0,232.12,230.56,733.95,4.41,1.65,11796400,14384000.0,2026-06-18,16:14:21
000159,国际实业,5.75,5.76,5.74,5.95,5.66,147424.0,85330000.0,27.64,27.64,75.32,1.34,3.07,7204900,7537500.0,2026-06-18,16:14:24
000802,北京文化,4.11,4.03,4.03,4.14,3.9,348879.0,141150000.0,29.42,29.41,-14.02,4.82,4.88,19563000,15324900.0,2026-06-18,16:14:45
000805,*ST炎黄,1.88,1.88,0.0,0.0,0.0,0.0,0.0,1.2,0.39,3.01,327.75,0.0,0,0.0,2026-06-18,09:00:00
000819,岳阳兴长,13.26,13.16,13.3,13.6,12.92,67758.0,89910000.0,49.0,48.47,-77.92,2.36,1.85,3334100,3441700.0,2026-06-18,16:14:09
000823,超声电子,21.6,22.11,22.46,22.49,21.21,1138248.0,2462430000.0,128.37,128.37,60.08,2.74,19.15,50870400,62954500.0,2026-06-18,16:14:57
000827,*ST长兴,1.16,1.16,0.0,0.0,0.0,0.0,0.0,0.77,0.34,-0.7,-9.53,0.0,0,0.0,2026-06-18,09:00:00
000828,东莞控股,9.6,9.72,9.7,9.72,9.54,36592.0,35130000.0,99.79,99.79,11.23,0.98,0.35,1315400,2343800.0,2026-06-18,16:14:54
000851,*ST高鸿,0.38,0.38,0.0,0.0,0.0,0.0,0.0,4.4,4.3,-0.64,2.91,0.0,0,0.0,2026-06-18,09:00:00
000852,石化机械,5.55,5.6,5.59,5.64,5.51,79037.0,44030000.0,53.05,52.74,-3827.01,1.7,0.83,3772900,4130800.0,2026-06-18,16:14:06
000856,冀东装备,7.78,7.85,7.82,7.9,7.65,52557.0,40940000.0,17.66,17.66,144.39,4.32,2.32,2724300,2531400.0,2026-06-18,16:14:24
000858,五 粮 液,75.85,77.49,77.28,77.36,75.85,326843.0,2499480000.0,2944.2,2944.13,23.37,2.3,0.84,14937800,17746500.0,2026-06-18,16:14:57
000863,三湘印象,4.43,4.42,4.4,4.54,4.28,223059.0,98390000.0,52.3,51.53,-33.87,1.2,1.92,10530400,11775500.0,2026-06-18,16:14:42
000869,张  裕Ａ,16.71,16.96,16.97,16.97,16.66,11115.0,18630000.0,109.82,76.05,181.46,1.06,0.24,571000,540500.0,2026-06-18,16:14:09
000901,航天科技,18.34,18.26,18.11,18.68,17.92,182639.0,335380000.0,146.39,146.39,164.62,3.45,2.29,9615200,8648700.0,2026-06-18,16:14:33
000903,ST云动,1.99,1.97,1.97,2.03,1.96,226862.0,45080000.0,38.5,38.21,-3.84,6.26,1.18,10391200,12295000.0,2026-06-18,16:14:36
000905,厦门港务,8.57,8.61,8.65,8.67,8.5,76690.0,65610000.0,132.18,63.57,64.42,1.45,1.03,4072200,3596900.0,2026-06-18,16:14:21
000906,浙商中拓,5.41,5.43,5.41,5.45,5.3,77220.0,41620000.0,38.39,37.94,17.67,0.79,1.1,4121700,3600300.0,2026-06-18,16:14:51
000913,钱江摩托,11.6,12.14,12.04,12.12,11.47,93048.0,108830000.0,61.06,60.33,7.17,1.22,1.79,3456800,5848000.0,2026-06-18,16:14:57
000918,*ST嘉凯,0.49,0.49,0.0,0.0,0.0,0.0,0.0,8.84,8.84,-0.91,-3.63,0.0,0,0.0,2026-06-18,09:00:00
000928,中钢国际,5.57,5.85,5.81,5.81,5.55,206491.0,116590000.0,79.91,79.91,18.23,0.96,1.44,6506500,14142600.0,2026-06-18,16:14:30
000932,华菱钢铁,3.64,3.68,3.67,3.73,3.59,1096060.0,399580000.0,249.43,249.43,11.1,0.45,1.6,42368500,67237500.0,2026-06-18,16:14:51
000933,神火股份,23.74,24.55,24.2,24.78,23.62,719754.0,1730980000.0,533.91,533.54,9.56,2.13,3.2,32287100,39688300.0,2026-06-18,16:14:54
000935,四川双马,25.98,26.25,26.04,26.74,25.76,68595.0,179850000.0,198.34,198.34,82.46,2.53,0.9,3538400,3321100.0,2026-06-18,16:14:57
000958,电投产融,5.82,5.93,5.9,5.99,5.79,463224.0,270940000.0,1066.02,313.31,32.34,2.12,0.86,20179600,26142700.0,2026-06-18,16:14:42
000966,长源电力,4.48,4.83,4.81,4.81,4.46,1182211.0,543150000.0,155.95,155.95,139.17,1.16,3.4,43839500,74381600.0,2026-06-18,16:14:51
000971,*ST高升,0.55,0.55,0.0,0.0,0.0,0.0,0.0,5.77,4.66,-1.52,36.3,0.0,0,0.0,2026-06-18,09:00:00
000982,中银绒业,0.18,0.18,0.0,0.0,0.0,0.0,0.0,7.67,7.67,-4.69,0.72,0.0,0,0.0,2026-06-18,09:00:00
000987,越秀资本,7.48,7.71,7.66,7.7,7.44,325494.0,245230000.0,375.28,375.0,9.02,1.13,0.65,13929100,18620300.0,2026-06-18,16:14:45
000989,九芝堂,7.9,7.86,7.87,7.98,7.74,62221.0,49060000.0,67.62,54.84,24.95,1.87,0.9,3072300,3149800.0,2026-06-18,16:14:09
000990,诚志股份,8.65,8.94,8.95,8.98,8.63,294354.0,257170000.0,105.12,105.12,148.59,0.59,2.42,11361400,18074000.0,2026-06-18,16:14:48
000991,通海高科,7.36,7.36,0.0,0.0,0.0,0.0,0.0,33.12,,32.37,0.0,,0,0.0,2026-06-18,09:00:00
000993,闽东电力,10.88,11.4,11.31,11.32,10.82,180537.0,199040000.0,49.83,49.83,243.62,1.96,3.94,7651200,10402500.0,2026-06-18,16:14:18
000998,隆平高科,8.02,8.11,8.07,8.14,8.0,113997.0,91690000.0,117.85,105.42,317.75,1.76,0.87,4521800,6877900.0,2026-06-18,16:14:12
