股票代码,股票名称,当前价,昨收价,开盘价,最高价,最低价,成交量,成交额,总市值,流通市值,市盈率,市净率,换手率,买盘总量,卖盘总量,交易日期,更新时间
000001,平安银行,10.49,10.6,10.55,10.59,10.43,747191.0,785390000.0,2035.68,2035.65,4.73,0.45,0.39,34448400,40270700.0,2026-07-09,16:14:33
000002,万  科Ａ,2.98,3.0,2.99,3.03,2.95,875100.0,260830000.0,355.54,289.56,-0.4,0.32,0.9,40343600,47166400.0,2026-07-09,16:14:33
000004,国华退,0.42,0.38,0.39,0.42,0.39,53756.0,2240000.0,0.56,0.53,4.72,0.64,4.26,1450800,3924800.0,2026-07-09,16:14:36
000006,深振业Ａ,6.84,6.78,6.75,6.89,6.64,150705.0,102030000.0,92.34,92.34,-1050.03,1.72,1.12,7957700,7112800.0,2026-07-09,16:14:39
000007,全新好,10.85,11.2,11.1,11.24,10.62,79917.0,87280000.0,37.59,37.59,-1864.71,20.99,2.31,4354700,3637000.0,2026-07-09,16:14:33
000008,神州高铁,2.36,2.36,0.0,0.0,0.0,0.0,0.0,64.11,64.1,-7.79,2.97,0.0,0,0.0,2026-07-09,16:14:33
000009,中国宝安,6.09,6.16,6.15,6.19,6.0,195244.0,118590000.0,157.07,156.88,302.5,1.57,0.76,9295100,10229300.0,2026-07-09,16:14:33
000010,*ST美丽,1.82,1.85,1.83,1.89,1.8,217794.0,40110000.0,20.92,15.89,-1232.33,7.11,2.49,8934300,12845100.0,2026-07-09,16:14:36
000011,深物业A,6.27,6.33,6.31,6.42,6.19,37152.0,23360000.0,37.37,33.01,2272.78,1.11,0.71,1808900,1906300.0,2026-07-09,16:14:36
000012,南  玻Ａ,4.31,4.18,4.19,4.32,4.17,518262.0,219670000.0,131.13,84.45,1175.5,1.01,2.65,29081700,22744400.0,2026-07-09,16:14:36
000014,沙河股份,8.9,8.92,8.88,9.06,8.74,47341.0,41940000.0,21.54,21.54,-14.14,1.56,1.96,2478000,2256100.0,2026-07-09,16:14:42
000016,*ST康佳A,2.47,2.52,2.5,2.56,2.43,225288.0,56060000.0,59.48,39.44,-0.46,-0.53,1.41,9233900,13294900.0,2026-07-09,16:14:39
000017,深中华A,6.55,6.06,6.01,6.67,5.92,398736.0,255410000.0,45.14,28.87,109.2,11.56,9.05,21905000,17968500.0,2026-07-09,16:14:39
000019,深粮控股,5.81,5.91,5.9,5.91,5.74,45109.0,26240000.0,66.96,24.18,30.88,1.36,1.08,1993600,2517300.0,2026-07-09,16:14:36
000020,深华发Ａ,10.59,10.38,10.38,10.62,10.06,35737.0,37080000.0,29.99,19.19,86.37,6.75,1.97,1762100,1811600.0,2026-07-09,16:14:42
000021,深科技,56.24,51.13,52.93,56.24,52.82,1845381.0,10109410000.0,885.43,885.31,73.85,6.8,11.72,109208200,75329900.0,2026-07-09,16:14:45
000025,特  力Ａ,13.18,13.27,13.14,13.33,12.76,53003.0,69000000.0,56.81,51.77,40.03,3.05,1.35,2586600,2713700.0,2026-07-09,16:14:42
000026,飞亚达,18.75,18.8,18.77,19.11,17.89,121683.0,225160000.0,76.08,68.36,71.04,2.27,3.34,5895900,6272400.0,2026-07-09,16:14:45
000027,深圳能源,5.98,6.02,6.02,6.03,5.89,315795.0,187860000.0,284.49,284.49,14.22,0.87,0.66,14263200,17316300.0,2026-07-09,16:14:48
000028,国药一致,20.18,20.68,20.64,20.7,20.13,24104.0,49070000.0,123.55,106.12,11.28,0.67,0.46,1056200,1354200.0,2026-07-09,16:14:51
000029,深深房Ａ,23.92,22.11,22.13,23.97,21.88,84272.0,193590000.0,241.99,213.29,1025.03,6.76,0.95,4779000,3648200.0,2026-07-09,16:14:39
000030,富奥股份,3.94,4.01,4.0,4.01,3.92,94069.0,37150000.0,67.76,65.83,10.2,0.82,0.56,4752600,4654300.0,2026-07-09,16:14:39
000031,大悦城,2.11,2.1,2.08,2.14,2.07,321830.0,67620000.0,90.44,90.44,-3.91,0.88,0.75,15518800,16664200.0,2026-07-09,16:14:54
000032,深桑达Ａ,22.42,21.04,21.5,23.14,21.5,916185.0,2056980000.0,272.44,244.24,-155.31,3.7,8.41,42960100,48658400.0,2026-07-09,16:14:42
000034,神州数码,28.83,28.56,28.0,28.99,27.56,816418.0,2308480000.0,293.13,244.81,54.12,2.62,9.61,39962100,41679700.0,2026-07-09,16:14:42
000035,中国天楹,4.52,4.55,4.55,4.59,4.44,317439.0,143060000.0,107.94,104.55,37.29,1.0,1.37,15398900,16345000.0,2026-07-09,16:14:45
000036,华联控股,4.06,4.08,4.08,4.1,3.9,294601.0,117860000.0,57.0,56.96,63.01,1.11,2.1,15580600,13879500.0,2026-07-09,16:14:48
000037,深南电A,8.2,8.17,8.12,8.2,7.88,130354.0,104910000.0,49.43,27.79,26.66,2.96,3.85,6360500,6674900.0,2026-07-09,16:14:45
000039,中集集团,8.08,7.9,7.86,8.14,7.8,359663.0,287860000.0,435.72,185.95,-382.15,0.93,1.56,19882800,16083500.0,2026-07-09,16:14:48
000040,*ST旭蓝,0.49,0.49,0.0,0.0,0.0,0.0,0.0,7.29,5.17,-2.06,0.07,0.0,0,0.0,2026-07-09,09:00:00
000042,中洲控股,7.69,7.52,7.5,8.0,7.41,83461.0,64360000.0,51.13,51.07,-4.62,2.26,1.26,4703100,3643000.0,2026-07-09,16:14:51
000045,深纺织Ａ,9.58,9.5,9.48,9.6,9.26,51014.0,48230000.0,48.52,43.78,69.56,1.63,1.12,2712200,2389200.0,2026-07-09,16:14:54
000048,京基智农,21.91,21.85,21.53,22.56,21.12,197179.0,432340000.0,116.17,115.97,-61.04,3.09,3.73,10077900,9640000.0,2026-07-09,16:14:51
000049,德赛电池,24.04,23.97,23.76,24.28,23.31,70323.0,166810000.0,92.47,92.44,28.58,1.38,1.83,3384800,3647500.0,2026-07-09,16:14:48
000050,深天马Ａ,8.04,7.86,7.92,8.08,7.77,540953.0,429690000.0,195.84,195.83,-287.03,0.73,2.22,27891900,26203400.0,2026-07-09,16:14:57
000055,方大集团,3.17,3.23,3.24,3.25,3.13,120380.0,38150000.0,34.04,21.42,-6.54,0.61,1.78,5882600,6155400.0,2026-07-09,16:14:45
000056,*ST皇庭,2.21,2.19,2.21,2.28,2.19,260055.0,58050000.0,26.13,19.97,-0.98,-1.09,2.88,11921200,14084300.0,2026-07-09,16:15:00
000058,深 赛 格,5.99,6.03,6.01,6.06,5.88,59040.0,35200000.0,73.75,58.99,105.49,3.67,0.6,3025800,2878200.0,2026-07-09,16:14:51
000059,华锦股份,4.02,4.05,4.04,4.14,3.97,264253.0,106720000.0,64.3,64.3,-4.67,0.66,1.65,12524700,13900600.0,2026-07-09,16:14:48
000060,中金岭南,6.49,6.54,6.54,6.59,6.19,1748243.0,1116150000.0,288.23,288.23,27.92,1.46,3.94,83893400,90931000.0,2026-07-09,16:14:03
000061,农 产 品,5.54,5.55,5.54,5.65,5.45,156677.0,87060000.0,109.97,99.4,25.41,1.29,0.87,8116400,7551300.0,2026-07-09,16:14:06
000062,深圳华强,32.14,33.86,33.02,33.25,30.47,827539.0,2623260000.0,336.16,335.83,60.22,4.97,7.92,37704900,45049000.0,2026-07-09,16:14:54
000063,中兴通讯,40.33,36.87,37.1,40.5,36.98,5359353.0,20983640000.0,1929.2,1624.34,43.11,2.52,13.31,352445100,183490200.0,2026-07-09,16:14:09
000065,北方国际,8.88,8.96,8.9,8.99,8.68,162475.0,143300000.0,103.14,86.58,15.7,0.93,1.67,8441900,7805600.0,2026-07-09,16:14:54
000066,中国长城,19.88,19.31,19.0,20.0,18.18,3629747.0,7030170000.0,641.29,641.24,3178.81,5.87,11.25,187091000,175883700.0,2026-07-09,16:14:12
000068,华控赛格,2.68,2.74,2.73,2.75,2.63,141910.0,38050000.0,26.98,26.98,-25.62,4.61,1.41,6061200,8129800.0,2026-07-09,16:14:51
000069,华侨城Ａ,1.62,1.64,1.62,1.65,1.6,427956.0,69410000.0,130.21,111.76,-0.9,0.38,0.62,19172900,23622700.0,2026-07-09,16:14:54
000070,特发信息,18.18,17.42,18.7,18.86,17.5,1274132.0,2297100000.0,157.87,155.75,-32.21,19.57,14.87,58794200,68619000.0,2026-07-09,16:14:57
000078,ST海王,1.86,1.98,2.18,2.18,1.79,3451521.0,693300000.0,48.94,48.83,-8.55,3.94,13.15,151501000,193651100.0,2026-07-09,16:14:15
000088,盐 田 港,4.18,4.19,4.19,4.22,4.17,136324.0,57180000.0,217.34,132.21,14.73,1.22,0.43,7043800,6588600.0,2026-07-09,16:14:57
000089,深圳机场,6.26,6.34,6.31,6.34,6.24,110261.0,69300000.0,128.38,128.38,20.69,1.11,0.54,5729300,5296800.0,2026-07-09,16:15:00
000090,天健集团,3.05,3.07,3.06,3.1,3.02,136548.0,41680000.0,56.99,56.99,35.67,0.51,0.73,6379000,7275900.0,2026-07-09,16:15:00
000096,广聚能源,7.17,7.21,7.19,7.35,7.11,72780.0,52530000.0,37.86,36.63,33.64,1.37,1.42,3360600,3917400.0,2026-07-09,16:14:57
000099,中信海直,13.55,13.81,13.71,13.85,13.3,104927.0,141970000.0,105.12,105.12,33.84,1.91,1.35,5207200,5285600.0,2026-07-09,16:14:57
000100,TCL科技,5.36,5.04,5.05,5.38,5.05,13829470.0,7219440000.0,1114.93,1025.48,22.03,1.83,7.23,787108700,595838300.0,2026-07-09,16:14:03
000151,中成股份,9.24,9.39,9.41,9.43,8.98,91054.0,83530000.0,32.42,28.45,8.19,3.7,2.96,4318000,4787400.0,2026-07-09,16:15:00
000153,丰原药业,5.23,5.26,5.25,5.35,5.13,63759.0,33220000.0,24.3,24.0,24.7,1.14,1.39,2987800,3388100.0,2026-07-09,16:14:06
000155,川能动力,10.98,11.23,11.15,11.26,10.72,353105.0,387110000.0,202.71,202.71,38.07,1.89,1.91,17847400,17463100.0,2026-07-09,16:14:09
000156,华数传媒,6.44,6.52,6.5,6.63,6.38,99722.0,64790000.0,119.33,109.47,26.61,0.79,0.59,4732000,5240200.0,2026-07-09,16:14:03
000157,中联重科,7.1,7.15,7.14,7.14,6.99,641843.0,452210000.0,614.05,501.95,14.17,1.05,0.91,31080300,33104000.0,2026-07-09,16:15:00
000158,常山北明,12.98,12.92,12.83,13.0,12.57,325516.0,415920000.0,207.5,206.11,656.11,3.95,2.05,16728100,15823400.0,2026-07-09,16:14:03
000159,国际实业,5.5,5.45,5.43,5.51,5.32,101573.0,55140000.0,26.44,26.44,72.04,1.29,2.11,5074300,5083000.0,2026-07-09,16:14:06
000166,申万宏源,4.59,4.57,4.54,4.59,4.51,1001130.0,455400000.0,1149.33,1034.38,11.63,1.0,0.44,50889800,49223200.0,2026-07-09,16:14:09
000301,东方盛虹,12.48,12.82,12.7,12.7,11.82,595907.0,724030000.0,825.08,824.72,67.35,2.38,0.9,25750800,33839900.0,2026-07-09,16:14:03
000333,美的集团,79.33,79.41,79.0,79.59,78.0,301215.0,2381430000.0,6039.74,5443.87,13.67,2.96,0.44,13923600,16198000.0,2026-07-09,16:14:06
000338,潍柴动力,27.84,27.91,27.95,28.35,27.01,792148.0,2199360000.0,2411.54,1378.98,21.33,2.53,1.6,42139800,37075100.0,2026-07-09,16:14:09
000400,许继电气,20.04,20.2,20.21,20.28,19.58,175630.0,348780000.0,204.13,202.74,19.07,1.69,1.74,8631900,8931100.0,2026-07-09,16:14:12
000401,金隅冀东,3.42,3.46,3.46,3.48,3.4,55213.0,18940000.0,90.91,89.99,93.37,0.35,0.21,2509500,3011800.0,2026-07-09,16:14:15
000402,金 融 街,2.4,2.42,2.41,2.44,2.36,385824.0,92290000.0,71.73,71.73,-1.54,0.36,1.29,15364700,23217600.0,2026-07-09,16:14:12
000403,派林生物,9.02,9.03,8.99,9.16,8.83,102091.0,91560000.0,85.73,84.85,24.27,1.06,1.09,4818000,5391100.0,2026-07-09,16:14:18
000404,长虹华意,7.67,8.3,8.22,8.23,7.47,341968.0,266530000.0,53.38,53.13,10.47,1.27,4.94,13071300,21125500.0,2026-07-09,16:14:15
000407,胜利股份,3.74,3.78,3.77,3.83,3.72,102374.0,38490000.0,32.92,32.75,20.03,1.06,1.17,4944700,5292700.0,2026-07-09,16:14:18
000408,藏格矿业,68.84,70.56,70.58,70.88,66.74,178659.0,1222530000.0,1080.04,1080.03,23.08,6.12,1.14,8509400,9356500.0,2026-07-09,16:14:06
000409,云鼎科技,8.11,8.16,8.16,8.17,7.92,57814.0,46460000.0,54.97,47.89,77.75,3.35,0.98,2543600,3237800.0,2026-07-09,16:14:18
000410,沈阳机床,4.54,4.53,4.53,4.57,4.42,131636.0,59230000.0,120.27,89.48,-226.81,2.88,0.67,6294000,6869600.0,2026-07-09,16:14:21
000411,英特集团,9.45,9.6,9.6,9.65,9.35,36521.0,34530000.0,53.38,53.27,11.11,0.99,0.65,1573600,2078600.0,2026-07-09,16:14:12
000415,渤海租赁,4.36,4.37,4.37,4.46,4.28,1026734.0,450300000.0,269.65,235.13,-160.69,0.9,1.9,49737900,52935500.0,2026-07-09,16:14:15
000417,合百集团,8.24,7.49,7.9,8.24,7.87,298165.0,242350000.0,64.26,64.19,43.06,1.35,3.83,13349800,16466700.0,2026-07-09,16:14:24
000419,通程控股,4.61,4.68,4.66,4.73,4.56,52635.0,24340000.0,25.06,25.06,17.58,0.73,0.97,2586600,2676900.0,2026-07-09,16:14:21
000420,吉林化纤,3.75,3.79,3.8,3.83,3.69,543982.0,203730000.0,92.21,92.18,221.07,2.08,2.21,23854700,30543500.0,2026-07-09,16:14:24
000421,南京公用,5.1,5.16,5.15,5.21,5.03,57718.0,29480000.0,29.3,29.29,33.46,1.05,1.01,2612600,3159200.0,2026-07-09,16:14:27
000422,湖北宜化,13.17,13.04,12.91,13.26,12.9,206014.0,269110000.0,143.23,139.32,16.72,2.41,1.95,10427100,10174300.0,2026-07-09,16:14:18
000423,东阿阿胶,46.8,46.99,46.63,47.25,46.15,31196.0,146310000.0,299.44,298.91,16.93,3.1,0.49,1662600,1457000.0,2026-07-09,16:14:21
000425,徐工机械,8.35,8.46,8.4,8.42,8.13,958265.0,792880000.0,977.89,749.15,14.84,1.63,1.07,36450700,59375800.0,2026-07-09,16:14:24
000426,兴业银锡,32.35,33.23,32.54,33.05,30.5,724846.0,2304050000.0,574.42,574.28,21.53,5.31,4.08,36445900,36038700.0,2026-07-09,16:14:21
000428,华天酒店,3.04,3.1,3.07,3.11,3.01,122541.0,37360000.0,30.98,30.98,-14.8,2.43,1.2,5951000,6303100.0,2026-07-09,16:14:30
000429,粤高速Ａ,13.88,14.72,14.58,14.58,13.75,111804.0,155870000.0,290.2,180.9,18.19,2.52,0.86,5679800,5500600.0,2026-07-09,16:14:33
000430,张家界,6.74,7.02,6.86,6.94,6.67,124326.0,84090000.0,54.57,24.98,-25.72,3.0,3.36,4573200,7859500.0,2026-07-09,16:14:27
000488,ST晨鸣,2.0,2.03,2.02,2.05,1.99,92477.0,18700000.0,58.83,33.88,-0.8,14.12,0.55,2973100,6274600.0,2026-07-09,16:14:36
000498,山东路桥,4.85,4.94,4.93,4.94,4.82,82256.0,40040000.0,75.29,70.29,3.51,0.46,0.57,3484500,4741100.0,2026-07-09,16:14:27
000501,武商集团,6.9,6.9,6.93,6.97,6.78,54112.0,37070000.0,53.06,53.01,32.91,0.48,0.7,2717900,2693300.0,2026-07-09,16:14:30
000503,国新健康,6.3,6.33,6.29,6.38,6.22,95656.0,60210000.0,61.69,61.69,-15.16,6.43,0.98,4500400,5065200.0,2026-07-09,16:14:39
000504,南华生物,8.07,7.82,7.82,8.57,7.8,92060.0,75210000.0,26.63,26.56,63.19,9.62,2.8,4354000,4852000.0,2026-07-09,16:14:24
000505,京粮控股,5.21,5.23,5.18,5.29,5.12,57671.0,29940000.0,37.87,32.95,-13.98,1.32,0.91,2576100,3191000.0,2026-07-09,16:14:27
000506,招金黄金,13.41,13.42,12.6,13.52,12.51,854638.0,1119210000.0,124.58,124.54,35.66,14.01,9.2,43777600,41686200.0,2026-07-09,16:14:30
000507,珠海港,4.63,4.68,4.7,4.7,4.6,71989.0,33380000.0,42.58,41.78,18.42,0.72,0.8,2757500,4441400.0,2026-07-09,16:14:33
000509,华塑控股,3.2,3.17,3.17,3.26,3.07,380424.0,120400000.0,34.34,34.34,-244.54,28.4,3.55,17337000,20705400.0,2026-07-09,16:14:09
000510,新金路,19.48,19.43,19.37,20.08,18.45,479980.0,921070000.0,126.34,118.17,-51.68,12.25,7.91,22610900,25387100.0,2026-07-09,16:14:36
000513,丽珠集团,29.86,30.21,30.06,30.58,29.71,53852.0,161320000.0,265.13,169.65,13.5,2.0,0.95,2606500,2778700.0,2026-07-09,16:14:42
000514,渝 开 发,3.7,3.7,3.68,3.74,3.61,97038.0,35660000.0,31.22,31.22,-22.2,0.85,1.15,4759300,4944500.0,2026-07-09,16:14:45
000516,国际医学,4.03,3.9,3.92,4.04,3.86,359935.0,142320000.0,90.23,88.85,-35.37,2.76,1.63,23822100,12171400.0,2026-07-09,16:14:48
000517,荣安地产,1.71,1.67,1.67,1.73,1.66,258666.0,43920000.0,54.45,42.61,-4.56,1.17,1.04,12958900,12907700.0,2026-07-09,16:14:51
000518,四环生物,3.99,3.82,3.71,4.15,3.65,1610368.0,637800000.0,41.08,41.08,-126.43,12.71,15.64,89146900,71889900.0,2026-07-09,16:14:39
000519,中兵红箭,17.91,18.4,18.36,18.4,17.07,1050629.0,1858970000.0,249.41,249.41,110.71,2.4,7.54,53034500,52028400.0,2026-07-09,16:14:54
000520,凤凰航运,4.32,4.4,4.43,4.47,4.25,255686.0,110880000.0,43.72,43.72,-114.64,10.38,2.53,11974100,13594500.0,2026-07-09,16:14:57
000521,长虹美菱,5.44,5.73,5.58,5.67,5.38,249843.0,137520000.0,56.03,47.61,18.74,0.95,2.85,8817500,16166800.0,2026-07-09,16:14:42
000523,红棉股份,2.64,2.63,2.62,2.67,2.59,203143.0,53180000.0,48.46,34.98,42.17,2.47,1.53,8417400,11896900.0,2026-07-09,16:15:00
000524,岭南控股,9.68,9.85,10.84,10.84,9.61,476636.0,486890000.0,64.88,64.85,84.98,2.85,7.11,21522000,26141700.0,2026-07-09,16:14:30
000525,红太阳,4.1,3.9,3.91,4.1,3.87,290278.0,116220000.0,53.43,45.58,-13.2,2.15,2.61,17040500,11987300.0,2026-07-09,16:14:03
000526,学大教育,25.91,26.7,26.7,26.75,25.74,22854.0,59570000.0,31.57,31.08,14.89,3.03,1.91,1268800,1016600.0,2026-07-09,16:14:33
000528,柳    工,7.9,8.07,8.02,8.05,7.79,302376.0,238850000.0,160.95,160.73,10.33,0.88,1.49,11362500,18875100.0,2026-07-09,16:14:33
000529,广弘控股,4.51,4.57,4.54,4.59,4.46,42344.0,19060000.0,26.33,25.7,24.66,0.84,0.74,2309800,1924600.0,2026-07-09,16:14:45
000530,冰山冷热,4.98,5.01,5.02,5.02,4.81,172242.0,84680000.0,41.99,29.89,77.96,1.32,2.87,6995900,10228300.0,2026-07-09,16:14:36
000531,穗恒运Ａ,5.59,5.65,5.63,5.67,5.51,83926.0,46790000.0,58.21,50.85,14.61,0.84,0.92,3677700,4714900.0,2026-07-09,16:14:48
000532,华金资本,10.37,10.45,10.46,10.46,10.11,47271.0,48560000.0,35.75,35.63,29.52,2.25,1.38,2135000,2592100.0,2026-07-09,16:14:12
000533,顺钠股份,8.77,8.61,8.67,8.8,8.32,215526.0,185530000.0,60.58,60.07,60.98,6.15,3.15,9840500,11712100.0,2026-07-09,16:14:15
000534,万泽股份,29.25,29.54,29.75,29.81,28.29,156818.0,454750000.0,149.04,146.99,73.86,8.68,3.12,7696700,7985200.0,2026-07-09,16:14:06
000536,华映科技,3.49,3.43,3.43,3.64,3.33,871572.0,300800000.0,96.53,96.43,-9.46,11.49,3.15,39107600,48049600.0,2026-07-09,16:14:39
000537,绿发电力,6.94,6.97,6.93,7.0,6.77,210260.0,144650000.0,142.67,142.67,22.45,0.73,1.02,10602600,10423400.0,2026-07-09,16:14:51
000538,云南白药,48.36,48.67,48.57,49.02,48.11,68157.0,330620000.0,862.87,857.39,16.42,2.2,0.38,3298300,3517400.0,2026-07-09,16:14:54
000539,粤电力Ａ,5.92,5.74,5.73,5.93,5.66,774976.0,451430000.0,310.82,151.28,37.39,1.33,3.03,43639700,33857900.0,2026-07-09,16:14:42
000541,佛山照明,4.91,5.02,5.0,5.04,4.86,110517.0,54420000.0,75.41,60.42,42.79,1.11,0.9,3572000,7479700.0,2026-07-09,16:14:09
000543,皖能电力,7.56,7.69,7.66,7.75,7.53,298682.0,227490000.0,171.37,171.37,7.97,0.98,1.32,11286300,18582000.0,2026-07-09,16:14:12
000544,中原环保,7.08,7.17,7.16,7.17,7.04,40527.0,28700000.0,69.01,69.01,6.49,0.75,0.42,1717900,2334800.0,2026-07-09,16:14:18
000545,金浦钛业,2.65,2.66,2.65,2.67,2.55,610444.0,159240000.0,26.15,26.11,-5.15,4.19,6.19,27257600,33786800.0,2026-07-09,16:14:21
000546,金圆股份,4.54,4.62,4.57,4.65,4.4,196652.0,88750000.0,35.31,31.63,-10.83,0.92,2.82,8220700,11444500.0,2026-07-09,16:14:45
000547,航天发展,16.52,16.04,16.04,16.57,15.55,798942.0,1283590000.0,264.07,262.52,-21.33,7.0,5.03,43801800,36092400.0,2026-07-09,16:14:24
000548,湖南投资,4.08,4.12,4.12,4.15,4.02,53441.0,21730000.0,20.37,20.37,54.0,0.99,1.07,2597000,2747100.0,2026-07-09,16:14:27
000550,江铃汽车,16.22,16.56,16.55,16.59,16.13,31999.0,52090000.0,140.01,84.09,11.46,1.16,0.62,1244300,1955600.0,2026-07-09,16:14:48
000551,创元科技,18.44,17.62,18.1,18.62,17.4,300005.0,540520000.0,89.38,89.35,26.31,2.96,6.19,15160100,14840400.0,2026-07-09,16:14:36
000552,甘肃能化,2.37,2.4,2.38,2.41,2.35,396002.0,94270000.0,126.84,88.3,-65.98,0.78,1.06,19038200,20562000.0,2026-07-09,16:14:39
000553,安道麦A,5.79,5.79,5.77,5.83,5.69,58971.0,33990000.0,134.9,126.05,-21.49,0.75,0.27,2676900,3220200.0,2026-07-09,16:14:57
000554,泰山石油,6.18,5.9,6.0,6.42,5.9,442468.0,270700000.0,29.51,22.21,17.46,2.53,12.31,23448200,20798600.0,2026-07-09,16:14:42
000555,神州信息,9.91,9.87,9.77,9.94,9.59,191819.0,187460000.0,96.7,96.59,169.95,1.7,1.97,9599100,9582800.0,2026-07-09,16:14:51
000557,西部创业,3.5,3.55,3.56,3.58,3.49,70458.0,24780000.0,51.04,51.03,18.31,0.8,0.48,3290400,3755400.0,2026-07-09,16:14:15
000558,天府文旅,3.18,3.3,3.19,3.24,3.1,440363.0,139260000.0,41.0,40.98,-92.22,3.9,3.42,18705900,25330400.0,2026-07-09,16:14:45
000559,万向钱潮,11.94,11.79,11.76,11.99,11.44,470723.0,552430000.0,395.85,395.73,40.02,4.88,1.42,24583000,22489200.0,2026-07-09,16:14:48
000560,我爱我家,2.0,2.01,1.99,2.03,1.95,587578.0,116330000.0,47.11,46.77,-48.34,0.51,2.51,26248300,32509500.0,2026-07-09,16:15:00
000561,烽火电子,7.1,7.0,7.01,7.11,6.85,94838.0,66370000.0,61.35,55.11,-20.85,2.11,1.22,4941000,4542800.0,2026-07-09,16:14:18
000563,陕国投Ａ,2.85,2.88,2.88,2.89,2.84,356947.0,102180000.0,145.75,145.75,10.91,0.8,0.7,15272400,20422300.0,2026-07-09,16:14:54
000564,供销大集,1.3,1.31,1.31,1.33,1.29,1609821.0,210680000.0,234.75,196.23,-13.01,1.62,1.07,70938600,90043500.0,2026-07-09,16:14:03
000565,渝三峡Ａ,5.73,5.74,5.74,5.81,5.55,81680.0,46260000.0,24.84,24.84,89.72,1.95,1.88,3917500,4250400.0,2026-07-09,16:14:30
000566,海南海药,4.73,5.21,4.74,5.1,4.69,2726316.0,1305600000.0,61.37,61.34,-14.01,1379.79,21.02,126599200,146032400.0,2026-07-09,16:14:21
000567,海德股份,5.89,5.91,5.93,5.95,5.72,184067.0,107300000.0,115.13,114.77,16.27,1.91,0.94,7983100,10423600.0,2026-07-09,16:14:24
000568,泸州老窖,74.91,76.41,76.08,76.4,74.61,106425.0,800510000.0,1102.6,1101.97,11.09,2.14,0.72,4989300,5653200.0,2026-07-09,16:14:51
000570,苏常柴Ａ,4.83,4.83,4.81,4.87,4.66,128856.0,61360000.0,34.08,26.84,41.82,0.97,2.32,5669900,7215700.0,2026-07-09,16:14:06
000571,新大洲A,6.49,6.64,6.62,6.74,6.08,455412.0,289020000.0,54.46,52.83,-35.61,361.18,5.59,20540100,25001100.0,2026-07-09,16:14:57
000572,海马汽车,3.44,3.41,3.41,3.5,3.32,738762.0,252280000.0,56.58,56.49,-37.66,3.59,4.5,37503600,36372600.0,2026-07-09,16:14:09
000573,粤宏远Ａ,3.35,3.37,3.36,3.39,3.28,122740.0,40880000.0,21.38,21.2,-835.19,1.33,1.94,5547400,6726600.0,2026-07-09,16:14:12
000576,甘化科工,6.98,6.97,6.98,7.26,6.72,170319.0,118320000.0,30.46,30.28,43.27,1.84,3.93,8338600,8693300.0,2026-07-09,16:14:54
000581,威孚高科,17.53,17.68,17.64,17.76,17.24,84279.0,147180000.0,169.48,139.17,15.58,0.84,1.06,3355200,5072700.0,2026-07-09,16:14:27
000582,北部湾港,11.05,11.11,10.92,11.12,10.75,264640.0,290110000.0,278.14,238.33,25.96,1.38,1.23,13156200,13307800.0,2026-07-09,16:14:57
000584,工智退,0.29,0.29,0.0,0.0,0.0,0.0,0.0,2.21,2.2,-1.01,0.74,0.0,0,0.0,2026-07-09,09:00:00
000586,汇源通信,12.56,12.2,12.12,12.56,11.78,83629.0,101540000.0,24.3,24.01,-243.58,7.63,4.37,4707000,3655900.0,2026-07-09,16:15:00
000589,贵州轮胎,4.27,4.3,4.3,4.31,4.22,193481.0,82350000.0,66.37,65.93,9.04,0.73,1.25,9020400,10327600.0,2026-07-09,16:14:33
000590,古汉医药,7.95,8.09,8.17,8.22,7.78,39717.0,31670000.0,19.04,19.03,-46.35,3.52,1.66,1769300,2202400.0,2026-07-09,16:14:36
000591,太阳能,4.22,4.26,4.25,4.26,4.12,576857.0,241430000.0,164.78,164.72,22.98,0.69,1.48,25601600,32084100.0,2026-07-09,16:15:00
000592,平潭发展,5.92,5.85,5.86,5.99,5.65,1095793.0,640420000.0,114.36,113.37,-96.01,6.45,5.72,53498600,56080800.0,2026-07-09,16:14:15
000593,德龙汇能,22.23,23.63,22.73,23.98,21.9,310554.0,704320000.0,79.72,79.69,251.88,9.02,8.66,15973200,15082200.0,2026-07-09,16:14:39
000595,宝塔实业,5.5,5.58,5.49,5.74,5.38,227780.0,126400000.0,62.63,62.63,65.87,12.94,2.0,10358900,12419100.0,2026-07-09,16:14:03
000596,古井贡酒,76.0,77.11,77.0,77.45,75.65,24098.0,183660000.0,401.74,310.54,14.22,1.54,0.59,1074900,1334900.0,2026-07-09,16:14:03
000597,东北制药,4.45,4.48,4.46,4.55,4.38,117244.0,52150000.0,63.5,62.71,25.36,1.16,0.83,5686200,6038200.0,2026-07-09,16:14:18
000598,兴蓉环境,6.71,6.72,6.71,6.75,6.66,176175.0,117960000.0,200.23,199.91,9.89,0.99,0.59,7742100,9875400.0,2026-07-09,16:14:30
000599,青岛双星,4.25,4.25,4.22,4.28,4.16,124975.0,52700000.0,103.83,34.71,-29.31,0.94,1.53,5525900,6971600.0,2026-07-09,16:14:33
000600,建投能源,7.97,8.09,8.06,8.1,7.8,263220.0,209020000.0,143.72,86.88,7.07,1.19,2.41,12374600,13947400.0,2026-07-09,16:14:06
000601,韶能股份,6.21,6.13,6.15,6.26,6.02,638269.0,392450000.0,66.1,65.18,66.39,1.6,6.08,29234300,34592600.0,2026-07-09,16:14:36
000603,盛达资源,21.91,22.07,21.8,22.3,20.82,340130.0,734350000.0,151.17,146.08,25.05,4.33,5.1,17510300,16502700.0,2026-07-09,16:14:09
000605,渤海股份,5.39,5.48,5.46,5.48,5.31,42184.0,22680000.0,19.01,19.01,208.96,0.89,1.2,2376000,1842400.0,2026-07-09,16:14:06
000607,华媒控股,3.18,3.16,3.15,3.24,3.11,111241.0,35370000.0,32.36,28.14,-9.32,2.72,1.26,6146200,4977900.0,2026-07-09,16:14:42
000608,阳光股份,6.04,5.98,5.98,6.13,5.84,272953.0,163800000.0,45.29,45.02,-20.09,2.21,3.66,14608100,12687200.0,2026-07-09,16:14:45
000609,*ST中迪,12.19,12.06,11.91,12.79,11.73,86767.0,106070000.0,36.48,35.48,-8.45,-11.47,2.98,4346600,4330100.0,2026-07-09,16:14:39
000610,*ST西旅,5.61,5.66,5.64,5.73,5.44,29813.0,16690000.0,13.28,13.21,-4.65,-16.36,1.27,1096600,1884700.0,2026-07-09,16:14:42
000612,焦作万方,9.8,10.08,10.01,10.1,9.48,413787.0,403570000.0,116.84,116.84,8.23,1.6,3.47,19715100,21663600.0,2026-07-09,16:14:45
000615,*ST美谷,3.11,3.15,3.15,3.16,3.09,41765.0,13040000.0,55.59,28.78,-8.99,3.4,0.45,1086400,3090000.0,2026-07-09,16:14:48
000617,中油资本,6.66,6.6,6.63,6.71,6.53,613435.0,406130000.0,841.96,841.96,18.33,0.8,0.49,29904800,31438700.0,2026-07-09,16:14:51
000619,海螺新材,4.33,4.38,4.37,4.42,4.18,77991.0,33610000.0,19.1,15.59,-21.94,0.77,2.17,3874700,3924400.0,2026-07-09,16:14:48
000620,盈新发展,3.3,3.17,3.2,3.31,3.14,3493695.0,1129760000.0,193.77,154.17,-16.28,5.29,7.48,183575500,165794000.0,2026-07-09,16:14:21
000622,恒立退,0.15,0.15,0.0,0.0,0.0,0.0,0.0,0.64,0.64,-2.87,0.38,0.0,0,0.0,2026-07-09,09:00:00
000623,吉林敖东,17.83,17.7,17.72,17.93,17.5,123601.0,218820000.0,213.23,212.35,7.77,0.68,1.04,6510000,5850100.0,2026-07-09,16:14:12
000625,长安汽车,6.94,6.99,6.96,7.01,6.88,628094.0,435320000.0,687.96,573.74,22.39,0.89,0.76,26970800,35838600.0,2026-07-09,16:14:54
000626,远大控股,6.38,6.36,6.33,6.4,6.16,89125.0,56100000.0,32.32,32.14,-36.67,1.47,1.77,4997000,3915500.0,2026-07-09,16:14:09
000627,*ST天茂,1.58,1.58,0.0,0.0,0.0,0.0,0.0,77.49,71.35,-10.04,0.36,0.0,0,0.0,2026-07-09,09:00:00
000628,高新发展,44.28,49.2,48.24,48.24,44.28,94229.0,431820000.0,155.99,85.12,144.12,7.09,4.9,5752300,3670600.0,2026-07-09,16:14:57
000629,钒钛股份,3.09,3.11,3.1,3.12,2.98,1482321.0,452480000.0,287.09,287.07,375.0,2.32,1.6,62185800,86046300.0,2026-07-09,16:14:15
000630,铜陵有色,6.02,6.04,6.0,6.08,5.72,3459696.0,2041010000.0,807.25,670.81,30.7,2.19,3.1,150535300,195434300.0,2026-07-09,16:15:00
000631,顺发恒能,2.83,2.81,2.81,2.85,2.74,97580.0,27230000.0,65.09,65.09,140.54,1.19,0.42,4206800,5551300.0,2026-07-09,16:14:18
000632,ST三木,3.45,3.28,3.24,3.49,3.23,119818.0,40720000.0,16.06,16.06,-1.74,25.6,2.57,6176700,5805100.0,2026-07-09,16:14:24
000633,合金投资,4.77,4.78,4.78,4.84,4.62,72823.0,34530000.0,18.37,18.37,248.48,9.22,1.89,3572600,3709700.0,2026-07-09,16:14:21
000635,英 力 特,5.94,6.02,5.98,6.06,5.82,50159.0,29750000.0,23.41,21.79,-3.9,2.12,1.37,2557900,2457900.0,2026-07-09,16:14:03
000636,风华高科,64.55,60.7,61.89,65.0,59.16,938222.0,5843000000.0,746.85,746.85,243.04,5.98,8.11,48212500,45609700.0,2026-07-09,16:14:06
000637,茂化实华,3.5,3.51,3.51,3.57,3.43,90476.0,31570000.0,18.2,12.76,-13.49,3.8,2.48,4690000,4357600.0,2026-07-09,16:14:24
000638,*ST万方,0.89,0.89,0.0,0.0,0.0,0.0,0.0,2.77,2.77,-5.27,3.26,0.0,0,0.0,2026-07-09,09:00:00
000639,ST西王,1.37,1.34,1.36,1.47,1.31,1135075.0,160190000.0,14.79,14.79,-1.17,0.9,10.52,53163300,60344200.0,2026-07-09,16:14:27
000650,仁和药业,5.22,5.28,5.25,5.34,5.18,165009.0,86360000.0,73.08,69.5,19.79,1.13,1.24,7990800,8510100.0,2026-07-09,16:14:09
000651,格力电器,38.24,38.54,38.4,38.41,38.05,292163.0,1115580000.0,2141.98,2111.62,7.34,1.41,0.53,11692900,17523500.0,2026-07-09,16:14:12
000652,泰达股份,3.28,3.31,3.32,3.36,3.26,96460.0,31800000.0,47.87,47.83,-16.89,0.89,0.66,4559700,5086400.0,2026-07-09,16:14:27
000655,金岭矿业,6.24,6.38,6.37,6.42,6.14,47311.0,29540000.0,37.15,37.15,14.62,1.07,0.79,1939800,2791300.0,2026-07-09,16:14:51
000656,金科股份,1.28,1.33,1.35,1.36,1.26,4213202.0,548640000.0,135.54,97.12,0.44,3.45,5.55,170405700,250914500.0,2026-07-09,16:14:54
000657,中钨高新,75.99,73.95,75.0,76.46,71.06,672849.0,4998500000.0,1731.51,1104.08,88.84,17.04,4.63,34471600,32813200.0,2026-07-09,16:14:30
000659,珠海中富,2.78,2.77,2.78,2.85,2.7,377376.0,104090000.0,35.74,35.74,-35.32,38.86,2.94,18188700,19548900.0,2026-07-09,16:14:57
000661,长春高新,65.89,65.46,65.1,67.2,64.35,62841.0,412940000.0,268.79,263.31,-640.12,1.21,1.57,3208800,3075300.0,2026-07-09,16:14:12
000663,永安林业,5.01,5.1,5.05,5.15,4.9,59042.0,29570000.0,16.87,15.35,-19.03,1.85,1.93,2698500,3205700.0,2026-07-09,16:14:30
000665,湖北广电,3.65,3.61,3.6,3.69,3.56,110804.0,40270000.0,41.51,41.5,-3.78,1.3,0.97,5449700,5630700.0,2026-07-09,16:14:33
000668,荣丰控股,22.38,21.65,21.66,22.66,20.7,34324.0,75070000.0,32.86,32.86,117.1,4.54,2.34,1942700,1489700.0,2026-07-09,16:14:33
000669,ST金鸿,3.69,3.63,3.62,3.78,3.62,73023.0,27010000.0,25.11,25.11,57.01,41.29,1.07,3746800,3555500.0,2026-07-09,16:14:36
000670,盈方微,7.01,6.67,6.75,7.05,6.61,419362.0,286720000.0,59.3,57.7,-73.2,192.76,5.1,23619800,18316400.0,2026-07-09,16:14:36
000672,上峰材料,21.8,19.82,20.8,21.8,20.31,386805.0,819350000.0,211.33,211.33,35.84,2.45,3.99,18724800,19955700.0,2026-07-09,16:14:15
000676,智度股份,5.17,5.18,5.17,5.27,5.06,303247.0,156280000.0,65.13,65.09,45.46,1.52,2.41,14339400,15985300.0,2026-07-09,16:15:00
000677,ST海龙,1.68,1.55,1.51,1.71,1.5,975752.0,162510000.0,14.51,14.51,-319.76,2.83,11.29,46222000,51353200.0,2026-07-09,16:14:18
000678,襄阳轴承,8.09,8.26,8.18,8.29,7.89,122646.0,99090000.0,37.18,37.18,-68.23,4.77,2.67,5579100,6685600.0,2026-07-09,16:14:39
000679,大连友谊,5.86,5.85,5.86,6.01,5.73,77703.0,45630000.0,20.89,20.89,-21.55,14.44,2.18,3760500,4009800.0,2026-07-09,16:14:03
000680,山推股份,10.13,10.39,10.35,10.44,9.98,199187.0,201980000.0,151.96,133.18,11.98,2.4,1.52,8969600,10949100.0,2026-07-09,16:14:21
000681,视觉中国,18.28,18.94,18.49,18.85,17.92,336363.0,617950000.0,128.07,123.6,42.12,3.34,4.97,14581600,19054700.0,2026-07-09,16:14:15
000682,东方电子,11.71,12.02,11.96,11.99,11.5,252653.0,295300000.0,157.0,156.98,15.29,2.58,1.88,10518900,14746400.0,2026-07-09,16:14:42
000683,博源化工,5.46,5.51,5.46,5.54,5.33,481637.0,261450000.0,202.94,182.48,19.84,1.7,1.44,22837100,25326600.0,2026-07-09,16:14:18
000685,中山公用,11.53,11.06,11.25,11.57,11.18,282692.0,321490000.0,169.23,143.73,7.84,0.88,2.27,16509800,11759400.0,2026-07-09,16:14:06
000686,东北证券,8.52,8.43,8.39,8.53,8.36,276242.0,233210000.0,199.41,199.41,12.02,0.98,1.18,12969700,14654500.0,2026-07-09,16:14:45
000688,国城矿业,32.53,33.06,33.06,33.48,31.17,256413.0,828690000.0,385.5,385.5,56.15,13.54,2.16,12695300,12946000.0,2026-07-09,16:14:39
000690,宝新能源,4.51,4.54,4.52,4.56,4.46,441432.0,198630000.0,98.13,98.07,9.48,0.78,2.03,20048200,24095000.0,2026-07-09,16:14:24
000691,亚太实业,11.6,11.4,11.31,11.7,10.7,249573.0,280170000.0,56.25,37.5,-242.92,12.37,7.72,13751000,11206300.0,2026-07-09,16:14:27
000692,惠天热电,3.83,3.86,3.83,3.92,3.74,129260.0,49270000.0,20.41,20.41,62.22,11.0,2.43,6575800,6350200.0,2026-07-09,16:14:42
000695,滨海能源,12.34,12.28,12.48,13.08,11.9,112813.0,140940000.0,28.6,27.37,-32.2,9.56,5.09,5169000,6112300.0,2026-07-09,16:14:48
000697,炼石航空,9.08,9.11,9.12,9.2,8.85,114671.0,103370000.0,126.76,59.3,-27.38,3.76,1.76,6108400,5358700.0,2026-07-09,16:14:21
000698,ST沈化,3.12,3.14,3.16,3.2,3.09,40331.0,12610000.0,25.57,24.51,-73.0,1.84,0.51,1511100,2522000.0,2026-07-09,16:14:09
000700,模塑科技,15.18,14.6,14.97,15.75,14.86,570457.0,866720000.0,139.35,139.35,28.03,3.51,6.21,27651200,29394500.0,2026-07-09,16:14:51
000701,厦门信达,4.5,4.45,4.45,4.51,4.33,98740.0,43730000.0,30.07,30.05,167.65,-4.9,1.48,4692100,5181900.0,2026-07-09,16:14:54
000702,正虹科技,4.96,5.04,5.02,5.11,4.89,82969.0,41210000.0,17.19,13.23,-96.31,5.18,3.11,4297600,3999300.0,2026-07-09,16:14:12
000703,恒逸石化,13.59,13.72,13.86,14.15,13.34,750871.0,1028020000.0,519.35,516.74,23.59,1.98,1.97,34281000,40806100.0,2026-07-09,16:14:57
000705,浙江震元,6.06,6.1,6.09,6.22,5.98,56887.0,34470000.0,20.25,17.09,-57.85,1.04,2.02,2590300,3098400.0,2026-07-09,16:14:30
000707,双环科技,4.18,4.25,4.25,4.29,4.13,64457.0,27000000.0,24.44,23.02,-22.16,0.88,1.17,2852700,3593000.0,2026-07-09,16:14:15
000708,中信特钢,12.68,12.86,12.86,12.9,12.54,153351.0,194350000.0,639.98,639.98,10.57,1.51,0.3,7000000,8335100.0,2026-07-09,16:14:33
000709,河钢股份,1.94,1.98,1.97,1.99,1.92,811424.0,158390000.0,200.54,200.51,18.35,0.39,0.79,28581800,52560600.0,2026-07-09,16:14:45
000710,贝瑞基因,7.44,7.52,7.5,7.75,7.29,90654.0,67820000.0,26.3,24.52,-12.52,1.81,2.75,4600100,4465300.0,2026-07-09,16:14:24
000711,ST京蓝,5.28,5.69,5.7,5.93,5.28,1532289.0,861560000.0,155.91,125.73,-82.57,23.55,6.43,65518500,87710400.0,2026-07-09,16:14:48
000712,锦龙股份,8.49,8.45,8.42,8.55,8.23,150301.0,126460000.0,76.07,76.05,20.93,2.85,1.68,7196900,7833200.0,2026-07-09,16:14:51
000713,国投丰乐,5.43,5.5,5.49,5.53,5.37,44278.0,24020000.0,43.34,33.34,72.41,1.4,0.72,2014300,2413400.0,2026-07-09,16:14:27
000715,中兴商业,4.64,4.71,4.7,4.75,4.56,52622.0,24360000.0,25.08,22.57,21.91,1.25,1.08,2170800,3091400.0,2026-07-09,16:14:36
000716,黑芝麻,4.28,4.29,4.21,4.31,4.21,128724.0,54720000.0,32.22,31.62,-187.7,1.27,1.74,6046300,6826100.0,2026-07-09,16:15:00
000717,中南股份,2.06,2.06,2.06,2.1,2.04,156668.0,32320000.0,49.93,49.93,-4.63,0.75,0.65,7450600,8216200.0,2026-07-09,16:14:39
000718,苏宁环球,1.75,1.75,1.74,1.76,1.72,187350.0,32580000.0,53.11,39.93,-227.28,0.58,0.82,8321600,10413500.0,2026-07-09,16:14:54
000719,中原传媒,11.45,11.92,11.93,12.0,11.43,46787.0,54430000.0,117.16,76.39,8.51,1.0,0.7,2045400,2633300.0,2026-07-09,16:14:30
000720,新能泰山,3.29,3.26,3.23,3.43,3.2,416529.0,137320000.0,41.34,41.34,-8.31,2.2,3.31,20977300,20675600.0,2026-07-09,16:14:18
000721,西安饮食,5.46,5.49,5.46,5.55,5.35,78724.0,42860000.0,31.34,27.97,-21.42,24.7,1.54,4003900,3868500.0,2026-07-09,16:14:21
000722,湖南发展,10.76,10.74,10.67,10.83,10.49,110663.0,117890000.0,61.48,49.94,75.92,1.55,2.38,5639400,5426900.0,2026-07-09,16:14:57
000723,美锦能源,3.28,3.33,3.33,3.37,3.25,437429.0,144370000.0,144.43,144.16,-13.12,1.17,1.0,17701200,26041700.0,2026-07-09,16:14:33
000725,京东方Ａ,8.15,7.63,7.71,8.18,7.71,37939905.0,30116580000.0,3019.11,2882.42,50.74,2.25,10.73,2023734900,1770255600.0,2026-07-09,16:14:24
000726,鲁  泰Ａ,5.58,5.63,5.64,5.68,5.5,40428.0,22530000.0,45.62,32.88,8.47,0.47,0.69,1687500,2355300.0,2026-07-09,16:14:36
000727,冠捷科技,2.32,2.34,2.32,2.37,2.29,775863.0,180640000.0,105.09,105.09,-11.71,5.83,1.71,35214700,42371600.0,2026-07-09,16:14:03
000728,国元证券,7.44,7.3,7.31,7.47,7.31,380045.0,281460000.0,324.67,324.67,13.95,0.84,0.87,22147400,15857200.0,2026-07-09,16:14:42
000729,燕京啤酒,10.75,11.07,10.98,11.06,10.65,314854.0,340480000.0,302.99,269.78,17.04,1.92,1.25,13922900,17562600.0,2026-07-09,16:15:00
000731,四川美丰,5.81,5.6,5.6,5.82,5.42,197088.0,112110000.0,31.89,31.89,-22.51,0.84,3.59,10887000,8821700.0,2026-07-09,16:14:06
000733,振华科技,48.36,47.32,48.32,49.09,46.05,292137.0,1390440000.0,268.0,267.96,27.27,1.72,5.27,12867000,16346700.0,2026-07-09,16:14:09
000735,罗 牛 山,4.86,4.87,4.88,4.93,4.78,184884.0,89340000.0,55.96,55.93,-275.88,1.36,1.61,8536800,9951700.0,2026-07-09,16:14:12
000736,中交发展,3.81,3.88,3.88,3.9,3.77,92927.0,35500000.0,28.46,28.46,-2.35,2.35,1.24,4052700,5240000.0,2026-07-09,16:14:27
000737,北方铜业,12.44,12.7,12.6,12.74,11.63,574610.0,701210000.0,236.95,236.92,22.9,3.19,3.02,26047100,31413900.0,2026-07-09,16:14:39
000738,航发控制,17.45,17.27,17.27,17.49,16.81,150828.0,258140000.0,229.5,229.5,73.04,1.84,1.15,7828300,7254500.0,2026-07-09,16:14:42
000739,普洛药业,17.84,17.79,17.66,18.15,17.52,83909.0,149660000.0,206.67,206.58,23.19,3.28,0.72,4119200,4271700.0,2026-07-09,16:14:45
000750,国海证券,3.77,3.73,3.7,3.78,3.7,450829.0,168770000.0,240.76,218.52,29.15,1.05,0.78,26109800,18973100.0,2026-07-09,16:14:15
000751,锌业股份,4.92,4.84,4.84,4.95,4.64,671854.0,323530000.0,79.49,69.37,70.11,2.16,4.77,31836700,35348800.0,2026-07-09,16:14:30
000752,*ST西发,7.7,7.33,7.38,7.89,7.22,41144.0,31270000.0,20.31,20.31,14.04,3.27,1.56,2310000,1804400.0,2026-07-09,16:14:03
000753,漳州发展,4.36,4.34,4.34,4.4,4.23,143499.0,61950000.0,43.23,43.23,64.04,1.58,1.45,7086100,7263800.0,2026-07-09,16:14:45
000755,山西高速,4.48,4.53,4.51,4.56,4.45,34873.0,15660000.0,65.74,65.74,13.98,1.23,0.24,1514600,1972700.0,2026-07-09,16:14:18
000756,新华制药,13.95,14.06,13.8,14.24,13.47,129560.0,179560000.0,97.19,69.6,37.14,1.82,2.6,6035700,6920200.0,2026-07-09,16:14:48
000757,浩物股份,3.59,3.59,3.56,3.63,3.46,159675.0,56500000.0,19.12,19.12,39.97,1.19,3.0,8152200,7815300.0,2026-07-09,16:14:51
000758,中色股份,5.77,5.93,5.9,5.95,5.53,499017.0,285740000.0,114.85,114.4,23.55,1.88,2.52,22280400,27621300.0,2026-07-09,16:14:54
000759,中百集团,6.58,6.48,6.48,6.66,6.3,1013081.0,655120000.0,43.59,43.15,-4.56,6.02,15.45,50122700,51185500.0,2026-07-09,16:14:33
000761,本钢板材,2.16,2.19,2.18,2.23,2.14,119575.0,25990000.0,88.74,80.1,-2.09,1.5,0.32,5580700,6376800.0,2026-07-09,16:14:21
000762,西藏矿业,23.49,24.68,24.59,24.67,22.82,263384.0,619830000.0,122.34,122.34,5524.86,4.16,5.06,14021300,12317000.0,2026-07-09,16:14:48
000766,通化金马,15.47,15.76,15.56,15.88,15.03,389856.0,602040000.0,149.52,149.44,469.69,6.45,4.04,22017000,16968700.0,2026-07-09,16:14:36
000767,晋控电力,3.38,3.35,3.33,3.42,3.25,1199645.0,401200000.0,104.0,98.43,52.44,1.72,4.12,60987200,58977300.0,2026-07-09,16:14:57
000768,中航西飞,20.09,19.95,19.92,20.14,19.63,186355.0,370620000.0,558.62,557.78,50.38,2.53,0.67,8780200,9855300.0,2026-07-09,16:14:24
000776,广发证券,22.52,21.96,22.07,22.63,21.68,988327.0,2188800000.0,1762.16,1329.59,11.26,1.28,1.67,48267900,50564700.0,2026-07-09,16:15:00
000777,中核科技,16.95,16.91,16.89,16.95,16.16,120875.0,200360000.0,64.99,64.99,41.29,2.65,3.15,5335600,6752000.0,2026-07-09,16:14:39
000778,新兴铸管,3.61,3.67,3.63,3.66,3.59,437694.0,158100000.0,143.07,140.56,14.2,0.54,1.12,16506800,27262600.0,2026-07-09,16:14:27
000779,甘咨询,9.81,9.18,9.01,9.87,8.9,792969.0,753470000.0,45.6,45.59,29.96,1.15,17.06,34163700,45133200.0,2026-07-09,16:14:03
000782,恒申新材,7.6,7.53,7.5,7.68,7.34,261560.0,196360000.0,52.18,40.14,-32.61,3.23,4.95,12163400,13992600.0,2026-07-09,16:14:30
000783,长江证券,9.36,8.89,8.91,9.38,8.89,2137958.0,1956810000.0,517.61,517.61,12.32,1.47,3.87,112351300,101444600.0,2026-07-09,16:14:42
000785,居然智家,2.02,1.99,1.99,2.03,1.97,481724.0,96610000.0,125.79,117.25,-10.95,0.66,0.83,27829700,20342700.0,2026-07-09,16:14:06
000786,北新建材,16.7,17.44,17.47,17.47,16.58,347463.0,585720000.0,284.27,282.15,9.91,1.06,2.06,14696600,20049700.0,2026-07-09,16:14:45
000788,北大医药,5.06,5.09,5.04,5.19,4.98,145513.0,73730000.0,30.16,30.16,46.95,2.03,2.44,6468700,8082600.0,2026-07-09,16:14:33
000789,万年青,3.84,3.89,3.88,3.92,3.8,28587.0,11000000.0,30.62,30.62,-115.47,0.48,0.36,1188700,1670000.0,2026-07-09,16:14:36
000790,华神科技,3.57,3.63,3.62,3.7,3.48,156951.0,55930000.0,22.27,22.23,-7.34,3.1,2.52,6873100,8822000.0,2026-07-09,16:14:39
000791,甘肃能源,7.4,7.48,7.45,7.55,7.19,286422.0,210250000.0,240.04,143.24,11.66,1.62,1.48,13811600,14830600.0,2026-07-09,16:14:09
000792,盐湖股份,26.09,26.53,26.73,27.11,25.4,1160816.0,3023500000.0,1380.57,1380.56,13.39,3.09,2.19,59099600,56982000.0,2026-07-09,16:14:48
000793,*ST华闻,2.5,2.53,2.52,2.57,2.45,135584.0,33910000.0,109.85,66.62,-71.46,358.82,0.51,3928500,9629900.0,2026-07-09,16:14:06
000795,英洛华,8.35,8.77,8.77,8.9,8.12,357665.0,300400000.0,93.21,93.21,37.21,3.79,3.2,13076800,22689700.0,2026-07-09,16:14:12
000796,凯撒旅业,3.63,3.67,3.61,3.68,3.54,467844.0,168580000.0,58.22,48.31,164.71,6.41,3.52,22505700,24278700.0,2026-07-09,16:14:15
000797,中国武夷,2.22,2.23,2.22,2.26,2.18,182323.0,40420000.0,34.87,34.87,-6.95,0.75,1.16,8700400,9531900.0,2026-07-09,16:14:18
000798,中水渔业,7.17,7.24,7.2,7.25,7.05,55425.0,39560000.0,26.23,26.23,35.61,6.48,1.52,2388300,3154300.0,2026-07-09,16:14:42
000799,酒鬼酒,38.4,37.86,37.73,38.56,37.4,71403.0,271720000.0,124.77,124.76,-384.1,3.31,2.2,3578800,3561400.0,2026-07-09,16:14:21
000800,一汽解放,6.1,6.2,6.18,6.2,6.08,122791.0,75190000.0,300.2,300.17,37.77,1.14,0.25,5302400,6976700.0,2026-07-09,16:14:24
000801,四川九洲,11.35,11.75,11.62,11.67,11.12,173295.0,196260000.0,115.35,115.31,67.02,3.73,1.71,7760400,9569100.0,2026-07-09,16:14:27
000802,北京文化,3.74,3.59,3.59,3.76,3.53,360992.0,132470000.0,26.77,26.76,-12.75,4.39,5.05,21189200,14910000.0,2026-07-09,16:14:51
000803,山高环能,6.55,6.65,6.61,6.66,6.43,84951.0,55580000.0,30.54,30.12,66.73,2.05,1.85,4394700,4100400.0,2026-07-09,16:14:30
000807,云铝股份,21.89,22.32,22.02,22.12,21.22,809061.0,1751430000.0,759.14,759.13,8.75,2.21,2.33,37063500,43842600.0,2026-07-09,16:14:09
000809,和展能源,3.03,3.05,3.03,3.08,2.95,133077.0,40150000.0,24.99,24.99,-56.84,0.94,1.61,6843400,6464300.0,2026-07-09,16:14:54
000810,创维数字,11.67,11.34,11.29,12.01,10.95,424504.0,481030000.0,134.23,129.61,52.14,2.07,3.82,21259800,21190600.0,2026-07-09,16:14:57
000811,冰轮环境,55.11,50.1,50.9,55.11,50.71,533676.0,2817010000.0,546.95,539.19,93.04,8.5,5.45,27098700,26268900.0,2026-07-09,16:14:51
000812,陕西金叶,3.13,3.14,3.12,3.19,3.07,130945.0,40870000.0,23.67,23.67,-10.12,1.59,1.73,6221600,6872900.0,2026-07-09,16:14:54
000813,德展健康,3.15,3.26,3.15,3.25,3.11,427336.0,134980000.0,66.06,66.05,-18.47,1.44,2.04,17722600,25011000.0,2026-07-09,16:14:33
000815,美利云,13.77,13.52,13.36,13.85,13.05,515093.0,698170000.0,95.74,95.74,122.94,6.8,7.41,26353000,25156300.0,2026-07-09,16:14:36
000816,智慧农业,2.37,2.4,2.39,2.41,2.33,198593.0,46910000.0,34.29,34.12,-46.01,1.76,1.38,9653500,10205800.0,2026-07-09,16:15:00
000818,航锦科技,14.02,14.19,13.85,14.65,13.58,467358.0,655250000.0,92.53,92.28,-65.12,4.23,7.1,20894000,25841800.0,2026-07-09,16:14:45
000819,岳阳兴长,10.82,11.17,11.22,11.22,10.49,91735.0,98550000.0,39.98,39.6,-63.58,1.92,2.51,4010200,5163400.0,2026-07-09,16:14:03
000820,*ST节能,2.86,2.89,2.89,2.9,2.84,25982.0,7450000.0,18.49,8.49,-29.21,21.5,0.87,1230600,1367600.0,2026-07-09,16:14:48
000821,ST京机,7.71,7.91,7.86,7.91,7.66,87558.0,67980000.0,48.02,46.62,38.11,1.16,1.45,3214500,5541300.0,2026-07-09,16:14:57
000822,山东海化,3.91,3.93,3.93,4.03,3.86,145681.0,57190000.0,35.0,35.0,-2.5,0.94,1.63,6830300,7737800.0,2026-07-09,16:14:51
000823,超声电子,19.19,18.48,18.84,19.25,17.9,712748.0,1334620000.0,114.17,114.17,53.43,2.44,11.98,34466800,36808000.0,2026-07-09,16:15:00
000825,太钢不锈,3.33,3.35,3.36,3.38,3.28,265806.0,88290000.0,189.69,189.69,-163.19,0.58,0.47,10447400,16133200.0,2026-07-09,16:14:03
000826,*ST启环,1.89,1.93,1.88,1.95,1.88,179492.0,34350000.0,26.94,26.94,-0.88,-1.08,1.26,8099300,9850000.0,2026-07-09,16:14:39
000828,东莞控股,9.63,9.68,9.62,9.72,9.61,40673.0,39250000.0,100.11,100.11,11.26,0.99,0.39,1934000,2133300.0,2026-07-09,16:14:12
000829,天音控股,7.67,7.56,7.55,7.83,7.47,216502.0,165430000.0,78.63,78.55,-427.54,2.71,2.11,10711400,10938800.0,2026-07-09,16:14:54
000830,鲁西化工,11.68,12.04,12.01,12.1,11.43,361515.0,422480000.0,222.42,222.41,23.87,1.17,1.9,15557400,20594100.0,2026-07-09,16:14:06
000831,中国稀土,48.29,48.66,48.54,49.15,45.51,476412.0,2248070000.0,512.46,512.46,214.86,10.42,4.49,22071300,25569900.0,2026-07-09,16:14:15
000833,粤桂股份,20.83,21.04,21.05,21.35,20.24,259587.0,539070000.0,167.07,94.51,28.87,4.17,5.72,13021800,12936900.0,2026-07-09,16:14:06
000837,秦川机床,10.62,10.69,10.69,10.79,10.29,271170.0,285370000.0,108.66,106.99,218.74,2.21,2.69,12538400,14578600.0,2026-07-09,16:14:18
000838,*ST发展,2.01,1.88,1.96,2.07,1.94,872072.0,177120000.0,22.12,21.18,-3.45,-10.31,8.28,44154100,43053100.0,2026-07-09,16:14:57
000839,国安股份,2.45,2.54,2.47,2.48,2.41,464766.0,113600000.0,96.04,96.04,109.72,6.18,1.19,17974700,28501900.0,2026-07-09,16:14:21
000848,承德露露,8.02,8.08,8.05,8.1,7.97,103853.0,83500000.0,81.8,81.09,12.39,2.56,1.03,5387600,4997700.0,2026-07-09,16:14:42
000850,华茂股份,3.75,3.81,3.78,3.86,3.71,114481.0,43060000.0,35.39,35.38,71.64,0.79,1.21,5026300,6421800.0,2026-07-09,16:14:09
000851,*ST高鸿,0.38,0.38,0.0,0.0,0.0,0.0,0.0,4.4,4.3,-0.64,2.91,0.0,0,0.0,2026-07-09,09:00:00
000852,石化机械,4.92,4.93,5.0,5.06,4.86,157084.0,77690000.0,47.02,46.75,-3392.59,1.5,1.65,7377200,8331200.0,2026-07-09,16:14:12
000856,冀东装备,7.17,7.16,7.21,7.32,6.98,49592.0,35340000.0,16.28,16.28,133.07,3.98,2.18,2473400,2485800.0,2026-07-09,16:14:45
000858,五 粮 液,70.9,71.48,71.0,71.5,70.52,241921.0,1713140000.0,2752.06,2751.99,21.84,2.15,0.62,11012900,13179300.0,2026-07-09,16:15:00
000859,国风新材,8.64,8.46,8.51,8.73,8.18,375940.0,319100000.0,77.41,77.41,-110.71,2.87,4.2,18978900,18615000.0,2026-07-09,16:14:48
000860,顺鑫农业,9.78,9.92,9.86,9.95,9.74,68351.0,67070000.0,72.54,72.54,-22.74,1.06,0.92,3191800,3643400.0,2026-07-09,16:14:15
000862,银星能源,4.6,4.62,4.58,4.65,4.5,146121.0,66850000.0,42.23,28.89,154.25,0.97,2.33,6522700,8089400.0,2026-07-09,16:14:51
000863,三湘印象,4.23,4.13,4.12,4.28,4.03,194190.0,80640000.0,49.94,49.2,-32.34,1.15,1.67,11651100,7767900.0,2026-07-09,16:14:09
000868,安凯客车,3.36,3.36,3.37,3.4,3.29,96341.0,32090000.0,31.57,31.56,-54.65,3.93,1.03,4796700,4837400.0,2026-07-09,16:14:12
000869,张  裕Ａ,16.27,16.37,16.38,16.43,16.12,9110.0,14790000.0,106.93,74.05,176.69,1.04,0.2,365000,546000.0,2026-07-09,16:14:54
000875,电投绿能,4.89,4.88,4.83,4.96,4.83,430844.0,210880000.0,177.37,163.44,106.94,1.01,1.29,21714100,21370300.0,2026-07-09,16:14:03
000876,新 希 望,7.06,7.07,7.0,7.17,6.88,504370.0,354770000.0,317.9,317.7,-10.17,1.69,1.12,23726000,26711000.0,2026-07-09,16:14:06
000877,天山股份,3.62,3.64,3.63,3.66,3.56,103613.0,37260000.0,257.4,257.4,-3.53,0.35,0.15,4509600,5851700.0,2026-07-09,16:14:15
000878,云南铜业,15.06,15.02,14.94,15.14,14.26,460497.0,676770000.0,365.23,301.75,27.03,2.04,2.3,23491300,22558400.0,2026-07-09,16:14:18
000880,潍柴重机,22.71,22.6,22.68,22.75,21.76,109332.0,242970000.0,105.34,51.56,39.95,4.88,4.82,5246400,5686800.0,2026-07-09,16:14:18
000881,中广核技,6.15,6.21,6.18,6.28,6.0,109032.0,66630000.0,58.14,55.58,-20.7,1.17,1.21,4536300,6366900.0,2026-07-09,16:14:57
000882,华联股份,1.31,1.31,1.3,1.33,1.29,522451.0,68310000.0,35.86,35.83,-10.72,0.55,1.91,21949100,30296000.0,2026-07-09,16:14:21
000883,湖北能源,4.45,4.5,4.48,4.54,4.42,281921.0,125930000.0,315.03,288.34,15.3,0.83,0.44,12232300,15959800.0,2026-07-09,16:14:24
000885,城发环境,12.27,12.4,12.32,12.44,12.15,36376.0,44570000.0,78.78,78.78,6.17,0.83,0.57,1381200,2256300.0,2026-07-09,16:14:27
000886,海南高速,4.15,4.1,4.09,4.18,4.04,196452.0,80610000.0,41.04,40.58,28.35,1.29,2.01,9752700,9892500.0,2026-07-09,16:15:00
000887,中鼎股份,18.8,17.09,17.1,18.8,17.0,601606.0,1102250000.0,247.5,247.1,16.4,1.71,4.58,33459500,26701000.0,2026-07-09,16:14:24
000888,峨眉山Ａ,9.04,9.28,9.16,9.22,8.96,84342.0,76400000.0,47.63,47.63,21.62,1.75,1.6,3633500,4800700.0,2026-07-09,16:14:27
000889,中嘉博创,3.02,3.03,3.03,3.05,2.92,277392.0,82960000.0,28.28,26.27,-112.11,40.71,3.19,12544400,15194800.0,2026-07-09,16:14:30
000890,法尔胜,7.08,7.07,6.98,7.16,6.79,192685.0,135510000.0,29.7,29.7,-39.02,151.94,4.59,10017500,9251000.0,2026-07-09,16:14:21
000892,欢瑞世纪,3.82,3.47,3.46,3.82,3.38,1216783.0,458480000.0,37.47,27.15,-13.01,6.2,17.12,38317500,83360800.0,2026-07-09,16:14:30
000893,亚钾国际,39.22,40.58,40.11,40.69,38.11,214273.0,834910000.0,362.41,318.39,19.91,2.63,2.64,8971400,12455900.0,2026-07-09,16:14:09
000895,双汇发展,23.06,23.1,23.03,23.2,22.92,81703.0,188420000.0,798.95,798.85,15.19,4.02,0.24,4123600,4046700.0,2026-07-09,16:14:24
000897,津滨发展,1.63,1.65,1.65,1.67,1.62,233517.0,38340000.0,26.36,26.36,-45.2,0.88,1.44,10221600,13130000.0,2026-07-09,16:14:12
000898,鞍钢股份,1.86,1.88,1.87,1.89,1.84,290871.0,54090000.0,174.27,148.01,-3.51,0.41,0.37,11378700,17708300.0,2026-07-09,16:14:33
000899,赣能股份,9.54,9.62,9.62,9.62,9.35,125041.0,118620000.0,93.08,93.08,9.16,1.53,1.28,6455600,6048500.0,2026-07-09,16:14:03
000900,现代投资,3.6,3.63,3.63,3.64,3.59,65523.0,23640000.0,54.64,54.64,13.85,0.5,0.43,2598400,3953900.0,2026-07-09,16:14:06
000901,航天科技,16.3,15.97,15.85,16.4,15.47,200796.0,318660000.0,130.11,130.11,146.31,3.07,2.52,10725400,9354100.0,2026-07-09,16:14:33
000902,新洋丰,11.77,12.08,12.03,12.1,11.63,140198.0,164660000.0,147.68,134.51,9.25,1.23,1.23,6404700,7615100.0,2026-07-09,16:14:15
000903,ST云动,1.8,1.8,1.79,1.83,1.77,184527.0,33110000.0,34.83,34.56,-3.47,5.66,0.96,7103800,11348900.0,2026-07-09,16:14:18
000905,厦门港务,7.73,7.76,7.73,7.82,7.6,86521.0,66610000.0,119.22,57.34,58.1,1.31,1.17,4100200,4551900.0,2026-07-09,16:14:09
000906,浙商中拓,5.22,5.3,5.26,5.29,5.14,66404.0,34560000.0,37.04,36.6,17.05,0.76,0.95,3020600,3619800.0,2026-07-09,16:14:27
000908,石药景峰,6.69,6.97,6.7,7.16,6.51,519315.0,353160000.0,117.71,58.86,-180.21,5.64,5.9,22672900,29258600.0,2026-07-09,16:14:36
000909,*ST数源,4.2,4.23,4.23,4.32,4.1,39946.0,16870000.0,18.38,18.38,-4.24,3.0,0.91,1465600,2529000.0,2026-07-09,16:14:21
000910,大亚圣象,5.3,5.4,5.4,5.43,5.22,30119.0,15980000.0,29.01,29.0,-208.78,0.45,0.55,1326900,1685000.0,2026-07-09,16:14:39
000911,*ST广糖,4.22,4.09,4.14,4.38,4.01,77447.0,32690000.0,16.89,16.89,-10.87,-18.35,1.93,3387100,4357600.0,2026-07-09,16:14:42
000912,泸天化,3.28,3.28,3.28,3.35,3.23,154029.0,50440000.0,51.43,51.43,-2525.54,0.81,0.98,7911200,7491700.0,2026-07-09,16:14:45
000913,钱江摩托,10.24,10.4,10.4,10.48,10.19,34512.0,35550000.0,53.9,53.26,6.33,1.08,0.66,1606900,1844300.0,2026-07-09,16:14:36
000915,华特达因,24.41,24.87,24.76,25.03,24.39,19768.0,48590000.0,57.2,57.16,12.35,2.29,0.84,749200,1227600.0,2026-07-09,16:14:24
000917,电广传媒,6.6,6.46,6.39,6.62,6.31,321568.0,208980000.0,93.56,93.55,222.67,0.91,2.27,16960200,15196600.0,2026-07-09,16:14:12
000919,金陵药业,5.99,6.02,5.96,6.09,5.89,77463.0,46240000.0,37.25,37.24,63.21,1.0,1.25,3632800,4113500.0,2026-07-09,16:14:30
000920,沃顿科技,11.59,11.35,11.4,11.65,11.18,151512.0,173190000.0,54.78,54.77,24.88,2.83,3.21,8218800,6932400.0,2026-07-09,16:14:33
000921,海信家电,24.82,25.38,25.24,25.34,24.69,80771.0,201190000.0,343.72,227.88,11.11,1.86,0.88,4367900,3709200.0,2026-07-09,16:14:27
000922,佳电股份,12.4,11.86,11.93,12.45,11.49,263171.0,315880000.0,103.41,87.41,37.01,2.24,3.73,12376200,13940900.0,2026-07-09,16:14:48
000923,河钢资源,12.23,12.55,12.4,12.56,11.97,128198.0,156560000.0,79.83,76.79,17.2,0.83,2.04,5669900,7149900.0,2026-07-09,16:14:30
000925,众合科技,8.19,8.25,8.3,8.4,7.86,417542.0,339120000.0,55.39,54.97,-121.78,1.72,6.22,19202200,22552000.0,2026-07-09,16:14:36
000926,福星股份,1.93,1.95,1.93,1.98,1.91,227700.0,44200000.0,30.74,30.36,-0.74,0.59,1.45,11894700,10875200.0,2026-07-09,16:14:39
000927,中国铁物,2.31,2.33,2.33,2.34,2.3,383491.0,88800000.0,139.76,139.76,27.93,1.46,0.63,17953200,20395900.0,2026-07-09,16:14:51
000928,中钢国际,4.8,4.89,4.87,4.89,4.77,157886.0,75970000.0,68.86,68.86,15.71,0.83,1.1,7646700,8141900.0,2026-07-09,16:14:54
000929,兰州黄河,8.84,8.86,8.86,8.96,8.47,34648.0,30110000.0,16.42,16.42,-14.3,4.71,1.87,1599900,1864900.0,2026-07-09,16:14:15
000930,中粮科技,4.37,4.42,4.38,4.44,4.34,131736.0,57700000.0,81.13,81.12,-65.63,0.78,0.71,6032600,7141000.0,2026-07-09,16:14:18
000931,中 关 村,4.1,4.11,4.1,4.18,4.02,65206.0,26570000.0,30.88,30.79,194.51,1.92,0.87,2975400,3545200.0,2026-07-09,16:14:42
000932,华菱钢铁,3.4,3.45,3.43,3.46,3.38,784754.0,267760000.0,232.99,232.99,10.37,0.43,1.15,31369100,47106300.0,2026-07-09,16:14:21
000933,神火股份,21.35,21.89,21.64,21.84,20.95,480755.0,1025610000.0,480.16,479.82,8.59,1.91,2.14,21427900,26647600.0,2026-07-09,16:14:24
000935,四川双马,26.98,27.53,27.53,27.98,26.43,79161.0,213730000.0,205.98,205.98,85.64,2.63,1.04,3266400,4649700.0,2026-07-09,16:14:33
000936,华西股份,5.09,5.05,5.05,5.1,4.9,148216.0,74150000.0,45.1,45.09,253.86,0.89,1.67,6927000,7894600.0,2026-07-09,16:14:45
000937,冀中能源,4.21,4.28,4.26,4.29,4.19,127938.0,54140000.0,163.64,159.0,40.39,0.86,0.34,5238300,7555500.0,2026-07-09,16:14:57
000938,紫光股份,35.68,33.62,33.33,35.75,32.82,4356987.0,14996340000.0,1020.48,1020.47,48.03,6.65,15.23,232416300,203282400.0,2026-07-09,16:14:27
000948,南天信息,13.56,12.72,12.85,13.99,12.47,273592.0,364050000.0,52.87,52.77,123.31,1.96,7.03,14708400,12650800.0,2026-07-09,16:14:30
000949,新乡化纤,5.7,5.61,5.56,5.8,5.4,810560.0,453640000.0,94.44,94.42,32.98,1.39,4.89,43703400,37352600.0,2026-07-09,16:14:36
000950,重药控股,5.08,5.17,5.14,5.21,5.06,258262.0,132140000.0,87.79,87.79,20.31,0.75,1.49,11098000,14728200.0,2026-07-09,16:15:00
000951,中国重汽,21.38,21.76,21.69,21.82,21.15,79789.0,170350000.0,249.93,249.93,13.81,1.57,0.68,3808100,4170800.0,2026-07-09,16:14:33
000952,广济药业,5.43,5.44,5.44,5.6,5.27,83955.0,45390000.0,18.83,18.68,-4.71,3.02,2.44,4447400,3948100.0,2026-07-09,16:14:39
000953,中哲精化,5.12,5.19,5.2,5.29,5.02,63358.0,32450000.0,18.75,18.75,306.47,12.14,1.73,2867300,3468500.0,2026-07-09,16:14:03
000955,欣龙控股,4.18,4.23,4.21,4.45,4.08,215959.0,91640000.0,22.5,22.5,2513.42,3.47,4.01,11412200,10183600.0,2026-07-09,16:14:06
000957,中通客车,9.26,9.47,9.43,9.47,9.15,90900.0,84220000.0,54.9,54.9,14.35,1.7,1.53,4585000,4505000.0,2026-07-09,16:14:36
000958,电投产融,5.32,5.38,5.4,5.4,5.23,224529.0,119000000.0,974.44,286.4,29.56,1.94,0.42,10013100,12439700.0,2026-07-09,16:14:48
000959,首钢股份,3.37,3.45,3.42,3.45,3.31,383204.0,129030000.0,261.34,251.12,31.1,0.52,0.51,16324700,21995700.0,2026-07-09,16:14:51
000960,锡业股份,37.27,36.0,36.08,37.36,34.15,811615.0,2891790000.0,613.25,613.25,26.27,3.02,4.93,38855600,42306000.0,2026-07-09,16:14:09
000962,东方钽业,65.3,63.04,64.0,65.5,59.03,363057.0,2275210000.0,344.43,328.58,134.49,8.73,7.22,19493500,16812100.0,2026-07-09,16:14:42
000963,华东医药,28.81,28.93,28.7,29.48,28.24,187119.0,538120000.0,505.25,505.04,14.43,2.04,1.07,8717600,9994300.0,2026-07-09,16:14:39
000965,天保基建,2.96,2.97,2.96,3.0,2.92,90857.0,26840000.0,32.85,32.85,-190.88,0.6,0.82,4815300,4270500.0,2026-07-09,16:14:42
000966,长源电力,3.71,3.77,3.76,3.79,3.67,474243.0,176340000.0,129.15,129.15,115.25,0.96,1.36,19900100,27524200.0,2026-07-09,16:14:39
000967,盈峰环境,9.2,9.35,9.31,9.53,8.77,957512.0,871020000.0,309.05,308.91,52.97,1.8,2.85,48722100,47029100.0,2026-07-09,16:14:12
000968,蓝焰控股,6.28,6.23,6.34,6.65,6.24,492175.0,315280000.0,60.76,60.76,20.39,0.96,5.09,24856300,24361200.0,2026-07-09,16:14:42
000969,安泰科技,20.52,20.52,20.66,20.76,19.37,497873.0,998900000.0,215.57,213.68,56.5,3.8,4.78,24790100,24997200.0,2026-07-09,16:14:45
000970,中科三环,15.04,15.93,15.8,15.8,14.51,1216262.0,1831170000.0,182.85,182.85,194.05,2.81,10.0,53014300,68611800.0,2026-07-09,16:14:54
000972,中基健康,3.56,3.58,3.58,3.6,3.49,71120.0,25330000.0,27.46,27.46,-46.85,422.9,0.92,3873600,3238400.0,2026-07-09,16:14:15
000973,佛塑科技,12.5,13.13,12.9,13.2,12.11,810429.0,1017360000.0,307.28,120.93,47.67,3.37,8.38,36663300,44379600.0,2026-07-09,16:14:18
000975,山金国际,19.22,19.45,19.17,19.32,18.25,634654.0,1195470000.0,532.88,484.97,14.51,3.6,2.52,31307000,32158400.0,2026-07-09,16:14:45
000977,浪潮信息,85.99,78.17,83.0,85.99,82.03,2181801.0,18533720000.0,1262.74,1261.33,49.42,5.68,14.87,102228600,115951600.0,2026-07-09,16:14:45
000978,桂林旅游,5.29,5.39,5.28,5.39,5.19,89951.0,47430000.0,24.76,24.76,201.64,2.31,1.92,4123600,4871500.0,2026-07-09,16:14:48
000980,众泰汽车,1.71,1.74,1.74,1.75,1.67,1473388.0,251730000.0,86.23,86.23,-24.91,263.69,2.92,63727000,83611800.0,2026-07-09,16:14:57
000981,山子高科,2.68,2.61,2.6,2.69,2.55,2472748.0,649880000.0,267.93,254.96,22.41,8.65,2.6,137669500,109605300.0,2026-07-09,16:14:48
000983,山西焦煤,6.09,6.24,6.15,6.23,6.01,691487.0,422400000.0,345.74,345.73,26.04,0.93,1.22,33128000,36020700.0,2026-07-09,16:14:21
000985,大庆华科,14.18,14.28,14.28,14.45,13.9,12818.0,18080000.0,18.38,18.38,308.69,3.01,0.99,601100,680700.0,2026-07-09,16:14:24
000987,越秀资本,8.0,7.89,7.81,8.02,7.68,483715.0,379100000.0,401.37,401.07,9.65,1.23,0.96,23838900,24532600.0,2026-07-09,16:14:51
000988,华工科技,159.0,147.5,150.0,159.68,147.0,602127.0,9223140000.0,1598.75,1597.93,94.08,13.98,5.99,33883900,26328700.0,2026-07-09,16:15:00
000989,九芝堂,8.08,8.21,8.16,8.32,7.98,114859.0,93130000.0,69.16,56.09,25.52,1.91,1.65,4820700,6665200.0,2026-07-09,16:14:51
000990,诚志股份,8.61,8.33,8.35,8.72,8.34,340487.0,288690000.0,104.63,104.63,147.9,0.58,2.8,18077300,15971400.0,2026-07-09,16:14:48
000993,闽东电力,9.44,9.51,9.49,9.55,9.19,78628.0,73610000.0,43.23,43.23,211.38,1.7,1.72,3929600,3933200.0,2026-07-09,16:14:27
000995,皇台酒业,9.33,9.37,9.34,9.45,9.12,65701.0,60880000.0,16.55,16.55,282.37,10.01,3.7,3400400,3169700.0,2026-07-09,16:14:51
000997,新 大 陆,16.29,16.15,16.08,16.3,15.8,151148.0,242740000.0,165.03,164.11,16.82,2.26,1.5,7432400,7682400.0,2026-07-09,16:14:03
000998,隆平高科,7.74,7.83,7.77,7.84,7.7,120861.0,93870000.0,113.74,101.74,306.66,1.69,0.92,5769700,6316400.0,2026-07-09,16:14:54
000999,华润三九,23.66,23.68,23.51,24.06,23.35,100447.0,238630000.0,393.75,393.39,12.2,1.77,0.6,5184100,4860500.0,2026-07-09,16:14:06
001201,东瑞股份,11.5,11.47,11.59,11.73,11.35,24244.0,28030000.0,29.65,24.44,-8.63,0.98,1.14,1290000,1134400.0,2026-07-09,16:14:54
001202,炬申股份,13.74,14.1,14.05,14.06,13.53,30558.0,41940000.0,22.9,16.05,31.18,2.67,2.62,1471900,1584000.0,2026-07-09,16:14:57
001203,大中矿业,30.12,30.23,29.8,30.8,28.71,345158.0,1032210000.0,461.76,393.35,69.04,6.56,2.64,17507100,17008700.0,2026-07-09,16:15:00
001205,盛航股份,13.19,13.38,13.37,13.39,13.12,28445.0,37680000.0,24.8,21.96,22.54,1.16,1.71,1302200,1542300.0,2026-07-09,16:14:03
001206,依依股份,20.23,20.63,19.97,21.99,19.56,161023.0,332610000.0,37.4,21.62,23.88,2.07,15.07,8028500,8073800.0,2026-07-09,16:14:30
001207,联科科技,16.1,16.28,16.07,16.56,15.69,114090.0,183660000.0,48.81,47.11,17.76,2.11,3.9,5677000,5732000.0,2026-07-09,16:14:33
001208,华菱线缆,14.54,14.85,14.71,14.98,13.98,367273.0,528730000.0,92.82,46.34,85.56,3.2,11.52,18470600,18256700.0,2026-07-09,16:14:06
001209,洪兴股份,15.86,15.91,15.83,16.03,15.41,16072.0,25260000.0,20.86,15.24,91.13,1.61,1.67,748800,858400.0,2026-07-09,16:14:54
001210,金房能源,19.86,19.51,19.6,19.97,19.3,39391.0,77290000.0,43.6,26.5,31.79,3.04,2.95,2049700,1889400.0,2026-07-09,16:14:09
001211,双枪科技,21.49,21.39,21.24,21.6,20.65,35138.0,74550000.0,21.49,20.06,-1524.05,2.49,3.76,1877800,1636000.0,2026-07-09,16:14:09
001212,中旗新材,39.69,39.75,39.85,40.69,38.98,43625.0,173180000.0,79.76,69.0,-333.91,4.15,2.51,2192300,2170100.0,2026-07-09,16:14:12
001213,中铁特货,3.41,3.45,3.46,3.47,3.4,68945.0,23610000.0,151.56,151.56,40.45,0.79,0.16,2896200,3998300.0,2026-07-09,16:14:36
001215,千味央厨,34.0,35.1,34.9,35.49,33.51,37534.0,128450000.0,33.03,32.95,51.04,1.78,3.87,1763900,1989500.0,2026-07-09,16:14:15
001216,华瓷股份,13.92,14.02,14.0,14.1,13.78,24683.0,34450000.0,40.64,34.18,19.0,1.65,1.01,990400,1477900.0,2026-07-09,16:14:39
001217,华尔泰,8.56,8.57,8.56,8.68,8.33,40858.0,34670000.0,28.41,28.09,-46.52,1.32,1.25,1817500,2268300.0,2026-07-09,16:14:12
001218,丽臣实业,23.44,23.3,23.27,23.66,22.77,24297.0,56590000.0,30.51,27.67,14.46,1.3,2.06,1196000,1233700.0,2026-07-09,16:14:57
001219,青岛食品,11.75,11.93,11.93,11.97,11.6,16882.0,19800000.0,22.91,22.34,20.34,2.2,0.89,740300,947900.0,2026-07-09,16:14:18
001222,源飞宠物,13.1,13.41,13.37,13.49,12.9,33040.0,43370000.0,25.01,14.8,22.09,1.76,2.92,1640700,1663300.0,2026-07-09,16:14:21
001223,欧克科技,37.9,38.84,38.5,39.1,36.97,20933.0,79160000.0,49.53,26.47,159.3,2.6,3.0,1045700,1047500.0,2026-07-09,16:14:57
001225,和泰机电,39.46,38.93,38.69,40.15,38.2,7713.0,30170000.0,25.87,8.3,85.51,1.89,3.67,383000,388300.0,2026-07-09,16:14:21
001226,拓山重工,44.61,43.93,43.93,44.9,42.9,7729.0,34010000.0,33.31,15.13,145.37,4.48,2.28,372300,400600.0,2026-07-09,16:14:24
001227,兰州银行,2.02,2.05,2.04,2.05,2.01,506479.0,102910000.0,115.05,85.19,6.26,0.38,1.2,19432200,31215700.0,2026-07-09,16:14:42
001228,永泰运,26.73,26.86,27.07,27.07,25.94,9209.0,24370000.0,27.76,21.35,26.71,1.64,1.15,466400,454500.0,2026-07-09,16:15:00
001229,魅视科技,45.47,42.7,46.89,46.89,40.0,148239.0,650110000.0,65.22,33.53,110.66,6.64,20.1,8450500,6373400.0,2026-07-09,16:14:24
001230,劲旅环境,17.91,18.05,18.25,18.26,16.57,103394.0,178940000.0,33.63,19.7,19.46,1.71,9.4,4349800,5989600.0,2026-07-09,16:14:27
001231,农心科技,18.18,18.27,18.3,18.43,17.82,10445.0,18920000.0,18.17,9.29,26.89,1.78,2.04,537100,507400.0,2026-07-09,16:15:00
001234,泰慕士,19.73,19.91,20.0,20.08,19.1,14612.0,28650000.0,21.42,18.05,53.42,2.37,1.6,677900,783300.0,2026-07-09,16:14:03
001236,弘业期货,6.9,6.91,6.88,7.0,6.75,98902.0,67880000.0,69.54,52.31,454.53,3.71,1.3,4478400,5411800.0,2026-07-09,16:14:48
001238,浙江正特,27.16,27.39,27.31,27.4,26.81,3480.0,9430000.0,42.14,39.42,110.29,3.65,0.24,199000,149000.0,2026-07-09,16:14:06
001239,永达股份,13.14,12.5,12.45,13.6,12.38,54421.0,71610000.0,31.54,14.98,99.01,2.32,4.77,2331800,3110300.0,2026-07-09,16:14:03
001255,博菲电气,24.12,24.31,24.2,24.44,23.47,10228.0,24530000.0,20.99,18.64,192.53,2.34,1.32,544200,478600.0,2026-07-09,16:14:30
001256,炜冈科技,28.95,28.6,28.4,29.29,26.81,86128.0,241930000.0,41.29,30.95,28.58,3.25,8.06,4290000,4322800.0,2026-07-09,16:14:06
001258,立新能源,6.51,6.58,6.61,6.63,6.41,120928.0,78640000.0,60.76,60.76,60.29,2.01,1.3,5810400,6282400.0,2026-07-09,16:14:33
001259,利仁科技,60.33,60.27,60.0,63.77,58.03,14611.0,87670000.0,44.4,28.68,356.6,6.18,3.07,777700,683400.0,2026-07-09,16:14:36
001260,坤泰股份,15.86,15.84,15.73,16.18,15.51,11623.0,18450000.0,18.24,18.24,49.12,2.26,1.01,558300,604000.0,2026-07-09,16:14:39
001266,宏英智能,42.57,42.2,42.05,43.0,40.7,24574.0,103140000.0,44.12,24.75,90.01,4.62,4.23,1236700,1220700.0,2026-07-09,16:14:30
001267,汇绿生态,43.55,41.28,42.03,43.85,39.96,300728.0,1263920000.0,341.87,265.03,411.31,21.48,4.94,15345100,14727700.0,2026-07-09,16:14:09
001268,联合精密,25.38,25.93,26.57,26.95,24.7,31483.0,80750000.0,38.25,23.94,119.63,3.88,3.34,1501900,1646300.0,2026-07-09,16:14:09
001269,欧晶科技,19.23,19.22,19.1,19.55,18.66,40916.0,78210000.0,37.0,37.0,-12.89,5.49,2.13,2030700,2060900.0,2026-07-09,16:14:57
001270,铖昌科技,164.22,151.33,155.9,166.46,146.85,160670.0,2485400000.0,338.48,336.33,256.39,22.28,7.85,8156200,7910800.0,2026-07-09,16:14:33
001277,速达股份,26.65,27.05,27.0,27.2,26.1,8935.0,23740000.0,20.25,12.14,22.52,1.31,1.96,475500,418000.0,2026-07-09,16:14:36
001278,一彬科技,14.72,14.87,14.61,14.93,14.3,21179.0,30950000.0,18.21,12.56,-16.62,1.54,2.48,1034400,1083500.0,2026-07-09,16:14:12
001279,强邦新材,26.7,27.25,27.32,27.36,26.18,7478.0,19930000.0,42.72,10.68,108.59,4.28,1.87,316900,430900.0,2026-07-09,16:14:42
001282,三联锻造,17.2,16.99,16.82,17.2,16.47,40374.0,68130000.0,38.22,26.27,35.66,2.34,2.64,1847600,2189800.0,2026-07-09,16:14:12
001283,豪鹏科技,45.85,46.35,46.36,46.99,44.22,38431.0,174570000.0,59.46,47.41,28.14,1.69,3.72,1700000,2143100.0,2026-07-09,16:14:39
001286,陕西能源,10.02,10.43,10.34,10.44,9.98,273151.0,276350000.0,375.75,135.27,11.76,1.45,2.02,12297100,15018000.0,2026-07-09,16:14:42
001287,中电港,30.76,29.01,29.79,30.87,29.05,671258.0,2015990000.0,233.75,233.75,65.27,4.29,8.83,38105100,29020700.0,2026-07-09,16:14:45
001288,运机集团,22.99,22.94,22.67,23.35,21.85,36353.0,81840000.0,53.74,34.92,25.8,2.36,2.39,1708600,1926600.0,2026-07-09,16:14:45
001289,龙源电力,15.6,15.57,15.47,15.74,15.36,54849.0,85440000.0,1304.13,786.54,30.72,1.71,0.11,2554300,2930500.0,2026-07-09,16:14:48
001296,长江材料,17.28,18.2,18.1,18.16,16.66,50527.0,87410000.0,25.85,13.32,22.96,1.45,6.55,2472100,2580700.0,2026-07-09,16:15:00
001298,好上好,20.83,20.1,20.21,20.85,19.6,191380.0,388480000.0,90.09,84.87,76.59,5.41,4.7,10438800,8699200.0,2026-07-09,16:14:15
001299,美能能源,9.93,10.1,10.0,10.19,9.88,33938.0,33860000.0,31.2,28.09,30.1,2.78,1.2,1579400,1814300.0,2026-07-09,16:14:03
001300,三柏硕,11.59,11.57,11.57,11.71,11.31,28961.0,33300000.0,28.25,28.25,-34.26,2.94,1.19,1432800,1463200.0,2026-07-09,16:14:21
001301,尚太科技,52.74,54.11,54.71,56.98,51.01,61945.0,327100000.0,192.3,137.0,21.67,2.76,2.38,3075600,3118900.0,2026-07-09,16:14:18
001306,夏厦精密,53.26,53.6,54.7,55.69,51.41,9513.0,50450000.0,33.47,8.26,-64.82,2.61,6.14,411600,539700.0,2026-07-09,16:14:21
001308,康冠科技,19.4,19.23,19.24,19.53,18.88,39035.0,75040000.0,136.59,94.52,30.62,1.79,0.8,1748500,2155000.0,2026-07-09,16:14:48
001309,德明利,860.48,825.0,840.01,867.88,798.88,163888.0,13651180000.0,1951.96,1420.38,47.57,29.47,9.93,7724700,8664100.0,2026-07-09,16:14:24
001311,多利科技,18.73,18.02,17.8,18.74,16.96,185176.0,327750000.0,75.61,33.18,36.5,1.61,10.45,8910500,9607100.0,2026-07-09,16:14:06
001313,粤海饲料,8.11,7.83,7.79,8.2,7.66,242856.0,194780000.0,56.77,56.7,105.67,2.22,3.47,12821000,11464600.0,2026-07-09,16:14:09
001314,亿道信息,60.28,58.27,57.35,60.77,56.5,67495.0,397090000.0,85.98,74.98,78.27,4.12,5.43,3275800,3473800.0,2026-07-09,16:14:27
001316,润贝航科,30.75,31.48,31.48,31.7,29.6,24612.0,74900000.0,49.56,46.19,23.55,3.77,1.64,1090900,1370300.0,2026-07-09,16:14:12
001317,三羊马,43.13,43.68,43.43,44.88,42.5,57875.0,250820000.0,36.9,36.87,-514.18,3.63,6.77,2720800,3066800.0,2026-07-09,16:14:30
001318,阳光乳业,9.99,10.3,10.3,10.3,9.91,26067.0,26150000.0,28.24,28.24,27.82,2.0,0.92,1017200,1589500.0,2026-07-09,16:14:15
001319,铭科精技,20.86,21.04,20.81,21.17,20.35,22641.0,47000000.0,29.5,17.11,21.16,2.17,2.76,1126200,1137900.0,2026-07-09,16:14:54
001322,箭牌家居,6.35,6.3,6.25,6.35,6.21,36925.0,23230000.0,61.41,49.89,112.37,1.32,0.47,2151900,1540600.0,2026-07-09,16:14:33
001323,慕思股份,15.98,16.48,16.32,16.45,15.9,16511.0,26550000.0,69.53,49.74,13.74,1.67,0.53,712300,938800.0,2026-07-09,16:14:51
001324,长青科技,19.76,19.78,19.81,19.9,19.11,24803.0,48520000.0,27.27,27.27,64.97,2.39,1.8,1253300,1227000.0,2026-07-09,16:14:36
001326,联域股份,53.86,53.42,53.42,54.4,52.19,8567.0,45730000.0,39.43,12.94,137.68,3.22,3.57,315600,541100.0,2026-07-09,16:14:54
001328,登康口腔,26.0,26.57,26.78,26.89,25.7,17259.0,44960000.0,44.77,42.05,23.6,3.14,1.07,861100,864800.0,2026-07-09,16:14:57
001330,博纳影业,5.09,5.1,5.08,5.17,4.94,529788.0,267820000.0,69.96,59.19,-12.64,1.84,4.56,25628700,27350100.0,2026-07-09,16:15:00
001331,胜通能源,59.5,58.34,58.8,61.63,58.0,89562.0,536920000.0,243.5,170.07,-1248.45,16.75,3.13,4621100,4335200.0,2026-07-09,16:14:21
001332,锡装股份,32.08,32.57,32.32,32.65,31.02,24197.0,77050000.0,49.62,21.56,18.23,1.91,3.6,1176300,1243400.0,2026-07-09,16:14:57
001333,光华股份,18.93,19.36,19.33,19.43,18.54,15132.0,28660000.0,24.23,24.23,21.09,1.4,1.18,759700,753500.0,2026-07-09,16:14:24
001336,楚环科技,21.45,21.51,21.47,21.8,20.81,12421.0,26510000.0,17.24,10.58,38.12,2.1,2.52,667200,574900.0,2026-07-09,16:14:03
001337,四川黄金,37.65,37.25,36.79,38.23,36.2,142104.0,529140000.0,158.13,158.13,24.88,8.36,3.38,7517600,6692800.0,2026-07-09,16:14:24
001338,永顺泰,8.42,8.54,8.53,8.59,8.33,41312.0,34850000.0,42.25,42.25,21.24,1.17,0.82,1724800,2406400.0,2026-07-09,16:14:27
001339,智微智能,98.8,96.45,97.67,98.98,92.1,203688.0,1955300000.0,324.05,159.96,136.17,13.76,12.58,10601500,9767400.0,2026-07-09,16:14:27
001356,富岭股份,8.25,8.41,8.42,8.5,8.17,21201.0,17510000.0,48.62,16.55,68.19,2.41,1.06,951400,1168700.0,2026-07-09,16:14:06
001358,兴欣新材,24.29,24.59,24.95,24.95,23.61,22112.0,53490000.0,29.93,12.07,57.18,2.1,4.45,1031800,1179400.0,2026-07-09,16:15:00
001359,平安电工,113.1,106.81,109.0,117.49,105.33,51241.0,571740000.0,272.75,68.19,111.55,13.68,8.5,2587600,2536500.0,2026-07-09,16:14:30
001360,南矿集团,15.64,15.75,15.67,15.82,15.01,29919.0,46100000.0,31.91,19.63,71.95,2.29,2.38,1480100,1511800.0,2026-07-09,16:14:33
001366,播恩集团,10.77,10.94,10.85,11.05,10.5,33495.0,35870000.0,17.31,17.31,-314.25,2.15,2.08,1726900,1622600.0,2026-07-09,16:14:39
001367,海森药业,18.5,18.8,18.88,19.1,18.27,14946.0,27730000.0,28.18,22.5,21.1,1.87,1.23,734400,760100.0,2026-07-09,16:14:42
001368,通达创智,20.7,20.98,20.98,21.08,20.34,12538.0,25890000.0,23.42,22.37,22.88,1.68,1.16,722100,531700.0,2026-07-09,16:14:45
001373,翔腾新材,26.91,27.35,27.3,28.3,25.74,23765.0,63580000.0,18.48,11.29,-44.11,2.19,5.66,996100,1380400.0,2026-07-09,16:14:09
001376,百通能源,9.86,9.87,9.89,9.99,9.55,77489.0,75750000.0,45.44,21.1,23.65,3.69,3.62,3925400,3823500.0,2026-07-09,16:14:42
001378,德冠新材,19.27,19.13,19.14,19.54,18.71,53468.0,102640000.0,33.4,16.25,37.68,1.81,6.34,2684900,2661900.0,2026-07-09,16:14:48
001379,腾达科技,15.19,15.14,15.03,15.26,14.74,19429.0,29180000.0,30.38,10.22,41.54,2.04,2.89,974700,968200.0,2026-07-09,16:14:33
001380,华纬科技,15.69,15.84,15.71,15.94,15.49,13265.0,20790000.0,42.5,36.52,16.8,2.19,0.57,537600,788900.0,2026-07-09,16:14:03
001382,新亚电缆,14.87,15.02,15.03,15.1,14.55,28250.0,41760000.0,61.26,9.37,63.91,3.81,4.48,1457200,1367800.0,2026-07-09,16:14:06
001387,雪祺电气,12.17,12.4,12.48,12.49,11.92,43088.0,52330000.0,22.27,14.18,24.7,1.73,3.7,2168600,2140200.0,2026-07-09,16:14:09
001389,广合科技,183.32,181.5,185.0,186.0,168.1,161702.0,2858680000.0,866.57,279.3,74.19,12.02,10.61,8713300,7456900.0,2026-07-09,16:14:12
001391,国货航,4.11,4.17,4.17,4.17,4.08,206175.0,84800000.0,501.79,62.45,20.25,1.91,1.36,9548300,11069200.0,2026-07-09,16:14:42
001395,亚联机械,26.03,23.66,26.03,26.03,26.03,6287.0,16370000.0,29.52,13.54,16.73,2.55,1.21,0,628700.0,2026-07-09,16:14:45
001696,宗申动力,19.07,17.8,17.72,19.17,17.23,653470.0,1188330000.0,218.36,169.99,35.75,4.1,7.33,35139700,30207300.0,2026-07-09,16:14:54
001872,招商港口,20.84,21.15,21.12,21.12,20.63,26331.0,54780000.0,517.28,479.79,11.12,0.79,0.11,1271900,1361300.0,2026-07-09,16:14:51
001896,豫能控股,14.1,13.91,14.13,14.19,13.49,1112953.0,1547060000.0,215.14,215.14,57.32,6.04,7.29,64976400,46318900.0,2026-07-09,16:14:54
001914,招商积余,8.34,8.49,8.46,8.53,8.31,60753.0,51020000.0,87.88,87.88,13.15,0.8,0.58,2747200,3328100.0,2026-07-09,16:14:18
001965,招商公路,9.69,9.57,9.57,9.73,9.44,103925.0,99970000.0,658.44,658.44,14.22,0.94,0.15,5867000,4525500.0,2026-07-09,16:14:21
001979,招商蛇口,6.39,6.47,6.44,6.5,6.33,468453.0,299330000.0,576.12,537.63,93.3,0.59,0.56,21520500,25324900.0,2026-07-09,16:14:24
002001,新 和 成,28.69,28.91,28.8,29.55,28.45,272350.0,783420000.0,881.76,871.27,13.14,2.7,0.9,12598400,14636600.0,2026-07-09,16:14:27
002003,伟星股份,8.55,8.78,8.78,8.78,8.47,117266.0,100520000.0,101.65,87.39,15.95,2.42,1.15,5271300,6455300.0,2026-07-09,16:14:48
002004,华邦健康,4.08,4.15,4.13,4.16,4.06,172303.0,70590000.0,80.78,76.84,11.82,0.82,0.91,8737200,8493000.0,2026-07-09,16:14:30
002005,ST德豪,2.37,2.4,2.36,2.43,2.33,102928.0,24340000.0,41.53,41.52,97.59,12.49,0.59,4083000,6209800.0,2026-07-09,16:14:57
002006,精工科技,14.58,14.48,14.46,14.63,14.01,85865.0,123170000.0,75.79,75.79,39.5,3.16,1.65,4151300,4435100.0,2026-07-09,16:14:51
002007,华兰生物,12.63,12.75,12.62,12.87,12.55,98050.0,124210000.0,230.58,198.74,26.89,2.14,0.62,4777600,5027400.0,2026-07-09,16:15:00
002008,大族激光,130.9,127.9,130.1,131.99,122.67,520764.0,6657670000.0,1347.75,1252.36,97.64,6.59,5.44,26596600,25479800.0,2026-07-09,16:14:54
002009,天奇股份,18.43,18.58,18.57,18.72,17.65,186923.0,339170000.0,74.13,65.25,200.41,3.61,5.28,9196600,9495700.0,2026-07-09,16:14:15
002010,传化智联,4.53,4.58,4.58,4.59,4.46,201488.0,90700000.0,125.21,124.91,19.0,0.7,0.73,10009900,10138900.0,2026-07-09,16:14:03
002011,盾安环境,10.29,10.44,10.41,10.44,10.21,89176.0,91670000.0,110.58,109.04,10.47,1.62,0.84,3473400,5444200.0,2026-07-09,16:14:33
002012,凯恩股份,6.07,6.09,6.05,6.11,5.86,152337.0,91230000.0,28.38,28.38,92.25,1.83,3.26,6564400,8669300.0,2026-07-09,16:14:18
002014,永新股份,10.59,10.7,10.7,10.7,10.49,17997.0,19010000.0,64.86,63.83,14.74,2.7,0.3,754000,1045700.0,2026-07-09,16:14:57
002015,协鑫能科,14.36,14.08,14.2,14.55,13.7,634650.0,900660000.0,233.11,233.11,53.17,1.95,3.91,34170200,29294800.0,2026-07-09,16:14:57
002016,世荣兆业,3.97,3.99,3.97,4.05,3.9,89375.0,35470000.0,32.12,32.12,21.15,0.65,1.1,4641000,4296500.0,2026-07-09,16:14:06
002017,东信和平,13.49,13.59,13.43,13.59,12.98,120931.0,160880000.0,78.3,78.25,47.28,4.39,2.08,6431700,5661400.0,2026-07-09,16:15:00
002019,亿帆医药,9.72,9.89,9.81,10.0,9.67,114976.0,112590000.0,118.23,81.89,33.24,1.35,1.36,5031700,6465900.0,2026-07-09,16:14:21
002020,京新药业,13.71,14.15,13.92,14.32,13.51,335670.0,462910000.0,118.05,99.26,15.53,2.03,4.64,16483900,17083100.0,2026-07-09,16:14:03
002021,中捷资源,2.42,2.31,2.31,2.46,2.3,380573.0,91040000.0,28.93,28.93,-136.97,4.72,3.18,22748900,15308400.0,2026-07-09,16:14:09
002022,科华生物,4.72,4.74,4.77,4.85,4.64,58736.0,27730000.0,24.28,24.27,-3.34,0.96,1.14,2736700,3136900.0,2026-07-09,16:14:36
002023,海特高新,11.53,11.58,11.6,11.72,11.01,262795.0,298640000.0,85.42,85.42,-16.18,2.29,3.55,13499000,12780500.0,2026-07-09,16:15:00
002024,ST易购,1.2,1.2,1.2,1.21,1.19,194519.0,23270000.0,111.18,111.04,160.93,0.9,0.21,7130200,12321700.0,2026-07-09,16:14:39
002025,航天电器,83.76,86.3,86.54,87.98,78.0,405437.0,3330130000.0,380.29,380.16,201.72,5.77,8.93,20574900,19968700.0,2026-07-09,16:14:03
002026,山东威达,10.58,10.76,10.66,10.79,10.33,45735.0,48200000.0,46.61,46.6,18.13,1.21,1.04,1925800,2647700.0,2026-07-09,16:14:06
002027,分众传媒,4.74,4.72,4.74,4.78,4.66,1632542.0,773270000.0,684.56,684.56,19.01,5.39,1.13,76667700,86586500.0,2026-07-09,16:14:12
002028,思源电气,159.3,156.84,158.02,159.99,152.6,116672.0,1824440000.0,1246.64,973.01,38.32,8.01,1.91,5719200,5948000.0,2026-07-09,16:14:06
002029,七 匹 狼,7.76,7.75,7.8,7.97,7.6,157475.0,122270000.0,54.71,51.64,23.48,0.81,2.37,7434400,8313100.0,2026-07-09,16:14:24
002030,达安基因,4.96,5.01,5.01,5.07,4.83,200932.0,99370000.0,69.61,69.61,-7.77,0.99,1.43,8904000,11189200.0,2026-07-09,16:14:09
002031,巨轮智能,5.43,5.49,5.44,5.51,5.23,1020684.0,546680000.0,119.43,103.91,-50.3,6.15,5.33,43489300,58579000.0,2026-07-09,16:14:15
002032,苏 泊 尔,42.82,43.93,43.8,43.8,42.75,17336.0,74760000.0,342.49,342.34,16.27,7.43,0.22,971000,762600.0,2026-07-09,16:14:09
002033,丽江股份,8.27,8.56,8.32,8.35,8.2,207090.0,171010000.0,45.44,45.44,18.5,1.87,3.77,7668400,13040600.0,2026-07-09,16:14:42
002034,旺能环境,14.2,14.53,14.6,14.64,14.08,91915.0,131000000.0,73.37,73.07,10.17,1.01,1.79,4104700,5086800.0,2026-07-09,16:14:45
002035,华帝股份,4.52,4.56,4.53,4.6,4.47,67628.0,30500000.0,38.31,35.35,12.95,1.02,0.86,2712700,4050200.0,2026-07-09,16:14:27
002036,联创电子,6.72,6.55,6.58,6.74,6.37,330251.0,216450000.0,71.07,70.93,-6.39,7.36,3.13,17606900,15418100.0,2026-07-09,16:14:18
002037,保利联合,5.96,6.03,6.0,6.08,5.83,77553.0,46090000.0,28.84,28.84,-3.31,2.81,1.6,3932700,3822600.0,2026-07-09,16:14:30
002038,双鹭药业,5.8,6.34,6.12,6.3,5.71,799116.0,472800000.0,59.59,49.41,-12.43,1.17,9.38,34745600,45166100.0,2026-07-09,16:14:12
002039,黔源电力,19.95,19.52,19.36,20.13,19.36,116610.0,231500000.0,85.3,85.3,13.38,1.95,2.73,5962200,5698800.0,2026-07-09,16:14:12
002040,南 京 港,7.55,7.61,7.53,7.66,7.47,39066.0,29500000.0,36.84,36.7,18.8,1.06,0.8,1859400,2047200.0,2026-07-09,16:14:21
002041,登海种业,8.03,8.11,8.07,8.12,7.94,88748.0,71110000.0,70.66,70.66,70.11,1.91,1.01,4239800,4635000.0,2026-07-09,16:14:48
002042,华孚时尚,3.64,3.64,3.62,3.66,3.51,378128.0,135750000.0,61.9,61.9,83.98,1.05,2.22,17800400,20012400.0,2026-07-09,16:14:15
002043,兔 宝 宝,10.81,11.19,11.18,11.21,10.72,97864.0,106600000.0,89.7,87.29,11.97,2.81,1.21,4655900,5130600.0,2026-07-09,16:14:18
002044,美年健康,4.42,4.42,4.38,4.48,4.29,854776.0,374430000.0,173.01,171.24,56.61,2.19,2.21,40495100,44982500.0,2026-07-09,16:14:21
002045,国光电器,7.55,7.49,7.49,7.6,7.27,151077.0,112610000.0,42.47,42.41,-24.83,1.0,2.69,7941100,7166600.0,2026-07-09,16:14:15
002046,国机精工,66.09,61.53,62.25,66.16,60.33,159180.0,1008850000.0,354.37,350.39,217.7,8.33,3.0,9124400,6793600.0,2026-07-09,16:14:33
002047,宝鹰股份,4.07,4.03,4.03,4.1,3.93,250714.0,100720000.0,61.71,61.71,93.2,151.61,1.65,13161000,11910400.0,2026-07-09,16:14:36
002048,宁波华翔,22.6,22.68,22.64,22.82,21.82,228848.0,510100000.0,183.93,160.42,42.27,1.56,3.22,10267900,12616900.0,2026-07-09,16:14:51
002049,紫光国微,87.09,83.51,84.0,87.1,82.4,672332.0,5708640000.0,739.94,739.84,44.79,5.42,7.91,33018500,34214800.0,2026-07-09,16:14:54
002050,三花智控,42.85,42.01,41.7,43.0,41.39,932733.0,3925940000.0,1803.13,1578.68,44.12,5.53,2.53,46310700,46962700.0,2026-07-09,16:14:18
002051,中工国际,8.93,9.0,8.96,9.03,8.6,445293.0,393330000.0,109.52,109.52,41.94,0.96,3.63,22706100,21823200.0,2026-07-09,16:14:24
002052,同洲电子,8.08,7.81,7.9,8.13,7.62,178175.0,140630000.0,60.8,55.7,99.66,21.83,2.58,9929100,7888400.0,2026-07-09,16:14:21
002053,云南能投,9.01,9.03,9.03,9.09,8.85,87051.0,78060000.0,82.96,82.96,37.49,1.11,0.95,4202100,4503000.0,2026-07-09,16:14:57
002054,德美化工,6.93,6.63,6.95,7.18,6.76,206878.0,143180000.0,33.41,26.61,25.01,1.29,5.39,11152400,9535300.0,2026-07-09,16:15:00
002055,ST得润,6.78,6.64,6.63,6.81,6.57,167530.0,112180000.0,40.98,40.27,-100.82,3.02,2.82,8435800,8317200.0,2026-07-09,16:14:24
002056,横店东磁,27.91,29.94,29.66,29.9,26.95,1039571.0,2903990000.0,454.02,453.55,25.52,4.51,6.4,51222700,52734500.0,2026-07-09,16:14:24
002057,中钢天源,9.7,10.78,10.78,10.82,9.7,619507.0,618350000.0,73.13,73.07,40.76,2.27,8.22,29174600,32776100.0,2026-07-09,16:14:27
002058,威尔泰,18.25,18.63,18.65,18.73,17.81,18199.0,33190000.0,26.18,26.12,12.34,41.32,1.27,1060300,759600.0,2026-07-09,16:14:27
002059,云南旅游,4.24,4.32,4.26,4.33,4.16,87315.0,37140000.0,42.93,41.68,-13.62,4.06,0.89,3666800,5064700.0,2026-07-09,16:14:03
002060,广东建工,3.1,3.17,3.15,3.17,3.09,169270.0,52880000.0,116.39,48.45,10.81,0.83,1.08,6855000,10072100.0,2026-07-09,16:14:30
002061,浙江交科,3.51,3.55,3.53,3.57,3.5,123353.0,43530000.0,93.87,91.23,9.76,0.6,0.47,6483400,5851900.0,2026-07-09,16:14:06
002062,宏润建设,7.26,7.27,7.25,7.27,6.98,163600.0,116480000.0,89.83,81.65,34.31,1.85,1.45,6197000,10163000.0,2026-07-09,16:14:27
002063,远光软件,5.12,5.16,5.15,5.16,5.07,252830.0,129220000.0,98.07,90.58,32.53,2.5,1.43,11016300,14266700.0,2026-07-09,16:14:33
002064,华峰化学,10.2,10.18,10.11,10.47,10.03,441593.0,451880000.0,506.18,505.1,25.04,1.84,0.89,21141700,23017600.0,2026-07-09,16:14:30
002065,东华软件,7.02,7.05,6.98,7.06,6.83,424441.0,294830000.0,225.02,204.14,46.49,1.82,1.46,19770200,22673900.0,2026-07-09,16:14:36
002066,瑞泰科技,21.0,20.46,20.49,21.1,19.96,62527.0,127860000.0,49.33,48.51,-63.69,7.93,2.71,3075900,3176800.0,2026-07-09,16:14:30
002067,景兴纸业,4.05,3.68,3.95,4.05,3.86,818361.0,329070000.0,59.73,54.17,59.68,0.9,6.12,36774100,45062100.0,2026-07-09,16:14:33
002068,黑猫股份,11.56,11.33,11.39,11.68,10.53,490788.0,544460000.0,85.01,84.96,-16.26,3.65,6.68,26032300,23046500.0,2026-07-09,16:14:36
002069,獐子岛,3.05,3.05,3.06,3.08,2.99,71356.0,21620000.0,21.69,21.66,-326.81,79.0,1.0,3611800,3523800.0,2026-07-09,16:14:33
002072,凯瑞德,7.73,7.76,7.77,7.83,7.22,275692.0,207690000.0,28.42,28.41,-117.81,12.3,7.5,13422000,14147200.0,2026-07-09,16:14:39
002073,软控股份,5.16,5.2,5.18,5.23,5.09,142299.0,73280000.0,52.86,52.32,14.79,0.83,1.4,6447800,7782100.0,2026-07-09,16:14:42
002074,国轩高科,25.82,25.61,25.6,25.85,24.53,317686.0,801030000.0,468.43,448.3,20.33,1.62,1.83,16849500,14919100.0,2026-07-09,16:14:45
002075,沙钢股份,3.3,3.34,3.34,3.37,3.26,244893.0,80890000.0,72.4,72.4,28.94,1.1,1.12,10045900,14443400.0,2026-07-09,16:14:39
002076,星光股份,2.16,2.18,2.17,2.21,2.04,375240.0,80150000.0,23.96,22.51,-247.95,7.87,3.6,16683000,20841000.0,2026-07-09,16:14:48
002077,大港股份,20.13,19.5,19.4,20.26,19.2,1010501.0,1989660000.0,116.82,116.82,153.9,3.45,17.41,51088300,49961800.0,2026-07-09,16:14:39
002078,太阳纸业,12.89,12.72,12.65,13.01,12.53,265271.0,341160000.0,360.22,358.0,11.01,1.17,0.96,14701500,11825600.0,2026-07-09,16:14:42
002079,苏州固锝,13.81,13.19,13.26,13.86,13.0,522213.0,700520000.0,125.46,111.99,102.73,3.09,6.44,26549200,25672100.0,2026-07-09,16:14:51
002080,中材科技,74.75,72.74,74.92,76.17,70.01,539088.0,3954330000.0,1254.4,1254.4,63.9,6.36,3.21,28097300,25811500.0,2026-07-09,16:14:09
002081,金 螳 螂,4.02,3.93,3.91,4.03,3.86,961451.0,379830000.0,106.74,106.3,26.31,0.79,3.64,51132200,45012900.0,2026-07-09,16:14:45
002082,ST万邦,12.26,12.87,12.66,13.12,12.11,178569.0,224170000.0,74.99,69.62,-94.34,2.87,3.14,6731300,11125600.0,2026-07-09,16:14:12
002083,孚日股份,9.45,9.39,9.33,9.55,8.97,366699.0,338740000.0,89.46,89.43,18.58,1.94,3.87,16763300,19906600.0,2026-07-09,16:14:48
002084,海鸥住工,3.71,3.74,3.73,3.85,3.61,264444.0,97670000.0,23.97,23.91,-17.82,1.85,4.1,12462200,13982100.0,2026-07-09,16:14:54
002085,万丰奥威,10.42,10.39,10.38,10.5,10.09,295074.0,303200000.0,221.25,221.25,23.16,2.94,1.39,14837700,14669700.0,2026-07-09,16:14:42
002086,东方海洋,1.73,1.73,1.74,1.77,1.7,307596.0,53120000.0,33.89,27.36,-23.89,2.67,1.95,15895100,14864500.0,2026-07-09,16:14:45
002088,鲁阳节能,7.52,7.7,7.74,7.74,7.37,25873.0,19440000.0,38.32,38.05,-269.47,1.62,0.51,1266900,1320400.0,2026-07-09,16:14:51
002090,金智科技,8.97,9.09,9.05,9.1,8.61,105849.0,93810000.0,35.93,35.72,49.5,2.32,2.66,4939300,5645500.0,2026-07-09,16:14:36
002091,江苏国泰,7.35,7.35,7.31,7.39,7.2,125796.0,91710000.0,119.64,117.77,9.47,0.77,0.79,6073500,6506100.0,2026-07-09,16:14:57
002092,中泰化学,3.82,3.86,3.88,3.9,3.77,367383.0,140320000.0,98.94,98.39,-28.97,0.46,1.43,16268100,20470200.0,2026-07-09,16:14:54
002093,国脉科技,6.49,6.26,6.15,6.67,6.0,319332.0,201980000.0,65.39,65.39,98.22,1.73,3.17,16961600,14971600.0,2026-07-09,16:15:00
002094,青岛金王,4.29,4.35,4.32,4.38,4.18,173314.0,73940000.0,29.64,29.62,146.45,2.01,2.51,8148100,9183300.0,2026-07-09,16:14:03
002095,生 意 宝,12.78,12.77,12.83,12.96,12.52,20782.0,26460000.0,32.3,32.17,-238.39,3.74,0.83,889900,1188300.0,2026-07-09,16:14:39
002096,易普力,8.72,8.78,8.7,8.83,8.68,50414.0,44010000.0,108.17,108.17,14.72,1.33,0.41,2284700,2756700.0,2026-07-09,16:14:42
002097,山河智能,6.96,7.02,7.02,7.05,6.8,187112.0,129680000.0,74.79,74.65,107.06,1.6,1.74,9268700,9442500.0,2026-07-09,16:14:06
002098,浔兴股份,6.36,6.42,6.44,6.49,6.25,25984.0,16450000.0,22.77,22.77,12.37,1.53,0.73,1252500,1345900.0,2026-07-09,16:14:45
002099,海翔药业,5.12,5.15,5.1,5.23,5.07,139306.0,71270000.0,82.88,82.78,-112.21,1.68,0.86,6132200,7798400.0,2026-07-09,16:14:48
002100,天康生物,6.41,6.32,6.29,6.49,6.27,250441.0,160220000.0,87.51,87.51,-86.83,1.3,1.83,13734200,11310000.0,2026-07-09,16:14:48
002101,广东鸿图,9.13,9.37,9.32,9.37,9.12,69360.0,63840000.0,60.52,60.46,19.51,0.76,1.05,2914400,4021700.0,2026-07-09,16:14:51
002102,ST能特,2.4,2.35,2.35,2.41,2.31,156045.0,37060000.0,59.42,52.15,123.57,1.92,0.72,8105900,7498600.0,2026-07-09,16:14:51
002103,广博股份,5.88,5.96,5.99,6.0,5.8,71777.0,42220000.0,31.42,22.82,20.27,2.5,1.85,3414200,3763500.0,2026-07-09,16:14:15
002104,恒宝股份,9.66,10.43,10.38,10.38,9.4,776371.0,756090000.0,68.43,57.93,490.93,3.21,12.95,34377000,43260100.0,2026-07-09,16:14:18
002105,信隆健康,4.9,4.89,4.89,5.0,4.78,67201.0,32750000.0,17.95,17.86,-28.08,2.25,1.84,3542600,3177500.0,2026-07-09,16:14:21
002106,莱宝高科,12.08,11.59,11.83,12.13,11.22,557624.0,655070000.0,85.26,85.15,41.6,1.54,7.91,28113800,27648600.0,2026-07-09,16:14:54
002107,沃华医药,6.28,6.11,6.06,6.3,5.98,158845.0,97170000.0,36.25,35.88,33.1,5.36,2.78,8555200,7329300.0,2026-07-09,16:14:54
002108,沧州明珠,4.08,4.0,4.01,4.09,3.91,378885.0,150970000.0,67.26,67.24,44.99,1.36,2.3,21130300,16758200.0,2026-07-09,16:14:57
002109,ST兴化,2.59,2.68,2.69,2.73,2.59,85165.0,22490000.0,33.06,33.06,-8.14,0.84,0.67,2908500,5608000.0,2026-07-09,16:14:24
002110,三钢闽光,2.85,2.9,2.9,2.91,2.82,167826.0,47930000.0,69.23,69.23,-47.91,0.36,0.69,7201100,9581500.0,2026-07-09,16:14:57
002111,威海广泰,8.98,8.98,8.98,9.1,8.8,80840.0,72120000.0,47.77,43.89,29.07,1.55,1.65,3594600,4489400.0,2026-07-09,16:14:09
002112,三变科技,15.19,15.12,15.12,15.26,14.49,102325.0,152820000.0,44.68,39.81,275.12,5.18,3.9,5817000,4415600.0,2026-07-09,16:15:00
002114,罗平锌电,6.45,6.43,6.45,6.53,6.16,92590.0,58820000.0,20.86,20.86,-12.09,2.89,2.86,4869900,4389100.0,2026-07-09,16:14:03
002115,三维通信,9.95,9.77,9.64,9.95,9.5,315842.0,308110000.0,80.1,74.25,1127.16,3.96,4.23,16630000,14954300.0,2026-07-09,16:14:12
002116,中国海诚,6.63,6.85,6.84,6.88,6.6,44590.0,29830000.0,37.06,36.39,11.03,1.37,0.81,2075600,2383400.0,2026-07-09,16:15:00
002117,东港股份,7.88,8.0,8.0,8.0,7.79,53831.0,42410000.0,41.27,41.26,27.36,3.12,1.03,2245200,3137900.0,2026-07-09,16:14:15
002119,康强电子,34.85,32.95,33.54,35.0,32.95,455788.0,1551800000.0,130.79,130.79,112.73,9.4,12.15,24753200,20825600.0,2026-07-09,16:14:18
002120,韵达股份,6.66,6.75,6.71,6.75,6.58,280279.0,186680000.0,193.09,187.49,14.44,0.93,1.0,12374500,15653300.0,2026-07-09,16:14:06
002121,科陆电子,4.85,4.87,4.85,4.9,4.67,347222.0,166370000.0,80.78,68.13,-30.59,22.77,2.47,16803500,17918700.0,2026-07-09,16:14:57
002122,ST汇洲,2.45,2.44,2.43,2.52,2.41,206512.0,50820000.0,49.04,48.7,129.75,2.25,1.04,10338200,10313000.0,2026-07-09,16:14:21
002123,梦网科技,8.65,8.47,8.28,8.75,8.2,381387.0,321090000.0,69.67,62.33,-26.35,4.58,5.29,17835700,20302900.0,2026-07-09,16:15:00
002124,天邦食品,2.25,2.27,2.25,2.29,2.21,625959.0,140560000.0,49.99,44.37,-2.33,3.01,3.17,28516100,34079800.0,2026-07-09,16:14:24
002125,湘潭电化,11.85,11.83,11.85,11.97,11.26,279570.0,325290000.0,74.6,74.6,27.89,2.24,4.44,14307500,13649500.0,2026-07-09,16:14:09
002126,银轮股份,54.09,51.7,52.5,54.52,51.52,232756.0,1234250000.0,458.05,430.1,47.77,6.21,2.93,12375800,10899900.0,2026-07-09,16:14:12
002127,南极电商,2.77,2.72,2.73,2.78,2.71,252684.0,69490000.0,68.0,55.25,-28.9,1.81,1.27,12584000,12684400.0,2026-07-09,16:14:27
002128,电投能源,23.09,23.36,23.37,23.45,22.88,117772.0,271960000.0,681.94,517.58,11.63,1.45,0.53,4882600,6894600.0,2026-07-09,16:14:03
002129,TCL中环,11.03,10.69,10.8,11.1,10.6,3327567.0,3627750000.0,445.96,445.57,-4.95,2.23,8.24,170927000,161829800.0,2026-07-09,16:14:30
002130,沃尔核材,17.31,17.47,17.48,17.49,16.58,399591.0,680190000.0,242.32,198.54,21.54,2.65,3.48,19462900,20496200.0,2026-07-09,16:14:27
002131,利欧股份,4.35,4.21,4.21,4.39,4.16,3863682.0,1656740000.0,294.57,254.68,-684.71,2.32,6.6,225752900,160615400.0,2026-07-09,16:14:30
002132,恒星科技,5.61,5.77,5.64,5.73,5.22,1610934.0,881330000.0,78.63,78.49,112.72,2.27,11.51,75272600,85820800.0,2026-07-09,16:14:15
002133,广宇集团,2.43,2.45,2.43,2.49,2.39,129828.0,31520000.0,18.81,18.71,26.03,0.65,1.69,5854300,7128600.0,2026-07-09,16:14:33
002134,天津普林,28.18,27.61,28.7,28.86,27.0,177748.0,499250000.0,69.82,69.77,440.51,13.62,7.18,8825500,8949300.0,2026-07-09,16:14:33
002135,东南网架,6.15,6.14,6.2,6.27,6.0,150558.0,92280000.0,68.6,64.2,395.62,1.11,1.44,7253700,7802100.0,2026-07-09,16:14:03
002136,安 纳 达,12.2,12.27,12.28,12.49,11.73,69033.0,83500000.0,26.23,26.16,-35.02,2.41,3.22,3172700,3730600.0,2026-07-09,16:14:36
002137,实益达,12.25,11.72,11.08,12.33,11.06,1400256.0,1666130000.0,70.74,48.57,163.68,4.69,35.32,71210000,68815600.0,2026-07-09,16:14:39
002138,顺络电子,58.48,56.05,57.5,58.74,55.15,404600.0,2318050000.0,471.53,442.4,48.83,7.42,5.35,22677600,17782400.0,2026-07-09,16:14:42
002139,拓邦股份,9.76,9.95,9.88,9.98,9.66,212770.0,207620000.0,121.69,104.54,55.6,1.76,1.99,9309800,11967200.0,2026-07-09,16:14:06
002140,东华科技,8.78,8.91,8.84,8.91,8.62,56562.0,49440000.0,62.16,62.07,11.21,1.3,0.8,2695700,2960500.0,2026-07-09,16:14:09
002141,贤丰控股,5.35,5.6,5.55,5.65,5.14,1725311.0,922750000.0,55.26,55.26,483.41,6.85,16.7,76903800,95627400.0,2026-07-09,16:14:18
002142,宁波银行,30.75,30.94,30.81,31.05,30.54,214794.0,662030000.0,2030.6,2029.33,6.75,0.87,0.33,10188900,11290400.0,2026-07-09,16:14:45
002144,宏达高科,9.79,9.85,9.85,9.96,9.58,31939.0,31140000.0,17.31,13.48,45.85,0.81,2.32,1497600,1696300.0,2026-07-09,16:14:21
002145,钛能化学,4.39,4.33,4.32,4.43,4.25,506385.0,219930000.0,167.11,167.1,51.17,1.39,1.33,24212400,26426100.0,2026-07-09,16:14:24
002146,荣盛发展,1.07,1.08,1.07,1.09,1.06,735653.0,78910000.0,46.53,41.85,-0.51,0.92,1.88,29583700,43981600.0,2026-07-09,16:14:12
002148,北纬科技,6.23,6.6,6.4,6.49,6.02,390175.0,243450000.0,34.81,28.09,791.55,2.86,8.65,15181700,23835800.0,2026-07-09,16:14:48
002149,西部材料,42.62,41.24,41.67,42.66,39.8,283333.0,1168570000.0,208.08,208.04,258.78,5.59,5.8,15815400,12517900.0,2026-07-09,16:14:36
002150,正泰电源,24.43,24.36,24.36,24.48,23.46,108182.0,259710000.0,88.16,87.58,31.7,4.14,3.02,4863900,5954300.0,2026-07-09,16:14:51
002151,北斗星通,30.46,29.61,29.62,30.64,29.07,134752.0,401340000.0,165.37,134.88,-77.28,3.42,3.04,7330200,6145000.0,2026-07-09,16:14:54
002152,广电运通,10.6,10.08,10.32,11.0,10.01,1012164.0,1071540000.0,263.24,263.11,31.1,2.15,4.08,55007400,46209000.0,2026-07-09,16:14:15
002153,石基信息,7.55,7.58,7.51,7.69,7.41,238971.0,180210000.0,206.05,120.78,-125.97,3.09,1.49,10990500,12906600.0,2026-07-09,16:14:27
002154,报 喜 鸟,3.7,3.77,3.76,3.79,3.65,260961.0,96610000.0,54.0,43.65,13.23,1.17,2.21,11219000,14877200.0,2026-07-09,16:14:06
002155,湖南黄金,24.26,22.91,22.89,25.05,22.77,834516.0,2026420000.0,379.1,379.07,21.65,4.6,5.34,41839000,41612700.0,2026-07-09,16:14:09
002156,通富微电,72.17,65.61,66.92,72.17,65.33,1632466.0,11338610000.0,1095.25,1095.15,75.72,7.05,10.76,96631600,66615000.0,2026-07-09,16:14:18
002157,正邦科技,2.93,2.94,2.91,2.95,2.88,1049502.0,306090000.0,271.03,228.18,-23.96,2.59,1.35,48906900,56043300.0,2026-07-09,16:14:21
002158,汉钟精机,34.59,33.37,33.54,34.7,33.03,137859.0,466050000.0,184.96,184.56,39.14,4.38,2.58,6838800,6947100.0,2026-07-09,16:14:39
002159,三特索道,12.39,12.72,12.61,12.7,12.34,29692.0,37030000.0,21.97,17.16,16.41,1.54,2.14,1407900,1561300.0,2026-07-09,16:14:42
002160,常铝股份,3.53,3.56,3.53,3.59,3.41,168105.0,58590000.0,36.46,36.38,53.94,0.97,1.63,7357000,9453500.0,2026-07-09,16:14:12
002161,远 望 谷,5.2,5.23,5.23,5.25,4.98,171966.0,88240000.0,38.47,38.46,2946.79,2.53,2.33,7731500,9465100.0,2026-07-09,16:14:57
002162,悦心健康,3.53,3.54,3.54,3.57,3.4,121591.0,42360000.0,32.47,32.42,277.76,3.97,1.32,5850000,6309100.0,2026-07-09,16:15:00
002163,海南发展,7.78,7.83,7.79,7.92,7.59,203871.0,158340000.0,65.74,62.52,-14.24,11.06,2.54,9654400,10732700.0,2026-07-09,16:14:45
002164,宁波东力,11.22,11.23,11.21,11.43,10.76,121631.0,134570000.0,59.71,53.83,29.58,3.76,2.54,5178900,6984200.0,2026-07-09,16:14:30
002165,红 宝 丽,5.65,5.62,5.6,5.72,5.44,329547.0,183930000.0,41.54,41.11,-144.87,2.1,4.53,16809300,16145300.0,2026-07-09,16:14:24
002166,莱茵生物,6.2,6.27,6.25,6.32,6.14,90897.0,56370000.0,45.98,45.79,29.69,1.48,1.23,3717000,5372700.0,2026-07-09,16:14:33
002167,东方锆业,19.65,20.1,20.01,20.67,18.58,1049238.0,2053130000.0,152.22,149.09,280.96,8.55,13.83,52668700,52255100.0,2026-07-09,16:14:27
002168,ST惠程,3.59,3.61,3.66,3.77,3.59,56721.0,20720000.0,28.15,28.15,-42.04,251.14,0.72,2322800,3349300.0,2026-07-09,16:14:15
002169,智光电气,12.95,12.89,13.07,13.13,12.5,203964.0,260940000.0,101.36,98.25,51.89,3.71,2.69,9882500,10513900.0,2026-07-09,16:14:03
002170,芭田股份,10.85,11.02,10.98,11.03,10.65,195683.0,211400000.0,105.28,85.4,10.38,3.01,2.49,7800900,11767400.0,2026-07-09,16:14:48
002171,楚江新材,11.8,11.76,11.8,11.89,11.04,916057.0,1053410000.0,191.51,190.42,48.9,2.18,5.68,45058000,46547700.0,2026-07-09,16:14:36
002172,澳洋健康,2.87,2.89,2.89,2.95,2.79,161521.0,46230000.0,21.98,21.96,78.41,12.13,2.11,8270900,7881200.0,2026-07-09,16:14:30
002173,创新医疗,16.84,16.73,16.61,17.16,16.07,288394.0,479060000.0,74.31,70.87,-161.32,4.31,6.85,14165600,14673700.0,2026-07-09,16:14:06
002174,游族网络,12.51,11.94,11.9,12.97,11.72,561809.0,702280000.0,122.57,122.51,-45.68,2.7,5.74,29501300,26679600.0,2026-07-09,16:14:33
002175,*ST东智,2.84,2.86,2.79,3.0,2.76,650607.0,187500000.0,36.26,36.26,-101.64,4.69,5.1,31979300,33081400.0,2026-07-09,16:14:51
002176,江特电机,8.63,8.92,8.91,8.98,8.34,943745.0,813810000.0,147.26,147.04,-29.11,4.98,5.54,47203200,47171300.0,2026-07-09,16:14:54
002177,御银股份,5.23,5.23,5.16,5.28,5.04,226185.0,116810000.0,39.81,35.3,243.49,2.32,3.35,10304500,12314000.0,2026-07-09,16:14:57
002178,延华智能,4.27,4.27,4.25,4.32,4.16,84989.0,35950000.0,30.41,30.39,365.62,7.04,1.19,4224500,4274400.0,2026-07-09,16:14:09
002179,中航光电,40.13,41.22,41.29,41.69,38.7,614042.0,2445220000.0,842.83,841.3,43.9,3.65,2.93,28756400,32647900.0,2026-07-09,16:14:39
002180,奔图科技,16.25,15.9,15.93,16.33,15.78,203017.0,326780000.0,231.06,221.05,-31.31,2.53,1.49,9790300,10511400.0,2026-07-09,16:14:18
002181,粤 传 媒,8.67,8.67,8.63,8.75,8.41,349783.0,301090000.0,100.66,98.36,137.85,2.37,3.08,17684100,17294200.0,2026-07-09,16:14:42
002182,宝武镁业,12.88,13.17,13.17,13.42,12.34,332086.0,424910000.0,127.74,111.48,-306.75,2.42,3.84,14423900,18784700.0,2026-07-09,16:14:36
002183,怡 亚 通,4.7,4.59,4.58,4.74,4.45,691854.0,317360000.0,122.06,122.06,-37.63,1.35,2.66,33859800,35325700.0,2026-07-09,16:14:21
002184,海得控制,9.23,9.27,9.18,9.33,8.94,79798.0,72710000.0,32.48,22.19,-44.74,2.55,3.32,3817700,4162100.0,2026-07-09,16:14:24
002185,华天科技,23.73,21.57,21.75,23.73,21.41,4621013.0,10507680000.0,788.65,788.47,96.67,4.42,13.91,239627200,222474000.0,2026-07-09,16:14:45
002186,全 聚 德,8.48,8.59,8.59,8.66,8.39,40024.0,33910000.0,26.03,26.02,252.25,3.05,1.3,2070400,1932000.0,2026-07-09,16:14:39
002187,广百股份,4.66,4.72,4.76,4.77,4.59,95180.0,44330000.0,32.66,32.66,-34.6,0.82,1.36,4694200,4823800.0,2026-07-09,16:14:48
002188,中天服务,4.77,4.81,4.8,4.87,4.6,87804.0,41520000.0,15.6,12.28,54.07,4.33,3.41,4371000,4409500.0,2026-07-09,16:14:27
002189,中光学,19.61,19.25,19.49,19.65,18.95,26900.0,52120000.0,51.22,51.21,-23.29,12.26,1.03,1401900,1288100.0,2026-07-09,16:14:12
002190,成飞集成,22.15,22.11,21.93,22.38,21.44,37980.0,83090000.0,79.46,79.46,-122.28,1.83,1.06,1985900,1812100.0,2026-07-09,16:14:30
002191,劲嘉股份,3.78,3.77,3.73,3.79,3.69,117989.0,43960000.0,53.45,53.02,-14.21,0.9,0.84,5545000,6253800.0,2026-07-09,16:14:15
002192,融捷股份,79.06,87.84,82.0,84.0,79.06,129508.0,1043430000.0,205.28,204.86,38.24,5.38,5.0,7612700,5338100.0,2026-07-09,16:14:51
002193,ST如意,4.15,4.13,4.13,4.34,4.11,44391.0,18670000.0,10.86,10.86,-2.9,4.03,1.7,1753900,2685200.0,2026-07-09,16:14:42
002194,武汉凡谷,8.74,8.69,8.69,8.74,8.28,202066.0,172270000.0,59.72,44.65,-287.39,2.41,3.96,10350200,9856400.0,2026-07-09,16:14:54
002195,岩山科技,6.22,6.1,6.07,6.24,5.94,1548619.0,946360000.0,352.46,349.3,431.08,3.57,2.76,83183100,71678800.0,2026-07-09,16:14:57
002196,方正电机,11.86,11.85,11.86,12.09,11.33,299932.0,351840000.0,58.81,57.93,123.36,4.12,6.14,12818300,17174900.0,2026-07-09,16:14:18
002197,证通电子,5.64,5.67,5.67,5.75,5.48,173157.0,97480000.0,34.65,30.12,-9.36,1.97,3.24,8792100,8523600.0,2026-07-09,16:14:33
002198,ST嘉应,3.32,3.43,3.38,3.54,3.27,116816.0,39550000.0,16.85,16.85,61.2,2.31,2.3,4185300,7496300.0,2026-07-09,16:14:45
002199,*ST东晶,11.88,12.0,12.19,12.25,11.66,20218.0,24120000.0,28.92,27.43,-77.97,15.97,0.88,834000,1187800.0,2026-07-09,16:15:00
002200,交投生态,6.35,6.36,6.39,6.74,6.26,53829.0,34540000.0,28.65,12.43,-304.19,2.2,2.75,2626400,2756500.0,2026-07-09,16:14:03
002201,九鼎新材,8.7,8.63,8.62,8.87,8.33,216190.0,186360000.0,56.69,52.38,63.15,4.82,3.59,10559700,11059300.0,2026-07-09,16:14:48
002202,金风科技,20.33,21.04,20.82,20.98,19.71,1504076.0,3048040000.0,858.7,683.8,27.58,2.16,4.47,68891000,81516600.0,2026-07-09,16:14:51
002203,海亮股份,20.08,20.29,20.6,20.6,18.58,612542.0,1192670000.0,460.18,444.2,44.49,2.74,2.77,31178900,30075300.0,2026-07-09,16:14:06
002204,大连重工,5.12,5.15,5.13,5.17,5.0,214523.0,108910000.0,98.89,98.89,16.16,1.26,1.11,9737300,11715000.0,2026-07-09,16:14:21
002205,国统股份,9.99,10.3,10.22,10.24,9.74,41244.0,41090000.0,18.57,18.57,-19.98,7.24,2.22,1980200,2144200.0,2026-07-09,16:14:54
002206,海 利 得,5.22,5.25,5.23,5.26,5.15,96950.0,50350000.0,60.66,55.17,12.18,1.56,0.92,3789300,5905700.0,2026-07-09,16:14:57
002207,*ST准油,5.88,6.03,6.0,6.48,5.84,236072.0,145730000.0,15.41,15.34,-38.09,131.58,9.05,10160800,13446400.0,2026-07-09,16:14:36
002208,合肥城建,19.12,17.38,19.1,19.12,18.71,209799.0,400770000.0,153.59,153.55,-27.69,2.59,2.61,7353500,13626400.0,2026-07-09,16:15:00
002209,达 意 隆,9.99,10.23,10.31,10.31,9.78,45673.0,45510000.0,20.43,15.63,18.51,2.31,2.92,1937300,2630000.0,2026-07-09,16:15:00
002210,飞马国际,2.11,2.1,2.1,2.14,2.06,501695.0,105250000.0,56.15,56.03,202.08,5.99,1.89,24265500,25904000.0,2026-07-09,16:14:39
002211,ST宏达,3.75,3.85,3.85,3.92,3.73,72733.0,27430000.0,16.22,16.22,-169.25,33.6,1.68,2519500,4753800.0,2026-07-09,16:14:42
002212,天融信,5.61,5.68,5.58,5.69,5.49,310867.0,173470000.0,66.17,65.46,158.04,0.69,2.66,13868200,17218500.0,2026-07-09,16:14:09
002213,大为股份,33.59,31.43,32.0,33.88,30.5,164909.0,531700000.0,79.8,69.44,4213.19,14.46,7.98,9086100,7404900.0,2026-07-09,16:14:12
002214,*ST大立,12.4,13.76,13.5,13.89,12.38,129385.0,163620000.0,74.23,59.32,-32.7,5.9,2.7,6000300,6938200.0,2026-07-09,16:14:45
002215,诺 普 信,9.35,8.66,8.61,9.4,8.48,327503.0,295660000.0,93.93,75.57,12.1,2.05,4.05,19007600,13742700.0,2026-07-09,16:14:24
002216,三全食品,12.31,12.63,12.57,12.74,12.29,53443.0,66290000.0,108.23,77.61,17.87,2.47,0.85,2632300,2712000.0,2026-07-09,16:14:03
002217,ST合力泰,1.67,1.77,1.74,1.76,1.62,2657990.0,448340000.0,124.91,121.56,641.66,6.67,3.65,84134900,181664200.0,2026-07-09,16:14:03
002218,拓日新能,3.62,3.56,3.56,3.64,3.45,344708.0,122620000.0,50.98,50.23,-25.68,1.3,2.48,17549500,16921300.0,2026-07-09,16:14:48
002219,新里程,1.8,1.82,1.81,1.85,1.76,575722.0,103330000.0,62.13,58.89,241.24,3.01,1.76,23415900,34156300.0,2026-07-09,16:14:51
002221,东华能源,5.17,5.25,5.25,5.36,5.13,202454.0,105700000.0,81.49,75.53,-10.03,0.82,1.39,9639800,10605600.0,2026-07-09,16:14:15
002222,福晶科技,81.37,76.4,77.92,81.77,74.02,299438.0,2334270000.0,382.64,380.94,130.19,21.48,6.4,16162700,13781000.0,2026-07-09,16:14:06
002223,鱼跃医疗,25.55,25.7,25.51,25.84,25.27,73943.0,188560000.0,256.13,240.76,19.93,1.96,0.78,3581300,3813100.0,2026-07-09,16:14:06
002224,三 力 士,3.28,3.31,3.32,3.35,3.23,112623.0,36880000.0,29.59,26.45,-203.33,0.92,1.4,5684400,5577900.0,2026-07-09,16:14:09
002225,濮耐股份,4.28,4.03,4.04,4.32,3.88,566391.0,231600000.0,49.62,40.6,98.01,1.22,5.97,31414900,25224200.0,2026-07-09,16:14:27
002226,江南化工,4.47,4.55,4.55,4.57,4.45,151208.0,67970000.0,118.41,118.41,16.09,1.25,0.57,7201400,7919400.0,2026-07-09,16:14:18
002227,*ST特迅,6.23,6.33,6.35,6.48,6.19,34316.0,21640000.0,15.44,15.32,-23.7,1.68,1.4,1558900,1872700.0,2026-07-09,16:14:30
002228,合兴包装,2.99,2.98,2.95,3.0,2.9,202290.0,59720000.0,36.28,36.16,38.43,1.23,1.67,9626800,10602100.0,2026-07-09,16:14:09
002229,鸿博股份,9.73,9.71,9.78,9.85,9.37,238487.0,229560000.0,48.28,47.98,-18.42,4.51,4.84,11707100,12141600.0,2026-07-09,16:14:12
002230,科大讯飞,42.37,40.94,40.77,42.48,40.5,656953.0,2754350000.0,1017.76,927.6,117.94,4.46,3.0,36731900,28963400.0,2026-07-09,16:14:15
002231,*ST奥维,0.6,0.6,0.0,0.0,0.0,0.0,0.0,2.08,1.85,-1.1,2.54,0.0,0,0.0,2026-07-09,09:00:00
002232,启明信息,14.22,14.36,14.26,14.26,13.78,64237.0,90230000.0,58.1,58.1,121.89,4.14,1.57,3121200,3302500.0,2026-07-09,16:14:12
002233,塔牌集团,7.54,7.7,7.7,7.78,7.51,72166.0,55050000.0,88.53,88.49,14.37,0.76,0.61,3596200,3620300.0,2026-07-09,16:14:54
002234,民和股份,6.98,7.07,7.04,7.13,6.89,49541.0,34570000.0,24.36,21.04,-9.19,1.43,1.64,2460900,2493200.0,2026-07-09,16:14:21
002235,安妮股份,8.99,8.7,8.72,9.31,8.58,398850.0,354890000.0,52.1,49.77,-269.11,7.14,7.2,18869200,21015800.0,2026-07-09,16:14:24
002236,大华股份,17.25,16.96,16.86,17.3,16.75,511010.0,871450000.0,563.95,412.47,14.45,1.53,2.14,27989700,23111300.0,2026-07-09,16:14:18
002237,恒邦股份,12.93,12.84,12.52,12.99,12.48,216576.0,276450000.0,184.9,154.17,27.98,1.39,1.82,11353300,10304300.0,2026-07-09,16:14:21
002238,天威视讯,5.46,5.51,5.41,5.58,5.33,86711.0,47280000.0,43.82,43.82,-21.99,2.25,1.08,3956900,4714200.0,2026-07-09,16:14:24
002239,奥特佳,2.38,2.4,2.39,2.41,2.36,415724.0,98980000.0,83.66,63.84,44.1,1.34,1.55,20656700,20915700.0,2026-07-09,16:14:15
002240,盛新锂能,35.55,38.14,36.03,37.3,34.33,879923.0,3101560000.0,325.39,324.54,-120.82,3.03,9.64,46378100,41614100.0,2026-07-09,16:14:57
002241,歌尔股份,21.37,20.41,20.41,21.43,20.22,925785.0,1932990000.0,759.12,672.24,19.1,2.07,2.94,53868500,38710000.0,2026-07-09,16:14:27
002242,九阳股份,7.96,8.0,7.95,8.08,7.88,41937.0,33370000.0,60.74,60.63,61.35,1.8,0.55,1824000,2369700.0,2026-07-09,16:14:27
002243,力合科创,6.43,6.46,6.45,6.51,6.27,122383.0,78210000.0,77.84,77.43,44.21,1.08,1.02,6306700,5931600.0,2026-07-09,16:15:00
002244,滨江集团,7.65,7.84,7.78,7.97,7.6,245098.0,189540000.0,238.03,210.95,12.2,0.79,0.89,12561100,11948800.0,2026-07-09,16:14:30
002245,蔚蓝锂芯,20.52,19.89,20.11,20.8,19.1,1202646.0,2411120000.0,350.41,329.67,45.82,4.54,7.49,63297400,56967200.0,2026-07-09,16:14:33
002246,北化股份,18.0,17.49,17.49,18.08,17.19,101330.0,179270000.0,98.83,98.83,32.31,3.18,1.85,5451500,4681500.0,2026-07-09,16:14:33
002247,聚力文化,2.12,2.13,2.12,2.17,2.06,265768.0,56220000.0,18.04,13.64,40.43,2.68,4.13,12138400,14438400.0,2026-07-09,16:14:18
002248,华东数控,8.7,8.68,8.62,8.79,8.39,80983.0,69630000.0,26.75,26.75,78.88,23.32,2.63,3709200,4389100.0,2026-07-09,16:14:21
002249,大洋电机,7.07,7.46,7.18,7.26,6.95,1087542.0,770570000.0,174.33,131.64,15.89,1.8,5.84,48827700,59926500.0,2026-07-09,16:14:03
002250,联化科技,14.1,13.95,13.84,14.45,13.7,155592.0,218740000.0,126.88,126.19,30.64,1.91,1.74,7734200,7825000.0,2026-07-09,16:14:06
002251,步步高,3.34,3.36,3.33,3.38,3.28,756930.0,251410000.0,89.8,71.89,81.48,1.06,3.52,35669700,40023400.0,2026-07-09,16:14:36
002252,上海莱士,4.48,4.54,4.5,4.6,4.43,533383.0,240140000.0,295.35,295.15,22.26,0.92,0.81,25547100,27791100.0,2026-07-09,16:14:09
002253,川大智胜,9.36,9.5,9.51,9.54,9.19,55498.0,51890000.0,21.12,19.65,-8.5,2.49,2.64,2809200,2740600.0,2026-07-09,16:14:30
002254,泰和新材,14.07,13.97,13.96,14.17,13.37,376009.0,519260000.0,120.59,119.69,257.75,1.71,4.42,18885300,18715600.0,2026-07-09,16:14:39
002255,海陆重工,8.42,8.56,8.58,8.63,8.14,210192.0,175630000.0,69.96,53.72,15.67,1.53,3.29,9321600,11697600.0,2026-07-09,16:14:42
002256,兆新股份,3.34,3.38,3.38,3.41,3.25,479782.0,159210000.0,68.16,67.28,133.81,5.64,2.38,20923000,27055200.0,2026-07-09,16:14:12
002258,利尔化学,13.76,13.64,13.41,13.97,13.37,193197.0,265030000.0,110.14,109.96,24.99,1.4,2.42,10431900,8887800.0,2026-07-09,16:14:24
002259,升达林业,3.62,3.6,3.56,3.67,3.54,132328.0,47780000.0,27.23,27.23,13.8,5.94,1.76,6458700,6774100.0,2026-07-09,16:14:27
002261,拓维信息,31.92,30.84,30.0,32.4,29.68,1401692.0,4383200000.0,402.18,365.84,672.0,15.45,12.23,74929500,65239600.0,2026-07-09,16:14:36
002262,恩华药业,19.53,19.62,19.46,19.92,19.33,88156.0,172570000.0,198.38,172.6,18.47,2.49,1.0,4228000,4587600.0,2026-07-09,16:14:33
002263,大东南,2.88,2.95,2.93,2.95,2.78,718963.0,205490000.0,54.1,54.1,298.48,1.95,3.83,31450500,40445800.0,2026-07-09,16:14:45
002264,新 华 都,5.78,5.86,5.84,5.91,5.68,106252.0,61350000.0,41.61,37.85,25.98,2.07,1.62,4980000,5645200.0,2026-07-09,16:14:30
002265,建设工业,17.15,16.84,16.77,17.22,16.55,75249.0,127080000.0,177.17,177.17,76.11,4.54,0.73,3706800,3818100.0,2026-07-09,16:14:48
002266,浙富控股,5.2,5.29,5.2,5.35,4.99,1786873.0,919740000.0,271.4,251.81,18.73,2.2,3.69,77557200,101130100.0,2026-07-09,16:14:36
002267,陕天然气,6.88,6.96,6.98,7.02,6.86,61836.0,42830000.0,76.51,76.51,15.42,1.13,0.56,3016800,3166800.0,2026-07-09,16:14:15
002268,电科网安,15.15,15.65,15.0,15.45,14.91,314476.0,476180000.0,128.11,128.06,350.89,2.34,3.72,13376700,18070900.0,2026-07-09,16:14:51
002269,美邦服饰,1.34,1.32,1.32,1.36,1.3,610722.0,81220000.0,33.67,31.41,-13.24,15.73,2.61,28556900,32515300.0,2026-07-09,16:14:18
002270,华明装备,18.02,18.2,18.12,18.27,17.41,176721.0,314960000.0,161.5,161.5,23.02,5.17,1.97,8800700,8871400.0,2026-07-09,16:14:21
002271,东方雨虹,11.26,11.28,11.26,11.33,10.98,348036.0,388250000.0,268.97,215.57,83.34,1.31,1.82,16181800,18621700.0,2026-07-09,16:14:39
002272,川润股份,22.58,21.8,21.88,22.88,20.84,500064.0,1088790000.0,109.49,92.16,-393.73,7.5,12.25,26616600,23389800.0,2026-07-09,16:14:54
002273,水晶光电,32.88,32.04,32.61,32.98,30.7,702328.0,2238560000.0,457.24,447.85,38.16,4.61,5.16,36016900,34215900.0,2026-07-09,16:14:24
002274,华昌化工,5.43,4.94,5.43,5.43,5.28,383420.0,207450000.0,51.71,50.93,-28.03,1.0,4.09,12749700,25592300.0,2026-07-09,16:14:33
002275,桂林三金,13.17,13.07,13.11,13.3,12.93,16647.0,21870000.0,77.38,73.37,17.09,2.46,0.3,816700,848000.0,2026-07-09,16:14:57
002276,万马股份,9.6,9.71,9.71,9.75,9.38,205429.0,196100000.0,97.06,96.68,29.55,1.6,2.04,9905700,10637300.0,2026-07-09,16:15:00
002277,友阿股份,5.94,5.83,5.81,5.97,5.8,195081.0,114720000.0,82.81,82.81,-25.19,1.3,1.4,10057700,9450400.0,2026-07-09,16:14:39
002278,神开股份,7.4,7.36,7.34,7.55,7.26,103939.0,76910000.0,28.76,26.55,81.52,2.08,2.9,5017100,5376800.0,2026-07-09,16:14:42
002279,久其软件,5.61,5.63,5.58,5.67,5.46,205308.0,114280000.0,48.37,44.63,64.5,3.46,2.58,9229100,11301700.0,2026-07-09,16:14:42
002281,光迅科技,238.49,216.81,224.01,238.49,217.45,477111.0,10865100000.0,1973.66,1861.41,190.49,14.28,6.11,26229800,21481400.0,2026-07-09,16:14:27
002282,博深股份,5.61,5.66,5.63,5.69,5.51,39438.0,21990000.0,29.56,28.33,22.35,0.83,0.78,1720400,2223400.0,2026-07-09,16:14:30
002283,天润工业,9.55,9.41,9.46,9.75,9.15,258495.0,244200000.0,108.82,95.77,26.23,1.81,2.58,13258600,12590900.0,2026-07-09,16:14:03
002284,亚太股份,9.43,9.54,9.53,9.61,9.23,169285.0,159140000.0,69.7,69.05,13.1,2.03,2.31,8120000,8808500.0,2026-07-09,16:14:06
002285,世联行,2.01,1.98,1.97,2.02,1.94,351374.0,69740000.0,40.06,39.7,-6.23,1.83,1.78,17620600,17516900.0,2026-07-09,16:14:09
002286,保龄宝,8.02,8.19,8.13,8.23,7.95,60982.0,49030000.0,30.47,29.65,19.74,1.32,1.65,2738800,3359400.0,2026-07-09,16:14:33
002287,奇正藏药,19.98,20.11,20.0,20.37,19.79,21520.0,43010000.0,114.31,114.07,17.11,2.38,0.38,1086300,1065700.0,2026-07-09,16:14:36
002289,宇顺电子,45.61,45.08,45.15,49.5,43.68,56015.0,257050000.0,127.82,125.17,381.31,48.18,2.04,2708900,2892600.0,2026-07-09,16:14:39
002290,禾盛新材,85.16,78.23,79.63,85.8,75.59,94582.0,764630000.0,211.29,210.51,135.86,22.03,3.83,5814700,3643400.0,2026-07-09,16:14:12
002291,遥望科技,4.68,4.64,4.61,4.76,4.57,236217.0,110370000.0,43.76,40.68,-13.26,1.47,2.72,12286400,11335300.0,2026-07-09,16:14:45
002292,奥飞娱乐,7.62,7.28,7.28,7.9,7.12,881723.0,669680000.0,112.68,77.56,145.41,3.79,8.66,52325900,35846400.0,2026-07-09,16:14:48
002293,罗莱生活,10.82,11.0,10.88,11.07,10.7,46313.0,50080000.0,90.59,89.83,16.34,2.27,0.56,2202100,2429300.0,2026-07-09,16:14:42
002294,信立泰,35.21,36.0,35.97,37.73,34.0,561839.0,1997390000.0,392.53,392.44,58.03,4.6,5.04,28886500,27297400.0,2026-07-09,16:14:51
002295,精艺股份,8.2,8.29,8.33,8.35,7.94,31062.0,25260000.0,20.55,20.54,-39.08,1.58,1.24,1552800,1553400.0,2026-07-09,16:14:45
002296,辉煌科技,9.1,8.81,8.77,9.12,8.62,104972.0,93100000.0,35.45,31.61,20.1,1.44,3.02,5030800,5466400.0,2026-07-09,16:14:36
002297,博云新材,24.53,24.27,24.51,24.84,23.08,463614.0,1116020000.0,140.58,140.58,72.77,6.22,8.09,23854500,22506900.0,2026-07-09,16:14:48
002298,中电鑫龙,7.06,6.97,6.94,7.08,6.74,201709.0,139890000.0,52.25,46.65,-12.37,2.8,3.05,10646200,9524700.0,2026-07-09,16:14:45
002299,圣农发展,15.55,15.85,15.7,15.85,15.38,97772.0,152240000.0,193.25,189.49,13.01,1.72,0.8,4963000,4814200.0,2026-07-09,16:14:51
002300,太阳电缆,6.25,6.23,6.2,6.28,6.0,149233.0,91930000.0,45.15,45.14,57.65,2.44,2.07,7321500,7601800.0,2026-07-09,16:14:48
002301,齐心集团,8.32,8.18,8.19,8.38,8.13,164003.0,135900000.0,60.24,59.74,80.85,1.94,2.28,9308100,7092200.0,2026-07-09,16:14:54
002302,西部建设,4.32,4.34,4.32,4.36,4.26,49356.0,21200000.0,54.53,54.53,-7.78,0.7,0.39,2297600,2638000.0,2026-07-09,16:14:39
002303,美盈森,4.33,4.04,4.04,4.43,3.99,994851.0,425370000.0,66.31,41.87,27.41,1.52,10.29,52799300,46685800.0,2026-07-09,16:14:15
002304,洋河股份,37.64,38.21,38.0,38.17,37.51,45936.0,173210000.0,567.03,567.01,55.84,1.21,0.3,1942100,2651500.0,2026-07-09,16:14:42
002305,*ST南置,1.95,2.0,1.98,2.01,1.94,169479.0,33390000.0,33.82,33.82,-2.55,13.51,0.98,6013300,10934600.0,2026-07-09,16:14:51
002306,ST云网,1.94,1.95,1.95,1.97,1.91,61858.0,11970000.0,16.87,15.77,-30.0,24.33,0.76,2457500,3728300.0,2026-07-09,16:14:18
002307,北新路桥,2.93,2.94,2.92,2.95,2.86,211762.0,61440000.0,48.31,47.73,-51.04,1.12,1.3,9339100,11837100.0,2026-07-09,16:14:54
002309,中利集团,2.5,2.48,2.46,2.51,2.39,975078.0,239920000.0,75.19,60.15,210.87,4.01,4.05,51082600,46425200.0,2026-07-09,16:14:57
002310,东方新能,2.09,2.1,2.1,2.13,2.04,825143.0,171680000.0,125.39,91.94,-147.82,5.23,1.88,34905600,47608700.0,2026-07-09,16:14:57
002311,海大集团,44.6,45.6,45.38,45.77,44.35,89953.0,403730000.0,733.84,733.13,18.89,3.24,0.55,4286400,4708900.0,2026-07-09,16:15:00
002312,川发龙蟒,8.15,8.42,8.37,8.45,8.0,389257.0,317590000.0,153.85,153.53,38.33,1.61,2.07,16417700,22508000.0,2026-07-09,16:14:21
002313,日海智能,7.78,7.68,7.6,7.84,7.47,111670.0,85570000.0,29.13,29.13,-15.49,37.98,2.98,5713800,5453200.0,2026-07-09,16:15:00
002314,南山控股,1.98,1.99,2.0,2.02,1.96,140545.0,27910000.0,53.61,26.5,-2.27,0.8,1.05,6540200,7514300.0,2026-07-09,16:14:54
002315,焦点科技,23.13,23.36,23.24,23.65,22.76,57057.0,132010000.0,95.39,60.81,19.49,3.59,2.17,2639500,3066200.0,2026-07-09,16:14:45
002316,亚联发展,4.01,4.0,3.95,4.08,3.85,133838.0,52990000.0,15.76,13.67,377.18,20.13,3.93,6541000,6842800.0,2026-07-09,16:14:24
002317,众生药业,26.85,25.97,25.89,27.36,25.43,401278.0,1062150000.0,228.21,204.49,77.9,5.72,5.27,21328000,18799800.0,2026-07-09,16:14:57
002318,久立特材,19.5,20.95,20.9,21.03,18.9,260898.0,513860000.0,190.55,186.16,12.58,2.34,2.73,12830900,13258900.0,2026-07-09,16:14:48
002319,乐通股份,11.32,10.86,10.83,11.38,10.64,61447.0,67800000.0,23.71,23.71,-615.46,13.27,2.93,3208500,2936200.0,2026-07-09,16:14:51
002320,海峡股份,6.19,6.26,6.23,6.29,6.1,155144.0,95840000.0,138.4,138.4,76.29,3.43,0.69,8093700,7420700.0,2026-07-09,16:15:00
002321,华英农业,1.82,1.82,1.82,1.85,1.79,245591.0,44640000.0,38.82,38.65,-61.55,4.21,1.16,12162500,12396600.0,2026-07-09,16:14:54
002322,理工能科,9.71,9.82,9.86,9.88,9.51,26067.0,25160000.0,35.49,34.12,17.28,1.25,0.74,1171600,1435100.0,2026-07-09,16:14:03
002323,*ST雅博,1.48,1.47,1.46,1.56,1.44,839569.0,126000000.0,31.39,31.38,-18.44,16.38,3.96,42819400,41137500.0,2026-07-09,16:14:27
002324,普利特,10.35,10.47,10.43,10.49,9.96,234708.0,240110000.0,115.13,80.34,37.62,2.49,3.02,11674900,11795900.0,2026-07-09,16:14:06
002326,永太科技,20.81,21.51,21.31,21.58,19.7,771336.0,1587030000.0,192.52,168.18,401.2,6.92,9.54,36526900,40606700.0,2026-07-09,16:14:57
002327,富安娜,6.21,6.28,6.29,6.29,6.15,24403.0,15110000.0,51.78,30.49,15.01,1.51,0.5,1073600,1366600.0,2026-07-09,16:15:00
002328,新朋股份,7.31,7.12,7.07,7.35,6.88,295111.0,210740000.0,56.42,41.72,27.5,1.7,5.17,14620900,14890100.0,2026-07-09,16:14:09
002329,皇氏集团,3.13,3.29,3.27,3.3,3.09,615645.0,195190000.0,26.05,20.39,-5.79,5.23,9.45,26382500,35182000.0,2026-07-09,16:14:03
002330,得利斯,3.54,3.59,3.57,3.62,3.5,115636.0,41020000.0,22.49,22.48,566.69,0.98,1.82,4639300,6924300.0,2026-07-09,16:14:03
002331,皖通科技,6.83,6.8,6.74,6.86,6.66,65337.0,44290000.0,29.26,27.55,-8.63,2.03,1.62,3277300,3256400.0,2026-07-09,16:14:12
002332,仙琚制药,8.18,8.29,8.26,8.37,8.16,105786.0,87210000.0,80.92,80.54,20.25,1.38,1.07,4398800,6179800.0,2026-07-09,16:14:03
002333,罗普斯金,4.85,4.94,4.92,4.94,4.73,61594.0,29750000.0,32.73,32.33,65.67,1.7,0.92,2734300,3425100.0,2026-07-09,16:14:30
002334,英威腾,6.91,6.93,6.94,6.95,6.72,125474.0,85660000.0,56.85,50.79,39.7,1.89,1.71,5387900,7159500.0,2026-07-09,16:14:06
002335,科华数据,35.8,36.3,36.48,36.75,33.52,319416.0,1132760000.0,270.08,236.19,63.24,4.23,4.84,14969000,16972600.0,2026-07-09,16:14:06
002336,人乐退,0.36,0.36,0.0,0.0,0.0,0.0,0.0,1.58,1.58,4.55,-0.33,0.0,0,0.0,2026-07-09,09:00:00
002337,赛象科技,4.39,4.36,4.34,4.42,4.24,82778.0,35740000.0,25.84,25.81,51.44,1.96,1.41,3605700,4672100.0,2026-07-09,16:14:09
002338,奥普光电,53.13,51.83,52.17,53.28,50.06,66640.0,344550000.0,127.51,127.51,130.37,8.93,2.78,3487500,3176600.0,2026-07-09,16:14:15
002339,积成电子,6.63,6.56,6.55,6.64,6.34,112744.0,73380000.0,33.42,31.74,410.36,1.92,2.36,5709600,5564800.0,2026-07-09,16:14:09
002340,格林美,6.5,6.66,6.61,6.64,6.4,1254406.0,813300000.0,331.65,329.94,20.84,1.55,2.47,50582700,74857800.0,2026-07-09,16:14:12
002342,巨力索具,10.06,9.59,9.74,10.24,9.46,1292074.0,1277370000.0,96.58,96.04,636.97,3.96,13.53,68168600,61038800.0,2026-07-09,16:14:33
002343,慈文传媒,4.51,4.5,4.45,4.63,4.39,119701.0,54110000.0,21.36,21.36,-64.27,2.24,2.53,5808700,6161400.0,2026-07-09,16:14:12
002344,海宁皮城,3.53,3.59,3.59,3.62,3.5,84241.0,29830000.0,45.28,45.23,94.09,0.54,0.66,3799700,4624400.0,2026-07-09,16:14:15
002345,潮宏基,9.93,10.11,10.0,10.12,9.8,173088.0,172140000.0,88.23,86.12,15.43,2.38,2.0,8489600,8819200.0,2026-07-09,16:14:06
002346,柘中股份,19.83,18.03,18.06,19.83,18.06,30735.0,59940000.0,87.56,77.76,31.4,3.26,0.78,821600,2251900.0,2026-07-09,16:14:09
002347,泰尔股份,5.44,5.45,5.47,5.5,5.25,128275.0,69100000.0,27.46,26.84,-29.42,2.49,2.6,5939800,6887700.0,2026-07-09,16:14:36
002348,高乐股份,10.9,10.99,10.99,11.08,10.34,242337.0,260510000.0,108.25,98.49,-255.34,17.39,2.68,10057700,14176000.0,2026-07-09,16:14:18
002349,精华制药,6.5,6.5,6.48,6.59,6.38,84847.0,54950000.0,54.02,52.92,24.23,1.96,1.04,4012300,4472400.0,2026-07-09,16:14:18
002350,北京科锐,14.69,15.07,15.23,15.46,14.03,311059.0,455300000.0,79.67,77.94,396.93,4.49,5.86,13239400,17866400.0,2026-07-09,16:14:15
002351,漫步者,9.21,9.13,9.12,9.25,9.04,60126.0,54900000.0,81.89,47.99,19.0,2.83,1.15,3152700,2860000.0,2026-07-09,16:14:18
002352,顺丰控股,31.91,32.59,32.43,32.45,31.65,204188.0,653570000.0,1680.16,1522.11,14.73,1.71,0.43,8592100,11826800.0,2026-07-09,16:14:39
002353,杰瑞股份,168.0,157.99,161.86,168.48,158.58,169005.0,2781260000.0,1720.08,1160.94,61.36,7.55,2.45,9108200,7792400.0,2026-07-09,16:14:12
002354,天娱数科,8.08,8.02,8.0,8.42,7.72,3580331.0,2889980000.0,133.69,131.36,-560.51,9.72,22.02,171273100,186760000.0,2026-07-09,16:14:15
002355,兴民智通,4.14,4.1,4.09,4.18,4.01,147944.0,60580000.0,27.68,25.59,-4.41,3.38,2.39,8186700,6607800.0,2026-07-09,16:14:21
002356,赫美集团,2.67,2.65,2.64,2.69,2.59,205769.0,54240000.0,35.01,35.01,95.87,5.84,1.57,10287800,10289100.0,2026-07-09,16:14:21
002357,富临运业,8.97,8.59,8.59,9.0,8.51,111304.0,97590000.0,28.12,28.12,16.47,1.59,3.55,6086600,5043800.0,2026-07-09,16:14:24
002358,森源电气,5.25,5.27,5.28,5.3,5.08,148270.0,76990000.0,48.81,48.81,49.56,1.46,1.59,6996200,7830800.0,2026-07-09,16:14:27
002360,ST同德,5.13,5.18,5.14,5.29,5.09,51440.0,26540000.0,20.61,16.7,-1.85,2.24,1.58,1583700,3560300.0,2026-07-09,16:14:42
002361,神剑股份,11.57,11.34,11.39,11.6,10.96,767955.0,868760000.0,110.03,93.6,-2867.59,5.02,9.49,39971400,36824200.0,2026-07-09,16:14:45
002362,汉王科技,15.16,14.79,14.72,15.16,14.52,46682.0,69390000.0,37.06,31.47,-16.51,4.08,2.25,2432200,2236000.0,2026-07-09,16:14:21
002363,隆基机械,6.05,6.06,6.03,6.08,5.86,53272.0,31780000.0,25.22,25.15,38.38,1.17,1.28,2496700,2830500.0,2026-07-09,16:14:24
002364,中恒电气,54.42,49.47,49.83,54.42,48.58,561637.0,2911530000.0,306.69,303.72,234.08,12.55,10.06,30162300,26001400.0,2026-07-09,16:14:24
002365,永安药业,10.08,10.37,10.31,10.54,9.92,82807.0,83930000.0,29.7,24.73,85.86,1.51,3.38,3747800,4532900.0,2026-07-09,16:14:27
002366,融发核电,5.22,5.19,5.15,5.23,5.02,342449.0,175460000.0,108.62,96.59,-146.48,2.34,1.85,18338400,15906500.0,2026-07-09,16:14:27
002367,康力电梯,6.15,6.23,6.21,6.34,6.02,172821.0,106230000.0,49.06,48.87,16.47,1.39,2.18,8062000,9220100.0,2026-07-09,16:14:30
002368,太极股份,13.96,13.84,13.8,14.04,13.43,130008.0,178570000.0,87.0,86.58,-9.83,2.19,2.1,6371400,6629400.0,2026-07-09,16:14:30
002369,卓翼科技,5.25,5.17,5.18,5.26,5.04,162289.0,83880000.0,29.77,29.73,-12.05,15.91,2.87,8606100,7622800.0,2026-07-09,16:14:18
002370,亚太药业,5.23,5.44,5.36,5.47,5.16,343095.0,180260000.0,39.0,39.0,38.41,3.49,4.6,15695000,18614500.0,2026-07-09,16:14:33
002371,北方华创,878.43,802.32,817.42,880.98,815.0,158615.0,13339470000.0,6374.67,6369.58,114.32,16.45,2.19,8724000,7137400.0,2026-07-09,16:14:30
002372,伟星新材,7.96,8.23,8.16,8.29,7.9,182727.0,147030000.0,126.73,117.08,16.97,2.85,1.24,8353100,9919600.0,2026-07-09,16:14:33
002373,千方科技,7.03,7.1,7.04,7.11,6.9,196070.0,137320000.0,111.09,96.84,216.99,0.97,1.42,8600100,11006900.0,2026-07-09,16:14:21
002374,中锐股份,3.08,2.96,2.96,3.1,2.89,258710.0,77200000.0,33.42,33.42,-10.31,6.25,2.38,14023200,11847800.0,2026-07-09,16:14:36
002375,亚厦股份,3.32,3.38,3.39,3.4,3.27,135022.0,44900000.0,44.49,44.19,13.53,0.55,1.01,5706800,7795400.0,2026-07-09,16:14:48
002376,新北洋,5.87,5.8,5.81,5.9,5.74,78784.0,45840000.0,47.58,46.2,59.63,1.3,1.0,3723000,4155400.0,2026-07-09,16:14:33
002377,国创高新,2.84,2.79,2.78,2.85,2.63,459436.0,125580000.0,26.02,24.78,115.06,6.55,5.27,23904700,22038900.0,2026-07-09,16:14:51
002378,章源钨业,27.87,27.67,27.84,28.2,26.28,453640.0,1240420000.0,334.84,333.08,53.22,13.0,3.8,21365200,23998800.0,2026-07-09,16:14:54
002379,宏桥控股,14.15,14.15,14.17,14.26,13.61,273289.0,380280000.0,1843.9,160.8,9.36,3.76,2.4,13229000,14099900.0,2026-07-09,16:14:36
002380,科远智慧,32.11,32.17,32.0,32.5,30.7,53195.0,168220000.0,77.06,45.66,49.96,3.23,3.74,2723900,2595600.0,2026-07-09,16:14:24
002381,双箭股份,5.18,5.27,5.28,5.28,5.12,51494.0,26710000.0,21.32,16.68,37.62,1.01,1.6,2551100,2598300.0,2026-07-09,16:14:57
002382,蓝帆医疗,5.13,5.15,5.13,5.22,5.05,104276.0,53360000.0,51.69,51.19,-6.14,0.75,1.05,5283800,5143800.0,2026-07-09,16:15:00
002383,合众思壮,6.8,6.72,6.7,6.83,6.54,112103.0,75140000.0,50.34,50.34,-31.37,3.35,1.51,5824300,5386000.0,2026-07-09,16:14:39
002384,东山精密,261.32,237.56,242.0,261.32,236.98,1123457.0,27786400000.0,4786.36,3622.74,234.61,21.14,8.1,59456000,52889700.0,2026-07-09,16:14:03
002385,大北农,2.93,2.91,2.89,2.94,2.87,561170.0,163330000.0,125.99,101.48,-13.25,1.7,1.62,29636300,26480700.0,2026-07-09,16:14:27
002386,天原股份,5.62,5.89,5.86,5.91,5.51,316694.0,178950000.0,73.15,73.14,47.82,0.96,2.43,13112900,18556500.0,2026-07-09,16:14:06
002387,维信诺,8.09,8.03,8.0,8.12,7.9,225861.0,181190000.0,113.0,112.86,-4.55,4.33,1.62,10077800,12508300.0,2026-07-09,16:14:09
002388,新亚制程,4.47,4.63,4.63,4.7,4.3,338671.0,151740000.0,22.83,22.62,-73.41,2.38,6.69,16203300,17663800.0,2026-07-09,16:14:12
002389,航天彩虹,17.76,17.6,17.58,17.78,17.17,140044.0,244780000.0,174.92,174.89,110.08,2.17,1.42,7106500,6897900.0,2026-07-09,16:14:42
002390,信邦制药,2.71,2.72,2.71,2.77,2.67,169658.0,46070000.0,52.68,52.24,41.25,0.78,0.88,8273200,8692600.0,2026-07-09,16:14:39
002391,长青股份,5.07,5.12,5.1,5.16,5.02,46584.0,23630000.0,32.93,23.53,60.35,0.79,1.0,1930600,2727800.0,2026-07-09,16:14:42
002392,北京利尔,7.36,7.51,7.45,7.57,7.02,315345.0,228800000.0,87.62,85.2,21.64,1.48,2.72,13744200,17790300.0,2026-07-09,16:14:30
002393,力生制药,14.3,14.62,14.56,14.72,14.17,34064.0,48790000.0,44.18,42.93,10.7,0.99,1.13,1639500,1766900.0,2026-07-09,16:14:45
002394,联发股份,9.13,9.53,9.53,9.57,8.86,88361.0,80830000.0,29.55,29.5,12.21,0.71,2.73,4419000,4417100.0,2026-07-09,16:14:15
002395,双象股份,12.06,12.34,12.3,12.34,11.92,38764.0,46850000.0,32.35,32.34,19.69,2.16,1.45,1827400,2049000.0,2026-07-09,16:14:33
002396,星网锐捷,28.96,29.1,27.0,29.2,26.45,1428423.0,4001630000.0,220.26,219.35,54.52,3.2,18.86,74289800,68552500.0,2026-07-09,16:14:45
002397,梦洁股份,3.71,3.69,3.67,3.84,3.64,214383.0,79940000.0,27.74,24.04,49.62,2.26,3.31,11329500,10108800.0,2026-07-09,16:14:18
002398,垒知集团,3.7,3.75,3.73,3.78,3.62,130606.0,48050000.0,25.47,22.19,56.26,0.71,2.18,5725800,7334800.0,2026-07-09,16:14:48
002399,海普瑞,9.31,9.37,9.3,9.56,9.21,46808.0,43690000.0,136.61,116.11,35.9,1.14,0.38,2104100,2576700.0,2026-07-09,16:14:48
002400,省广集团,5.98,5.92,5.87,6.03,5.79,632215.0,375240000.0,104.25,103.22,130.99,2.08,3.66,31624500,31596900.0,2026-07-09,16:14:21
002401,中远海科,11.45,11.51,11.43,11.57,11.24,27220.0,30990000.0,42.56,42.52,120.43,2.58,0.73,1154100,1567900.0,2026-07-09,16:14:24
002402,和而泰,23.93,23.61,23.8,24.05,22.87,373665.0,875520000.0,220.97,195.86,33.28,3.3,4.57,18966500,18400000.0,2026-07-09,16:14:27
002403,爱仕达,9.69,9.8,9.83,10.09,9.61,137926.0,135180000.0,33.01,28.79,-14.15,2.39,4.64,6882900,6909800.0,2026-07-09,16:14:30
002404,嘉欣丝绸,5.66,5.74,5.74,5.75,5.56,82667.0,46610000.0,31.7,25.78,17.09,1.67,1.81,2919500,5347300.0,2026-07-09,16:14:36
002405,四维图新,6.38,6.41,6.39,6.45,6.26,417851.0,265250000.0,151.21,150.3,135.55,1.72,1.77,20751300,21033900.0,2026-07-09,16:14:33
002406,远东传动,6.81,7.12,7.01,7.01,6.61,303923.0,205040000.0,49.73,41.01,28.77,1.21,5.05,13131800,17260500.0,2026-07-09,16:14:36
002407,多氟多,43.65,42.12,42.83,43.71,40.53,1733597.0,7325240000.0,519.62,470.88,99.24,6.09,16.07,86412400,86947400.0,2026-07-09,16:14:51
002408,齐翔腾达,4.7,4.8,4.81,4.83,4.65,226814.0,107060000.0,133.62,129.3,-19.9,1.22,0.82,9804300,12877100.0,2026-07-09,16:14:36
002409,雅克科技,209.0,190.0,196.52,209.0,194.97,335414.0,6743200000.0,994.69,665.71,98.8,12.51,10.53,16718300,16823100.0,2026-07-09,16:14:39
002410,广联达,8.21,8.19,8.16,8.32,8.07,239466.0,196100000.0,135.62,128.91,33.12,2.38,1.53,11150700,12795800.0,2026-07-09,16:14:54
002412,汉森制药,6.26,5.88,5.89,6.42,5.79,247492.0,151940000.0,31.5,31.17,13.98,1.39,4.97,13712700,11036500.0,2026-07-09,16:14:39
002413,雷科防务,8.99,8.66,8.66,9.03,8.44,577887.0,505780000.0,118.61,116.46,-180.0,3.61,4.46,31121700,26667000.0,2026-07-09,16:14:57
002414,高德红外,13.31,12.1,13.31,13.31,13.31,207844.0,276640000.0,568.43,452.36,58.69,7.67,0.61,0,20784400.0,2026-07-09,16:15:00
002415,海康威视,35.39,34.35,33.9,35.41,33.85,1091917.0,3805470000.0,3243.45,3201.52,21.71,4.1,1.21,62525400,46666200.0,2026-07-09,16:14:42
002416,爱施德,8.57,8.73,8.73,8.75,8.46,208770.0,179200000.0,106.21,104.89,28.23,1.98,1.71,10734200,10142800.0,2026-07-09,16:14:03
002418,康盛股份,3.55,3.54,3.53,3.59,3.37,484920.0,169000000.0,40.34,40.34,232.31,2.77,4.27,23029900,25462100.0,2026-07-09,16:14:39
002419,天虹股份,4.28,4.26,4.3,4.34,4.22,79977.0,34210000.0,48.85,48.85,60.86,1.25,0.7,3842700,4155000.0,2026-07-09,16:14:06
002420,毅昌科技,5.27,5.35,5.25,5.39,5.12,131765.0,69070000.0,21.67,21.33,11.52,2.73,3.26,5480200,7696300.0,2026-07-09,16:14:42
002421,达实智能,3.08,3.1,3.08,3.12,2.98,1432823.0,438390000.0,65.31,61.7,-10.4,2.41,7.15,68183200,75099100.0,2026-07-09,16:14:51
002422,科伦药业,42.7,41.98,41.49,44.52,41.22,491275.0,2103520000.0,679.26,554.51,43.23,2.86,3.78,25049300,24078200.0,2026-07-09,16:14:54
002423,中粮资本,8.81,8.76,8.69,8.88,8.65,145072.0,126980000.0,202.99,202.99,20.08,0.85,0.63,7032300,7474900.0,2026-07-09,16:14:42
002424,ST百灵,4.44,4.48,4.46,4.51,4.41,63692.0,28330000.0,62.05,51.14,-61.84,1.95,0.55,2251000,4118200.0,2026-07-09,16:14:57
002425,凯撒文化,2.68,2.64,2.61,2.72,2.59,203204.0,54170000.0,25.64,24.66,-4.66,1.03,2.21,10748700,9571800.0,2026-07-09,16:14:09
002426,胜利精密,3.42,3.37,3.39,3.43,3.27,1167356.0,392340000.0,116.37,116.37,-15.25,7.09,3.43,52793300,63942300.0,2026-07-09,16:15:00
002427,尤夫股份,4.18,4.32,4.41,4.45,4.15,215361.0,91610000.0,41.19,41.15,324.17,4.35,2.19,8891400,12644600.0,2026-07-09,16:14:45
002428,云南锗业,102.98,99.0,100.05,104.5,92.16,885627.0,8614960000.0,672.58,672.5,3529.93,45.98,13.56,48745500,39817200.0,2026-07-09,16:14:03
002429,兆驰股份,11.3,10.55,10.8,11.34,10.27,1530647.0,1663840000.0,511.54,511.25,43.41,3.1,3.38,91720500,61344200.0,2026-07-09,16:14:06
002430,杭氧股份,25.31,25.24,25.23,25.7,24.48,208492.0,521290000.0,247.62,247.52,25.07,2.53,2.13,9905800,10943400.0,2026-07-09,16:14:45
002431,ST棕榈,1.3,1.32,1.33,1.38,1.27,363400.0,48240000.0,23.43,23.43,-2.03,7.89,2.02,16284600,20055400.0,2026-07-09,16:14:12
002432,九安医疗,58.36,59.61,59.46,60.29,56.7,154512.0,899660000.0,271.9,271.53,11.85,1.3,3.32,7461900,7989200.0,2026-07-09,16:14:09
002434,万里扬,6.0,6.08,6.02,6.22,5.88,243846.0,146610000.0,78.76,78.68,38.56,1.34,1.86,10535700,13848900.0,2026-07-09,16:14:15
002436,兴森科技,44.45,40.41,41.5,44.45,40.94,1141263.0,4871220000.0,755.5,674.72,523.5,14.29,7.52,65131000,48995400.0,2026-07-09,16:14:12
002437,誉衡药业,2.96,2.9,2.87,3.0,2.84,810202.0,236500000.0,66.0,62.16,16.04,2.76,3.86,44587700,36432500.0,2026-07-09,16:14:45
002438,江苏神通,13.28,13.45,13.45,13.49,12.71,95544.0,125050000.0,67.4,62.27,23.95,1.82,2.04,5003800,4550600.0,2026-07-09,16:14:48
002439,启明星辰,13.43,13.3,13.29,13.49,12.97,379953.0,504710000.0,162.69,97.85,-30.98,1.49,5.21,18799100,19196200.0,2026-07-09,16:14:51
002440,闰土股份,9.53,9.47,9.54,9.74,9.25,417611.0,396230000.0,107.12,90.19,13.3,1.08,4.41,19359400,22401700.0,2026-07-09,16:14:18
002441,众业达,7.51,7.57,7.55,7.63,7.33,60822.0,45340000.0,40.9,29.93,22.12,0.93,1.53,2957400,3124800.0,2026-07-09,16:14:15
002442,龙星科技,4.87,4.96,4.96,5.02,4.75,212229.0,102830000.0,24.51,23.94,123.69,1.33,4.32,8131300,13091600.0,2026-07-09,16:14:48
002443,金洲管道,9.55,9.67,9.79,9.79,9.24,166269.0,157440000.0,49.71,49.57,32.83,1.42,3.2,7023800,9603100.0,2026-07-09,16:14:21
002444,巨星科技,29.76,32.67,31.0,31.33,29.4,356854.0,1059950000.0,355.48,341.27,13.86,1.91,3.11,20165400,15520100.0,2026-07-09,16:14:18
002445,中南文化,2.72,2.74,2.71,2.75,2.63,584382.0,157140000.0,64.64,64.36,123.27,2.83,2.47,24723000,33715200.0,2026-07-09,16:14:54
002446,盛路通信,10.34,10.18,10.2,10.38,9.85,446413.0,450120000.0,94.65,87.66,136.07,3.72,5.27,20641800,23999500.0,2026-07-09,16:14:24
002448,中原内配,11.64,11.79,11.79,11.92,11.39,139843.0,161770000.0,68.49,67.57,13.79,1.79,2.41,6710200,7274100.0,2026-07-09,16:14:21
002449,国星光电,6.83,6.77,6.77,6.86,6.52,144935.0,97190000.0,42.24,42.24,-66.77,1.12,2.34,6643600,7849900.0,2026-07-09,16:14:48
002451,摩恩电气,6.73,6.75,6.8,6.82,6.48,81919.0,54390000.0,29.66,29.55,222.28,3.86,1.87,3937800,4254000.0,2026-07-09,16:14:24
002452,长高电气,11.48,12.12,12.06,12.28,11.05,488026.0,561380000.0,71.21,59.45,19.47,2.62,9.42,19980400,28822200.0,2026-07-09,16:14:27
002453,华软科技,4.12,4.03,4.05,4.25,3.93,226115.0,92460000.0,33.47,24.83,-12.23,4.49,3.75,11208000,11403500.0,2026-07-09,16:14:27
002454,松芝股份,4.79,4.8,4.79,4.81,4.67,90621.0,42930000.0,42.11,42.03,18.67,1.06,1.03,4000800,5061300.0,2026-07-09,16:14:30
002455,百川股份,6.55,6.67,6.66,6.78,6.33,361174.0,236280000.0,47.32,43.28,-36.0,1.73,5.47,16033800,20083600.0,2026-07-09,16:14:30
002456,欧菲光,9.51,8.78,8.81,9.66,8.79,2672703.0,2506490000.0,332.46,315.51,-226.38,6.38,8.06,175535800,91734500.0,2026-07-09,16:14:51
002457,青龙管业,15.06,15.48,15.16,15.37,14.59,632970.0,946830000.0,50.22,50.19,39.04,2.01,18.99,30163800,33133200.0,2026-07-09,16:14:51
002458,益生股份,8.36,8.44,8.21,8.59,8.2,585984.0,489650000.0,119.65,80.79,42.45,2.7,6.06,27010900,31587500.0,2026-07-09,16:14:33
002459,晶澳科技,7.5,7.52,7.5,7.57,7.29,415583.0,308890000.0,248.23,248.01,-6.15,1.19,1.26,18675600,22882700.0,2026-07-09,16:14:36
002460,赣锋锂业,55.99,56.17,56.0,56.96,53.26,717103.0,3947550000.0,1173.94,678.16,30.84,2.53,5.92,37539500,34170800.0,2026-07-09,16:14:54
002461,珠江啤酒,7.69,7.83,7.81,7.82,7.66,58682.0,45250000.0,170.2,170.2,18.38,1.58,0.27,2413200,3455000.0,2026-07-09,16:14:57
002462,嘉事堂,10.96,11.1,11.1,11.21,10.85,33926.0,37270000.0,31.97,31.95,30.95,0.73,1.16,1704200,1688400.0,2026-07-09,16:14:39
002463,沪电股份,137.3,128.2,131.99,137.83,128.61,752734.0,10051090000.0,2642.15,2640.02,61.42,16.69,3.91,42341700,32931700.0,2026-07-09,16:15:00
002465,海格通信,12.47,12.08,12.08,12.53,11.85,705052.0,858460000.0,309.48,308.99,-37.46,2.74,2.85,37699000,32806200.0,2026-07-09,16:14:03
002466,天齐锂业,49.79,53.27,52.33,52.48,47.94,960796.0,4773420000.0,853.01,734.76,38.18,1.84,6.51,50640500,45439100.0,2026-07-09,16:14:54
002467,二六三,4.58,4.69,4.7,4.74,4.44,1099285.0,505030000.0,62.99,62.6,-20.14,4.03,8.04,58223700,51704800.0,2026-07-09,16:14:42
002468,申通快递,16.09,16.24,16.23,16.28,15.87,301409.0,483670000.0,246.31,235.57,15.48,2.19,2.06,14638100,15502800.0,2026-07-09,16:14:33
002469,三维化学,5.55,5.58,5.53,5.63,5.5,44891.0,24880000.0,36.01,34.88,26.88,1.43,0.71,1909000,2580100.0,2026-07-09,16:14:06
002470,金正大,1.9,1.9,1.89,1.92,1.84,981038.0,184460000.0,62.43,62.43,167.68,2.93,2.99,47592600,50511200.0,2026-07-09,16:14:09
002471,中超控股,5.53,5.51,5.46,5.55,5.29,519740.0,282620000.0,75.69,74.3,-1059.23,4.19,3.87,23694400,28279600.0,2026-07-09,16:14:45
002472,双环传动,42.52,42.34,42.72,42.74,40.83,482948.0,2019290000.0,361.42,318.3,28.47,3.59,6.45,23737900,24556800.0,2026-07-09,16:14:57
002474,榕基软件,5.65,5.63,5.6,5.7,5.45,156093.0,87230000.0,35.15,29.88,-53.85,2.67,2.95,6904000,8705300.0,2026-07-09,16:14:57
002475,立讯精密,64.46,62.47,62.8,64.66,59.7,1903541.0,11897520000.0,4717.88,4707.1,27.4,5.34,2.61,106383500,83970600.0,2026-07-09,16:14:12
002476,新叶股份,4.52,4.51,4.5,4.55,4.39,91403.0,40810000.0,27.66,27.66,92.06,2.87,1.49,4780900,4359400.0,2026-07-09,16:14:15
002478,常宝股份,5.91,6.02,5.98,6.21,5.78,211765.0,125920000.0,53.24,42.71,12.16,0.9,2.93,9566000,11610500.0,2026-07-09,16:14:36
002479,富春环保,4.42,4.5,4.36,4.44,4.29,220713.0,96350000.0,38.23,38.15,18.13,0.91,2.56,10378300,11693000.0,2026-07-09,16:14:48
002480,新筑股份,5.09,5.05,5.06,5.15,5.02,62544.0,31690000.0,39.15,39.07,-20.79,4.85,0.81,2958300,3296100.0,2026-07-09,16:14:39
002481,双塔食品,3.95,4.01,3.98,4.0,3.89,92068.0,36180000.0,48.73,44.17,125.91,2.01,0.82,3686000,5520800.0,2026-07-09,16:15:00
002482,广田集团,1.22,1.2,1.19,1.23,1.18,615509.0,74480000.0,45.76,45.67,-38.94,10.28,1.64,34746500,26804400.0,2026-07-09,16:15:00
002483,润邦股份,4.91,5.0,4.97,5.05,4.84,88943.0,43630000.0,43.53,43.47,12.13,0.97,1.0,3859000,5035300.0,2026-07-09,16:14:18
002484,江海股份,90.54,83.68,86.94,90.63,82.35,447999.0,3887190000.0,770.06,742.86,112.49,12.41,5.46,22614200,22185700.0,2026-07-09,16:14:42
002485,ST雪发,5.8,6.0,5.95,5.97,5.6,71513.0,41220000.0,31.55,31.55,-15.91,3.11,1.31,2868600,4282700.0,2026-07-09,16:14:51
002486,嘉麟杰,2.26,2.29,2.28,2.29,2.16,304942.0,67910000.0,18.63,18.54,48.59,1.75,3.72,13149200,17345000.0,2026-07-09,16:14:21
002487,大金重工,47.0,46.7,47.0,47.4,44.72,296221.0,1360680000.0,347.84,296.53,26.61,4.02,4.7,14450000,15172200.0,2026-07-09,16:14:45
002488,金固股份,8.76,8.91,8.92,9.03,8.58,187157.0,163920000.0,87.2,80.6,152.9,2.52,2.03,9435700,9279900.0,2026-07-09,16:14:24
002489,浙江永强,2.74,2.73,2.71,2.75,2.67,181515.0,49100000.0,59.43,52.42,23.91,1.33,0.95,8804700,9346900.0,2026-07-09,16:14:03
002490,山东墨龙,7.67,6.97,7.36,7.67,7.16,914657.0,680390000.0,61.19,41.55,1151.07,12.15,16.88,46491200,44974500.0,2026-07-09,16:14:48
002491,通鼎互联,23.3,22.61,22.95,23.45,21.7,1453138.0,3313850000.0,286.59,274.12,-182.82,11.37,12.35,70814800,74499000.0,2026-07-09,16:14:54
002492,恒基达鑫,5.21,5.18,5.19,5.31,5.12,62302.0,32380000.0,21.1,20.73,-32.2,1.3,1.57,3151100,3079100.0,2026-07-09,16:14:03
002493,荣盛石化,10.98,11.14,11.11,11.38,10.78,532969.0,584990000.0,1096.84,1025.32,35.67,2.41,0.57,24158200,29138700.0,2026-07-09,16:14:06
002494,华斯股份,4.55,4.56,4.5,4.6,4.4,96701.0,43550000.0,17.17,13.05,62.13,1.36,3.37,4961100,4709100.0,2026-07-09,16:14:27
002495,佳隆股份,2.11,2.12,2.11,2.16,2.06,208842.0,43960000.0,19.74,14.64,100.28,1.8,3.01,9950800,10933400.0,2026-07-09,16:14:09
002496,辉丰股份,2.03,2.07,2.06,2.06,1.97,294785.0,59430000.0,30.6,23.98,-13.33,2.75,2.5,14786700,14691700.0,2026-07-09,16:14:12
002497,雅化集团,20.2,22.19,21.8,21.8,19.97,1229507.0,2517360000.0,232.82,214.04,26.2,2.12,11.6,55742900,67207800.0,2026-07-09,16:14:57
002498,汉缆股份,6.04,5.98,5.98,6.07,5.75,624341.0,370040000.0,200.94,200.94,35.2,2.32,1.88,31949100,30485000.0,2026-07-09,16:14:30
002500,山西证券,5.35,5.31,5.32,5.36,5.25,219783.0,116520000.0,192.05,192.05,20.65,1.04,0.61,10711700,11266600.0,2026-07-09,16:15:00
002501,*ST利源,1.32,1.31,1.28,1.35,1.27,339688.0,44580000.0,46.86,46.81,-27.51,29.21,0.96,14476900,19491900.0,2026-07-09,16:14:33
002506,协鑫集成,2.62,2.62,2.6,2.64,2.51,2474683.0,641980000.0,153.28,153.12,-13.27,16.28,4.23,122338500,125129700.0,2026-07-09,16:14:06
002507,涪陵榨菜,10.99,11.22,11.22,11.22,10.96,87380.0,96620000.0,126.82,126.47,16.51,1.45,0.76,3785400,4952600.0,2026-07-09,16:14:36
002508,老板电器,14.91,15.04,15.0,15.13,14.85,36443.0,54570000.0,140.89,139.19,11.52,1.24,0.39,1776200,1868100.0,2026-07-09,16:14:15
002510,天汽模,5.25,5.32,5.3,5.3,5.11,176208.0,91820000.0,53.29,52.75,89.07,2.1,1.75,7566300,10054600.0,2026-07-09,16:14:39
002511,中顺洁柔,6.94,7.04,6.99,7.05,6.85,118062.0,81770000.0,89.27,87.79,25.18,1.62,0.93,5446000,6360200.0,2026-07-09,16:14:51
002512,ST达华,3.44,3.4,3.42,3.59,3.33,479252.0,166290000.0,37.92,37.65,-29.92,12.75,4.38,22891800,25033400.0,2026-07-09,16:14:18
002513,蓝丰生化,4.81,4.65,4.69,5.0,4.58,206806.0,99530000.0,18.07,13.9,-9.86,45.06,7.15,10484000,10196500.0,2026-07-09,16:14:21
002514,*ST宝馨,1.93,2.0,1.93,2.03,1.86,415811.0,81350000.0,13.9,10.69,-6.84,-26.32,7.51,19967800,21613300.0,2026-07-09,16:14:09
002515,金字火腿,8.83,8.75,8.89,8.95,8.47,634332.0,554070000.0,106.9,97.29,770.86,4.09,5.76,34477600,28955600.0,2026-07-09,16:14:24
002516,旷达科技,5.23,5.24,5.22,5.28,5.12,150727.0,78250000.0,76.92,76.18,39.47,2.07,1.03,7784100,7288700.0,2026-07-09,16:14:27
002517,恺英网络,16.35,16.32,16.2,16.77,15.8,712333.0,1160490000.0,349.31,308.87,16.13,3.44,3.77,32439500,38793800.0,2026-07-09,16:14:12
002518,科士达,42.29,41.18,41.53,42.52,39.68,161739.0,665430000.0,246.22,239.0,38.56,5.22,2.86,8775300,7398600.0,2026-07-09,16:14:42
002519,银河电子,5.47,5.33,5.33,5.5,5.2,324592.0,174260000.0,61.62,61.13,-93.66,2.78,2.9,17027800,15431400.0,2026-07-09,16:14:45
002520,日发精机,6.67,7.02,6.41,6.85,6.32,1134510.0,745980000.0,50.04,47.85,-39.49,16.9,15.81,54725400,58725500.0,2026-07-09,16:14:48
002521,齐峰新材,7.11,7.23,7.23,7.26,7.01,67286.0,47970000.0,39.82,29.8,22.5,1.02,1.61,3584000,3144600.0,2026-07-09,16:14:30
002522,浙江众成,5.36,5.33,5.31,5.41,5.06,564162.0,294470000.0,48.55,48.51,82.34,2.1,6.23,28255500,28160700.0,2026-07-09,16:14:03
002523,天桥起重,2.94,2.91,2.91,2.97,2.87,172504.0,50310000.0,41.65,41.5,36.31,1.7,1.22,8573300,8677000.0,2026-07-09,16:14:06
002524,光正眼科,3.44,3.47,3.46,3.54,3.33,127215.0,43560000.0,17.73,17.57,-74.15,19.26,2.49,5954800,6766700.0,2026-07-09,16:14:09
002526,山东矿机,2.52,2.53,2.53,2.56,2.45,264599.0,66140000.0,44.93,44.63,56.46,1.38,1.49,13124400,13335600.0,2026-07-09,16:14:12
002527,新时达,11.78,12.0,12.01,12.07,11.46,193253.0,227080000.0,78.11,62.3,1274.84,6.28,3.65,7423300,11902000.0,2026-07-09,16:14:51
002528,*ST英飞,4.44,4.43,4.37,4.53,4.37,69730.0,30950000.0,53.22,46.63,-16.91,-40.61,0.66,2666600,4306400.0,2026-07-09,16:14:54
002529,海源复材,6.73,6.71,6.71,6.77,6.56,43892.0,29290000.0,17.5,17.5,-9.58,21.96,1.69,2186800,2202400.0,2026-07-09,16:14:54
002530,金财互联,6.58,6.66,6.66,6.7,6.44,112675.0,73910000.0,51.27,45.74,76.15,3.86,1.62,5143800,6123700.0,2026-07-09,16:14:57
002531,天顺风能,7.52,7.55,7.55,7.59,7.28,368725.0,273840000.0,135.13,134.37,-58.81,1.56,2.06,19368400,17504100.0,2026-07-09,16:14:15
002532,天山铝业,10.67,11.07,10.95,10.98,10.3,1432307.0,1522690000.0,493.89,438.2,8.26,1.64,3.49,64723900,78506800.0,2026-07-09,16:14:15
002533,金杯电工,10.47,10.45,10.44,10.51,10.17,77831.0,80460000.0,76.84,66.76,12.91,1.83,1.22,3409800,4373300.0,2026-07-09,16:14:18
002534,西子洁能,16.99,15.84,15.84,17.08,15.7,354733.0,583670000.0,142.03,140.23,32.05,2.54,4.3,18875800,16597500.0,2026-07-09,16:14:18
002535,林州重机,2.22,2.25,2.24,2.29,2.18,150438.0,33390000.0,17.8,16.57,-27.23,2.99,2.02,6576700,8467100.0,2026-07-09,16:14:57
002536,飞龙股份,52.69,49.8,51.51,52.98,49.66,401099.0,2060710000.0,302.85,286.84,120.12,9.07,7.37,19322300,20787700.0,2026-07-09,16:15:00
002537,海联金汇,5.28,5.29,5.25,5.32,5.14,198891.0,103940000.0,61.99,61.81,20.54,1.41,1.7,8734400,11154700.0,2026-07-09,16:14:03
002538,ST司特,6.22,6.3,6.25,6.31,6.17,101388.0,63260000.0,53.09,53.06,27.08,1.02,1.19,3836100,6302700.0,2026-07-09,16:15:00
002539,云图控股,10.59,10.98,10.95,11.04,10.41,244330.0,260220000.0,127.9,94.23,14.59,1.35,2.75,10828300,13604700.0,2026-07-09,16:14:03
002540,亚太科技,4.73,4.77,4.77,4.8,4.61,94204.0,44130000.0,59.18,40.59,15.93,1.08,1.1,4673500,4746900.0,2026-07-09,16:14:33
002541,鸿路钢构,18.87,18.83,18.78,19.42,18.37,99772.0,187840000.0,130.21,93.63,20.28,1.35,2.01,5064400,4912800.0,2026-07-09,16:14:36
002542,*ST中岩,1.38,1.33,1.33,1.46,1.32,810518.0,113910000.0,24.92,24.27,-2.65,-15.42,4.61,42360900,38690900.0,2026-07-09,16:14:06
002543,万和电气,6.35,6.46,6.41,6.5,6.3,49244.0,31380000.0,47.22,42.01,40.71,1.01,0.74,2127800,2796600.0,2026-07-09,16:14:21
002544,普天科技,17.17,16.86,16.81,17.28,16.58,133678.0,225590000.0,116.85,116.84,468.49,3.14,1.96,7105400,6262400.0,2026-07-09,16:14:09
002545,东方铁塔,16.61,17.19,17.09,17.35,16.23,249611.0,414260000.0,206.64,187.72,14.74,2.02,2.21,13197300,11763800.0,2026-07-09,16:14:39
002546,新联电子,7.88,7.34,7.27,8.0,7.2,747587.0,567970000.0,65.72,63.14,11.69,1.74,9.33,43061200,31697500.0,2026-07-09,16:14:24
002547,*ST春兴,2.5,2.33,2.3,2.51,2.28,437165.0,105700000.0,28.2,27.62,-6.39,-6.45,3.96,24859000,18857500.0,2026-07-09,16:14:21
002548,金新农,3.81,3.88,3.86,3.93,3.78,251403.0,96240000.0,31.55,30.65,-6.99,3.01,3.13,10775900,14364400.0,2026-07-09,16:14:12
002549,凯美特气,16.68,16.27,16.38,16.72,15.92,390664.0,639900000.0,115.98,115.49,243.99,5.69,5.64,18934200,20132200.0,2026-07-09,16:14:42
002550,千红制药,6.52,6.65,6.57,6.73,6.46,259013.0,170410000.0,83.44,61.37,25.84,3.13,2.75,11628200,14273100.0,2026-07-09,16:14:06
002551,尚荣医疗,2.78,2.79,2.77,2.86,2.74,109747.0,30580000.0,23.5,16.99,-15.13,0.95,1.8,5170400,5804300.0,2026-07-09,16:14:45
002552,宝鼎科技,64.54,58.67,60.57,64.54,60.57,123387.0,790120000.0,250.41,237.83,145.32,15.99,3.35,2363200,9975400.0,2026-07-09,16:14:48
002553,南方精工,15.22,15.34,15.31,15.39,14.6,83023.0,124800000.0,53.79,39.0,21.15,3.5,3.24,4138400,4163900.0,2026-07-09,16:14:27
002554,惠博普,2.96,2.94,2.99,3.02,2.92,250305.0,74380000.0,39.48,39.47,-9.22,2.07,1.88,13306500,11724000.0,2026-07-09,16:14:51
002555,三七互娱,18.72,18.66,18.5,19.05,18.3,363176.0,677690000.0,414.13,297.15,12.84,3.15,2.29,17881800,18435800.0,2026-07-09,16:14:24
002556,辉隆股份,4.52,4.6,4.57,4.64,4.48,79931.0,36240000.0,42.78,42.74,25.87,1.2,0.85,3452700,4540400.0,2026-07-09,16:14:30
002557,洽洽食品,19.6,20.26,20.0,20.12,19.55,65577.0,129580000.0,99.15,98.84,24.21,2.0,1.3,2921200,3636500.0,2026-07-09,16:14:27
002558,巨人网络,28.32,28.0,27.55,29.18,26.8,1280529.0,3590080000.0,538.24,538.24,21.64,3.37,6.74,66301700,61751100.0,2026-07-09,16:14:09
002559,亚威股份,11.96,12.05,12.26,12.38,11.54,681205.0,810590000.0,65.75,60.28,64.53,3.79,13.52,30591300,37529300.0,2026-07-09,16:14:54
002560,通达股份,6.81,6.81,6.74,6.84,6.46,320585.0,214130000.0,50.07,43.13,28.72,1.86,5.06,15066500,16992000.0,2026-07-09,16:14:12
002561,徐家汇,6.31,6.33,6.32,6.4,6.23,38711.0,24360000.0,26.23,26.15,-115.38,1.21,0.93,1788600,2082500.0,2026-07-09,16:14:15
002562,兄弟科技,4.24,4.32,4.28,4.33,4.14,204272.0,86410000.0,48.46,34.49,44.28,1.36,2.51,9234600,11192500.0,2026-07-09,16:14:33
002563,森马服饰,5.58,5.67,5.67,5.68,5.54,134172.0,75230000.0,150.33,123.16,15.19,1.33,0.61,6739900,6677300.0,2026-07-09,16:14:18
002564,天沃科技,4.21,4.23,4.18,4.26,4.09,129998.0,54250000.0,36.16,36.16,113.56,19.04,1.51,7023800,5976000.0,2026-07-09,16:14:30
002565,顺灏股份,10.67,10.38,10.39,10.69,9.98,501832.0,519600000.0,113.1,113.1,172.42,6.15,4.73,26484000,23699200.0,2026-07-09,16:14:33
002566,益盛药业,5.99,6.0,5.96,6.14,5.87,68130.0,40790000.0,19.82,13.88,59.56,0.89,2.94,3241600,3571400.0,2026-07-09,16:14:15
002567,唐人神,3.51,3.5,3.47,3.54,3.45,155654.0,54410000.0,50.3,50.25,-2.9,1.21,1.09,7065500,8499900.0,2026-07-09,16:14:21
002568,百润股份,16.0,16.2,16.07,16.25,15.9,111974.0,179320000.0,166.66,121.94,24.78,3.52,1.47,5586900,5610500.0,2026-07-09,16:14:36
002569,*ST步森,14.45,14.67,14.6,14.98,14.25,11196.0,16320000.0,20.81,20.23,240.09,52.4,0.8,560700,558900.0,2026-07-09,16:14:24
002570,贝因美,3.93,4.01,4.0,4.03,3.87,184924.0,72760000.0,42.45,42.44,28.25,2.61,1.71,7492300,11000100.0,2026-07-09,16:14:18
002571,德力股份,10.19,9.96,9.95,10.25,9.76,75060.0,75400000.0,39.94,30.4,-15.98,5.02,2.52,4149300,3356700.0,2026-07-09,16:14:36
002572,索菲亚,7.5,7.75,7.7,7.78,7.47,127127.0,96470000.0,72.23,48.86,8.49,1.1,1.95,4690800,8021900.0,2026-07-09,16:14:27
002573,清新环境,3.07,3.09,3.07,3.11,3.03,67303.0,20660000.0,43.45,43.38,-10.62,0.79,0.48,3170000,3560300.0,2026-07-09,16:14:57
002574,明牌珠宝,4.22,4.19,4.18,4.25,4.1,96338.0,40160000.0,22.28,22.28,-7.21,0.82,1.82,4124600,5509300.0,2026-07-09,16:14:39
002575,群兴玩具,4.68,4.68,4.74,4.85,4.63,270867.0,128250000.0,28.85,27.35,-235.63,3.42,4.64,13208800,13877900.0,2026-07-09,16:14:39
002576,通达动力,13.78,13.79,13.78,13.92,13.36,32410.0,44220000.0,22.75,22.33,26.67,1.74,2.0,1452200,1788800.0,2026-07-09,16:14:42
002577,雷柏科技,18.87,18.8,18.74,18.91,17.93,46005.0,85060000.0,52.97,52.96,-671.16,4.55,1.64,2327300,2273200.0,2026-07-09,16:14:30
002578,闽发铝业,2.96,2.99,2.99,3.02,2.85,254982.0,74730000.0,27.78,25.49,-130.83,1.84,2.96,11843700,13654500.0,2026-07-09,16:14:45
002579,中京电子,18.06,16.42,16.91,18.06,16.65,1027509.0,1812770000.0,110.64,105.36,421.83,4.6,17.61,46739500,56011300.0,2026-07-09,16:15:00
002580,圣阳股份,17.83,17.8,18.13,18.13,16.89,409652.0,716140000.0,80.92,80.65,43.47,3.38,9.06,20403200,20562000.0,2026-07-09,16:14:42
002581,*ST未名,3.23,3.14,3.13,3.44,3.09,84528.0,27920000.0,21.31,12.95,-15.94,1.18,2.11,4400800,4052000.0,2026-07-09,16:14:45
002582,好想你,8.62,8.75,8.72,8.8,8.51,97718.0,84250000.0,38.59,29.67,1.99,0.8,2.84,4563100,5208700.0,2026-07-09,16:14:48
002583,海能达,8.07,7.89,7.85,8.12,7.81,180142.0,143240000.0,146.76,103.52,-46.44,7.21,1.4,10226700,7787400.0,2026-07-09,16:14:33
002584,西陇科学,9.12,9.58,9.39,9.61,8.76,922732.0,842340000.0,53.37,42.72,-73.98,2.44,19.7,43066200,49207000.0,2026-07-09,16:14:21
002585,双星新材,10.57,10.35,10.77,10.89,9.83,909929.0,935960000.0,120.64,93.73,-25.1,1.45,10.26,42813800,48179100.0,2026-07-09,16:14:51
002586,ST围海,3.69,3.67,3.62,3.75,3.6,39867.0,14690000.0,42.22,40.13,15.88,1.32,0.37,2036200,1950500.0,2026-07-09,16:14:48
002587,奥拓电子,5.9,6.01,5.9,6.04,5.66,423603.0,245990000.0,38.62,31.43,308.24,2.93,7.95,18320800,24039500.0,2026-07-09,16:14:36
002588,史丹利,8.16,8.23,8.22,8.26,8.02,106915.0,86820000.0,93.99,70.06,8.65,1.24,1.25,4690300,6001200.0,2026-07-09,16:14:54
002589,瑞康医药,2.57,2.59,2.57,2.64,2.52,311046.0,80010000.0,38.67,35.1,269.4,0.73,2.28,13350200,17754400.0,2026-07-09,16:14:24
002590,万安科技,9.58,9.64,9.7,9.7,9.33,58798.0,55830000.0,49.73,47.42,23.25,1.64,1.19,2561100,3318700.0,2026-07-09,16:14:39
002591,恒大高新,6.13,6.24,6.21,6.29,5.9,164829.0,100700000.0,18.4,13.7,-84.57,2.88,7.37,8012600,8470300.0,2026-07-09,16:14:03
002592,ST八菱,6.1,6.19,6.2,6.28,6.05,35831.0,22040000.0,17.28,16.03,18.35,1.81,1.36,1489200,2093900.0,2026-07-09,16:14:27
002593,日上集团,3.99,4.01,3.98,4.06,3.93,134412.0,53560000.0,32.07,22.36,25.05,1.32,2.4,6084600,7356600.0,2026-07-09,16:14:51
002594,比亚迪,86.87,87.8,86.5,87.77,85.8,377393.0,3270880000.0,7920.11,3028.82,28.75,3.42,1.08,17668100,20071100.0,2026-07-09,16:14:30
002595,豪迈科技,45.7,45.64,45.65,45.96,44.22,50615.0,227670000.0,530.12,526.45,22.19,4.52,0.44,2500600,2560900.0,2026-07-09,16:14:42
002596,海南瑞泽,2.77,2.77,2.77,2.81,2.69,208601.0,57440000.0,31.79,31.76,-15.81,5.98,1.82,10602000,10258100.0,2026-07-09,16:14:33
002597,金禾实业,19.2,18.98,18.99,19.33,18.85,59319.0,112910000.0,109.12,108.91,54.27,1.4,1.05,2682200,3249700.0,2026-07-09,16:14:06
002598,ST章鼓,6.7,6.78,6.83,7.05,6.67,56360.0,38530000.0,20.91,19.2,35.15,1.67,1.97,2514300,3121700.0,2026-07-09,16:14:54
002599,盛通股份,5.23,5.27,5.27,5.32,5.12,84499.0,44010000.0,27.86,20.81,287.0,2.27,2.12,4139000,4310900.0,2026-07-09,16:14:57
002600,领益智造,15.6,15.06,15.15,15.61,14.56,2140251.0,3233080000.0,1266.72,1123.15,59.92,5.22,2.97,107710700,106314400.0,2026-07-09,16:14:57
002601,龙佰集团,15.82,16.05,16.02,16.27,15.66,197017.0,314370000.0,377.19,314.44,50.6,1.65,0.99,9255700,10446100.0,2026-07-09,16:15:00
002602,世纪华通,13.89,14.23,14.11,14.26,13.71,1174527.0,1636110000.0,1023.79,944.08,16.3,3.21,1.73,50629400,66823300.0,2026-07-09,16:14:03
002603,以岭药业,15.19,15.38,15.3,15.57,15.01,153039.0,232940000.0,253.78,209.1,18.53,2.4,1.11,6444800,8859000.0,2026-07-09,16:14:09
002605,姚记科技,19.55,19.92,19.7,20.18,19.27,153845.0,302720000.0,81.63,66.12,17.51,2.22,4.55,6552500,8832000.0,2026-07-09,16:14:36
002606,大连电瓷,12.45,12.39,12.4,12.48,11.8,188067.0,229140000.0,54.66,52.43,21.77,2.8,4.47,8948000,9858700.0,2026-07-09,16:15:00
002607,中公教育,1.88,2.04,1.98,1.99,1.84,3880135.0,737020000.0,115.95,104.22,206.23,14.41,7.0,153778200,234235300.0,2026-07-09,16:14:06
002608,江苏国信,6.77,6.77,6.72,6.81,6.67,181528.0,122240000.0,255.78,255.78,7.57,0.71,0.48,7869400,10283400.0,2026-07-09,16:14:12
002609,捷顺科技,7.18,7.25,7.17,7.3,7.08,55671.0,39870000.0,46.2,32.95,72.36,1.97,1.21,2124800,3442300.0,2026-07-09,16:14:45
002611,东方精工,17.28,17.01,17.02,17.28,16.91,187566.0,321320000.0,210.35,173.48,47.79,3.72,1.87,9872600,8884000.0,2026-07-09,16:14:39
002612,朗姿股份,10.88,11.02,10.9,11.1,10.61,55752.0,60360000.0,48.14,27.69,5.06,1.71,2.19,2452000,3123200.0,2026-07-09,16:14:42
002613,北玻股份,3.3,3.3,3.3,3.35,3.16,439662.0,143810000.0,36.32,25.53,343.78,1.65,5.68,18945100,25021000.0,2026-07-09,16:14:15
002614,奥佳华,4.5,4.54,4.53,4.59,4.47,66711.0,30060000.0,28.07,19.86,-50.25,0.66,1.51,3499700,3171400.0,2026-07-09,16:14:18
002615,哈尔斯,7.11,7.04,7.05,7.17,6.94,115280.0,81450000.0,39.8,21.48,132.8,1.67,3.82,6037000,5491000.0,2026-07-09,16:14:21
002616,长青集团,4.67,4.64,4.61,4.67,4.55,108363.0,49960000.0,40.13,27.44,13.44,1.14,1.84,5594600,5241800.0,2026-07-09,16:14:48
002617,露笑科技,9.38,9.3,9.31,9.45,8.97,2170256.0,2003520000.0,179.08,176.12,96.86,2.78,11.56,106378200,110647400.0,2026-07-09,16:14:03
002620,*ST瑞和,5.27,5.32,5.31,5.53,5.26,123328.0,66650000.0,19.89,16.66,-21.83,-26.99,3.9,6046100,6286700.0,2026-07-09,16:14:09
002622,皓宸医疗,2.07,2.09,2.08,2.15,2.03,250544.0,52220000.0,17.39,17.39,-15.05,6.5,2.98,10946400,14108000.0,2026-07-09,16:14:24
002623,亚玛顿,14.75,14.89,14.95,15.69,14.34,67447.0,100410000.0,28.48,28.41,-18.8,1.14,3.5,3139000,3605700.0,2026-07-09,16:14:12
002624,完美世界,11.03,11.19,10.99,11.29,10.75,770063.0,847510000.0,213.98,201.6,40.27,3.26,4.21,36114900,40891400.0,2026-07-09,16:14:06
002625,光启技术,29.56,29.39,29.3,29.62,28.33,300683.0,871090000.0,636.9,636.89,89.38,6.56,1.4,14866700,15201600.0,2026-07-09,16:14:15
002626,金达威,13.64,13.77,13.73,13.95,13.49,40508.0,55390000.0,83.2,83.19,29.32,2.0,0.66,1745100,2305700.0,2026-07-09,16:14:51
002627,三峡旅游,5.67,5.92,5.77,5.81,5.6,159585.0,90780000.0,41.08,40.66,66.84,1.34,2.23,7047500,8911000.0,2026-07-09,16:14:54
002628,成都路桥,5.27,5.21,5.2,5.35,5.16,194263.0,101690000.0,39.9,39.72,-57.6,1.41,2.58,8714200,10712100.0,2026-07-09,16:14:27
002629,仁智股份,4.37,4.4,4.4,4.51,4.29,133092.0,58360000.0,18.62,15.83,224.28,29.53,3.67,6057700,7251500.0,2026-07-09,16:14:18
002630,*ST华西,1.67,1.66,1.66,1.69,1.65,77230.0,12910000.0,19.72,17.98,-6.12,-25.9,0.72,3809700,3913300.0,2026-07-09,16:14:09
002631,德尔未来,9.62,10.05,10.04,10.14,9.2,393629.0,378700000.0,76.7,76.34,-37.88,3.79,4.96,20128900,19234000.0,2026-07-09,16:14:21
002632,道明光学,9.15,8.32,9.15,9.15,9.15,159897.0,146310000.0,57.15,52.56,27.06,2.69,2.78,1750600,14239100.0,2026-07-09,16:14:57
002633,申科股份,14.8,14.66,14.84,14.84,14.26,19222.0,28050000.0,22.2,22.12,233.63,5.16,1.29,1043200,879000.0,2026-07-09,16:14:30
002634,*ST棒杰,4.32,4.37,4.32,4.38,4.22,42653.0,18400000.0,19.84,19.1,-1.99,-2.55,0.96,1608000,2657300.0,2026-07-09,16:14:12
002635,安洁科技,17.81,17.89,18.06,18.16,16.75,543550.0,945500000.0,117.49,70.44,102.26,2.05,13.74,26490000,27865000.0,2026-07-09,16:14:15
002636,金安国纪,99.56,93.71,97.92,101.0,93.83,374157.0,3649070000.0,724.8,721.13,151.24,19.47,5.17,20963500,16452200.0,2026-07-09,16:14:18
002637,赞宇科技,10.37,10.55,10.48,10.67,10.16,145974.0,150940000.0,48.78,48.22,24.29,1.31,3.14,5613400,8984000.0,2026-07-09,16:14:33
002638,勤上股份,3.84,3.7,3.7,3.91,3.69,287575.0,108640000.0,55.17,51.94,-16.06,2.92,2.13,14898100,13859400.0,2026-07-09,16:14:45
002639,雪人集团,12.17,12.13,12.1,12.22,11.65,308810.0,369640000.0,94.8,80.28,314.34,3.7,4.68,14956200,15924700.0,2026-07-09,16:14:48
002640,跨境通,2.84,2.95,2.9,2.91,2.77,625851.0,177160000.0,44.25,43.97,-17.26,6.87,4.04,24677400,37907700.0,2026-07-09,16:14:24
002641,公元股份,4.02,4.01,4.0,4.07,3.89,143004.0,56750000.0,49.41,45.59,71.69,0.91,1.26,6926900,7373600.0,2026-07-09,16:14:36
002642,荣联科技,7.13,6.7,6.69,7.23,6.52,564197.0,388510000.0,47.17,47.17,236.5,3.97,8.53,29650100,26769600.0,2026-07-09,16:14:51
002643,万润股份,19.14,18.9,18.89,19.17,18.54,304017.0,574840000.0,175.3,172.68,59.95,2.53,3.37,14848500,15553200.0,2026-07-09,16:14:54
002644,佛慈制药,7.15,7.2,7.19,7.33,7.08,24445.0,17500000.0,36.51,36.51,69.56,1.99,0.48,1224900,1219500.0,2026-07-09,16:14:27
002645,华宏科技,22.46,22.4,22.85,23.26,21.3,339745.0,757060000.0,169.15,152.78,43.41,4.02,4.99,17918300,16056200.0,2026-07-09,16:14:21
002646,天佑德酒,6.25,6.34,6.34,6.4,6.19,44260.0,27720000.0,29.94,29.74,-203.34,1.04,0.93,1838700,2587300.0,2026-07-09,16:14:39
002647,仁东控股,12.12,11.45,11.46,12.2,11.29,454290.0,540600000.0,136.99,123.05,-174.93,22.01,4.47,25915600,19513400.0,2026-07-09,16:15:00
002648,卫星化学,22.74,22.92,23.05,23.16,22.19,623693.0,1412450000.0,766.03,765.54,13.07,2.27,1.85,30992300,31377000.0,2026-07-09,16:14:30
002649,博彦科技,8.16,8.25,8.21,8.28,8.0,89999.0,73230000.0,48.26,43.77,109.51,1.17,1.68,4414200,4585700.0,2026-07-09,16:14:03
002650,ST加加,6.07,6.08,6.14,6.14,6.02,28702.0,17390000.0,67.2,67.2,-52.2,3.86,0.26,1072800,1797400.0,2026-07-09,16:14:57
002651,利君股份,7.37,7.33,7.32,7.41,7.2,66967.0,48910000.0,76.17,41.67,185.05,2.72,1.18,3620100,3076600.0,2026-07-09,16:14:24
002652,扬子新材,4.27,4.11,4.14,4.28,4.02,548030.0,228800000.0,21.87,21.87,-81.31,9.31,10.7,28870900,25932200.0,2026-07-09,16:14:27
002653,海思科,69.03,65.93,63.13,70.35,63.13,174518.0,1190390000.0,773.08,370.54,100.72,17.01,3.25,9041700,8410100.0,2026-07-09,16:14:06
002654,万润科技,18.45,17.5,17.73,18.55,17.45,626640.0,1134060000.0,155.96,155.95,545.65,10.07,7.41,33416400,29247600.0,2026-07-09,16:14:42
002655,共达电声,38.8,37.34,37.95,39.1,36.05,243533.0,917570000.0,141.46,141.18,240.78,17.2,6.69,13530900,10822400.0,2026-07-09,16:14:45
002656,*ST摩登,2.84,2.88,2.86,2.88,2.78,48661.0,13750000.0,20.24,19.5,-40.65,4.9,0.71,1767900,3098200.0,2026-07-09,16:14:30
002657,中科金财,15.03,16.51,15.99,16.01,14.86,344142.0,521660000.0,51.11,50.52,-48.54,3.0,10.24,14181200,20233000.0,2026-07-09,16:14:48
002658,雪迪龙,7.27,7.18,7.2,7.28,7.02,72566.0,51870000.0,46.22,26.07,29.8,1.8,2.02,3549400,3707200.0,2026-07-09,16:14:51
002659,凯文教育,3.78,3.8,3.79,3.85,3.7,102815.0,38670000.0,22.61,22.61,-130.61,1.05,1.72,4691500,5590000.0,2026-07-09,16:15:00
002660,茂硕电源,6.3,6.23,6.2,6.34,6.08,45117.0,28040000.0,22.47,21.61,-8.51,2.25,1.32,2195600,2316100.0,2026-07-09,16:14:33
002661,克明食品,7.16,7.26,7.27,7.32,7.08,19818.0,14190000.0,23.85,22.75,59.0,1.06,0.62,858400,1123400.0,2026-07-09,16:14:03
002662,峰璟股份,3.45,3.44,3.42,3.45,3.28,258389.0,86430000.0,51.75,51.75,22.82,1.18,1.72,14841200,10997700.0,2026-07-09,16:14:09
002663,普邦股份,1.43,1.44,1.43,1.47,1.39,359086.0,51280000.0,24.64,24.41,-5.25,1.28,2.1,17318900,18589700.0,2026-07-09,16:14:12
002664,信质集团,17.4,17.44,17.41,17.53,16.71,70237.0,120680000.0,71.03,70.05,45.58,2.01,1.74,3039800,3983900.0,2026-07-09,16:14:33
002666,德联集团,3.82,3.86,3.85,3.9,3.74,132221.0,50250000.0,30.1,19.13,61.46,0.85,2.64,6185100,7037000.0,2026-07-09,16:14:06
002667,*ST威领,11.6,10.84,10.82,11.92,10.62,289423.0,333390000.0,30.23,27.45,-8.11,-151.99,12.23,13397000,15545300.0,2026-07-09,16:14:36
002668,TCL智家,10.57,10.51,10.5,10.6,10.35,182108.0,191020000.0,114.59,114.59,10.16,3.16,1.68,8242400,9968400.0,2026-07-09,16:14:39
002669,康达新材,13.95,14.13,14.1,14.27,13.2,249648.0,342500000.0,42.32,42.23,33.61,1.54,8.25,12015400,12949500.0,2026-07-09,16:14:42
002670,国盛证券,11.87,11.36,11.45,11.92,11.37,298353.0,346790000.0,229.69,192.69,112.57,2.03,1.84,16871800,12963500.0,2026-07-09,16:14:15
002671,龙泉股份,3.78,3.79,3.8,3.83,3.68,122498.0,45870000.0,21.23,20.84,38.73,1.3,2.22,5505400,6744400.0,2026-07-09,16:14:36
002672,东江环保,3.34,3.37,3.4,3.46,3.29,117519.0,39350000.0,36.92,30.23,-2.99,1.66,1.3,5486800,6265100.0,2026-07-09,16:14:09
002673,西部证券,6.57,6.53,6.53,6.59,6.46,254145.0,166050000.0,293.65,293.65,16.81,0.97,0.57,12952100,12462500.0,2026-07-09,16:14:54
002674,兴业科技,30.81,29.15,28.5,31.33,26.5,376379.0,1113510000.0,91.06,90.14,86.67,3.72,12.86,18340100,19297800.0,2026-07-09,16:14:57
002675,东诚药业,12.37,12.56,12.5,12.73,12.32,87727.0,109200000.0,102.0,91.96,49.92,2.42,1.18,3940600,4832100.0,2026-07-09,16:15:00
002676,顺威股份,4.93,4.94,4.9,4.99,4.77,111795.0,54650000.0,35.5,35.49,42.85,2.65,1.55,5441000,5738500.0,2026-07-09,16:14:39
002677,浙江美大,7.23,6.57,6.92,7.23,6.75,153281.0,107690000.0,46.71,39.87,701.52,3.19,2.78,7451300,7876800.0,2026-07-09,16:14:03
002678,珠江钢琴,4.21,4.18,4.15,4.24,4.13,87488.0,36610000.0,57.19,57.15,-15.55,1.88,0.64,4492900,4255900.0,2026-07-09,16:14:42
002679,福建金森,7.88,7.93,7.89,8.05,7.74,23555.0,18540000.0,18.58,18.58,214.56,2.49,1.0,1175600,1179900.0,2026-07-09,16:14:06
002681,奋达科技,4.53,4.24,4.22,4.59,4.2,702102.0,312050000.0,81.3,71.09,-58.3,3.81,4.47,48229300,21980900.0,2026-07-09,16:14:45
002682,龙洲股份,4.2,4.15,4.14,4.24,4.06,163561.0,67900000.0,23.62,23.62,-4.01,4.48,2.91,8221300,8134800.0,2026-07-09,16:14:12
002683,广东宏大,28.34,28.6,28.58,28.58,27.76,72677.0,204800000.0,215.35,188.9,22.27,3.22,1.09,3849100,3418600.0,2026-07-09,16:14:15
002685,华东重机,5.62,5.67,5.65,5.73,5.39,399472.0,222120000.0,56.63,56.62,65.48,3.43,3.96,19240900,20706300.0,2026-07-09,16:14:18
002686,亿利达,5.33,5.47,5.46,5.52,5.16,115749.0,61690000.0,30.18,27.86,160.6,1.87,2.21,5172000,6402900.0,2026-07-09,16:14:18
002687,乔治白,5.33,5.29,5.3,5.35,5.08,230754.0,120640000.0,26.9,22.03,33.22,1.77,5.58,12342300,10733100.0,2026-07-09,16:14:48
002688,金河生物,4.88,4.9,4.88,4.97,4.8,76755.0,37290000.0,37.55,36.48,96.94,1.7,1.03,3546000,4129500.0,2026-07-09,16:14:09
002689,ST远智,2.59,2.61,2.62,2.66,2.56,53739.0,13940000.0,27.02,27.01,26.09,2.26,0.52,1864900,3509000.0,2026-07-09,16:14:21
002690,美亚光电,14.52,14.39,14.39,14.81,14.31,104196.0,152440000.0,128.1,62.98,17.63,5.32,2.4,5214400,5205300.0,2026-07-09,16:14:12
002691,*ST冀凯,4.1,4.16,4.15,4.22,4.08,25767.0,10660000.0,13.94,13.78,-21.66,1.71,0.77,784500,1792200.0,2026-07-09,16:14:15
002692,远程股份,3.64,3.64,3.61,3.7,3.52,123909.0,44720000.0,26.14,26.13,-46.14,2.32,1.73,5431800,6959100.0,2026-07-09,16:14:51
002693,双成药业,9.5,9.62,9.25,9.85,8.99,234980.0,221350000.0,39.4,39.04,121.1,9.47,5.72,11438800,12059200.0,2026-07-09,16:14:18
002694,*ST顾地,2.1,2.11,2.09,2.18,2.05,35352.0,7460000.0,16.02,15.09,-3.26,-21.3,0.49,1491000,2044200.0,2026-07-09,16:14:21
002695,煌上煌,10.44,10.4,10.41,10.52,10.09,47586.0,49080000.0,58.42,53.4,70.53,2.12,0.93,2232200,2526400.0,2026-07-09,16:14:24
002696,百洋股份,5.19,5.19,5.18,5.33,5.09,111508.0,57840000.0,17.94,17.35,106.42,1.34,3.34,5264900,5885900.0,2026-07-09,16:14:45
002697,红旗连锁,4.35,4.36,4.37,4.4,4.3,95961.0,41590000.0,59.16,49.82,12.68,1.24,0.84,4027900,5568200.0,2026-07-09,16:14:54
002698,博实股份,12.24,12.17,12.15,12.39,12.04,132192.0,161000000.0,125.16,103.32,25.43,3.15,1.57,6102500,7116700.0,2026-07-09,16:14:27
002700,万憬能源,5.69,5.77,5.74,5.87,5.65,107540.0,61750000.0,23.54,23.29,30.53,1.68,2.63,5362500,5391500.0,2026-07-09,16:14:21
002701,奥瑞金,4.6,4.74,4.71,4.71,4.55,390574.0,179850000.0,117.75,117.64,13.7,1.18,1.53,16782300,22275100.0,2026-07-09,16:14:30
002702,海欣食品,4.39,4.4,4.43,4.44,4.27,169144.0,73580000.0,24.4,20.14,-63.57,2.35,3.69,8438000,8476400.0,2026-07-09,16:14:48
002703,浙江世宝,13.32,13.17,13.08,13.38,12.83,200247.0,263380000.0,109.57,78.06,63.1,5.18,3.42,10433600,9591100.0,2026-07-09,16:14:24
002705,新宝股份,11.04,11.33,11.26,11.32,11.0,64143.0,71090000.0,89.63,89.21,10.78,1.06,0.79,3013400,3400900.0,2026-07-09,16:14:57
002706,良信股份,9.83,9.74,9.75,9.87,9.53,239093.0,231730000.0,110.4,89.88,50.51,2.69,2.61,11197000,12712300.0,2026-07-09,16:14:51
002707,众信旅游,4.74,4.78,4.76,4.82,4.62,193729.0,91340000.0,46.58,41.0,-2319.65,5.17,2.24,9245600,10127400.0,2026-07-09,16:14:33
002708,光洋股份,11.32,11.41,11.3,11.63,10.91,235472.0,263970000.0,63.63,58.49,59.14,3.6,4.56,11197500,12349700.0,2026-07-09,16:14:54
002709,天赐材料,41.46,44.59,44.08,44.5,40.13,1501609.0,6228850000.0,845.19,625.64,29.48,4.58,9.95,78830000,71330900.0,2026-07-09,16:15:00
002712,思美传媒,4.16,4.13,4.11,4.28,4.05,139062.0,57870000.0,22.64,22.5,-45.57,1.64,2.57,7226800,6679400.0,2026-07-09,16:14:27
002713,*ST东易,10.88,11.39,11.31,11.43,10.75,140527.0,154790000.0,103.51,57.28,270.17,11.92,2.67,6429300,7623300.0,2026-07-09,16:14:03
002714,牧原股份,37.11,36.8,36.95,37.6,36.4,630356.0,2332710000.0,2142.36,1217.39,21.9,2.56,1.92,32155200,30880400.0,2026-07-09,16:14:30
002715,登云股份,14.0,15.29,15.02,15.38,13.78,79333.0,115210000.0,19.32,19.32,-205.02,4.15,5.75,3571800,4361500.0,2026-07-09,16:14:36
002716,湖南白银,7.81,7.76,7.57,7.84,7.38,1266309.0,967740000.0,220.48,181.57,47.14,5.43,5.45,59416800,67214100.0,2026-07-09,16:14:57
002717,*ST岭南,1.01,1.06,1.05,1.06,1.01,669711.0,69040000.0,18.38,17.36,-0.77,-1.24,3.9,23923100,43048000.0,2026-07-09,16:15:00
002718,友邦吊顶,103.11,98.7,98.0,103.5,97.2,9473.0,94760000.0,133.47,96.9,1200.83,14.5,1.01,513200,434100.0,2026-07-09,16:14:39
002719,ST麦趣,5.56,5.59,5.55,5.74,5.46,67671.0,37650000.0,9.68,9.0,-8.3,8.88,4.18,2938900,3828200.0,2026-07-09,16:14:33
002721,金一文化,2.22,2.21,2.19,2.24,2.15,424112.0,92910000.0,59.04,59.04,70.66,2.74,1.59,19988200,22423000.0,2026-07-09,16:14:06
002722,物产金轮,12.05,11.88,11.84,12.09,11.76,32505.0,38820000.0,26.8,26.79,16.6,0.91,1.46,1474200,1776300.0,2026-07-09,16:14:09
002723,小崧股份,8.44,8.32,8.3,8.46,8.12,68490.0,56720000.0,28.05,26.76,-10.27,3.82,2.16,3678800,3170200.0,2026-07-09,16:14:12
002724,海洋王,4.77,4.76,4.75,4.83,4.66,62865.0,29760000.0,36.8,27.08,48.97,1.38,1.11,2985800,3300700.0,2026-07-09,16:14:15
002725,跃岭股份,11.68,11.14,10.93,11.83,10.71,96302.0,107840000.0,29.9,29.08,1351.05,3.08,3.87,5303100,4327100.0,2026-07-09,16:14:18
002726,ST龙大,1.52,1.46,1.46,1.59,1.45,1106777.0,168920000.0,18.76,18.75,-3.07,2.75,8.97,61411800,49265900.0,2026-07-09,16:14:24
002727,一心堂,10.05,10.29,10.25,10.38,10.01,59034.0,59800000.0,58.85,39.49,21.08,0.8,1.5,2945600,2957800.0,2026-07-09,16:14:42
002728,特一药业,9.18,9.17,9.02,9.31,8.83,216776.0,197840000.0,47.12,46.02,62.11,2.66,4.32,10580800,11096900.0,2026-07-09,16:14:45
002729,好利科技,14.59,14.45,14.5,14.67,13.58,113639.0,160940000.0,26.7,25.6,65.9,4.71,6.48,5576600,5787300.0,2026-07-09,16:14:36
002730,电光科技,26.15,26.35,26.37,26.61,25.12,101136.0,261700000.0,94.68,90.49,138.63,5.87,2.92,5639400,4474200.0,2026-07-09,16:14:21
002731,*ST萃华,3.18,3.53,3.18,3.18,3.18,2254.0,720000.0,8.15,7.3,2.97,0.44,0.1,225400,0.0,2026-07-09,16:14:27
002732,燕塘乳业,12.5,12.65,12.64,12.77,12.34,9234.0,11530000.0,19.67,19.57,40.16,1.31,0.59,422200,501200.0,2026-07-09,16:14:24
002733,雄韬股份,23.05,23.63,22.57,23.48,21.69,288552.0,646480000.0,88.56,85.02,110.89,3.3,7.82,16137100,12718100.0,2026-07-09,16:14:48
002734,利民股份,15.82,16.14,16.2,16.26,15.33,140821.0,221260000.0,75.28,68.71,14.94,1.94,3.24,6596800,7485300.0,2026-07-09,16:14:30
002735,王子新材,12.41,12.6,12.67,12.77,11.97,192884.0,237730000.0,46.57,35.38,-29.72,2.98,6.77,9816000,9472400.0,2026-07-09,16:14:39
002736,国信证券,10.26,10.21,10.17,10.27,10.05,280816.0,285330000.0,1050.8,986.24,9.69,1.09,0.29,13778800,14302800.0,2026-07-09,16:14:27
002737,葵花药业,12.41,12.53,12.42,12.72,12.31,59591.0,74540000.0,72.47,72.47,-35.41,1.84,1.02,2758700,3200400.0,2026-07-09,16:14:42
002738,中矿资源,53.19,56.65,56.99,57.22,51.18,483000.0,2579950000.0,383.76,378.3,46.21,3.1,6.79,24036100,24263900.0,2026-07-09,16:14:30
002739,儒意电影,9.68,9.92,9.9,10.03,9.51,1095005.0,1067220000.0,204.42,203.27,-89.21,2.68,5.21,46526000,62974500.0,2026-07-09,16:14:33
002741,光华科技,32.5,31.09,31.72,32.88,29.9,382892.0,1197230000.0,151.13,138.57,126.11,7.81,8.98,20436300,17853000.0,2026-07-09,16:14:33
002742,冀衡医药,3.48,3.48,3.44,3.57,3.4,99272.0,34420000.0,23.81,18.23,-6.89,14.85,1.89,5335400,4591900.0,2026-07-09,16:14:45
002743,富煌钢构,3.82,3.89,3.85,3.96,3.76,62694.0,24070000.0,16.63,16.6,-1.75,0.72,1.44,3008400,3261000.0,2026-07-09,16:14:36
002745,木林森,12.72,11.56,12.1,12.72,12.03,490737.0,614240000.0,188.79,135.35,-15.72,1.59,4.61,19891600,29182100.0,2026-07-09,16:14:39
002746,仙坛股份,5.27,5.36,5.34,5.36,5.24,85107.0,44910000.0,45.35,37.4,17.36,1.01,1.2,4120300,4390500.0,2026-07-09,16:14:03
002747,埃斯顿,41.53,44.1,39.69,42.06,39.69,1744642.0,7077160000.0,401.93,324.93,308.75,12.41,22.3,100729100,73735100.0,2026-07-09,16:14:06
002748,世龙实业,11.85,11.28,11.61,12.2,11.31,159628.0,187140000.0,28.44,28.44,39.54,2.02,6.65,7466900,8495900.0,2026-07-09,16:14:51
002749,国光股份,7.86,7.93,7.9,8.0,7.79,27135.0,21300000.0,43.74,42.78,14.89,2.48,0.5,1311100,1402400.0,2026-07-09,16:14:54
002750,龙津退,0.59,0.59,0.0,0.0,0.0,0.0,0.0,2.36,2.35,-5.76,0.51,0.0,0,0.0,2026-07-09,09:00:00
002752,昇兴股份,6.17,6.2,6.19,6.32,5.99,215325.0,132320000.0,60.28,60.19,16.48,1.68,2.21,9380200,12152300.0,2026-07-09,16:14:48
002753,永东股份,5.93,5.93,5.93,5.96,5.75,40892.0,23940000.0,25.42,17.54,239.63,0.96,1.38,1894200,2195000.0,2026-07-09,16:14:42
002755,奥赛康,14.27,14.36,14.2,14.9,14.1,115851.0,166410000.0,132.45,132.45,49.73,4.15,1.25,5854900,5730200.0,2026-07-09,16:14:09
002756,永兴材料,50.77,53.24,53.14,53.58,48.7,267498.0,1356570000.0,273.7,196.52,28.54,2.11,6.91,13495000,13254900.0,2026-07-09,16:14:36
002757,南兴股份,17.91,18.41,18.22,18.33,17.21,307830.0,546650000.0,52.92,50.52,44.01,2.65,10.91,15464900,15318100.0,2026-07-09,16:14:51
002758,浙农股份,7.71,7.9,7.9,7.93,7.67,53339.0,41330000.0,40.0,39.96,7.39,0.77,1.03,1995400,3338500.0,2026-07-09,16:14:12
002759,天际股份,21.05,21.27,21.28,21.43,19.84,374764.0,772410000.0,105.54,105.45,35.03,3.03,7.48,20364900,17111500.0,2026-07-09,16:14:54
002760,凤形股份,16.3,16.38,16.21,16.6,15.82,35963.0,58240000.0,17.6,17.6,74.0,2.1,3.33,1825300,1771000.0,2026-07-09,16:14:39
002761,浙江建投,6.9,6.96,6.95,6.98,6.84,88261.0,60940000.0,91.42,74.64,32.66,1.05,0.82,4616800,4209300.0,2026-07-09,16:14:42
002762,金发拉比,8.11,8.16,8.14,8.34,8.01,30146.0,24520000.0,28.71,17.14,-15.55,4.41,1.43,1255500,1759100.0,2026-07-09,16:14:45
002763,汇洁股份,6.92,7.02,7.04,7.06,6.84,58272.0,40310000.0,28.37,21.01,40.82,1.82,1.92,2547200,3280000.0,2026-07-09,16:14:15
002765,蓝黛科技,7.26,7.32,7.3,7.45,7.1,139311.0,101080000.0,47.34,43.26,31.21,1.8,2.34,6221500,7709600.0,2026-07-09,16:14:45
002766,索菱股份,3.48,3.49,3.49,3.53,3.39,186082.0,64420000.0,29.92,29.82,-40.27,2.84,2.17,9138900,9469300.0,2026-07-09,16:14:48
002767,先锋电子,18.66,17.87,17.72,18.88,17.61,102946.0,188580000.0,27.99,24.3,110.83,3.27,7.91,4927900,5366700.0,2026-07-09,16:14:18
002768,国恩股份,59.55,60.01,58.5,60.52,55.56,184911.0,1074840000.0,263.72,153.99,26.72,3.91,7.15,9348500,9142600.0,2026-07-09,16:14:57
002769,普路通,6.38,6.42,6.33,6.49,6.23,68108.0,43310000.0,23.82,23.8,417.25,2.04,1.83,3385700,3425100.0,2026-07-09,16:14:51
002771,真视通,13.32,13.22,13.23,13.33,12.9,103091.0,135410000.0,27.94,23.25,-45.81,4.72,5.91,4884200,5424900.0,2026-07-09,16:14:54
002772,众兴菌业,12.6,12.99,12.8,12.85,12.17,149718.0,186460000.0,47.22,46.83,10.51,1.34,4.03,7060600,7911200.0,2026-07-09,16:14:57
002773,康弘药业,21.88,22.28,22.11,22.75,21.55,120234.0,264600000.0,201.59,150.27,18.83,2.25,1.75,5600400,6423100.0,2026-07-09,16:15:00
002774,快意电梯,14.45,13.5,13.64,14.52,13.54,99664.0,140320000.0,48.65,40.72,83.19,4.37,3.54,5411600,4554800.0,2026-07-09,16:14:03
002775,文科股份,3.16,3.27,3.27,3.31,3.14,92815.0,29730000.0,20.39,18.35,-6.67,-143.5,1.6,4414800,4866700.0,2026-07-09,16:14:48
002777,久远银海,12.08,12.07,12.06,12.19,11.83,55693.0,66830000.0,49.31,48.86,66.91,2.97,1.38,2465200,3104100.0,2026-07-09,16:14:57
002778,中晟高科,14.71,14.9,14.91,15.21,14.43,20088.0,29500000.0,18.35,18.16,125.96,5.72,1.63,1196400,812400.0,2026-07-09,16:14:51
002779,中坚科技,76.18,74.0,74.26,76.43,73.2,26967.0,201180000.0,140.78,126.31,88.54,15.49,1.63,1455200,1241500.0,2026-07-09,16:14:54
002780,三夫户外,12.51,12.35,12.21,12.54,12.21,46647.0,57730000.0,20.69,16.34,29.0,2.55,3.57,2331100,2333600.0,2026-07-09,16:14:57
002782,可立克,17.75,17.56,17.58,17.83,16.8,139710.0,242960000.0,88.01,86.37,34.5,4.11,2.87,6747700,7223300.0,2026-07-09,16:15:00
002783,凯龙股份,7.0,7.13,7.13,7.13,6.9,78606.0,54980000.0,34.95,32.28,30.11,1.34,1.7,2412400,5448200.0,2026-07-09,16:14:21
002785,万里石,36.92,38.04,38.2,38.4,34.76,127322.0,462660000.0,83.67,71.44,-100.15,10.52,6.58,6326800,6405400.0,2026-07-09,16:15:00
002786,银宝山新,7.56,7.55,7.55,7.58,7.31,73816.0,55070000.0,37.47,37.35,-114.97,18.81,1.49,3520600,3861000.0,2026-07-09,16:14:03
002787,华源控股,26.51,27.18,27.85,27.98,25.4,211696.0,559680000.0,88.12,65.77,75.35,4.77,8.53,10906100,10263500.0,2026-07-09,16:14:06
002788,鹭燕医药,10.1,10.2,9.97,10.33,9.85,152415.0,152900000.0,39.24,38.56,14.14,1.16,3.99,7186500,8055000.0,2026-07-09,16:14:03
002789,*ST建艺,10.38,10.55,10.54,10.66,10.09,20308.0,21140000.0,16.57,16.24,-2.14,10.9,1.3,972500,1058300.0,2026-07-09,16:14:06
002790,瑞尔特,5.45,5.51,5.54,5.54,5.34,33201.0,17990000.0,22.77,14.21,-996.58,1.11,1.27,1592200,1727800.0,2026-07-09,16:14:24
002791,坚朗五金,14.59,15.01,14.76,15.6,14.37,130206.0,195980000.0,51.63,31.76,-47.8,0.97,5.98,5787100,7233500.0,2026-07-09,16:15:00
002792,通宇通讯,32.77,31.38,31.7,32.85,30.55,212236.0,672800000.0,171.66,110.71,1008.73,6.11,6.28,11655000,9568600.0,2026-07-09,16:14:03
002793,罗欣药业,4.51,4.52,4.45,4.7,4.4,537353.0,242830000.0,49.05,48.98,-18.16,4.46,4.95,26543600,27191600.0,2026-07-09,16:14:09
002795,永和智控,6.36,6.29,6.34,6.45,6.19,125435.0,79320000.0,28.09,27.63,-54.09,6.3,2.89,6262400,6281100.0,2026-07-09,16:14:12
002796,世嘉科技,33.65,32.59,32.63,33.85,30.9,106656.0,346150000.0,84.92,76.62,-138.66,10.08,4.68,6043900,4621600.0,2026-07-09,16:14:06
002797,第一创业,6.56,6.51,6.51,6.58,6.45,479224.0,312880000.0,275.68,275.68,29.94,1.56,1.14,24460700,23461700.0,2026-07-09,16:14:09
002798,帝欧水华,5.33,5.34,5.28,5.44,5.14,114642.0,60500000.0,31.31,27.54,-6.25,1.63,2.22,5584500,5879600.0,2026-07-09,16:14:15
002799,环球印务,5.95,6.01,5.91,6.08,5.82,40527.0,24040000.0,19.04,19.04,-119.14,1.5,1.27,2008600,2044100.0,2026-07-09,16:14:12
002800,天顺股份,12.18,12.2,12.16,13.19,11.9,25868.0,31450000.0,18.54,18.01,-77.27,3.75,1.75,1367200,1219600.0,2026-07-09,16:14:09
002801,微光股份,27.61,27.72,27.66,27.91,26.83,19670.0,53720000.0,63.4,31.97,15.25,3.23,1.7,850000,1116900.0,2026-07-09,16:14:06
002802,洪汇新材,10.29,10.35,10.27,10.39,9.99,25644.0,26130000.0,18.65,15.4,43.78,2.93,1.71,1271700,1292700.0,2026-07-09,16:14:18
002803,吉宏股份,23.42,23.06,23.31,23.58,22.56,85826.0,197880000.0,105.05,69.69,36.22,3.93,2.88,4560600,4022000.0,2026-07-09,16:14:21
002805,丰元股份,23.48,24.65,24.42,24.5,22.8,219768.0,518810000.0,65.76,65.47,-20.65,7.03,7.88,10705200,11271600.0,2026-07-09,16:14:09
002806,华锋股份,16.3,16.3,16.28,16.31,15.42,90570.0,144170000.0,34.63,28.38,-80.83,3.1,5.2,4550900,4506000.0,2026-07-09,16:14:12
002807,江阴银行,3.88,3.92,3.89,3.94,3.87,281403.0,109950000.0,105.05,104.9,5.1,0.53,1.04,13259100,14881200.0,2026-07-09,16:14:24
002808,恒久退,0.19,0.2,0.19,0.2,0.19,42694.0,820000.0,0.51,0.36,-1.13,0.21,2.28,975800,3293600.0,2026-07-09,16:14:27
002809,红墙股份,7.32,7.34,7.31,7.47,7.12,61825.0,45030000.0,17.59,12.44,-33.63,1.08,3.64,3143500,3039000.0,2026-07-09,16:14:15
002810,山东赫达,21.2,22.01,20.84,21.5,20.0,213198.0,445010000.0,74.13,68.45,37.2,3.33,6.6,11486400,9833400.0,2026-07-09,16:14:27
002811,郑中设计,10.95,10.73,10.78,11.15,10.63,46271.0,50460000.0,33.72,30.94,20.42,2.37,1.64,2366100,2261000.0,2026-07-09,16:14:30
002812,恩捷股份,59.33,60.95,59.01,60.95,57.29,449725.0,2646140000.0,582.7,488.08,154.62,2.28,5.47,22731900,22240500.0,2026-07-09,16:14:33
002813,路畅科技,18.78,18.76,18.59,18.96,18.28,11732.0,21830000.0,22.54,22.51,-24.43,10.91,0.98,541400,631800.0,2026-07-09,16:14:30
002815,崇达技术,17.15,15.59,15.63,17.15,15.63,789616.0,1315130000.0,211.66,133.28,87.77,2.42,10.16,47305300,31656300.0,2026-07-09,16:14:12
002816,*ST和科,28.83,27.94,28.0,28.99,27.5,29190.0,82410000.0,28.83,28.83,279.1,12.1,2.92,1461800,1457200.0,2026-07-09,16:14:15
002817,黄山胶囊,5.95,5.98,5.93,6.1,5.82,62850.0,37380000.0,17.8,17.26,28.02,1.85,2.17,2886100,3398900.0,2026-07-09,16:14:15
002818,富森美,10.37,10.42,10.45,10.45,10.2,29346.0,30250000.0,77.62,30.94,9.76,1.35,0.98,1151300,1783400.0,2026-07-09,16:14:18
002819,东方中科,20.22,20.07,20.05,20.35,19.54,24140.0,48210000.0,60.58,48.07,-41.14,1.55,1.02,1298400,1115600.0,2026-07-09,16:14:33
002820,桂发祥,8.41,8.55,8.48,8.62,8.31,43960.0,37060000.0,16.89,16.89,-70.83,1.93,2.19,2108100,2287900.0,2026-07-09,16:14:18
002821,凯莱英,161.23,149.53,149.3,163.31,145.11,154466.0,2429260000.0,581.69,511.17,52.39,3.32,4.87,8282900,7163700.0,2026-07-09,16:14:36
002822,ST中装,3.15,3.15,3.12,3.23,3.11,152837.0,48480000.0,61.42,33.67,-1.99,5.71,1.43,7324000,7959700.0,2026-07-09,16:14:18
002823,凯中精密,13.74,13.8,13.74,13.93,13.12,76677.0,103670000.0,45.12,30.08,19.05,2.22,3.5,3590800,4076900.0,2026-07-09,16:14:21
002824,和胜股份,31.5,30.7,30.98,31.67,28.68,171399.0,518020000.0,98.02,71.25,58.54,4.3,7.58,8656900,8483100.0,2026-07-09,16:14:21
002825,纳尔股份,8.08,8.1,8.1,8.18,7.84,31640.0,25310000.0,27.63,20.74,30.88,1.7,1.23,1636600,1527400.0,2026-07-09,16:14:24
002826,易明医药,16.77,16.73,16.53,17.38,16.35,55808.0,93230000.0,31.98,30.98,34.22,3.95,3.02,2755300,2825500.0,2026-07-09,16:14:39
002827,高争民爆,22.55,22.9,22.9,23.05,22.22,34205.0,77120000.0,62.47,62.24,32.91,6.0,1.24,1681100,1739400.0,2026-07-09,16:14:27
002828,贝肯能源,12.25,12.42,12.33,12.47,11.92,317755.0,386870000.0,24.62,24.62,-43.84,3.76,15.81,15487900,16287600.0,2026-07-09,16:14:21
002829,星网宇达,17.73,16.12,17.73,17.73,17.7,36527.0,64760000.0,36.84,25.9,-29.71,2.38,2.5,491400,3161300.0,2026-07-09,16:14:30
002830,名雕股份,16.95,17.84,17.56,17.56,16.06,136763.0,227940000.0,31.51,15.74,72.8,4.79,14.73,5402700,8273600.0,2026-07-09,16:14:24
002831,裕同科技,29.69,29.71,29.99,30.33,28.76,105021.0,308910000.0,382.51,212.05,23.95,3.3,1.47,5589900,4912100.0,2026-07-09,16:14:33
002832,比音勒芬,20.32,20.08,20.08,20.44,19.9,75159.0,152000000.0,115.97,79.13,19.15,2.18,1.93,3859900,3656000.0,2026-07-09,16:14:36
002833,弘亚数控,17.09,17.24,17.12,17.23,16.53,109654.0,184610000.0,73.22,49.98,16.51,2.61,3.75,5534900,5430500.0,2026-07-09,16:14:42
002835,同为股份,11.41,11.47,11.41,11.59,11.14,20460.0,23170000.0,25.04,14.52,21.77,2.06,1.61,914500,1131500.0,2026-07-09,16:14:45
002836,新宏泽,9.09,9.09,9.17,9.24,8.84,21423.0,19370000.0,20.94,20.94,48.93,5.95,0.93,1044200,1098000.0,2026-07-09,16:14:27
002837,英维克,75.87,72.12,73.44,76.55,68.24,745033.0,5418370000.0,966.85,857.68,200.36,29.34,6.59,41071400,33431900.0,2026-07-09,16:14:30
002838,道恩股份,31.29,31.59,31.72,31.74,30.17,59458.0,183750000.0,149.69,131.62,56.76,4.03,1.41,2880000,3065900.0,2026-07-09,16:14:39
002839,张家港行,4.09,4.14,4.13,4.16,4.08,270422.0,111360000.0,99.97,99.88,5.02,0.53,1.11,13365900,13676300.0,2026-07-09,16:14:36
002840,华统股份,7.58,7.65,7.6,7.82,7.5,166883.0,127610000.0,60.8,60.38,-14.8,1.69,2.09,7733100,8955200.0,2026-07-09,16:14:39
002841,视源股份,52.13,47.39,45.11,52.13,44.66,506626.0,2546650000.0,364.49,271.78,33.18,2.77,9.72,26113900,24548700.0,2026-07-09,16:14:42
002842,翔鹭钨业,36.3,36.08,36.4,37.22,34.34,316244.0,1130400000.0,118.76,97.45,30.77,8.4,11.78,15135200,16489100.0,2026-07-09,16:14:48
002843,泰嘉股份,23.3,23.0,22.85,23.39,22.2,179765.0,409660000.0,58.65,58.3,-211.31,4.36,7.18,8908700,9067900.0,2026-07-09,16:14:24
002845,同兴达,16.05,14.59,14.68,16.05,14.68,140331.0,221390000.0,52.57,40.16,130.23,2.16,5.61,4760200,9272900.0,2026-07-09,16:14:42
002846,英联股份,9.94,10.05,10.0,10.12,9.67,53055.0,52360000.0,41.75,25.86,113.53,2.95,2.04,2773100,2532400.0,2026-07-09,16:14:51
002847,盐津铺子,44.33,46.19,46.0,46.2,44.08,31086.0,139480000.0,119.77,108.09,14.95,6.53,1.27,1257000,1851600.0,2026-07-09,16:14:54
002848,高斯贝尔,13.84,13.77,13.72,13.89,13.44,65777.0,89610000.0,23.13,22.89,-39.21,27.69,3.98,2588900,3988800.0,2026-07-09,16:14:27
002849,威星智能,15.24,15.38,15.4,15.47,14.66,80315.0,120700000.0,33.62,33.35,64.28,2.44,3.67,3666500,4365000.0,2026-07-09,16:14:45
002850,科达利,200.29,196.97,196.51,204.58,194.63,52853.0,1048810000.0,573.45,419.89,31.2,3.95,2.52,2620300,2664900.0,2026-07-09,16:14:57
002851,麦格米特,159.59,145.08,149.98,159.59,149.97,444555.0,6948670000.0,928.47,731.32,606.12,10.35,9.7,22536000,21919500.0,2026-07-09,16:14:45
002852,道道全,7.32,7.42,7.42,7.48,7.23,30100.0,22050000.0,25.18,20.92,17.37,1.14,1.05,1338100,1671900.0,2026-07-09,16:15:00
002853,皮阿诺,21.8,20.79,20.62,21.9,20.15,31928.0,67350000.0,39.88,28.06,-86.94,4.48,2.48,1655900,1536800.0,2026-07-09,16:14:48
002855,捷荣技术,9.15,9.05,8.97,9.25,8.9,33430.0,30390000.0,22.55,22.53,-5.35,10.89,1.36,1798300,1544700.0,2026-07-09,16:14:48
002856,*ST美芝,17.0,18.03,18.03,18.99,17.0,81173.0,147990000.0,23.0,21.06,-11.8,-45.2,6.55,3711400,4405800.0,2026-07-09,16:14:30
002857,三晖电气,15.65,15.89,15.89,16.03,15.29,27346.0,42810000.0,20.44,20.12,-39.16,4.38,2.13,1365000,1369600.0,2026-07-09,16:14:51
002858,力盛体育,10.5,10.58,10.53,10.75,10.31,36621.0,38440000.0,19.6,15.48,-277.72,2.33,2.48,1950700,1711400.0,2026-07-09,16:14:54
002859,洁美科技,82.84,80.17,82.0,83.6,76.16,172143.0,1393690000.0,375.8,354.82,160.7,12.43,4.02,8863400,8350900.0,2026-07-09,16:14:33
002860,星帅尔,16.68,15.72,15.75,16.82,15.68,287591.0,472410000.0,58.74,57.37,30.53,2.62,8.36,14703900,14055100.0,2026-07-09,16:14:33
002861,瀛通通讯,21.76,22.0,20.83,22.0,20.83,90279.0,193570000.0,40.54,32.68,-50.72,3.92,6.01,4468600,4559300.0,2026-07-09,16:14:36
002862,实丰文化,12.69,12.63,12.5,12.88,12.42,29457.0,37180000.0,21.51,16.32,-12.63,7.08,2.29,1469400,1476400.0,2026-07-09,16:14:39
002863,今飞凯达,4.21,4.24,4.25,4.28,4.1,137126.0,57290000.0,25.24,25.24,39.44,0.9,2.29,6558400,7154300.0,2026-07-09,16:14:51
002864,盘龙药业,30.16,29.46,29.29,31.68,29.0,83188.0,251550000.0,32.05,22.22,36.93,1.88,11.29,4100900,4217900.0,2026-07-09,16:14:42
002865,钧达股份,50.85,50.4,51.0,51.0,48.2,94060.0,470080000.0,158.28,113.66,-12.22,3.93,4.21,4875100,4530900.0,2026-07-09,16:14:03
002866,传艺科技,14.56,14.48,14.55,14.65,13.9,63782.0,91270000.0,42.15,26.38,67.89,2.02,3.52,3456000,2922200.0,2026-07-09,16:14:54
002867,周大生,11.97,12.05,11.95,12.05,11.89,46224.0,55420000.0,129.93,129.17,11.35,1.92,0.43,2187600,2434800.0,2026-07-09,16:14:57
002868,绿康生化,23.55,23.71,23.54,25.26,23.25,28119.0,67320000.0,36.6,25.2,-35.28,52.65,2.63,1315900,1496000.0,2026-07-09,16:14:45
002869,金溢科技,15.2,15.31,15.26,15.34,14.75,20258.0,30480000.0,26.89,23.94,-18.19,1.33,1.29,1153500,872300.0,2026-07-09,16:14:57
002870,香山股份,38.14,38.72,38.68,39.0,37.55,23585.0,89890000.0,50.37,49.48,81.48,3.11,1.82,1010400,1348100.0,2026-07-09,16:15:00
002871,伟隆股份,20.0,20.43,20.44,20.62,19.17,85699.0,169450000.0,50.37,29.85,38.37,4.65,5.74,3334600,5235200.0,2026-07-09,16:14:03
002872,ST天圣,4.85,4.89,4.83,4.91,4.76,20182.0,9740000.0,15.42,10.42,-29.21,0.79,0.94,748000,1270200.0,2026-07-09,16:14:06
002873,新天药业,7.45,7.51,7.48,7.66,7.31,54995.0,41020000.0,18.19,17.86,216.0,1.45,2.29,2755500,2744000.0,2026-07-09,16:14:09
002875,安奈儿,12.82,13.06,13.0,13.19,12.4,92034.0,117280000.0,27.31,23.39,-35.02,4.42,5.04,4805300,4398100.0,2026-07-09,16:14:12
002876,三利谱,31.0,30.8,30.61,31.15,29.16,85263.0,257230000.0,53.9,46.17,106.17,2.25,5.72,3900900,4625400.0,2026-07-09,16:14:36
002877,智能自控,7.0,7.0,7.0,7.05,6.81,48410.0,33540000.0,24.91,16.84,104.24,2.05,2.01,2287000,2554000.0,2026-07-09,16:15:00
002878,元隆雅图,11.09,11.11,11.01,11.29,10.85,67052.0,74210000.0,29.05,26.16,-78.31,2.32,2.84,3298900,3406300.0,2026-07-09,16:14:03
002879,长缆科技,12.85,12.98,12.98,13.03,12.42,51413.0,65360000.0,24.81,17.62,18.7,1.47,3.75,2196300,2945000.0,2026-07-09,16:14:06
002880,卫光生物,20.73,20.9,20.8,21.24,20.5,12334.0,25630000.0,47.02,47.02,20.13,1.96,0.54,662800,570600.0,2026-07-09,16:14:48
002881,美格智能,36.38,36.12,36.41,36.73,35.05,54414.0,195540000.0,109.89,66.21,76.81,4.03,2.99,2613500,2827900.0,2026-07-09,16:14:09
002882,金龙羽,17.4,17.71,17.66,17.66,16.86,38682.0,66720000.0,75.32,42.94,97.24,3.62,1.57,2132100,1736100.0,2026-07-09,16:14:06
002883,*ST中设,8.53,8.49,8.49,8.54,8.36,25404.0,21470000.0,13.32,13.08,-67.55,2.84,1.66,1001200,1539200.0,2026-07-09,16:14:12
002884,凌霄泵业,16.05,16.23,16.29,16.32,15.88,21655.0,34690000.0,57.41,43.83,12.8,2.66,0.79,1009600,1155900.0,2026-07-09,16:14:39
002885,京泉华,35.43,34.65,34.01,35.55,32.5,240421.0,814970000.0,95.99,84.06,99.16,6.26,10.13,11808600,12233500.0,2026-07-09,16:14:51
002886,沃特股份,22.68,22.97,22.86,23.35,21.73,135835.0,304960000.0,59.69,47.42,83.73,3.26,6.5,6473000,7110500.0,2026-07-09,16:14:15
002887,绿茵生态,10.72,10.35,10.4,11.08,10.04,62844.0,66490000.0,32.8,23.29,24.3,1.43,2.89,2626400,3658000.0,2026-07-09,16:14:54
002888,惠威科技,18.55,18.5,18.45,18.84,17.7,36278.0,66540000.0,27.39,13.9,148.39,7.59,4.84,1785100,1842700.0,2026-07-09,16:14:42
002889,东方嘉盛,11.43,11.87,11.8,11.86,11.25,44318.0,50850000.0,43.17,28.72,44.06,1.73,1.76,2026200,2405600.0,2026-07-09,16:14:15
002890,弘宇股份,14.49,14.51,14.45,14.86,14.1,14076.0,20340000.0,24.61,23.4,230.28,4.09,0.87,638400,769200.0,2026-07-09,16:14:57
002891,中宠股份,25.92,26.88,26.73,27.03,25.8,56268.0,147620000.0,83.44,83.44,24.04,2.51,1.75,2533000,3093700.0,2026-07-09,16:14:18
002892,科力尔,9.16,9.37,9.26,9.36,9.0,81683.0,74830000.0,68.06,45.9,353.33,5.44,1.63,3908000,4260200.0,2026-07-09,16:14:18
002893,京能热力,9.54,9.24,9.24,9.68,9.12,97392.0,91760000.0,25.15,19.35,38.7,1.82,4.8,5257900,4481300.0,2026-07-09,16:14:21
002895,川恒股份,28.8,29.45,29.4,29.56,28.55,72515.0,209470000.0,174.5,172.67,14.0,2.49,1.21,3536600,3714900.0,2026-07-09,16:14:45
002896,中大力德,74.6,73.47,73.6,74.8,71.86,110985.0,814040000.0,146.61,146.61,260.08,12.41,5.65,5206600,5891900.0,2026-07-09,16:14:09
002897,意华股份,88.55,83.35,82.5,89.32,80.65,234522.0,1989500000.0,171.68,163.31,58.41,6.25,12.72,12948900,10503300.0,2026-07-09,16:15:00
002898,赛隆退,0.34,0.34,0.34,0.36,0.33,44966.0,1550000.0,0.6,0.34,-0.46,0.16,4.44,3295700,1200900.0,2026-07-09,16:14:12
002899,英派斯,20.34,20.65,20.65,20.96,19.7,28618.0,57770000.0,30.06,30.06,47.12,1.71,1.94,1490400,1371400.0,2026-07-09,16:14:21
002900,哈三联,9.51,9.57,9.52,9.8,9.33,33435.0,31800000.0,30.09,15.32,-9.47,1.7,2.08,1719900,1623600.0,2026-07-09,16:14:03
002901,大博医疗,44.97,43.33,43.19,45.47,42.75,33434.0,148310000.0,186.18,129.7,28.95,5.35,1.16,1819200,1524200.0,2026-07-09,16:14:15
002902,铭普光磁,26.31,24.98,25.1,26.66,23.73,221222.0,559610000.0,61.83,46.73,-27.64,10.19,12.45,12495700,9626500.0,2026-07-09,16:14:18
002903,宇环数控,37.07,37.79,38.33,38.85,36.51,85168.0,317880000.0,58.09,39.54,-183.73,7.46,7.98,4375100,4141700.0,2026-07-09,16:14:06
002905,金逸影视,7.14,7.11,7.02,7.41,6.94,100336.0,72170000.0,26.87,24.95,-27.26,41.19,2.87,4918600,5115000.0,2026-07-09,16:14:24
002906,华阳集团,24.7,24.96,24.82,25.0,24.47,61066.0,150550000.0,129.66,129.58,16.37,1.88,1.16,2619100,3487500.0,2026-07-09,16:14:09
002907,华森制药,14.36,13.05,13.2,14.36,13.2,124707.0,173840000.0,59.97,48.22,104.25,3.51,3.71,6039400,6431300.0,2026-07-09,16:14:21
002908,德生科技,6.41,6.41,6.37,6.52,6.19,60500.0,38250000.0,27.65,20.63,-383.1,2.57,1.88,2939900,3110100.0,2026-07-09,16:14:12
002909,集泰股份,4.75,4.74,4.74,4.8,4.6,69525.0,32670000.0,18.52,18.07,-52.85,2.18,1.83,3503100,3449500.0,2026-07-09,16:14:24
002910,庄园牧场,11.58,12.87,12.44,12.68,11.58,230131.0,276520000.0,22.64,19.81,-28.32,2.29,13.45,12921900,10091200.0,2026-07-09,16:14:15
002911,佛燃能源,9.96,10.01,10.05,10.08,9.87,47752.0,47490000.0,129.3,126.2,12.53,3.06,0.38,2188500,2586700.0,2026-07-09,16:14:27
002912,中新赛克,18.26,18.37,18.37,18.58,17.85,21925.0,39870000.0,31.18,29.62,115.64,1.99,1.35,939400,1253100.0,2026-07-09,16:14:24
002913,奥士康,56.1,53.7,54.63,56.49,52.4,58733.0,319030000.0,178.04,169.25,83.55,4.11,1.95,3222700,2650600.0,2026-07-09,16:14:27
002915,中欣氟材,18.28,18.69,18.69,18.95,17.59,135336.0,246470000.0,61.29,52.66,571.95,4.12,4.7,5252100,8281500.0,2026-07-09,16:14:48
002916,深南电路,442.56,402.33,420.0,442.56,407.19,154991.0,6646520000.0,3014.57,2942.18,82.94,18.32,2.33,7843400,7655700.0,2026-07-09,16:14:51
002917,金奥博,10.07,10.23,10.25,10.26,9.8,47285.0,47320000.0,35.0,26.24,19.75,2.06,1.81,1878400,2850100.0,2026-07-09,16:14:30
002918,蒙娜丽莎,9.17,9.24,9.3,9.33,8.89,81117.0,73700000.0,37.49,19.64,40.06,1.17,3.79,4202500,3909200.0,2026-07-09,16:14:30
002919,名臣健康,19.32,19.85,20.04,20.28,18.91,70695.0,136650000.0,51.42,51.05,207.61,6.46,2.68,3769800,3299700.0,2026-07-09,16:14:54
002920,德赛西威,88.38,86.15,85.59,88.8,84.24,111335.0,967960000.0,527.46,527.29,22.61,3.48,1.87,6246900,4886600.0,2026-07-09,16:14:18
002921,联诚精密,27.46,26.24,26.24,28.6,26.24,82993.0,227350000.0,40.91,35.27,-535.21,3.12,6.46,4043100,4256200.0,2026-07-09,16:14:33
002922,伊戈尔,28.88,28.61,28.68,29.2,27.41,230154.0,652180000.0,122.04,108.88,53.78,3.3,6.1,12079500,10935900.0,2026-07-09,16:14:33
002923,润都股份,10.42,10.34,10.28,10.68,10.16,87869.0,90990000.0,34.9,26.89,-70.16,3.31,3.4,4386800,4400100.0,2026-07-09,16:14:57
002925,盈趣科技,22.9,21.59,21.55,23.21,21.25,173946.0,383990000.0,176.71,167.41,29.77,3.54,2.38,8784900,8609700.0,2026-07-09,16:14:36
002926,华西证券,8.39,8.37,8.32,8.43,8.26,157219.0,131180000.0,220.24,220.24,14.09,0.87,0.6,7385100,8336800.0,2026-07-09,16:14:27
002927,泰永长征,16.79,16.62,16.61,16.85,15.86,80192.0,131550000.0,37.47,37.06,-455.57,3.72,3.63,4253100,3766100.0,2026-07-09,16:14:39
002928,华夏航空,6.39,6.59,6.4,6.48,6.31,346585.0,221100000.0,81.68,81.68,12.05,2.05,2.71,16391700,18266800.0,2026-07-09,16:14:36
002929,润建股份,58.8,58.14,59.61,61.2,56.67,173735.0,1024820000.0,168.29,127.31,-894.71,2.65,8.02,8057200,9316400.0,2026-07-09,16:14:39
002930,宏川智慧,9.0,8.96,8.93,9.13,8.78,117733.0,105530000.0,41.21,39.0,-9.54,2.1,2.72,5570900,6202400.0,2026-07-09,16:15:00
002931,锋龙股份,60.21,64.43,59.08,61.72,57.99,243052.0,1441440000.0,131.56,121.17,733.79,13.94,12.08,11451200,12854100.0,2026-07-09,16:14:42
002932,*ST明德,14.05,14.43,14.32,14.43,13.94,11928.0,16880000.0,32.67,21.93,-247.96,0.59,0.76,522900,669900.0,2026-07-09,16:14:30
002933,新兴装备,25.6,25.88,25.9,26.0,25.18,15755.0,40260000.0,30.04,29.89,112.69,1.96,1.35,803700,771800.0,2026-07-09,16:14:33
002935,天奥电子,20.96,20.96,21.0,21.47,20.0,95184.0,196640000.0,88.89,87.0,134.46,5.58,2.29,4965400,4553000.0,2026-07-09,16:14:45
002936,郑州银行,1.68,1.7,1.68,1.69,1.66,900837.0,151090000.0,152.75,118.09,7.84,0.33,1.28,39142600,50941100.0,2026-07-09,16:14:03
002937,兴瑞科技,43.82,43.08,43.49,44.5,42.0,70059.0,302810000.0,138.48,138.11,98.48,9.68,2.22,3883200,3122700.0,2026-07-09,16:14:48
002938,鹏鼎控股,95.38,91.29,93.61,95.86,88.35,384436.0,3559750000.0,2210.47,2202.69,59.54,6.84,1.66,18799400,19644200.0,2026-07-09,16:14:51
002939,长城证券,8.16,8.15,8.13,8.19,8.0,200047.0,162220000.0,329.21,293.98,13.91,1.01,0.56,9535700,10469000.0,2026-07-09,16:14:54
002940,昂利康,25.96,26.57,26.52,27.18,25.46,124978.0,326780000.0,52.37,48.1,41.17,3.24,6.75,5856900,6640900.0,2026-07-09,16:14:36
002941,新疆交建,9.33,9.34,9.33,9.4,9.13,89761.0,83210000.0,68.09,68.09,14.67,1.5,1.23,4426200,4549900.0,2026-07-09,16:14:42
002942,新农股份,14.16,14.67,14.65,14.69,13.89,23192.0,32940000.0,22.02,19.65,22.06,1.82,1.67,1501700,817500.0,2026-07-09,16:14:39
002943,宇晶股份,42.68,39.76,39.8,42.93,37.48,155283.0,623520000.0,113.89,80.6,342.8,13.16,8.22,9156600,6371700.0,2026-07-09,16:14:21
002945,华林证券,13.3,13.1,13.09,13.32,12.88,100709.0,132060000.0,359.1,359.1,72.26,4.88,0.37,5574100,4496800.0,2026-07-09,16:14:06
002946,新乳业,14.03,14.56,14.49,14.65,14.0,58574.0,83420000.0,120.75,119.36,15.4,3.45,0.69,2893700,2963700.0,2026-07-09,16:14:09
002947,恒铭达,74.28,72.0,73.36,74.68,69.51,86406.0,621000000.0,190.31,147.3,33.09,6.12,4.36,4757500,3883100.0,2026-07-09,16:14:24
002948,青岛银行,5.42,5.45,5.39,5.51,5.37,342286.0,186580000.0,315.46,190.9,5.78,0.75,0.97,18262200,15966400.0,2026-07-09,16:14:45
002949,华阳国际,9.98,10.02,9.99,10.16,9.8,22306.0,22190000.0,19.57,15.16,21.13,1.37,1.47,1147800,1082800.0,2026-07-09,16:14:57
002950,奥美医疗,8.7,8.94,8.9,9.03,8.55,96069.0,83970000.0,55.09,37.38,20.31,1.53,2.24,3931500,5675400.0,2026-07-09,16:14:42
002951,金时科技,15.8,16.32,16.43,17.12,14.69,317567.0,503280000.0,63.99,63.38,-28.55,4.21,7.92,13100000,18656700.0,2026-07-09,16:14:27
002952,亚世光电,19.92,19.8,19.8,20.16,19.17,32042.0,63270000.0,32.74,26.22,216.01,3.75,2.43,1479400,1724800.0,2026-07-09,16:14:45
002953,日丰股份,8.79,8.73,8.73,8.88,8.55,49817.0,43370000.0,43.21,23.85,27.57,1.98,1.84,2312000,2669700.0,2026-07-09,16:14:12
002955,鸿合科技,32.98,32.96,32.86,33.4,32.1,44092.0,144270000.0,78.04,64.52,828.85,2.43,2.25,2421500,1987700.0,2026-07-09,16:14:30
002956,西麦食品,20.6,21.45,21.35,21.43,20.16,48813.0,100760000.0,64.38,64.38,29.46,4.03,1.56,1899100,2982300.0,2026-07-09,16:14:48
002957,科瑞技术,47.06,44.25,45.0,47.35,42.0,233305.0,1041780000.0,197.64,197.03,66.27,6.17,5.57,12025900,11304600.0,2026-07-09,16:15:00
002958,青农商行,2.77,2.8,2.78,2.81,2.75,560550.0,155930000.0,153.89,150.68,4.82,0.41,1.03,31987300,24067800.0,2026-07-09,16:14:51
002959,小熊电器,32.02,32.42,32.38,32.52,31.81,6374.0,20460000.0,49.9,44.76,14.57,1.74,0.46,316100,321300.0,2026-07-09,16:14:33
002960,青鸟智控,8.28,8.35,8.32,8.37,8.14,108039.0,88900000.0,87.25,80.17,27.66,1.42,1.12,4589900,6214000.0,2026-07-09,16:14:15
002961,瑞达期货,19.04,19.11,19.12,19.3,18.53,56742.0,107000000.0,90.81,90.81,13.56,2.27,1.19,2963900,2710300.0,2026-07-09,16:14:54
002962,五方光电,14.8,14.78,14.82,15.37,14.17,192779.0,282240000.0,43.17,30.96,143.47,2.47,9.22,9010300,10267700.0,2026-07-09,16:14:03
002963,豪尔赛,18.28,19.0,18.91,19.33,17.1,76370.0,136550000.0,27.49,22.48,-25.04,2.32,6.21,3868600,3768400.0,2026-07-09,16:14:18
002965,祥鑫科技,51.25,51.46,52.0,52.1,49.12,171987.0,868940000.0,136.01,97.59,261.47,3.25,9.03,9266300,7932300.0,2026-07-09,16:14:48
002966,苏州银行,7.3,7.4,7.36,7.41,7.28,328837.0,241290000.0,326.36,320.87,5.96,0.64,0.75,14579300,18304400.0,2026-07-09,16:14:51
002967,广电计量,18.09,18.17,18.13,18.2,17.61,72834.0,130490000.0,115.25,98.99,26.39,2.4,1.33,3444800,3838600.0,2026-07-09,16:14:54
002968,新大正,8.26,8.31,8.31,8.38,8.06,35940.0,29470000.0,18.69,17.59,19.65,1.5,1.69,1803200,1790800.0,2026-07-09,16:14:57
002969,嘉美包装,12.85,12.56,12.78,13.1,12.19,268828.0,340640000.0,141.16,140.42,100.13,4.33,2.46,13821200,13061600.0,2026-07-09,16:14:21
002970,锐明技术,53.51,51.08,51.09,54.15,50.85,42585.0,223580000.0,98.42,67.63,30.25,4.86,3.37,2429700,1828900.0,2026-07-09,16:14:36
002971,和远气体,58.76,57.33,59.7,60.66,56.0,186014.0,1083230000.0,123.76,94.61,232.73,6.94,11.55,9549800,9051600.0,2026-07-09,16:14:39
002972,科安达,17.19,16.78,16.82,17.34,16.25,87415.0,147390000.0,42.29,23.15,45.62,3.35,6.49,4629300,4112200.0,2026-07-09,16:14:42
002973,侨银股份,9.94,10.02,10.08,10.54,9.8,93146.0,93110000.0,40.62,31.57,26.87,1.57,2.93,4657100,4657500.0,2026-07-09,16:14:57
002975,博杰股份,121.35,110.32,113.0,121.35,111.45,91607.0,1066360000.0,252.57,166.68,108.45,10.73,6.67,4742000,4418700.0,2026-07-09,16:14:06
002976,瑞玛精密,25.15,24.58,24.41,25.26,23.43,110085.0,269190000.0,48.94,30.61,-259.96,3.4,9.04,5769300,5239200.0,2026-07-09,16:14:24
002977,*ST天箭,23.58,24.41,24.39,24.4,23.23,24399.0,57850000.0,28.32,15.72,-11.88,3.33,3.66,935100,1504800.0,2026-07-09,16:14:45
002978,安宁股份,25.39,25.71,25.62,25.83,25.01,27035.0,68570000.0,119.84,93.76,18.65,1.37,0.73,1096900,1606600.0,2026-07-09,16:15:00
002979,雷赛智能,65.14,64.12,64.81,65.94,62.32,174861.0,1124400000.0,205.87,145.12,85.18,10.91,7.85,8854600,8631500.0,2026-07-09,16:14:27
002980,华盛昌,98.54,97.1,100.09,102.0,92.21,92706.0,892600000.0,186.64,99.81,240.34,16.53,9.15,4796200,4474400.0,2026-07-09,16:14:48
002981,朝阳科技,20.23,20.03,20.15,20.35,19.45,33553.0,66490000.0,27.63,24.6,55.83,2.69,2.76,1768200,1587100.0,2026-07-09,16:14:03
002982,湘佳股份,11.7,11.93,11.79,12.03,11.6,36644.0,42970000.0,23.77,15.22,169.08,1.48,2.82,1684000,1980300.0,2026-07-09,16:14:30
002983,芯瑞达,24.03,23.5,23.55,24.15,23.1,39124.0,92960000.0,53.61,30.8,48.79,3.87,3.05,1997900,1914500.0,2026-07-09,16:15:00
002984,森麒麟,13.4,13.64,13.59,13.59,13.29,71668.0,96050000.0,138.86,95.67,14.27,1.03,1.0,3589000,3577800.0,2026-07-09,16:14:51
002985,北摩高科,25.54,25.32,25.3,25.73,24.6,49952.0,126000000.0,84.76,84.52,39.7,3.12,1.51,2440800,2554400.0,2026-07-09,16:14:54
002986,宇新股份,12.05,12.0,12.1,12.1,11.68,52926.0,62890000.0,45.8,36.37,-34.2,1.21,1.75,2430800,2861800.0,2026-07-09,16:14:57
002987,京北方,9.57,9.67,9.62,9.72,9.46,105177.0,100510000.0,99.62,96.87,32.57,3.53,1.04,4749800,5767900.0,2026-07-09,16:15:00
002988,豪美新材,21.31,21.7,21.43,21.69,20.55,29930.0,63180000.0,53.23,53.23,45.58,1.98,1.2,1460000,1533000.0,2026-07-09,16:14:06
002989,中天精装,28.42,27.33,27.81,28.54,26.21,123498.0,338230000.0,57.3,56.22,-32.08,4.11,6.24,5709600,6640200.0,2026-07-09,16:14:03
002990,盛视科技,62.81,69.79,66.97,67.0,62.81,98410.0,625840000.0,164.47,86.69,279.39,6.66,7.13,6176200,3664800.0,2026-07-09,16:14:09
002991,甘源食品,40.54,41.6,41.34,41.83,40.28,9559.0,38940000.0,37.79,20.24,17.02,2.24,1.91,485900,470000.0,2026-07-09,16:14:12
002992,宝明科技,41.13,39.32,39.03,41.15,38.61,20150.0,79460000.0,74.39,64.26,479.48,10.11,1.29,1127600,887400.0,2026-07-09,16:14:33
002993,奥海科技,60.51,60.06,61.1,62.3,55.95,100722.0,590910000.0,167.03,144.28,48.51,3.56,4.22,4696700,5375400.0,2026-07-09,16:14:03
002995,天地在线,16.25,16.1,15.89,16.47,15.7,92906.0,149680000.0,28.84,18.27,-25.97,3.59,8.26,4801700,4488900.0,2026-07-09,16:14:06
002996,顺博合金,5.91,5.98,5.99,6.03,5.74,96277.0,56670000.0,39.56,27.09,17.13,1.22,2.1,4012400,5615300.0,2026-07-09,16:14:09
002997,瑞鹄模具,29.1,29.5,29.42,29.55,28.58,32834.0,95380000.0,60.91,60.91,15.19,2.42,1.57,1482200,1801300.0,2026-07-09,16:14:15
002998,优彩资源,6.81,6.79,6.8,6.86,6.59,117331.0,78990000.0,24.16,18.42,35.24,1.42,4.34,5934000,5799100.0,2026-07-09,16:14:06
002999,天禾股份,5.41,5.51,5.51,5.55,5.32,55320.0,29890000.0,18.8,18.59,34.83,1.56,1.61,2707300,2824600.0,2026-07-09,16:14:36
003000,劲仔食品,10.03,10.17,10.06,10.22,9.94,37679.0,37840000.0,45.22,30.9,18.35,3.38,1.22,1516100,2251800.0,2026-07-09,16:14:18
003001,中岩大地,12.92,12.88,12.74,13.23,12.74,36561.0,47500000.0,22.55,14.78,223.97,1.91,3.2,1732200,1923900.0,2026-07-09,16:14:09
003002,壶化股份,16.61,17.09,17.2,17.2,16.46,31789.0,52940000.0,33.22,30.37,20.18,2.2,1.74,1940200,1238700.0,2026-07-09,16:14:39
003003,天元股份,10.03,10.03,10.08,10.15,9.71,32180.0,31980000.0,17.73,11.81,29.74,1.38,2.73,1672900,1545100.0,2026-07-09,16:14:21
003004,声迅股份,84.49,80.33,81.02,85.96,76.23,52379.0,421520000.0,69.17,58.08,-7610.75,10.96,7.62,2851900,2386000.0,2026-07-09,16:14:09
003005,竞业达,12.11,13.45,12.11,12.11,12.11,11340.0,13730000.0,28.02,15.38,-320.1,1.57,0.89,1131800,2200.0,2026-07-09,16:14:12
003006,百亚股份,13.65,14.25,14.2,14.21,13.62,60697.0,83900000.0,58.65,58.5,26.53,4.18,1.42,2885400,3184300.0,2026-07-09,16:14:42
003007,直真科技,37.92,38.46,38.0,38.42,35.8,30067.0,112180000.0,45.34,27.53,192.68,2.99,4.14,1436100,1570600.0,2026-07-09,16:14:15
003008,开普检测,17.2,17.42,17.45,17.45,17.01,12404.0,21290000.0,17.89,13.37,22.66,1.76,1.6,492600,747700.0,2026-07-09,16:14:18
003009,中天火箭,55.13,53.83,53.88,55.54,52.35,70552.0,381190000.0,90.81,90.79,-114.04,4.51,4.28,3248800,3806400.0,2026-07-09,16:14:24
003010,若羽臣,22.44,23.48,23.4,23.4,22.34,50910.0,115370000.0,69.8,50.75,29.17,9.98,2.25,2439700,2651200.0,2026-07-09,16:14:12
003011,海象新材,18.5,18.29,18.4,18.65,17.65,30307.0,55110000.0,19.0,14.22,22.06,1.4,3.94,1372800,1657900.0,2026-07-09,16:14:21
003012,东鹏控股,4.5,4.54,4.51,4.55,4.44,70791.0,31790000.0,52.06,51.06,15.66,0.71,0.62,3228800,3850300.0,2026-07-09,16:14:27
003013,地铁设计,15.9,15.29,15.0,16.07,14.79,124041.0,194050000.0,73.26,63.99,15.24,2.27,3.08,6778800,5625400.0,2026-07-09,16:14:12
003015,日久光电,11.68,11.7,11.64,11.78,11.31,73269.0,84450000.0,32.83,28.89,37.8,2.98,2.96,3700700,3626200.0,2026-07-09,16:14:15
003016,欣贺股份,6.19,6.26,6.2,6.34,6.09,45210.0,27960000.0,26.03,25.43,87.35,0.97,1.1,2155200,2365800.0,2026-07-09,16:14:18
003017,大洋生物,22.49,21.82,21.99,22.8,20.71,42356.0,92610000.0,22.67,18.7,22.36,1.99,5.09,1980500,2255000.0,2026-07-09,16:14:15
003018,金富科技,68.31,62.1,63.35,68.31,61.88,89812.0,585110000.0,178.94,162.16,186.49,10.62,3.78,4580100,4401100.0,2026-07-09,16:14:30
003019,宸展光电,27.42,26.69,26.53,27.45,25.35,65625.0,172890000.0,48.52,46.9,28.18,2.97,3.84,3270800,3291700.0,2026-07-09,16:14:45
003020,立方制药,17.04,15.49,16.0,17.04,16.0,156297.0,262760000.0,38.89,28.72,23.97,2.18,9.27,4780200,10849400.0,2026-07-09,16:14:33
003021,兆威机电,86.9,85.06,85.41,87.03,82.82,42221.0,358910000.0,232.51,180.22,96.67,4.62,2.04,1908300,2313800.0,2026-07-09,16:14:24
003022,联泓新科,21.66,21.33,21.33,21.74,20.5,224161.0,472640000.0,289.28,289.04,76.32,3.86,1.68,10620700,11795400.0,2026-07-09,16:14:36
003023,彩虹集团,18.85,19.2,19.2,19.26,18.46,33876.0,63740000.0,19.86,19.82,38.48,1.28,3.22,1662200,1725400.0,2026-07-09,16:14:21
003025,思进智能,12.58,12.93,12.93,13.03,12.25,108110.0,135960000.0,35.72,28.48,23.29,2.87,4.77,4833200,5977900.0,2026-07-09,16:14:48
003026,中晶科技,41.97,38.84,38.25,42.5,38.23,274830.0,1105680000.0,78.81,60.67,158.07,12.02,19.01,13966800,13516200.0,2026-07-09,16:14:39
003027,同兴科技,15.96,16.03,15.99,16.15,15.51,24394.0,38700000.0,20.86,16.74,29.5,1.23,2.33,1295200,1144200.0,2026-07-09,16:14:18
003028,振邦智能,22.14,22.32,22.0,22.32,21.45,18159.0,39700000.0,32.04,15.62,65.02,1.86,2.57,933700,882200.0,2026-07-09,16:14:51
003029,吉大正元,15.95,16.11,15.95,16.11,15.48,30092.0,47510000.0,30.88,28.09,-31.81,3.01,1.71,1346200,1663000.0,2026-07-09,16:14:54
003030,祖名股份,21.75,21.61,21.52,21.98,21.01,23342.0,50160000.0,27.14,17.61,97.4,2.75,2.88,1204300,1129900.0,2026-07-09,16:14:27
003031,中瓷电子,150.5,141.94,144.79,150.61,138.56,105449.0,1532440000.0,678.83,511.94,107.22,10.59,3.1,5923600,4621300.0,2026-07-09,16:14:21
003032,传智教育,5.1,5.21,5.18,5.26,5.06,92853.0,47580000.0,20.52,14.51,-24.54,1.75,3.26,3981700,5303600.0,2026-07-09,16:14:24
003033,征和工业,69.5,68.22,68.22,69.88,65.66,35048.0,236920000.0,56.82,56.12,36.84,4.09,4.34,1911400,1593400.0,2026-07-09,16:14:30
003035,南网能源,5.4,5.41,5.39,5.44,5.25,296778.0,158970000.0,204.55,204.55,60.03,2.91,0.78,14322000,15355800.0,2026-07-09,16:14:42
003036,泰坦股份,80.43,78.71,79.44,81.29,75.19,54867.0,430690000.0,174.22,174.21,356.42,12.36,2.53,3060000,2426700.0,2026-07-09,16:14:27
003037,三和管桩,6.13,6.31,6.2,6.25,5.99,120208.0,73320000.0,36.72,36.72,105.85,1.33,2.01,4961800,7059000.0,2026-07-09,16:14:57
003038,鑫铂股份,10.75,10.86,10.89,10.89,10.48,31574.0,33660000.0,26.19,17.63,-11.15,0.93,1.93,1376100,1781400.0,2026-07-09,16:14:45
003039,顺控发展,10.94,11.09,11.1,11.2,10.87,35962.0,39550000.0,67.56,67.56,21.34,2.39,0.58,1598500,1997700.0,2026-07-09,16:14:48
003040,楚天龙,10.23,10.28,10.28,10.38,9.93,84840.0,86010000.0,47.17,46.74,-200.76,3.29,1.86,3574600,4909400.0,2026-07-09,16:14:24
003041,真爱美家,41.27,42.23,42.7,42.7,40.06,22591.0,93170000.0,59.43,56.47,193.56,4.04,1.65,1097900,1161100.0,2026-07-09,16:14:51
003042,中农联合,12.08,12.1,12.12,12.41,11.91,30394.0,36790000.0,17.21,14.89,-12.41,1.41,2.47,1527000,1512400.0,2026-07-09,16:14:30
003043,华亚智能,104.5,98.45,100.4,104.66,95.51,110388.0,1101710000.0,149.79,97.54,199.16,7.93,11.83,5479000,5559800.0,2026-07-09,16:14:33
003816,中国广核,3.92,3.88,3.86,3.92,3.84,953038.0,370360000.0,1979.55,1541.94,20.87,1.57,0.24,54862800,40441000.0,2026-07-09,16:14:54
300001,特锐德,32.92,32.93,33.2,33.25,31.62,221616.0,715980000.0,347.41,338.03,27.79,4.12,2.16,11036500,11125100.0,2026-07-09,16:14:30
300002,神州泰岳,8.49,8.09,7.98,8.49,7.9,1206855.0,1003630000.0,167.01,157.15,22.76,2.17,6.52,67884800,52800800.0,2026-07-09,16:14:09
300003,乐普医疗,11.99,12.19,12.1,12.24,11.85,217856.0,261640000.0,221.03,189.31,26.62,1.37,1.38,9452000,12333600.0,2026-07-09,16:14:54
300004,南风股份,8.77,8.89,8.9,9.2,8.38,198066.0,171850000.0,42.1,42.1,440.84,2.38,4.13,10330400,9476200.0,2026-07-09,16:14:51
300005,探路者,20.8,20.68,20.79,21.15,20.0,394936.0,812670000.0,183.81,182.32,213.46,8.53,4.51,19689100,19804500.0,2026-07-09,16:14:57
300006,莱美药业,4.73,4.62,4.57,4.83,4.52,211419.0,98840000.0,49.94,49.94,-36.74,2.87,2.0,11071700,10070200.0,2026-07-09,16:14:03
300007,汉威科技,37.16,36.79,36.84,37.47,35.82,109542.0,402360000.0,121.68,105.14,73.03,4.14,3.87,5389100,5565000.0,2026-07-09,16:14:00
300008,天海防务,5.96,5.94,5.91,5.98,5.83,367501.0,216930000.0,102.99,98.18,30.07,4.2,2.23,16412600,20337600.0,2026-07-09,16:14:54
300009,安科生物,8.1,8.16,8.09,8.22,8.01,142674.0,115940000.0,135.33,99.65,19.51,3.13,1.16,6614100,7653300.0,2026-07-09,16:14:12
300010,ST豆神,2.12,2.12,2.12,2.19,2.12,479967.0,103160000.0,43.81,35.26,-184.02,2.53,2.89,21401500,26595200.0,2026-07-09,16:14:06
300011,鼎汉技术,5.71,5.71,5.71,5.75,5.55,56014.0,31750000.0,34.58,28.96,-226.61,2.29,1.1,2808200,2793200.0,2026-07-09,16:14:33
300012,华测检测,13.48,13.51,13.76,13.95,13.28,359631.0,487520000.0,226.85,192.93,21.43,2.97,2.51,16509300,19453800.0,2026-07-09,16:14:15
300013,新宁物流,3.83,3.79,3.77,3.84,3.65,184984.0,69560000.0,21.39,21.36,-79.79,11.9,3.32,9169600,9328800.0,2026-07-09,16:14:09
300014,亿纬锂能,56.89,56.08,56.0,57.07,54.1,545404.0,3033540000.0,1236.39,1201.79,27.6,2.86,2.58,26555000,27985400.0,2026-07-09,16:14:18
300015,爱尔眼科,8.18,8.19,8.14,8.3,8.09,645478.0,527970000.0,762.82,650.75,22.63,3.31,0.81,31931400,32616500.0,2026-07-09,16:14:03
300016,北陆药业,7.92,7.98,7.93,8.13,7.72,184513.0,145790000.0,46.07,44.52,37.4,1.87,3.28,9015600,9435700.0,2026-07-09,16:14:21
300017,网宿科技,15.33,14.66,14.61,15.35,14.4,3731828.0,5596480000.0,382.59,358.94,52.52,3.78,15.94,202798700,170384200.0,2026-07-09,16:14:24
300018,中元股份,13.15,13.0,13.08,13.18,12.21,308169.0,393490000.0,64.27,47.87,45.21,4.58,8.47,13625800,17191100.0,2026-07-09,16:14:12
300019,硅宝科技,21.45,20.49,19.86,22.57,19.55,502191.0,1057560000.0,84.32,79.07,33.25,3.2,13.62,27403300,22815800.0,2026-07-09,16:14:57
300020,ST银江,3.49,3.57,3.53,3.55,3.41,139563.0,48360000.0,27.73,26.75,-1.55,2.08,1.82,4873800,9082500.0,2026-07-09,16:14:00
300021,大禹节水,4.03,4.31,4.2,4.26,3.98,354339.0,146020000.0,41.2,35.2,81.75,1.58,4.06,12027100,23406800.0,2026-07-09,16:14:06
300022,吉峰科技,7.7,7.78,7.86,7.86,7.6,83092.0,63890000.0,38.06,38.06,-121.37,7.45,1.68,3660700,4648500.0,2026-07-09,16:14:09
300024,机器人,16.66,15.92,15.82,16.7,15.8,833638.0,1355430000.0,260.83,260.76,-59.26,6.45,5.33,44866400,38497400.0,2026-07-09,16:14:27
300025,华星创业,4.19,4.1,4.1,4.21,4.01,124073.0,51090000.0,21.32,21.23,-15.63,5.0,2.45,6564700,5842600.0,2026-07-09,16:14:12
300026,红日药业,3.09,3.14,3.1,3.17,3.06,385293.0,119400000.0,92.83,92.74,388.73,1.08,1.28,18199800,20329500.0,2026-07-09,16:14:15
300027,ST华谊,1.7,1.73,1.7,1.74,1.68,369562.0,63000000.0,47.17,43.63,-12.34,-411.55,1.44,14077200,22879000.0,2026-07-09,16:14:18
300029,天龙退,0.12,0.14,0.13,0.14,0.12,205943.0,2660000.0,0.24,0.24,-1.26,-0.7,10.28,7312900,13281400.0,2026-07-09,16:14:30
300030,阳普医疗,5.98,5.99,5.99,6.12,5.81,55204.0,32820000.0,18.49,16.28,65.1,2.88,2.03,2601500,2918900.0,2026-07-09,16:14:03
300031,宝通科技,23.19,23.19,23.18,23.88,22.68,227570.0,528290000.0,97.11,81.61,36.92,2.4,6.47,10209000,12548000.0,2026-07-09,16:14:36
300032,金龙机电,3.57,3.51,3.5,3.59,3.4,220125.0,77120000.0,28.67,28.67,-95.81,4.43,2.74,11282500,10730000.0,2026-07-09,16:14:33
300033,同花顺,230.3,225.77,226.23,231.5,224.0,177671.0,4051230000.0,1733.33,1009.66,51.89,24.8,4.05,8912200,8854900.0,2026-07-09,16:14:36
300034,钢研高纳,16.15,16.12,16.11,16.26,15.55,143978.0,228720000.0,128.71,123.88,128.98,3.36,1.88,7448200,6949600.0,2026-07-09,16:14:39
300035,中科电气,13.1,13.37,13.31,13.44,12.68,207556.0,270070000.0,89.79,76.42,22.44,1.85,3.56,10836700,9918800.0,2026-07-09,16:14:06
300036,超图软件,10.9,10.9,10.85,11.04,10.71,98542.0,107040000.0,53.71,48.51,111.0,2.05,2.21,5162600,4691600.0,2026-07-09,16:14:15
300037,新宙邦,81.11,77.43,78.01,81.55,75.9,279940.0,2196940000.0,611.48,443.49,45.36,5.75,5.12,14385300,13608600.0,2026-07-09,16:14:21
300039,上海凯宝,4.39,4.41,4.4,4.49,4.32,114961.0,50390000.0,45.92,40.25,17.72,1.0,1.25,5137700,6358400.0,2026-07-09,16:14:39
300040,九洲集团,5.33,5.39,5.39,5.43,5.15,208274.0,110100000.0,34.29,27.58,78.16,1.32,4.03,9189500,11637900.0,2026-07-09,16:14:42
300041,回天新材,16.88,15.61,15.33,17.11,14.96,1140042.0,1856740000.0,94.43,91.9,42.37,3.21,20.94,61411200,52593000.0,2026-07-09,16:14:42
300042,朗科科技,62.53,59.16,60.61,62.66,59.1,175375.0,1070140000.0,125.31,125.3,102.93,11.18,8.75,8443900,9093700.0,2026-07-09,16:14:18
300043,星辉娱乐,5.29,5.35,5.27,5.4,5.02,1173330.0,615140000.0,65.82,65.78,16.41,3.81,9.44,55598000,61735000.0,2026-07-09,16:14:45
300044,*ST赛为,5.55,5.79,5.69,5.81,5.54,199481.0,112610000.0,42.39,39.7,-3.38,-3.7,2.79,6224900,13723300.0,2026-07-09,16:14:48
300045,华力创通,16.58,16.06,16.1,16.7,15.62,177194.0,285510000.0,109.87,85.6,-172.19,7.24,3.43,9881100,7838300.0,2026-07-09,16:14:21
300046,台基股份,30.27,29.3,29.64,30.38,28.6,98076.0,289850000.0,71.6,71.6,156.82,6.43,4.15,4895200,4912400.0,2026-07-09,16:14:24
300047,天源迪科,9.43,9.46,9.36,9.6,9.15,299027.0,281000000.0,60.14,54.12,182.28,1.82,5.21,14402900,15499800.0,2026-07-09,16:14:45
300048,合康新能,4.52,4.52,4.47,4.53,4.36,138528.0,61580000.0,51.18,51.09,229.76,2.79,1.23,7237000,6615900.0,2026-07-09,16:14:09
300049,福瑞医科,41.64,41.71,41.29,43.32,40.69,62522.0,260830000.0,109.93,97.27,69.91,5.71,2.68,3098000,3154300.0,2026-07-09,16:14:48
300050,世纪鼎利,5.33,5.49,5.43,5.51,5.15,195497.0,103770000.0,29.04,29.02,173.67,7.04,3.59,9441700,10108000.0,2026-07-09,16:14:51
300051,琏升科技,8.11,8.13,8.18,8.25,7.77,177647.0,142780000.0,30.17,29.8,-23.44,31.58,4.84,8253400,9511300.0,2026-07-09,16:14:12
300052,中青宝,11.29,11.09,11.28,11.32,10.78,156573.0,173750000.0,29.56,29.56,-51.24,8.58,5.98,7395300,8262000.0,2026-07-09,16:14:51
300053,航宇微,15.92,15.02,15.15,15.95,14.9,218149.0,334790000.0,110.94,103.61,-30.72,7.84,3.35,12216500,9598400.0,2026-07-09,16:14:15
300054,鼎龙股份,95.99,89.36,91.59,96.18,90.01,566472.0,5285900000.0,915.03,713.37,110.22,17.05,7.62,31245500,25401700.0,2026-07-09,16:14:18
300055,万邦达,5.86,5.93,5.92,6.05,5.67,253999.0,148210000.0,49.03,37.08,-20.55,1.0,4.01,13046200,12353700.0,2026-07-09,16:14:21
300056,中创环保,7.69,7.5,7.47,7.69,7.37,91375.0,68900000.0,29.64,29.62,-27.15,41.36,2.37,4981000,4156500.0,2026-07-09,16:14:54
300057,万顺新材,7.37,7.71,7.7,7.78,6.93,864306.0,629480000.0,73.96,61.24,-47.45,1.45,10.4,40845800,45584800.0,2026-07-09,16:14:24
300058,蓝色光标,12.93,12.46,12.28,13.19,12.12,3003523.0,3865080000.0,464.22,449.7,181.86,5.85,8.64,159663900,140688400.0,2026-07-09,16:14:54
300059,东方财富,20.59,20.13,20.07,20.65,20.01,3442101.0,7007860000.0,3257.79,2749.44,24.85,3.4,2.58,181830800,162379300.0,2026-07-09,16:14:57
300061,旗天科技,6.16,6.07,6.01,6.32,5.97,245364.0,151190000.0,40.59,38.33,-53.61,8.75,3.94,12494600,12041800.0,2026-07-09,16:14:27
300062,中能电气,5.35,5.32,5.31,5.38,5.15,139156.0,73400000.0,33.7,24.52,-43.6,2.19,3.04,6602700,7312900.0,2026-07-09,16:14:00
300063,天龙集团,8.13,7.83,7.79,8.23,7.69,452838.0,363160000.0,61.67,50.94,52.91,3.49,7.23,25412100,19871700.0,2026-07-09,16:14:03
300065,海兰信,23.99,24.15,24.48,24.5,23.1,771918.0,1838540000.0,173.1,157.53,2416.42,9.85,11.76,38046900,39144800.0,2026-07-09,16:14:06
300066,三川智慧,5.17,5.25,5.25,5.3,5.02,230151.0,118260000.0,53.77,51.6,38.2,2.09,2.31,9979600,13035500.0,2026-07-09,16:14:24
300067,安诺其,4.79,4.79,4.75,4.86,4.59,398875.0,188750000.0,55.29,44.89,-126.43,2.22,4.26,17740400,22147100.0,2026-07-09,16:14:57
300068,ST南都,4.48,4.05,4.86,4.86,4.46,1237890.0,579640000.0,40.25,38.24,-1.5,3.66,14.5,62359700,61429300.0,2026-07-09,16:14:27
300069,金利华电,30.72,30.64,30.42,31.45,29.29,70855.0,214730000.0,35.94,35.94,-2372.88,13.17,6.06,3440200,3645300.0,2026-07-09,16:14:00
300070,碧水源,3.23,3.29,3.28,3.29,3.2,341664.0,110700000.0,117.06,110.94,190.55,0.43,0.99,14034700,20131700.0,2026-07-09,16:14:09
300071,福石控股,4.12,3.63,3.65,4.36,3.53,2147922.0,893030000.0,39.71,38.95,-34.97,24.67,22.72,105360600,109431600.0,2026-07-09,16:14:30
300072,海新能科,3.32,3.24,3.27,3.4,3.24,322422.0,106900000.0,78.01,77.4,-13.7,1.49,1.38,17792700,14449600.0,2026-07-09,16:14:27
300073,当升科技,44.25,44.78,44.77,45.09,42.36,172606.0,751720000.0,240.85,223.89,30.16,1.63,3.41,8888700,8372000.0,2026-07-09,16:14:12
300074,华平股份,3.46,3.4,3.39,3.51,3.3,217209.0,74150000.0,19.04,19.02,-11.03,2.23,3.95,10927100,10793800.0,2026-07-09,16:14:30
300075,数字政通,10.26,10.2,10.2,10.34,10.04,108635.0,110790000.0,63.73,52.88,-16.99,2.01,2.11,5459800,5403700.0,2026-07-09,16:14:33
300076,*ST宁视,4.36,4.32,4.32,4.44,4.27,26804.0,11640000.0,18.49,18.49,-22.96,2.2,0.63,1120700,1559700.0,2026-07-09,16:14:36
300077,国民技术,27.65,27.06,27.6,27.83,26.4,549929.0,1498060000.0,187.5,156.59,-170.79,10.77,9.71,26762500,28230400.0,2026-07-09,16:14:15
300078,思创智联,2.85,2.84,2.82,2.9,2.75,279785.0,78970000.0,31.86,31.73,-56.13,6.32,2.51,12652200,15326300.0,2026-07-09,16:14:33
300079,数码视讯,4.17,4.14,4.11,4.18,4.04,258098.0,106170000.0,59.47,53.44,166.54,1.45,2.01,11299600,14510300.0,2026-07-09,16:14:39
300080,易成新能,3.39,3.43,3.4,3.46,3.34,172415.0,58580000.0,63.51,63.42,-8.48,1.48,0.92,8133200,9108300.0,2026-07-09,16:14:30
300081,ST恒信,3.62,3.55,3.58,3.69,3.52,72782.0,26120000.0,21.89,21.89,-5.77,2.78,1.2,3874600,3403600.0,2026-07-09,16:14:33
300082,奥克股份,7.81,7.9,7.88,7.94,7.45,113854.0,87630000.0,53.12,52.97,437.31,1.94,1.68,5984100,5401200.0,2026-07-09,16:14:36
300083,创世纪,13.51,12.92,12.97,13.61,12.82,1245493.0,1639410000.0,224.92,201.59,192.0,4.24,8.35,66884300,57665100.0,2026-07-09,16:14:42
300084,海默科技,11.96,11.55,11.55,11.98,11.5,156314.0,183610000.0,65.63,56.32,-195.84,4.5,3.32,8094300,7537100.0,2026-07-09,16:14:36
300085,银之杰,31.55,30.78,30.3,31.85,30.07,515188.0,1595290000.0,222.95,205.71,-173.01,53.12,7.9,26642800,24876000.0,2026-07-09,16:14:39
300086,康芝药业,5.96,5.99,5.94,6.23,5.81,228027.0,136370000.0,27.13,26.26,-11.68,3.05,5.17,10766400,12036200.0,2026-07-09,16:14:03
300087,ST荃银,4.79,4.96,4.95,5.02,4.77,153875.0,74660000.0,45.38,43.22,-22.41,2.67,1.71,5511100,9876500.0,2026-07-09,16:14:06
300088,长信科技,8.9,8.42,8.58,8.92,8.46,2068145.0,1802610000.0,222.3,221.21,129.38,2.6,8.32,108259500,98555100.0,2026-07-09,16:14:42
300091,*ST金灵,2.68,2.64,2.64,2.69,2.6,62749.0,16720000.0,76.17,43.83,-3.54,5.87,0.38,2758600,3516300.0,2026-07-09,16:14:45
300092,科新机电,11.26,11.09,11.09,11.26,10.71,49513.0,54520000.0,30.84,23.63,74.69,1.89,2.36,2303900,2647400.0,2026-07-09,16:14:09
300093,金刚光伏,22.88,23.09,23.96,24.0,22.01,69517.0,159120000.0,123.55,52.85,46.51,6.35,3.01,2990600,3961100.0,2026-07-09,16:14:45
300094,国联水产,2.55,2.55,2.53,2.59,2.49,230930.0,58560000.0,28.77,28.19,-1.76,30.28,2.09,12046200,11046800.0,2026-07-09,16:14:48
300095,华伍股份,8.74,8.53,8.53,8.81,8.33,101695.0,87320000.0,34.47,27.76,-17.13,2.73,3.2,4796100,5373400.0,2026-07-09,16:14:48
300096,ST易联众,9.1,8.89,9.19,9.36,8.9,35885.0,32880000.0,39.13,39.13,81.95,11.74,0.83,1529300,2059200.0,2026-07-09,16:14:39
300097,智云股份,8.59,8.51,8.49,8.65,8.31,59505.0,50490000.0,24.79,23.19,-9.39,12.52,2.2,3276600,2673900.0,2026-07-09,16:14:42
300098,高新兴,4.41,4.4,4.36,4.42,4.24,386121.0,167560000.0,76.64,67.99,-1066.38,2.89,2.5,18453100,20159100.0,2026-07-09,16:14:12
300099,尤洛卡,6.04,5.94,5.94,6.07,5.81,119006.0,70790000.0,44.53,35.11,24.18,1.94,2.05,5802900,6097700.0,2026-07-09,16:14:51
300100,双林股份,25.52,26.49,26.06,26.26,24.6,127086.0,321230000.0,147.76,142.44,34.5,4.5,2.28,6185100,6523400.0,2026-07-09,16:14:18
300101,振芯科技,15.66,15.37,15.4,15.79,14.98,103492.0,158670000.0,88.93,88.63,567.11,5.05,1.83,5408900,4940300.0,2026-07-09,16:14:45
300102,乾照光电,21.51,20.46,20.48,21.6,20.0,355142.0,736530000.0,197.96,197.02,169.95,4.6,3.88,19084400,16429800.0,2026-07-09,16:14:15
300103,达刚控股,7.64,7.62,7.65,7.67,7.31,90564.0,68110000.0,24.26,24.24,-42.66,5.41,2.85,4103200,4953100.0,2026-07-09,16:14:18
300105,龙源技术,6.91,7.2,7.14,7.25,6.74,254751.0,177310000.0,35.64,35.62,-55.0,1.99,4.94,10008000,15467100.0,2026-07-09,16:14:54
300106,西部牧业,9.64,9.75,9.72,9.81,9.43,46922.0,45080000.0,20.37,20.37,-56.75,5.41,2.22,2361200,2331000.0,2026-07-09,16:14:51
300107,建新股份,5.5,5.52,5.55,5.58,5.34,75046.0,40900000.0,30.95,19.11,-135.89,2.09,2.16,3379700,4124900.0,2026-07-09,16:14:48
300108,*ST吉药,0.21,0.21,0.0,0.0,0.0,0.0,0.0,1.4,1.37,-0.32,-0.17,0.0,0,0.0,2026-07-09,09:00:00
300109,新开源,14.2,14.41,14.37,14.44,13.71,101043.0,142110000.0,81.91,73.49,46.96,2.27,1.95,5080100,5024300.0,2026-07-09,16:14:54
300110,华仁药业,2.61,2.6,2.58,2.68,2.55,234770.0,61120000.0,30.86,30.83,-6.66,3.61,1.99,11380300,12096700.0,2026-07-09,16:14:21
300111,向日葵,2.81,2.76,2.73,3.0,2.7,773764.0,218650000.0,36.17,36.17,-382.0,5.34,6.01,41870100,35506300.0,2026-07-09,16:14:57
300112,万讯自控,5.98,5.95,5.95,6.04,5.78,60974.0,36100000.0,17.22,14.21,-25.67,1.88,2.57,3217500,2879900.0,2026-07-09,16:14:24
300113,顺网科技,17.78,17.63,17.61,17.95,17.22,304640.0,537810000.0,119.87,90.5,28.23,4.91,5.98,14972300,15491700.0,2026-07-09,16:14:21
300115,长盈精密,28.47,27.41,27.74,28.55,26.78,450011.0,1245430000.0,387.58,386.43,70.72,4.65,3.32,23225800,21775400.0,2026-07-09,16:14:57
300117,*ST嘉寓,0.43,0.43,0.0,0.0,0.0,0.0,0.0,3.08,3.08,-0.76,-0.16,0.0,0,0.0,2026-07-09,09:00:00
300118,东方日升,10.49,10.4,10.41,10.55,10.0,369493.0,382670000.0,119.59,97.22,-4.09,1.44,3.99,19387500,17561900.0,2026-07-09,16:14:00
300119,瑞普生物,15.33,15.8,15.67,15.81,15.3,42784.0,66190000.0,71.25,51.14,18.16,1.54,1.28,2221400,2057000.0,2026-07-09,16:14:03
300120,经纬辉开,8.23,8.33,8.34,8.59,8.04,472214.0,391850000.0,47.27,43.41,-9.57,1.88,8.95,24242200,22979200.0,2026-07-09,16:14:06
300121,阳谷华泰,12.94,11.76,11.8,12.95,11.47,436307.0,532710000.0,57.61,55.57,29.58,1.62,10.16,21803600,21827100.0,2026-07-09,16:14:51
300122,智飞生物,11.37,11.43,11.38,11.67,11.18,200844.0,228530000.0,272.17,160.81,-1.84,1.76,1.42,9361900,10722500.0,2026-07-09,16:14:00
300123,ST亚光,3.82,3.5,3.8,4.05,3.68,639630.0,247270000.0,39.03,37.97,-3.17,12.51,6.43,34494000,29469000.0,2026-07-09,16:14:03
300124,汇川技术,64.32,63.2,63.2,64.47,62.26,375976.0,2384280000.0,1741.53,1550.31,36.74,4.97,1.56,17152200,20445400.0,2026-07-09,16:14:24
300125,*ST聆达,8.37,9.02,9.05,9.05,8.2,90100.0,77180000.0,55.73,30.2,142.39,5.34,2.5,3763700,5246300.0,2026-07-09,16:14:27
300126,锐奇股份,5.62,5.62,5.62,5.72,5.42,39495.0,22020000.0,17.08,11.84,-26.49,1.72,1.87,2080000,1869500.0,2026-07-09,16:14:09
300127,银河磁体,25.39,26.4,26.1,26.5,24.46,67758.0,171360000.0,82.05,58.6,42.71,5.7,2.94,3110300,3665500.0,2026-07-09,16:14:54
300128,锦富技术,5.15,5.18,5.23,5.24,4.91,349643.0,177400000.0,66.9,66.82,-20.11,15.86,2.69,15920700,19043600.0,2026-07-09,16:14:12
300129,泰胜风能,8.44,8.37,8.38,8.45,7.94,341926.0,280210000.0,93.59,60.66,51.11,1.62,4.76,16231700,17960900.0,2026-07-09,16:14:27
300130,新国都,18.03,18.27,18.27,18.34,17.51,129662.0,231680000.0,102.29,78.28,24.41,2.35,2.99,6176800,6789400.0,2026-07-09,16:14:15
300131,英唐智控,20.83,19.68,19.4,21.0,18.64,1387816.0,2747480000.0,236.42,217.1,1808.13,13.7,13.32,76371500,62410100.0,2026-07-09,16:14:30
300132,青松股份,5.62,5.68,5.69,5.76,5.48,129064.0,72180000.0,29.03,28.55,16.76,1.97,2.54,6313900,6592500.0,2026-07-09,16:14:33
300133,华策影视,7.37,7.15,7.1,7.42,6.99,811962.0,591540000.0,138.17,122.56,76.64,1.9,4.88,45336700,35859500.0,2026-07-09,16:14:06
300134,大富科技,7.98,7.99,7.99,8.07,7.7,108647.0,85730000.0,61.25,61.25,-22.9,1.68,1.42,5484100,5380600.0,2026-07-09,16:14:57
300135,宝利国际,3.04,3.08,3.08,3.13,2.99,154872.0,47260000.0,28.02,28.02,-30.16,3.24,1.68,7128800,8358400.0,2026-07-09,16:14:18
300136,信维通信,99.71,89.88,91.02,100.45,87.29,653201.0,6022990000.0,964.76,822.81,131.07,12.1,7.92,35408300,29911800.0,2026-07-09,16:14:36
300137,先河环保,17.26,16.85,16.81,17.5,16.15,281512.0,470460000.0,92.61,91.48,3350.29,5.65,5.31,12647000,15504100.0,2026-07-09,16:14:09
300138,晨光生物,9.62,9.76,9.71,9.74,9.5,36754.0,35250000.0,46.47,38.32,13.05,1.4,0.92,1510600,2164800.0,2026-07-09,16:14:39
300139,晓程科技,37.24,37.53,35.38,37.49,35.38,317697.0,1157430000.0,102.04,87.01,55.06,8.56,13.6,16104900,15664900.0,2026-07-09,16:14:42
300140,节能环境,5.0,5.05,5.06,5.06,4.95,128738.0,64280000.0,154.95,51.01,17.03,1.09,1.26,5991300,6882500.0,2026-07-09,16:14:21
300141,和顺电气,8.99,8.88,8.88,9.03,8.6,39415.0,34830000.0,23.18,22.89,-57.46,3.74,1.55,1984300,1957200.0,2026-07-09,16:14:24
300142,沃森生物,12.5,12.31,12.18,12.66,11.99,522052.0,645970000.0,199.92,197.12,69.96,2.77,3.31,26985800,25219400.0,2026-07-09,16:14:30
300143,盈康生命,6.75,6.75,6.73,6.94,6.63,90976.0,61450000.0,65.67,56.27,102.13,2.6,1.09,3714000,5383500.0,2026-07-09,16:14:27
300144,宋城演艺,5.78,6.05,5.88,5.94,5.75,579431.0,337460000.0,150.79,149.22,19.33,2.14,2.24,22537200,35405900.0,2026-07-09,16:14:00
300145,南方泵业,6.36,6.34,6.3,6.49,6.04,2247774.0,1397430000.0,122.13,121.53,48.76,4.24,11.76,104428900,120348500.0,2026-07-09,16:14:33
300146,汤臣倍健,9.1,9.2,9.15,9.22,9.02,91742.0,83390000.0,153.94,101.98,21.11,1.43,0.82,4073700,5100500.0,2026-07-09,16:14:36
300147,*ST香雪,9.24,9.36,9.34,9.34,9.16,66854.0,61770000.0,61.1,60.74,-4.32,-12.96,1.02,2304300,4381100.0,2026-07-09,16:14:30
300148,天舟文化,3.16,3.14,3.11,3.2,3.07,245839.0,77040000.0,26.64,25.73,49.78,2.58,3.02,12284400,12299500.0,2026-07-09,16:14:39
300149,睿智医药,8.45,8.78,8.55,8.96,8.25,256763.0,218900000.0,42.08,40.1,-369.55,3.28,5.41,11990700,13685600.0,2026-07-09,16:14:33
300150,世纪瑞尔,3.83,3.81,3.8,3.86,3.7,77288.0,29300000.0,22.41,17.76,58.87,1.42,1.67,3786600,3942200.0,2026-07-09,16:14:12
300151,昌红科技,22.71,22.01,22.65,23.0,20.8,238679.0,521410000.0,120.93,83.73,189.53,7.87,6.47,12172400,11695500.0,2026-07-09,16:14:36
300152,*ST动力,1.55,1.55,1.54,1.6,1.52,180736.0,28160000.0,11.05,11.05,-34.39,5.23,2.54,9030200,9043400.0,2026-07-09,16:14:42
300153,科泰电源,22.8,22.46,22.36,22.95,21.36,146857.0,326680000.0,72.96,72.58,127.05,7.98,4.61,7375600,7310000.0,2026-07-09,16:14:03
300154,瑞凌股份,9.17,8.88,8.78,9.28,8.57,152083.0,136090000.0,41.22,28.9,46.82,2.41,4.83,6845400,8362900.0,2026-07-09,16:14:45
300155,安居宝,3.9,3.93,3.91,3.99,3.82,61449.0,23900000.0,21.89,12.85,-40.05,1.83,1.87,2618100,3526800.0,2026-07-09,16:14:45
300157,新锦动力,3.86,3.61,3.66,3.98,3.6,963463.0,368300000.0,29.1,27.76,-43.17,-14.14,13.4,55661900,40684400.0,2026-07-09,16:14:06
300158,振东制药,4.74,4.83,4.76,4.87,4.67,117822.0,55870000.0,47.04,47.0,-15.51,1.4,1.19,4970600,6811600.0,2026-07-09,16:14:39
300159,新研股份,3.12,3.09,3.1,3.16,3.04,375610.0,116630000.0,102.66,57.48,72.43,3.67,2.04,19352400,18208600.0,2026-07-09,16:14:09
300160,秀强股份,4.18,4.23,4.25,4.27,4.13,58857.0,24650000.0,32.31,31.86,22.07,1.23,0.77,2482100,3403600.0,2026-07-09,16:14:48
300161,华中数控,28.61,28.73,29.0,29.15,27.7,39380.0,111640000.0,56.85,55.79,-1248.8,3.68,2.02,2032600,1905400.0,2026-07-09,16:14:42
300162,雷曼光电,11.25,10.9,10.99,11.34,10.05,655517.0,709000000.0,47.19,38.49,-81.04,5.71,19.16,30327100,35224600.0,2026-07-09,16:14:12
300163,先锋新材,6.5,7.07,6.8,7.02,6.43,588025.0,393440000.0,30.81,29.68,90.0,5.61,12.88,24411200,34391300.0,2026-07-09,16:14:15
300164,通源石油,9.18,8.13,8.51,9.76,8.51,2626277.0,2407170000.0,54.02,53.54,235.53,3.92,45.03,132112600,130515100.0,2026-07-09,16:14:45
300165,天瑞仪器,5.06,5.03,5.01,5.11,4.88,109946.0,55080000.0,25.07,21.28,-11.22,2.38,2.61,5795800,5198800.0,2026-07-09,16:14:48
300166,东方国信,16.2,15.94,16.3,16.6,15.23,873940.0,1393830000.0,184.48,146.73,-84.19,3.23,9.65,42912700,44481200.0,2026-07-09,16:14:51
300167,ST迪威迅,4.52,4.62,4.61,4.66,4.48,40856.0,18590000.0,18.82,16.0,-62.58,14.63,1.15,1218200,2867400.0,2026-07-09,16:14:48
300168,万达信息,4.62,4.65,4.73,4.75,4.52,221360.0,102360000.0,66.56,66.49,-14.46,6.47,1.54,11175000,10961100.0,2026-07-09,16:14:51
300169,天晟新材,4.6,4.65,4.66,4.72,4.5,70174.0,32280000.0,15.62,13.88,48.15,14.58,2.33,3092500,3924900.0,2026-07-09,16:14:51
300170,汉得信息,15.01,14.67,14.47,15.12,14.35,556670.0,824570000.0,156.17,149.13,67.79,2.72,5.6,29208300,26458700.0,2026-07-09,16:14:54
300171,东富龙,11.16,11.35,11.32,11.48,11.03,86204.0,96540000.0,85.47,62.79,41.14,1.08,1.53,4000500,4619900.0,2026-07-09,16:14:15
300172,中电环保,4.11,4.16,4.15,4.17,4.04,103988.0,42510000.0,27.81,21.49,35.07,1.47,1.99,4752700,5646200.0,2026-07-09,16:14:54
300173,ST福能,3.22,3.22,3.22,3.28,3.17,53132.0,17110000.0,23.66,23.66,-15.39,2.91,0.72,2189500,3123700.0,2026-07-09,16:14:57
300174,元力股份,24.88,24.49,24.9,26.19,23.24,322749.0,791890000.0,90.62,90.3,40.64,2.62,8.89,16722100,15552800.0,2026-07-09,16:14:18
300175,朗源股份,5.51,5.47,5.46,5.54,5.29,88302.0,47610000.0,25.94,25.94,-155.26,5.21,1.88,4331400,4498800.0,2026-07-09,16:14:18
300176,鸿特科技,4.81,4.87,4.81,4.92,4.71,78320.0,37610000.0,18.63,18.63,38.71,1.91,2.02,3835100,3996900.0,2026-07-09,16:14:57
300177,中海达,6.0,5.93,5.9,6.02,5.73,102865.0,60590000.0,44.65,36.38,-18.81,3.54,1.7,5534400,4752100.0,2026-07-09,16:14:00
300179,四方达,50.67,50.51,49.92,51.68,47.38,569983.0,2824710000.0,246.12,189.5,241.41,21.85,15.24,28676600,28321600.0,2026-07-09,16:14:00
300180,华峰超纤,3.95,3.96,3.93,4.0,3.86,239360.0,93900000.0,69.56,67.65,2462.15,1.49,1.4,11483700,12452300.0,2026-07-09,16:14:54
300181,佐力药业,13.32,13.71,13.64,13.77,13.2,174720.0,234160000.0,93.42,80.31,14.36,2.94,2.9,7073900,10398100.0,2026-07-09,16:14:03
300182,捷成股份,4.76,4.65,4.61,4.82,4.56,844840.0,399870000.0,126.8,107.55,73.68,1.49,3.74,47856300,36627700.0,2026-07-09,16:14:57
300183,东软载波,9.98,9.95,9.92,10.04,9.65,66530.0,65630000.0,46.17,37.03,-287.62,1.49,1.79,3542900,3110100.0,2026-07-09,16:14:06
300184,力源信息,15.58,15.05,15.35,15.62,14.68,829430.0,1265080000.0,179.02,163.91,66.57,4.28,7.88,43887500,39055600.0,2026-07-09,16:14:03
300185,通裕重工,2.71,2.7,2.7,2.72,2.67,599350.0,161580000.0,109.38,104.24,161.06,1.55,1.56,28650400,31284600.0,2026-07-09,16:14:21
300187,永清环保,5.05,5.23,5.19,5.24,4.95,205485.0,103940000.0,32.6,32.41,25.19,2.86,3.2,7983600,12564900.0,2026-07-09,16:14:21
300188,国投智能,9.98,10.19,9.92,10.11,9.84,145146.0,144850000.0,85.78,85.38,-10.62,3.44,1.7,6088200,8426300.0,2026-07-09,16:14:09
300189,神农种业,4.12,4.14,4.1,4.19,4.03,385394.0,158190000.0,42.19,36.51,37.24,6.13,4.35,17679000,20860300.0,2026-07-09,16:14:24
300190,维尔利,4.11,4.06,4.03,4.12,3.97,159186.0,64320000.0,38.97,38.81,-13.5,1.27,1.69,7892000,8026600.0,2026-07-09,16:14:00
300191,潜能恒信,28.21,26.97,27.61,30.89,27.42,335918.0,966360000.0,90.27,62.4,130.44,7.92,15.19,15904500,17687300.0,2026-07-09,16:14:03
300192,科德教育,11.47,11.78,11.67,11.76,11.13,122128.0,139740000.0,52.85,52.24,47.96,5.29,2.68,5029900,7182900.0,2026-07-09,16:14:06
300193,佳士科技,7.6,7.62,7.62,7.65,7.45,48435.0,36450000.0,36.19,31.87,20.49,1.61,1.15,2337500,2506000.0,2026-07-09,16:14:09
300194,福安药业,3.55,3.56,3.52,3.63,3.49,133948.0,47550000.0,42.23,34.38,67.18,0.97,1.38,6676100,6718700.0,2026-07-09,16:14:06
300195,长荣股份,5.08,5.08,5.04,5.15,4.9,147663.0,74100000.0,21.52,15.94,-156.99,0.81,4.7,6677600,8088700.0,2026-07-09,16:14:12
300196,长海股份,21.79,20.78,21.2,21.82,20.4,243105.0,518310000.0,89.08,53.83,27.38,1.91,9.84,11879000,12431500.0,2026-07-09,16:14:09
300197,节能铁汉,1.84,1.83,1.84,1.89,1.8,1175435.0,216410000.0,54.56,54.56,-2.67,-15.15,3.96,60360800,57182600.0,2026-07-09,16:14:12
300198,*ST纳川,2.16,2.17,2.17,2.18,2.13,55495.0,11950000.0,22.28,22.17,-8.3,4.63,0.54,2272100,3277400.0,2026-07-09,16:14:24
300199,翰宇药业,25.78,24.77,24.56,25.9,23.88,706344.0,1754110000.0,227.7,192.1,240.91,30.71,9.48,39367500,31266800.0,2026-07-09,16:14:15
300200,高盟新材,9.91,9.68,9.6,9.95,9.46,164853.0,160300000.0,42.71,42.01,47.46,2.68,3.89,7933900,8551400.0,2026-07-09,16:14:27
300201,海伦哲,17.0,16.7,16.95,17.13,16.19,365245.0,609850000.0,171.54,170.62,53.04,9.26,3.64,17919800,18604700.0,2026-07-09,16:14:30
300203,聚光科技,12.63,12.92,12.92,13.15,12.29,143151.0,180530000.0,56.68,56.63,-19.9,2.19,3.19,6570100,7745000.0,2026-07-09,16:14:12
300204,舒泰神,23.18,23.75,22.29,24.39,22.27,438154.0,1011100000.0,110.75,105.16,-132.06,13.68,9.66,22775500,21039900.0,2026-07-09,16:14:15
300205,*ST天喻,4.62,4.58,4.59,4.66,4.52,18784.0,8610000.0,19.87,19.87,-3.27,4.78,0.44,866700,1011700.0,2026-07-09,16:14:27
300206,理邦仪器,12.16,12.01,11.99,12.39,11.88,67865.0,82170000.0,70.49,41.15,20.4,3.33,2.01,3183800,3602700.0,2026-07-09,16:14:18
300207,欣旺达,17.34,17.24,17.23,17.41,16.63,405679.0,692360000.0,320.35,297.19,40.81,1.31,2.37,20483300,20084600.0,2026-07-09,16:14:33
300208,中程退,0.28,0.28,0.0,0.0,0.0,0.0,0.0,2.1,1.92,-1.4,2.43,0.0,0,0.0,2026-07-09,09:00:00
300209,行云科技,26.34,26.0,25.45,27.25,25.24,524699.0,1371570000.0,244.6,193.48,-232.08,27.25,7.14,26289200,26180600.0,2026-07-09,16:14:36
300210,森远股份,8.45,8.45,8.41,8.48,8.17,97639.0,81460000.0,40.92,40.92,-107.02,10.91,2.02,4279700,5484200.0,2026-07-09,16:14:39
300211,*ST亿通,7.57,7.24,7.25,7.62,7.25,48423.0,36040000.0,23.01,22.6,-81.29,5.22,1.62,2629600,2212700.0,2026-07-09,16:14:15
300212,*ST易录,8.82,8.76,8.6,9.05,8.45,150954.0,132760000.0,63.49,61.61,-2.4,-3.17,2.16,7869700,7225700.0,2026-07-09,16:14:21
300213,佳讯飞鸿,5.95,5.94,5.92,5.98,5.72,150086.0,87990000.0,35.36,32.86,-25.1,1.73,2.72,7534300,7474400.0,2026-07-09,16:14:24
300214,日科化学,10.25,10.25,0.0,0.0,0.0,0.0,0.0,47.65,47.65,-250.86,1.99,0.0,0,0.0,2026-07-09,16:14:18
300215,电科院,6.18,6.28,6.25,6.36,5.95,139539.0,85250000.0,46.29,46.29,161.79,2.33,1.86,6786200,7167700.0,2026-07-09,16:14:30
300217,东方电热,4.15,4.13,4.13,4.16,4.05,227546.0,93440000.0,61.34,51.52,43.96,1.45,1.83,9743200,13011400.0,2026-07-09,16:14:33
300218,安利股份,12.8,12.81,12.83,12.88,12.32,31199.0,39400000.0,27.77,27.68,30.68,1.83,1.44,1393700,1726200.0,2026-07-09,16:14:21
300219,鸿利智汇,7.78,7.57,7.62,7.8,7.29,357532.0,270720000.0,55.08,54.98,54.3,2.17,5.06,17870500,17882700.0,2026-07-09,16:14:36
300220,金运激光,9.92,9.87,9.88,10.03,9.6,28093.0,27570000.0,15.0,14.98,-381.84,24.74,1.86,1518100,1291200.0,2026-07-09,16:14:42
300221,银禧科技,15.2,15.2,15.22,15.41,14.41,318070.0,471930000.0,72.01,69.49,54.87,4.78,6.96,15660100,16146900.0,2026-07-09,16:14:39
300222,科大智能,11.6,11.83,11.75,11.82,10.93,429775.0,488580000.0,90.28,73.52,103.82,5.1,6.78,19516500,23461000.0,2026-07-09,16:14:42
300223,北京君正,236.02,215.38,221.0,237.0,220.68,425540.0,9769340000.0,1141.54,995.28,183.73,9.0,10.09,22457500,20096600.0,2026-07-09,16:14:18
300224,正海磁材,12.31,12.82,12.57,12.79,12.0,307428.0,377830000.0,114.57,114.15,40.21,2.29,3.32,12534300,18208500.0,2026-07-09,16:14:45
300225,金力泰,7.33,7.21,7.19,7.34,6.84,161955.0,114730000.0,34.85,34.6,135.76,3.97,3.43,9038900,7156600.0,2026-07-09,16:14:45
300226,上海钢联,15.32,15.3,15.19,15.49,14.89,64640.0,98310000.0,58.59,56.33,27.39,2.63,1.76,2961500,3502500.0,2026-07-09,16:14:24
300227,光韵达,10.07,9.96,9.96,10.32,9.73,215150.0,215520000.0,60.01,45.95,-19.76,3.76,4.71,9910700,11604300.0,2026-07-09,16:14:27
300228,富瑞特装,7.56,7.74,7.64,7.82,7.34,269442.0,203220000.0,45.17,42.25,18.22,1.83,4.82,11241700,15702600.0,2026-07-09,16:14:27
300229,拓尔思,13.42,13.15,13.01,13.67,12.9,244723.0,326430000.0,117.24,117.16,-33.67,3.11,2.8,12749600,11722800.0,2026-07-09,16:14:21
300230,永利股份,4.05,4.08,4.08,4.09,3.98,83720.0,33740000.0,32.94,25.51,18.48,1.05,1.33,3817900,4554100.0,2026-07-09,16:14:48
300231,银信科技,7.7,7.71,7.68,7.75,7.44,87895.0,66910000.0,34.21,34.21,66.39,2.17,1.98,3934400,4855100.0,2026-07-09,16:14:48
300232,洲明科技,5.07,5.15,5.19,5.21,4.95,231484.0,116780000.0,55.13,44.9,-74.13,1.23,2.61,10370500,12777900.0,2026-07-09,16:14:30
300233,金城医药,13.0,13.23,13.0,13.37,12.7,228669.0,296660000.0,49.9,48.08,74.57,1.36,6.18,10425700,12441200.0,2026-07-09,16:14:33
300234,开尔新材,9.85,9.59,9.59,9.86,9.36,140610.0,135470000.0,49.56,33.88,-272.9,4.39,4.09,7672900,6388100.0,2026-07-09,16:14:51
300235,方直科技,11.75,11.93,11.93,12.05,11.33,59038.0,69020000.0,29.58,23.87,209.46,4.21,2.91,2719500,3184300.0,2026-07-09,16:14:36
300236,上海新阳,131.32,110.58,115.05,132.5,115.0,247159.0,3054040000.0,411.53,365.79,116.52,8.83,8.87,15171500,9544400.0,2026-07-09,16:14:51
300237,ST美晨,1.87,1.86,1.88,1.94,1.85,225140.0,42420000.0,26.96,26.96,-7.42,60.39,1.56,10199400,12314600.0,2026-07-09,16:14:39
300238,冠昊生物,11.29,11.56,11.38,11.74,11.04,65673.0,74300000.0,29.94,29.93,152.41,5.16,2.48,3312100,3255200.0,2026-07-09,16:14:42
300239,东宝生物,5.0,5.03,5.03,5.12,4.88,108654.0,54270000.0,29.68,29.49,53.98,1.73,1.84,5036400,5829000.0,2026-07-09,16:14:30
300240,飞力达,5.06,5.09,5.04,5.15,4.96,59540.0,29990000.0,18.8,18.39,862.39,1.32,1.64,2659900,3294100.0,2026-07-09,16:14:54
300241,瑞丰光电,6.04,6.42,6.32,6.43,5.61,633505.0,380500000.0,43.29,36.27,64.09,1.91,10.55,26153700,37196800.0,2026-07-09,16:14:45
300242,佳云科技,4.39,4.33,4.28,4.43,4.15,230846.0,99700000.0,27.86,27.86,-96.32,11.49,3.64,12188100,10896500.0,2026-07-09,16:14:48
300243,瑞丰高材,16.11,16.12,16.18,16.45,15.36,198160.0,315960000.0,45.04,36.03,99.45,4.15,8.86,9912600,9903400.0,2026-07-09,16:14:54
300244,迪安诊断,18.34,18.71,18.42,19.09,17.64,320009.0,584460000.0,114.62,91.97,88.56,1.82,6.38,15369700,16631200.0,2026-07-09,16:14:57
300245,ST天玑,5.6,5.55,5.51,5.76,5.42,86514.0,48650000.0,17.08,17.05,-39.65,1.42,2.84,4472100,4179300.0,2026-07-09,16:14:24
300246,宝莱特,14.91,14.31,14.48,14.99,14.13,80434.0,117170000.0,39.45,31.53,-43.26,3.67,3.8,4486800,3556600.0,2026-07-09,16:14:00
300247,融捷健康,3.65,3.7,3.67,3.71,3.57,96447.0,34970000.0,29.35,29.35,43.44,2.54,1.2,4105800,5538900.0,2026-07-09,16:14:57
300248,新开普,7.53,7.52,7.45,7.64,7.32,80764.0,60360000.0,35.87,30.8,60.63,1.7,1.97,4013300,4063100.0,2026-07-09,16:14:51
300249,依米康,16.04,15.24,15.42,16.39,14.6,344299.0,530380000.0,73.53,60.01,223.22,11.8,9.2,17784600,16645300.0,2026-07-09,16:14:27
300250,初灵信息,14.18,14.17,13.96,14.31,13.67,65284.0,91350000.0,30.31,22.32,78.94,5.49,4.15,3283400,3245000.0,2026-07-09,16:14:03
300251,光线传媒,12.26,12.4,12.15,12.56,11.95,955114.0,1173230000.0,359.66,340.26,-112.27,3.75,3.44,43391400,52119900.0,2026-07-09,16:14:54
300252,金信诺,14.31,13.67,13.72,14.37,13.36,396045.0,551190000.0,97.91,79.96,303.31,3.95,7.09,19704300,19900200.0,2026-07-09,16:14:06
300253,卫宁健康,6.77,6.67,6.64,6.87,6.55,519337.0,348580000.0,149.03,125.56,-40.81,2.77,2.8,27575200,24358400.0,2026-07-09,16:14:00
300254,仟源医药,7.95,7.88,7.92,8.22,7.75,103816.0,82640000.0,20.35,17.96,114.32,4.63,4.6,4969800,5411800.0,2026-07-09,16:14:33
300255,常山药业,21.95,22.25,22.0,22.88,21.19,378076.0,827040000.0,201.73,201.42,-56.7,16.67,4.12,19618800,18188800.0,2026-07-09,16:14:36
300256,星星科技,2.55,2.49,2.48,2.56,2.45,256546.0,64580000.0,57.84,57.21,-134.98,6.38,1.14,14735100,10919500.0,2026-07-09,16:14:57
300257,开山股份,28.06,27.39,27.62,29.13,26.9,133307.0,371010000.0,278.81,267.89,78.43,4.26,1.4,6697300,6633400.0,2026-07-09,16:14:00
300258,精锻科技,10.75,10.58,10.58,10.75,10.35,97685.0,103380000.0,62.89,61.26,68.89,1.34,1.71,4669700,5098800.0,2026-07-09,16:14:03
300259,新天科技,5.42,5.38,5.37,5.49,5.16,361106.0,192360000.0,62.61,62.59,25.78,2.12,3.13,17077400,19033200.0,2026-07-09,16:14:03
300260,新莱应材,95.0,86.26,87.81,96.0,86.5,238933.0,2186660000.0,387.42,273.26,218.97,18.03,8.31,12166500,11726800.0,2026-07-09,16:14:39
300261,雅本化学,4.37,4.39,4.37,4.45,4.27,95160.0,41270000.0,42.1,41.2,-20.6,2.31,1.01,4517000,4998900.0,2026-07-09,16:14:06
300263,隆华科技,13.93,13.02,13.21,14.05,12.62,797048.0,1063070000.0,144.18,135.89,68.8,3.49,8.17,41869700,37835100.0,2026-07-09,16:14:42
300264,佳创视讯,7.67,7.74,7.65,7.76,7.47,133537.0,101630000.0,33.05,28.41,-81.31,379.04,3.61,5695900,7657800.0,2026-07-09,16:14:09
300265,通光线缆,15.57,15.01,15.11,15.6,14.33,375801.0,567090000.0,72.81,72.76,237.95,3.11,8.04,18235800,19344300.0,2026-07-09,16:14:09
300266,兴源环境,1.76,1.79,1.78,1.82,1.73,157335.0,27760000.0,27.35,27.33,-11.73,89.53,1.01,6724200,9009300.0,2026-07-09,16:14:45
300267,尔康制药,3.17,3.22,3.2,3.27,3.13,307273.0,97890000.0,65.38,45.09,-16.56,1.63,2.16,13701400,17025900.0,2026-07-09,16:14:12
300268,佳沃食品,10.62,10.49,10.63,10.69,10.28,21829.0,22990000.0,18.5,14.2,-7.28,-1.79,1.63,987200,1195700.0,2026-07-09,16:14:15
300269,联建光电,5.13,4.9,4.86,5.16,4.81,399761.0,200080000.0,28.17,26.97,-665.85,33.91,7.6,21838800,18137300.0,2026-07-09,16:14:48
300270,中威电子,12.99,11.4,11.76,13.2,11.64,326278.0,414680000.0,39.33,33.89,-92.65,7.15,12.5,17500200,15127600.0,2026-07-09,16:14:06
300271,华宇软件,4.91,4.91,4.86,4.94,4.77,96548.0,46900000.0,39.86,39.0,-19.36,1.13,1.22,4142600,5512200.0,2026-07-09,16:14:09
300272,开能健康,5.29,5.3,5.29,5.37,5.15,62003.0,32490000.0,32.35,24.57,79.82,2.62,1.33,2993100,3207200.0,2026-07-09,16:14:12
300274,阳光电源,124.01,124.49,124.0,124.6,118.06,673516.0,8170920000.0,2570.99,1968.69,21.56,5.44,4.24,32616700,34735000.0,2026-07-09,16:14:51
300275,梅安森,7.83,7.82,7.82,7.89,7.54,54938.0,42410000.0,24.12,21.26,61.86,2.55,2.02,2606100,2887700.0,2026-07-09,16:14:30
300276,三丰智能,6.99,7.07,6.8,7.02,6.71,579084.0,398040000.0,97.93,73.89,-47.92,5.59,5.48,26170600,31737700.0,2026-07-09,16:14:12
300277,汽轮科技,13.77,13.84,13.95,14.0,13.4,181521.0,248810000.0,208.84,105.4,455.77,2.07,2.37,9258800,8893300.0,2026-07-09,16:14:15
300278,华昌达,3.75,3.77,3.75,3.78,3.62,217550.0,80640000.0,53.02,52.85,-84.86,3.17,1.54,10565000,11190000.0,2026-07-09,16:14:18
300279,和晶科技,5.6,5.46,5.44,5.61,5.3,154585.0,84310000.0,27.39,27.27,74.77,2.62,3.17,8500600,6957900.0,2026-07-09,16:14:15
300280,紫天退,0.33,0.33,0.0,0.0,0.0,0.0,0.0,0.53,0.53,-0.04,0.04,0.0,0,0.0,2026-07-09,09:00:00
300281,金明精机,6.3,6.26,6.25,6.33,5.97,108380.0,66630000.0,26.39,25.03,-3031.21,2.13,2.73,5391400,5446700.0,2026-07-09,16:14:18
300283,温州宏丰,18.0,17.55,17.8,18.11,16.73,392122.0,687770000.0,89.46,66.1,92.7,7.68,10.68,19091400,20120800.0,2026-07-09,16:14:21
300284,苏交科,5.02,5.1,5.07,5.12,4.96,134190.0,67380000.0,63.39,59.12,294.59,0.77,1.14,6566500,6852500.0,2026-07-09,16:14:54
300285,国瓷材料,80.8,78.49,79.5,81.09,74.0,1188366.0,9293640000.0,805.62,689.76,130.61,11.33,13.92,62455200,56381400.0,2026-07-09,16:14:21
300286,安科瑞,20.86,20.67,20.7,20.9,19.8,85530.0,174630000.0,52.31,43.34,25.74,2.36,4.12,3832500,4720500.0,2026-07-09,16:14:18
300287,飞利信,3.77,3.85,3.77,3.81,3.63,1038875.0,387240000.0,54.11,49.7,-34.33,5.46,7.88,44274600,59612900.0,2026-07-09,16:14:24
300288,朗玛信息,8.88,8.97,8.96,9.1,8.72,44488.0,39520000.0,30.01,22.78,-2271.76,2.78,1.73,2128200,2320600.0,2026-07-09,16:14:21
300289,利德曼,5.3,5.39,5.38,5.51,5.19,75556.0,40280000.0,28.83,28.79,-112.17,1.76,1.39,3366900,4188700.0,2026-07-09,16:14:33
300290,ST荣科,4.26,4.4,4.33,4.49,4.22,379085.0,164290000.0,27.25,27.24,-73.12,3.66,5.93,15793800,22114700.0,2026-07-09,16:14:24
300291,百纳千成,4.82,4.76,4.72,4.92,4.65,286175.0,137130000.0,45.4,44.82,-4.19,2.23,3.08,15134000,13483500.0,2026-07-09,16:14:57
300292,吴通控股,4.44,4.34,4.35,4.45,4.19,757886.0,328860000.0,59.57,49.55,48.21,4.06,6.79,36931200,38857400.0,2026-07-09,16:14:36
300293,蓝英装备,17.97,17.9,17.7,18.08,17.37,74423.0,132320000.0,60.82,60.82,-44.26,8.18,2.2,3706400,3735900.0,2026-07-09,16:14:24
300294,博雅生物,14.38,14.59,14.48,14.82,14.33,51578.0,74710000.0,72.51,72.51,2110.89,0.98,1.02,2203500,2954300.0,2026-07-09,16:14:27
300295,*ST三六五,10.1,10.02,10.09,10.19,9.9,14845.0,14860000.0,19.15,16.92,-39.89,1.77,0.89,565100,919400.0,2026-07-09,16:14:27
300296,利亚德,5.25,5.15,5.19,5.27,5.11,530220.0,275330000.0,142.38,121.6,57.49,1.82,2.29,26135900,26886100.0,2026-07-09,16:14:30
300298,三诺生物,14.24,14.39,14.35,14.62,14.12,52827.0,75770000.0,79.29,63.8,67.07,2.74,1.18,2742700,2540000.0,2026-07-09,16:14:00
300299,富春股份,4.95,4.87,4.83,5.0,4.79,155297.0,76140000.0,34.17,34.12,-45.72,9.08,2.25,8452000,7077700.0,2026-07-09,16:14:39
300300,海峡创新,6.96,6.89,6.92,7.1,6.72,398598.0,275570000.0,46.41,46.41,32.77,17.45,5.98,18330500,21529300.0,2026-07-09,16:14:30
300301,ST长方,3.67,3.67,3.71,3.73,3.61,76811.0,28070000.0,30.46,28.99,-20.55,41.94,0.97,3074300,4606800.0,2026-07-09,16:14:33
300302,同有科技,42.25,39.97,40.77,42.35,39.41,342763.0,1407440000.0,202.49,155.82,332.25,18.39,9.29,17649300,16627000.0,2026-07-09,16:14:33
300303,聚飞光电,9.05,8.58,8.68,9.08,8.55,681110.0,599510000.0,128.22,120.24,44.92,3.49,5.13,38367700,29743300.0,2026-07-09,16:14:36
300304,云意电气,14.58,14.57,14.9,14.9,13.72,306768.0,437040000.0,128.03,124.59,29.11,3.81,3.59,16178600,14498200.0,2026-07-09,16:14:03
300305,裕兴股份,5.18,5.23,5.14,5.31,5.05,113732.0,58880000.0,19.45,16.65,-7.85,1.0,3.54,5314000,6059200.0,2026-07-09,16:14:42
300306,远方信息,9.27,9.34,9.36,9.36,9.03,34917.0,32100000.0,24.93,14.61,35.34,1.75,2.22,1851400,1640300.0,2026-07-09,16:14:45
300307,慈星股份,6.66,6.72,6.74,6.82,6.4,205468.0,135150000.0,53.32,52.41,47.6,1.62,2.61,8945100,11601700.0,2026-07-09,16:14:06
300308,中际旭创,1194.9,1128.35,1153.0,1199.99,1117.01,358884.0,41608730000.0,13325.94,13262.67,89.14,38.47,3.23,18797700,17090700.0,2026-07-09,16:14:48
300310,宜通世纪,4.04,4.02,4.0,4.07,3.88,228326.0,91030000.0,35.62,27.93,213.69,1.89,3.3,11071000,11761700.0,2026-07-09,16:14:36
300311,ST任子行,5.38,5.44,5.41,5.43,5.27,90339.0,48340000.0,36.24,28.91,103.53,5.54,1.68,3301300,5732600.0,2026-07-09,16:14:39
300313,天山生物,8.0,8.0,8.0,8.19,7.88,48937.0,39210000.0,19.18,15.79,-106.19,52.21,2.48,2259100,2634600.0,2026-07-09,16:14:09
300314,戴维医疗,9.24,9.35,9.35,9.51,9.1,28092.0,25970000.0,26.61,13.28,35.78,2.18,1.95,1424800,1384400.0,2026-07-09,16:14:39
300315,掌趣科技,3.98,3.91,3.88,4.03,3.83,670823.0,265800000.0,107.76,101.15,-82.4,2.3,2.64,38000300,29081900.0,2026-07-09,16:14:12
300316,晶盛机电,49.5,47.2,48.09,49.79,46.66,232720.0,1128140000.0,648.22,609.62,156.43,3.81,1.89,12175300,11096800.0,2026-07-09,16:14:15
300317,珈伟新能,3.61,3.54,3.58,3.65,3.48,344927.0,123180000.0,29.97,29.92,-16.32,2.11,4.16,17528400,16964300.0,2026-07-09,16:14:27
300318,博晖创新,4.41,4.41,4.4,4.52,4.32,80598.0,35500000.0,36.03,34.95,-37.86,2.82,1.02,3954300,4105500.0,2026-07-09,16:14:18
300319,麦捷科技,22.22,21.39,21.81,22.58,20.7,988085.0,2150690000.0,197.22,189.15,65.49,4.08,11.61,49552800,49255700.0,2026-07-09,16:14:30
300320,海达股份,8.49,8.58,8.53,8.67,8.24,114264.0,96210000.0,51.04,41.2,21.07,1.98,2.35,5194600,6231800.0,2026-07-09,16:14:51
300321,同大股份,47.26,48.0,47.89,48.74,45.76,35480.0,167650000.0,41.97,41.92,476.84,6.65,4.0,1956200,1591800.0,2026-07-09,16:14:33
300322,硕贝德,22.08,21.71,21.63,22.15,20.69,224549.0,481490000.0,101.58,97.25,167.65,9.98,5.1,11653300,10801600.0,2026-07-09,16:14:42
300323,华灿光电,16.17,15.61,15.97,16.35,15.46,841380.0,1346620000.0,262.44,192.05,-90.57,3.96,7.08,42408000,41730100.0,2026-07-09,16:14:42
300324,旋极信息,3.83,3.78,3.76,3.84,3.66,452707.0,170050000.0,66.17,65.49,-14.95,2.67,2.65,22888900,22381800.0,2026-07-09,16:14:21
300326,ST凯利,5.99,6.05,6.04,6.07,5.88,52023.0,31070000.0,42.95,42.93,23.96,1.51,0.73,2398800,2803500.0,2026-07-09,16:14:54
300327,中颖电子,30.38,29.92,30.31,30.4,29.02,209104.0,624920000.0,103.71,102.94,159.33,5.73,6.17,10142000,10768400.0,2026-07-09,16:14:36
300328,宜安科技,11.93,13.7,12.49,12.95,11.43,1024148.0,1240180000.0,82.37,81.96,-268.17,8.01,14.91,52281200,50133600.0,2026-07-09,16:14:45
300329,海伦钢琴,10.89,10.89,10.88,10.95,10.59,32229.0,34740000.0,27.54,27.46,-27.34,4.53,1.28,1285200,1937700.0,2026-07-09,16:14:45
300331,苏大维格,66.1,62.17,62.93,67.0,60.5,139274.0,881520000.0,171.64,146.83,-2939.4,11.14,6.27,6923000,7004400.0,2026-07-09,16:14:57
300332,天壕能源,4.8,4.3,4.64,5.03,4.5,846833.0,404580000.0,40.69,39.0,-12.9,1.08,10.42,45534100,39149200.0,2026-07-09,16:14:48
300333,兆日科技,7.65,7.54,7.54,7.67,7.34,80075.0,60310000.0,25.7,25.61,-120.26,4.56,2.39,3816400,4191100.0,2026-07-09,16:14:39
300334,津膜科技,9.15,9.15,9.1,9.22,8.76,109576.0,98900000.0,27.64,27.64,-85.01,5.05,3.63,5707300,5250300.0,2026-07-09,16:14:51
300335,迪森股份,4.75,4.78,4.75,4.82,4.64,96263.0,45500000.0,22.66,18.25,55.41,1.2,2.51,4498200,5128100.0,2026-07-09,16:14:48
300337,银邦股份,10.8,10.56,10.53,10.83,10.1,214034.0,223680000.0,88.77,76.83,102.85,5.02,3.01,11751400,9652000.0,2026-07-09,16:14:00
300338,*ST开元,2.95,2.89,2.88,3.05,2.85,87815.0,26010000.0,11.88,10.32,-8.32,-9.34,2.51,3746300,5035200.0,2026-07-09,16:14:51
300339,润和软件,38.31,37.41,37.04,38.46,36.59,285623.0,1077990000.0,305.1,297.93,213.32,8.5,3.67,16291000,12271300.0,2026-07-09,16:14:03
300340,科恒股份,7.94,8.06,8.05,8.07,7.6,63570.0,49630000.0,21.88,21.71,-9.03,33.97,2.32,3207900,3149100.0,2026-07-09,16:14:42
300341,麦克奥迪,12.61,12.45,12.32,12.65,12.0,76573.0,94040000.0,65.25,64.99,36.43,3.36,1.49,4425300,3232000.0,2026-07-09,16:14:54
300342,天银机电,42.92,41.62,41.63,43.22,40.21,210909.0,878070000.0,182.43,179.75,1274.16,11.71,5.04,11122900,9968100.0,2026-07-09,16:14:57
300343,联创股份,5.74,5.78,5.7,5.79,5.53,338656.0,192450000.0,61.32,61.2,145.36,3.13,3.18,15197000,18668600.0,2026-07-09,16:14:45
300344,立方退,0.25,0.25,0.0,0.0,0.0,0.0,0.0,1.6,1.6,-0.83,0.71,0.0,0,0.0,2026-07-09,09:00:00
300345,华民股份,6.88,7.05,7.16,7.26,6.7,341657.0,237780000.0,39.94,33.0,-20.56,9.92,7.12,15129700,19036000.0,2026-07-09,16:14:54
300346,南大光电,80.18,74.13,75.3,80.51,74.61,751026.0,5823380000.0,554.17,525.97,159.06,16.27,11.45,39065600,36037000.0,2026-07-09,16:14:48
300347,泰格医药,43.57,43.12,42.85,45.18,42.2,208507.0,905250000.0,375.15,246.81,48.63,1.79,3.68,10280800,10569900.0,2026-07-09,16:14:57
300348,长亮科技,8.5,8.61,8.53,8.67,8.35,139517.0,118370000.0,69.19,60.61,-455.16,3.27,1.96,6462000,7489600.0,2026-07-09,16:14:00
300349,金卡智能,10.16,10.25,10.21,10.24,9.88,66142.0,66630000.0,42.39,37.56,16.83,0.96,1.79,3153800,3460400.0,2026-07-09,16:14:24
300350,华鹏飞,3.91,3.91,3.91,4.0,3.81,156692.0,60880000.0,21.97,18.44,-57.93,2.51,3.32,8372100,7297100.0,2026-07-09,16:14:06
300351,永贵电器,14.42,14.39,14.82,14.99,13.92,160690.0,230300000.0,56.08,37.98,320.59,2.32,6.1,7316200,8752800.0,2026-07-09,16:14:00
300352,ST信源,2.61,2.61,2.62,2.68,2.57,261892.0,68670000.0,37.84,33.31,-11.29,3.75,2.05,11906700,14282500.0,2026-07-09,16:14:27
300353,东土科技,20.83,20.4,20.4,21.11,19.97,179862.0,365850000.0,128.08,112.49,137.63,5.81,3.33,9536300,8450000.0,2026-07-09,16:14:30
300354,东华测试,35.03,35.33,36.01,36.68,34.33,38769.0,136530000.0,48.45,28.48,35.81,5.65,4.77,1786800,2090100.0,2026-07-09,16:14:33
300355,蒙草生态,2.71,2.72,2.72,2.75,2.67,189252.0,51150000.0,43.47,37.03,175.66,1.03,1.39,8746600,10178600.0,2026-07-09,16:14:51
300357,我武生物,22.99,23.0,22.8,23.67,22.56,86054.0,198670000.0,120.37,111.25,28.27,4.53,1.78,4138100,4467300.0,2026-07-09,16:14:03
300358,楚天科技,7.89,7.99,7.91,8.14,7.68,205956.0,162000000.0,56.42,55.33,17.04,1.02,2.94,8845100,11750500.0,2026-07-09,16:14:06
300359,全通教育,3.47,3.5,3.5,3.57,3.39,178626.0,61820000.0,21.98,21.98,-31.15,4.29,2.82,9346500,8516200.0,2026-07-09,16:14:36
300360,炬华科技,11.35,11.47,11.45,11.55,11.26,40297.0,45780000.0,58.36,56.78,11.98,1.42,0.81,1736300,2293400.0,2026-07-09,16:14:54
300363,博腾股份,16.94,17.54,17.12,18.12,16.61,369362.0,634740000.0,92.06,83.95,71.65,1.73,7.45,18653800,18282300.0,2026-07-09,16:14:39
300364,中文在线,24.33,22.61,22.66,25.52,22.29,732896.0,1787030000.0,177.24,160.68,-28.19,70.21,11.1,44246800,29042800.0,2026-07-09,16:14:09
300365,恒华科技,4.43,4.42,4.37,4.49,4.32,97118.0,42780000.0,26.57,22.67,-10.82,1.66,1.9,5088400,4623400.0,2026-07-09,16:14:12
300366,ST创意,4.66,4.63,4.57,4.77,4.51,93749.0,43490000.0,28.31,24.72,-4.51,2.46,1.77,4304500,5070400.0,2026-07-09,16:14:42
300368,汇金股份,7.66,7.48,7.48,7.73,7.33,146833.0,110900000.0,40.52,40.52,-24.59,84.06,2.78,7262100,7421200.0,2026-07-09,16:14:57
300369,绿盟科技,6.69,6.48,6.48,6.91,6.4,1075923.0,713350000.0,54.23,54.04,-130.47,2.12,13.32,52880800,54711600.0,2026-07-09,16:14:00
300370,安控科技,2.01,2.04,2.02,2.06,1.96,228410.0,45630000.0,31.46,31.39,-25.43,7.28,1.46,10126400,12714600.0,2026-07-09,16:14:03
300371,汇中股份,9.82,9.79,9.75,9.85,9.5,17953.0,17380000.0,19.76,13.75,29.7,1.71,1.28,871900,923500.0,2026-07-09,16:14:06
300373,扬杰科技,136.62,128.04,130.88,136.83,123.91,265525.0,3475330000.0,742.32,740.67,54.16,7.7,4.9,14081500,12470900.0,2026-07-09,16:14:45
300374,中铁装配,9.85,9.99,9.97,10.03,9.62,42014.0,41180000.0,24.22,24.22,-19.73,3.41,1.71,2158900,2042500.0,2026-07-09,16:14:48
300375,鹏翎股份,3.86,3.88,3.87,3.92,3.8,78694.0,30250000.0,29.33,20.39,-13.95,1.42,1.49,3249900,4619500.0,2026-07-09,16:14:03
300376,易事特,5.2,5.17,5.1,5.36,4.98,483136.0,247700000.0,121.07,121.03,-2284.61,1.87,2.08,20505700,27807900.0,2026-07-09,16:14:09
300377,赢时胜,14.16,13.65,13.63,14.18,13.47,374921.0,520930000.0,106.34,97.83,-457.82,4.42,5.43,18317000,19175100.0,2026-07-09,16:14:51
300378,鼎捷数智,33.05,32.46,32.19,33.25,31.82,75092.0,245560000.0,89.75,89.07,54.8,3.92,2.79,4127100,3382000.0,2026-07-09,16:14:54
300379,东通退,1.72,1.72,0.0,0.0,0.0,0.0,0.0,9.6,9.06,-2.02,0.31,0.0,0,0.0,2026-07-09,09:00:00
300380,安硕信息,28.82,28.62,28.65,28.88,27.5,28431.0,80210000.0,39.9,36.71,107.58,10.01,2.23,1402800,1440300.0,2026-07-09,16:14:12
300381,溢多利,5.74,5.7,5.7,5.85,5.6,66435.0,38010000.0,27.56,27.46,-337.58,1.13,1.39,3165900,3477600.0,2026-07-09,16:14:06
300382,斯莱克,21.77,20.93,21.17,21.87,20.11,273035.0,574500000.0,141.16,141.14,-148.6,6.2,4.21,15391400,11912100.0,2026-07-09,16:14:15
300383,光环新网,12.96,12.81,12.7,13.04,12.5,771908.0,989770000.0,232.97,232.54,-28.91,1.97,4.3,38875000,38315800.0,2026-07-09,16:14:18
300384,三联虹普,11.86,12.1,12.09,12.1,11.55,37609.0,44440000.0,37.83,26.11,20.04,1.33,1.71,1569800,2191100.0,2026-07-09,16:14:09
300385,ST雪浪,11.22,11.03,10.88,11.35,10.69,57137.0,63200000.0,37.38,32.61,-16.82,-654.56,1.97,3010800,2702900.0,2026-07-09,16:14:21
300386,飞天诚信,9.8,10.23,10.18,10.23,9.56,87502.0,86020000.0,40.97,24.57,-99.3,2.85,3.49,4013300,4736900.0,2026-07-09,16:14:12
300387,富邦科技,6.86,6.93,6.92,7.0,6.71,55711.0,38010000.0,19.83,19.82,31.62,1.38,1.93,2895000,2676100.0,2026-07-09,16:14:09
300388,节能国祯,6.76,6.85,6.77,6.86,6.6,65215.0,43870000.0,46.04,46.04,12.17,0.96,0.96,3070800,3450700.0,2026-07-09,16:14:15
300389,艾比森,12.56,12.46,12.45,12.56,12.05,41275.0,50950000.0,46.36,27.56,18.2,2.76,1.88,2082900,2044600.0,2026-07-09,16:14:18
300390,天华新能,69.1,81.02,78.4,79.0,65.0,976242.0,6879530000.0,574.05,464.54,43.84,4.65,14.52,50155900,47468300.0,2026-07-09,16:14:21
300391,长药退,0.19,0.19,0.0,0.0,0.0,0.0,0.0,0.67,0.67,-0.1,-0.1,0.0,0,0.0,2026-07-09,09:00:00
300393,中来股份,6.53,6.3,6.36,6.55,6.12,310772.0,198200000.0,71.15,62.42,-4.78,4.02,3.25,15846200,15231000.0,2026-07-09,16:14:15
300394,天孚通信,271.5,245.68,252.5,272.94,248.53,556102.0,14467440000.0,2961.59,2954.97,136.36,54.17,5.11,31492300,24117900.0,2026-07-09,16:14:57
300395,菲利华,107.25,102.53,105.4,107.49,100.0,228934.0,2385120000.0,563.84,549.7,117.02,11.11,4.47,11547800,11345500.0,2026-07-09,16:14:24
300396,ST迪瑞,6.36,6.39,6.39,6.54,6.29,29430.0,18840000.0,17.34,17.32,-6.6,1.13,1.08,1411800,1531200.0,2026-07-09,16:14:18
300397,天和防务,12.45,12.15,12.15,12.45,11.77,221673.0,270150000.0,64.45,50.82,-108.71,4.5,5.43,10699300,11468000.0,2026-07-09,16:14:21
300398,飞凯材料,49.72,46.89,48.02,49.9,46.91,513225.0,2495400000.0,283.42,281.88,70.53,5.64,9.05,25048600,26273900.0,2026-07-09,16:14:00
300399,天利科技,17.79,17.99,17.9,18.19,17.15,50346.0,88870000.0,35.15,35.15,-257.43,7.09,2.55,2646700,2387900.0,2026-07-09,16:14:27
300400,劲拓股份,31.29,30.77,31.07,31.41,29.13,146205.0,443980000.0,75.92,75.66,89.51,10.74,6.05,7450100,7170400.0,2026-07-09,16:14:24
300401,花园生物,17.14,17.33,16.94,17.52,16.34,355725.0,602850000.0,93.38,91.88,36.11,2.88,6.64,17250100,18322400.0,2026-07-09,16:14:27
300402,宝色股份,13.57,13.52,13.53,13.68,12.97,33204.0,44150000.0,33.49,33.06,65.23,2.21,1.36,1702300,1618100.0,2026-07-09,16:14:30
300403,汉宇集团,9.88,9.71,9.7,9.93,9.48,158369.0,153830000.0,59.58,42.19,27.86,2.72,3.71,7443200,8393800.0,2026-07-09,16:14:24
300404,博济医药,9.11,9.03,8.89,9.3,8.78,145545.0,131210000.0,35.14,26.01,81.62,3.31,5.1,7052000,7502500.0,2026-07-09,16:14:12
300405,科隆股份,5.01,4.98,4.92,5.07,4.81,83222.0,41170000.0,14.25,10.96,-32.01,3.66,3.8,3988100,4334200.0,2026-07-09,16:14:27
300406,九强生物,11.17,11.33,11.33,11.44,11.0,41904.0,46820000.0,65.49,47.4,30.86,1.96,0.99,1963000,2227400.0,2026-07-09,16:14:30
300407,凯发电气,10.09,10.01,10.03,10.09,9.75,46748.0,46380000.0,34.96,26.14,45.67,1.62,1.8,2357800,2317000.0,2026-07-09,16:14:33
300408,三环集团,133.81,130.43,132.0,134.5,124.21,816221.0,10599640000.0,2564.47,2501.98,89.15,11.91,4.37,41481100,40141000.0,2026-07-09,16:14:36
300409,道氏技术,18.58,18.84,18.81,19.06,17.83,244791.0,449700000.0,145.34,127.74,25.46,1.83,3.56,12770900,11708200.0,2026-07-09,16:14:15
300410,正业科技,8.65,8.56,8.59,8.72,8.13,211276.0,179150000.0,31.76,31.76,79.25,11.51,5.76,10704600,10423000.0,2026-07-09,16:14:03
300411,金盾股份,6.71,6.68,6.68,6.79,6.47,88860.0,58930000.0,27.28,20.74,855.76,2.83,2.87,4563300,4322700.0,2026-07-09,16:14:33
300412,迦南科技,4.09,4.11,4.07,4.19,3.96,155229.0,62920000.0,20.36,19.14,80.29,2.01,3.32,7191100,8331800.0,2026-07-09,16:14:36
300413,芒果超媒,14.88,14.89,14.82,15.14,14.59,142942.0,212550000.0,278.36,152.03,26.57,1.18,1.4,7480000,6814200.0,2026-07-09,16:14:39
300414,中光防雷,10.55,10.37,10.27,10.55,10.08,48186.0,49780000.0,34.4,33.08,151.14,3.45,1.54,2410500,2408100.0,2026-07-09,16:14:42
300415,伊之密,20.22,20.22,20.24,20.4,19.65,74250.0,148520000.0,94.74,91.62,13.32,3.04,1.64,3530600,3894400.0,2026-07-09,16:14:39
300416,苏试试验,18.82,17.63,17.71,19.05,17.2,290832.0,523780000.0,95.71,95.03,36.8,3.5,5.76,15787100,13296000.0,2026-07-09,16:14:30
300417,南华仪器,10.13,10.04,10.04,10.21,9.78,31257.0,31250000.0,13.63,8.47,-817.81,3.07,3.74,1541600,1584100.0,2026-07-09,16:14:42
300418,昆仑万维,50.42,47.96,47.5,51.88,46.84,1681417.0,8390740000.0,647.91,592.6,-37.87,5.06,14.31,90854600,77287100.0,2026-07-09,16:14:45
300419,ST浩丰,7.11,6.95,6.91,7.26,6.91,70025.0,49810000.0,26.15,26.15,-24.05,7.85,1.9,4036800,2965700.0,2026-07-09,16:14:45
300420,五洋自控,8.3,8.6,8.73,8.74,7.49,1699882.0,1362630000.0,92.66,92.65,211.0,3.91,15.23,84056400,85931900.0,2026-07-09,16:14:48
300421,力星股份,18.15,18.27,18.6,18.6,17.31,93728.0,168260000.0,53.37,41.8,90.23,4.28,4.07,4078300,5294500.0,2026-07-09,16:14:48
300422,博世科,4.35,4.37,4.35,4.44,4.23,153118.0,66150000.0,23.22,22.48,-3.61,3.5,2.96,7555900,7755900.0,2026-07-09,16:14:51
300423,昇辉科技,5.49,5.51,5.5,5.57,5.33,86104.0,46890000.0,27.31,18.29,-15.36,2.37,2.58,3720100,4890300.0,2026-07-09,16:14:06
300424,航新科技,15.05,14.97,14.88,15.17,14.47,77686.0,115260000.0,37.49,37.47,-141.77,4.93,3.12,3717200,4051500.0,2026-07-09,16:14:33
300425,中建环能,3.76,3.77,3.77,3.81,3.68,68020.0,25370000.0,25.65,25.6,171.98,1.09,1.0,3473800,3328200.0,2026-07-09,16:14:54
300426,华智数媒,5.38,5.12,5.15,5.75,5.01,288742.0,155990000.0,24.23,21.52,-6.1,26.07,7.22,14208500,14665800.0,2026-07-09,16:14:36
300427,红相股份,6.13,6.0,6.06,6.14,5.83,179760.0,107860000.0,31.17,30.83,-100.17,2.59,3.57,8921400,9054600.0,2026-07-09,16:14:09
300428,立中集团,17.36,17.55,17.72,17.76,16.86,83492.0,143830000.0,119.02,103.6,12.9,1.35,1.4,3461400,4887800.0,2026-07-09,16:14:18
300429,强力新材,15.09,14.78,14.9,15.17,14.3,272271.0,402850000.0,83.81,63.04,-55.67,4.49,6.52,13775400,13451800.0,2026-07-09,16:14:39
300430,*ST益通,4.55,4.53,4.61,4.76,4.5,141380.0,65480000.0,12.42,11.82,-1.31,0.97,5.44,6066400,8071600.0,2026-07-09,16:14:21
300432,富临精工,17.2,17.37,17.49,17.57,16.45,569165.0,964690000.0,294.08,290.8,58.05,6.22,3.37,26717300,30199200.0,2026-07-09,16:14:51
300433,蓝思科技,46.73,46.05,46.35,46.89,43.63,1785474.0,8066290000.0,2466.76,2322.34,71.72,4.72,3.59,94211400,84336000.0,2026-07-09,16:14:54
300434,金石亚药,11.48,11.23,11.13,11.71,10.95,233462.0,265520000.0,46.12,39.27,24.96,1.75,6.82,12001600,11344600.0,2026-07-09,16:14:57
300435,中泰股份,21.1,20.78,20.89,21.13,19.96,134919.0,278140000.0,81.39,77.83,20.73,2.42,3.66,7184600,6307300.0,2026-07-09,16:14:12
300436,广生堂,96.08,95.11,94.36,97.9,91.15,78670.0,742940000.0,153.02,131.36,-71.08,60.82,5.75,4054300,3812800.0,2026-07-09,16:14:57
300437,清水源,10.41,10.45,10.51,10.6,10.0,68498.0,70440000.0,25.53,18.09,-70.06,1.85,3.94,3482000,3367800.0,2026-07-09,16:14:15
300438,鹏辉能源,67.15,67.99,68.9,69.3,64.33,226405.0,1503500000.0,338.0,271.4,58.84,5.96,5.6,11183400,11457100.0,2026-07-09,16:14:00
300439,美康生物,8.31,8.47,8.4,8.55,8.2,32778.0,27340000.0,31.94,24.29,47.97,1.07,1.12,1571500,1706300.0,2026-07-09,16:14:24
300440,运达科技,19.78,20.08,20.09,20.13,19.2,90702.0,178250000.0,87.41,87.08,105.01,5.27,2.06,4047100,5023100.0,2026-07-09,16:14:42
300441,鲍斯股份,6.18,6.06,6.03,6.26,5.96,74903.0,45660000.0,39.82,38.68,23.83,1.61,1.2,3312600,4177700.0,2026-07-09,16:14:03
300442,润泽科技,80.08,79.16,81.2,81.26,77.03,377583.0,3003730000.0,1314.15,1310.29,25.26,9.4,2.31,18603900,19154500.0,2026-07-09,16:14:00
300443,金雷股份,19.3,19.36,19.35,19.53,18.7,63569.0,121590000.0,61.79,46.86,18.91,0.98,2.62,2919100,3437800.0,2026-07-09,16:14:27
300444,双杰电气,11.08,10.98,11.02,11.12,10.42,306684.0,331800000.0,89.15,69.52,19.13,4.29,4.89,15824400,14844000.0,2026-07-09,16:14:03
300445,康斯特,19.8,19.41,19.38,20.1,19.13,31261.0,61240000.0,42.06,27.83,36.26,3.25,2.22,1550400,1575700.0,2026-07-09,16:14:30
300446,航天智造,15.62,16.15,16.0,16.0,15.2,136924.0,212150000.0,132.05,58.35,15.86,2.28,3.67,6489300,7203100.0,2026-07-09,16:14:06
300447,全信股份,13.5,13.42,13.5,13.55,12.91,38616.0,51270000.0,42.16,27.2,154.56,2.1,1.92,2042200,1819500.0,2026-07-09,16:14:45
300448,浩云科技,5.45,5.37,5.3,5.47,5.26,152422.0,82100000.0,36.87,35.02,-136.18,3.06,2.37,8033500,7208700.0,2026-07-09,16:14:06
300449,汉邦高科,6.8,6.71,6.71,6.84,6.5,102963.0,69170000.0,26.25,26.25,-33.82,9.43,2.67,5124900,5171400.0,2026-07-09,16:14:48
300450,先导智能,37.05,36.95,37.4,37.6,35.46,521460.0,1901660000.0,620.3,577.76,38.67,3.56,3.34,25221300,26924700.0,2026-07-09,16:14:51
300451,创业慧康,3.23,3.21,3.19,3.28,3.14,249785.0,80110000.0,50.04,49.31,-10.75,1.27,1.64,12562300,12416300.0,2026-07-09,16:14:33
300452,山河药辅,11.81,11.94,11.85,12.14,11.65,35009.0,41310000.0,27.69,23.46,15.69,2.9,1.76,1650000,1851000.0,2026-07-09,16:14:18
300453,三鑫医疗,9.19,9.33,9.25,9.3,8.92,95083.0,86500000.0,47.98,33.07,17.16,3.37,2.64,4465600,5042700.0,2026-07-09,16:14:36
300454,深信服,107.28,106.56,104.49,108.0,102.29,255587.0,2690940000.0,462.98,308.97,80.11,4.28,8.87,13056200,12502500.0,2026-07-09,16:14:09
300455,航天智装,21.05,20.29,20.25,21.17,20.0,84389.0,172500000.0,151.09,149.17,-82.93,9.05,1.19,4777300,3661500.0,2026-07-09,16:14:39
300456,赛微电子,38.82,37.8,38.16,38.93,37.0,293859.0,1119770000.0,284.25,231.93,19.99,4.47,4.92,15689600,13696200.0,2026-07-09,16:14:54
300457,赢合科技,20.03,20.31,20.3,20.45,19.41,133787.0,265330000.0,129.23,127.16,22.09,1.88,2.11,7115700,6263000.0,2026-07-09,16:14:21
300458,全志科技,40.63,39.76,39.7,40.78,38.21,895608.0,3557340000.0,403.71,330.81,108.06,12.67,11.0,44788900,44771900.0,2026-07-09,16:14:12
300459,汤姆猫,3.41,3.33,3.31,3.43,3.26,1061030.0,358490000.0,119.89,112.09,-10.19,16.29,3.23,59418000,46684900.0,2026-07-09,16:14:24
300460,ST惠伦,9.93,10.2,10.17,10.19,9.68,95913.0,94960000.0,27.88,27.88,-17.43,6.07,3.42,4298800,5292500.0,2026-07-09,16:14:09
300461,田中精机,34.64,34.79,35.38,35.38,32.93,62677.0,214250000.0,54.57,50.13,1203.33,9.97,4.33,2699700,3568000.0,2026-07-09,16:14:42
300462,ST华铭,10.14,10.07,10.07,10.23,9.81,7443.0,7470000.0,18.38,14.0,-33.29,1.33,0.54,422300,322000.0,2026-07-09,16:14:27
300463,迈克生物,8.93,8.78,8.71,9.4,8.55,137832.0,122790000.0,54.0,43.9,-106.25,0.86,2.8,6432800,7350500.0,2026-07-09,16:14:15
300464,星徽股份,6.28,6.51,6.46,6.63,6.14,108478.0,68390000.0,29.35,22.3,268.61,16.57,3.05,5203000,5644800.0,2026-07-09,16:14:18
300465,高伟达,10.38,10.38,10.32,10.46,10.04,99134.0,101950000.0,46.06,46.06,184.0,6.89,2.23,4442000,5471400.0,2026-07-09,16:14:12
300466,赛摩智能,7.05,6.93,6.96,7.07,6.86,60933.0,42480000.0,37.75,31.65,-141.45,5.45,1.36,3127800,2965500.0,2026-07-09,16:14:21
300467,迅游科技,34.55,33.57,33.84,34.75,33.0,49944.0,168910000.0,70.21,58.81,279.03,10.81,2.93,2982900,2011500.0,2026-07-09,16:14:57
300468,四方精创,19.8,19.8,19.57,19.91,19.04,182334.0,355530000.0,105.07,104.9,145.91,6.48,3.44,8935400,9298000.0,2026-07-09,16:14:15
300469,信息发展,59.64,49.7,50.98,59.64,50.85,188296.0,1076930000.0,148.05,147.98,-86.38,63.25,7.59,12814900,6014700.0,2026-07-09,16:14:30
300470,中密控股,28.41,28.66,28.75,28.75,27.97,16283.0,45970000.0,59.08,56.01,16.52,2.06,0.83,729000,899300.0,2026-07-09,16:14:33
300471,厚普股份,8.98,9.19,9.09,9.37,8.81,112243.0,101460000.0,42.22,32.92,-5437.15,2.7,3.06,5196100,6028100.0,2026-07-09,16:14:24
300472,*ST新元,6.54,6.63,6.58,6.64,6.5,27648.0,18130000.0,18.0,16.08,-5.22,78.28,1.12,1009000,1755800.0,2026-07-09,16:14:36
300473,德尔股份,26.18,26.54,26.73,27.21,25.3,55234.0,143800000.0,45.2,39.41,25.82,2.36,3.67,2318200,3205200.0,2026-07-09,16:14:00
300474,景嘉微,62.6,61.15,60.51,63.99,59.3,277407.0,1707290000.0,327.16,254.45,-197.25,4.8,6.82,14052700,13688000.0,2026-07-09,16:14:27
300475,香农芯创,267.98,244.09,253.96,267.99,245.0,411240.0,10627340000.0,1258.28,1206.01,67.82,25.5,9.14,22335400,18788600.0,2026-07-09,16:14:30
300476,胜宏科技,296.7,279.66,288.0,297.77,277.5,381177.0,10941070000.0,2915.92,2567.03,62.31,18.62,4.41,21083400,17034300.0,2026-07-09,16:14:39
300477,ST合纵,2.3,2.31,2.31,2.37,2.27,156943.0,36320000.0,24.66,22.79,-2.74,29.73,1.58,6266600,9427700.0,2026-07-09,16:14:33
300478,杭州高新,36.25,36.54,36.99,36.99,34.49,30597.0,108670000.0,45.92,45.92,-132.14,146.33,2.42,1632200,1427500.0,2026-07-09,16:14:18
300479,神思电子,13.02,13.15,13.1,13.18,12.66,38464.0,49700000.0,25.65,25.64,235.12,4.86,1.95,1829300,2017100.0,2026-07-09,16:14:45
300480,光力科技,41.0,38.97,39.68,41.16,38.61,245131.0,981730000.0,151.79,110.77,281.29,8.95,9.07,12574800,11938300.0,2026-07-09,16:14:21
300481,濮阳惠成,16.99,16.68,17.06,17.14,16.04,195817.0,325260000.0,49.59,49.28,43.69,2.08,6.75,9583100,9998600.0,2026-07-09,16:14:24
300482,万孚生物,16.5,16.76,16.65,16.9,16.19,73503.0,120910000.0,77.23,70.96,-46.04,1.46,1.71,3226000,4124400.0,2026-07-09,16:14:27
300483,首华燃气,17.54,17.97,18.46,18.92,17.3,289593.0,522340000.0,67.55,67.5,33.47,1.83,7.53,11554700,17404600.0,2026-07-09,16:14:48
300484,蓝海华腾,12.55,12.62,12.7,12.73,12.03,45401.0,56330000.0,26.0,20.88,73.52,3.94,2.73,2342300,2197800.0,2026-07-09,16:14:42
300485,赛升药业,9.5,9.84,9.6,10.03,9.36,203234.0,195560000.0,45.76,26.01,-220.67,1.36,7.42,9142800,11180500.0,2026-07-09,16:14:45
300486,东杰智能,21.23,20.87,21.17,21.48,20.51,134379.0,281880000.0,101.3,101.27,421.7,5.96,2.82,5851000,7586900.0,2026-07-09,16:14:30
300487,蓝晓科技,70.98,67.4,68.01,72.38,66.74,131257.0,908460000.0,361.38,218.63,40.79,8.28,4.26,6316500,6809200.0,2026-07-09,16:14:36
300488,恒锋工具,40.17,40.33,41.07,41.85,38.2,82315.0,326970000.0,76.81,65.18,42.06,3.57,5.07,4039300,4192200.0,2026-07-09,16:14:33
300489,光智科技,268.0,267.88,275.0,278.6,241.0,114006.0,2935940000.0,372.94,371.58,-1361.98,48.95,8.22,5669100,5731500.0,2026-07-09,16:14:48
300490,华自科技,12.12,12.17,12.11,12.34,11.61,134997.0,161810000.0,48.32,47.66,-48.6,2.17,3.43,6734100,6765600.0,2026-07-09,16:14:51
300491,通合科技,31.32,29.56,29.79,31.4,28.4,101295.0,302540000.0,55.65,49.36,120.01,4.61,6.43,5223300,4906200.0,2026-07-09,16:14:51
300492,华图山鼎,23.76,24.44,24.19,24.57,23.62,35344.0,84620000.0,65.41,65.41,27.2,27.73,1.28,1676300,1858100.0,2026-07-09,16:14:54
300493,润欣科技,13.79,13.66,13.54,13.83,13.1,173433.0,232750000.0,70.68,69.86,119.03,6.15,3.42,8590600,8752700.0,2026-07-09,16:14:57
300494,盛天网络,8.38,8.48,8.3,8.53,8.18,121366.0,101340000.0,41.1,33.38,2657.54,2.84,3.05,5657700,6478900.0,2026-07-09,16:14:54
300496,中科创达,59.17,58.28,58.7,59.37,56.9,124906.0,726580000.0,273.2,218.67,59.4,2.65,3.38,5978500,6512100.0,2026-07-09,16:14:36
300497,富祥股份,18.96,18.62,18.65,19.05,17.75,395109.0,731190000.0,102.13,85.8,2597.91,4.55,8.73,19662300,19848700.0,2026-07-09,16:14:00
300498,温氏股份,13.15,13.12,13.01,13.39,12.99,496924.0,655140000.0,874.99,781.88,40.08,2.29,0.84,26334000,23358400.0,2026-07-09,16:14:03
300499,高澜股份,39.09,37.71,38.16,39.5,36.0,395267.0,1495140000.0,119.32,106.09,390.79,8.7,14.56,20807000,18719700.0,2026-07-09,16:14:03
300500,启迪设计,8.65,8.75,8.71,8.86,8.45,26041.0,22460000.0,15.05,14.5,-17.41,1.51,1.55,1242600,1361500.0,2026-07-09,16:14:57
300501,海顺新材,12.33,12.75,12.81,12.96,12.07,35285.0,43680000.0,34.3,34.18,-66.78,2.68,1.27,1590700,1937800.0,2026-07-09,16:14:06
300502,新易盛,545.5,510.84,526.0,549.94,509.96,491997.0,26100900000.0,7605.67,6841.9,70.82,39.18,3.92,26286900,22912800.0,2026-07-09,16:14:06
300503,昊志机电,90.56,87.75,88.71,90.79,85.22,254371.0,2250050000.0,279.13,218.23,143.44,19.34,10.56,12442800,12994400.0,2026-07-09,16:14:39
300504,天邑股份,16.86,17.01,17.01,17.24,16.33,180512.0,302180000.0,45.69,36.8,-79.38,2.18,8.27,9147900,8903300.0,2026-07-09,16:14:09
300505,川金诺,20.09,22.41,22.01,22.18,19.41,385406.0,787230000.0,55.22,43.67,13.06,1.94,17.73,18225700,20314900.0,2026-07-09,16:14:09
300506,名家汇,6.41,5.62,5.68,6.74,5.55,670444.0,416570000.0,91.38,47.09,-143.31,6.69,9.13,34208200,32836200.0,2026-07-09,16:14:39
300507,苏奥传感,7.22,7.16,7.12,7.27,6.99,118775.0,84640000.0,57.81,55.95,55.43,2.73,1.53,5028800,6848700.0,2026-07-09,16:14:42
300508,维宏股份,47.79,49.04,49.05,49.99,45.9,46253.0,218980000.0,52.02,39.18,91.63,6.25,5.64,2205900,2419300.0,2026-07-09,16:14:00
300509,新美星,8.16,8.22,8.18,8.33,7.93,48123.0,38980000.0,24.19,20.16,18.95,3.53,1.95,1872300,2940000.0,2026-07-09,16:14:12
300510,金冠股份,3.09,3.06,3.05,3.12,3.0,146650.0,44880000.0,25.48,25.48,-7.27,1.33,1.78,7360700,7304300.0,2026-07-09,16:14:45
300511,雪榕生物,5.35,5.48,5.44,5.53,5.28,211583.0,113440000.0,34.29,29.21,17.52,1.92,3.88,10662600,10495700.0,2026-07-09,16:14:12
300512,中亚股份,6.64,6.68,6.61,6.72,6.46,32051.0,21100000.0,27.17,21.51,86.96,1.67,0.99,1745200,1459900.0,2026-07-09,16:14:03
300513,恒实科技,6.88,6.86,6.83,6.96,6.6,60573.0,41120000.0,21.58,19.76,-3.11,4.0,2.11,2891300,3166000.0,2026-07-09,16:14:15
300514,友讯达,9.01,9.07,9.05,9.14,8.79,25418.0,22770000.0,18.02,14.44,62.31,1.77,1.59,1341700,1200100.0,2026-07-09,16:14:48
300515,三德科技,12.96,12.99,13.1,13.12,12.58,25093.0,32190000.0,26.67,26.15,14.13,3.02,1.24,1207100,1302200.0,2026-07-09,16:14:18
300516,久之洋,32.14,31.5,32.3,32.58,30.32,62372.0,195580000.0,80.99,80.99,541.94,6.34,2.48,3093900,3143200.0,2026-07-09,16:14:42
300517,海波重科,9.14,8.94,9.02,9.17,8.65,47458.0,42480000.0,18.32,11.54,395.67,1.79,3.76,2499900,2245900.0,2026-07-09,16:14:15
300518,新迅达,29.26,27.9,28.26,29.41,26.64,122147.0,345400000.0,58.35,58.34,-54.01,8.83,6.13,6472300,5742400.0,2026-07-09,16:14:21
300519,新光药业,12.17,12.3,12.38,12.5,11.99,18646.0,22690000.0,19.47,13.89,34.75,2.39,1.63,886800,977800.0,2026-07-09,16:14:51
300520,科大国创,26.31,25.76,25.51,26.4,24.85,104547.0,267690000.0,76.83,74.25,-39.3,4.49,3.7,5786400,4668300.0,2026-07-09,16:14:54
300521,爱司凯,24.57,23.85,23.88,24.82,23.3,30061.0,71870000.0,36.79,36.33,-272.64,6.9,2.03,1425100,1581000.0,2026-07-09,16:14:06
300522,世名科技,19.28,24.1,23.86,23.86,19.28,357439.0,721920000.0,62.17,50.73,363.45,7.98,13.59,21593000,14151000.0,2026-07-09,16:14:24
300523,辰安科技,20.2,19.11,18.92,20.3,18.55,67987.0,132830000.0,46.99,46.99,-21.67,4.86,2.92,3512100,3286600.0,2026-07-09,16:14:57
300525,博思软件,7.45,7.46,7.41,7.58,7.33,131842.0,98050000.0,56.0,45.94,32.03,2.35,2.14,6224300,6959800.0,2026-07-09,16:14:18
300527,ST应急,7.4,7.27,7.3,7.45,7.26,96413.0,71030000.0,75.24,75.24,533.6,2.6,0.95,4994200,4647000.0,2026-07-09,16:14:21
300528,幸福蓝海,14.35,13.93,13.72,15.06,13.7,169605.0,246040000.0,53.47,53.47,-24.38,13.93,4.55,8951700,8008800.0,2026-07-09,16:14:09
300529,健帆生物,16.0,16.3,16.13,16.42,15.92,50242.0,80950000.0,127.78,81.98,22.63,4.02,0.98,2376300,2648000.0,2026-07-09,16:14:24
300530,领湃科技,16.2,16.48,16.5,16.54,15.74,36322.0,58730000.0,27.86,27.86,-21.92,38.31,2.11,1705300,1926900.0,2026-07-09,16:14:27
300531,优博讯,16.85,16.8,16.45,16.95,16.3,215134.0,358550000.0,54.1,52.51,51.32,3.76,6.9,9853100,11660200.0,2026-07-09,16:14:27
300532,今天国际,6.25,6.36,6.31,6.34,6.07,90335.0,56000000.0,39.73,37.8,18.31,2.27,1.49,4150900,4882500.0,2026-07-09,16:14:00
300533,冰川网络,17.2,17.26,16.82,17.6,16.6,165580.0,284090000.0,56.46,39.73,19.82,4.39,7.17,7474600,9083400.0,2026-07-09,16:14:03
300534,陇神戎发,7.39,7.55,7.47,7.62,7.23,114624.0,84560000.0,22.42,22.32,45.4,3.08,3.79,5383500,6078900.0,2026-07-09,16:14:45
300535,达威股份,13.39,13.43,13.39,13.58,13.0,16855.0,22340000.0,14.33,10.87,64.68,1.52,2.08,798200,887300.0,2026-07-09,16:14:48
300536,农尚环境,9.11,9.26,9.23,9.24,8.79,152251.0,137150000.0,26.72,26.72,-11.33,9.49,5.19,6516500,8708600.0,2026-07-09,16:14:06
300537,广信材料,27.1,26.34,26.65,27.17,25.53,159068.0,422650000.0,56.32,41.13,493.35,6.21,10.48,7305700,8601100.0,2026-07-09,16:14:09
300538,同益股份,15.85,14.84,14.78,15.95,14.26,104740.0,157900000.0,28.83,19.18,-62.79,3.18,8.66,5339900,5134100.0,2026-07-09,16:14:51
300539,横河精密,20.84,20.88,21.16,21.33,19.9,95387.0,196700000.0,55.87,45.41,108.34,4.89,4.38,4404200,5134400.0,2026-07-09,16:14:30
300540,蜀道装备,47.33,44.31,44.0,47.64,42.58,298022.0,1345230000.0,107.72,97.84,147.51,9.62,14.42,14948200,14854000.0,2026-07-09,16:14:12
300541,先进数通,10.34,9.94,9.8,10.35,9.73,172109.0,175830000.0,44.47,40.12,56.03,2.59,4.44,9286000,7924900.0,2026-07-09,16:14:12
300542,新晨科技,10.89,11.03,10.96,11.13,10.65,48765.0,53020000.0,32.51,26.96,-132.99,6.1,1.97,2174600,2701900.0,2026-07-09,16:14:15
300543,朗科智能,6.89,6.96,6.92,7.03,6.75,58984.0,40540000.0,21.11,17.24,-233.47,1.5,2.36,2765000,3133400.0,2026-07-09,16:14:15
300545,联得装备,33.5,32.96,33.55,34.1,31.64,144299.0,476970000.0,62.13,40.05,65.04,2.88,12.07,6783900,7646000.0,2026-07-09,16:14:18
300546,雄帝科技,14.58,14.68,14.68,14.78,14.13,31002.0,44730000.0,27.36,19.67,105.83,2.44,2.3,1567000,1533200.0,2026-07-09,16:14:21
300547,川环科技,36.18,34.48,34.69,36.36,33.6,132441.0,462870000.0,78.48,64.48,39.82,5.92,7.43,7175900,6068200.0,2026-07-09,16:14:30
300548,长芯博创,232.7,220.99,226.0,233.51,213.1,170364.0,3809060000.0,686.01,634.14,182.83,32.43,6.25,8506700,8529700.0,2026-07-09,16:14:24
300549,优德精密,13.22,13.28,13.32,13.43,12.8,32661.0,42880000.0,17.63,13.36,328.75,3.23,3.23,1621200,1644900.0,2026-07-09,16:14:18
300550,和仁科技,14.53,15.27,15.05,15.1,14.0,129667.0,187790000.0,38.15,38.11,90.14,3.36,4.94,5871200,7095600.0,2026-07-09,16:14:27
300551,古鳌科技,9.17,8.88,8.78,9.19,8.69,73514.0,66060000.0,31.18,31.09,-12.68,10.18,2.17,4039300,3312000.0,2026-07-09,16:14:54
300552,万集科技,21.39,21.03,20.96,21.46,20.45,35208.0,74120000.0,45.59,28.9,-29.24,2.63,2.61,1955400,1565300.0,2026-07-09,16:14:33
300553,集智股份,72.86,66.8,68.12,73.12,66.17,53052.0,371440000.0,80.89,62.0,472.41,9.59,6.23,2901300,2403900.0,2026-07-09,16:14:30
300554,三超新材,23.48,22.81,22.81,23.62,21.94,68135.0,155590000.0,26.82,18.57,-17.12,5.42,8.61,3632800,3180700.0,2026-07-09,16:14:57
300555,ST路通,13.42,13.6,13.62,13.85,13.28,19611.0,26340000.0,26.84,26.57,-28.12,6.51,0.99,751000,1210100.0,2026-07-09,16:14:33
300556,丝路视觉,16.26,16.17,16.01,16.34,15.73,61214.0,98280000.0,19.77,17.64,-89.77,4.92,5.64,3018800,3102600.0,2026-07-09,16:14:21
300557,理工光科,31.3,30.51,30.51,31.49,29.1,59711.0,181430000.0,49.18,48.94,104.3,4.97,3.82,3120300,2850800.0,2026-07-09,16:14:33
300558,贝达药业,64.82,62.0,62.09,65.88,61.28,219465.0,1402770000.0,272.72,271.85,61.82,4.05,5.23,11202100,10744400.0,2026-07-09,16:14:00
300559,佳发教育,10.22,10.5,10.62,10.62,10.13,63441.0,65570000.0,40.83,31.8,112.96,3.57,2.04,2440700,3903400.0,2026-07-09,16:14:03
300560,中富通,19.91,18.0,18.22,19.98,17.71,170906.0,319870000.0,45.74,37.22,-60.35,5.15,9.14,8928000,8162600.0,2026-07-09,16:14:36
300561,汇金科技,17.64,18.31,17.5,18.8,17.15,434028.0,778780000.0,57.88,42.52,-297.15,10.15,18.01,20274300,23128500.0,2026-07-09,16:14:36
300562,乐心医疗,14.35,14.32,14.39,14.48,13.76,95465.0,135180000.0,31.37,23.38,34.42,3.03,5.86,4996800,4549700.0,2026-07-09,16:14:36
300563,神宇股份,26.5,26.8,26.75,27.07,25.18,56036.0,145830000.0,48.27,33.58,64.04,4.32,4.42,2908500,2695100.0,2026-07-09,16:14:39
300564,筑博设计,12.44,12.46,12.33,12.45,11.98,22994.0,28080000.0,20.07,14.08,43.17,1.67,2.03,1217200,1082200.0,2026-07-09,16:14:24
300565,科信技术,9.47,9.2,9.4,9.65,9.04,138423.0,129700000.0,23.65,21.61,-25.87,4.54,6.07,7019400,6822900.0,2026-07-09,16:14:42
300566,激智科技,33.9,32.11,33.1,34.19,31.2,188917.0,622040000.0,88.85,76.84,44.03,4.09,8.33,8837300,10054400.0,2026-07-09,16:14:27
300567,精测电子,297.1,297.1,0.0,0.0,0.0,0.0,0.0,831.13,674.56,953.83,20.17,0.0,0,0.0,2026-07-09,16:14:06
300568,星源材质,18.11,18.46,18.83,18.88,17.28,825426.0,1474880000.0,270.79,218.87,1430.22,2.78,6.83,41420300,41122300.0,2026-07-09,16:14:45
300569,天能重工,4.62,4.62,4.61,4.65,4.46,133119.0,60600000.0,47.25,47.11,48.42,0.91,1.31,5590000,7721900.0,2026-07-09,16:14:48
300570,太辰光,211.83,205.36,208.85,212.66,197.46,176692.0,3659260000.0,481.12,407.12,168.59,27.2,9.19,9691400,7977900.0,2026-07-09,16:14:39
300571,平治信息,37.92,37.17,37.74,38.27,35.67,107436.0,400600000.0,52.91,43.85,-25.68,4.29,9.29,5517200,5226400.0,2026-07-09,16:14:09
300572,安车检测,23.46,23.55,23.66,24.25,22.68,54177.0,126310000.0,53.72,42.53,-29.97,3.34,2.99,2152200,3265500.0,2026-07-09,16:14:51
300573,兴齐眼药,39.7,39.59,39.43,40.85,39.29,64710.0,258180000.0,141.86,108.94,18.75,7.32,2.36,3259300,3211700.0,2026-07-09,16:14:42
300575,中旗股份,4.96,5.01,5.0,5.07,4.88,108835.0,53890000.0,23.74,17.18,-15.22,1.22,3.14,5173300,5710200.0,2026-07-09,16:14:39
300576,容大感光,42.85,40.69,41.46,43.0,39.92,202917.0,842360000.0,172.98,108.87,156.73,10.04,7.99,10413100,9878600.0,2026-07-09,16:14:45
300577,开润股份,16.6,16.65,16.5,17.08,16.33,19135.0,31690000.0,39.81,23.6,11.56,1.87,1.35,920000,993500.0,2026-07-09,16:14:30
300578,会畅科技,16.4,15.58,15.6,16.58,15.0,68075.0,107370000.0,32.52,32.51,-100.26,2.82,3.43,3807000,3000500.0,2026-07-09,16:14:42
300579,数字认证,20.75,20.36,20.27,20.95,20.01,54917.0,113060000.0,56.02,54.05,-67.41,7.08,2.11,2923200,2568400.0,2026-07-09,16:14:45
300580,贝斯特,22.98,23.2,23.1,23.45,22.24,164533.0,374990000.0,115.43,108.6,40.99,3.51,3.48,7787600,8665700.0,2026-07-09,16:14:48
300581,晨曦航空,9.84,9.65,9.7,9.99,9.46,152164.0,148260000.0,54.13,54.13,-79.22,5.91,2.77,7326400,7890000.0,2026-07-09,16:14:54
300582,英飞特,11.76,11.23,11.13,11.89,10.91,89953.0,102790000.0,35.11,26.06,-7.14,3.99,4.06,4825800,4169500.0,2026-07-09,16:14:48
300583,赛托生物,11.53,11.72,11.72,11.91,11.35,26244.0,30320000.0,21.87,21.46,-52.05,1.24,1.41,1291500,1332900.0,2026-07-09,16:14:33
300584,海辰药业,33.6,34.06,34.0,34.8,32.45,41515.0,138960000.0,40.32,27.59,90.84,3.81,5.06,2172500,1979000.0,2026-07-09,16:14:51
300585,奥联电子,14.7,14.77,14.5,14.9,14.15,39457.0,57290000.0,25.15,25.15,-34.2,3.97,2.31,1883700,2062000.0,2026-07-09,16:14:12
300586,美联新材,12.41,12.48,12.53,12.83,11.85,315445.0,387560000.0,88.26,66.34,-112.58,4.78,5.9,15752300,15792200.0,2026-07-09,16:14:57
300587,天铁科技,3.6,3.59,3.58,3.62,3.45,272344.0,96690000.0,46.74,37.89,-22.21,2.09,2.59,12516800,14717600.0,2026-07-09,16:14:51
300588,熙菱信息,23.09,25.7,24.0,24.29,22.11,170517.0,390140000.0,44.21,40.83,-97.98,17.26,9.64,7363800,9687900.0,2026-07-09,16:14:36
300589,江龙船艇,11.75,11.77,11.73,11.93,11.4,98010.0,114450000.0,44.38,27.55,-35.35,6.39,4.18,4731400,5069700.0,2026-07-09,16:14:54
300590,移为通信,14.86,14.89,14.81,14.98,14.28,227009.0,332110000.0,68.69,53.17,58.86,3.72,6.34,11010700,11690200.0,2026-07-09,16:14:15
300591,万里马,6.35,6.14,6.12,6.37,6.0,135605.0,84240000.0,25.76,22.25,-19.01,15.07,3.87,7760500,5800000.0,2026-07-09,16:14:18
300592,华凯易佰,18.49,17.25,17.38,18.95,17.24,226716.0,418680000.0,72.34,63.58,31.0,3.23,6.59,11583100,11088500.0,2026-07-09,16:14:57
300593,新雷能,26.99,25.31,26.0,27.55,24.92,319595.0,839770000.0,146.42,121.53,-75.17,6.38,7.1,16611200,15348300.0,2026-07-09,16:14:21
300594,ST朗进,13.84,13.84,13.62,14.12,13.62,11080.0,15370000.0,12.72,12.59,-92.13,1.66,1.22,534400,573600.0,2026-07-09,16:14:24
300595,欧普康视,10.54,10.66,10.63,10.81,10.44,83353.0,88060000.0,94.36,70.46,20.27,1.91,1.25,3801600,4533700.0,2026-07-09,16:14:00
300596,利安隆,46.5,48.88,49.41,49.78,45.98,92455.0,436550000.0,106.77,106.77,20.51,2.2,4.03,4397100,4848400.0,2026-07-09,16:14:27
300597,吉大通信,7.03,6.9,6.91,7.04,6.72,62287.0,42880000.0,19.16,19.08,-22.15,2.05,2.3,2839400,3389300.0,2026-07-09,16:14:00
300598,诚迈科技,27.77,27.38,27.2,27.85,26.91,53613.0,147450000.0,60.26,60.24,-63.14,4.27,2.47,2818200,2543100.0,2026-07-09,16:14:03
300599,雄塑科技,9.8,9.79,9.7,9.84,9.51,69112.0,67000000.0,35.1,31.04,-72.36,1.83,2.18,3479400,3431800.0,2026-07-09,16:14:30
300600,国瑞科技,9.38,9.28,9.28,9.48,9.1,80613.0,74690000.0,27.6,27.6,-50.49,2.3,2.74,3882100,4179200.0,2026-07-09,16:14:39
300601,康泰生物,11.36,11.34,11.25,11.58,11.18,120060.0,136170000.0,126.88,102.29,156.19,1.39,1.33,5582400,6423600.0,2026-07-09,16:14:33
300602,飞荣达,46.87,44.17,45.21,47.08,43.0,266422.0,1192960000.0,274.87,188.03,71.55,6.61,6.64,14381500,12260700.0,2026-07-09,16:14:36
300603,立昂技术,7.4,7.61,7.52,7.56,7.18,149102.0,109690000.0,34.4,27.67,-19.18,2.73,3.99,6447900,8462400.0,2026-07-09,16:14:06
300604,长川科技,374.0,317.22,325.0,375.18,310.49,397850.0,13456200000.0,2372.73,1830.62,150.85,47.17,8.13,21488500,18296500.0,2026-07-09,16:14:03
300605,恒锋信息,8.99,9.04,8.96,9.15,8.65,59479.0,52920000.0,14.85,11.36,-38.53,3.4,4.71,3165700,2782100.0,2026-07-09,16:14:09
300606,金太阳,36.85,36.41,36.35,37.68,35.0,61975.0,224540000.0,50.98,43.36,254.54,7.74,5.27,3223200,2974300.0,2026-07-09,16:14:12
300607,拓斯达,38.82,38.22,37.87,38.86,36.63,399795.0,1517690000.0,185.16,131.02,156.78,6.38,11.85,19096600,20882900.0,2026-07-09,16:14:06
300608,思特奇,9.65,9.6,9.51,9.78,9.25,129312.0,123530000.0,33.58,29.37,-18.49,2.66,4.25,6401300,6529900.0,2026-07-09,16:14:54
300609,汇纳科技,29.17,28.4,28.64,29.38,27.45,38139.0,108600000.0,35.04,34.98,-34.68,3.82,3.18,2163200,1650700.0,2026-07-09,16:14:57
300610,晨化股份,9.38,9.48,9.47,9.52,9.13,33752.0,31400000.0,19.89,15.53,30.69,1.77,2.04,1806500,1568700.0,2026-07-09,16:14:00
300611,美力科技,24.5,23.59,23.84,24.64,23.33,49391.0,119340000.0,51.71,36.33,40.02,4.12,3.33,2383200,2555900.0,2026-07-09,16:14:39
300612,宣亚国际,10.78,10.65,10.66,10.98,10.44,56706.0,60800000.0,19.73,19.62,-22.37,4.4,3.12,2912100,2758500.0,2026-07-09,16:14:42
300613,富瀚微,72.07,70.81,71.0,72.17,68.18,123839.0,871680000.0,167.85,158.33,77.93,5.79,5.64,6296700,6087200.0,2026-07-09,16:14:09
300614,百川畅银,9.51,9.42,9.45,9.64,9.26,31031.0,29310000.0,15.26,15.26,-3.73,2.11,1.93,1500500,1602600.0,2026-07-09,16:14:12
300615,欣天科技,9.44,9.42,9.4,9.53,9.08,42395.0,39450000.0,18.22,14.45,-47.32,3.96,2.77,2238100,2001400.0,2026-07-09,16:14:15
300616,尚品宅配,10.09,10.16,10.15,10.27,9.84,57348.0,57510000.0,22.65,15.66,-7.39,0.8,3.69,2817400,2917400.0,2026-07-09,16:14:03
300617,安靠智电,47.92,47.22,47.5,49.1,45.2,49127.0,231380000.0,79.41,66.57,100.77,2.62,3.54,2372400,2540300.0,2026-07-09,16:14:15
300618,寒锐钴业,33.17,34.02,33.89,34.14,32.18,75125.0,248600000.0,102.73,90.39,37.16,1.87,2.76,3773300,3739200.0,2026-07-09,16:14:18
300619,金银河,29.62,28.9,29.18,29.67,27.89,66295.0,191250000.0,67.0,56.41,94.59,4.26,3.48,3445100,3184400.0,2026-07-09,16:14:45
300620,光库科技,315.45,304.58,310.0,323.88,277.77,192782.0,5744380000.0,786.04,779.49,373.3,36.48,7.8,9222700,10055500.0,2026-07-09,16:14:42
300621,维业股份,6.26,6.32,6.31,6.46,6.13,45648.0,28580000.0,13.02,12.68,-2.9,2.43,2.25,2127700,2437100.0,2026-07-09,16:14:18
300622,博士眼镜,13.87,13.78,13.8,13.96,13.46,48541.0,66640000.0,44.24,30.25,27.94,5.0,2.23,2513800,2340300.0,2026-07-09,16:14:21
300623,捷捷微电,39.98,39.05,39.39,40.08,37.89,420998.0,1653760000.0,332.67,306.79,71.52,5.54,5.49,19256700,22843100.0,2026-07-09,16:14:24
300624,万兴科技,50.96,48.9,48.34,51.5,47.9,117005.0,589430000.0,98.52,87.26,-92.6,10.09,6.83,6502900,5197600.0,2026-07-09,16:14:27
300625,三雄极光,8.91,8.89,8.88,9.04,8.67,19821.0,17520000.0,24.89,14.43,-46.13,1.34,1.22,1002200,979900.0,2026-07-09,16:14:06
300626,华瑞股份,33.35,27.79,28.15,33.35,27.79,107952.0,336780000.0,60.03,60.0,406.01,11.35,6.0,5147600,5647600.0,2026-07-09,16:14:48
300627,华测导航,27.35,27.14,27.14,27.52,26.74,72585.0,196630000.0,216.75,179.44,32.44,5.27,1.11,3753800,3504700.0,2026-07-09,16:14:45
300628,亿联网络,34.26,34.63,34.29,34.55,33.53,96396.0,327910000.0,434.05,248.68,16.11,5.21,1.33,4819900,4819600.0,2026-07-09,16:14:51
300629,新劲刚,18.81,18.56,18.64,19.1,17.85,87257.0,160630000.0,47.29,40.78,42.67,2.7,4.02,4137600,4588100.0,2026-07-09,16:14:21
300630,普利退,0.89,0.89,0.0,0.0,0.0,0.0,0.0,5.0,3.99,-4.71,0.16,0.0,0,0.0,2026-07-09,09:00:00
300631,久吾高科,21.8,22.39,22.42,22.49,21.21,25761.0,55850000.0,27.26,26.51,37.94,2.06,2.12,1078000,1498100.0,2026-07-09,16:14:09
300632,光莆股份,22.29,21.53,21.96,22.37,20.7,173390.0,376470000.0,68.02,49.3,-216.13,4.0,7.84,9074400,8264600.0,2026-07-09,16:14:12
300633,开立医疗,18.33,18.5,18.44,18.78,18.16,44114.0,81010000.0,77.87,47.68,43.85,2.61,1.7,2229500,2182000.0,2026-07-09,16:14:54
300634,彩讯股份,19.35,18.7,18.6,19.98,18.35,151858.0,292160000.0,87.31,84.03,36.01,2.93,3.5,7541600,7644100.0,2026-07-09,16:14:57
300635,中达安,10.45,10.65,10.62,10.74,10.17,54929.0,57220000.0,14.63,12.58,-16.2,4.76,4.56,2840700,2652200.0,2026-07-09,16:14:48
300636,同和药业,6.52,6.63,6.53,6.76,6.46,55750.0,36490000.0,27.38,23.95,38.52,1.16,1.52,2300300,3274700.0,2026-07-09,16:14:15
300637,扬帆新材,8.92,8.99,8.98,9.06,8.5,56808.0,50090000.0,20.94,20.92,1059.88,3.02,2.42,3055300,2625500.0,2026-07-09,16:14:51
300638,广和通,17.7,17.3,17.25,17.73,16.93,158183.0,273990000.0,159.17,93.89,66.62,2.62,2.98,9091000,6727300.0,2026-07-09,16:14:30
300639,凯普生物,5.09,5.06,5.02,5.2,4.99,96423.0,48960000.0,32.91,32.33,-30.92,0.86,1.52,4727000,4915400.0,2026-07-09,16:14:18
300640,德艺文创,5.82,5.7,5.7,5.85,5.52,94079.0,53380000.0,18.1,12.85,175.99,2.25,4.26,5302800,4105100.0,2026-07-09,16:14:24
300641,正丹股份,14.43,14.58,14.51,14.56,14.09,78830.0,113000000.0,75.84,75.84,19.31,2.52,1.5,3308100,4574900.0,2026-07-09,16:14:00
300642,透景生命,12.05,12.08,12.15,12.4,11.76,28338.0,34010000.0,19.55,16.59,-799.89,1.39,2.06,1341600,1492100.0,2026-07-09,16:14:03
300643,万通智控,17.75,18.12,17.98,18.31,17.38,39507.0,70300000.0,41.05,40.95,25.57,3.25,1.71,1707100,2243600.0,2026-07-09,16:14:06
300644,南京聚隆,22.64,22.93,22.93,23.08,21.82,33359.0,74840000.0,25.06,19.97,19.61,2.38,3.78,1547400,1788500.0,2026-07-09,16:14:54
300645,正元智慧,11.75,11.72,11.6,11.9,11.4,37121.0,43170000.0,16.7,16.37,126.54,1.59,2.66,1869100,1843000.0,2026-07-09,16:14:21
300647,超频三,5.36,5.26,5.23,5.36,5.1,127760.0,67080000.0,24.51,24.48,-17.16,5.72,2.8,6741400,6034600.0,2026-07-09,16:14:33
300648,星云股份,42.04,41.69,41.22,42.75,39.98,24896.0,102880000.0,73.27,55.78,-31.57,6.31,1.88,1333000,1156600.0,2026-07-09,16:14:57
300649,杭州园林,29.85,28.08,28.03,30.0,27.6,75866.0,220100000.0,39.53,31.68,-93.57,9.08,7.15,3962600,3624000.0,2026-07-09,16:14:24
300650,太龙股份,13.1,12.81,12.86,13.14,12.27,132070.0,168890000.0,31.62,22.32,76.8,2.21,7.75,6561400,6645600.0,2026-07-09,16:14:27
300651,金陵体育,16.38,16.56,16.57,16.69,15.99,54112.0,88350000.0,23.13,16.93,36.66,2.14,5.23,2786000,2625200.0,2026-07-09,16:14:27
300652,雷迪克,31.1,31.63,31.25,31.82,29.96,24716.0,76000000.0,41.48,37.23,31.18,2.71,2.06,1278900,1192700.0,2026-07-09,16:14:00
300653,正海生物,14.02,14.28,14.21,14.47,13.85,19276.0,27110000.0,25.24,25.24,35.78,2.95,1.07,804300,1123200.0,2026-07-09,16:14:30
300654,世纪天鸿,10.23,9.24,9.24,10.23,9.14,288281.0,283540000.0,37.45,36.07,148.66,4.46,8.18,18463100,10365000.0,2026-07-09,16:14:09
300655,晶瑞电材,18.96,17.65,18.01,19.05,17.77,1007516.0,1854680000.0,213.61,212.63,189.8,8.34,8.98,56352800,44398800.0,2026-07-09,16:14:36
300656,民德电子,35.7,32.36,32.52,36.59,31.81,91510.0,308160000.0,61.09,47.44,-37.82,7.11,6.89,4294200,4856800.0,2026-07-09,16:14:33
300657,弘信电子,38.44,36.81,37.0,38.65,36.8,307238.0,1158510000.0,185.33,180.09,103.92,13.04,6.56,15226600,15497200.0,2026-07-09,16:14:30
300658,延江股份,10.81,10.83,10.79,10.94,10.42,77199.0,82600000.0,35.97,23.87,59.13,2.7,3.5,3714700,4005200.0,2026-07-09,16:14:12
300659,中孚信息,9.48,9.53,9.5,9.66,9.25,62499.0,59000000.0,24.69,17.94,-25.26,2.11,3.3,3028800,3221100.0,2026-07-09,16:14:15
300660,江苏雷利,28.58,28.86,28.68,29.03,27.8,100601.0,285270000.0,166.13,166.03,61.29,4.76,1.73,4840100,5220000.0,2026-07-09,16:14:36
300661,圣邦股份,134.86,129.74,131.99,135.19,126.64,146870.0,1932050000.0,912.88,810.86,149.41,17.08,2.44,6914200,7772800.0,2026-07-09,16:14:33
300662,科锐国际,17.29,17.38,17.35,17.64,17.03,31450.0,54380000.0,34.03,33.93,9.79,1.48,1.6,1460800,1684200.0,2026-07-09,16:14:18
300663,科蓝软件,6.38,6.38,6.3,6.55,6.21,156760.0,99870000.0,30.53,29.37,-7.31,9.53,3.4,7637100,8038900.0,2026-07-09,16:14:39
300664,鹏鹞环保,4.27,4.38,4.34,4.36,4.21,123530.0,52770000.0,32.15,30.97,29.52,0.74,1.7,4556700,7796300.0,2026-07-09,16:14:42
300665,飞鹿股份,9.19,8.74,8.68,9.58,8.67,183124.0,168110000.0,21.09,20.04,-10.09,4.68,8.4,9035100,9277300.0,2026-07-09,16:14:21
300666,江丰电子,364.48,333.86,339.46,366.88,328.55,239265.0,8294560000.0,1005.86,805.92,182.21,14.4,10.82,11777900,12148600.0,2026-07-09,16:14:24
300667,必创科技,15.49,14.97,14.99,15.55,14.63,76188.0,115370000.0,31.7,26.74,-32.88,3.07,4.41,3763800,3855000.0,2026-07-09,16:14:36
300668,杰恩股份,59.03,56.6,56.62,59.59,56.01,42916.0,248950000.0,71.06,58.85,711.96,9.11,4.3,2232900,2058700.0,2026-07-09,16:14:39
300669,沪宁股份,24.88,24.41,24.3,25.11,24.2,8396.0,20670000.0,47.95,45.41,271.47,5.54,0.46,430300,409300.0,2026-07-09,16:14:45
300670,大烨智能,6.34,6.27,6.32,6.38,6.06,74898.0,46720000.0,20.09,14.25,-10.04,4.75,3.33,4287200,3202700.0,2026-07-09,16:14:48
300671,富满微,96.8,93.01,94.74,97.08,90.0,226568.0,2119580000.0,214.3,213.68,-155.64,13.51,10.26,12048300,10608500.0,2026-07-09,16:14:39
300672,国科微,255.4,235.0,240.03,256.8,237.03,83550.0,2061550000.0,554.48,537.2,-241.23,14.38,3.97,4779900,3575100.0,2026-07-09,16:14:03
300673,佩蒂股份,13.19,13.44,13.42,13.54,13.06,39984.0,53000000.0,32.62,21.16,32.13,1.92,2.49,2047000,1951500.0,2026-07-09,16:14:42
300674,宇信科技,14.58,14.72,14.77,14.8,14.34,92781.0,134770000.0,102.65,102.5,24.48,2.32,1.32,4107000,5171200.0,2026-07-09,16:14:51
300675,建科院,11.65,11.72,11.68,11.81,11.35,21993.0,25420000.0,17.09,17.09,-22.41,3.47,1.5,1156800,1042500.0,2026-07-09,16:14:54
300676,华大基因,34.75,34.3,34.0,35.16,33.75,57857.0,199330000.0,145.37,144.57,-25.35,1.72,1.39,3220400,2565300.0,2026-07-09,16:14:42
300677,英科医疗,44.6,44.98,44.72,45.31,44.0,94373.0,419590000.0,292.02,207.66,43.71,1.61,2.03,4619300,4818000.0,2026-07-09,16:14:27
300678,中科信息,21.88,21.86,21.66,21.96,21.24,48057.0,103870000.0,64.85,63.71,411.38,7.69,1.65,2473200,2332500.0,2026-07-09,16:14:57
300679,电连技术,59.25,54.59,56.2,59.42,52.0,248308.0,1392320000.0,251.71,212.97,107.81,5.13,6.91,13119200,11711600.0,2026-07-09,16:14:45
300680,隆盛科技,23.33,23.48,23.41,23.71,22.43,103269.0,238670000.0,68.62,52.81,28.62,3.43,4.56,4862800,5464100.0,2026-07-09,16:14:48
300681,英搏尔,27.07,27.6,27.8,27.8,25.9,113752.0,303880000.0,82.85,62.48,35.74,2.7,4.93,5354000,6021200.0,2026-07-09,16:14:06
300682,朗新科技,9.88,10.0,9.9,10.06,9.62,162084.0,159350000.0,106.53,101.89,205.35,1.63,1.57,7260300,8948000.0,2026-07-09,16:14:30
300683,海特生物,24.62,24.79,24.53,25.76,24.05,63099.0,155810000.0,32.23,30.05,-13.41,1.51,5.17,3175800,3134100.0,2026-07-09,16:14:33
300684,中石科技,68.36,65.61,66.92,68.55,62.8,228530.0,1502400000.0,204.74,139.66,59.93,10.19,11.19,11189400,11663600.0,2026-07-09,16:14:00
300685,艾德生物,16.95,17.19,17.06,17.43,16.7,67788.0,114950000.0,66.12,66.03,18.58,3.54,1.74,3096100,3682700.0,2026-07-09,16:14:09
300686,智动力,16.15,15.58,15.58,16.29,14.41,169032.0,260220000.0,42.09,41.81,-25.97,5.57,6.53,7512700,9390400.0,2026-07-09,16:14:51
300687,赛意信息,30.21,28.55,28.29,31.0,28.0,433109.0,1308110000.0,123.38,98.76,-123.22,4.61,13.25,24088200,19222700.0,2026-07-09,16:14:03
300688,创业黑马,26.24,25.05,25.25,26.52,24.61,67124.0,173320000.0,43.92,38.93,-80.4,11.98,4.52,3835100,2877300.0,2026-07-09,16:14:36
300689,澄天伟业,70.01,70.09,71.69,71.69,66.5,45709.0,313770000.0,80.93,70.84,1163.62,11.78,4.52,2176300,2394600.0,2026-07-09,16:14:54
300690,双一科技,21.3,21.4,21.2,21.5,20.56,32674.0,68740000.0,35.22,23.61,23.37,2.26,2.95,1435400,1832000.0,2026-07-09,16:14:06
300691,联合光电,14.31,14.15,14.15,14.38,13.71,49397.0,69620000.0,38.5,31.59,131.02,2.34,2.24,2445000,2494700.0,2026-07-09,16:14:09
300692,中赋科技,8.34,8.19,8.24,8.36,8.16,107727.0,89230000.0,46.89,42.79,71.54,1.5,2.1,5141400,5631300.0,2026-07-09,16:14:45
300693,盛弘股份,40.31,39.77,40.05,40.68,38.13,133200.0,527010000.0,126.09,108.37,25.82,6.02,4.95,6547900,6772000.0,2026-07-09,16:14:48
300694,蠡湖股份,11.53,11.74,11.88,11.92,11.18,99991.0,115650000.0,25.03,25.0,19.16,1.67,4.61,5119900,4879200.0,2026-07-09,16:14:51
300695,兆丰股份,56.07,56.6,55.99,56.75,53.74,17624.0,97990000.0,57.34,57.34,18.96,2.0,1.72,909300,853100.0,2026-07-09,16:14:54
300696,爱乐达,22.86,22.59,22.81,23.03,21.81,77085.0,173510000.0,67.27,61.06,125.34,3.54,2.89,3934800,3773700.0,2026-07-09,16:14:12
300697,电工合金,13.81,13.73,13.63,13.93,13.1,81384.0,109820000.0,59.75,45.74,32.25,4.81,2.46,4045300,4093100.0,2026-07-09,16:14:12
300698,万马科技,25.79,25.83,25.83,25.99,24.75,23227.0,59110000.0,34.56,30.57,71.86,6.46,1.96,1119400,1203300.0,2026-07-09,16:14:57
300699,光威复材,27.0,27.29,27.31,27.49,25.96,204946.0,545650000.0,224.47,221.78,39.38,4.16,2.5,9463600,11031000.0,2026-07-09,16:14:00
300700,岱勒新材,21.48,20.15,20.16,21.7,19.88,126234.0,261410000.0,85.28,58.13,-53.88,11.05,4.66,7027500,5595900.0,2026-07-09,16:14:39
300701,森霸传感,9.42,9.24,9.19,9.54,8.96,44600.0,41180000.0,26.63,23.47,35.5,2.82,1.79,2345400,2114600.0,2026-07-09,16:14:15
300702,天宇股份,20.26,20.73,20.4,21.05,20.13,46044.0,94060000.0,70.5,42.63,73.65,1.92,2.19,2353200,2251200.0,2026-07-09,16:14:57
300703,创源股份,12.32,12.41,12.55,12.58,12.09,46844.0,57590000.0,22.22,20.48,105.45,2.93,2.82,2352400,2332000.0,2026-07-09,16:14:18
300705,九典制药,10.17,10.24,10.15,10.48,10.01,69427.0,70590000.0,50.88,37.62,12.6,2.07,1.88,3052500,3890200.0,2026-07-09,16:14:03
300706,阿石创,73.15,68.1,69.51,73.88,66.8,216683.0,1532400000.0,112.31,83.27,-331.74,16.22,19.04,10681500,10986800.0,2026-07-09,16:14:00
300707,威唐工业,10.89,10.96,10.93,11.05,10.6,40690.0,43930000.0,19.23,15.88,71.6,1.73,2.79,1995900,2073100.0,2026-07-09,16:14:03
300708,聚灿光电,7.87,7.88,7.82,7.94,7.52,249582.0,193430000.0,74.24,56.23,42.87,2.57,3.49,10775900,14182200.0,2026-07-09,16:14:06
300709,精研科技,46.62,45.95,46.5,47.3,44.48,88721.0,408310000.0,86.75,69.59,454.33,4.04,5.94,4291000,4581100.0,2026-07-09,16:14:06
300710,万隆光电,29.34,28.78,28.64,29.58,28.17,30252.0,87620000.0,29.19,21.88,-84.24,6.74,4.06,1386500,1638700.0,2026-07-09,16:14:21
300711,广哈通信,15.56,15.32,15.24,15.59,14.93,27414.0,41890000.0,43.64,38.66,55.59,2.95,1.1,1482100,1259300.0,2026-07-09,16:14:42
300712,永福股份,22.64,22.5,22.41,22.69,21.86,20675.0,46040000.0,42.46,42.28,609.94,3.34,1.11,938000,1129600.0,2026-07-09,16:14:09
300713,英可瑞,12.2,12.06,12.17,12.23,11.66,24698.0,29630000.0,19.36,10.54,-18.54,4.37,2.86,1314500,1155300.0,2026-07-09,16:14:45
300715,凯伦股份,15.82,14.5,14.5,16.1,14.5,215045.0,332630000.0,59.81,49.51,211.56,3.41,6.87,10058000,11446500.0,2026-07-09,16:14:48
300716,*ST泉为,17.8,22.25,21.0,21.05,17.8,122158.0,235850000.0,28.48,28.48,-12.96,-15.96,7.63,5006200,7209600.0,2026-07-09,16:14:24
300717,华信新材,24.92,24.4,23.87,25.77,23.4,114531.0,285300000.0,25.61,25.38,49.68,3.51,11.24,5669200,5783800.0,2026-07-09,16:14:09
300718,长盛轴承,63.69,61.77,62.34,64.03,60.14,108999.0,677320000.0,190.29,125.25,72.81,11.03,5.54,5005400,5894500.0,2026-07-09,16:14:51
300719,安达维尔,11.1,11.08,11.06,11.24,10.78,35597.0,39090000.0,28.22,19.94,-249.11,2.79,1.98,1703700,1856100.0,2026-07-09,16:14:54
300720,海川智能,100.51,97.12,99.0,102.0,94.3,78083.0,760750000.0,195.87,185.08,855.23,33.89,4.24,4209500,3598700.0,2026-07-09,16:14:12
300721,怡达股份,31.33,30.3,30.5,32.0,28.69,214153.0,648320000.0,51.65,43.35,-75.02,4.63,15.48,9842600,11572700.0,2026-07-09,16:14:27
300722,新余国科,21.46,21.13,21.12,21.58,20.65,23233.0,48990000.0,59.39,59.39,72.48,9.5,0.84,1149500,1173800.0,2026-07-09,16:14:12
300723,一品红,37.84,37.69,36.9,39.16,36.68,148052.0,558690000.0,170.92,158.62,85.46,8.83,3.53,7659900,7145200.0,2026-07-09,16:14:15
300724,捷佳伟创,63.99,63.0,63.0,64.28,61.6,118122.0,744480000.0,222.87,184.11,10.23,1.69,4.11,5985600,5826600.0,2026-07-09,16:14:15
300725,药石科技,36.3,35.61,35.08,37.28,34.8,99314.0,360580000.0,84.87,73.58,43.12,1.56,4.9,5125200,4806200.0,2026-07-09,16:14:15
300726,宏达电子,70.08,67.02,68.48,70.22,65.5,131074.0,896610000.0,288.62,150.28,65.58,6.02,6.11,6613600,6493800.0,2026-07-09,16:14:30
300727,润禾材料,37.1,36.42,35.7,37.18,33.61,116991.0,412220000.0,66.83,60.14,54.24,5.04,7.22,5937000,5762200.0,2026-07-09,16:14:57
300729,乐歌股份,9.63,9.82,9.82,9.88,9.47,34418.0,33070000.0,32.9,31.59,15.78,0.92,1.05,1554200,1887600.0,2026-07-09,16:14:18
300730,科创信息,12.81,12.69,12.82,12.9,12.34,59256.0,74750000.0,30.89,26.49,-24.75,19.43,2.87,2836900,3088700.0,2026-07-09,16:14:18
300731,科创新源,53.98,50.66,51.0,54.68,48.37,86584.0,446640000.0,95.7,90.82,424.67,15.6,5.15,5208900,3449500.0,2026-07-09,16:14:00
300732,设研院,5.67,5.73,5.66,5.76,5.58,57860.0,32780000.0,21.01,20.99,-13.16,0.75,1.56,2772900,3013100.0,2026-07-09,16:14:21
300733,西菱动力,11.68,11.94,11.97,12.07,11.44,55727.0,64930000.0,46.32,34.15,57.88,2.67,1.91,2795700,2777000.0,2026-07-09,16:14:33
300735,光弘科技,22.18,21.74,21.66,22.49,20.8,241432.0,520960000.0,179.46,168.0,66.38,3.25,3.19,12152100,11991100.0,2026-07-09,16:14:18
300736,百邦科技,31.28,28.55,28.85,31.77,28.5,80797.0,242700000.0,40.02,39.01,-137.74,60.81,6.48,4531600,3548100.0,2026-07-09,16:14:24
300737,科顺股份,5.91,6.18,6.16,6.19,5.72,407788.0,240060000.0,65.62,52.43,-12.81,1.67,4.6,19023600,21755300.0,2026-07-09,16:14:36
300738,奥飞数据,20.4,20.33,20.2,20.6,19.68,563668.0,1137330000.0,200.98,200.92,115.96,5.25,5.72,24865100,31501700.0,2026-07-09,16:14:39
300739,明阳电路,29.74,28.75,28.79,29.93,27.3,138308.0,399150000.0,111.07,102.06,129.82,4.04,4.03,6351200,7479700.0,2026-07-09,16:14:27
300740,水羊股份,19.67,19.78,19.41,20.1,19.2,179639.0,352190000.0,77.2,71.12,54.68,3.54,4.97,8216200,9747600.0,2026-07-09,16:14:21
300741,华宝股份,12.61,12.83,12.74,12.88,12.47,22870.0,28880000.0,77.66,77.66,97.52,1.14,0.37,883700,1403300.0,2026-07-09,16:14:03
300743,天地数码,14.35,14.33,14.34,14.41,13.9,24822.0,35110000.0,21.7,18.28,18.77,3.74,1.95,1255100,1227100.0,2026-07-09,16:14:30
300745,欣锐科技,49.18,49.24,50.24,50.62,45.85,151145.0,724110000.0,82.9,69.99,-102.81,3.74,10.62,7236200,7878300.0,2026-07-09,16:14:42
300746,汉嘉数智,9.82,9.85,9.81,9.85,9.39,36236.0,34980000.0,22.17,21.95,31.86,2.69,1.62,2024800,1598800.0,2026-07-09,16:14:45
300747,锐科激光,41.57,40.3,40.78,41.92,39.4,235857.0,964640000.0,233.46,216.99,125.02,6.83,4.52,11395800,12189900.0,2026-07-09,16:14:33
300748,金力永磁,28.58,29.7,29.61,30.18,27.47,509099.0,1450270000.0,393.14,322.96,53.28,5.33,4.51,20740500,30169400.0,2026-07-09,16:14:21
300749,顶固集创,23.84,23.38,23.5,23.98,22.8,44289.0,104020000.0,48.91,37.52,-460.2,8.88,2.81,2158700,2270200.0,2026-07-09,16:14:48
300750,宁德时代,375.5,361.0,361.0,376.66,360.07,377942.0,13905780000.0,17373.07,15985.17,22.0,5.32,0.89,19516200,18277900.0,2026-07-09,16:14:24
300751,迈为股份,278.61,255.14,270.28,279.76,261.57,107534.0,2921550000.0,777.05,537.3,114.68,10.03,5.58,5821300,4932100.0,2026-07-09,16:14:51
300752,隆利科技,12.3,11.89,11.99,12.43,11.66,132153.0,159230000.0,39.71,27.45,86.6,3.15,5.92,6423900,6791400.0,2026-07-09,16:14:27
300753,爱朋医疗,18.6,18.65,18.53,19.28,18.06,51250.0,95270000.0,23.44,16.35,-217.84,3.54,5.83,2402300,2722700.0,2026-07-09,16:14:54
300755,华致酒行,10.83,10.83,10.84,10.97,10.57,39840.0,42820000.0,45.14,45.12,-11.25,1.61,0.96,1769100,2214900.0,2026-07-09,16:14:30
300756,金马游乐,28.39,28.8,28.89,29.0,26.61,57025.0,159270000.0,62.64,54.51,57.74,4.28,2.97,3060100,2642400.0,2026-07-09,16:14:57
300757,罗博特科,521.27,475.2,484.65,522.98,470.0,76563.0,3802050000.0,873.69,847.41,-1104.7,53.74,4.71,4401500,3254800.0,2026-07-09,16:14:00
300758,七彩化学,11.06,11.25,11.26,11.37,10.7,91404.0,100510000.0,44.14,39.79,95.58,2.51,2.54,4348700,4791700.0,2026-07-09,16:14:24
300759,康龙化成,30.98,30.31,29.99,32.1,29.62,726842.0,2253900000.0,569.19,439.93,33.61,3.54,5.12,37701900,34982300.0,2026-07-09,16:14:33
300760,迈瑞医疗,139.5,138.0,136.8,140.77,136.02,90373.0,1255900000.0,1691.36,1689.9,21.58,4.38,0.75,4816600,4220700.0,2026-07-09,16:14:36
300761,立华股份,18.35,18.15,18.06,18.72,17.97,96672.0,177600000.0,155.3,116.9,29.49,1.66,1.52,5211800,4455500.0,2026-07-09,16:14:06
300762,上海瀚讯,42.72,39.9,40.11,43.08,39.35,407967.0,1690790000.0,268.27,268.27,-149.55,11.8,6.5,24326900,16469800.0,2026-07-09,16:14:39
300763,锦浪科技,66.01,66.1,66.78,66.82,62.66,206736.0,1336770000.0,262.76,212.28,43.1,2.93,6.43,9482000,11191600.0,2026-07-09,16:14:42
300765,石药创新,36.38,33.85,32.82,37.0,32.62,271068.0,966300000.0,510.99,510.99,-165.86,19.83,1.93,15511300,11595500.0,2026-07-09,16:14:36
300766,每日互动,20.3,20.21,20.36,20.71,19.67,180265.0,364280000.0,80.13,72.66,-231.94,5.12,5.04,9289400,8737100.0,2026-07-09,16:14:27
300767,震安科技,21.4,21.1,21.29,21.61,20.53,109529.0,230890000.0,59.13,51.34,-52.73,3.89,4.57,5279100,5673900.0,2026-07-09,16:14:03
300768,迪普科技,16.68,16.47,16.01,16.85,15.62,222720.0,362610000.0,107.39,70.17,54.61,3.08,5.29,10508300,11763800.0,2026-07-09,16:14:45
300769,德方纳米,54.06,54.83,55.27,55.38,51.1,235233.0,1247940000.0,151.47,136.1,-38.95,2.9,9.34,11737400,11785900.0,2026-07-09,16:14:06
300770,新媒股份,31.71,32.32,32.29,32.48,31.66,18759.0,59960000.0,72.25,72.25,11.24,2.03,0.82,825900,1050000.0,2026-07-09,16:14:09
300771,智莱科技,10.35,10.44,10.41,10.5,10.07,30404.0,31180000.0,24.84,19.57,27.09,1.28,1.61,1488500,1552000.0,2026-07-09,16:14:39
300772,运达股份,11.05,11.11,11.16,11.2,10.8,138360.0,152130000.0,86.95,77.12,26.43,1.3,1.98,6581200,7254900.0,2026-07-09,16:14:42
300773,拉卡拉,14.91,14.71,14.6,14.94,14.2,339569.0,494940000.0,162.12,153.37,9.74,3.55,3.3,17533100,16423800.0,2026-07-09,16:14:45
300774,倍杰特,9.98,10.01,9.91,10.08,9.61,79245.0,78090000.0,40.79,19.45,107.64,2.82,4.07,3849100,4075400.0,2026-07-09,16:14:48
300775,三角防务,20.81,20.54,20.43,20.97,19.93,141597.0,289020000.0,113.95,110.63,42.09,1.95,2.66,6841100,7318600.0,2026-07-09,16:14:48
300776,帝尔激光,170.54,159.0,162.0,171.6,159.31,96521.0,1598500000.0,486.44,305.8,93.59,12.72,5.38,5082600,4569500.0,2026-07-09,16:14:30
300777,中简科技,27.29,27.1,27.18,27.41,26.05,129184.0,345890000.0,120.0,117.59,54.45,2.67,3.0,6130300,6788200.0,2026-07-09,16:14:51
300778,新城市,9.27,9.31,9.23,9.47,8.96,39057.0,35990000.0,18.88,18.87,-36.54,1.57,1.92,2193200,1712500.0,2026-07-09,16:14:09
300779,惠城环保,56.5,57.5,57.5,57.95,55.11,80237.0,450310000.0,167.97,128.35,248.33,7.54,3.53,4150800,3872800.0,2026-07-09,16:14:33
300780,德恩精工,31.8,29.08,29.5,32.27,28.16,88957.0,265640000.0,46.64,34.2,-105.62,4.66,8.27,5104100,3791600.0,2026-07-09,16:14:12
300781,因赛集团,25.68,24.7,24.63,26.38,24.38,61345.0,156900000.0,42.16,31.11,-47.04,7.66,5.06,3282400,2852200.0,2026-07-09,16:14:15
300782,卓胜微,92.83,89.63,91.33,93.0,87.18,178512.0,1608160000.0,533.76,416.11,-136.66,4.05,3.98,9381700,8469500.0,2026-07-09,16:14:51
300783,三只松鼠,15.9,16.1,16.06,16.19,15.75,46382.0,73800000.0,63.87,44.56,33.67,2.02,1.65,2227900,2410300.0,2026-07-09,16:14:54
300784,利安科技,38.95,40.24,40.04,40.44,38.36,9290.0,36410000.0,21.9,6.55,46.76,2.72,5.53,389900,539100.0,2026-07-09,16:14:18
300785,值得买,35.0,34.4,33.99,35.63,33.6,80399.0,279660000.0,69.6,42.82,70.52,3.61,6.57,4019700,4020200.0,2026-07-09,16:14:21
300786,国林科技,19.92,19.76,19.76,20.16,19.03,89777.0,176240000.0,36.66,29.16,-431.89,3.28,6.13,5077200,3900500.0,2026-07-09,16:14:12
300787,海能实业,8.67,8.65,8.59,8.74,8.36,44783.0,38290000.0,27.17,17.04,41.56,1.84,2.28,2201600,2276700.0,2026-07-09,16:14:15
300788,中信出版,23.05,22.93,22.8,23.35,22.53,20524.0,47090000.0,43.83,43.83,37.32,1.95,1.08,971600,1080800.0,2026-07-09,16:14:57
300789,唐源电气,16.16,16.39,16.38,16.7,15.7,31344.0,50520000.0,23.25,22.56,70.12,2.19,2.25,1467400,1667000.0,2026-07-09,16:14:54
300790,宇瞳光学,22.8,22.09,22.19,22.95,20.96,256944.0,561630000.0,119.2,104.74,46.92,4.45,5.59,12657100,13037200.0,2026-07-09,16:14:57
300791,仙乐健康,15.64,15.89,15.9,15.97,15.5,10548.0,16500000.0,48.28,40.26,40.99,1.75,0.41,418200,636600.0,2026-07-09,16:14:00
300792,壹网壹创,24.33,24.0,23.9,24.62,23.54,52403.0,126640000.0,57.65,51.71,51.04,1.96,2.47,2677600,2562700.0,2026-07-09,16:14:36
300793,佳禾智能,10.74,10.63,10.64,10.79,10.43,58569.0,62430000.0,40.87,39.96,-22.81,1.46,1.57,2862600,2994300.0,2026-07-09,16:14:18
300795,米奥会展,8.33,8.37,8.33,8.43,8.12,30479.0,25220000.0,24.9,14.49,16.73,4.38,1.75,1560500,1487400.0,2026-07-09,16:14:21
300796,贝斯美,6.19,6.19,6.2,6.25,6.04,43716.0,26770000.0,22.35,22.35,2126.31,1.31,1.21,2083700,2287900.0,2026-07-09,16:14:24
300797,钢研纳克,12.63,12.84,12.95,12.97,12.28,40629.0,50980000.0,48.34,48.21,29.62,3.58,1.06,2113700,1949200.0,2026-07-09,16:14:27
300798,锦鸡股份,6.28,6.19,6.17,6.31,5.96,157070.0,96590000.0,30.97,25.48,-70.46,1.88,3.87,8044300,7662800.0,2026-07-09,16:14:00
300800,力合科技,9.28,9.34,9.31,9.38,9.04,30717.0,28300000.0,21.97,21.74,47.92,1.08,1.31,1447700,1624000.0,2026-07-09,16:14:03
300801,泰和科技,26.74,26.9,26.98,27.18,25.67,93078.0,246130000.0,58.41,36.6,44.1,2.28,6.8,4617800,4689900.0,2026-07-09,16:14:24
300802,矩子科技,21.84,21.48,21.4,21.86,20.42,90572.0,191860000.0,62.04,42.53,68.74,4.08,4.65,4185700,4871500.0,2026-07-09,16:14:06
300803,指南针,83.78,79.97,80.11,83.86,79.8,224165.0,1837840000.0,510.88,507.15,254.85,17.83,3.7,12263700,10152900.0,2026-07-09,16:14:03
300804,广康生化,30.17,30.19,27.44,30.89,27.44,15305.0,45450000.0,22.33,8.3,96.95,1.65,5.57,778800,751700.0,2026-07-09,16:14:39
300805,电声股份,7.22,7.18,7.18,7.4,7.06,62375.0,44950000.0,30.64,20.82,93.0,1.98,2.16,3030200,3207300.0,2026-07-09,16:14:27
300806,斯迪克,90.0,84.29,86.5,90.0,84.5,170786.0,1491120000.0,407.97,284.77,618.72,17.47,5.4,9589500,7489100.0,2026-07-09,16:14:42
300807,天迈科技,38.18,37.88,37.71,38.3,36.59,11017.0,41360000.0,25.98,19.83,-72.63,5.79,2.12,599800,501900.0,2026-07-09,16:14:45
300808,久量股份,20.15,19.24,19.51,20.26,19.06,35184.0,69410000.0,32.24,23.96,-48.72,3.43,2.96,1955800,1562600.0,2026-07-09,16:14:09
300809,华辰装备,25.76,25.74,25.74,25.98,25.02,48175.0,122860000.0,65.31,38.79,34.13,3.62,3.2,2164100,2653400.0,2026-07-09,16:14:06
300810,中科海讯,24.12,23.78,23.78,24.26,23.16,21300.0,50640000.0,28.47,27.5,-86.56,3.71,1.87,1123800,1006200.0,2026-07-09,16:14:30
300811,铂科新材,90.4,83.4,85.88,91.47,85.26,186796.0,1651230000.0,367.58,301.54,84.91,11.93,5.6,10665000,8014600.0,2026-07-09,16:14:09
300812,易天股份,23.63,23.52,23.58,23.79,22.3,112460.0,260800000.0,46.34,42.05,615.48,5.96,6.32,5535100,5710800.0,2026-07-09,16:14:48
300813,泰林生物,21.37,21.04,21.25,21.96,20.51,42628.0,90530000.0,25.9,16.25,145.53,3.21,5.61,2013000,2249800.0,2026-07-09,16:14:12
300814,中富电路,177.45,161.06,166.0,177.8,162.05,74719.0,1270880000.0,339.69,339.69,892.49,20.74,3.9,4342600,3129200.0,2026-07-09,16:14:33
300815,玉禾田,16.79,16.83,16.83,16.96,16.38,35184.0,58610000.0,66.92,65.54,11.93,1.47,0.9,1701400,1817100.0,2026-07-09,16:14:12
300816,艾可蓝,61.65,60.24,61.68,62.75,58.35,23775.0,143820000.0,49.32,35.98,51.18,5.2,4.07,1149800,1227700.0,2026-07-09,16:14:15
300817,双飞集团,15.75,15.78,15.66,15.96,15.22,34986.0,54490000.0,34.38,19.73,50.03,3.35,2.79,1696500,1802100.0,2026-07-09,16:14:18
300818,耐普矿机,17.55,17.73,17.7,17.9,16.86,37851.0,65670000.0,38.51,24.94,60.5,2.15,2.66,1747400,2037600.0,2026-07-09,16:14:36
300819,聚杰微纤,61.7,57.3,57.69,61.98,55.0,55314.0,323040000.0,92.06,83.15,177.48,10.69,4.1,2756100,2775300.0,2026-07-09,16:14:15
300820,英杰电气,72.75,70.61,71.64,75.42,69.33,57608.0,414970000.0,161.69,81.32,77.47,6.49,5.15,2889700,2871100.0,2026-07-09,16:14:21
300821,东岳硅材,30.33,26.44,25.5,31.0,24.9,2135978.0,5925770000.0,363.96,363.9,263.92,7.13,17.8,113630000,99967800.0,2026-07-09,16:14:30
300822,贝仕达克,11.21,11.18,11.17,11.35,10.92,25254.0,28110000.0,34.92,32.39,147.63,2.8,0.87,1307200,1218100.0,2026-07-09,16:14:39
300823,建科智能,14.33,14.41,14.39,14.64,13.93,24905.0,35480000.0,18.77,12.15,36.45,2.0,2.94,1215900,1274600.0,2026-07-09,16:14:18
300824,北鼎股份,7.2,7.28,7.21,7.33,7.08,30080.0,21600000.0,23.5,22.79,20.81,3.15,0.95,1433100,1575000.0,2026-07-09,16:14:21
300825,阿尔特,11.95,12.2,12.11,12.33,11.45,230042.0,272780000.0,59.14,57.9,-23.87,2.94,4.75,11575000,11429200.0,2026-07-09,16:14:24
300826,测绘股份,12.63,12.42,12.28,12.63,12.01,75856.0,93080000.0,28.82,27.73,201.28,1.93,3.46,3389100,4196500.0,2026-07-09,16:14:33
300827,上能电气,24.9,24.8,24.77,24.96,23.84,141301.0,345730000.0,138.62,96.37,29.32,3.27,3.65,7500100,6630000.0,2026-07-09,16:14:42
300828,锐新科技,17.33,17.15,17.16,17.57,16.41,44131.0,74930000.0,28.84,14.62,105.12,3.7,5.23,1979400,2433700.0,2026-07-09,16:14:51
300829,金丹科技,13.95,13.78,13.78,14.05,13.52,31314.0,43230000.0,31.7,21.87,29.97,1.31,2.0,1518100,1613300.0,2026-07-09,16:14:45
300830,金现代,7.61,7.55,7.44,7.67,7.31,126409.0,94540000.0,34.37,25.65,-43.52,2.61,3.75,6075000,6565900.0,2026-07-09,16:14:54
300831,ST派瑞,17.92,18.15,18.23,18.37,17.27,93279.0,165510000.0,57.34,33.06,96.96,5.89,5.06,4143900,5184000.0,2026-07-09,16:14:36
300832,新产业,42.01,41.28,41.36,42.8,40.88,73004.0,306980000.0,330.08,286.98,20.32,3.86,1.07,3733300,3567100.0,2026-07-09,16:14:57
300833,浩洋股份,34.69,34.4,34.62,34.98,33.46,19358.0,66140000.0,43.88,28.19,27.36,1.83,2.38,1000200,935700.0,2026-07-09,16:14:24
300834,星辉环材,40.17,38.67,38.77,40.17,38.01,16570.0,64770000.0,77.81,77.3,147.39,2.72,0.86,860300,796800.0,2026-07-09,16:14:48
300835,龙磁科技,178.76,174.45,176.48,179.28,161.48,60038.0,1029150000.0,213.17,148.63,127.19,17.07,7.22,3182100,2821700.0,2026-07-09,16:14:27
300836,佰奥智能,69.1,66.49,66.0,69.43,63.21,21466.0,142650000.0,64.05,43.85,65.68,10.29,3.38,1190200,956400.0,2026-07-09,16:14:51
300837,浙矿股份,22.49,22.59,22.58,22.85,21.54,15467.0,34330000.0,22.49,17.0,31.22,1.63,2.05,754200,792500.0,2026-07-09,16:14:27
300838,浙江力诺,12.62,12.39,12.43,12.8,12.27,29449.0,36940000.0,17.41,12.84,-53.34,1.83,2.89,1460600,1484300.0,2026-07-09,16:14:30
300839,博汇股份,11.36,11.9,12.0,12.16,11.08,99540.0,114620000.0,33.51,32.91,93.78,4.16,3.44,4286200,5667800.0,2026-07-09,16:14:30
300840,酷特智能,21.54,21.94,21.77,21.85,20.91,70643.0,151100000.0,51.7,38.14,151.2,4.1,3.99,3754500,3309800.0,2026-07-09,16:14:39
300841,康华生物,45.0,45.86,45.87,46.48,44.39,28471.0,128590000.0,58.48,53.51,25.81,1.67,2.39,1721700,1125400.0,2026-07-09,16:14:00
300842,帝科股份,81.0,73.86,75.75,81.49,72.8,73381.0,565310000.0,117.68,104.59,-39.68,7.33,5.68,4272100,3066000.0,2026-07-09,16:14:54
300843,胜蓝股份,148.71,147.4,147.4,150.0,139.0,64993.0,938760000.0,243.45,238.68,206.64,15.09,4.05,3388900,3110400.0,2026-07-09,16:14:42
300844,山水比德,21.38,21.63,21.64,21.99,20.84,11753.0,25050000.0,19.93,19.21,-33.19,2.6,1.31,579600,595600.0,2026-07-09,16:14:57
300845,捷安高科,12.97,11.52,11.64,13.38,11.63,180186.0,229300000.0,26.67,18.65,80.5,3.41,12.53,10294500,7724000.0,2026-07-09,16:14:33
300846,首都在线,20.17,19.75,19.6,20.65,19.34,341173.0,681570000.0,101.71,83.94,-66.99,13.11,8.2,17729800,16387600.0,2026-07-09,16:14:33
300847,中船汉光,13.1,13.09,12.92,13.1,12.76,21296.0,27550000.0,38.78,38.78,34.0,2.61,0.72,1073200,1056400.0,2026-07-09,16:14:36
300848,美瑞新材,13.05,13.18,13.15,13.3,12.7,43209.0,56010000.0,55.84,33.03,61.37,3.63,1.71,1947500,2373400.0,2026-07-09,16:14:45
300849,锦盛新材,23.28,23.5,23.3,24.03,22.24,30751.0,70440000.0,34.92,25.67,-62.39,6.48,2.79,1435700,1639400.0,2026-07-09,16:14:00
300850,新强联,24.24,24.43,24.35,24.52,23.46,99750.0,239500000.0,100.37,72.91,12.59,1.43,3.32,5022400,4952700.0,2026-07-09,16:14:36
300851,交大思诺,21.77,22.13,21.91,22.19,21.32,13592.0,29500000.0,18.93,10.74,23.19,1.48,2.75,705300,653900.0,2026-07-09,16:14:39
300852,四会富仕,59.24,57.71,59.52,59.58,55.77,82631.0,478940000.0,95.09,91.8,73.77,4.27,5.33,4041800,4221300.0,2026-07-09,16:14:39
300853,申昊科技,27.93,27.2,27.99,29.6,27.3,67437.0,190980000.0,41.04,27.46,-22.04,8.0,6.86,3074500,3669300.0,2026-07-09,16:14:03
300854,中兰环保,17.23,18.09,18.21,18.59,16.62,95780.0,165760000.0,24.14,19.63,-33.17,2.64,8.41,4453500,5124400.0,2026-07-09,16:14:48
300855,图南股份,32.68,33.37,33.3,33.92,32.03,89322.0,291600000.0,129.26,95.74,61.8,6.32,3.05,4846300,4085900.0,2026-07-09,16:14:03
300856,科思股份,10.32,10.56,10.5,10.62,10.2,47018.0,48640000.0,49.09,47.44,48.7,1.82,1.02,2059100,2642700.0,2026-07-09,16:14:51
300857,协创数据,292.36,281.0,289.0,295.0,269.06,212160.0,6030460000.0,1430.7,1423.38,81.96,27.95,4.36,10933200,10282800.0,2026-07-09,16:14:54
300858,科拓生物,14.11,14.31,14.32,14.42,13.76,44245.0,62060000.0,37.18,27.62,41.71,2.0,2.26,1961500,2463000.0,2026-07-09,16:14:06
300859,西域旅游,25.33,26.56,26.01,26.28,24.92,45008.0,114430000.0,39.26,39.26,50.6,5.54,2.9,2081800,2419000.0,2026-07-09,16:14:57
300860,锋尚文化,25.2,25.59,25.59,25.59,24.81,14796.0,37180000.0,47.49,27.57,-455.5,1.54,1.35,771600,708000.0,2026-07-09,16:14:06
300861,美畅股份,20.79,20.08,20.17,21.19,19.28,261660.0,524510000.0,139.68,87.71,33.93,2.15,6.2,14006900,12159100.0,2026-07-09,16:14:09
300862,蓝盾光电,18.63,18.08,18.03,18.68,17.42,42517.0,76540000.0,34.39,28.22,-36.17,1.75,2.81,2215300,2036500.0,2026-07-09,16:14:12
300863,卡倍亿,53.54,54.74,54.85,56.76,51.8,95249.0,510050000.0,139.96,134.45,83.87,9.64,3.79,5130200,4394700.0,2026-07-09,16:14:42
300864,南大环境,19.91,19.77,19.79,19.97,19.17,15172.0,29730000.0,31.44,31.44,20.62,2.48,0.96,742200,775000.0,2026-07-09,16:14:42
300865,大宏立,21.83,22.25,22.36,22.41,21.31,17292.0,37820000.0,20.89,12.55,170.53,2.4,3.01,925800,803400.0,2026-07-09,16:14:09
300866,安克创新,108.6,103.5,103.91,109.8,102.86,41339.0,442480000.0,633.04,334.04,25.11,6.17,1.34,2293900,1840000.0,2026-07-09,16:14:00
300867,圣元环保,16.89,17.07,16.99,17.13,16.48,54881.0,92070000.0,45.9,32.37,15.47,1.15,2.86,2577400,2910700.0,2026-07-09,16:14:12
300868,杰美特,137.55,125.78,130.93,138.54,127.01,34410.0,456840000.0,176.0,111.09,-290.54,11.99,4.26,2003500,1437500.0,2026-07-09,16:14:45
300869,康泰医学,10.27,10.4,10.35,10.57,10.11,35721.0,36730000.0,41.27,27.09,-84.04,2.44,1.35,1582400,1989700.0,2026-07-09,16:14:15
300870,欧陆通,292.0,266.1,274.01,292.68,262.22,67916.0,1874310000.0,445.72,445.67,245.05,17.31,4.45,3606800,3184800.0,2026-07-09,16:14:48
300871,回盛生物,22.79,23.03,23.3,23.55,22.02,72934.0,165530000.0,45.99,45.99,16.06,2.08,3.61,3420200,3873200.0,2026-07-09,16:14:51
300872,天阳科技,15.42,15.11,15.1,15.69,14.39,149255.0,224070000.0,75.27,65.08,-48.19,2.03,3.54,7566300,7359100.0,2026-07-09,16:14:54
300873,海晨股份,29.78,28.85,29.43,30.23,28.56,211284.0,621960000.0,95.97,69.66,46.1,3.06,9.03,10561800,10566600.0,2026-07-09,16:14:03
300875,捷强装备,29.29,28.62,28.57,30.18,28.41,28117.0,82290000.0,29.24,25.71,-25.46,3.44,3.2,1256200,1555500.0,2026-07-09,16:14:18
300876,蒙泰高新,15.0,14.87,14.88,15.74,14.83,30612.0,46420000.0,22.81,17.01,-38.39,2.24,2.7,1404200,1657100.0,2026-07-09,16:14:06
300877,金春股份,31.05,28.68,28.4,31.09,28.21,47889.0,142920000.0,37.26,37.26,43.25,2.25,3.99,2689200,2099600.0,2026-07-09,16:14:45
300878,维康药业,33.05,31.66,31.52,33.17,30.1,37745.0,120070000.0,47.85,47.63,-22.18,5.25,2.62,2178200,1596300.0,2026-07-09,16:14:21
300879,大叶股份,15.53,15.78,15.69,15.91,15.16,30666.0,47450000.0,31.43,31.22,-14.54,2.54,1.53,1565500,1501100.0,2026-07-09,16:14:15
300880,迦南智能,19.94,19.62,19.62,20.04,18.8,49151.0,95410000.0,38.91,38.91,51.25,3.73,2.52,2519200,2395900.0,2026-07-09,16:14:24
300881,盛德鑫泰,36.71,36.31,36.79,37.34,33.69,35136.0,124220000.0,40.38,21.07,16.65,3.26,6.12,1621600,1892000.0,2026-07-09,16:14:57
300882,万胜智能,15.1,15.01,15.01,15.19,14.27,43924.0,64770000.0,43.22,40.22,40.03,3.5,1.65,2144100,2248300.0,2026-07-09,16:14:09
300883,龙利得,6.02,6.15,6.15,6.15,5.88,181464.0,109450000.0,20.83,19.91,-160.24,1.48,5.49,6560600,11585800.0,2026-07-09,16:14:48
300884,狄耐克,11.7,11.46,11.46,11.72,11.21,64621.0,74350000.0,29.7,22.39,237.78,2.37,3.38,3368500,3093600.0,2026-07-09,16:14:12
300885,海昌新材,22.46,22.61,22.48,22.98,21.48,69933.0,154480000.0,55.73,37.51,90.34,6.23,4.19,3295800,3697500.0,2026-07-09,16:14:18
300886,华业香料,20.76,20.74,20.52,20.93,20.18,17026.0,34980000.0,15.59,9.81,67.38,2.62,3.6,737400,965200.0,2026-07-09,16:14:51
300887,谱尼测试,6.81,6.83,6.79,6.93,6.59,78071.0,52840000.0,37.16,24.67,-18.17,1.35,2.16,3848400,3958700.0,2026-07-09,16:14:21
300888,稳健医疗,27.62,28.19,27.99,28.45,27.47,34669.0,96280000.0,161.02,160.3,20.89,1.39,0.6,1763800,1703100.0,2026-07-09,16:14:24
300889,爱克股份,22.76,22.31,22.37,22.9,22.19,24763.0,55720000.0,50.12,33.31,-62.89,3.54,1.69,1223100,1253200.0,2026-07-09,16:14:00
300890,翔丰华,28.51,29.04,29.04,29.19,27.28,68493.0,192840000.0,34.09,31.16,39.75,1.59,6.27,3326800,3522500.0,2026-07-09,16:14:27
300891,惠云钛业,6.28,6.32,6.29,6.38,6.1,78228.0,48690000.0,25.12,20.94,-31.22,2.08,2.35,3799600,4023200.0,2026-07-09,16:14:27
300892,品渥食品,18.75,19.1,19.11,19.3,18.44,13266.0,24940000.0,18.75,12.11,-711.57,1.82,2.05,740100,586500.0,2026-07-09,16:14:30
300893,松原安全,15.95,15.87,15.77,16.04,15.52,26176.0,41360000.0,75.44,40.02,20.5,3.63,1.04,1031100,1586600.0,2026-07-09,16:14:15
300894,火星人,12.33,12.13,12.15,12.42,11.83,96578.0,117350000.0,50.09,36.26,-16.97,5.17,3.28,4846900,4810900.0,2026-07-09,16:14:18
300895,铜牛信息,49.13,48.98,48.28,49.82,46.88,55329.0,268130000.0,69.18,67.88,-96.34,9.25,4.0,2795700,2737200.0,2026-07-09,16:14:33
300896,爱美客,85.89,86.88,86.73,87.8,84.43,28545.0,244830000.0,259.9,175.6,22.69,3.41,1.4,1430600,1423900.0,2026-07-09,16:14:03
300897,山科智能,14.13,14.17,14.17,14.36,13.7,16566.0,23200000.0,27.67,17.27,183.54,2.85,1.36,814100,842500.0,2026-07-09,16:14:36
300898,熊猫乳品,18.37,18.42,18.3,18.44,17.75,27979.0,50690000.0,22.78,21.08,20.47,2.36,2.44,1561000,1236800.0,2026-07-09,16:14:54
300899,上海凯鑫,27.16,27.41,27.62,27.73,26.7,7525.0,20470000.0,17.32,11.12,-662.39,2.83,1.84,373000,379500.0,2026-07-09,16:14:30
300900,广联航空,39.71,38.46,37.95,39.81,36.7,205091.0,785980000.0,130.14,101.97,-94.55,6.72,7.99,10533800,9975200.0,2026-07-09,16:14:39
300901,中胤时尚,14.2,14.07,14.08,14.28,13.73,19676.0,27650000.0,34.08,34.08,469.6,3.52,0.82,1080700,886900.0,2026-07-09,16:14:42
300902,国安达,15.31,15.38,15.38,15.43,14.83,33047.0,50040000.0,27.83,19.11,-273.31,3.43,2.65,1630600,1674100.0,2026-07-09,16:14:33
300903,科翔股份,86.4,84.43,86.86,88.2,82.5,159163.0,1364370000.0,376.17,283.73,-141.92,20.6,4.85,7690600,8225700.0,2026-07-09,16:14:21
300904,威力传动,38.37,38.92,38.7,39.21,37.16,9309.0,35440000.0,27.77,8.43,-27.46,4.75,4.23,492500,438400.0,2026-07-09,16:14:36
300905,宝丽迪,44.78,43.82,43.86,44.99,42.17,66290.0,288890000.0,80.16,62.53,50.23,4.16,4.75,3644100,2984900.0,2026-07-09,16:14:45
300906,日月明,23.73,23.85,24.01,24.01,23.06,10939.0,25770000.0,18.98,17.13,32.27,2.05,1.52,493600,600300.0,2026-07-09,16:14:48
300907,康平科技,51.86,48.59,48.51,52.78,47.87,41626.0,208920000.0,49.79,49.79,116.68,6.36,4.34,2151000,2011600.0,2026-07-09,16:14:57
300908,仲景食品,22.8,23.32,23.35,23.35,22.6,8434.0,19290000.0,33.29,28.14,16.89,1.95,0.68,401000,442400.0,2026-07-09,16:14:06
300909,汇创达,56.57,54.51,55.06,56.91,52.82,48363.0,264540000.0,97.85,73.05,490.05,4.91,3.75,2449600,2386700.0,2026-07-09,16:14:00
300910,瑞丰新材,27.93,28.32,28.3,28.5,27.61,36160.0,100830000.0,106.98,74.93,15.7,3.04,1.35,1582300,2033700.0,2026-07-09,16:14:09
300911,亿田智能,19.5,18.49,18.97,20.44,18.43,101070.0,194810000.0,35.75,33.41,-21.71,3.3,5.9,4806400,5300600.0,2026-07-09,16:14:39
300912,凯龙高科,24.88,24.96,24.74,25.09,23.65,77394.0,189150000.0,28.33,21.39,-31.29,6.4,9.0,3548300,4191100.0,2026-07-09,16:14:51
300913,兆龙互连,39.18,37.82,38.12,39.2,36.53,92509.0,350990000.0,134.3,112.0,54.3,5.18,3.24,4690500,4560400.0,2026-07-09,16:14:03
300915,海融科技,19.6,19.8,19.69,20.07,19.32,9773.0,19150000.0,24.66,11.28,-351.91,1.66,1.7,474600,502600.0,2026-07-09,16:14:06
300916,朗特智能,20.94,20.7,20.9,21.1,19.93,35527.0,72880000.0,30.29,19.56,41.18,2.29,3.8,1918200,1634500.0,2026-07-09,16:14:09
300917,特发服务,22.8,23.09,22.95,23.25,22.33,48457.0,110000000.0,38.53,38.53,31.0,3.27,2.87,2401800,2443800.0,2026-07-09,16:14:54
300918,南山智尚,10.35,10.4,10.42,10.56,10.06,73829.0,76060000.0,52.38,52.38,43.09,1.36,1.46,3715100,3667800.0,2026-07-09,16:14:12
300919,中伟新材,39.55,39.7,39.52,39.95,38.05,148372.0,578650000.0,413.09,361.77,22.76,1.76,1.62,7733300,7103900.0,2026-07-09,16:14:24
300920,润阳科技,31.83,31.18,31.46,32.16,30.3,20384.0,63520000.0,41.38,27.48,164.41,3.54,2.36,1013500,1024900.0,2026-07-09,16:14:42
300921,南凌科技,16.11,16.41,16.2,16.41,15.39,171205.0,272800000.0,41.36,26.08,139.23,5.09,10.58,8731600,8388900.0,2026-07-09,16:14:45
300922,天秦装备,16.69,14.56,14.46,16.88,14.46,166757.0,264670000.0,26.85,21.06,80.51,2.75,13.21,9407700,7268000.0,2026-07-09,16:14:48
300923,研奥股份,20.65,20.75,20.77,20.96,19.95,13232.0,27080000.0,16.23,15.76,51.18,1.46,1.73,663100,660100.0,2026-07-09,16:14:12
300925,法本信息,13.98,14.06,14.01,14.13,13.56,77538.0,107530000.0,59.93,48.86,60.31,2.69,2.22,4019600,3734100.0,2026-07-09,16:14:51
300926,博俊科技,17.02,17.38,17.38,17.4,16.8,48628.0,82730000.0,73.92,50.72,8.97,2.1,1.63,2037000,2825800.0,2026-07-09,16:14:27
300927,江天化学,20.99,21.01,21.18,21.38,20.22,36867.0,76480000.0,30.3,29.56,95.96,3.11,2.62,1840200,1846500.0,2026-07-09,16:14:15
300928,华安鑫创,26.33,26.89,26.84,26.89,25.48,10945.0,28610000.0,21.06,14.11,-17.95,2.08,2.04,499700,594800.0,2026-07-09,16:14:57
300929,华骐环保,13.19,13.17,13.01,13.21,12.63,52653.0,67880000.0,17.43,16.54,-39.27,2.27,4.2,2541400,2724000.0,2026-07-09,16:14:15
300930,屹通新材,25.02,25.33,25.46,25.66,23.88,27368.0,67650000.0,25.02,11.79,41.06,2.67,5.81,1356300,1380500.0,2026-07-09,16:14:30
300931,通用电梯,15.85,15.09,15.04,15.88,14.81,74295.0,114010000.0,38.54,30.99,-59.13,6.41,3.8,3475300,3954200.0,2026-07-09,16:14:54
300932,三友联众,9.8,10.05,9.96,10.28,9.51,181612.0,177870000.0,43.92,31.28,56.82,2.56,5.69,8123600,10037700.0,2026-07-09,16:14:18
300933,中辰股份,5.79,5.79,5.76,5.82,5.56,108685.0,62000000.0,31.68,31.68,-267.13,1.49,1.99,5408200,5460300.0,2026-07-09,16:14:33
300935,盈建科,25.49,25.43,25.43,26.1,24.44,17759.0,44940000.0,20.25,15.36,-23.5,2.75,2.95,913400,862400.0,2026-07-09,16:14:18
300936,中英科技,105.7,98.58,98.59,106.8,95.66,32955.0,337580000.0,79.49,50.12,9066.42,7.89,6.95,2066900,1228600.0,2026-07-09,16:14:36
300937,药易购,19.07,19.36,19.35,19.7,18.67,19849.0,37880000.0,18.24,12.37,-92.35,2.23,3.06,1057000,927900.0,2026-07-09,16:14:57
300938,信测标准,44.84,45.18,45.3,46.75,43.3,158667.0,708750000.0,152.84,132.66,74.91,8.28,5.36,7783900,8082700.0,2026-07-09,16:14:00
300939,秋田微,59.0,55.66,56.77,59.0,55.01,37346.0,213530000.0,70.8,70.8,94.8,4.97,3.11,1929200,1805400.0,2026-07-09,16:14:21
300940,南极光,13.97,13.83,13.85,14.05,13.39,41604.0,57210000.0,31.1,22.0,47.82,2.65,2.64,2121200,2039200.0,2026-07-09,16:14:24
300941,创识科技,13.47,13.55,13.54,13.66,13.03,30134.0,40080000.0,27.58,16.67,92.06,2.16,2.43,1491700,1521700.0,2026-07-09,16:14:00
300942,易瑞生物,6.06,5.89,5.9,6.45,5.81,136405.0,82650000.0,24.55,24.55,359.42,2.99,3.37,6735400,6905100.0,2026-07-09,16:14:03
300943,春晖智控,45.41,42.44,42.75,45.77,41.6,94538.0,409120000.0,92.55,60.59,162.56,9.3,7.09,5101400,4352400.0,2026-07-09,16:14:06
300945,曼卡龙,10.53,10.5,10.6,10.71,10.25,70907.0,74250000.0,27.6,25.14,21.44,1.62,2.97,3280000,3810600.0,2026-07-09,16:14:21
300946,恒而达,38.64,38.68,38.6,38.8,37.04,17271.0,65580000.0,60.28,29.29,193.24,5.13,2.28,786800,940300.0,2026-07-09,16:14:03
300947,德必集团,12.31,12.45,12.59,12.64,12.1,17993.0,22140000.0,18.61,18.6,-30.11,1.5,1.19,893100,906200.0,2026-07-09,16:14:24
300948,冠中生态,24.1,23.76,23.62,24.3,21.9,69392.0,160010000.0,39.61,37.39,-83.73,3.99,4.47,2887200,4052000.0,2026-07-09,16:14:09
300949,奥雅股份,20.13,20.25,20.26,20.4,19.57,10016.0,20020000.0,17.51,10.01,-14.37,3.11,2.01,572000,429600.0,2026-07-09,16:14:27
300950,德固特,16.0,16.32,16.28,16.55,15.7,20559.0,32820000.0,24.58,15.69,33.31,3.06,2.1,974800,1081100.0,2026-07-09,16:14:30
300951,博硕科技,47.5,43.56,44.38,47.72,43.48,29640.0,134600000.0,80.47,71.91,111.86,3.65,1.96,1629400,1334600.0,2026-07-09,16:14:27
300952,恒辉安防,17.26,17.2,17.21,17.58,16.59,56065.0,95630000.0,41.7,25.64,51.29,2.49,3.77,2697000,2909400.0,2026-07-09,16:14:39
300953,震裕科技,121.65,121.69,121.85,123.47,117.0,73972.0,888920000.0,296.26,212.95,41.04,6.29,4.23,3613800,3783400.0,2026-07-09,16:14:06
300955,嘉亨家化,35.05,34.98,35.2,35.97,34.51,16628.0,58400000.0,35.33,35.33,-164.92,4.08,1.65,703300,959500.0,2026-07-09,16:14:30
300956,英力股份,10.55,10.27,10.39,10.55,9.95,70907.0,72920000.0,22.73,22.2,530.24,1.69,3.37,3615600,3475100.0,2026-07-09,16:14:42
300957,贝泰妮,30.95,31.4,31.01,31.57,30.66,51081.0,158350000.0,131.1,131.1,24.13,2.14,1.21,2677800,2430300.0,2026-07-09,16:14:09
300958,建工修复,10.85,10.7,10.66,10.92,10.39,34677.0,36880000.0,17.01,9.88,-17.41,1.41,3.81,1776900,1690800.0,2026-07-09,16:14:33
300959,线上线下,125.2,123.0,122.6,128.21,120.0,28070.0,348700000.0,100.62,65.51,-430.15,9.1,5.36,1552100,1255000.0,2026-07-09,16:14:45
300960,通业科技,14.83,14.91,14.88,15.1,14.47,13363.0,19720000.0,21.42,19.41,49.24,3.37,1.02,702900,633400.0,2026-07-09,16:14:12
300961,深水海纳,13.35,12.59,12.58,13.52,12.47,146332.0,192870000.0,23.67,20.28,-11.02,4.28,9.63,7704100,6929100.0,2026-07-09,16:14:36
300962,中金辐照,12.58,12.7,12.54,12.8,12.37,15429.0,19370000.0,33.21,33.21,28.53,3.16,0.58,735900,807000.0,2026-07-09,16:14:39
300963,中洲特材,11.77,11.86,11.95,11.95,11.35,74615.0,86890000.0,53.98,40.09,89.49,4.81,2.19,3740000,3721500.0,2026-07-09,16:14:48
300964,本川智能,75.05,72.17,77.77,82.3,71.12,101849.0,767520000.0,80.2,58.85,240.49,7.92,12.99,4754800,5430100.0,2026-07-09,16:14:51
300965,恒宇信通,40.1,39.81,39.38,40.22,38.35,9541.0,37540000.0,24.06,21.69,87.34,1.99,1.76,501700,452400.0,2026-07-09,16:14:15
300966,共同药业,29.1,29.66,29.15,30.72,28.04,69219.0,203310000.0,33.55,22.31,-47.09,4.58,9.03,3448400,3473400.0,2026-07-09,16:14:42
300967,晓鸣股份,15.1,15.39,15.22,15.44,14.85,51404.0,77620000.0,28.32,18.84,-76.49,4.34,4.12,2579900,2560500.0,2026-07-09,16:14:33
300968,格林精密,8.82,8.7,8.7,8.85,8.43,85355.0,73900000.0,36.46,36.46,-67.35,2.04,2.06,4426800,4108700.0,2026-07-09,16:14:36
300969,恒帅股份,95.63,96.71,97.0,97.87,91.5,31772.0,300950000.0,156.95,74.85,95.11,11.12,4.06,1706200,1471000.0,2026-07-09,16:14:18
300970,华绿生物,17.72,18.0,17.82,17.97,17.13,61821.0,108530000.0,28.12,21.7,12.86,1.67,5.05,3591000,2591200.0,2026-07-09,16:14:21
300971,博亚精工,18.55,18.67,18.8,18.85,17.98,24388.0,44840000.0,21.81,17.11,23.21,2.07,2.64,1113300,1325500.0,2026-07-09,16:14:12
300972,万辰集团,195.8,201.55,199.12,202.0,193.9,23488.0,462250000.0,386.38,354.99,21.96,18.49,1.3,1261700,1087100.0,2026-07-09,16:14:15
300973,立高食品,23.85,24.85,24.65,24.89,23.72,33123.0,79780000.0,40.39,28.28,14.41,1.65,2.79,1075600,2236700.0,2026-07-09,16:14:18
300975,商络电子,37.55,34.73,35.8,39.57,35.8,776778.0,2905220000.0,257.97,184.77,49.34,9.88,15.79,40481300,37196600.0,2026-07-09,16:14:54
300976,达瑞电子,71.47,70.4,70.87,71.99,66.67,60510.0,417730000.0,133.74,86.03,45.04,3.74,5.03,3510500,2540500.0,2026-07-09,16:14:39
300977,深圳瑞捷,14.85,14.65,14.7,15.04,14.5,15670.0,23120000.0,22.61,14.08,102.35,1.66,1.65,728200,838800.0,2026-07-09,16:14:42
300978,东箭科技,8.07,8.11,8.08,8.2,7.86,36991.0,29620000.0,34.11,23.17,27.35,2.21,1.29,1496400,2202700.0,2026-07-09,16:14:45
300979,华利集团,30.08,30.77,30.67,30.75,29.99,19078.0,57630000.0,351.03,351.03,12.41,2.32,0.16,833800,1074000.0,2026-07-09,16:14:57
300980,祥源新材,30.09,31.9,32.54,32.7,29.38,99461.0,301370000.0,41.54,29.59,69.43,2.97,10.11,5102800,4843300.0,2026-07-09,16:14:21
300981,中红医疗,9.88,9.94,9.95,10.1,9.71,37043.0,36540000.0,42.37,38.83,-33.53,0.83,0.94,1967800,1736600.0,2026-07-09,16:14:24
300982,苏文电能,15.55,15.3,15.31,15.55,14.95,24942.0,38140000.0,32.18,30.15,-41.83,1.13,1.29,1298000,1196200.0,2026-07-09,16:14:45
300983,尤安设计,35.36,38.42,37.97,38.55,34.75,31000.0,111820000.0,61.1,54.03,-70.95,2.21,2.03,1382000,1717900.0,2026-07-09,16:14:27
300984,金沃股份,39.73,39.8,40.11,41.06,37.91,40326.0,158780000.0,76.46,49.28,151.3,4.37,3.25,2139100,1893500.0,2026-07-09,16:14:48
300985,致远新能,46.88,49.77,49.28,49.42,44.46,123109.0,574560000.0,87.44,87.44,-162.18,9.89,6.6,5787100,6523800.0,2026-07-09,16:14:48
300986,志特新材,15.95,15.92,15.85,16.14,15.26,156668.0,247250000.0,65.71,65.66,37.02,2.95,3.81,7468800,8198000.0,2026-07-09,16:14:30
300987,川网传媒,12.19,12.28,12.25,12.46,11.9,35898.0,43730000.0,21.13,21.13,104.73,2.69,2.07,1797900,1791900.0,2026-07-09,16:14:51
300988,津荣天宇,14.96,15.01,14.9,15.07,14.36,39640.0,58420000.0,29.46,24.25,31.59,2.3,2.45,2044200,1919900.0,2026-07-09,16:14:33
300989,蕾奥规划,12.6,12.57,12.5,12.69,12.25,21554.0,26880000.0,26.58,20.53,-191.88,2.76,1.32,1119900,1035500.0,2026-07-09,16:14:51
300990,同飞股份,105.62,97.82,102.8,106.26,93.33,79388.0,795210000.0,180.84,82.13,72.11,8.56,10.21,3952100,3986700.0,2026-07-09,16:14:00
300991,创益通,30.69,30.27,30.77,30.82,29.1,31466.0,94560000.0,44.19,32.26,-278.06,7.04,2.99,1725100,1421500.0,2026-07-09,16:14:54
300992,泰福泵业,24.76,25.76,25.43,26.09,24.25,36096.0,89790000.0,23.6,19.31,-192.23,2.73,4.63,1647600,1962000.0,2026-07-09,16:14:54
300993,玉马科技,9.45,9.53,9.48,9.66,9.25,26118.0,24580000.0,29.12,22.86,19.88,1.9,1.08,1261900,1349900.0,2026-07-09,16:14:57
300994,久祺股份,10.31,10.56,10.39,10.63,10.17,19240.0,19900000.0,24.03,12.03,19.34,2.18,1.65,1023400,900600.0,2026-07-09,16:14:03
300995,奇德新材,26.19,26.41,26.81,26.81,25.2,16255.0,42120000.0,24.12,15.91,107.5,2.68,2.68,838000,787500.0,2026-07-09,16:14:06
300996,普联软件,10.88,10.8,10.81,10.97,10.27,101947.0,108750000.0,43.06,36.25,45.9,3.33,3.06,4300800,5893900.0,2026-07-09,16:14:00
300997,欢乐家,13.64,13.85,13.85,13.93,13.35,53675.0,72950000.0,59.33,53.82,126.02,5.96,1.36,2804400,2563100.0,2026-07-09,16:14:36
300998,宁波方正,28.25,27.66,27.68,28.47,26.7,59216.0,164420000.0,38.75,30.42,165.13,3.07,5.5,3038400,2883200.0,2026-07-09,16:14:57
300999,金龙鱼,24.12,24.27,24.1,24.4,23.95,69508.0,167710000.0,1307.69,130.89,35.8,1.35,1.28,3180200,3770700.0,2026-07-09,16:14:09
301000,肇民科技,28.2,31.98,29.82,29.82,27.28,117442.0,331380000.0,68.59,64.75,49.17,5.43,5.11,5064300,6679900.0,2026-07-09,16:14:39
301001,凯淳股份,21.75,21.85,21.89,22.12,21.23,8003.0,17330000.0,17.4,10.94,-145.24,2.26,1.59,389900,410400.0,2026-07-09,16:14:00
301002,崧盛股份,37.67,35.61,35.49,37.7,35.16,69292.0,253450000.0,50.83,32.01,447.08,4.63,8.15,3943000,2986200.0,2026-07-09,16:14:03
301003,江苏博云,51.65,50.43,50.35,51.8,49.22,17789.0,89810000.0,50.17,38.81,57.19,4.48,2.37,871300,907600.0,2026-07-09,16:14:12
301004,嘉益股份,31.0,31.3,31.49,31.49,30.38,6410.0,19760000.0,45.2,42.19,13.04,2.52,0.47,365000,276000.0,2026-07-09,16:14:03
301005,超捷股份,102.9,96.22,97.04,103.3,94.65,86620.0,853410000.0,193.42,189.48,1333.02,24.96,4.7,4827600,3834400.0,2026-07-09,16:14:42
301006,迈拓股份,12.49,12.52,12.55,12.68,12.09,15164.0,18720000.0,17.4,10.47,19.86,1.32,1.81,704500,811900.0,2026-07-09,16:14:24
301007,德迈仕,30.47,30.96,30.8,31.31,29.61,40817.0,123650000.0,46.72,46.11,94.06,7.22,2.7,1635200,2446500.0,2026-07-09,16:14:15
301008,宏昌科技,33.43,33.21,33.11,33.68,31.94,106103.0,347170000.0,43.78,38.66,195.93,2.91,9.18,4957100,5653200.0,2026-07-09,16:14:45
301009,可靠股份,8.21,8.24,8.21,8.32,8.0,28046.0,22880000.0,22.32,12.4,115.0,1.7,1.86,1473900,1330700.0,2026-07-09,16:14:06
301010,晶雪节能,15.41,15.75,15.66,15.84,15.0,16768.0,25840000.0,16.64,16.64,222.45,2.01,1.55,893000,783800.0,2026-07-09,16:14:06
301011,华立科技,13.89,13.92,13.93,14.26,13.62,20618.0,28540000.0,21.45,20.37,45.52,2.31,1.41,1128100,933600.0,2026-07-09,16:14:18
301012,扬电科技,22.31,22.32,22.33,22.59,21.25,64224.0,140780000.0,43.94,43.94,98.21,3.71,3.26,3435900,2986500.0,2026-07-09,16:14:09
301013,利和兴,60.2,62.8,62.15,63.0,51.0,408866.0,2359980000.0,140.71,113.92,-88.01,21.02,21.61,19854400,21032200.0,2026-07-09,16:14:27
301015,百洋医药,22.08,21.45,21.51,22.6,21.3,116565.0,257970000.0,116.06,116.04,22.6,5.3,2.22,5901300,5755100.0,2026-07-09,16:14:12
301016,雷尔伟,13.17,13.05,13.36,14.21,12.85,45428.0,60600000.0,40.27,38.61,57.74,4.03,1.55,2049600,2493200.0,2026-07-09,16:14:15
301017,漱玉平民,12.51,13.02,12.91,13.09,12.29,67086.0,84740000.0,50.74,32.36,51.27,2.51,2.59,2494400,4214200.0,2026-07-09,16:14:30
301018,申菱环境,123.55,117.88,120.0,123.79,112.22,221475.0,2610000000.0,462.42,349.43,242.17,17.1,7.83,11849900,10297600.0,2026-07-09,16:14:48
301019,宁波色母,15.46,15.83,15.67,15.91,14.93,45031.0,69050000.0,30.6,22.44,26.82,2.96,3.1,2204000,2299200.0,2026-07-09,16:14:18
301020,密封科技,20.61,20.7,20.46,20.7,19.92,27823.0,56540000.0,30.17,30.17,32.91,3.07,1.9,1318900,1463400.0,2026-07-09,16:14:09
301021,英诺激光,99.44,90.16,91.78,99.7,91.78,85207.0,819260000.0,152.01,151.85,227.81,14.75,5.58,4601700,3919000.0,2026-07-09,16:14:21
301022,海泰科,22.78,22.85,22.7,23.14,22.12,12666.0,28650000.0,22.66,15.26,67.75,1.62,1.89,564100,702500.0,2026-07-09,16:14:33
301023,奕帆传动,31.06,31.01,30.92,31.28,29.86,22587.0,69130000.0,28.99,16.08,42.89,3.57,4.36,995900,1262800.0,2026-07-09,16:14:12
301024,霍普股份,31.58,32.18,32.01,32.81,30.23,10914.0,33980000.0,20.08,19.44,-21.42,5.94,1.77,536300,555000.0,2026-07-09,16:14:51
301025,读客文化,8.03,7.94,7.86,8.14,7.8,67566.0,53750000.0,32.14,22.26,288.63,5.2,2.44,3165400,3591200.0,2026-07-09,16:14:15
301026,浩通科技,17.66,17.81,17.71,17.98,16.94,54131.0,94370000.0,39.13,28.26,18.32,2.4,3.38,2384100,3029000.0,2026-07-09,16:14:54
301027,华蓝集团,19.11,19.19,19.14,19.47,18.4,42982.0,81270000.0,28.09,23.16,-82.12,3.12,3.55,1848400,2449800.0,2026-07-09,16:14:21
301028,鼎熔岩,15.99,15.59,15.59,16.12,15.34,70061.0,110450000.0,61.41,39.71,26.19,3.67,2.82,3250600,3755500.0,2026-07-09,16:14:24
301029,怡合达,29.9,29.12,29.15,30.12,27.98,198177.0,574380000.0,189.63,138.1,36.51,4.54,4.29,9934300,9883500.0,2026-07-09,16:14:24
301030,*ST仕净,8.94,8.95,8.77,9.24,8.77,97689.0,87750000.0,18.09,18.07,-1.19,-4.55,4.83,4205400,5563500.0,2026-07-09,16:14:18
301031,中熔电气,109.56,108.15,109.0,110.5,103.2,43177.0,460060000.0,160.13,125.88,34.95,9.85,3.76,2201300,2116400.0,2026-07-09,16:14:27
301032,新柴股份,9.63,9.56,9.57,9.89,9.35,41029.0,39460000.0,23.22,15.4,20.68,1.87,2.57,1958500,2144400.0,2026-07-09,16:14:57
301033,迈普医学,53.9,55.1,54.57,57.34,52.65,20639.0,112300000.0,36.14,30.37,32.95,4.67,3.66,999400,1064500.0,2026-07-09,16:14:30
301035,润丰股份,45.99,46.1,46.1,46.67,45.33,14384.0,65840000.0,167.64,167.39,17.59,2.28,0.4,730700,707800.0,2026-07-09,16:14:21
301036,双乐股份,20.82,21.09,21.05,21.1,20.21,13309.0,27500000.0,20.82,14.66,93.28,1.29,1.89,761300,569600.0,2026-07-09,16:14:00
301037,保立佳,11.31,11.58,11.56,11.75,11.02,22919.0,25980000.0,15.72,7.69,-22.12,2.88,3.37,1176200,1115800.0,2026-07-09,16:14:27
301038,深水规院,18.57,19.6,18.79,18.9,18.0,111469.0,206000000.0,41.43,41.43,86.84,4.72,5.0,5569900,5577000.0,2026-07-09,16:14:33
301039,中集车辆,6.84,6.96,6.96,7.0,6.77,125607.0,86020000.0,128.19,99.35,14.54,0.91,0.86,5594400,6966300.0,2026-07-09,16:14:30
301040,中环海陆,23.59,23.35,23.35,23.71,22.85,19315.0,44970000.0,23.59,22.26,-28.27,3.37,2.05,906900,1024600.0,2026-07-09,16:14:36
301041,金百泽,28.28,27.47,27.5,28.5,26.69,46325.0,128280000.0,30.17,22.33,134.62,4.47,5.87,2332400,2300100.0,2026-07-09,16:14:39
301042,安联锐视,68.53,65.98,65.75,68.55,63.0,34085.0,222800000.0,66.32,63.22,212.08,6.32,3.69,1734500,1674000.0,2026-07-09,16:14:33
301043,绿岛风,47.5,48.78,48.01,50.0,45.6,14696.0,70060000.0,32.3,26.96,46.08,3.83,2.59,787800,681800.0,2026-07-09,16:14:03
301045,天禄科技,93.0,91.4,92.0,95.48,85.0,89220.0,801950000.0,102.6,64.84,280.08,9.99,12.8,4569900,4352100.0,2026-07-09,16:14:24
301046,能辉科技,26.77,26.88,26.89,27.18,25.42,35062.0,92090000.0,45.13,34.85,-1260.27,4.09,2.69,1678800,1827300.0,2026-07-09,16:14:06
301047,义翘神州,68.74,68.25,67.54,69.66,67.07,14752.0,101020000.0,83.61,82.2,53.17,1.61,1.23,718600,756600.0,2026-07-09,16:14:27
301048,金鹰重工,8.55,8.63,8.63,8.68,8.39,31200.0,26580000.0,45.6,45.6,21.3,1.59,0.58,1503600,1616400.0,2026-07-09,16:14:36
301049,超越科技,18.31,17.74,17.74,19.07,17.03,36366.0,65700000.0,17.26,7.84,-13.28,3.27,8.49,1792300,1844300.0,2026-07-09,16:14:36
301050,雷电微力,32.77,32.67,32.45,33.09,31.46,50117.0,161220000.0,81.13,69.1,197.99,2.65,2.38,2663500,2348200.0,2026-07-09,16:14:39
301051,信濠光电,21.59,21.72,21.32,21.82,20.54,178566.0,376950000.0,61.37,48.76,-24.5,3.15,7.91,8776300,9080300.0,2026-07-09,16:14:42
301052,果麦文化,22.1,21.96,22.2,22.46,21.43,34787.0,76380000.0,21.87,17.72,-262.23,3.19,4.34,1850800,1627900.0,2026-07-09,16:14:45
301053,远信工业,41.7,38.2,38.6,41.7,36.71,104340.0,407750000.0,55.0,51.07,261.27,6.21,8.52,4882700,5551300.0,2026-07-09,16:14:30
301055,张小泉,38.08,38.76,38.75,38.83,36.1,37715.0,141010000.0,59.4,58.14,83.39,9.08,2.47,2142700,1628800.0,2026-07-09,16:14:42
301056,森赫股份,10.38,10.37,10.49,10.56,10.06,24622.0,25410000.0,27.69,18.27,40.4,3.73,1.4,1372100,1090100.0,2026-07-09,16:14:09
301057,汇隆新材,21.32,21.34,21.3,21.67,20.47,28696.0,60580000.0,24.94,17.27,63.77,3.27,3.54,1139900,1729700.0,2026-07-09,16:14:33
301058,中粮科工,7.76,7.92,7.89,7.92,7.68,52182.0,40500000.0,40.41,39.75,17.32,1.74,1.02,2109800,3108400.0,2026-07-09,16:14:39
301059,金三江,11.84,11.88,11.78,12.16,11.62,38270.0,45390000.0,27.37,24.45,32.72,4.49,1.85,1791500,2035500.0,2026-07-09,16:14:45
301060,兰卫医学,8.41,8.42,8.4,8.63,8.22,63753.0,53520000.0,33.68,30.29,236.41,2.22,1.77,2964400,3410900.0,2026-07-09,16:14:48
301061,匠心家居,32.7,33.4,33.55,33.78,32.31,19446.0,63700000.0,93.0,61.78,11.21,2.19,1.03,1055900,888700.0,2026-07-09,16:14:36
301062,上海艾录,5.68,5.78,5.75,5.85,5.52,68691.0,38810000.0,24.61,15.63,-19.62,1.85,2.5,3324300,3544800.0,2026-07-09,16:14:48
301063,海锅股份,16.13,16.39,16.39,16.57,15.77,23961.0,38510000.0,16.83,15.59,45.23,1.07,2.48,1154800,1241300.0,2026-07-09,16:14:39
301065,本立科技,17.9,18.12,18.09,18.35,17.52,11455.0,20460000.0,18.98,15.45,25.58,1.4,1.33,540900,604600.0,2026-07-09,16:14:12
301066,万事利,11.51,11.5,11.39,11.59,11.0,46107.0,52240000.0,27.04,26.83,73.38,2.12,1.98,2409500,2201200.0,2026-07-09,16:14:42
301067,显盈科技,29.7,27.55,27.34,29.99,24.84,110676.0,303460000.0,28.88,18.96,-43.25,3.75,17.34,5805600,5261900.0,2026-07-09,16:14:51
301068,大地海洋,29.38,30.28,29.91,29.98,27.57,29150.0,84960000.0,41.52,29.47,-156.62,5.16,2.91,1452000,1463000.0,2026-07-09,16:14:51
301069,凯盛新材,18.12,18.5,18.45,18.65,17.4,125524.0,225500000.0,82.12,77.33,59.07,3.6,2.94,5354200,7198200.0,2026-07-09,16:14:15
301070,开勒股份,89.19,87.1,87.16,89.49,81.7,60425.0,518800000.0,112.53,75.65,-3588.33,15.52,7.12,2986200,3056400.0,2026-07-09,16:14:54
301071,力量钻石,81.0,77.61,79.17,81.66,75.38,201830.0,1583480000.0,206.1,151.51,157.67,4.07,10.79,10150700,10032300.0,2026-07-09,16:14:45
301072,中捷精工,41.41,40.04,39.42,41.75,38.9,29727.0,119840000.0,43.5,27.8,-79.98,6.09,4.43,1382000,1590700.0,2026-07-09,16:14:42
301073,君亭酒店,16.77,17.14,16.89,17.18,16.48,47028.0,78810000.0,32.61,29.82,121.01,3.68,2.65,2158100,2544700.0,2026-07-09,16:14:45
301075,多瑞医药,58.65,60.02,59.7,60.85,55.81,20493.0,120470000.0,46.92,46.92,-46.67,7.6,2.56,1106900,942400.0,2026-07-09,16:14:54
301076,新瀚新材,24.28,25.01,25.15,25.26,23.34,58811.0,142210000.0,55.4,37.04,83.73,4.65,3.86,2384500,3496500.0,2026-07-09,16:14:18
301077,星华新材,22.14,22.75,22.8,22.88,21.5,22907.0,50630000.0,37.66,21.12,29.42,3.28,2.4,1125000,1165700.0,2026-07-09,16:14:48
301078,孩子王,6.53,6.49,6.45,6.57,6.36,167683.0,108620000.0,82.58,82.5,26.19,1.94,1.33,8389500,8378800.0,2026-07-09,16:14:21
301079,邵阳液压,30.87,30.57,30.58,30.93,29.08,42070.0,126480000.0,33.63,23.75,415.0,7.05,5.47,2238400,1968600.0,2026-07-09,16:14:57
301080,百普赛斯,48.05,47.25,47.01,49.98,46.5,51577.0,249550000.0,80.33,60.7,46.91,3.09,4.08,2911700,2246000.0,2026-07-09,16:14:24
301081,严牌股份,13.13,13.6,13.6,13.79,12.6,46837.0,61320000.0,30.69,29.47,379.44,2.76,2.09,2246300,2437400.0,2026-07-09,16:14:48
301082,久盛电气,8.42,8.44,8.42,8.52,8.15,44199.0,36810000.0,24.77,22.96,67.37,2.44,1.62,2234500,2185400.0,2026-07-09,16:14:57
301083,百胜智能,12.94,12.72,12.71,12.99,12.61,28908.0,36920000.0,23.02,11.08,75.21,2.78,3.38,1147800,1743000.0,2026-07-09,16:14:00
301085,亚康股份,60.66,58.16,58.81,60.94,57.2,29122.0,173630000.0,52.64,35.74,-38.77,5.51,4.94,1452900,1459300.0,2026-07-09,16:14:51
301086,鸿富瀚,180.11,176.18,179.9,180.56,168.11,25779.0,451620000.0,226.69,118.07,186.42,11.7,3.93,1361300,1216600.0,2026-07-09,16:14:03
301087,可孚医疗,48.38,49.34,49.0,50.0,48.0,19957.0,97280000.0,114.13,93.85,29.47,2.41,1.03,989600,1006100.0,2026-07-09,16:14:00
301088,戎美股份,11.75,11.8,11.75,11.93,11.57,9119.0,10690000.0,26.78,22.09,37.48,1.11,0.49,339000,572900.0,2026-07-09,16:14:27
301089,拓新药业,21.93,22.01,21.99,22.65,21.51,23207.0,50990000.0,27.75,19.84,-36.23,1.88,2.57,1254000,1066700.0,2026-07-09,16:14:03
301090,华润材料,6.31,6.27,6.3,6.47,6.16,67541.0,42510000.0,92.91,92.82,-203.0,1.41,0.46,2852200,3901900.0,2026-07-09,16:14:06
301091,深城交,15.48,15.55,15.5,15.57,15.12,43146.0,66360000.0,81.62,81.62,227.01,3.5,0.82,2230000,2084500.0,2026-07-09,16:14:51
301092,争光股份,47.5,51.93,51.29,51.7,45.84,71837.0,345700000.0,63.9,28.97,68.19,3.29,11.78,3440100,3743600.0,2026-07-09,16:14:54
301093,华兰股份,108.94,107.2,107.2,110.31,104.0,37408.0,402450000.0,178.63,170.55,421.24,8.11,2.39,1981500,1759300.0,2026-07-09,16:14:30
301095,广立微,115.07,106.46,110.0,115.6,106.46,141898.0,1578850000.0,230.46,199.09,251.36,7.43,8.2,7420700,6769100.0,2026-07-09,16:14:54
301096,百诚医药,49.22,49.63,49.88,51.45,47.21,45923.0,224580000.0,53.76,40.9,-104.63,2.15,5.53,2506000,2086300.0,2026-07-09,16:14:57
301097,天益医疗,33.89,34.39,34.72,34.77,33.31,6813.0,23140000.0,27.66,13.27,-234.35,2.55,1.74,328100,353300.0,2026-07-09,16:14:00
301098,金埔园林,8.28,8.38,8.46,8.53,8.06,103822.0,85790000.0,19.16,15.98,-7.03,1.81,5.38,4865500,5516700.0,2026-07-09,16:14:06
301099,雅创电子,92.84,84.04,88.12,94.9,86.0,166022.0,1508650000.0,136.16,83.35,73.49,9.49,18.49,8907500,7694600.0,2026-07-09,16:14:57
301100,风光股份,14.36,14.4,14.86,14.86,14.11,14354.0,20610000.0,28.9,12.74,-75.5,1.42,1.62,644300,791100.0,2026-07-09,16:14:09
301101,明月镜片,28.73,28.34,28.31,28.77,28.04,20377.0,57950000.0,57.89,55.99,28.67,3.37,1.05,1025100,1012600.0,2026-07-09,16:14:12
301102,兆讯传媒,8.89,8.75,8.67,8.98,8.54,16108.0,14100000.0,36.09,36.09,-1204.92,1.22,0.4,721600,889200.0,2026-07-09,16:14:00
301103,何氏眼科,15.23,15.46,15.33,15.59,14.96,16336.0,24850000.0,24.07,18.52,87.54,1.27,1.34,836800,796700.0,2026-07-09,16:14:33
301105,鸿铭股份,42.75,42.81,42.78,43.24,41.77,4307.0,18370000.0,21.38,8.47,-81.29,2.62,2.17,239700,191000.0,2026-07-09,16:14:03
301106,骏成科技,18.01,18.27,18.17,18.39,17.08,26606.0,47330000.0,25.75,25.75,34.68,2.04,1.86,1360700,1299900.0,2026-07-09,16:14:06
301107,瑜欣电子,21.42,21.05,20.84,21.59,20.14,25548.0,53250000.0,30.46,17.61,49.18,3.27,3.11,1153200,1401500.0,2026-07-09,16:14:03
301108,洁雅股份,30.46,28.4,28.15,30.58,28.1,47992.0,141160000.0,34.28,19.75,44.25,1.82,7.4,2662000,2137200.0,2026-07-09,16:14:15
301109,军信股份,13.11,13.26,13.11,13.33,12.98,35791.0,47080000.0,103.45,30.2,13.55,1.43,1.55,1563100,2016000.0,2026-07-09,16:14:06
301110,青木科技,37.47,37.7,37.32,37.97,35.8,40862.0,151010000.0,48.54,34.14,31.29,3.23,4.48,2119100,1967100.0,2026-07-09,16:14:09
301111,粤万年青,22.67,22.11,22.12,23.0,21.4,43410.0,96260000.0,36.27,36.27,-833.14,4.91,2.71,2256500,2084500.0,2026-07-09,16:14:18
301112,信邦智能,33.36,32.15,32.27,33.43,31.4,16217.0,52690000.0,36.78,36.78,-42.67,3.3,1.47,797500,824200.0,2026-07-09,16:14:21
301113,雅艺科技,15.42,14.74,14.74,16.07,14.59,33502.0,51740000.0,18.24,11.05,729.4,2.72,4.67,1690600,1659600.0,2026-07-09,16:14:36
301115,联检科技,30.03,29.54,29.7,30.19,28.4,32662.0,96020000.0,55.11,46.48,-365.44,2.24,2.11,1630600,1635600.0,2026-07-09,16:14:09
301116,益客食品,8.87,8.99,8.98,9.1,8.75,30734.0,27380000.0,39.82,39.82,-22.47,2.54,0.68,1613800,1459600.0,2026-07-09,16:14:24
301117,佳缘科技,16.91,21.14,16.91,16.91,16.91,25065.0,42380000.0,30.58,19.59,-58.01,2.47,2.16,2506500,0.0,2026-07-09,16:14:12
301118,恒光股份,23.53,23.75,23.6,23.92,22.37,45206.0,104820000.0,25.93,25.01,594.95,1.91,4.25,2253500,2267100.0,2026-07-09,16:14:39
301119,正强股份,23.45,24.22,23.83,24.09,22.8,31782.0,74530000.0,34.14,27.61,34.04,3.24,2.7,1519000,1659200.0,2026-07-09,16:14:42
301120,新特电气,15.12,14.9,14.95,15.15,14.23,88502.0,130580000.0,56.42,33.29,176.27,3.64,4.02,4729000,4121200.0,2026-07-09,16:14:12
301121,紫建电子,36.5,35.05,35.04,36.68,34.13,14829.0,52360000.0,36.07,18.47,7823.23,2.18,2.93,817600,665300.0,2026-07-09,16:14:09
301122,采纳股份,28.86,27.99,28.1,28.86,27.6,23466.0,66280000.0,35.28,21.83,319.28,1.91,3.1,1118100,1228500.0,2026-07-09,16:14:45
301123,奕东电子,102.17,95.05,98.67,102.66,93.5,83431.0,819210000.0,239.73,168.62,-468.0,8.55,5.06,4398200,3944900.0,2026-07-09,16:14:27
301125,腾亚精工,12.7,12.86,12.98,13.03,12.22,28422.0,35740000.0,25.19,22.32,-149.88,4.35,1.62,1374400,1467800.0,2026-07-09,16:14:30
301126,达嘉维康,8.71,8.75,8.75,8.95,8.47,29433.0,25510000.0,17.89,12.01,-7.47,1.19,2.13,1533900,1409400.0,2026-07-09,16:14:12
301127,武汉天源,18.35,18.21,18.3,18.43,17.2,304651.0,542620000.0,123.69,120.09,57.77,3.65,4.66,16098800,14366400.0,2026-07-09,16:14:15
301128,强瑞技术,142.52,139.01,141.51,143.88,132.61,64937.0,897550000.0,206.39,206.39,142.95,24.11,4.48,3694200,2799500.0,2026-07-09,16:14:15
301129,瑞纳智能,20.03,19.82,19.69,20.06,19.25,18214.0,35990000.0,27.22,13.28,25.03,1.52,2.75,902500,918900.0,2026-07-09,16:14:18
301130,西点药业,24.19,24.35,24.06,24.81,23.68,7618.0,18410000.0,18.5,14.28,81.19,2.12,1.29,366100,395700.0,2026-07-09,16:14:48
301131,聚赛龙,31.28,31.38,31.38,32.0,30.0,13498.0,41680000.0,17.1,12.25,65.3,1.56,3.45,663500,686300.0,2026-07-09,16:14:21
301132,满坤科技,44.13,41.32,43.0,45.87,42.35,93317.0,410600000.0,65.35,41.81,59.73,3.68,9.85,4509000,4822600.0,2026-07-09,16:14:15
301133,金钟股份,35.9,36.07,36.35,36.43,34.3,22513.0,79400000.0,43.61,39.9,-371.89,3.17,2.03,1311300,940000.0,2026-07-09,16:14:51
301135,瑞德智能,15.55,15.63,15.63,15.75,15.03,16623.0,25570000.0,20.18,15.7,118.49,1.74,1.65,855900,806400.0,2026-07-09,16:14:18
301136,招标股份,10.99,11.08,10.88,11.19,10.6,109799.0,119150000.0,30.25,30.21,2369.52,2.09,3.99,5525900,5454000.0,2026-07-09,16:14:21
301137,哈焊华通,31.39,31.18,31.0,31.43,29.8,33022.0,101000000.0,57.07,57.07,149.48,4.15,1.82,1818500,1483600.0,2026-07-09,16:14:33
301138,华研精机,29.16,31.92,31.26,31.66,28.69,39280.0,116150000.0,34.99,19.99,37.06,3.04,5.73,1550500,2377600.0,2026-07-09,16:14:18
301139,*ST元道,3.39,3.34,3.33,3.49,3.25,110423.0,37270000.0,4.12,2.58,-407.48,0.21,14.5,5056700,5985600.0,2026-07-09,16:14:24
301141,中科磁业,37.39,38.15,38.06,38.8,35.77,26018.0,96030000.0,46.38,16.64,178.92,3.69,5.85,1330400,1271400.0,2026-07-09,16:14:54
301148,嘉戎技术,48.8,49.38,49.84,50.04,47.24,12426.0,60170000.0,56.85,28.73,141.33,3.31,2.11,683400,559200.0,2026-07-09,16:14:24
301149,隆华新材,8.02,8.25,8.21,8.34,7.78,91962.0,73520000.0,44.83,27.28,33.94,2.16,2.7,4772700,4423400.0,2026-07-09,16:14:21
301150,中一科技,50.25,49.57,50.57,50.98,47.1,145068.0,714770000.0,162.76,152.68,116.77,4.51,4.77,7019200,7487600.0,2026-07-09,16:14:57
301151,冠龙节能,21.41,21.77,20.14,22.5,19.78,118856.0,251890000.0,36.18,36.15,78.81,1.77,7.04,5853300,6032300.0,2026-07-09,16:14:27
301152,天力锂能,22.0,22.12,22.0,22.29,21.12,38486.0,83650000.0,26.12,15.62,-17.04,2.16,5.42,1841600,2007000.0,2026-07-09,16:14:36
301153,中科江南,16.19,16.23,16.11,16.36,15.88,39396.0,63390000.0,57.58,53.71,47.38,3.14,1.19,1882000,2057600.0,2026-07-09,16:14:27
301155,海力风电,40.0,40.6,40.58,40.88,39.43,29869.0,119420000.0,86.96,49.3,29.33,1.51,2.42,1645800,1341100.0,2026-07-09,16:14:30
301156,美农生物,10.79,10.88,10.84,10.93,10.53,23752.0,25420000.0,19.75,12.65,33.26,2.74,2.03,1283700,1091600.0,2026-07-09,16:14:24
301157,华塑科技,59.64,56.34,56.34,59.85,55.89,12130.0,69950000.0,35.78,12.32,115.43,3.24,5.87,679000,534000.0,2026-07-09,16:14:39
301158,德石股份,13.87,13.84,14.08,14.45,13.61,62520.0,87410000.0,27.05,26.37,25.94,1.97,3.29,2598200,3653800.0,2026-07-09,16:14:30
301159,三维天地,28.66,28.98,28.67,29.1,27.6,16781.0,47500000.0,22.17,15.19,97.74,3.41,3.17,888800,789300.0,2026-07-09,16:14:27
301160,翔楼新材,44.05,44.8,45.25,45.48,41.4,57452.0,248400000.0,72.53,48.8,35.61,4.07,5.19,2671600,3073600.0,2026-07-09,16:14:30
301161,唯万密封,38.16,37.83,37.65,38.38,36.5,48730.0,183490000.0,45.79,29.46,50.03,4.87,6.31,2346900,2526100.0,2026-07-09,16:14:33
301162,国能日新,39.3,38.95,39.29,39.7,38.1,26223.0,101950000.0,73.36,47.6,53.84,4.67,2.16,1262300,1360000.0,2026-07-09,16:14:36
301163,宏德股份,22.08,22.11,22.11,23.87,21.51,27783.0,62680000.0,18.02,12.08,43.68,1.59,5.08,1202300,1576000.0,2026-07-09,16:14:33
301165,锐捷网络,109.18,105.5,102.95,109.2,100.0,322189.0,3369310000.0,1215.87,1215.87,170.77,25.79,2.89,16314100,15904800.0,2026-07-09,16:14:42
301166,优宁维,25.93,26.06,26.1,26.48,25.5,11793.0,30470000.0,22.34,14.63,-88.54,1.16,2.09,568800,610500.0,2026-07-09,16:14:45
301167,建研设计,12.17,12.32,12.29,12.42,11.9,19468.0,23600000.0,13.63,12.87,64.21,1.43,1.84,857800,1088900.0,2026-07-09,16:14:00
301168,通灵股份,39.8,39.12,39.46,40.09,38.88,15562.0,61600000.0,47.76,37.93,652.28,2.25,1.63,564700,991500.0,2026-07-09,16:14:36
301169,零点有数,64.57,65.24,65.83,66.83,62.5,12843.0,82870000.0,46.52,46.5,-138.2,10.73,1.78,665600,618700.0,2026-07-09,16:14:03
301170,锡南科技,21.4,21.68,21.61,21.74,20.92,9031.0,19250000.0,21.4,8.13,21.63,1.2,2.38,418500,484600.0,2026-07-09,16:14:39
301171,易点天下,29.91,29.2,28.92,30.9,28.1,444802.0,1328320000.0,185.0,150.11,478.95,5.01,8.86,22825800,21654300.0,2026-07-09,16:14:42
301172,君逸数码,28.06,24.21,24.21,28.19,23.45,102460.0,266880000.0,48.4,27.71,137.45,3.25,10.37,5635500,4610600.0,2026-07-09,16:14:39
301173,毓恬冠佳,29.73,30.13,30.23,30.23,28.99,7270.0,21450000.0,26.11,9.17,15.28,1.72,2.36,328000,398900.0,2026-07-09,16:14:06
301175,中科环保,4.9,4.96,4.95,4.99,4.82,154747.0,75600000.0,72.12,30.47,18.49,1.98,2.49,7090900,8383800.0,2026-07-09,16:14:42
301176,逸豪新材,53.18,51.7,51.7,53.49,49.59,69106.0,359010000.0,89.91,87.24,-188.53,6.05,4.21,3523800,3386800.0,2026-07-09,16:14:45
301177,迪阿股份,22.32,22.48,22.63,22.8,21.52,23151.0,51060000.0,89.34,89.28,57.28,1.47,0.58,1117500,1197600.0,2026-07-09,16:14:48
301178,天亿马,35.1,35.85,35.47,36.29,33.81,35570.0,123860000.0,32.68,24.11,417.3,4.2,5.18,1550600,2006400.0,2026-07-09,16:14:48
301179,泽宇智能,19.76,19.91,19.86,20.02,19.35,40134.0,79030000.0,79.91,46.93,49.08,3.25,1.69,2034900,1978500.0,2026-07-09,16:14:45
301180,万祥科技,11.76,11.56,11.65,11.79,11.31,37937.0,44040000.0,47.04,19.3,-729.86,3.59,2.31,1832100,1961600.0,2026-07-09,16:14:51
301181,标榜股份,21.5,21.4,21.83,21.83,20.6,29796.0,63110000.0,32.29,25.21,28.53,2.26,2.54,1553000,1426600.0,2026-07-09,16:14:51
301182,凯旺科技,94.29,88.36,88.08,94.87,84.51,38566.0,344000000.0,90.35,82.39,-79.59,13.63,4.41,2092500,1764100.0,2026-07-09,16:14:33
301183,东田微,224.98,221.39,225.8,228.8,208.98,55619.0,1212280000.0,180.16,132.06,165.96,18.54,9.48,2490200,3071600.0,2026-07-09,16:14:09
301185,鸥玛软件,14.79,14.38,14.29,14.82,14.15,25959.0,37710000.0,22.69,20.51,43.39,2.15,1.87,1663300,932600.0,2026-07-09,16:14:36
301186,超达装备,36.46,36.81,37.42,37.42,35.21,20042.0,72820000.0,41.84,39.33,33.87,2.58,1.86,1078800,925300.0,2026-07-09,16:14:39
301187,欧圣电气,14.3,14.53,14.55,14.55,13.96,25300.0,35990000.0,36.46,36.46,67.4,2.58,0.99,1230200,1299800.0,2026-07-09,16:14:54
301188,力诺药包,50.01,47.99,48.94,51.87,47.15,233635.0,1152180000.0,133.8,133.8,333.33,6.92,8.73,12668600,10694900.0,2026-07-09,16:14:57
301189,奥尼电子,55.54,55.12,55.11,56.84,52.67,47716.0,260350000.0,90.89,87.72,-80.16,4.37,3.02,2378100,2393400.0,2026-07-09,16:14:48
301190,善水科技,15.3,15.42,15.54,15.8,15.04,32666.0,50090000.0,32.84,21.89,35.28,1.66,2.28,1617400,1649100.0,2026-07-09,16:14:42
301191,菲菱科思,125.99,127.9,127.2,127.2,118.2,121334.0,1483500000.0,122.08,92.05,166.35,7.23,16.61,5320700,6812700.0,2026-07-09,16:14:00
301192,泰祥股份,18.09,18.23,18.48,18.48,17.71,10086.0,18250000.0,18.31,8.9,33.28,2.82,2.05,523500,485100.0,2026-07-09,16:14:51
301193,家联科技,17.38,17.65,17.67,17.69,16.92,50540.0,87210000.0,41.87,32.01,-28.03,3.03,2.74,2762900,2291200.0,2026-07-09,16:14:54
301195,北路智控,26.9,27.29,27.35,27.48,26.3,16313.0,43780000.0,35.53,23.59,26.12,1.49,1.86,738400,892900.0,2026-07-09,16:14:54
301196,唯科科技,105.71,103.26,104.86,106.78,97.88,45357.0,463730000.0,173.59,113.95,69.19,5.31,4.21,2395600,2140000.0,2026-07-09,16:14:57
301197,工大科雅,23.92,22.57,22.23,25.08,22.23,77358.0,181190000.0,28.83,26.01,126.1,2.18,7.11,3494600,4241200.0,2026-07-09,16:14:57
301198,喜悦智行,11.79,12.09,12.12,12.41,11.51,41230.0,48650000.0,19.93,19.13,-188.25,2.2,2.54,2364200,1758800.0,2026-07-09,16:14:45
301199,迈赫股份,20.05,19.59,19.43,20.43,19.08,48263.0,95810000.0,37.43,36.03,43.35,1.95,2.69,2244900,2581400.0,2026-07-09,16:14:00
301200,大族数控,328.0,314.0,320.0,329.37,311.18,39500.0,1268510000.0,1603.95,1394.78,155.66,14.57,0.93,2003000,1947000.0,2026-07-09,16:14:48
301201,诚达药业,34.7,41.13,39.4,40.81,33.34,244561.0,900900000.0,53.69,37.66,-1523.49,2.55,22.53,11241100,13215000.0,2026-07-09,16:14:51
301202,朗威股份,37.43,39.19,38.0,38.0,35.0,87803.0,319030000.0,51.05,29.8,79.37,4.3,11.03,4092500,4687800.0,2026-07-09,16:14:00
301203,国泰环保,38.88,39.08,39.39,39.39,37.6,6612.0,25380000.0,31.1,17.05,29.38,2.23,1.51,340800,320400.0,2026-07-09,16:14:03
301205,联特科技,272.0,263.71,271.01,273.98,250.0,73079.0,1919340000.0,353.83,227.79,404.7,21.9,8.73,3800300,3507700.0,2026-07-09,16:14:06
301206,三元生物,23.02,23.48,23.46,23.49,22.66,13552.0,31150000.0,46.58,29.99,50.3,1.09,1.04,602100,753200.0,2026-07-09,16:14:12
301207,华兰疫苗,16.42,16.53,16.35,16.81,16.23,38315.0,63030000.0,98.69,98.63,52.63,1.87,0.64,1848400,1983100.0,2026-07-09,16:14:03
301208,中亦科技,28.57,28.63,28.5,28.74,27.3,16887.0,47470000.0,34.28,18.88,68.59,2.21,2.56,748400,940300.0,2026-07-09,16:14:15
301209,联合化学,48.84,50.59,50.89,51.31,47.83,17938.0,88280000.0,76.58,65.42,188.69,10.22,1.34,823000,970800.0,2026-07-09,16:14:03
301210,金杨精密,28.88,29.8,29.7,30.17,27.06,56680.0,161440000.0,46.54,17.78,69.33,2.48,9.21,2813700,2854300.0,2026-07-09,16:14:18
301211,亨迪药业,11.1,11.25,10.95,11.48,10.8,128999.0,142550000.0,46.35,46.35,137.13,2.05,3.09,6356100,6543800.0,2026-07-09,16:14:06
301212,联盛化学,24.5,23.92,24.6,25.29,23.5,18481.0,45230000.0,26.46,22.97,301.76,1.98,1.97,974500,873600.0,2026-07-09,16:14:09
301213,观想科技,44.87,44.83,44.51,45.19,42.75,15890.0,70020000.0,50.25,32.48,262.26,6.31,2.19,785100,803900.0,2026-07-09,16:14:12
301215,中汽股份,5.09,5.16,5.12,5.16,5.03,93629.0,47570000.0,67.39,67.31,30.84,2.33,0.71,4306300,5056500.0,2026-07-09,16:14:09
301216,万凯新材,19.66,20.01,20.0,20.25,19.01,207792.0,407040000.0,114.07,107.07,22.72,1.74,3.82,9701000,11078200.0,2026-07-09,16:14:12
301217,铜冠铜箔,139.68,134.0,138.88,140.0,130.4,357791.0,4858340000.0,1157.97,1157.97,705.02,21.05,4.32,18691300,17087800.0,2026-07-09,16:14:15
301218,华是科技,37.82,37.0,37.29,38.19,35.75,49945.0,185760000.0,43.13,26.5,-156.57,4.75,7.13,2612700,2381800.0,2026-07-09,16:14:54
301219,腾远钴业,49.07,49.88,49.89,50.39,47.18,96627.0,470460000.0,187.86,134.08,12.37,1.96,3.54,4933700,4729000.0,2026-07-09,16:14:57
301220,亚香股份,30.51,30.36,30.36,31.23,29.44,17037.0,51490000.0,34.48,23.8,70.01,1.99,2.18,642000,1061700.0,2026-07-09,16:14:15
301221,光庭信息,27.81,27.94,28.0,28.39,26.92,15180.0,41720000.0,36.54,24.85,77.29,1.78,1.7,719200,798800.0,2026-07-09,16:14:00
301222,浙江恒威,28.88,29.79,29.8,30.39,28.13,49223.0,142780000.0,40.53,30.79,45.89,2.86,4.62,2176300,2746000.0,2026-07-09,16:14:06
301223,中荣股份,16.04,15.61,15.61,16.05,15.39,12342.0,19380000.0,30.98,30.98,19.76,1.05,0.64,666600,567600.0,2026-07-09,16:14:21
301225,恒勃股份,82.5,84.62,84.4,85.69,79.67,23715.0,194860000.0,85.28,26.29,65.65,5.32,7.44,1217300,1154300.0,2026-07-09,16:14:09
301226,祥明智能,29.58,29.06,29.2,29.84,27.89,25659.0,74290000.0,32.18,32.18,307.79,3.57,2.36,1109300,1456600.0,2026-07-09,16:14:12
301227,森鹰窗业,28.02,26.63,26.63,28.59,25.51,47982.0,131240000.0,36.83,20.71,-60.18,2.3,6.49,2601900,2196300.0,2026-07-09,16:14:15
301228,实朴检测,75.26,74.79,74.77,77.32,70.78,35488.0,259490000.0,90.31,89.89,-140.54,15.07,2.97,1770900,1777900.0,2026-07-09,16:14:18
301229,纽泰格,11.84,12.05,12.09,12.15,11.63,25370.0,30080000.0,21.52,15.31,112.54,1.73,1.96,1169300,1367700.0,2026-07-09,16:14:18
301230,泓博医药,35.5,34.77,34.39,36.46,33.8,79185.0,277870000.0,49.55,44.59,107.49,4.81,6.3,3830300,4088200.0,2026-07-09,16:14:24
301231,荣信文化,23.66,22.86,22.86,23.67,22.4,43048.0,100220000.0,19.97,15.48,-65.88,2.46,6.58,2208400,2096400.0,2026-07-09,16:14:03
301232,飞沃科技,168.55,157.79,157.51,170.61,156.23,75093.0,1227570000.0,177.2,105.24,394.07,12.52,12.03,3782900,3726400.0,2026-07-09,16:14:21
301233,盛帮股份,31.71,31.91,31.91,32.18,30.35,8396.0,26240000.0,22.76,12.49,27.96,2.34,2.13,414400,425200.0,2026-07-09,16:14:27
301234,五洲医疗,34.0,34.0,0.0,0.0,0.0,0.0,0.0,23.12,13.66,108.5,3.06,0.0,0,0.0,2026-07-09,16:14:30
301235,华康洁净,57.85,56.2,54.27,59.88,53.88,94501.0,538850000.0,63.84,43.58,49.36,3.41,12.55,4817900,4632200.0,2026-07-09,16:14:33
301236,软通动力,40.43,37.88,38.31,40.71,37.68,412154.0,1630560000.0,418.53,317.66,776.33,3.15,5.25,24783500,16432000.0,2026-07-09,16:14:18
301237,和顺科技,67.92,69.41,67.0,69.41,63.69,49346.0,327980000.0,54.34,39.56,-31.66,4.72,8.47,2279900,2654600.0,2026-07-09,16:14:24
301238,瑞泰新材,17.87,18.7,18.66,18.81,17.35,216296.0,386910000.0,131.05,131.05,40.65,1.81,2.95,10402900,11226700.0,2026-07-09,16:14:21
301239,普瑞眼科,29.09,29.45,29.45,29.83,28.72,24694.0,71860000.0,43.52,41.32,-247.91,2.06,1.74,980700,1488700.0,2026-07-09,16:14:24
301246,宏源药业,22.63,23.25,23.3,23.76,21.79,132309.0,298420000.0,90.52,38.49,35.57,1.97,7.78,5905500,7325500.0,2026-07-09,16:14:27
301248,杰创智能,76.88,73.03,73.15,77.36,70.97,62039.0,461140000.0,118.17,86.36,-833.03,7.83,5.52,3486000,2717900.0,2026-07-09,16:14:30
301251,威尔高,58.01,60.92,57.0,60.92,54.51,262858.0,1506370000.0,109.39,43.85,211.2,7.07,34.77,12489200,13796600.0,2026-07-09,16:14:36
301252,同星科技,37.26,35.4,36.42,37.48,33.48,54426.0,192850000.0,63.05,50.57,66.55,4.73,4.01,2717000,2725600.0,2026-07-09,16:14:27
301255,通力科技,20.77,20.89,20.57,20.99,19.85,19006.0,38870000.0,31.64,27.76,79.59,2.96,1.42,801700,1098900.0,2026-07-09,16:14:33
301256,华融化学,11.35,11.46,11.42,11.53,10.78,83927.0,93610000.0,54.48,54.48,74.16,3.21,1.75,3984400,4408300.0,2026-07-09,16:14:39
301257,普蕊斯,47.08,46.04,45.98,48.8,45.36,54437.0,254960000.0,37.2,35.46,32.56,2.92,7.23,2551600,2892100.0,2026-07-09,16:14:06
301258,富士莱,23.57,23.93,23.7,24.42,23.05,9390.0,22150000.0,21.61,20.99,57.48,1.17,1.05,496000,443000.0,2026-07-09,16:14:36
301259,艾布鲁,26.9,26.65,26.53,26.99,24.5,107011.0,279250000.0,60.85,39.02,194.77,6.95,7.38,5787800,4913400.0,2026-07-09,16:14:42
301260,格力博,13.7,13.8,13.65,13.99,13.34,26297.0,35720000.0,66.22,28.13,-16.67,1.53,1.28,1216700,1412900.0,2026-07-09,16:14:21
301261,恒工精密,77.83,76.0,76.0,77.99,73.5,28606.0,216910000.0,68.4,29.21,52.17,4.23,7.62,1314200,1546400.0,2026-07-09,16:14:24
301262,海看股份,18.51,18.77,18.62,19.0,18.37,30136.0,56200000.0,77.19,22.6,19.9,2.04,2.47,1400000,1613600.0,2026-07-09,16:14:27
301263,泰恩康,20.55,20.3,20.11,20.66,19.66,65326.0,131530000.0,104.93,74.86,408.76,6.26,1.79,3407400,3125300.0,2026-07-09,16:14:30
301265,华新科技,25.65,25.59,25.7,25.9,24.52,62775.0,158700000.0,77.71,62.64,95.28,3.71,2.57,2699800,3577700.0,2026-07-09,16:14:33
301266,宇邦新材,20.72,20.95,20.98,21.05,20.05,28381.0,58410000.0,29.62,28.1,107.81,1.66,2.09,1482900,1355200.0,2026-07-09,16:14:36
301267,华厦眼科,14.68,14.83,14.71,15.08,14.59,45726.0,67450000.0,123.31,95.19,26.65,2.33,0.71,2158700,2413900.0,2026-07-09,16:14:39
301268,铭利达,13.19,13.14,13.14,13.26,12.73,55856.0,73020000.0,52.81,47.76,-28.41,3.54,1.54,2523900,3061700.0,2026-07-09,16:14:42
301269,华大九天,123.41,117.18,119.0,124.39,114.44,305718.0,3690450000.0,673.12,673.12,-3097.06,13.15,5.61,15585900,14985900.0,2026-07-09,16:14:09
301270,汉仪股份,26.59,26.13,26.25,26.75,25.74,19229.0,50580000.0,26.59,25.13,343.15,2.78,2.03,993200,929700.0,2026-07-09,16:14:45
301272,英华特,32.0,32.0,32.2,32.5,31.03,7224.0,22840000.0,18.72,10.05,50.51,1.87,2.3,294900,427500.0,2026-07-09,16:14:39
301273,瑞晨环保,29.67,30.7,30.19,30.73,28.88,29135.0,86130000.0,29.76,22.84,-46.34,3.4,3.78,1230400,1683100.0,2026-07-09,16:14:45
301275,汉朔科技,40.98,41.55,41.23,41.99,40.57,53803.0,220790000.0,173.1,123.29,35.86,4.21,1.79,2520200,2860100.0,2026-07-09,16:14:48
301276,嘉曼服饰,24.9,23.98,23.95,24.93,23.16,25315.0,61460000.0,32.27,17.99,29.01,1.53,3.5,1358400,1173100.0,2026-07-09,16:14:12
301277,新天地,9.71,10.15,9.76,10.11,9.54,122243.0,119910000.0,38.07,38.07,37.78,2.52,3.12,5007200,7217100.0,2026-07-09,16:14:51
301278,快可电子,26.25,26.25,26.38,26.46,25.15,12175.0,31450000.0,23.55,13.49,149.19,1.66,2.37,669400,548100.0,2026-07-09,16:14:42
301279,金道科技,21.27,21.65,21.66,21.75,20.23,36322.0,76270000.0,35.85,27.76,55.07,2.67,2.78,1701000,1931200.0,2026-07-09,16:14:30
301280,珠城科技,49.65,46.6,46.03,50.5,46.03,39254.0,192530000.0,95.08,49.37,44.96,4.88,3.95,1873400,2052000.0,2026-07-09,16:14:45
301281,科源制药,50.99,49.89,49.89,52.59,48.23,40634.0,205470000.0,55.22,36.18,234.55,3.98,5.73,1850800,2212500.0,2026-07-09,16:14:15
301282,金禄电子,25.7,26.73,26.98,27.5,24.0,171207.0,440130000.0,54.21,45.38,64.71,3.18,9.7,7936000,9184700.0,2026-07-09,16:14:33
301283,聚胶股份,24.0,24.14,24.07,24.16,22.99,16097.0,37940000.0,27.89,21.93,14.27,1.75,1.76,857100,752500.0,2026-07-09,16:14:48
301285,鸿日达,109.38,98.59,101.45,112.0,94.18,57544.0,597120000.0,226.06,226.06,-312.4,23.95,2.78,2886300,2868200.0,2026-07-09,16:14:36
301286,侨源股份,51.49,50.82,49.8,52.59,48.8,19156.0,96030000.0,206.01,83.05,86.58,11.17,1.19,1029300,886300.0,2026-07-09,16:14:54
301287,康力源,31.5,31.81,31.7,32.06,30.3,4137.0,12960000.0,21.0,5.36,35.38,1.81,2.43,190200,223500.0,2026-07-09,16:14:57
301288,清研环境,16.35,16.35,16.28,16.47,15.81,15651.0,25310000.0,17.66,12.77,-55.61,2.25,2.0,781200,783900.0,2026-07-09,16:14:48
301289,国缆检测,44.52,44.96,44.95,45.33,42.94,8395.0,37020000.0,34.73,34.5,38.47,3.47,1.08,397300,442300.0,2026-07-09,16:14:00
301290,东星医疗,26.59,27.15,27.01,27.43,26.42,18461.0,49540000.0,26.64,21.16,-83.01,1.25,2.32,815000,1031100.0,2026-07-09,16:14:51
301291,明阳电气,37.5,39.4,38.51,38.73,36.41,134188.0,503270000.0,117.95,61.37,23.56,2.33,8.2,5108000,8310800.0,2026-07-09,16:14:03
301292,海科新源,63.76,64.65,64.6,64.98,60.8,100079.0,628260000.0,142.05,54.32,444.61,4.97,11.75,4998600,5009300.0,2026-07-09,16:14:51
301293,三博脑科,49.21,48.79,49.91,49.91,46.91,58817.0,285580000.0,101.37,101.37,166.44,4.3,2.86,2724400,3157300.0,2026-07-09,16:14:18
301295,美硕科技,48.66,42.82,43.48,49.06,42.09,42385.0,198680000.0,49.05,14.31,141.75,5.13,14.42,2082800,2155700.0,2026-07-09,16:14:54
301296,新巨丰,6.3,6.41,6.37,6.43,6.16,44352.0,27790000.0,26.91,26.91,73.53,1.01,1.04,1896900,2538200.0,2026-07-09,16:14:06
301297,富乐德,50.45,49.42,50.42,51.98,47.79,208554.0,1031720000.0,376.48,184.46,86.87,6.89,5.7,9733000,11122500.0,2026-07-09,16:14:09
301298,东利机械,11.38,11.52,11.52,11.58,11.16,20247.0,22960000.0,16.71,12.31,33.82,1.84,1.87,935900,1088800.0,2026-07-09,16:14:21
301299,卓创资讯,42.97,43.02,43.02,43.8,41.9,10404.0,44420000.0,26.07,19.24,39.68,4.61,2.32,547300,493100.0,2026-07-09,16:14:54
301300,远翔新材,29.59,29.89,29.75,30.22,28.73,6179.0,18150000.0,19.36,11.63,22.63,2.35,1.57,299300,318600.0,2026-07-09,16:14:57
301301,川宁生物,8.21,8.3,8.24,8.44,8.13,121293.0,99870000.0,183.27,50.9,30.98,2.34,1.96,5625400,6503900.0,2026-07-09,16:14:12
301302,华如科技,24.07,23.99,24.05,24.38,23.27,62079.0,148120000.0,37.52,33.45,-17.63,2.56,4.47,3195200,3012700.0,2026-07-09,16:14:57
301303,真兰仪表,16.22,14.04,14.06,16.33,13.47,159835.0,241050000.0,66.31,16.58,20.33,1.96,15.64,8157400,7826200.0,2026-07-09,16:14:39
301305,朗坤科技,23.65,25.03,25.59,26.33,23.33,113722.0,276210000.0,57.22,29.4,20.3,1.49,9.15,5092400,6279800.0,2026-07-09,16:14:00
301306,西测测试,154.86,146.0,146.0,155.65,142.74,25782.0,385280000.0,130.7,90.23,-87.61,15.55,4.43,1412400,1165800.0,2026-07-09,16:14:03
301307,美利信,92.84,82.01,89.88,98.0,87.66,278617.0,2601900000.0,195.52,100.99,-34.91,8.01,25.61,14827100,13034600.0,2026-07-09,16:14:06
301308,江波龙,620.0,592.71,611.51,624.3,589.73,201711.0,12347130000.0,2622.98,1747.48,48.24,21.76,7.16,9872900,10298200.0,2026-07-09,16:14:42
301309,万得凯,28.71,29.52,29.52,29.68,28.13,11881.0,34160000.0,28.86,17.39,25.67,1.75,1.96,459900,728200.0,2026-07-09,16:14:15
301310,鑫宏业,52.62,51.9,51.5,53.43,50.5,63069.0,327280000.0,100.48,32.09,74.32,4.31,10.34,3458900,2848000.0,2026-07-09,16:14:09
301311,昆船智能,12.71,12.86,12.82,12.96,12.49,16641.0,21080000.0,30.5,30.5,-29.22,1.78,0.69,823500,840600.0,2026-07-09,16:14:18
301312,智立方,95.5,92.02,94.75,95.58,88.7,38447.0,355240000.0,160.94,80.96,248.04,13.57,4.54,1938300,1906400.0,2026-07-09,16:14:21
301313,凡拓数创,41.0,41.12,41.46,41.62,38.99,75952.0,305300000.0,42.42,32.21,-30.85,6.57,9.67,3802300,3792900.0,2026-07-09,16:14:00
301314,科瑞思,41.92,41.97,41.49,42.43,39.96,12609.0,52200000.0,23.16,7.65,131.23,2.23,6.91,632900,628000.0,2026-07-09,16:14:24
301315,威士顿,36.94,36.6,36.0,36.99,35.38,12180.0,44150000.0,32.51,32.51,100.41,3.23,1.38,637100,580900.0,2026-07-09,16:14:45
301316,慧博云通,44.82,40.92,40.89,45.35,40.03,341751.0,1484050000.0,181.07,175.36,178.76,16.95,8.73,20246400,13928700.0,2026-07-09,16:14:12
301317,鑫磊股份,57.49,51.94,53.38,62.33,53.37,106206.0,624120000.0,90.37,30.01,-68.51,7.65,20.35,4904600,5716000.0,2026-07-09,16:14:03
301318,维海德,19.74,19.62,19.42,19.83,19.23,9708.0,18970000.0,26.71,18.39,56.81,1.46,1.04,461600,509200.0,2026-07-09,16:14:15
301319,唯特偶,138.43,127.46,130.0,138.98,122.1,124850.0,1630270000.0,252.51,190.3,290.96,21.88,9.08,6792900,5692100.0,2026-07-09,16:14:48
301320,豪江智能,12.34,12.28,12.27,12.39,11.9,16777.0,20360000.0,22.46,14.09,-577.22,2.15,1.47,815900,861800.0,2026-07-09,16:14:24
301321,翰博高新,52.73,49.81,52.0,53.69,48.0,186493.0,955740000.0,98.31,77.84,-174.97,10.08,12.63,9341700,9307700.0,2026-07-09,16:14:51
301322,绿通科技,48.14,45.95,46.8,48.87,44.58,40622.0,189960000.0,68.67,46.32,529.84,2.42,4.22,2229700,1832600.0,2026-07-09,16:14:27
301323,新莱福,82.9,72.64,73.17,83.3,73.17,45958.0,367980000.0,88.36,56.84,59.48,3.9,6.7,2463000,2132800.0,2026-07-09,16:14:27
301325,曼恩斯特,32.12,32.08,31.97,32.35,30.9,19692.0,62440000.0,46.22,46.22,-29.55,1.75,1.37,1003700,965500.0,2026-07-09,16:14:54
301326,捷邦科技,127.7,121.77,121.99,128.88,119.6,15597.0,194430000.0,92.85,92.04,-184.35,7.52,2.16,844200,715500.0,2026-07-09,16:14:30
301327,华宝新能,45.33,46.02,46.02,46.02,44.71,11562.0,52290000.0,79.05,79.05,-147.06,1.3,0.66,608300,547900.0,2026-07-09,16:14:57
301328,维峰电子,69.8,67.1,68.0,73.93,67.21,37306.0,261530000.0,111.22,80.38,120.95,5.67,3.24,1787000,1943700.0,2026-07-09,16:14:00
301329,信音电子,20.77,20.68,20.8,20.89,19.8,41699.0,85010000.0,35.35,12.45,46.29,2.27,6.96,1901400,2268500.0,2026-07-09,16:14:03
301330,熵基科技,23.87,24.02,24.02,24.15,23.11,27252.0,64460000.0,56.18,46.38,28.39,1.67,1.4,1408500,1316800.0,2026-07-09,16:14:06
301331,恩威医药,19.9,20.79,20.61,20.98,19.75,27524.0,55240000.0,20.48,20.42,42.53,2.01,2.68,1496200,1256300.0,2026-07-09,16:14:09
301332,德尔玛,7.68,7.77,7.75,7.78,7.56,17657.0,13510000.0,35.45,20.34,27.74,1.22,0.67,874600,891100.0,2026-07-09,16:14:30
301333,诺思格,48.3,47.6,46.86,49.75,46.58,30743.0,148140000.0,46.65,46.59,34.9,2.35,3.19,1562000,1512300.0,2026-07-09,16:14:33
301335,天元宠物,19.19,19.87,19.83,19.95,18.85,17764.0,34070000.0,24.52,16.96,44.18,1.27,2.01,870800,905600.0,2026-07-09,16:14:36
301336,趣睡科技,35.79,36.08,36.1,36.37,34.68,11100.0,39320000.0,18.58,14.38,63.97,2.23,2.76,580600,529400.0,2026-07-09,16:14:12
301337,亚华电子,27.17,27.01,26.77,27.24,26.07,13559.0,36240000.0,28.31,27.7,-160.61,2.61,1.33,557500,798400.0,2026-07-09,16:14:33
301338,凯格精机,130.24,125.9,128.68,130.9,121.38,50381.0,636630000.0,194.01,141.36,88.79,11.82,4.64,2718100,2320100.0,2026-07-09,16:14:36
301339,通行宝,10.2,10.32,10.22,10.32,10.05,35989.0,36540000.0,59.18,58.12,26.17,2.15,0.63,1653200,1945700.0,2026-07-09,16:14:39
301345,涛涛车业,271.93,267.7,262.38,274.99,257.78,28231.0,746390000.0,296.54,95.26,32.72,8.2,8.06,1465300,1357800.0,2026-07-09,16:14:42
301348,蓝箭电子,28.19,25.6,25.82,28.49,25.54,234120.0,631920000.0,67.66,43.73,-177.5,4.6,15.09,13126500,10285500.0,2026-07-09,16:14:15
301349,信德新材,52.5,53.53,54.0,54.0,49.66,50432.0,260290000.0,74.81,59.07,119.4,2.74,4.48,2754600,2288600.0,2026-07-09,16:14:45
301353,普莱得,16.3,16.56,16.64,16.64,15.94,11733.0,19070000.0,20.7,6.65,29.71,1.63,2.87,558100,615300.0,2026-07-09,16:14:48
301355,南王科技,9.46,9.6,9.61,9.66,9.25,22817.0,21520000.0,18.46,13.22,-58.24,1.25,1.63,1121800,1159900.0,2026-07-09,16:14:39
301356,天振股份,25.2,28.0,26.71,28.45,24.49,86120.0,224370000.0,54.43,31.93,57.04,1.85,6.8,4025100,4586900.0,2026-07-09,16:14:18
301357,北方长龙,76.22,74.63,75.13,78.5,73.37,18914.0,143060000.0,72.56,72.56,337.65,6.39,1.99,902800,988600.0,2026-07-09,16:14:51
301358,湖南裕能,65.8,67.55,67.49,67.79,63.0,269556.0,1753080000.0,557.81,502.93,21.97,2.97,3.53,13803100,13152500.0,2026-07-09,16:14:21
301359,东南电子,15.31,15.34,15.32,15.65,14.84,16655.0,25370000.0,18.4,10.89,53.29,2.23,2.34,839100,826400.0,2026-07-09,16:14:18
301360,荣旗科技,66.56,67.14,66.33,67.95,62.55,30255.0,197350000.0,46.45,22.67,94.1,3.9,8.88,1582800,1442600.0,2026-07-09,16:14:21
301361,众智科技,28.46,28.81,28.82,28.84,27.44,14308.0,40180000.0,33.11,16.03,33.73,2.69,2.54,734600,696200.0,2026-07-09,16:14:24
301362,民爆光电,147.77,146.66,149.0,150.46,140.0,41096.0,595580000.0,215.66,60.5,147.41,8.98,10.04,2097900,2011700.0,2026-07-09,16:14:54
301363,美好医疗,19.63,19.87,19.81,20.33,19.16,164849.0,324420000.0,156.25,102.47,54.27,4.26,3.16,8009000,8475900.0,2026-07-09,16:14:57
301365,矩阵股份,36.86,34.88,34.93,37.33,34.46,53242.0,191150000.0,67.24,45.38,154.55,3.92,4.32,2687500,2636700.0,2026-07-09,16:14:06
301366,一博科技,55.48,53.77,53.68,55.5,51.47,104263.0,557860000.0,116.25,64.91,244.71,5.42,8.91,4885400,5540800.0,2026-07-09,16:14:27
301367,瑞迈特,38.58,39.9,39.8,40.2,38.51,21102.0,82250000.0,48.33,37.85,25.15,1.6,2.15,881600,1228600.0,2026-07-09,16:14:00
301368,丰立智能,42.05,41.82,42.0,42.29,40.26,30818.0,127480000.0,50.5,50.5,-175.12,5.36,2.57,1412400,1669400.0,2026-07-09,16:14:03
301369,联动科技,241.77,235.5,238.08,244.36,220.0,41217.0,958340000.0,247.35,132.61,624.58,16.52,7.51,2103200,2018500.0,2026-07-09,16:14:30
301370,国科恒泰,8.21,8.33,8.26,8.43,8.13,20374.0,16780000.0,38.64,26.58,49.31,1.58,0.63,986100,1051300.0,2026-07-09,16:14:42
301371,敷尔佳,25.86,26.22,26.01,26.21,25.61,21902.0,56540000.0,134.5,20.12,26.23,2.47,2.82,1123700,1066500.0,2026-07-09,16:14:24
301372,科净源,29.72,29.89,29.55,30.13,28.82,15199.0,44920000.0,20.38,12.24,-47.17,2.75,3.69,738100,781800.0,2026-07-09,16:14:06
301373,凌玮科技,124.41,116.02,123.88,128.84,117.11,77232.0,949220000.0,134.95,50.74,93.65,8.09,18.94,3954200,3769000.0,2026-07-09,16:14:45
301376,致欧科技,19.09,18.86,18.8,19.24,18.44,22412.0,42220000.0,76.83,36.97,25.6,2.29,1.16,1159700,1081500.0,2026-07-09,16:14:27
301377,鼎泰高科,484.08,473.08,486.45,489.0,450.3,47557.0,2253630000.0,1991.57,478.57,320.38,73.48,4.81,2553300,2202400.0,2026-07-09,16:14:30
301378,通达海,23.24,23.14,23.01,23.55,22.5,21307.0,49030000.0,22.45,10.67,-16.43,1.89,4.64,1134400,996300.0,2026-07-09,16:14:33
301379,天山电子,36.97,30.81,31.36,36.97,30.85,411921.0,1459120000.0,102.22,80.48,81.23,7.18,18.92,16913000,24279100.0,2026-07-09,16:14:33
301380,挖金客,26.41,26.5,26.26,26.79,25.5,12752.0,33320000.0,26.78,21.32,71.84,3.64,1.58,563200,712000.0,2026-07-09,16:14:36
301381,赛维时代,18.04,18.21,18.0,18.42,17.51,39986.0,71700000.0,73.33,35.77,26.33,2.68,2.02,1772200,2226400.0,2026-07-09,16:14:36
301382,蜂助手,42.38,42.0,41.95,42.91,41.0,108320.0,455760000.0,121.03,100.17,78.24,6.38,4.58,5433200,5398800.0,2026-07-09,16:14:09
301383,天键股份,22.35,22.28,22.23,22.54,21.7,16133.0,35730000.0,36.51,15.78,-51.69,1.87,2.28,846400,766900.0,2026-07-09,16:14:09
301386,未来电器,20.05,19.9,20.03,20.28,19.62,10634.0,21220000.0,28.07,9.02,30.59,1.93,2.36,456200,607200.0,2026-07-09,16:14:12
301387,光大同创,76.44,73.9,75.23,76.98,70.53,25955.0,191460000.0,81.6,32.63,-6675.22,5.0,6.08,1429300,1166200.0,2026-07-09,16:14:48
301388,欣灵电气,22.55,22.57,22.21,22.72,21.7,13038.0,28990000.0,23.1,16.39,103.2,2.4,1.79,752300,551500.0,2026-07-09,16:14:15
301389,隆扬电子,69.82,66.13,68.07,69.99,64.0,77787.0,522840000.0,197.94,197.94,197.9,8.92,2.74,4093600,3685100.0,2026-07-09,16:14:39
301390,经纬股份,31.03,31.04,31.14,31.67,30.51,9209.0,28560000.0,18.62,15.22,-2980.5,1.99,1.88,383900,537000.0,2026-07-09,16:14:12
301391,卡莱特,52.89,52.56,53.0,53.23,50.7,14832.0,77680000.0,50.25,49.1,211.75,2.4,1.6,849700,633500.0,2026-07-09,16:14:18
301392,汇成真空,274.64,251.66,255.01,276.0,247.43,56289.0,1475670000.0,274.64,112.04,662.99,36.75,13.8,3024500,2604400.0,2026-07-09,16:14:39
301393,昊帆生物,62.55,60.77,61.52,63.23,60.3,27881.0,172800000.0,67.55,26.34,59.63,2.86,6.62,1277100,1511000.0,2026-07-09,16:14:15
301395,仁信新材,11.1,11.31,11.25,11.31,10.63,33303.0,36520000.0,26.96,14.13,-30.42,1.87,2.62,1651400,1678900.0,2026-07-09,16:14:18
301396,宏景科技,285.0,257.0,279.02,295.43,250.1,169971.0,4642720000.0,612.54,403.29,1747.4,50.73,12.01,8940600,8056400.0,2026-07-09,16:14:42
301397,溯联股份,37.77,38.25,38.64,38.88,36.03,61498.0,228760000.0,58.79,26.83,45.57,2.9,8.66,3184900,2965000.0,2026-07-09,16:14:42
301398,星源卓镁,38.83,39.11,39.0,39.86,37.8,22823.0,88200000.0,43.49,42.4,324.13,4.01,2.09,1121800,1160500.0,2026-07-09,16:14:51
301399,英特科技,15.86,15.8,15.83,16.25,15.2,24169.0,37770000.0,29.34,8.67,131.38,2.26,4.42,1316300,1100600.0,2026-07-09,16:14:21
301408,华人健康,14.15,14.22,14.04,14.51,13.69,102563.0,144260000.0,56.6,32.4,27.02,2.65,4.48,4792900,5463500.0,2026-07-09,16:14:45
301413,安培龙,68.1,68.27,68.98,69.28,65.79,42001.0,283190000.0,87.12,52.01,118.58,7.02,5.5,2177100,2023000.0,2026-07-09,16:14:21
301418,协昌科技,43.05,41.74,42.11,43.2,40.95,31498.0,132730000.0,31.57,12.67,384.27,1.96,10.7,1485600,1664200.0,2026-07-09,16:14:24
301419,阿莱德,40.5,38.0,38.85,40.83,37.7,57544.0,225280000.0,60.75,40.16,92.54,6.57,5.8,3131500,2622900.0,2026-07-09,16:14:45
301421,波长光电,101.8,97.72,98.0,101.8,94.81,64734.0,639180000.0,117.8,47.14,332.28,9.86,13.98,3006000,3467400.0,2026-07-09,16:14:24
301428,世纪恒通,30.95,31.68,31.3,31.85,29.76,54639.0,167990000.0,30.54,21.55,-87.34,2.53,7.85,2442000,3022000.0,2026-07-09,16:14:48
301429,森泰股份,15.77,15.81,15.87,16.09,15.4,14235.0,22350000.0,18.64,6.94,38.21,1.4,3.23,688200,735300.0,2026-07-09,16:14:51
301439,泓淋电力,14.2,14.28,14.26,14.42,13.65,78060.0,109350000.0,55.25,26.02,26.88,1.86,4.26,3866300,3939700.0,2026-07-09,16:14:27
301446,福事特,34.65,33.4,33.43,35.4,31.4,19454.0,64660000.0,36.04,10.77,47.87,3.0,6.26,900300,1045100.0,2026-07-09,16:14:30
301448,开创电气,39.06,39.51,39.62,41.3,37.75,15256.0,59460000.0,40.86,27.69,-712.09,5.9,2.15,775500,750100.0,2026-07-09,16:14:48
301456,盘古智能,22.36,22.51,22.51,22.81,21.81,10161.0,22560000.0,34.01,13.61,38.64,1.53,1.67,494200,521900.0,2026-07-09,16:14:54
301458,钧崴电子,50.32,48.3,48.55,50.49,47.55,91975.0,454070000.0,134.19,59.12,100.34,8.35,7.83,4463300,4734200.0,2026-07-09,16:14:54
301459,丰茂股份,34.02,33.91,34.31,34.43,32.65,9244.0,31050000.0,35.42,8.88,41.92,2.83,3.54,471100,453300.0,2026-07-09,16:14:57
301468,博盈特焊,37.15,37.33,37.96,38.35,34.97,76891.0,279690000.0,62.84,36.22,129.61,2.75,7.89,4054000,3635100.0,2026-07-09,16:14:57
301469,恒达新材,26.32,26.76,26.76,27.1,25.88,13616.0,35870000.0,23.55,12.12,25.57,1.71,2.96,784400,577200.0,2026-07-09,16:14:33
301479,弘景光电,57.47,57.08,57.31,57.89,54.56,22246.0,125400000.0,71.58,40.98,38.97,5.67,3.12,1029400,1195200.0,2026-07-09,16:14:54
301486,致尚科技,206.22,183.4,188.36,208.7,183.08,74601.0,1465080000.0,265.37,150.12,411.89,10.39,10.25,4230900,3229300.0,2026-07-09,16:14:00
301487,盟固利,17.56,17.85,17.91,18.09,16.78,141410.0,245180000.0,80.71,47.9,115.14,4.19,5.18,7075400,7065600.0,2026-07-09,16:14:36
301488,豪恩汽电,117.3,116.7,117.0,117.64,113.98,12419.0,143950000.0,118.96,48.74,164.85,4.99,2.99,600800,641100.0,2026-07-09,16:14:27
301489,思泉新材,162.22,159.01,161.92,163.57,149.5,70925.0,1114680000.0,183.4,112.87,265.56,16.95,10.19,3641500,3451000.0,2026-07-09,16:14:39
301498,乖宝宠物,37.64,38.9,38.2,38.58,37.01,47476.0,178620000.0,150.74,67.5,25.44,3.25,2.65,2216800,2530800.0,2026-07-09,16:14:42
301499,维科精密,28.75,29.15,29.69,30.47,27.9,41887.0,120820000.0,39.75,9.94,72.44,3.07,12.12,1867200,2321500.0,2026-07-09,16:14:45
301500,飞南资源,25.84,26.78,26.54,27.57,24.77,167609.0,434280000.0,145.21,37.22,21.12,2.8,11.64,8168000,8592900.0,2026-07-09,16:14:30
301501,恒鑫生活,26.18,27.01,26.92,27.1,26.05,12731.0,33690000.0,38.72,11.39,22.22,1.87,2.93,512800,760300.0,2026-07-09,16:14:57
301502,华阳智能,68.64,64.64,64.7,69.37,63.0,10766.0,71450000.0,39.18,16.19,173.0,4.76,4.56,631900,444700.0,2026-07-09,16:14:48
301503,智迪科技,26.34,26.25,25.3,26.54,25.3,6140.0,16030000.0,21.07,8.56,25.25,1.92,1.89,330100,283900.0,2026-07-09,16:14:06
301505,苏州规划,15.36,15.34,15.48,15.52,14.97,19378.0,29540000.0,17.57,12.01,82.59,1.83,2.48,956300,981600.0,2026-07-09,16:14:09
301507,民生健康,11.88,12.14,12.14,12.29,11.61,47585.0,56620000.0,42.36,13.08,35.64,2.66,4.32,2253900,2504600.0,2026-07-09,16:14:12
301508,中机认检,22.55,22.75,22.67,22.73,22.13,12391.0,27760000.0,50.98,13.27,33.5,2.53,2.11,623500,615600.0,2026-07-09,16:14:51
301509,金凯生科,29.9,29.61,29.55,30.54,28.8,32123.0,95310000.0,36.01,16.97,48.65,1.7,5.66,1718600,1493700.0,2026-07-09,16:14:15
301510,固高科技,32.54,32.51,32.71,33.0,31.43,92414.0,296910000.0,130.16,90.84,168.55,9.1,3.31,4447600,4793800.0,2026-07-09,16:14:00
301511,德福科技,120.99,118.17,120.0,121.0,111.58,333742.0,3903070000.0,762.63,453.27,315.72,18.63,8.91,17591600,15782600.0,2026-07-09,16:14:33
301512,智信精密,41.25,41.54,41.38,41.8,39.6,11924.0,48580000.0,22.0,10.24,72.48,2.09,4.81,540900,651400.0,2026-07-09,16:14:36
301515,港通医疗,17.18,17.37,17.2,17.67,16.73,13696.0,23420000.0,17.18,11.27,-351.53,1.4,2.09,604200,765400.0,2026-07-09,16:14:54
301516,中远通,19.13,19.12,18.93,19.3,18.16,232261.0,435680000.0,53.7,13.42,-111.49,4.24,33.1,11409700,11816400.0,2026-07-09,16:14:57
301517,陕西华达,47.52,46.13,49.92,49.92,45.18,42807.0,199380000.0,71.87,46.36,-111.61,5.65,4.39,2220700,2060000.0,2026-07-09,16:14:00
301518,长华化学,24.04,24.13,24.62,24.79,23.11,22880.0,54820000.0,34.97,12.85,38.37,2.15,4.28,1120400,1167600.0,2026-07-09,16:14:18
301519,舜禹股份,10.9,10.85,10.83,10.99,10.58,20656.0,22270000.0,17.62,8.23,-69.04,1.3,2.74,1075300,990300.0,2026-07-09,16:14:03
301520,万邦医药,41.6,42.74,40.0,43.27,39.03,129403.0,528140000.0,38.76,13.6,159.35,2.59,39.57,5737800,7202500.0,2026-07-09,16:14:03
301522,上大股份,24.39,24.5,24.5,24.66,23.39,56244.0,134990000.0,90.7,67.49,89.02,4.74,2.03,2832700,2791700.0,2026-07-09,16:14:21
301525,儒竞科技,45.7,47.05,47.08,47.52,44.2,18002.0,82480000.0,60.34,31.61,72.66,1.87,2.6,713100,1087100.0,2026-07-09,16:14:06
301526,国际复材,38.85,37.16,37.91,39.77,36.33,1845158.0,7051630000.0,1464.99,545.61,298.99,17.32,13.14,94523200,89992600.0,2026-07-09,16:14:24
301528,多浦乐,73.18,72.0,72.4,76.86,69.58,27055.0,197090000.0,65.68,33.85,109.27,4.21,5.85,1274400,1431100.0,2026-07-09,16:14:00
301529,福赛科技,110.68,114.58,114.59,117.99,106.94,42960.0,473790000.0,131.07,70.36,96.71,9.36,6.76,2047400,2248600.0,2026-07-09,16:14:03
301533,威马农机,23.58,23.59,23.6,23.78,22.9,9016.0,21090000.0,23.18,6.71,81.41,2.11,3.17,441200,460400.0,2026-07-09,16:14:06
301536,星宸科技,122.6,115.06,115.68,122.98,111.0,99184.0,1158880000.0,517.02,229.5,108.3,16.69,5.3,5083300,4835100.0,2026-07-09,16:14:12
301538,骏鼎达,44.02,44.48,45.08,45.08,42.04,29136.0,126340000.0,48.32,19.24,26.29,3.34,6.67,1344100,1569600.0,2026-07-09,16:14:06
301539,宏鑫科技,13.62,13.95,13.78,13.99,13.26,32451.0,43940000.0,20.16,10.22,740.72,2.61,4.32,1436200,1809000.0,2026-07-09,16:14:30
301548,崇德科技,84.34,82.61,82.72,84.69,79.69,18304.0,150680000.0,73.38,22.13,50.32,4.74,6.98,917400,913100.0,2026-07-09,16:14:42
301550,斯菱智驱,86.8,89.45,90.76,91.0,84.6,99461.0,863050000.0,291.08,178.16,176.01,16.18,4.85,5012300,4933800.0,2026-07-09,16:14:33
301551,无线传媒,19.63,19.63,19.57,20.05,19.39,41579.0,81820000.0,78.52,30.34,30.89,3.46,2.69,2048100,2109800.0,2026-07-09,16:14:36
301552,科力装备,21.91,22.2,22.2,22.26,21.21,10239.0,22240000.0,27.12,6.78,18.93,2.43,3.31,456200,567700.0,2026-07-09,16:14:09
301555,惠柏新材,37.49,39.07,39.55,40.88,36.52,46121.0,175230000.0,34.59,18.12,44.57,3.06,9.54,1957900,2654200.0,2026-07-09,16:14:09
301556,托普云农,56.48,57.01,57.64,57.96,55.3,12299.0,69370000.0,48.17,16.65,44.85,4.97,4.17,616500,613400.0,2026-07-09,16:14:15
301557,常友科技,87.7,88.66,88.8,90.0,85.85,10145.0,88820000.0,54.4,21.81,74.73,5.46,4.08,364800,649700.0,2026-07-09,16:14:45
301558,三态股份,6.11,6.12,6.05,6.16,5.94,56378.0,34070000.0,48.2,13.41,98.6,3.48,2.57,2444700,3193100.0,2026-07-09,16:14:12
301559,中集环科,12.29,12.27,12.23,12.39,12.06,12767.0,15580000.0,73.74,11.06,65.2,1.64,1.42,515600,761100.0,2026-07-09,16:14:18
301565,中仑新材,21.11,20.79,20.79,21.17,20.3,45775.0,95270000.0,84.44,27.02,105.85,3.46,3.58,2215100,2362400.0,2026-07-09,16:14:39
301566,达利凯普,28.27,27.59,27.99,28.5,26.46,177014.0,489460000.0,113.08,59.67,69.98,7.48,8.39,8566000,9135400.0,2026-07-09,16:14:18
301567,贝隆精密,34.32,33.75,33.58,34.5,32.88,10433.0,35140000.0,24.71,7.29,-214.82,3.4,4.91,514100,529200.0,2026-07-09,16:14:15
301568,思泰克,97.5,89.42,89.57,97.98,88.0,38196.0,355670000.0,100.68,46.41,83.99,9.99,8.02,2174200,1645400.0,2026-07-09,16:14:42
301571,国科天成,67.2,61.83,62.13,67.8,59.3,110084.0,699310000.0,120.57,80.08,55.86,5.84,9.24,5829800,5178600.0,2026-07-09,16:14:21
301577,美信科技,62.4,63.14,64.0,64.0,59.0,16851.0,103310000.0,28.1,11.76,-113.06,3.82,8.94,863500,821600.0,2026-07-09,16:14:21
301578,辰奕智能,20.38,20.46,20.64,20.64,19.74,13169.0,26590000.0,21.59,6.14,166.13,2.37,4.37,609700,707200.0,2026-07-09,16:14:48
301580,爱迪特,56.08,54.35,54.98,56.29,53.94,77703.0,429110000.0,83.67,56.53,41.17,3.95,7.71,4192800,3577400.0,2026-07-09,16:14:27
301581,黄山谷捷,39.0,38.05,38.18,39.19,36.32,14419.0,54370000.0,31.2,16.49,76.25,3.15,3.41,771200,670700.0,2026-07-09,16:14:24
301585,蓝宇股份,24.91,25.26,25.05,25.38,24.5,11633.0,28920000.0,25.91,16.97,36.44,2.64,1.71,445800,717400.0,2026-07-09,16:14:30
301586,佳力奇,30.88,31.19,30.75,31.42,30.2,9964.0,30620000.0,25.62,16.34,51.18,1.98,1.88,503000,493400.0,2026-07-09,16:14:33
301587,中瑞股份,20.64,20.87,20.87,20.97,19.97,29323.0,60020000.0,30.41,15.16,51.76,1.52,3.99,1385100,1547200.0,2026-07-09,16:14:30
301588,美新科技,48.3,49.01,49.02,49.98,47.2,50560.0,243940000.0,57.41,35.43,227.84,6.06,6.89,2576800,2479200.0,2026-07-09,16:14:33
301589,诺瓦星云,145.67,139.19,138.45,146.19,134.75,11593.0,162970000.0,134.67,50.21,23.18,3.59,3.36,645800,513500.0,2026-07-09,16:14:36
301591,肯特股份,36.75,37.53,37.69,38.28,34.77,59201.0,215880000.0,40.19,16.43,65.66,4.39,13.25,3048700,2871400.0,2026-07-09,16:14:18
301592,六九一二,130.19,128.95,128.58,131.3,127.5,16657.0,215560000.0,91.13,30.41,160.01,9.76,7.13,835800,829900.0,2026-07-09,16:14:42
301596,瑞迪智驱,56.38,56.68,56.98,56.98,54.0,31500.0,175440000.0,60.91,24.72,59.91,6.93,7.18,1338000,1811900.0,2026-07-09,16:14:21
301598,博科测试,49.05,49.55,49.44,49.7,47.48,5587.0,27130000.0,28.89,8.61,23.26,3.05,3.18,241200,317500.0,2026-07-09,16:14:51
301600,慧翰股份,81.7,81.12,80.68,82.16,78.3,10463.0,83770000.0,85.4,26.36,54.43,7.01,3.24,556100,490100.0,2026-07-09,16:14:54
301601,惠通科技,15.09,15.3,15.38,15.43,14.86,14124.0,21330000.0,21.2,12.75,32.51,1.62,1.67,651400,761000.0,2026-07-09,16:14:24
301602,超研股份,13.63,13.81,13.71,14.04,13.48,19481.0,26630000.0,58.38,28.42,49.18,4.47,0.93,838200,1109900.0,2026-07-09,16:14:57
301603,乔锋智能,143.5,134.01,135.14,143.58,130.51,45026.0,614200000.0,173.29,54.15,45.3,7.0,11.93,2695000,1807600.0,2026-07-09,16:14:36
301606,绿联科技,57.17,56.55,56.4,57.3,55.01,21189.0,119000000.0,237.2,94.33,29.95,7.04,1.28,1121000,997900.0,2026-07-09,16:14:27
301607,富特科技,57.37,47.81,48.25,57.37,47.11,201043.0,1060170000.0,134.32,87.08,49.33,7.44,13.24,11341200,8763100.0,2026-07-09,16:14:45
301608,博实结,47.99,47.63,47.2,48.19,45.76,18044.0,84780000.0,63.63,28.56,25.5,2.91,3.03,837500,967000.0,2026-07-09,16:14:00
301611,珂玛科技,156.3,142.07,146.4,157.29,141.0,143171.0,2135990000.0,681.47,229.11,274.92,38.14,9.77,7633700,6683400.0,2026-07-09,16:14:39
301613,新铝时代,41.06,41.0,40.78,41.29,39.25,23049.0,93060000.0,59.06,34.45,25.12,3.71,2.75,1159300,1145600.0,2026-07-09,16:14:54
301617,博苑新材,55.19,60.8,60.68,60.68,54.12,63755.0,363110000.0,95.88,38.05,55.02,5.47,9.25,2987000,3388500.0,2026-07-09,16:14:30
301618,长联科技,41.77,36.9,37.01,43.3,37.0,62106.0,251990000.0,52.76,20.11,172.06,5.62,12.9,3704000,2506600.0,2026-07-09,16:14:33
301622,英思特,42.56,43.91,44.0,44.19,41.51,19234.0,81890000.0,49.34,27.52,63.32,3.21,2.97,869400,1054000.0,2026-07-09,16:14:06
301626,苏州天脉,325.9,305.88,310.0,326.66,308.8,18232.0,580260000.0,377.0,171.49,334.35,23.68,3.46,1153200,670100.0,2026-07-09,16:14:42
301628,强达电路,89.85,87.12,87.96,90.16,83.84,19951.0,173620000.0,67.73,25.05,57.86,5.85,7.16,990600,1004600.0,2026-07-09,16:14:09
301629,矽电股份,376.0,364.1,366.0,376.0,355.21,16378.0,600950000.0,156.89,72.18,507.35,13.39,8.53,775700,862200.0,2026-07-09,16:14:48
301631,壹连科技,73.1,71.38,71.38,73.18,69.83,23338.0,167370000.0,93.55,31.87,30.78,3.63,5.35,1231000,1102800.0,2026-07-09,16:14:57
301633,港迪技术,45.3,44.69,45.8,46.6,44.42,5587.0,25370000.0,25.22,11.56,38.56,2.79,2.19,256700,302000.0,2026-07-09,16:14:00
302132,中航成飞,55.81,55.53,55.57,55.97,54.04,64144.0,352160000.0,1491.29,327.09,42.99,7.31,1.09,3236700,3177700.0,2026-07-09,16:14:48
600000,浦发银行,8.98,9.0,8.97,9.01,8.87,490297.0,438690000.0,2990.86,2990.86,5.95,0.4,0.15,24563600,24479200.0,2026-07-09,16:14:31
600004,白云机场,7.4,7.5,7.54,7.54,7.38,86531.0,64290000.0,190.72,175.14,14.23,0.9,0.37,3440600,5212600.0,2026-07-09,16:14:53
600006,东风股份,5.11,5.22,5.19,5.24,5.1,146065.0,75320000.0,102.2,102.2,-24.03,1.28,0.73,5980100,8626300.0,2026-07-09,16:14:52
600007,中国国贸,19.62,19.44,19.36,19.68,19.25,13968.0,27260000.0,197.63,197.63,16.52,2.2,0.14,775500,621500.0,2026-07-09,16:14:37
600008,首创环保,2.79,2.79,2.79,2.81,2.76,577911.0,160980000.0,204.8,204.8,11.36,1.0,0.79,26145300,31645900.0,2026-07-09,16:14:41
600009,上海机场,22.48,22.8,22.7,22.78,22.35,117690.0,264640000.0,559.37,460.0,25.71,1.32,0.58,4703100,7070600.0,2026-07-09,16:14:37
600010,包钢股份,2.09,2.19,2.18,2.19,2.04,7331469.0,1548260000.0,945.22,654.55,-705.18,1.83,2.34,235507100,498191500.0,2026-07-09,16:14:51
600011,华能国际,6.7,6.76,6.76,6.79,6.64,1165249.0,779640000.0,1051.77,736.85,7.56,1.65,1.06,42276600,74299000.0,2026-07-09,16:14:45
600012,皖通高速,17.1,17.3,17.3,17.38,16.88,45595.0,78190000.0,292.17,199.32,15.69,2.19,0.39,2437700,2121700.0,2026-07-09,16:14:31
600015,华夏银行,6.73,6.8,6.78,6.79,6.68,551718.0,371460000.0,1071.07,1035.56,3.95,0.33,0.36,26457400,28756400.0,2026-07-09,16:14:54
600016,民生银行,3.31,3.33,3.31,3.32,3.28,1925983.0,635800000.0,1449.2,1173.8,4.94,0.25,0.54,99135700,93505700.0,2026-07-09,16:14:53
600017,日照港,2.59,2.62,2.62,2.63,2.57,236667.0,61590000.0,79.66,79.66,18.16,0.57,0.77,11002400,12664300.0,2026-07-09,16:14:32
600018,上港集团,5.07,5.07,5.06,5.1,5.01,521400.0,264020000.0,1180.29,1178.61,8.64,0.81,0.22,27614700,24528200.0,2026-07-09,16:14:42
600019,宝钢股份,5.46,5.56,5.54,5.54,5.43,655360.0,358480000.0,1189.3,1169.21,11.73,0.58,0.31,25933000,39622000.0,2026-07-09,16:14:56
600020,中原高速,3.74,3.77,3.78,3.79,3.72,99339.0,37230000.0,84.05,84.05,13.14,0.71,0.44,4381400,5552500.0,2026-07-09,16:14:52
600021,上海电力,13.86,13.75,13.77,13.9,13.28,448675.0,609940000.0,391.11,391.11,15.61,1.98,1.59,23520900,21364400.0,2026-07-09,16:14:44
600022,山东钢铁,1.26,1.27,1.27,1.28,1.25,719044.0,90880000.0,134.81,134.81,-614.04,0.72,0.67,30015700,41893400.0,2026-07-09,16:14:36
600023,浙能电力,5.31,5.36,5.33,5.37,5.26,305623.0,162090000.0,712.0,712.0,9.62,0.92,0.23,12733500,17860700.0,2026-07-09,16:14:48
600025,华能水电,9.6,9.49,9.43,9.65,9.42,363078.0,347610000.0,1788.59,1788.59,20.95,2.66,0.19,19044800,17270700.0,2026-07-09,16:14:43
600026,中远海能,15.93,15.83,16.07,16.23,15.57,640581.0,1017260000.0,871.56,609.8,15.84,1.8,1.67,31010400,33072100.0,2026-07-09,16:14:40
600027,华电国际,4.43,4.46,4.47,4.47,4.4,482817.0,213710000.0,514.4,408.25,8.76,1.06,0.52,20453600,27828600.0,2026-07-09,16:14:57
600028,中国石化,4.81,4.83,4.83,4.87,4.77,2171522.0,1046750000.0,5816.52,4557.59,16.36,0.71,0.23,110628700,106618200.0,2026-07-09,16:14:50
600029,南方航空,5.05,5.06,5.01,5.06,4.99,848608.0,425640000.0,915.11,680.59,29.66,2.47,0.63,37271600,47596300.0,2026-07-09,16:14:35
600030,中信证券,28.68,28.0,28.01,28.76,27.8,1903829.0,5375260000.0,4250.53,3492.23,12.62,1.49,1.56,99278600,91212800.0,2026-07-09,16:14:39
600031,三一重工,18.57,18.85,18.72,18.8,18.14,883328.0,1623770000.0,1707.51,1573.69,20.28,1.89,1.04,46593500,41749800.0,2026-07-09,16:14:34
600032,浙江新能,6.49,6.49,6.49,6.53,6.3,258580.0,166070000.0,156.06,156.06,34.65,1.22,1.08,13300500,12568200.0,2026-07-09,16:14:34
600033,福建高速,3.38,3.41,3.39,3.43,3.36,207753.0,70420000.0,92.76,92.76,9.69,0.74,0.76,9988500,10786800.0,2026-07-09,16:14:46
600035,楚天高速,3.47,3.5,3.51,3.51,3.46,61296.0,21300000.0,55.87,55.87,11.12,0.63,0.38,2204800,3924800.0,2026-07-09,16:14:38
600036,招商银行,37.55,37.94,37.7,37.81,37.37,765646.0,2875450000.0,9470.05,7746.17,6.28,0.84,0.37,35752200,40875300.0,2026-07-09,16:14:45
600037,歌华有线,6.18,6.27,6.25,6.34,6.15,156944.0,97620000.0,86.01,86.01,127.35,0.68,1.13,7208600,8485800.0,2026-07-09,16:15:00
600038,中直股份,25.0,25.0,24.99,25.09,24.56,53708.0,133000000.0,204.97,167.23,42.02,1.18,0.8,2531100,2840200.0,2026-07-09,16:14:57
600039,四川路桥,8.5,8.73,8.7,8.74,8.45,153328.0,131160000.0,739.13,739.13,10.53,1.4,0.18,8248400,7084700.0,2026-07-09,16:14:39
600048,保利发展,4.6,4.63,4.61,4.65,4.54,922816.0,423770000.0,550.64,550.64,-302.11,0.28,0.77,43001300,49327700.0,2026-07-09,16:15:00
600050,中国联通,4.1,4.09,4.07,4.15,4.04,1685956.0,687330000.0,1281.84,1270.61,14.81,0.76,0.54,87935300,80739000.0,2026-07-09,16:14:43
600051,宁波联合,5.74,5.75,5.77,5.82,5.65,30267.0,17310000.0,17.84,17.84,23.54,0.52,0.97,1441800,1584900.0,2026-07-09,16:14:32
600052,东望时代,3.57,3.56,3.53,3.69,3.53,116477.0,41900000.0,30.14,30.14,-6.27,1.4,1.38,5345500,6302200.0,2026-07-09,16:14:42
600053,*ST九鼎,8.01,8.24,8.31,8.34,7.97,27343.0,22180000.0,34.73,34.73,-9.68,1.56,0.63,775100,1959200.0,2026-07-09,16:14:46
600054,黄山旅游,10.78,11.02,10.87,10.89,10.59,79266.0,85260000.0,78.63,55.33,27.09,1.65,1.54,3219500,4708200.0,2026-07-09,16:14:40
600055,万东医疗,10.34,10.44,10.42,10.49,10.17,65279.0,67340000.0,72.7,72.7,-26.07,1.64,0.93,3306000,3221900.0,2026-07-09,16:14:38
600056,中国医药,9.0,9.1,9.01,9.18,8.93,141153.0,127280000.0,134.63,134.58,27.88,1.13,0.94,6972300,7143300.0,2026-07-09,16:14:35
600057,厦门象屿,5.7,5.82,5.82,5.83,5.66,150892.0,86220000.0,161.82,119.27,12.4,1.05,0.72,7071200,8018000.0,2026-07-09,16:14:41
600058,五矿发展,11.3,10.6,10.5,11.65,10.18,210664.0,229720000.0,121.13,121.13,-390.6,2.5,1.97,11331500,9750300.0,2026-07-09,16:14:36
600059,古越龙山,7.42,7.61,7.6,7.64,7.4,85984.0,64450000.0,67.64,67.64,30.02,1.16,0.94,3366300,5232100.0,2026-07-09,16:14:50
600060,海信视像,27.29,27.33,26.89,27.62,26.71,122667.0,333610000.0,356.13,354.82,14.3,1.63,0.94,6448500,5822000.0,2026-07-09,16:14:57
600061,国投资本,6.55,6.47,6.46,6.57,6.42,368536.0,239340000.0,418.81,418.81,12.45,0.78,0.58,20587000,16275700.0,2026-07-09,16:14:30
600062,华润双鹤,16.43,16.58,16.48,16.79,16.32,70898.0,117020000.0,170.64,170.58,10.5,1.41,0.68,3222100,3873500.0,2026-07-09,16:14:41
600063,皖维高新,6.18,6.16,6.28,6.34,5.97,985590.0,602850000.0,127.87,127.87,28.26,1.52,4.76,41381000,57225100.0,2026-07-09,16:14:47
600064,南京高科,7.32,7.39,7.38,7.43,7.3,124519.0,91640000.0,126.66,126.66,7.18,0.64,0.72,5595700,6856200.0,2026-07-09,16:14:32
600066,宇通客车,28.21,28.77,28.7,28.88,28.1,213634.0,606590000.0,624.55,624.55,11.44,5.29,0.96,7384300,13979700.0,2026-07-09,16:14:48
600067,冠城新材,2.73,2.74,2.74,2.77,2.63,246762.0,66410000.0,37.99,37.99,196.94,0.68,1.77,12294600,12387800.0,2026-07-09,16:14:37
600070,*ST富润,0.42,0.42,0.0,0.0,0.0,0.0,0.0,2.13,2.13,-3.9,0.72,0.0,0,0.0,2026-07-09,09:00:00
600071,凤凰光学,15.91,15.6,15.58,16.0,15.36,32260.0,50730000.0,44.8,44.8,164.72,8.79,1.15,1784500,1441500.0,2026-07-09,16:14:55
600072,中船科技,8.1,8.12,8.09,8.2,7.9,188044.0,151070000.0,121.55,87.75,-3.71,1.6,1.74,8856200,9948500.0,2026-07-09,16:14:48
600073,光明肉业,4.89,4.94,4.95,4.98,4.87,56577.0,27760000.0,45.85,45.85,-18.45,0.98,0.6,2448200,3211600.0,2026-07-09,16:14:44
600075,新疆天业,4.21,4.15,4.12,4.22,4.1,260521.0,108380000.0,71.9,71.9,-72.66,0.81,1.53,13207200,12845800.0,2026-07-09,16:14:54
600076,康欣新材,3.22,3.16,3.2,3.27,3.1,370745.0,118100000.0,43.29,43.29,-11.07,1.22,2.76,18067400,19008700.0,2026-07-09,16:14:50
600078,澄星股份,10.72,10.88,10.99,11.01,10.3,291406.0,308510000.0,72.55,71.03,100.8,4.26,4.4,13353400,15799200.0,2026-07-09,16:14:52
600079,ST人福,17.26,17.13,17.16,17.39,17.03,77833.0,134100000.0,281.72,266.35,14.8,1.45,0.5,3986500,3799800.0,2026-07-09,16:14:41
600080,ST金花,4.7,4.78,4.73,4.87,4.63,35047.0,16570000.0,17.54,17.54,96.03,1.1,0.94,1444000,2060700.0,2026-07-09,16:14:32
600081,东风科技,9.09,9.21,9.22,9.23,8.98,24752.0,22490000.0,50.27,50.27,219.96,1.09,0.45,1205000,1270200.0,2026-07-09,16:14:41
600082,ST海泰,2.75,2.8,2.77,2.85,2.73,71721.0,19880000.0,17.77,17.44,-24.41,1.05,1.13,2501100,4671000.0,2026-07-09,16:14:53
600084,*ST尼雅,4.1,4.24,4.22,4.26,4.04,61257.0,25310000.0,46.07,46.07,-204.84,3.62,0.55,2133900,3995100.0,2026-07-09,16:14:52
600085,同仁堂,23.12,23.4,23.31,23.65,22.93,80262.0,186080000.0,317.08,317.08,29.4,2.37,0.59,3627600,4398500.0,2026-07-09,16:14:52
600088,中视传媒,11.1,11.24,11.21,11.35,10.96,51814.0,57530000.0,44.15,44.15,-536.65,3.52,1.3,2404500,2776900.0,2026-07-09,16:14:44
600089,特变电工,20.04,20.05,20.0,20.08,19.27,1378718.0,2715360000.0,1012.58,1012.58,16.41,1.44,2.73,72436500,65580600.0,2026-07-09,16:14:51
600094,大名城,4.07,4.22,4.3,4.55,3.99,862693.0,362540000.0,94.63,86.54,65.59,0.92,4.06,40368900,45913600.0,2026-07-09,16:14:58
600095,湘财股份,7.6,7.5,7.49,7.63,7.45,194839.0,146860000.0,217.3,217.3,49.49,1.77,0.68,10628500,8860600.0,2026-07-09,16:14:39
600096,云天化,27.76,28.98,28.83,28.84,27.37,447638.0,1249410000.0,506.06,506.06,9.57,2.12,2.46,17402100,27388100.0,2026-07-09,16:14:35
600097,开创国际,7.85,7.94,7.99,8.01,7.73,23792.0,18640000.0,18.91,18.91,73.29,0.85,0.99,1258100,1121100.0,2026-07-09,16:14:42
600098,广州发展,5.96,6.0,6.02,6.05,5.91,196329.0,117070000.0,208.95,208.95,8.7,0.78,0.56,8810700,10823800.0,2026-07-09,16:14:33
600099,林海股份,8.09,8.05,8.05,8.14,7.89,32305.0,25900000.0,17.73,17.73,70.29,3.28,1.47,1413500,1817000.0,2026-07-09,16:14:34
600100,同方股份,6.83,6.8,6.74,6.88,6.63,274375.0,185340000.0,228.83,228.83,69.03,1.46,0.82,13362700,14077000.0,2026-07-09,16:14:46
600101,明星电力,7.71,7.76,7.74,7.8,7.6,99617.0,76630000.0,42.24,42.24,22.92,1.34,1.82,4225700,5737500.0,2026-07-09,16:14:53
600103,青山纸业,2.83,2.81,2.83,2.88,2.73,773029.0,217120000.0,63.42,62.61,161.94,1.6,3.49,35526700,41806900.0,2026-07-09,16:14:58
600104,上汽集团,9.91,10.02,10.01,10.01,9.86,430145.0,426460000.0,1139.18,1139.18,11.27,0.38,0.37,18829000,24199700.0,2026-07-09,16:14:52
600105,永鼎股份,50.66,47.58,48.98,50.74,45.5,1399694.0,6784260000.0,740.65,740.65,721.23,22.47,9.57,71315900,68717600.0,2026-07-09,16:14:50
600106,重庆路桥,4.49,4.43,4.44,4.5,4.36,128044.0,56820000.0,59.67,59.67,70.08,1.12,0.96,6538800,6271400.0,2026-07-09,16:14:37
600107,*ST尔雅,6.37,6.33,6.29,6.48,6.29,15668.0,10020000.0,22.93,22.93,-29.75,5.66,0.44,707500,859300.0,2026-07-09,16:14:37
600108,亚盛集团,2.88,2.86,2.85,2.9,2.79,680093.0,193590000.0,56.07,56.07,105.16,1.29,3.49,31323700,36694200.0,2026-07-09,16:15:00
600109,国金证券,8.72,8.57,8.59,8.74,8.53,290249.0,250600000.0,323.11,323.11,13.54,0.89,0.78,16504700,12526100.0,2026-07-09,16:14:58
600110,诺德股份,13.44,13.71,13.7,13.96,12.56,2523722.0,3328990000.0,233.21,233.21,-105.65,4.14,14.54,127051900,125405300.0,2026-07-09,16:14:51
600111,北方稀土,42.98,46.02,45.5,45.98,41.42,1623791.0,6975360000.0,1553.76,1553.76,56.74,6.19,4.49,72643800,89805300.0,2026-07-09,16:14:46
600113,浙江东日,30.07,29.99,30.03,30.82,29.2,85133.0,256130000.0,126.65,123.72,90.11,5.05,2.07,4314800,4198500.0,2026-07-09,16:14:44
600114,东睦股份,34.29,32.73,33.38,34.38,31.9,235771.0,779060000.0,216.5,211.36,39.37,6.42,3.83,12449400,11133300.0,2026-07-09,16:14:38
600115,中国东航,3.61,3.67,3.61,3.63,3.54,2425681.0,869570000.0,797.37,614.6,80.14,5.65,1.42,114564500,128151300.0,2026-07-09,16:14:33
600116,三峡水利,5.7,5.75,5.72,5.76,5.66,140409.0,80150000.0,108.99,108.99,23.06,0.96,0.73,6666000,7387200.0,2026-07-09,16:14:35
600117,西宁特钢,2.11,2.11,2.1,2.12,2.05,123851.0,25790000.0,68.68,68.68,-6.85,2.0,0.38,5469200,6920700.0,2026-07-09,16:14:52
600118,中国卫星,81.84,77.93,77.92,82.0,77.5,437021.0,3470050000.0,967.75,967.75,5700.71,15.3,3.7,23974300,19758100.0,2026-07-09,16:14:44
600119,*ST长投,4.45,4.52,4.52,4.62,4.4,20536.0,9190000.0,16.25,16.25,-37.89,21.9,0.56,686100,1367500.0,2026-07-09,16:14:44
600120,浙江东方,4.82,5.06,4.87,4.9,4.71,1103170.0,527810000.0,164.62,164.62,17.78,1.01,3.23,43989200,66363400.0,2026-07-09,16:14:55
600121,郑州煤电,3.45,3.49,3.45,3.52,3.34,417994.0,142540000.0,42.04,42.04,-3.96,5.71,3.43,18631000,23181500.0,2026-07-09,16:14:47
600123,兰花科创,5.69,5.8,5.76,5.8,5.65,192489.0,109980000.0,83.83,83.83,-13.95,0.55,1.31,8912200,10336700.0,2026-07-09,16:14:57
600125,铁龙物流,5.23,5.25,5.25,5.27,5.19,78269.0,40860000.0,68.28,68.28,12.67,0.88,0.6,3469800,4357100.0,2026-07-09,16:14:45
600126,杭钢股份,5.76,5.83,5.85,5.85,5.6,606581.0,347030000.0,194.53,194.53,282.98,1.0,1.8,27389900,33330800.0,2026-07-09,16:14:30
600127,金健米业,5.34,5.39,5.35,5.39,5.27,79834.0,42440000.0,34.27,34.27,-657.13,5.1,1.24,3097900,4888600.0,2026-07-09,16:14:53
600128,苏豪弘业,7.62,7.64,7.61,7.73,7.46,37031.0,28020000.0,19.18,18.8,33.05,0.9,1.5,1708400,1994700.0,2026-07-09,16:14:57
600129,太极集团,15.39,14.96,14.96,16.46,14.78,552940.0,857830000.0,84.86,84.86,76.01,2.38,10.03,29235400,26085400.0,2026-07-09,16:14:58
600130,波导股份,4.0,4.03,4.02,4.08,3.84,279335.0,110800000.0,30.0,30.0,523.55,3.3,3.72,13062100,14871400.0,2026-07-09,16:14:41
600131,国网信通,14.37,13.98,13.95,14.4,13.79,95198.0,134350000.0,172.2,171.85,26.25,2.66,0.8,4936400,4590500.0,2026-07-09,16:14:31
600132,重庆啤酒,41.24,41.92,41.71,41.88,41.02,29197.0,120740000.0,199.59,199.59,16.69,16.0,0.6,1481500,1438400.0,2026-07-09,16:14:48
600133,东湖高新,7.8,7.95,7.85,7.95,7.77,142201.0,111440000.0,83.17,83.17,30.01,0.91,1.33,6050800,8177200.0,2026-07-09,16:14:41
600135,乐凯胶片,7.52,7.43,7.4,7.56,7.28,85014.0,63080000.0,41.61,41.61,-44.33,1.77,1.54,4441400,4061500.0,2026-07-09,16:14:52
600136,ST明诚,1.39,1.37,1.36,1.44,1.35,140340.0,19660000.0,28.37,27.01,-122.88,12.53,0.72,7114000,6940900.0,2026-07-09,16:14:55
600137,浪莎股份,16.2,16.38,16.38,16.55,15.94,13314.0,21550000.0,15.75,15.75,51.07,2.9,1.37,639100,692300.0,2026-07-09,16:14:35
600138,中青旅,6.64,6.82,6.75,6.8,6.59,98294.0,65510000.0,48.06,48.06,59.85,0.77,1.36,4434700,5398500.0,2026-07-09,16:14:41
600141,兴发集团,36.2,35.72,35.98,36.79,34.58,490061.0,1741540000.0,435.03,435.03,30.25,1.78,4.08,24740700,24271300.0,2026-07-09,16:14:31
600143,金发科技,15.12,14.75,14.76,15.18,14.66,438934.0,653060000.0,404.2,398.39,33.45,2.07,1.67,22705500,21270400.0,2026-07-09,16:14:31
600148,长春一东,14.52,14.63,14.6,14.75,14.28,14807.0,21460000.0,20.55,20.55,124.52,4.32,1.05,705600,775100.0,2026-07-09,16:14:43
600149,廊坊发展,4.53,4.5,4.49,4.6,4.42,83350.0,37530000.0,17.22,17.22,107.04,6.75,2.19,3805900,4529100.0,2026-07-09,16:14:34
600150,中国船舶,36.06,35.98,35.99,36.63,35.0,1146794.0,4081270000.0,2713.74,2713.74,24.0,1.81,1.52,54154200,60584400.0,2026-07-09,16:14:38
600151,航天机电,10.44,10.09,10.09,10.48,9.83,350759.0,354260000.0,149.74,149.74,-33.24,3.4,2.45,20191500,14890300.0,2026-07-09,16:14:48
600152,维科技术,8.5,8.41,8.47,8.6,8.1,239749.0,200740000.0,44.97,44.97,-42.67,2.74,4.53,11258000,12726400.0,2026-07-09,16:14:54
600153,建发股份,8.57,8.51,8.48,8.57,8.42,117719.0,100130000.0,248.49,248.49,-2.32,0.6,0.41,7036900,4735000.0,2026-07-09,16:14:49
600155,华创云信,5.44,5.43,5.44,5.48,5.39,265106.0,144000000.0,120.42,120.42,47.65,0.6,1.2,13245200,13299400.0,2026-07-09,16:14:41
600156,华升股份,8.34,8.3,8.29,8.49,8.08,151676.0,125470000.0,33.54,33.54,-117.65,9.18,3.77,7253000,7919500.0,2026-07-09,16:14:38
600157,永泰能源,1.53,1.55,1.54,1.56,1.51,4070001.0,623180000.0,333.81,333.81,152.15,0.71,1.87,155445300,251636700.0,2026-07-09,16:14:58
600158,中体产业,6.34,6.37,6.33,6.4,6.22,341940.0,215670000.0,60.83,60.83,-31.72,2.53,3.56,15960900,18242700.0,2026-07-09,16:14:48
600159,大龙地产,2.25,2.24,2.24,2.29,2.19,127499.0,28460000.0,18.68,18.68,-6.95,1.28,1.54,6318200,6431700.0,2026-07-09,16:14:31
600160,巨化股份,46.0,45.72,45.92,46.88,44.63,686197.0,3125420000.0,1241.88,1241.88,29.91,6.03,2.54,32394300,36266100.0,2026-07-09,16:14:53
600161,天坛生物,11.81,11.86,11.8,12.01,11.65,98228.0,116040000.0,233.53,233.53,24.01,1.97,0.5,4808900,5019900.0,2026-07-09,16:14:54
600162,香江控股,2.38,2.29,2.29,2.41,2.25,1456643.0,340740000.0,77.79,77.79,-88.77,1.36,4.46,81603600,64141200.0,2026-07-09,16:14:37
600163,中闽能源,4.72,4.77,4.78,4.82,4.64,224080.0,105580000.0,89.82,89.82,19.25,1.23,1.18,11024500,11383600.0,2026-07-09,16:14:48
600165,ST宁科,2.74,2.79,2.79,2.84,2.73,46408.0,12850000.0,44.28,20.08,-48.86,3.87,0.63,1498700,3142100.0,2026-07-09,16:14:58
600166,福田汽车,3.15,3.16,3.15,3.18,3.06,1275190.0,397670000.0,249.4,249.4,17.45,1.55,1.61,58472900,69066700.0,2026-07-09,16:14:54
600167,联美控股,5.54,5.6,5.54,5.61,5.5,67485.0,37430000.0,125.36,125.36,20.87,1.05,0.3,3376800,3373100.0,2026-07-09,16:15:00
600168,武汉控股,4.14,4.2,4.18,4.21,4.12,43110.0,17890000.0,41.13,41.13,39.95,0.76,0.43,1644600,2666400.0,2026-07-09,16:15:00
600169,ST太重,1.99,1.99,1.99,2.01,1.96,107256.0,21290000.0,66.33,66.33,27.35,1.28,0.32,4427900,6300900.0,2026-07-09,16:14:56
600170,上海建工,2.22,2.23,2.22,2.24,2.2,865422.0,191660000.0,197.27,197.27,13.92,0.64,0.97,39640400,46920700.0,2026-07-09,16:14:59
600171,上海贝岭,29.37,27.99,28.07,29.41,27.63,309384.0,885590000.0,208.21,208.21,94.53,4.67,4.36,17720500,13232400.0,2026-07-09,16:14:40
600172,黄河旋风,18.7,17.59,17.35,19.24,16.53,3207840.0,5701950000.0,269.69,238.66,-30.68,58.17,25.13,171753100,149207100.0,2026-07-09,16:14:53
600173,卧龙新能,5.76,5.74,5.73,5.84,5.6,53405.0,30620000.0,40.35,40.34,-19.21,1.13,0.76,2544500,2796300.0,2026-07-09,16:14:48
600176,中国巨石,58.7,56.06,57.0,58.86,54.03,2491450.0,14177800000.0,2349.84,2331.32,61.48,7.45,6.27,113741000,135444500.0,2026-07-09,16:14:46
600177,雅戈尔,7.72,7.7,7.7,7.78,7.66,208004.0,160410000.0,356.93,347.67,13.91,0.86,0.46,11529300,9276200.0,2026-07-09,16:14:51
600178,东安动力,8.83,8.9,8.8,8.98,8.61,62688.0,54840000.0,41.19,41.19,-370.65,1.62,1.34,2574200,3696600.0,2026-07-09,16:14:33
600179,安通控股,4.56,4.52,4.48,4.56,4.46,377183.0,170600000.0,192.96,176.12,17.57,1.59,0.98,17426700,20310300.0,2026-07-09,16:14:41
600180,*ST瑞茂,1.4,1.45,1.39,1.51,1.38,370229.0,53650000.0,15.21,15.21,-0.44,0.35,3.41,18603500,18433500.0,2026-07-09,16:14:42
600182,S佳通,13.65,13.85,13.84,13.87,13.4,23362.0,31750000.0,46.41,23.2,21.01,4.02,1.37,959700,1376500.0,2026-07-09,16:14:48
600183,生益科技,157.4,145.46,149.98,158.03,144.8,649809.0,9884750000.0,3823.43,3768.95,97.33,23.92,2.71,33865900,31137000.0,2026-07-09,16:14:49
600184,光电股份,22.32,21.3,21.5,22.46,20.71,278548.0,604390000.0,130.06,130.06,253.82,3.83,4.78,13506500,14361200.0,2026-07-09,16:14:38
600185,珠免集团,4.36,4.4,4.39,4.42,4.3,205326.0,89420000.0,82.19,82.19,-9.14,95.2,1.09,9422700,11109900.0,2026-07-09,16:14:59
600186,莲花控股,11.0,10.89,10.93,11.24,10.51,1440420.0,1570680000.0,197.2,195.83,56.09,10.45,8.09,69375500,74711600.0,2026-07-09,16:14:39
600187,*ST国中,1.5,1.54,1.52,1.61,1.48,767993.0,117800000.0,24.21,24.21,-12.33,0.81,4.76,35922200,40889400.0,2026-07-09,16:14:50
600188,兖矿能源,17.88,18.06,17.95,18.52,17.64,536238.0,963270000.0,1794.59,1065.89,17.63,2.35,0.9,24458800,29167900.0,2026-07-09,16:14:43
600189,泉阳泉,7.16,7.25,7.21,7.27,7.04,86870.0,61900000.0,51.21,51.21,255.89,4.14,1.21,3434000,5253700.0,2026-07-09,16:14:45
600190,退市锦港,0.63,0.63,0.0,0.0,0.0,0.0,0.0,12.61,11.21,-22.51,-9.07,0.0,0,0.0,2026-07-09,09:00:00
600191,华资实业,8.77,8.76,8.68,8.82,8.49,56430.0,48720000.0,42.53,42.53,61.89,2.49,1.16,3141200,2502800.0,2026-07-09,16:14:31
600192,长城电工,6.05,6.09,6.1,6.15,5.85,54788.0,32780000.0,26.73,26.73,-7.32,3.52,1.24,2842000,2636800.0,2026-07-09,16:14:37
600193,退市创兴,0.16,0.16,0.0,0.0,0.0,0.0,0.0,0.68,0.68,-2.65,1.03,0.0,0,0.0,2026-07-09,09:00:00
600195,中牧股份,6.01,6.11,6.08,6.15,5.96,48904.0,29480000.0,61.37,61.37,46.68,1.09,0.48,1963400,2926900.0,2026-07-09,16:14:40
600196,复星医药,22.95,22.95,22.74,23.38,22.5,266629.0,609150000.0,612.86,486.19,17.63,1.25,1.26,13107900,13573100.0,2026-07-09,16:14:57
600197,伊力特,9.54,9.67,9.67,9.67,9.45,30115.0,28750000.0,45.14,45.14,25.49,1.13,0.64,1212200,1799300.0,2026-07-09,16:14:47
600198,大唐电信,8.45,8.1,8.2,8.47,8.0,315638.0,260460000.0,110.15,110.01,-225.58,57.24,2.42,18426500,13163600.0,2026-07-09,16:14:46
600199,金种子酒,6.15,6.16,6.09,6.2,6.01,104756.0,63650000.0,40.45,40.45,-23.13,2.08,1.59,4763900,5717100.0,2026-07-09,16:14:41
600200,退市苏吴,0.29,0.29,0.0,0.0,0.0,0.0,0.0,2.06,2.06,-0.96,0.12,0.0,0,0.0,2026-07-09,09:00:00
600201,生物股份,12.18,12.57,12.47,12.64,12.07,228092.0,279870000.0,135.41,135.41,129.86,2.5,2.05,11705100,11111700.0,2026-07-09,16:14:33
600202,哈空调,4.44,4.5,4.52,4.55,4.31,69919.0,30870000.0,17.02,17.02,-126.65,2.1,1.82,3246300,3745900.0,2026-07-09,16:14:43
600203,福日电子,13.4,12.74,12.98,13.47,12.82,748094.0,984470000.0,79.46,79.46,208.02,4.82,12.62,42253700,32585000.0,2026-07-09,16:14:59
600206,有研新材,59.38,53.98,55.25,59.38,53.8,1318474.0,7555890000.0,502.68,502.68,175.96,11.79,15.57,74345900,57511900.0,2026-07-09,16:14:59
600207,安彩高科,4.58,4.52,4.47,4.6,4.37,212151.0,95610000.0,49.89,49.89,-6.5,2.66,1.95,10153600,11066500.0,2026-07-09,16:14:55
600208,衢州发展,3.0,2.83,2.82,3.01,2.79,1411342.0,405810000.0,255.27,255.24,168.35,0.61,1.66,89124500,52299600.0,2026-07-09,16:14:46
600210,紫江企业,6.14,6.18,6.17,6.19,6.1,133108.0,81690000.0,93.13,93.13,8.57,1.35,0.88,6172700,7138100.0,2026-07-09,16:14:58
600211,西藏药业,37.11,37.58,37.5,38.1,36.82,31989.0,119150000.0,119.61,119.61,12.36,3.3,0.99,1513600,1685400.0,2026-07-09,16:14:31
600212,绿能慧充,4.84,4.95,4.9,4.99,4.72,152952.0,73660000.0,34.08,25.71,1586.7,5.91,2.88,6942700,8353500.0,2026-07-09,16:14:36
600215,派斯林,5.96,6.07,6.19,6.2,5.86,125837.0,75210000.0,27.23,27.23,-7.63,1.11,2.75,5891000,6692800.0,2026-07-09,16:14:33
600216,XD浙江医,11.61,11.72,11.66,11.96,11.48,179571.0,209270000.0,111.65,110.46,14.86,1.02,1.89,7810000,10159200.0,2026-07-09,16:14:53
600217,中再资环,2.84,2.9,2.89,2.91,2.82,155824.0,44410000.0,47.08,47.08,-7.74,1.65,0.94,7216100,8368000.0,2026-07-09,16:14:48
600218,全柴动力,7.11,7.17,7.17,7.26,6.99,62256.0,44120000.0,30.97,30.97,47.07,0.95,1.43,3023500,3203900.0,2026-07-09,16:14:52
600219,南山铝业,4.01,4.03,4.0,4.04,3.89,1611759.0,638390000.0,460.5,460.5,11.14,0.93,1.4,67764800,93491400.0,2026-07-09,16:14:31
600221,海航控股,1.32,1.35,1.33,1.34,1.31,3183142.0,421010000.0,570.45,565.56,16.62,8.2,0.74,124165000,194305000.0,2026-07-09,16:15:00
600222,太龙药业,7.39,7.48,7.43,7.59,6.9,288267.0,208910000.0,41.34,41.34,67.69,2.71,5.15,14823900,14030200.0,2026-07-09,16:14:51
600223,福瑞达,5.29,5.34,5.36,5.38,5.21,65167.0,34420000.0,53.78,53.78,31.83,1.26,0.64,3153500,3363700.0,2026-07-09,16:14:54
600226,亨通股份,8.48,8.57,8.77,8.78,8.0,2146973.0,1801510000.0,252.23,252.23,124.47,6.81,7.22,103409300,111363000.0,2026-07-09,16:14:48
600227,赤天化,2.43,2.4,2.43,2.52,2.37,758254.0,184680000.0,41.04,31.05,-15.88,1.83,5.93,40461900,35402200.0,2026-07-09,16:14:37
600228,返利科技,7.04,6.4,6.41,7.04,6.39,205870.0,141210000.0,29.33,29.29,-46.29,7.68,4.95,10452000,10135000.0,2026-07-09,16:14:52
600229,城市传媒,4.68,4.68,4.63,4.75,4.58,43965.0,20560000.0,30.92,30.92,-7.13,1.12,0.67,2178900,2218200.0,2026-07-09,16:14:50
600230,沧州大化,12.88,12.8,13.0,13.15,12.51,167952.0,214800000.0,53.32,53.32,66.18,1.31,4.06,7583600,9216000.0,2026-07-09,16:14:37
600231,凌钢股份,1.59,1.57,1.56,1.61,1.54,212911.0,33440000.0,45.67,45.1,-2.56,1.28,0.75,11534000,9757100.0,2026-07-09,16:14:42
600232,金鹰股份,5.89,5.98,5.96,5.98,5.7,57886.0,33850000.0,21.48,21.48,58.64,2.23,1.59,3267800,2520900.0,2026-07-09,16:14:54
600233,圆通速递,16.66,16.75,16.66,16.78,16.46,239719.0,398190000.0,570.26,570.26,11.78,1.61,0.7,9979600,13993300.0,2026-07-09,16:14:35
600234,科新发展,24.01,23.84,23.83,24.16,22.92,19703.0,46460000.0,63.03,63.03,-308.83,14.0,0.75,1061900,908400.0,2026-07-09,16:14:48
600235,民丰特纸,5.07,5.13,5.13,5.16,4.97,51549.0,26100000.0,17.81,17.81,178.84,1.18,1.47,2431100,2725800.0,2026-07-09,16:14:47
600236,桂冠电力,9.5,9.51,9.43,9.6,9.39,120851.0,114660000.0,748.83,748.83,20.83,4.35,0.15,6121000,5964100.0,2026-07-09,16:14:51
600237,铜峰电子,11.2,10.62,10.96,11.25,10.53,508142.0,555300000.0,70.61,69.96,60.23,3.62,8.14,26843300,23991700.0,2026-07-09,16:14:57
600238,*ST椰岛,4.48,4.55,4.55,4.58,4.43,25441.0,11420000.0,20.08,19.95,-93.62,25.75,0.57,953200,1590900.0,2026-07-09,16:14:33
600239,ST云城,1.44,1.45,1.44,1.5,1.41,244687.0,35540000.0,23.12,23.12,-8.52,2.29,1.52,11055900,13412800.0,2026-07-09,16:14:41
600241,时代万恒,6.51,6.54,6.67,6.92,6.31,76153.0,49640000.0,19.16,19.16,-12.99,1.87,2.59,3763100,3852200.0,2026-07-09,16:14:51
600243,*ST海华,3.4,3.48,3.48,3.49,3.35,45085.0,15360000.0,14.92,14.92,-16.93,2.71,1.03,1050200,3458300.0,2026-07-09,16:14:58
600246,万通发展,20.79,19.5,19.36,21.12,19.21,2006712.0,4075470000.0,403.95,393.02,-55.2,8.84,10.62,108537100,92170000.0,2026-07-09,16:14:58
600248,陕建股份,2.76,2.81,2.8,2.83,2.74,158385.0,44100000.0,102.5,102.28,-749.6,0.37,0.43,7452300,8386200.0,2026-07-09,16:14:34
600249,两面针,4.63,4.65,4.63,4.7,4.56,67614.0,31210000.0,25.46,25.46,-178.56,1.19,1.23,3113500,3647900.0,2026-07-09,16:14:35
600250,南京商旅,7.66,7.77,7.73,7.84,7.5,101862.0,77940000.0,23.96,23.96,240.97,3.84,3.26,5021100,5165000.0,2026-07-09,16:14:55
600251,冠农股份,8.56,8.81,8.72,8.77,8.47,90895.0,78020000.0,66.51,66.51,14.63,1.67,1.17,3914800,5174700.0,2026-07-09,16:14:36
600252,中恒集团,1.9,1.92,1.9,1.96,1.87,510293.0,97600000.0,60.5,60.5,-14.83,1.15,1.6,24300600,26743000.0,2026-07-09,16:14:50
600255,鑫科材料,3.01,3.03,3.03,3.07,2.87,1051490.0,311510000.0,54.37,54.37,141.51,3.68,5.82,46676700,58544400.0,2026-07-09,16:14:35
600256,广汇能源,5.17,5.15,5.2,5.28,5.12,1013592.0,525470000.0,330.47,330.47,37.2,1.35,1.59,51191300,50187800.0,2026-07-09,16:15:00
600257,大湖股份,4.34,4.36,4.3,4.43,4.25,112897.0,48830000.0,20.89,20.89,375.12,2.61,2.35,5217600,6073100.0,2026-07-09,16:14:55
600258,首旅酒店,11.19,11.52,11.5,11.52,11.18,159585.0,180200000.0,124.95,124.95,14.92,1.06,1.43,6188900,9769900.0,2026-07-09,16:14:35
600259,中稀有色,85.4,89.0,89.0,90.38,81.6,200137.0,1694670000.0,287.32,287.32,114.38,7.95,5.95,9874800,10141700.0,2026-07-09,16:14:50
600261,阳光照明,2.9,2.95,2.95,2.96,2.86,102752.0,29860000.0,38.72,38.72,28.46,1.15,0.77,4431900,5843400.0,2026-07-09,16:14:37
600262,北方股份,19.37,19.61,19.55,19.67,18.81,38314.0,73540000.0,32.93,32.93,14.49,1.76,2.25,1818400,2013000.0,2026-07-09,16:14:47
600265,*ST景谷,22.51,22.72,22.84,23.16,22.16,10894.0,24650000.0,29.22,29.22,-12.68,13.8,0.84,488300,601100.0,2026-07-09,16:14:37
600266,城建发展,3.95,4.01,4.0,4.03,3.9,260347.0,102860000.0,81.99,81.99,-28.05,0.45,1.25,12370800,13685500.0,2026-07-09,16:14:57
600267,海正药业,10.43,10.48,10.48,10.63,10.2,216989.0,225450000.0,123.1,123.1,17.53,1.45,1.84,10628600,11075000.0,2026-07-09,16:14:31
600268,国电南自,10.68,10.78,10.78,10.84,10.26,190486.0,200470000.0,108.49,108.45,22.04,3.03,1.88,9362900,9691100.0,2026-07-09,16:14:39
600269,赣粤高速,4.06,4.11,4.13,4.13,4.05,140762.0,57450000.0,94.82,94.82,8.42,0.49,0.6,6806000,7270200.0,2026-07-09,16:14:35
600271,航天信息,6.54,6.53,6.52,6.57,6.37,132159.0,85290000.0,121.18,121.18,-17.48,0.93,0.71,6426500,6794300.0,2026-07-09,16:14:59
600272,开开实业,10.53,10.68,10.68,10.85,10.41,22143.0,23360000.0,27.66,16.85,120.21,3.5,1.38,1172000,1042300.0,2026-07-09,16:14:47
600273,嘉化能源,6.48,6.58,6.55,6.59,6.44,154710.0,100440000.0,84.97,84.97,10.42,0.86,1.18,6504500,8966500.0,2026-07-09,16:14:53
600276,恒瑞医药,55.61,54.01,53.2,55.77,52.85,1108322.0,6049880000.0,3690.95,3547.36,45.46,5.92,1.74,61540400,49349400.0,2026-07-09,16:14:31
600278,东方创业,6.07,6.1,6.1,6.14,5.93,46775.0,28140000.0,52.23,52.23,28.62,0.7,0.54,2275700,2401800.0,2026-07-09,16:14:49
600279,重庆港,3.82,3.84,3.84,3.89,3.79,85547.0,32730000.0,45.34,45.34,77.58,0.67,0.72,4535200,4019500.0,2026-07-09,16:14:52
600280,中央商场,2.57,2.61,2.59,2.64,2.51,312551.0,80170000.0,29.0,29.0,-7.22,10.91,2.77,14384700,16871500.0,2026-07-09,16:14:42
600281,华阳新材,3.88,3.9,3.9,3.96,3.76,93068.0,35910000.0,19.96,19.96,-19.02,35.48,1.81,4652500,4654300.0,2026-07-09,16:14:37
600282,南钢股份,4.55,4.71,4.71,4.71,4.51,465800.0,213140000.0,280.51,280.51,9.72,1.02,0.76,19123800,27459300.0,2026-07-09,16:14:54
600283,钱江水利,8.91,8.76,8.6,8.93,8.54,119313.0,104880000.0,49.97,49.97,24.98,1.57,2.13,6608200,5326200.0,2026-07-09,16:14:39
600284,浦东建设,4.81,4.8,4.8,4.85,4.69,146049.0,69530000.0,46.67,46.67,16.56,0.59,1.51,6843400,7761600.0,2026-07-09,16:14:34
600285,羚锐制药,21.79,21.9,21.69,22.18,21.68,88599.0,194200000.0,123.57,123.44,15.66,4.09,1.56,4693000,4169000.0,2026-07-09,16:14:48
600287,苏豪时尚,4.38,4.42,4.45,4.46,4.3,30960.0,13520000.0,19.13,19.13,83.77,0.84,0.71,1524700,1571300.0,2026-07-09,16:14:50
600288,大恒科技,16.78,17.11,17.11,17.34,15.57,1242079.0,2051540000.0,73.3,73.3,44.82,3.68,28.44,63654000,60643600.0,2026-07-09,16:14:54
600289,ST信通,5.66,5.55,5.54,5.68,5.46,23131.0,12900000.0,35.72,32.03,-7.31,3.97,0.41,1288000,1041400.0,2026-07-09,16:14:44
600292,电投水电,12.03,12.05,12.0,12.1,11.7,125810.0,149100000.0,526.94,52.85,67.68,3.07,2.86,6819100,5764800.0,2026-07-09,16:14:56
600293,三峡新材,2.54,2.47,2.47,2.54,2.41,396037.0,98670000.0,29.47,29.47,-44.8,1.73,3.41,21419800,18198100.0,2026-07-09,16:14:47
600295,鄂尔多斯,11.34,11.39,11.29,11.5,11.12,109625.0,123560000.0,317.38,224.03,12.4,1.55,0.55,5616600,5346100.0,2026-07-09,16:14:39
600298,安琪酵母,36.5,37.09,36.8,36.99,36.37,76387.0,279500000.0,316.76,312.86,19.79,2.64,0.89,3706700,3932800.0,2026-07-09,16:14:41
600299,安迪苏,7.84,7.88,7.83,8.0,7.68,212190.0,165800000.0,241.45,241.45,24.26,1.23,0.69,9880100,11339200.0,2026-07-09,16:15:00
600300,维维股份,2.91,2.93,2.92,2.95,2.88,160172.0,46530000.0,47.06,47.06,13.53,1.33,0.99,6645600,9374100.0,2026-07-09,16:14:53
600301,华锡有色,51.2,50.83,50.13,51.94,48.7,145718.0,733680000.0,323.87,140.97,39.06,6.84,5.29,7218400,7361900.0,2026-07-09,16:14:45
600302,ST标准,7.99,7.59,7.59,7.99,7.51,57316.0,44450000.0,27.65,27.65,-17.29,5.7,1.66,2690900,3041400.0,2026-07-09,16:14:59
600303,曙光股份,2.46,2.47,2.45,2.51,2.4,224988.0,55200000.0,16.82,16.67,-4.87,1.78,3.32,11246800,11253000.0,2026-07-09,16:14:48
600305,恒顺醋业,6.46,6.58,6.56,6.58,6.44,71750.0,46630000.0,71.36,71.25,46.41,2.17,0.65,3415100,3765400.0,2026-07-09,16:14:54
600307,酒钢宏兴,1.38,1.38,1.38,1.4,1.36,433020.0,59680000.0,86.43,86.43,-4.98,1.63,0.69,19902700,23400800.0,2026-07-09,16:14:54
600308,华泰股份,3.12,3.17,3.14,3.17,3.08,79791.0,24910000.0,47.33,47.33,-45.98,0.52,0.53,3450800,4529300.0,2026-07-09,16:14:49
600309,万华化学,68.88,70.02,70.03,70.03,67.41,413759.0,2834030000.0,2156.27,2156.27,16.38,2.01,1.32,18886700,22496300.0,2026-07-09,16:14:43
600310,广西能源,3.84,3.76,3.74,3.85,3.7,492384.0,186520000.0,56.28,56.28,-152.81,2.11,3.36,23986500,25257500.0,2026-07-09,16:14:40
600312,平高电气,16.43,16.55,16.49,16.55,16.01,170194.0,276690000.0,222.94,222.94,18.95,1.94,1.25,9301500,7730000.0,2026-07-09,16:14:36
600313,农发种业,5.1,5.14,5.14,5.16,5.0,191835.0,97390000.0,59.23,55.19,116.28,2.46,1.77,9068300,10118200.0,2026-07-09,16:15:00
600315,上海家化,17.6,18.02,17.81,17.99,17.41,58023.0,102400000.0,118.31,118.31,43.4,1.67,0.86,2825100,2978700.0,2026-07-09,16:15:00
600316,洪都航空,28.0,27.9,27.77,28.44,27.59,99447.0,277850000.0,200.79,200.79,371.29,3.73,1.39,5040800,4904100.0,2026-07-09,16:14:55
600318,新力金融,5.98,6.03,6.02,6.07,5.85,122212.0,72620000.0,30.66,30.66,79.58,2.79,2.38,5116100,7106200.0,2026-07-09,16:14:47
600319,亚星化学,6.0,6.17,6.11,6.15,5.76,70126.0,41610000.0,23.26,23.26,-14.25,6.89,1.81,3662500,3350100.0,2026-07-09,16:14:55
600320,振华重工,4.0,4.04,4.03,4.06,3.92,474179.0,188490000.0,210.26,132.41,24.65,1.32,1.43,21148200,26273700.0,2026-07-09,16:14:36
600322,津投城开,2.82,2.8,2.79,2.85,2.7,476120.0,132920000.0,31.18,31.18,-2.65,40.99,4.31,22372200,25239800.0,2026-07-09,16:14:49
600323,瀚蓝环境,28.53,29.1,29.04,29.31,28.5,42129.0,121400000.0,232.62,232.62,10.91,1.53,0.52,2100800,2112700.0,2026-07-09,16:14:50
600325,华发股份,2.29,2.29,2.28,2.33,2.25,479412.0,109570000.0,63.02,63.02,-0.59,0.73,1.74,23365600,24576100.0,2026-07-09,16:14:31
600326,西藏天路,6.28,6.31,6.3,6.31,6.08,236665.0,146770000.0,85.56,85.56,284.64,2.18,1.74,10983700,12690300.0,2026-07-09,16:14:42
600327,大东方,3.27,3.3,3.3,3.35,3.22,92354.0,30140000.0,28.93,28.93,-10.85,1.02,1.04,4880800,4354600.0,2026-07-09,16:14:37
600328,中盐化工,5.84,5.91,5.9,5.94,5.75,175190.0,102140000.0,85.63,85.63,-87.67,0.73,1.19,7427300,10091700.0,2026-07-09,16:14:43
600329,达仁堂,40.2,39.98,39.58,40.25,39.36,52121.0,207940000.0,309.58,227.97,14.2,4.12,0.92,2386800,2834200.0,2026-07-09,16:14:57
600330,天通股份,25.12,24.11,24.5,25.19,22.88,1077678.0,2593860000.0,309.84,309.84,-121.51,3.99,8.74,56373100,51415900.0,2026-07-09,16:14:47
600331,宏达股份,10.83,11.26,11.15,11.15,10.31,558055.0,599180000.0,286.09,220.07,-396.87,9.18,2.75,25050400,30788800.0,2026-07-09,16:14:57
600332,白云山,21.22,21.26,21.2,21.48,20.99,66565.0,141400000.0,344.99,298.33,11.71,0.89,0.47,3459400,3200700.0,2026-07-09,16:14:36
600333,长春燃气,5.49,5.46,5.45,5.55,5.43,100515.0,55100000.0,33.44,33.44,288.68,1.73,1.65,5181000,4872500.0,2026-07-09,16:14:46
600335,国机汽车,4.9,4.98,4.95,4.99,4.85,111938.0,54980000.0,72.89,72.89,17.62,0.63,0.75,5428600,5765200.0,2026-07-09,16:14:48
600336,澳柯玛,5.91,5.93,5.94,6.0,5.7,97588.0,57180000.0,47.16,47.16,-21.69,2.08,1.22,4649100,5112600.0,2026-07-09,16:14:38
600337,ST美克,3.15,3.19,3.2,3.23,3.14,107467.0,34080000.0,45.27,45.27,-1.87,11.54,0.75,4737000,6013100.0,2026-07-09,16:14:34
600338,西藏珠峰,13.4,13.5,13.49,13.71,12.77,487936.0,645210000.0,122.5,122.5,21.65,2.71,5.34,24857400,23945900.0,2026-07-09,16:14:53
600339,中油工程,3.11,3.11,3.15,3.22,3.08,838329.0,264500000.0,173.64,173.64,46.6,0.65,1.5,42402400,41430500.0,2026-07-09,16:14:39
600340,*ST华幸,1.16,1.18,1.17,1.2,1.14,456075.0,53440000.0,45.16,45.16,-0.21,-0.24,1.17,22692200,22915300.0,2026-07-09,16:14:43
600343,航天动力,25.2,23.66,23.66,25.22,23.28,360251.0,871900000.0,160.83,160.83,-85.26,12.63,5.64,19263300,16790900.0,2026-07-09,16:14:44
600345,长江通信,59.45,57.2,57.75,59.58,54.7,158938.0,913240000.0,195.95,125.77,78.1,5.15,7.51,7580500,8314000.0,2026-07-09,16:14:35
600346,恒力石化,16.28,16.64,16.5,16.85,15.9,509933.0,828250000.0,1145.97,1145.97,12.83,1.67,0.72,23546800,27456600.0,2026-07-09,16:14:34
600348,华阳股份,8.57,8.63,8.57,8.63,8.41,270245.0,230760000.0,309.16,309.16,19.45,1.11,0.75,14523700,12510000.0,2026-07-09,16:14:47
600350,山东高速,12.14,13.49,13.28,13.28,12.14,139627.0,172760000.0,586.92,586.92,18.15,2.05,0.29,7429000,6541100.0,2026-07-09,16:14:34
600351,亚宝药业,6.09,6.13,6.09,6.18,6.0,112898.0,68460000.0,42.14,42.14,13.19,1.53,1.63,4655300,6638400.0,2026-07-09,16:14:40
600352,浙江龙盛,11.59,11.47,11.42,11.71,11.16,456012.0,523100000.0,377.06,377.06,19.14,1.19,1.4,22627300,22990900.0,2026-07-09,16:15:00
600353,旭光电子,40.88,37.16,37.43,40.88,37.42,259136.0,1044180000.0,338.82,338.82,205.59,18.12,3.13,6992900,18921700.0,2026-07-09,16:14:44
600354,敦煌种业,4.84,4.87,4.86,4.89,4.75,87694.0,42170000.0,25.55,25.55,83.43,3.41,1.66,3945300,4824100.0,2026-07-09,16:14:42
600355,*ST精伦,0.58,0.58,0.0,0.0,0.0,0.0,0.0,2.85,2.85,-6.37,2.71,0.0,0,0.0,2026-07-09,09:00:00
600356,恒丰纸业,7.9,7.85,7.92,7.98,7.68,52778.0,41360000.0,26.03,23.6,11.49,0.86,1.77,2277200,3000600.0,2026-07-09,16:14:38
600358,国旅联合,5.19,5.26,5.21,5.28,5.1,48527.0,25220000.0,26.21,26.21,-74.23,54.12,0.96,2235400,2618300.0,2026-07-09,16:14:56
600359,新农开发,5.56,5.62,5.6,5.66,5.49,41596.0,23170000.0,21.21,21.21,-140.78,3.15,1.09,1933900,2225700.0,2026-07-09,16:14:35
600360,华微电子,15.99,14.97,14.83,16.28,14.5,1928637.0,2980460000.0,153.55,153.55,87.32,4.39,20.08,99991100,93079500.0,2026-07-09,16:14:33
600361,创新新材,3.43,3.48,3.47,3.48,3.37,432770.0,147950000.0,128.03,128.03,15.15,1.16,1.16,18785600,24506100.0,2026-07-09,16:14:58
600362,江西铜业,40.74,39.85,40.9,41.5,38.61,610346.0,2454110000.0,1410.72,845.46,17.64,1.68,2.94,30874900,30167800.0,2026-07-09,16:14:37
600363,联创光电,32.69,32.12,32.13,32.72,30.97,182393.0,581240000.0,147.4,147.4,32.99,3.25,4.05,9325400,8917300.0,2026-07-09,16:14:58
600365,ST通葡,2.51,2.54,2.52,2.56,2.5,25064.0,6340000.0,11.39,10.72,-12.14,5.18,0.59,833800,1672600.0,2026-07-09,16:14:31
600366,宁波韵升,15.22,15.6,15.5,15.8,14.49,883092.0,1328550000.0,167.27,167.27,40.78,2.68,8.04,41636000,46684700.0,2026-07-09,16:14:33
600367,红星发展,43.27,42.66,43.51,45.0,40.7,340708.0,1457060000.0,147.61,139.32,160.15,5.94,10.58,17377300,16700900.0,2026-07-09,16:14:33
600368,五洲交通,3.55,3.54,3.53,3.55,3.51,69016.0,24350000.0,57.14,57.14,10.24,0.79,0.43,3392200,3510400.0,2026-07-09,16:14:49
600369,西南证券,4.13,4.09,4.08,4.14,4.06,402053.0,164630000.0,274.44,274.44,24.35,1.03,0.61,21774200,18488800.0,2026-07-09,16:15:00
600370,*ST三房,1.72,1.87,1.87,1.87,1.68,923161.0,164170000.0,69.19,69.19,-9.41,1.4,2.29,35758800,56608300.0,2026-07-09,16:14:58
600371,万向德农,6.5,6.56,6.54,6.62,6.4,37163.0,24120000.0,19.02,19.02,-118.19,3.75,1.27,2136400,1579900.0,2026-07-09,16:14:37
600372,中航机载,11.26,11.01,11.0,11.26,10.88,376945.0,417230000.0,544.86,544.86,47.52,1.45,0.78,21180200,16553500.0,2026-07-09,16:14:38
600373,中文传媒,6.67,6.73,6.7,6.77,6.62,96012.0,64190000.0,89.87,89.87,42.18,0.51,0.71,4087400,5515400.0,2026-07-09,16:14:58
600375,汉马科技,3.82,3.81,3.78,3.85,3.67,245433.0,92210000.0,61.24,55.87,97.26,1.8,1.68,12496600,12049700.0,2026-07-09,16:14:50
600376,首开股份,3.33,3.31,3.32,3.52,3.25,1083493.0,362390000.0,85.9,85.9,-1.36,3.65,4.2,50403700,57970200.0,2026-07-09,16:14:34
600377,宁沪高速,12.69,12.56,12.57,12.79,12.41,151630.0,191760000.0,639.29,482.5,13.46,1.48,0.4,8576300,6586900.0,2026-07-09,16:14:46
600378,昊华科技,66.2,62.51,63.88,66.66,61.63,736761.0,4720250000.0,853.98,710.04,54.47,4.72,6.87,35774600,37927300.0,2026-07-09,16:14:47
600379,宝光股份,14.84,15.21,14.8,15.42,14.16,351895.0,519440000.0,49.0,49.0,117.3,6.3,10.66,18917200,16294300.0,2026-07-09,16:14:55
600380,健康元,9.88,9.9,9.86,10.07,9.72,134702.0,133130000.0,180.75,180.75,13.75,1.19,0.74,6666400,6804500.0,2026-07-09,16:14:38
600381,*ST春天,4.33,4.6,4.55,4.55,4.14,88780.0,38240000.0,25.42,25.42,-40.66,2.6,1.51,4152200,4728700.0,2026-07-09,16:14:46
600382,广东明珠,6.28,6.21,6.18,6.33,6.04,179317.0,111330000.0,43.61,43.61,23.08,1.45,2.58,7985300,9954800.0,2026-07-09,16:14:34
600383,金地集团,2.12,2.13,2.12,2.15,2.08,526957.0,111320000.0,95.71,95.71,-0.72,0.21,1.17,26112000,26591500.0,2026-07-09,16:14:35
600386,北巴传媒,3.16,3.17,3.15,3.2,3.1,65630.0,20620000.0,25.48,25.48,-218.23,1.52,0.81,3347800,3215200.0,2026-07-09,16:14:32
600387,退市海越,0.94,0.94,0.0,0.0,0.0,0.0,0.0,4.4,3.8,-0.94,0.17,0.0,0,0.0,2026-07-09,09:00:00
600388,龙净环保,16.08,16.16,16.0,16.86,15.91,261932.0,428180000.0,204.22,204.22,17.44,1.9,2.06,14374300,11820400.0,2026-07-09,16:14:53
600389,江山股份,18.28,18.77,18.75,18.75,18.09,83532.0,153100000.0,78.72,78.72,14.06,1.9,1.94,4291400,4063800.0,2026-07-09,16:14:34
600390,五矿资本,4.7,4.69,4.68,4.72,4.59,268220.0,124780000.0,211.41,211.41,40.05,0.5,0.6,13179800,13651000.0,2026-07-09,16:14:32
600391,航发科技,30.29,30.17,30.01,30.66,28.95,147167.0,439040000.0,100.0,100.0,217.57,5.64,4.46,7232800,7487200.0,2026-07-09,16:14:59
600392,盛和资源,24.85,24.47,24.47,24.94,22.93,1034450.0,2484550000.0,435.58,435.58,43.64,3.38,5.9,51907600,51549000.0,2026-07-09,16:14:38
600395,盘江股份,4.63,4.66,4.62,4.7,4.57,248930.0,115030000.0,99.39,99.39,20.73,0.93,1.16,12321400,12571600.0,2026-07-09,16:14:44
600396,华电辽能,12.22,11.74,11.8,12.59,11.64,1328459.0,1605520000.0,179.96,179.96,443.81,11.73,9.02,68853200,64062700.0,2026-07-09,16:14:58
600397,江钨装备,19.86,19.14,19.41,19.86,18.45,797398.0,1535180000.0,196.61,196.61,-113.99,101.84,8.05,38003900,41769700.0,2026-07-09,16:14:50
600398,海澜之家,5.59,5.65,5.61,5.66,5.56,274249.0,153880000.0,268.47,268.47,12.31,1.55,0.57,14749400,12679300.0,2026-07-09,16:14:50
600399,抚顺特钢,3.9,3.95,3.95,3.96,3.81,384344.0,148810000.0,76.91,76.91,-9.31,1.43,1.95,18464100,19981400.0,2026-07-09,16:14:55
600400,红豆股份,3.09,3.1,3.06,3.15,3.0,442105.0,135900000.0,70.8,70.8,-17.79,5.1,1.93,21264400,22970400.0,2026-07-09,16:14:32
600403,大有能源,4.76,4.82,4.74,4.92,4.69,419849.0,200640000.0,113.8,113.8,-5.48,3.4,1.76,20665000,21324700.0,2026-07-09,16:14:55
600405,动力源,4.61,4.61,0.0,0.0,0.0,0.0,0.0,28.25,28.25,-9.31,90.12,0.0,0,0.0,2026-07-09,16:14:33
600406,国电南瑞,21.68,22.51,22.4,22.45,21.26,1110010.0,2407190000.0,1741.28,1736.17,20.93,3.5,1.39,43565600,67552600.0,2026-07-09,16:14:58
600408,安泰集团,2.39,2.37,2.35,2.44,2.33,419930.0,99790000.0,24.06,24.06,-8.24,2.08,4.17,21184600,20818300.0,2026-07-09,16:14:50
600409,三友化工,5.61,5.71,5.72,5.76,5.55,296758.0,167060000.0,115.81,115.81,680.26,0.84,1.44,13606600,16084400.0,2026-07-09,16:14:47
600410,华胜天成,15.05,14.67,14.6,15.1,14.3,707974.0,1047150000.0,165.02,165.02,-77.57,3.83,6.46,37910800,32910600.0,2026-07-09,16:14:31
600415,小商品城,9.95,10.01,9.98,10.08,9.85,408521.0,405940000.0,545.61,545.61,12.43,2.58,0.74,19217100,21650200.0,2026-07-09,16:15:00
600416,湘电股份,8.99,8.97,9.0,9.03,8.69,243682.0,215900000.0,132.67,132.67,59.46,1.36,1.65,12355100,12019100.0,2026-07-09,16:14:43
600418,江淮汽车,24.45,22.23,22.23,24.45,21.99,1313159.0,3106440000.0,551.15,533.99,-26.43,4.38,6.01,66537600,64813500.0,2026-07-09,16:14:46
600419,天润乳业,7.59,7.73,7.75,7.75,7.5,44438.0,33700000.0,23.95,23.95,16.57,0.98,1.41,1666000,2777800.0,2026-07-09,16:14:55
600420,国药现代,8.56,8.7,8.65,8.78,8.55,79557.0,68670000.0,114.8,114.8,15.98,0.84,0.59,3500700,4455100.0,2026-07-09,16:14:36
600421,退市华嵘,0.24,0.24,0.0,0.0,0.0,0.0,0.0,0.47,0.47,6.93,3.37,0.0,0,0.0,2026-07-09,09:00:00
600422,昆药集团,8.13,8.29,8.22,8.39,8.11,79574.0,65330000.0,61.54,61.54,52.3,1.18,1.05,3612100,4345300.0,2026-07-09,16:15:00
600423,*ST柳化,2.44,2.46,2.39,2.53,2.37,109396.0,26570000.0,19.49,19.49,-80.61,3.67,1.37,5023400,5936900.0,2026-07-09,16:14:52
600425,青松建化,3.27,3.3,3.3,3.3,3.22,92155.0,30020000.0,52.47,52.47,17.2,0.83,0.57,4077300,5138400.0,2026-07-09,16:14:53
600426,华鲁恒升,24.27,24.89,24.9,25.08,23.94,390626.0,949900000.0,513.39,513.33,13.78,1.51,1.85,18335200,20730500.0,2026-07-09,16:14:40
600428,中远海特,8.17,8.2,8.23,8.28,7.99,281259.0,228120000.0,224.18,175.38,12.18,1.31,1.31,12520100,15605800.0,2026-07-09,16:14:35
600429,三元股份,4.04,4.08,4.15,4.16,3.99,128798.0,51900000.0,60.68,60.5,-28.49,1.26,0.86,6231700,6649100.0,2026-07-09,16:14:58
600433,冠豪高新,3.19,3.2,3.18,3.22,3.11,307522.0,97220000.0,55.83,55.83,-44.94,1.27,1.76,15169000,15590900.0,2026-07-09,16:14:35
600435,北方导航,10.77,10.66,10.67,10.8,10.42,154531.0,164020000.0,162.88,162.88,133.9,5.68,1.02,7665500,7792300.0,2026-07-09,16:14:38
600436,片仔癀,110.31,111.6,111.0,112.89,109.46,32506.0,359960000.0,665.52,665.52,34.98,4.37,0.54,1472400,1778800.0,2026-07-09,16:14:49
600438,通威股份,11.09,11.12,11.12,11.2,10.85,511604.0,565250000.0,499.27,499.27,-5.31,1.43,1.14,24906700,26283400.0,2026-07-09,16:14:34
600439,瑞贝卡,2.11,2.14,2.13,2.15,2.08,120894.0,25540000.0,23.88,23.88,-28.29,0.95,1.07,4557600,7531800.0,2026-07-09,16:14:32
600444,国机通用,12.66,12.8,12.8,12.87,12.37,18187.0,22880000.0,18.54,18.54,33.23,2.43,1.24,905900,912800.0,2026-07-09,16:14:37
600446,金证股份,10.21,10.14,10.05,10.25,9.92,161831.0,162940000.0,96.1,96.1,-78.7,2.72,1.72,8224700,7967400.0,2026-07-09,16:14:44
600448,华纺股份,2.52,2.52,2.51,2.58,2.47,146886.0,36910000.0,15.87,15.87,-5.49,1.74,2.33,7305000,7383600.0,2026-07-09,16:14:39
600449,宁夏建材,12.79,12.9,12.94,13.11,12.4,79565.0,101160000.0,61.16,61.16,32.88,0.84,1.66,3543500,4416500.0,2026-07-09,16:14:32
600452,涪陵电力,8.88,8.93,8.92,8.97,8.67,298973.0,263640000.0,136.44,136.44,31.6,2.42,1.95,14204900,15692600.0,2026-07-09,16:14:48
600455,博通股份,21.84,21.97,22.0,22.28,21.42,14734.0,32160000.0,13.64,13.64,29.92,3.99,2.36,730400,743200.0,2026-07-09,16:14:35
600456,宝钛股份,26.39,26.18,26.06,26.4,25.31,72517.0,186980000.0,126.09,126.09,33.3,1.78,1.52,3854900,3397900.0,2026-07-09,16:14:43
600458,时代新材,13.39,14.01,13.92,14.15,12.98,528787.0,709320000.0,127.51,116.3,24.51,1.55,6.09,26924900,25960800.0,2026-07-09,16:14:54
600459,贵研铂业,21.82,21.26,21.5,21.87,20.4,361565.0,767200000.0,179.64,165.77,27.25,2.02,4.76,18009500,18152400.0,2026-07-09,16:14:32
600460,士兰微,48.4,46.21,47.08,48.46,45.46,1487720.0,7011170000.0,805.41,805.41,175.54,6.6,8.94,74487900,74344400.0,2026-07-09,16:14:37
600461,洪城环境,9.02,9.06,9.08,9.16,8.94,92061.0,83410000.0,115.83,115.83,9.84,1.2,0.72,4512000,4694100.0,2026-07-09,16:14:40
600462,退市九有,0.21,0.21,0.0,0.0,0.0,0.0,0.0,1.3,1.26,562.17,3.49,0.0,0,0.0,2026-07-09,09:00:00
600463,空港股份,7.48,7.47,7.64,7.78,7.33,30978.0,23140000.0,22.44,22.44,-22.62,2.53,1.03,1576700,1521100.0,2026-07-09,16:14:53
600467,好当家,2.05,2.05,2.04,2.07,2.0,206203.0,41880000.0,29.95,29.95,96.2,0.87,1.41,9787700,10835600.0,2026-07-09,16:14:46
600468,XD百利电,5.12,5.11,5.11,5.15,4.92,202379.0,102010000.0,55.69,55.69,67.41,2.77,1.86,9789700,10448200.0,2026-07-09,16:14:34
600469,风神股份,5.41,5.37,5.33,5.41,5.23,46481.0,24670000.0,48.15,39.46,18.64,1.05,0.64,2054400,2594900.0,2026-07-09,16:14:53
600470,六国化工,6.77,6.68,6.58,6.77,6.46,631793.0,419110000.0,35.31,35.31,-7.36,2.32,12.11,29362800,33875500.0,2026-07-09,16:14:58
600475,华光环能,13.28,13.26,13.26,13.34,12.78,102003.0,133340000.0,126.95,125.22,33.89,1.51,1.08,5901700,4299800.0,2026-07-09,16:14:56
600476,*ST湘邮,8.86,8.86,8.86,9.09,8.69,26053.0,23100000.0,14.27,14.27,-3.07,-3.23,1.62,1382400,1222900.0,2026-07-09,16:14:43
600477,杭萧钢构,2.3,2.26,2.26,2.3,2.22,304967.0,69020000.0,54.26,54.26,61.05,1.1,1.29,15270000,15238600.0,2026-07-09,16:15:00
600478,科力远,4.68,4.77,4.76,4.79,4.57,270446.0,126080000.0,77.95,77.95,54.82,2.66,1.62,12825500,14219800.0,2026-07-09,16:14:46
600479,千金药业,9.45,9.55,9.56,9.6,9.36,31249.0,29510000.0,46.51,39.55,15.09,1.59,0.75,1201100,1924800.0,2026-07-09,16:14:49
600480,凌云股份,8.6,8.56,8.51,8.63,8.4,159627.0,135970000.0,105.11,104.33,13.59,1.33,1.32,7261800,8706900.0,2026-07-09,16:14:55
600481,双良节能,4.33,4.46,4.4,4.47,4.26,570211.0,247520000.0,89.38,89.38,-6.63,2.06,2.76,20205900,36885900.0,2026-07-09,16:14:37
600482,中国动力,33.65,33.02,32.78,34.09,32.25,389634.0,1287380000.0,763.26,763.26,51.11,1.87,1.72,19101400,19865100.0,2026-07-09,16:14:56
600483,福能股份,10.4,10.54,10.47,10.55,10.34,176605.0,184310000.0,289.14,289.14,10.13,1.04,0.64,9433700,8228500.0,2026-07-09,16:14:32
600486,扬农化工,49.61,50.35,50.15,50.66,49.0,40928.0,203100000.0,200.48,200.48,15.94,1.74,1.01,1662000,2431300.0,2026-07-09,16:14:34
600487,亨通光电,80.06,76.96,78.18,80.58,74.0,2381972.0,18587450000.0,1974.59,1964.39,61.15,6.22,9.71,118271100,119964800.0,2026-07-09,16:14:57
600488,津药药业,5.29,5.49,5.11,5.55,5.11,1509922.0,798970000.0,57.76,57.76,218.74,1.89,13.83,74272300,76944700.0,2026-07-09,16:14:50
600489,中金黄金,19.95,19.88,19.23,20.01,19.04,821170.0,1606210000.0,967.04,967.04,15.41,2.95,1.69,40781800,41351500.0,2026-07-09,16:14:45
600490,鹏欣资源,5.86,5.99,5.86,5.99,5.63,472978.0,274250000.0,129.68,116.77,56.87,2.06,2.37,22960500,24344700.0,2026-07-09,16:14:34
600491,ST龙元,1.02,1.02,0.0,0.0,0.0,0.0,0.0,15.6,15.6,-0.54,0.22,0.0,0,0.0,2026-07-09,16:14:32
600493,凤竹纺织,5.78,5.84,5.81,5.89,5.55,95489.0,54630000.0,15.72,15.72,256.38,1.41,3.51,5276200,4272700.0,2026-07-09,16:14:49
600495,晋西车轴,3.58,3.48,3.58,3.58,3.5,118235.0,41800000.0,43.25,43.25,202.33,1.32,0.98,6547100,5281400.0,2026-07-09,16:14:32
600496,精工钢构,3.18,3.18,3.18,3.21,3.14,206346.0,65400000.0,63.29,63.29,10.01,0.71,1.04,9788700,10846900.0,2026-07-09,16:14:54
600497,驰宏锌锗,9.79,9.6,9.59,9.82,9.19,1926070.0,1841060000.0,493.45,493.45,41.03,2.93,3.82,95347700,97278600.0,2026-07-09,16:14:54
600498,烽火通信,56.9,54.21,55.0,56.9,52.45,991713.0,5463120000.0,772.8,723.55,184.43,4.4,7.8,55628600,43562200.0,2026-07-09,16:14:38
600499,科达制造,15.27,15.31,15.5,16.39,14.86,447118.0,692530000.0,292.86,292.86,18.91,2.33,2.33,22394300,22323900.0,2026-07-09,16:14:45
600500,中化国际,6.6,6.39,6.44,6.61,6.06,1255383.0,795350000.0,236.83,236.83,-11.59,2.33,3.5,64678000,60883700.0,2026-07-09,16:14:42
600501,航天晨光,14.52,14.39,14.38,14.65,13.93,80937.0,115400000.0,62.12,62.12,-30.24,4.25,1.89,4646100,3448500.0,2026-07-09,16:14:54
600502,安徽建工,4.45,4.48,4.47,4.49,4.39,223703.0,99390000.0,76.39,76.39,4.94,0.64,1.3,10922600,11447900.0,2026-07-09,16:14:44
600503,华丽家族,2.0,2.0,1.99,2.03,1.96,269950.0,53790000.0,32.05,32.05,-40.11,0.93,1.68,13321600,13674100.0,2026-07-09,16:14:32
600505,西昌电力,10.24,10.27,10.2,10.32,10.01,72056.0,73250000.0,37.33,37.33,273.08,3.05,1.98,3634700,3571500.0,2026-07-09,16:14:51
600506,统一股份,13.48,13.69,13.59,13.79,13.18,61907.0,83080000.0,33.65,33.65,96.73,6.73,2.48,3031800,3159500.0,2026-07-09,16:14:35
600507,方大特钢,3.97,4.06,4.06,4.06,3.95,203745.0,81290000.0,91.83,91.83,11.48,0.94,0.88,8474700,11899900.0,2026-07-09,16:14:57
600508,上海能源,8.03,8.12,8.01,8.2,7.99,67548.0,54560000.0,81.25,81.25,42.81,0.64,0.67,3117000,3639600.0,2026-07-09,16:14:59
600509,天富能源,7.4,7.71,7.62,7.74,7.28,523904.0,390320000.0,101.71,101.71,45.27,1.33,3.81,21495900,30907600.0,2026-07-09,16:14:36
600510,黑牡丹,6.69,6.71,6.6,6.83,6.55,88702.0,59140000.0,69.04,69.04,81.73,0.66,0.86,4306700,4563500.0,2026-07-09,16:14:58
600511,国药股份,26.8,26.95,26.92,27.09,26.61,26289.0,70480000.0,202.21,148.3,10.05,1.1,0.48,1266700,1362300.0,2026-07-09,16:14:50
600512,腾达建设,1.9,1.92,1.91,1.93,1.87,197574.0,37510000.0,30.16,30.16,256.19,0.49,1.24,8093000,11664400.0,2026-07-09,16:14:49
600513,联环药业,14.08,14.45,14.34,14.68,13.67,108082.0,152310000.0,40.19,40.19,-34.96,3.19,3.79,5122900,5685400.0,2026-07-09,16:14:54
600515,海南机场,2.71,2.73,2.73,2.74,2.67,845612.0,228560000.0,309.63,248.67,134.25,1.28,0.92,38774800,45823500.0,2026-07-09,16:15:00
600516,方大炭素,5.14,5.15,5.14,5.22,4.98,784043.0,398630000.0,206.93,206.93,217.92,1.27,1.95,33360300,45063600.0,2026-07-09,16:15:00
600517,国网英大,4.64,4.67,4.67,4.68,4.56,243325.0,112430000.0,265.34,265.34,11.45,1.13,0.43,10173000,14163300.0,2026-07-09,16:14:36
600518,康美药业,1.25,1.25,1.25,1.28,1.23,1552805.0,194360000.0,172.86,172.78,-1172.61,2.38,1.12,74259700,81296800.0,2026-07-09,16:14:49
600519,贵州茅台,1182.19,1199.3,1191.0,1191.99,1178.0,34096.0,4035220000.0,14778.34,14778.34,17.87,6.35,0.27,1539400,1870600.0,2026-07-09,16:14:45
600520,三佳科技,37.98,34.72,35.41,38.19,35.41,273681.0,1027840000.0,60.17,60.17,449.09,15.28,17.27,12942400,14433500.0,2026-07-09,16:14:40
600521,华海药业,16.26,16.35,16.02,16.56,15.82,397023.0,641130000.0,243.45,243.45,65.24,2.57,2.65,19452500,20277700.0,2026-07-09,16:14:38
600522,中天科技,47.14,44.86,45.85,47.28,43.28,3392001.0,15465420000.0,1608.86,1608.86,50.38,4.23,9.94,171709600,167584300.0,2026-07-09,16:14:31
600523,贵航股份,11.33,10.72,10.7,11.34,10.62,79548.0,87730000.0,45.81,45.78,23.33,1.43,1.97,4373700,3583300.0,2026-07-09,16:14:56
600525,ST长园,5.04,5.08,5.07,5.09,4.98,68701.0,34470000.0,66.47,66.47,-6.4,2.37,0.52,2425300,4453900.0,2026-07-09,16:14:51
600526,菲达环保,4.17,4.19,4.22,4.23,4.1,69051.0,28680000.0,37.06,36.4,11.98,0.81,0.79,3131500,3773600.0,2026-07-09,16:14:51
600527,江南高纤,2.06,2.05,2.05,2.08,2.0,426723.0,86980000.0,35.67,35.67,162.94,1.76,2.46,20012100,22677500.0,2026-07-09,16:14:57
600528,中铁工业,6.71,6.83,6.83,6.83,6.67,112949.0,76070000.0,149.07,149.07,10.9,0.58,0.51,5082300,6212600.0,2026-07-09,16:14:52
600529,山东药玻,18.25,18.22,18.2,18.57,18.01,79739.0,146220000.0,121.11,121.11,18.15,1.47,1.2,4498100,3476200.0,2026-07-09,16:14:41
600530,交大昂立,5.33,5.36,5.41,5.42,5.22,93878.0,49810000.0,41.3,41.3,1014.76,13.14,1.21,4059700,5328700.0,2026-07-09,16:14:47
600531,XD豫光金,13.51,12.9,12.99,13.56,12.5,628808.0,820260000.0,163.37,163.37,18.03,2.39,5.2,32053500,30855700.0,2026-07-09,16:14:44
600533,栖霞建设,1.89,1.92,1.9,1.94,1.86,139673.0,26460000.0,19.84,19.84,-1.04,1.5,1.33,7429700,6537600.0,2026-07-09,16:14:54
600535,天士力,14.04,14.06,13.95,14.22,13.78,83623.0,117280000.0,209.75,209.75,18.07,1.66,0.56,4494100,3868200.0,2026-07-09,16:14:42
600536,中国软件,28.6,27.84,27.5,28.88,27.3,193240.0,547830000.0,267.06,241.29,-773.99,7.6,2.29,10218900,9111600.0,2026-07-09,16:14:55
600537,*ST亿晶,2.54,2.6,2.57,2.61,2.51,149705.0,38240000.0,30.07,30.07,-5.57,-20.69,1.26,5839300,9137300.0,2026-07-09,16:14:40
600538,国发股份,5.41,5.48,5.43,5.49,5.27,142503.0,76440000.0,28.36,28.36,-28.85,4.17,2.72,7941000,6309300.0,2026-07-09,16:14:36
600539,狮头股份,17.45,16.32,16.01,17.65,15.6,150625.0,249990000.0,40.13,40.13,-183.25,13.36,6.55,8179100,6888700.0,2026-07-09,16:14:49
600540,新赛股份,3.25,3.32,3.28,3.35,3.19,224661.0,73130000.0,18.89,18.89,-15.91,4.91,3.86,10856200,11609900.0,2026-07-09,16:14:33
600543,*ST莫高,3.89,3.89,3.86,3.94,3.79,28651.0,11070000.0,12.49,12.49,-11.75,1.8,0.89,1167800,1697300.0,2026-07-09,16:14:54
600545,卓郎智能,5.66,5.33,5.43,5.73,5.28,1219367.0,677780000.0,101.2,101.2,-18.46,3.86,6.82,66411700,55572400.0,2026-07-09,16:14:52
600546,山煤国际,12.09,12.4,12.13,12.53,12.01,194219.0,237540000.0,239.68,239.68,17.89,1.43,0.98,10394300,9030500.0,2026-07-09,16:14:45
600547,XD山东黄,24.28,24.47,23.98,24.57,23.41,693476.0,1659670000.0,1119.29,877.59,21.7,3.59,1.92,32644400,36718500.0,2026-07-09,16:14:53
600548,深高速,8.7,8.77,8.78,8.78,8.63,22266.0,19350000.0,220.79,149.16,18.7,0.94,0.13,1198700,1028400.0,2026-07-09,16:14:37
600549,厦门钨业,64.71,63.49,63.59,64.71,60.45,607960.0,3831910000.0,1027.33,1005.55,33.87,5.82,3.91,32591400,28214500.0,2026-07-09,16:14:37
600550,保变电气,10.65,10.7,10.64,10.72,10.26,296769.0,311860000.0,196.12,196.12,85.92,21.98,1.61,15442000,14242200.0,2026-07-09,16:14:51
600551,时代出版,6.58,6.7,6.71,6.71,6.55,33608.0,22180000.0,44.62,44.62,11.13,0.76,0.5,1352100,2016900.0,2026-07-09,16:14:31
600552,凯盛科技,23.33,21.93,22.3,23.38,21.81,973899.0,2203580000.0,220.38,220.38,166.02,5.16,10.31,48358000,49056500.0,2026-07-09,16:14:45
600556,天下秀,4.25,4.22,4.21,4.3,4.13,398435.0,168270000.0,76.83,76.83,370.13,2.01,2.2,19629600,20225900.0,2026-07-09,16:14:54
600557,康缘药业,12.17,12.5,12.37,12.65,12.13,100531.0,123840000.0,68.9,68.9,22.98,1.41,1.78,4677800,5375300.0,2026-07-09,16:14:57
600558,大西洋,4.72,4.76,4.73,4.77,4.61,108585.0,50860000.0,42.37,42.37,21.51,1.71,1.21,5041000,5817700.0,2026-07-09,16:14:39
600559,老白干酒,10.91,11.13,11.06,11.17,10.9,99895.0,109940000.0,99.8,99.8,22.54,1.89,1.09,4154800,5838800.0,2026-07-09,16:14:43
600560,金自天正,10.5,10.65,10.58,10.65,10.28,26095.0,27250000.0,23.48,23.48,46.47,2.38,1.17,1380700,1228800.0,2026-07-09,16:14:51
600561,江西长运,4.96,5.05,5.02,5.09,4.86,52486.0,25980000.0,14.11,14.11,97.65,1.55,1.85,2691500,2557100.0,2026-07-09,16:14:57
600562,XD国睿科,21.4,20.98,21.02,21.48,20.71,125570.0,265850000.0,265.76,265.76,42.16,4.07,1.01,6507200,6051000.0,2026-07-09,16:14:43
600563,法拉电子,150.88,140.84,143.65,151.6,140.33,95323.0,1392120000.0,339.48,339.48,28.39,5.87,4.24,5184300,4350700.0,2026-07-09,16:14:58
600566,济川药业,24.1,23.79,24.09,24.69,23.53,100889.0,243490000.0,222.14,221.39,12.78,1.66,1.1,5537400,4555600.0,2026-07-09,16:14:59
600567,山鹰国际,1.33,1.34,1.34,1.35,1.32,544678.0,72700000.0,83.89,83.89,-5.04,0.57,0.86,25114000,29383900.0,2026-07-09,16:14:51
600568,ST中珠,2.49,2.5,2.4,2.54,2.4,93603.0,23170000.0,49.62,41.56,-42.61,3.07,0.56,3985300,5375000.0,2026-07-09,16:14:49
600569,安阳钢铁,1.64,1.66,1.66,1.68,1.62,134547.0,22130000.0,47.11,47.11,-3.92,3.23,0.47,5630300,7824400.0,2026-07-09,16:14:31
600570,恒生电子,21.15,20.72,20.52,21.23,20.36,291322.0,605320000.0,400.51,400.51,29.92,4.17,1.54,15946900,13191800.0,2026-07-09,16:14:42
600571,信雅达,9.51,9.6,9.51,9.63,9.27,83855.0,78970000.0,44.35,43.53,126.08,3.84,1.83,3782600,4602900.0,2026-07-09,16:14:58
600572,康恩贝,4.07,4.17,4.12,4.17,4.04,364572.0,149280000.0,103.32,103.04,21.37,1.5,1.44,14495100,21975000.0,2026-07-09,16:14:59
600573,惠泉啤酒,8.77,8.95,8.9,8.93,8.61,86935.0,75980000.0,21.93,21.93,26.77,1.64,3.48,4169200,4527900.0,2026-07-09,16:14:34
600575,淮河能源,3.15,3.25,3.21,3.24,3.13,567046.0,179530000.0,225.75,122.42,14.51,1.08,1.46,24544400,32162400.0,2026-07-09,16:14:58
600576,祥源文旅,5.73,5.88,5.8,5.88,5.64,139562.0,80220000.0,60.43,37.84,58.81,2.34,2.11,6246300,7711900.0,2026-07-09,16:14:54
600577,精达股份,8.64,8.66,8.65,8.71,8.24,871334.0,740740000.0,186.6,186.6,30.56,3.05,4.03,46625500,40522300.0,2026-07-09,16:15:00
600578,京能电力,5.82,5.6,5.6,5.85,5.53,1094551.0,623480000.0,389.63,389.63,10.99,1.55,1.63,54876300,54636800.0,2026-07-09,16:14:41
600579,中化装备,8.07,7.88,7.79,8.15,7.7,175881.0,141040000.0,39.83,39.83,-30.84,2.62,3.56,8255600,9345600.0,2026-07-09,16:14:51
600580,卧龙电驱,33.2,33.03,32.48,33.45,31.8,546218.0,1782620000.0,518.62,517.13,45.73,4.77,3.51,25523800,29121600.0,2026-07-09,16:14:42
600581,*ST八钢,2.25,2.24,2.24,2.28,2.22,90979.0,20430000.0,34.49,34.49,-1.88,-1.64,0.59,4572300,4525600.0,2026-07-09,16:14:43
600582,天地科技,4.65,4.71,4.71,4.72,4.6,197259.0,91880000.0,192.44,192.44,13.33,0.78,0.48,9010800,10715700.0,2026-07-09,16:14:52
600583,海油工程,5.11,5.14,5.18,5.25,5.09,457398.0,236490000.0,225.93,225.93,11.4,0.78,1.03,21517500,24223200.0,2026-07-09,16:14:47
600584,长电科技,103.52,94.11,97.7,103.52,94.6,2063758.0,20497140000.0,1852.4,1852.4,112.12,6.48,11.53,113710400,92697700.0,2026-07-09,16:14:51
600585,海螺水泥,16.74,17.02,16.93,16.97,16.58,339642.0,568180000.0,887.1,669.55,11.42,0.47,0.85,15421700,18546600.0,2026-07-09,16:14:49
600586,金晶科技,4.19,4.19,4.18,4.21,4.11,116643.0,48530000.0,59.39,59.39,-7.92,1.18,0.82,4874600,6793700.0,2026-07-09,16:14:58
600587,新华医疗,11.91,12.08,12.06,12.24,11.83,61267.0,73520000.0,72.25,72.25,14.75,0.93,1.01,2867200,3259500.0,2026-07-09,16:14:32
600588,用友网络,9.43,9.36,9.22,9.51,9.12,507288.0,474010000.0,322.22,322.22,-23.42,4.67,1.48,26075600,24664000.0,2026-07-09,16:14:59
600589,大位科技,8.84,9.01,9.2,9.2,8.4,797602.0,701670000.0,131.24,130.7,-128.55,21.13,5.39,34640400,45185200.0,2026-07-09,16:14:40
600590,泰豪科技,8.98,8.98,9.04,9.09,8.56,260498.0,230230000.0,76.59,75.75,101.93,2.37,3.09,12552200,13501400.0,2026-07-09,16:14:55
600592,龙溪股份,13.62,13.79,13.83,13.93,13.18,97639.0,131920000.0,54.42,54.42,39.29,2.13,2.44,4325500,5444400.0,2026-07-09,16:14:32
600593,大连圣亚,37.5,38.3,37.0,38.15,36.06,61162.0,228280000.0,48.92,48.3,95.71,23.4,4.75,2966400,3154500.0,2026-07-09,16:14:34
600594,益佰制药,3.15,3.16,3.12,3.23,3.1,132053.0,41630000.0,24.95,24.95,-7.13,1.16,1.67,6232100,6976700.0,2026-07-09,16:14:52
600595,中孚实业,5.7,5.68,5.75,5.84,5.55,998913.0,568050000.0,228.45,228.45,10.34,1.33,2.49,47963400,51930500.0,2026-07-09,16:14:41
600596,新安股份,13.42,12.63,12.73,13.75,12.3,798273.0,1032640000.0,181.12,181.12,86.24,1.46,5.91,41230300,38610600.0,2026-07-09,16:14:34
600597,光明乳业,6.29,6.44,6.44,6.44,6.26,79705.0,50490000.0,86.71,86.7,-38.78,0.94,0.58,3370800,4599700.0,2026-07-09,16:14:33
600598,北大荒,11.93,11.75,11.57,11.99,11.38,333015.0,388940000.0,212.08,212.08,17.55,2.79,1.87,16768400,16541100.0,2026-07-09,16:14:42
600599,退市熊猫,0.43,0.43,0.0,0.0,0.0,0.0,0.0,0.71,0.71,4.57,0.57,0.0,0,0.0,2026-07-09,09:00:00
600600,青岛啤酒,52.88,53.31,53.15,53.3,52.65,39589.0,209350000.0,721.39,374.99,15.42,2.22,0.56,1885100,2075900.0,2026-07-09,16:14:45
600601,方正科技,13.88,13.3,13.64,13.96,12.93,2954272.0,3993280000.0,593.2,578.84,94.86,12.16,7.08,150109400,145377700.0,2026-07-09,16:14:42
600602,云赛智联,17.08,16.38,16.48,17.09,15.9,707636.0,1180930000.0,233.6,183.49,119.09,4.75,6.59,38534900,32273400.0,2026-07-09,16:14:33
600603,广汇物流,4.39,4.45,4.46,4.48,4.3,98457.0,43290000.0,51.62,51.62,29.39,0.71,0.84,4260100,5585600.0,2026-07-09,16:14:55
600604,市北高新,3.97,3.96,3.96,3.99,3.89,70476.0,27750000.0,74.37,55.88,-21.1,1.24,0.5,2961700,4086900.0,2026-07-09,16:14:48
600605,汇通能源,26.15,27.29,27.1,27.2,25.25,37238.0,96850000.0,53.94,53.94,232.46,3.8,1.81,1641600,2082400.0,2026-07-09,16:14:34
600606,绿地控股,1.23,1.25,1.24,1.26,1.22,1042346.0,128500000.0,172.87,172.87,-0.67,0.45,0.74,43265000,61023100.0,2026-07-09,16:14:31
600608,退市沪科,0.17,0.17,0.0,0.0,0.0,0.0,0.0,0.56,0.54,128.8,1.36,0.0,0,0.0,2026-07-09,09:00:00
600609,金杯汽车,3.08,3.12,3.11,3.12,3.03,178250.0,54690000.0,40.18,40.18,19.12,2.41,1.37,8854000,8971900.0,2026-07-09,16:14:34
600610,中毅达,6.22,6.28,6.28,6.34,6.08,128733.0,79580000.0,66.63,44.08,120.18,47.92,1.82,6589800,6284600.0,2026-07-09,16:14:32
600611,大众交通,3.61,3.57,3.58,3.64,3.5,276106.0,98780000.0,85.34,56.44,-147.78,0.89,1.77,12579600,15043500.0,2026-07-09,16:14:39
600612,老凤祥,33.8,34.26,34.26,34.49,33.6,15625.0,52830000.0,176.81,107.18,10.47,1.29,0.49,774100,788400.0,2026-07-09,16:14:42
600613,神奇制药,4.55,4.63,4.6,4.71,4.48,74589.0,34020000.0,24.3,21.81,67.25,1.06,1.56,3554700,3904200.0,2026-07-09,16:14:33
600615,鑫源智造,9.54,9.57,9.51,9.56,9.09,34514.0,32250000.0,21.52,21.49,-154.91,2.98,1.53,1488500,1963400.0,2026-07-09,16:14:57
600616,XD金枫酒,3.78,3.84,3.84,3.88,3.75,67968.0,25790000.0,25.29,25.29,6147.94,1.33,1.02,2813700,3983100.0,2026-07-09,16:14:42
600617,国新能源,2.74,2.72,2.73,2.8,2.7,238004.0,65310000.0,52.86,48.65,-19.2,1.65,1.34,11314500,12485900.0,2026-07-09,16:14:58
600618,氯碱化工,10.05,10.07,10.03,10.09,9.9,73537.0,73410000.0,116.22,75.36,13.89,1.22,0.98,3097100,4268200.0,2026-07-09,16:14:32
600619,海立股份,13.39,13.5,12.69,13.49,12.69,201665.0,266380000.0,143.72,105.67,111.42,2.34,2.56,10931700,9241600.0,2026-07-09,16:14:42
600620,天宸股份,3.89,3.91,3.9,3.97,3.81,69145.0,26800000.0,26.71,26.71,437.67,1.87,1.01,3145000,3769600.0,2026-07-09,16:14:44
600621,华鑫股份,13.75,13.34,13.21,13.82,13.21,233441.0,317270000.0,145.87,145.87,22.32,1.56,2.2,13502300,9859800.0,2026-07-09,16:14:45
600622,光大嘉宝,1.95,1.97,1.97,2.0,1.93,163219.0,31920000.0,29.24,29.24,-2.11,1.46,1.09,7896300,8432600.0,2026-07-09,16:14:46
600623,华谊集团,8.12,8.21,8.24,8.33,8.03,193293.0,157380000.0,172.1,152.33,30.45,0.76,1.03,8893400,10437000.0,2026-07-09,16:14:38
600624,ST复华,3.66,3.67,3.69,3.78,3.6,63969.0,23520000.0,24.86,24.86,-12.41,5.85,0.94,2740500,3664400.0,2026-07-09,16:14:44
600626,申达股份,3.14,3.18,3.19,3.2,3.09,107895.0,33820000.0,41.47,34.79,93.35,1.29,0.97,5026500,5763000.0,2026-07-09,16:14:50
600628,新世界,5.71,5.76,5.75,5.82,5.65,59714.0,34120000.0,36.94,36.94,51.3,0.87,0.92,2507100,3464300.0,2026-07-09,16:14:52
600629,华建集团,11.59,11.66,11.67,11.8,11.4,144507.0,167010000.0,133.26,133.26,857.14,2.55,1.26,7070100,7381600.0,2026-07-09,16:14:47
600630,龙头股份,6.86,7.11,6.99,7.1,6.72,429044.0,295490000.0,29.15,29.15,54.33,3.58,10.1,17740800,25184400.0,2026-07-09,16:14:36
600633,浙数文化,10.25,10.4,10.32,10.58,10.16,251676.0,260590000.0,129.98,129.98,22.07,1.28,1.98,12211000,12962200.0,2026-07-09,16:14:49
600635,大众公用,4.27,4.26,4.27,4.31,4.21,308779.0,131470000.0,126.07,103.28,46.37,1.42,1.28,15541300,15338200.0,2026-07-09,16:14:55
600636,退市国化,1.71,1.71,0.0,0.0,0.0,0.0,0.0,7.5,7.5,-2.85,0.43,0.0,0,0.0,2026-07-09,09:00:00
600637,东方明珠,7.89,7.86,7.77,7.9,7.68,383751.0,299320000.0,265.25,265.25,47.51,0.89,1.14,20108200,18274700.0,2026-07-09,16:15:00
600638,新黄浦,4.41,4.45,4.45,4.49,4.34,76960.0,33860000.0,29.7,29.7,23.14,0.64,1.14,3470000,4231000.0,2026-07-09,16:14:43
600639,浦东金桥,9.29,9.44,9.46,9.46,9.27,28373.0,26570000.0,104.27,78.99,10.0,0.69,0.33,1375700,1461600.0,2026-07-09,16:14:42
600640,国脉文化,10.16,10.09,10.01,10.27,9.95,72354.0,73390000.0,80.42,80.42,341.12,2.05,0.91,3469400,3776000.0,2026-07-09,16:14:43
600641,先导基电,43.24,41.58,42.1,43.39,40.84,816986.0,3463420000.0,409.42,402.4,-332.83,4.94,8.78,43910800,37848500.0,2026-07-09,16:14:36
600642,申能股份,8.88,8.73,8.76,8.94,8.68,272983.0,241110000.0,434.59,434.57,11.47,1.14,0.56,11850800,15449600.0,2026-07-09,16:14:43
600643,爱建集团,3.81,3.8,3.77,3.85,3.75,123751.0,46940000.0,60.7,60.59,-3.02,0.62,0.78,6859200,5515900.0,2026-07-09,16:14:57
600644,乐山电力,7.7,7.73,7.66,7.78,7.51,125814.0,96150000.0,44.53,41.46,195.72,2.16,2.34,5627400,6964100.0,2026-07-09,16:14:33
600645,中源协和,17.65,17.9,17.7,18.39,17.2,121871.0,216220000.0,82.59,82.56,75.05,2.22,2.61,6052500,6136300.0,2026-07-09,16:14:48
600648,外高桥,8.33,8.39,8.31,8.43,8.24,18609.0,15460000.0,113.28,94.78,12.46,0.71,0.16,736900,1124000.0,2026-07-09,16:14:43
600649,城投控股,3.47,3.53,3.51,3.55,3.44,180497.0,63160000.0,86.91,86.91,31.84,0.41,0.72,6984300,11066600.0,2026-07-09,16:14:47
600650,锦江在线,9.69,9.71,9.67,9.78,9.51,27858.0,26830000.0,53.45,37.85,37.48,1.26,0.71,1319000,1467500.0,2026-07-09,16:14:40
600651,飞乐音响,5.47,5.4,5.4,5.5,5.33,194528.0,105300000.0,137.13,137.13,227.98,5.44,0.78,10805300,8647500.0,2026-07-09,16:14:31
600653,申华控股,1.56,1.58,1.57,1.6,1.53,182307.0,28440000.0,30.36,30.36,-16.1,4.85,0.94,8174800,10070600.0,2026-07-09,16:14:39
600654,中安科,2.6,2.61,2.62,2.64,2.52,556780.0,143680000.0,74.82,60.25,102.84,4.44,2.4,27473600,28243600.0,2026-07-09,16:14:32
600655,豫园股份,4.31,4.35,4.32,4.37,4.28,131191.0,56620000.0,167.71,167.65,-3.5,0.56,0.34,6092900,7026200.0,2026-07-09,16:14:42
600657,信达地产,2.32,2.31,2.31,2.35,2.27,218795.0,50460000.0,66.16,66.16,-0.81,0.43,0.77,12074000,9805800.0,2026-07-09,16:14:36
600658,电子城,3.94,3.89,3.91,3.96,3.8,113988.0,44190000.0,44.07,44.07,-2.32,1.09,1.02,6150800,5250600.0,2026-07-09,16:14:40
600660,福耀玻璃,50.68,51.81,51.43,51.7,50.45,115603.0,587240000.0,1322.62,1015.11,14.71,3.67,0.58,5556900,6024300.0,2026-07-09,16:14:46
600661,昂立教育,7.13,7.24,7.1,7.3,7.02,70149.0,50070000.0,20.43,20.43,20.88,8.02,2.45,3557800,3457100.0,2026-07-09,16:14:42
600662,外服控股,4.07,4.12,4.11,4.12,4.03,132670.0,53900000.0,92.94,92.66,13.71,1.71,0.58,6626300,6642100.0,2026-07-09,16:14:39
600663,陆家嘴,6.35,6.38,6.35,6.41,6.27,77645.0,49190000.0,319.73,200.39,40.25,1.28,0.25,3762400,4002100.0,2026-07-09,16:14:37
600664,哈药股份,3.06,3.09,3.06,3.13,3.03,383403.0,117540000.0,77.07,77.07,24.88,1.32,1.52,17656800,20711000.0,2026-07-09,16:14:45
600665,天地源,3.0,3.06,3.06,3.06,2.89,173105.0,51630000.0,25.92,25.92,-1.86,1.83,2.0,7417600,9892900.0,2026-07-09,16:14:38
600666,奥瑞德,3.56,3.47,3.5,3.58,3.4,991899.0,348420000.0,97.95,89.08,69.95,8.93,3.96,48825600,50431900.0,2026-07-09,16:14:56
600667,太极实业,26.27,23.88,24.95,26.27,24.5,3414727.0,8691820000.0,549.45,549.45,119.63,6.38,16.33,185212100,156290500.0,2026-07-09,16:14:47
600668,XD尖峰集,6.98,7.07,7.1,7.13,6.91,50292.0,35140000.0,28.82,28.82,-15.27,0.53,1.22,1796400,3235600.0,2026-07-09,16:14:52
600671,天目药业,19.29,18.44,18.29,19.6,17.85,45012.0,85650000.0,23.49,23.49,143.73,31.82,3.7,2517100,1984100.0,2026-07-09,16:14:34
600673,东阳光,38.34,36.0,36.0,38.5,35.5,955602.0,3592930000.0,1153.86,1150.8,988.71,11.62,3.18,57354200,38259800.0,2026-07-09,16:14:42
600674,川投能源,14.68,14.47,14.45,14.73,14.36,364292.0,532330000.0,715.59,715.59,15.13,1.54,0.75,22424000,14005800.0,2026-07-09,16:14:55
600675,中华企业,2.09,2.1,2.09,2.12,2.06,269513.0,56250000.0,126.36,126.36,-29.13,0.88,0.45,12938600,14012900.0,2026-07-09,16:14:33
600676,交运股份,6.96,6.93,6.77,6.98,6.65,120913.0,82940000.0,71.58,71.58,-21.2,1.5,1.18,6185400,5931200.0,2026-07-09,16:14:32
600678,ST金顶,6.34,6.23,6.14,6.48,6.14,158266.0,100190000.0,22.13,22.13,-247.36,8.58,4.53,7919600,7907000.0,2026-07-09,16:14:35
600679,上海凤凰,8.84,8.96,8.9,8.97,8.73,27836.0,24520000.0,43.78,30.38,49.68,2.06,0.81,1180500,1603100.0,2026-07-09,16:14:57
600681,百川能源,3.38,3.31,3.3,3.47,3.25,274388.0,92590000.0,45.32,45.29,18.49,1.26,2.05,14582300,12872000.0,2026-07-09,16:14:43
600682,南京新百,5.27,5.34,5.32,5.43,5.22,135309.0,71650000.0,70.89,61.35,-7.55,0.43,1.16,6659900,6871200.0,2026-07-09,16:14:53
600683,京投发展,10.5,10.34,10.4,10.53,10.03,125441.0,129550000.0,77.78,77.78,-6.5,-6.18,1.69,6494700,6051300.0,2026-07-09,16:14:51
600684,珠江股份,2.95,2.97,2.95,2.99,2.89,122651.0,35930000.0,32.63,25.18,52.61,2.59,1.44,6094900,6170200.0,2026-07-09,16:14:41
600685,中船防务,26.0,25.99,25.85,26.2,25.25,94621.0,243520000.0,367.51,213.57,30.13,2.02,1.15,4448500,5025600.0,2026-07-09,16:14:54
600686,金龙汽车,11.25,11.62,11.63,11.69,11.16,151922.0,172410000.0,80.67,80.67,14.11,2.22,2.12,7174300,8017900.0,2026-07-09,16:14:31
600688,上海石化,2.88,2.86,2.87,2.92,2.83,782990.0,224610000.0,303.63,211.07,-32.73,1.29,1.07,37301200,41021000.0,2026-07-09,16:14:40
600689,上海三毛,9.67,9.78,9.78,9.87,9.47,18149.0,17450000.0,19.44,14.72,167.18,4.13,1.19,917000,897900.0,2026-07-09,16:14:57
600690,海尔智家,20.01,20.29,20.23,20.25,19.9,389342.0,779840000.0,1876.46,1251.23,10.02,1.5,0.62,16946300,21998900.0,2026-07-09,16:14:43
600691,潞化科技,2.2,2.19,2.17,2.24,2.15,285511.0,62580000.0,52.27,52.26,-7.12,1.68,1.2,14287000,14269100.0,2026-07-09,16:14:51
600692,亚通股份,5.31,5.38,5.43,5.43,5.21,60980.0,32270000.0,18.68,13.54,69.7,1.92,2.39,3122500,2975500.0,2026-07-09,16:14:56
600693,东百集团,7.81,7.85,7.67,7.9,7.62,265068.0,205630000.0,67.93,67.87,132.71,1.88,3.05,12735100,13782400.0,2026-07-09,16:14:59
600694,大商股份,13.96,14.09,14.09,14.17,13.89,23421.0,32790000.0,52.88,52.88,10.57,0.6,0.62,976200,1365900.0,2026-07-09,16:15:00
600696,退市岩石,0.74,0.74,0.0,0.0,0.0,0.0,0.0,2.48,2.48,-0.88,2.48,0.0,0,0.0,2026-07-09,09:00:00
600697,欧亚集团,9.58,9.68,9.68,9.84,9.51,29194.0,28110000.0,15.24,14.89,-29.53,0.69,1.88,1464300,1455100.0,2026-07-09,16:14:31
600698,湖南天雁,5.75,5.7,5.7,5.76,5.59,77828.0,44170000.0,61.45,47.75,-202.49,8.32,0.94,3987300,3800000.0,2026-07-09,16:14:53
600699,均胜电子,21.21,21.08,21.07,21.26,20.58,302257.0,634200000.0,328.92,287.41,23.54,1.91,2.23,14818100,15408300.0,2026-07-09,16:15:00
600702,舍得酒业,33.28,33.47,33.38,33.55,32.71,55873.0,184930000.0,110.52,110.47,101.92,1.57,1.68,2871600,2719100.0,2026-07-09,16:14:52
600703,三安光电,17.8,16.65,16.9,17.82,16.55,2898209.0,4980060000.0,888.05,888.05,-178.45,2.54,5.81,150585800,139321800.0,2026-07-09,16:14:52
600704,物产中大,4.87,4.92,4.91,4.92,4.81,378717.0,183900000.0,251.84,251.84,6.98,0.6,0.73,18679600,19221800.0,2026-07-09,16:14:54
600705,中航产融,3.47,3.47,0.0,0.0,0.0,0.0,0.0,306.09,305.51,154.05,0.82,0.0,0,0.0,2026-07-09,09:00:00
600706,曲江文旅,6.73,6.82,6.79,6.95,6.67,81923.0,55480000.0,17.17,17.1,-10.28,3.82,3.22,3923600,4276200.0,2026-07-09,16:14:48
600707,彩虹股份,12.49,12.26,12.44,12.72,11.69,2429556.0,2967690000.0,448.19,448.1,779.97,2.08,6.77,117807600,125248900.0,2026-07-09,16:14:56
600708,光明地产,3.21,3.15,3.14,3.25,3.11,175670.0,55910000.0,71.54,71.43,-1.94,1.2,0.79,9299200,8267800.0,2026-07-09,16:14:33
600710,苏美达,9.92,9.95,9.96,10.01,9.82,80290.0,79600000.0,129.63,129.63,9.45,1.62,0.61,4068100,3960900.0,2026-07-09,16:14:53
600711,盛屯矿业,10.48,10.55,10.53,10.66,9.86,1157138.0,1182020000.0,323.9,323.9,12.04,1.87,3.74,63526400,52200300.0,2026-07-09,16:14:36
600712,南宁百货,4.72,4.76,4.76,4.81,4.61,58845.0,27620000.0,25.71,25.42,-80.41,3.39,1.09,3177300,2707200.0,2026-07-09,16:14:41
600713,南京医药,5.05,5.15,5.12,5.15,4.98,133800.0,67770000.0,66.06,65.14,10.62,0.93,1.04,5202300,8183400.0,2026-07-09,16:14:55
600714,金瑞矿业,15.59,15.92,16.0,16.25,15.09,156240.0,243870000.0,44.93,44.93,316.36,5.97,5.42,8108200,7516100.0,2026-07-09,16:14:50
600715,文投控股,1.51,1.49,1.49,1.53,1.47,275914.0,41390000.0,61.3,43.22,-97.09,5.67,0.96,14569200,13022200.0,2026-07-09,16:14:40
600716,凤凰股份,3.31,3.34,3.34,3.38,3.26,52039.0,17230000.0,30.98,30.98,-7.43,0.7,0.56,2717800,2486100.0,2026-07-09,16:14:48
600717,天津港,4.0,4.05,4.04,4.06,3.99,201602.0,80930000.0,115.76,115.76,10.94,0.57,0.7,9647100,10513000.0,2026-07-09,16:14:41
600718,东软集团,7.33,7.47,7.46,7.46,7.27,148813.0,109220000.0,87.7,87.7,-17.77,0.99,1.24,6567400,8316100.0,2026-07-09,16:14:54
600719,大连热电,7.54,7.34,7.33,7.6,7.26,138601.0,103410000.0,30.51,30.51,-51.17,7.57,3.43,7220000,6640500.0,2026-07-09,16:14:42
600720,中交设计,4.93,5.02,5.0,5.01,4.88,73292.0,36100000.0,113.12,49.75,7.9,0.71,0.73,2769300,4559900.0,2026-07-09,16:14:58
600721,百花医药,6.55,6.69,6.63,6.76,6.46,83165.0,54690000.0,25.19,25.19,94.66,3.18,2.16,3565900,4764600.0,2026-07-09,16:14:44
600722,金牛化工,7.78,7.81,8.0,8.48,7.7,543608.0,432930000.0,52.93,52.93,111.28,4.2,7.99,26414800,27948200.0,2026-07-09,16:14:44
600724,宁波富达,5.28,5.23,5.12,5.31,5.12,70428.0,36800000.0,76.31,76.29,41.15,2.77,0.49,3238000,3804800.0,2026-07-09,16:14:36
600725,云维股份,3.14,3.12,3.09,3.17,3.03,145057.0,44910000.0,38.7,38.7,-102.89,15.08,1.18,7410300,7095500.0,2026-07-09,16:14:38
600726,华电能源,6.06,5.9,5.89,6.15,5.79,1038529.0,620990000.0,479.18,453.01,147.58,9.62,1.39,55464500,48420700.0,2026-07-09,16:14:39
600727,鲁北化工,6.7,6.46,6.88,6.97,6.58,304970.0,205930000.0,35.42,35.42,60.21,1.1,5.77,14827700,15672800.0,2026-07-09,16:14:47
600728,佳都科技,4.18,4.21,4.19,4.23,4.13,310257.0,129740000.0,89.14,89.14,135.51,1.13,1.45,15137100,15891900.0,2026-07-09,16:14:59
600729,重百集团,19.23,19.66,19.42,19.72,19.23,26431.0,51500000.0,84.7,37.01,9.97,1.04,1.37,1161600,1491800.0,2026-07-09,16:14:34
600730,*ST高科,10.61,10.38,10.33,10.65,9.98,131656.0,136200000.0,62.24,62.24,-48.37,3.71,2.24,6091600,7074200.0,2026-07-09,16:14:46
600731,湖南海利,5.2,5.31,5.32,5.33,5.16,49628.0,25870000.0,28.8,28.17,12.43,0.9,0.92,1850700,3112100.0,2026-07-09,16:14:46
600732,爱旭股份,11.86,11.8,11.83,11.99,11.4,284724.0,333410000.0,250.86,249.68,-12.79,5.31,1.35,13349100,15128700.0,2026-07-09,16:14:38
600733,北汽蓝谷,4.64,4.56,4.52,4.68,4.51,788136.0,362160000.0,295.44,257.78,-6.59,4.91,1.42,42453600,36373800.0,2026-07-09,16:14:59
600734,*ST实达,1.76,1.76,1.74,1.83,1.71,585775.0,103890000.0,38.34,38.33,-27.26,16.73,2.69,29161400,29427400.0,2026-07-09,16:14:35
600735,ST新华锦,6.28,6.32,6.35,6.48,6.16,71765.0,45230000.0,26.93,26.72,-20.7,2.52,1.69,3272100,3904400.0,2026-07-09,16:14:50
600736,苏州高新,6.82,6.58,6.59,6.85,6.53,342932.0,230240000.0,78.52,78.52,36.37,1.05,2.98,19319600,14978500.0,2026-07-09,16:14:56
600737,中粮糖业,11.48,11.5,11.3,11.72,11.11,265505.0,304790000.0,245.54,245.54,24.8,2.11,1.24,13796000,12755400.0,2026-07-09,16:14:45
600738,丽尚国潮,3.7,3.74,3.72,3.77,3.64,81558.0,30140000.0,28.17,28.14,16.92,1.35,1.07,4183900,3971900.0,2026-07-09,16:14:41
600739,辽宁成大,10.06,10.01,10.02,10.11,9.88,144988.0,144940000.0,153.14,153.14,16.29,0.52,0.95,6997800,7506000.0,2026-07-09,16:14:50
600740,山西焦化,3.29,3.34,3.32,3.38,3.27,261903.0,86800000.0,84.29,84.29,62.35,0.56,1.02,10240300,15952100.0,2026-07-09,16:14:59
600741,华域汽车,15.79,16.01,15.99,16.01,15.69,150218.0,236990000.0,497.82,497.82,6.94,0.73,0.48,6796700,8225100.0,2026-07-09,16:14:37
600742,富维股份,7.07,7.22,7.25,7.25,6.98,67736.0,47810000.0,52.53,52.53,11.72,0.62,0.91,2581400,4197200.0,2026-07-09,16:14:56
600743,华远控股,2.1,2.06,2.06,2.12,2.04,245416.0,51040000.0,49.27,49.27,-48.52,8.9,1.05,13043500,11498100.0,2026-07-09,16:14:32
600744,华银电力,5.49,5.44,5.44,5.54,5.31,492704.0,267730000.0,111.51,111.51,77.26,8.65,2.43,24406200,24887200.0,2026-07-09,16:14:43
600745,*ST闻泰,19.31,18.53,17.92,19.7,17.81,846115.0,1607460000.0,245.98,245.98,-2.67,1.05,6.64,44503300,40178200.0,2026-07-09,16:14:33
600746,江苏索普,5.18,5.28,5.33,5.34,5.13,110486.0,57520000.0,60.49,60.49,92.5,1.11,0.95,5350800,5697800.0,2026-07-09,16:14:51
600748,上实发展,3.57,3.58,3.58,3.64,3.51,104546.0,37370000.0,65.85,65.85,-10.08,0.64,0.57,4821700,5632900.0,2026-07-09,16:14:40
600749,西藏旅游,14.65,15.33,14.8,15.29,14.05,217253.0,318050000.0,33.25,33.25,268.19,3.2,9.57,8778500,12958600.0,2026-07-09,16:14:35
600750,华润江中,23.7,24.15,23.95,24.38,23.7,38766.0,93230000.0,150.64,149.03,16.56,4.01,0.62,2128900,1749600.0,2026-07-09,16:14:53
600751,海航科技,2.79,2.79,2.78,2.8,2.71,277756.0,76640000.0,80.89,71.79,110.93,1.08,1.08,15534100,12241500.0,2026-07-09,16:14:31
600753,ST海钦,11.35,11.59,11.58,11.7,11.28,15047.0,17210000.0,26.14,26.14,43.57,29.76,0.65,455300,1049400.0,2026-07-09,16:14:39
600754,锦江酒店,17.78,18.17,18.05,18.21,17.7,109107.0,194930000.0,189.59,161.09,18.47,1.22,1.2,4709900,6202300.0,2026-07-09,16:14:55
600755,厦门国贸,6.07,5.93,5.92,6.08,5.85,299960.0,179710000.0,129.75,129.42,37.96,0.68,1.41,18335800,11733800.0,2026-07-09,16:14:46
600756,浪潮软件,13.72,13.23,13.98,14.51,13.32,376135.0,522050000.0,47.97,44.47,-18.13,2.15,11.61,20073000,17546400.0,2026-07-09,16:14:55
600757,长江传媒,7.38,7.5,7.51,7.56,7.35,78309.0,58400000.0,89.57,89.56,9.44,0.91,0.65,3393300,4438000.0,2026-07-09,16:14:32
600758,辽宁能源,2.93,2.95,2.94,3.0,2.88,434969.0,127720000.0,38.74,38.7,-8.0,0.73,3.29,20919900,22580200.0,2026-07-09,16:14:59
600759,ST洲际,2.46,2.41,2.48,2.65,2.29,5512863.0,1415280000.0,102.07,101.93,48.03,1.12,13.3,269587800,282276200.0,2026-07-09,16:14:33
600760,中航沈飞,39.75,39.81,39.75,39.95,39.06,126896.0,501130000.0,1126.88,1124.75,34.65,4.89,0.45,5832300,6867900.0,2026-07-09,16:14:53
600761,安徽合力,16.1,16.34,16.33,16.45,15.9,118482.0,190600000.0,143.4,143.4,11.8,1.34,1.33,4636400,7219700.0,2026-07-09,16:15:00
600763,通策医疗,33.87,33.84,33.61,34.6,33.42,60114.0,203780000.0,151.5,151.5,30.0,3.43,1.34,3030300,2982700.0,2026-07-09,16:14:57
600764,中国海防,17.66,17.68,17.64,17.76,17.11,55873.0,97390000.0,125.5,125.5,108.99,1.53,0.79,2611000,2976500.0,2026-07-09,16:14:53
600765,中航重机,12.96,12.76,12.8,13.0,12.63,144359.0,184490000.0,201.2,201.2,35.36,1.4,0.93,6485700,7951800.0,2026-07-09,16:14:39
600768,宁波富邦,14.97,15.21,15.2,15.4,14.6,35532.0,52980000.0,20.02,20.02,24.57,4.37,2.66,1570700,1984600.0,2026-07-09,16:14:30
600769,祥龙电业,17.5,17.15,17.15,17.61,16.38,177538.0,302740000.0,65.62,65.62,341.09,51.78,4.73,8303800,9451300.0,2026-07-09,16:14:31
600770,综艺股份,6.64,6.04,5.99,6.64,5.95,861050.0,551320000.0,86.32,86.32,66.03,2.54,6.62,51724800,34418500.0,2026-07-09,16:14:59
600771,广誉远,13.76,13.97,13.9,14.15,13.63,92030.0,127210000.0,67.35,67.35,101.75,3.96,1.88,5205100,3998500.0,2026-07-09,16:14:44
600773,西藏城投,13.41,12.5,12.34,13.55,12.24,553643.0,727780000.0,127.61,127.61,-22.33,3.01,5.82,28994300,26376900.0,2026-07-09,16:14:43
600774,汉商集团,6.35,6.41,6.4,6.52,6.16,43294.0,27300000.0,18.73,18.72,-10.23,1.27,1.47,2160400,2169000.0,2026-07-09,16:14:48
600775,南京熊猫,9.07,9.07,9.07,9.1,8.74,142739.0,127770000.0,82.89,60.94,253.64,2.67,2.12,6958600,7319600.0,2026-07-09,16:14:36
600776,东方通信,12.5,12.32,12.29,12.55,11.93,172893.0,211710000.0,157.0,119.5,34.33,4.11,1.81,9968200,7325100.0,2026-07-09,16:14:32
600777,新潮能源,4.22,4.32,4.41,4.49,4.19,405701.0,175980000.0,286.98,268.65,37.79,1.29,0.64,15757700,24817400.0,2026-07-09,16:14:51
600778,友好集团,4.92,4.94,4.9,5.0,4.8,60970.0,29790000.0,15.33,15.31,111.29,6.06,1.96,2947800,3149200.0,2026-07-09,16:14:34
600779,水井坊,26.61,26.69,26.6,26.78,26.26,25408.0,67340000.0,129.72,129.72,33.55,2.45,0.52,1099300,1443400.0,2026-07-09,16:14:33
600780,通宝能源,5.75,5.78,5.75,5.81,5.68,79795.0,45800000.0,65.92,65.92,10.11,0.77,0.7,3201600,4777900.0,2026-07-09,16:14:49
600782,新钢股份,2.53,2.56,2.56,2.57,2.51,324187.0,82010000.0,80.56,79.58,-11.53,0.32,1.03,13913900,18504800.0,2026-07-09,16:14:39
600783,鲁信创投,19.37,19.55,19.36,20.41,18.25,392368.0,752140000.0,144.18,144.18,86.35,3.31,5.27,18105000,21152300.0,2026-07-09,16:14:54
600784,鲁银投资,7.63,7.65,7.65,7.72,7.47,107888.0,81860000.0,51.55,51.55,35.35,1.57,1.6,4955200,5835000.0,2026-07-09,16:14:55
600785,新华百货,9.4,9.49,9.47,9.54,9.18,64198.0,60070000.0,29.69,29.69,49.88,1.3,2.03,3213700,3206000.0,2026-07-09,16:14:58
600787,中储股份,4.33,4.36,4.37,4.41,4.31,169599.0,73740000.0,93.96,93.96,17.37,0.68,0.78,7391300,9570700.0,2026-07-09,16:14:57
600789,鲁抗医药,6.76,6.83,6.76,6.91,6.7,171912.0,116380000.0,70.65,68.3,81.25,1.37,1.7,7911600,9280600.0,2026-07-09,16:14:40
600790,轻纺城,3.19,3.22,3.23,3.25,3.15,115920.0,36960000.0,46.76,46.76,15.41,0.81,0.79,5562900,6029100.0,2026-07-09,16:14:36
600791,京能置业,7.99,7.47,7.65,8.09,7.6,307029.0,242540000.0,36.19,36.14,-3.19,-5.97,6.79,16196800,14506200.0,2026-07-09,16:14:59
600792,云煤能源,3.22,3.23,3.18,3.28,3.11,166314.0,53060000.0,35.74,35.74,-7.27,1.46,1.5,8195500,8440900.0,2026-07-09,16:15:00
600793,宜宾纸业,16.67,18.41,17.5,18.25,16.57,221895.0,379800000.0,29.49,29.49,-202.49,13.02,12.54,10763300,11431100.0,2026-07-09,16:14:58
600794,保税科技,2.96,2.95,2.95,2.99,2.9,98328.0,28890000.0,35.52,35.52,-35.75,1.43,0.82,4646300,5189500.0,2026-07-09,16:14:42
600795,国电电力,4.73,4.71,4.71,4.74,4.67,1079315.0,506800000.0,843.62,843.62,12.5,1.38,0.61,52849000,55211000.0,2026-07-09,16:14:40
600796,XD钱江生,4.65,4.69,4.69,4.73,4.5,62794.0,29050000.0,40.3,14.48,23.37,1.17,2.02,2880500,3400200.0,2026-07-09,16:14:58
600797,浙大网新,6.33,6.33,6.3,6.36,6.17,193149.0,121350000.0,65.04,65.04,-89.9,1.96,1.88,8478500,10840400.0,2026-07-09,16:14:41
600798,XD宁波海,3.03,3.03,3.04,3.04,3.0,75495.0,22790000.0,36.56,36.56,55.77,0.93,0.63,3002500,4552700.0,2026-07-09,16:14:38
600800,渤海化学,2.92,2.98,2.99,3.02,2.85,229522.0,67190000.0,32.41,32.4,-5.23,3.31,2.07,11327200,11625000.0,2026-07-09,16:14:41
600801,华新建材,16.9,17.21,17.09,17.45,16.62,133143.0,225040000.0,351.35,226.75,10.81,1.08,0.99,6254000,7061700.0,2026-07-09,16:14:59
600802,福建水泥,4.13,4.14,4.12,4.22,4.03,74154.0,30520000.0,18.93,18.93,-12.68,2.07,1.62,3916900,3498500.0,2026-07-09,16:14:49
600803,XD新奥股,15.42,15.73,15.73,15.92,15.14,123859.0,193370000.0,477.37,473.66,10.95,2.25,0.4,6474600,5911300.0,2026-07-09,16:14:48
600804,退市鹏博,0.14,0.14,0.0,0.0,0.0,0.0,0.0,2.32,1.95,-0.31,-2.44,0.0,0,0.0,2026-07-09,09:00:00
600805,悦达投资,4.1,4.12,4.1,4.15,4.01,60941.0,24820000.0,34.89,34.86,97.47,0.82,0.72,2478800,3615300.0,2026-07-09,16:14:45
600807,济高发展,2.34,2.33,2.31,2.37,2.28,114738.0,26620000.0,20.7,18.42,-10.11,7.0,1.46,4957400,6516400.0,2026-07-09,16:14:49
600808,马钢股份,2.4,2.41,2.41,2.43,2.35,536076.0,128020000.0,184.82,143.23,-826.57,0.77,0.9,25589500,28018500.0,2026-07-09,16:14:44
600809,山西汾酒,105.08,107.64,107.24,107.55,104.84,88606.0,936040000.0,1281.94,1281.94,11.67,2.85,0.73,3709500,5154600.0,2026-07-09,16:14:46
600810,神马股份,5.78,5.8,5.8,5.93,5.67,109968.0,63570000.0,63.04,62.47,-36.1,0.91,1.02,5133700,5863100.0,2026-07-09,16:14:55
600811,*ST东方,0.36,0.36,0.0,0.0,0.0,0.0,0.0,13.17,13.17,-0.1,0.08,0.0,0,0.0,2026-07-09,09:00:00
600812,华北制药,4.51,4.58,4.51,4.63,4.46,185068.0,83560000.0,77.38,77.38,48.05,1.41,1.08,8310000,10196800.0,2026-07-09,16:14:52
600814,杭州解百,6.24,6.33,6.32,6.35,6.18,42742.0,26640000.0,45.87,45.87,20.11,1.2,0.58,1951100,2323100.0,2026-07-09,16:14:48
600815,厦工股份,2.55,2.54,2.55,2.59,2.46,397749.0,100450000.0,45.24,45.24,-55.28,3.11,2.24,18888900,20892500.0,2026-07-09,16:14:46
600816,建元信托,2.43,2.41,2.39,2.44,2.37,537593.0,129040000.0,239.22,132.9,21.57,1.56,0.98,31090900,22668800.0,2026-07-09,16:14:56
600817,宇通重工,9.04,9.14,9.2,9.2,8.92,15842.0,14280000.0,48.1,47.84,15.9,2.01,0.3,782800,802000.0,2026-07-09,16:14:56
600818,ST中路,5.71,6.01,5.95,6.05,5.66,86997.0,50810000.0,18.35,13.59,-25.4,3.67,3.66,3234300,5465400.0,2026-07-09,16:14:47
600819,耀皮玻璃,5.33,5.28,5.25,5.34,5.16,66421.0,34970000.0,52.06,39.84,44.44,1.35,0.89,3161800,3480300.0,2026-07-09,16:14:31
600820,隧道股份,5.37,5.39,5.38,5.4,5.32,144074.0,77190000.0,168.84,168.84,7.74,0.53,0.46,7482300,6925100.0,2026-07-09,16:14:46
600821,金开新能,5.55,5.56,5.54,5.6,5.39,515509.0,283510000.0,109.19,109.19,-284.99,1.21,2.62,25652400,25936600.0,2026-07-09,16:14:35
600822,上海物贸,7.75,7.83,7.82,7.87,7.66,17692.0,13690000.0,38.44,30.7,135.88,3.1,0.45,934600,834600.0,2026-07-09,16:14:50
600824,益民集团,3.41,3.41,3.39,3.45,3.35,70100.0,23750000.0,35.94,35.94,28.34,1.42,0.67,3184200,3825800.0,2026-07-09,16:14:52
600825,新华传媒,4.84,4.65,4.69,4.85,4.63,162628.0,77230000.0,50.57,50.57,118.72,2.04,1.56,8702100,7563800.0,2026-07-09,16:14:51
600826,兰生股份,9.02,9.02,8.88,9.06,8.75,66819.0,59550000.0,66.35,66.35,19.68,1.59,0.91,2991400,3695800.0,2026-07-09,16:14:37
600827,XD百联股,7.47,7.54,7.58,7.6,7.39,104466.0,78420000.0,133.28,119.85,10.83,0.66,0.65,4631300,5816200.0,2026-07-09,16:14:47
600828,茂业商业,3.49,3.47,3.46,3.52,3.41,172016.0,59580000.0,60.45,60.42,-21.7,0.9,0.99,9018900,8182600.0,2026-07-09,16:15:00
600829,人民同泰,7.97,8.03,7.95,8.15,7.81,53585.0,42520000.0,46.22,46.22,33.87,1.51,0.92,2756300,2602200.0,2026-07-09,16:14:53
600830,香溢融通,7.97,8.06,8.04,8.09,7.83,37066.0,29490000.0,36.21,36.21,44.02,1.6,0.82,1436900,2269700.0,2026-07-09,16:14:47
600831,广电网络,3.05,3.02,3.0,3.09,2.95,130122.0,39560000.0,21.68,21.68,-1.41,6.12,1.83,7222300,5790900.0,2026-07-09,16:14:43
600833,第一医药,9.36,9.51,9.5,9.65,9.27,28410.0,26700000.0,20.88,20.88,27.38,1.79,1.27,1346300,1494700.0,2026-07-09,16:14:45
600834,申通地铁,6.67,6.72,6.72,6.75,6.59,14795.0,9830000.0,31.84,31.84,64.77,1.84,0.31,713500,766000.0,2026-07-09,16:14:53
600835,上海机电,21.61,21.04,20.83,21.61,20.7,81161.0,172690000.0,217.68,174.29,28.37,1.56,1.01,4684600,3432400.0,2026-07-09,16:14:43
600838,上海九百,7.04,7.07,7.09,7.1,6.87,64805.0,45180000.0,28.22,28.22,65.85,1.83,1.62,3414000,3066800.0,2026-07-09,16:14:51
600839,四川长虹,6.6,6.7,6.63,6.65,6.43,821553.0,537340000.0,304.67,304.59,41.07,1.98,1.78,36482100,45745600.0,2026-07-09,16:14:43
600841,动力新科,6.18,6.26,6.18,6.36,6.06,148333.0,91800000.0,85.77,64.46,2.75,1.34,1.42,6861400,7971900.0,2026-07-09,16:14:56
600843,上工申贝,7.23,7.61,7.61,7.71,7.0,206481.0,150280000.0,51.56,33.92,-44.44,1.9,4.4,8802400,11852400.0,2026-07-09,16:14:38
600844,金煤科技,2.48,2.44,2.49,2.53,2.42,269888.0,66580000.0,25.21,20.4,-17.49,48.11,3.28,13326800,13675200.0,2026-07-09,16:14:44
600845,宝信软件,20.19,19.4,19.25,20.36,18.66,470211.0,929960000.0,577.01,430.87,46.47,5.45,2.2,26057100,20992000.0,2026-07-09,16:14:46
600846,同济科技,11.43,10.8,10.79,11.51,10.65,75180.0,83590000.0,71.41,71.41,29.47,1.64,1.2,3926000,3593000.0,2026-07-09,16:14:56
600847,万里股份,12.34,12.36,12.36,12.48,11.95,17433.0,21330000.0,18.92,18.92,-32.42,3.95,1.14,834800,908600.0,2026-07-09,16:15:00
600848,上海临港,7.52,7.54,7.54,7.6,7.43,58991.0,44240000.0,189.69,180.02,20.58,1.17,0.25,2631900,3267300.0,2026-07-09,16:14:50
600850,电科数字,14.99,14.79,14.8,15.08,14.53,116483.0,172740000.0,122.35,122.35,40.3,2.55,1.43,6132500,5517200.0,2026-07-09,16:14:32
600851,海欣股份,8.71,8.28,8.27,9.11,8.21,343102.0,300920000.0,105.13,64.3,61.16,2.31,4.65,16712100,17601700.0,2026-07-09,16:14:51
600853,龙建股份,3.03,3.09,3.09,3.11,3.01,93254.0,28350000.0,30.71,30.71,7.91,0.86,0.92,3900100,5425400.0,2026-07-09,16:14:44
600854,春兰股份,4.09,4.14,4.12,4.16,4.04,63606.0,25960000.0,21.25,21.25,16.84,0.88,1.22,2830100,3530500.0,2026-07-09,16:14:37
600855,航天长峰,13.01,12.68,12.65,13.09,12.38,105388.0,134320000.0,60.96,60.84,-36.72,4.36,2.25,6099800,4440400.0,2026-07-09,16:14:32
600857,宁波中百,19.4,19.18,19.19,20.0,18.67,81259.0,156420000.0,43.52,43.52,93.3,4.98,3.62,4114300,4011700.0,2026-07-09,16:14:37
600858,银座股份,4.47,4.52,4.53,4.56,4.42,59749.0,26700000.0,23.25,23.13,40.12,0.85,1.15,2975900,2999700.0,2026-07-09,16:14:44
600859,王府井,9.28,9.45,9.48,9.49,9.23,134829.0,125820000.0,104.3,104.29,-237.74,0.54,1.2,5595300,7893300.0,2026-07-09,16:14:45
600860,京城股份,8.05,8.14,8.1,8.19,7.9,58178.0,46610000.0,44.07,35.75,-59.61,5.34,1.31,2977200,2840600.0,2026-07-09,16:14:42
600861,北京人力,12.6,12.64,12.64,12.65,12.43,13997.0,17540000.0,71.33,67.64,8.47,1.02,0.26,635100,764600.0,2026-07-09,16:14:57
600862,中航高科,19.69,19.05,18.95,19.8,18.66,331984.0,640620000.0,274.29,274.29,29.69,3.6,2.38,18045000,15180400.0,2026-07-09,16:14:59
600863,华能蒙电,4.49,4.36,4.34,4.57,4.32,1807997.0,805150000.0,351.8,293.06,15.52,1.68,2.77,102397200,78445300.0,2026-07-09,16:14:32
600864,哈投股份,5.28,5.24,5.24,5.29,5.22,204515.0,107460000.0,109.85,109.85,35.6,0.85,0.98,11231500,9220400.0,2026-07-09,16:14:56
600865,百大集团,8.18,8.31,8.3,8.39,8.06,55769.0,45690000.0,30.78,30.78,147.98,1.33,1.48,2759500,2821100.0,2026-07-09,16:14:50
600866,星湖科技,4.53,4.57,4.58,4.62,4.49,133453.0,60570000.0,75.26,56.89,16.44,0.92,1.06,6074200,7272700.0,2026-07-09,16:14:51
600867,通化东宝,7.96,7.97,7.87,8.1,7.83,211474.0,168720000.0,155.9,155.9,12.61,2.34,1.08,9832400,11337700.0,2026-07-09,16:14:44
600868,梅雁吉祥,2.44,2.41,2.41,2.45,2.36,394531.0,95260000.0,46.31,46.31,-48.61,2.39,2.08,19176400,20285600.0,2026-07-09,16:15:00
600869,远东股份,23.09,23.1,23.4,23.45,21.4,1342343.0,3020450000.0,512.45,512.45,467.69,11.91,6.05,74379200,59875000.0,2026-07-09,16:15:00
600871,石化油服,2.06,2.06,2.07,2.13,2.05,2292900.0,479140000.0,390.52,279.07,60.52,4.06,1.69,120663200,108646300.0,2026-07-09,16:14:41
600872,中炬高新,17.99,18.52,18.5,18.59,17.88,178189.0,322700000.0,139.3,138.7,22.51,2.34,2.31,7815300,10005100.0,2026-07-09,16:14:41
600873,梅花生物,8.13,8.13,8.12,8.2,8.02,201436.0,163150000.0,227.98,227.98,9.58,1.39,0.72,10017900,10127000.0,2026-07-09,16:14:32
600874,创业环保,5.49,5.53,5.53,5.53,5.41,64656.0,35310000.0,86.22,67.55,9.75,0.82,0.53,2921600,3545300.0,2026-07-09,16:14:40
600875,东方电气,27.87,27.71,27.72,28.06,26.75,506317.0,1388110000.0,963.85,630.8,22.61,2.06,2.24,26752300,23921900.0,2026-07-09,16:14:55
600876,凯盛新能,6.77,6.7,6.7,6.83,6.63,50945.0,34290000.0,43.71,26.79,-3.83,1.59,1.29,2549600,2545800.0,2026-07-09,16:14:53
600877,电科芯片,17.1,15.8,15.84,17.18,15.77,428419.0,701530000.0,202.47,202.47,678.08,8.09,3.62,24889600,18017500.0,2026-07-09,16:14:45
600879,航天电子,21.19,20.77,20.7,21.2,20.27,1481261.0,3079360000.0,699.12,699.12,305.91,3.35,4.49,71916100,76341000.0,2026-07-09,16:14:50
600880,博瑞传播,3.72,3.68,3.72,3.78,3.64,171154.0,63530000.0,40.67,40.66,-297.81,1.35,1.57,8213500,8902900.0,2026-07-09,16:14:35
600881,亚泰集团,1.46,1.46,1.45,1.48,1.44,355666.0,51860000.0,47.19,47.19,-2.63,10.97,1.1,13731300,21849700.0,2026-07-09,16:14:57
600882,妙可蓝多,19.63,19.41,19.08,20.3,18.98,202727.0,400590000.0,100.12,100.12,73.21,2.08,3.97,9969300,10311800.0,2026-07-09,16:14:35
600883,博闻科技,6.85,6.93,6.9,7.01,6.72,36416.0,24990000.0,16.17,16.17,57.48,1.66,1.54,1673000,1968600.0,2026-07-09,16:14:33
600884,杉杉股份,11.94,12.51,12.36,12.45,11.49,901890.0,1076160000.0,268.58,219.11,35.53,1.19,4.91,44525200,45722700.0,2026-07-09,16:14:53
600885,宏发股份,36.23,35.4,35.65,36.44,34.43,246672.0,875530000.0,560.69,560.69,30.63,4.47,1.59,12945500,11735200.0,2026-07-09,16:14:56
600886,国投电力,13.73,13.46,13.32,13.78,13.29,449766.0,611960000.0,1099.02,1023.46,14.79,1.59,0.6,27194100,17800100.0,2026-07-09,16:15:00
600887,伊利股份,24.85,25.22,25.01,25.12,24.82,513950.0,1281070000.0,1571.85,1564.04,13.01,2.92,0.82,23164200,28245400.0,2026-07-09,16:14:41
600888,新疆众和,12.17,12.5,12.5,12.68,11.4,990695.0,1187470000.0,189.01,189.01,26.8,1.5,6.38,53236700,45837700.0,2026-07-09,16:14:40
600889,*ST京化,15.83,15.64,15.74,15.86,15.46,25001.0,39210000.0,92.86,57.99,-164.44,6.01,0.68,1226300,1273800.0,2026-07-09,16:15:00
600892,大晟文化,3.45,3.25,3.26,3.58,3.2,278055.0,96930000.0,19.3,19.3,-21.92,220.08,4.97,15822600,11982900.0,2026-07-09,16:14:42
600893,航发动力,35.75,35.45,35.2,35.88,34.44,353661.0,1240340000.0,952.95,952.78,151.41,2.38,1.33,17492200,17882200.0,2026-07-09,16:14:36
600894,广日股份,7.46,7.42,7.42,7.48,7.33,32424.0,24020000.0,63.54,62.9,8.93,0.74,0.38,1578300,1664100.0,2026-07-09,16:14:38
600895,张江高科,35.02,33.58,33.92,35.2,33.13,364488.0,1252730000.0,542.35,542.35,69.97,3.97,2.35,21089000,15373600.0,2026-07-09,16:14:40
600897,厦门空港,14.53,14.66,14.66,14.69,14.4,16232.0,23570000.0,60.58,60.58,11.89,1.22,0.39,680300,942900.0,2026-07-09,16:14:54
600900,长江电力,27.77,27.83,27.7,27.85,27.53,1160399.0,3214020000.0,6794.82,6794.82,18.83,2.98,0.47,50912300,65233700.0,2026-07-09,16:14:47
600901,江苏金租,6.11,6.12,6.07,6.14,6.04,202516.0,123260000.0,353.88,353.8,10.75,1.42,0.35,10838000,9415700.0,2026-07-09,16:14:42
600903,贵州燃气,6.18,6.25,6.25,6.32,6.12,202801.0,125910000.0,71.93,71.93,93.43,2.29,1.74,9453200,10826800.0,2026-07-09,16:14:45
600905,三峡能源,3.68,3.73,3.72,3.73,3.67,908748.0,335170000.0,1052.03,1052.03,45.59,1.17,0.32,34401100,56483400.0,2026-07-09,16:14:54
600906,财达证券,7.36,7.16,7.18,7.38,7.13,589982.0,427760000.0,238.83,156.34,27.07,1.91,2.78,30481500,28527000.0,2026-07-09,16:14:42
600908,无锡银行,5.18,5.25,5.19,5.25,5.16,136795.0,71140000.0,113.68,103.56,4.89,0.5,0.68,6463700,7217200.0,2026-07-09,16:14:39
600909,华安证券,10.1,9.18,9.78,10.1,9.67,3204070.0,3173300000.0,507.45,507.45,25.16,1.92,6.38,148473500,171939400.0,2026-07-09,16:14:41
600916,中国黄金,7.02,7.03,6.93,7.06,6.87,228348.0,158720000.0,117.94,117.94,38.72,1.67,1.36,10766500,12073600.0,2026-07-09,16:14:55
600917,重庆燃气,4.75,4.78,4.8,4.8,4.7,38713.0,18350000.0,74.15,74.15,32.91,1.3,0.25,1600100,2271200.0,2026-07-09,16:14:36
600918,中泰证券,5.37,5.34,5.35,5.37,5.26,357359.0,190050000.0,425.21,245.02,27.72,0.95,0.78,16580800,19161500.0,2026-07-09,16:14:59
600919,江苏银行,11.37,11.46,11.4,11.44,11.28,866436.0,984710000.0,2086.55,2086.55,5.91,0.79,0.47,44957500,41705300.0,2026-07-09,16:14:42
600925,苏能股份,4.26,4.37,4.37,4.37,4.23,94739.0,40550000.0,293.47,68.42,133.91,1.9,0.59,4189600,5284600.0,2026-07-09,16:14:39
600926,杭州银行,15.22,15.4,15.33,15.34,15.13,322849.0,491740000.0,1103.3,1103.3,5.62,0.8,0.45,15305600,16991800.0,2026-07-09,16:14:48
600927,永安期货,12.75,12.8,12.66,12.79,12.49,45233.0,57170000.0,184.93,184.93,22.72,1.41,0.31,2270200,2253200.0,2026-07-09,16:14:52
600928,西安银行,3.48,3.52,3.51,3.52,3.46,238123.0,83050000.0,154.67,153.93,5.74,0.43,0.54,9516200,14302800.0,2026-07-09,16:14:46
600929,雪天盐业,4.61,4.7,4.7,4.73,4.55,171527.0,79170000.0,75.61,75.61,129.25,1.0,1.05,7370600,9805100.0,2026-07-09,16:14:47
600933,爱柯迪,13.51,14.0,14.0,14.02,13.35,148932.0,202480000.0,139.16,132.53,12.28,1.48,1.52,6455300,8439000.0,2026-07-09,16:14:48
600935,华塑股份,2.2,2.24,2.24,2.26,2.18,225736.0,49860000.0,79.08,77.16,-69.5,1.33,0.64,6931700,15641900.0,2026-07-09,16:15:00
600936,北投科技,4.56,4.58,4.41,4.58,4.3,648397.0,290830000.0,76.2,76.2,-37.74,7.67,3.88,30295700,34577100.0,2026-07-09,16:14:37
600938,中国海油,28.35,28.76,29.05,29.24,28.28,709179.0,2036520000.0,13474.74,847.66,10.81,1.61,2.37,33532000,37410300.0,2026-07-09,16:14:41
600939,重庆建工,2.45,2.44,2.43,2.49,2.4,90297.0,22050000.0,46.61,46.61,-3.92,0.67,0.47,4059800,4970000.0,2026-07-09,16:14:38
600941,中国移动,88.71,89.95,89.19,90.03,88.59,76534.0,684410000.0,19235.61,800.85,14.16,1.35,0.85,3248800,4409500.0,2026-07-09,16:14:55
600955,维远股份,14.47,14.69,14.78,14.8,14.06,61672.0,88570000.0,79.58,79.58,-10.5,1.04,1.12,2801300,3368700.0,2026-07-09,16:14:44
600956,新天绿能,6.76,6.8,6.85,6.85,6.7,74635.0,50450000.0,304.22,158.73,19.16,1.23,0.32,3518000,3946700.0,2026-07-09,16:14:56
600958,东方证券,9.27,9.21,9.21,9.28,9.15,481191.0,443570000.0,787.64,692.42,13.62,0.96,0.64,21530700,26630300.0,2026-07-09,16:14:34
600959,江苏有线,2.93,2.92,2.9,2.96,2.88,310859.0,90720000.0,146.52,146.52,67.39,0.64,0.62,15914800,15174900.0,2026-07-09,16:14:42
600960,渤海汽车,3.93,3.93,3.88,3.97,3.82,148327.0,57560000.0,37.36,37.36,23.34,1.06,1.56,7300200,7594600.0,2026-07-09,16:14:38
600961,株冶集团,27.65,26.37,26.87,28.26,26.18,700270.0,1897750000.0,296.65,207.88,14.89,5.87,9.31,33103700,36930400.0,2026-07-09,16:14:32
600962,国投中鲁,23.59,23.5,24.23,24.23,22.5,71702.0,167190000.0,61.86,61.86,340.44,6.53,2.73,3598400,3574400.0,2026-07-09,16:14:44
600963,岳阳林纸,3.04,3.06,3.06,3.09,2.99,314041.0,95240000.0,53.43,53.43,-19.72,0.7,1.79,13486500,17919400.0,2026-07-09,16:14:42
600965,*ST福成,2.65,2.64,2.65,2.77,2.6,69534.0,18570000.0,21.7,21.7,39.83,0.99,0.85,2898000,4055400.0,2026-07-09,16:14:52
600966,XD博汇纸,4.91,4.91,4.91,4.97,4.8,104277.0,50880000.0,65.64,65.64,41.68,0.88,0.78,4442200,5988100.0,2026-07-09,16:14:42
600967,XD内蒙一,10.55,10.46,10.53,10.64,10.28,138064.0,144190000.0,179.54,179.54,62.59,1.52,0.81,7154700,6664400.0,2026-07-09,16:14:36
600968,海油发展,3.48,3.5,3.53,3.56,3.44,462698.0,161940000.0,353.75,353.75,9.01,1.23,0.46,21272700,25000100.0,2026-07-09,16:14:47
600969,郴电国际,7.28,7.34,7.25,7.38,7.07,66334.0,47860000.0,26.94,26.94,35.07,0.75,1.79,3117900,3515800.0,2026-07-09,16:14:56
600970,中材国际,7.15,7.14,7.18,7.19,7.05,187217.0,133300000.0,187.46,187.46,7.06,0.85,0.71,8799300,9923900.0,2026-07-09,16:14:45
600971,恒源煤电,7.05,7.17,7.14,7.23,7.03,131219.0,93220000.0,84.6,84.6,-44.9,0.73,1.09,6363900,6758400.0,2026-07-09,16:14:45
600973,宝胜股份,6.13,6.3,6.28,6.28,6.01,217003.0,133080000.0,84.06,84.06,-498.01,2.48,1.58,8399000,13306600.0,2026-07-09,16:14:51
600975,新五丰,4.94,4.79,4.75,5.0,4.72,185789.0,90900000.0,61.73,61.73,-4.85,3.46,1.49,11062100,7519000.0,2026-07-09,16:14:31
600976,健民集团,27.2,28.1,28.17,28.33,26.9,27554.0,75270000.0,41.72,41.7,12.37,1.6,1.8,1256800,1500300.0,2026-07-09,16:14:56
600977,中国电影,13.75,13.6,13.4,13.92,13.11,476198.0,648320000.0,256.71,256.71,179.14,2.34,2.55,23964300,23693300.0,2026-07-09,16:14:41
600979,广安爱众,3.69,3.68,3.65,3.72,3.59,224561.0,82190000.0,46.56,45.82,-12.81,1.12,1.81,10061600,12395500.0,2026-07-09,16:14:57
600980,北矿科技,17.17,17.71,17.65,17.65,16.62,37091.0,63350000.0,33.18,32.5,26.18,2.16,1.96,1827900,1881200.0,2026-07-09,16:14:43
600981,苏豪汇鸿,2.21,2.19,2.18,2.22,2.15,168014.0,36670000.0,49.56,49.56,-1436.04,0.99,0.75,8528700,8273700.0,2026-07-09,16:14:45
600982,宁波能源,4.57,4.52,4.5,4.59,4.46,171661.0,77710000.0,51.08,51.08,13.51,1.17,1.54,7937700,9235200.0,2026-07-09,16:14:59
600983,惠而浦,7.16,7.23,7.23,7.24,7.03,21328.0,15190000.0,54.88,54.88,11.0,2.14,0.28,902600,1230200.0,2026-07-09,16:14:37
600984,建设机械,3.87,3.6,3.58,3.88,3.56,571685.0,214200000.0,48.65,48.65,-2.18,2.72,4.55,37189400,19989000.0,2026-07-09,16:14:42
600985,淮北矿业,14.19,14.56,14.39,14.65,14.16,211497.0,303550000.0,382.17,382.17,29.28,0.92,0.79,10267000,10883900.0,2026-07-09,16:14:32
600986,浙文互联,6.55,6.41,6.4,6.65,6.34,633646.0,411660000.0,97.42,97.42,-206.54,1.89,4.26,33653300,29714600.0,2026-07-09,16:14:47
600987,航民股份,6.4,6.46,6.43,6.44,6.34,47471.0,30280000.0,65.33,65.33,8.86,0.99,0.47,1911300,2835800.0,2026-07-09,16:14:39
600988,赤峰黄金,31.35,31.32,29.9,31.49,29.9,663506.0,2040230000.0,595.78,521.64,16.61,4.35,3.99,32360500,34020700.0,2026-07-09,16:14:49
600989,宝丰能源,20.1,20.28,20.5,20.78,19.98,746380.0,1512910000.0,1474.01,1474.01,11.72,3.0,1.02,34240000,40466600.0,2026-07-09,16:14:46
600990,四创电子,19.16,19.26,19.0,19.88,18.59,108481.0,207060000.0,51.93,51.54,-16.02,3.36,4.03,4946300,5902600.0,2026-07-09,16:14:47
600992,贵绳股份,9.68,8.8,9.39,9.68,9.39,48033.0,46390000.0,23.72,23.72,-806.25,1.66,1.96,648100,4155500.0,2026-07-09,16:14:37
600993,马应龙,23.8,23.27,23.21,24.24,22.98,97392.0,231780000.0,102.59,102.41,17.37,2.23,2.26,5290300,4450200.0,2026-07-09,16:14:47
600995,南网储能,11.69,11.75,11.75,11.79,11.47,172600.0,200340000.0,373.61,373.61,21.13,1.64,0.54,9870100,7401600.0,2026-07-09,16:14:32
600996,贵广网络,6.06,5.98,6.0,6.12,5.95,203492.0,122930000.0,75.56,75.56,-5.73,4.82,1.63,10348100,10005600.0,2026-07-09,16:14:43
600997,开滦股份,5.01,5.21,5.16,5.26,5.01,106324.0,54370000.0,79.55,79.55,-38.07,0.59,0.67,5591000,5041400.0,2026-07-09,16:14:58
600998,九州通,5.0,5.01,4.99,5.05,4.93,271784.0,135760000.0,252.12,252.12,12.49,0.95,0.54,15147300,12043700.0,2026-07-09,16:14:38
600999,招商证券,21.75,20.33,20.8,21.82,20.71,1816353.0,3865650000.0,1891.49,1614.29,14.21,1.52,2.45,91476800,90201100.0,2026-07-09,16:14:46
601000,唐山港,4.2,4.2,4.2,4.24,4.11,360115.0,150030000.0,248.89,248.89,11.92,1.2,0.61,18886500,17125100.0,2026-07-09,16:14:34
601001,晋控煤业,17.77,18.86,18.69,18.69,17.73,290207.0,525230000.0,297.42,297.42,17.94,1.52,1.73,13371700,15650700.0,2026-07-09,16:14:48
601002,晋亿实业,4.3,4.34,4.29,4.35,4.2,88754.0,37820000.0,41.04,41.04,15.99,0.95,0.93,3940600,4934800.0,2026-07-09,16:14:44
601003,柳钢股份,3.33,3.42,3.45,3.45,3.31,143792.0,48130000.0,87.72,85.34,20.21,0.96,0.56,6702400,7678900.0,2026-07-09,16:14:30
601005,重庆钢铁,1.16,1.16,1.16,1.17,1.15,405152.0,46910000.0,111.47,96.44,-3.98,0.76,0.49,17330200,23213000.0,2026-07-09,16:14:47
601006,大秦铁路,4.81,4.86,4.85,4.86,4.78,849990.0,408690000.0,955.41,955.41,16.72,0.58,0.43,44601400,40480300.0,2026-07-09,16:14:58
601007,金陵饭店,6.08,6.19,6.15,6.21,6.0,37783.0,23010000.0,23.71,23.71,36.31,1.52,0.97,1624800,2153500.0,2026-07-09,16:14:38
601008,连云港,4.12,4.17,4.15,4.19,4.09,53260.0,21980000.0,51.11,51.11,28.61,1.23,0.43,2260200,3066200.0,2026-07-09,16:14:39
601009,南京银行,10.64,10.69,10.65,10.77,10.54,368114.0,392110000.0,1315.48,1315.48,5.9,0.71,0.3,19311300,17504900.0,2026-07-09,16:14:50
601010,ST文峰,1.66,1.64,1.64,1.76,1.6,749154.0,125840000.0,30.68,30.68,-28.81,0.74,4.05,36010900,38915400.0,2026-07-09,16:14:54
601011,宝泰隆,2.56,2.59,2.61,2.63,2.52,223795.0,57480000.0,49.04,49.04,-15.85,0.91,1.17,9820200,12564300.0,2026-07-09,16:14:34
601012,隆基绿能,11.83,11.74,11.7,11.85,11.51,1033902.0,1209060000.0,896.49,896.48,-12.98,1.78,1.36,48610200,54865400.0,2026-07-09,16:14:57
601015,陕西黑猫,2.91,2.9,2.88,2.97,2.85,259595.0,75770000.0,59.44,59.44,-4.84,1.24,1.27,13872500,12102900.0,2026-07-09,16:14:48
601016,节能风电,3.37,3.32,3.3,3.38,3.25,1494169.0,495930000.0,220.55,203.49,44.3,1.24,2.47,79920400,69670900.0,2026-07-09,16:14:36
601018,宁波港,3.26,3.3,3.28,3.29,3.25,406652.0,132910000.0,634.21,634.21,12.28,0.79,0.21,18826000,21839800.0,2026-07-09,16:14:32
601019,山东出版,6.84,6.86,6.86,6.88,6.79,54740.0,37390000.0,142.74,142.74,12.11,0.94,0.26,2336200,3137800.0,2026-07-09,16:14:51
601020,华钰矿业,20.92,21.02,20.81,21.38,20.1,219595.0,454940000.0,171.54,171.54,20.05,3.99,2.68,10542900,11419000.0,2026-07-09,16:14:37
601021,春秋航空,45.86,46.85,46.3,46.47,45.24,88924.0,407240000.0,448.66,448.66,17.1,2.41,0.91,4371000,4521900.0,2026-07-09,16:14:45
601022,宁波远洋,7.57,7.66,7.71,7.71,7.54,38849.0,29500000.0,99.06,99.06,16.01,1.6,0.3,1462100,2428500.0,2026-07-09,16:14:50
601028,玉龙股份,12.83,12.83,0.0,0.0,0.0,0.0,0.0,100.46,100.46,27.25,2.91,0.0,0,0.0,2026-07-09,09:00:00
601033,永兴股份,13.38,13.82,13.82,13.84,13.37,56536.0,76330000.0,120.42,32.11,13.36,1.15,2.36,2205500,3448100.0,2026-07-09,16:14:53
601038,一拖股份,11.64,12.2,12.13,12.13,11.5,105211.0,123520000.0,130.79,85.17,15.48,1.63,1.44,5307200,5214700.0,2026-07-09,16:14:55
601058,赛轮轮胎,12.17,12.8,12.59,12.68,12.11,509199.0,624610000.0,400.16,400.16,11.3,1.83,1.55,17673200,33250100.0,2026-07-09,16:15:00
601059,信达证券,16.79,16.57,16.63,16.8,16.37,86125.0,143110000.0,544.5,544.5,25.43,2.45,0.27,4463600,4150900.0,2026-07-09,16:14:44
601061,中信金属,10.67,10.86,10.83,10.92,10.26,150805.0,159010000.0,522.83,522.83,14.96,2.16,0.31,7156800,7925000.0,2026-07-09,16:14:54
601065,江盐集团,6.74,6.82,6.78,6.85,6.68,37961.0,25600000.0,43.32,43.32,21.41,0.98,0.59,1342100,2454100.0,2026-07-09,16:14:42
601066,中信建投,29.3,27.76,28.2,29.39,27.73,709481.0,2021080000.0,2272.71,1903.23,20.18,2.63,1.09,38638000,32365600.0,2026-07-09,16:14:34
601068,中铝国际,4.2,4.22,4.24,4.25,4.13,113880.0,47700000.0,125.49,107.5,46.91,4.08,0.44,5748800,5639200.0,2026-07-09,16:14:31
601069,西部黄金,24.65,25.12,23.88,24.95,23.76,282889.0,688230000.0,224.56,218.69,23.13,4.39,3.19,13405300,14888600.0,2026-07-09,16:14:42
601077,渝农商行,6.37,6.37,6.34,6.41,6.26,537391.0,340480000.0,723.44,563.0,5.87,0.54,0.61,28519800,25219300.0,2026-07-09,16:14:44
601083,锦江航运,10.24,10.46,10.46,10.51,10.21,44409.0,45790000.0,132.52,19.88,8.96,1.49,2.29,1873700,2567200.0,2026-07-09,16:14:34
601086,国芳集团,6.68,6.72,6.7,6.78,6.56,64944.0,43160000.0,44.49,44.49,46.01,2.85,0.98,2953500,3541600.0,2026-07-09,16:14:56
601088,中国神华,42.13,42.29,42.0,42.59,41.57,325881.0,1373640000.0,9137.76,6947.67,17.72,1.82,0.2,15778600,16823400.0,2026-07-09,16:14:41
601089,福元医药,16.86,16.97,16.78,17.38,16.63,36257.0,61250000.0,80.93,80.93,18.64,2.22,0.76,1703200,1923300.0,2026-07-09,16:14:37
601096,宏盛华源,4.08,4.11,4.09,4.13,3.99,230933.0,93670000.0,109.15,67.03,28.41,2.32,1.41,9778000,13315400.0,2026-07-09,16:14:58
601098,中南传媒,10.27,10.36,10.29,10.39,10.23,69623.0,71850000.0,184.45,184.45,11.49,1.11,0.39,2599800,4362500.0,2026-07-09,16:14:35
601099,太平洋,3.43,3.39,3.39,3.44,3.37,951757.0,324410000.0,233.8,233.8,140.02,2.35,1.4,53541800,41654000.0,2026-07-09,16:14:46
601100,恒立液压,107.7,108.57,108.0,109.17,105.15,74362.0,795120000.0,1444.06,1444.06,52.16,8.07,0.55,3515200,3927000.0,2026-07-09,16:14:41
601101,昊华能源,11.3,12.23,11.46,11.96,11.15,403168.0,461150000.0,162.72,162.72,29.28,1.36,2.8,20369300,19969300.0,2026-07-09,16:14:52
601106,中国一重,3.0,2.98,2.97,3.01,2.88,814457.0,240270000.0,205.73,205.73,-91.05,3.98,1.19,43600700,37880800.0,2026-07-09,16:14:35
601107,四川成渝,5.18,5.25,5.25,5.28,5.16,80585.0,42000000.0,158.41,112.03,10.68,0.96,0.37,4138000,3920900.0,2026-07-09,16:14:38
601108,财通证券,8.72,8.49,8.5,8.77,8.42,606664.0,521480000.0,404.94,404.94,13.68,1.07,1.31,33623600,27046000.0,2026-07-09,16:14:45
601111,中国国航,5.93,6.02,5.95,5.96,5.82,1180834.0,695830000.0,1215.21,690.14,61.14,1.9,1.01,44299400,73808900.0,2026-07-09,16:14:35
601113,华鼎股份,3.21,3.21,3.2,3.24,3.15,121256.0,38730000.0,43.47,35.44,31.56,0.92,1.1,6570500,5555100.0,2026-07-09,16:14:56
601116,三江购物,9.68,9.79,9.6,9.77,9.47,97349.0,93560000.0,53.02,53.02,29.99,1.61,1.78,4591100,5147900.0,2026-07-09,16:14:50
601117,中国化学,7.32,7.38,7.39,7.41,7.21,683212.0,498650000.0,447.01,444.29,6.82,0.65,1.13,26099700,42245200.0,2026-07-09,16:14:43
601118,海南橡胶,4.84,4.86,4.83,4.91,4.73,380048.0,182660000.0,207.12,207.12,-162.82,2.17,0.89,18333400,19672900.0,2026-07-09,16:14:58
601121,宝地矿业,6.4,6.82,6.58,6.6,6.14,514909.0,325910000.0,62.99,51.2,40.06,1.46,6.44,23417500,28108200.0,2026-07-09,16:14:41
601126,四方股份,56.0,54.0,54.63,56.28,52.7,256977.0,1401860000.0,466.54,462.05,54.37,10.21,3.11,14123600,11584700.0,2026-07-09,16:14:46
601127,赛力斯,58.97,58.53,58.36,59.4,57.6,207374.0,1215730000.0,1027.25,918.28,17.23,2.57,1.33,10834400,9919800.0,2026-07-09,16:14:57
601128,常熟银行,6.02,6.09,6.05,6.08,5.99,364755.0,219930000.0,219.62,219.62,5.06,0.69,1.0,13926900,22549800.0,2026-07-09,16:14:45
601133,柏诚股份,35.55,34.36,36.64,37.8,33.7,414315.0,1480390000.0,187.07,186.42,97.4,6.28,7.9,16753900,24689400.0,2026-07-09,16:14:56
601136,首创证券,14.3,14.11,14.08,14.33,14.03,93340.0,132300000.0,390.87,390.87,35.47,2.76,0.34,4960800,4376200.0,2026-07-09,16:14:46
601137,博威合金,19.32,19.4,19.57,19.86,18.27,245643.0,465260000.0,177.51,177.38,-62.67,1.9,2.68,12614300,11954100.0,2026-07-09,16:14:37
601138,工业富联,69.53,66.01,66.61,69.66,65.61,1736829.0,11766030000.0,13797.6,13797.6,33.94,7.83,0.88,97186300,76644300.0,2026-07-09,16:14:52
601139,深圳燃气,5.89,5.92,5.95,5.95,5.84,129279.0,76220000.0,169.44,169.44,11.75,1.06,0.45,5913800,7014600.0,2026-07-09,16:14:48
601155,新城控股,10.66,10.36,10.32,10.67,10.27,169489.0,178330000.0,240.45,240.45,34.98,0.39,0.75,10431000,6520600.0,2026-07-09,16:14:52
601156,东航物流,16.42,17.03,17.0,17.06,16.33,142370.0,235510000.0,260.68,155.1,9.58,1.29,1.51,6027500,8211200.0,2026-07-09,16:14:48
601158,重庆水务,4.04,4.08,4.04,4.08,4.02,48603.0,19640000.0,193.92,193.92,23.23,1.14,0.1,1721200,3139100.0,2026-07-09,16:14:51
601162,天风证券,3.8,3.64,3.75,3.85,3.7,4402785.0,1665270000.0,382.81,326.72,290.24,1.4,5.12,257064600,183600000.0,2026-07-09,16:14:41
601163,三角轮胎,13.22,13.35,13.34,13.36,13.11,27346.0,36060000.0,105.76,105.76,10.85,0.75,0.34,1153300,1581900.0,2026-07-09,16:14:57
601166,兴业银行,17.19,17.21,17.1,17.33,16.99,865472.0,1486960000.0,3637.9,3637.9,4.69,0.44,0.41,47476400,39105500.0,2026-07-09,16:14:38
601168,西部矿业,28.99,28.18,28.18,29.21,27.4,425998.0,1203390000.0,690.83,690.83,15.63,3.49,1.79,21337300,21268900.0,2026-07-09,16:14:46
601169,北京银行,5.11,5.12,5.11,5.13,5.07,1402627.0,716010000.0,1080.41,1080.41,5.27,0.38,0.66,70787800,69655800.0,2026-07-09,16:14:38
601177,杭齿前进,13.16,13.37,13.37,13.37,12.75,116072.0,151190000.0,53.66,52.96,20.43,1.86,2.88,5301700,6306100.0,2026-07-09,16:14:36
601179,中国西电,13.31,13.27,13.25,13.35,12.61,1335212.0,1733590000.0,682.25,682.25,51.63,2.96,2.6,65251300,68354700.0,2026-07-09,16:14:35
601186,中国铁建,6.1,6.14,6.12,6.13,6.07,308168.0,187790000.0,828.35,701.7,4.71,0.3,0.27,11875100,18946700.0,2026-07-09,16:14:57
601187,厦门银行,6.93,6.96,6.9,7.04,6.84,153754.0,107150000.0,182.89,182.49,6.82,0.68,0.58,8928400,6449000.0,2026-07-09,16:14:46
601188,龙江交通,2.77,2.8,2.79,2.82,2.75,92909.0,25780000.0,36.16,36.16,23.48,0.8,0.71,3429600,5861600.0,2026-07-09,16:14:38
601198,东兴证券,14.02,13.78,13.81,14.03,13.69,274948.0,381790000.0,453.19,453.19,21.84,1.47,0.85,15330100,12189500.0,2026-07-09,16:14:37
601199,江南水务,6.05,5.81,5.77,6.09,5.68,315907.0,188410000.0,56.58,56.58,15.69,1.23,3.38,17652700,13942400.0,2026-07-09,16:14:43
601200,上海环境,6.78,6.91,6.91,6.91,6.74,96086.0,65430000.0,91.27,91.27,15.13,0.77,0.71,4742400,4867800.0,2026-07-09,16:14:46
601208,东材科技,58.38,56.87,56.74,58.76,53.25,911797.0,5113410000.0,589.74,589.74,155.04,9.69,9.03,47751500,43450300.0,2026-07-09,16:14:50
601211,国泰海通,18.87,18.72,18.66,18.94,18.36,1285820.0,2397150000.0,3326.58,2546.87,15.15,1.03,0.95,60027800,68588200.0,2026-07-09,16:14:41
601212,白银有色,4.84,4.8,4.69,4.86,4.59,1593378.0,756330000.0,358.39,358.39,-63.86,2.25,2.15,74455700,84940500.0,2026-07-09,16:14:44
601216,君正集团,4.42,4.36,4.37,4.44,4.33,521525.0,228830000.0,372.96,372.96,12.32,1.4,0.62,28315000,23873000.0,2026-07-09,16:14:33
601218,吉鑫科技,4.08,4.05,4.06,4.1,3.94,227621.0,91590000.0,39.54,39.54,24.97,1.32,2.35,10925500,11840300.0,2026-07-09,16:14:44
601222,林洋能源,5.45,5.38,5.33,5.49,5.27,219948.0,117750000.0,111.25,111.25,61.51,0.74,1.08,12211400,9797400.0,2026-07-09,16:14:33
601225,陕西煤业,22.81,23.55,23.06,23.65,22.78,432130.0,999250000.0,2211.43,2211.43,13.68,2.37,0.45,20904800,22317100.0,2026-07-09,16:14:56
601226,华电科工,6.11,6.03,6.01,6.12,5.89,112517.0,67670000.0,71.01,71.01,38.0,1.65,0.97,5084000,6169000.0,2026-07-09,16:14:43
601228,广州港,2.92,2.92,2.92,2.94,2.9,173148.0,50610000.0,220.3,220.3,27.94,1.02,0.23,7964000,9350800.0,2026-07-09,16:14:46
601229,上海银行,8.95,9.07,9.04,9.07,8.93,388819.0,349550000.0,1271.71,1271.71,5.25,0.51,0.27,19513200,19368600.0,2026-07-09,16:14:37
601231,环旭电子,31.0,28.71,29.2,31.13,28.4,469383.0,1402940000.0,740.57,740.57,38.26,3.35,1.96,26489500,20463600.0,2026-07-09,16:14:51
601233,XD桐昆股,21.02,21.53,21.31,21.5,20.16,400067.0,831060000.0,500.07,499.16,15.06,1.25,1.68,18098000,21910900.0,2026-07-09,16:14:53
601236,红塔证券,6.96,6.9,6.87,6.97,6.87,130480.0,90240000.0,326.65,326.65,29.33,1.33,0.28,7389500,5660500.0,2026-07-09,16:14:59
601238,广汽集团,5.1,5.13,5.1,5.13,5.04,266046.0,135340000.0,520.05,376.57,-5.97,0.5,0.36,13313700,13296100.0,2026-07-09,16:14:38
601279,英利汽车,2.97,3.0,3.0,3.02,2.93,107028.0,31770000.0,47.1,47.1,-62.96,1.14,0.67,5377600,5325300.0,2026-07-09,16:14:34
601288,农业银行,6.11,6.16,6.11,6.17,6.06,3396602.0,2074000000.0,21383.96,19505.82,7.27,0.77,0.11,166442800,173456300.0,2026-07-09,16:15:00
601298,青岛港,8.06,8.09,8.06,8.11,8.0,111456.0,89720000.0,523.18,434.6,9.98,1.11,0.21,5453900,5694100.0,2026-07-09,16:14:51
601311,骆驼股份,7.59,7.63,7.57,7.65,7.5,91160.0,68950000.0,89.04,89.04,11.71,0.91,0.78,4472400,4643600.0,2026-07-09,16:14:53
601318,中国平安,49.49,49.54,49.26,49.61,48.91,662369.0,3259890000.0,8961.47,5275.67,6.75,0.91,0.62,32111100,34152600.0,2026-07-09,16:14:36
601319,中国人保,7.13,7.07,7.05,7.14,6.98,688779.0,485720000.0,3153.17,2530.99,7.4,0.99,0.19,33894000,35123300.0,2026-07-09,16:14:57
601326,秦港股份,3.26,3.27,3.28,3.28,3.23,175834.0,57220000.0,182.15,155.1,11.29,0.88,0.37,8747700,8835700.0,2026-07-09,16:14:51
601328,交通银行,6.68,6.77,6.75,6.76,6.66,1881015.0,1259120000.0,5902.7,1741.64,6.12,0.51,0.72,94770400,93507700.0,2026-07-09,16:14:35
601330,绿色动力,6.79,6.94,6.9,6.93,6.69,113742.0,77100000.0,97.14,67.16,15.2,1.22,1.15,5118900,6259400.0,2026-07-09,16:14:55
601333,广深铁路,2.94,2.98,2.99,2.99,2.93,634122.0,187220000.0,208.26,166.18,13.55,0.74,1.12,29432800,33980100.0,2026-07-09,16:14:59
601336,新华保险,62.52,63.07,62.41,62.82,60.61,304219.0,1879080000.0,1950.34,1303.82,5.29,1.58,1.46,14490300,15947100.0,2026-07-09,16:15:00
601339,百隆东方,7.24,7.35,7.32,7.34,7.03,148384.0,106360000.0,108.57,108.57,14.97,1.21,0.99,6330600,8508800.0,2026-07-09,16:14:47
601360,三六零,8.84,8.66,8.6,8.88,8.46,1086803.0,951300000.0,618.76,618.76,95.87,2.17,1.55,59994400,48726400.0,2026-07-09,16:14:32
601366,XD利群股,3.33,3.33,3.34,3.4,3.3,96143.0,32130000.0,31.96,31.96,-9.98,0.75,1.0,4815100,4799200.0,2026-07-09,16:14:57
601368,绿城水务,4.28,4.45,4.44,4.44,4.26,141691.0,61370000.0,37.79,37.79,31.94,0.79,1.6,5645800,8530400.0,2026-07-09,16:14:35
601369,陕鼓动力,9.05,9.05,0.0,0.0,0.0,0.0,0.0,155.97,154.41,22.54,1.77,0.0,0,0.0,2026-07-09,16:14:55
601375,中原证券,4.08,4.04,4.03,4.09,4.01,417334.0,169050000.0,189.43,140.66,36.32,1.3,1.21,23447700,18295500.0,2026-07-09,16:14:46
601377,兴业证券,6.13,6.04,6.06,6.13,6.0,780465.0,473070000.0,529.39,529.39,16.86,0.93,0.9,42491700,35655800.0,2026-07-09,16:14:39
601388,怡球资源,2.81,2.81,2.8,2.82,2.69,375513.0,103800000.0,61.85,61.85,29.69,1.33,1.71,16576700,20978500.0,2026-07-09,16:14:30
601390,中国中铁,4.21,4.23,4.22,4.23,4.17,992393.0,416380000.0,1032.77,855.64,4.87,0.32,0.49,43506900,55750500.0,2026-07-09,16:14:42
601398,工商银行,7.27,7.37,7.33,7.34,7.23,4039925.0,2938320000.0,25910.73,19600.81,6.98,0.67,0.15,170715900,233625500.0,2026-07-09,16:14:49
601399,国机重装,3.14,3.13,3.12,3.16,3.04,870400.0,269320000.0,226.51,226.51,47.24,1.52,1.21,43827700,43283800.0,2026-07-09,16:14:51
601456,国联民生,8.9,8.85,8.8,8.91,8.78,192226.0,169860000.0,505.57,389.55,23.74,0.95,0.44,10367000,8859600.0,2026-07-09,16:14:37
601500,通用股份,3.78,3.83,3.83,3.83,3.74,130759.0,49390000.0,60.08,59.84,26.67,0.98,0.83,6750600,6326400.0,2026-07-09,16:14:43
601512,中新集团,7.78,7.87,7.83,7.87,7.68,19918.0,15450000.0,116.61,116.61,12.73,0.77,0.13,775500,1216300.0,2026-07-09,16:14:37
601515,衢州东峰,3.1,3.06,3.05,3.11,2.98,191456.0,58330000.0,59.66,59.66,-13.34,1.22,0.99,9083000,10063600.0,2026-07-09,16:14:36
601518,吉林高速,2.67,2.69,2.69,2.69,2.64,107176.0,28540000.0,50.48,50.48,10.27,0.9,0.57,3433900,7300100.0,2026-07-09,16:14:58
601519,大智慧,8.52,8.35,8.33,8.57,8.28,360454.0,303810000.0,169.48,169.48,-223.03,13.06,1.81,20021400,16033300.0,2026-07-09,16:14:44
601528,瑞丰银行,4.57,4.62,4.61,4.65,4.56,137269.0,63220000.0,89.67,84.81,4.57,0.45,0.74,7052400,6674500.0,2026-07-09,16:14:59
601555,东吴证券,8.13,8.06,8.06,8.14,8.02,317890.0,256600000.0,403.96,403.96,11.97,0.92,0.64,16347400,15446400.0,2026-07-09,16:14:40
601566,九牧王,8.26,8.36,8.4,8.4,8.12,61248.0,50420000.0,47.47,47.47,27.58,1.25,1.07,2888500,3237300.0,2026-07-09,16:14:35
601567,三星电气,13.5,13.8,13.81,13.86,13.21,179255.0,241190000.0,189.7,189.7,19.93,1.65,1.28,8274400,9652500.0,2026-07-09,16:14:38
601568,北元化工,3.39,3.39,3.39,3.43,3.37,159001.0,53970000.0,134.66,134.66,328.5,1.2,0.4,7669400,8230700.0,2026-07-09,16:14:47
601577,长沙银行,8.92,8.99,8.96,9.03,8.87,168995.0,151230000.0,358.72,358.64,4.36,0.49,0.42,8215400,8684100.0,2026-07-09,16:14:59
601579,会稽山,14.42,14.62,14.5,14.62,14.25,46614.0,67220000.0,69.14,69.14,25.53,1.85,0.97,1946700,2714700.0,2026-07-09,16:14:57
601588,北辰实业,1.6,1.61,1.6,1.63,1.59,203252.0,32640000.0,53.87,42.56,-1.89,0.82,0.76,9272600,11052600.0,2026-07-09,16:14:50
601595,上海电影,16.64,16.58,16.5,16.86,16.25,70709.0,117490000.0,74.58,74.58,123.01,4.41,1.58,3992600,3078600.0,2026-07-09,16:14:47
601598,中国外运,5.32,5.41,5.4,5.42,5.31,104105.0,55700000.0,381.64,274.38,9.4,0.94,0.2,5082200,5328300.0,2026-07-09,16:14:42
601599,浙文影业,2.86,2.85,2.84,2.89,2.8,140174.0,39800000.0,33.19,33.19,29.79,2.17,1.21,6734900,7282800.0,2026-07-09,16:14:51
601600,中国铝业,8.1,8.18,8.16,8.19,7.81,2579429.0,2063620000.0,1389.55,1069.47,9.47,1.72,1.95,116742000,141267100.0,2026-07-09,16:14:37
601601,中国太保,29.29,29.37,29.3,29.44,28.96,418756.0,1221660000.0,2817.8,2004.91,5.23,0.88,0.61,19375200,22517000.0,2026-07-09,16:14:49
601606,长城军工,26.92,26.55,26.43,27.56,26.12,126650.0,338300000.0,194.96,194.96,2815.0,8.93,1.75,6565900,6103500.0,2026-07-09,16:14:42
601607,上海医药,16.07,16.16,16.11,16.27,15.93,87824.0,141100000.0,595.93,448.23,10.26,0.77,0.31,4365700,4417000.0,2026-07-09,16:14:49
601608,中信重工,4.58,4.53,4.53,4.59,4.42,382369.0,171940000.0,209.74,209.74,55.25,2.23,0.83,22059100,16178000.0,2026-07-09,16:14:31
601609,金田股份,10.86,10.32,10.32,10.97,9.99,638827.0,670340000.0,187.73,187.73,24.32,1.9,3.7,33501500,30393000.0,2026-07-09,16:14:48
601611,中国核建,10.08,10.02,9.97,10.11,9.73,325788.0,323060000.0,303.79,303.79,25.95,1.36,1.08,15286100,17311400.0,2026-07-09,16:14:54
601615,明阳智能,10.6,10.43,10.39,10.61,10.09,661251.0,685560000.0,239.72,239.72,62.68,0.92,2.92,36869800,29272600.0,2026-07-09,16:14:50
601616,广电电气,3.27,3.23,3.23,3.29,3.16,121051.0,39120000.0,27.92,27.92,-47.6,1.17,1.42,6164900,5941200.0,2026-07-09,16:14:31
601618,中国中冶,2.51,2.53,2.52,2.53,2.48,975269.0,243780000.0,519.36,448.1,38.55,0.5,0.55,45529200,52009700.0,2026-07-09,16:14:42
601619,嘉泽新能,4.12,4.11,4.1,4.17,4.02,288404.0,117840000.0,120.01,100.31,19.8,1.52,1.18,13398200,15447300.0,2026-07-09,16:14:33
601628,XD中国人,37.2,36.89,36.61,37.33,36.33,246751.0,908640000.0,10514.47,7746.35,7.26,1.81,0.12,12546700,12154100.0,2026-07-09,16:14:32
601633,长城汽车,15.06,15.3,15.23,15.27,15.02,130693.0,197470000.0,1288.14,936.76,14.22,1.46,0.21,5818400,7265700.0,2026-07-09,16:14:48
601636,旗滨集团,7.21,7.25,7.33,7.65,6.96,1468389.0,1057660000.0,213.32,213.32,131.62,1.46,4.96,64943100,81970900.0,2026-07-09,16:14:50
601658,邮储银行,5.0,5.06,5.03,5.06,4.97,1395251.0,698570000.0,6004.75,3626.39,6.83,0.58,0.19,58256600,81301400.0,2026-07-09,16:14:36
601665,XD齐鲁银,5.97,5.95,5.95,6.02,5.88,492099.0,292850000.0,367.38,367.38,6.22,0.74,0.8,26612200,22599600.0,2026-07-09,16:14:58
601666,平煤股份,7.72,7.82,7.77,7.85,7.61,244359.0,188650000.0,190.63,190.63,95.47,0.88,0.99,12145400,12290500.0,2026-07-09,16:14:41
601668,中国建筑,4.56,4.57,4.56,4.58,4.53,1910606.0,869690000.0,1884.21,1884.21,4.97,0.38,0.46,97458200,93619100.0,2026-07-09,16:14:40
601669,中国电建,4.71,4.73,4.72,4.73,4.65,979993.0,459220000.0,811.35,615.67,8.69,0.55,0.75,36137300,61898000.0,2026-07-09,16:14:43
601677,明泰铝业,15.22,15.74,15.74,15.75,14.74,444704.0,674430000.0,189.23,189.23,8.51,0.97,3.58,21312700,23161700.0,2026-07-09,16:14:49
601678,滨化股份,5.74,5.74,5.74,5.87,5.5,1499295.0,850060000.0,118.06,117.29,42.82,1.02,7.34,67776400,82242500.0,2026-07-09,16:14:57
601686,友发集团,4.96,5.05,5.05,5.05,4.92,47887.0,23780000.0,73.38,73.38,10.85,1.09,0.32,1976200,2812500.0,2026-07-09,16:14:31
601688,华泰证券,20.39,20.03,20.06,20.46,19.77,839023.0,1684570000.0,1840.58,1489.85,10.49,1.03,1.15,43617500,40322500.0,2026-07-09,16:14:46
601689,拓普集团,55.83,54.73,55.0,55.99,53.83,389454.0,2139930000.0,970.23,970.23,35.08,4.09,2.24,19275000,19679600.0,2026-07-09,16:14:41
601696,中银证券,11.96,11.6,11.63,12.03,11.47,553711.0,649310000.0,332.25,332.25,29.5,1.72,1.99,29449100,25939100.0,2026-07-09,16:14:51
601698,中国卫通,29.89,28.41,28.27,30.02,28.27,341643.0,989710000.0,1262.67,1262.67,317.55,7.97,0.81,19430900,14763700.0,2026-07-09,16:14:56
601699,潞安环能,14.77,15.36,15.21,15.38,14.65,322088.0,479040000.0,441.83,441.83,37.54,0.96,1.08,15030600,17179100.0,2026-07-09,16:14:49
601700,风范股份,4.43,4.4,4.4,4.44,4.26,109593.0,47700000.0,50.45,50.45,-15.96,2.35,0.96,5139300,5820100.0,2026-07-09,16:14:58
601702,华峰铝业,13.8,14.31,14.21,14.3,13.61,114453.0,158590000.0,137.8,137.8,11.69,2.16,1.15,5766400,5717200.0,2026-07-09,16:14:31
601717,中创智领,14.24,14.55,14.55,14.58,14.04,148431.0,211340000.0,254.24,219.6,6.21,1.11,0.96,7397200,7462400.0,2026-07-09,16:14:33
601718,ST际华,1.78,1.79,1.77,1.88,1.75,846574.0,154520000.0,77.63,77.63,-18.34,0.64,1.94,37976600,46901500.0,2026-07-09,16:14:43
601727,上海电气,6.73,6.77,6.74,6.77,6.55,964316.0,641060000.0,1045.85,849.03,80.8,1.91,0.76,41170300,55323400.0,2026-07-09,16:14:44
601728,中国电信,5.57,5.57,5.55,5.61,5.49,1079077.0,599850000.0,5096.95,4323.98,16.09,1.11,0.14,48832800,59103000.0,2026-07-09,16:14:41
601766,中国中车,5.4,5.41,5.4,5.42,5.31,1459085.0,782040000.0,1549.74,1313.7,11.47,0.88,0.6,78234200,67707200.0,2026-07-09,16:14:46
601777,千里科技,7.73,7.85,7.85,7.97,7.57,319073.0,246210000.0,349.48,349.48,310.01,3.38,0.71,14901700,17007600.0,2026-07-09,16:14:48
601778,晶科科技,3.83,3.79,3.79,3.84,3.64,1257425.0,471780000.0,142.59,142.59,60.45,0.87,3.38,64953600,60822500.0,2026-07-09,16:14:50
601788,光大证券,15.14,15.03,15.03,15.14,14.81,389288.0,583140000.0,698.07,591.47,17.15,1.12,1.0,18904100,20088000.0,2026-07-09,16:14:46
601789,宁波建工,3.99,4.04,4.03,4.05,3.89,359075.0,142250000.0,60.82,43.36,19.23,0.97,3.3,17057300,18852500.0,2026-07-09,16:14:41
601798,蓝科高新,6.83,6.87,6.85,6.97,6.62,73796.0,49970000.0,24.21,24.21,44.47,1.87,2.08,3848600,3531100.0,2026-07-09,16:14:42
601799,星宇股份,94.93,97.67,97.49,97.5,93.21,32811.0,310740000.0,271.2,271.2,16.37,2.45,1.15,1630800,1650700.0,2026-07-09,16:14:42
601800,中国交建,5.85,5.91,5.9,5.91,5.78,334404.0,195170000.0,948.51,685.79,7.09,0.33,0.29,13299900,20176400.0,2026-07-09,16:14:55
601801,皖新传媒,4.98,5.03,5.05,5.06,4.93,92207.0,46000000.0,97.5,97.5,13.0,0.83,0.47,4312600,4908100.0,2026-07-09,16:14:32
601808,中海油服,11.28,11.63,11.88,11.88,11.27,367331.0,423800000.0,538.24,333.94,14.13,1.17,1.24,16264200,20478600.0,2026-07-09,16:14:34
601811,新华文轩,11.31,11.54,11.5,11.51,11.25,16742.0,19010000.0,139.55,89.56,8.91,0.93,0.21,704600,969600.0,2026-07-09,16:14:39
601816,京沪高铁,4.62,4.66,4.64,4.67,4.6,1607939.0,743870000.0,2260.37,2260.37,16.93,1.07,0.33,80007500,80813800.0,2026-07-09,16:14:52
601818,光大银行,3.04,3.06,3.05,3.06,3.02,1518865.0,461610000.0,1796.2,1410.77,4.75,0.36,0.33,73945800,77956000.0,2026-07-09,16:14:35
601825,沪农商行,7.75,7.8,7.75,7.86,7.66,195649.0,151800000.0,747.44,726.52,6.06,0.58,0.21,9793500,9771500.0,2026-07-09,16:14:56
601827,三峰环境,7.49,7.62,7.61,7.63,7.42,45416.0,34080000.0,125.23,125.23,10.01,1.04,0.27,2046600,2495000.0,2026-07-09,16:14:45
601828,美凯龙,2.05,2.08,2.07,2.09,2.03,289961.0,59650000.0,89.25,74.05,-0.39,0.4,0.8,10619500,18376900.0,2026-07-09,16:14:35
601838,成都银行,18.89,19.03,19.0,19.02,18.74,156909.0,296260000.0,800.64,800.64,5.96,0.87,0.37,8639300,7058500.0,2026-07-09,16:14:59
601857,中国石油,9.4,9.26,9.35,9.54,9.28,2169887.0,2039570000.0,17203.97,15220.68,10.88,1.09,0.13,116619300,100412400.0,2026-07-09,16:14:41
601858,中国科传,16.98,16.8,16.8,17.24,16.49,70735.0,119240000.0,134.23,134.23,27.58,2.35,0.89,3437700,3637000.0,2026-07-09,16:14:41
601860,紫金银行,2.46,2.5,2.48,2.5,2.46,367191.0,91040000.0,90.06,87.37,7.2,0.44,1.03,16328700,20390400.0,2026-07-09,16:14:58
601865,福莱特,9.43,9.56,9.55,9.56,9.28,165929.0,156560000.0,220.93,179.27,24.21,1.02,0.87,7932900,8664000.0,2026-07-09,16:14:32
601866,中远海发,2.28,2.28,2.28,2.31,2.27,497901.0,113730000.0,299.96,221.4,19.45,0.97,0.51,21883000,27912400.0,2026-07-09,16:14:44
601868,中国能建,2.53,2.51,2.5,2.54,2.48,3354606.0,840320000.0,1119.28,820.45,19.69,0.94,1.03,153530700,182253000.0,2026-07-09,16:14:42
601869,长飞光纤,441.26,410.0,418.8,441.95,400.43,160193.0,6769420000.0,3653.21,1793.01,315.7,25.67,3.94,8182800,7839900.0,2026-07-09,16:14:54
601872,招商轮船,16.1,15.55,15.73,16.35,15.67,1194348.0,1913210000.0,1300.0,1300.0,16.43,2.88,1.48,59802300,59642500.0,2026-07-09,16:14:52
601877,正泰电器,24.04,24.11,24.1,24.11,23.45,185957.0,442110000.0,516.61,516.61,11.22,1.17,0.87,10141600,8466700.0,2026-07-09,16:14:38
601878,浙商证券,9.63,9.59,9.57,9.65,9.43,300927.0,287220000.0,440.46,440.46,16.89,1.17,0.66,14668800,15453100.0,2026-07-09,16:14:42
601880,辽港股份,1.39,1.4,1.41,1.42,1.39,667079.0,93540000.0,327.65,255.94,22.41,0.8,0.36,34328000,32380100.0,2026-07-09,16:14:52
601881,中国银河,13.19,13.03,13.04,13.23,12.84,535448.0,698380000.0,1442.25,955.41,11.25,1.19,0.74,27580200,25970300.0,2026-07-09,16:14:37
601882,海天精工,19.3,19.38,19.22,19.45,18.73,49891.0,94990000.0,100.75,100.75,22.82,3.47,0.96,2362600,2626800.0,2026-07-09,16:14:30
601886,江河集团,7.87,7.92,7.95,8.06,7.76,40368.0,31650000.0,89.17,89.17,14.42,1.27,0.36,1802000,2234800.0,2026-07-09,16:14:40
601888,中国中免,50.99,51.53,51.26,51.58,50.3,274549.0,1395080000.0,1059.47,995.57,26.51,1.83,1.41,12579700,14887900.0,2026-07-09,16:14:43
601890,亚星锚链,8.04,8.11,8.08,8.19,7.83,191091.0,152590000.0,77.14,77.14,22.08,2.01,1.99,8259100,10851500.0,2026-07-09,16:14:58
601898,中煤能源,12.93,13.03,12.98,13.28,12.81,393063.0,510830000.0,1714.35,1183.35,9.65,1.05,0.43,18497200,20819900.0,2026-07-09,16:14:37
601899,紫金矿业,27.62,27.36,26.82,27.7,26.55,2514997.0,6837330000.0,7344.36,5690.22,11.91,3.88,1.22,129323200,122333000.0,2026-07-09,16:14:45
601900,南方传媒,11.15,11.28,11.27,11.35,11.12,47491.0,53240000.0,98.34,98.34,9.61,1.08,0.54,2086100,2663600.0,2026-07-09,16:14:40
601901,方正证券,7.22,7.1,7.12,7.22,7.1,611258.0,437260000.0,594.36,594.36,13.95,1.13,0.74,34778900,26382200.0,2026-07-09,16:14:59
601908,京运通,2.94,2.93,2.91,2.99,2.91,260135.0,76490000.0,70.99,70.99,-4.61,0.96,1.08,13035500,12999600.0,2026-07-09,16:14:32
601916,浙商银行,2.71,2.75,2.74,2.75,2.69,1325707.0,360160000.0,744.29,583.85,5.74,0.41,0.62,56645300,75925600.0,2026-07-09,16:14:33
601918,新集能源,9.41,9.82,9.69,9.79,9.31,443368.0,421030000.0,243.77,243.77,11.33,1.4,1.71,19521300,24845900.0,2026-07-09,16:14:37
601919,中远海控,13.92,13.99,13.93,13.99,13.8,551918.0,767800000.0,2125.32,1747.87,8.48,0.93,0.44,27066900,28147500.0,2026-07-09,16:14:31
601921,浙版传媒,7.02,7.12,7.06,7.13,7.0,48777.0,34470000.0,156.0,156.0,12.43,1.11,0.22,2009000,2868700.0,2026-07-09,16:14:32
601928,凤凰传媒,9.09,9.16,9.16,9.2,9.07,81588.0,74330000.0,231.33,231.33,13.52,1.14,0.32,4675800,3483100.0,2026-07-09,16:14:41
601929,吉视传媒,2.22,2.19,2.19,2.26,2.16,938469.0,207800000.0,77.47,76.52,-16.96,1.66,2.72,50635200,43260700.0,2026-07-09,16:14:45
601933,永辉超市,3.06,3.01,3.0,3.07,2.95,1390366.0,422660000.0,273.11,273.11,-11.32,16.54,1.56,76573900,62563500.0,2026-07-09,16:14:43
601939,建设银行,9.89,10.07,9.92,9.97,9.81,1164073.0,1151720000.0,25872.28,948.81,7.57,0.73,1.21,53238200,63219000.0,2026-07-09,16:14:48
601949,中国出版,4.75,4.84,4.84,4.89,4.73,131896.0,63140000.0,90.44,90.44,15.72,0.91,0.69,6542400,6647200.0,2026-07-09,16:14:43
601952,苏垦农发,7.64,7.71,7.66,7.72,7.59,70951.0,54210000.0,105.28,105.28,20.46,1.53,0.51,3481300,3613800.0,2026-07-09,16:14:52
601956,东贝集团,4.7,4.75,4.73,4.76,4.6,65046.0,30340000.0,29.22,29.22,209.33,1.22,1.05,3044400,3460200.0,2026-07-09,16:14:37
601958,金钼股份,23.1,21.79,22.11,23.15,21.26,812738.0,1804540000.0,745.35,745.35,22.06,3.76,2.52,42783600,38514300.0,2026-07-09,16:14:34
601963,重庆银行,9.77,9.93,9.94,9.97,9.7,164276.0,161480000.0,354.24,198.73,6.08,0.62,0.81,7352800,9075300.0,2026-07-09,16:14:37
601965,中国汽研,11.94,12.07,11.95,12.07,11.8,63545.0,75620000.0,119.72,119.21,11.4,1.54,0.64,3032400,3322100.0,2026-07-09,16:14:39
601966,玲珑轮胎,10.45,10.64,10.64,10.66,10.4,79217.0,82950000.0,152.94,152.94,14.63,0.67,0.54,3388600,4534100.0,2026-07-09,16:14:56
601968,宝钢包装,4.11,4.25,4.22,4.24,4.06,139571.0,57400000.0,52.43,52.43,26.79,1.16,1.09,5562500,8398900.0,2026-07-09,16:14:59
601969,海南矿业,7.91,8.14,8.14,8.18,7.83,196770.0,156590000.0,156.97,156.02,33.31,2.31,1.0,8495200,11181700.0,2026-07-09,16:14:56
601975,招商南油,3.4,3.38,3.45,3.49,3.32,1726807.0,586580000.0,159.13,159.13,10.91,1.34,3.69,86734200,85969200.0,2026-07-09,16:14:49
601985,中国核电,8.91,8.9,8.86,8.92,8.8,961107.0,853290000.0,1832.61,1682.5,22.26,1.53,0.51,52806500,43398100.0,2026-07-09,16:14:38
601988,中国银行,5.83,5.92,5.89,5.9,5.79,3033577.0,1769410000.0,18784.98,12287.63,7.66,0.69,0.14,141510800,161945900.0,2026-07-09,16:14:55
601989,中国重工,5.1,5.1,0.0,0.0,0.0,0.0,0.0,1162.9,1162.9,46.1,1.36,0.0,0,0.0,2026-07-09,09:00:00
601990,南京证券,6.66,6.64,6.63,6.69,6.58,216196.0,143350000.0,293.02,281.83,26.78,1.24,0.51,11439200,10181600.0,2026-07-09,16:14:54
601991,大唐发电,6.57,6.95,6.82,7.07,6.42,6163963.0,4117750000.0,1215.89,814.42,15.12,3.3,4.97,267703800,349528800.0,2026-07-09,16:14:39
601992,金隅集团,1.37,1.37,1.38,1.39,1.35,366342.0,50060000.0,146.29,114.18,-10.07,0.38,0.44,13244500,23424800.0,2026-07-09,16:14:45
601995,中金公司,37.05,35.87,36.5,37.2,35.9,428298.0,1566790000.0,1788.5,1083.17,15.79,1.74,1.46,22713300,20125600.0,2026-07-09,16:14:52
601996,丰林集团,2.28,2.18,2.16,2.4,2.15,739006.0,171810000.0,25.56,25.56,-21.08,1.04,6.59,33389800,40514900.0,2026-07-09,16:14:35
601997,贵阳银行,5.26,5.28,5.25,5.27,5.21,476469.0,249730000.0,192.32,192.32,3.64,0.3,1.3,20714900,26936800.0,2026-07-09,16:14:43
601998,中信银行,7.13,7.2,7.18,7.19,7.08,477961.0,340970000.0,3967.5,2906.4,5.57,0.54,0.12,22668300,25139900.0,2026-07-09,16:14:56
601999,出版传媒,5.74,5.62,5.67,5.75,5.56,46319.0,26260000.0,31.62,31.62,30.2,1.18,0.84,2261300,2370600.0,2026-07-09,16:14:45
603000,人民网,14.91,14.71,14.58,15.11,14.4,131733.0,194930000.0,164.86,164.86,86.51,4.28,1.19,7141200,6034800.0,2026-07-09,16:14:38
603001,奥康国际,7.54,8.38,7.8,7.88,7.54,438680.0,335040000.0,30.23,30.23,-17.62,1.28,10.94,21424500,22472000.0,2026-07-09,16:14:41
603002,宏昌电子,20.06,19.8,20.14,20.36,18.94,647280.0,1271600000.0,227.5,227.5,774.2,6.62,5.71,33097200,31654900.0,2026-07-09,16:14:45
603003,退市龙宇,2.44,2.44,0.0,0.0,0.0,0.0,0.0,9.18,9.18,-2.71,0.28,0.0,0,0.0,2026-07-09,09:00:00
603004,鼎龙科技,22.11,21.79,21.79,22.17,21.24,30531.0,66490000.0,52.07,13.02,36.69,2.51,5.19,1539600,1513500.0,2026-07-09,16:14:53
603005,晶方科技,45.19,41.08,42.32,45.19,41.29,739121.0,3211000000.0,294.72,294.72,79.72,6.43,11.33,40879400,33041800.0,2026-07-09,16:14:47
603006,联明股份,12.92,13.09,12.8,13.17,12.29,67758.0,85930000.0,32.85,32.85,31.62,2.57,2.66,3368000,3414600.0,2026-07-09,16:14:42
603007,顺景科技,5.24,5.28,5.29,5.35,5.09,286328.0,149540000.0,46.34,36.42,-20.72,19.82,4.12,12499900,16157700.0,2026-07-09,16:14:44
603008,ST喜临门,7.99,8.13,8.11,8.26,7.95,59781.0,48220000.0,29.43,29.43,21.89,0.84,1.62,2815000,3163200.0,2026-07-09,16:14:37
603009,北特科技,46.38,46.65,46.9,47.43,45.13,89797.0,416920000.0,160.66,156.95,129.91,8.0,2.65,4360600,4622300.0,2026-07-09,16:14:48
603010,万盛股份,15.62,15.33,15.61,15.7,14.97,109884.0,168200000.0,91.38,89.16,-9.56,3.61,1.93,5075300,5917300.0,2026-07-09,16:14:39
603011,合锻智能,24.98,25.02,25.61,25.64,22.73,379135.0,915910000.0,123.5,123.5,-43.37,6.63,7.67,20745000,17170300.0,2026-07-09,16:14:52
603012,创力集团,8.22,8.1,8.11,8.25,7.83,184204.0,147610000.0,53.14,53.14,57.98,1.41,2.85,8234600,10186400.0,2026-07-09,16:14:41
603013,亚普股份,16.28,16.33,16.08,16.59,16.07,33630.0,54790000.0,82.74,82.74,14.75,1.86,0.66,1394500,1969700.0,2026-07-09,16:14:57
603015,弘讯科技,10.56,10.46,10.5,10.6,10.06,58310.0,60260000.0,42.69,42.69,161.38,3.14,1.44,3123500,2710000.0,2026-07-09,16:14:31
603016,新宏泰,30.5,30.19,30.19,30.87,28.98,27730.0,83050000.0,45.19,45.19,82.26,5.68,1.87,1385000,1388000.0,2026-07-09,16:14:39
603017,中衡设计,9.29,9.28,9.15,9.35,8.99,49966.0,45860000.0,25.66,25.66,52.76,1.77,1.81,2564800,2431900.0,2026-07-09,16:14:46
603018,华设集团,5.28,5.32,5.3,5.38,5.25,60593.0,32070000.0,43.25,43.25,15.2,0.81,0.74,2507800,3551700.0,2026-07-09,16:14:55
603019,中科曙光,103.99,98.15,98.17,104.7,96.18,1246370.0,12552500000.0,1521.49,1521.43,68.61,6.92,8.52,68108900,56584300.0,2026-07-09,16:14:31
603020,爱普股份,13.19,13.25,13.16,13.38,12.61,120579.0,156870000.0,49.55,49.55,56.61,1.55,3.21,5695400,6369500.0,2026-07-09,16:14:44
603021,*ST华鹏,7.04,7.24,7.23,7.28,7.0,70016.0,49690000.0,22.52,22.52,-9.61,-10.9,2.19,2436100,4565500.0,2026-07-09,16:14:50
603022,新通联,7.84,7.93,7.96,7.99,7.66,30747.0,24070000.0,15.68,15.68,26.4,1.88,1.54,1354000,1720700.0,2026-07-09,16:14:31
603023,威帝股份,3.55,3.57,3.61,3.63,3.45,63803.0,22510000.0,19.81,19.81,18672.42,2.57,1.14,3023300,3357000.0,2026-07-09,16:15:00
603025,大豪科技,13.64,13.14,13.15,13.79,12.94,99669.0,132010000.0,152.31,151.29,19.54,6.19,0.9,4931600,5036900.0,2026-07-09,16:14:53
603026,石大胜华,70.8,72.36,74.64,74.7,67.99,173005.0,1216650000.0,164.75,164.75,50.53,3.17,7.43,9874700,7431500.0,2026-07-09,16:14:38
603027,千禾味业,7.03,7.22,7.21,7.25,7.0,168810.0,119840000.0,93.72,87.85,27.96,2.67,1.35,7086700,9795200.0,2026-07-09,16:14:36
603028,赛福天,6.38,6.34,6.34,6.46,6.17,37279.0,23480000.0,18.31,18.13,-36.05,3.94,1.31,1826700,1901200.0,2026-07-09,16:14:48
603029,天鹅股份,13.91,14.09,14.27,14.39,13.6,16525.0,22970000.0,16.88,16.88,22.6,1.8,1.36,759400,893100.0,2026-07-09,16:14:45
603030,全筑股份,1.95,1.93,1.93,1.97,1.88,348300.0,67050000.0,25.68,25.68,-9.56,3.67,2.64,17935600,16906100.0,2026-07-09,16:14:51
603031,安孚科技,47.4,46.0,46.1,47.5,44.0,127311.0,583670000.0,177.2,149.02,61.43,6.29,4.05,7118000,5618800.0,2026-07-09,16:14:56
603032,德新科技,22.19,24.1,22.0,23.02,21.69,282906.0,624350000.0,51.75,51.68,75.29,4.46,12.15,13935500,14368400.0,2026-07-09,16:14:35
603033,三维股份,8.47,8.45,8.53,8.53,8.18,127146.0,106040000.0,87.34,85.76,-16.79,3.46,1.26,6447800,6266900.0,2026-07-09,16:14:37
603035,常熟汽饰,10.72,10.81,10.74,10.84,10.55,36203.0,38640000.0,39.27,39.27,11.9,0.74,0.99,1746800,1873500.0,2026-07-09,16:14:32
603036,如通股份,13.14,13.38,13.46,13.52,13.01,43310.0,57070000.0,27.07,27.07,27.16,1.99,2.1,2003800,2327200.0,2026-07-09,16:14:41
603037,凯众股份,9.74,9.85,9.88,9.88,9.5,35941.0,34800000.0,25.96,25.92,36.78,2.77,1.35,1697100,1897000.0,2026-07-09,16:14:56
603038,华立股份,15.21,15.15,15.0,15.24,14.62,35248.0,52620000.0,40.87,40.87,49.09,2.88,1.31,1793700,1731600.0,2026-07-09,16:14:32
603039,泛微网络,34.74,35.09,34.84,35.15,33.6,127060.0,435660000.0,106.87,106.87,32.91,4.07,4.13,6300100,6410900.0,2026-07-09,16:14:38
603040,新坐标,62.42,62.9,62.0,63.19,60.31,36483.0,225480000.0,123.19,122.55,46.28,8.47,1.86,1818500,1831500.0,2026-07-09,16:15:00
603041,美思德,10.3,10.35,10.39,10.43,10.07,18777.0,19190000.0,18.86,18.86,32.07,1.25,1.03,893800,983900.0,2026-07-09,16:14:35
603042,华脉科技,12.23,12.03,12.04,12.27,11.42,122484.0,145350000.0,25.53,25.53,-45.76,3.07,5.87,6445400,5804600.0,2026-07-09,16:14:39
603043,广州酒家,13.16,13.52,13.6,13.6,13.12,26034.0,34580000.0,74.65,74.02,15.24,1.98,0.46,1143200,1460200.0,2026-07-09,16:14:50
603045,福达合金,69.82,69.63,68.95,70.81,67.0,74439.0,513370000.0,94.57,94.57,32.14,7.67,5.5,3677800,3767200.0,2026-07-09,16:14:53
603048,浙江黎明,18.15,18.17,18.4,18.48,17.7,11213.0,20120000.0,26.66,26.66,79.36,2.15,0.76,528000,593300.0,2026-07-09,16:14:58
603050,科林电气,19.6,19.19,19.16,19.6,18.82,50979.0,97610000.0,79.05,79.05,34.72,4.3,1.26,2687800,2423700.0,2026-07-09,16:14:40
603051,鹿山新材,22.89,21.8,21.8,23.8,21.8,130503.0,299570000.0,37.0,37.0,-54.87,2.17,8.07,6299400,6751700.0,2026-07-09,16:14:37
603052,可川科技,71.8,70.63,71.9,72.39,66.49,52725.0,367030000.0,134.91,134.91,-2044.63,12.67,2.81,2843100,2429500.0,2026-07-09,16:14:33
603053,XD成都燃,8.52,8.58,8.65,8.65,8.48,20597.0,17620000.0,75.73,75.73,16.15,1.58,0.23,1184400,875300.0,2026-07-09,16:14:31
603055,台华新材,8.4,8.56,8.58,8.6,8.3,54338.0,45620000.0,74.78,74.51,14.96,1.43,0.61,2701700,2735100.0,2026-07-09,16:14:32
603056,德邦股份,18.85,18.85,0.0,0.0,0.0,0.0,0.0,190.68,190.68,-36.73,2.4,0.0,0,0.0,2026-07-09,09:00:00
603057,XD紫燕食,22.06,22.22,22.37,22.37,21.85,19489.0,42990000.0,91.57,90.89,30.1,4.37,0.47,912600,1036400.0,2026-07-09,16:14:47
603058,永吉股份,8.55,8.45,8.46,8.6,8.27,39222.0,33170000.0,35.46,35.45,113.26,3.0,0.95,2157400,1766600.0,2026-07-09,16:14:42
603059,倍加洁,23.98,24.59,24.5,24.68,23.66,9827.0,23580000.0,24.13,24.09,19.78,2.15,0.98,548600,434100.0,2026-07-09,16:14:31
603060,国检集团,5.34,5.44,5.44,5.47,5.2,96999.0,51430000.0,42.93,42.93,34.79,2.18,1.21,4224100,5480700.0,2026-07-09,16:15:00
603061,金海通,487.54,443.22,449.24,487.54,444.44,34165.0,1588940000.0,424.16,424.16,181.76,25.17,3.93,1790600,1626100.0,2026-07-09,16:14:32
603062,麦加芯彩,38.26,40.0,40.37,40.37,37.94,6591.0,25430000.0,41.32,14.18,24.29,2.07,1.78,300900,358200.0,2026-07-09,16:14:47
603063,禾望电气,44.16,41.02,41.8,44.49,40.66,222938.0,951220000.0,204.97,204.12,42.99,3.84,4.82,12880400,9416400.0,2026-07-09,16:14:37
603065,宿迁联盛,20.98,21.91,19.72,21.49,19.72,694781.0,1404970000.0,87.9,87.9,-575.89,4.59,16.58,38185100,31360000.0,2026-07-09,16:14:44
603066,音飞储存,10.06,10.09,10.11,10.19,9.8,43070.0,43020000.0,29.59,29.59,23.61,1.95,1.46,2140400,2166600.0,2026-07-09,16:14:52
603067,振华股份,43.21,41.8,42.64,43.75,41.06,288253.0,1221080000.0,326.46,326.46,49.22,8.47,3.82,15254500,13572000.0,2026-07-09,16:14:56
603068,博通集成,40.08,39.31,38.96,40.19,38.25,114649.0,450390000.0,60.84,60.84,276.8,3.47,7.55,6007800,5457600.0,2026-07-09,16:14:34
603069,海汽集团,12.18,12.23,12.15,12.42,11.9,36894.0,44710000.0,38.49,38.49,-61.95,4.98,1.17,1889500,1800900.0,2026-07-09,16:14:58
603070,万控智造,11.35,11.32,11.43,11.46,10.94,41421.0,46350000.0,45.51,45.51,74.9,2.14,1.03,2003900,2138200.0,2026-07-09,16:14:38
603071,物产环能,11.34,11.63,11.54,11.58,11.21,27215.0,30800000.0,63.27,63.27,9.64,1.1,0.49,1371000,1350500.0,2026-07-09,16:14:59
603072,天和磁材,33.8,35.59,35.11,35.4,32.6,64723.0,217440000.0,89.33,42.67,51.59,4.13,5.13,3122300,3359200.0,2026-07-09,16:14:55
603073,彩蝶实业,14.79,15.02,14.87,15.08,14.52,11932.0,17640000.0,17.16,7.53,28.62,1.25,2.34,566700,626500.0,2026-07-09,16:14:39
603075,热威股份,22.68,22.23,22.08,22.73,20.94,36685.0,80350000.0,91.28,9.35,28.02,4.66,8.89,1747900,1923600.0,2026-07-09,16:14:58
603076,乐惠国际,20.63,21.01,20.97,21.0,20.16,18295.0,37650000.0,24.9,24.9,96.82,1.96,1.52,845000,984500.0,2026-07-09,16:14:59
603077,和邦生物,2.15,2.18,2.17,2.19,2.08,1630518.0,347650000.0,189.88,189.88,-50.59,1.07,1.85,71173000,91919100.0,2026-07-09,16:14:50
603078,江化微,51.01,47.95,48.48,52.75,46.55,522676.0,2617240000.0,196.71,196.71,184.23,9.98,13.55,28177800,24106500.0,2026-07-09,16:14:47
603079,圣达生物,10.94,11.18,11.18,11.3,10.64,46422.0,50310000.0,20.68,20.68,38.57,1.31,2.46,2418700,2223500.0,2026-07-09,16:14:38
603080,新疆火炬,19.42,19.46,19.5,19.75,19.32,14471.0,28180000.0,27.48,27.48,13.06,1.77,1.02,708500,738600.0,2026-07-09,16:14:37
603081,大丰实业,8.6,8.69,8.75,8.75,8.42,32682.0,27880000.0,36.33,36.33,61.75,1.15,0.77,1554500,1713900.0,2026-07-09,16:14:33
603082,北自科技,37.82,36.48,37.8,37.99,35.7,43305.0,159740000.0,62.66,15.34,42.02,3.72,10.68,1920800,2409900.0,2026-07-09,16:14:59
603083,剑桥科技,202.0,189.99,193.99,202.66,179.59,324633.0,6208400000.0,743.87,556.69,212.3,9.97,11.78,17390900,15085900.0,2026-07-09,16:14:56
603085,天成自控,10.79,10.69,10.63,10.87,10.41,49468.0,52600000.0,42.85,42.85,48.09,4.43,1.25,2547700,2400600.0,2026-07-09,16:14:51
603086,先达股份,5.24,5.36,5.32,5.4,5.17,70804.0,37160000.0,22.78,22.78,16.63,1.1,1.63,3392300,3688100.0,2026-07-09,16:14:37
603087,甘李药业,62.74,62.85,62.2,64.0,61.03,114957.0,717530000.0,374.75,352.07,36.59,3.34,2.05,5229400,6266600.0,2026-07-09,16:14:54
603088,宁波精达,9.31,9.39,9.39,9.45,8.86,124297.0,113230000.0,46.77,40.77,50.97,4.4,2.84,5770400,6661600.0,2026-07-09,16:14:35
603089,正裕工业,8.06,8.23,8.23,8.38,7.94,54405.0,43720000.0,22.22,19.35,38.75,1.19,2.27,2565700,2874800.0,2026-07-09,16:14:54
603090,宏盛股份,50.05,50.29,50.78,50.78,48.0,36032.0,177300000.0,50.05,50.05,65.72,8.05,3.6,1841300,1762200.0,2026-07-09,16:14:51
603091,众鑫股份,50.15,50.79,50.8,50.98,49.34,10237.0,51240000.0,71.78,22.08,24.94,3.29,2.33,548600,475300.0,2026-07-09,16:14:33
603093,南华期货,17.06,17.2,17.18,17.31,16.5,106078.0,179520000.0,122.44,104.08,20.23,2.13,1.74,5081500,5533800.0,2026-07-09,16:14:51
603095,越剑智能,13.02,13.18,13.28,13.29,12.58,40091.0,51830000.0,33.63,33.63,50.76,1.44,1.55,1907400,2101700.0,2026-07-09,16:14:44
603096,新经典,13.52,13.7,13.55,13.81,13.36,11589.0,15720000.0,20.85,20.85,28.51,1.16,0.75,600300,558600.0,2026-07-09,16:14:30
603097,江苏华辰,16.64,16.85,17.33,17.33,16.0,18434.0,30350000.0,38.26,37.39,76.75,3.67,0.82,853400,990600.0,2026-07-09,16:14:57
603098,森特股份,9.72,9.84,9.91,9.91,9.56,43933.0,42750000.0,52.53,52.37,58.04,1.87,0.82,2098100,2295300.0,2026-07-09,16:14:50
603099,长白山,34.11,35.25,34.72,34.77,33.9,55118.0,188930000.0,92.9,92.9,69.82,6.17,2.02,2397000,3117400.0,2026-07-09,16:14:43
603100,川仪股份,17.22,17.55,17.63,17.68,16.98,57186.0,98360000.0,88.37,88.09,13.78,1.89,1.12,2706200,3017600.0,2026-07-09,16:14:51
603101,汇嘉时代,6.66,6.92,6.83,6.9,6.56,183094.0,122410000.0,31.33,31.33,37.09,2.19,3.89,7960200,10356900.0,2026-07-09,16:14:57
603102,百合股份,31.6,32.35,32.45,32.45,31.2,5361.0,16950000.0,20.22,20.22,16.56,1.2,0.84,245500,290600.0,2026-07-09,16:14:41
603103,横店影视,14.35,14.4,14.34,14.63,14.08,65678.0,94120000.0,91.01,91.01,-63.43,7.12,1.04,3341300,3228500.0,2026-07-09,16:14:47
603105,芯能科技,6.57,6.63,6.59,6.65,6.4,76844.0,50050000.0,32.85,32.85,18.72,1.6,1.54,3403200,4281200.0,2026-07-09,16:14:33
603106,恒银科技,6.71,6.84,6.7,6.81,6.5,69055.0,45800000.0,34.93,34.93,121.85,2.66,1.33,3379100,3527700.0,2026-07-09,16:14:49
603107,上海汽配,11.38,11.54,11.59,11.59,11.25,18081.0,20510000.0,38.39,24.83,24.7,1.85,0.83,955800,852300.0,2026-07-09,16:14:55
603108,润达医疗,8.93,8.92,8.89,9.14,8.7,161467.0,143760000.0,53.99,53.99,-10.14,1.47,2.67,7910600,8236100.0,2026-07-09,16:14:32
603109,神驰机电,16.29,16.41,16.53,16.53,15.89,20774.0,33660000.0,34.02,34.02,38.91,1.77,0.99,991700,1085700.0,2026-07-09,16:14:45
603110,东方材料,21.08,21.18,21.18,22.45,19.98,125911.0,264000000.0,42.42,42.42,3816.1,6.09,6.26,5845600,6751000.0,2026-07-09,16:14:31
603111,康尼机电,5.86,5.89,5.86,5.93,5.75,40336.0,23450000.0,50.51,49.08,14.18,1.31,0.48,1687300,2346300.0,2026-07-09,16:14:34
603112,华翔股份,16.21,15.9,15.87,16.21,15.47,57172.0,90830000.0,87.53,86.66,15.31,1.98,1.07,2769300,2948700.0,2026-07-09,16:14:35
603113,金能科技,4.1,4.19,4.15,4.24,4.05,164958.0,67850000.0,34.79,34.79,-5.4,0.48,1.94,7834600,8664700.0,2026-07-09,16:14:33
603115,海星股份,100.65,96.25,100.1,105.88,95.01,92061.0,922470000.0,243.46,243.46,109.08,12.05,3.81,4073000,5133600.0,2026-07-09,16:14:54
603116,红蜻蜓,5.98,6.08,6.05,6.26,5.84,91973.0,55220000.0,34.46,34.46,-25.51,1.43,1.6,4403200,4794100.0,2026-07-09,16:14:57
603117,万林物流,3.37,3.39,3.36,3.45,3.32,88858.0,29930000.0,20.19,20.19,274.72,1.97,1.48,4244300,4641600.0,2026-07-09,16:14:48
603118,共进股份,13.42,14.44,13.3,13.95,13.0,1027461.0,1373130000.0,105.65,105.65,132.18,2.09,13.05,45706800,57126300.0,2026-07-09,16:14:50
603119,浙江荣泰,61.85,60.34,60.3,61.89,58.27,145838.0,875170000.0,292.46,163.93,100.62,14.44,5.5,7405500,7181000.0,2026-07-09,16:15:00
603121,华培动力,11.38,11.39,11.2,11.66,11.0,69094.0,78130000.0,38.53,38.53,-63.07,3.51,2.04,3200800,3708600.0,2026-07-09,16:14:53
603122,合富中国,10.26,10.28,10.16,10.44,9.93,92913.0,94620000.0,40.84,40.84,-113.68,3.91,2.33,4391200,4909500.0,2026-07-09,16:14:53
603123,翠微股份,7.83,7.9,7.82,7.92,7.59,122278.0,94750000.0,62.54,51.07,-14.57,3.84,1.87,5651300,6586900.0,2026-07-09,16:15:00
603124,江南新材,156.22,154.65,156.99,157.49,148.5,25288.0,387260000.0,227.68,121.24,87.32,12.23,3.26,1350800,1178400.0,2026-07-09,16:14:48
603125,常青科技,28.2,27.46,27.69,28.22,27.07,53180.0,147150000.0,114.16,114.16,55.95,4.54,1.31,2656500,2663000.0,2026-07-09,16:14:33
603126,中材节能,5.92,5.94,5.94,5.98,5.75,66753.0,39160000.0,36.14,36.14,110.3,1.77,1.09,3100900,3574400.0,2026-07-09,16:14:51
603127,昭衍新药,39.29,37.9,37.8,40.17,37.28,274516.0,1068890000.0,294.42,247.67,59.47,3.48,4.35,14252400,13214600.0,2026-07-09,16:14:36
603128,华贸物流,5.23,5.29,5.31,5.31,5.2,73687.0,38500000.0,68.46,68.46,14.79,1.08,0.56,3354900,4014700.0,2026-07-09,16:15:00
603129,春风动力,258.32,258.06,255.18,262.99,253.51,11502.0,295760000.0,396.48,396.48,23.56,5.39,0.75,523000,627400.0,2026-07-09,16:14:42
603130,云中马,38.72,39.04,39.0,39.26,37.43,12482.0,47900000.0,53.25,53.25,49.03,3.79,0.91,589200,659000.0,2026-07-09,16:14:42
603131,上海沪工,16.69,16.36,16.32,16.75,15.87,89531.0,146030000.0,56.23,56.23,-378.5,3.41,2.66,4354100,4599300.0,2026-07-09,16:14:40
603132,金徽股份,15.03,15.62,15.62,15.7,14.58,70648.0,105900000.0,146.99,146.99,22.5,4.61,0.72,3253500,3811800.0,2026-07-09,16:14:36
603135,中重科技,12.75,13.15,13.39,13.52,12.17,259601.0,328260000.0,80.87,80.27,-468.91,2.74,4.12,12530800,13431400.0,2026-07-09,16:14:56
603136,天目湖,8.46,8.66,8.59,8.66,8.38,29340.0,24900000.0,22.85,22.85,24.86,1.72,1.09,1400300,1533700.0,2026-07-09,16:14:58
603137,恒尚节能,25.2,22.91,24.21,25.2,24.1,132015.0,327030000.0,46.1,46.1,-99.41,3.85,7.22,5200600,8001600.0,2026-07-09,16:14:42
603138,海量数据,13.3,13.2,13.04,13.33,12.8,69567.0,91230000.0,39.05,38.35,-54.76,4.84,2.41,3318000,3638700.0,2026-07-09,16:15:00
603139,康惠股份,40.26,39.55,39.88,41.48,38.12,47421.0,189420000.0,40.21,40.21,-13.62,7.37,4.75,2229500,2514900.0,2026-07-09,16:14:37
603150,万朗磁塑,64.36,63.0,63.1,64.58,61.57,12760.0,80290000.0,55.02,55.02,54.68,3.19,1.49,702600,573400.0,2026-07-09,16:14:52
603151,邦基科技,10.82,11.07,11.07,11.14,10.71,29769.0,32350000.0,18.53,18.53,21.33,1.36,1.74,1386300,1590600.0,2026-07-09,16:14:52
603153,上海建科,13.11,13.22,12.98,13.29,12.98,12641.0,16550000.0,53.73,52.94,14.47,1.38,0.31,612600,651500.0,2026-07-09,16:14:43
603155,新亚强,25.71,25.69,25.66,26.47,24.78,160467.0,410320000.0,81.19,81.19,95.51,3.67,5.08,7135200,8912900.0,2026-07-09,16:15:00
603156,养元饮品,48.71,44.28,44.98,48.71,44.5,183526.0,862600000.0,613.88,613.88,43.07,7.1,1.46,9173100,9180700.0,2026-07-09,16:14:57
603158,腾龙股份,11.33,11.21,11.21,11.34,10.79,158965.0,176450000.0,55.6,55.6,93.12,2.45,3.24,7822300,8094200.0,2026-07-09,16:14:46
603159,上海亚虹,17.9,17.53,17.78,18.6,17.15,33893.0,60000000.0,25.06,25.06,-245.92,5.05,2.42,1786300,1602900.0,2026-07-09,16:14:41
603160,汇顶科技,60.49,56.77,56.59,60.68,56.1,119249.0,701900000.0,281.87,281.87,37.14,3.06,2.56,6899600,5038500.0,2026-07-09,16:14:42
603161,科华控股,12.78,12.97,13.1,13.1,12.4,38198.0,48420000.0,24.85,24.38,28.36,1.66,2.0,1462600,2357200.0,2026-07-09,16:14:48
603162,海通发展,9.2,9.18,9.0,9.54,8.73,494574.0,454110000.0,126.56,38.76,20.82,2.75,11.74,25650400,23812200.0,2026-07-09,16:14:47
603163,圣晖集成,113.61,113.6,114.47,117.39,109.4,31489.0,355700000.0,113.61,113.61,69.15,10.05,3.15,1424900,1724700.0,2026-07-09,16:14:32
603165,荣晟环保,13.71,13.45,13.47,13.86,13.38,54156.0,73590000.0,42.88,42.88,18.72,1.91,1.73,2503800,2911800.0,2026-07-09,16:14:45
603166,福达股份,10.9,10.94,10.96,11.04,10.48,174747.0,187820000.0,70.38,69.84,21.55,2.7,2.73,8331400,9170300.0,2026-07-09,16:14:55
603167,渤海轮渡,8.95,9.07,9.08,9.08,8.91,61382.0,55080000.0,41.99,41.99,16.87,1.19,1.31,2562400,3585400.0,2026-07-09,16:14:56
603168,莎普爱思,4.77,4.81,4.81,4.95,4.67,67809.0,32390000.0,17.85,17.77,-6.52,1.35,1.82,3460900,3320000.0,2026-07-09,16:14:41
603169,兰石重装,6.1,6.17,6.16,6.2,5.95,162439.0,98480000.0,79.68,79.68,-13.17,3.0,1.24,8339300,7908600.0,2026-07-09,16:15:00
603170,宝立食品,11.62,12.04,11.97,11.97,11.51,23349.0,27280000.0,46.48,46.48,17.22,3.26,0.58,1079600,1255300.0,2026-07-09,16:14:40
603171,税友股份,39.72,39.78,39.21,41.0,38.34,72293.0,287410000.0,161.4,161.22,113.05,6.47,1.78,3554800,3675700.0,2026-07-09,16:14:55
603172,万丰股份,16.2,16.33,16.32,16.5,15.7,17944.0,28830000.0,21.61,21.61,41.67,1.96,1.35,939500,854900.0,2026-07-09,16:15:00
603173,福斯达,33.6,34.76,34.46,34.75,32.34,24856.0,82870000.0,53.76,53.76,13.51,2.76,1.55,1113500,1372100.0,2026-07-09,16:14:32
603176,汇通集团,4.23,4.25,4.27,4.3,4.13,39842.0,16730000.0,20.1,19.53,95.87,1.89,0.86,2169000,1826600.0,2026-07-09,16:14:49
603177,德创环保,7.96,7.98,7.94,8.08,7.71,38484.0,30420000.0,16.25,16.25,-30.69,5.03,1.88,1860800,1988100.0,2026-07-09,16:14:42
603178,圣龙股份,16.7,17.84,16.59,17.78,16.06,308069.0,512890000.0,39.48,39.48,-24.43,3.45,13.03,12989500,17832100.0,2026-07-09,16:14:48
603179,新泉股份,47.0,47.38,48.33,48.5,45.94,177431.0,831180000.0,335.67,335.67,41.68,4.53,2.48,9158300,8594400.0,2026-07-09,16:14:58
603180,金牌家居,14.14,14.5,14.49,14.64,13.9,8799.0,12420000.0,21.81,21.81,-80.24,0.81,0.57,421900,458000.0,2026-07-09,16:15:00
603181,皇马科技,14.09,14.49,14.45,14.5,13.5,171223.0,237890000.0,82.95,82.95,18.55,2.38,2.91,7678200,9445800.0,2026-07-09,16:14:35
603182,嘉华股份,11.45,11.66,11.55,11.69,11.36,13110.0,15030000.0,18.84,18.84,21.83,1.71,0.8,516700,794300.0,2026-07-09,16:14:55
603183,建研院,4.25,4.05,4.06,4.3,3.85,825025.0,337610000.0,21.13,21.13,184.83,1.32,16.59,38842600,43682300.0,2026-07-09,16:14:50
603185,弘元绿能,14.55,14.28,14.28,14.66,13.76,156051.0,222230000.0,99.39,98.8,-235.97,0.85,2.3,7443500,8161800.0,2026-07-09,16:14:58
603186,华正新材,188.66,177.85,181.41,189.9,177.0,117667.0,2162070000.0,295.8,295.8,102.27,12.74,7.5,6049200,5718100.0,2026-07-09,16:14:48
603187,海容冷链,11.8,11.92,11.87,11.92,11.57,37407.0,43850000.0,45.6,45.12,11.72,1.08,0.98,2019400,1721300.0,2026-07-09,16:14:34
603188,亚邦股份,3.81,3.83,3.84,3.89,3.72,89157.0,33850000.0,21.72,21.72,-48.52,3.08,1.56,4284000,4631700.0,2026-07-09,16:14:33
603189,*ST网达,10.18,10.25,10.27,10.43,10.0,35472.0,35960000.0,27.44,27.44,-982.05,1.89,1.32,1902700,1644500.0,2026-07-09,16:14:56
603190,亚通精工,24.22,24.93,24.8,24.97,23.8,18912.0,45960000.0,30.16,9.96,24.08,1.34,4.6,1049200,842100.0,2026-07-09,16:14:34
603191,望变电气,14.21,14.29,14.3,14.5,13.66,70469.0,98750000.0,46.89,46.89,69.95,1.89,2.14,3630600,3417300.0,2026-07-09,16:15:00
603192,汇得科技,16.94,17.56,17.5,17.65,16.58,20914.0,35390000.0,28.32,23.62,36.73,1.32,1.5,982900,1108500.0,2026-07-09,16:14:39
603193,润本股份,18.56,18.84,18.59,19.01,18.39,22007.0,40960000.0,75.09,19.18,23.25,3.46,2.13,1092100,1108600.0,2026-07-09,16:14:41
603194,中力股份,33.22,33.38,33.35,33.78,32.75,16951.0,56220000.0,133.21,52.5,15.69,2.49,1.07,809400,885700.0,2026-07-09,16:14:42
603195,公牛集团,37.45,37.74,37.69,37.79,37.29,30794.0,115220000.0,675.39,674.16,16.26,4.73,0.17,1318100,1762300.0,2026-07-09,16:14:47
603196,璞源材料,22.04,22.02,22.18,22.36,21.5,20390.0,44620000.0,92.28,52.23,270.27,4.63,0.86,1089300,949700.0,2026-07-09,16:14:53
603197,保隆科技,27.72,28.04,28.01,28.06,27.31,24844.0,68590000.0,59.33,58.53,31.39,1.87,1.18,1226200,1258700.0,2026-07-09,16:14:32
603198,迎驾贡酒,31.11,32.09,31.88,31.99,30.87,41573.0,129940000.0,248.88,248.88,12.5,2.42,0.52,1956300,2201300.0,2026-07-09,16:14:33
603199,九华旅游,31.05,31.85,31.43,31.55,30.83,13432.0,41790000.0,34.37,34.37,16.08,2.1,1.21,520400,822800.0,2026-07-09,16:14:59
603200,上海洗霸,38.88,38.97,39.02,39.37,37.25,33310.0,127740000.0,68.23,68.23,83.21,6.23,1.9,1784000,1548500.0,2026-07-09,16:14:44
603201,常润股份,13.63,13.96,14.09,14.4,13.41,50120.0,68850000.0,25.89,25.67,13.17,1.49,2.66,1828900,3184700.0,2026-07-09,16:14:31
603203,快克智能,66.07,61.5,63.35,66.34,61.03,222782.0,1431530000.0,218.05,214.0,146.24,15.87,6.88,11428800,10858100.0,2026-07-09,16:15:00
603205,XD健尔康,21.01,20.82,20.71,21.26,20.51,7304.0,15280000.0,32.78,8.69,29.77,2.21,1.77,362200,368200.0,2026-07-09,16:14:57
603206,嘉环科技,14.05,14.07,13.95,14.09,13.34,63658.0,87650000.0,42.88,42.88,90.21,1.89,2.09,2926700,3442600.0,2026-07-09,16:14:36
603207,小方制药,22.65,22.86,22.86,23.26,22.34,14738.0,33330000.0,36.39,12.37,17.87,3.34,2.7,629500,844300.0,2026-07-09,16:14:41
603208,江山欧派,10.49,10.71,10.7,10.72,10.36,19854.0,20810000.0,18.45,18.45,-7.86,1.82,1.13,986300,999100.0,2026-07-09,16:14:54
603209,兴通股份,13.2,13.39,13.39,13.51,13.1,33179.0,43910000.0,42.9,42.44,13.94,1.26,1.03,1698800,1620400.0,2026-07-09,16:14:38
603211,晋拓股份,34.44,34.98,35.0,36.38,33.0,130211.0,448640000.0,93.61,93.61,149.68,7.47,4.79,6169600,6852300.0,2026-07-09,16:14:55
603212,赛伍技术,10.94,11.13,11.15,11.59,10.68,160033.0,176490000.0,47.86,47.86,-19.43,2.0,3.66,6866800,9147000.0,2026-07-09,16:14:37
603213,镇洋发展,14.86,14.05,14.01,14.86,13.97,102886.0,149510000.0,66.11,66.11,87.9,3.59,2.31,6477000,3816600.0,2026-07-09,16:14:44
603214,爱婴室,12.27,12.43,12.56,12.56,12.08,22688.0,27800000.0,17.0,17.0,20.4,1.47,1.64,1055300,1213500.0,2026-07-09,16:14:46
603215,比依股份,14.28,14.44,14.49,14.65,14.0,17150.0,24440000.0,30.64,26.74,61.35,1.8,0.92,830500,884500.0,2026-07-09,16:14:58
603216,梦天家居,19.99,20.0,19.58,20.11,19.4,20110.0,39740000.0,44.52,44.52,69.63,2.52,0.9,938300,1072700.0,2026-07-09,16:14:40
603217,元利科技,20.15,20.78,20.74,20.88,19.85,33392.0,67310000.0,41.93,41.93,20.23,1.23,1.6,1864600,1474600.0,2026-07-09,16:14:49
603218,日月股份,9.42,9.59,9.62,9.66,9.29,102154.0,96200000.0,97.01,96.93,18.75,0.93,0.99,4823000,5393400.0,2026-07-09,16:14:45
603219,富佳股份,14.4,14.61,14.69,14.83,14.2,43934.0,63320000.0,80.84,80.84,147.13,5.09,0.78,2284000,2109400.0,2026-07-09,16:14:58
603220,中贝通信,19.75,19.34,19.41,19.77,18.68,199484.0,384410000.0,105.93,85.77,169.35,2.75,4.59,10381200,9569200.0,2026-07-09,16:14:50
603221,爱丽家居,11.71,11.58,11.88,12.02,11.46,47721.0,55920000.0,28.64,28.37,-144.47,1.82,1.97,2416100,2356200.0,2026-07-09,16:14:58
603222,济民健康,10.12,9.2,9.0,10.12,8.86,554506.0,537980000.0,53.14,53.14,-20.61,4.77,10.56,27035800,28426500.0,2026-07-09,16:14:58
603223,恒通股份,12.47,12.49,12.56,12.78,12.01,291032.0,360250000.0,88.02,88.02,27.78,2.18,4.12,14321200,14782600.0,2026-07-09,16:15:00
603225,新凤鸣,17.95,18.34,18.24,18.52,17.25,229386.0,408980000.0,301.11,299.5,27.88,1.45,1.37,10439200,12500300.0,2026-07-09,16:14:48
603226,菲林格尔,50.9,49.6,49.55,50.98,48.85,27400.0,137040000.0,180.95,180.95,-231.42,21.25,0.77,1598800,1141200.0,2026-07-09,16:15:00
603227,雪峰科技,7.03,7.09,7.04,7.14,7.0,64447.0,45410000.0,75.34,75.34,15.52,1.49,0.6,3399900,3049800.0,2026-07-09,16:14:37
603228,景旺电子,68.25,62.5,63.88,68.68,63.6,393196.0,2629620000.0,673.17,669.85,59.11,5.27,4.01,23437500,15895200.0,2026-07-09,16:14:56
603229,奥翔药业,7.91,7.95,7.9,8.12,7.8,64827.0,51360000.0,65.68,65.68,60.79,2.77,0.78,3254500,3228200.0,2026-07-09,16:15:00
603230,内蒙新华,8.86,9.0,8.97,9.06,8.82,13744.0,12230000.0,31.32,31.32,37.99,1.13,0.39,626600,747800.0,2026-07-09,16:14:40
603231,索宝蛋白,15.02,15.46,15.46,15.46,14.75,23860.0,35900000.0,28.76,15.96,16.25,1.46,2.25,1205300,1181200.0,2026-07-09,16:14:37
603232,格尔软件,14.52,14.42,14.4,14.6,13.84,69064.0,97930000.0,33.99,33.58,-53.85,2.61,2.99,3395600,3513400.0,2026-07-09,16:14:56
603233,大参林,17.65,17.81,17.64,17.96,17.36,78367.0,138230000.0,201.01,201.01,15.63,2.82,0.69,3426900,4409900.0,2026-07-09,16:14:49
603235,天新药业,22.85,23.26,23.24,23.3,22.72,4832.0,11110000.0,100.03,100.03,19.24,2.07,0.11,269500,213700.0,2026-07-09,16:14:52
603236,移远通信,49.51,50.12,49.52,50.24,48.24,82745.0,406470000.0,199.5,199.5,26.03,2.9,2.05,4013900,4269300.0,2026-07-09,16:14:55
603237,五芳斋,12.58,12.84,12.85,12.88,12.5,8060.0,10170000.0,24.66,23.88,22.51,1.63,0.42,427400,378700.0,2026-07-09,16:14:58
603238,诺邦股份,11.13,11.36,11.1,11.33,10.96,24376.0,27100000.0,19.76,19.76,16.75,1.37,1.37,1178700,1258900.0,2026-07-09,16:14:44
603239,浙江仙通,13.64,13.88,13.94,13.99,13.41,40680.0,55410000.0,36.93,36.93,18.07,2.85,1.5,1978800,2090100.0,2026-07-09,16:14:59
603255,鼎际得,32.0,32.2,32.08,32.22,30.5,14038.0,44100000.0,43.07,19.42,165.84,2.73,2.31,647400,756600.0,2026-07-09,16:14:37
603256,宏和科技,213.65,205.0,209.04,215.0,201.18,154554.0,3245350000.0,1932.65,1879.54,620.89,71.31,1.76,8132200,7336900.0,2026-07-09,16:14:46
603258,电魂网络,11.51,11.64,11.63,11.8,11.37,30795.0,35610000.0,27.94,27.78,-11.73,1.44,1.28,1334700,1744800.0,2026-07-09,16:14:51
603259,药明康德,121.07,115.4,115.01,121.43,114.52,583217.0,6939670000.0,3612.43,2994.4,17.95,4.54,2.36,31405600,26953600.0,2026-07-09,16:14:52
603260,合盛硅业,43.43,41.6,41.4,44.54,40.95,240528.0,1025890000.0,513.43,513.43,-16.18,1.75,2.03,11628400,12431000.0,2026-07-09,16:14:53
603261,立航科技,55.65,54.5,52.68,55.65,49.5,40720.0,216890000.0,43.13,43.13,-20.03,8.63,5.25,2203900,1874400.0,2026-07-09,16:14:53
603266,天龙股份,16.55,16.35,16.13,16.76,15.8,31154.0,50570000.0,32.92,32.92,29.84,2.06,1.57,1179400,1936200.0,2026-07-09,16:14:38
603267,鸿远电子,62.86,62.86,63.9,64.23,59.54,151603.0,937080000.0,145.26,145.26,50.79,3.26,6.56,7270200,7890800.0,2026-07-09,16:14:39
603268,松发股份,157.0,167.77,164.9,168.75,151.51,152216.0,2400290000.0,1524.12,366.2,43.62,14.45,6.53,7365000,7864200.0,2026-07-09,16:14:48
603269,海鸥股份,16.97,17.29,17.44,17.79,15.6,492482.0,812260000.0,73.3,73.3,61.53,7.5,11.4,24140600,25133800.0,2026-07-09,16:14:44
603270,金帝股份,28.22,28.63,28.6,28.82,26.24,103333.0,283100000.0,61.83,19.96,41.13,2.72,14.61,5054300,5279800.0,2026-07-09,16:14:31
603271,永杰新材,44.59,43.46,44.77,45.94,43.46,27899.0,123950000.0,88.35,42.17,19.25,2.96,2.95,1150900,1639600.0,2026-07-09,16:14:31
603272,*ST联翔,22.1,21.78,20.55,23.18,20.55,51257.0,112040000.0,22.9,22.9,-132.29,4.25,4.95,2554200,2571500.0,2026-07-09,16:14:33
603273,天元智能,13.3,13.35,13.32,13.51,12.85,30799.0,40560000.0,28.5,7.46,102.88,3.22,5.49,1773300,1306600.0,2026-07-09,16:14:43
603275,众辰科技,37.3,37.86,37.76,37.76,36.08,16137.0,59400000.0,55.49,15.49,30.62,1.84,3.89,728900,884800.0,2026-07-09,16:14:55
603276,恒兴新材,15.44,15.47,15.57,15.59,14.87,29820.0,45140000.0,32.06,11.68,43.88,1.82,3.94,1437500,1545300.0,2026-07-09,16:14:46
603277,银都股份,10.18,10.34,10.4,10.4,9.99,19424.0,19640000.0,62.47,62.07,19.02,2.37,0.32,883100,1059300.0,2026-07-09,16:14:53
603278,大业股份,9.57,9.65,9.65,9.78,9.23,153674.0,146020000.0,32.71,32.71,-76.14,1.69,4.5,6856100,8514700.0,2026-07-09,16:14:44
603279,景津装备,12.05,12.31,12.36,12.36,11.89,61027.0,73610000.0,69.45,69.45,14.55,1.55,1.06,2605500,3497100.0,2026-07-09,16:14:56
603280,南方路机,24.8,25.2,25.15,25.34,24.26,7737.0,19070000.0,26.88,26.88,28.26,1.98,0.71,360600,413200.0,2026-07-09,16:14:37
603281,江瀚新材,24.47,23.77,23.77,24.94,23.37,67640.0,163030000.0,126.91,126.91,29.86,2.8,1.3,3790000,2974100.0,2026-07-09,16:14:47
603282,亚光股份,13.7,13.9,13.69,13.94,13.33,12777.0,17390000.0,18.33,18.33,27.72,1.43,0.95,687000,590700.0,2026-07-09,16:14:44
603283,赛腾股份,72.09,67.8,69.2,72.3,67.0,314344.0,2203210000.0,254.14,254.14,50.05,7.44,8.92,15480000,15964400.0,2026-07-09,16:14:34
603285,键邦股份,44.78,48.42,48.89,49.0,43.58,90142.0,406700000.0,71.65,27.9,54.7,4.16,14.47,3841700,5172500.0,2026-07-09,16:15:00
603286,日盈电子,48.79,48.79,49.9,49.9,46.68,44351.0,214170000.0,57.57,56.71,-113.8,7.02,3.82,2169800,2265300.0,2026-07-09,16:14:39
603288,海天味业,33.33,34.1,33.85,33.87,33.18,156036.0,521530000.0,1950.41,1853.35,26.79,5.22,0.28,6773200,8844300.0,2026-07-09,16:14:53
603289,泰瑞机器,8.23,8.27,8.22,8.65,8.07,75686.0,63020000.0,24.15,24.15,30.79,1.67,2.58,3262800,4305800.0,2026-07-09,16:14:37
603290,斯达半导,133.4,129.28,132.0,133.7,127.02,123482.0,1613990000.0,319.46,319.46,97.35,4.67,5.16,5700200,6652600.0,2026-07-09,16:14:34
603291,联合水务,8.0,8.25,8.25,8.3,7.95,45066.0,36260000.0,33.86,33.86,32.65,1.94,1.06,2008400,2499700.0,2026-07-09,16:14:48
603296,华勤技术,82.14,78.29,76.72,82.4,74.47,574166.0,4531330000.0,1245.41,655.97,29.15,4.89,7.19,32885700,24546700.0,2026-07-09,16:14:49
603297,永新光学,123.2,120.56,120.28,123.83,118.2,14161.0,171900000.0,136.67,136.42,64.98,6.82,1.28,677200,738900.0,2026-07-09,16:14:48
603298,杭叉集团,24.74,25.05,24.84,25.14,24.31,57297.0,140770000.0,324.05,324.05,14.53,2.81,0.44,2533600,3196400.0,2026-07-09,16:14:32
603299,苏盐井神,8.91,8.94,8.9,9.0,8.85,40375.0,35980000.0,85.07,69.54,18.1,1.07,0.52,1721000,2316500.0,2026-07-09,16:14:34
603300,海南华铁,4.41,4.43,4.41,4.44,4.29,395796.0,172680000.0,88.16,88.16,19.79,1.32,1.98,18037000,21542700.0,2026-07-09,16:14:35
603301,振德医疗,88.0,89.79,89.36,90.85,87.0,17547.0,155090000.0,232.21,232.21,87.95,4.14,0.66,898200,856600.0,2026-07-09,16:14:46
603303,得邦照明,24.68,23.67,23.55,24.79,22.9,47906.0,114560000.0,117.71,117.71,47.7,3.83,1.0,2205800,2584900.0,2026-07-09,16:14:52
603305,旭升集团,11.8,11.85,11.75,11.94,11.46,219945.0,256580000.0,136.37,136.37,34.56,1.49,1.9,10352100,11644100.0,2026-07-09,16:14:46
603306,华懋科技,96.28,91.75,93.0,96.99,88.8,108300.0,1003480000.0,317.24,317.24,221.78,9.95,3.29,5775800,5057200.0,2026-07-09,16:14:49
603307,扬州金泉,23.27,23.7,23.45,23.7,22.84,4950.0,11490000.0,22.97,22.61,20.56,1.67,0.51,219500,275500.0,2026-07-09,16:14:53
603308,应流股份,54.72,55.43,55.7,57.48,52.69,280845.0,1519230000.0,371.58,371.58,98.62,7.31,4.14,14407400,13681200.0,2026-07-09,16:14:50
603309,维力医疗,11.73,11.84,11.9,11.95,11.5,31994.0,37360000.0,34.24,34.24,44.26,1.97,1.1,1481700,1717700.0,2026-07-09,16:14:37
603310,巍华新材,14.88,15.07,15.06,15.11,14.69,22829.0,33920000.0,51.39,28.87,29.05,1.28,1.18,1043400,1239700.0,2026-07-09,16:14:59
603311,金海高科,29.74,29.24,29.24,30.1,28.43,54577.0,159410000.0,70.15,70.15,99.94,5.2,2.31,2943900,2513800.0,2026-07-09,16:15:00
603312,西典新能,33.15,31.25,31.0,33.15,30.69,16423.0,52070000.0,53.04,16.88,21.32,2.98,3.23,814800,827500.0,2026-07-09,16:14:37
603313,梦百合,7.26,7.06,7.0,7.76,6.81,715576.0,526540000.0,41.42,41.42,-38.84,1.22,12.54,35653800,35964800.0,2026-07-09,16:14:48
603315,福鞍股份,13.33,13.49,13.35,13.55,12.99,114944.0,152820000.0,42.7,42.7,103.4,2.46,3.59,6195300,5299600.0,2026-07-09,16:14:53
603316,诚邦股份,18.9,19.04,18.45,18.95,17.42,223309.0,407970000.0,49.95,49.95,-50.42,9.04,8.45,12252300,10084000.0,2026-07-09,16:14:46
603317,天味食品,13.32,14.15,13.87,14.45,12.97,250529.0,335890000.0,141.47,141.47,18.99,3.4,2.36,12455500,12602300.0,2026-07-09,16:14:51
603318,水发燃气,7.77,7.81,7.82,8.1,7.65,322871.0,253540000.0,43.1,35.67,-46.58,2.29,7.03,14488200,17813200.0,2026-07-09,16:14:39
603319,美湖股份,31.44,31.52,31.5,31.97,30.38,148194.0,460710000.0,106.63,106.63,148.83,4.37,4.37,6630800,8190400.0,2026-07-09,16:14:52
603320,迪贝电气,16.65,16.87,16.98,17.05,16.12,19980.0,33120000.0,24.83,24.83,33.16,2.12,1.34,939200,1058800.0,2026-07-09,16:14:34
603321,梅轮电梯,5.71,5.73,5.73,5.81,5.6,33557.0,19090000.0,19.92,19.67,57.66,1.39,0.97,1485800,1869900.0,2026-07-09,16:14:56
603322,超讯科技,28.24,27.15,27.14,29.5,26.58,79472.0,221170000.0,44.5,44.5,-100.97,16.91,5.04,4175300,3772700.0,2026-07-09,16:14:32
603323,苏农银行,4.03,4.08,4.07,4.08,4.02,303223.0,122900000.0,89.48,89.48,4.33,0.47,1.37,13839700,16493300.0,2026-07-09,16:14:31
603324,盛剑科技,42.99,42.27,43.12,43.35,40.95,48068.0,203490000.0,63.49,63.49,-99.44,3.89,3.25,2561900,2245200.0,2026-07-09,16:14:35
603325,博隆技术,52.5,53.01,53.16,53.44,51.05,5170.0,26930000.0,42.0,17.95,12.4,1.52,1.51,210100,306800.0,2026-07-09,16:14:32
603326,我乐家居,6.16,6.23,6.13,6.24,6.03,39999.0,24510000.0,19.66,19.66,13.73,1.77,1.25,1729500,2270400.0,2026-07-09,16:14:37
603327,福蓉科技,8.23,8.3,8.38,8.44,8.06,230714.0,189070000.0,86.04,86.04,58.93,3.6,2.21,9568500,13515400.0,2026-07-09,16:14:54
603328,依顿电子,11.16,10.95,11.02,11.19,10.46,274153.0,297640000.0,111.43,111.43,28.79,2.68,2.75,14651800,12766900.0,2026-07-09,16:14:49
603329,上海雅仕,10.16,9.24,10.16,10.16,10.16,53765.0,54630000.0,25.41,20.97,37.08,1.74,2.61,0,5376500.0,2026-07-09,16:14:54
603330,天洋新材,7.96,7.91,7.97,8.08,7.6,229675.0,179920000.0,34.44,34.44,-14.46,2.64,5.31,10979900,11987700.0,2026-07-09,16:14:45
603331,百达精工,10.48,10.44,10.49,10.64,10.14,53267.0,55200000.0,21.19,21.19,-8.6,2.03,2.63,2736800,2590900.0,2026-07-09,16:14:54
603332,苏州龙杰,10.08,10.16,10.21,10.23,9.84,29267.0,29340000.0,21.81,21.81,26.32,1.73,1.35,1164300,1762400.0,2026-07-09,16:14:57
603333,福华尚纬,8.1,7.93,7.97,8.16,7.84,169649.0,135570000.0,50.34,50.34,-156.1,2.47,2.73,8281400,8691900.0,2026-07-09,16:14:54
603335,迪生力,7.29,7.26,7.38,7.42,6.8,293608.0,209700000.0,31.21,31.21,60.86,11.06,6.86,15782300,13586100.0,2026-07-09,16:14:32
603336,宏辉果蔬,7.37,7.31,7.33,7.44,7.22,88377.0,64780000.0,44.86,44.86,274.94,3.13,1.45,4103300,4734400.0,2026-07-09,16:14:58
603337,杰克科技,37.05,37.52,38.11,38.11,35.8,60991.0,222680000.0,176.51,175.52,20.36,3.41,1.29,2492500,3606600.0,2026-07-09,16:14:38
603338,浙江鼎力,51.82,51.98,51.02,52.58,50.8,62395.0,321920000.0,262.39,262.39,13.64,2.33,1.23,3164200,3076300.0,2026-07-09,16:14:47
603339,四方科技,15.33,15.47,15.68,15.74,15.02,351241.0,535890000.0,47.44,47.44,32.09,1.76,11.35,17262700,17864000.0,2026-07-09,16:15:00
603341,龙旗科技,42.38,39.85,40.98,42.63,40.1,218439.0,909690000.0,221.47,112.82,49.61,3.18,8.21,11934300,9921000.0,2026-07-09,16:14:36
603344,星德胜,23.81,23.6,23.92,24.29,23.25,27450.0,65410000.0,46.32,12.86,27.97,2.13,5.08,1368300,1376800.0,2026-07-09,16:14:33
603345,安井食品,79.75,82.03,81.5,81.54,78.81,44885.0,358130000.0,265.8,233.9,17.4,1.7,1.53,2179400,2309100.0,2026-07-09,16:14:55
603348,文灿股份,13.25,13.48,13.48,13.58,13.09,19593.0,25950000.0,41.67,41.67,-9.65,1.07,0.62,832700,1126600.0,2026-07-09,16:14:30
603350,安乃达,29.56,29.86,29.86,30.0,29.11,6822.0,20090000.0,34.44,13.04,31.12,2.59,1.55,269300,412900.0,2026-07-09,16:14:35
603351,威尔药业,25.36,25.9,25.7,26.07,24.94,16256.0,41240000.0,34.35,34.35,22.59,1.96,1.2,713300,912400.0,2026-07-09,16:14:58
603353,和顺石油,34.7,33.89,34.2,35.58,33.6,53351.0,184040000.0,59.65,59.14,-491.49,3.75,3.13,2489700,2845900.0,2026-07-09,16:14:46
603355,莱克电气,25.81,24.44,24.5,25.99,24.05,36379.0,91530000.0,147.99,147.99,25.14,2.62,0.63,2004600,1633400.0,2026-07-09,16:14:56
603356,华菱精工,16.56,16.96,17.02,17.38,16.25,52535.0,87520000.0,22.08,22.08,-16.0,7.31,3.94,2120500,3135600.0,2026-07-09,16:14:41
603357,设计总院,6.16,6.23,6.22,6.25,6.13,18950.0,11690000.0,34.53,34.53,11.5,0.88,0.34,868600,1026400.0,2026-07-09,16:14:57
603358,华达科技,42.42,41.18,41.18,42.7,40.39,103773.0,434540000.0,199.27,195.88,152.33,5.82,2.25,5737900,4641100.0,2026-07-09,16:14:57
603359,*ST东珠,2.27,2.25,2.23,2.4,2.21,123211.0,28460000.0,10.13,10.13,-0.93,0.72,2.76,5797600,6525700.0,2026-07-09,16:14:55
603360,百傲化学,14.69,14.31,14.31,14.9,14.15,143500.0,207450000.0,103.74,103.74,60.15,7.36,2.03,6981700,7369600.0,2026-07-09,16:14:35
603363,傲农生物,2.84,2.84,2.81,2.87,2.78,275342.0,77680000.0,77.56,60.96,-50.36,2.3,1.28,11745700,15804800.0,2026-07-09,16:14:44
603365,水星家纺,16.61,16.9,17.01,17.01,16.56,10572.0,17650000.0,43.6,43.37,10.33,1.44,0.4,584300,472900.0,2026-07-09,16:14:32
603366,日出东方,6.49,6.47,6.42,6.57,6.31,136436.0,87800000.0,52.77,52.77,29.03,1.24,1.68,6362400,7285100.0,2026-07-09,16:14:52
603367,辰欣药业,13.21,13.4,13.35,13.6,13.02,81394.0,107760000.0,59.81,59.81,14.64,0.96,1.8,3682000,4460400.0,2026-07-09,16:14:35
603368,柳药集团,15.14,15.28,15.22,15.35,15.02,21652.0,32740000.0,60.14,60.14,9.16,0.78,0.55,920400,1244800.0,2026-07-09,16:14:40
603369,今世缘,23.8,24.28,24.08,24.25,23.71,90607.0,216450000.0,296.74,296.74,12.66,1.8,0.73,3431800,5631300.0,2026-07-09,16:14:54
603373,安邦护卫,34.53,32.69,32.55,35.2,31.68,28121.0,93200000.0,51.98,21.96,40.39,2.84,4.42,1466300,1345700.0,2026-07-09,16:14:32
603375,盛景微,49.0,47.89,47.99,49.38,46.0,42570.0,204700000.0,49.33,31.25,585.86,3.18,6.67,2060900,2197500.0,2026-07-09,16:14:50
603377,ST东时,2.91,3.0,2.99,2.99,2.87,74246.0,21630000.0,20.82,20.82,-2.72,-1437.18,1.04,3179900,4244700.0,2026-07-09,16:14:41
603378,*ST亚士,5.94,5.53,5.65,6.07,5.6,167100.0,97500000.0,25.46,25.46,-1.84,-15.31,3.9,9581300,7131000.0,2026-07-09,16:14:43
603379,三美股份,66.78,66.97,67.25,68.79,65.0,183919.0,1225580000.0,407.68,407.68,18.82,5.17,3.01,9154800,9241400.0,2026-07-09,16:14:43
603380,易德龙,42.56,47.29,47.24,47.26,42.56,143434.0,620170000.0,68.28,68.28,32.37,4.5,8.94,7250000,7094200.0,2026-07-09,16:14:44
603381,永臻股份,14.41,14.53,14.56,14.62,14.06,36346.0,52180000.0,34.19,20.48,-15.3,1.02,2.56,1804000,1830600.0,2026-07-09,16:14:57
603383,顶点软件,26.97,26.85,26.63,27.06,26.32,31972.0,85380000.0,55.39,55.39,27.24,3.89,1.56,1536600,1660900.0,2026-07-09,16:14:37
603385,惠达卫浴,4.87,4.93,4.92,5.03,4.83,34907.0,17130000.0,18.54,18.54,-8.02,0.53,0.92,1615800,1874900.0,2026-07-09,16:14:34
603386,骏亚科技,16.05,15.59,15.59,16.17,15.13,142795.0,224790000.0,52.37,52.37,-123.44,4.0,4.38,7062000,7219400.0,2026-07-09,16:14:31
603387,基蛋生物,8.12,8.14,8.06,8.26,7.95,70313.0,56730000.0,41.18,41.18,17.7,1.5,1.39,2814400,4217000.0,2026-07-09,16:14:37
603388,*ST元成,0.58,0.58,0.0,0.0,0.0,0.0,0.0,1.89,1.89,-0.49,0.27,0.0,0,0.0,2026-07-09,09:00:00
603389,亚振家居,60.28,58.62,59.2,61.88,57.79,27917.0,166450000.0,158.39,158.39,-299.98,78.99,1.06,1549100,1242600.0,2026-07-09,16:14:46
603390,通达电气,10.08,10.17,10.22,10.26,9.96,60572.0,61120000.0,35.45,35.33,27.2,2.1,1.73,3150600,2906700.0,2026-07-09,16:15:00
603391,力聚热能,55.8,55.43,55.2,55.85,53.7,16919.0,92850000.0,50.78,12.69,25.9,2.38,7.44,978600,713300.0,2026-07-09,16:14:38
603392,万泰生物,27.85,27.77,27.5,28.25,27.18,41582.0,115500000.0,352.13,352.13,-90.65,2.98,0.33,2039700,2119200.0,2026-07-09,16:14:53
603393,新天然气,22.12,22.3,22.48,22.93,22.06,94947.0,213000000.0,93.77,93.77,16.32,1.0,2.24,4767200,4728500.0,2026-07-09,16:14:53
603395,红四方,20.05,20.31,20.3,20.42,19.81,23037.0,46200000.0,52.13,13.03,102.44,3.7,3.54,1111400,1192500.0,2026-07-09,16:14:55
603396,金辰股份,24.3,24.36,24.45,24.63,23.55,30230.0,72790000.0,33.66,33.66,62.1,1.3,2.18,1588300,1434800.0,2026-07-09,16:14:59
603398,*ST沐邦,14.13,14.65,14.7,14.7,14.07,54392.0,77740000.0,61.27,61.27,-7.74,85.66,1.25,2109400,3332900.0,2026-07-09,16:14:37
603399,永杉锂业,16.88,17.73,17.73,17.73,16.07,796761.0,1338650000.0,86.47,86.47,-50.47,5.34,15.55,39370300,40355200.0,2026-07-09,16:14:58
603408,建霖家居,9.85,10.03,10.02,10.02,9.74,15877.0,15610000.0,44.09,44.09,10.71,1.33,0.35,694000,893700.0,2026-07-09,16:14:38
603409,汇通控股,17.76,18.02,18.06,18.17,17.47,21241.0,37690000.0,33.35,9.57,20.85,2.2,3.94,1042500,1081600.0,2026-07-09,16:14:58
603416,信捷电气,57.85,57.23,56.97,58.38,55.69,34243.0,195740000.0,90.81,80.73,34.59,3.3,2.45,1578000,1847200.0,2026-07-09,16:14:56
603421,鼎信通讯,5.89,5.81,5.85,5.9,5.66,64669.0,37520000.0,38.41,38.41,-6.49,1.6,0.99,3431800,3035700.0,2026-07-09,16:14:43
603429,*ST集友,7.74,7.72,7.73,7.87,7.52,27165.0,20800000.0,40.6,40.6,-170.21,3.22,0.52,1545700,1170800.0,2026-07-09,16:14:52
603439,三力制药,12.25,12.31,12.59,12.59,11.95,96509.0,118030000.0,50.09,49.47,102.82,3.41,2.39,5057700,4593200.0,2026-07-09,16:14:47
603444,吉比特,354.01,359.75,355.76,363.0,348.5,19756.0,702150000.0,255.03,255.03,12.58,4.63,2.74,935900,1040800.0,2026-07-09,16:14:53
603456,九洲药业,13.95,14.11,13.73,14.45,13.68,231147.0,323170000.0,123.0,123.0,18.87,1.41,2.62,10834300,12289400.0,2026-07-09,16:14:39
603458,勘设股份,9.0,9.02,9.02,9.58,8.62,237150.0,214340000.0,27.55,27.55,-7.2,1.07,7.75,10326700,13388300.0,2026-07-09,16:14:31
603466,风语筑,11.33,11.11,11.37,11.47,10.71,653613.0,729020000.0,67.39,67.39,-420.12,3.26,10.99,31631400,33742300.0,2026-07-09,16:14:50
603477,巨星农牧,15.38,15.57,15.45,15.82,15.18,214190.0,330790000.0,80.43,78.45,-17.65,2.93,4.2,10316800,11111700.0,2026-07-09,16:14:44
603486,科沃斯,50.81,50.13,50.0,50.97,49.76,37804.0,190360000.0,293.99,291.32,17.41,3.36,0.66,2145000,1638500.0,2026-07-09,16:15:00
603488,展鹏科技,8.66,8.54,8.63,8.73,8.36,89501.0,76670000.0,25.29,25.29,-14.71,3.26,3.07,4489800,4460300.0,2026-07-09,16:14:39
603489,八方股份,25.76,26.22,25.6,26.97,25.11,27429.0,70450000.0,60.44,60.44,48.07,2.21,1.17,1340800,1402100.0,2026-07-09,16:15:00
603496,恒为科技,25.81,24.54,25.5,26.01,24.8,373054.0,945620000.0,82.65,82.65,169.87,5.95,11.65,20609500,16720200.0,2026-07-09,16:14:42
603499,翔港科技,12.88,12.88,12.9,13.04,12.48,37857.0,48290000.0,54.56,54.56,51.62,6.05,0.89,1715900,2070300.0,2026-07-09,16:14:39
603500,祥和实业,10.1,9.72,9.81,10.14,9.68,102892.0,101620000.0,33.61,33.59,24.3,3.34,3.09,5250400,5039100.0,2026-07-09,16:14:39
603501,豪威集团,107.14,100.95,102.15,107.75,99.44,474716.0,4935240000.0,1347.29,1292.92,36.59,4.11,3.93,28380600,19131200.0,2026-07-09,16:14:54
603505,金石资源,17.12,17.88,17.96,18.1,16.64,438061.0,751900000.0,144.09,144.09,45.01,7.6,5.2,18085100,25757300.0,2026-07-09,16:14:57
603506,南都物业,9.56,9.65,9.63,9.75,9.35,24343.0,23140000.0,17.95,17.95,15.28,1.5,1.3,1339400,1094900.0,2026-07-09,16:14:32
603507,振江股份,31.43,30.7,30.01,31.75,29.8,59282.0,181940000.0,57.77,57.13,28.7,2.23,3.26,2562400,3366100.0,2026-07-09,16:14:56
603508,思维列控,21.81,22.13,22.13,22.13,21.73,33197.0,72590000.0,83.16,83.16,14.1,2.1,0.87,1439300,1880400.0,2026-07-09,16:14:55
603511,爱慕股份,12.02,12.18,12.12,12.27,11.95,12769.0,15450000.0,49.05,48.31,30.6,1.13,0.32,673300,603600.0,2026-07-09,16:14:45
603515,欧普照明,17.18,17.05,16.93,17.32,16.81,10438.0,17860000.0,127.68,126.5,14.03,1.96,0.14,499800,544000.0,2026-07-09,16:14:43
603516,淳中科技,107.82,107.49,109.0,109.0,101.5,77922.0,817950000.0,219.16,219.16,74.08,13.02,3.83,4218400,3574500.0,2026-07-09,16:14:36
603517,ST绝味,9.81,9.92,9.88,10.08,9.77,49620.0,48910000.0,59.45,59.45,-24.81,0.99,0.82,1896600,3065400.0,2026-07-09,16:14:54
603518,锦泓集团,7.77,7.77,7.73,7.86,7.61,55672.0,43010000.0,26.83,26.73,10.81,0.7,1.62,2496300,3074700.0,2026-07-09,16:14:49
603519,XD立霸股,14.55,14.41,14.27,14.64,13.5,129431.0,183120000.0,38.75,38.75,24.89,3.88,4.86,6377900,6571500.0,2026-07-09,16:14:43
603520,司太立,9.45,9.35,9.3,9.5,9.22,128772.0,120420000.0,41.43,41.43,246.05,1.68,2.94,6242100,6635700.0,2026-07-09,16:14:59
603527,众源新材,10.35,10.44,10.4,10.46,9.75,114437.0,115550000.0,32.81,32.81,111.5,1.57,3.61,5586600,5858400.0,2026-07-09,16:14:55
603528,多伦科技,5.81,5.78,5.73,5.82,5.65,103688.0,59690000.0,41.01,41.01,-77.68,2.18,1.47,5033700,5338300.0,2026-07-09,16:14:41
603529,爱玛科技,19.98,20.03,20.03,20.22,19.75,55346.0,110500000.0,173.41,169.34,10.67,1.84,0.65,2799500,2735600.0,2026-07-09,16:14:38
603530,神马电力,48.98,49.14,49.14,49.5,46.73,33626.0,161990000.0,211.44,209.37,45.79,12.05,0.79,1527900,1834900.0,2026-07-09,16:14:44
603533,掌阅科技,18.89,18.42,18.24,19.65,17.88,220463.0,417920000.0,82.91,82.91,-61.0,3.61,5.02,11861400,10190000.0,2026-07-09,16:14:53
603535,嘉诚国际,5.94,6.04,6.01,6.07,5.81,37784.0,22340000.0,30.35,30.35,275.61,1.22,0.74,1838600,1939800.0,2026-07-09,16:14:40
603536,惠发食品,7.93,7.94,8.0,8.0,7.73,33020.0,25890000.0,19.22,19.07,-37.83,5.49,1.37,1707400,1594600.0,2026-07-09,16:14:43
603538,DR美诺华,28.07,27.98,26.21,29.79,25.23,788617.0,2205090000.0,95.42,94.57,85.07,4.2,23.41,40628000,38292600.0,2026-07-09,16:14:37
603551,奥普科技,9.03,9.23,9.23,9.23,8.93,24873.0,22430000.0,34.74,34.3,12.08,2.8,0.65,919000,1568300.0,2026-07-09,16:14:38
603556,海兴电力,20.82,21.37,21.36,21.43,20.44,50762.0,105530000.0,101.24,101.24,14.91,1.43,1.04,2343300,2735000.0,2026-07-09,16:14:58
603557,*ST起步,4.29,4.29,4.29,4.44,4.17,69257.0,29630000.0,26.75,26.75,-16.31,47.79,1.11,2593000,4332700.0,2026-07-09,16:14:58
603558,健盛集团,11.62,11.76,11.75,11.89,11.39,39122.0,45300000.0,39.81,39.81,9.13,1.78,1.14,1822400,2089800.0,2026-07-09,16:14:52
603559,中通国脉,7.98,8.05,7.99,8.18,7.79,105674.0,83910000.0,32.02,32.02,-21.54,4.09,2.63,5523200,5105000.0,2026-07-09,16:14:34
603565,中谷物流,9.82,9.71,9.71,9.92,9.61,97703.0,95300000.0,206.23,206.23,10.41,1.97,0.47,5169400,4601000.0,2026-07-09,16:14:38
603566,普莱柯,10.12,10.29,10.21,10.3,9.99,22708.0,22920000.0,35.02,35.02,20.26,1.4,0.66,943600,1327200.0,2026-07-09,16:14:35
603567,珍宝岛,4.62,4.67,4.67,4.76,4.55,253053.0,117860000.0,43.47,43.4,-2.68,0.71,2.69,11698700,13613300.0,2026-07-09,16:14:47
603568,伟明环保,15.85,16.18,16.18,16.5,15.76,88709.0,142380000.0,324.68,324.68,16.76,2.27,0.43,4227200,4644100.0,2026-07-09,16:14:51
603569,长久物流,5.36,5.38,5.4,5.41,5.27,38818.0,20680000.0,32.35,32.35,-35.78,1.32,0.64,1772300,2109500.0,2026-07-09,16:14:37
603577,汇金通,9.26,9.33,9.43,9.43,8.98,28120.0,25800000.0,31.4,31.4,30.88,1.61,0.83,1321100,1490900.0,2026-07-09,16:14:56
603578,三星新材,12.15,12.31,12.54,12.54,11.8,40554.0,49020000.0,28.44,21.91,-15.54,2.01,2.25,1818000,2237700.0,2026-07-09,16:14:36
603579,荣泰健康,17.65,17.95,17.91,18.13,17.4,28694.0,50680000.0,35.49,35.49,20.1,1.28,1.43,1469200,1400200.0,2026-07-09,16:14:54
603580,艾艾精工,30.68,30.68,0.0,0.0,0.0,0.0,0.0,40.09,40.09,97.26,8.81,0.0,0,0.0,2026-07-09,16:14:40
603583,捷昌驱动,22.75,22.85,22.7,23.09,22.52,37641.0,85630000.0,87.76,86.96,26.19,1.91,0.98,1657800,2106600.0,2026-07-09,16:15:00
603585,DR苏利股,9.29,9.45,9.28,9.52,9.14,65034.0,60350000.0,25.58,25.16,14.2,0.94,2.4,2994000,3510700.0,2026-07-09,16:14:53
603586,金麒麟,12.79,12.89,12.89,12.95,12.5,17465.0,22240000.0,25.08,25.08,35.92,1.12,0.89,796000,951200.0,2026-07-09,16:14:37
603587,地素时尚,11.53,11.64,11.6,11.69,11.44,13213.0,15240000.0,54.5,54.5,19.57,1.46,0.28,563000,758300.0,2026-07-09,16:14:42
603588,高能环境,15.85,15.9,16.0,16.24,15.2,713901.0,1118500000.0,241.43,241.43,19.85,2.39,4.69,36357200,35041300.0,2026-07-09,16:14:44
603589,口子窖,18.1,18.37,18.3,18.5,18.05,39370.0,71580000.0,108.26,108.26,27.65,1.04,0.66,2050900,1886100.0,2026-07-09,16:14:48
603590,康辰药业,31.67,31.34,30.83,32.48,30.52,37254.0,117520000.0,50.36,50.11,29.85,1.59,2.35,1896000,1834400.0,2026-07-09,16:14:36
603595,ST东尼,31.82,30.4,31.0,32.9,29.5,35757.0,111370000.0,73.96,73.96,-145.36,4.86,1.54,1662100,1913600.0,2026-07-09,16:14:34
603596,伯特利,25.81,25.52,25.1,25.98,25.1,164970.0,423850000.0,231.68,231.68,17.72,2.96,1.84,8515200,7989500.0,2026-07-09,16:14:36
603598,引力传媒,16.18,16.06,15.8,16.39,15.51,119986.0,192050000.0,43.64,43.59,218.51,18.5,4.45,6198900,5801900.0,2026-07-09,16:14:48
603599,广信股份,9.48,9.78,9.81,9.86,9.42,102661.0,98040000.0,86.29,86.29,13.21,0.84,1.13,4254000,6013200.0,2026-07-09,16:14:57
603600,永艺股份,9.17,9.22,9.21,9.32,9.08,37826.0,34750000.0,30.3,30.3,12.25,1.35,1.14,1610700,2171900.0,2026-07-09,16:14:31
603601,再升科技,10.28,9.94,10.07,10.29,9.62,857550.0,859330000.0,117.43,117.43,318.55,4.36,7.51,45972900,39865400.0,2026-07-09,16:14:31
603602,纵横通信,10.6,10.6,10.6,10.73,10.27,33262.0,34870000.0,24.49,24.49,-15.17,2.75,1.44,1831800,1494400.0,2026-07-09,16:14:54
603605,珀莱雅,57.01,57.92,57.8,58.24,56.56,32693.0,187080000.0,225.75,225.75,15.31,3.55,0.83,1545000,1728700.0,2026-07-09,16:14:32
603606,东方电缆,39.0,39.86,39.73,39.96,37.66,193943.0,748300000.0,321.68,321.68,23.62,3.96,2.35,10070200,9331700.0,2026-07-09,16:14:41
603607,京华激光,24.7,23.6,23.71,24.76,22.99,70428.0,168270000.0,44.09,44.09,41.19,4.5,3.95,3319900,3728400.0,2026-07-09,16:14:36
603608,天创时尚,25.43,25.7,24.18,25.78,23.95,302352.0,748740000.0,108.09,108.09,379.46,9.87,7.11,16182700,14070500.0,2026-07-09,16:14:59
603609,禾丰股份,6.25,6.34,6.4,6.4,6.18,27790.0,17340000.0,56.77,56.77,-100.01,0.89,0.31,1534400,1244600.0,2026-07-09,16:14:31
603610,麒盛科技,14.48,14.37,13.93,14.6,13.36,165795.0,230300000.0,51.11,51.11,54.27,1.67,4.7,8366200,8213300.0,2026-07-09,16:14:39
603611,诺力股份,16.85,17.14,17.15,17.27,16.65,26770.0,45120000.0,43.41,43.41,11.39,1.43,1.04,1126000,1551000.0,2026-07-09,16:14:44
603612,索通发展,16.09,16.21,16.23,16.29,15.46,176935.0,280220000.0,80.15,80.15,11.31,1.37,3.55,8239200,9455200.0,2026-07-09,16:14:54
603613,国联股份,18.02,18.22,18.1,18.29,17.72,108980.0,195960000.0,129.84,129.84,9.79,1.39,1.51,5771200,5128300.0,2026-07-09,16:14:32
603615,茶花股份,16.7,16.59,16.78,17.09,16.22,46788.0,77570000.0,40.38,40.38,313.11,3.53,1.93,2334900,2343900.0,2026-07-09,16:14:33
603616,韩建河山,5.53,5.77,5.61,5.69,5.51,238745.0,133090000.0,21.41,21.25,-90.08,10.6,6.21,8055300,15892800.0,2026-07-09,16:14:50
603617,君禾股份,6.51,6.54,6.53,6.57,6.28,87701.0,56540000.0,25.38,25.18,53.36,1.65,2.27,4478500,4291600.0,2026-07-09,16:14:30
603618,杭电股份,36.61,36.5,37.6,37.6,34.3,894564.0,3217400000.0,253.11,253.11,-105.85,9.36,12.94,45451300,44018500.0,2026-07-09,16:14:42
603619,中曼石油,19.01,18.88,19.46,20.19,18.86,644436.0,1252540000.0,87.89,87.89,28.22,2.04,13.94,31080100,33365500.0,2026-07-09,16:14:55
603626,科森科技,16.9,16.45,16.44,16.98,15.95,263957.0,437480000.0,93.77,93.77,73.38,4.12,4.76,12279300,14118200.0,2026-07-09,16:14:38
603628,清源股份,9.11,9.17,9.18,9.23,8.94,32380.0,29340000.0,24.88,24.8,83.08,1.92,1.19,1532000,1706000.0,2026-07-09,16:14:59
603629,利通电子,123.35,115.37,118.1,126.6,116.01,340397.0,4130850000.0,452.36,444.95,84.65,21.06,9.44,15787000,18268300.0,2026-07-09,16:14:35
603630,拉芳家化,13.2,13.46,13.33,13.64,12.96,45783.0,60510000.0,29.73,29.73,-130.72,1.57,2.03,2325000,2253600.0,2026-07-09,16:14:50
603633,徕木股份,6.48,6.26,6.26,6.53,6.26,101612.0,65010000.0,27.66,27.66,-13.61,1.59,2.38,5574200,4599500.0,2026-07-09,16:14:40
603636,南威软件,7.72,7.71,7.68,7.75,7.42,92592.0,70510000.0,44.8,44.8,-9.7,2.42,1.6,4289700,4969800.0,2026-07-09,16:14:55
603637,镇海股份,13.45,13.36,13.36,13.47,12.5,111042.0,144350000.0,32.1,32.1,55.06,3.15,4.65,5638300,5466000.0,2026-07-09,16:14:42
603638,艾迪精密,22.55,23.85,22.74,23.52,21.47,351301.0,787400000.0,198.6,198.6,44.82,4.53,3.99,16519900,18618200.0,2026-07-09,16:14:51
603639,海利尔,10.13,10.35,10.36,10.36,10.05,15685.0,15880000.0,35.42,34.43,23.25,1.01,0.46,736300,832200.0,2026-07-09,16:14:45
603648,畅联股份,9.31,8.93,8.85,9.32,8.74,51229.0,46420000.0,33.74,33.74,27.04,1.78,1.41,2801000,2321900.0,2026-07-09,16:14:50
603650,彤程新材,89.56,83.07,84.7,89.95,83.0,328143.0,2835220000.0,551.76,550.32,94.37,13.75,5.34,16623300,16201500.0,2026-07-09,16:14:43
603655,朗博科技,28.81,27.93,27.94,29.04,27.71,11512.0,32690000.0,30.54,30.54,70.74,5.56,1.09,581000,570200.0,2026-07-09,16:14:40
603656,泰禾智能,17.05,17.14,17.3,17.3,16.58,20071.0,33890000.0,31.19,31.19,95.53,2.37,1.1,831700,1175600.0,2026-07-09,16:14:53
603657,春光科技,23.16,22.64,22.65,23.6,21.7,39680.0,89950000.0,31.31,31.31,-64.19,3.59,2.94,1928500,2039500.0,2026-07-09,16:14:36
603658,安图生物,30.59,30.87,30.8,30.99,30.26,18439.0,56320000.0,174.8,174.8,16.9,2.08,0.32,920000,924000.0,2026-07-09,16:14:54
603659,璞泰来,25.46,26.37,26.11,26.32,24.51,455420.0,1149510000.0,545.91,545.91,21.2,2.65,2.12,22715100,22833800.0,2026-07-09,16:14:42
603660,苏州科达,10.26,10.33,10.34,10.43,9.81,210128.0,211470000.0,58.64,58.64,-9.94,8.4,3.68,10961800,10053000.0,2026-07-09,16:14:41
603661,恒林股份,40.3,42.67,41.25,41.97,39.18,103475.0,417870000.0,56.04,56.04,32.78,1.52,7.44,4733300,5614800.0,2026-07-09,16:14:51
603662,柯力传感,63.63,63.28,63.28,63.75,60.65,135237.0,845510000.0,178.69,178.69,58.39,6.41,4.82,6218000,7311600.0,2026-07-09,16:14:57
603663,三祥新材,79.63,76.23,77.68,80.19,73.0,140478.0,1087680000.0,337.61,337.38,239.55,24.05,3.32,7015800,7032500.0,2026-07-09,16:14:56
603665,康隆达,26.29,26.39,26.26,26.47,25.81,16390.0,42890000.0,42.11,42.11,-227.04,6.84,1.02,794400,844700.0,2026-07-09,16:14:36
603666,亿嘉和,28.45,25.86,26.3,28.45,26.09,68105.0,190050000.0,58.47,58.47,-58.57,2.76,3.31,3211200,3599300.0,2026-07-09,16:15:00
603667,五洲新春,59.65,58.9,58.9,59.65,56.45,246297.0,1434950000.0,228.55,218.44,270.98,5.79,6.73,11469500,13166900.0,2026-07-09,16:14:34
603668,天马科技,12.29,11.82,11.74,12.33,11.68,94732.0,113870000.0,62.16,62.16,-32.71,2.93,1.87,5788400,3686500.0,2026-07-09,16:14:44
603669,灵康药业,6.16,6.04,5.96,6.16,5.82,253719.0,151470000.0,43.88,43.88,-25.56,8.73,3.56,12847100,12650900.0,2026-07-09,16:14:32
603676,卫信康,8.66,8.78,8.69,8.94,8.58,22383.0,19460000.0,37.68,37.68,17.39,2.57,0.51,1097300,1141000.0,2026-07-09,16:14:54
603677,奇精机械,12.31,12.52,12.6,12.69,12.13,19771.0,24400000.0,23.71,23.71,57.25,2.11,1.03,953200,1023900.0,2026-07-09,16:14:48
603678,火炬电子,63.5,62.32,62.9,63.8,58.29,402104.0,2471800000.0,301.98,301.98,119.47,4.94,8.46,20214200,20003000.0,2026-07-09,16:14:55
603679,华体科技,18.15,18.83,18.81,18.86,17.72,66457.0,121160000.0,32.25,32.25,-23.44,3.66,3.74,3677800,2968000.0,2026-07-09,16:14:53
603680,今创集团,9.81,9.85,9.86,9.88,9.52,38353.0,37250000.0,76.88,76.88,12.37,1.34,0.49,1837600,1997700.0,2026-07-09,16:14:37
603681,永冠新材,19.38,19.42,19.3,19.76,18.4,100593.0,191710000.0,46.07,46.07,33.45,1.54,4.23,5211600,4847700.0,2026-07-09,16:14:56
603682,锦和商管,7.95,8.0,8.01,8.14,7.82,88018.0,69790000.0,37.56,37.56,-22.95,5.78,1.86,3999700,4802600.0,2026-07-09,16:14:44
603683,晶华新材,30.58,29.77,29.77,30.95,28.4,183976.0,549580000.0,89.05,88.14,92.67,5.36,6.38,10478500,7922900.0,2026-07-09,16:14:34
603685,XD晨丰科,28.64,27.54,27.59,28.77,26.83,20379.0,56540000.0,72.45,57.7,196.43,3.59,1.01,1150100,887900.0,2026-07-09,16:14:35
603686,福龙马,12.56,12.55,12.52,12.6,12.12,129036.0,159940000.0,52.18,52.18,33.24,1.51,3.11,6563100,6343100.0,2026-07-09,16:14:42
603687,大胜达,16.83,16.13,16.08,16.92,15.48,384838.0,627230000.0,92.57,92.57,133.41,2.85,7.0,19653800,18836400.0,2026-07-09,16:14:56
603688,石英股份,67.17,61.06,62.28,67.17,62.25,277630.0,1793960000.0,363.85,363.85,264.9,6.27,5.13,14073100,13690100.0,2026-07-09,16:14:33
603689,皖天然气,7.2,7.2,7.21,7.26,7.09,32193.0,23070000.0,37.86,37.69,11.19,1.05,0.62,1523600,1695700.0,2026-07-09,16:14:35
603690,至纯科技,33.62,32.31,33.0,33.97,32.0,323693.0,1075770000.0,128.75,128.75,-15.48,3.71,8.45,17738000,14662400.0,2026-07-09,16:14:57
603693,江苏新能,11.39,11.66,11.58,11.7,11.26,84970.0,96940000.0,101.54,101.54,22.4,1.44,0.95,4428500,4069900.0,2026-07-09,16:14:43
603696,安记食品,11.27,11.38,11.66,11.69,10.99,39001.0,43650000.0,26.51,26.51,80.0,4.72,1.66,1916900,1983500.0,2026-07-09,16:15:00
603697,有友食品,9.81,10.12,10.12,10.19,9.74,58660.0,58180000.0,41.96,41.96,20.87,2.39,1.37,2614700,3253000.0,2026-07-09,16:14:37
603698,航天工程,40.08,39.61,39.75,41.0,38.61,298511.0,1190320000.0,214.82,214.82,96.07,6.17,5.57,14269700,15587300.0,2026-07-09,16:14:47
603699,纽威股份,47.63,47.85,47.88,48.16,46.21,42795.0,200520000.0,369.27,361.1,21.94,8.79,0.56,2192700,2086800.0,2026-07-09,16:14:33
603700,宁水集团,11.43,10.78,10.78,11.56,10.69,63033.0,70560000.0,22.86,22.86,30.11,1.44,3.15,3508400,2794900.0,2026-07-09,16:14:58
603701,德宏股份,21.81,21.28,21.26,22.11,20.91,51854.0,111740000.0,57.0,57.0,375.75,7.12,1.98,2599900,2585500.0,2026-07-09,16:14:32
603703,盛洋科技,9.93,9.76,9.76,9.94,9.43,86402.0,83940000.0,41.21,41.21,-175.18,4.99,2.08,4290900,4350000.0,2026-07-09,16:14:50
603706,东方环宇,18.58,18.76,18.47,18.76,18.24,11527.0,21360000.0,35.19,35.19,14.81,2.1,0.61,500900,651800.0,2026-07-09,16:14:57
603707,健友股份,7.24,7.36,7.31,7.48,7.2,107827.0,78610000.0,116.97,116.97,19.97,1.73,0.67,5655000,5127600.0,2026-07-09,16:14:57
603708,家家悦,8.92,8.92,9.01,9.05,8.82,31175.0,27750000.0,56.94,56.94,27.04,2.46,0.49,1404400,1713100.0,2026-07-09,16:14:37
603709,中源家居,13.28,13.42,13.29,13.52,13.06,21188.0,28090000.0,16.68,16.61,-58.44,3.29,1.69,1023600,1095200.0,2026-07-09,16:14:55
603711,香飘飘,11.37,11.48,11.49,11.56,11.25,33699.0,38240000.0,46.94,46.94,22.63,1.32,0.82,1574100,1795800.0,2026-07-09,16:14:41
603712,七一二,11.92,11.86,11.94,11.97,11.55,84379.0,99240000.0,92.02,92.02,-18.28,2.41,1.09,4201800,4236700.0,2026-07-09,16:14:47
603713,密尔克卫,76.01,76.12,76.0,76.86,74.01,57631.0,435920000.0,120.2,120.2,18.82,2.53,3.64,2696000,3067100.0,2026-07-09,16:14:46
603716,塞力医疗,13.47,13.4,13.4,13.77,12.92,87992.0,117110000.0,30.41,30.41,-14.45,3.01,3.9,4365500,4434100.0,2026-07-09,16:14:55
603717,天域生物,6.37,6.29,6.29,6.49,6.13,171835.0,108870000.0,18.48,18.48,-14.09,4.83,5.92,8338200,8849000.0,2026-07-09,16:14:32
603718,*ST海利,2.79,2.81,2.79,2.91,2.76,81744.0,23050000.0,18.19,18.11,-5.76,2.05,1.26,3372200,4802200.0,2026-07-09,16:14:56
603719,良品铺子,8.71,8.85,8.81,8.9,8.62,42006.0,36630000.0,34.93,34.93,-54.74,1.8,1.05,1859100,2344600.0,2026-07-09,16:14:43
603721,中广天择,16.15,16.45,16.7,16.7,15.9,23716.0,38480000.0,20.99,20.99,77.16,4.37,1.82,1283000,1089400.0,2026-07-09,16:14:39
603722,阿科力,38.15,41.0,39.95,41.86,36.9,92645.0,354180000.0,37.28,36.51,-85.96,4.2,9.68,3676500,5592400.0,2026-07-09,16:14:51
603725,天安新材,13.42,13.52,13.57,13.83,13.03,199666.0,267510000.0,40.91,40.91,35.34,4.75,6.55,9129300,10839300.0,2026-07-09,16:14:44
603726,朗迪集团,33.5,30.45,31.5,33.5,31.2,48751.0,161320000.0,62.16,61.85,27.34,4.46,2.64,1833300,3043000.0,2026-07-09,16:14:48
603727,博迈科,16.05,15.62,16.0,16.26,15.57,48759.0,77820000.0,45.22,45.22,-500.19,1.46,1.73,2327800,2549200.0,2026-07-09,16:15:00
603728,鸣志电器,59.65,58.7,58.63,59.85,57.05,87912.0,514850000.0,249.86,249.86,368.77,8.43,2.1,4391100,4402700.0,2026-07-09,16:14:57
603729,ST龙韵,10.75,10.73,10.73,11.05,10.56,11155.0,12040000.0,9.91,9.91,-9.63,3.81,1.21,565000,550500.0,2026-07-09,16:14:56
603730,岱美股份,11.19,11.21,11.11,11.48,10.94,184412.0,205680000.0,240.43,240.43,37.73,5.42,0.86,8145700,11302900.0,2026-07-09,16:14:57
603733,仙鹤股份,22.5,22.05,22.44,22.69,21.81,78377.0,173820000.0,163.01,163.01,15.87,1.9,1.08,4018800,3818900.0,2026-07-09,16:14:48
603737,三棵树,22.88,23.39,23.72,23.93,22.5,82618.0,189220000.0,202.58,202.58,26.09,6.87,0.93,4120600,4142200.0,2026-07-09,16:14:33
603738,泰晶科技,48.1,45.96,46.88,48.2,43.75,425228.0,1958770000.0,185.61,185.61,278.78,10.3,11.02,21671400,20855000.0,2026-07-09,16:14:59
603739,蔚蓝生物,11.71,11.85,11.81,11.96,11.51,20182.0,23540000.0,29.63,29.63,37.94,1.67,0.8,1082900,935300.0,2026-07-09,16:14:56
603755,日辰股份,22.55,22.8,22.79,22.94,22.18,9729.0,21880000.0,22.24,22.24,26.24,2.93,0.99,480700,492200.0,2026-07-09,16:15:00
603757,大元泵业,77.12,70.11,69.82,77.12,68.55,161096.0,1174530000.0,143.87,143.87,123.01,6.9,8.64,8242200,7868000.0,2026-07-09,16:14:47
603758,秦安股份,9.6,9.7,9.5,9.91,9.4,52902.0,50790000.0,42.12,42.12,30.08,1.62,1.21,2628300,2661900.0,2026-07-09,16:14:33
603759,海天股份,7.02,7.12,7.07,7.13,6.91,41695.0,29160000.0,32.42,32.42,24.79,1.13,0.9,1886000,2286100.0,2026-07-09,16:14:45
603766,隆鑫通用,12.3,12.92,12.82,12.92,12.08,299567.0,370080000.0,252.59,252.59,15.67,2.93,1.46,12437200,17519700.0,2026-07-09,16:14:39
603767,中马传动,14.32,14.46,14.51,14.65,13.92,50971.0,72510000.0,44.2,44.2,-764.81,3.23,1.65,2538600,2561200.0,2026-07-09,16:14:59
603768,常青股份,9.9,9.85,9.85,10.14,9.74,36015.0,35670000.0,23.56,23.56,-11.53,1.08,1.51,2063400,1538100.0,2026-07-09,16:14:52
603773,沃格光电,125.6,122.37,123.98,127.0,116.51,239378.0,2917450000.0,282.29,282.2,-152.26,26.72,10.65,11747300,12197600.0,2026-07-09,16:14:47
603776,永安行,20.15,20.01,20.09,20.23,19.59,18255.0,36350000.0,56.57,56.57,-27.19,1.65,0.65,921400,904400.0,2026-07-09,16:14:47
603777,来伊份,15.45,15.6,15.61,15.78,14.62,86861.0,132320000.0,51.67,51.67,-27.56,3.32,2.6,4160900,4527200.0,2026-07-09,16:14:35
603778,国晟科技,11.02,10.92,11.11,11.66,10.68,903878.0,1009470000.0,72.74,70.84,-12.85,25.77,14.06,39270400,51136500.0,2026-07-09,16:15:00
603779,威龙股份,7.57,7.54,7.61,7.61,7.23,129927.0,96920000.0,25.14,25.14,-31.71,5.13,3.91,6449900,6547800.0,2026-07-09,16:14:47
603786,科博达,41.44,41.97,41.8,42.07,40.82,20191.0,83510000.0,167.36,167.36,21.3,3.03,0.5,982900,1036200.0,2026-07-09,16:14:51
603787,新日股份,9.33,9.4,9.34,9.42,9.17,21314.0,19790000.0,21.47,21.47,46.83,1.41,0.93,924700,1206700.0,2026-07-09,16:14:54
603788,宁波高发,13.38,13.59,13.59,13.68,13.15,18510.0,24680000.0,29.85,29.85,13.76,1.5,0.83,805600,1046400.0,2026-07-09,16:14:40
603789,ST星农,7.06,7.03,7.3,7.68,6.91,193652.0,140900000.0,18.72,18.36,-18.47,17.89,7.45,9122400,10243800.0,2026-07-09,16:14:54
603790,雅运股份,22.0,22.28,22.1,22.28,21.33,28318.0,61720000.0,42.1,42.1,51.92,3.29,1.48,1576700,1255100.0,2026-07-09,16:14:41
603797,联泰环保,3.84,3.86,3.87,3.9,3.77,47303.0,18060000.0,22.14,22.14,18.0,0.66,0.82,2195500,2534800.0,2026-07-09,16:14:48
603798,康普顿,13.08,13.89,13.86,13.88,12.93,53195.0,70320000.0,33.54,33.54,77.66,2.76,2.07,2273100,3046400.0,2026-07-09,16:14:38
603799,华友钴业,42.19,42.68,42.65,42.76,40.1,813025.0,3374090000.0,798.88,796.38,10.86,1.61,4.31,41561000,39762800.0,2026-07-09,16:14:55
603800,洪田股份,82.6,79.1,79.91,84.23,77.0,111466.0,903800000.0,171.81,171.81,723.32,21.72,5.36,5709000,5438800.0,2026-07-09,16:14:54
603801,志邦家居,5.38,5.51,5.46,5.53,5.35,51957.0,28040000.0,23.37,23.37,34.22,0.78,1.2,2120500,3077100.0,2026-07-09,16:15:00
603803,瑞斯康达,11.13,11.2,11.22,11.29,10.56,191897.0,209400000.0,47.29,47.29,-256.92,3.08,4.52,9406400,9794400.0,2026-07-09,16:14:43
603806,福斯特,14.69,14.15,14.11,14.7,13.9,344515.0,494490000.0,383.22,383.22,56.33,2.43,1.32,17138500,17323800.0,2026-07-09,16:14:38
603808,歌力思,7.54,7.65,7.65,7.69,7.42,39399.0,29630000.0,27.43,27.43,16.63,1.07,1.08,1824000,2115900.0,2026-07-09,16:14:56
603809,豪能股份,8.79,8.86,8.82,8.92,8.62,114964.0,100460000.0,80.89,80.89,29.24,2.23,1.25,5058300,6442000.0,2026-07-09,16:14:50
603810,丰山集团,11.01,11.09,11.09,11.16,10.81,17260.0,18930000.0,18.2,18.2,50.54,1.19,1.04,892000,834000.0,2026-07-09,16:14:37
603811,诚意药业,7.23,7.36,7.3,7.43,7.14,43863.0,31740000.0,33.13,33.13,17.11,2.45,0.96,1759100,2627200.0,2026-07-09,16:14:41
603813,原尚股份,36.42,33.11,33.14,36.42,32.75,9636.0,34580000.0,38.25,38.25,-50.47,7.71,0.92,329800,634100.0,2026-07-09,16:14:37
603815,交建股份,6.75,6.64,6.6,6.78,6.38,242742.0,159420000.0,41.78,41.78,-5.5,2.65,3.92,12107800,12260600.0,2026-07-09,16:14:54
603816,顾家家居,22.11,22.45,22.45,22.68,22.0,59949.0,133430000.0,181.62,179.57,10.28,1.83,0.74,2704300,3290600.0,2026-07-09,16:14:45
603817,海峡环保,5.27,5.32,5.31,5.32,5.18,77611.0,40680000.0,30.04,30.04,12.82,0.92,1.36,3949600,3813500.0,2026-07-09,16:14:54
603818,曲美家居,3.35,3.28,3.23,3.37,3.12,327351.0,107380000.0,23.0,23.0,-16.06,1.11,4.77,16285900,16455100.0,2026-07-09,16:14:36
603819,神力股份,13.41,13.4,13.24,13.8,12.88,140503.0,189600000.0,29.2,29.2,111.66,3.63,6.45,7026100,7024300.0,2026-07-09,16:14:48
603822,ST嘉澳,62.74,62.4,61.0,63.2,60.97,10496.0,65090000.0,48.2,48.2,141.75,14.89,1.37,481300,568300.0,2026-07-09,16:14:49
603823,百合花,69.12,69.79,68.82,70.86,65.36,279684.0,1911920000.0,287.79,287.79,175.4,11.75,6.72,13435800,14577000.0,2026-07-09,16:14:59
603825,ST华扬,6.78,6.84,6.84,6.95,6.7,19554.0,13300000.0,17.18,17.18,-2.76,55.15,0.77,668700,1291200.0,2026-07-09,16:14:46
603826,坤彩科技,22.0,22.28,22.73,22.74,21.33,151599.0,330430000.0,144.14,144.14,-346.38,7.71,2.31,7889700,7270200.0,2026-07-09,16:14:51
603828,*ST利达,4.4,4.56,4.61,4.75,4.37,46632.0,20940000.0,26.22,26.22,-10.75,5.12,0.78,1349500,3313700.0,2026-07-09,16:14:37
603829,洛凯股份,15.05,15.09,14.93,15.13,14.41,34772.0,51540000.0,28.03,28.03,50.96,1.91,1.87,1635900,1841300.0,2026-07-09,16:14:43
603833,欧派家居,31.81,32.58,32.34,32.79,31.78,22946.0,73700000.0,193.77,193.77,10.51,1.09,0.38,1171600,1123000.0,2026-07-09,16:14:44
603836,海程邦达,7.95,8.05,8.12,8.12,7.89,27921.0,22240000.0,22.75,22.17,47.68,1.34,1.0,1529300,1262800.0,2026-07-09,16:14:48
603838,*ST四通,8.6,8.8,8.8,8.87,8.58,8551.0,7410000.0,27.52,27.52,-32.59,3.13,0.27,229300,625800.0,2026-07-09,16:14:43
603839,安正时尚,5.72,5.8,5.77,5.86,5.64,32927.0,18810000.0,22.14,22.14,-12.21,1.32,0.85,1645800,1646900.0,2026-07-09,16:14:45
603843,*ST正平,6.21,6.4,6.39,6.66,6.01,283402.0,180630000.0,43.45,43.45,-23.83,168.66,4.05,13058800,15296800.0,2026-07-09,16:14:53
603848,好太太,14.4,14.21,14.21,14.53,13.93,19137.0,27220000.0,57.95,57.95,27.54,2.3,0.48,1031400,882800.0,2026-07-09,16:15:00
603855,华荣股份,16.65,16.78,16.77,16.78,16.43,18736.0,31020000.0,56.2,55.87,16.14,2.94,0.56,948500,926100.0,2026-07-09,16:14:35
603856,东宏股份,12.87,13.09,13.09,13.19,12.34,84063.0,107190000.0,36.3,36.3,14.45,1.33,2.98,3364100,5042200.0,2026-07-09,16:14:41
603858,步长制药,15.61,15.75,15.61,16.11,15.32,88623.0,138800000.0,164.62,164.62,44.02,1.61,0.84,4347100,4515200.0,2026-07-09,16:14:36
603859,能科科技,45.25,44.66,44.8,45.36,42.64,127668.0,563450000.0,110.73,110.73,49.06,3.52,5.22,5645800,7121300.0,2026-07-09,16:14:44
603860,中公高科,23.95,24.22,24.05,24.32,23.4,11722.0,27930000.0,15.97,15.97,34.23,1.93,1.76,530800,641400.0,2026-07-09,16:15:00
603861,白云电器,13.51,13.68,13.03,13.68,12.75,407556.0,538270000.0,73.03,71.41,36.23,1.82,7.71,18730000,22030600.0,2026-07-09,16:14:45
603863,松炀资源,12.71,12.31,12.4,12.75,12.0,57188.0,70990000.0,26.01,26.01,-13.64,10.74,2.79,2902600,2818300.0,2026-07-09,16:14:40
603866,桃李面包,3.79,3.84,3.81,3.85,3.75,113098.0,42880000.0,60.63,60.63,24.09,1.23,0.71,4942800,6369500.0,2026-07-09,16:14:40
603867,新化股份,32.96,31.19,31.25,32.99,30.2,108219.0,343930000.0,71.68,71.09,26.54,2.35,5.02,5466000,5356000.0,2026-07-09,16:14:39
603868,飞科电器,29.98,30.2,30.2,30.35,29.6,6578.0,19660000.0,130.59,130.59,25.13,3.96,0.15,295000,362800.0,2026-07-09,16:14:42
603869,ST智知,8.25,8.35,8.24,8.38,8.11,8723.0,7170000.0,40.76,40.76,117.33,1.09,0.18,306700,565600.0,2026-07-09,16:14:37
603871,嘉友国际,11.14,11.46,11.41,11.45,11.02,90978.0,101830000.0,152.4,152.4,12.63,2.53,0.67,4381200,4716600.0,2026-07-09,16:14:54
603876,鼎胜新材,21.8,22.69,22.8,22.99,20.81,530727.0,1141690000.0,202.58,202.58,32.6,2.69,5.71,25173000,27903500.0,2026-07-09,16:14:52
603877,太平鸟,12.66,12.86,12.99,12.99,12.51,12828.0,16200000.0,59.64,59.42,31.89,1.35,0.27,620500,662300.0,2026-07-09,16:14:42
603878,武进不锈,4.84,4.87,4.83,4.93,4.71,156476.0,75260000.0,27.16,27.16,85.56,1.06,2.79,7591300,8059800.0,2026-07-09,16:14:41
603879,永悦科技,4.29,4.3,4.28,4.37,4.15,90695.0,38630000.0,15.42,15.42,-28.77,6.65,2.52,4819500,4250000.0,2026-07-09,16:14:50
603880,南卫股份,7.2,7.39,7.5,7.5,7.02,93549.0,67480000.0,20.81,20.81,-21.05,12.09,3.24,4010500,5346000.0,2026-07-09,16:14:36
603881,数据港,24.42,24.21,24.3,24.6,23.52,520081.0,1255920000.0,210.51,210.51,150.95,6.3,6.03,26483200,25553200.0,2026-07-09,16:14:53
603882,金域医学,22.89,22.96,22.8,23.16,22.35,37556.0,85080000.0,106.04,105.32,-103.28,1.67,0.82,1683500,2072600.0,2026-07-09,16:14:31
603883,老百姓,11.26,11.51,11.43,11.6,11.24,65711.0,74760000.0,85.45,85.45,21.63,1.3,0.87,2841900,3730300.0,2026-07-09,16:14:44
603885,吉祥航空,10.16,10.4,10.25,10.31,10.05,263640.0,267310000.0,220.37,220.37,19.41,2.22,1.22,8618300,17754000.0,2026-07-09,16:14:59
603886,元祖股份,12.23,12.13,12.12,12.31,11.93,40678.0,49180000.0,29.35,29.35,31.1,2.19,1.69,2052600,2015300.0,2026-07-09,16:14:59
603887,城地香江,8.86,8.9,8.88,9.01,8.6,153199.0,134950000.0,53.34,53.34,-54.04,1.53,2.54,7792200,7529200.0,2026-07-09,16:14:35
603888,新华网,17.05,16.86,16.8,17.13,16.69,62105.0,105360000.0,115.04,115.04,34.87,3.02,0.92,3177000,3036800.0,2026-07-09,16:14:51
603889,新澳股份,5.17,5.25,5.25,5.27,5.13,100953.0,52310000.0,49.07,48.71,9.84,1.38,1.07,4109700,5985600.0,2026-07-09,16:14:35
603890,春秋电子,22.92,21.56,21.79,22.95,20.86,280097.0,613990000.0,102.41,102.41,33.54,3.19,6.27,16148500,11876800.0,2026-07-09,16:14:47
603893,瑞芯微,207.36,202.0,202.32,207.99,193.2,290194.0,5833170000.0,877.02,872.86,75.63,18.14,6.89,15027200,14005100.0,2026-07-09,16:14:47
603895,天永智能,30.68,31.21,31.21,31.5,29.51,23664.0,72230000.0,33.16,33.16,195.03,16.16,2.19,1023300,1343100.0,2026-07-09,16:14:32
603896,寿仙谷,13.64,13.8,13.73,13.94,13.54,12126.0,16570000.0,27.04,27.04,-233.97,1.22,0.61,544400,668500.0,2026-07-09,16:14:49
603897,长城科技,28.32,28.54,28.62,28.78,27.15,96747.0,270840000.0,58.46,58.46,19.16,2.56,4.69,5121200,4554000.0,2026-07-09,16:14:42
603898,好莱客,13.88,12.62,12.9,13.88,12.4,79104.0,104970000.0,41.67,41.67,-432.35,1.39,2.63,3741000,4169400.0,2026-07-09,16:14:40
603899,晨光股份,21.38,21.45,21.4,21.53,21.14,30453.0,64930000.0,195.8,195.8,14.73,2.29,0.33,1599900,1445700.0,2026-07-09,16:14:34
603900,莱绅通灵,5.6,5.68,5.67,5.74,5.51,62509.0,35020000.0,19.21,19.19,22.62,0.96,1.82,3162500,3088400.0,2026-07-09,16:14:46
603901,永创智能,10.2,10.28,10.28,10.41,9.94,81723.0,82800000.0,58.83,55.32,35.05,2.03,1.51,3781700,4390900.0,2026-07-09,16:14:32
603903,中持股份,16.15,15.84,15.93,16.3,15.15,224628.0,354140000.0,41.23,41.23,-44.98,2.89,8.8,11550200,10929400.0,2026-07-09,16:14:38
603906,龙蟠科技,24.62,27.35,25.8,26.2,24.62,234028.0,580900000.0,194.77,138.61,287.78,4.01,4.16,16433100,6990400.0,2026-07-09,16:14:47
603908,牧高笛,16.88,17.17,17.1,17.36,16.62,11283.0,19050000.0,15.72,15.72,-35.4,3.24,1.21,491000,637300.0,2026-07-09,16:14:46
603909,建发合诚,8.63,8.61,8.56,8.73,8.33,32369.0,27560000.0,22.5,22.5,19.69,1.96,1.24,1954300,1282600.0,2026-07-09,16:14:52
603912,佳力图,7.3,7.12,7.13,7.32,6.8,193755.0,136630000.0,39.56,39.56,-63.9,2.3,3.58,10060900,9320400.0,2026-07-09,16:14:42
603915,国茂股份,14.07,14.06,14.05,14.25,13.62,111490.0,154990000.0,93.97,92.39,38.04,2.46,1.7,4866700,6285500.0,2026-07-09,16:14:53
603916,苏博特,11.64,11.7,11.7,11.85,11.33,93833.0,108310000.0,49.62,48.93,39.12,1.18,2.23,4906500,4477300.0,2026-07-09,16:14:45
603917,合力科技,13.11,12.79,12.75,13.14,12.5,55792.0,71500000.0,26.72,26.72,129.88,1.62,2.74,2870900,2708900.0,2026-07-09,16:14:59
603918,金桥信息,9.36,9.43,9.35,9.52,9.07,96198.0,89200000.0,34.17,34.17,-53.01,3.49,2.63,4919000,4701800.0,2026-07-09,16:14:37
603919,金徽酒,14.14,14.36,14.2,14.4,13.95,73128.0,103300000.0,71.73,71.73,22.06,2.12,1.44,3712000,3601900.0,2026-07-09,16:14:53
603920,世运电路,42.98,39.67,40.1,43.3,40.1,341641.0,1432110000.0,309.71,309.71,57.27,4.92,4.74,18889800,15290400.0,2026-07-09,16:14:54
603922,ST金鸿顺,12.65,12.34,12.49,12.79,12.01,17746.0,22050000.0,22.67,22.67,-23.45,2.44,0.99,970600,804500.0,2026-07-09,16:14:40
603926,铁流股份,16.74,17.33,17.4,17.45,16.35,50233.0,84390000.0,39.0,38.64,48.42,2.28,2.18,2485900,2537400.0,2026-07-09,16:15:00
603927,中科软,12.81,12.86,12.83,12.96,12.65,104272.0,133180000.0,106.46,106.46,47.45,3.59,1.25,5387400,5041600.0,2026-07-09,16:14:33
603928,兴业股份,18.0,16.36,17.0,18.0,16.35,670688.0,1171840000.0,61.33,61.33,50.96,3.87,19.69,24279100,42913300.0,2026-07-09,16:14:39
603929,亚翔集成,209.58,219.29,216.84,223.0,200.95,120808.0,2515730000.0,447.16,447.16,42.26,20.57,5.66,6239900,5841800.0,2026-07-09,16:14:50
603931,格林达,55.6,53.59,54.42,55.87,52.64,90051.0,488090000.0,110.95,110.95,92.46,5.66,4.51,4800000,4211600.0,2026-07-09,16:14:33
603933,睿能科技,23.2,21.09,21.32,23.2,20.86,83176.0,183210000.0,48.15,48.15,85.45,3.63,4.01,4111200,4220000.0,2026-07-09,16:14:42
603936,博敏电子,19.83,19.13,19.47,20.59,18.6,456437.0,895190000.0,127.97,125.01,-405.37,2.91,7.24,22482200,23200600.0,2026-07-09,16:14:52
603937,丽岛新材,12.34,13.71,12.56,12.95,12.34,26385.0,32820000.0,25.78,25.78,1106.65,1.67,1.26,1779200,863800.0,2026-07-09,16:14:53
603938,三孚股份,55.92,53.43,54.5,55.92,52.03,190067.0,1034210000.0,213.96,213.96,232.2,8.45,4.97,9314500,9696800.0,2026-07-09,16:14:47
603939,益丰药房,20.14,20.24,20.11,20.44,19.75,87056.0,174410000.0,244.18,244.18,14.13,2.14,0.72,4399700,4306400.0,2026-07-09,16:14:53
603948,建业股份,23.55,23.8,23.96,24.43,23.06,33236.0,78180000.0,38.27,38.27,16.4,1.87,2.05,1417000,1907400.0,2026-07-09,16:14:53
603949,雪龙集团,18.68,17.59,17.59,18.88,17.56,85316.0,158170000.0,39.37,39.27,41.15,3.72,4.06,5105700,3426700.0,2026-07-09,16:14:53
603950,长源东谷,77.2,85.63,85.61,86.88,77.07,124703.0,997890000.0,250.23,250.03,63.49,8.19,3.85,5955200,6515300.0,2026-07-09,16:14:48
603955,大千生态,18.91,19.27,19.5,19.5,18.61,18119.0,34230000.0,25.66,25.66,-18.64,1.8,1.34,859500,952400.0,2026-07-09,16:14:40
603956,威派格,5.85,5.76,5.72,6.05,5.64,222507.0,128700000.0,33.34,33.34,-23.01,1.81,3.9,11256400,10998600.0,2026-07-09,16:14:34
603958,哈森股份,16.25,15.58,15.58,16.25,15.36,50094.0,79410000.0,35.65,35.65,-92.03,5.47,2.28,2704800,2307700.0,2026-07-09,16:14:31
603959,ST百利,4.55,4.48,4.48,4.55,4.42,68595.0,30840000.0,22.31,22.31,-13.03,5705.83,1.4,3344900,3517000.0,2026-07-09,16:14:55
603960,克来机电,15.89,15.8,15.89,16.04,15.22,60421.0,94590000.0,41.66,41.66,196.59,3.71,2.3,3008900,3050600.0,2026-07-09,16:14:43
603966,法兰泰克,8.48,8.42,8.4,8.5,8.14,80606.0,67240000.0,44.13,44.07,17.34,2.18,1.55,3734800,4326900.0,2026-07-09,16:14:49
603967,中创物流,11.17,11.38,11.36,11.43,11.04,19922.0,22230000.0,38.72,38.72,13.33,1.72,0.57,939000,1053300.0,2026-07-09,16:14:37
603968,醋化股份,9.12,9.1,9.17,9.21,8.86,29251.0,26390000.0,18.65,18.65,-26.62,1.07,1.43,1416700,1511600.0,2026-07-09,16:14:34
603969,XD银龙股,7.55,7.62,7.61,7.66,7.29,126980.0,94450000.0,65.8,64.15,18.2,2.38,1.49,6879400,5818700.0,2026-07-09,16:14:45
603970,中农立华,10.01,10.13,10.14,10.19,9.87,13260.0,13260000.0,26.91,26.91,15.51,1.75,0.49,578600,747400.0,2026-07-09,16:14:59
603976,正川股份,27.69,27.18,27.2,28.35,26.14,80736.0,219770000.0,42.16,42.16,284.56,3.62,5.3,3702700,4372500.0,2026-07-09,16:14:33
603977,国泰集团,12.8,13.02,13.28,13.28,12.26,259137.0,327710000.0,79.52,79.52,31.93,2.35,4.17,12072900,13847600.0,2026-07-09,16:14:51
603978,深圳新星,23.86,24.05,24.26,24.35,22.35,146880.0,342440000.0,50.37,50.37,-79.06,3.04,6.96,7229000,7459800.0,2026-07-09,16:14:52
603979,XD金诚信,65.84,64.16,63.24,66.3,58.89,142106.0,879030000.0,410.71,410.71,16.31,3.72,2.28,6971500,7242000.0,2026-07-09,16:14:51
603980,吉华集团,6.24,5.95,5.97,6.26,5.71,275375.0,164730000.0,42.23,42.23,45.26,1.1,4.07,14340900,13197300.0,2026-07-09,16:14:44
603982,泉峰汽车,5.51,5.54,5.53,5.6,5.4,50568.0,27780000.0,20.12,18.71,-5.88,0.95,1.49,2334200,2722600.0,2026-07-09,16:14:57
603983,丸美生物,30.49,29.81,29.38,30.72,29.04,67937.0,203140000.0,122.26,122.26,57.34,3.56,1.69,3460200,3335300.0,2026-07-09,16:14:45
603985,恒润股份,21.27,20.92,21.35,21.57,20.3,133524.0,280500000.0,93.77,93.77,78.98,2.83,3.03,6726300,6629600.0,2026-07-09,16:14:46
603986,兆易创新,663.49,603.17,633.0,663.49,630.0,590920.0,38185020000.0,4656.01,4435.38,161.97,18.81,8.84,30304700,28789900.0,2026-07-09,16:14:48
603987,康德莱,7.09,7.18,7.14,7.23,7.01,27818.0,19710000.0,30.97,30.97,13.25,1.12,0.64,1276200,1505600.0,2026-07-09,16:14:34
603988,中电电机,15.75,15.67,15.68,15.79,15.18,38633.0,59930000.0,37.04,37.04,119.7,5.65,1.64,1994900,1868600.0,2026-07-09,16:14:42
603989,艾华集团,41.5,39.88,41.79,43.87,39.02,245970.0,1018960000.0,165.49,165.49,62.59,4.27,6.17,10068000,14531400.0,2026-07-09,16:14:37
603990,麦迪科技,20.95,20.95,20.72,21.54,20.33,197310.0,415390000.0,63.95,63.95,329.48,7.67,6.46,9768700,9966600.0,2026-07-09,16:14:32
603991,领先股份,167.06,151.87,155.75,167.06,155.75,39396.0,642010000.0,255.12,149.58,1371.94,7.26,4.4,1882000,2057700.0,2026-07-09,16:14:35
603992,松霖科技,26.45,26.88,26.3,27.42,26.17,46272.0,123280000.0,117.18,117.18,45.89,3.3,1.04,2454900,2172300.0,2026-07-09,16:14:45
603993,洛阳钼业,17.19,17.53,17.33,17.58,16.41,2982736.0,5050890000.0,3677.68,3001.52,15.23,4.44,1.71,142628200,155754500.0,2026-07-09,16:14:48
603995,甬金股份,21.82,22.73,22.55,22.75,20.74,132109.0,284310000.0,79.34,79.34,13.92,1.4,3.63,5723200,7487700.0,2026-07-09,16:14:35
603997,继峰股份,11.33,11.31,11.39,11.4,11.05,126346.0,141800000.0,144.15,144.15,29.98,2.73,0.99,7161600,6664200.0,2026-07-09,16:14:43
603998,方盛制药,9.18,9.44,9.38,9.45,9.05,83675.0,76870000.0,40.31,40.31,13.15,2.42,1.91,3409900,4957800.0,2026-07-09,16:14:58
603999,读者传媒,5.06,5.1,5.09,5.16,4.96,56665.0,28580000.0,29.15,29.15,34.03,1.4,0.98,2511100,3155700.0,2026-07-09,16:14:57
605001,威奥股份,5.41,5.49,5.52,5.55,5.32,42928.0,23200000.0,21.26,21.26,26.04,0.79,1.09,2088300,2204500.0,2026-07-09,16:14:47
605003,众望布艺,20.13,20.39,20.29,20.78,19.6,12310.0,24780000.0,22.14,22.14,35.03,1.56,1.12,718800,512200.0,2026-07-09,16:14:31
605005,合兴股份,15.41,15.59,15.5,15.57,15.12,17126.0,26180000.0,61.79,61.79,30.99,3.02,0.43,686000,1026600.0,2026-07-09,16:14:53
605006,山东玻纤,17.52,16.01,16.33,17.61,16.22,678445.0,1161150000.0,114.51,114.51,-947.61,3.81,10.38,31711000,36155900.0,2026-07-09,16:14:48
605007,五洲特纸,15.05,15.49,15.36,15.36,14.43,94072.0,139980000.0,71.6,71.42,25.61,2.04,1.98,4432500,4975300.0,2026-07-09,16:14:44
605008,长鸿高科,12.02,12.23,12.2,12.2,11.71,24512.0,29240000.0,77.64,77.64,-380.36,3.98,0.38,1198300,1253300.0,2026-07-09,16:14:43
605009,豪悦护理,23.54,24.0,23.88,23.88,23.15,12891.0,30140000.0,50.62,50.62,22.51,1.53,0.6,523800,765300.0,2026-07-09,16:14:49
605011,杭州热电,15.88,15.77,15.83,16.15,15.48,36528.0,57280000.0,63.54,63.54,33.41,2.61,0.91,1874600,1778700.0,2026-07-09,16:14:48
605016,百龙创园,23.91,24.27,24.26,24.89,23.7,46772.0,113360000.0,100.42,100.42,24.63,4.99,1.11,2191900,2485900.0,2026-07-09,16:14:59
605018,长华集团,13.25,13.2,13.38,13.55,12.75,73169.0,95870000.0,62.28,62.28,59.96,2.26,1.56,3563100,3754200.0,2026-07-09,16:14:58
605020,永和股份,37.75,36.5,37.02,38.3,36.84,275298.0,1034190000.0,192.83,189.85,29.92,3.38,5.47,13193100,14340700.0,2026-07-09,16:14:46
605028,世茂能源,21.66,21.03,21.92,21.92,20.67,16740.0,35630000.0,34.66,34.66,24.41,2.71,1.05,816300,858100.0,2026-07-09,16:14:38
605033,美邦股份,17.06,17.24,17.07,17.33,16.71,15348.0,26060000.0,23.07,23.07,42.45,1.96,1.14,784400,750500.0,2026-07-09,16:14:39
605050,XD福然德,9.52,9.55,9.56,9.6,9.33,20680.0,19540000.0,46.92,46.92,12.64,1.07,0.42,971900,1096100.0,2026-07-09,16:14:52
605055,迎丰股份,9.61,10.31,9.96,10.59,9.45,83258.0,81110000.0,42.28,42.28,-66.69,4.42,1.89,4314600,4012200.0,2026-07-09,16:14:48
605056,咸亨国际,14.92,15.03,15.06,15.15,14.36,57436.0,84770000.0,61.08,60.19,23.14,3.57,1.42,2855400,2888300.0,2026-07-09,16:14:52
605058,澳弘电子,29.65,28.85,28.99,29.78,27.72,31718.0,91350000.0,42.38,42.38,28.46,2.43,2.22,1584300,1590400.0,2026-07-09,16:14:37
605060,联德股份,52.55,53.31,53.52,54.3,48.88,74072.0,380160000.0,126.43,125.56,51.84,5.17,3.1,3654800,3752600.0,2026-07-09,16:14:50
605066,天正电气,6.36,6.48,6.44,6.46,6.2,84960.0,53800000.0,31.95,31.95,41.25,1.84,1.69,3944000,4551900.0,2026-07-09,16:14:51
605068,明新旭腾,15.66,15.8,15.63,16.08,15.23,29254.0,45680000.0,25.4,25.4,-228.82,1.65,1.8,1487100,1438300.0,2026-07-09,16:14:50
605069,正和生态,12.92,12.9,12.64,13.19,12.3,62638.0,79830000.0,27.35,27.35,-12.89,3.98,2.96,3066400,3198800.0,2026-07-09,16:14:35
605077,华康股份,10.35,10.55,10.49,10.57,10.2,56767.0,58620000.0,31.37,30.99,22.18,1.05,1.9,2575600,3101100.0,2026-07-09,16:14:35
605080,浙江自然,19.7,19.86,19.98,19.98,19.31,16710.0,32620000.0,27.76,27.65,16.61,1.22,1.19,781800,889200.0,2026-07-09,16:14:49
605081,退市太和,0.4,0.4,0.0,0.0,0.0,0.0,0.0,0.45,0.45,-0.15,0.07,0.0,0,0.0,2026-07-09,09:00:00
605086,龙高股份,23.55,24.03,24.03,24.38,23.23,15843.0,37280000.0,42.2,42.2,36.81,2.64,0.88,858000,726900.0,2026-07-09,16:14:52
605088,冠盛股份,29.84,29.49,30.71,30.71,28.7,33465.0,98650000.0,60.49,60.04,20.93,2.13,1.66,1433500,1913000.0,2026-07-09,16:14:59
605089,味知香,19.54,20.29,20.29,20.44,19.31,11582.0,22840000.0,26.97,26.97,37.47,2.22,0.84,458100,700000.0,2026-07-09,16:14:59
605090,九丰能源,34.53,33.52,33.52,35.06,32.71,154377.0,520640000.0,243.75,243.27,17.31,2.16,2.19,7934200,7507900.0,2026-07-09,16:14:42
605098,行动教育,52.96,52.67,52.01,53.36,51.68,7446.0,39250000.0,63.16,63.16,19.1,6.97,0.62,385400,359200.0,2026-07-09,16:14:46
605099,共创草坪,31.3,31.92,32.0,32.0,31.0,14257.0,44690000.0,125.93,125.66,17.68,4.2,0.36,736700,690700.0,2026-07-09,16:14:41
605100,华丰股份,36.5,35.92,35.31,36.94,34.43,49966.0,177580000.0,87.24,86.84,362.97,4.84,2.1,2511000,2485700.0,2026-07-09,16:14:49
605108,同庆楼,11.47,11.73,11.63,11.68,11.35,28442.0,32570000.0,29.82,29.82,44.46,1.3,1.09,1393500,1450600.0,2026-07-09,16:14:43
605111,新洁能,79.58,78.05,80.6,80.86,74.01,319851.0,2460230000.0,330.52,330.52,87.0,7.75,7.7,15761000,16227400.0,2026-07-09,16:14:55
605116,奥锐特,19.18,19.43,19.2,19.95,18.92,35982.0,69540000.0,77.91,77.91,19.79,3.04,0.89,1612600,1985800.0,2026-07-09,16:14:38
605117,德业股份,86.19,89.57,91.0,91.0,83.16,358092.0,3057040000.0,1097.4,1097.4,30.04,11.05,2.81,15484600,20328800.0,2026-07-09,16:14:53
605118,力鼎光电,34.74,36.71,37.07,37.58,33.04,90226.0,312110000.0,142.87,142.04,52.22,9.57,2.21,3921900,5109800.0,2026-07-09,16:14:33
605122,四方新材,10.45,10.56,10.68,10.74,10.2,25093.0,26440000.0,18.01,18.01,-5.93,1.04,1.46,1280500,1228700.0,2026-07-09,16:14:51
605123,派克新材,91.0,89.5,89.2,91.4,85.51,30489.0,269360000.0,110.27,110.27,42.18,2.38,2.52,1613300,1435700.0,2026-07-09,16:14:57
605128,上海沿浦,23.6,23.85,23.85,23.95,23.33,29230.0,69040000.0,74.1,74.1,36.84,3.47,0.93,1362500,1561500.0,2026-07-09,16:14:48
605133,嵘泰股份,34.3,33.89,34.22,35.95,31.37,135514.0,454250000.0,97.85,96.77,52.25,2.58,4.8,6269500,7283700.0,2026-07-09,16:14:40
605136,丽人丽妆,7.09,7.09,7.1,7.22,6.94,65045.0,45970000.0,28.39,28.39,-55.31,1.18,1.62,3280200,3224800.0,2026-07-09,16:14:41
605138,盛泰集团,5.83,5.97,5.88,5.93,5.71,45237.0,26310000.0,32.39,32.39,18.47,1.31,0.81,1872800,2650900.0,2026-07-09,16:14:49
605151,西上海,17.9,18.09,18.18,18.45,17.53,18826.0,33650000.0,24.09,24.09,119.05,1.75,1.4,896800,985800.0,2026-07-09,16:14:59
605155,西大门,12.2,12.18,12.15,12.5,12.01,24321.0,29640000.0,23.34,22.79,21.47,1.75,1.3,1105600,1326600.0,2026-07-09,16:14:30
605158,华达新材,6.29,6.33,6.3,6.43,6.12,58991.0,36850000.0,32.17,32.17,-1253.26,1.34,1.15,2082200,3817100.0,2026-07-09,16:14:46
605162,新中港,7.38,7.29,7.33,7.48,7.18,85898.0,62970000.0,32.68,32.68,27.28,2.68,1.94,4216800,4373400.0,2026-07-09,16:14:38
605166,聚合顺,8.41,8.54,8.52,8.7,8.09,96224.0,80520000.0,26.47,26.47,26.98,1.34,3.06,4897500,4724900.0,2026-07-09,16:14:59
605167,利柏特,16.18,15.93,15.77,16.6,15.38,103829.0,165750000.0,82.5,82.5,38.16,4.05,2.04,4536200,5846900.0,2026-07-09,16:14:41
605168,三人行,46.22,45.49,45.7,47.41,44.6,43421.0,199300000.0,97.44,97.44,76.44,3.77,2.06,2251400,2091300.0,2026-07-09,16:14:42
605169,洪通燃气,8.96,9.13,9.13,9.26,8.91,23330.0,21070000.0,25.35,25.35,24.5,1.29,0.82,1166800,1166200.0,2026-07-09,16:14:59
605177,东亚药业,15.94,16.23,16.2,16.53,15.7,26458.0,42320000.0,18.29,18.12,-16.52,1.1,2.33,1250900,1394900.0,2026-07-09,16:14:58
605178,时空科技,92.32,98.8,100.0,101.95,89.79,87889.0,822860000.0,91.47,91.47,-42.43,8.29,8.87,4889100,3901100.0,2026-07-09,16:14:42
605179,一鸣食品,12.75,13.02,13.02,13.05,12.6,23199.0,29630000.0,51.13,51.13,95.21,4.5,0.58,1195100,1124800.0,2026-07-09,16:15:00
605180,华生科技,11.3,11.54,11.53,11.58,11.05,15432.0,17390000.0,19.1,19.1,88.44,1.68,0.91,724500,818700.0,2026-07-09,16:14:40
605183,确成股份,14.25,14.63,14.63,14.65,14.15,26855.0,38430000.0,59.16,58.77,13.5,1.89,0.65,925800,1759700.0,2026-07-09,16:14:32
605186,健麾信息,32.72,32.02,31.31,32.72,31.31,31739.0,102080000.0,44.5,44.5,144.62,4.02,2.33,1700400,1479700.0,2026-07-09,16:14:55
605188,国光连锁,11.45,11.56,11.56,11.69,11.26,30829.0,35190000.0,58.14,58.14,284.07,4.66,0.61,1616900,1466000.0,2026-07-09,16:14:45
605189,富春染织,13.7,13.8,13.69,13.83,13.11,171142.0,231120000.0,32.64,32.64,22.48,1.73,7.18,7921300,9194900.0,2026-07-09,16:14:46
605196,华通线缆,23.44,23.63,24.11,25.05,22.65,306702.0,723410000.0,119.77,118.36,38.82,3.54,6.07,14355700,16316500.0,2026-07-09,16:14:38
605198,XD安德利,59.0,61.4,61.4,61.42,58.21,28634.0,169350000.0,197.17,159.62,62.2,7.16,1.06,1319100,1544300.0,2026-07-09,16:14:42
605199,ST葫芦娃,5.8,5.71,5.7,5.96,5.59,24680.0,14280000.0,23.21,23.21,-6.81,6.05,0.62,1134300,1333900.0,2026-07-09,16:15:00
605208,永茂泰,18.3,17.69,17.21,18.35,16.88,306059.0,538830000.0,60.38,60.38,85.23,2.74,9.28,15052600,15567200.0,2026-07-09,16:14:38
605218,伟时电子,14.83,14.73,14.96,14.96,14.21,29570.0,43300000.0,36.01,31.56,-210.86,2.04,1.39,1297800,1659200.0,2026-07-09,16:14:39
605222,起帆电缆,20.34,20.24,20.3,20.49,19.22,101016.0,200790000.0,83.99,83.99,42.82,1.79,2.45,5587100,4518700.0,2026-07-09,16:14:48
605228,神通科技,14.73,14.02,13.95,14.77,13.95,114467.0,165790000.0,70.58,70.28,41.4,3.15,2.4,6264000,5187800.0,2026-07-09,16:14:40
605255,天普股份,73.23,71.69,71.5,73.52,68.25,14499.0,101760000.0,98.19,98.19,652.78,12.13,1.08,726200,723900.0,2026-07-09,16:14:55
605258,协和电子,27.13,26.53,26.74,27.4,25.6,26800.0,71170000.0,23.87,23.87,39.86,2.03,3.05,1264000,1416100.0,2026-07-09,16:14:43
605259,绿田机械,17.75,18.18,18.2,18.22,17.68,13434.0,23920000.0,30.62,30.62,13.14,1.67,0.78,629100,714900.0,2026-07-09,16:14:46
605266,健之佳,15.45,15.63,15.63,15.79,15.3,10637.0,16480000.0,23.88,23.88,15.86,0.95,0.69,513900,549800.0,2026-07-09,16:14:59
605268,XD王力安,9.06,8.89,8.97,9.07,8.82,28962.0,25850000.0,39.91,39.91,30.53,2.5,0.66,1420500,1476600.0,2026-07-09,16:14:50
605277,新亚电子,16.2,15.99,16.06,16.38,15.16,106648.0,167750000.0,62.98,61.85,28.92,3.76,2.79,5326500,5341200.0,2026-07-09,16:14:51
605286,同力天启,24.87,24.4,24.61,25.14,23.59,27907.0,67870000.0,41.78,41.78,30.91,1.94,1.66,1529100,1262200.0,2026-07-09,16:14:56
605287,德才股份,42.14,41.93,41.93,42.46,39.93,29445.0,121290000.0,59.0,59.0,98.41,3.73,2.1,1598000,1346400.0,2026-07-09,16:14:55
605288,凯迪股份,75.01,74.69,76.18,77.0,71.61,12174.0,90230000.0,74.22,73.72,212.88,3.39,1.24,497900,719700.0,2026-07-09,16:14:42
605289,罗曼股份,129.28,123.42,121.31,129.88,118.2,50824.0,625830000.0,197.29,197.02,228.1,14.78,3.33,2832600,2251200.0,2026-07-09,16:14:31
605296,神农集团,28.66,28.46,28.55,29.28,28.1,30638.0,87420000.0,150.4,148.45,-27.96,3.51,0.59,1360900,1702900.0,2026-07-09,16:14:35
605298,必得科技,49.78,48.23,48.36,50.5,47.6,13233.0,64810000.0,93.51,92.72,163.25,9.05,0.71,657700,665700.0,2026-07-09,16:14:43
605299,舒华体育,12.51,12.53,12.44,12.55,12.1,67438.0,83420000.0,51.0,51.0,48.22,4.26,1.65,3386400,3358200.0,2026-07-09,16:14:37
605300,佳禾食品,8.69,8.9,8.95,8.95,8.52,52710.0,45620000.0,39.49,39.49,88.31,1.38,1.16,2879700,2391700.0,2026-07-09,16:14:55
605303,园林股份,21.27,21.33,21.22,22.0,20.56,47348.0,100020000.0,34.3,34.3,-20.7,4.05,2.94,2605000,2129800.0,2026-07-09,16:14:32
605305,中际联合,44.4,44.41,44.48,44.86,42.97,47990.0,210390000.0,94.36,94.36,16.83,3.16,2.26,2419700,2383000.0,2026-07-09,16:14:49
605318,法狮龙,91.71,89.78,90.1,92.19,85.5,21244.0,188630000.0,115.31,115.31,37252.62,18.03,1.69,973900,1150500.0,2026-07-09,16:14:42
605319,无锡振华,24.23,22.03,22.19,24.23,21.84,67207.0,157850000.0,84.83,84.36,17.99,3.06,1.93,3705700,3015100.0,2026-07-09,16:14:40
605333,沪光股份,16.2,16.35,16.5,16.5,15.76,39965.0,63790000.0,75.17,75.17,17.97,2.24,0.86,1940400,2056100.0,2026-07-09,16:14:32
605336,*ST帅电,10.41,10.4,10.29,10.67,10.03,23062.0,23970000.0,19.09,19.09,-30.63,1.06,1.26,924700,1381500.0,2026-07-09,16:14:47
605337,李子园,8.37,8.58,8.58,8.62,8.3,25360.0,21290000.0,32.65,32.65,17.78,2.06,0.65,1085000,1451000.0,2026-07-09,16:14:35
605338,巴比食品,18.08,18.24,18.06,18.24,17.42,27883.0,50060000.0,43.31,43.31,15.3,2.07,1.16,1403500,1384800.0,2026-07-09,16:14:34
605339,南侨食品,11.8,11.98,11.91,12.04,11.68,11216.0,13250000.0,50.07,50.07,340.01,1.47,0.26,569400,552300.0,2026-07-09,16:14:45
605358,立昂微,63.77,57.97,58.8,63.77,58.38,635396.0,3888880000.0,492.43,492.43,-908.82,7.06,8.23,33314700,30232100.0,2026-07-09,16:14:55
605365,立达信,13.65,13.6,13.53,13.68,13.25,37101.0,50010000.0,68.52,68.52,42.92,1.85,0.74,1672100,2038000.0,2026-07-09,16:14:55
605366,宏柏新材,10.76,10.45,10.6,11.13,10.28,347212.0,370170000.0,83.16,83.16,-49.44,3.12,4.49,15899100,18828500.0,2026-07-09,16:14:54
605368,蓝天燃气,6.36,6.42,6.42,6.48,6.33,26815.0,17120000.0,45.45,45.45,19.27,1.37,0.38,1043800,1641800.0,2026-07-09,16:14:34
605369,拱东医疗,17.51,17.47,17.36,17.65,17.02,17446.0,30200000.0,38.61,38.61,68.84,2.29,0.79,967000,777500.0,2026-07-09,16:14:38
605376,博迁新材,206.95,202.8,208.0,212.0,189.01,176880.0,3532240000.0,541.38,541.38,222.84,31.22,6.76,8842300,8851400.0,2026-07-09,16:14:56
605377,华旺科技,9.43,9.48,9.56,9.62,9.3,115968.0,109280000.0,52.49,52.49,20.56,1.36,2.08,4960800,6636800.0,2026-07-09,16:14:47
605378,野马电池,13.42,13.36,13.36,13.5,12.99,22116.0,29270000.0,35.07,35.07,90.1,2.91,0.85,1152600,1061000.0,2026-07-09,16:14:35
605388,均瑶健康,4.82,4.88,4.87,4.95,4.73,66840.0,32180000.0,28.94,28.94,-15.04,1.88,1.11,3334500,3349500.0,2026-07-09,16:14:42
605389,长龄液压,89.01,88.8,87.5,89.8,85.28,15067.0,131800000.0,166.73,157.68,125.26,7.97,0.85,775500,731500.0,2026-07-09,16:14:53
605398,新炬网络,20.32,20.58,20.46,20.66,19.85,24322.0,49200000.0,33.06,33.06,239.51,3.18,1.49,1038900,1393300.0,2026-07-09,16:14:36
605399,晨光新材,14.1,14.09,14.2,14.2,13.65,111794.0,156300000.0,43.97,43.93,-40.29,2.14,3.59,4902200,6277400.0,2026-07-09,16:14:54
605488,福莱新材,29.75,30.17,30.46,30.51,28.44,78839.0,231300000.0,89.81,82.1,146.67,4.05,2.86,3750400,4134400.0,2026-07-09,16:14:51
605499,东鹏饮料,121.44,127.81,127.0,127.8,121.0,75307.0,928440000.0,891.61,820.95,19.0,4.68,1.11,3100300,4433400.0,2026-07-09,16:14:52
605500,森林包装,6.26,6.33,6.27,6.38,6.16,47660.0,29730000.0,25.94,25.94,106.27,1.02,1.15,2149800,2616900.0,2026-07-09,16:14:35
605507,国邦医药,14.75,15.15,15.11,15.45,14.75,51341.0,77140000.0,115.4,115.4,15.06,1.38,0.66,2133100,3000900.0,2026-07-09,16:14:55
605555,德昌股份,12.28,12.29,12.22,12.39,11.95,47425.0,57680000.0,59.44,59.44,63.04,2.08,0.98,2335000,2407500.0,2026-07-09,16:14:45
605566,福莱蒽特,28.42,29.6,30.3,30.3,27.4,60681.0,172060000.0,37.9,37.9,67.45,1.86,4.55,3269000,2801300.0,2026-07-09,16:14:38
605567,春雪食品,8.07,8.17,8.09,8.21,7.92,39305.0,31600000.0,16.14,16.14,43.68,1.48,1.97,1649000,2281500.0,2026-07-09,16:14:42
605577,龙版传媒,8.96,9.05,8.96,9.16,8.88,25619.0,22970000.0,39.82,39.82,16.68,1.01,0.58,1208600,1353500.0,2026-07-09,16:14:34
605580,恒盛能源,21.81,22.37,21.38,23.35,20.13,153150.0,321340000.0,61.07,61.07,37.65,6.17,5.47,8368700,6955300.0,2026-07-09,16:14:37
605588,冠石科技,59.76,58.8,59.84,61.8,57.24,24436.0,145490000.0,43.79,43.68,-52.85,4.63,3.34,1335500,1108500.0,2026-07-09,16:14:32
605589,圣泉集团,55.31,53.96,54.82,55.69,52.39,480281.0,2597040000.0,468.14,467.88,47.91,4.52,5.68,25485200,22557700.0,2026-07-09,16:14:43
605598,上海港湾,34.0,32.63,32.07,34.18,32.07,64992.0,216300000.0,82.63,82.63,243.68,4.88,2.67,3217500,3281800.0,2026-07-09,16:14:40
605599,菜百股份,13.53,13.9,14.0,14.0,13.38,67889.0,91780000.0,105.23,105.23,8.68,2.36,0.87,3421500,3367400.0,2026-07-09,16:14:35
688001,XD华兴源,68.11,65.11,66.36,68.41,63.06,7823082.0,517840000.0,321.18,321.18,283.33,9.53,1.66,399603100,382705100.0,2026-07-09,16:14:33
688002,睿创微纳,164.32,154.6,159.0,166.66,156.76,17518541.0,2836710000.0,772.22,772.22,52.98,10.85,3.73,914134200,837719900.0,2026-07-09,16:14:36
688003,天准科技,102.87,98.21,99.9,103.7,95.33,5748293.0,572710000.0,200.37,200.37,177.13,10.63,2.95,298233700,276595600.0,2026-07-09,16:14:39
688004,博汇科技,17.54,17.51,17.33,17.66,16.85,1463521.0,25210000.0,14.05,14.05,-54.04,2.45,1.83,75402800,70949300.0,2026-07-09,16:14:35
688005,容百科技,27.11,27.1,26.9,27.51,25.92,22372208.0,595560000.0,193.76,193.73,-120.79,2.5,3.13,1057695900,1179524900.0,2026-07-09,16:14:46
688006,杭可科技,27.46,26.31,26.49,27.75,25.75,12782945.0,342310000.0,165.77,165.77,43.55,3.05,2.12,627175100,651119400.0,2026-07-09,16:14:41
688007,光峰科技,11.69,11.5,11.42,11.85,11.27,6090509.0,70340000.0,53.73,53.73,-18.56,2.23,1.33,291850000,317200900.0,2026-07-09,16:15:00
688008,澜起科技,285.8,247.15,254.1,285.8,253.01,82193197.0,21958100000.0,3488.3,3271.74,136.39,16.91,7.18,4608792300,3610527400.0,2026-07-09,16:14:47
688009,中国通号,4.9,4.86,4.86,4.9,4.8,27644435.0,133920000.0,518.9,422.43,14.23,1.08,0.32,1593827800,1170615700.0,2026-07-09,16:14:44
688010,福光股份,40.69,38.28,38.53,40.87,37.5,7297940.0,287480000.0,65.33,65.33,451.52,3.81,4.55,365800100,363993900.0,2026-07-09,16:14:45
688011,新光光电,62.55,61.71,61.6,62.58,60.1,1484571.0,91560000.0,62.24,62.03,-151.52,5.94,1.5,74542000,73915100.0,2026-07-09,16:14:58
688012,中微公司,471.59,423.0,433.99,474.5,430.0,33945458.0,15179040000.0,4517.09,4443.31,165.53,16.38,3.6,1801404800,1593141000.0,2026-07-09,16:14:55
688013,天臣医疗,23.95,24.02,24.82,24.82,23.44,1135266.0,27140000.0,19.44,19.44,23.79,3.79,1.4,58890600,54636000.0,2026-07-09,16:14:58
688015,交控科技,15.63,15.62,15.65,15.72,15.22,986546.0,15250000.0,29.49,29.49,19.02,1.13,0.52,46461800,52192800.0,2026-07-09,16:14:51
688016,心脉医疗,89.63,89.82,89.6,90.88,88.4,1420649.0,127060000.0,110.48,110.48,18.77,2.7,1.15,71002700,71062200.0,2026-07-09,16:14:58
688017,绿的谐波,408.28,391.0,395.62,409.97,385.0,13700207.0,5452110000.0,748.5,748.5,547.34,20.97,7.47,710035000,659985700.0,2026-07-09,16:14:45
688018,乐鑫科技,121.3,118.31,118.8,121.67,115.09,9080077.0,1074520000.0,284.31,284.31,52.67,6.4,3.87,466375400,441632300.0,2026-07-09,16:14:33
688019,安集科技,343.9,316.09,326.03,346.5,309.0,13514402.0,4390980000.0,782.35,782.35,95.12,17.38,5.94,745523700,605916500.0,2026-07-09,16:14:47
688020,方邦股份,206.39,191.0,191.97,206.39,186.43,3698050.0,723490000.0,170.07,170.07,-166.13,12.92,4.49,187913900,181891100.0,2026-07-09,16:14:50
688021,奥福科技,19.56,19.46,19.26,19.8,18.7,1854365.0,35790000.0,14.95,14.95,51.7,1.71,2.43,86648300,98788200.0,2026-07-09,16:14:44
688022,ST瀚川,7.9,7.8,7.8,7.97,7.72,2530184.0,19920000.0,13.89,13.89,68.9,2.11,1.44,132336300,120682100.0,2026-07-09,16:14:52
688023,安恒信息,37.29,37.37,37.5,37.63,36.46,2558245.0,94780000.0,38.1,38.1,-63.31,1.7,2.5,137931300,117893200.0,2026-07-09,16:14:57
688025,杰普特,445.0,389.81,402.0,448.0,378.88,5009941.0,2067830000.0,422.97,422.97,124.25,18.23,5.27,289896900,211097200.0,2026-07-09,16:14:38
688026,洁特生物,13.99,13.85,13.85,14.06,13.41,3061720.0,42030000.0,19.64,19.63,71.28,1.81,2.18,146994700,159177300.0,2026-07-09,16:14:31
688027,国盾量子,451.9,433.0,433.0,452.25,422.1,2748481.0,1202030000.0,464.83,363.21,6953.96,14.42,3.42,160226300,114621800.0,2026-07-09,16:14:51
688028,沃尔德,135.88,134.0,136.24,137.48,129.8,6277842.0,840940000.0,205.11,205.11,201.56,10.25,4.16,340144800,287639400.0,2026-07-09,16:14:42
688029,南微医学,73.61,73.01,72.5,75.44,72.18,1634492.0,119930000.0,138.27,138.27,24.88,3.41,0.87,85614400,77834800.0,2026-07-09,16:14:42
688030,山石网科,15.55,15.77,15.74,15.77,15.05,2461532.0,37960000.0,28.03,28.03,-18.24,4.12,1.37,126021500,120131700.0,2026-07-09,16:14:54
688031,星环科技-U,103.85,102.36,101.16,104.68,98.7,5072342.0,518700000.0,125.8,125.8,-57.81,15.6,4.19,275011200,232223000.0,2026-07-09,16:14:31
688032,禾迈股份,77.98,78.11,78.53,78.7,76.8,781887.0,60810000.0,96.75,96.75,-45.43,1.71,0.63,35901300,42287400.0,2026-07-09,16:14:53
688033,*ST天宜,6.67,6.6,6.6,6.75,6.48,2552268.0,16880000.0,37.5,37.5,-1.68,2.83,0.45,139611700,115615100.0,2026-07-09,16:14:31
688035,德邦科技,98.11,92.44,94.03,98.65,88.23,9353551.0,876990000.0,139.55,139.55,121.48,5.96,6.58,485071100,450284000.0,2026-07-09,16:14:49
688036,传音控股,66.37,62.25,62.09,67.25,61.98,28815731.0,1883840000.0,764.04,764.04,27.38,3.78,2.5,1526862200,1354710900.0,2026-07-09,16:14:51
688037,芯源微,431.62,406.0,412.08,437.0,391.5,8784031.0,3612320000.0,870.26,870.26,1233.47,31.07,4.36,466438400,411964700.0,2026-07-09,16:14:42
688038,中科通达,16.69,16.36,16.36,16.8,16.01,1894270.0,30980000.0,19.42,19.42,-182.11,3.28,1.63,94535400,94891600.0,2026-07-09,16:14:31
688039,当虹科技,40.2,39.1,39.14,40.55,38.44,3926433.0,155340000.0,44.46,44.46,-46.98,4.28,3.55,188760500,203882800.0,2026-07-09,16:14:45
688041,海光信息,363.46,343.0,346.21,363.85,335.5,42754499.0,15017600000.0,8448.04,8448.04,309.89,36.49,1.84,2273410500,2002039400.0,2026-07-09,16:14:36
688045,必易微,72.95,70.62,71.41,73.21,68.5,2163710.0,153340000.0,51.49,51.49,132.57,3.6,3.07,119180100,97190900.0,2026-07-09,16:14:44
688046,药康生物,24.23,23.27,23.06,24.54,22.79,8677311.0,205480000.0,99.34,99.34,62.18,4.51,2.12,444261100,423470000.0,2026-07-09,16:14:39
688047,龙芯中科,149.91,140.0,140.0,150.36,136.98,11795847.0,1697610000.0,601.14,601.14,-143.87,25.06,2.94,678842100,500742600.0,2026-07-09,16:14:42
688048,长光华芯,472.44,413.99,429.97,478.83,416.02,15646352.0,6998290000.0,832.82,832.82,2468.12,27.63,8.88,885232500,679402700.0,2026-07-09,16:14:45
688049,炬芯科技,45.36,44.18,44.37,45.39,43.08,7404037.0,328120000.0,79.46,79.46,37.51,3.88,4.23,373026300,367377400.0,2026-07-09,16:14:51
688050,爱博医疗,41.39,40.27,40.0,42.19,39.48,5586225.0,230720000.0,80.06,80.06,30.23,2.86,2.89,292882600,265739900.0,2026-07-09,16:14:57
688051,佳华科技,22.16,21.86,21.5,22.22,21.33,875949.0,19110000.0,17.14,17.14,-13.41,2.96,1.13,50085200,37509700.0,2026-07-09,16:14:36
688052,纳芯微,256.3,249.19,252.13,258.7,240.64,3349357.0,833750000.0,416.8,365.3,-195.43,5.49,2.35,179043800,155891900.0,2026-07-09,16:14:56
688053,ST思科瑞,37.99,37.38,37.11,38.23,36.98,671785.0,25210000.0,37.99,37.99,-200.46,2.4,0.67,38758900,28419600.0,2026-07-09,16:14:34
688055,龙腾光电,4.53,4.41,4.42,4.55,4.3,23045156.0,102200000.0,151.0,151.0,-68.43,3.77,0.69,1038363400,1266152200.0,2026-07-09,16:14:42
688056,莱伯泰科,54.18,49.78,50.5,54.28,50.01,3140961.0,165130000.0,36.55,36.55,106.73,4.55,4.66,170917900,143178200.0,2026-07-09,16:14:58
688057,金达莱,19.96,17.58,17.36,20.16,17.2,21671184.0,422320000.0,55.09,55.09,94.16,1.73,7.85,1160591200,1006527200.0,2026-07-09,16:14:56
688058,宝兰德,20.91,20.88,21.0,21.18,20.21,1218798.0,25170000.0,15.86,15.86,-20.05,2.57,1.61,55021300,66858500.0,2026-07-09,16:14:45
688059,华锐精密,173.4,169.62,174.5,174.5,163.59,4166748.0,705720000.0,173.38,162.27,52.13,7.98,4.45,228328600,188346200.0,2026-07-09,16:14:35
688060,云涌科技,33.29,34.18,34.0,34.54,32.28,704604.0,23470000.0,20.04,20.04,-126.09,2.26,1.17,28880700,41579700.0,2026-07-09,16:14:54
688061,灿瑞科技,47.57,46.59,46.67,47.57,44.48,2103890.0,96810000.0,54.65,54.65,-82.52,2.4,1.83,116976600,93412400.0,2026-07-09,16:14:49
688062,迈威生物-U,31.05,31.27,30.7,32.37,30.44,12213154.0,381190000.0,138.71,71.49,-15.08,129.86,5.3,631995900,589319500.0,2026-07-09,16:14:34
688063,派能科技,47.1,47.05,46.51,47.58,45.09,6415702.0,298260000.0,115.56,115.56,79.59,1.25,2.61,322158500,319411700.0,2026-07-09,16:14:54
688065,凯赛生物,45.74,45.4,45.43,45.74,43.72,6873035.0,306830000.0,329.92,266.84,55.97,1.85,1.18,339682800,347620700.0,2026-07-09,16:14:36
688066,*ST航图,11.35,11.2,11.14,11.4,10.9,5506514.0,61540000.0,29.89,29.89,-1.61,-2.47,2.09,251343700,299307700.0,2026-07-09,16:14:50
688067,爱威科技,19.96,20.1,20.07,20.18,19.5,944876.0,18730000.0,13.57,13.57,45.29,2.6,1.39,44240600,50247000.0,2026-07-09,16:14:35
688068,热景生物,119.84,116.8,112.13,124.88,112.13,6821194.0,812790000.0,111.16,111.16,-45.06,4.57,7.35,345892900,336226500.0,2026-07-09,16:14:37
688069,德林海,35.85,35.91,36.61,36.61,34.0,2516636.0,89080000.0,56.15,56.15,58.33,4.52,1.61,111738100,139925500.0,2026-07-09,16:14:41
688070,纵横股份,36.22,35.98,36.66,36.98,35.11,1285857.0,46400000.0,32.03,32.03,158.15,5.36,1.45,60909200,67676500.0,2026-07-09,16:14:42
688071,华依科技,35.91,35.78,35.51,36.43,34.35,3857086.0,136780000.0,30.45,30.45,-48.13,3.01,4.55,194950300,190758300.0,2026-07-09,16:14:52
688072,拓荆科技,832.0,832.0,0.0,0.0,0.0,0.0,0.0,2418.45,2352.01,147.08,20.61,0.0,0,0.0,2026-07-09,16:14:35
688073,毕得医药,49.98,49.9,49.55,51.6,48.33,3639120.0,180580000.0,45.42,45.42,27.06,2.27,4.0,203849700,160062300.0,2026-07-09,16:15:00
688075,XD安旭生,28.83,29.33,29.3,29.98,28.45,636972.0,18560000.0,36.64,36.64,146.37,0.73,0.5,25143200,38554000.0,2026-07-09,16:14:31
688076,ST诺泰,28.3,28.45,28.03,28.93,28.02,1922656.0,54380000.0,89.44,89.44,28.92,2.98,0.61,87593400,104672200.0,2026-07-09,16:14:56
688077,大地熊,28.15,29.64,29.53,29.99,26.77,6492880.0,181720000.0,32.23,32.23,51.77,2.97,5.67,313707000,335581000.0,2026-07-09,16:14:42
688078,龙软科技,21.25,21.37,21.33,21.63,20.82,970204.0,20490000.0,15.49,15.49,-21.99,2.32,1.33,45132100,51888300.0,2026-07-09,16:14:49
688079,美迪凯,23.03,21.73,22.0,23.14,21.32,16371755.0,364690000.0,94.83,93.18,-52.09,7.58,4.05,864246600,772928900.0,2026-07-09,16:14:50
688080,映翰通,37.59,38.14,37.6,38.15,36.07,1839228.0,68060000.0,27.69,27.69,20.35,2.37,2.5,79603600,104319200.0,2026-07-09,16:14:50
688081,兴图新科,37.74,36.89,37.0,37.99,35.81,1340207.0,49770000.0,38.89,38.89,-76.82,9.86,1.3,69779300,64241400.0,2026-07-09,16:14:43
688082,盛美上海,432.6,415.0,427.98,434.5,397.5,9443286.0,3938280000.0,2087.71,2065.29,166.5,15.17,1.98,496108500,448220100.0,2026-07-09,16:14:57
688083,中望软件,55.6,55.45,55.0,55.96,53.99,3541810.0,195470000.0,94.32,94.32,310.16,3.65,2.09,156620400,197560600.0,2026-07-09,16:14:48
688084,晶品特装,46.71,46.86,46.67,47.67,44.35,1690578.0,77260000.0,35.34,35.34,-230.96,2.3,2.23,81315600,87742200.0,2026-07-09,16:14:47
688085,三友医疗,12.04,12.11,12.04,12.26,11.77,3879180.0,46490000.0,44.16,42.21,77.03,2.09,1.11,165860800,222057200.0,2026-07-09,16:14:59
688087,英科再生,35.56,36.17,35.81,36.67,34.26,2951792.0,103720000.0,69.01,66.23,26.09,2.41,1.58,123046000,172133200.0,2026-07-09,16:14:34
688088,虹软科技,35.05,34.78,34.7,35.24,33.9,6374687.0,220660000.0,140.61,140.61,53.5,5.15,1.59,354189900,283278800.0,2026-07-09,16:14:50
688089,嘉必优,10.5,10.63,11.16,11.27,10.3,2560991.0,26940000.0,17.67,17.67,32.04,1.11,1.52,121400400,134698700.0,2026-07-09,16:14:59
688090,瑞松科技,93.0,91.17,94.39,94.39,88.01,6708965.0,614030000.0,147.61,147.61,491.6,16.17,4.23,359541100,311355400.0,2026-07-09,16:14:48
688091,上海谊众,41.62,41.24,41.57,43.0,40.01,4659159.0,194130000.0,86.03,86.03,125.52,5.94,2.25,240765400,225150500.0,2026-07-09,16:14:38
688092,爱科科技,21.7,21.51,21.4,21.72,20.9,794230.0,16960000.0,17.94,17.94,38.75,2.75,0.96,37238400,42184600.0,2026-07-09,16:14:31
688093,世华科技,30.8,30.2,30.2,30.9,28.95,5029714.0,150640000.0,86.36,86.36,21.75,3.1,1.79,257491400,245480000.0,2026-07-09,16:14:31
688095,福昕软件,59.01,57.87,57.19,60.5,56.55,2441274.0,143450000.0,53.91,53.91,113.89,2.07,2.67,128144200,115983200.0,2026-07-09,16:14:36
688096,京源环保,9.24,9.33,9.52,9.79,8.86,13881918.0,127890000.0,21.6,21.6,-28.63,2.65,5.94,699105800,689086000.0,2026-07-09,16:14:31
688097,博众精工,57.15,54.87,55.45,57.48,53.0,8022160.0,439680000.0,255.26,254.32,39.11,5.32,1.8,424883700,377332300.0,2026-07-09,16:15:00
688098,申联生物,9.2,9.08,9.05,9.25,8.84,6148227.0,55440000.0,37.78,37.78,-196.7,2.72,1.5,340580800,274241900.0,2026-07-09,16:14:52
688099,晶晨股份,102.4,99.2,98.3,102.4,96.6,15939738.0,1584960000.0,433.48,433.48,50.52,5.76,3.77,806906400,787067400.0,2026-07-09,16:14:32
688100,威胜信息,28.62,28.21,28.05,28.88,27.8,3631176.0,102670000.0,140.72,140.72,20.84,3.98,0.74,211667700,151449900.0,2026-07-09,16:14:44
688101,XD三达膜,15.36,15.45,15.45,15.65,14.95,2911989.0,44290000.0,51.0,51.0,12.73,1.16,0.88,119915600,171283300.0,2026-07-09,16:14:31
688102,斯瑞新材,41.39,38.29,38.75,41.41,38.0,19753063.0,781010000.0,323.29,322.35,204.17,16.15,2.54,1025649800,949656500.0,2026-07-09,16:14:36
688103,国力电子,100.97,87.7,93.0,102.55,86.11,11359306.0,1068540000.0,96.24,96.24,147.23,8.71,11.92,645323800,490606800.0,2026-07-09,16:14:35
688105,诺唯赞,17.25,17.08,16.81,17.4,16.5,6252916.0,106260000.0,89.18,89.18,-621.83,2.48,1.21,295527200,329764400.0,2026-07-09,16:14:58
688106,金宏气体,38.05,36.1,36.2,38.22,34.85,56447734.0,2056890000.0,203.71,203.71,219.54,6.27,10.54,2865931400,2778842000.0,2026-07-09,16:14:48
688107,安路科技,45.12,43.4,43.61,45.33,42.6,12305483.0,542450000.0,180.86,180.86,-71.53,20.03,3.07,604876500,625671800.0,2026-07-09,16:14:39
688108,赛诺医疗,19.57,18.25,18.09,19.72,17.93,22526133.0,426670000.0,81.79,81.79,118.92,8.25,5.39,1401431600,851181700.0,2026-07-09,16:14:33
688109,品茗科技,73.19,72.02,73.14,73.8,70.87,914971.0,66290000.0,57.7,57.7,181.44,7.46,1.16,46896600,44600500.0,2026-07-09,16:14:32
688110,东芯股份,176.34,168.8,173.2,176.59,168.1,19892152.0,3440360000.0,780.09,780.09,28546.41,21.69,4.5,1069204600,920010600.0,2026-07-09,16:14:37
688111,金山办公,227.6,217.88,217.88,228.0,213.23,13271972.0,2968280000.0,1056.09,1056.09,29.1,7.21,2.86,741103000,586094200.0,2026-07-09,16:14:41
688112,鼎阳科技,72.6,71.98,72.08,72.98,67.68,4227674.0,299470000.0,115.87,115.87,82.62,7.54,2.65,197941800,224825600.0,2026-07-09,16:15:00
688113,联测科技,35.2,35.09,35.29,35.4,33.92,951348.0,33100000.0,22.67,22.67,23.36,2.27,1.48,44281500,50853300.0,2026-07-09,16:14:43
688114,华大智造,55.88,54.38,53.56,56.38,53.3,6153404.0,339230000.0,232.75,232.26,-147.3,3.28,1.48,331059400,284281000.0,2026-07-09,16:14:47
688115,思林杰,75.9,72.6,73.71,76.2,71.95,2024722.0,149970000.0,50.6,50.6,648.09,3.97,3.04,116056100,86416100.0,2026-07-09,16:14:47
688116,天奈科技,37.94,37.5,37.66,37.97,36.52,7316913.0,272010000.0,139.06,139.06,61.52,3.72,2.0,348379500,383311800.0,2026-07-09,16:14:34
688117,圣诺生物,28.43,28.21,28.0,29.7,27.5,8299554.0,236010000.0,62.64,62.64,35.36,5.83,3.77,369378200,460577200.0,2026-07-09,16:14:57
688118,普元信息,20.99,19.66,19.4,21.35,19.06,4642297.0,93790000.0,19.59,19.59,321.51,2.4,4.97,235502000,228727700.0,2026-07-09,16:14:55
688119,中钢洛耐,4.23,4.18,4.22,4.23,4.07,12635620.0,52440000.0,47.59,47.59,-28.59,1.69,1.12,625446400,638115600.0,2026-07-09,16:14:40
688120,华海清科,344.0,295.0,300.0,348.0,292.51,19165077.0,5964410000.0,1701.88,1701.88,155.05,22.45,3.87,1043266800,873240900.0,2026-07-09,16:14:37
688121,*ST卓然,3.33,4.14,3.55,3.75,3.31,38635114.0,132910000.0,7.78,6.75,10.65,0.31,19.06,2036996700,1826514700.0,2026-07-09,16:14:37
688122,西部超导,54.37,53.28,53.33,54.52,50.62,18389578.0,965740000.0,353.22,353.22,49.53,4.92,2.83,929160800,909797000.0,2026-07-09,16:14:55
688123,聚辰股份,217.12,191.69,199.83,218.65,185.88,19546014.0,3922890000.0,345.01,345.01,116.98,13.38,12.3,1069275600,885325800.0,2026-07-09,16:14:36
688125,安达智能,162.05,154.32,154.73,162.78,150.0,849099.0,132880000.0,133.09,132.73,-111.67,7.42,1.04,42890300,42019600.0,2026-07-09,16:14:53
688126,沪硅产业,37.25,32.5,33.02,37.34,32.97,209444987.0,7341370000.0,1231.12,1058.68,-69.08,7.31,7.37,11556023500,9388475200.0,2026-07-09,16:14:38
688127,蓝特光学,82.66,78.55,79.63,83.29,77.01,10257812.0,824220000.0,335.52,335.52,70.96,15.16,2.53,537452800,488328400.0,2026-07-09,16:14:42
688128,中国电研,22.86,22.84,22.98,23.07,22.1,2779817.0,62620000.0,92.47,92.47,17.06,2.65,0.69,124199300,153782400.0,2026-07-09,16:14:46
688129,东来技术,22.73,23.46,24.3,24.3,21.62,1648678.0,37270000.0,27.38,27.38,26.8,2.65,1.37,73886500,90981300.0,2026-07-09,16:14:36
688130,晶华微,29.86,28.96,28.68,29.88,27.65,7542736.0,218540000.0,36.1,18.0,-99.14,2.92,12.51,339989700,414283900.0,2026-07-09,16:14:58
688131,皓元医药,84.8,82.88,82.4,86.37,81.81,5386349.0,452830000.0,180.82,180.82,73.73,5.76,2.53,292391600,246243300.0,2026-07-09,16:14:51
688132,邦彦技术,12.85,12.7,12.71,12.92,12.34,1146335.0,14510000.0,19.56,19.56,-8.58,1.66,0.75,54789400,59844100.0,2026-07-09,16:14:43
688133,泰坦科技,19.28,18.56,18.56,19.72,18.56,5533692.0,105930000.0,31.7,31.7,-46.32,1.17,3.37,299327600,254041600.0,2026-07-09,16:14:40
688135,利扬芯片,43.35,40.99,41.38,43.35,39.51,29938062.0,1241710000.0,101.05,101.05,5595.33,6.37,12.84,1547614400,1446191800.0,2026-07-09,16:14:40
688136,科兴制药,20.2,20.18,19.87,21.09,19.77,5286483.0,107240000.0,40.65,40.65,36.28,2.42,2.63,255483800,273164500.0,2026-07-09,16:14:59
688137,近岸蛋白,37.27,36.86,36.55,37.99,36.31,746702.0,27630000.0,26.06,26.06,-34.03,1.29,1.07,38739600,35930600.0,2026-07-09,16:14:48
688138,清溢光电,47.96,45.7,45.51,48.28,44.47,19651568.0,914820000.0,150.98,150.98,78.94,5.38,6.24,890414000,1074742800.0,2026-07-09,16:14:50
688139,海尔生物,26.96,26.9,27.05,27.43,26.6,2676740.0,71990000.0,85.33,85.33,38.8,1.96,0.85,130630500,137043500.0,2026-07-09,16:15:00
688141,杰华特,174.23,177.0,177.1,181.25,165.93,17231019.0,2969490000.0,784.6,784.6,-89.17,62.86,3.83,784453100,938648800.0,2026-07-09,16:14:35
688143,长盈通,157.8,151.42,159.0,163.0,137.88,13845561.0,2091460000.0,203.22,193.11,942.93,14.99,11.31,689502700,695053400.0,2026-07-09,16:14:50
688146,中船特气,363.6,331.0,344.0,370.0,328.6,14017581.0,4854940000.0,1924.94,527.11,534.51,33.4,9.67,727111800,674646300.0,2026-07-09,16:14:48
688147,微导纳米,157.0,141.5,148.0,158.48,143.09,14421398.0,2179190000.0,729.21,729.21,466.58,25.0,3.1,785824100,656315700.0,2026-07-09,16:14:34
688148,芳源股份,7.64,7.98,8.04,8.09,7.35,26217423.0,200990000.0,38.98,38.98,496.91,10.14,5.14,1193484800,1428257500.0,2026-07-09,16:14:53
688150,莱特光电,58.5,54.56,54.97,58.82,54.33,8932233.0,508900000.0,235.43,235.43,115.26,12.38,2.22,482028100,411195200.0,2026-07-09,16:14:34
688151,华强科技,14.96,14.99,14.92,15.05,14.63,1910517.0,28350000.0,51.54,51.54,108.95,1.22,0.55,91238300,99813400.0,2026-07-09,16:14:38
688152,麒麟信安,27.15,26.8,26.64,27.17,26.02,1437839.0,38270000.0,27.67,27.67,-52.18,2.36,1.41,68467800,75316100.0,2026-07-09,16:14:48
688153,唯捷创芯,31.91,31.06,31.26,31.98,30.36,6373125.0,199480000.0,137.31,130.6,1007.82,3.45,1.56,319157400,318155100.0,2026-07-09,16:14:51
688155,先惠技术,68.93,69.3,69.43,70.49,64.72,4354876.0,293890000.0,87.15,87.15,19.54,3.68,3.44,225930800,209556800.0,2026-07-09,16:14:33
688156,路德科技,27.09,27.1,26.96,27.89,25.27,7329452.0,193150000.0,27.28,27.28,-45.24,3.53,7.28,324349200,408596000.0,2026-07-09,16:14:47
688157,松井股份,20.59,21.24,21.12,21.54,20.03,2712957.0,55870000.0,38.65,38.65,406.07,2.88,1.45,99316600,171979100.0,2026-07-09,16:14:45
688158,优刻得-W,36.9,34.83,34.6,36.98,34.01,38717802.0,1392390000.0,170.0,151.24,-651.84,6.91,9.45,2023051900,1848728300.0,2026-07-09,16:14:35
688159,有方科技,37.55,38.19,38.5,38.53,35.28,4367938.0,160490000.0,34.83,34.82,92.77,3.73,4.71,238690300,198103500.0,2026-07-09,16:14:46
688160,步科股份,115.52,113.44,115.71,116.96,109.58,3011774.0,341470000.0,105.37,105.37,141.11,8.04,3.3,155215800,145961600.0,2026-07-09,16:14:47
688161,威高骨科,21.55,21.99,21.99,22.14,21.3,882842.0,19070000.0,86.2,86.2,33.02,2.1,0.22,37342600,50941600.0,2026-07-09,16:14:31
688162,巨一科技,22.8,22.9,22.75,23.18,22.15,1561761.0,35420000.0,31.26,31.26,41.56,1.31,1.14,70192700,85983400.0,2026-07-09,16:14:51
688163,赛伦生物,39.57,38.24,38.87,41.23,37.82,2821902.0,111210000.0,42.82,42.82,88.12,3.95,2.61,128629900,153560300.0,2026-07-09,16:14:46
688165,埃夫特-U,19.71,19.55,19.12,19.87,19.01,14175031.0,275630000.0,102.84,102.84,-23.4,8.51,2.72,698442300,719060800.0,2026-07-09,16:14:33
688166,博瑞医药,29.8,29.91,29.89,30.54,29.0,7528784.0,223040000.0,129.87,129.87,255.4,5.27,1.73,424143800,328734600.0,2026-07-09,16:14:35
688167,炬光科技,289.0,262.0,269.85,291.8,257.68,8245106.0,2260640000.0,376.1,376.1,-1913.26,16.82,6.34,464843100,359667500.0,2026-07-09,16:14:43
688168,安博通,59.86,62.9,60.89,63.37,58.0,5824126.0,350910000.0,64.68,64.68,-69.66,6.47,5.39,264339200,318073400.0,2026-07-09,16:14:42
688169,石头科技,97.05,96.19,95.5,97.37,95.02,5499516.0,529980000.0,251.61,251.61,17.73,1.76,2.12,328694700,221256900.0,2026-07-09,16:14:43
688170,德龙激光,69.78,65.57,66.2,69.98,65.02,5768571.0,389710000.0,72.12,72.12,429.65,5.85,5.58,308862300,267994800.0,2026-07-09,16:15:00
688171,纬德信息,38.8,38.6,39.0,39.0,36.6,1389605.0,52860000.0,32.5,32.5,255.75,3.93,1.66,77958200,61002300.0,2026-07-09,16:14:55
688172,燕东微,88.3,79.62,79.62,88.3,78.23,29406048.0,2456940000.0,1260.59,1058.5,-276.3,6.94,2.45,1720023700,1220581100.0,2026-07-09,16:14:35
688173,希荻微,18.96,18.48,18.49,19.03,17.98,16821518.0,312220000.0,78.7,77.97,-83.47,5.02,4.09,870816100,811335700.0,2026-07-09,16:14:38
688175,高凌信息,28.5,28.43,27.97,28.59,27.01,4122878.0,115250000.0,47.91,47.91,-189.24,2.79,2.45,228275600,184012200.0,2026-07-09,16:14:31
688176,亚虹医药-U,12.47,13.22,13.01,13.3,12.35,27477562.0,348650000.0,71.35,71.35,-16.03,4.84,4.8,1319906000,1427850200.0,2026-07-09,16:14:42
688177,百奥泰,17.8,17.62,17.72,18.41,17.37,3352995.0,59790000.0,73.71,73.71,-18.88,32.89,0.81,151079200,184220300.0,2026-07-09,16:14:45
688178,万德斯,34.48,31.71,31.61,35.2,31.5,2332463.0,78170000.0,29.31,29.31,-29.6,3.16,2.74,143042900,90203400.0,2026-07-09,16:14:58
688179,阿拉丁,28.31,25.42,25.22,28.98,25.22,29636076.0,807040000.0,102.48,102.48,95.81,10.23,8.19,1712931700,1250675900.0,2026-07-09,16:14:42
688180,君实生物-U,36.0,35.9,35.6,37.17,35.2,20671961.0,744250000.0,369.61,275.9,-55.93,6.27,2.7,1037330400,1029865700.0,2026-07-09,16:14:34
688181,八亿时空,55.79,50.46,51.31,55.86,51.2,11168555.0,599470000.0,75.03,75.03,91.75,3.63,8.3,611060000,505795500.0,2026-07-09,16:14:39
688182,灿勤科技,37.25,35.28,36.05,37.38,34.0,8090312.0,289670000.0,149.0,149.0,150.0,6.67,2.02,420988700,388042500.0,2026-07-09,16:14:57
688183,生益电子,126.2,118.0,121.0,127.61,118.89,18863477.0,2320280000.0,1057.04,1057.04,61.54,18.75,2.25,1091425800,794921900.0,2026-07-09,16:14:48
688184,ST帕瓦,11.38,11.29,11.26,11.55,10.9,1146651.0,12760000.0,17.84,11.17,-2.87,1.71,1.17,52657400,62007700.0,2026-07-09,16:14:46
688185,康希诺,49.13,49.12,49.0,50.25,47.9,1597407.0,78000000.0,121.37,56.19,-12063.25,2.46,1.4,83220300,76520400.0,2026-07-09,16:14:52
688186,广大特材,14.36,14.31,14.35,14.4,13.48,6234361.0,86530000.0,40.28,40.28,29.42,0.85,2.22,306650800,316785300.0,2026-07-09,16:14:49
688187,时代电气,54.79,53.17,53.17,54.82,51.91,15553746.0,830180000.0,738.41,476.07,17.97,1.71,1.79,760466900,794907700.0,2026-07-09,16:14:32
688188,柏楚电子,102.27,101.65,102.3,102.98,97.02,5223207.0,521090000.0,414.76,414.76,35.34,7.08,1.29,261758500,260562200.0,2026-07-09,16:14:38
688189,ST南新,6.3,6.24,6.26,6.7,6.16,7987371.0,51450000.0,17.19,17.19,-12.09,2.27,2.93,377798200,420938900.0,2026-07-09,16:14:43
688190,云路股份,77.43,76.21,76.5,78.27,72.51,2090235.0,157190000.0,92.92,92.92,33.5,3.55,1.74,105657300,103366200.0,2026-07-09,16:14:54
688191,智洋创新,27.45,27.89,28.1,28.1,25.61,10082767.0,270570000.0,90.04,90.04,144.75,10.33,3.07,577634900,430641800.0,2026-07-09,16:14:38
688192,迪哲医药-U,46.28,45.18,44.73,48.2,43.8,7384001.0,341260000.0,215.28,213.45,-32.27,17.37,1.6,351466500,386933600.0,2026-07-09,16:14:36
688193,仁度生物,48.21,49.42,49.34,49.56,47.31,344039.0,16630000.0,19.32,19.32,139.36,2.2,0.86,14765100,19638800.0,2026-07-09,16:14:42
688195,腾景科技,162.7,155.18,158.1,163.36,151.03,6303454.0,991600000.0,294.63,294.63,409.12,29.56,3.48,321742000,308603400.0,2026-07-09,16:14:45
688196,卓越新能,33.72,33.96,34.5,34.5,33.01,1455444.0,48920000.0,42.89,42.89,34.76,1.36,1.14,72635100,72909300.0,2026-07-09,16:14:31
688197,首药控股-U,37.77,38.02,37.44,39.29,35.0,4153809.0,155290000.0,56.17,24.17,-60.29,8.45,6.49,216742600,198638300.0,2026-07-09,16:14:42
688198,佰仁医疗,85.36,87.24,86.6,88.2,83.83,647714.0,55250000.0,117.58,117.58,58.08,9.34,0.47,30522600,34248800.0,2026-07-09,16:14:58
688199,久日新材,30.13,28.79,28.79,30.23,28.19,6197360.0,180400000.0,48.58,48.58,100.51,1.88,3.84,337949200,281786800.0,2026-07-09,16:14:52
688200,华峰测控,543.0,498.76,510.0,544.77,490.03,6194345.0,3192600000.0,1089.12,1089.12,191.62,27.03,3.09,349404500,270030000.0,2026-07-09,16:14:57
688201,ST信安,7.18,7.14,7.14,7.26,7.02,2494842.0,17760000.0,22.77,22.77,73.24,1.76,0.79,110617300,138866900.0,2026-07-09,16:14:59
688202,美迪西,77.15,75.65,75.15,79.5,74.0,5959662.0,456860000.0,103.65,103.65,-75.29,5.29,4.44,279714900,316251300.0,2026-07-09,16:14:46
688203,海正生材,9.61,9.65,9.65,9.72,9.34,2054044.0,19610000.0,19.48,19.48,182.41,1.32,1.01,89249700,116154700.0,2026-07-09,16:14:52
688205,德科立,178.92,168.02,171.24,179.45,163.2,7479925.0,1279780000.0,284.91,284.91,371.67,12.08,4.7,436890200,311102300.0,2026-07-09,16:14:39
688206,概伦电子,53.0,47.2,47.98,53.22,46.5,25032101.0,1273050000.0,231.39,231.39,1131.61,11.47,5.73,1392002500,1111207600.0,2026-07-09,16:14:43
688207,格灵深瞳,23.06,19.52,19.3,23.41,19.12,34788239.0,746430000.0,59.72,59.72,-32.71,3.27,13.43,1885598000,1593225900.0,2026-07-09,16:14:32
688208,道通科技,24.95,24.68,24.64,24.98,24.11,8978741.0,220660000.0,167.21,167.21,17.96,4.75,1.34,470026000,427848100.0,2026-07-09,16:14:55
688209,英集芯,28.79,27.45,28.0,29.2,27.61,20959432.0,595030000.0,124.89,124.89,61.38,5.65,4.83,1033500700,1062442500.0,2026-07-09,16:14:56
688210,统联精密,35.87,35.19,35.19,35.96,33.67,2908220.0,101250000.0,58.35,58.35,-213.02,4.56,1.79,141820300,149001700.0,2026-07-09,16:14:33
688211,中科微至,35.11,34.0,34.0,35.35,32.78,1668362.0,56930000.0,46.03,46.03,-72.26,1.32,1.27,82263400,84572800.0,2026-07-09,16:14:34
688212,澳华内镜,26.88,27.15,26.91,27.48,26.51,2509086.0,67330000.0,36.2,36.2,228.95,2.81,1.86,117396400,133512200.0,2026-07-09,16:14:48
688213,思特威-W,105.88,104.6,104.0,106.06,99.36,18837859.0,1941800000.0,425.96,342.53,40.7,8.34,5.82,901716800,982069100.0,2026-07-09,16:14:48
688215,瑞晟智能,38.48,37.45,38.32,38.5,36.62,1195853.0,45000000.0,34.77,34.77,82.64,7.22,1.32,56014400,63570900.0,2026-07-09,16:14:52
688216,气派科技,39.54,36.08,36.5,39.98,35.52,10881281.0,412880000.0,45.24,42.01,-96.38,6.18,10.24,568445200,519682900.0,2026-07-09,16:14:55
688217,睿昂基因,21.32,21.6,21.02,22.07,20.85,824153.0,17520000.0,11.91,11.91,-20.28,1.42,1.48,41829900,40585400.0,2026-07-09,16:14:40
688218,江苏北人,47.47,46.2,46.2,47.5,44.3,3248876.0,149490000.0,55.29,55.29,-95.26,6.48,2.79,175687100,149200500.0,2026-07-09,16:14:36
688219,会通股份,11.34,11.54,11.54,11.61,10.82,17960624.0,200960000.0,62.32,62.32,31.12,2.1,3.27,794193300,1001869100.0,2026-07-09,16:14:34
688220,翱捷科技-U,125.68,115.75,118.0,126.5,113.33,19592511.0,2365300000.0,525.72,525.72,-177.57,9.66,4.68,1036973100,922278000.0,2026-07-09,16:14:39
688221,前沿生物-U,25.6,25.1,24.44,26.48,24.3,21726848.0,550660000.0,95.89,95.89,2769.66,8.65,5.8,1081838400,1090846400.0,2026-07-09,16:14:31
688222,成都先导,33.45,30.66,30.73,34.34,30.12,27229569.0,899080000.0,134.03,134.03,109.21,9.02,6.8,1523887700,1199069200.0,2026-07-09,16:14:50
688223,晶科能源,4.29,4.2,4.19,4.31,4.12,108692187.0,458550000.0,440.56,440.56,-6.44,1.77,1.06,5790261400,5078957300.0,2026-07-09,16:14:55
688225,亚信安全,12.82,12.85,12.81,12.98,12.4,6193462.0,78890000.0,51.28,51.28,-12.67,3.3,1.55,286860300,332485900.0,2026-07-09,16:14:52
688226,威腾电气,37.61,36.08,36.58,37.65,35.35,6123001.0,224340000.0,73.75,71.0,306.0,3.68,3.24,332489700,279810400.0,2026-07-09,16:14:31
688227,品高股份,94.36,96.39,97.34,97.34,85.73,6704256.0,612980000.0,106.68,106.68,-204.04,8.56,5.93,332164600,338261000.0,2026-07-09,16:14:51
688228,开普云,73.72,72.74,71.93,73.9,70.73,1282649.0,93030000.0,49.8,49.8,-246.96,3.99,1.9,63973200,64291700.0,2026-07-09,16:14:37
688229,博睿数据,78.98,76.35,76.6,79.1,74.77,1137684.0,87930000.0,35.07,35.07,-35.33,9.59,2.56,57310000,56458400.0,2026-07-09,16:14:42
688230,芯导科技,75.18,72.99,72.27,75.62,70.23,3037558.0,221870000.0,88.41,88.41,78.91,3.93,2.58,163127800,140628000.0,2026-07-09,16:14:35
688231,隆达股份,37.8,38.09,38.08,39.25,36.35,6693945.0,251640000.0,120.8,120.8,129.8,4.33,2.09,287535700,381858800.0,2026-07-09,16:15:00
688232,新点软件,17.96,18.29,18.25,18.34,17.82,2489367.0,44930000.0,57.83,57.83,110.07,1.08,0.77,116277000,132659700.0,2026-07-09,16:14:43
688233,神工股份,196.9,174.8,183.5,198.0,180.5,14847297.0,2836890000.0,335.33,335.33,339.02,17.8,8.72,799589600,685140100.0,2026-07-09,16:14:56
688234,天岳先进,156.67,145.45,150.9,156.78,146.77,14836936.0,2246080000.0,759.25,673.23,-273.76,10.67,3.45,837644600,646049000.0,2026-07-09,16:14:40
688235,百济神州,260.78,256.62,256.0,264.88,250.01,5443398.0,1405980000.0,4019.71,300.04,127.09,12.17,4.73,279623100,264716700.0,2026-07-09,16:14:57
688236,春立医疗,14.76,15.15,15.1,15.14,14.5,2354479.0,34650000.0,56.61,42.57,20.5,1.89,0.82,98991600,136456300.0,2026-07-09,16:14:46
688237,超卓航科,52.42,52.42,52.12,53.39,50.88,3160019.0,164680000.0,47.01,47.01,329.72,3.97,3.52,130568800,185433100.0,2026-07-09,16:14:43
688238,和元生物,5.75,5.8,5.76,6.03,5.58,18583997.0,107050000.0,37.32,36.87,-16.32,2.75,2.9,870334300,988065400.0,2026-07-09,16:14:53
688239,航宇科技,52.68,51.64,51.55,52.87,49.51,4908192.0,251880000.0,100.57,100.57,50.41,4.91,2.57,239381400,251437800.0,2026-07-09,16:14:39
688244,永信至诚,14.36,14.72,14.55,14.72,13.96,3039878.0,43580000.0,21.68,21.68,-44.71,2.29,2.01,139140400,164847400.0,2026-07-09,16:14:57
688246,嘉和美康,19.04,19.2,19.01,19.38,18.37,3658766.0,69030000.0,26.2,26.2,-10.59,2.03,2.66,186448900,179427700.0,2026-07-09,16:14:40
688247,宣泰医药,8.47,8.6,8.51,8.83,8.12,7704025.0,65680000.0,38.4,38.4,88.16,2.94,1.7,394108900,376293600.0,2026-07-09,16:14:46
688248,南网科技,61.0,59.5,60.01,61.18,57.8,3554662.0,211820000.0,344.47,344.47,83.36,10.41,0.63,195126600,160339600.0,2026-07-09,16:14:34
688249,晶合集成,65.21,58.51,61.75,65.31,58.43,72184376.0,4501210000.0,1309.15,789.29,211.36,5.97,5.96,3960926900,3257510700.0,2026-07-09,16:14:39
688251,井松智能,22.95,22.73,22.45,22.95,22.05,1308397.0,29420000.0,23.09,22.93,155.47,2.75,1.31,64096400,66743300.0,2026-07-09,16:14:38
688252,天德钰,23.39,22.83,23.0,23.4,22.35,8925234.0,204840000.0,95.67,95.67,45.78,3.89,2.18,450496500,442026900.0,2026-07-09,16:14:37
688253,英诺特,55.05,54.21,53.8,56.1,53.05,1345206.0,73240000.0,75.41,75.41,83.96,3.71,0.98,71391800,63128800.0,2026-07-09,16:14:45
688255,凯尔达,25.84,26.18,26.47,26.47,24.64,4152289.0,105990000.0,28.39,28.39,88.1,2.7,3.78,184453600,230775300.0,2026-07-09,16:14:58
688256,寒武纪,1535.01,1413.55,1442.7,1548.0,1393.0,16544902.0,24579250000.0,9644.36,9644.36,354.97,78.8,2.63,913634300,740855900.0,2026-07-09,16:14:34
688257,新锐股份,85.27,82.06,83.7,85.58,78.87,18542417.0,1533980000.0,302.93,302.93,61.54,11.55,5.22,900573400,953668300.0,2026-07-09,16:14:54
688258,卓易信息,137.99,123.48,121.2,138.8,121.1,9290016.0,1218620000.0,167.16,167.16,138.83,17.67,7.67,579102100,349899500.0,2026-07-09,16:14:33
688259,创耀科技,38.49,37.62,37.25,38.55,36.5,3359681.0,126120000.0,42.99,42.99,55.42,2.73,3.01,157425800,178542300.0,2026-07-09,16:14:31
688260,昀冢科技,100.26,95.25,97.78,100.58,91.0,4710115.0,458470000.0,120.31,120.31,-63.07,74.5,3.93,241380700,229630800.0,2026-07-09,16:14:57
688261,东微半导,96.1,92.18,93.65,96.2,88.83,12045575.0,1116070000.0,117.79,117.33,267.94,4.01,9.87,598752400,605805100.0,2026-07-09,16:14:44
688262,国芯科技,46.61,42.09,41.99,46.79,40.89,36847346.0,1617240000.0,156.61,156.61,-58.43,8.13,10.97,2129885000,1554849600.0,2026-07-09,16:14:54
688265,南模生物,34.97,34.39,33.7,35.67,33.7,913901.0,31710000.0,27.26,27.26,82.4,1.59,1.17,39929700,51460400.0,2026-07-09,16:14:46
688266,泽璟制药-U,136.86,129.99,125.87,138.0,124.98,10882284.0,1451200000.0,362.28,362.28,72.76,21.15,4.11,552983700,535244700.0,2026-07-09,16:14:42
688267,中触媒,18.41,18.58,18.58,18.78,18.03,2133121.0,38970000.0,42.0,42.0,21.45,1.49,0.94,93336100,119976000.0,2026-07-09,16:14:32
688268,XD华特气,229.21,214.52,220.0,229.98,207.53,7384179.0,1620020000.0,292.66,292.66,234.44,16.16,5.78,382068600,356349300.0,2026-07-09,16:14:47
688269,凯立新材,30.79,30.54,30.55,31.15,29.83,1427548.0,43540000.0,40.24,40.24,29.7,3.79,1.09,55246700,87508100.0,2026-07-09,16:14:43
688270,ST臻镭,92.05,85.0,85.06,92.08,82.69,12929587.0,1128120000.0,275.7,275.7,183.68,12.01,4.32,690756400,602202300.0,2026-07-09,16:14:44
688271,联影医疗,108.14,104.97,104.84,108.72,103.45,7564736.0,803870000.0,891.24,891.24,46.95,4.06,0.92,459104000,297369600.0,2026-07-09,16:14:58
688272,富吉瑞,35.02,35.99,32.51,37.33,32.51,3491486.0,119630000.0,26.62,26.62,-31.27,6.68,4.59,173121000,176027600.0,2026-07-09,16:14:51
688273,麦澜德,36.3,37.08,37.5,38.28,35.38,1366559.0,49660000.0,36.3,36.3,42.36,2.75,1.37,64609700,72046200.0,2026-07-09,16:14:34
688275,万润新能,103.0,106.51,107.7,108.35,99.36,8082117.0,828750000.0,129.9,129.9,131.93,2.36,6.41,464960000,343251700.0,2026-07-09,16:14:53
688276,百克生物,14.12,14.26,14.3,14.56,13.91,1790029.0,25420000.0,58.41,58.41,-21.87,1.52,0.43,82770400,96232500.0,2026-07-09,16:14:58
688277,天智航-U,17.21,16.63,16.66,17.28,16.2,6018907.0,100830000.0,80.28,80.28,-37.17,6.67,1.29,335611600,266279100.0,2026-07-09,16:14:32
688278,特宝生物,54.88,54.6,54.83,55.79,53.51,2081004.0,113450000.0,224.01,224.01,22.1,6.63,0.51,98238100,109862300.0,2026-07-09,16:14:46
688279,峰岹科技,234.32,230.0,229.5,235.0,223.23,2081249.0,477810000.0,269.74,219.23,105.04,5.28,2.22,106888100,101236800.0,2026-07-09,16:14:59
688280,精进电动-W,4.95,5.0,4.98,5.02,4.8,12948539.0,63520000.0,29.22,25.77,278.27,4.53,2.49,614097400,680756500.0,2026-07-09,16:14:42
688281,华秦科技,49.4,47.68,47.8,49.64,46.51,4017260.0,192850000.0,188.51,188.51,58.25,3.98,1.05,202063100,199662900.0,2026-07-09,16:14:56
688282,理工导航,61.24,62.0,63.55,63.55,59.11,1516852.0,92390000.0,54.52,54.52,-431.79,4.2,1.7,75783400,75901800.0,2026-07-09,16:14:35
688283,坤恒顺维,31.21,30.57,30.57,31.29,29.48,1235595.0,37380000.0,38.01,38.01,73.24,3.96,1.01,73269500,50290000.0,2026-07-09,16:14:34
688285,高铁电气,7.06,7.05,7.03,7.12,6.8,2272616.0,15860000.0,26.57,26.57,45.15,1.56,0.6,97895900,129365700.0,2026-07-09,16:14:53
688286,敏芯股份,69.91,68.47,68.99,70.8,66.5,4831111.0,331810000.0,54.75,54.75,240.34,5.23,6.17,216233500,266877600.0,2026-07-09,16:14:39
688287,退市观典,0.37,0.37,0.0,0.0,0.0,0.0,0.0,1.37,1.37,-0.62,0.23,0.0,0,0.0,2026-07-09,09:00:00
688288,鸿泉技术,17.04,17.39,17.42,17.45,16.71,1529697.0,26080000.0,17.01,17.01,722.48,2.3,1.53,83586900,69382800.0,2026-07-09,16:14:57
688289,圣湘生物,14.67,14.6,14.54,14.81,14.4,4491032.0,65750000.0,85.0,85.0,54.16,1.21,0.78,230962800,218140400.0,2026-07-09,16:14:40
688290,景业智能,62.44,60.12,60.12,62.5,58.33,1119711.0,67720000.0,63.81,63.81,-221.16,4.76,1.1,54283900,57687200.0,2026-07-09,16:14:56
688291,金橙子,48.6,48.05,48.63,49.0,45.37,3398857.0,160610000.0,49.9,49.9,64.05,4.97,3.31,170951200,168934500.0,2026-07-09,16:14:50
688292,浩瀚深度,17.95,18.06,17.88,18.12,17.25,3229803.0,57070000.0,28.42,28.42,-120.98,2.95,2.04,146877000,176103300.0,2026-07-09,16:14:55
688293,奥浦迈,43.3,41.0,40.86,43.77,40.47,2359874.0,100150000.0,61.56,49.28,92.91,1.99,2.07,133287100,102700300.0,2026-07-09,16:14:47
688295,中复神鹰,47.59,46.28,46.58,47.59,44.88,8867083.0,409800000.0,428.31,428.31,249.21,9.07,0.99,459502800,427205500.0,2026-07-09,16:14:47
688296,和达科技,12.55,11.72,11.59,12.61,11.32,5185984.0,62090000.0,13.54,13.48,-19.89,2.37,4.83,287361400,231237000.0,2026-07-09,16:14:34
688297,中无人机,41.81,41.08,41.3,42.07,40.36,5947060.0,244660000.0,282.22,282.22,318.55,5.05,0.88,347040900,247665100.0,2026-07-09,16:14:40
688298,东方生物,18.76,18.8,18.69,19.14,18.51,1226415.0,22960000.0,37.82,37.82,-6.85,0.64,0.61,54151100,68490400.0,2026-07-09,16:14:37
688299,长阳科技,14.2,13.92,13.96,14.31,13.44,10015081.0,139150000.0,40.81,40.81,-27.84,2.08,3.48,502099500,499408600.0,2026-07-09,16:14:47
688300,联瑞新材,196.16,182.06,188.0,196.99,183.08,9484345.0,1810270000.0,473.67,473.67,157.24,28.6,3.93,499467000,448967500.0,2026-07-09,16:14:58
688301,奕瑞科技,114.96,116.5,117.5,118.0,110.0,11807459.0,1337830000.0,360.3,360.3,52.55,4.92,3.77,591528300,589217600.0,2026-07-09,16:14:49
688302,海创药业-U,37.8,37.45,37.01,38.7,36.59,1469333.0,55290000.0,37.43,37.43,-27.72,3.62,1.48,75161700,71771600.0,2026-07-09,16:14:51
688303,大全能源,16.2,16.06,16.07,16.28,15.67,13597401.0,217580000.0,347.52,347.52,-25.33,0.91,0.63,754121900,605618200.0,2026-07-09,16:14:38
688305,科德数控,65.76,66.02,66.94,67.25,63.18,5694789.0,368810000.0,87.4,86.94,97.06,4.62,4.31,268590800,300888100.0,2026-07-09,16:14:41
688306,均普智能,9.81,9.11,9.16,9.81,9.06,20742157.0,195080000.0,120.49,120.49,1490.99,6.93,1.69,1156356500,917859200.0,2026-07-09,16:14:44
688307,中润光学,70.85,64.45,67.0,71.5,65.0,8526082.0,585460000.0,88.05,88.05,130.16,9.98,6.86,497658600,354949600.0,2026-07-09,16:14:43
688308,欧科亿,144.62,137.76,140.31,145.31,135.02,9345981.0,1317250000.0,229.63,229.63,76.58,8.11,5.89,523489200,411108900.0,2026-07-09,16:14:46
688309,恒誉环保,65.4,62.08,61.86,65.56,60.0,1592334.0,99880000.0,51.93,51.93,76.73,6.49,2.01,81082700,78150700.0,2026-07-09,16:14:53
688310,迈得医疗,16.23,16.13,16.14,16.48,15.32,3794247.0,60940000.0,26.67,26.67,47.03,3.43,2.31,177511900,201912800.0,2026-07-09,16:15:00
688311,盟升电子,30.54,28.36,28.38,30.74,28.12,11771034.0,346330000.0,53.48,53.48,-321.65,2.96,6.72,596122500,580980900.0,2026-07-09,16:14:40
688312,燕麦科技,66.2,63.95,64.92,66.8,60.4,6058774.0,385690000.0,97.13,97.13,71.21,6.62,4.13,329009500,276867900.0,2026-07-09,16:14:56
688313,仕佳光子,154.56,141.91,144.9,156.36,136.5,26895411.0,3926060000.0,698.59,698.59,176.76,45.87,5.95,1370088900,1319452200.0,2026-07-09,16:14:42
688314,康拓医疗,31.58,32.05,32.35,32.44,31.14,785661.0,24820000.0,25.66,25.66,29.22,3.62,0.97,36821100,41745000.0,2026-07-09,16:14:37
688315,诺禾致源,12.71,12.67,12.66,13.04,12.4,3361538.0,42600000.0,52.9,52.9,32.55,1.99,0.81,174015500,162138300.0,2026-07-09,16:14:57
688316,青云科技-U,52.66,50.78,50.9,52.96,49.78,3372009.0,174720000.0,25.22,25.22,-43.88,47.46,7.04,175288400,161912500.0,2026-07-09,16:14:44
688317,之江生物,15.22,15.34,15.36,15.64,15.01,1711860.0,26100000.0,28.89,28.89,-65.98,0.88,0.9,76516800,94669200.0,2026-07-09,16:14:45
688318,财富趋势,74.0,71.31,71.34,74.78,70.84,7023732.0,514610000.0,265.34,265.34,87.44,7.03,1.96,379453600,322919600.0,2026-07-09,16:14:36
688319,欧林生物,39.79,39.36,40.95,41.33,38.07,11649676.0,458630000.0,161.31,161.31,285.39,17.39,2.87,489671800,675295800.0,2026-07-09,16:15:00
688320,禾川科技,35.67,36.86,36.5,37.12,33.87,8735866.0,309010000.0,53.87,53.87,-49.54,4.44,5.78,466473900,407112700.0,2026-07-09,16:14:54
688321,微芯生物,27.08,26.38,26.47,27.9,26.13,9975657.0,269270000.0,119.95,110.43,121.92,4.93,2.45,530388000,467177700.0,2026-07-09,16:14:35
688322,奥比中光-W,119.77,113.83,114.72,120.67,112.08,15169893.0,1759560000.0,492.55,381.68,365.96,12.41,4.76,785640500,731348800.0,2026-07-09,16:14:33
688323,瑞华泰,38.03,37.13,37.59,38.69,35.35,14972532.0,555580000.0,76.21,76.21,-78.93,6.71,7.47,700337600,796915600.0,2026-07-09,16:14:38
688325,赛微微电,127.12,118.6,118.88,127.78,115.72,2386421.0,290820000.0,109.5,105.93,117.81,6.57,2.86,121490800,117151300.0,2026-07-09,16:15:00
688326,经纬恒润-W,67.95,67.38,66.88,67.95,64.66,1618418.0,107540000.0,81.5,75.85,190.73,2.08,1.45,76419700,85422100.0,2026-07-09,16:14:31
688327,云从科技-UW,11.66,11.54,11.56,11.74,11.36,21803769.0,251850000.0,121.26,97.35,-27.27,15.92,2.61,1156363500,1024013400.0,2026-07-09,16:14:42
688328,深科达,102.02,85.02,88.05,102.02,85.52,12093847.0,1142190000.0,96.36,96.36,259.17,11.46,12.8,619627300,589757400.0,2026-07-09,16:14:52
688329,艾隆科技,20.25,20.27,20.43,20.7,19.56,1476226.0,29490000.0,15.63,15.63,162.57,2.12,1.91,75177300,72445300.0,2026-07-09,16:14:42
688330,宏力达,32.72,32.56,32.31,32.88,31.36,1193928.0,38270000.0,45.81,45.81,7.26,1.06,0.85,60437900,58954900.0,2026-07-09,16:14:37
688331,荣昌生物,132.01,126.5,125.5,132.87,123.8,11193472.0,1452880000.0,745.17,469.82,57.68,18.97,3.15,595332500,524014700.0,2026-07-09,16:14:59
688332,中科蓝讯,148.32,138.51,141.68,148.6,137.23,4611539.0,659760000.0,264.73,264.73,19.4,5.25,2.58,241670400,219483500.0,2026-07-09,16:14:46
688333,铂力特,108.01,90.01,91.47,108.01,90.3,17978128.0,1797880000.0,296.3,296.3,125.8,5.95,6.55,920149700,877663100.0,2026-07-09,16:14:48
688334,西高院,17.84,17.93,17.86,17.94,17.45,2041201.0,36120000.0,56.48,55.69,22.4,1.94,0.65,85081100,119039000.0,2026-07-09,16:14:37
688335,复洁科技,21.13,21.39,21.28,21.53,20.3,2968854.0,62230000.0,31.28,31.28,-841.89,2.84,2.01,161141900,135743500.0,2026-07-09,16:14:55
688336,三生国健,51.08,50.1,49.83,52.1,48.53,17071218.0,865600000.0,457.79,456.83,15.39,5.49,1.91,855738600,851383200.0,2026-07-09,16:14:56
688337,普源精电,55.57,57.2,58.71,59.2,52.11,10741741.0,586760000.0,107.74,103.31,102.17,3.47,5.78,562469700,511704400.0,2026-07-09,16:14:35
688338,赛科希德,27.4,27.5,27.41,28.32,26.91,1001709.0,27560000.0,29.08,29.08,33.9,1.73,0.94,49072800,51098100.0,2026-07-09,16:14:45
688339,亿华通-U,18.76,19.03,18.92,19.22,18.23,4404495.0,82390000.0,45.12,36.73,-7.17,2.34,2.25,226450900,213998600.0,2026-07-09,16:14:49
688343,云天励飞-U,88.88,86.06,85.98,89.38,83.89,24566850.0,2135670000.0,319.62,319.62,-67.92,8.59,6.83,1294145200,1162539800.0,2026-07-09,16:14:51
688345,博力威,53.08,53.33,52.66,53.89,50.32,2420020.0,126630000.0,54.17,53.82,76.08,4.61,2.39,116709200,125292800.0,2026-07-09,16:14:39
688347,华虹宏力,400.5,358.4,365.0,401.0,348.3,30575223.0,11574910000.0,6959.59,1633.04,1410.51,15.38,7.5,1773219600,1284302700.0,2026-07-09,16:14:39
688348,昱能科技,31.41,31.8,31.84,31.98,30.53,2279157.0,71080000.0,49.09,49.09,-21.83,1.47,1.46,122419700,105496000.0,2026-07-09,16:14:51
688349,三一重能,14.04,13.92,13.87,14.1,13.56,9542192.0,131760000.0,223.7,219.89,20.66,1.61,0.61,515674800,438544400.0,2026-07-09,16:14:36
688350,富淼科技,29.19,28.7,29.11,29.45,28.1,1980988.0,57090000.0,41.81,41.81,144.88,2.26,1.38,90641300,107457500.0,2026-07-09,16:14:41
688351,微电生理,21.59,21.04,21.15,21.74,20.9,4433201.0,94610000.0,101.6,101.6,163.09,5.65,0.94,216578300,226741800.0,2026-07-09,16:14:42
688352,颀中科技,23.49,20.3,20.9,23.8,20.5,48350293.0,1060990000.0,279.31,85.95,-492.19,4.84,13.21,2590978200,2244051100.0,2026-07-09,16:14:35
688353,华盛锂电,98.38,98.0,97.05,99.17,93.03,6557112.0,631440000.0,156.92,156.92,102.32,4.45,4.11,343881900,311829300.0,2026-07-09,16:14:36
688355,明志科技,19.84,19.54,20.17,20.28,19.01,3953937.0,78060000.0,24.59,24.59,35.18,2.35,3.19,185245900,210147800.0,2026-07-09,16:14:47
688356,键凯科技,74.29,74.62,74.3,76.98,72.07,1210271.0,89660000.0,45.06,45.06,62.38,3.41,2.0,60968000,60059100.0,2026-07-09,16:14:33
688357,建龙微纳,25.15,25.17,25.04,25.4,24.38,1214164.0,30120000.0,25.17,25.17,28.1,1.46,1.21,55902300,65514100.0,2026-07-09,16:14:42
688358,祥生医疗,32.41,32.66,32.64,33.24,31.21,2025436.0,65130000.0,36.34,36.29,30.05,2.68,1.81,106643500,95900100.0,2026-07-09,16:15:00
688359,三孚新科,193.87,185.9,192.37,195.0,182.0,3787996.0,716730000.0,193.25,193.25,-401.33,27.49,3.8,180116600,198683000.0,2026-07-09,16:14:35
688360,德马科技,16.34,16.73,16.82,16.88,15.76,7649781.0,124330000.0,43.1,43.1,42.85,2.95,2.9,356970100,408008000.0,2026-07-09,16:14:32
688361,中科飞测,446.5,408.0,412.3,448.84,403.0,13954558.0,5875570000.0,1563.48,1563.48,27667.27,30.82,3.99,759906700,635549100.0,2026-07-09,16:14:57
688362,甬矽电子,114.8,98.0,99.3,117.0,98.32,51824184.0,5508120000.0,520.07,520.07,621.1,19.79,11.44,2984091300,2198327100.0,2026-07-09,16:14:42
688363,华熙生物,34.95,34.98,34.84,35.37,34.46,2334935.0,81280000.0,168.35,168.35,66.06,2.36,0.48,118708800,114784700.0,2026-07-09,16:14:57
688365,光云科技,15.24,14.78,14.58,15.42,14.38,12808321.0,192530000.0,64.9,64.9,-912.79,6.8,3.01,673289200,607542900.0,2026-07-09,16:14:35
688366,昊海生科,30.59,32.03,31.54,31.66,30.32,1439377.0,44240000.0,70.0,59.36,29.88,1.32,0.74,53571700,90366000.0,2026-07-09,16:14:56
688367,工大高科,30.29,29.15,29.48,30.92,28.98,1835829.0,55160000.0,26.54,26.54,326.86,4.53,2.1,82532300,101050600.0,2026-07-09,16:14:33
688368,晶丰明源,198.99,198.57,200.74,203.21,190.02,3457817.0,678310000.0,405.21,245.82,512.66,8.29,2.8,161686400,184095300.0,2026-07-09,16:14:54
688369,致远互联,18.94,18.12,18.5,19.09,17.94,3328079.0,61910000.0,21.82,21.82,-9.49,2.86,2.89,173245900,159562000.0,2026-07-09,16:14:42
688370,丛麟科技,21.43,21.33,21.46,21.46,20.93,456127.0,9690000.0,29.38,29.38,101.87,1.11,0.33,17407600,28205100.0,2026-07-09,16:14:33
688371,菲沃泰,42.01,35.01,36.5,42.01,34.1,15028966.0,582050000.0,140.93,140.93,5247.49,7.27,4.48,738830000,764066600.0,2026-07-09,16:14:46
688372,伟测科技,188.88,188.6,190.0,193.0,179.0,14300045.0,2660760000.0,317.49,317.49,91.2,7.76,8.51,714710700,715293800.0,2026-07-09,16:14:51
688373,盟科药业-U,5.0,4.96,4.93,5.13,4.83,16795042.0,83450000.0,32.81,32.81,-16.29,18.03,2.56,837127000,842377200.0,2026-07-09,16:14:31
688375,国博电子,104.01,93.33,94.52,104.68,92.8,5974297.0,585580000.0,619.92,619.92,137.5,9.98,1.0,356859700,240570000.0,2026-07-09,16:14:52
688376,美埃科技,98.7,93.0,95.52,99.5,92.5,5310417.0,513320000.0,133.49,133.49,120.41,6.89,3.93,250494400,280547300.0,2026-07-09,16:14:48
688377,迪威尔,22.72,23.0,23.21,23.21,22.23,2154422.0,48780000.0,53.07,53.07,45.97,2.83,0.92,111683500,103758700.0,2026-07-09,16:14:57
688378,奥来德,53.98,50.82,51.26,54.5,49.7,10942987.0,568990000.0,141.12,130.07,111.16,7.04,4.54,559803900,534494800.0,2026-07-09,16:14:46
688379,华光新材,68.81,66.56,67.01,69.34,64.5,3196763.0,213750000.0,65.35,61.99,50.39,4.66,3.55,153608700,166067600.0,2026-07-09,16:14:46
688380,中微半导,62.86,59.78,61.0,62.88,58.58,17305734.0,1060170000.0,251.67,251.67,83.61,8.1,4.32,899344100,831229300.0,2026-07-09,16:14:34
688381,帝奥微,44.9,42.82,43.82,44.97,42.1,9068446.0,396170000.0,111.13,111.13,-107.86,4.47,3.66,462981100,443863500.0,2026-07-09,16:14:31
688382,益方生物-U,21.54,20.61,20.43,22.8,19.85,25643509.0,547210000.0,124.84,124.84,-41.1,8.32,4.42,1298037800,1266313100.0,2026-07-09,16:14:58
688383,新益昌,160.2,149.49,150.54,160.99,147.0,2309374.0,356200000.0,162.84,162.84,-138.52,12.97,2.27,114068900,116868500.0,2026-07-09,16:15:00
688385,复旦微电,72.35,68.7,70.5,72.35,68.27,32997472.0,2322760000.0,595.96,390.25,243.78,9.56,6.12,1629920100,1669827100.0,2026-07-09,16:14:47
688386,泛亚微透,79.16,77.0,77.0,79.36,74.55,2429368.0,186590000.0,78.85,72.04,76.81,5.32,2.67,110957400,131979400.0,2026-07-09,16:14:52
688387,信科移动-U,20.62,18.07,18.19,20.79,18.07,87310579.0,1686910000.0,704.95,415.86,-292.01,12.01,4.33,5276510900,3454547000.0,2026-07-09,16:14:39
688388,嘉元科技,34.97,35.0,35.18,35.68,32.9,40435382.0,1387390000.0,230.77,230.77,150.75,2.86,6.13,2026930600,2016607600.0,2026-07-09,16:14:34
688389,普门科技,10.49,10.58,10.65,10.7,10.39,2050654.0,21500000.0,44.95,44.95,27.57,2.22,0.48,92652200,112413200.0,2026-07-09,16:14:37
688390,固德威,80.58,80.57,81.38,81.65,76.88,7403489.0,586620000.0,195.86,195.86,74.07,6.88,3.05,357388800,382960100.0,2026-07-09,16:14:33
688391,钜泉科技,34.99,33.78,34.07,35.1,32.75,3180519.0,108140000.0,40.45,40.45,106.93,2.2,2.75,170128700,147923200.0,2026-07-09,16:14:40
688392,骄成超声,241.8,223.77,226.05,242.88,218.57,5448829.0,1274390000.0,279.84,279.84,194.04,15.26,4.71,286118100,258764800.0,2026-07-09,16:14:35
688393,安必平,17.72,17.73,17.61,18.31,17.27,1567505.0,27650000.0,16.58,16.58,-43.87,1.41,1.68,82849100,73901400.0,2026-07-09,16:14:33
688395,正弦电气,20.76,20.91,20.93,21.2,20.09,1461914.0,30120000.0,17.98,17.98,41.91,2.31,1.69,82194700,63996700.0,2026-07-09,16:14:51
688396,华润微,92.7,85.0,86.81,92.85,85.3,34813272.0,3098020000.0,1231.25,1231.25,135.7,5.33,2.62,1822365100,1658962100.0,2026-07-09,16:14:53
688398,赛特新材,25.3,24.82,24.78,25.67,24.48,2101347.0,53120000.0,42.46,42.46,286.7,4.16,1.25,100628400,109506300.0,2026-07-09,16:14:40
688399,硕世生物,44.73,44.87,44.92,45.83,43.8,890151.0,39630000.0,37.52,37.52,-114.46,1.27,1.06,46110700,42904400.0,2026-07-09,16:14:55
688400,凌云光,56.05,54.3,54.8,56.3,52.88,15604228.0,854280000.0,268.61,258.38,77.6,4.71,3.39,794384800,766038000.0,2026-07-09,16:14:43
688401,路维光电,95.99,87.0,90.0,95.99,88.5,12038080.0,1112040000.0,185.6,185.6,68.47,11.63,6.23,681192600,522615400.0,2026-07-09,16:14:49
688403,汇成股份,39.65,34.65,36.96,39.74,35.93,92759530.0,3522730000.0,392.91,392.91,387.74,9.92,9.36,5327169300,3948783700.0,2026-07-09,16:14:39
688408,中信博,26.18,26.57,26.78,26.98,25.8,3999716.0,105170000.0,57.35,57.35,-33.98,1.41,1.83,187493800,212477800.0,2026-07-09,16:14:57
688409,富创精密,286.66,265.2,273.0,286.66,255.0,10689650.0,2880420000.0,877.78,877.78,1227.83,19.43,3.49,550176800,518788200.0,2026-07-09,16:14:50
688410,山外山,14.49,14.81,14.91,14.92,14.34,4147679.0,60430000.0,46.31,46.31,28.35,2.52,1.3,185476300,229291600.0,2026-07-09,16:14:56
688411,海博思创,249.01,244.0,246.1,249.5,239.0,3170558.0,779810000.0,454.33,330.12,42.82,9.61,2.39,153943600,163112200.0,2026-07-09,16:14:55
688416,恒烁股份,126.0,117.09,120.64,126.33,115.41,6814168.0,827610000.0,135.93,135.93,-554.23,10.18,6.32,363984500,317432300.0,2026-07-09,16:14:37
688418,震有科技,46.91,45.07,45.06,47.19,43.65,4059143.0,183960000.0,90.33,90.33,-79.74,11.06,2.11,195350000,210564300.0,2026-07-09,16:14:38
688419,耐科装备,75.2,69.72,69.88,75.91,68.96,7862130.0,570150000.0,86.14,86.14,119.89,8.56,6.86,371272900,414940100.0,2026-07-09,16:14:42
688420,美腾科技,20.35,20.48,20.58,20.71,20.03,534464.0,10880000.0,18.0,18.0,-393.62,1.26,0.6,27772400,25674000.0,2026-07-09,16:14:55
688425,铁建重工,4.07,4.06,4.05,4.09,4.02,18414039.0,74510000.0,217.07,217.07,15.51,1.15,0.35,784793300,1056610600.0,2026-07-09,16:14:38
688426,康为世纪,16.72,17.09,17.22,17.23,16.14,1470488.0,24490000.0,18.81,18.76,-18.8,1.41,1.31,76358800,70690000.0,2026-07-09,16:14:57
688428,诺诚健华,29.1,27.85,27.58,29.7,27.32,13368276.0,382820000.0,514.22,78.8,70.41,6.99,4.94,746271100,590556500.0,2026-07-09,16:14:31
688429,时创能源,9.47,9.46,9.47,9.55,9.21,2154259.0,20180000.0,37.88,37.88,-13.86,2.94,0.54,122427700,92998200.0,2026-07-09,16:14:51
688432,有研硅,53.77,44.81,45.93,53.77,44.82,84423456.0,4284800000.0,672.29,672.29,322.21,15.13,6.75,4608327200,3834018400.0,2026-07-09,16:14:55
688433,华曙高科,84.69,78.4,74.5,85.88,74.5,5572073.0,447740000.0,351.95,351.95,550.34,16.55,1.34,274636800,282570500.0,2026-07-09,16:14:36
688435,英方软件,29.91,29.82,29.81,30.39,28.9,1975364.0,58480000.0,24.97,16.76,-172.0,2.31,3.52,96913900,100622500.0,2026-07-09,16:14:47
688439,振华风光,46.78,44.82,45.28,46.86,44.65,3483183.0,160120000.0,93.56,93.56,68.53,1.88,1.74,211814000,136504300.0,2026-07-09,16:14:35
688443,智翔金泰-U,23.91,23.94,23.51,24.79,23.5,4226692.0,101060000.0,87.67,34.28,-15.54,6.11,2.95,209522500,213146700.0,2026-07-09,16:14:40
688448,磁谷科技,66.54,64.1,62.6,68.68,62.6,9381525.0,621520000.0,64.89,64.89,683.06,6.37,9.62,469469300,468683200.0,2026-07-09,16:15:00
688449,联芸科技,81.9,74.65,76.89,82.0,75.5,13024225.0,1028610000.0,376.74,240.13,214.28,19.78,4.44,754254900,548167600.0,2026-07-09,16:14:52
688450,光格科技,62.53,57.22,57.82,62.57,56.9,3322592.0,198490000.0,41.27,30.6,-71.7,4.41,6.79,171714100,160545100.0,2026-07-09,16:14:57
688455,科捷智能,16.43,16.51,16.31,16.6,15.73,1490898.0,24180000.0,27.61,27.61,91.93,3.0,0.89,75682000,73407800.0,2026-07-09,16:14:58
688456,有研粉材,112.41,109.98,111.78,113.6,104.23,6287377.0,689500000.0,116.52,116.52,129.64,9.23,6.07,314378600,314359100.0,2026-07-09,16:14:39
688458,美芯晟,39.89,39.08,39.35,40.04,37.77,3452596.0,134250000.0,44.49,37.39,-192.32,2.44,3.68,179096500,166163100.0,2026-07-09,16:14:32
688459,哈铁科技,8.09,8.15,8.18,8.18,8.01,619139.0,4990000.0,38.83,38.83,40.7,1.15,0.13,20800500,41113400.0,2026-07-09,16:14:54
688466,金科环境,12.5,12.65,12.73,12.75,12.2,1255998.0,15600000.0,15.27,15.27,53.49,1.37,1.03,60342600,65257200.0,2026-07-09,16:14:41
688468,科美诊断,5.91,5.99,5.93,6.05,5.81,2335678.0,13800000.0,23.71,23.71,61.84,1.67,0.58,101825200,131742600.0,2026-07-09,16:14:32
688469,芯联集成-U,10.18,9.32,9.38,10.22,9.2,363019377.0,3525410000.0,853.36,597.55,-170.34,6.58,6.18,20969133100,15332804600.0,2026-07-09,16:15:00
688472,阿特斯,9.94,9.79,9.81,9.97,9.59,39878798.0,391050000.0,362.13,362.13,24.34,1.53,1.09,1966801200,2021078600.0,2026-07-09,16:14:44
688475,萤石网络,27.97,27.34,27.17,28.0,26.98,5297937.0,145840000.0,220.26,220.26,36.04,3.89,0.67,273970700,255823000.0,2026-07-09,16:14:53
688478,晶升股份,72.69,67.7,69.9,73.24,68.08,6060840.0,428790000.0,100.58,100.58,-225.73,6.71,4.38,322045000,284039000.0,2026-07-09,16:14:57
688479,友车科技,36.71,36.91,36.5,37.46,35.64,2009345.0,73540000.0,73.91,31.76,154.7,4.0,2.32,79407600,121526900.0,2026-07-09,16:14:32
688480,赛恩斯,76.98,77.0,78.89,78.89,72.4,2099137.0,157910000.0,73.38,73.38,60.87,6.29,2.2,102694500,107219200.0,2026-07-09,16:14:44
688484,南芯科技,47.36,46.6,46.6,47.78,45.3,15909160.0,740160000.0,202.54,202.54,113.5,4.98,3.72,779178000,811738000.0,2026-07-09,16:14:51
688485,九州一轨,52.36,50.51,51.52,52.68,48.5,5629639.0,286050000.0,78.69,46.47,-615.78,6.29,6.34,285434900,277529000.0,2026-07-09,16:14:52
688486,龙迅股份,61.32,60.89,62.01,62.33,58.73,6431810.0,388300000.0,114.59,114.58,63.14,7.77,3.44,314823500,328357500.0,2026-07-09,16:14:56
688488,艾迪药业,14.01,14.18,13.92,14.5,13.77,7565186.0,106060000.0,58.95,58.95,-214.31,6.05,1.8,345502300,411016300.0,2026-07-09,16:14:45
688489,三未信安,24.04,23.85,23.32,24.17,23.02,2524117.0,59690000.0,40.77,40.45,-126.41,2.25,1.5,139246900,113164800.0,2026-07-09,16:14:58
688496,*ST清越,0.9,0.86,0.88,0.95,0.88,7090488.0,6430000.0,4.05,2.14,-3.51,0.45,2.98,327793200,381255600.0,2026-07-09,16:14:53
688498,源杰科技,1746.01,1617.0,1662.0,1750.0,1615.0,5024338.0,8455210000.0,2173.79,2145.71,610.54,88.19,4.09,291402900,211030900.0,2026-07-09,16:14:41
688499,利元亨,41.61,41.17,41.17,42.44,39.39,5650342.0,231290000.0,70.21,70.21,121.97,3.0,3.35,284769400,280264800.0,2026-07-09,16:14:58
688500,慧辰股份,40.04,38.26,39.0,40.29,37.7,2289671.0,89570000.0,30.42,30.0,-61.2,4.12,3.06,120055600,108911500.0,2026-07-09,16:14:40
688501,青达环保,17.78,18.02,18.0,18.14,17.19,2620722.0,46300000.0,22.09,22.09,16.42,1.92,2.11,129031900,133040300.0,2026-07-09,16:14:34
688502,茂莱光学,600.21,533.0,545.34,605.2,545.34,2157414.0,1229490000.0,316.92,316.92,1705.55,26.89,4.09,124784500,90956900.0,2026-07-09,16:14:36
688503,聚和材料,111.61,108.0,110.0,111.86,104.18,18809135.0,2042070000.0,270.13,270.13,43.6,5.19,7.77,932681300,948232200.0,2026-07-09,16:14:31
688505,复旦张江,7.54,7.48,7.45,7.68,7.36,5387624.0,40370000.0,78.16,53.58,-51.29,3.68,0.76,249569100,289193300.0,2026-07-09,16:14:53
688506,百利天恒,306.55,304.0,305.0,317.11,296.66,2720091.0,835610000.0,1265.66,1265.66,-97.6,22.43,0.66,144758500,127250600.0,2026-07-09,16:14:31
688507,索辰科技,210.68,204.5,206.79,211.99,195.0,7562950.0,1537840000.0,187.73,103.73,1423.05,6.82,15.36,364297100,391997900.0,2026-07-09,16:14:37
688508,芯朋微,101.0,98.09,98.0,102.0,93.11,16348266.0,1603540000.0,133.74,133.74,84.14,4.87,12.35,848010300,786816300.0,2026-07-09,16:14:37
688509,正元地信,3.9,3.92,3.92,3.94,3.73,7212756.0,27730000.0,30.03,15.01,-17.07,2.72,1.87,330757700,390517900.0,2026-07-09,16:14:37
688510,航亚科技,24.0,23.99,24.48,24.48,22.99,4103947.0,97060000.0,62.38,62.38,68.33,5.29,1.58,218490800,191903900.0,2026-07-09,16:14:54
688511,天微电子,27.58,27.4,28.0,28.2,26.37,2044471.0,55900000.0,36.87,36.87,155.81,4.49,1.53,97611500,106835600.0,2026-07-09,16:14:53
688512,慧智微-U,16.09,15.61,15.8,16.15,15.26,22607322.0,357370000.0,75.12,52.22,-25.12,4.73,6.97,1116262300,1144469900.0,2026-07-09,16:14:38
688513,苑东生物,51.5,51.68,51.66,53.8,50.39,3296562.0,169960000.0,90.91,90.91,33.14,3.13,1.87,146286400,183369800.0,2026-07-09,16:14:55
688515,裕太微-U,222.09,209.37,215.3,223.0,206.35,4888034.0,1056560000.0,177.67,110.64,-152.81,12.11,9.81,248264700,240538700.0,2026-07-09,16:14:37
688516,奥特维,48.35,47.56,47.7,48.45,46.0,6876003.0,326910000.0,152.19,152.19,38.25,4.48,2.18,339464600,348135700.0,2026-07-09,16:15:00
688517,金冠电气,16.93,16.76,16.62,17.2,16.16,2661563.0,44270000.0,23.13,23.13,30.42,3.11,1.95,129043200,137113100.0,2026-07-09,16:14:33
688518,联赢激光,25.09,25.09,25.33,25.6,23.9,20986390.0,516340000.0,85.64,85.64,51.5,2.63,6.15,1046745800,1051893200.0,2026-07-09,16:14:54
688519,南亚新材,351.23,319.5,325.97,351.96,325.97,6825520.0,2328610000.0,826.02,826.02,223.65,29.34,2.9,365067200,317484800.0,2026-07-09,16:14:58
688520,神州细胞,36.27,36.26,36.0,37.37,35.51,3007508.0,108750000.0,170.59,161.52,-21.21,240.87,0.68,149338500,151412300.0,2026-07-09,16:14:41
688521,芯原股份,328.56,309.5,315.0,329.53,306.0,24662431.0,7858860000.0,1727.95,1727.95,-266.53,54.91,4.69,1282471600,1183771500.0,2026-07-09,16:14:33
688522,纳睿雷达,20.94,20.93,20.76,21.05,20.16,6238747.0,128650000.0,88.79,36.06,77.73,3.83,3.62,292422400,331452300.0,2026-07-09,16:14:32
688523,航天环宇,50.98,48.77,48.29,51.2,47.8,6889236.0,341230000.0,207.43,207.43,529.43,12.34,1.69,383476100,305447500.0,2026-07-09,16:14:34
688525,佰维存储,418.88,396.22,409.76,422.15,383.93,38600944.0,15606550000.0,1975.3,1975.3,50.01,23.05,8.19,1882200200,1977894200.0,2026-07-09,16:14:56
688526,科前生物,12.66,12.67,12.6,12.72,12.45,1077546.0,13530000.0,59.01,59.01,15.14,1.47,0.23,51044700,56709900.0,2026-07-09,16:14:34
688528,秦川物联,8.77,8.73,8.65,8.78,8.4,1800829.0,15500000.0,14.73,14.73,-13.45,3.31,1.07,89077200,91005700.0,2026-07-09,16:14:35
688529,豪森智能,14.74,14.97,13.5,14.97,13.5,1456345.0,21210000.0,24.79,24.79,-2.47,2.5,0.87,74503200,71131300.0,2026-07-09,16:14:55
688530,欧莱新材,88.15,81.25,83.0,88.25,81.18,12412742.0,1056450000.0,141.08,61.51,7475.91,16.65,17.79,650096200,591178000.0,2026-07-09,16:14:42
688531,日联科技,194.6,176.4,180.0,195.92,179.22,11016648.0,2070200000.0,322.25,223.36,174.31,9.71,9.6,608559100,493105700.0,2026-07-09,16:15:00
688533,上声电子,21.11,21.14,21.05,21.33,20.75,1065153.0,22380000.0,34.83,34.83,19.39,2.03,0.65,45101800,61413500.0,2026-07-09,16:14:36
688535,华海诚科,179.2,157.0,161.95,179.91,158.55,14235759.0,2405020000.0,256.75,239.29,839.85,11.71,10.66,823346200,600229700.0,2026-07-09,16:14:50
688536,思瑞浦,328.69,322.39,329.88,331.65,310.0,4759536.0,1528850000.0,453.84,445.86,172.67,7.16,3.51,206469200,269484400.0,2026-07-09,16:14:46
688538,和辉光电-U,2.38,2.31,2.31,2.39,2.3,113346829.0,265730000.0,328.66,136.9,-16.99,4.33,1.97,6551487500,4783195400.0,2026-07-09,16:14:51
688539,高华科技,30.5,28.81,28.48,30.65,28.32,2286618.0,67190000.0,56.71,56.71,108.04,3.3,1.23,122519300,106142500.0,2026-07-09,16:14:50
688543,国科军工,38.3,37.41,37.66,38.47,36.89,4910296.0,185320000.0,95.98,95.98,40.39,4.25,1.96,238421000,252608600.0,2026-07-09,16:14:45
688545,兴福电子,119.59,111.21,116.0,120.58,115.2,14948794.0,1762710000.0,430.52,217.95,197.86,14.79,8.2,797894800,696984600.0,2026-07-09,16:14:34
688548,广钢气体,50.9,46.8,47.73,51.48,45.4,53902973.0,2604440000.0,671.57,351.83,209.2,11.17,7.8,2947459700,2442837600.0,2026-07-09,16:14:42
688549,中巨芯-U,35.38,33.13,33.96,35.47,31.25,106961603.0,3554790000.0,522.66,208.5,-5784.41,17.36,18.15,5447372900,5248787400.0,2026-07-09,16:14:39
688550,瑞联新材,53.4,49.29,50.0,55.08,49.39,9211259.0,483630000.0,94.02,94.02,30.6,2.92,5.23,490277200,430848700.0,2026-07-09,16:14:58
688551,科威尔,54.5,54.18,52.0,55.54,50.96,4643897.0,246340000.0,59.4,59.4,116.81,4.57,4.26,253028500,211361200.0,2026-07-09,16:14:34
688552,航天南湖,27.15,27.23,27.0,27.68,26.31,3240614.0,86940000.0,91.56,91.56,-320.91,3.56,0.96,168875000,155186400.0,2026-07-09,16:14:42
688553,汇宇制药-W,12.27,12.1,12.0,12.63,11.71,18967830.0,229420000.0,76.8,62.26,340.81,2.08,3.74,936115800,960667200.0,2026-07-09,16:14:36
688556,高测股份,10.8,10.61,10.7,10.88,10.1,34195694.0,358820000.0,89.72,89.72,-538.14,2.3,4.12,1684262600,1735306800.0,2026-07-09,16:15:00
688557,DR兰剑智,21.38,21.46,21.5,21.5,20.73,1835889.0,38840000.0,31.71,31.71,28.56,2.66,1.24,98542100,85046800.0,2026-07-09,16:14:53
688558,国盛智科,33.0,33.07,32.82,33.12,31.23,2808786.0,90470000.0,43.56,43.56,26.61,2.63,2.13,130639100,150239500.0,2026-07-09,16:14:59
688559,海目星,65.78,64.68,66.05,66.8,62.61,10918104.0,708380000.0,162.98,162.98,-24.49,6.73,4.41,556395000,535415400.0,2026-07-09,16:14:52
688560,明冠新材,11.13,11.1,11.22,11.26,10.72,3652231.0,40170000.0,22.4,22.4,-16.66,0.87,1.81,190097800,175125300.0,2026-07-09,16:14:58
688561,奇安信-U,25.3,25.6,25.01,25.32,24.56,11818931.0,294330000.0,172.61,172.61,-13.72,2.44,1.73,586670100,595223000.0,2026-07-09,16:14:51
688562,航天软件,14.45,14.11,14.11,14.48,13.82,4010929.0,56740000.0,57.8,57.8,-226.75,3.47,1.0,207749900,193343000.0,2026-07-09,16:14:51
688563,航材股份,49.7,48.7,49.01,49.81,48.19,1825198.0,89230000.0,223.65,58.14,42.96,2.14,1.56,94469100,88050700.0,2026-07-09,16:14:34
688565,力源科技,8.95,8.86,8.88,8.95,8.57,2491557.0,21850000.0,13.4,13.4,202.74,2.72,1.66,129719200,119436500.0,2026-07-09,16:14:33
688566,吉贝尔,25.29,25.51,25.49,25.8,24.95,1948187.0,49420000.0,50.86,50.86,20.02,2.08,0.97,83933000,110885700.0,2026-07-09,16:14:44
688567,孚能科技,9.49,9.55,9.48,9.64,9.22,12418316.0,117140000.0,115.98,115.98,-15.8,1.27,1.02,633807400,608024200.0,2026-07-09,16:14:37
688568,中科星图,38.28,36.72,36.72,38.38,35.82,14336978.0,529520000.0,309.33,309.33,-220.64,8.53,1.77,782693800,651004000.0,2026-07-09,16:14:30
688569,铁科轨道,16.5,16.67,16.7,16.77,16.35,632074.0,10470000.0,34.76,34.76,20.76,1.19,0.3,34260000,28947400.0,2026-07-09,16:14:43
688570,天玛智控,14.78,15.1,15.06,15.25,14.66,833942.0,12380000.0,64.0,27.82,113.44,1.5,0.44,32838300,50555900.0,2026-07-09,16:14:36
688571,杭华股份,9.58,9.49,9.45,9.6,9.05,14058773.0,131970000.0,40.64,40.64,37.57,2.48,3.31,617373500,788503800.0,2026-07-09,16:14:34
688573,信宇人,15.66,15.8,15.66,15.92,15.11,1645868.0,25540000.0,15.31,8.33,-3.19,4.43,3.09,87916900,76669900.0,2026-07-09,16:14:40
688575,亚辉龙,8.88,8.96,8.92,9.1,8.72,5963858.0,52920000.0,50.74,50.74,162.92,1.88,1.04,285804800,310581000.0,2026-07-09,16:14:33
688576,西山科技,41.16,40.06,40.01,41.56,39.81,667126.0,27110000.0,27.84,13.3,58.34,1.62,2.06,35293600,31419000.0,2026-07-09,16:14:38
688577,浙海德曼,50.36,50.7,50.7,51.29,48.0,1774103.0,88080000.0,78.46,78.46,121.78,7.92,1.14,81633700,95776600.0,2026-07-09,16:14:36
688578,艾力斯,121.64,118.53,116.2,123.44,116.2,12911928.0,1555220000.0,547.38,547.38,22.67,7.32,2.87,676393700,614799100.0,2026-07-09,16:14:53
688579,地纬智能,7.64,7.66,7.58,7.71,7.39,3595844.0,27170000.0,30.56,30.56,87.49,2.24,0.9,179375800,180208600.0,2026-07-09,16:14:38
688580,伟思医疗,57.05,57.97,57.68,58.47,56.04,1925515.0,110010000.0,54.64,54.64,32.83,3.31,2.01,93238600,99312900.0,2026-07-09,16:14:57
688581,安杰思,52.0,52.94,53.53,53.53,51.68,402607.0,21000000.0,42.18,21.61,18.98,1.7,0.97,20656300,19604400.0,2026-07-09,16:14:53
688582,芯动联科,57.61,56.57,57.48,57.86,54.54,9386584.0,530330000.0,231.44,231.44,88.47,9.56,2.34,418282300,520376100.0,2026-07-09,16:14:31
688583,思看科技,73.1,72.11,71.99,73.51,69.8,1796109.0,129250000.0,90.47,31.52,118.73,7.71,4.16,82731800,96879100.0,2026-07-09,16:14:55
688584,上海合晶,40.27,33.56,33.55,40.27,33.55,28365644.0,1075830000.0,269.48,138.25,227.04,6.46,8.26,1429073000,1407491400.0,2026-07-09,16:14:43
688585,上纬新材,145.91,144.03,144.76,146.46,139.16,3417905.0,486920000.0,588.55,588.55,-2611.86,45.25,0.85,159746700,182043800.0,2026-07-09,16:14:42
688586,江航装备,10.9,10.74,10.78,10.94,10.4,6629266.0,70750000.0,86.26,86.26,169.39,3.49,0.84,369637000,293289600.0,2026-07-09,16:15:00
688588,凌志软件,8.99,9.04,9.09,9.09,8.77,3790020.0,33780000.0,35.96,35.96,93.72,3.13,0.95,166186100,212815900.0,2026-07-09,16:14:39
688589,力合微,22.18,21.44,21.81,22.18,20.81,6635768.0,142900000.0,32.23,32.23,752.74,3.45,4.57,333517400,330059400.0,2026-07-09,16:14:43
688590,新致软件,12.87,12.26,12.27,12.97,12.02,9062344.0,113850000.0,40.27,36.23,-28.49,2.26,3.22,507432700,398801700.0,2026-07-09,16:14:56
688591,泰凌微,35.35,34.77,34.72,35.35,33.41,10353569.0,357410000.0,85.39,59.83,85.52,3.55,6.12,476327800,559029100.0,2026-07-09,16:14:42
688592,司南导航,26.46,26.09,26.78,26.78,25.0,1250336.0,32180000.0,30.73,14.64,162.57,3.25,2.26,56401600,68632000.0,2026-07-09,16:14:38
688593,新相微,36.0,35.26,35.7,36.28,34.47,14960027.0,531490000.0,165.43,165.43,1348.13,10.64,3.26,745631900,750370800.0,2026-07-09,16:14:54
688595,芯海科技,43.35,42.3,42.32,43.35,40.48,10528989.0,443140000.0,62.46,62.46,-51.89,9.65,7.31,508341000,544557900.0,2026-07-09,16:14:38
688596,正帆科技,80.33,75.68,74.36,80.67,71.11,38531823.0,2947420000.0,236.28,236.28,309.75,6.57,13.1,1993060800,1860121500.0,2026-07-09,16:14:31
688597,煜邦电力,6.75,6.79,6.75,6.88,6.4,9675432.0,64590000.0,22.68,22.68,48.15,2.85,2.88,393527500,574015700.0,2026-07-09,16:15:00
688598,金博股份,45.5,42.18,42.47,45.59,42.4,20679880.0,917310000.0,94.45,92.63,-7.41,2.45,10.16,1142028200,925959800.0,2026-07-09,16:14:42
688599,天合光能,12.55,12.55,12.45,12.67,12.05,27705722.0,344830000.0,293.99,293.99,-4.9,1.44,1.18,1399678700,1370893500.0,2026-07-09,16:14:48
688600,皖仪科技,28.6,27.88,27.8,28.86,27.68,3423643.0,97190000.0,38.53,38.53,52.95,4.95,2.54,171162500,171201800.0,2026-07-09,16:14:38
688601,力芯微,58.47,54.42,54.1,58.86,54.1,6624084.0,375980000.0,78.17,78.17,303.98,6.33,4.95,371278300,291130100.0,2026-07-09,16:14:45
688602,康鹏科技,7.54,7.38,7.42,7.61,7.29,11102472.0,82670000.0,39.16,19.57,-36.46,1.44,4.28,579706500,530540700.0,2026-07-09,16:14:46
688603,天承科技,149.37,141.2,145.66,150.67,139.66,5460167.0,797200000.0,186.3,70.83,190.8,15.45,11.51,303495000,242521700.0,2026-07-09,16:14:46
688605,先锋精科,116.9,113.47,113.95,118.75,107.9,11498856.0,1301830000.0,236.58,126.66,137.8,14.34,10.61,635789300,514096300.0,2026-07-09,16:14:49
688606,奥泰生物,41.61,42.12,42.12,42.61,41.0,358590.0,14920000.0,32.99,32.99,18.49,0.87,0.45,18950600,16908400.0,2026-07-09,16:14:59
688607,康众医疗,47.95,48.03,48.09,48.5,45.27,2356503.0,110750000.0,42.26,38.04,-215.7,5.03,2.97,109199900,126450400.0,2026-07-09,16:14:50
688608,恒玄科技,117.15,115.07,114.08,117.5,112.0,5755142.0,659470000.0,277.51,277.51,56.35,3.99,2.43,329519200,245995000.0,2026-07-09,16:14:34
688609,九联科技,10.41,9.8,9.75,10.48,9.51,27342804.0,272670000.0,54.34,52.05,-39.04,5.64,5.47,1475306800,1258973600.0,2026-07-09,16:14:50
688610,埃科光电,231.5,192.92,195.34,231.5,193.94,2571577.0,557040000.0,157.42,94.76,200.41,10.14,6.28,126002100,131155600.0,2026-07-09,16:14:37
688611,杭州柯林,68.23,66.57,66.63,68.45,64.31,1152848.0,76410000.0,104.66,104.66,-973.18,12.13,0.75,56142200,59142600.0,2026-07-09,16:14:30
688612,威迈斯,29.95,29.81,29.51,29.99,29.14,3175749.0,93880000.0,125.55,75.64,21.33,3.61,1.26,161925300,155649600.0,2026-07-09,16:14:43
688613,奥精医疗,14.57,14.47,14.44,15.06,14.29,2449689.0,35760000.0,19.96,19.96,140.49,1.39,1.79,106929800,138039100.0,2026-07-09,16:14:32
688615,合合信息,113.85,107.17,104.38,114.7,103.21,7022770.0,780450000.0,223.15,154.08,45.24,7.8,5.19,405380100,296896900.0,2026-07-09,16:14:40
688616,西力科技,10.18,10.0,10.05,10.2,9.76,2032566.0,20330000.0,18.26,18.26,17.97,2.13,1.13,108625300,94631300.0,2026-07-09,16:14:59
688617,惠泰医疗,197.35,188.82,188.82,198.88,186.0,2423125.0,472200000.0,279.31,279.31,32.22,9.71,1.71,137685300,104627200.0,2026-07-09,16:14:32
688618,三旺通信,28.16,28.0,28.03,28.32,26.51,2169662.0,59430000.0,31.03,30.99,114.31,3.84,1.97,119880500,97085700.0,2026-07-09,16:14:57
688619,罗普特,13.85,13.42,13.15,13.96,12.81,4060352.0,54380000.0,25.68,25.68,-12.07,3.91,2.19,187761300,218273900.0,2026-07-09,16:14:32
688620,安凯微,16.92,16.73,16.99,17.03,16.0,32509322.0,540410000.0,66.33,66.33,-48.11,5.2,8.29,1587486600,1663445600.0,2026-07-09,16:14:47
688621,阳光诺和,49.25,49.1,48.08,50.7,47.73,1883753.0,92270000.0,55.16,55.16,28.3,4.47,1.68,100738100,87637200.0,2026-07-09,16:14:36
688622,*ST禾信,113.96,104.9,104.9,117.8,104.9,726186.0,81930000.0,80.3,80.3,-84.17,27.13,1.03,40812800,31805800.0,2026-07-09,16:14:42
688623,双元科技,66.53,67.0,67.2,67.54,64.91,753134.0,49720000.0,56.89,23.63,101.95,2.72,2.12,32130800,43182600.0,2026-07-09,16:14:57
688625,呈和科技,73.5,72.9,73.08,73.9,69.1,5869579.0,419760000.0,190.86,190.86,64.8,12.82,2.26,255472800,331485100.0,2026-07-09,16:14:46
688626,翔宇医疗,46.01,46.71,46.71,47.6,44.78,2053466.0,94220000.0,73.62,73.62,91.42,3.55,1.28,96025300,109321300.0,2026-07-09,16:14:54
688627,精智达,647.88,588.0,627.3,648.88,591.0,5572822.0,3444990000.0,609.84,469.51,634.01,35.34,7.69,283025900,274256300.0,2026-07-09,16:14:54
688628,优利德,90.88,86.29,86.15,91.65,80.5,5156123.0,443340000.0,101.57,101.57,60.22,8.13,4.61,268037900,247574400.0,2026-07-09,16:14:37
688629,华丰科技,209.68,205.98,205.0,209.88,194.0,26841589.0,5447460000.0,981.84,966.61,227.34,33.9,5.82,1313468900,1370690000.0,2026-07-09,16:14:48
688630,芯碁微装,517.8,473.26,489.0,523.35,468.88,5958884.0,2937980000.0,748.63,682.15,216.08,32.18,4.52,340906800,254981600.0,2026-07-09,16:14:51
688631,莱斯信息,42.12,41.82,41.54,42.28,40.5,1687190.0,69950000.0,68.85,68.85,119.88,3.67,1.03,88668200,80050800.0,2026-07-09,16:14:33
688633,星球石墨,25.9,26.32,26.36,26.74,24.72,5511389.0,140730000.0,44.13,44.13,19.57,2.65,3.23,287571700,263567200.0,2026-07-09,16:14:51
688636,智明达,40.69,38.1,37.66,40.88,36.6,9234923.0,357730000.0,70.76,70.76,63.35,5.07,5.31,471505700,451986600.0,2026-07-09,16:15:00
688638,誉辰智能,29.28,29.14,29.08,29.61,28.3,669958.0,19420000.0,16.4,7.75,-10.87,2.15,2.53,37887000,29108800.0,2026-07-09,16:14:51
688639,华恒生物,16.34,16.42,16.26,16.53,16.22,3415772.0,55620000.0,40.87,40.87,33.12,1.54,1.37,119032600,222544600.0,2026-07-09,16:14:42
688646,ST逸飞,69.77,70.39,70.4,70.67,66.5,1174145.0,80570000.0,65.7,40.46,-80.11,4.65,2.02,57916300,59498200.0,2026-07-09,16:14:49
688648,中邮科技,32.6,32.66,32.28,32.75,31.25,1895152.0,60800000.0,44.34,22.67,7.17,2.06,2.73,91602600,97912600.0,2026-07-09,16:14:50
688651,盛邦安全,30.74,30.61,30.35,30.8,29.42,1331070.0,40130000.0,23.18,9.98,-46.39,2.54,4.1,69088100,64018900.0,2026-07-09,16:15:00
688652,京仪装备,230.55,223.51,233.0,235.0,211.95,12965131.0,2862640000.0,387.32,278.39,244.38,17.23,10.74,689311200,607201900.0,2026-07-09,16:14:31
688653,康希通信,17.23,16.8,16.92,17.25,16.16,21976506.0,368570000.0,73.14,54.52,-855.24,5.08,6.95,1087513100,1110137500.0,2026-07-09,16:14:52
688655,迅捷兴,38.62,37.21,37.58,38.65,35.72,5711197.0,213400000.0,51.52,51.52,-225.2,7.89,4.28,299353500,271766200.0,2026-07-09,16:15:00
688656,浩欧博,91.96,95.38,95.08,97.5,90.98,672061.0,62520000.0,58.41,58.41,268.69,7.17,1.06,35393800,31812300.0,2026-07-09,16:14:32
688657,浩辰软件,35.48,35.64,35.5,35.84,34.38,1842121.0,64530000.0,33.86,21.18,70.25,2.45,3.09,98592000,85620100.0,2026-07-09,16:14:32
688658,悦康药业,13.53,13.58,13.47,14.13,13.19,16219339.0,219660000.0,60.88,60.88,-24.73,1.86,3.6,756439200,865494700.0,2026-07-09,16:14:55
688659,元琛科技,10.1,9.95,9.84,10.1,9.78,4298271.0,42740000.0,16.16,16.16,-55.72,3.12,2.69,183760700,246066400.0,2026-07-09,16:14:56
688660,电气风电,7.88,7.82,7.77,7.94,7.58,17298108.0,134230000.0,105.07,105.07,-9.81,2.71,1.3,866719600,863091200.0,2026-07-09,16:14:54
688661,和林微纳,154.44,143.17,143.17,156.48,141.0,4170859.0,619340000.0,234.58,234.58,-2447.93,19.5,2.75,234093700,182992200.0,2026-07-09,16:14:53
688662,富信科技,115.0,112.7,114.71,115.9,105.0,9858573.0,1097510000.0,131.91,131.91,331.76,18.76,8.59,514542600,471314700.0,2026-07-09,16:14:59
688663,新风光,83.95,77.12,77.12,84.0,74.75,5040988.0,399620000.0,118.77,118.77,166.1,8.56,3.56,302753900,201344900.0,2026-07-09,16:14:44
688665,四方光电,56.32,55.12,55.44,57.24,53.65,1299996.0,72030000.0,56.99,56.99,42.69,4.98,1.28,59456300,70543300.0,2026-07-09,16:14:38
688667,菱电电控,112.71,109.08,109.77,113.49,104.8,1052907.0,115150000.0,59.39,59.39,39.7,3.34,2.0,54585600,50705100.0,2026-07-09,16:14:50
688668,鼎通科技,341.69,324.42,337.74,341.8,316.33,4354390.0,1439730000.0,475.87,475.87,177.59,23.78,3.13,222697800,212741200.0,2026-07-09,16:14:49
688669,聚石化学,92.0,85.41,83.0,93.75,82.66,4477085.0,394150000.0,111.63,111.63,-50.06,10.27,3.69,193566000,254142500.0,2026-07-09,16:14:47
688670,金迪克,14.86,15.06,14.82,15.71,14.5,1561469.0,23240000.0,18.31,18.31,-9.99,1.7,1.27,73166400,82980500.0,2026-07-09,16:14:50
688671,碧兴物联,27.62,26.89,26.05,27.94,25.84,2414712.0,64620000.0,21.69,12.94,-23.48,2.17,5.15,123395600,118075600.0,2026-07-09,16:14:58
688676,金盘科技,82.04,77.35,77.62,82.3,76.08,13456816.0,1063690000.0,377.21,377.21,56.75,7.77,2.93,764113100,581568500.0,2026-07-09,16:14:51
688677,海泰新光,88.37,85.61,86.01,89.6,81.88,4586326.0,394890000.0,105.94,105.94,61.86,8.07,3.83,236881000,221751600.0,2026-07-09,16:14:56
688678,福立旺,21.0,20.5,20.38,21.11,19.63,14718355.0,300570000.0,84.65,84.65,97.7,3.67,3.65,703487200,768348300.0,2026-07-09,16:14:38
688679,通源环境,35.62,35.95,36.0,36.44,34.52,4502659.0,159710000.0,46.91,46.91,-121.11,4.27,3.42,247024300,203241600.0,2026-07-09,16:14:42
688680,海优新材,37.12,37.34,37.25,37.95,36.0,1457649.0,53780000.0,36.22,36.22,-7.65,2.34,1.49,80900000,64864900.0,2026-07-09,16:14:59
688681,科汇股份,14.28,14.16,14.13,14.35,13.84,1640364.0,23070000.0,14.95,14.95,29.88,2.49,1.57,84203900,79832500.0,2026-07-09,16:14:49
688682,霍莱沃,35.53,34.8,34.69,35.67,33.68,1473536.0,51140000.0,36.18,36.18,-171.96,6.05,1.45,75590800,71762800.0,2026-07-09,16:14:40
688683,莱尔科技,31.47,30.66,30.52,31.68,30.0,2885590.0,88490000.0,50.7,50.7,112.83,4.24,1.79,147675300,140883700.0,2026-07-09,16:14:57
688685,迈信林,51.01,47.57,47.57,51.33,45.86,6955963.0,338240000.0,74.91,74.91,-369.1,9.43,4.74,375642000,319954300.0,2026-07-09,16:14:37
688686,奥普特,156.05,149.65,150.25,156.88,146.36,2104837.0,321610000.0,190.75,190.75,99.25,6.22,1.72,106216900,104266800.0,2026-07-09,16:14:33
688687,凯因科技,16.22,16.43,16.45,16.85,16.0,3004026.0,49020000.0,27.73,27.73,250.6,1.65,1.76,142022500,158380100.0,2026-07-09,16:14:34
688689,银河微电,67.34,66.8,66.66,69.88,63.2,13263203.0,878640000.0,88.67,88.67,96.26,6.73,10.07,621773700,704546600.0,2026-07-09,16:14:43
688690,纳微科技,40.45,37.61,39.55,40.5,38.18,16915534.0,667790000.0,163.34,163.34,93.38,8.15,4.19,853318800,838234600.0,2026-07-09,16:14:42
688691,灿芯股份,116.05,113.98,113.0,117.0,106.29,19553962.0,2180620000.0,139.26,84.68,-123.2,11.54,26.8,1007685400,947710800.0,2026-07-09,16:14:45
688692,达梦数据,239.35,236.62,232.2,239.95,228.03,1805530.0,423880000.0,271.04,177.51,47.56,7.18,2.43,93719600,86833400.0,2026-07-09,16:14:51
688693,锴威特,90.21,87.79,88.86,90.78,84.53,2540125.0,222370000.0,66.47,35.1,-69.27,8.56,6.53,131102800,122909700.0,2026-07-09,16:14:57
688695,中创股份,18.02,18.05,17.96,18.19,17.45,1007702.0,17970000.0,15.33,9.62,-42.27,2.01,1.89,48354000,52416200.0,2026-07-09,16:14:42
688696,极米科技,60.81,61.31,61.35,61.94,59.95,1112977.0,67620000.0,42.58,42.58,32.48,1.46,1.59,53706400,57591300.0,2026-07-09,16:14:57
688697,纽威数控,13.7,13.46,13.48,13.88,12.8,12589952.0,167100000.0,87.72,87.72,28.34,5.13,1.97,573474800,685520400.0,2026-07-09,16:14:49
688698,伟创电气,53.45,53.59,53.64,53.97,51.4,5676294.0,299960000.0,114.4,114.4,44.96,4.93,2.65,289197800,278431600.0,2026-07-09,16:14:35
688699,明微电子,78.69,76.9,77.36,78.8,73.57,5801613.0,444350000.0,86.61,86.61,824.25,7.13,5.27,254612100,325549200.0,2026-07-09,16:14:52
688700,东威科技,76.11,73.19,75.19,76.38,71.5,13378323.0,992710000.0,227.11,227.11,153.2,12.1,4.48,656251200,681581100.0,2026-07-09,16:14:52
688701,卓锦股份,7.0,6.86,6.8,7.0,6.69,2597583.0,17800000.0,9.4,9.4,-13.16,7.23,1.93,133979700,125778600.0,2026-07-09,16:14:40
688702,盛科通信-U,422.0,401.5,409.13,427.07,386.48,11726565.0,4786620000.0,1730.2,856.63,-1139.97,77.52,5.78,594068100,578588400.0,2026-07-09,16:14:37
688707,振华新材,10.79,11.07,11.01,11.17,10.42,10310609.0,110560000.0,54.89,54.89,-12.76,1.41,2.03,500725500,530335400.0,2026-07-09,16:14:59
688708,佳驰科技,51.63,50.29,50.28,51.93,48.71,1984653.0,99400000.0,206.77,73.7,46.83,6.18,1.39,99931800,98533500.0,2026-07-09,16:14:54
688709,成都华微,37.48,35.77,35.99,37.48,35.03,8426752.0,306050000.0,238.69,83.11,369.37,8.2,3.8,478067300,364607900.0,2026-07-09,16:14:56
688710,益诺思,64.89,64.26,63.0,66.65,62.01,2236324.0,143620000.0,91.48,58.85,-383.96,3.91,2.47,100405700,123226700.0,2026-07-09,16:14:37
688711,宏微科技,36.58,35.25,35.7,36.68,34.03,15055680.0,534500000.0,77.96,77.96,460.21,7.41,7.06,748827000,756741000.0,2026-07-09,16:14:39
688716,中研股份,34.45,36.12,35.96,36.48,32.89,7315576.0,252830000.0,41.92,24.09,3009.44,3.63,10.46,302642400,428915200.0,2026-07-09,16:14:46
688717,艾罗能源,67.38,67.02,67.46,67.53,64.73,4832513.0,320790000.0,107.81,66.74,76.13,2.43,4.88,217268100,265983200.0,2026-07-09,16:14:32
688718,唯赛勃,14.37,15.14,15.25,15.25,13.85,2324269.0,33430000.0,24.97,24.97,49.64,3.09,1.34,100617400,131809500.0,2026-07-09,16:14:50
688719,爱科赛博,68.0,66.97,66.71,70.23,65.0,5937255.0,401530000.0,78.46,61.01,-186.38,4.66,6.62,293867800,299857700.0,2026-07-09,16:14:58
688720,艾森股份,105.6,88.0,90.0,105.6,89.03,11452985.0,1122670000.0,129.51,82.57,243.93,12.64,14.65,648156600,497141900.0,2026-07-09,16:14:44
688721,龙图光罩,60.9,59.12,60.0,61.47,58.37,7704603.0,461910000.0,81.3,32.57,166.02,6.65,14.41,364420400,406039900.0,2026-07-09,16:14:34
688722,同益中,15.26,14.95,14.93,15.32,14.74,3716575.0,55680000.0,34.2,34.2,33.42,2.38,1.66,154102900,217554600.0,2026-07-09,16:14:51
688726,拉普拉斯,44.57,43.85,44.01,44.77,42.86,7459579.0,328770000.0,180.65,98.02,36.78,4.42,3.39,418941600,327016300.0,2026-07-09,16:14:43
688728,格科微,24.14,22.54,22.21,24.17,22.03,91854950.0,2138090000.0,627.78,603.23,605.67,7.98,3.68,5175902200,4009592800.0,2026-07-09,16:14:42
688733,壹石通,43.15,37.99,37.91,43.8,36.37,19400666.0,764210000.0,86.2,86.2,-1758.52,4.16,9.71,1050363400,889703200.0,2026-07-09,16:14:30
688737,中自科技,17.73,17.82,17.83,17.98,17.2,1804430.0,31780000.0,21.2,21.2,-34.91,1.19,1.51,88960800,91482200.0,2026-07-09,16:14:46
688739,成大生物,19.49,19.71,19.7,19.96,19.38,1642696.0,32110000.0,81.17,81.17,140.76,0.87,0.39,81122900,83146700.0,2026-07-09,16:14:54
688750,金天钛业,14.82,15.21,15.17,15.22,14.4,5892750.0,86620000.0,68.54,34.52,115.18,2.77,2.53,255444600,333830400.0,2026-07-09,16:14:51
688757,胜科纳米,54.5,52.73,52.76,55.0,49.6,10785384.0,566330000.0,219.8,98.77,380.46,25.25,5.95,551195700,527342700.0,2026-07-09,16:14:32
688758,赛分科技,20.45,19.9,19.83,20.67,19.2,4964034.0,99380000.0,85.17,60.98,61.58,6.14,1.66,243116900,253286500.0,2026-07-09,16:14:42
688766,普冉股份,762.07,694.0,742.56,805.55,707.88,11394907.0,8557490000.0,1133.23,1133.23,257.45,42.06,7.66,575911200,563579500.0,2026-07-09,16:14:38
688767,博拓生物,37.08,38.49,38.0,38.07,35.81,2604819.0,96270000.0,55.37,55.37,182.67,2.45,1.74,128625300,131856600.0,2026-07-09,16:14:41
688768,容知日新,44.97,43.61,43.61,46.31,42.0,1455857.0,64560000.0,39.57,39.24,58.35,3.75,1.67,58623800,86961900.0,2026-07-09,16:14:47
688772,珠海冠宇,17.33,17.3,17.33,17.5,16.54,46014766.0,782770000.0,197.26,197.26,48.04,2.85,4.04,2248358400,2353118200.0,2026-07-09,16:14:35
688776,国光电气,54.22,53.87,53.0,55.14,51.88,2172148.0,115460000.0,58.77,58.77,-41.68,3.44,2.0,119916300,97298500.0,2026-07-09,16:14:59
688777,中控技术,113.36,104.4,105.0,114.13,104.0,20043863.0,2185550000.0,896.89,892.37,226.45,9.14,2.55,1160798100,843588200.0,2026-07-09,16:14:39
688778,厦钨新能,50.09,49.83,49.83,50.47,47.43,10792949.0,529710000.0,252.8,252.8,29.67,2.73,2.14,562424800,516870100.0,2026-07-09,16:14:56
688779,五矿新能,7.61,7.83,7.7,7.86,7.46,32236702.0,246130000.0,146.81,146.81,39.34,2.09,1.67,1429364000,1794306200.0,2026-07-09,16:14:59
688786,悦安新材,38.97,38.57,38.82,39.73,36.7,8293918.0,316490000.0,67.25,67.25,78.94,8.78,4.81,431477900,397913900.0,2026-07-09,16:14:36
688787,海天瑞声,128.04,117.18,116.01,130.0,115.0,4843892.0,609960000.0,77.24,77.24,348.72,10.37,8.03,267706000,216683200.0,2026-07-09,16:14:56
688788,科思科技,42.4,40.58,40.79,42.7,40.11,3669332.0,152520000.0,92.82,92.82,-30.39,5.28,1.68,208142800,158790400.0,2026-07-09,16:14:50
688789,宏华数科,49.0,49.31,49.8,49.8,48.6,1124631.0,55100000.0,88.33,88.33,19.14,2.52,0.62,59781500,52681600.0,2026-07-09,16:14:34
688793,倍轻松,15.64,15.51,15.5,15.86,15.2,1356241.0,20990000.0,13.44,13.44,-12.55,6.03,1.58,59573100,76051000.0,2026-07-09,16:14:44
688798,艾为电子,72.5,70.45,70.37,72.5,68.37,5337277.0,377810000.0,169.02,98.41,55.6,4.07,3.93,287075500,246652200.0,2026-07-09,16:14:50
688799,华纳药厂,49.87,51.36,48.7,52.49,48.7,3997910.0,200710000.0,66.64,66.64,29.76,3.2,2.99,196548900,203242100.0,2026-07-09,16:14:44
688800,瑞可达,81.73,80.86,83.0,84.5,76.76,12607512.0,1013130000.0,235.04,235.04,83.24,10.06,4.38,638308800,622442400.0,2026-07-09,16:14:31
688819,天能股份,21.49,21.82,21.8,21.93,21.2,2444900.0,52480000.0,208.9,208.9,16.76,1.26,0.25,128027800,116462200.0,2026-07-09,16:14:41
688981,中芯国际,173.0,152.1,153.68,174.51,152.1,144629617.0,23645910000.0,14810.19,3459.24,293.53,7.78,7.23,8809499900,5653461800.0,2026-07-09,16:14:44
689009,九号公司-WD,38.26,38.2,37.88,38.73,37.4,11059424.0,420870000.0,279.77,214.86,18.58,3.74,1.97,592059400,513883000.0,2026-07-09,16:14:37
000001,平安银行,10.49,10.6,10.55,10.59,10.43,747191.0,785390000.0,2035.68,2035.65,4.73,0.45,0.39,34448400,40270700.0,2026-07-09,16:14:33
000002,万  科Ａ,2.98,3.0,2.99,3.03,2.95,875100.0,260830000.0,355.54,289.56,-0.4,0.32,0.9,40343600,47166400.0,2026-07-09,16:14:33
000003,PT金田A,2.71,2.71,0.0,0.0,0.0,0.0,0.0,9.04,5.2,78.43,-0.27,0.0,0,0.0,2026-07-09,09:00:00
000004,国华退,0.42,0.38,0.39,0.42,0.39,53756.0,2240000.0,0.56,0.53,4.72,0.64,4.26,1450800,3924800.0,2026-07-09,16:14:36
000005,ST星源,0.83,0.83,0.0,0.0,0.0,0.0,0.0,8.79,8.78,-4.44,0.73,0.0,0,0.0,2026-07-09,09:00:00
000006,深振业Ａ,6.84,6.78,6.75,6.89,6.64,150705.0,102030000.0,92.34,92.34,-1050.03,1.72,1.12,7957700,7112800.0,2026-07-09,16:14:39
000007,全新好,10.85,11.2,11.1,11.24,10.62,79917.0,87280000.0,37.59,37.59,-1864.71,20.99,2.31,4354700,3637000.0,2026-07-09,16:14:33
000008,神州高铁,2.36,2.36,0.0,0.0,0.0,0.0,0.0,64.11,64.1,-7.79,2.97,0.0,0,0.0,2026-07-09,16:14:33
000009,中国宝安,6.09,6.16,6.15,6.19,6.0,195244.0,118590000.0,157.07,156.88,302.5,1.57,0.76,9295100,10229300.0,2026-07-09,16:14:33
000010,*ST美丽,1.82,1.85,1.83,1.89,1.8,217794.0,40110000.0,20.92,15.89,-1232.33,7.11,2.49,8934300,12845100.0,2026-07-09,16:14:36
000011,深物业A,6.27,6.33,6.31,6.42,6.19,37152.0,23360000.0,37.37,33.01,2272.78,1.11,0.71,1808900,1906300.0,2026-07-09,16:14:36
000012,南  玻Ａ,4.31,4.18,4.19,4.32,4.17,518262.0,219670000.0,131.13,84.45,1175.5,1.01,2.65,29081700,22744400.0,2026-07-09,16:14:36
000013,*ST石化A,2.47,2.47,0.0,0.0,0.0,0.0,0.0,7.49,1.27,-1.55,-0.23,0.0,0,0.0,2026-07-09,09:00:00
000015,PT中浩A,6.85,6.85,0.0,0.0,0.0,0.0,0.0,10.77,1.8,-10.7,-0.55,0.0,0,0.0,2026-07-09,09:00:00
000016,*ST康佳A,2.47,2.52,2.5,2.56,2.43,225288.0,56060000.0,59.48,39.44,-0.46,-0.53,1.41,9233900,13294900.0,2026-07-09,16:14:39
000017,深中华A,6.55,6.06,6.01,6.67,5.92,398736.0,255410000.0,45.14,28.87,109.2,11.56,9.05,21905000,17968500.0,2026-07-09,16:14:39
000018,神城A退,0.27,0.27,0.0,0.0,0.0,0.0,0.0,4.59,2.69,-0.08,-0.35,0.0,0,0.0,2026-07-09,09:00:00
000019,深粮控股,5.81,5.91,5.9,5.91,5.74,45109.0,26240000.0,66.96,24.18,30.88,1.36,1.08,1993600,2517300.0,2026-07-09,16:14:36
000020,深华发Ａ,10.59,10.38,10.38,10.62,10.06,35737.0,37080000.0,29.99,19.19,86.37,6.75,1.97,1762100,1811600.0,2026-07-09,16:14:42
000021,深科技,56.24,51.13,52.93,56.24,52.82,1845381.0,10109410000.0,885.43,885.31,73.85,6.8,11.72,109208200,75329900.0,2026-07-09,16:14:45
000025,特  力Ａ,13.18,13.27,13.14,13.33,12.76,53003.0,69000000.0,56.81,51.77,40.03,3.05,1.35,2586600,2713700.0,2026-07-09,16:14:42
000026,飞亚达,18.75,18.8,18.77,19.11,17.89,121683.0,225160000.0,76.08,68.36,71.04,2.27,3.34,5895900,6272400.0,2026-07-09,16:14:45
000027,深圳能源,5.98,6.02,6.02,6.03,5.89,315795.0,187860000.0,284.49,284.49,14.22,0.87,0.66,14263200,17316300.0,2026-07-09,16:14:48
000028,国药一致,20.18,20.68,20.64,20.7,20.13,24104.0,49070000.0,123.55,106.12,11.28,0.67,0.46,1056200,1354200.0,2026-07-09,16:14:51
000029,深深房Ａ,23.92,22.11,22.13,23.97,21.88,84272.0,193590000.0,241.99,213.29,1025.03,6.76,0.95,4779000,3648200.0,2026-07-09,16:14:39
000030,富奥股份,3.94,4.01,4.0,4.01,3.92,94069.0,37150000.0,67.76,65.83,10.2,0.82,0.56,4752600,4654300.0,2026-07-09,16:14:39
000031,大悦城,2.11,2.1,2.08,2.14,2.07,321830.0,67620000.0,90.44,90.44,-3.91,0.88,0.75,15518800,16664200.0,2026-07-09,16:14:54
000032,深桑达Ａ,22.42,21.04,21.5,23.14,21.5,916185.0,2056980000.0,272.44,244.24,-155.31,3.7,8.41,42960100,48658400.0,2026-07-09,16:14:42
000033,新都退,1.7,1.7,0.0,0.0,0.0,0.0,0.0,7.31,7.31,-105.03,31.1,0.0,0,0.0,2026-07-09,09:00:00
000034,神州数码,28.83,28.56,28.0,28.99,27.56,816418.0,2308480000.0,293.13,244.81,54.12,2.62,9.61,39962100,41679700.0,2026-07-09,16:14:42
000035,中国天楹,4.52,4.55,4.55,4.59,4.44,317439.0,143060000.0,107.94,104.55,37.29,1.0,1.37,15398900,16345000.0,2026-07-09,16:14:45
000036,华联控股,4.06,4.08,4.08,4.1,3.9,294601.0,117860000.0,57.0,56.96,63.01,1.11,2.1,15580600,13879500.0,2026-07-09,16:14:48
000037,深南电A,8.2,8.17,8.12,8.2,7.88,130354.0,104910000.0,49.43,27.79,26.66,2.96,3.85,6360500,6674900.0,2026-07-09,16:14:45
000038,大通退,0.52,0.52,0.0,0.0,0.0,0.0,0.0,2.72,1.3,-1.67,0.11,0.0,0,0.0,2026-07-09,09:00:00
000039,中集集团,8.08,7.9,7.86,8.14,7.8,359663.0,287860000.0,435.72,185.95,-382.15,0.93,1.56,19882800,16083500.0,2026-07-09,16:14:48
000040,*ST旭蓝,0.49,0.49,0.0,0.0,0.0,0.0,0.0,7.29,5.17,-2.06,0.07,0.0,0,0.0,2026-07-09,09:00:00
000042,中洲控股,7.69,7.52,7.5,8.0,7.41,83461.0,64360000.0,51.13,51.07,-4.62,2.26,1.26,4703100,3643000.0,2026-07-09,16:14:51
000045,深纺织Ａ,9.58,9.5,9.48,9.6,9.26,51014.0,48230000.0,48.52,43.78,69.56,1.63,1.12,2712200,2389200.0,2026-07-09,16:14:54
000046,*ST泛海,0.38,0.38,0.0,0.0,0.0,0.0,0.0,19.75,19.66,-0.11,-0.16,0.0,0,0.0,2026-07-09,09:00:00
000047,ST中侨,8.03,8.03,0.0,0.0,0.0,0.0,0.0,9.67,2.64,-7.64,-0.78,0.0,0,0.0,2026-07-09,09:00:00
000048,京基智农,21.91,21.85,21.53,22.56,21.12,197179.0,432340000.0,116.17,115.97,-61.04,3.09,3.73,10077900,9640000.0,2026-07-09,16:14:51
000049,德赛电池,24.04,23.97,23.76,24.28,23.31,70323.0,166810000.0,92.47,92.44,28.58,1.38,1.83,3384800,3647500.0,2026-07-09,16:14:48
000050,深天马Ａ,8.04,7.86,7.92,8.08,7.77,540953.0,429690000.0,195.84,195.83,-287.03,0.73,2.22,27891900,26203400.0,2026-07-09,16:14:57
000055,方大集团,3.17,3.23,3.24,3.25,3.13,120380.0,38150000.0,34.04,21.42,-6.54,0.61,1.78,5882600,6155400.0,2026-07-09,16:14:45
000056,*ST皇庭,2.21,2.19,2.21,2.28,2.19,260055.0,58050000.0,26.13,19.97,-0.98,-1.09,2.88,11921200,14084300.0,2026-07-09,16:15:00
000058,深 赛 格,5.99,6.03,6.01,6.06,5.88,59040.0,35200000.0,73.75,58.99,105.49,3.67,0.6,3025800,2878200.0,2026-07-09,16:14:51
000059,华锦股份,4.02,4.05,4.04,4.14,3.97,264253.0,106720000.0,64.3,64.3,-4.67,0.66,1.65,12524700,13900600.0,2026-07-09,16:14:48
000060,中金岭南,6.49,6.54,6.54,6.59,6.19,1748243.0,1116150000.0,288.23,288.23,27.92,1.46,3.94,83893400,90931000.0,2026-07-09,16:14:03
000061,农 产 品,5.54,5.55,5.54,5.65,5.45,156677.0,87060000.0,109.97,99.4,25.41,1.29,0.87,8116400,7551300.0,2026-07-09,16:14:06
000062,深圳华强,32.14,33.86,33.02,33.25,30.47,827539.0,2623260000.0,336.16,335.83,60.22,4.97,7.92,37704900,45049000.0,2026-07-09,16:14:54
000063,中兴通讯,40.33,36.87,37.1,40.5,36.98,5359353.0,20983640000.0,1929.2,1624.34,43.11,2.52,13.31,352445100,183490200.0,2026-07-09,16:14:09
000065,北方国际,8.88,8.96,8.9,8.99,8.68,162475.0,143300000.0,103.14,86.58,15.7,0.93,1.67,8441900,7805600.0,2026-07-09,16:14:54
000066,中国长城,19.88,19.31,19.0,20.0,18.18,3629747.0,7030170000.0,641.29,641.24,3178.81,5.87,11.25,187091000,175883700.0,2026-07-09,16:14:12
000068,华控赛格,2.68,2.74,2.73,2.75,2.63,141910.0,38050000.0,26.98,26.98,-25.62,4.61,1.41,6061200,8129800.0,2026-07-09,16:14:51
000069,华侨城Ａ,1.62,1.64,1.62,1.65,1.6,427956.0,69410000.0,130.21,111.76,-0.9,0.38,0.62,19172900,23622700.0,2026-07-09,16:14:54
000070,特发信息,18.18,17.42,18.7,18.86,17.5,1274132.0,2297100000.0,157.87,155.75,-32.21,19.57,14.87,58794200,68619000.0,2026-07-09,16:14:57
000078,ST海王,1.86,1.98,2.18,2.18,1.79,3451521.0,693300000.0,48.94,48.83,-8.55,3.94,13.15,151501000,193651100.0,2026-07-09,16:14:15
000090,天健集团,3.05,3.07,3.06,3.1,3.02,136548.0,41680000.0,56.99,56.99,35.67,0.51,0.73,6379000,7275900.0,2026-07-09,16:15:00
000096,广聚能源,7.17,7.21,7.19,7.35,7.11,72780.0,52530000.0,37.86,36.63,33.64,1.37,1.42,3360600,3917400.0,2026-07-09,16:14:57
000099,中信海直,13.55,13.81,13.71,13.85,13.3,104927.0,141970000.0,105.12,105.12,33.84,1.91,1.35,5207200,5285600.0,2026-07-09,16:14:57
000100,TCL科技,5.36,5.04,5.05,5.38,5.05,13829470.0,7219440000.0,1114.93,1025.48,22.03,1.83,7.23,787108700,595838300.0,2026-07-09,16:14:03
000150,*ST宜康,0.51,0.51,0.0,0.0,0.0,0.0,0.0,4.48,4.11,-0.43,-0.52,0.0,0,0.0,2026-07-09,09:00:00
000151,中成股份,9.24,9.39,9.41,9.43,8.98,91054.0,83530000.0,32.42,28.45,8.19,3.7,2.96,4318000,4787400.0,2026-07-09,16:15:00
000153,丰原药业,5.23,5.26,5.25,5.35,5.13,63759.0,33220000.0,24.3,24.0,24.7,1.14,1.39,2987800,3388100.0,2026-07-09,16:14:06
000155,川能动力,10.98,11.23,11.15,11.26,10.72,353105.0,387110000.0,202.71,202.71,38.07,1.89,1.91,17847400,17463100.0,2026-07-09,16:14:09
000158,常山北明,12.98,12.92,12.83,13.0,12.57,325516.0,415920000.0,207.5,206.11,656.11,3.95,2.05,16728100,15823400.0,2026-07-09,16:14:03
000159,国际实业,5.5,5.45,5.43,5.51,5.32,101573.0,55140000.0,26.44,26.44,72.04,1.29,2.11,5074300,5083000.0,2026-07-09,16:14:06
000802,北京文化,3.74,3.59,3.59,3.76,3.53,360992.0,132470000.0,26.77,26.76,-12.75,4.39,5.05,21189200,14910000.0,2026-07-09,16:14:51
000805,*ST炎黄,1.88,1.88,0.0,0.0,0.0,0.0,0.0,1.2,0.39,3.01,327.75,0.0,0,0.0,2026-07-09,09:00:00
000819,岳阳兴长,10.82,11.17,11.22,11.22,10.49,91735.0,98550000.0,39.98,39.6,-63.58,1.92,2.51,4010200,5163400.0,2026-07-09,16:14:03
000823,超声电子,19.19,18.48,18.84,19.25,17.9,712748.0,1334620000.0,114.17,114.17,53.43,2.44,11.98,34466800,36808000.0,2026-07-09,16:15:00
000827,*ST长兴,1.16,1.16,0.0,0.0,0.0,0.0,0.0,0.77,0.34,-0.7,-9.53,0.0,0,0.0,2026-07-09,09:00:00
000828,东莞控股,9.63,9.68,9.62,9.72,9.61,40673.0,39250000.0,100.11,100.11,11.26,0.99,0.39,1934000,2133300.0,2026-07-09,16:14:12
000851,*ST高鸿,0.38,0.38,0.0,0.0,0.0,0.0,0.0,4.4,4.3,-0.64,2.91,0.0,0,0.0,2026-07-09,09:00:00
000852,石化机械,4.92,4.93,5.0,5.06,4.86,157084.0,77690000.0,47.02,46.75,-3392.59,1.5,1.65,7377200,8331200.0,2026-07-09,16:14:12
000856,冀东装备,7.17,7.16,7.21,7.32,6.98,49592.0,35340000.0,16.28,16.28,133.07,3.98,2.18,2473400,2485800.0,2026-07-09,16:14:45
000858,五 粮 液,70.9,71.48,71.0,71.5,70.52,241921.0,1713140000.0,2752.06,2751.99,21.84,2.15,0.62,11012900,13179300.0,2026-07-09,16:15:00
000863,三湘印象,4.23,4.13,4.12,4.28,4.03,194190.0,80640000.0,49.94,49.2,-32.34,1.15,1.67,11651100,7767900.0,2026-07-09,16:14:09
000869,张  裕Ａ,16.27,16.37,16.38,16.43,16.12,9110.0,14790000.0,106.93,74.05,176.69,1.04,0.2,365000,546000.0,2026-07-09,16:14:54
000901,航天科技,16.3,15.97,15.85,16.4,15.47,200796.0,318660000.0,130.11,130.11,146.31,3.07,2.52,10725400,9354100.0,2026-07-09,16:14:33
000903,ST云动,1.8,1.8,1.79,1.83,1.77,184527.0,33110000.0,34.83,34.56,-3.47,5.66,0.96,7103800,11348900.0,2026-07-09,16:14:18
000905,厦门港务,7.73,7.76,7.73,7.82,7.6,86521.0,66610000.0,119.22,57.34,58.1,1.31,1.17,4100200,4551900.0,2026-07-09,16:14:09
000906,浙商中拓,5.22,5.3,5.26,5.29,5.14,66404.0,34560000.0,37.04,36.6,17.05,0.76,0.95,3020600,3619800.0,2026-07-09,16:14:27
000913,钱江摩托,10.24,10.4,10.4,10.48,10.19,34512.0,35550000.0,53.9,53.26,6.33,1.08,0.66,1606900,1844300.0,2026-07-09,16:14:36
000918,*ST嘉凯,0.49,0.49,0.0,0.0,0.0,0.0,0.0,8.84,8.84,-0.91,-3.63,0.0,0,0.0,2026-07-09,09:00:00
000928,中钢国际,4.8,4.89,4.87,4.89,4.77,157886.0,75970000.0,68.86,68.86,15.71,0.83,1.1,7646700,8141900.0,2026-07-09,16:14:54
000932,华菱钢铁,3.4,3.45,3.43,3.46,3.38,784754.0,267760000.0,232.99,232.99,10.37,0.43,1.15,31369100,47106300.0,2026-07-09,16:14:21
000933,神火股份,21.35,21.89,21.64,21.84,20.95,480755.0,1025610000.0,480.16,479.82,8.59,1.91,2.14,21427900,26647600.0,2026-07-09,16:14:24
000935,四川双马,26.98,27.53,27.53,27.98,26.43,79161.0,213730000.0,205.98,205.98,85.64,2.63,1.04,3266400,4649700.0,2026-07-09,16:14:33
000958,电投产融,5.32,5.38,5.4,5.4,5.23,224529.0,119000000.0,974.44,286.4,29.56,1.94,0.42,10013100,12439700.0,2026-07-09,16:14:48
000966,长源电力,3.71,3.77,3.76,3.79,3.67,474243.0,176340000.0,129.15,129.15,115.25,0.96,1.36,19900100,27524200.0,2026-07-09,16:14:39
000971,*ST高升,0.55,0.55,0.0,0.0,0.0,0.0,0.0,5.77,4.66,-1.52,36.3,0.0,0,0.0,2026-07-09,09:00:00
000982,中银绒业,0.18,0.18,0.0,0.0,0.0,0.0,0.0,7.67,7.67,-4.69,0.72,0.0,0,0.0,2026-07-09,09:00:00
000987,越秀资本,8.0,7.89,7.81,8.02,7.68,483715.0,379100000.0,401.37,401.07,9.65,1.23,0.96,23838900,24532600.0,2026-07-09,16:14:51
000989,九芝堂,8.08,8.21,8.16,8.32,7.98,114859.0,93130000.0,69.16,56.09,25.52,1.91,1.65,4820700,6665200.0,2026-07-09,16:14:51
000990,诚志股份,8.61,8.33,8.35,8.72,8.34,340487.0,288690000.0,104.63,104.63,147.9,0.58,2.8,18077300,15971400.0,2026-07-09,16:14:48
000991,通海高科,7.36,7.36,0.0,0.0,0.0,0.0,0.0,33.12,,32.37,0.0,,0,0.0,2026-07-09,09:00:00
000993,闽东电力,9.44,9.51,9.49,9.55,9.19,78628.0,73610000.0,43.23,43.23,211.38,1.7,1.72,3929600,3933200.0,2026-07-09,16:14:27
000998,隆平高科,7.74,7.83,7.77,7.84,7.7,120861.0,93870000.0,113.74,101.74,306.66,1.69,0.92,5769700,6316400.0,2026-07-09,16:14:54
