股票代码,股票名称,当前价,昨收价,开盘价,最高价,最低价,成交量,成交额,总市值,流通市值,市盈率,市净率,换手率,买盘总量,卖盘总量,交易日期,更新时间
000001,平安银行,11.57,11.35,11.36,11.65,11.33,1045357.0,1205810000.0,2245.26,2245.24,5.17,0.48,0.54,67345200,37190600.0,2026-09-30,16:15:00
000002,万  科Ａ,4.26,4.08,3.8,4.4,3.67,13094440.0,5158050000.0,508.25,413.86,-0.56,0.5,13.48,789693300,519750700.0,2026-09-30,16:14:54
000004,国华退,0.51,0.51,0.0,0.0,0.0,0.0,0.0,0.68,0.64,2.48,0.78,0.0,0,0.0,2026-09-30,09:00:00
000006,深振业Ａ,7.51,7.62,6.92,7.59,6.86,625748.0,449730000.0,101.38,101.38,-151.29,1.93,4.64,30387300,32187500.0,2026-09-30,16:14:54
000007,全新好,10.96,11.08,11.07,11.23,10.76,53730.0,58690000.0,37.97,37.97,-896.56,21.27,1.55,2827800,2545200.0,2026-09-30,16:14:57
000008,神州高铁,2.4,2.39,2.39,2.41,2.37,156574.0,37480000.0,65.19,65.19,-8.21,3.06,0.58,6668300,8989100.0,2026-09-30,16:15:00
000009,中国宝安,6.93,6.86,6.88,6.97,6.84,106828.0,73790000.0,178.74,178.52,-253.61,1.83,0.41,5390300,5292500.0,2026-09-30,16:14:57
000010,*ST美丽,1.44,1.47,1.48,1.48,1.42,134309.0,19310000.0,16.55,13.7,-564.64,6.62,1.41,5838600,7592300.0,2026-09-30,16:14:57
000011,深物业A,12.24,11.13,10.1,12.24,10.02,898769.0,971270000.0,72.95,64.44,-149.73,2.2,17.07,42521100,47355800.0,2026-09-30,16:14:57
000012,南  玻Ａ,3.69,3.67,3.67,3.71,3.64,148042.0,54460000.0,112.27,72.3,-30.34,0.89,0.76,8076300,6727900.0,2026-09-30,16:15:00
000014,沙河股份,11.24,11.55,11.02,11.43,10.45,258862.0,283040000.0,27.21,27.21,-16.86,1.97,10.69,13692700,12193400.0,2026-09-30,16:15:00
000016,*ST康佳A,2.46,2.46,0.0,0.0,0.0,0.0,0.0,59.24,39.28,-0.48,-0.53,0.0,0,0.0,2026-09-30,16:15:00
000017,深中华A,7.4,7.5,7.65,7.66,7.31,301250.0,223300000.0,51.0,32.62,153.89,12.94,6.83,14467400,15657600.0,2026-09-30,16:14:45
000019,深粮控股,7.01,6.7,6.77,7.27,6.64,268648.0,186830000.0,80.79,29.18,45.12,1.63,6.45,14156000,12708800.0,2026-09-30,16:15:00
000020,深华发Ａ,14.28,14.65,13.72,14.59,13.72,307561.0,434350000.0,40.44,25.87,137.04,9.04,16.98,15956600,14799500.0,2026-09-30,16:14:15
000021,深科技,32.83,33.79,34.01,34.08,32.8,395148.0,1311080000.0,520.29,520.22,42.39,3.91,2.49,14645400,24869400.0,2026-09-30,16:14:30
000025,特  力Ａ,15.21,15.38,15.06,15.42,14.7,84329.0,126750000.0,65.56,59.74,45.68,3.52,2.15,4435400,3997500.0,2026-09-30,16:14:57
000026,飞亚达,18.86,18.7,18.84,19.21,18.55,45631.0,86170000.0,76.53,68.73,72.62,2.26,1.25,2419000,2144100.0,2026-09-30,16:15:00
000027,深圳能源,6.28,6.24,6.24,6.29,6.21,140558.0,88060000.0,298.76,298.76,12.98,0.89,0.3,8463600,5592300.0,2026-09-30,16:14:15
000028,国药一致,19.66,19.37,19.4,19.67,19.35,17368.0,33970000.0,120.36,103.38,11.18,0.64,0.33,1184300,552500.0,2026-09-30,16:14:30
000029,深深房Ａ,22.71,22.12,21.51,23.1,21.31,101681.0,226620000.0,229.75,202.5,-1975.18,6.43,1.14,6151100,4017100.0,2026-09-30,16:14:45
000030,富奥股份,3.93,3.89,3.89,3.94,3.86,63918.0,24990000.0,67.59,65.66,11.52,0.81,0.38,4026900,2365000.0,2026-09-30,16:15:00
000031,大悦城,2.46,2.43,2.36,2.5,2.22,1311958.0,309600000.0,105.44,105.44,-3.31,1.07,3.06,72305900,58890000.0,2026-09-30,16:14:15
000032,深桑达Ａ,13.09,13.38,13.53,13.57,13.07,215628.0,284180000.0,159.07,159.07,-66.84,2.2,1.77,9336300,12226500.0,2026-09-30,16:14:30
000034,神州数码,23.21,23.68,23.59,23.7,23.13,136428.0,318200000.0,235.99,197.09,39.82,2.06,1.61,4658300,8984500.0,2026-09-30,16:14:45
000035,中国天楹,4.74,4.66,4.66,4.75,4.64,186370.0,87680000.0,113.19,109.64,39.54,1.05,0.81,11454700,7182300.0,2026-09-30,16:15:00
000036,华联控股,4.08,4.21,4.13,4.16,3.85,1341366.0,536320000.0,57.28,57.24,59.78,1.11,9.56,61493400,72643200.0,2026-09-30,16:14:15
000037,深南电A,9.15,9.0,9.0,9.29,8.91,155767.0,141830000.0,55.15,31.01,27.22,3.29,4.6,8581000,6995700.0,2026-09-30,16:14:30
000039,中集集团,8.6,8.55,8.56,8.67,8.53,107947.0,92940000.0,463.76,197.92,-145.92,1.01,0.47,5893900,4900800.0,2026-09-30,16:14:45
000040,*ST旭蓝,0.49,0.49,0.0,0.0,0.0,0.0,0.0,7.29,5.17,-2.06,0.07,0.0,0,0.0,2026-09-30,09:00:00
000042,中洲控股,8.46,8.3,8.25,8.49,7.97,110897.0,91740000.0,56.24,56.19,-54.5,1.69,1.67,6106800,4982900.0,2026-09-30,16:15:00
000045,深纺织Ａ,11.13,11.21,11.25,11.28,11.07,39702.0,44330000.0,56.38,50.87,67.15,1.88,0.87,1910400,2059800.0,2026-09-30,16:15:00
000048,京基智农,18.0,17.92,18.25,18.38,17.91,78612.0,142290000.0,95.44,95.27,-16.97,2.74,1.49,4071500,3789600.0,2026-09-30,16:14:30
000049,德赛电池,22.4,21.99,22.06,22.55,21.95,52958.0,118350000.0,86.16,86.14,21.54,1.26,1.38,3034000,2261800.0,2026-09-30,16:15:00
000050,深天马Ａ,6.31,6.29,6.31,6.38,6.28,145853.0,92190000.0,153.7,153.7,-20.06,0.58,0.6,6441200,8144100.0,2026-09-30,16:15:00
000055,方大集团,3.86,3.88,3.88,3.9,3.78,149039.0,57100000.0,41.45,26.09,-8.67,0.75,2.21,7208200,7695700.0,2026-09-30,16:14:21
000056,*ST皇庭,2.7,2.7,2.7,2.73,2.64,175935.0,47260000.0,31.93,24.4,-1.13,-1.21,1.95,10935100,6658400.0,2026-09-30,16:14:30
000058,深 赛 格,7.28,7.29,7.26,7.28,6.95,183608.0,130840000.0,89.63,71.69,125.4,4.4,1.86,10009000,8351800.0,2026-09-30,16:14:45
000059,华锦股份,5.55,5.47,5.51,5.6,5.5,255292.0,141760000.0,88.77,88.77,-21.7,0.88,1.6,12114100,13415100.0,2026-09-30,16:15:00
000060,中金岭南,5.84,5.83,5.84,5.87,5.81,348446.0,203380000.0,259.36,259.36,18.73,1.28,0.78,16622400,18222200.0,2026-09-30,16:14:15
000061,农 产 品,6.03,5.84,5.86,6.09,5.82,191584.0,114160000.0,119.69,108.2,27.48,1.39,1.07,12454600,6703800.0,2026-09-30,16:14:30
000062,深圳华强,21.32,21.66,21.81,21.9,21.27,94015.0,201790000.0,222.99,222.74,36.04,3.39,0.9,3615300,5786200.0,2026-09-30,16:14:45
000063,中兴通讯,30.58,30.72,30.88,30.9,30.53,310669.0,952400000.0,1462.8,1231.65,44.15,1.94,0.77,11740200,19326700.0,2026-09-30,16:15:00
000065,北方国际,9.73,9.61,9.67,9.79,9.58,127040.0,123280000.0,113.01,103.63,15.26,1.02,1.19,6583100,6120900.0,2026-09-30,16:14:15
000066,中国长城,14.1,14.42,14.43,14.52,14.03,858628.0,1217460000.0,454.84,454.81,385.22,4.01,2.66,32048500,53814300.0,2026-09-30,16:14:33
000068,华控赛格,3.41,3.54,3.47,3.48,3.23,785622.0,262910000.0,34.33,34.33,-61.23,6.11,7.8,36437500,42124700.0,2026-09-30,16:14:45
000069,华侨城Ａ,1.97,1.97,1.92,2.0,1.78,2339930.0,444760000.0,158.34,135.9,-1.05,0.5,3.39,125028900,108964200.0,2026-09-30,16:15:00
000070,特发信息,16.3,16.19,16.45,16.88,16.01,494693.0,813610000.0,141.55,139.64,-32.23,13.34,5.77,26165000,23304300.0,2026-09-30,16:14:15
000078,ST海王,1.49,1.49,1.49,1.5,1.47,370066.0,54810000.0,39.2,39.18,-4.91,3.83,1.41,16469400,20537200.0,2026-09-30,16:14:30
000088,盐 田 港,4.66,4.63,4.62,4.68,4.61,214440.0,99850000.0,242.3,147.39,16.25,1.34,0.68,12240500,9203400.0,2026-09-30,16:14:45
000089,深圳机场,6.69,6.59,6.61,6.72,6.57,169405.0,113000000.0,137.2,137.2,14.45,1.14,0.83,10432500,6507900.0,2026-09-30,16:15:00
000090,天健集团,3.64,3.64,3.53,3.68,3.38,716120.0,252990000.0,68.02,68.01,-45.08,0.62,3.83,39570600,32041400.0,2026-09-30,16:14:36
000096,广聚能源,7.99,7.94,7.91,7.99,7.86,28632.0,22730000.0,42.19,40.82,24.24,1.52,0.56,1664900,1198300.0,2026-09-30,16:14:30
000099,中信海直,12.67,12.56,12.58,12.72,12.52,40167.0,50730000.0,98.29,98.29,35.03,1.77,0.52,2425500,1591200.0,2026-09-30,16:14:45
000100,TCL科技,4.79,4.77,4.79,4.84,4.76,2083318.0,1000560000.0,1051.23,963.51,16.32,1.56,1.04,102910100,105421700.0,2026-09-30,16:15:00
000151,中成股份,10.06,10.06,10.04,10.12,9.88,66491.0,66420000.0,35.3,30.98,8.23,4.0,2.16,2765200,3884000.0,2026-09-30,16:14:15
000153,丰原药业,6.11,6.08,6.1,6.17,6.08,74567.0,45750000.0,28.39,28.16,30.07,1.31,1.62,3937200,3519400.0,2026-09-30,16:14:30
000155,川能动力,10.88,10.77,10.76,10.93,10.73,115547.0,125530000.0,200.86,200.86,22.26,1.88,0.63,5716500,5838200.0,2026-09-30,16:14:45
000156,华数传媒,6.98,7.06,7.05,7.12,6.93,76367.0,53530000.0,129.33,118.65,30.6,0.86,0.45,3169600,4467100.0,2026-09-30,16:15:00
000157,中联重科,5.97,5.86,5.88,5.99,5.85,497469.0,295440000.0,516.32,422.1,12.31,0.9,0.7,29964700,19782200.0,2026-09-30,16:14:15
000158,常山北明,12.17,12.19,12.3,12.3,12.13,107314.0,130860000.0,194.55,193.58,1491.44,3.71,0.67,4786700,5944800.0,2026-09-30,16:14:30
000159,国际实业,5.45,5.5,5.5,5.54,5.39,66795.0,36450000.0,26.2,26.2,91.9,1.27,1.39,3005000,3674500.0,2026-09-30,16:14:48
000166,申万宏源,4.38,4.36,4.36,4.4,4.35,414561.0,181480000.0,1096.75,987.06,10.01,0.95,0.18,20859500,20596600.0,2026-09-30,16:15:00
000301,东方盛虹,12.89,12.8,12.79,13.04,12.73,155379.0,200360000.0,852.19,851.82,20.06,2.25,0.24,8118900,7418900.0,2026-09-30,16:14:51
000333,美的集团,80.1,81.66,81.66,81.8,79.31,401712.0,3231690000.0,6111.58,5515.68,13.77,2.89,0.58,20405200,19766000.0,2026-09-30,16:14:30
000338,潍柴动力,25.1,25.0,25.17,25.55,24.91,564270.0,1426750000.0,2168.7,1244.05,16.7,2.26,1.14,27347900,29079100.0,2026-09-30,16:14:45
000400,许继电气,21.61,21.03,21.03,21.78,21.0,205256.0,441470000.0,220.11,219.36,23.19,1.8,2.02,11949100,8576500.0,2026-09-30,16:15:00
000401,金隅冀东,3.66,3.59,3.59,3.66,3.52,138496.0,50010000.0,97.21,96.31,-16.61,0.37,0.53,7679800,6169800.0,2026-09-30,16:14:54
000402,金 融 街,2.74,2.71,2.64,2.78,2.5,1728847.0,456110000.0,81.9,81.89,-1.84,0.42,5.78,89324900,83559800.0,2026-09-30,16:14:57
000403,派林生物,10.06,9.74,9.74,10.12,9.69,72117.0,72240000.0,95.61,94.63,35.71,1.19,0.77,4536300,2675400.0,2026-09-30,16:14:45
000404,长虹华意,6.84,6.74,6.77,6.85,6.74,40309.0,27400000.0,47.61,47.4,9.75,1.11,0.58,2289100,1741800.0,2026-09-30,16:15:00
000407,胜利股份,4.25,4.2,4.22,4.25,4.19,111520.0,47180000.0,37.4,37.22,22.27,1.2,1.27,6021300,5130700.0,2026-09-30,16:14:15
000408,藏格矿业,70.66,69.8,70.5,71.65,70.25,70916.0,503410000.0,1108.6,1108.58,19.48,7.09,0.45,3968600,3123000.0,2026-09-30,16:14:30
000409,云鼎科技,8.61,8.79,8.86,8.86,8.59,45443.0,39390000.0,58.35,50.84,75.13,3.51,0.77,1892300,2652000.0,2026-09-30,16:14:45
000410,沈阳机床,5.11,5.14,5.16,5.18,5.09,141914.0,72710000.0,135.37,100.72,-195.08,3.23,0.72,5804600,8386800.0,2026-09-30,16:15:00
000411,英特集团,10.02,9.98,10.02,10.12,9.95,40119.0,40310000.0,56.6,56.49,12.64,1.06,0.71,2209100,1802800.0,2026-09-30,16:14:30
000415,渤海租赁,4.13,4.07,4.07,4.16,4.06,384512.0,158340000.0,255.42,222.73,5.3,0.82,0.71,21466900,16984300.0,2026-09-30,16:14:30
000417,合百集团,5.64,5.66,5.7,5.71,5.59,173438.0,97840000.0,43.99,43.94,88.45,0.93,2.23,8283800,9059900.0,2026-09-30,16:14:45
000419,通程控股,5.1,5.06,5.06,5.13,5.0,49440.0,25090000.0,27.72,27.72,24.48,0.84,0.91,2707900,2236100.0,2026-09-30,16:15:00
000420,吉林化纤,3.44,3.47,3.47,3.48,3.39,376731.0,129430000.0,84.59,84.58,258.6,1.9,1.53,15648900,22024200.0,2026-09-30,16:14:24
000421,南京公用,5.74,5.7,5.74,5.74,5.66,54946.0,31380000.0,32.97,32.96,33.23,1.18,0.96,3002500,2492100.0,2026-09-30,16:14:30
000422,湖北宜化,11.52,11.48,11.48,11.56,11.46,63484.0,73100000.0,125.22,122.94,17.18,2.04,0.59,2992900,3355500.0,2026-09-30,16:14:45
000423,东阿阿胶,45.95,45.24,45.26,46.12,45.26,43408.0,198620000.0,294.0,293.48,16.47,3.16,0.68,2612900,1727900.0,2026-09-30,16:15:00
000425,徐工机械,7.2,7.05,7.05,7.24,7.0,1082679.0,772830000.0,843.21,647.86,13.65,1.36,1.2,65979700,42288200.0,2026-09-30,16:14:39
000426,兴业银锡,31.5,31.57,31.62,31.82,31.3,200971.0,633920000.0,559.33,559.18,17.64,4.85,1.13,9835000,10262100.0,2026-09-30,16:14:30
000428,华天酒店,3.83,3.83,3.85,3.88,3.81,247160.0,95090000.0,39.02,39.02,-18.01,3.18,2.43,12931100,11784900.0,2026-09-30,16:14:45
000429,粤高速Ａ,12.46,12.28,12.27,12.49,12.26,50598.0,62870000.0,260.51,162.39,16.34,2.46,0.39,3315400,1744400.0,2026-09-30,16:15:00
000430,张家界,6.66,6.64,6.71,6.71,6.6,81516.0,54160000.0,53.92,24.68,-25.95,2.96,2.2,4178600,3973100.0,2026-09-30,16:14:30
000488,ST晨鸣,2.13,2.08,2.23,2.23,2.12,188797.0,40880000.0,62.65,36.2,-1.2,40.21,1.11,8808000,10071700.0,2026-09-30,16:14:30
000498,山东路桥,5.87,5.61,5.63,5.92,5.62,517505.0,299830000.0,91.13,85.08,4.72,0.51,3.57,31043800,20706700.0,2026-09-30,16:14:45
000501,武商集团,7.14,7.06,7.06,7.16,7.01,46179.0,32770000.0,54.91,54.86,37.53,0.5,0.6,2454400,2163500.0,2026-09-30,16:15:00
000503,国新健康,7.69,7.72,7.46,7.86,7.36,554018.0,419070000.0,75.3,75.3,-18.49,6.74,5.66,26445500,28956300.0,2026-09-30,16:14:24
000504,南华生物,12.42,11.29,10.79,12.42,10.59,740921.0,860440000.0,40.99,40.88,107.0,15.08,22.51,31947200,42144900.0,2026-09-30,16:14:33
000505,京粮控股,6.28,6.07,6.16,6.4,6.09,252669.0,157510000.0,45.65,41.57,-16.54,1.59,3.82,15154100,10112800.0,2026-09-30,16:14:45
000506,招金黄金,16.71,16.58,16.68,16.9,16.56,238226.0,398430000.0,155.24,155.19,45.53,17.21,2.57,10972500,12850100.0,2026-09-30,16:15:00
000507,珠海港,4.94,4.93,4.93,4.96,4.9,55455.0,27370000.0,45.43,44.58,19.74,0.53,0.61,2350300,3195200.0,2026-09-30,16:14:30
000509,华塑控股,3.39,3.51,3.51,3.55,3.37,261891.0,89830000.0,36.38,36.38,-141.78,34.4,2.44,9530200,16658900.0,2026-09-30,16:14:30
000510,新金路,16.85,17.27,17.27,17.61,16.66,204732.0,348120000.0,109.28,102.28,-46.03,10.84,3.37,8642900,11830300.0,2026-09-30,16:14:45
000513,丽珠集团,32.9,32.23,31.65,33.38,31.17,461682.0,1505740000.0,292.12,186.76,17.45,2.19,8.13,26064500,20103700.0,2026-09-30,16:15:00
000514,渝 开 发,4.6,4.55,4.48,4.66,4.23,366326.0,163000000.0,38.81,38.81,-20.4,1.07,4.34,19440600,17192000.0,2026-09-30,16:14:33
000516,国际医学,4.37,4.27,4.29,4.42,4.28,250204.0,108980000.0,97.84,96.35,-45.84,3.01,1.13,15952300,9068100.0,2026-09-30,16:14:33
000517,荣安地产,2.07,2.07,2.1,2.11,1.96,581051.0,118300000.0,65.91,51.58,-4.92,1.46,2.33,31540800,26564300.0,2026-09-30,16:14:45
000518,四环生物,3.59,3.59,3.63,3.63,3.56,116566.0,41730000.0,36.96,36.96,-69.97,11.97,1.13,5453600,6203000.0,2026-09-30,16:15:00
000519,中兵红箭,14.3,14.4,14.5,14.54,14.24,243244.0,349580000.0,199.14,199.14,166.49,1.92,1.75,10505000,13819400.0,2026-09-30,16:14:54
000520,凤凰航运,4.0,4.03,4.03,4.06,3.99,121832.0,48910000.0,40.48,40.48,-264.84,9.05,1.2,4895600,7287600.0,2026-09-30,16:14:36
000521,长虹美菱,4.35,4.29,4.31,4.36,4.28,63235.0,27330000.0,44.8,38.08,87.49,0.76,0.72,3483200,2840300.0,2026-09-30,16:14:45
000523,红棉股份,3.3,3.17,3.26,3.37,3.19,1481371.0,486600000.0,60.57,59.23,49.67,3.04,8.25,85782000,62355200.0,2026-09-30,16:15:00
000524,岭南控股,8.76,8.75,8.78,8.81,8.68,41110.0,35950000.0,58.71,58.69,76.29,2.56,0.61,1891800,2219200.0,2026-09-30,16:14:36
000525,红太阳,4.44,4.39,4.41,4.47,4.4,98354.0,43660000.0,57.85,49.36,-82.33,2.21,0.88,4665700,5169700.0,2026-09-30,16:14:45
000526,学大教育,35.82,34.81,34.91,35.97,34.6,16410.0,58000000.0,43.65,43.51,16.41,3.53,1.35,797800,843200.0,2026-09-30,16:14:45
000528,柳    工,7.52,7.36,7.37,7.55,7.36,215930.0,161360000.0,153.45,153.24,10.64,0.82,1.06,14284700,7308200.0,2026-09-30,16:15:00
000529,广弘控股,5.04,5.03,5.04,5.07,4.99,27024.0,13600000.0,29.42,28.72,35.93,0.92,0.47,1476300,1226100.0,2026-09-30,16:14:27
000530,冰山冷热,5.15,5.21,5.21,5.24,5.1,89801.0,46240000.0,43.43,30.91,141.74,1.37,1.5,3163900,5816200.0,2026-09-30,16:14:39
000531,穗恒运Ａ,5.55,5.49,5.52,5.55,5.48,40735.0,22480000.0,57.8,50.49,17.58,0.83,0.45,2547200,1526300.0,2026-09-30,16:14:45
000532,华金资本,12.26,12.49,12.55,12.72,12.22,167178.0,206500000.0,42.26,42.12,23.57,2.57,4.87,6752300,9965600.0,2026-09-30,16:15:00
000533,顺钠股份,9.92,10.02,10.1,10.13,9.84,183254.0,182660000.0,68.53,67.94,60.51,6.71,2.68,8508400,9817000.0,2026-09-30,16:14:42
000534,万泽股份,21.63,21.96,21.97,22.14,21.61,70964.0,155030000.0,110.22,109.13,54.3,5.89,1.41,3332400,3764000.0,2026-09-30,16:14:30
000536,华映科技,3.34,3.38,3.39,3.4,3.31,350550.0,117030000.0,92.39,92.29,-9.19,17.12,1.27,13828000,21227000.0,2026-09-30,16:14:45
000537,绿发电力,7.38,7.29,7.29,7.4,7.26,98974.0,72740000.0,151.71,151.71,31.88,0.76,0.48,5836100,4061300.0,2026-09-30,16:15:00
000538,云南白药,50.44,50.24,50.25,50.55,49.97,71527.0,359790000.0,899.98,899.92,17.24,2.3,0.4,3981700,3171100.0,2026-09-30,16:14:15
000539,粤电力Ａ,5.09,5.04,5.04,5.11,4.98,348886.0,176670000.0,267.24,130.07,1232.27,1.17,1.37,19746400,15142200.0,2026-09-30,16:14:30
000541,佛山照明,4.89,4.86,4.88,4.9,4.85,30790.0,15000000.0,75.1,60.17,53.05,1.11,0.25,1553000,1526100.0,2026-09-30,16:14:45
000543,皖能电力,7.15,7.06,7.05,7.16,7.02,185836.0,132100000.0,162.08,162.08,8.78,0.9,0.82,10691500,7892200.0,2026-09-30,16:15:00
000544,中原环保,7.23,7.21,7.23,7.26,7.2,23479.0,16980000.0,70.47,70.47,6.85,0.75,0.24,1173900,1174100.0,2026-09-30,16:14:21
000545,金浦钛业,2.21,2.22,2.24,2.26,2.18,273071.0,60290000.0,21.81,21.78,-6.76,3.41,2.77,12805500,14501600.0,2026-09-30,16:14:45
000546,金圆股份,4.33,4.32,4.34,4.38,4.29,68837.0,29840000.0,33.67,30.17,-7.69,0.92,0.99,3239700,3644000.0,2026-09-30,16:14:45
000547,航天发展,13.68,13.87,14.02,14.08,13.61,363631.0,501280000.0,218.67,217.39,-18.95,5.98,2.29,17051100,19311900.0,2026-09-30,16:15:00
000548,湖南投资,4.64,4.64,4.66,4.69,4.61,37814.0,17560000.0,23.16,23.16,80.59,1.12,0.76,1934500,1846900.0,2026-09-30,16:14:36
000550,江铃汽车,16.5,16.28,16.22,16.79,16.2,55569.0,91740000.0,142.43,85.55,11.93,1.19,1.07,3226500,2330400.0,2026-09-30,16:14:51
000551,创元科技,11.66,11.69,11.7,11.81,11.58,66768.0,78000000.0,56.52,56.48,18.03,1.85,1.38,2723500,3953200.0,2026-09-30,16:14:54
000552,甘肃能化,2.5,2.46,2.46,2.51,2.46,495213.0,123320000.0,133.8,93.15,86.41,0.81,1.33,32970400,16550900.0,2026-09-30,16:15:00
000553,安道麦A,5.48,5.39,5.46,5.51,5.4,47210.0,25820000.0,127.67,119.3,-23.96,0.72,0.22,2495800,2225200.0,2026-09-30,16:14:27
000554,泰山石油,6.19,6.19,6.18,6.23,6.14,64315.0,39750000.0,29.55,22.24,17.34,2.52,1.79,2531500,3900000.0,2026-09-30,16:14:57
000555,神州信息,10.07,10.05,10.18,10.19,10.0,149353.0,150750000.0,98.26,98.17,-75.52,1.8,1.53,7275400,7659900.0,2026-09-30,16:14:45
000557,西部创业,3.64,3.61,3.62,3.66,3.59,55193.0,20050000.0,53.08,53.07,73.42,0.83,0.38,3220800,2298500.0,2026-09-30,16:15:00
000558,天府文旅,3.52,3.56,3.55,3.56,3.47,192026.0,67410000.0,45.38,45.36,-92.08,4.43,1.49,9171400,10031300.0,2026-09-30,16:15:00
000559,万向钱潮,10.87,10.76,10.79,11.35,10.65,584514.0,640530000.0,361.86,361.65,34.33,4.35,1.76,29920800,28530600.0,2026-09-30,16:14:33
000560,我爱我家,3.7,3.76,3.38,3.83,3.38,7694178.0,2736660000.0,87.15,86.68,-160.68,0.93,32.84,502228700,267189100.0,2026-09-30,16:14:45
000561,烽火电子,7.54,7.59,7.64,7.71,7.51,58139.0,44040000.0,65.15,58.53,-19.66,2.3,0.75,2474400,3339500.0,2026-09-30,16:15:00
000563,陕国投Ａ,2.91,2.89,2.89,2.92,2.87,273921.0,79560000.0,148.82,148.82,10.37,0.79,0.54,18778700,8613400.0,2026-09-30,16:14:48
000564,供销大集,1.47,1.45,1.45,1.48,1.44,1722349.0,251580000.0,265.45,221.89,-16.09,1.85,1.14,102652200,69582800.0,2026-09-30,16:14:30
000565,渝三峡Ａ,6.34,6.4,6.42,6.52,6.33,69632.0,44620000.0,27.49,27.49,202.87,2.14,1.61,3025300,3937900.0,2026-09-30,16:14:45
000566,海南海药,4.62,4.61,4.67,4.71,4.59,621967.0,289330000.0,59.94,59.91,-12.39,-45.46,4.8,32775400,29421400.0,2026-09-30,16:15:00
000567,海德股份,5.88,5.88,5.9,5.95,5.83,121006.0,71340000.0,114.93,114.67,7.25,1.65,0.62,6024000,6076600.0,2026-09-30,16:14:51
000568,泸州老窖,72.28,69.38,69.5,73.18,69.32,141578.0,1013580000.0,1063.89,1063.36,14.17,2.33,0.96,8785400,5372300.0,2026-09-30,16:14:51
000570,苏常柴Ａ,5.28,5.27,5.3,5.33,5.25,61770.0,32660000.0,37.26,29.34,45.19,1.05,1.11,2667300,3509600.0,2026-09-30,16:14:54
000571,新大洲A,6.47,6.57,6.57,6.58,6.46,101320.0,65950000.0,54.29,52.67,-39.22,-445.69,1.24,4728800,5403200.0,2026-09-30,16:15:00
000572,海马汽车,4.03,4.0,4.03,4.19,3.95,1302700.0,530190000.0,66.28,66.18,-38.7,4.39,7.93,63236000,67034100.0,2026-09-30,16:14:54
000573,粤宏远Ａ,3.9,3.93,3.87,3.94,3.76,169297.0,65280000.0,24.89,24.67,197.44,1.55,2.68,8774600,8155100.0,2026-09-30,16:14:42
000576,甘化科工,8.3,8.24,8.29,8.36,8.22,52854.0,43830000.0,36.22,36.01,46.7,2.15,1.22,2561200,2724200.0,2026-09-30,16:14:45
000581,威孚高科,18.21,17.92,18.02,18.25,17.94,46556.0,84520000.0,176.05,144.57,14.64,0.88,0.59,2776800,1878800.0,2026-09-30,16:15:00
000582,北部湾港,8.97,8.97,9.0,9.03,8.9,234345.0,210030000.0,225.78,193.47,21.2,1.1,1.09,10794100,12640400.0,2026-09-30,16:14:45
000584,工智退,0.29,0.29,0.0,0.0,0.0,0.0,0.0,2.21,2.2,-1.01,0.74,0.0,0,0.0,2026-09-30,09:00:00
000586,汇源通信,12.51,12.77,12.89,13.0,12.47,47167.0,59490000.0,24.2,23.92,-127.3,7.67,2.47,2114600,2602100.0,2026-09-30,16:14:57
000589,贵州轮胎,4.2,4.18,4.19,4.21,4.18,106999.0,44880000.0,65.28,64.85,8.94,0.71,0.69,6123600,4576200.0,2026-09-30,16:14:45
000590,古汉医药,9.1,9.14,9.19,9.37,9.08,29783.0,27350000.0,21.79,21.78,-45.1,4.09,1.24,1515900,1462400.0,2026-09-30,16:15:00
000591,太阳能,4.17,4.15,4.14,4.19,4.14,243665.0,101510000.0,162.83,162.77,25.57,0.67,0.62,13604100,10762400.0,2026-09-30,16:14:57
000592,平潭发展,8.53,8.74,8.73,8.91,8.43,3175465.0,2747600000.0,164.78,163.36,-83.42,9.67,16.58,140321100,177225400.0,2026-09-30,16:14:30
000593,德龙汇能,20.11,20.0,20.36,20.95,20.0,106576.0,217160000.0,72.12,72.09,305.68,8.03,2.97,5205100,5452500.0,2026-09-30,16:14:45
000595,新能股份,5.51,5.45,5.42,5.58,5.37,178361.0,97680000.0,62.74,62.74,-13246.15,12.24,1.57,9106800,8729300.0,2026-09-30,16:15:00
000596,古井贡酒,93.55,89.03,89.03,97.8,89.0,52083.0,487150000.0,494.51,382.25,24.1,1.99,1.27,3059700,2148700.0,2026-09-30,16:14:51
000597,东北制药,4.76,4.69,4.7,4.79,4.68,128272.0,61030000.0,67.92,67.08,31.63,1.23,0.91,7928000,4899200.0,2026-09-30,16:14:54
000598,兴蓉环境,7.06,7.01,7.03,7.09,7.01,102784.0,72650000.0,210.66,210.63,10.27,1.05,0.34,5559200,4719200.0,2026-09-30,16:14:57
000599,青岛双星,4.47,4.43,4.47,4.5,4.41,88536.0,39450000.0,109.21,36.51,-60.21,1.76,1.08,4411500,4442100.0,2026-09-30,16:15:00
000600,建投能源,7.17,6.97,6.97,7.19,6.94,190785.0,135460000.0,145.86,78.16,8.3,1.04,1.75,13725200,5353300.0,2026-09-30,16:15:00
000601,韶能股份,6.05,6.02,6.02,6.08,6.0,161975.0,97750000.0,64.38,63.76,35.82,1.52,1.54,7237100,8960400.0,2026-09-30,16:15:00
000603,盛达资源,30.9,31.08,31.0,31.36,30.84,153395.0,476520000.0,213.2,206.02,25.01,5.68,2.3,7201700,8137800.0,2026-09-30,16:14:45
000605,渤海股份,6.04,6.06,6.1,6.12,5.99,27062.0,16350000.0,21.3,21.3,242.81,1.0,0.77,1268900,1437300.0,2026-09-30,16:15:00
000607,华媒控股,3.96,4.13,4.03,4.13,3.93,771689.0,309000000.0,40.3,35.05,-12.57,3.36,8.72,29680600,47488300.0,2026-09-30,16:14:15
000608,阳光股份,7.05,7.18,7.18,7.2,7.03,131010.0,92650000.0,52.87,40.67,-22.89,2.61,2.27,4955300,8145700.0,2026-09-30,16:14:54
000609,*ST中迪,9.37,9.34,9.34,9.38,9.14,26049.0,24120000.0,28.04,27.24,-6.4,-18.59,0.9,1253300,1351600.0,2026-09-30,16:15:00
000610,*ST西旅,7.5,7.46,7.58,7.72,7.28,70523.0,52730000.0,17.76,17.66,-6.05,-15.71,2.99,2549200,4503100.0,2026-09-30,16:15:00
000612,焦作万方,10.44,10.63,10.55,10.61,10.42,256646.0,269480000.0,124.47,124.47,7.05,1.54,2.15,11229900,14434800.0,2026-09-30,16:14:15
000615,*ST美谷,3.28,3.25,3.25,3.28,3.24,26542.0,8670000.0,58.63,30.35,-10.04,3.56,0.29,1432100,1222100.0,2026-09-30,16:14:30
000617,中油资本,6.56,6.56,6.57,6.59,6.54,351606.0,230890000.0,829.32,829.32,16.38,0.77,0.28,15626200,19534400.0,2026-09-30,16:14:57
000619,海螺新材,5.2,5.25,5.26,5.28,5.14,41328.0,21500000.0,22.94,18.72,-25.81,0.93,1.15,2020900,2111900.0,2026-09-30,16:15:00
000620,盈新发展,3.06,3.11,3.12,3.14,3.01,1991345.0,609070000.0,179.68,142.96,-19.41,4.83,4.26,84100500,115034000.0,2026-09-30,16:15:00
000622,恒立退,0.15,0.15,0.0,0.0,0.0,0.0,0.0,0.64,0.64,-2.87,0.38,0.0,0,0.0,2026-09-30,09:00:00
000623,吉林敖东,17.41,17.2,17.27,17.43,17.22,60620.0,105110000.0,208.21,207.36,6.58,0.65,0.51,3704100,2357900.0,2026-09-30,16:14:30
000625,长安汽车,7.11,7.06,7.05,7.18,6.99,764968.0,542920000.0,704.81,587.79,27.09,0.93,0.93,41761300,34735400.0,2026-09-30,16:14:45
000626,远大控股,8.74,8.58,8.63,8.87,8.61,102252.0,89470000.0,44.28,44.08,84.45,1.98,2.03,4785500,5439700.0,2026-09-30,16:15:00
000627,*ST天茂,1.58,1.58,0.0,0.0,0.0,0.0,0.0,77.49,71.35,-10.04,0.36,0.0,0,0.0,2026-09-30,09:00:00
000628,高新发展,54.09,54.66,55.12,56.16,53.6,57963.0,316130000.0,190.55,103.98,209.74,8.59,3.02,2943100,2853200.0,2026-09-30,16:14:15
000629,钒钛股份,2.83,2.78,2.79,2.84,2.78,493935.0,138890000.0,262.93,262.92,80.31,2.1,0.53,31296400,18097100.0,2026-09-30,16:14:30
000630,铜陵有色,5.78,5.79,5.79,5.81,5.76,782883.0,452970000.0,775.07,644.07,19.53,2.04,0.7,34083800,44204500.0,2026-09-30,16:14:45
000631,顺发恒能,3.04,3.04,3.04,3.07,2.96,147559.0,44450000.0,69.92,69.92,351.51,1.27,0.64,7365700,7390200.0,2026-09-30,16:15:00
000632,ST三木,3.8,3.7,3.71,3.8,3.67,95704.0,35930000.0,17.69,17.69,-1.08,-2.42,2.06,5406700,4163700.0,2026-09-30,16:14:15
000633,合金投资,5.29,5.34,5.36,5.4,5.26,49195.0,26130000.0,20.37,20.37,379.62,10.17,1.28,2263600,2655900.0,2026-09-30,16:14:30
000635,英 力 特,7.58,7.6,7.61,7.66,7.5,90024.0,68240000.0,29.88,27.8,-4.63,3.04,2.45,3894600,5107800.0,2026-09-30,16:14:45
000636,风华高科,49.61,51.21,51.52,51.69,49.54,534297.0,2679570000.0,569.27,569.27,139.94,4.55,4.66,24440500,28989100.0,2026-09-30,16:15:00
000637,茂化实华,4.2,4.24,4.26,4.29,4.19,47824.0,20220000.0,21.83,15.31,-23.78,4.6,1.31,2158900,2623500.0,2026-09-30,16:14:15
000638,*ST万方,0.89,0.89,0.0,0.0,0.0,0.0,0.0,2.77,2.77,-5.27,3.26,0.0,0,0.0,2026-09-30,09:00:00
000639,ST西王,1.54,1.5,1.52,1.56,1.51,199936.0,30740000.0,16.62,16.62,-1.66,0.94,1.85,11687200,8306400.0,2026-09-30,16:14:30
000650,仁和药业,5.24,5.14,5.16,5.26,5.14,183486.0,95820000.0,73.36,69.76,18.58,1.16,1.38,11763600,6585000.0,2026-09-30,16:14:45
000651,格力电器,38.28,38.1,38.13,38.3,37.97,185156.0,706430000.0,2144.22,2110.34,7.69,1.44,0.34,9039800,9475800.0,2026-09-30,16:15:00
000652,泰达股份,3.33,3.34,3.36,3.36,3.3,99991.0,33300000.0,48.6,48.56,-16.42,0.9,0.69,4104800,5894300.0,2026-09-30,16:14:15
000655,金岭矿业,7.25,7.21,7.22,7.27,7.12,68663.0,49640000.0,43.16,43.16,18.26,1.22,1.15,4001200,2865100.0,2026-09-30,16:14:30
000656,金科股份,1.28,1.26,1.25,1.28,1.22,2834447.0,354780000.0,135.54,97.11,0.37,3.25,3.74,152213200,131231500.0,2026-09-30,16:14:45
000657,中钨高新,52.74,53.69,53.9,54.09,52.61,246798.0,1313520000.0,1201.73,766.2,42.75,10.65,1.7,10912100,13767700.0,2026-09-30,16:15:00
000659,珠海中富,2.74,2.73,2.73,2.76,2.68,191592.0,52170000.0,35.23,35.23,-33.37,51.63,1.49,9925400,9233800.0,2026-09-30,16:14:21
000661,长春高新,71.83,70.55,70.56,72.56,70.21,51879.0,372780000.0,293.02,283.57,-83.11,1.31,1.31,2974800,2213100.0,2026-09-30,16:14:30
000663,永安林业,6.08,6.1,6.14,6.19,6.0,71949.0,43750000.0,20.45,18.62,-21.12,2.25,2.35,3469300,3725600.0,2026-09-30,16:14:45
000665,湖北广电,4.11,4.18,4.2,4.21,4.03,263497.0,108000000.0,46.74,46.74,-4.25,1.53,2.32,11878000,14471700.0,2026-09-30,16:15:00
000668,荣丰控股,18.69,17.0,16.95,18.7,16.6,82957.0,145720000.0,28.09,27.44,103.9,3.75,5.65,4700100,3595600.0,2026-09-30,16:14:24
000669,ST金鸿,4.05,4.01,4.04,4.08,4.02,19351.0,7810000.0,27.56,27.56,39.21,37.26,0.28,899200,1035900.0,2026-09-30,16:14:30
000670,盈方微,7.29,7.6,7.65,7.68,7.2,497504.0,366070000.0,61.67,60.54,-92.79,190.49,5.99,22707600,27042800.0,2026-09-30,16:14:45
000672,上峰材料,14.84,14.65,14.77,14.89,14.57,104626.0,154520000.0,143.86,143.86,8.2,1.47,1.08,5620000,4842700.0,2026-09-30,16:15:00
000676,智度股份,6.56,6.65,6.6,6.69,6.53,517618.0,341980000.0,82.64,82.59,40.82,1.92,4.11,21225600,30536200.0,2026-09-30,16:14:33
000677,ST海龙,1.74,1.76,1.76,1.77,1.71,134556.0,23420000.0,15.03,15.03,-156.85,2.86,1.56,5879000,7576600.0,2026-09-30,16:14:30
000678,襄阳轴承,12.89,11.72,10.69,12.89,10.69,903178.0,1074990000.0,59.24,59.24,-109.29,7.62,19.65,40710100,49607700.0,2026-09-30,16:14:45
000679,大连友谊,6.29,6.32,6.36,6.37,6.27,43363.0,27380000.0,22.42,22.42,-23.84,17.82,1.22,2045800,2290500.0,2026-09-30,16:15:00
000680,山推股份,9.06,8.82,8.82,9.12,8.82,145505.0,130900000.0,135.91,119.1,10.3,2.04,1.11,9990700,4559900.0,2026-09-30,16:14:30
000681,视觉中国,15.62,15.86,15.99,16.1,15.61,113440.0,178880000.0,109.43,105.61,77.96,2.99,1.68,4864200,6479800.0,2026-09-30,16:14:30
000682,东方电子,10.62,10.24,10.3,10.75,10.26,160693.0,169910000.0,142.39,142.37,14.06,2.3,1.2,10391400,5677900.0,2026-09-30,16:14:45
000683,博源化工,5.79,5.58,5.59,5.82,5.57,591637.0,339430000.0,215.2,193.3,20.83,1.74,1.77,37451800,21711900.0,2026-09-30,16:15:00
000685,中山公用,10.67,10.62,10.64,10.71,10.6,58895.0,62810000.0,156.61,133.01,5.96,0.81,0.47,3190000,2699400.0,2026-09-30,16:14:36
000686,东北证券,7.53,7.51,7.53,7.55,7.51,76501.0,57620000.0,176.24,176.24,9.87,0.86,0.33,3821200,3828900.0,2026-09-30,16:14:30
000688,国城矿业,24.24,24.15,24.15,24.44,23.93,74095.0,179450000.0,287.26,287.26,23.89,8.49,0.63,3943700,3465800.0,2026-09-30,16:14:45
000690,宝新能源,5.21,5.15,5.14,5.25,5.07,434264.0,225410000.0,113.36,113.29,10.32,0.87,2.0,25414900,18011500.0,2026-09-30,16:15:00
000691,亚太实业,9.0,8.98,9.16,9.4,8.81,85001.0,76950000.0,43.64,29.09,-315.74,9.71,2.63,3551200,4948900.0,2026-09-30,16:14:15
000692,惠天热电,4.59,4.17,4.2,4.59,4.18,377212.0,170710000.0,24.46,24.46,-466.17,62.77,7.08,10276900,27444300.0,2026-09-30,16:14:30
000695,滨海能源,12.77,12.83,12.86,13.02,12.75,29732.0,38230000.0,29.59,28.35,-38.31,8.52,1.34,1233900,1739300.0,2026-09-30,16:14:45
000697,炼石航空,9.16,9.14,9.4,9.41,9.05,63875.0,58460000.0,127.88,59.82,-27.32,3.93,0.98,2810900,3576600.0,2026-09-30,16:15:00
000698,ST沈化,3.72,3.66,3.69,3.75,3.66,40505.0,15050000.0,30.49,29.23,680.85,2.09,0.52,2425300,1625200.0,2026-09-30,16:14:42
000700,模塑科技,12.28,12.09,12.1,12.65,11.63,699821.0,859570000.0,112.73,112.73,22.34,2.82,7.62,36697700,33284400.0,2026-09-30,16:14:36
000701,厦门信达,5.07,5.13,5.13,5.16,5.03,128258.0,65160000.0,33.88,33.85,6.86,-14.67,1.92,6181400,6644400.0,2026-09-30,16:14:45
000702,正虹科技,5.87,5.85,5.89,5.95,5.8,61788.0,36250000.0,20.35,20.35,-75.36,6.27,1.78,3296700,2882100.0,2026-09-30,16:15:00
000703,恒逸石化,15.63,15.69,15.66,15.87,15.42,702771.0,1099930000.0,642.64,639.41,10.83,2.43,1.72,32089700,38187400.0,2026-09-30,16:14:21
000705,浙江震元,7.13,7.13,7.14,7.24,7.12,40469.0,29000000.0,23.82,20.1,-50.72,1.23,1.44,1969800,2077100.0,2026-09-30,16:14:45
000707,双环科技,4.62,4.59,4.62,4.65,4.57,50423.0,23300000.0,27.01,25.44,-15.25,1.0,0.92,2475900,2566400.0,2026-09-30,16:14:45
000708,中信特钢,13.11,12.8,12.8,13.14,12.76,129433.0,168250000.0,661.68,661.68,10.81,1.54,0.26,8223300,4719900.0,2026-09-30,16:15:00
000709,河钢股份,2.04,2.0,2.0,2.05,1.99,800664.0,162100000.0,210.88,210.84,20.25,0.41,0.77,51417800,28648600.0,2026-09-30,16:14:24
000710,贝瑞基因,10.87,9.88,9.92,10.87,9.92,252360.0,268550000.0,38.43,36.47,-18.0,2.7,7.52,8638700,16597200.0,2026-09-30,16:14:39
000711,京蓝科技,4.63,4.68,4.74,4.77,4.6,489021.0,227720000.0,136.75,109.13,-191.88,18.73,2.07,18948800,29953400.0,2026-09-30,16:14:45
000712,锦龙股份,9.77,9.82,9.95,9.95,9.69,264725.0,258560000.0,87.54,87.51,50.63,3.26,2.96,12062600,14409900.0,2026-09-30,16:15:00
000713,国投丰乐,6.3,6.06,6.07,6.38,6.07,193977.0,121210000.0,50.29,38.68,80.02,1.63,3.16,11291700,8106000.0,2026-09-30,16:14:45
000715,中兴商业,5.33,5.3,5.32,5.37,5.24,48796.0,25900000.0,28.81,25.92,25.87,1.42,1.0,2503600,2376000.0,2026-09-30,16:14:51
000716,黑芝麻,4.94,4.94,4.97,4.99,4.89,153795.0,75980000.0,37.19,36.34,-153.07,1.47,2.09,7997400,7382100.0,2026-09-30,16:14:45
000717,中南股份,2.19,2.17,2.17,2.2,2.13,197598.0,42790000.0,53.08,53.08,-4.48,0.79,0.82,12023800,7736000.0,2026-09-30,16:15:00
000718,苏宁环球,2.13,2.11,2.12,2.14,2.01,648757.0,134540000.0,64.64,48.61,-73.65,0.7,2.84,32141200,32734500.0,2026-09-30,16:14:33
000719,中原传媒,11.95,11.88,11.88,12.05,11.76,39554.0,47160000.0,122.27,79.72,9.06,1.01,0.59,1912600,2042800.0,2026-09-30,16:14:36
000720,新能泰山,3.64,3.59,3.63,3.64,3.56,199407.0,71700000.0,45.74,45.74,-9.11,2.45,1.59,10892900,9047800.0,2026-09-30,16:14:45
000721,西安饮食,6.1,6.06,6.06,6.12,5.96,112013.0,67830000.0,35.01,31.25,-24.24,33.72,2.19,5751200,5450100.0,2026-09-30,16:15:00
000722,湖南发展,13.0,12.88,12.99,13.6,12.92,226077.0,298310000.0,83.17,60.34,54.4,1.82,4.87,11116400,11491300.0,2026-09-30,16:14:48
000723,美锦能源,3.51,3.47,3.47,3.52,3.45,269101.0,94000000.0,154.56,154.27,-14.74,1.28,0.61,15602900,11307300.0,2026-09-30,16:14:36
000725,京东方Ａ,5.72,5.71,5.73,5.88,5.69,9062709.0,5227450000.0,2118.94,2023.0,26.97,1.59,2.56,466359800,439911100.0,2026-09-30,16:14:45
000726,鲁  泰Ａ,5.97,5.97,5.95,5.99,5.94,44997.0,26860000.0,48.81,35.18,10.02,0.49,0.76,2420200,2079500.0,2026-09-30,16:15:00
000727,冠捷科技,2.18,2.18,2.18,2.19,2.15,432946.0,94100000.0,98.74,98.74,-14.27,5.91,0.96,21172900,22121700.0,2026-09-30,16:14:51
000728,国元证券,7.25,7.2,7.22,7.28,7.22,124010.0,89900000.0,316.37,316.37,11.61,0.82,0.28,6277900,6123100.0,2026-09-30,16:14:42
000729,燕京啤酒,11.0,10.81,10.8,11.1,10.76,158659.0,174010000.0,310.04,276.06,15.7,1.9,0.63,8566500,7299400.0,2026-09-30,16:14:48
000731,四川美丰,7.97,8.03,8.0,8.12,7.94,89930.0,72010000.0,43.74,43.74,-23.85,1.15,1.64,3796300,5196700.0,2026-09-30,16:15:00
000733,振华科技,39.13,39.04,39.19,39.33,38.71,59937.0,234160000.0,216.85,216.81,22.59,1.37,1.08,3018500,2975200.0,2026-09-30,16:14:45
000735,罗 牛 山,5.69,5.76,5.76,5.81,5.65,374533.0,213330000.0,65.52,65.49,-43.96,1.64,3.25,16650600,20802600.0,2026-09-30,16:14:48
000736,中交发展,4.85,4.8,4.69,4.88,4.36,401152.0,187210000.0,36.23,36.23,-7.08,2.95,5.37,20710700,19404600.0,2026-09-30,16:14:54
000737,北方铜业,13.44,13.43,13.43,13.51,13.34,385329.0,517700000.0,255.99,255.97,15.06,3.24,2.02,18390200,20142600.0,2026-09-30,16:15:00
000738,航发控制,18.75,18.67,18.65,18.97,18.65,77083.0,145060000.0,246.6,246.6,101.55,1.96,0.59,4101100,3607200.0,2026-09-30,16:14:57
000739,普洛药业,27.74,26.56,25.77,27.89,25.23,215799.0,575330000.0,321.35,321.22,37.81,4.89,1.86,11104000,10475900.0,2026-09-30,16:14:42
000750,国海证券,3.61,3.59,3.59,3.62,3.58,243221.0,87590000.0,230.54,209.24,24.26,1.01,0.42,13861100,10461000.0,2026-09-30,16:14:51
000751,锌业股份,4.39,4.38,4.38,4.41,4.36,124460.0,54630000.0,70.93,70.93,101.13,1.93,0.77,5556900,6889100.0,2026-09-30,16:15:00
000752,*ST西发,8.72,8.68,8.68,8.78,8.63,16901.0,14710000.0,23.0,23.0,16.41,3.62,0.64,654000,1036100.0,2026-09-30,16:14:54
000753,漳州发展,5.44,5.44,5.47,5.49,5.33,535933.0,290890000.0,53.94,53.94,77.59,1.96,5.41,25707700,27885600.0,2026-09-30,16:14:54
000755,山西高速,4.73,4.68,4.7,4.73,4.67,23090.0,10890000.0,69.4,69.4,14.77,1.27,0.16,1387700,921300.0,2026-09-30,16:14:45
000756,新华制药,14.6,13.98,14.0,14.87,13.91,552153.0,801650000.0,101.72,72.84,47.25,1.93,11.07,28769100,26446200.0,2026-09-30,16:15:00
000757,浩物股份,4.3,4.3,4.31,4.37,4.26,55547.0,23990000.0,22.91,22.91,63.6,1.42,1.04,2752500,2802200.0,2026-09-30,16:14:36
000758,中色股份,5.72,5.71,5.7,5.75,5.69,116720.0,66850000.0,113.81,113.41,17.78,1.75,0.59,6071100,5601000.0,2026-09-30,16:14:39
000759,中百集团,6.15,6.1,6.29,6.3,5.98,516011.0,315550000.0,40.35,40.33,-4.04,7.99,7.87,26329500,25271600.0,2026-09-30,16:14:57
000761,本钢板材,2.35,2.27,2.28,2.37,2.23,282959.0,65150000.0,96.55,87.15,-2.17,1.89,0.76,16355600,11940300.0,2026-09-30,16:15:00
000762,西藏矿业,20.74,20.49,20.5,20.89,20.32,58267.0,120360000.0,108.02,108.01,239.19,3.68,1.12,3064100,2762600.0,2026-09-30,16:15:00
000766,通化金马,15.16,15.17,15.19,15.31,15.07,66211.0,100500000.0,146.52,146.39,595.92,6.32,0.69,3119100,3502000.0,2026-09-30,16:15:00
000767,晋控电力,3.28,3.27,3.27,3.29,3.25,326302.0,106870000.0,100.92,95.52,58.47,1.67,1.12,17270900,15359300.0,2026-09-30,16:15:00
000768,中航西飞,23.12,22.5,22.51,23.38,22.51,318353.0,733850000.0,642.88,641.91,67.53,2.87,1.15,17754400,14081000.0,2026-09-30,16:15:00
000776,广发证券,19.88,19.74,19.8,19.92,19.72,273490.0,542610000.0,1555.58,1173.73,8.24,1.13,0.46,14117400,13231600.0,2026-09-30,16:14:15
000777,中核科技,16.12,16.1,16.19,16.24,16.05,17537.0,28290000.0,61.81,61.81,39.78,2.45,0.46,919000,834700.0,2026-09-30,16:14:30
000778,新兴铸管,3.56,3.53,3.53,3.57,3.51,334601.0,118630000.0,141.09,138.61,15.42,0.54,0.86,18833800,14626300.0,2026-09-30,16:14:45
000779,甘咨询,8.39,8.45,8.5,8.5,8.37,130280.0,109670000.0,39.0,39.0,32.45,0.97,2.8,5792600,7235400.0,2026-09-30,16:15:00
000782,恒申新材,8.1,8.12,8.22,8.31,8.06,88522.0,72190000.0,55.61,42.78,-34.09,3.53,1.68,3517000,5335200.0,2026-09-30,16:14:54
000783,长江证券,7.94,7.94,7.99,8.0,7.9,360726.0,286500000.0,439.09,439.09,8.52,1.19,0.65,15855400,20217100.0,2026-09-30,16:14:51
000785,居然智家,2.3,2.29,2.28,2.32,2.22,697334.0,158310000.0,143.22,142.43,-12.66,0.74,1.13,39878800,29854600.0,2026-09-30,16:14:57
000786,北新建材,16.6,16.24,16.15,16.74,15.55,348312.0,567580000.0,282.57,280.46,12.01,1.03,2.06,20635000,14196200.0,2026-09-30,16:15:00
000788,北大医药,5.46,5.44,5.46,5.51,5.42,92839.0,50770000.0,32.54,32.54,85.05,2.14,1.56,4365700,4918200.0,2026-09-30,16:14:15
000789,万年青,4.17,4.17,4.19,4.2,4.09,63138.0,26230000.0,33.25,33.25,-55.36,0.53,0.79,2933000,3380900.0,2026-09-30,16:14:30
000790,华神科技,4.42,4.44,4.35,4.51,4.35,632018.0,280400000.0,27.57,27.52,-10.63,3.82,10.15,28049600,35152200.0,2026-09-30,16:14:54
000791,甘肃能源,7.06,7.0,6.99,7.08,6.98,94304.0,66470000.0,229.02,136.66,11.08,1.51,0.49,5710200,3720300.0,2026-09-30,16:15:00
000792,盐湖股份,23.83,23.5,23.49,24.02,23.45,448951.0,1068890000.0,1260.98,1260.97,10.46,2.64,0.85,20340300,24554800.0,2026-09-30,16:14:15
000793,ST华闻,1.99,2.0,2.0,2.01,1.99,62481.0,12470000.0,87.44,53.03,-405.53,3.3,0.23,3175300,3072800.0,2026-09-30,16:15:00
000795,英洛华,8.21,8.18,8.17,8.22,8.17,46076.0,37770000.0,91.64,91.64,39.01,3.47,0.41,2336500,2271100.0,2026-09-30,16:14:45
000796,凯撒旅业,3.52,3.49,3.53,3.54,3.46,271327.0,95340000.0,56.45,46.84,136.76,6.38,2.04,12934800,14197900.0,2026-09-30,16:15:00
000797,中国武夷,2.72,2.7,2.64,2.74,2.5,797670.0,209200000.0,42.72,42.72,-5.35,1.0,5.08,40344300,39422700.0,2026-09-30,16:14:15
000798,中水渔业,9.79,9.6,9.71,9.89,9.65,111576.0,108960000.0,35.82,35.82,35.89,6.56,3.05,6332300,4825300.0,2026-09-30,16:14:30
000799,酒鬼酒,36.67,36.01,36.02,37.43,35.8,55615.0,204060000.0,119.15,119.14,-389.54,3.26,1.71,3156900,2404600.0,2026-09-30,16:14:45
000800,一汽解放,5.88,5.84,5.83,5.9,5.78,113641.0,66530000.0,289.37,289.33,28.61,1.1,0.23,5644000,5720100.0,2026-09-30,16:15:00
000801,四川九洲,11.41,11.52,11.57,11.59,11.4,57849.0,66470000.0,115.96,115.92,56.88,3.97,0.57,2910600,2874300.0,2026-09-30,16:14:15
000802,北京文化,3.85,3.91,3.91,3.93,3.81,336363.0,129540000.0,27.56,27.55,-12.89,4.66,4.7,13690700,19945600.0,2026-09-30,16:14:30
000803,山高环能,7.24,6.86,6.93,7.36,6.9,123217.0,88640000.0,33.76,33.66,61.57,2.23,2.65,7092500,5229200.0,2026-09-30,16:14:54
000807,云铝股份,26.2,26.47,25.99,26.35,25.86,396984.0,1037450000.0,908.6,908.6,8.28,2.38,1.14,20316200,19382200.0,2026-09-30,16:15:00
000809,和展能源,3.42,3.47,3.48,3.52,3.4,172176.0,59090000.0,28.21,28.21,-165.98,1.06,2.09,7529400,9688200.0,2026-09-30,16:14:57
000810,创维数字,9.1,9.1,9.1,9.16,9.05,79855.0,72730000.0,104.67,101.75,36.3,1.59,0.71,3368600,4616900.0,2026-09-30,16:15:00
000811,冰轮环境,36.79,37.88,38.0,38.38,36.72,187309.0,695260000.0,365.13,362.45,59.9,5.61,1.9,8223400,10507500.0,2026-09-30,16:14:45
000812,陕西金叶,3.72,3.74,3.76,3.8,3.69,173870.0,64660000.0,28.14,28.13,-12.24,1.87,2.3,7682600,9704400.0,2026-09-30,16:15:00
000813,德展健康,3.23,3.2,3.21,3.25,3.19,199469.0,64310000.0,67.74,67.72,-18.78,1.48,0.95,11390800,8556100.0,2026-09-30,16:14:15
000815,美利云,14.25,14.46,14.65,14.75,14.19,171103.0,246220000.0,99.07,99.07,124.57,6.99,2.46,7241800,9868500.0,2026-09-30,16:14:30
000816,智慧农业,2.79,2.79,2.8,2.8,2.76,188691.0,52520000.0,40.37,40.16,-55.64,2.04,1.31,7969300,10899800.0,2026-09-30,16:14:45
000818,航锦科技,11.26,11.31,11.31,11.38,11.17,80475.0,90660000.0,74.32,74.11,-63.54,3.39,1.22,3110900,4936600.0,2026-09-30,16:15:00
000819,岳阳兴长,12.2,12.19,12.26,12.35,12.15,23108.0,28290000.0,44.65,44.65,-533.31,2.16,0.63,1230200,1080600.0,2026-09-30,16:15:00
000820,神雾节能,3.59,3.56,3.64,3.73,3.58,117976.0,42740000.0,23.21,10.66,-35.77,29.34,3.97,5957800,5839800.0,2026-09-30,16:14:30
000821,ST京机,7.28,7.29,7.3,7.34,7.24,36162.0,26300000.0,45.35,43.58,79.91,1.09,0.6,1216900,2399300.0,2026-09-30,16:14:45
000822,山东海化,4.28,4.23,4.25,4.31,4.24,68283.0,29220000.0,38.31,38.31,-2.71,1.07,0.76,4166200,2662100.0,2026-09-30,16:15:00
000823,超声电子,23.28,24.4,24.5,24.6,23.06,1241684.0,2935100000.0,138.51,138.5,62.64,2.48,20.87,55941700,68226800.0,2026-09-30,16:14:18
000825,太钢不锈,3.39,3.35,3.36,3.41,3.34,257191.0,86920000.0,193.1,193.1,-93.74,0.59,0.45,14043200,11675800.0,2026-09-30,16:14:30
000826,*ST启环,1.72,1.73,1.74,1.75,1.71,102842.0,17840000.0,24.52,24.51,-0.85,-0.91,0.72,2425000,7859200.0,2026-09-30,16:14:45
000828,东莞控股,9.97,9.91,9.93,10.01,9.88,37002.0,36900000.0,103.64,103.64,12.32,1.01,0.36,2250700,1449500.0,2026-09-30,16:15:00
000829,天音控股,9.14,9.15,9.26,9.27,8.9,209256.0,190480000.0,93.69,93.61,164.81,3.2,2.04,10211100,10714500.0,2026-09-30,16:14:24
000830,鲁西化工,11.43,11.22,11.24,11.5,11.23,167543.0,191150000.0,217.66,217.65,19.47,1.11,0.88,11408900,5345500.0,2026-09-30,16:14:30
000831,中国稀土,52.73,53.23,53.88,53.99,52.48,128133.0,681930000.0,559.58,559.58,225.8,11.12,1.21,5591500,7221900.0,2026-09-30,16:14:45
000833,粤桂股份,18.76,18.41,18.53,19.0,18.43,148227.0,278240000.0,160.42,85.12,17.66,3.0,3.27,7573000,7249700.0,2026-09-30,16:15:00
000837,秦川机床,9.47,9.51,9.52,9.63,9.46,66383.0,63200000.0,96.89,95.4,176.06,1.95,0.66,2910900,3727400.0,2026-09-30,16:14:15
000838,*ST发展,2.45,2.23,2.31,2.45,2.31,506733.0,120840000.0,26.96,26.96,-3.99,-10.77,4.6,30629500,20043800.0,2026-09-30,16:14:30
000839,国安股份,2.85,2.89,2.87,2.91,2.8,722703.0,205150000.0,111.72,111.72,-474.05,9.16,1.84,28474000,43796300.0,2026-09-30,16:14:45
000848,承德露露,8.14,7.94,7.96,8.22,7.93,131884.0,106790000.0,83.03,82.26,12.46,2.57,1.3,8402500,4785900.0,2026-09-30,16:15:00
000850,华茂股份,4.17,4.63,4.39,4.5,4.17,1585140.0,671890000.0,39.35,39.34,41.11,0.86,16.8,60634200,97879800.0,2026-09-30,16:14:18
000851,*ST高鸿,0.38,0.38,0.0,0.0,0.0,0.0,0.0,4.4,4.3,-0.64,2.91,0.0,0,0.0,2026-09-30,09:00:00
000852,石化机械,5.31,5.28,5.26,5.35,5.25,95517.0,50550000.0,50.75,50.46,-215.22,1.61,1.01,4494400,5057300.0,2026-09-30,16:14:30
000856,冀东装备,8.88,8.9,8.97,9.0,8.81,32971.0,29360000.0,20.16,20.16,94.03,4.78,1.45,1572800,1724300.0,2026-09-30,16:14:45
000858,五 粮 液,70.06,68.77,68.84,70.47,68.68,194885.0,1358340000.0,2719.45,2719.39,20.79,2.3,0.5,12213000,7275500.0,2026-09-30,16:15:00
000859,国风新材,8.53,8.62,8.66,8.8,8.5,198780.0,171440000.0,76.43,76.42,-119.03,2.84,2.22,8063000,11814900.0,2026-09-30,16:14:15
000860,顺鑫农业,10.38,10.09,10.13,10.48,10.11,110835.0,114400000.0,77.0,77.0,-27.03,1.13,1.49,6667100,4416400.0,2026-09-30,16:14:30
000862,银星能源,5.34,5.32,5.39,5.41,5.3,99629.0,53210000.0,49.02,38.08,-418.2,1.11,1.4,5213800,4749100.0,2026-09-30,16:14:45
000863,三湘印象,4.46,4.52,4.52,4.52,4.27,262331.0,115300000.0,52.66,51.95,-32.94,1.21,2.25,13311500,12921600.0,2026-09-30,16:15:00
000868,安凯客车,4.15,4.18,4.24,4.31,4.04,748980.0,313200000.0,38.99,38.99,-54.34,4.85,7.97,37604800,37293200.0,2026-09-30,16:14:33
000869,张  裕Ａ,17.05,16.76,16.78,17.14,16.78,15350.0,26070000.0,109.68,77.59,418.46,1.08,0.34,813700,721300.0,2026-09-30,16:14:36
000875,电投绿能,4.68,4.6,4.6,4.7,4.58,247011.0,115120000.0,169.76,156.43,87.6,0.97,0.74,15515700,9185400.0,2026-09-30,16:14:45
000876,新 希 望,6.92,6.89,6.86,6.93,6.81,189945.0,130610000.0,343.38,311.4,-8.1,1.67,0.42,9912900,9081600.0,2026-09-30,16:15:00
000877,天山股份,3.76,3.69,3.7,3.8,3.62,222727.0,82800000.0,267.35,267.35,-2.8,0.37,0.31,12965000,9307700.0,2026-09-30,16:14:15
000878,云南铜业,16.04,15.95,15.95,16.12,15.88,215580.0,345090000.0,389.0,321.38,22.5,2.04,1.08,11057300,10500600.0,2026-09-30,16:14:30
000880,潍柴重机,23.86,23.59,23.9,24.35,23.52,127204.0,303760000.0,110.67,54.17,38.6,4.98,5.6,5752900,6967500.0,2026-09-30,16:14:45
000881,中广核技,6.4,6.37,6.39,6.45,6.36,35436.0,22660000.0,60.51,57.84,-19.59,1.23,0.39,1846000,1697600.0,2026-09-30,16:15:00
000882,华联股份,1.55,1.53,1.56,1.56,1.48,773370.0,117610000.0,42.43,42.4,-8.07,0.67,2.83,40438300,36898700.0,2026-09-30,16:14:30
000883,湖北能源,4.39,4.33,4.34,4.4,4.32,234915.0,102770000.0,310.79,284.45,15.18,0.83,0.36,14257900,9233600.0,2026-09-30,16:14:30
000885,城发环境,11.7,11.61,11.65,11.76,11.58,19983.0,23360000.0,75.12,75.12,6.17,0.77,0.31,1091300,907000.0,2026-09-30,16:14:45
000886,海南高速,4.73,4.69,4.76,4.79,4.64,139537.0,65750000.0,46.77,46.34,18.56,1.44,1.42,7967200,5986600.0,2026-09-30,16:15:00
000887,中鼎股份,18.32,18.45,18.51,18.69,18.28,138842.0,255840000.0,241.18,240.79,16.6,1.63,1.06,6450900,7433300.0,2026-09-30,16:14:39
000888,峨眉山Ａ,9.06,9.08,9.09,9.11,9.01,73842.0,66870000.0,47.74,47.74,21.57,1.76,1.4,3688000,3696200.0,2026-09-30,16:14:33
000889,中嘉博创,3.62,3.7,3.7,3.71,3.61,188181.0,68450000.0,33.89,31.49,28.17,17.02,2.16,6609000,12209100.0,2026-09-30,16:14:45
000890,法尔胜,6.96,7.08,7.16,7.16,6.93,100882.0,70590000.0,29.2,29.2,-36.57,1905.85,2.4,4083200,6005000.0,2026-09-30,16:15:00
000892,欢瑞世纪,4.53,4.58,4.6,4.64,4.42,996290.0,451960000.0,44.44,32.2,-11.41,8.79,14.02,49281500,50347500.0,2026-09-30,16:14:39
000893,亚钾国际,36.84,35.95,35.95,36.97,35.82,92640.0,339830000.0,340.42,298.82,15.7,2.33,1.14,4915400,4348600.0,2026-09-30,16:14:30
000895,双汇发展,23.66,23.41,23.45,23.7,23.35,71443.0,168470000.0,819.74,819.63,16.11,3.92,0.21,4160000,2984300.0,2026-09-30,16:14:45
000897,津滨发展,1.96,1.95,1.95,1.99,1.83,764215.0,146140000.0,31.7,31.7,-60.88,1.06,4.73,41024500,35397000.0,2026-09-30,16:15:00
000898,鞍钢股份,2.06,2.02,2.03,2.08,1.99,523135.0,106780000.0,193.01,163.92,-3.86,0.46,0.66,31491100,20822300.0,2026-09-30,16:14:24
000899,赣能股份,9.08,8.99,9.03,9.11,8.98,53603.0,48580000.0,88.59,88.59,10.65,1.46,0.55,3053900,2306300.0,2026-09-30,16:14:42
000900,现代投资,3.59,3.56,3.56,3.6,3.55,113820.0,40750000.0,54.49,54.49,16.39,0.5,0.75,6233000,5149000.0,2026-09-30,16:14:45
000901,航天科技,13.68,13.81,13.86,13.95,13.6,66397.0,91300000.0,109.19,109.19,668.17,2.58,0.83,3003500,3636200.0,2026-09-30,16:15:00
000902,新洋丰,13.5,13.36,13.44,13.63,13.37,36832.0,49720000.0,169.39,154.28,10.44,1.37,0.32,2371000,1312200.0,2026-09-30,16:14:18
000903,ST云动,1.97,1.92,1.93,1.99,1.91,138849.0,27130000.0,37.83,37.83,-3.72,8.16,0.72,7437800,6447100.0,2026-09-30,16:14:42
000905,厦门港务,9.15,9.17,9.16,9.33,9.01,195516.0,179410000.0,141.12,67.88,76.84,1.55,2.64,9577700,9973900.0,2026-09-30,16:14:45
000906,浙商中拓,6.11,6.17,6.18,6.19,6.08,55368.0,33880000.0,43.36,43.0,16.18,0.88,0.79,2158300,3378500.0,2026-09-30,16:15:00
000908,石药景峰,5.99,5.95,5.97,6.08,5.97,108709.0,65450000.0,105.4,52.7,-248.26,5.04,1.24,5776500,5094400.0,2026-09-30,16:14:45
000909,*ST数源,5.25,5.19,5.21,5.32,5.19,25737.0,13550000.0,22.98,22.98,-5.69,3.8,0.59,1361500,1212200.0,2026-09-30,16:14:42
000910,大亚圣象,6.15,6.44,6.46,6.53,5.92,641338.0,394590000.0,33.66,33.65,-15.57,0.53,11.72,29346400,34787300.0,2026-09-30,16:14:45
000911,*ST广糖,5.4,4.91,5.07,5.4,5.03,111331.0,58330000.0,21.62,21.62,-14.86,-26.26,2.78,6296500,4836600.0,2026-09-30,16:15:00
000912,泸天化,3.88,3.88,3.89,3.92,3.85,265761.0,103270000.0,60.84,60.84,1048.72,0.96,1.69,13612900,12963200.0,2026-09-30,16:14:27
000913,钱江摩托,10.7,10.5,10.59,10.77,10.5,31549.0,33690000.0,56.33,55.65,6.96,1.08,0.61,1668000,1486900.0,2026-09-30,16:14:45
000915,华特达因,23.83,23.58,23.7,23.84,23.56,10030.0,23820000.0,55.84,55.79,13.26,2.13,0.43,566700,436300.0,2026-09-30,16:14:45
000917,电广传媒,6.77,6.81,6.81,6.87,6.68,146090.0,99020000.0,95.97,95.96,232.08,0.93,1.03,7240100,7368900.0,2026-09-30,16:15:00
000919,金陵药业,6.5,6.43,6.45,6.53,6.42,74018.0,48100000.0,40.43,40.41,72.23,1.07,1.19,3847900,3553900.0,2026-09-30,16:14:48
000920,沃顿科技,12.43,12.16,12.29,12.95,12.24,184299.0,231690000.0,58.75,58.74,25.68,2.95,3.9,9533500,8896400.0,2026-09-30,16:14:30
000921,海信家电,26.78,26.5,26.6,26.95,26.39,40739.0,108690000.0,370.87,247.38,13.4,2.12,0.44,2313600,1760200.0,2026-09-30,16:14:45
000922,佳电股份,11.93,11.99,12.0,12.09,11.87,33312.0,39850000.0,99.49,84.1,32.37,2.11,0.47,1326300,2004900.0,2026-09-30,16:15:00
000923,河钢资源,15.73,15.45,15.53,15.95,15.4,94291.0,148200000.0,102.67,98.77,58.32,1.06,1.5,5514100,3915000.0,2026-09-30,16:14:39
000925,众合科技,7.86,7.9,7.93,8.08,7.82,197454.0,156180000.0,53.15,52.74,-449.1,1.65,2.94,9373500,10371900.0,2026-09-30,16:14:48
000926,福星股份,2.2,2.16,2.17,2.22,2.03,703711.0,149660000.0,35.05,34.61,-0.6,1.16,4.47,37825400,32545700.0,2026-09-30,16:14:51
000927,中国铁物,2.47,2.43,2.45,2.49,2.42,429349.0,105670000.0,149.44,149.44,28.42,1.53,0.71,29621500,13313400.0,2026-09-30,16:15:00
000928,中钢国际,5.34,5.29,5.31,5.35,5.26,89991.0,47800000.0,76.61,76.61,16.69,0.9,0.63,5095000,3904100.0,2026-09-30,16:14:51
000929,兰州黄河,9.4,9.45,9.51,9.71,9.37,31303.0,29670000.0,17.46,17.46,-16.65,5.14,1.69,1178500,1951800.0,2026-09-30,16:14:33
000930,中粮科技,5.16,5.02,5.05,5.19,5.04,360967.0,185230000.0,95.79,95.79,-40.22,0.93,1.94,22261100,13835600.0,2026-09-30,16:14:54
000931,中 关 村,4.58,4.52,4.51,4.61,4.51,159488.0,73010000.0,34.49,34.4,-166.47,2.17,2.12,9155000,6793800.0,2026-09-30,16:15:00
000932,华菱钢铁,3.54,3.44,3.45,3.55,3.42,839596.0,293540000.0,242.58,242.58,22.3,0.44,1.23,57504000,26455600.0,2026-09-30,16:14:51
000933,神火股份,26.22,26.1,25.72,26.33,25.61,295644.0,771500000.0,589.69,589.31,8.57,2.13,1.32,15010400,14554100.0,2026-09-30,16:14:54
000935,四川双马,19.45,19.2,19.2,19.68,19.12,34469.0,66980000.0,148.49,148.49,104.11,1.92,0.45,1549900,1897000.0,2026-09-30,16:14:45
000936,华西股份,5.49,5.44,5.48,5.58,5.36,129519.0,71040000.0,48.64,48.64,-17.41,0.99,1.46,6917200,6034700.0,2026-09-30,16:15:00
000937,冀中能源,4.4,4.36,4.34,4.41,4.33,238579.0,104670000.0,171.02,166.18,32.36,0.89,0.63,13569800,10288200.0,2026-09-30,16:14:54
000938,紫光股份,31.02,31.53,31.75,31.85,30.91,719566.0,2246000000.0,887.2,887.19,31.56,4.96,2.52,32699400,39257200.0,2026-09-30,16:14:36
000948,南天信息,13.14,13.22,13.27,13.29,13.05,31198.0,41040000.0,51.23,51.13,93.59,1.87,0.8,1381400,1738400.0,2026-09-30,16:14:48
000949,新乡化纤,6.44,6.41,6.44,6.53,6.35,262697.0,169690000.0,106.7,106.68,22.24,1.52,1.59,13369500,12900200.0,2026-09-30,16:15:00
000950,重药控股,5.25,5.2,5.2,5.26,5.18,156692.0,82050000.0,89.92,89.92,25.05,0.77,0.91,9581300,6087900.0,2026-09-30,16:14:39
000951,中国重汽,20.23,19.92,19.92,20.29,19.89,86529.0,174350000.0,236.49,236.49,12.01,1.43,0.74,4634400,4018500.0,2026-09-30,16:15:00
000952,广济药业,6.57,6.6,6.58,6.68,6.55,57081.0,37720000.0,22.6,22.6,-5.84,3.78,1.66,2769900,2938200.0,2026-09-30,16:14:51
000953,中哲精化,5.98,6.0,6.01,6.07,5.94,38947.0,23350000.0,21.89,21.89,629.31,14.16,1.06,1902400,1992300.0,2026-09-30,16:15:00
000955,欣龙控股,4.1,4.09,4.12,4.25,4.03,95270.0,39190000.0,22.07,22.07,-1450.77,3.42,1.77,4144500,5382500.0,2026-09-30,16:14:42
000957,中通客车,9.86,9.86,9.88,10.02,9.66,126588.0,124410000.0,58.46,58.46,12.93,1.73,2.14,5527400,7131400.0,2026-09-30,16:14:30
000958,电投产融,4.94,4.92,4.91,4.98,4.91,111926.0,55390000.0,904.84,265.94,29.32,1.78,0.21,6017200,5175400.0,2026-09-30,16:14:57
000959,首钢股份,3.51,3.45,3.45,3.53,3.43,223222.0,77850000.0,272.2,261.55,30.75,0.54,0.3,13359000,8963200.0,2026-09-30,16:15:00
000960,锡业股份,30.46,30.6,30.7,30.8,30.33,127371.0,389170000.0,501.2,501.2,20.81,2.33,0.77,5500000,7237100.0,2026-09-30,16:14:54
000962,东方钽业,54.27,55.45,55.67,56.56,54.05,97320.0,536290000.0,286.21,279.22,121.38,7.12,1.89,4269800,5462300.0,2026-09-30,16:14:57
000963,华东医药,27.69,26.85,26.73,27.72,26.69,328380.0,902940000.0,485.61,485.41,14.03,1.96,1.87,20330600,12507400.0,2026-09-30,16:14:45
000965,天保基建,3.5,3.49,3.43,3.53,3.25,517532.0,175970000.0,38.84,38.84,-86.35,0.71,4.66,26553300,25199800.0,2026-09-30,16:15:00
000966,长源电力,3.98,3.95,3.96,3.99,3.93,230980.0,91730000.0,138.55,138.55,1158.79,1.02,0.66,12240100,10857900.0,2026-09-30,16:14:54
000967,盈峰环境,7.79,8.1,7.97,8.07,7.78,536277.0,422890000.0,261.68,261.56,40.61,1.4,1.6,17514000,36113700.0,2026-09-30,16:15:00
000968,蓝焰控股,6.83,6.83,6.86,6.86,6.79,104446.0,71280000.0,66.08,66.08,22.12,1.03,1.08,5197300,5247300.0,2026-09-30,16:14:45
000969,安泰科技,16.0,16.25,16.35,16.39,15.99,104046.0,167590000.0,168.08,166.53,39.9,2.88,1.0,4087700,6316900.0,2026-09-30,16:15:00
000970,中科三环,10.95,10.99,10.99,11.03,10.9,92692.0,101540000.0,133.12,133.12,137.9,2.04,0.76,3532000,5737300.0,2026-09-30,16:14:15
000972,中基健康,3.94,3.86,3.88,3.96,3.86,92741.0,36190000.0,30.39,30.39,-81.15,-76.36,1.2,5267900,4006200.0,2026-09-30,16:14:30
000973,佛塑科技,11.56,11.4,11.51,11.72,11.4,172222.0,199400000.0,284.17,116.96,29.6,3.0,1.7,9023700,8198500.0,2026-09-30,16:14:57
000975,山金国际,22.76,22.27,22.3,22.83,22.11,316246.0,713770000.0,631.03,574.28,16.64,3.96,1.25,16504600,15119900.0,2026-09-30,16:15:00
000977,浪潮信息,65.93,67.18,67.53,67.89,65.9,331772.0,2206840000.0,968.17,967.14,21.2,3.95,2.26,14724200,18453100.0,2026-09-30,16:14:15
000978,桂林旅游,7.08,7.27,7.27,7.33,7.05,620327.0,442160000.0,33.14,33.14,361.75,3.07,13.25,25130300,36902400.0,2026-09-30,16:14:30
000980,众泰汽车,2.26,2.22,2.25,2.34,2.14,5028378.0,1130610000.0,113.96,113.96,-82.01,58.41,9.97,243089400,259748400.0,2026-09-30,16:14:51
000981,山子高科,2.69,2.76,2.72,2.79,2.67,3520682.0,952840000.0,268.93,255.91,31.97,9.31,3.7,135365800,216702400.0,2026-09-30,16:15:00
000983,山西焦煤,6.48,6.37,6.36,6.52,6.34,413909.0,267430000.0,367.88,367.87,25.83,0.99,0.73,23057500,18333300.0,2026-09-30,16:15:00
000985,大庆华科,17.1,17.24,17.25,17.5,17.0,12852.0,22030000.0,22.17,22.17,1024.88,3.65,0.99,569700,715500.0,2026-09-30,16:14:30
000987,越秀资本,7.2,7.14,7.16,7.24,7.12,127579.0,91580000.0,361.23,360.9,7.57,1.07,0.25,7011200,5746700.0,2026-09-30,16:14:45
000988,华工科技,92.25,94.25,94.99,94.99,91.82,242571.0,2257800000.0,927.58,927.1,53.14,7.76,2.41,10386800,13870400.0,2026-09-30,16:15:00
000989,九芝堂,8.75,8.55,8.55,8.79,8.53,145003.0,126030000.0,74.89,64.25,22.76,2.04,1.97,9101600,5398700.0,2026-09-30,16:14:15
000990,诚志股份,6.17,6.13,6.11,6.2,6.08,216501.0,133360000.0,104.97,104.97,54.47,0.58,1.27,11949200,9701000.0,2026-09-30,16:14:30
000993,闽东电力,17.09,16.28,16.81,17.27,16.56,659972.0,1120190000.0,78.26,78.26,457.6,3.1,14.41,35648800,30348400.0,2026-09-30,16:14:45
000995,皇台酒业,11.4,11.28,11.42,11.67,11.21,124484.0,142670000.0,20.22,20.22,890.43,13.17,7.02,6235300,6213100.0,2026-09-30,16:15:00
000997,新 大 陆,19.33,19.31,19.47,19.54,19.21,59432.0,115140000.0,195.83,194.74,17.72,2.55,0.59,2847400,3095800.0,2026-09-30,16:14:15
000998,隆平高科,8.66,8.38,8.44,8.71,8.38,275779.0,236570000.0,127.25,113.88,223.27,1.93,2.1,17637400,9940500.0,2026-09-30,16:14:30
000999,华润三九,24.19,23.44,23.44,24.25,23.42,110937.0,265730000.0,402.57,402.17,12.29,1.76,0.67,7825600,3268100.0,2026-09-30,16:14:45
001201,东瑞股份,15.82,15.72,16.03,17.26,15.6,172164.0,281120000.0,40.78,33.62,-6.93,1.48,8.1,8047800,9168600.0,2026-09-30,16:15:00
001202,炬申股份,14.88,15.02,15.02,15.15,14.82,9505.0,14200000.0,24.8,17.38,40.63,2.93,0.81,417600,532900.0,2026-09-30,16:14:54
001203,大中矿业,22.28,21.62,21.65,22.47,21.5,130973.0,290390000.0,341.57,290.97,52.35,4.75,1.0,6672000,6425300.0,2026-09-30,16:14:30
001205,盛航股份,14.44,14.41,14.59,14.68,14.3,24940.0,36000000.0,27.15,24.04,21.37,1.25,1.5,1101300,1392700.0,2026-09-30,16:15:00
001206,依依股份,18.62,16.93,18.31,18.62,18.31,46447.0,86370000.0,34.43,19.9,25.32,1.92,4.35,649800,3994900.0,2026-09-30,16:15:00
001207,联科科技,19.0,19.08,18.96,19.21,18.76,41723.0,79200000.0,57.6,55.6,19.51,2.38,1.43,1882700,2289600.0,2026-09-30,16:14:15
001208,华菱线缆,12.92,13.06,13.22,13.23,12.87,53895.0,70090000.0,82.47,41.18,79.39,2.82,1.69,2320900,3068600.0,2026-09-30,16:14:30
001209,洪兴股份,18.87,18.67,18.95,19.0,18.58,22612.0,42460000.0,24.82,18.14,97.86,1.93,2.35,1338500,922700.0,2026-09-30,16:14:45
001210,金房能源,27.2,27.22,27.34,27.54,26.54,37555.0,101240000.0,59.71,36.29,44.04,4.2,2.81,1559900,2195600.0,2026-09-30,16:15:00
001211,双枪科技,29.52,27.66,27.51,29.69,27.1,98842.0,283360000.0,29.52,27.55,-72109.04,3.41,10.59,4794800,5089400.0,2026-09-30,16:14:15
001212,中旗新材,36.18,36.78,36.87,37.4,35.74,34815.0,126730000.0,72.71,65.35,-199.32,3.8,1.93,1562300,1919200.0,2026-09-30,16:14:30
001213,中铁特货,3.51,3.49,3.5,3.52,3.48,55024.0,19280000.0,156.0,156.0,54.09,0.82,0.12,3187300,2315100.0,2026-09-30,16:14:45
001215,千味央厨,32.44,32.3,32.59,32.59,31.93,11711.0,37730000.0,31.52,31.43,52.76,1.69,1.21,643300,527800.0,2026-09-30,16:15:00
001216,华瓷股份,26.18,29.09,28.8,28.99,26.18,269737.0,719080000.0,76.43,64.62,37.57,3.05,10.93,15028100,11945600.0,2026-09-30,16:14:24
001217,华尔泰,11.16,11.21,11.22,11.46,11.11,48574.0,54640000.0,37.04,36.67,-84.51,1.7,1.48,2378100,2479300.0,2026-09-30,16:14:30
001218,丽臣实业,23.46,23.59,23.69,23.81,23.33,10591.0,24960000.0,31.5,28.09,12.05,1.27,0.88,472800,586300.0,2026-09-30,16:14:45
001219,青岛食品,12.94,12.9,12.93,13.0,12.8,16858.0,21750000.0,25.23,24.61,22.58,2.34,0.89,845200,840600.0,2026-09-30,16:15:00
001222,源飞宠物,15.38,15.27,15.39,15.67,15.26,31660.0,48860000.0,29.36,17.43,35.97,2.05,2.79,1564700,1601300.0,2026-09-30,16:15:00
001223,欧克科技,40.94,41.93,42.54,42.94,40.78,12639.0,52440000.0,53.51,28.59,-500.63,2.82,1.81,533200,730600.0,2026-09-30,16:15:00
001225,和泰机电,33.9,33.35,33.35,36.5,33.35,27771.0,96180000.0,31.12,30.51,111.51,2.25,3.09,1245500,1531600.0,2026-09-30,16:14:15
001226,拓山重工,45.7,47.83,48.3,48.39,45.53,11269.0,52430000.0,34.12,16.22,131.22,4.55,3.17,408100,718800.0,2026-09-30,16:14:30
001227,兰州银行,2.11,2.09,2.09,2.12,2.08,546683.0,114940000.0,120.18,88.98,6.75,0.39,1.3,36645300,18023000.0,2026-09-30,16:14:45
001228,永泰运,37.9,37.67,37.35,38.64,37.35,25992.0,98720000.0,39.36,30.27,39.01,2.01,3.25,1223000,1376200.0,2026-09-30,16:15:00
001229,魅视科技,37.13,38.43,38.55,38.9,37.03,24487.0,91790000.0,53.26,27.38,97.53,5.33,3.32,996300,1452400.0,2026-09-30,16:14:30
001230,劲旅环境,18.97,19.17,19.48,19.49,18.94,28428.0,54310000.0,35.62,20.86,19.65,1.78,2.58,1440900,1401900.0,2026-09-30,16:14:30
001231,农心科技,22.52,22.81,22.82,23.07,22.51,7330.0,16690000.0,22.45,11.48,31.15,2.15,1.44,321700,411300.0,2026-09-30,16:14:45
001234,泰慕士,25.8,28.67,28.35,28.38,25.8,110079.0,289860000.0,28.02,23.62,68.88,3.04,12.03,4577600,6430300.0,2026-09-30,16:14:36
001236,弘业期货,7.84,7.85,7.85,7.95,7.74,62854.0,49200000.0,79.01,59.43,246.85,4.21,0.83,2712700,3572700.0,2026-09-30,16:14:45
001238,浙江正特,25.9,26.13,26.35,26.49,25.52,8226.0,21390000.0,40.18,37.66,197.38,3.44,0.57,384900,437800.0,2026-09-30,16:14:33
001239,永达股份,12.3,12.29,12.33,12.42,12.25,18934.0,23360000.0,29.52,14.02,-417.75,2.17,1.66,972500,920900.0,2026-09-30,16:14:36
001255,博菲电气,27.1,27.39,27.95,27.95,26.96,11251.0,30660000.0,23.58,20.92,301.52,2.56,1.46,435500,689600.0,2026-09-30,16:14:39
001256,炜冈科技,21.72,21.42,21.68,21.95,21.21,16528.0,35690000.0,30.98,23.22,12.75,2.22,1.55,825700,827100.0,2026-09-30,16:14:42
001258,立新能源,10.03,10.12,10.18,10.2,9.98,255449.0,256990000.0,93.61,93.61,62.76,3.03,2.74,12532400,13012600.0,2026-09-30,16:15:00
001259,利仁科技,43.75,44.9,44.9,45.8,43.59,8175.0,36260000.0,32.2,20.8,297.84,4.47,1.72,307400,510100.0,2026-09-30,16:14:27
001260,坤泰股份,19.2,19.01,19.18,19.46,19.09,28476.0,54810000.0,22.08,11.06,97.79,2.72,4.94,1408900,1438700.0,2026-09-30,16:14:30
001266,宏英智能,39.96,36.33,36.35,39.96,36.35,80190.0,309230000.0,41.42,23.24,97.18,4.3,13.79,4361700,3657300.0,2026-09-30,16:14:45
001267,汇绿生态,32.83,33.37,34.01,34.55,32.75,212546.0,712340000.0,257.71,199.79,331.86,16.02,3.49,10145200,11109400.0,2026-09-30,16:15:00
001268,联合精密,25.22,25.4,25.5,25.79,24.9,25348.0,63910000.0,38.01,23.79,-405.45,3.89,2.69,1083100,1451700.0,2026-09-30,16:14:39
001269,欧晶科技,19.13,19.03,19.22,19.72,19.09,14564.0,28060000.0,36.81,36.81,-14.68,5.75,0.76,680900,775400.0,2026-09-30,16:14:48
001270,铖昌科技,89.5,93.99,92.22,93.11,89.4,62308.0,566020000.0,184.47,183.3,134.88,11.66,3.04,2884800,3346000.0,2026-09-30,16:14:45
001277,速达股份,30.29,30.28,30.58,30.65,30.13,7417.0,22510000.0,23.02,13.87,24.74,1.46,1.62,322500,419200.0,2026-09-30,16:15:00
001278,一彬科技,16.97,17.15,17.12,17.25,16.85,25809.0,43890000.0,21.0,14.48,-14.13,1.9,3.02,1280200,1300700.0,2026-09-30,16:14:18
001279,强邦新材,26.0,26.17,26.32,26.35,25.84,4782.0,12450000.0,41.6,10.4,123.95,4.14,1.2,219100,259100.0,2026-09-30,16:14:42
001282,三联锻造,16.75,16.35,16.41,17.48,16.22,72331.0,122730000.0,37.22,25.58,47.81,2.26,4.74,3672000,3561100.0,2026-09-30,16:15:00
001283,豪鹏科技,47.06,46.27,46.56,48.45,45.56,42299.0,200020000.0,61.03,48.66,26.61,1.68,4.09,2267200,1962700.0,2026-09-30,16:14:36
001286,陕西能源,9.45,9.42,9.4,9.57,9.39,156241.0,148190000.0,354.37,127.58,11.72,1.34,1.16,7086600,8537500.0,2026-09-30,16:14:45
001287,中电港,22.59,23.37,23.58,23.65,22.55,116779.0,267470000.0,171.66,171.66,27.85,2.95,1.54,4490500,7187400.0,2026-09-30,16:15:00
001288,运机集团,31.32,32.16,32.58,33.0,31.0,43810.0,139810000.0,73.22,47.56,45.74,3.21,2.88,2157400,2223600.0,2026-09-30,16:14:51
001289,龙源电力,14.91,14.81,14.81,14.92,14.7,24263.0,35980000.0,1246.45,751.75,35.17,1.62,0.05,1495000,931300.0,2026-09-30,16:14:42
001296,长江材料,19.39,19.51,19.51,19.84,19.28,15155.0,29640000.0,29.01,15.7,27.54,1.59,1.87,678600,836900.0,2026-09-30,16:14:45
001298,好上好,16.21,16.36,16.38,16.54,16.2,38826.0,63420000.0,70.11,66.04,37.31,4.02,0.95,1728000,2154600.0,2026-09-30,16:15:00
001299,美能能源,10.09,9.99,10.13,10.22,9.99,42062.0,42520000.0,31.7,28.49,34.42,2.82,1.49,2194800,2011400.0,2026-09-30,16:14:54
001300,三柏硕,12.28,12.42,12.49,12.59,12.15,21806.0,26920000.0,29.94,29.94,-30.44,3.16,0.89,915500,1265100.0,2026-09-30,16:14:30
001301,尚太科技,47.34,46.09,46.0,47.72,45.68,43230.0,203380000.0,172.61,123.14,19.93,2.4,1.66,2396100,1926900.0,2026-09-30,16:14:45
001306,夏厦精密,55.8,56.5,57.2,57.66,55.62,6201.0,34990000.0,35.11,8.83,-38.77,2.79,3.92,275600,344500.0,2026-09-30,16:15:00
001308,康冠科技,18.03,17.96,18.02,18.16,17.99,10958.0,19790000.0,126.95,95.08,29.12,1.68,0.21,465000,630800.0,2026-09-30,16:14:57
001309,德明利,358.46,372.2,373.0,373.99,355.15,85452.0,3084070000.0,813.14,593.96,11.92,8.32,5.16,3834000,4711100.0,2026-09-30,16:14:42
001311,多利科技,16.7,16.87,16.82,17.06,16.7,23698.0,39910000.0,67.41,30.37,27.45,1.41,1.3,1238500,1131200.0,2026-09-30,16:14:45
001313,粤海饲料,7.16,7.16,7.19,7.24,7.13,50156.0,35960000.0,50.12,50.06,80.82,1.92,0.72,2326700,2688900.0,2026-09-30,16:14:48
001314,亿道信息,49.05,50.69,50.91,51.4,48.81,25755.0,127690000.0,69.94,60.87,28.01,3.11,2.08,959600,1615900.0,2026-09-30,16:14:51
001316,润贝航科,27.46,27.54,27.6,27.88,27.25,18065.0,49700000.0,44.25,41.29,20.25,3.4,1.2,842000,964500.0,2026-09-30,16:14:45
001317,三羊马,61.85,62.5,62.99,66.78,61.66,105537.0,670430000.0,52.92,52.88,785.02,5.2,12.34,4946100,5607700.0,2026-09-30,16:15:00
001318,阳光乳业,13.04,11.85,11.88,13.04,11.75,99690.0,125870000.0,36.86,36.86,40.49,2.56,3.53,3695700,6273300.0,2026-09-30,16:14:54
001319,铭科精技,21.14,21.55,21.59,21.64,21.07,10303.0,21920000.0,29.89,17.33,21.79,2.18,1.26,427400,602900.0,2026-09-30,16:14:54
001322,箭牌家居,6.74,6.51,6.5,6.83,6.46,90886.0,60570000.0,65.08,52.95,-148.91,1.41,1.16,5039500,4049100.0,2026-09-30,16:14:45
001323,慕思股份,18.68,18.22,18.08,18.76,17.71,20230.0,37140000.0,81.27,58.14,22.37,1.92,0.65,1109500,913500.0,2026-09-30,16:15:00
001324,长青科技,20.26,20.5,20.56,21.07,20.06,39249.0,80490000.0,27.96,27.96,96.46,2.43,2.84,1431100,2493700.0,2026-09-30,16:14:57
001326,联域股份,101.03,103.79,103.27,106.32,99.8,17594.0,181060000.0,73.95,24.26,258.04,6.01,7.33,870600,888800.0,2026-09-30,16:14:51
001328,登康口腔,31.6,30.45,30.66,31.99,30.46,22396.0,70330000.0,54.41,51.1,27.58,3.69,1.38,1078600,1161100.0,2026-09-30,16:15:00
001330,博纳影业,6.58,6.63,6.69,6.8,6.39,2083775.0,1367130000.0,90.44,76.52,-15.65,2.44,17.92,104627700,103749800.0,2026-09-30,16:14:39
001331,胜通能源,38.97,38.5,39.3,39.87,37.61,65207.0,253880000.0,159.48,111.39,-745.89,11.02,2.28,3276000,3244700.0,2026-09-30,16:14:30
001332,锡装股份,26.9,27.19,27.3,27.75,26.9,23760.0,64680000.0,41.61,18.08,20.56,1.59,3.54,975200,1400900.0,2026-09-30,16:15:00
001333,光华股份,19.93,19.97,20.13,20.45,19.84,9608.0,19280000.0,25.51,14.75,23.71,1.46,1.3,412100,548700.0,2026-09-30,16:15:00
001336,楚环科技,18.77,19.14,19.24,19.58,18.63,22848.0,43070000.0,19.61,12.07,46.32,2.4,3.55,1221200,1063500.0,2026-09-30,16:14:45
001337,四川黄金,44.9,44.55,44.55,45.48,44.1,76308.0,342050000.0,188.58,188.58,27.34,9.16,1.82,3843800,3787000.0,2026-09-30,16:15:00
001338,永顺泰,9.21,9.07,9.1,9.24,9.07,69861.0,64070000.0,46.21,46.21,38.8,1.27,1.39,4281300,2704800.0,2026-09-30,16:15:00
001339,智微智能,69.72,70.42,70.99,73.08,69.5,38617.0,273560000.0,228.01,112.88,49.82,8.41,2.39,1807000,2054700.0,2026-09-30,16:15:00
001356,富岭股份,9.21,9.27,9.27,9.35,9.19,30493.0,28240000.0,54.28,19.5,80.37,2.73,1.44,1612700,1436600.0,2026-09-30,16:14:48
001358,兴欣新材,24.17,24.54,24.99,24.99,24.08,10388.0,25330000.0,29.78,12.32,56.75,2.06,2.04,440500,598300.0,2026-09-30,16:15:00
001359,平安电工,79.9,82.51,82.94,83.5,79.7,16424.0,133210000.0,192.68,48.17,83.38,9.51,2.72,675600,966800.0,2026-09-30,16:15:00
001360,南矿集团,18.89,19.01,19.0,19.52,18.88,32444.0,62200000.0,38.54,23.7,101.04,2.74,2.59,1395300,1849100.0,2026-09-30,16:14:51
001366,播恩集团,13.13,13.15,13.21,13.3,13.04,30399.0,40010000.0,21.1,21.1,418.24,2.62,1.89,1643400,1396500.0,2026-09-30,16:14:45
001367,海森药业,22.01,22.21,22.22,22.61,21.86,22073.0,49040000.0,33.53,26.77,23.81,2.17,1.82,1164900,1042400.0,2026-09-30,16:15:00
001368,通达创智,36.85,37.62,37.02,39.9,36.61,118180.0,448210000.0,41.68,39.83,41.38,3.04,10.93,6180400,5637600.0,2026-09-30,16:14:15
001373,翔腾新材,30.99,31.59,31.72,32.18,30.72,16509.0,51900000.0,21.29,13.0,-46.74,2.56,3.93,831700,819200.0,2026-09-30,16:14:45
001376,百通能源,12.18,12.3,12.33,12.66,12.12,143335.0,176750000.0,59.51,26.19,30.4,3.92,6.67,6270800,8062700.0,2026-09-30,16:15:00
001378,德冠新材,21.96,22.15,22.27,22.79,21.87,37974.0,84170000.0,38.06,18.52,35.8,2.03,4.5,1714900,2082500.0,2026-09-30,16:14:15
001379,腾达科技,15.75,15.88,15.97,16.04,15.62,12469.0,19670000.0,31.5,10.6,53.56,2.09,1.85,542800,704100.0,2026-09-30,16:14:30
001380,华纬科技,18.79,18.84,18.84,19.13,18.75,18131.0,34350000.0,50.89,43.73,19.22,2.52,0.78,757200,1056000.0,2026-09-30,16:14:45
001382,新亚电缆,16.43,16.45,16.65,16.73,16.39,12898.0,21330000.0,67.69,10.35,75.34,4.19,2.05,672400,617300.0,2026-09-30,16:15:00
001387,雪祺电气,12.38,12.54,12.54,12.64,12.29,33642.0,41770000.0,22.65,14.41,30.83,1.74,2.89,1535600,1828600.0,2026-09-30,16:14:30
001389,广合科技,176.66,191.84,193.0,193.66,175.87,94180.0,1712540000.0,835.12,269.18,56.43,10.95,6.18,4067800,5350200.0,2026-09-30,16:15:00
001391,国货航,3.84,3.8,3.81,3.85,3.79,175956.0,67290000.0,468.82,279.99,20.72,1.76,0.24,10933900,6661700.0,2026-09-30,16:14:30
001395,亚联机械,29.75,29.97,30.18,30.44,29.63,9347.0,27990000.0,33.74,15.77,13.71,2.66,1.76,444300,490400.0,2026-09-30,16:15:00
001696,宗申动力,15.15,15.33,15.35,15.42,15.03,219738.0,334950000.0,173.47,135.06,29.99,3.13,2.46,8112800,13861000.0,2026-09-30,16:15:00
001872,招商港口,24.18,24.4,23.94,24.2,23.61,32842.0,78730000.0,600.18,556.68,12.59,0.92,0.14,1715500,1568700.0,2026-09-30,16:14:39
001896,豫能控股,10.3,10.29,10.45,10.48,10.29,272556.0,282620000.0,157.16,157.16,44.57,4.35,1.79,13416500,13839100.0,2026-09-30,16:14:42
001914,招商积余,9.4,9.36,9.0,9.44,8.94,207418.0,190840000.0,99.05,99.05,15.11,0.9,1.97,11128500,9613300.0,2026-09-30,16:14:45
001965,招商公路,10.05,10.0,10.0,10.14,9.98,86145.0,86610000.0,682.91,682.91,14.49,0.99,0.13,4629200,3985300.0,2026-09-30,16:15:00
001979,招商蛇口,7.58,7.59,7.25,7.83,6.89,2909845.0,2139570000.0,683.42,672.32,659.32,0.7,3.28,158481200,132503300.0,2026-09-30,16:14:15
002001,新 和 成,25.95,25.33,25.33,26.1,25.28,213106.0,550060000.0,797.55,788.06,11.12,2.29,0.7,12900200,8410400.0,2026-09-30,16:15:00
002003,伟星股份,11.31,11.39,11.33,11.48,11.24,78496.0,88960000.0,134.46,117.1,19.53,2.97,0.76,4057300,3792300.0,2026-09-30,16:14:45
002004,华邦健康,4.34,4.26,4.24,4.35,4.24,189633.0,81840000.0,85.93,81.82,13.34,0.87,1.01,11971200,6992100.0,2026-09-30,16:15:00
002005,德豪润达,2.73,2.71,2.76,2.79,2.68,312654.0,85040000.0,47.84,47.83,112.46,15.77,1.78,13793200,17472200.0,2026-09-30,16:14:18
002006,精工科技,13.21,13.29,13.5,13.52,13.15,34088.0,45160000.0,68.65,68.65,35.01,2.92,0.66,1504700,1904100.0,2026-09-30,16:14:30
002007,华兰生物,13.34,13.02,13.05,13.37,13.02,124237.0,164970000.0,243.55,209.91,30.15,2.22,0.79,7820500,4603300.0,2026-09-30,16:14:51
002008,大族激光,80.03,81.76,82.26,82.61,79.8,253097.0,2043630000.0,823.99,765.67,41.42,3.84,2.65,11114300,14195300.0,2026-09-30,16:15:00
002009,天奇股份,15.49,15.37,15.46,15.98,15.29,113056.0,176720000.0,62.31,54.87,141.93,3.02,3.19,5371700,5933900.0,2026-09-30,16:14:21
002010,传化智联,4.6,4.57,4.57,4.62,4.57,111356.0,51170000.0,127.15,126.86,24.03,0.7,0.4,6520600,4615000.0,2026-09-30,16:14:30
002011,盾安环境,12.6,12.5,12.65,13.16,12.53,337495.0,432250000.0,135.38,133.75,13.41,1.93,3.18,18037500,15712000.0,2026-09-30,16:14:57
002012,凯恩股份,6.9,6.89,6.98,6.99,6.85,56923.0,39420000.0,32.27,32.27,99.76,2.07,1.22,2661000,3031300.0,2026-09-30,16:15:00
002014,永新股份,11.21,11.07,11.08,11.25,11.03,19584.0,21910000.0,68.66,68.44,15.64,2.95,0.32,1083000,875400.0,2026-09-30,16:14:21
002015,协鑫能科,14.58,14.55,14.71,14.83,14.53,332732.0,487530000.0,236.68,236.68,54.67,1.91,2.05,15461200,17812000.0,2026-09-30,16:14:30
002016,世荣兆业,4.95,4.84,4.86,4.98,4.58,229500.0,110200000.0,40.05,40.05,22.75,0.81,2.84,12893600,10056400.0,2026-09-30,16:14:45
002017,东信和平,13.79,13.86,13.93,13.98,13.74,68448.0,94630000.0,80.04,80.01,47.43,4.39,1.18,3264500,3580300.0,2026-09-30,16:15:00
002019,亿帆医药,9.42,9.23,9.24,9.48,9.22,98745.0,92940000.0,114.58,79.37,37.77,1.3,1.17,5831000,4043500.0,2026-09-30,16:14:15
002020,京新药业,11.83,11.34,11.39,11.87,11.36,227391.0,266660000.0,101.86,85.65,14.11,1.7,3.14,14152400,8586700.0,2026-09-30,16:14:30
002021,中捷资源,2.58,2.63,2.64,2.65,2.57,217024.0,56410000.0,30.84,30.84,-164.17,4.99,1.82,8145500,13556900.0,2026-09-30,16:14:45
002022,科华生物,6.12,5.97,6.0,6.32,5.97,145354.0,89200000.0,32.52,31.48,-4.63,1.29,2.83,7811000,6724400.0,2026-09-30,16:15:00
002023,海特高新,9.31,9.44,9.58,9.59,9.28,86199.0,80860000.0,68.97,68.97,-12.61,1.84,1.16,3689200,4930700.0,2026-09-30,16:14:24
002024,ST易购,1.16,1.15,1.15,1.16,1.14,166170.0,19140000.0,107.47,107.33,78.6,0.88,0.18,4611400,12005700.0,2026-09-30,16:14:30
002025,航天电器,67.01,68.1,68.61,69.46,66.97,49035.0,333370000.0,304.24,304.14,135.68,4.56,1.08,2443800,2459700.0,2026-09-30,16:14:45
002026,山东威达,10.98,11.09,11.12,11.22,10.95,59175.0,65420000.0,48.37,48.37,22.61,1.24,1.34,2599100,3318400.0,2026-09-30,16:15:00
002027,分众传媒,4.73,4.65,4.65,4.74,4.63,1243239.0,582770000.0,683.12,683.12,20.03,5.15,0.86,74539000,49784900.0,2026-09-30,16:14:24
002028,思源电气,120.46,120.81,120.43,122.97,119.5,62710.0,758040000.0,942.69,735.74,28.38,5.73,1.03,3277300,2993700.0,2026-09-30,16:14:30
002029,七 匹 狼,8.87,8.96,9.14,9.35,8.86,319175.0,288580000.0,62.54,59.02,43.16,0.94,4.8,13887100,18030300.0,2026-09-30,16:14:45
002030,达安基因,5.75,5.64,5.65,5.8,5.63,232305.0,133660000.0,80.7,80.7,-11.82,1.15,1.66,13053600,10176900.0,2026-09-30,16:15:00
002031,巨轮智能,5.44,5.69,5.54,5.8,5.42,1674686.0,931790000.0,119.65,119.65,-47.82,6.29,7.61,68315700,99152900.0,2026-09-30,16:14:30
002032,苏 泊 尔,39.95,39.51,39.56,40.09,39.31,17165.0,68380000.0,318.38,318.24,15.73,6.85,0.22,976900,739600.0,2026-09-30,16:14:30
002033,丽江股份,8.21,8.18,8.19,8.22,8.17,76457.0,62680000.0,45.11,45.11,17.92,1.8,1.39,3962000,3683700.0,2026-09-30,16:14:45
002034,旺能环境,14.07,13.97,14.06,14.11,13.93,33330.0,46820000.0,72.7,72.4,9.66,0.82,0.65,1836000,1497000.0,2026-09-30,16:15:00
002035,华帝股份,4.77,4.81,4.78,4.82,4.64,318228.0,150030000.0,40.43,37.3,20.01,1.05,4.07,13240900,18581900.0,2026-09-30,16:14:33
002036,联创电子,5.97,6.02,6.08,6.08,5.96,146587.0,88110000.0,63.14,63.01,-4.53,9.39,1.39,7005800,7652900.0,2026-09-30,16:14:33
002037,保利联合,6.77,6.74,6.75,6.81,6.71,29209.0,19740000.0,32.76,32.76,-3.49,3.36,0.6,1658200,1262700.0,2026-09-30,16:14:45
002038,双鹭药业,5.75,5.59,5.65,5.78,5.58,244759.0,139630000.0,59.07,49.0,-8.17,1.2,2.87,14077700,10398200.0,2026-09-30,16:15:00
002039,黔源电力,19.54,18.99,19.08,19.58,19.02,62683.0,121960000.0,83.54,83.54,11.84,1.87,1.47,3678800,2589500.0,2026-09-30,16:14:21
002040,南 京 港,8.72,8.78,8.86,8.86,8.72,80464.0,70600000.0,42.39,42.39,21.5,1.22,1.66,3917900,4128500.0,2026-09-30,16:14:30
002041,登海种业,10.23,9.3,9.39,10.23,9.35,344983.0,339690000.0,90.02,90.02,84.88,2.43,3.92,18174200,16324200.0,2026-09-30,16:14:45
002042,华孚时尚,3.59,3.65,3.68,3.68,3.56,311835.0,112230000.0,61.05,61.05,29.11,1.0,1.83,12565300,18618200.0,2026-09-30,16:15:00
002043,兔 宝 宝,12.02,11.37,11.16,12.51,10.87,382544.0,458640000.0,99.74,96.89,14.63,3.12,4.75,17572900,20681500.0,2026-09-30,16:14:30
002044,美年健康,4.54,4.47,4.48,4.56,4.46,473259.0,213150000.0,177.71,175.89,54.8,2.24,1.22,27867300,19458600.0,2026-09-30,16:14:36
002045,国光电器,8.57,8.78,8.81,8.88,8.56,95797.0,82720000.0,48.2,48.15,-19.06,1.16,1.71,3532200,6047500.0,2026-09-30,16:14:45
002046,国机精工,59.75,60.45,60.54,61.2,58.6,97413.0,582260000.0,320.37,320.23,237.46,7.4,1.82,4333200,5408200.0,2026-09-30,16:15:00
002047,宝鹰股份,3.17,3.12,3.19,3.2,3.11,175480.0,55390000.0,48.07,48.06,74.48,154.13,1.16,9342200,8205800.0,2026-09-30,16:14:36
002048,宁波华翔,17.67,17.79,17.83,18.17,17.61,95443.0,170010000.0,143.52,125.13,9.47,1.23,1.35,4600100,4944200.0,2026-09-30,16:14:30
002049,紫光国微,57.88,58.41,58.59,58.9,57.88,81650.0,475010000.0,488.06,488.0,31.63,3.6,0.97,3378700,4786300.0,2026-09-30,16:14:45
002050,三花智控,35.71,35.53,35.6,36.45,35.29,403963.0,1452100000.0,1502.68,1318.07,37.6,4.69,1.09,20375600,20020800.0,2026-09-30,16:15:00
002051,中工国际,8.74,8.59,8.8,8.82,8.68,175629.0,153540000.0,107.19,107.19,40.08,0.93,1.43,9085300,8477600.0,2026-09-30,16:14:45
002052,同洲电子,7.98,8.03,8.11,8.11,7.95,43064.0,34450000.0,60.04,55.01,-603.25,21.41,0.62,1801800,2504600.0,2026-09-30,16:14:42
002053,云南能投,9.52,9.57,9.53,9.65,9.5,35608.0,34030000.0,87.65,87.65,37.72,1.15,0.39,1547500,2013300.0,2026-09-30,16:14:45
002054,德美化工,7.07,7.06,7.09,7.2,7.05,49446.0,35160000.0,34.09,27.18,20.37,1.29,1.29,2491600,2453000.0,2026-09-30,16:15:00
002055,ST得润,6.43,6.54,6.61,6.61,6.4,83629.0,54010000.0,38.87,37.97,-146.27,2.8,1.42,2950200,5412700.0,2026-09-30,16:14:45
002056,横店东磁,19.33,19.55,19.61,19.72,19.29,94711.0,183950000.0,314.44,314.12,17.67,2.96,0.58,3719300,5751900.0,2026-09-30,16:14:30
002057,中钢天源,8.77,8.79,8.81,8.84,8.71,73428.0,64450000.0,66.12,66.06,33.18,1.99,0.97,3461700,3881100.0,2026-09-30,16:14:45
002058,紫竹高科,20.2,18.36,20.2,20.2,20.2,25315.0,51140000.0,28.98,28.96,86.06,40.0,1.77,178800,2352700.0,2026-09-30,16:15:00
002059,云南旅游,4.23,4.23,4.25,4.27,4.17,287538.0,121120000.0,42.83,41.89,-11.51,4.5,2.9,12435800,16318000.0,2026-09-30,16:14:48
002060,广东建工,3.06,3.02,3.03,3.07,3.01,156249.0,47550000.0,114.88,47.82,12.22,0.81,1.0,9412000,6212900.0,2026-09-30,16:14:30
002061,浙江交科,3.35,3.3,3.31,3.36,3.28,188019.0,62460000.0,88.55,87.07,10.29,0.56,0.72,12414800,6387100.0,2026-09-30,16:14:45
002062,宏润建设,9.05,8.96,8.96,9.29,8.86,156617.0,143420000.0,111.97,101.79,45.12,2.29,1.39,8055300,7606400.0,2026-09-30,16:15:00
002063,远光软件,5.26,5.24,5.24,5.29,5.21,108137.0,56820000.0,100.75,93.06,33.55,2.52,0.61,6070900,4742800.0,2026-09-30,16:14:42
002064,华峰化学,9.65,9.4,9.4,9.75,9.32,326884.0,314380000.0,478.89,477.87,16.76,1.66,0.66,16681800,16006600.0,2026-09-30,16:14:30
002065,东华软件,6.5,6.5,6.5,6.52,6.46,131117.0,85110000.0,208.36,191.47,45.67,1.68,0.45,6514000,6597700.0,2026-09-30,16:14:51
002066,瑞泰科技,19.57,19.6,19.64,19.78,19.41,9601.0,18760000.0,45.97,45.21,-45.39,7.57,0.42,425700,534400.0,2026-09-30,16:15:00
002067,景兴纸业,3.95,3.95,3.97,4.02,3.94,172020.0,68170000.0,58.26,52.84,41.72,0.86,1.29,7387000,9815000.0,2026-09-30,16:14:54
002068,黑猫股份,8.97,9.1,9.15,9.4,8.86,337419.0,306510000.0,65.96,65.93,-14.5,2.67,4.59,15965900,17776000.0,2026-09-30,16:14:36
002069,獐子岛,3.65,3.66,3.67,3.69,3.63,59002.0,21620000.0,25.96,25.92,-323.07,90.51,0.83,3125600,2774600.0,2026-09-30,16:14:57
002072,凯瑞德,7.03,7.16,7.25,7.28,7.02,70282.0,49800000.0,25.85,25.84,-259.55,11.37,1.91,2880300,4147900.0,2026-09-30,16:15:00
002073,软控股份,5.68,5.64,5.65,5.71,5.62,96298.0,54650000.0,58.19,57.6,14.81,0.9,0.95,4819400,4810400.0,2026-09-30,16:14:39
002074,国轩高科,29.5,28.68,30.49,30.49,28.88,1194657.0,3531350000.0,535.34,512.31,15.73,1.79,6.88,64291400,55174300.0,2026-09-30,16:14:30
002075,沙钢股份,3.52,3.48,3.49,3.54,3.46,181702.0,63640000.0,77.22,77.22,31.02,1.16,0.83,10872400,7297800.0,2026-09-30,16:14:45
002076,星光股份,2.11,2.12,2.13,2.14,2.08,189607.0,39930000.0,23.4,22.0,-136.71,7.92,1.82,7766900,11193800.0,2026-09-30,16:15:00
002077,大港股份,13.68,14.35,14.4,14.46,13.61,454044.0,629210000.0,79.39,79.39,104.57,2.33,7.82,18553900,26850400.0,2026-09-30,16:14:45
002078,太阳纸业,13.7,13.55,13.6,13.84,13.55,199127.0,273290000.0,391.02,380.39,11.43,1.22,0.72,9909100,10003600.0,2026-09-30,16:14:51
002079,苏州固锝,8.43,8.58,8.64,8.64,8.43,155559.0,132120000.0,76.59,68.38,71.55,1.89,1.92,5407300,10148600.0,2026-09-30,16:14:48
002080,中材科技,54.15,54.81,54.9,55.28,53.5,335128.0,1823640000.0,908.7,908.7,44.83,4.45,2.0,15748900,17763900.0,2026-09-30,16:15:00
002081,金 螳 螂,4.77,4.78,4.98,5.02,4.6,1815512.0,858600000.0,126.66,126.53,32.2,0.92,6.84,87510300,94040900.0,2026-09-30,16:14:39
002082,ST万邦,12.97,12.81,12.8,13.34,12.53,222976.0,288650000.0,79.34,73.65,-67.56,3.08,3.93,10224700,12072900.0,2026-09-30,16:14:51
002083,孚日股份,9.6,9.25,9.29,9.63,9.23,231169.0,218680000.0,90.88,90.85,15.52,1.88,2.44,13869400,9247500.0,2026-09-30,16:14:45
002084,海鸥住工,5.74,5.8,5.8,5.92,5.66,578954.0,333750000.0,37.08,37.0,-28.09,2.92,8.98,21804200,36091200.0,2026-09-30,16:15:00
002085,万丰奥威,9.32,9.18,9.22,9.38,9.2,171901.0,159890000.0,197.89,197.89,21.87,3.02,0.81,10588100,6602000.0,2026-09-30,16:14:42
002086,东方海洋,2.03,2.0,2.02,2.05,1.99,420293.0,84920000.0,39.77,32.09,-30.61,3.23,2.66,24398300,17631000.0,2026-09-30,16:14:54
002088,鲁阳节能,8.1,7.99,8.07,8.17,7.95,17986.0,14540000.0,41.26,40.98,-147.23,1.73,0.36,962000,836600.0,2026-09-30,16:14:48
002090,金智科技,8.94,8.94,8.94,9.06,8.91,27006.0,24200000.0,35.81,35.6,50.83,2.29,0.68,1448600,1252000.0,2026-09-30,16:15:00
002091,江苏国泰,7.57,7.46,7.47,7.61,7.44,84990.0,64160000.0,123.22,121.3,10.12,0.79,0.53,5470800,3028200.0,2026-09-30,16:14:36
002092,中泰化学,4.37,4.31,4.32,4.39,4.31,219524.0,95590000.0,112.56,112.56,-569.14,0.52,0.85,13201200,8751200.0,2026-09-30,16:14:39
002093,国脉科技,7.76,7.98,8.01,8.08,7.72,326695.0,256390000.0,78.18,78.18,-482.88,2.08,3.24,12238900,20430600.0,2026-09-30,16:14:45
002094,青岛金王,4.94,5.05,5.12,5.12,4.94,192876.0,96280000.0,34.13,34.11,-244.1,2.32,2.79,7598200,11689400.0,2026-09-30,16:15:00
002095,生 意 宝,15.19,15.68,15.7,15.8,15.01,88773.0,135960000.0,38.39,38.23,-1281.69,4.43,3.53,3873100,5004200.0,2026-09-30,16:14:45
002096,易普力,9.11,8.95,8.95,9.14,8.94,26606.0,24110000.0,113.0,112.93,15.88,1.39,0.21,1705600,955000.0,2026-09-30,16:14:57
002097,山河智能,6.8,6.78,6.82,6.85,6.76,71609.0,48710000.0,73.07,72.96,155.74,1.58,0.67,3658300,3502600.0,2026-09-30,16:14:57
002098,浔兴股份,8.21,8.28,8.3,8.32,8.18,44501.0,36690000.0,29.39,29.39,14.45,1.87,1.24,1837000,2613000.0,2026-09-30,16:15:00
002099,海翔药业,6.15,6.0,6.02,6.25,5.98,334321.0,205720000.0,99.55,99.44,-58.83,2.08,2.07,16696900,16735200.0,2026-09-30,16:14:15
002100,天康生物,7.87,7.87,7.87,8.02,7.83,149990.0,118880000.0,107.45,107.45,-18.88,1.69,1.1,6957200,8041800.0,2026-09-30,16:14:48
002101,广东鸿图,8.57,8.5,8.55,8.63,8.49,24352.0,20860000.0,56.8,56.75,19.72,0.72,0.37,1396200,1039000.0,2026-09-30,16:14:45
002102,ST能特,2.6,2.55,2.55,2.61,2.54,67087.0,17330000.0,62.82,53.83,-472.38,2.22,0.32,3886200,2822500.0,2026-09-30,16:15:00
002103,广博股份,6.68,6.74,6.78,6.8,6.62,48253.0,32290000.0,35.69,25.93,25.82,2.75,1.24,1766100,3059200.0,2026-09-30,16:15:00
002104,恒宝股份,10.12,10.16,10.26,10.3,10.05,170420.0,172780000.0,71.69,61.49,-319.93,3.45,2.8,7821100,9220900.0,2026-09-30,16:14:51
002105,信隆健康,6.05,6.08,6.08,6.12,6.01,57087.0,34590000.0,22.16,22.05,-54.94,2.74,1.57,3400600,2308100.0,2026-09-30,16:14:51
002106,莱宝高科,11.9,12.06,12.08,12.45,11.83,299927.0,361370000.0,83.99,83.89,53.01,1.5,4.25,12816700,17176000.0,2026-09-30,16:15:00
002107,沃华医药,7.09,7.1,7.13,7.19,7.04,146496.0,104180000.0,40.92,40.51,34.5,6.4,2.56,7150900,7498800.0,2026-09-30,16:14:54
002108,沧州明珠,4.26,4.25,4.27,4.3,4.25,116823.0,49830000.0,70.23,70.2,34.71,1.38,0.71,4808300,6874000.0,2026-09-30,16:14:30
002109,ST兴化,2.8,2.8,2.79,2.81,2.78,24845.0,6950000.0,35.74,35.74,-10.19,0.92,0.19,836200,1648400.0,2026-09-30,16:14:54
002110,三钢闽光,2.93,2.87,2.88,2.94,2.84,273100.0,79080000.0,71.17,71.17,-23.54,0.37,1.12,18036500,9273500.0,2026-09-30,16:15:00
002111,威海广泰,9.05,9.05,9.11,9.15,9.03,48929.0,44430000.0,48.15,44.23,23.54,1.62,1.0,2458000,2434900.0,2026-09-30,16:14:57
002112,三变科技,13.75,13.87,13.89,13.98,13.7,49145.0,67980000.0,40.44,36.04,515.28,4.65,1.88,2009100,2905500.0,2026-09-30,16:14:30
002114,罗平锌电,7.18,7.21,7.29,7.29,7.16,32666.0,23530000.0,23.22,23.22,-15.31,3.34,1.01,1667400,1599200.0,2026-09-30,16:15:00
002115,三维通信,9.25,9.42,9.49,9.5,9.23,244648.0,227670000.0,74.47,69.03,215.27,3.59,3.28,10154000,14310800.0,2026-09-30,16:15:00
002116,中国海诚,7.2,7.15,7.18,7.25,7.09,25125.0,18010000.0,40.24,39.76,13.07,1.44,0.46,1371300,1141200.0,2026-09-30,16:14:15
002117,东港股份,7.79,7.83,7.85,7.89,7.65,81506.0,63250000.0,40.8,40.78,24.84,2.97,1.56,4497700,3652900.0,2026-09-30,16:14:30
002119,康强电子,25.8,28.27,27.81,28.05,25.44,886509.0,2339130000.0,96.82,96.82,80.48,6.73,23.62,40140200,48510700.0,2026-09-30,16:14:57
002120,韵达股份,6.82,6.8,6.8,6.85,6.77,157470.0,107350000.0,197.73,191.99,12.05,0.94,0.56,7971800,7775200.0,2026-09-30,16:15:00
002121,科陆电子,4.12,4.12,4.17,4.17,4.09,142570.0,58750000.0,68.91,58.14,-12.19,35.34,1.01,6681900,7575200.0,2026-09-30,16:14:15
002122,ST汇洲,2.84,2.77,2.78,2.84,2.77,152759.0,42960000.0,56.84,56.43,-128.41,2.68,0.77,9928200,5347700.0,2026-09-30,16:14:30
002123,梦网科技,7.54,7.66,7.82,7.82,7.53,104699.0,79540000.0,60.73,54.33,-18.78,4.14,1.45,4158400,6311500.0,2026-09-30,16:14:45
002124,天邦食品,1.98,2.0,2.0,2.01,1.96,611107.0,120950000.0,43.99,39.05,-1.37,5.34,3.1,28257500,32853200.0,2026-09-30,16:15:00
002125,湘潭电化,11.92,11.91,11.96,12.07,11.85,73819.0,88250000.0,75.04,75.04,23.13,2.16,1.17,3748100,3633800.0,2026-09-30,16:15:00
002126,银轮股份,33.95,34.2,34.5,34.79,33.8,124960.0,427450000.0,287.5,269.95,29.69,3.85,1.57,5573700,6922300.0,2026-09-30,16:14:30
002127,南极电商,2.97,2.98,2.99,3.0,2.91,396823.0,117440000.0,72.91,59.24,-29.95,1.94,1.99,19016600,20665700.0,2026-09-30,16:14:45
002128,电投能源,27.9,28.14,27.98,28.23,27.68,102209.0,285430000.0,872.29,625.4,12.18,1.65,0.46,5190900,5030000.0,2026-09-30,16:15:00
002129,TCL中环,9.2,9.11,9.18,9.33,9.09,651307.0,601690000.0,371.97,371.66,-4.52,2.02,1.61,34690800,30439900.0,2026-09-30,16:14:15
002130,沃尔核材,15.71,15.66,15.75,15.82,15.61,124180.0,194960000.0,219.92,181.37,19.08,2.39,1.08,6113200,6304800.0,2026-09-30,16:14:30
002131,利欧股份,4.2,4.25,4.26,4.32,4.2,1289551.0,546500000.0,284.41,245.9,-92.91,2.15,2.2,49891800,79063300.0,2026-09-30,16:14:45
002132,恒星科技,4.03,3.97,4.02,4.03,3.96,228531.0,91400000.0,56.48,56.39,69.3,1.61,1.63,12753300,10099900.0,2026-09-30,16:15:00
002133,广宇集团,2.94,2.93,2.92,2.95,2.75,291525.0,83560000.0,22.76,22.63,-31.76,0.79,3.79,15291600,13860900.0,2026-09-30,16:14:15
002134,天津普林,23.69,25.16,25.5,25.55,23.68,131826.0,320000000.0,58.71,58.44,138.44,10.36,5.34,5103200,8079400.0,2026-09-30,16:15:00
002135,东南网架,5.93,5.94,5.94,5.99,5.83,61786.0,36480000.0,66.15,61.9,186.17,1.07,0.59,3230800,2947800.0,2026-09-30,16:14:45
002136,安 纳 达,11.75,11.76,11.79,11.86,11.68,22629.0,26630000.0,25.26,25.2,-142.64,2.23,1.06,1038300,1224600.0,2026-09-30,16:15:00
002137,实益达,7.6,7.9,8.0,8.05,7.58,302172.0,232740000.0,43.89,30.13,73.55,2.87,7.62,12107900,18109300.0,2026-09-30,16:14:15
002138,顺络电子,48.24,48.88,49.02,49.8,48.0,143189.0,699490000.0,388.97,369.68,39.6,5.92,1.87,6406900,7912000.0,2026-09-30,16:14:30
002139,拓邦股份,9.57,9.58,9.6,9.66,9.54,69470.0,66670000.0,119.32,102.5,73.39,1.71,0.65,3357800,3589200.0,2026-09-30,16:14:45
002140,东华科技,9.15,8.95,8.97,9.18,8.97,38903.0,35370000.0,64.78,64.68,11.99,1.33,0.55,2172300,1718000.0,2026-09-30,16:15:00
002141,贤丰控股,6.3,6.58,6.52,6.54,6.25,1186174.0,751820000.0,65.07,65.07,964.68,7.9,11.48,44868600,73748800.0,2026-09-30,16:14:18
002142,宁波银行,35.43,34.81,34.8,35.66,34.6,285691.0,1010550000.0,2339.65,2338.16,7.52,0.99,0.43,16428000,12141100.0,2026-09-30,16:14:33
002144,宏达高科,11.03,11.09,11.15,11.17,10.9,27690.0,30540000.0,19.5,15.18,75.52,0.91,2.01,1387700,1381300.0,2026-09-30,16:14:45
002145,钛能化学,4.59,4.6,4.6,4.64,4.57,407166.0,187650000.0,174.73,174.72,33.77,1.33,1.07,20037900,20678700.0,2026-09-30,16:15:00
002146,荣盛发展,1.31,1.29,1.28,1.33,1.22,4002571.0,508690000.0,56.96,51.23,-0.75,1.12,10.23,214636600,185620500.0,2026-09-30,16:14:15
002148,北纬科技,6.18,6.26,6.29,6.32,6.13,71082.0,44030000.0,34.53,27.87,1499.87,2.81,1.58,2765300,4343000.0,2026-09-30,16:14:36
002149,西部材料,31.0,31.55,31.68,31.74,30.85,86233.0,269420000.0,151.35,151.32,173.97,2.29,1.77,4041400,4582000.0,2026-09-30,16:14:45
002150,正泰电源,19.56,19.61,19.67,20.08,19.45,50217.0,98910000.0,70.59,70.12,27.97,3.26,1.4,2524600,2497100.0,2026-09-30,16:15:00
002151,北斗星通,27.82,28.15,28.4,28.46,27.8,92358.0,258760000.0,151.04,123.21,-69.39,3.09,2.09,3987700,5248100.0,2026-09-30,16:14:21
002152,广电运通,8.95,8.94,8.96,8.97,8.86,95454.0,85170000.0,222.26,222.15,27.17,1.8,0.38,4969600,4575800.0,2026-09-30,16:14:30
002153,石基信息,7.37,7.4,7.41,7.45,7.3,91685.0,67440000.0,201.14,117.9,-115.63,3.06,0.57,4372000,4796600.0,2026-09-30,16:14:45
002154,报 喜 鸟,3.85,3.82,3.84,3.86,3.8,192240.0,73690000.0,56.18,45.43,12.89,1.2,1.63,10489200,8734800.0,2026-09-30,16:15:00
002155,湖南黄金,23.2,23.08,23.08,23.32,22.95,272532.0,630650000.0,362.54,362.5,20.26,4.21,1.74,12463600,14789500.0,2026-09-30,16:14:21
002156,通富微电,56.9,60.36,60.27,60.49,56.78,735001.0,4250940000.0,906.87,863.43,35.93,4.31,4.84,27888100,45612000.0,2026-09-30,16:14:30
002157,正邦科技,2.92,2.92,2.93,2.94,2.9,664774.0,193900000.0,270.1,227.41,-18.19,2.66,0.85,32575200,33902200.0,2026-09-30,16:14:45
002158,汉钟精机,24.31,24.84,24.98,25.1,24.16,60113.0,147760000.0,129.99,129.72,26.43,2.98,1.13,2162700,3848600.0,2026-09-30,16:15:00
002159,三特索道,13.31,13.29,13.35,13.41,13.21,15385.0,20430000.0,23.6,18.43,18.2,1.61,1.11,664800,873700.0,2026-09-30,16:14:24
002160,常铝股份,3.88,3.9,3.92,3.93,3.87,76640.0,29860000.0,40.07,39.99,58.34,1.06,0.74,3438600,4225400.0,2026-09-30,16:14:30
002161,远 望 谷,6.36,6.44,6.57,6.6,6.3,237541.0,153350000.0,47.05,47.04,-30.88,3.23,3.21,10248600,13505500.0,2026-09-30,16:14:45
002162,悦心健康,4.19,4.18,4.17,4.21,4.12,168385.0,70280000.0,38.54,38.48,374.49,4.65,1.83,7385100,9453500.0,2026-09-30,16:15:00
002163,海南发展,7.51,7.49,7.62,7.64,7.39,159556.0,119610000.0,63.46,60.35,-19.43,11.94,1.99,8622300,7333300.0,2026-09-30,16:14:24
002164,宁波东力,13.26,12.05,12.26,13.26,12.12,499504.0,648830000.0,70.57,63.62,32.28,4.58,10.41,22031700,27918600.0,2026-09-30,16:14:30
002165,红 宝 丽,6.8,6.77,6.79,6.86,6.77,214083.0,145650000.0,50.0,49.49,-321.9,2.51,2.94,10439400,10968900.0,2026-09-30,16:14:48
002166,莱茵生物,6.8,6.66,6.67,6.82,6.65,89949.0,60840000.0,50.43,50.22,31.21,1.62,1.22,5898800,3096100.0,2026-09-30,16:15:00
002167,东方锆业,15.04,15.59,15.77,15.78,15.01,253636.0,386730000.0,116.51,114.63,112.06,6.35,3.33,9038300,16325300.0,2026-09-30,16:14:18
002168,ST惠程,3.56,3.57,3.58,3.58,3.53,21358.0,7590000.0,27.92,27.92,-40.04,-438.94,0.27,742700,1393100.0,2026-09-30,16:14:30
002169,智光电气,12.43,12.13,12.3,12.94,12.26,249393.0,313260000.0,97.29,94.58,41.49,3.47,3.28,11798100,13141200.0,2026-09-30,16:14:45
002170,芭田股份,10.57,10.52,10.53,10.58,10.46,83206.0,87680000.0,102.72,83.41,9.7,2.82,1.05,3785100,4535500.0,2026-09-30,16:15:00
002171,楚江新材,9.81,9.64,9.7,9.87,9.44,363093.0,351040000.0,159.21,158.46,36.52,1.78,2.25,20103900,16205400.0,2026-09-30,16:14:27
002172,澳洋健康,5.43,5.49,5.43,5.63,5.22,1875816.0,1026420000.0,41.58,41.55,122.65,20.78,24.52,91868200,95713400.0,2026-09-30,16:14:30
002173,创新医疗,17.26,17.08,17.12,17.54,17.12,141942.0,245750000.0,76.17,72.64,-99.79,4.61,3.37,6890800,7303500.0,2026-09-30,16:14:45
002174,游族网络,13.19,13.4,13.43,13.64,13.19,282555.0,377240000.0,129.24,129.16,-89.23,2.77,2.89,12859400,15396100.0,2026-09-30,16:15:00
002175,*ST东智,2.48,2.48,2.47,2.52,2.47,63385.0,15760000.0,31.66,31.66,-93.0,4.06,0.5,2556800,3781700.0,2026-09-30,16:14:33
002176,江特电机,8.61,8.2,8.23,8.79,8.16,607708.0,517710000.0,146.56,146.35,-31.3,5.11,3.58,35723500,25047300.0,2026-09-30,16:14:36
002177,御银股份,5.43,5.49,5.49,5.52,5.41,122174.0,66640000.0,41.33,37.1,285.82,2.41,1.79,5684800,6532600.0,2026-09-30,16:14:45
002178,延华智能,4.85,4.99,5.05,5.09,4.84,302244.0,147850000.0,34.54,34.52,-442.41,8.1,4.25,10493600,19730800.0,2026-09-30,16:15:00
002179,中航光电,33.33,32.9,33.3,33.85,33.08,166918.0,558190000.0,700.01,698.74,37.97,2.88,0.8,9518600,7173200.0,2026-09-30,16:14:51
002180,奔图科技,16.14,16.26,16.24,16.47,16.12,46775.0,75940000.0,229.49,222.14,-71.91,2.5,0.34,1841700,2835800.0,2026-09-30,16:14:54
002181,粤 传 媒,8.8,9.0,9.02,9.22,8.7,521452.0,462770000.0,102.17,99.84,-219.18,2.48,4.6,23407400,28737800.0,2026-09-30,16:14:45
002182,宝武镁业,11.0,11.04,11.02,11.12,10.94,68251.0,75250000.0,109.1,98.63,-107.99,2.07,0.76,3006400,3818700.0,2026-09-30,16:15:00
002183,怡 亚 通,4.18,4.15,4.16,4.24,4.11,308128.0,128150000.0,108.55,108.55,-33.48,1.2,1.19,17767600,13045300.0,2026-09-30,16:14:24
002184,海得控制,9.8,9.94,9.99,10.0,9.8,25582.0,25210000.0,34.49,24.33,-46.76,2.69,1.03,1138200,1420000.0,2026-09-30,16:14:57
002185,华天科技,16.46,17.02,17.1,17.15,16.4,1568784.0,2608310000.0,547.58,547.46,42.21,2.88,4.72,63186500,93691900.0,2026-09-30,16:14:45
002186,全 聚 德,9.61,9.34,9.39,9.63,9.23,68644.0,65090000.0,29.5,29.48,330.45,3.43,2.24,3464600,3399800.0,2026-09-30,16:15:00
002187,广百股份,5.51,5.46,5.46,5.53,5.4,66640.0,36400000.0,38.62,38.62,-65.18,0.96,0.95,3353200,3310800.0,2026-09-30,16:14:30
002188,中天服务,6.4,5.82,5.82,6.4,5.66,235049.0,144710000.0,20.93,16.47,74.6,5.67,9.13,6394400,17110500.0,2026-09-30,16:14:45
002189,中光学,19.21,19.05,19.12,19.86,19.05,46326.0,89750000.0,50.18,50.18,-28.3,12.27,1.77,2604000,2028600.0,2026-09-30,16:14:45
002190,成飞集成,22.94,22.92,22.92,23.15,22.85,27629.0,63510000.0,82.29,82.29,-93.58,2.35,0.77,1344600,1418300.0,2026-09-30,16:15:00
002191,劲嘉股份,3.5,3.5,3.51,3.52,3.48,66358.0,23220000.0,49.49,49.1,-11.79,0.79,0.47,2698700,3937100.0,2026-09-30,16:14:33
002192,融捷股份,56.4,56.97,57.0,57.49,56.28,69563.0,394820000.0,146.45,146.14,12.25,3.22,2.68,3323600,3632700.0,2026-09-30,16:14:33
002193,ST如意,4.53,4.55,4.57,4.57,4.47,23726.0,10690000.0,11.86,11.86,-3.24,5.76,0.91,755100,1617500.0,2026-09-30,16:14:45
002194,武汉凡谷,9.69,9.98,10.04,10.07,9.68,182427.0,178930000.0,66.21,49.87,-542.55,2.65,3.54,6643000,11599700.0,2026-09-30,16:15:00
002195,岩山科技,5.92,5.95,5.98,5.98,5.89,430865.0,255390000.0,335.46,332.46,396.28,3.39,0.77,17417000,25669500.0,2026-09-30,16:14:36
002196,方正电机,10.1,10.16,10.21,10.37,10.06,174658.0,178160000.0,50.08,49.51,95.25,3.48,3.56,8266800,9199000.0,2026-09-30,16:14:39
002197,证通电子,6.35,6.5,6.54,6.54,6.35,125354.0,80420000.0,39.01,33.91,-11.57,2.19,2.35,5887300,6648100.0,2026-09-30,16:14:45
002198,ST嘉应,3.58,3.59,3.61,3.64,3.57,23001.0,8290000.0,18.17,18.17,-703.16,2.58,0.45,966100,1334000.0,2026-09-30,16:15:00
002199,东晶电子,11.12,11.51,11.6,11.72,11.12,42200.0,47790000.0,27.07,25.68,-78.44,16.13,1.83,1473400,2746600.0,2026-09-30,16:14:42
002200,交投生态,6.86,6.82,6.88,6.94,6.76,25347.0,17370000.0,30.95,13.43,34.76,2.31,1.3,1299100,1235600.0,2026-09-30,16:14:48
002201,九鼎新材,9.1,9.3,9.47,9.5,9.07,190686.0,174730000.0,59.3,54.78,66.84,4.96,3.17,8192000,10876600.0,2026-09-30,16:14:45
002202,金风科技,17.22,17.09,17.1,17.35,17.05,460066.0,792200000.0,727.12,579.21,23.15,1.85,1.37,23311100,22695400.0,2026-09-30,16:15:00
002203,海亮股份,17.32,17.48,17.45,17.76,17.29,87198.0,152240000.0,396.93,389.77,45.5,2.35,0.39,3747000,4972800.0,2026-09-30,16:14:51
002204,大连重工,5.33,5.27,5.28,5.36,5.28,205026.0,109070000.0,102.94,102.94,16.04,1.28,1.06,11341200,9161400.0,2026-09-30,16:14:39
002205,国统股份,12.16,12.76,12.44,13.68,11.8,242570.0,301100000.0,22.6,22.6,-13.65,11.88,13.05,9780900,14476100.0,2026-09-30,16:14:54
002206,海 利 得,4.87,4.85,4.85,4.9,4.85,50693.0,24710000.0,56.59,51.47,11.02,1.41,0.48,2692700,2376600.0,2026-09-30,16:15:00
002207,*ST准油,5.33,5.4,5.41,5.44,5.32,39612.0,21290000.0,13.97,13.9,-34.87,162.49,1.52,1296000,2665200.0,2026-09-30,16:14:45
002208,合肥城建,9.89,10.06,10.09,10.13,9.46,319048.0,310440000.0,79.45,79.42,-10.95,1.38,3.97,15437800,16467000.0,2026-09-30,16:14:57
002209,达 意 隆,13.18,13.39,13.4,13.45,13.13,23237.0,30800000.0,26.96,20.8,17.96,2.86,1.47,917100,1406600.0,2026-09-30,16:14:48
002210,飞马国际,2.08,2.08,2.1,2.1,2.06,321486.0,66890000.0,55.35,55.26,184.8,5.87,1.21,15398300,16750300.0,2026-09-30,16:14:42
002211,ST宏达,3.74,3.74,3.72,3.76,3.72,15353.0,5740000.0,16.17,16.17,-470.16,33.42,0.36,759900,775400.0,2026-09-30,16:14:45
002212,天融信,7.21,7.38,7.38,7.41,6.97,1380009.0,988420000.0,85.04,84.13,-63.48,0.92,11.83,59495400,78505500.0,2026-09-30,16:14:48
002213,大为股份,26.7,27.83,27.95,28.1,26.63,83310.0,225480000.0,64.21,55.32,324.82,9.76,4.02,3604300,4726700.0,2026-09-30,16:15:00
002214,大立科技,17.65,17.78,17.8,17.95,17.45,30237.0,53400000.0,105.66,84.45,-48.99,8.57,0.63,1212500,1811200.0,2026-09-30,16:14:48
002215,诺 普 信,9.31,9.26,9.26,9.4,9.21,92163.0,85760000.0,93.5,75.23,12.19,2.04,1.14,4530100,4686200.0,2026-09-30,16:15:00
002216,三全食品,11.5,11.33,11.34,11.54,11.32,43281.0,49530000.0,101.11,72.51,16.95,2.33,0.69,2411800,1916300.0,2026-09-30,16:14:39
002217,ST合力泰,1.53,1.52,1.52,1.55,1.52,646469.0,98880000.0,114.43,111.37,821.97,6.12,0.89,31005600,33641300.0,2026-09-30,16:14:45
002218,拓日新能,3.83,3.75,3.76,3.9,3.73,427502.0,162500000.0,53.94,53.15,-27.42,1.38,3.08,23527000,19223200.0,2026-09-30,16:14:03
002219,新里程,2.1,2.08,2.08,2.11,2.06,645798.0,135100000.0,72.49,68.71,237.39,3.67,1.97,38426100,26153700.0,2026-09-30,16:14:51
002221,东华能源,5.61,5.58,5.58,5.63,5.57,82314.0,46080000.0,88.42,81.96,-11.46,0.9,0.56,4980300,3251100.0,2026-09-30,16:14:54
002222,福晶科技,60.64,62.15,62.98,63.29,60.33,110663.0,680030000.0,285.16,283.89,86.13,15.03,2.36,5016300,6050000.0,2026-09-30,16:14:45
002223,鱼跃医疗,26.27,25.67,25.68,26.39,25.6,79592.0,207900000.0,261.29,245.48,23.29,2.05,0.85,4484100,3475000.0,2026-09-30,16:14:57
002224,三 力 士,3.77,3.71,3.73,3.94,3.73,150638.0,57500000.0,34.01,30.4,-278.9,1.06,1.87,7637800,7426000.0,2026-09-30,16:14:51
002225,濮耐股份,3.42,3.41,3.41,3.43,3.38,130526.0,44500000.0,39.65,33.34,120.53,0.97,1.34,7025200,6027400.0,2026-09-30,16:14:30
002226,江南化工,5.34,4.85,4.88,5.34,4.85,784122.0,411670000.0,141.45,141.45,25.25,1.48,2.96,31195700,47216500.0,2026-09-30,16:14:54
002227,*ST特迅,6.43,6.41,6.41,6.45,6.33,9585.0,6130000.0,15.93,15.81,-21.5,1.77,0.39,339300,619200.0,2026-09-30,16:14:57
002228,合兴包装,3.23,3.23,3.24,3.27,3.2,160420.0,51810000.0,39.19,39.06,47.1,1.32,1.33,7824600,8217400.0,2026-09-30,16:14:45
002229,鸿博股份,10.05,10.21,10.32,10.32,10.03,130737.0,132100000.0,49.57,49.56,-20.69,4.77,2.65,5166000,7907700.0,2026-09-30,16:14:48
002230,科大讯飞,37.22,37.2,37.34,37.4,37.06,107271.0,399020000.0,894.05,815.11,102.24,3.96,0.49,5616300,5110800.0,2026-09-30,16:15:00
002231,*ST奥维,0.6,0.6,0.0,0.0,0.0,0.0,0.0,2.08,1.85,-1.1,2.54,0.0,0,0.0,2026-09-30,09:10:00
002232,启明信息,16.48,17.15,16.51,16.76,16.04,281132.0,459410000.0,67.33,67.33,199.4,4.74,6.88,12860500,15252700.0,2026-09-30,16:14:03
002233,塔牌集团,6.86,6.68,6.68,6.9,6.66,147877.0,100580000.0,80.55,80.51,19.27,0.7,1.26,10114200,4673600.0,2026-09-30,16:14:51
002234,民和股份,7.92,7.93,7.85,8.18,7.85,32479.0,25840000.0,27.64,23.87,-18.52,1.65,1.08,1397500,1850400.0,2026-09-30,16:14:54
002235,安妮股份,7.53,7.66,7.74,7.74,7.51,124299.0,94200000.0,43.64,41.68,-245.08,5.96,2.25,5559200,6870700.0,2026-09-30,16:14:45
002236,大华股份,15.32,15.23,15.26,15.38,15.22,108792.0,166330000.0,500.85,366.32,13.3,1.31,0.45,6094100,4785100.0,2026-09-30,16:14:03
002237,恒邦股份,12.47,12.35,12.4,12.51,12.3,175682.0,218180000.0,178.32,148.69,17.94,1.3,1.47,9069800,8498400.0,2026-09-30,16:15:00
002238,天威视讯,7.08,7.52,7.31,7.6,7.01,609899.0,440890000.0,56.82,56.82,-26.9,2.95,7.6,26354400,34635600.0,2026-09-30,16:14:30
002239,奥特佳,2.48,2.46,2.47,2.52,2.44,433787.0,107570000.0,87.13,81.41,38.67,1.38,1.32,25371000,18007700.0,2026-09-30,16:14:45
002240,盛新锂能,25.01,25.05,25.05,25.56,24.82,155893.0,391640000.0,228.91,228.29,23.73,2.03,1.71,7153200,8436100.0,2026-09-30,16:14:09
002241,歌尔股份,22.79,23.0,23.13,23.43,22.76,565512.0,1301980000.0,810.88,718.23,20.33,2.13,1.79,24925200,31626000.0,2026-09-30,16:14:15
002242,九阳股份,12.5,11.36,12.5,12.5,12.17,349608.0,436660000.0,95.38,95.22,143.02,2.95,4.59,3323200,31637600.0,2026-09-30,16:14:30
002243,力合科创,6.95,6.94,6.94,7.0,6.88,61791.0,42870000.0,84.14,83.55,45.12,1.14,0.51,3387300,2791800.0,2026-09-30,16:14:45
002244,滨江集团,10.14,9.46,8.99,10.39,8.56,1792347.0,1689370000.0,315.5,279.62,17.39,1.03,6.5,99342200,79892600.0,2026-09-30,16:14:57
002245,蔚蓝锂芯,16.16,16.2,16.17,16.67,16.01,454011.0,740850000.0,276.36,260.03,31.11,3.47,2.82,21144800,24256400.0,2026-09-30,16:14:15
002246,北化股份,25.41,25.07,25.25,26.43,24.86,247728.0,637780000.0,139.51,139.51,36.56,4.28,4.51,12142300,12630500.0,2026-09-30,16:14:51
002247,聚力文化,2.48,2.48,2.49,2.5,2.44,159857.0,39600000.0,21.1,15.96,52.73,3.07,2.48,8089200,7896500.0,2026-09-30,16:14:45
002248,华东数控,9.16,9.34,9.47,9.75,9.16,172611.0,162150000.0,28.17,28.17,85.35,23.51,5.61,8124000,9137100.0,2026-09-30,16:14:12
002249,大洋电机,6.41,6.4,6.43,6.51,6.39,206615.0,133080000.0,158.63,119.97,17.64,1.62,1.1,10709100,9952400.0,2026-09-30,16:14:15
002250,联化科技,14.24,13.92,13.91,14.32,13.9,94913.0,134280000.0,128.14,127.5,25.31,1.85,1.06,5902700,3588600.0,2026-09-30,16:14:54
002251,步步高,3.45,3.39,3.43,3.46,3.35,579761.0,197870000.0,92.76,76.68,167.48,1.09,2.61,32719200,25256900.0,2026-09-30,16:15:00
002252,上海莱士,5.32,5.17,5.16,5.34,5.14,898955.0,476050000.0,350.73,350.49,29.03,1.08,1.36,55694400,34201100.0,2026-09-30,16:14:21
002253,川大智胜,8.8,8.56,8.73,9.01,8.64,89843.0,79230000.0,19.86,18.48,-8.28,2.37,4.28,5059100,3925200.0,2026-09-30,16:14:24
002254,泰和新材,11.35,11.57,11.66,11.7,11.32,100985.0,115570000.0,96.65,96.54,131.97,1.37,1.19,4162100,5936400.0,2026-09-30,16:14:30
002255,海陆重工,7.26,7.26,7.29,7.32,7.22,36374.0,26430000.0,60.32,46.31,15.61,1.31,0.57,1622800,2014600.0,2026-09-30,16:14:45
002256,兆新股份,3.12,3.13,3.15,3.15,3.1,189013.0,58920000.0,63.67,62.97,147.38,4.68,0.94,7309900,11591300.0,2026-09-30,16:14:12
002258,利尔化学,13.88,13.83,13.93,14.0,13.84,83301.0,116150000.0,111.1,110.91,24.27,1.39,1.04,4083400,4246800.0,2026-09-30,16:14:30
002259,升达林业,5.01,4.89,4.99,5.19,4.88,367134.0,184490000.0,37.69,37.69,18.19,8.01,4.88,19226800,17486600.0,2026-09-30,16:14:30
002261,拓维信息,23.72,24.08,24.21,24.22,23.7,191419.0,456570000.0,298.85,271.86,551.81,11.58,1.67,7843300,11298600.0,2026-09-30,16:14:45
002262,恩华药业,22.73,21.5,23.65,23.65,22.45,291330.0,670320000.0,230.25,200.88,20.98,2.75,3.3,12466000,16667000.0,2026-09-30,16:14:15
002263,大东南,3.19,3.21,3.21,3.25,3.17,409548.0,131220000.0,59.92,59.92,294.1,2.15,2.18,19636900,21317900.0,2026-09-30,16:14:15
002264,新 华 都,7.4,7.57,7.63,7.73,7.35,456145.0,341360000.0,53.27,48.17,32.48,2.58,7.01,20198600,25415900.0,2026-09-30,16:14:33
002265,建设工业,18.92,18.9,18.94,19.18,18.84,61825.0,117480000.0,195.45,195.45,77.79,5.07,0.6,2941300,3241200.0,2026-09-30,16:14:45
002266,浙富控股,4.63,4.54,4.55,4.65,4.53,483739.0,222780000.0,241.65,224.21,12.67,1.85,1.0,27911000,20463000.0,2026-09-30,16:14:18
002267,陕天然气,7.21,7.15,7.15,7.22,7.12,43415.0,31220000.0,80.18,80.18,16.75,1.17,0.39,2266000,2075500.0,2026-09-30,16:14:21
002268,电科网安,14.86,15.08,14.95,15.1,14.55,172445.0,255580000.0,125.66,125.58,208.39,2.3,2.04,7741000,9503500.0,2026-09-30,16:14:30
002269,美邦服饰,1.39,1.37,1.39,1.4,1.36,429446.0,59330000.0,34.92,32.58,-11.58,20.04,1.83,22720500,20224100.0,2026-09-30,16:14:45
002270,华明装备,17.04,17.02,17.05,17.25,16.78,84160.0,143380000.0,152.72,152.72,20.89,4.53,0.94,4206800,4209200.0,2026-09-30,16:14:36
002271,东方雨虹,10.61,10.43,10.37,10.65,10.08,523853.0,544520000.0,253.44,206.97,156.24,1.23,2.69,28295900,24089500.0,2026-09-30,16:14:15
002272,川润股份,13.99,14.23,14.44,14.63,13.88,160858.0,226840000.0,67.83,58.61,-195.95,4.62,3.84,6835200,9250600.0,2026-09-30,16:14:57
002273,水晶光电,24.4,23.51,23.94,25.86,23.82,874177.0,2182440000.0,339.31,333.32,28.37,3.37,6.4,37984100,49433600.0,2026-09-30,16:14:45
002274,华昌化工,5.81,5.83,5.83,5.87,5.8,96903.0,56450000.0,55.33,54.49,-60.04,1.05,1.03,4569000,5121300.0,2026-09-30,16:14:15
002275,桂林三金,12.22,12.07,12.12,12.23,12.07,11913.0,14510000.0,71.8,69.01,17.64,2.2,0.21,722700,468600.0,2026-09-30,16:14:18
002276,万马股份,9.86,9.74,9.78,9.93,9.75,78550.0,77410000.0,99.69,99.34,32.58,1.6,0.78,4163200,3691800.0,2026-09-30,16:14:30
002277,友阿股份,4.81,4.85,4.88,4.97,4.79,205481.0,99670000.0,67.06,67.06,-21.14,1.04,1.47,8840100,11708000.0,2026-09-30,16:15:00
002278,神开股份,7.97,8.32,8.31,8.33,7.96,215732.0,175330000.0,30.97,28.6,89.54,2.2,6.01,6959400,14613800.0,2026-09-30,16:14:21
002279,久其软件,6.54,6.67,6.63,6.69,6.51,191636.0,125790000.0,56.39,52.06,59.21,3.83,2.41,7181300,11982300.0,2026-09-30,16:14:21
002281,光迅科技,164.88,166.9,169.62,169.62,164.15,163608.0,2719450000.0,1364.96,1296.01,118.06,9.44,2.08,8048500,8312300.0,2026-09-30,16:14:30
002282,博深股份,6.06,6.09,6.11,6.15,6.02,25960.0,15740000.0,31.93,30.88,23.29,0.89,0.51,1092100,1503900.0,2026-09-30,16:14:45
002283,天润工业,7.52,7.45,7.5,7.7,7.47,191805.0,145220000.0,85.69,75.88,19.42,1.41,1.9,10993900,8186600.0,2026-09-30,16:14:42
002284,亚太股份,9.29,9.25,9.28,9.44,9.21,94971.0,88430000.0,68.66,68.02,12.31,1.93,1.3,4737400,4759700.0,2026-09-30,16:14:21
002285,世联行,3.02,3.21,2.89,3.13,2.89,3175956.0,941810000.0,60.18,59.77,-8.96,2.79,16.05,199560800,118034800.0,2026-09-30,16:14:30
002286,保龄宝,8.32,8.24,8.29,8.41,8.25,127969.0,106840000.0,31.61,30.76,22.54,1.36,3.46,5916900,6880000.0,2026-09-30,16:14:45
002287,奇正藏药,19.38,19.12,19.12,19.45,19.07,11113.0,21500000.0,110.88,110.66,16.77,2.23,0.19,757800,353500.0,2026-09-30,16:14:24
002289,宇顺电子,33.2,33.58,33.62,33.9,32.98,19178.0,63830000.0,93.04,91.11,34.42,18.74,0.7,846000,1071700.0,2026-09-30,16:14:30
002290,禾盛新材,68.08,69.9,70.55,70.9,67.55,59969.0,411640000.0,168.91,168.38,83.38,16.05,2.42,2611000,3385800.0,2026-09-30,16:14:45
002291,遥望科技,5.48,5.59,5.63,5.65,5.42,280967.0,154270000.0,50.84,47.63,-20.97,1.77,3.23,10991000,17105700.0,2026-09-30,16:14:45
002292,奥飞娱乐,8.47,8.56,8.6,8.94,8.45,467106.0,403100000.0,125.25,86.21,59.91,4.13,4.59,22283400,24427200.0,2026-09-30,16:14:33
002293,罗莱生活,10.68,10.59,10.6,10.77,10.53,40972.0,43680000.0,89.44,88.7,15.32,2.31,0.49,2399900,1697300.0,2026-09-30,16:14:36
002294,信立泰,30.66,29.95,30.1,30.89,29.9,111529.0,341050000.0,341.8,341.73,50.75,3.99,1.0,6149900,5003100.0,2026-09-30,16:14:30
002295,精艺股份,9.77,9.86,10.0,10.03,9.71,52219.0,51210000.0,24.49,24.47,-41.52,1.89,2.09,2332700,2889200.0,2026-09-30,16:14:48
002296,辉煌科技,9.42,9.58,9.61,9.65,9.4,96926.0,91850000.0,36.7,32.73,21.51,1.47,2.79,3153800,6538800.0,2026-09-30,16:14:51
002297,博云新材,19.7,20.15,20.18,20.28,19.61,417388.0,830660000.0,112.9,112.9,50.49,4.91,7.28,19142500,22596300.0,2026-09-30,16:14:33
002298,中电鑫龙,8.76,9.04,8.88,8.99,8.75,429499.0,377850000.0,64.83,58.28,-16.29,3.47,6.46,15645100,27304900.0,2026-09-30,16:14:30
002299,圣农发展,15.6,15.51,15.53,15.68,15.47,48414.0,75470000.0,193.87,190.1,19.94,1.69,0.4,2667100,2174300.0,2026-09-30,16:14:54
002300,太阳电缆,7.68,7.77,7.78,7.85,7.65,255738.0,197680000.0,55.48,55.47,132.22,3.0,3.54,10386600,15187200.0,2026-09-30,16:14:24
002301,齐心集团,8.56,8.82,8.92,9.0,8.5,236853.0,205040000.0,61.98,61.46,88.61,2.01,3.3,10816700,12868600.0,2026-09-30,16:14:15
002302,西部建设,4.72,4.69,4.75,4.75,4.62,56204.0,26370000.0,59.58,59.58,-7.08,0.77,0.45,2858300,2762100.0,2026-09-30,16:14:30
002303,美盈森,6.8,6.7,6.65,7.08,6.56,1485490.0,1022630000.0,104.13,72.58,48.5,2.36,13.92,82186300,66362800.0,2026-09-30,16:14:45
002304,洋河股份,37.25,36.9,36.93,37.69,36.83,58328.0,217410000.0,561.15,561.14,120.91,1.19,0.39,3047100,2785700.0,2026-09-30,16:14:27
002305,*ST南置,2.09,2.08,2.07,2.12,2.05,259074.0,54000000.0,36.25,36.25,-4.08,14.39,1.49,14319100,11588300.0,2026-09-30,16:14:39
002306,ST云网,2.11,2.11,2.1,2.13,2.08,51989.0,10930000.0,18.35,17.15,-29.88,31.89,0.64,2562000,2636900.0,2026-09-30,16:14:30
002307,北新路桥,2.97,2.95,2.96,2.98,2.91,182023.0,53540000.0,48.97,48.38,-17.57,1.2,1.12,9524700,8677600.0,2026-09-30,16:14:45
002309,中利集团,2.79,2.8,2.81,2.83,2.77,453177.0,126710000.0,83.91,67.13,64.96,4.24,1.88,19504700,25813000.0,2026-09-30,16:14:33
002310,东方新能,2.23,2.25,2.26,2.27,2.22,515072.0,115070000.0,133.78,98.1,-187.54,5.55,1.17,18146400,33360900.0,2026-09-30,16:14:27
002311,海大集团,42.0,41.2,41.3,42.2,41.06,76030.0,318380000.0,695.94,695.27,21.4,2.96,0.46,4466900,3136100.0,2026-09-30,16:14:42
002312,川发龙蟒,8.16,8.11,8.13,8.19,8.12,111971.0,91350000.0,154.04,153.79,38.4,1.59,0.59,5264000,5933100.0,2026-09-30,16:14:45
002313,日海智能,8.76,8.93,9.02,9.04,8.75,168903.0,149270000.0,32.8,32.8,-19.31,38.1,4.51,7584800,9305500.0,2026-09-30,16:14:36
002314,南山控股,2.43,2.37,2.37,2.49,2.23,777809.0,183480000.0,65.8,32.52,-2.44,1.05,5.81,45045300,32735600.0,2026-09-30,16:14:45
002315,焦点科技,24.81,24.94,25.03,25.15,24.64,46751.0,116120000.0,102.51,65.51,21.85,4.01,1.77,2443900,2231200.0,2026-09-30,16:14:48
002316,亚联发展,4.95,4.5,4.53,4.95,4.5,296564.0,145180000.0,19.46,16.87,4490.94,25.17,8.7,5652600,24003800.0,2026-09-30,16:14:51
002317,众生药业,24.03,22.79,22.88,24.63,22.8,327282.0,782460000.0,204.24,184.56,102.49,5.1,4.26,18770000,13958200.0,2026-09-30,16:14:54
002318,久立特材,17.83,17.52,17.48,17.92,17.48,69694.0,123550000.0,174.23,170.1,16.22,2.17,0.73,3499500,3469900.0,2026-09-30,16:14:42
002319,乐通股份,10.14,10.17,10.17,10.43,10.09,69986.0,71540000.0,21.24,21.24,-5356.41,11.77,3.34,3164400,3834200.0,2026-09-30,16:14:30
002320,海峡股份,6.33,6.27,6.3,6.36,6.3,178966.0,113320000.0,141.59,141.59,77.51,3.49,0.8,9619700,8277000.0,2026-09-30,16:14:45
002321,华英农业,2.04,2.08,2.08,2.1,2.0,918207.0,187870000.0,43.51,43.36,-63.47,4.79,4.32,40012200,51808500.0,2026-09-30,16:14:57
002322,理工能科,11.86,11.89,11.96,12.02,11.8,38627.0,45890000.0,43.35,41.67,19.24,1.6,1.1,1941600,1921100.0,2026-09-30,16:15:00
002323,*ST雅博,1.19,1.22,1.22,1.22,1.18,473433.0,56740000.0,25.24,25.23,-12.03,19.38,2.23,14110100,33233300.0,2026-09-30,16:14:30
002324,普利特,8.78,8.85,8.85,8.98,8.76,106366.0,94140000.0,97.66,68.15,40.05,2.1,1.37,5218500,5418100.0,2026-09-30,16:14:45
002326,永太科技,16.47,16.16,16.17,16.49,16.09,118877.0,194260000.0,152.37,133.7,90.18,5.15,1.46,6127700,5760100.0,2026-09-30,16:14:57
002327,富安娜,6.13,6.1,6.09,6.14,6.07,21870.0,13350000.0,51.12,30.1,14.75,1.46,0.45,1182200,1004800.0,2026-09-30,16:15:00
002328,新朋股份,8.11,8.26,8.35,8.42,8.08,335181.0,275250000.0,62.59,46.28,15.55,1.79,5.87,13780400,19737800.0,2026-09-30,16:14:39
002329,皇氏集团,3.71,3.66,3.71,3.75,3.61,262895.0,96570000.0,30.88,24.17,-6.44,6.89,4.04,13102800,13186700.0,2026-09-30,16:14:48
002330,得利斯,4.11,4.11,4.12,4.25,4.07,117767.0,48630000.0,26.11,26.1,-174.31,1.14,1.85,5912000,5864700.0,2026-09-30,16:14:06
002331,皖通科技,6.85,7.04,7.07,7.07,6.84,74124.0,51140000.0,34.51,27.64,-9.74,1.89,1.84,2875400,4537000.0,2026-09-30,16:14:24
002332,仙琚制药,8.64,8.58,8.58,8.68,8.56,123631.0,106970000.0,85.47,85.17,22.15,1.46,1.25,6943000,5420100.0,2026-09-30,16:14:30
002333,罗普斯金,5.47,5.52,5.45,5.53,5.38,98776.0,53770000.0,36.92,36.46,87.9,1.91,1.48,4762000,5115600.0,2026-09-30,16:14:45
002334,英威腾,6.39,6.42,6.48,6.49,6.38,59206.0,38030000.0,52.4,46.97,53.17,1.72,0.81,2604700,3315900.0,2026-09-30,16:14:51
002335,科华数据,29.93,30.75,31.24,31.27,29.88,201628.0,610410000.0,226.23,197.56,39.64,3.43,3.05,8418000,11744900.0,2026-09-30,16:14:15
002336,人乐退,0.36,0.36,0.0,0.0,0.0,0.0,0.0,1.58,1.58,4.55,-0.33,0.0,0,0.0,2026-09-30,09:10:00
002337,赛象科技,4.73,4.77,4.78,4.79,4.71,65131.0,30900000.0,27.84,27.8,81.34,2.08,1.11,2611900,3901200.0,2026-09-30,16:14:54
002338,奥普光电,41.91,43.17,43.65,44.19,41.53,43672.0,185570000.0,100.58,100.58,91.46,5.21,1.82,1910300,2456900.0,2026-09-30,16:14:45
002339,积成电子,7.15,7.06,7.12,7.31,7.09,188121.0,135280000.0,36.04,34.23,775.77,2.08,3.93,10784600,8027500.0,2026-09-30,16:14:45
002340,格林美,6.11,6.04,6.04,6.13,6.01,415192.0,252510000.0,311.75,310.14,16.78,1.44,0.82,26166700,15352500.0,2026-09-30,16:14:30
002342,巨力索具,8.25,8.45,8.5,8.87,8.24,1424570.0,1206850000.0,79.2,78.76,666.35,3.24,14.92,66871100,75585900.0,2026-09-30,16:14:57
002343,慈文传媒,5.64,5.72,5.72,5.79,5.57,103332.0,58460000.0,26.72,26.72,-94.64,2.86,2.18,5096200,5237000.0,2026-09-30,16:14:45
002344,海宁皮城,4.02,4.0,4.01,4.05,3.94,114555.0,45800000.0,51.56,51.51,62.05,0.61,0.89,5876300,5579200.0,2026-09-30,16:14:09
002345,潮宏基,8.3,8.11,8.12,8.33,8.11,98396.0,80930000.0,73.75,71.98,12.55,1.99,1.13,6651100,3188400.0,2026-09-30,16:14:33
002346,柘中股份,17.81,17.9,18.11,18.13,17.73,39149.0,70130000.0,78.64,78.64,13.12,2.62,0.89,1774000,2140900.0,2026-09-30,16:15:00
002347,泰尔股份,6.39,6.6,6.5,6.53,6.3,704271.0,452920000.0,32.25,31.53,-33.84,2.95,14.27,31619500,38807600.0,2026-09-30,16:14:45
002348,高乐股份,10.65,10.68,10.89,10.94,10.51,71013.0,75610000.0,105.77,96.23,-238.66,17.44,0.79,2894500,4206800.0,2026-09-30,16:14:12
002349,精华制药,8.55,8.37,8.44,8.7,8.39,615001.0,525770000.0,71.06,69.61,31.62,2.51,7.55,32180500,29319600.0,2026-09-30,16:14:15
002350,北京科锐,13.43,13.45,13.58,13.65,13.39,39314.0,53080000.0,72.84,71.25,435.98,4.06,0.74,1697600,2233800.0,2026-09-30,16:14:30
002351,漫步者,9.84,9.87,9.87,9.91,9.79,36253.0,35710000.0,87.49,51.9,19.79,2.92,0.69,1678000,1947300.0,2026-09-30,16:14:45
002352,顺丰控股,30.67,30.51,30.46,30.73,30.37,116069.0,355110000.0,1565.75,1422.77,14.39,1.66,0.25,6301100,5305800.0,2026-09-30,16:14:03
002353,杰瑞股份,110.22,109.78,110.16,112.41,109.0,83941.0,926010000.0,1128.49,761.7,42.82,4.88,1.21,4117900,4276300.0,2026-09-30,16:14:30
002354,天娱数科,7.16,7.24,7.26,7.31,7.12,851007.0,612120000.0,118.47,116.49,-373.14,6.86,5.23,34487900,50612800.0,2026-09-30,16:14:30
002355,兴民智通,4.61,4.62,4.65,4.69,4.56,86708.0,40080000.0,30.82,29.45,-9.06,3.85,1.36,4257800,4413000.0,2026-09-30,16:14:48
002356,鹏飞绿能,2.69,2.65,2.68,2.77,2.63,318032.0,86060000.0,35.27,35.27,103.36,5.95,2.43,17533800,14269400.0,2026-09-30,16:14:12
002357,富临运业,11.5,11.58,11.67,11.72,11.36,40249.0,46300000.0,36.05,36.05,9.68,1.78,1.28,1827900,2197000.0,2026-09-30,16:14:42
002358,森源电气,5.13,5.13,5.13,5.17,5.1,57081.0,29290000.0,47.7,47.7,52.01,1.43,0.61,2738500,2969600.0,2026-09-30,16:14:30
002360,ST同德,5.33,5.37,5.35,5.41,5.32,51877.0,27750000.0,21.41,16.44,-1.86,2.42,1.68,1692600,3495100.0,2026-09-30,16:14:51
002361,神剑股份,9.58,9.79,9.85,10.25,9.51,717055.0,700650000.0,91.11,80.91,-219.53,4.21,8.49,34359900,37345600.0,2026-09-30,16:14:24
002362,汉王科技,15.77,15.82,15.87,16.18,15.73,45006.0,71520000.0,38.55,32.75,-17.1,4.46,2.17,2143500,2357200.0,2026-09-30,16:14:15
002363,隆基机械,6.95,6.98,6.98,7.14,6.9,60821.0,42560000.0,28.92,28.9,37.15,1.34,1.46,2893300,3188900.0,2026-09-30,16:14:33
002364,中恒电气,32.14,32.8,33.11,33.22,32.04,97671.0,317020000.0,181.13,179.39,135.29,7.32,1.75,4425500,5341600.0,2026-09-30,16:14:54
002365,永安药业,13.48,13.0,13.1,13.74,12.92,234329.0,314400000.0,39.72,33.11,74.38,1.98,9.54,12847400,10585500.0,2026-09-30,16:14:57
002366,融发核电,5.49,5.47,5.47,5.51,5.46,97271.0,53320000.0,114.24,101.59,-156.34,2.47,0.53,4016300,5710800.0,2026-09-30,16:14:45
002367,康力电梯,6.06,6.17,6.1,6.2,6.0,235506.0,143430000.0,48.34,48.17,19.63,1.35,2.96,10499700,13050900.0,2026-09-30,16:14:30
002368,太极股份,12.62,12.72,12.73,12.75,12.5,42840.0,53930000.0,78.65,78.44,-7.04,2.12,0.69,1937800,2346200.0,2026-09-30,16:14:45
002369,卓翼科技,5.56,5.6,5.62,5.67,5.52,60127.0,33500000.0,31.52,31.52,-12.83,22.19,1.06,2386700,3626000.0,2026-09-30,16:14:12
002370,亚太药业,5.16,5.1,5.14,5.23,5.12,138629.0,71820000.0,38.48,38.47,-413.54,3.44,1.86,7571700,6291200.0,2026-09-30,16:14:48
002371,北方华创,615.97,628.96,635.01,641.68,614.26,56074.0,3494690000.0,4470.03,4466.31,78.64,11.02,0.77,2896800,2710600.0,2026-09-30,16:14:39
002372,伟星新材,8.74,8.27,8.38,8.81,8.28,221608.0,190200000.0,139.14,128.49,16.18,2.95,1.51,13373900,8786900.0,2026-09-30,16:14:45
002373,千方科技,7.35,7.37,7.37,7.39,7.29,92134.0,67740000.0,116.14,101.25,149.16,1.02,0.67,4613800,4599600.0,2026-09-30,16:14:51
002374,中锐股份,3.36,3.3,3.31,3.4,3.29,265421.0,88580000.0,36.46,36.46,-11.63,7.14,2.45,13781700,12760400.0,2026-09-30,16:14:54
002375,亚厦股份,3.92,3.86,3.88,3.93,3.8,175258.0,67910000.0,52.53,52.18,15.89,0.64,1.32,8948200,8577600.0,2026-09-30,16:14:30
002376,新北洋,6.55,6.59,6.62,6.63,6.51,74808.0,49000000.0,53.09,51.58,58.19,1.44,0.95,3035100,4445700.0,2026-09-30,16:14:45
002377,国创高新,2.96,2.93,2.93,2.99,2.9,365128.0,107720000.0,27.12,25.82,93.87,6.79,4.19,20816300,15696500.0,2026-09-30,16:15:00
002378,章源钨业,21.13,21.28,21.34,21.36,21.02,94294.0,199740000.0,253.86,252.69,29.42,8.8,0.79,4356100,5073300.0,2026-09-30,16:14:15
002379,宏桥控股,16.28,16.3,16.0,16.36,15.92,141582.0,229530000.0,2121.47,185.0,8.6,3.66,1.25,7664400,6493900.0,2026-09-30,16:14:36
002380,科远智慧,26.29,26.85,26.9,27.02,26.26,17501.0,46430000.0,63.09,37.39,38.2,2.55,1.23,702400,1047700.0,2026-09-30,16:14:45
002381,双箭股份,5.64,5.65,5.67,5.69,5.59,28324.0,15960000.0,23.21,18.16,59.87,1.1,0.88,1374100,1458300.0,2026-09-30,16:14:03
002382,蓝帆医疗,6.32,6.1,6.08,6.33,6.07,307074.0,192310000.0,63.68,63.06,-11.72,0.89,3.08,17863600,12843800.0,2026-09-30,16:14:18
002383,合众思壮,7.68,8.08,8.07,8.1,7.64,276339.0,215830000.0,56.86,56.86,-30.81,3.91,3.73,8659300,18974600.0,2026-09-30,16:14:30
002384,东山精密,167.4,171.21,173.0,173.0,166.99,307524.0,5194070000.0,3066.11,2320.7,85.53,12.58,2.22,14205200,16547200.0,2026-09-30,16:14:45
002385,大北农,3.1,3.07,3.08,3.12,3.06,413647.0,127760000.0,132.69,110.53,-8.54,1.96,1.16,25315600,16049200.0,2026-09-30,16:14:39
002386,天原股份,5.85,5.79,5.78,5.86,5.76,99346.0,57900000.0,76.15,76.13,27.15,0.98,0.76,5251500,4683100.0,2026-09-30,16:14:42
002387,维信诺,6.7,6.63,6.74,6.8,6.65,83558.0,56200000.0,93.59,93.46,-3.29,5.31,0.6,4638200,3717600.0,2026-09-30,16:14:30
002388,新亚制程,9.1,8.27,8.61,9.1,8.59,356875.0,320870000.0,46.09,46.07,-113.72,4.96,7.05,11594900,24092600.0,2026-09-30,16:14:45
002389,航天彩虹,18.11,17.93,17.93,18.28,17.93,98255.0,178070000.0,178.37,178.34,173.52,2.22,1.0,5419200,4406300.0,2026-09-30,16:14:18
002390,信邦制药,2.96,2.92,2.92,2.98,2.92,200371.0,59200000.0,57.54,57.06,51.07,0.86,1.04,11929700,8107400.0,2026-09-30,16:14:21
002391,长青股份,5.14,5.11,5.12,5.16,5.1,38101.0,19580000.0,33.39,23.85,63.95,0.8,0.82,2258800,1551300.0,2026-09-30,16:14:42
002392,北京利尔,7.42,7.41,7.45,7.52,7.35,62381.0,46420000.0,88.33,85.89,15.57,1.43,0.54,3005000,3233100.0,2026-09-30,16:14:45
002393,力生制药,14.08,13.87,13.9,14.12,13.89,21738.0,30530000.0,43.41,42.27,28.62,0.97,0.72,1256200,917600.0,2026-09-30,16:14:45
002394,联发股份,10.15,10.59,10.63,10.63,10.15,58296.0,60070000.0,32.86,32.82,23.66,0.79,1.8,2185100,3644500.0,2026-09-30,16:14:48
002395,双象股份,13.6,13.68,13.83,13.86,13.48,94581.0,129020000.0,36.48,36.48,24.5,2.35,3.53,4613600,4844400.0,2026-09-30,16:14:30
002396,星网锐捷,32.6,32.86,33.41,33.58,32.38,330494.0,1086060000.0,246.92,246.92,43.35,3.42,4.36,15593500,17455800.0,2026-09-30,16:14:48
002397,梦洁股份,3.59,3.62,3.63,3.63,3.53,106529.0,38080000.0,26.85,23.27,46.51,2.15,1.64,4994800,5658100.0,2026-09-30,16:14:51
002398,垒知集团,4.26,4.27,4.28,4.31,4.18,121311.0,51560000.0,29.32,25.55,63.59,0.78,2.02,6271800,5859300.0,2026-09-30,16:14:51
002399,海普瑞,9.85,9.61,9.61,9.92,9.56,41486.0,40780000.0,144.53,122.85,71.22,1.21,0.33,2540800,1607800.0,2026-09-30,16:14:54
002400,省广集团,6.36,6.48,6.45,6.49,6.35,386206.0,246880000.0,110.88,109.78,172.95,2.21,2.24,15260700,23359900.0,2026-09-30,16:14:57
002401,中远海科,12.06,12.08,12.15,12.15,11.99,15602.0,18800000.0,44.82,44.79,115.39,2.7,0.42,769100,791100.0,2026-09-30,16:14:24
002402,和而泰,17.62,17.81,17.95,18.0,17.58,128893.0,228210000.0,162.7,144.22,29.61,2.25,1.57,5480300,7409000.0,2026-09-30,16:14:24
002403,爱仕达,10.18,10.23,10.24,10.54,10.07,158124.0,162260000.0,34.68,30.25,-11.07,2.65,5.32,7828800,7983600.0,2026-09-30,16:15:00
002404,嘉欣丝绸,5.79,5.84,5.83,5.84,5.75,53155.0,30760000.0,32.43,26.39,19.16,1.66,1.17,2410700,2904800.0,2026-09-30,16:14:45
002405,四维图新,5.91,5.91,5.91,5.95,5.87,199258.0,117880000.0,140.08,139.23,-187.4,1.69,0.85,9279100,10646800.0,2026-09-30,16:14:27
002406,远东传动,6.42,6.42,6.42,6.5,6.39,67983.0,43800000.0,46.88,36.09,23.2,1.19,1.21,3470100,3328200.0,2026-09-30,16:14:24
002407,多氟多,29.49,29.78,30.05,30.13,29.47,355143.0,1055940000.0,351.06,318.76,52.14,4.04,3.29,15895900,19618400.0,2026-09-30,16:14:30
002408,齐翔腾达,5.22,5.09,5.08,5.28,5.08,163773.0,85110000.0,148.43,143.64,-30.84,1.33,0.6,9723800,6653500.0,2026-09-30,16:14:45
002409,雅克科技,121.0,124.55,125.47,125.8,120.51,91514.0,1117920000.0,575.87,385.41,55.46,7.35,2.87,4200600,4950800.0,2026-09-30,16:14:03
002410,广联达,8.54,8.46,8.45,8.6,8.38,168559.0,143020000.0,141.08,135.62,38.31,2.4,1.06,9472600,7383300.0,2026-09-30,16:14:27
002412,汉森制药,9.07,8.82,8.99,9.44,8.8,593360.0,543580000.0,45.64,45.15,19.32,1.95,11.92,30552900,28783000.0,2026-09-30,16:14:30
002413,雷科防务,8.61,8.78,8.89,9.04,8.57,1223449.0,1069950000.0,113.6,111.54,-179.68,3.45,9.44,51554200,70790700.0,2026-09-30,16:14:54
002414,高德红外,11.18,11.27,11.28,11.36,11.12,247125.0,277370000.0,477.47,379.96,25.72,5.99,0.73,9788100,14924400.0,2026-09-30,16:14:57
002415,海康威视,32.46,32.11,32.17,32.56,32.17,308721.0,1000240000.0,2974.92,2936.36,18.1,3.75,0.34,16098800,14773300.0,2026-09-30,16:14:33
002416,爱施德,8.98,8.9,8.94,9.01,8.85,75793.0,67770000.0,111.29,109.85,55.84,2.11,0.62,4242100,3337200.0,2026-09-30,16:14:57
002418,康盛股份,4.37,4.36,4.41,4.5,4.34,480038.0,211810000.0,49.66,49.66,203.12,3.4,4.22,24422100,23581700.0,2026-09-30,16:15:00
002419,天虹股份,5.09,4.63,4.63,5.09,4.59,514285.0,255390000.0,58.09,58.09,135.74,1.45,4.51,10400000,41028500.0,2026-09-30,16:14:06
002420,毅昌科技,6.09,6.1,6.13,6.15,6.03,51381.0,31280000.0,25.03,24.6,12.58,3.0,1.27,2577900,2560200.0,2026-09-30,16:14:30
002421,达实智能,3.17,3.21,3.22,3.24,3.11,966647.0,304860000.0,67.22,64.55,-11.54,2.48,4.75,43843500,52821200.0,2026-09-30,16:15:00
002422,科伦药业,40.85,39.22,38.97,41.7,38.96,236767.0,963800000.0,649.83,530.46,35.53,2.64,1.82,12830800,10846000.0,2026-09-30,16:14:45
002423,中粮资本,9.14,9.11,9.15,9.19,9.09,57484.0,52520000.0,210.6,210.6,17.52,0.91,0.25,2510600,3237800.0,2026-09-30,16:14:06
002424,ST百灵,4.69,4.63,4.61,4.72,4.61,71821.0,33530000.0,64.98,53.46,-51.5,2.11,0.63,3997800,3184300.0,2026-09-30,16:14:15
002425,凯撒文化,3.09,3.12,3.13,3.15,3.05,244716.0,75700000.0,29.56,28.43,-5.98,1.2,2.66,10897800,13573900.0,2026-09-30,16:14:30
002426,胜利精密,2.56,2.65,2.66,2.68,2.55,1276429.0,329070000.0,87.11,81.77,-10.06,5.71,4.0,47128000,80514900.0,2026-09-30,16:14:45
002427,尤夫股份,4.52,4.53,4.53,4.56,4.48,55685.0,25140000.0,44.54,44.5,130.71,4.57,0.57,2996700,2571800.0,2026-09-30,16:14:03
002428,云南锗业,86.87,87.16,88.2,90.84,86.1,310197.0,2736210000.0,567.37,567.27,785.1,37.12,4.75,14560900,16458800.0,2026-09-30,16:14:33
002429,兆驰股份,7.92,8.14,8.17,8.21,7.91,434399.0,348330000.0,358.53,358.33,34.71,2.15,0.96,16023700,27416200.0,2026-09-30,16:14:36
002430,杭氧股份,25.04,24.02,24.08,25.3,23.9,149772.0,371870000.0,244.98,244.88,23.72,2.48,1.53,8041300,6935900.0,2026-09-30,16:14:45
002431,ST棕榈,1.32,1.3,1.31,1.32,1.28,129455.0,16850000.0,23.79,23.79,-2.02,14.62,0.72,6342400,6603100.0,2026-09-30,16:14:12
002432,九安医疗,60.39,60.34,60.78,61.55,60.11,83472.0,505390000.0,281.53,281.15,6.37,1.22,1.79,3771000,4576200.0,2026-09-30,16:14:15
002434,万里扬,6.17,6.16,6.29,6.36,6.15,152768.0,95290000.0,80.99,80.91,239.0,1.38,1.16,6809600,8467200.0,2026-09-30,16:14:36
002436,兴森科技,40.94,42.2,42.22,42.48,40.66,677487.0,2803750000.0,695.85,621.44,321.23,12.34,4.46,28745100,39003600.0,2026-09-30,16:14:45
002437,誉衡药业,3.65,3.47,3.48,3.76,3.44,3538145.0,1277180000.0,81.39,76.75,20.27,3.29,16.83,199451700,154362800.0,2026-09-30,16:14:39
002438,江苏神通,13.68,13.65,13.78,13.91,13.67,37877.0,52240000.0,69.43,64.14,24.31,1.84,0.81,1817700,1970000.0,2026-09-30,16:14:15
002439,启明星辰,14.68,14.94,14.8,14.89,14.42,382854.0,560670000.0,177.83,106.95,-39.68,1.64,5.25,17491800,20793600.0,2026-09-30,16:14:42
002440,闰土股份,13.26,12.99,13.0,13.78,13.0,464076.0,619330000.0,149.04,125.49,13.0,1.44,4.9,23791500,22616000.0,2026-09-30,16:14:45
002441,众业达,8.25,8.25,8.23,8.29,8.17,42893.0,35320000.0,44.92,32.91,20.81,1.04,1.08,2103400,2185900.0,2026-09-30,16:14:18
002442,龙星科技,5.35,5.32,5.34,5.47,5.28,160806.0,86200000.0,26.93,26.3,100.68,1.44,3.27,8246800,7833800.0,2026-09-30,16:14:21
002443,金洲管道,12.67,12.85,13.11,13.11,12.56,206327.0,264210000.0,65.95,65.95,39.81,1.93,3.96,9665400,10967400.0,2026-09-30,16:14:45
002444,巨星科技,26.84,26.58,26.66,27.0,26.45,47165.0,126400000.0,320.6,307.9,12.61,1.67,0.41,2453400,2263100.0,2026-09-30,16:14:48
002445,中南文化,3.08,3.1,3.1,3.12,3.07,321502.0,99400000.0,73.2,72.88,165.37,3.2,1.36,13781300,18368900.0,2026-09-30,16:14:24
002446,盛路通信,7.58,7.74,7.8,7.82,7.57,154546.0,118170000.0,69.39,64.26,142.99,2.85,1.82,5675300,9779300.0,2026-09-30,16:14:27
002448,中原内配,10.9,10.77,11.05,11.22,10.67,117647.0,127590000.0,66.26,63.28,12.7,1.64,2.03,5337700,6427000.0,2026-09-30,16:14:30
002449,国星光电,6.55,6.53,6.55,6.73,6.52,79188.0,52250000.0,40.51,40.51,-46.89,1.08,1.28,3960700,3958200.0,2026-09-30,16:14:45
002451,摩恩电气,7.69,7.52,7.56,7.75,7.45,94485.0,72130000.0,33.83,33.77,318.2,4.4,2.15,5697900,3750600.0,2026-09-30,16:14:33
002452,长高电气,11.37,11.35,11.42,11.74,11.33,81349.0,93410000.0,70.53,58.88,8.61,2.27,1.57,4112500,4022500.0,2026-09-30,16:14:39
002453,华软科技,4.79,4.72,4.8,4.93,4.7,533050.0,257510000.0,38.91,30.8,-16.04,5.49,8.29,26621600,26683400.0,2026-09-30,16:14:30
002454,松芝股份,5.61,5.1,5.1,5.61,5.1,220943.0,121090000.0,49.32,49.22,21.43,1.23,2.52,5390900,16703400.0,2026-09-30,16:14:51
002455,百川股份,6.8,6.8,6.82,6.92,6.79,159557.0,109090000.0,49.13,44.94,-54.02,1.76,2.41,6815900,9139800.0,2026-09-30,16:14:36
002456,欧菲光,6.49,6.48,6.52,6.56,6.44,402794.0,261960000.0,226.88,215.31,-77.44,5.1,1.21,18072900,22206500.0,2026-09-30,16:14:36
002457,青龙管业,11.31,11.11,11.44,11.52,11.17,188521.0,213770000.0,37.72,37.72,28.87,1.5,5.65,8400100,10452000.0,2026-09-30,16:14:30
002458,益生股份,8.09,8.05,8.08,8.13,8.04,141817.0,114580000.0,115.78,78.18,24.8,2.62,1.47,7034800,7146900.0,2026-09-30,16:14:54
002459,晶澳科技,6.74,6.6,6.63,6.8,6.56,352397.0,235600000.0,223.07,222.88,-4.76,1.16,1.07,18281000,16958700.0,2026-09-30,16:14:42
002460,赣锋锂业,43.43,43.38,43.51,43.94,42.62,246390.0,1067200000.0,910.59,526.1,14.22,1.89,2.03,11132400,13506700.0,2026-09-30,16:14:24
002461,珠江啤酒,8.39,8.31,8.38,8.44,8.29,35611.0,29810000.0,185.7,185.7,19.24,1.64,0.16,2045400,1515700.0,2026-09-30,16:14:30
002462,嘉事堂,12.26,12.18,12.27,12.3,12.15,17704.0,21670000.0,35.76,35.73,39.35,0.81,0.61,1007600,762800.0,2026-09-30,16:14:45
002463,沪电股份,115.93,119.07,119.66,120.08,114.5,303828.0,3531500000.0,2230.91,2229.16,44.06,12.4,1.58,13965800,16417000.0,2026-09-30,16:14:57
002465,海格通信,9.89,10.0,10.1,10.17,9.88,370540.0,369560000.0,245.45,245.06,-25.3,2.21,1.5,14609400,22444600.0,2026-09-30,16:14:30
002466,天齐锂业,40.25,40.55,40.59,40.9,40.04,190483.0,769440000.0,689.52,594.03,14.92,1.43,1.29,9882900,9165400.0,2026-09-30,16:14:30
002467,二六三,4.88,5.06,5.0,5.0,4.84,688473.0,336780000.0,67.12,66.77,-19.77,4.34,5.03,25302700,43544700.0,2026-09-30,16:14:45
002468,申通快递,14.6,14.69,14.69,14.85,14.58,96579.0,141900000.0,223.5,215.54,11.46,1.9,0.65,4840400,4817400.0,2026-09-30,16:14:48
002469,三维化学,6.06,6.02,6.02,6.08,5.99,34515.0,20830000.0,39.32,38.12,38.69,1.54,0.55,1818800,1632700.0,2026-09-30,16:14:39
002470,金正大,1.98,1.97,2.0,2.01,1.97,837332.0,166700000.0,65.06,65.06,-16.94,3.99,2.55,41125700,42607500.0,2026-09-30,16:14:42
002471,中超控股,5.12,5.21,5.3,5.39,5.11,439651.0,228300000.0,70.07,68.83,-166.93,3.88,3.27,17223400,26741700.0,2026-09-30,16:14:45
002472,双环传动,38.09,38.7,38.57,38.79,38.02,131646.0,504370000.0,323.76,288.33,25.47,3.12,1.74,5910100,7254500.0,2026-09-30,16:14:21
002474,榕基软件,6.38,6.73,6.65,6.68,6.26,424850.0,271870000.0,39.7,34.27,-60.18,3.05,7.91,18974900,23510100.0,2026-09-30,16:14:51
002475,立讯精密,49.43,50.4,50.5,50.88,49.04,636200.0,3160730000.0,3826.02,3622.0,21.5,4.11,0.87,28775300,34844700.0,2026-09-30,16:15:00
002476,新叶股份,4.82,4.88,4.91,4.91,4.81,46006.0,22290000.0,29.5,29.5,83.0,3.03,0.75,1889100,2711500.0,2026-09-30,16:14:45
002478,常宝股份,6.28,6.3,6.3,6.36,6.27,78508.0,49500000.0,56.57,45.59,15.64,0.95,1.08,3294400,4556400.0,2026-09-30,16:14:54
002479,富春环保,5.78,5.71,5.73,5.8,5.72,87696.0,50630000.0,50.0,49.89,14.8,1.15,1.02,4905100,3864500.0,2026-09-30,16:14:36
002480,新筑股份,5.48,5.53,5.55,5.63,5.45,222230.0,122580000.0,42.15,42.06,-20.97,5.66,2.9,10552500,11670400.0,2026-09-30,16:14:39
002481,双塔食品,4.28,4.22,4.22,4.3,4.19,86917.0,37010000.0,52.8,47.86,461.24,2.16,0.78,5390100,3301600.0,2026-09-30,16:14:45
002482,广田集团,1.4,1.37,1.39,1.5,1.33,1457839.0,202770000.0,52.51,52.41,-48.93,12.36,3.89,75650900,70133000.0,2026-09-30,16:14:06
002483,润邦股份,5.84,5.87,6.0,6.07,5.81,113458.0,66890000.0,51.77,51.7,16.48,1.14,1.28,4685100,6660700.0,2026-09-30,16:14:39
002484,江海股份,51.32,52.84,53.4,53.41,51.03,228582.0,1181520000.0,436.49,421.07,62.41,6.66,2.79,10661700,12196500.0,2026-09-30,16:14:42
002485,ST雪发,5.98,5.84,5.87,6.05,5.77,29224.0,17250000.0,32.53,32.53,-16.65,3.24,0.54,1714200,1208200.0,2026-09-30,16:14:48
002486,嘉麟杰,2.66,2.69,2.7,2.73,2.64,224283.0,60010000.0,21.93,21.82,64.01,2.03,2.73,10039000,12389300.0,2026-09-30,16:14:09
002487,大金重工,46.29,42.93,42.79,47.0,42.23,944070.0,4195670000.0,342.59,292.05,29.6,2.38,14.96,51571900,42835100.0,2026-09-30,16:14:42
002488,金固股份,7.23,7.19,7.18,7.29,7.16,84159.0,60890000.0,71.97,66.52,129.53,2.07,0.91,4286900,4129000.0,2026-09-30,16:14:57
002489,浙江永强,2.88,2.9,2.91,2.94,2.85,222528.0,64340000.0,62.47,55.1,-120.9,1.47,1.16,9657400,12595400.0,2026-09-30,16:14:45
002490,山东墨龙,6.91,6.94,6.96,6.96,6.88,96077.0,66340000.0,59.23,37.43,-2117.38,11.78,1.77,4072100,5535600.0,2026-09-30,16:14:45
002491,通鼎互联,20.04,20.62,20.88,20.99,19.86,973021.0,1971700000.0,246.49,235.76,114.25,9.22,8.27,44523700,52778400.0,2026-09-30,16:15:00
002492,恒基达鑫,6.36,6.52,6.56,6.57,6.36,64967.0,41730000.0,25.76,25.3,-18.12,1.64,1.63,2955800,3540900.0,2026-09-30,16:14:30
002493,荣盛石化,13.33,13.25,13.14,13.55,13.12,319580.0,427200000.0,1331.59,1247.98,24.86,2.79,0.34,16131600,15826300.0,2026-09-30,16:14:45
002494,华斯股份,5.05,5.32,5.24,5.24,4.86,727062.0,362350000.0,19.05,14.48,84.21,1.53,25.35,34522700,38183500.0,2026-09-30,16:14:48
002495,佳隆股份,2.43,2.43,2.44,2.45,2.39,170781.0,41390000.0,22.74,16.86,131.75,2.06,2.46,8944100,8134000.0,2026-09-30,16:14:27
002496,辉丰股份,2.1,2.1,2.1,2.12,2.08,145166.0,30480000.0,31.66,24.81,-15.28,2.44,1.23,6490200,8026400.0,2026-09-30,16:14:30
002497,雅化集团,15.7,15.72,15.77,15.87,15.6,142331.0,223960000.0,180.95,166.36,10.57,1.49,1.34,6906300,7326900.0,2026-09-30,16:14:51
002498,汉缆股份,6.11,6.06,6.09,6.11,6.05,218129.0,132840000.0,203.27,203.27,35.09,2.3,0.66,12097700,9715200.0,2026-09-30,16:14:54
002500,山西证券,5.18,5.15,5.15,5.2,5.13,106417.0,55030000.0,185.95,185.95,18.54,0.99,0.3,5550400,5091400.0,2026-09-30,16:14:48
002501,*ST利源,1.3,1.27,1.27,1.3,1.26,225457.0,28860000.0,46.15,46.09,-29.95,32.98,0.64,13914400,8631300.0,2026-09-30,16:14:33
002506,协鑫集成,2.38,2.35,2.37,2.39,2.33,1363187.0,322150000.0,139.24,139.1,-10.97,19.94,2.33,76268700,60050000.0,2026-09-30,16:14:45
002507,涪陵榨菜,11.2,11.08,11.08,11.23,11.06,72111.0,80500000.0,129.24,129.22,17.55,1.45,0.63,4756000,2455200.0,2026-09-30,16:14:51
002508,老板电器,17.11,16.6,16.58,17.24,16.37,102097.0,172990000.0,161.69,159.75,14.41,1.39,1.09,5951300,4258300.0,2026-09-30,16:14:51
002510,天汽模,5.82,5.68,5.69,5.94,5.66,304951.0,177870000.0,59.08,59.08,110.35,2.34,3.0,17107100,13388000.0,2026-09-30,16:14:30
002511,中顺洁柔,6.99,6.91,6.92,7.04,6.9,77510.0,54110000.0,89.55,88.42,22.74,1.63,0.61,5012800,2738200.0,2026-09-30,16:14:57
002512,ST达华,3.76,3.72,3.75,3.8,3.7,123404.0,46320000.0,41.45,41.15,-35.75,12.87,1.13,5981800,6358600.0,2026-09-30,16:14:54
002513,蓝丰生化,5.86,5.47,5.54,6.02,5.49,480872.0,282460000.0,22.01,17.29,-10.71,441.37,16.3,17449200,30637900.0,2026-09-30,16:14:54
002514,*ST宝馨,2.41,2.41,2.39,2.47,2.38,224769.0,54600000.0,17.35,13.35,-8.24,-21.22,4.06,10961700,11515200.0,2026-09-30,16:14:30
002515,金字火腿,7.05,7.25,7.27,7.34,7.03,339327.0,241550000.0,85.35,77.68,-1485.3,3.29,3.08,12055700,21877000.0,2026-09-30,16:14:57
002516,旷达科技,5.53,5.54,5.65,5.67,5.5,117635.0,65360000.0,81.34,80.77,37.08,2.16,0.81,4944100,6819400.0,2026-09-30,16:14:21
002517,恺英网络,16.01,15.87,15.92,16.09,15.82,183432.0,292990000.0,342.04,300.87,14.36,3.26,0.98,9898800,8444300.0,2026-09-30,16:14:36
002518,科士达,34.05,34.33,35.28,35.7,34.01,110547.0,385400000.0,198.25,192.43,30.71,4.07,1.96,5262200,5792500.0,2026-09-30,16:14:30
002519,银河电子,5.57,5.66,5.71,5.74,5.55,289797.0,162880000.0,62.74,62.58,-126.96,2.82,2.58,11812800,17166900.0,2026-09-30,16:14:57
002520,日发精机,6.27,6.35,6.38,6.48,6.24,265230.0,167870000.0,47.04,44.22,75.0,15.12,3.76,11403400,15119600.0,2026-09-30,16:14:39
002521,齐峰新材,6.19,6.2,6.22,6.22,6.15,22735.0,14080000.0,34.67,25.95,20.24,0.89,0.54,903800,1369700.0,2026-09-30,16:14:24
002522,浙江众成,5.26,5.34,5.36,5.39,5.22,214387.0,113220000.0,47.64,47.61,62.8,2.03,2.37,8405800,13032900.0,2026-09-30,16:15:00
002523,天桥起重,3.4,3.44,3.45,3.47,3.37,206475.0,70260000.0,48.17,47.99,34.04,1.91,1.46,8397400,12250100.0,2026-09-30,16:15:00
002524,光正眼科,4.13,4.2,4.23,4.25,4.1,239826.0,99790000.0,21.28,21.03,-677.7,18.92,4.71,11663300,12319300.0,2026-09-30,16:14:03
002526,山东矿机,2.59,2.59,2.6,2.61,2.57,140173.0,36280000.0,46.17,45.87,151.77,1.43,0.79,6228300,7789000.0,2026-09-30,16:14:27
002527,新时达,10.59,10.63,10.65,10.88,10.56,39797.0,42540000.0,70.22,59.16,-919.71,5.69,0.71,1864800,2114900.0,2026-09-30,16:14:30
002528,*ST英飞,6.17,6.21,6.3,6.34,6.05,156471.0,96780000.0,73.96,64.8,-18.91,-34.03,1.49,6128100,9519000.0,2026-09-30,16:14:45
002529,海源复材,6.75,6.83,6.9,6.95,6.7,32972.0,22440000.0,17.55,17.55,-10.35,30.77,1.27,1517300,1779900.0,2026-09-30,16:15:00
002530,金财互联,7.02,7.07,7.08,7.11,7.02,58345.0,41120000.0,54.7,49.61,72.43,4.04,0.83,2404100,3430400.0,2026-09-30,16:14:15
002531,天顺风能,7.98,7.64,7.56,8.2,7.37,1738178.0,1340590000.0,143.39,142.59,-82.73,1.63,9.73,91484600,82333300.0,2026-09-30,16:14:42
002532,天山铝业,12.18,12.21,12.17,12.25,12.02,293317.0,356620000.0,563.78,500.22,8.16,1.76,0.71,14553300,14778500.0,2026-09-30,16:14:45
002533,金杯电工,10.79,10.91,10.89,10.97,10.79,39043.0,42510000.0,79.19,69.72,12.76,1.77,0.6,1421300,2483000.0,2026-09-30,16:14:03
002534,西子洁能,17.1,17.03,17.29,17.49,16.81,87199.0,149600000.0,142.94,141.14,59.95,2.61,1.06,4311200,4408600.0,2026-09-30,16:14:48
002535,林州重机,2.47,2.5,2.52,2.55,2.45,116968.0,29040000.0,19.8,18.43,-12.51,3.74,1.57,5343300,6353500.0,2026-09-30,16:14:30
002536,飞龙股份,45.38,46.52,46.57,46.8,45.22,160226.0,733640000.0,260.84,247.47,143.16,7.83,2.94,8542500,7480100.0,2026-09-30,16:14:45
002537,海联金汇,5.66,5.65,5.65,5.71,5.58,123252.0,69630000.0,66.42,66.25,21.61,1.48,1.05,6076000,6249200.0,2026-09-30,16:14:18
002538,ST司特,6.75,6.89,6.92,6.94,6.66,102480.0,69910000.0,57.62,57.58,31.96,1.1,1.2,4033900,6214100.0,2026-09-30,16:14:15
002539,云图控股,11.75,11.58,11.57,11.84,11.57,56043.0,65910000.0,141.91,104.55,13.85,1.44,0.63,2984600,2619700.0,2026-09-30,16:14:30
002540,亚太科技,4.99,4.97,4.98,5.03,4.98,43068.0,21520000.0,62.25,42.82,20.91,1.13,0.5,1804800,2501900.0,2026-09-30,16:14:51
002541,鸿路钢构,18.36,18.44,18.47,18.76,18.08,95841.0,175840000.0,138.34,102.75,17.7,1.39,1.71,5073400,4510600.0,2026-09-30,16:14:06
002542,*ST中岩,1.64,1.59,1.61,1.66,1.58,140413.0,22730000.0,29.62,28.85,-3.07,-10.35,0.8,8670100,5371200.0,2026-09-30,16:14:36
002543,万和电气,7.26,7.4,7.36,7.41,7.2,94284.0,68670000.0,53.99,48.0,-53.05,1.17,1.43,3974500,5454000.0,2026-09-30,16:14:54
002544,普天科技,15.17,15.41,15.45,15.52,15.16,89444.0,137140000.0,103.24,103.23,491.69,2.79,1.31,3528500,5416000.0,2026-09-30,16:14:45
002545,东方铁塔,13.85,13.79,13.77,14.09,13.67,162335.0,226000000.0,172.3,156.53,10.2,1.66,1.44,8729600,7503900.0,2026-09-30,16:14:27
002546,新联电子,7.34,7.28,7.32,7.39,7.31,46147.0,33930000.0,61.22,58.81,7.26,1.48,0.58,2222800,2391900.0,2026-09-30,16:14:30
002547,*ST春兴,2.58,2.51,2.51,2.66,2.51,319418.0,83310000.0,29.1,28.5,-6.26,-5.51,2.89,18399400,13542400.0,2026-09-30,16:14:39
002548,金新农,3.94,3.92,3.95,3.96,3.89,129799.0,50880000.0,32.63,31.7,-4.96,3.85,1.61,6798700,6181200.0,2026-09-30,16:14:45
002549,凯美特气,12.29,12.4,12.52,12.52,12.24,87074.0,107600000.0,85.46,85.09,246.77,4.16,1.26,3856700,4850800.0,2026-09-30,16:14:06
002550,千红制药,6.59,6.33,6.32,6.7,6.3,276500.0,181950000.0,84.34,62.84,28.73,3.08,2.9,17126200,10523800.0,2026-09-30,16:14:15
002551,尚荣医疗,3.41,3.37,3.37,3.48,3.34,220123.0,74870000.0,28.83,20.84,-19.55,1.17,3.6,11950400,10062000.0,2026-09-30,16:14:30
002552,宝鼎科技,44.39,46.59,47.15,47.15,44.2,118899.0,535880000.0,172.23,163.58,72.29,10.51,3.23,5665200,6224700.0,2026-09-30,16:14:45
002553,南方精工,16.97,16.94,16.76,17.35,16.66,221967.0,378950000.0,59.97,43.48,33.98,3.76,8.66,10722600,11474100.0,2026-09-30,16:14:57
002554,惠博普,2.71,2.72,2.73,2.73,2.7,88903.0,24090000.0,36.14,36.14,-6.94,1.96,0.67,3444000,5446300.0,2026-09-30,16:14:15
002555,三七互娱,17.2,17.06,17.05,17.22,17.01,125411.0,214580000.0,380.5,281.01,11.65,2.74,0.77,6567500,5973600.0,2026-09-30,16:14:30
002556,辉隆股份,5.06,5.03,5.06,5.09,5.01,74161.0,37490000.0,47.31,47.26,24.22,1.34,0.79,4105800,3310400.0,2026-09-30,16:14:45
002557,洽洽食品,18.34,18.12,18.16,18.38,18.08,42592.0,77600000.0,92.77,92.32,19.5,1.85,0.85,2582400,1676800.0,2026-09-30,16:14:33
002558,巨人网络,22.5,22.12,22.35,22.86,21.93,530166.0,1191020000.0,427.63,427.62,13.7,2.79,2.79,26557900,26458700.0,2026-09-30,16:15:00
002559,亚威股份,8.54,8.72,8.73,8.76,8.51,103548.0,89180000.0,54.82,43.7,68.23,2.27,2.02,3210300,7144500.0,2026-09-30,16:14:30
002560,通达股份,6.29,6.51,6.64,6.67,6.27,393820.0,251290000.0,46.25,39.84,36.81,1.73,6.22,14748100,24634000.0,2026-09-30,16:14:45
002561,徐家汇,7.31,7.25,7.26,7.39,7.17,46170.0,33660000.0,30.39,30.3,-67.18,1.42,1.11,2173600,2443400.0,2026-09-30,16:14:48
002562,兄弟科技,4.93,4.84,4.84,5.07,4.84,218503.0,107930000.0,56.34,40.11,43.81,1.54,2.69,12111200,9739100.0,2026-09-30,16:14:15
002563,森马服饰,5.45,5.39,5.4,5.48,5.38,78380.0,42620000.0,146.83,120.64,14.03,1.33,0.35,4456000,3382000.0,2026-09-30,16:14:51
002564,天沃科技,5.18,5.15,5.14,5.21,5.1,271239.0,139950000.0,44.49,44.49,-205.0,40.7,3.16,14463600,12660300.0,2026-09-30,16:14:45
002565,顺灏股份,8.44,8.29,8.34,8.94,8.23,1354259.0,1151250000.0,89.46,89.46,155.94,4.82,12.78,72140500,63285500.0,2026-09-30,16:14:09
002566,益盛药业,7.06,7.08,7.1,7.15,7.06,38126.0,27050000.0,23.37,16.39,63.04,1.05,1.64,1851400,1961200.0,2026-09-30,16:14:15
002567,唐人神,3.7,3.66,3.66,3.71,3.64,144130.0,53130000.0,53.02,52.97,-2.44,1.42,1.01,7223000,7190000.0,2026-09-30,16:14:36
002568,百润股份,19.49,18.91,18.99,19.63,18.87,128706.0,249100000.0,203.01,148.53,27.92,4.07,1.69,6977400,5893200.0,2026-09-30,16:14:45
002569,*ST步森,12.06,12.0,11.99,12.49,11.9,21807.0,26560000.0,17.37,16.89,298.55,56.81,1.56,770800,1409900.0,2026-09-30,16:14:54
002570,贝因美,4.42,4.4,4.41,4.49,4.37,261778.0,115700000.0,47.74,47.74,31.53,2.85,2.42,12924600,13253100.0,2026-09-30,16:14:24
002571,德力股份,10.42,10.66,10.68,10.73,10.35,53268.0,55880000.0,40.84,31.08,-15.01,5.46,1.79,1842500,3484300.0,2026-09-30,16:14:57
002572,索菲亚,7.72,7.63,7.63,7.79,7.4,154152.0,117590000.0,74.35,56.3,11.55,1.11,2.11,8700500,6714800.0,2026-09-30,16:14:45
002573,清新环境,3.14,3.1,3.12,3.15,3.08,108727.0,33940000.0,44.44,44.36,-11.43,0.81,0.77,6444100,4428600.0,2026-09-30,16:15:00
002574,明牌珠宝,4.98,5.05,5.05,5.06,4.93,70904.0,35350000.0,26.29,26.29,-8.74,0.98,1.34,3118900,3971500.0,2026-09-30,16:14:15
002575,群兴玩具,5.0,5.05,5.1,5.29,4.98,286089.0,144840000.0,30.82,29.22,-53.21,3.86,4.9,14143800,14465100.0,2026-09-30,16:14:30
002576,通达动力,14.38,14.66,14.66,14.7,14.37,19390.0,28070000.0,23.74,23.3,29.11,1.82,1.2,861500,1077500.0,2026-09-30,16:14:45
002577,雷柏科技,20.68,20.91,20.91,21.23,20.63,39989.0,83510000.0,58.05,58.04,-1138.25,4.95,1.42,1695700,2303200.0,2026-09-30,16:14:27
002578,闽发铝业,4.14,4.16,4.16,4.17,4.03,169639.0,69660000.0,38.86,35.65,-110.79,2.6,1.97,8731300,8232600.0,2026-09-30,16:14:15
002579,中京电子,16.88,17.9,18.01,18.02,16.85,757147.0,1305600000.0,103.41,98.48,-128.04,4.49,12.98,30883700,44831000.0,2026-09-30,16:14:30
002580,圣阳股份,19.52,18.7,18.4,19.85,18.4,623282.0,1207760000.0,88.6,88.3,53.1,3.63,13.78,35978200,26350000.0,2026-09-30,16:14:45
002581,*ST未名,5.1,4.75,4.76,5.12,4.76,56104.0,28010000.0,33.65,20.44,-23.29,1.9,1.4,3081100,2529300.0,2026-09-30,16:14:21
002582,好想你,9.39,9.28,9.35,9.43,9.28,79879.0,74730000.0,42.04,32.32,2.58,0.94,2.32,4532000,3455900.0,2026-09-30,16:14:21
002583,海能达,8.07,7.88,7.87,8.2,7.78,462487.0,368100000.0,146.76,103.55,-47.53,7.04,3.6,24888100,21360600.0,2026-09-30,16:14:39
002584,西陇科学,8.79,8.68,8.7,8.99,8.63,647560.0,571320000.0,51.44,42.29,131.09,2.33,13.46,31849900,32906100.0,2026-09-30,16:14:45
002585,双星新材,10.35,10.67,10.69,10.73,10.3,600896.0,628370000.0,118.13,91.76,-35.56,1.41,6.78,24518400,35571300.0,2026-09-30,16:14:12
002586,围海股份,3.62,3.63,3.66,3.67,3.58,52403.0,18960000.0,41.42,39.37,15.2,1.3,0.48,2827200,2413100.0,2026-09-30,16:14:45
002587,奥拓电子,5.29,5.29,5.32,5.33,5.2,93095.0,49010000.0,34.62,28.18,212.94,2.67,1.75,4963600,4345900.0,2026-09-30,16:14:48
002588,史丹利,7.45,7.36,7.38,7.47,7.36,69380.0,51510000.0,85.82,63.97,8.84,1.1,0.81,4118500,2819500.0,2026-09-30,16:14:45
002589,瑞康医药,3.27,3.24,3.3,3.32,3.24,988425.0,324930000.0,49.2,44.65,544.29,0.93,7.24,50554600,48287900.0,2026-09-30,16:14:24
002590,万安科技,9.55,9.57,9.59,9.78,9.54,45031.0,43320000.0,49.57,47.21,22.95,1.6,0.91,2119000,2384200.0,2026-09-30,16:14:27
002591,恒大高新,6.51,6.56,6.56,6.65,6.45,94133.0,61550000.0,19.54,14.55,-130.73,3.06,4.21,3924300,5489000.0,2026-09-30,16:14:36
002592,ST八菱,6.25,6.25,6.22,6.26,6.19,12754.0,7950000.0,17.76,16.43,15.07,1.85,0.49,623800,651600.0,2026-09-30,16:14:45
002593,日上集团,4.57,4.6,4.61,4.65,4.53,70563.0,32260000.0,36.74,25.62,23.84,1.48,1.26,3177400,3878900.0,2026-09-30,16:14:51
002594,比亚迪,83.31,82.02,82.1,83.47,81.7,216673.0,1795660000.0,7595.54,2905.08,25.81,3.17,0.62,11480400,10186900.0,2026-09-30,16:14:24
002595,豪迈科技,38.4,38.37,38.39,38.76,38.34,26455.0,101950000.0,445.44,442.41,19.12,3.6,0.23,1221000,1424600.0,2026-09-30,16:14:54
002596,海南瑞泽,3.22,3.29,3.32,3.32,3.17,150211.0,48300000.0,36.95,36.92,-18.14,7.74,1.31,6599800,8421300.0,2026-09-30,16:14:45
002597,金禾实业,21.23,21.24,21.16,21.44,21.11,24133.0,51410000.0,120.65,120.16,44.94,1.53,0.43,1260500,1152800.0,2026-09-30,16:14:09
002598,ST章鼓,6.81,6.82,6.88,6.88,6.79,12701.0,8660000.0,21.25,19.51,33.72,1.71,0.44,417700,852400.0,2026-09-30,16:14:15
002599,盛通股份,5.5,5.57,5.57,5.6,5.48,45774.0,25280000.0,29.73,22.74,-732.98,2.39,1.11,1981600,2595800.0,2026-09-30,16:14:30
002600,领益智造,11.88,11.98,12.04,12.09,11.88,447196.0,536470000.0,964.69,855.36,45.47,3.07,0.62,19289000,25430600.0,2026-09-30,16:14:57
002601,龙佰集团,14.71,14.62,14.62,14.84,14.62,69465.0,102500000.0,350.72,291.23,49.88,1.54,0.35,3615100,3331400.0,2026-09-30,16:14:15
002602,世纪华通,13.8,13.88,14.03,14.07,13.78,433689.0,602460000.0,1017.15,937.96,13.65,3.02,0.64,21147700,22221100.0,2026-09-30,16:14:27
002603,以岭药业,15.35,15.02,15.03,15.4,15.0,131420.0,200630000.0,256.45,211.26,18.65,2.35,0.95,8515700,4626400.0,2026-09-30,16:14:30
002605,姚记科技,16.47,16.43,16.49,16.53,16.3,21183.0,34800000.0,68.81,55.74,16.1,1.87,0.63,1030300,1088000.0,2026-09-30,16:14:45
002606,大连电瓷,11.95,11.84,11.93,12.16,11.9,82437.0,98950000.0,52.47,50.35,16.4,2.58,1.96,3956600,4287000.0,2026-09-30,16:14:33
002607,中公教育,1.85,1.84,1.86,1.87,1.82,1107126.0,204660000.0,114.1,105.82,189.12,13.74,1.94,57920800,52791900.0,2026-09-30,16:15:00
002608,江苏国信,7.34,7.22,7.23,7.4,7.2,141106.0,103260000.0,277.31,277.31,9.44,0.74,0.37,9050800,5059800.0,2026-09-30,16:14:30
002609,捷顺科技,7.87,7.96,7.95,7.98,7.83,42391.0,33400000.0,50.64,36.17,77.99,2.12,0.92,1827600,2411500.0,2026-09-30,16:14:45
002611,东方精工,13.98,14.43,14.43,14.49,13.97,193714.0,274560000.0,170.18,140.35,4.08,1.84,1.93,7435100,11936200.0,2026-09-30,16:14:42
002612,朗姿股份,16.72,17.13,17.15,17.2,16.48,99438.0,166780000.0,73.98,43.7,8.88,2.63,3.8,4605000,5338800.0,2026-09-30,16:14:18
002613,北玻股份,3.35,3.35,3.38,3.39,3.32,221637.0,74120000.0,36.87,25.92,-383.91,1.67,2.86,9441900,12721700.0,2026-09-30,16:14:30
002614,奥佳华,7.76,8.13,8.04,8.13,7.45,960240.0,745110000.0,48.4,34.24,-54.58,1.15,21.76,46920900,49103100.0,2026-09-30,16:14:45
002615,哈尔斯,6.23,6.31,6.38,6.38,6.21,66167.0,41500000.0,34.88,18.78,125.81,1.46,2.2,2777200,3839500.0,2026-09-30,16:14:21
002616,长青集团,4.84,4.8,4.85,4.86,4.78,44805.0,21600000.0,41.59,28.43,13.24,1.17,0.76,2424700,2055800.0,2026-09-30,16:14:15
002617,露笑科技,6.9,6.78,6.8,6.97,6.69,924137.0,632490000.0,131.73,129.56,74.71,2.03,4.92,48237900,44175800.0,2026-09-30,16:14:30
002620,*ST瑞和,5.34,5.39,5.38,5.45,5.29,37404.0,19990000.0,20.16,16.88,-18.65,-20.72,1.18,1381300,2359100.0,2026-09-30,16:14:45
002622,皓宸医疗,2.53,2.54,2.54,2.56,2.47,515447.0,130180000.0,21.25,21.25,-19.37,8.14,6.14,22919100,28625600.0,2026-09-30,16:14:24
002623,亚玛顿,17.99,18.4,18.45,18.66,17.85,75000.0,136560000.0,34.73,34.66,-17.57,1.35,3.89,3726600,3773400.0,2026-09-30,16:14:27
002624,完美世界,9.71,9.57,9.61,9.76,9.59,312596.0,303060000.0,188.37,177.47,172.48,2.89,1.71,17471000,13788600.0,2026-09-30,16:14:30
002625,光启技术,23.57,22.9,23.15,23.89,22.87,322614.0,751370000.0,507.84,507.83,81.91,5.17,1.5,16828200,15433200.0,2026-09-30,16:14:45
002626,金达威,16.13,15.96,16.0,16.23,15.96,23844.0,38420000.0,98.38,98.37,37.46,2.39,0.39,1396400,988000.0,2026-09-30,16:14:30
002627,三峡旅游,6.55,6.53,6.69,6.7,6.5,67765.0,44480000.0,46.22,45.73,57.88,1.53,0.97,3387800,3388600.0,2026-09-30,16:14:36
002628,成都路桥,4.82,4.86,4.96,4.96,4.76,119010.0,57340000.0,36.49,36.41,-41.06,1.31,1.58,3987800,7913200.0,2026-09-30,16:14:39
002629,仁智股份,4.39,4.41,4.42,4.47,4.34,86732.0,38150000.0,18.71,15.93,205.22,33.98,2.39,4255800,4417400.0,2026-09-30,16:14:45
002630,*ST华西,1.43,1.46,1.46,1.46,1.31,668710.0,89960000.0,16.89,15.4,-4.44,-15.08,6.21,35378800,31492200.0,2026-09-30,16:14:15
002631,德尔未来,13.48,13.44,13.93,13.97,13.4,427779.0,581170000.0,107.47,106.99,-57.73,5.33,5.39,21270100,21507900.0,2026-09-30,16:14:45
002632,道明光学,8.94,9.02,9.12,9.2,8.93,122935.0,111140000.0,55.84,51.36,28.57,2.58,2.14,5145700,7147800.0,2026-09-30,16:14:36
002633,申科股份,15.23,15.18,15.37,15.67,15.18,43305.0,66400000.0,22.84,22.78,195.94,6.44,2.9,2349100,1981500.0,2026-09-30,16:14:45
002634,*ST棒杰,3.92,3.91,3.93,3.96,3.88,29700.0,11630000.0,18.01,17.5,-1.61,-5.11,0.67,1331500,1638500.0,2026-09-30,16:14:36
002635,安洁科技,14.12,14.76,14.99,15.0,14.06,318654.0,457180000.0,93.15,55.85,43.66,1.59,8.06,13964800,17900600.0,2026-09-30,16:14:39
002636,金安国纪,79.45,83.03,82.2,83.0,78.98,353878.0,2869840000.0,578.4,576.2,58.06,13.49,4.88,15134300,20253500.0,2026-09-30,16:14:42
002637,赞宇科技,10.37,10.08,10.12,10.45,10.1,146988.0,151640000.0,48.78,48.2,21.73,1.32,3.16,7695600,7003200.0,2026-09-30,16:14:45
002638,勤上股份,4.77,4.95,4.96,4.98,4.75,454883.0,219430000.0,68.53,64.52,-20.2,3.66,3.36,16582100,28906200.0,2026-09-30,16:14:48
002639,雪人集团,13.59,13.85,13.95,14.1,13.48,557853.0,765070000.0,105.92,89.71,669.3,4.07,8.45,24554400,31230900.0,2026-09-30,16:14:51
002640,跨境通,3.91,3.94,3.81,4.07,3.76,3595589.0,1400790000.0,60.92,60.54,-26.85,9.03,23.22,172601800,186957100.0,2026-09-30,16:14:30
002641,公元股份,3.8,3.8,3.81,3.82,3.75,73997.0,27990000.0,46.71,43.09,142.8,0.86,0.65,3151400,4248300.0,2026-09-30,16:14:45
002642,荣联科技,6.92,6.99,7.01,7.04,6.85,75561.0,52170000.0,45.78,45.78,268.2,3.84,1.14,3344300,4211800.0,2026-09-30,16:14:39
002643,万润股份,12.52,12.67,12.78,12.83,12.48,95957.0,120920000.0,114.67,112.96,47.05,1.62,1.06,3896200,5699500.0,2026-09-30,16:14:42
002644,佛慈制药,8.26,8.18,8.25,8.35,8.17,30371.0,25180000.0,42.18,42.18,71.69,2.27,0.59,1506700,1530400.0,2026-09-30,16:14:42
002645,华宏科技,16.85,17.19,17.19,17.32,16.77,133870.0,227540000.0,126.9,114.62,27.15,2.93,1.97,5745600,7641400.0,2026-09-30,16:14:54
002646,天佑德酒,7.14,7.06,7.07,7.24,6.99,108021.0,76860000.0,34.01,33.99,-92.62,1.21,2.27,5217700,5584400.0,2026-09-30,16:14:45
002647,仁东控股,11.08,11.34,11.55,11.73,11.0,165392.0,186220000.0,126.06,112.49,195.44,18.88,1.63,6735600,9803600.0,2026-09-30,16:14:33
002648,卫星化学,26.51,25.9,25.9,26.75,25.73,304173.0,804440000.0,893.03,892.45,10.16,2.35,0.9,16033800,14383400.0,2026-09-30,16:14:45
002649,博彦科技,9.14,9.19,9.18,9.25,9.07,52226.0,47700000.0,54.06,53.48,105.54,1.31,0.89,2371500,2851100.0,2026-09-30,16:14:45
002650,ST加加,6.44,6.29,6.3,6.53,6.23,35515.0,22470000.0,71.3,71.29,-62.38,3.93,0.32,1884700,1666800.0,2026-09-30,16:14:57
002651,利君股份,7.89,7.87,7.88,7.97,7.82,64658.0,51000000.0,81.54,44.62,269.44,2.98,1.14,3405400,3060300.0,2026-09-30,16:14:36
002652,扬子新材,4.42,4.51,4.52,4.53,4.4,109270.0,48500000.0,22.63,22.63,-108.24,9.69,2.13,5465000,5462000.0,2026-09-30,16:14:45
002653,海思科,62.18,61.93,61.88,63.88,59.37,71701.0,444820000.0,709.41,333.9,74.73,13.02,1.34,3618000,3552100.0,2026-09-30,16:14:45
002654,万润科技,12.24,12.65,12.75,12.76,12.21,245569.0,304750000.0,103.47,103.46,221.32,6.53,2.91,9948800,14608100.0,2026-09-30,16:14:42
002655,共达电声,32.54,34.37,34.85,34.95,32.31,174918.0,580600000.0,119.33,118.9,265.74,13.64,4.79,8286200,9205600.0,2026-09-30,16:14:45
002656,摩登大道,2.83,2.82,2.84,2.85,2.8,78038.0,22000000.0,20.16,19.44,-53.25,5.05,1.14,3512000,4291800.0,2026-09-30,16:14:48
002657,中科金财,14.6,14.85,14.87,14.98,14.51,44630.0,65310000.0,49.54,49.07,-29.52,3.13,1.33,1917500,2545500.0,2026-09-30,16:14:48
002658,雪迪龙,7.13,7.25,7.28,7.29,7.1,47193.0,33780000.0,45.33,25.57,31.3,1.74,1.32,1909200,2810100.0,2026-09-30,16:14:30
002659,凯文教育,4.7,4.71,4.74,4.79,4.64,97735.0,45940000.0,28.12,28.12,-167.63,1.31,1.63,4251600,5521900.0,2026-09-30,16:14:48
002660,茂硕电源,7.97,8.06,8.14,8.14,7.92,45462.0,36380000.0,28.42,27.6,-11.74,2.85,1.31,2185900,2360300.0,2026-09-30,16:14:51
002661,克明食品,7.56,7.51,7.53,7.61,7.46,47776.0,36000000.0,24.48,23.32,-44.95,1.17,1.55,2263500,2514100.0,2026-09-30,16:14:48
002662,峰璟股份,3.12,3.12,3.12,3.17,3.09,83403.0,26080000.0,46.8,46.8,28.57,1.06,0.56,3745000,4595300.0,2026-09-30,16:14:51
002663,普邦股份,1.75,1.76,1.76,1.78,1.71,332963.0,58020000.0,30.16,29.87,-6.83,1.57,1.95,15248000,18048300.0,2026-09-30,16:14:51
002664,信质集团,14.31,14.32,14.55,14.59,14.27,28019.0,40290000.0,58.41,57.66,43.57,1.64,0.7,1319100,1482800.0,2026-09-30,16:14:54
002666,德联集团,4.21,4.22,4.24,4.25,4.18,60309.0,25420000.0,33.17,21.08,78.33,0.93,1.2,2458500,3572400.0,2026-09-30,16:14:54
002667,*ST威领,22.19,22.19,0.0,0.0,0.0,0.0,0.0,57.83,52.5,-13.29,-109.72,0.0,0,0.0,2026-09-30,16:14:57
002668,TCL智家,8.66,8.67,8.68,8.71,8.64,50373.0,43720000.0,93.88,93.88,9.42,2.45,0.46,2229800,2807500.0,2026-09-30,16:15:00
002669,康达新材,13.73,14.03,14.27,14.44,13.58,285786.0,397880000.0,41.66,41.56,40.47,1.52,9.44,12891600,15687100.0,2026-09-30,16:14:54
002670,国盛证券,11.18,11.23,11.3,11.35,11.16,100283.0,112390000.0,216.34,181.49,77.45,1.88,0.62,4362500,5665800.0,2026-09-30,16:14:45
002671,龙泉股份,4.06,4.06,4.07,4.09,3.98,77695.0,31360000.0,22.8,22.39,157.44,1.39,1.41,4016200,3753300.0,2026-09-30,16:14:57
002672,东江环保,3.7,3.68,3.72,3.94,3.63,240409.0,89350000.0,40.89,33.49,-3.35,1.94,2.66,11528200,12512700.0,2026-09-30,16:15:00
002673,西部证券,6.59,6.59,6.61,6.63,6.56,131581.0,86780000.0,294.55,294.55,14.7,0.97,0.29,6075000,7083000.0,2026-09-30,16:14:51
002674,兴业科技,19.82,19.32,19.75,20.16,19.4,74010.0,146370000.0,58.58,57.99,51.91,2.4,2.53,3714300,3686700.0,2026-09-30,16:14:45
002675,东诚药业,12.9,12.75,12.7,12.95,12.67,60655.0,78180000.0,106.37,95.9,53.0,2.42,0.82,3826400,2239100.0,2026-09-30,16:15:00
002676,顺威股份,5.16,5.19,5.2,5.23,5.11,89207.0,46080000.0,40.13,37.15,44.82,2.49,1.24,4255400,4665300.0,2026-09-30,16:14:54
002677,浙江美大,6.13,6.09,6.2,6.2,6.07,47737.0,29300000.0,39.6,33.46,-345.94,2.73,0.87,2542800,2230900.0,2026-09-30,16:14:30
002678,珠江钢琴,4.42,4.41,4.45,4.45,4.33,63000.0,27720000.0,60.04,60.0,-16.57,2.03,0.46,3039200,3260800.0,2026-09-30,16:14:57
002679,福建金森,11.65,11.29,11.28,11.87,10.9,272913.0,310330000.0,27.47,27.47,182.38,3.68,11.58,13235800,14055500.0,2026-09-30,16:15:00
002681,奋达科技,4.44,4.49,4.49,4.53,4.44,182652.0,81520000.0,79.68,69.8,-82.52,3.72,1.16,6683100,11582200.0,2026-09-30,16:14:36
002682,龙洲股份,4.88,4.92,4.99,5.06,4.81,139378.0,68330000.0,27.44,27.44,-4.54,5.68,2.48,6968700,6969100.0,2026-09-30,16:14:39
002683,广东宏大,27.86,27.0,27.2,28.55,26.84,55319.0,154000000.0,211.7,192.95,21.75,3.05,0.8,3107700,2424300.0,2026-09-30,16:14:57
002685,华东重机,5.17,5.26,5.34,5.35,5.16,204766.0,107110000.0,52.1,52.09,50.76,3.14,2.03,7239700,13236900.0,2026-09-30,16:14:03
002686,亿利达,6.08,6.2,6.25,6.26,6.08,78199.0,47890000.0,34.43,31.78,-417.15,2.15,1.5,3187200,4632700.0,2026-09-30,16:14:15
002687,乔治白,5.58,5.64,5.74,5.74,5.51,107864.0,60180000.0,28.17,23.08,34.14,1.85,2.61,4742000,6044400.0,2026-09-30,16:14:30
002688,金河生物,5.2,5.14,5.15,5.22,5.14,50054.0,25960000.0,43.54,38.95,212.07,1.7,0.67,2835600,2169900.0,2026-09-30,16:15:00
002689,ST远智,2.93,2.91,2.9,2.93,2.89,33888.0,9870000.0,30.57,30.56,37.66,2.49,0.32,1787100,1601700.0,2026-09-30,16:14:09
002690,美亚光电,15.43,15.32,15.33,15.51,15.26,21181.0,32720000.0,136.13,65.89,18.61,5.29,0.5,1108500,1009600.0,2026-09-30,16:14:42
002691,*ST冀凯,3.96,3.97,3.97,3.98,3.9,11361.0,4480000.0,13.46,13.3,-16.57,1.72,0.34,401100,735000.0,2026-09-30,16:14:30
002692,远程股份,4.22,4.29,4.33,4.33,4.18,77725.0,32850000.0,30.31,30.29,-27.77,2.74,1.08,3442200,4330300.0,2026-09-30,16:14:45
002693,双成药业,9.22,8.96,9.09,9.4,8.95,163292.0,150510000.0,38.23,37.89,74.77,8.97,3.97,9335000,6994200.0,2026-09-30,16:14:06
002694,*ST顾地,2.76,2.51,2.51,2.76,2.51,123590.0,33240000.0,21.06,19.84,-10.21,-25.44,1.72,6251100,6107800.0,2026-09-30,16:14:15
002695,煌上煌,10.78,10.57,10.59,10.87,10.57,97075.0,104450000.0,60.32,55.13,66.34,2.16,1.9,5726900,3980600.0,2026-09-30,16:14:30
002696,百洋股份,6.58,6.59,6.68,6.85,6.55,141971.0,94830000.0,22.75,21.99,-42.37,1.78,4.25,7416900,6780200.0,2026-09-30,16:14:45
002697,红旗连锁,4.73,4.67,4.66,4.77,4.64,154838.0,72900000.0,64.33,54.3,13.75,1.31,1.35,9486300,5997500.0,2026-09-30,16:14:12
002698,博实股份,11.1,11.02,11.07,11.24,11.04,36730.0,40900000.0,113.5,93.7,21.79,2.74,0.44,2074200,1598800.0,2026-09-30,16:14:15
002700,万憬能源,6.34,6.38,6.41,6.46,6.28,45557.0,28930000.0,26.22,25.95,33.47,1.86,1.11,2443300,2112400.0,2026-09-30,16:14:30
002701,奥瑞金,4.32,4.22,4.21,4.34,4.21,206645.0,88490000.0,110.58,110.48,12.76,1.09,0.81,13525300,7139100.0,2026-09-30,16:14:45
002702,海欣食品,5.38,5.32,5.36,5.44,5.3,209244.0,112420000.0,29.9,24.68,-69.56,2.96,4.56,10682900,10241500.0,2026-09-30,16:14:45
002703,浙江世宝,15.65,15.17,15.24,15.81,15.1,386875.0,602680000.0,128.74,91.72,67.33,6.05,6.6,21072700,17614800.0,2026-09-30,16:14:15
002705,新宝股份,11.62,11.56,11.56,11.8,11.51,76134.0,88470000.0,94.34,93.9,15.91,1.12,0.94,3622200,3991200.0,2026-09-30,16:14:30
002706,良信股份,8.34,8.43,8.46,8.53,8.3,148062.0,124140000.0,93.67,76.31,54.21,2.22,1.62,5647500,9158700.0,2026-09-30,16:14:45
002707,众信旅游,5.03,5.02,5.04,5.06,4.98,106700.0,53590000.0,49.43,43.52,-1848.59,5.33,1.23,5804300,4865600.0,2026-09-30,16:14:12
002708,光洋股份,17.43,17.04,17.32,17.9,17.04,352813.0,616200000.0,97.97,88.83,93.1,5.4,6.92,19743100,15538200.0,2026-09-30,16:14:15
002709,天赐材料,31.2,31.08,31.45,31.97,30.83,355347.0,1116590000.0,636.03,470.81,16.08,3.17,2.35,17400000,18134700.0,2026-09-30,16:14:30
002712,思美传媒,5.0,5.13,5.14,5.17,4.97,144411.0,72710000.0,27.21,27.05,-59.35,1.97,2.67,6776000,7665100.0,2026-09-30,16:14:45
002713,东易日盛,9.8,9.89,9.95,9.99,9.76,101511.0,99910000.0,93.24,51.36,124.67,8.9,1.94,4215200,5935800.0,2026-09-30,16:14:18
002714,牧原股份,42.45,42.29,42.2,42.78,42.03,231652.0,981450000.0,2450.64,1392.57,-218.65,3.1,0.71,11788300,11376900.0,2026-09-30,16:14:48
002715,登云股份,13.28,13.3,13.36,13.45,13.09,17567.0,23310000.0,18.33,18.33,-120.88,3.97,1.27,731700,1025000.0,2026-09-30,16:14:30
002716,湖南白银,8.77,8.73,8.71,8.83,8.67,602668.0,527920000.0,247.58,203.68,55.5,6.09,2.59,30678500,29588300.0,2026-09-30,16:14:45
002717,*ST岭南,0.62,0.69,0.62,0.62,0.62,135124.0,8380000.0,11.29,11.09,-0.45,-0.69,0.76,13512400,0.0,2026-09-30,16:14:06
002718,友邦吊顶,79.57,81.18,80.88,81.6,77.53,10172.0,80200000.0,103.0,76.56,7830.23,11.21,1.06,417200,600000.0,2026-09-30,16:14:21
002719,ST麦趣,6.18,6.08,6.09,6.22,6.04,25660.0,15710000.0,10.76,10.0,-7.14,14.77,1.59,1517000,1049000.0,2026-09-30,16:14:30
002721,金一文化,2.59,2.58,2.63,2.64,2.56,320507.0,82830000.0,68.88,68.88,76.2,3.2,1.21,12452500,19598200.0,2026-09-30,16:14:45
002722,物产金轮,13.13,13.19,13.21,13.24,13.06,20125.0,26430000.0,29.2,29.2,16.5,0.98,0.91,857800,1154700.0,2026-09-30,16:14:24
002723,小崧股份,7.31,7.42,7.46,7.59,7.3,62765.0,46620000.0,23.84,23.23,-8.64,3.38,1.98,3152800,3123700.0,2026-09-30,16:14:27
002724,海洋王,6.98,7.15,7.15,7.52,6.98,329139.0,235350000.0,53.85,39.54,111.76,1.98,5.81,16597000,16316900.0,2026-09-30,16:14:30
002725,跃岭股份,10.81,11.02,11.08,11.13,10.8,20800.0,22700000.0,27.67,26.91,-408.2,2.88,0.84,949000,1131000.0,2026-09-30,16:14:45
002726,ST龙大,2.22,2.38,2.27,2.32,2.17,763548.0,170530000.0,30.22,30.2,-5.3,4.84,5.61,33311000,43043900.0,2026-09-30,16:14:30
002727,一心堂,10.72,10.64,10.68,10.77,10.62,48071.0,51440000.0,62.78,42.61,23.2,0.86,1.21,2535700,2271400.0,2026-09-30,16:14:15
002728,特一药业,9.91,9.72,9.72,9.95,9.7,194316.0,191550000.0,50.87,49.68,68.03,2.86,3.88,9952300,9479300.0,2026-09-30,16:14:30
002729,好利科技,13.63,13.79,14.0,14.0,13.6,23794.0,32660000.0,24.94,23.92,82.76,4.4,1.36,958400,1421000.0,2026-09-30,16:14:51
002730,电光科技,20.55,20.72,20.87,20.92,20.13,59083.0,120970000.0,74.41,71.11,126.88,4.56,1.71,3055700,2852600.0,2026-09-30,16:14:33
002731,*ST萃华,0.77,0.77,0.0,0.0,0.0,0.0,0.0,1.97,1.77,0.72,0.11,0.0,0,0.0,2026-09-30,16:14:24
002732,燕塘乳业,14.27,14.2,14.21,14.38,14.09,12059.0,17190000.0,22.45,22.41,61.16,1.48,0.77,531400,674500.0,2026-09-30,16:14:30
002733,雄韬股份,17.17,17.3,17.33,17.83,17.12,95991.0,167160000.0,65.97,63.33,175.01,2.47,2.6,4517600,5081500.0,2026-09-30,16:14:45
002734,利民股份,18.53,18.64,18.6,19.17,18.51,172751.0,324670000.0,87.39,79.98,18.02,2.19,4.0,8097500,9177600.0,2026-09-30,16:14:54
002735,王子新材,10.7,10.65,10.86,10.95,10.57,150502.0,161330000.0,40.15,30.5,-24.65,2.57,5.28,7006600,8043600.0,2026-09-30,16:14:36
002736,国信证券,9.8,9.72,9.72,9.8,9.7,109276.0,106700000.0,1003.69,1003.69,8.78,1.03,0.11,6350300,4577300.0,2026-09-30,16:14:33
002737,葵花药业,11.4,11.18,11.19,11.42,11.18,37375.0,42390000.0,66.58,66.57,-25.64,1.75,0.64,2491100,1246400.0,2026-09-30,16:14:45
002738,中矿资源,42.5,43.31,43.37,43.66,42.5,177965.0,764130000.0,309.99,302.18,20.95,2.34,2.5,8368100,9428500.0,2026-09-30,16:14:36
002739,儒意电影,8.22,8.29,8.29,8.38,8.16,336633.0,277130000.0,173.59,172.61,-98.22,2.42,1.6,15284400,18379000.0,2026-09-30,16:14:57
002741,光华科技,24.91,26.5,26.65,26.77,24.85,339636.0,866970000.0,116.73,107.12,82.25,5.76,7.9,14112800,19850700.0,2026-09-30,16:14:42
002742,冀衡医药,4.16,4.1,4.11,4.2,4.11,199619.0,83030000.0,28.46,21.8,-9.21,19.2,3.81,10372600,9589300.0,2026-09-30,16:14:45
002743,ST富煌,4.43,4.34,4.3,4.5,4.28,104283.0,45730000.0,19.28,19.25,-1.48,0.97,2.4,5297500,5130800.0,2026-09-30,16:14:27
002745,木林森,11.56,11.87,12.01,12.04,11.55,358629.0,420640000.0,171.57,122.16,-17.7,1.42,3.39,14201900,21661000.0,2026-09-30,16:15:00
002746,仙坛股份,6.22,6.21,6.2,6.28,6.16,89615.0,55730000.0,53.53,44.14,18.67,1.19,1.26,5196600,3764900.0,2026-09-30,16:14:30
002747,埃斯顿,28.22,28.16,28.39,28.95,27.95,223334.0,634260000.0,273.36,221.34,136.94,8.3,2.85,10950700,11382700.0,2026-09-30,16:14:45
002748,世龙实业,12.09,12.0,11.9,12.23,11.9,24834.0,30020000.0,29.02,29.02,24.79,1.97,1.03,1229600,1253800.0,2026-09-30,16:14:24
002749,国光股份,8.51,8.37,8.4,8.52,8.38,16886.0,14310000.0,47.36,46.32,17.86,2.69,0.31,1107600,581000.0,2026-09-30,16:14:27
002750,龙津退,0.59,0.59,0.0,0.0,0.0,0.0,0.0,2.36,2.35,-5.76,0.51,0.0,0,0.0,2026-09-30,09:00:00
002752,昇兴股份,6.09,6.03,6.03,6.13,6.02,65762.0,39940000.0,59.49,59.41,14.75,1.62,0.67,3516800,3059400.0,2026-09-30,16:14:30
002753,永东股份,6.74,6.68,6.72,6.76,6.65,54332.0,36450000.0,28.89,19.94,90.59,1.08,1.84,2618900,2814400.0,2026-09-30,16:14:45
002755,奥赛康,13.55,12.32,12.31,13.55,12.31,188504.0,248450000.0,125.77,125.76,63.76,3.9,2.03,8482500,10367900.0,2026-09-30,16:14:30
002756,永兴材料,38.99,38.65,38.77,39.39,38.31,71949.0,280280000.0,210.2,153.52,17.24,1.56,1.83,3535900,3659000.0,2026-09-30,16:14:15
002757,南兴股份,18.43,18.87,19.27,19.63,18.41,255815.0,481500000.0,54.45,52.38,39.12,2.74,9.0,10961600,14619900.0,2026-09-30,16:14:30
002758,浙农股份,8.48,8.41,8.63,8.64,8.44,54311.0,46160000.0,43.99,43.95,7.42,0.87,1.05,2710400,2720700.0,2026-09-30,16:14:45
002759,ST天际,13.54,13.65,13.55,13.81,13.4,162281.0,220640000.0,67.89,67.84,18.84,1.93,3.24,7000500,9227600.0,2026-09-30,16:14:39
002760,凤形股份,18.05,17.8,17.95,18.3,17.6,27820.0,50040000.0,19.49,19.49,94.28,2.33,2.58,1426400,1355600.0,2026-09-30,16:14:36
002761,浙江建投,7.68,7.39,7.45,7.89,7.28,264871.0,201470000.0,101.75,83.08,34.28,1.2,2.45,14095300,12391800.0,2026-09-30,16:14:42
002762,金发拉比,9.26,9.27,9.38,9.73,9.19,89043.0,83270000.0,32.78,32.78,-19.49,5.03,2.52,4157400,4746900.0,2026-09-30,16:14:45
002763,汇洁股份,7.36,7.37,7.4,7.4,7.3,29613.0,21740000.0,30.17,22.35,41.42,1.88,0.98,1401000,1560300.0,2026-09-30,16:14:33
002765,蓝黛科技,6.75,6.82,6.86,6.95,6.75,55129.0,37640000.0,44.02,40.22,64.41,1.69,0.93,2448800,3064100.0,2026-09-30,16:14:39
002766,索菱股份,4.02,4.03,4.09,4.12,3.99,120408.0,48670000.0,34.57,34.45,-33.9,3.32,1.41,5718400,6322400.0,2026-09-30,16:14:30
002767,先锋电子,18.16,18.39,18.53,18.65,17.99,19940.0,36300000.0,27.24,23.66,97.07,3.13,1.53,878500,1115500.0,2026-09-30,16:14:45
002768,国恩股份,69.81,71.02,71.05,71.8,68.0,76997.0,538090000.0,304.79,176.1,26.5,4.36,3.05,3449100,4250600.0,2026-09-30,16:14:30
002769,普路通,6.72,6.82,6.84,6.89,6.71,64221.0,43440000.0,25.09,25.07,160.34,2.12,1.72,3137500,3284600.0,2026-09-30,16:14:45
002771,真视通,13.64,14.02,14.03,14.1,13.62,67728.0,93420000.0,28.61,24.63,-55.5,4.93,3.75,2782200,3990600.0,2026-09-30,16:14:45
002772,众兴菌业,10.58,10.39,10.6,10.66,10.45,64530.0,67960000.0,39.65,39.32,8.68,1.11,1.74,3593900,2859100.0,2026-09-30,16:14:45
002773,康弘药业,21.8,22.35,21.7,22.59,21.5,205906.0,452560000.0,200.85,149.73,20.12,2.18,3.0,9519900,11070700.0,2026-09-30,16:14:48
002774,快意电梯,17.31,16.76,16.9,17.7,16.81,99529.0,172260000.0,58.28,48.77,105.53,5.15,3.53,5558700,4394200.0,2026-09-30,16:14:48
002775,文科股份,3.44,3.42,3.45,3.48,3.33,111542.0,37880000.0,22.63,20.41,-6.97,-98.17,1.88,5795200,5359000.0,2026-09-30,16:14:30
002777,久远银海,12.65,12.7,12.72,12.76,12.53,32522.0,41090000.0,51.64,51.17,70.03,3.08,0.8,1319300,1932900.0,2026-09-30,16:14:51
002778,中晟高科,15.84,15.88,16.02,16.13,15.77,12196.0,19400000.0,19.76,19.6,121.91,6.25,0.99,520200,699400.0,2026-09-30,16:14:45
002779,中坚科技,75.49,76.35,76.66,77.82,75.22,14949.0,113660000.0,139.51,125.17,122.48,16.0,0.9,725900,769100.0,2026-09-30,16:14:51
002780,三夫户外,14.5,14.64,14.7,14.72,14.4,43096.0,62600000.0,23.98,19.23,26.72,2.89,3.25,2157300,2152300.0,2026-09-30,16:14:48
002782,可立克,13.99,14.35,14.64,14.64,13.98,53285.0,75500000.0,69.26,68.51,31.38,3.17,1.09,2211500,3117000.0,2026-09-30,16:14:45
002783,凯龙股份,8.13,8.05,8.05,8.2,7.97,67883.0,54960000.0,40.59,37.49,36.06,1.51,1.47,3549400,3238900.0,2026-09-30,16:14:54
002785,万里石,33.91,34.93,35.15,35.55,33.58,63855.0,218350000.0,76.85,65.88,-126.93,9.39,3.29,3040000,3345500.0,2026-09-30,16:14:51
002786,银宝山新,7.56,7.59,7.62,7.73,7.56,50723.0,38650000.0,37.47,37.18,-1485.55,16.86,1.03,2392600,2679700.0,2026-09-30,16:14:54
002787,华源控股,25.51,25.4,25.51,25.76,24.5,121038.0,304490000.0,84.79,63.29,60.54,4.65,4.88,5643600,6460200.0,2026-09-30,16:14:57
002788,鹭燕医药,10.76,10.57,10.69,10.82,10.59,103848.0,111290000.0,41.8,41.09,15.52,1.26,2.72,6062000,4322800.0,2026-09-30,16:14:54
002789,*ST建艺,14.95,14.26,14.38,15.5,14.04,44140.0,65220000.0,23.86,23.39,-3.37,38.79,2.82,2204600,2209500.0,2026-09-30,16:14:33
002790,瑞尔特,6.44,6.49,6.54,6.56,6.4,108539.0,70040000.0,26.91,16.79,-61.25,1.31,4.16,4692100,6161800.0,2026-09-30,16:14:39
002791,坚朗五金,15.95,15.67,15.7,16.05,15.12,78992.0,123250000.0,56.44,33.87,-42.05,1.06,3.72,4652500,3246700.0,2026-09-30,16:15:00
002792,通宇通讯,28.82,30.27,30.51,30.59,28.8,169751.0,499250000.0,150.97,97.7,-5048.3,5.39,5.01,7330000,9645100.0,2026-09-30,16:14:21
002793,罗欣药业,4.82,4.8,4.78,4.91,4.75,301495.0,145870000.0,52.42,52.34,-20.45,4.65,2.78,15772500,14376900.0,2026-09-30,16:14:57
002795,永和智控,7.23,7.4,7.42,7.5,7.2,112224.0,82370000.0,31.93,31.38,-82.85,7.25,2.59,4582000,6640400.0,2026-09-30,16:14:42
002796,世嘉科技,25.94,26.61,27.0,27.02,25.92,74599.0,196710000.0,65.46,59.18,-124.36,7.87,3.27,3032500,4427400.0,2026-09-30,16:14:45
002797,第一创业,6.12,6.11,6.12,6.15,6.1,223660.0,136870000.0,257.19,257.19,24.64,1.49,0.53,9086200,13279800.0,2026-09-30,16:14:06
002798,帝欧水华,6.58,6.59,6.63,6.64,6.45,80061.0,52390000.0,38.66,34.0,-8.13,1.97,1.55,3956200,4049900.0,2026-09-30,16:14:36
002799,环球印务,7.32,7.55,8.31,8.31,7.12,557805.0,428970000.0,23.43,23.43,-310.01,1.83,17.43,20219600,35560900.0,2026-09-30,16:14:45
002800,天顺股份,14.98,14.89,15.01,15.05,14.7,17965.0,26690000.0,22.81,21.93,-90.86,4.71,1.23,849400,947100.0,2026-09-30,16:14:48
002801,微光股份,26.61,26.69,26.7,26.94,26.53,5324.0,14210000.0,61.11,30.27,15.7,3.08,0.47,221300,311100.0,2026-09-30,16:14:39
002802,洪汇新材,12.36,12.42,12.43,12.52,12.29,13383.0,16590000.0,22.4,18.5,46.14,3.44,0.89,556500,781800.0,2026-09-30,16:14:42
002803,吉宏股份,20.24,21.19,21.08,21.3,19.95,184452.0,380380000.0,92.68,60.23,29.29,3.34,6.2,7869500,10575700.0,2026-09-30,16:14:57
002805,丰元股份,16.06,15.7,16.02,16.51,15.65,190321.0,306780000.0,44.98,44.78,-46.85,4.49,6.83,8872400,10159700.0,2026-09-30,16:14:45
002806,华锋股份,14.47,14.95,14.92,14.94,14.45,63619.0,93030000.0,30.75,24.13,-70.64,2.77,3.82,2237200,4124700.0,2026-09-30,16:14:09
002807,江阴银行,4.2,4.16,4.17,4.24,4.16,389647.0,164090000.0,113.72,113.55,5.5,0.56,1.44,23234900,15729800.0,2026-09-30,16:14:48
002808,恒久退,0.22,0.22,0.0,0.0,0.0,0.0,0.0,0.59,0.41,-1.95,0.25,0.0,0,0.0,2026-09-30,09:00:00
002809,红墙股份,8.57,8.55,8.6,8.72,8.48,43173.0,37030000.0,20.59,14.57,-34.15,1.14,2.54,1972200,2345000.0,2026-09-30,16:14:51
002810,山东赫达,20.2,20.07,20.18,20.28,19.93,25439.0,51220000.0,70.31,65.26,29.1,3.2,0.79,1435100,1108800.0,2026-09-30,16:14:54
002811,郑中设计,16.97,16.42,16.61,17.05,16.26,131024.0,219260000.0,52.26,48.04,31.21,3.64,4.63,6221700,6880700.0,2026-09-30,16:14:51
002812,恩捷股份,45.51,45.59,45.41,46.2,45.03,105067.0,479570000.0,446.6,372.98,42.29,1.72,1.28,5275400,5231300.0,2026-09-30,16:14:57
002813,路畅科技,26.38,26.38,0.0,0.0,0.0,0.0,0.0,31.66,31.63,-45.71,15.62,0.0,0,0.0,2026-09-30,16:14:30
002815,崇达技术,23.01,24.44,24.2,24.35,23.01,651723.0,1539700000.0,283.98,178.82,111.52,3.2,8.39,29395000,35777300.0,2026-09-30,16:14:54
002816,*ST和科,21.86,21.9,21.92,22.22,21.56,9534.0,20860000.0,21.86,21.86,148.65,9.76,0.95,311500,641900.0,2026-09-30,16:15:00
002817,黄山胶囊,6.8,6.84,6.87,6.89,6.76,36703.0,25050000.0,20.34,19.74,34.14,2.09,1.26,1576700,2093600.0,2026-09-30,16:14:24
002818,富森美,11.22,11.13,11.13,11.24,10.98,44253.0,49180000.0,83.98,33.48,9.75,1.48,1.48,2224300,2201000.0,2026-09-30,16:14:30
002819,东方中科,23.73,24.68,24.71,25.22,23.52,154799.0,371170000.0,70.73,56.05,-50.7,1.83,6.55,6709500,8770400.0,2026-09-30,16:15:00
002820,桂发祥,9.87,9.82,9.86,10.09,9.76,53796.0,53100000.0,19.83,19.83,-72.01,2.38,2.68,2844200,2535400.0,2026-09-30,16:15:00
002821,凯莱英,188.62,179.12,177.81,192.0,175.68,105964.0,1963170000.0,682.71,597.69,65.93,3.83,3.34,5623200,4973200.0,2026-09-30,16:14:15
002822,ST中装,2.97,3.0,3.01,3.02,2.93,86040.0,25460000.0,57.91,31.75,-2.08,5.43,0.8,2420800,6183200.0,2026-09-30,16:14:30
002823,凯中精密,12.72,12.75,12.83,12.92,12.67,22803.0,29100000.0,41.66,28.37,18.5,2.06,1.02,1018500,1261800.0,2026-09-30,16:14:45
002824,和胜股份,24.16,25.23,25.25,25.5,23.88,97438.0,238430000.0,75.18,54.64,37.66,3.2,4.31,4012300,5731400.0,2026-09-30,16:14:15
002825,纳尔股份,9.22,9.25,9.26,9.32,9.12,26665.0,24540000.0,31.53,23.77,43.98,2.0,1.03,1362200,1304200.0,2026-09-30,16:14:15
002826,易明医药,17.59,17.66,17.66,18.04,17.58,31820.0,56640000.0,33.54,32.49,27.56,3.88,1.72,1506700,1675300.0,2026-09-30,16:14:30
002827,高争民爆,59.0,62.04,61.99,63.41,57.7,233567.0,1400660000.0,163.46,162.84,101.36,15.33,8.46,11515400,11841300.0,2026-09-30,16:14:45
002828,贝肯能源,10.84,10.83,10.83,10.91,10.72,36004.0,38970000.0,21.79,21.79,-18.78,3.61,1.79,1777800,1822600.0,2026-09-30,16:14:21
002829,星网宇达,19.17,19.41,19.44,19.68,19.1,30372.0,58570000.0,39.84,28.88,222.22,2.36,2.02,1090700,1946500.0,2026-09-30,16:14:15
002830,名雕股份,14.88,15.02,15.07,15.15,14.72,20202.0,30080000.0,27.66,13.81,63.77,4.18,2.18,1009200,1011000.0,2026-09-30,16:14:30
002831,裕同科技,27.29,27.82,27.96,28.33,27.18,49774.0,136790000.0,351.59,194.91,21.99,3.14,0.7,2377800,2599600.0,2026-09-30,16:14:45
002832,比音勒芬,25.93,25.28,25.4,26.08,25.14,53620.0,138090000.0,147.98,100.33,23.6,2.73,1.39,3024400,2337600.0,2026-09-30,16:14:15
002833,弘亚数控,19.33,18.78,18.84,19.58,18.84,100193.0,194270000.0,82.94,56.65,18.73,2.95,3.42,4865800,5153500.0,2026-09-30,16:14:15
002835,同为股份,13.19,13.28,13.21,13.32,13.14,19066.0,25150000.0,28.95,16.81,26.02,2.33,1.5,893500,1013100.0,2026-09-30,16:14:30
002836,新宏泽,12.12,12.23,12.11,12.26,11.54,136166.0,161990000.0,27.92,27.92,77.99,7.74,5.91,6761800,6854800.0,2026-09-30,16:14:45
002837,英维克,53.95,55.58,56.1,56.1,53.91,176185.0,961780000.0,689.93,612.3,140.5,19.25,1.55,7238000,10380400.0,2026-09-30,16:14:30
002838,道恩股份,24.55,24.13,24.13,25.34,24.1,38472.0,95170000.0,117.45,103.27,34.36,3.06,0.91,1932400,1914800.0,2026-09-30,16:14:30
002839,张家港行,4.31,4.25,4.25,4.32,4.24,284320.0,122280000.0,105.35,105.25,5.25,0.55,1.16,17546400,10885700.0,2026-09-30,16:14:57
002840,华统股份,8.19,7.98,7.99,8.24,7.95,119871.0,97290000.0,65.7,65.23,-9.54,1.96,1.51,6974200,5012900.0,2026-09-30,16:14:45
002841,视源股份,45.18,44.48,44.99,45.65,44.2,43443.0,195690000.0,315.89,235.54,14.78,2.26,0.83,2211900,2132400.0,2026-09-30,16:14:33
002842,翔鹭钨业,30.81,31.09,31.4,31.4,30.62,94303.0,291860000.0,105.87,82.71,17.43,4.98,3.51,3721500,5708800.0,2026-09-30,16:15:00
002843,泰嘉股份,14.72,14.89,15.08,15.27,14.69,70435.0,104930000.0,37.06,36.86,-74.53,2.75,2.81,3173900,3869700.0,2026-09-30,16:14:30
002845,同兴达,13.59,13.86,13.98,13.99,13.54,47266.0,64830000.0,44.51,34.01,54.79,1.77,1.89,2009500,2717100.0,2026-09-30,16:14:45
002846,英联股份,11.5,11.88,11.67,11.76,11.41,289434.0,334000000.0,48.3,31.21,113.73,3.37,10.66,12017400,16926000.0,2026-09-30,16:14:18
002847,盐津铺子,43.41,42.85,42.78,43.66,42.6,13242.0,57130000.0,117.29,105.82,14.64,5.58,0.54,812900,511300.0,2026-09-30,16:14:21
002848,高斯贝尔,14.42,14.88,15.0,15.1,14.31,74371.0,108200000.0,24.1,23.85,-44.69,34.32,4.5,2407300,5029800.0,2026-09-30,16:14:33
002849,威星智能,21.37,23.22,24.75,24.8,21.35,312311.0,711530000.0,47.15,46.73,94.68,3.39,14.28,13253100,17977900.0,2026-09-30,16:14:45
002850,科达利,155.8,158.17,158.3,159.5,153.92,43476.0,677670000.0,446.11,326.65,23.02,2.95,2.07,1948600,2399000.0,2026-09-30,16:14:09
002851,麦格米特,115.72,118.5,120.0,120.12,115.51,161162.0,1885180000.0,676.97,568.98,301.91,7.41,3.28,7295100,8821000.0,2026-09-30,16:14:15
002852,道道全,8.69,8.6,8.71,8.8,8.58,139628.0,121400000.0,29.89,24.84,43.04,1.37,4.89,6381800,7581000.0,2026-09-30,16:14:30
002853,皮阿诺,21.16,20.88,21.24,21.45,20.75,5816.0,12230000.0,38.71,27.23,-127.85,4.36,0.45,305900,275700.0,2026-09-30,16:14:45
002855,捷荣技术,12.45,12.58,12.65,12.7,12.4,61496.0,76980000.0,30.68,30.66,-9.26,16.57,2.5,2883600,3266000.0,2026-09-30,16:14:39
002856,*ST美芝,20.22,18.38,18.41,20.22,18.41,87889.0,173690000.0,27.36,25.05,-13.1,-36.83,7.09,4803800,3985100.0,2026-09-30,16:14:36
002857,三晖电气,17.69,17.8,17.91,18.22,17.68,11928.0,21290000.0,23.67,22.75,-33.72,4.86,0.93,518600,674200.0,2026-09-30,16:14:30
002858,力盛体育,11.63,11.66,11.84,11.84,11.49,39874.0,46390000.0,21.71,17.14,-364.64,2.55,2.71,1973100,2014300.0,2026-09-30,16:14:45
002859,洁美科技,59.14,59.78,60.38,60.43,58.7,57154.0,339160000.0,268.28,253.31,103.55,7.11,1.33,2889600,2825800.0,2026-09-30,16:14:42
002860,星帅尔,18.39,18.39,0.0,0.0,0.0,0.0,0.0,64.76,63.62,36.36,2.75,0.0,0,0.0,2026-09-30,16:14:39
002861,瀛通通讯,14.04,14.25,14.4,14.43,14.0,28976.0,41000000.0,26.15,19.94,-25.98,2.61,2.04,1075800,1821800.0,2026-09-30,16:14:30
002862,实丰文化,14.66,15.16,15.36,15.4,14.63,39917.0,59170000.0,24.85,18.85,-14.13,8.51,3.1,1791700,2199900.0,2026-09-30,16:14:45
002863,今飞凯达,4.76,4.8,4.81,4.95,4.75,87783.0,42150000.0,28.54,28.54,44.46,1.01,1.46,4427800,4350600.0,2026-09-30,16:14:09
002864,盘龙药业,21.05,20.9,20.84,21.2,20.84,13355.0,28150000.0,28.78,20.75,36.65,1.71,1.35,672100,663300.0,2026-09-30,16:14:27
002865,钧达股份,36.44,36.01,36.35,36.81,36.02,56306.0,205000000.0,113.43,83.38,-8.07,3.0,2.46,2902400,2728200.0,2026-09-30,16:14:30
002866,传艺科技,16.9,15.36,16.57,16.9,16.3,342772.0,577080000.0,48.93,31.06,75.0,2.33,18.65,7436300,26840800.0,2026-09-30,16:14:45
002867,周大生,10.14,10.05,10.05,10.15,10.05,53434.0,53990000.0,110.07,109.42,11.47,1.77,0.5,3488800,1854700.0,2026-09-30,16:14:18
002868,绿康生化,22.3,22.0,22.4,22.71,22.0,19857.0,44460000.0,34.66,23.96,-47.23,48.85,1.85,997100,988600.0,2026-09-30,16:14:15
002869,金溢科技,17.4,17.03,17.44,17.88,17.08,62816.0,109270000.0,30.78,27.57,-19.63,1.54,3.96,3137800,3143900.0,2026-09-30,16:14:30
002870,香山股份,45.51,46.62,46.67,47.5,44.77,26797.0,122080000.0,69.52,59.04,234.44,3.1,2.07,1393300,1286400.0,2026-09-30,16:14:45
002871,伟隆股份,16.98,17.44,17.53,17.61,16.9,22229.0,38090000.0,42.76,25.21,34.38,3.84,1.5,788400,1434500.0,2026-09-30,16:14:21
002872,ST天圣,6.19,6.12,6.21,6.28,6.15,42833.0,26590000.0,19.68,13.3,-45.9,1.02,1.99,2004200,2279100.0,2026-09-30,16:14:30
002873,新天药业,8.55,8.55,8.58,8.65,8.51,30063.0,25770000.0,20.87,20.49,254.31,1.63,1.25,1478900,1527400.0,2026-09-30,16:14:33
002875,安奈儿,12.7,12.87,13.0,13.0,12.57,34620.0,44080000.0,26.98,26.98,-35.16,4.54,1.63,1814800,1647200.0,2026-09-30,16:14:45
002876,三利谱,31.3,31.33,31.31,31.65,31.03,27686.0,86870000.0,54.43,46.62,68.53,2.23,1.86,1314600,1454000.0,2026-09-30,16:14:24
002877,智能自控,7.46,7.53,7.53,7.62,7.43,36118.0,27010000.0,26.55,17.94,162.94,2.19,1.5,1369000,2242800.0,2026-09-30,16:14:42
002878,元隆雅图,12.68,12.86,12.81,12.92,12.56,36519.0,46350000.0,33.22,29.92,-116.08,2.63,1.55,1816600,1835300.0,2026-09-30,16:14:45
002879,长缆科技,16.88,17.16,17.33,17.88,16.76,114635.0,197620000.0,32.6,23.15,26.96,1.76,8.36,5363400,6100200.0,2026-09-30,16:14:45
002880,卫光生物,22.23,21.73,21.73,22.58,21.53,28550.0,63670000.0,50.42,50.42,27.54,2.09,1.26,1487200,1367800.0,2026-09-30,16:14:45
002881,美格智能,42.41,41.95,42.3,43.5,41.61,64735.0,275520000.0,128.24,77.85,77.97,4.64,3.53,3358900,3114600.0,2026-09-30,16:14:36
002882,金龙羽,24.98,24.51,24.0,26.3,23.65,352425.0,881190000.0,108.14,61.7,137.46,5.12,14.27,19063000,16179500.0,2026-09-30,16:14:30
002883,*ST中设,9.14,9.18,9.15,9.17,9.11,2723.0,2490000.0,14.27,14.07,-59.92,3.11,0.18,81500,190800.0,2026-09-30,16:14:48
002884,凌霄泵业,15.38,15.26,15.27,15.42,15.27,10068.0,15440000.0,55.01,42.23,12.7,2.42,0.37,523300,483500.0,2026-09-30,16:14:24
002885,京泉华,25.78,26.53,26.98,27.99,25.72,145164.0,386490000.0,69.84,61.36,61.05,4.44,6.1,5971700,8544700.0,2026-09-30,16:14:39
002886,沃特股份,23.64,24.74,24.88,24.98,23.5,130951.0,314020000.0,62.22,49.43,84.75,3.36,6.26,5478500,7616700.0,2026-09-30,16:14:30
002887,绿茵生态,8.73,8.84,9.02,9.45,8.54,97474.0,85990000.0,26.71,18.96,25.07,1.16,4.49,4266800,5480600.0,2026-09-30,16:14:45
002888,惠威科技,18.6,18.72,18.75,18.85,18.5,16055.0,29940000.0,27.46,13.94,136.8,7.42,2.14,828600,776800.0,2026-09-30,16:14:36
002889,东方嘉盛,12.04,12.08,12.1,12.16,11.96,17811.0,21440000.0,45.47,30.25,20.52,1.71,0.71,866100,915000.0,2026-09-30,16:14:39
002890,弘宇股份,15.13,15.17,15.2,15.28,14.94,12522.0,18910000.0,25.7,24.43,236.35,4.25,0.78,505700,746500.0,2026-09-30,16:14:36
002891,中宠股份,27.73,27.32,27.25,27.93,27.25,34852.0,96470000.0,89.26,89.26,30.92,2.66,1.08,1969200,1516000.0,2026-09-30,16:14:45
002892,科力尔,8.52,8.54,8.58,8.64,8.51,41459.0,35490000.0,71.94,42.7,-951.48,3.55,0.83,1967300,2178500.0,2026-09-30,16:14:27
002893,京能热力,10.71,10.29,10.38,10.76,10.24,214740.0,227640000.0,28.24,21.72,43.19,2.14,10.59,11642900,9831100.0,2026-09-30,16:14:51
002895,川恒股份,30.35,29.98,29.92,30.6,29.9,25984.0,78940000.0,183.88,181.9,14.32,2.55,0.43,1541300,1057100.0,2026-09-30,16:14:54
002896,中大力德,59.62,60.86,60.4,61.3,59.51,55859.0,336190000.0,117.17,117.17,265.59,9.8,2.84,2590000,2995900.0,2026-09-30,16:14:57
002897,意华股份,57.99,58.46,59.35,60.43,57.93,71407.0,421370000.0,112.42,106.91,43.72,3.98,3.87,3494300,3646400.0,2026-09-30,16:14:30
002898,赛隆退,0.37,0.37,0.0,0.0,0.0,0.0,0.0,0.65,0.37,-0.5,0.18,0.0,0,0.0,2026-09-30,09:10:00
002899,英派斯,20.4,20.48,20.66,20.74,20.22,28900.0,59020000.0,30.15,30.15,55.02,1.74,1.96,1206000,1684000.0,2026-09-30,16:14:45
002900,哈三联,12.97,12.98,13.05,13.27,12.8,242217.0,316010000.0,41.03,25.67,-14.08,2.37,12.24,11198100,13023600.0,2026-09-30,16:14:48
002901,大博医疗,40.86,40.56,40.53,41.11,40.53,8206.0,33560000.0,169.17,117.85,23.87,4.81,0.28,420500,400100.0,2026-09-30,16:14:45
002902,铭普光磁,25.64,26.15,26.36,26.59,25.59,114287.0,297380000.0,60.26,47.81,-31.69,9.85,6.13,4898800,6529900.0,2026-09-30,16:14:51
002903,宇环数控,27.97,28.62,28.99,29.08,27.9,41733.0,118210000.0,43.54,30.09,-96.35,5.77,3.88,1791100,2382200.0,2026-09-30,16:14:45
002905,金逸影视,8.72,8.85,8.84,9.15,8.68,43296.0,38000000.0,32.82,30.47,-58.44,98.86,1.24,1882700,2446900.0,2026-09-30,16:14:54
002906,华阳集团,26.62,26.71,26.87,27.18,26.58,42385.0,113500000.0,139.73,139.68,16.6,1.96,0.81,2149500,2088900.0,2026-09-30,16:15:00
002907,华森制药,14.9,14.42,14.45,15.09,14.35,164783.0,245230000.0,62.22,50.52,83.95,3.61,4.86,8050600,8427700.0,2026-09-30,16:14:39
002908,德生科技,7.03,7.13,7.15,7.16,6.99,38744.0,27290000.0,30.33,22.86,-115.54,2.86,1.19,1940300,1934100.0,2026-09-30,16:14:48
002909,集泰股份,6.71,7.05,6.95,6.95,6.65,745230.0,506160000.0,26.17,25.53,-79.07,3.05,19.59,34379300,40143700.0,2026-09-30,16:14:57
002910,庄园牧场,10.31,10.1,10.42,10.68,10.16,94123.0,97280000.0,20.16,17.64,-28.3,2.02,5.5,4532600,4879700.0,2026-09-30,16:14:45
002911,佛燃能源,11.21,11.13,11.17,11.33,11.12,40705.0,45780000.0,145.53,143.17,13.85,3.29,0.32,2179600,1890800.0,2026-09-30,16:14:48
002912,中新赛克,26.6,29.12,28.57,28.67,26.29,349144.0,951600000.0,45.42,43.15,615.1,2.99,21.52,16598800,18315600.0,2026-09-30,16:14:51
002913,奥士康,92.3,91.08,94.81,98.18,91.53,154127.0,1444210000.0,292.92,281.92,150.43,6.66,5.05,7732200,7680500.0,2026-09-30,16:14:30
002915,中欣氟材,16.24,16.27,16.6,16.6,16.22,34554.0,56370000.0,54.45,48.88,305.28,3.63,1.15,1242400,2213000.0,2026-09-30,16:14:51
002916,深南电路,373.01,375.6,378.0,379.98,367.7,54175.0,2023910000.0,2540.82,2480.6,60.97,14.09,0.81,2749800,2667700.0,2026-09-30,16:15:00
002917,金奥博,10.03,10.06,10.11,10.15,10.0,19291.0,19400000.0,34.87,26.13,19.78,1.99,0.74,814800,1114300.0,2026-09-30,16:14:54
002918,蒙娜丽莎,10.64,10.52,10.58,10.76,10.24,108426.0,113780000.0,43.5,22.79,40.49,1.34,5.06,5140000,5702600.0,2026-09-30,16:14:54
002919,名臣健康,15.59,16.1,16.1,16.59,15.52,49427.0,78180000.0,41.49,41.19,-232.8,5.26,1.87,1722700,3220000.0,2026-09-30,16:14:45
002920,德赛西威,79.28,79.25,79.26,81.15,78.79,36190.0,288330000.0,473.15,473.0,19.11,2.94,0.61,1712000,1907000.0,2026-09-30,16:14:57
002921,联诚精密,19.7,19.83,19.83,20.1,19.53,26068.0,51380000.0,29.35,25.36,1918.94,2.24,2.02,1106000,1500700.0,2026-09-30,16:14:33
002922,伊戈尔,21.44,21.48,21.65,22.04,21.41,80126.0,173720000.0,90.6,81.93,43.67,2.41,2.1,3967300,4045300.0,2026-09-30,16:14:30
002923,润都股份,11.03,10.7,10.79,11.17,10.7,67374.0,74140000.0,36.94,28.5,274.19,3.42,2.61,3745600,2991800.0,2026-09-30,16:15:00
002925,盈趣科技,22.2,22.5,22.8,22.8,22.15,76215.0,170830000.0,171.31,162.3,22.04,3.27,1.04,3356200,4265300.0,2026-09-30,16:14:06
002926,华西证券,8.15,8.15,8.13,8.19,8.12,65353.0,53280000.0,213.94,213.94,11.09,0.85,0.25,3484500,3050800.0,2026-09-30,16:14:15
002927,泰永长征,18.71,19.29,19.48,19.66,18.46,103883.0,195930000.0,41.76,41.3,-410.69,4.11,4.71,4677800,5710500.0,2026-09-30,16:14:36
002928,华夏航空,6.37,6.12,6.19,6.46,6.12,407848.0,256560000.0,81.42,81.42,19.45,2.09,3.19,25442800,15342000.0,2026-09-30,16:14:45
002929,润建股份,46.11,47.39,47.92,48.09,46.02,46928.0,219340000.0,132.05,99.86,518.43,2.03,2.17,2262900,2430000.0,2026-09-30,16:14:03
002930,宏川智慧,8.93,9.03,9.03,9.11,8.93,37799.0,34000000.0,40.9,38.7,-10.39,2.08,0.87,1540100,2239800.0,2026-09-30,16:14:15
002931,锋龙股份,39.34,38.99,39.01,41.97,38.7,110591.0,443910000.0,85.96,79.69,1603.92,8.42,5.46,5170000,5889100.0,2026-09-30,16:14:48
002932,*ST明德,15.33,15.15,15.16,15.35,15.1,8886.0,13570000.0,35.65,23.93,-70.13,0.67,0.57,610700,277900.0,2026-09-30,16:14:45
002933,新兴装备,27.37,27.94,28.02,28.03,27.27,12683.0,34960000.0,32.12,31.99,79.99,2.06,1.08,503800,764500.0,2026-09-30,16:14:09
002935,天奥电子,17.57,18.11,18.12,18.26,17.47,91941.0,162430000.0,74.12,72.93,112.73,4.66,2.21,3639000,5555100.0,2026-09-30,16:14:57
002936,郑州银行,1.74,1.71,1.71,1.75,1.71,1054582.0,182520000.0,158.2,122.65,8.14,0.34,1.5,75888300,29569900.0,2026-09-30,16:14:30
002937,兴瑞科技,25.21,26.18,26.02,26.88,24.91,140935.0,362560000.0,79.67,79.46,61.55,4.06,4.47,6488100,7605300.0,2026-09-30,16:14:45
002938,鹏鼎控股,79.55,79.95,81.0,83.1,79.45,155436.0,1257360000.0,1843.6,1838.26,48.66,5.36,0.67,7337000,8206500.0,2026-09-30,16:14:51
002939,长城证券,7.72,7.69,7.71,7.75,7.68,81098.0,62590000.0,311.46,278.13,13.19,0.96,0.23,3893100,4216700.0,2026-09-30,16:14:15
002940,昂利康,22.96,22.23,22.34,23.25,22.22,76950.0,176320000.0,46.32,42.4,40.47,2.8,4.17,4441500,3253500.0,2026-09-30,16:14:30
002941,新疆交建,10.54,10.46,10.47,10.62,10.36,52656.0,55320000.0,76.92,76.92,19.24,1.63,0.72,2765700,2499900.0,2026-09-30,16:14:54
002942,新农股份,17.06,16.53,16.6,17.2,16.6,47160.0,80090000.0,26.53,23.67,24.79,2.07,3.4,2520700,2195300.0,2026-09-30,16:14:57
002943,宇晶股份,28.28,28.76,29.06,29.5,28.26,67070.0,193340000.0,75.46,53.41,-106.3,9.29,3.55,3071700,3635300.0,2026-09-30,16:15:00
002945,华林证券,13.98,14.13,14.19,14.22,13.93,59760.0,83840000.0,377.46,377.46,88.23,5.12,0.22,2573900,3402000.0,2026-09-30,16:14:30
002946,新乳业,14.82,14.25,14.25,15.03,14.25,67583.0,99430000.0,127.55,126.08,15.95,3.61,0.79,4167900,2590400.0,2026-09-30,16:14:45
002947,恒铭达,55.98,57.95,57.95,58.4,55.74,41309.0,234370000.0,143.18,111.01,25.98,4.42,2.08,1791800,2339100.0,2026-09-30,16:14:03
002948,青岛银行,6.15,6.05,6.05,6.2,6.03,363890.0,223180000.0,357.95,216.61,6.23,0.82,1.03,22854800,13534200.0,2026-09-30,16:14:15
002949,华阳国际,13.14,13.74,13.62,13.62,13.09,62552.0,83020000.0,25.77,19.96,28.43,1.77,4.12,2611700,3643500.0,2026-09-30,16:14:30
002950,奥美医疗,8.54,8.42,8.43,8.58,8.4,52374.0,44710000.0,54.08,36.69,22.3,1.46,1.22,2757800,2479600.0,2026-09-30,16:14:45
002951,金时科技,15.61,15.78,16.1,16.4,15.59,43247.0,68460000.0,62.92,62.62,-28.42,4.18,1.08,1920900,2403800.0,2026-09-30,16:14:09
002952,亚世光电,19.05,19.28,19.3,19.49,18.99,22272.0,42700000.0,31.31,25.54,157.7,3.56,1.66,1011800,1215400.0,2026-09-30,16:14:15
002953,日丰股份,9.87,9.94,10.08,10.08,9.85,45398.0,45040000.0,48.52,27.76,37.87,2.19,1.61,2151100,2388700.0,2026-09-30,16:14:30
002955,鸿合科技,35.43,36.03,36.0,36.47,35.28,25317.0,90410000.0,83.84,72.86,455.57,2.62,1.23,1142300,1389400.0,2026-09-30,16:14:45
002956,西麦食品,17.57,17.45,17.45,17.78,17.18,36964.0,64750000.0,54.91,54.91,23.03,3.34,1.18,1793200,1903200.0,2026-09-30,16:14:15
002957,科瑞技术,35.28,36.35,36.98,37.11,35.2,131528.0,471340000.0,148.17,147.77,47.59,4.48,3.14,5856800,7296000.0,2026-09-30,16:14:18
002958,青农商行,2.94,2.91,2.91,2.95,2.9,591701.0,173550000.0,163.34,159.93,5.12,0.43,1.09,39155800,20014300.0,2026-09-30,16:14:30
002959,小熊电器,35.52,35.55,35.0,36.8,34.81,56001.0,200780000.0,55.35,49.65,17.98,1.91,4.01,2614800,2985200.0,2026-09-30,16:14:45
002960,青鸟智控,8.7,8.45,8.49,8.79,8.47,89932.0,77850000.0,91.67,84.26,30.59,1.48,0.93,5778700,3214500.0,2026-09-30,16:15:00
002961,瑞达期货,13.35,13.53,13.58,13.79,13.24,99627.0,133450000.0,94.23,94.23,12.92,2.32,1.41,4503500,5459200.0,2026-09-30,16:14:15
002962,五方光电,16.17,14.7,14.73,16.17,14.54,356857.0,557840000.0,47.16,33.83,193.81,2.69,17.06,12058000,23627700.0,2026-09-30,16:14:30
002963,豪尔赛,21.59,22.63,22.7,22.83,21.35,56743.0,123690000.0,32.46,32.24,-26.59,2.79,3.8,2491100,3183200.0,2026-09-30,16:14:45
002965,祥鑫科技,28.98,30.0,30.19,30.37,28.9,68094.0,200280000.0,76.91,68.96,332.9,1.84,2.86,3175000,3634500.0,2026-09-30,16:14:48
002966,苏州银行,9.3,9.23,9.23,9.38,9.2,233396.0,217360000.0,415.77,408.81,7.4,0.78,0.53,12553000,10786600.0,2026-09-30,16:14:15
002967,广电计量,17.56,17.65,17.7,17.75,17.49,36243.0,63730000.0,112.32,106.49,25.01,2.32,0.6,1721100,1903200.0,2026-09-30,16:14:30
002968,新大正,10.14,9.89,9.97,10.25,9.63,89009.0,88570000.0,22.94,21.61,23.87,1.79,4.18,4931600,3969300.0,2026-09-30,16:14:45
002969,嘉美包装,10.65,10.73,10.78,10.79,10.63,107248.0,114600000.0,116.99,116.38,85.25,3.64,0.98,5067200,5657600.0,2026-09-30,16:14:51
002970,锐明技术,41.7,40.65,41.37,42.29,41.0,31271.0,130020000.0,76.95,54.85,26.48,3.49,2.38,1625900,1501200.0,2026-09-30,16:14:24
002971,和远气体,38.6,40.82,41.03,41.24,38.46,144378.0,567340000.0,81.29,62.15,172.43,3.81,8.97,5348500,9089300.0,2026-09-30,16:14:30
002972,科安达,13.0,13.12,13.25,13.36,12.99,53714.0,70640000.0,31.98,18.0,38.67,2.64,3.88,2807200,2564200.0,2026-09-30,16:14:45
002973,侨银股份,11.59,12.19,12.25,12.3,10.97,104172.0,120940000.0,47.36,36.82,46.09,1.86,3.28,4539100,5878100.0,2026-09-30,16:14:27
002975,博杰股份,101.95,102.05,105.9,108.36,101.5,110475.0,1158850000.0,212.19,140.96,71.41,8.59,7.99,5213700,5833800.0,2026-09-30,16:14:15
002976,瑞玛精密,21.5,22.8,22.98,23.0,21.33,63918.0,140140000.0,41.84,26.17,-156.94,2.92,5.25,2692200,3699700.0,2026-09-30,16:14:30
002977,*ST天箭,18.43,18.73,18.78,18.86,18.39,7919.0,14700000.0,22.14,12.29,-10.01,2.62,1.19,282300,509600.0,2026-09-30,16:14:45
002978,安宁股份,25.05,24.65,24.9,25.21,24.9,16913.0,42410000.0,118.23,92.5,19.08,1.34,0.46,926000,765300.0,2026-09-30,16:14:27
002979,雷赛智能,52.47,51.76,52.0,53.05,51.31,60417.0,316100000.0,165.83,117.57,55.26,8.43,2.7,2906400,3135300.0,2026-09-30,16:14:30
002980,华盛昌,104.97,106.62,106.62,107.88,103.4,67682.0,715330000.0,197.78,106.32,163.77,16.83,6.68,3242800,3525400.0,2026-09-30,16:14:33
002981,朝阳科技,23.23,23.62,23.68,24.5,23.09,43948.0,103090000.0,31.72,28.24,110.39,3.04,3.61,1716700,2678100.0,2026-09-30,16:14:45
002982,湘佳股份,12.78,12.68,12.75,12.97,12.68,20587.0,26340000.0,25.97,16.63,173.07,1.65,1.58,962100,1096600.0,2026-09-30,16:14:18
002983,芯瑞达,21.58,21.92,22.1,22.37,21.55,13516.0,29640000.0,48.01,27.91,43.76,3.56,1.05,552400,799200.0,2026-09-30,16:14:39
002984,森麒麟,13.02,12.84,12.89,13.04,12.82,46442.0,60150000.0,134.92,92.95,15.45,1.0,0.65,2981600,1662600.0,2026-09-30,16:14:42
002985,北摩高科,26.15,26.1,26.13,26.53,25.99,22827.0,59880000.0,86.78,86.56,39.52,3.16,0.69,1150800,1131800.0,2026-09-30,16:14:45
002986,宇新股份,12.57,12.59,12.61,12.75,12.55,17867.0,22560000.0,47.78,37.94,99.61,1.21,0.59,848900,937800.0,2026-09-30,16:14:36
002987,京北方,10.39,10.59,10.61,10.65,10.38,62138.0,65000000.0,108.1,105.35,35.17,3.74,0.61,2647100,3566800.0,2026-09-30,16:14:39
002988,豪美新材,30.94,31.08,31.1,32.5,30.79,61978.0,196380000.0,77.29,77.29,71.8,2.83,2.48,2765400,3432400.0,2026-09-30,16:14:54
002989,中天精装,22.61,23.6,23.7,24.18,22.44,76338.0,176100000.0,45.59,44.73,-25.97,3.33,3.86,3094300,4539500.0,2026-09-30,16:14:57
002990,盛视科技,51.92,54.1,54.11,55.0,51.12,120934.0,634680000.0,135.92,71.66,80.96,5.28,8.76,5920900,6172500.0,2026-09-30,16:14:42
002991,甘源食品,38.57,36.88,37.06,39.39,36.88,18875.0,71960000.0,35.95,19.26,16.81,2.19,3.78,1204900,682600.0,2026-09-30,16:14:21
002992,宝明科技,32.4,33.1,33.34,33.6,32.36,10557.0,34640000.0,58.6,51.27,1861.56,8.05,0.67,362100,693600.0,2026-09-30,16:14:45
002993,奥海科技,32.27,32.84,32.99,33.27,32.25,27816.0,90870000.0,89.08,76.95,38.4,1.91,1.17,1158300,1623300.0,2026-09-30,16:14:45
002995,天地在线,16.86,17.33,17.58,17.6,16.86,51776.0,88270000.0,29.92,20.52,-31.07,3.74,4.25,2481900,2695700.0,2026-09-30,16:14:45
002996,顺博合金,5.95,5.92,5.95,5.97,5.91,33526.0,19930000.0,39.83,27.27,17.12,1.2,0.73,1583500,1769100.0,2026-09-30,16:14:48
002997,瑞鹄模具,26.39,25.7,25.77,26.49,25.71,24853.0,65310000.0,55.24,55.24,13.61,2.11,1.19,1636500,848800.0,2026-09-30,16:14:30
002998,优彩资源,7.95,7.99,8.06,8.09,7.9,87620.0,69840000.0,28.21,21.5,29.97,1.68,3.24,4501600,4260400.0,2026-09-30,16:15:00
002999,天禾股份,6.36,6.36,6.46,6.46,6.29,78628.0,49950000.0,22.11,21.92,32.83,1.8,2.28,4147500,3715300.0,2026-09-30,16:14:27
003000,劲仔食品,9.61,9.38,9.39,9.69,9.29,70040.0,66700000.0,42.36,28.63,17.86,3.42,2.35,3899600,3104400.0,2026-09-30,16:14:48
003001,中岩大地,19.4,20.42,20.41,20.66,19.36,169911.0,336500000.0,33.86,22.18,-126.25,2.93,14.86,7218000,9773000.0,2026-09-30,16:14:51
003002,壶化股份,15.61,15.88,15.9,16.29,15.56,47024.0,74510000.0,37.9,28.56,27.78,1.77,2.57,1828500,2873900.0,2026-09-30,16:14:51
003003,天元股份,11.18,11.28,11.3,11.5,11.05,28957.0,32490000.0,19.76,13.2,35.17,1.53,2.45,1135200,1760500.0,2026-09-30,16:14:54
003004,声迅股份,60.22,61.25,61.2,62.5,60.0,17536.0,107120000.0,49.3,41.4,-308.02,7.95,2.55,657500,1096100.0,2026-09-30,16:14:30
003005,竞业达,14.93,15.15,15.11,15.2,14.86,77514.0,116120000.0,34.55,20.04,-73.81,1.98,5.78,3616800,4134600.0,2026-09-30,16:14:54
003006,百亚股份,23.12,21.71,21.9,23.17,21.9,540721.0,1233560000.0,99.33,99.09,49.94,6.9,12.62,21583600,32488500.0,2026-09-30,16:14:45
003007,直真科技,39.39,40.55,40.92,40.98,39.3,12112.0,48210000.0,47.1,28.59,133.74,3.11,1.67,452100,759100.0,2026-09-30,16:14:57
003008,开普检测,19.84,19.9,19.91,20.1,19.69,7309.0,14530000.0,20.63,15.92,25.75,2.04,0.91,345700,385200.0,2026-09-30,16:14:36
003009,中天火箭,44.05,44.73,44.74,45.12,44.01,21448.0,95280000.0,72.56,72.54,-81.64,3.58,1.3,898800,1246000.0,2026-09-30,16:14:57
003010,若羽臣,27.99,27.83,27.7,28.16,27.51,37504.0,104540000.0,87.07,63.3,30.06,10.95,1.66,1986600,1763800.0,2026-09-30,16:14:45
003011,海象新材,19.73,20.08,20.09,20.25,19.64,16457.0,32710000.0,20.26,15.41,28.19,1.46,2.11,748200,897500.0,2026-09-30,16:15:00
003012,东鹏控股,4.74,4.63,4.65,4.79,4.55,128211.0,60130000.0,54.84,53.78,33.94,0.75,1.13,6940200,5880900.0,2026-09-30,16:14:18
003013,地铁设计,16.31,16.0,15.91,16.4,15.36,113317.0,180690000.0,74.85,67.26,20.12,2.27,2.75,5848900,5482800.0,2026-09-30,16:14:30
003015,日久光电,12.06,12.28,12.45,12.45,12.02,27965.0,33910000.0,33.9,29.79,36.18,2.98,1.13,1108300,1688200.0,2026-09-30,16:14:45
003016,欣贺股份,7.42,7.46,7.51,7.54,7.37,31562.0,23470000.0,31.2,30.49,66.62,1.15,0.77,1446000,1710200.0,2026-09-30,16:14:24
003017,大洋生物,22.63,22.51,22.67,23.33,22.53,20711.0,47290000.0,22.81,18.89,21.36,2.0,2.48,1022900,1048100.0,2026-09-30,16:14:39
003018,金富科技,43.55,44.95,45.49,45.5,43.35,63979.0,281770000.0,140.44,123.9,95.24,7.01,2.25,3004700,3393100.0,2026-09-30,16:14:30
003019,宸展光电,26.08,26.66,26.66,27.06,25.9,28059.0,73720000.0,46.05,45.1,26.4,2.71,1.62,1534100,1271800.0,2026-09-30,16:14:45
003020,立方制药,17.26,16.95,17.29,17.44,16.89,29230.0,50460000.0,39.39,29.09,24.14,2.14,1.73,1593700,1329200.0,2026-09-30,16:15:00
003021,兆威机电,70.25,69.09,69.21,71.44,68.63,29280.0,205810000.0,188.22,146.26,87.27,3.71,1.41,1528500,1399500.0,2026-09-30,16:14:30
003022,联泓新科,18.16,18.28,18.41,18.45,18.11,41182.0,75250000.0,242.54,242.33,42.41,3.11,0.31,1877200,2241100.0,2026-09-30,16:14:36
003023,彩虹集团,25.38,25.19,25.03,26.2,24.95,14998.0,37910000.0,26.74,26.68,93.89,1.72,1.43,806700,693100.0,2026-09-30,16:14:45
003025,思进智能,12.11,12.24,12.25,12.29,12.01,27584.0,33440000.0,34.39,27.42,22.77,2.71,1.22,1235400,1523000.0,2026-09-30,16:14:42
003026,中晶科技,32.4,33.32,33.71,33.8,32.02,126095.0,411010000.0,61.42,46.71,104.29,8.5,8.75,5812100,6797400.0,2026-09-30,16:14:15
003027,同兴科技,16.72,16.83,16.83,16.93,16.61,15354.0,25720000.0,21.86,17.19,55.09,1.28,1.49,626600,908800.0,2026-09-30,16:14:30
003028,振邦智能,23.48,23.81,23.83,23.98,23.35,7726.0,18190000.0,33.84,16.6,91.09,1.96,1.09,330400,442200.0,2026-09-30,16:14:45
003029,吉大正元,17.51,17.98,17.98,18.02,17.36,39960.0,70290000.0,33.9,30.74,-31.87,3.38,2.28,1691100,2304900.0,2026-09-30,16:14:45
003030,祖名股份,25.79,25.83,25.85,26.25,25.46,22539.0,58230000.0,32.18,21.04,320.75,3.31,2.76,1164900,1089000.0,2026-09-30,16:14:48
003031,中瓷电子,118.84,118.57,119.59,122.5,117.06,60943.0,727480000.0,536.03,536.03,78.8,8.42,1.35,2812100,3282200.0,2026-09-30,16:14:45
003032,传智教育,8.62,8.68,8.83,8.95,8.6,176232.0,153210000.0,34.69,24.52,-71.05,2.89,6.19,8677800,8945400.0,2026-09-30,16:14:51
003033,征和工业,84.12,86.59,86.59,87.45,83.6,14468.0,123300000.0,68.77,68.11,44.02,4.82,1.79,627600,819200.0,2026-09-30,16:14:09
003035,南网能源,5.34,5.26,5.26,5.35,5.25,219012.0,116510000.0,202.27,202.27,56.3,2.85,0.58,11765600,10135600.0,2026-09-30,16:14:48
003036,泰坦股份,44.23,46.46,46.7,46.94,44.11,99802.0,451560000.0,95.81,95.8,229.34,6.74,4.61,4934100,5046100.0,2026-09-30,16:14:33
003037,三和管桩,5.86,5.86,5.9,5.91,5.79,28583.0,16720000.0,35.11,35.11,-867.17,1.27,0.48,1341500,1516800.0,2026-09-30,16:14:54
003038,鑫铂股份,10.69,10.78,10.8,10.84,10.6,23540.0,25260000.0,26.01,17.32,-9.23,0.94,1.45,918800,1435200.0,2026-09-30,16:14:12
003039,顺控发展,12.49,12.49,12.53,12.59,12.34,33390.0,41620000.0,77.13,77.13,24.88,2.67,0.54,1581500,1757500.0,2026-09-30,16:14:51
003040,楚天龙,14.39,14.2,14.3,14.6,14.06,348365.0,500110000.0,66.36,65.74,-436.43,4.79,7.63,18600700,16235800.0,2026-09-30,16:14:30
003041,真爱美家,38.92,39.18,39.56,39.56,38.52,17721.0,68920000.0,56.04,53.25,102.64,3.78,1.3,680700,1091400.0,2026-09-30,16:14:45
003042,中农联合,14.4,14.27,14.36,14.54,14.24,26863.0,38710000.0,20.52,20.38,-11.26,1.74,1.9,1409000,1277300.0,2026-09-30,16:14:03
003043,华亚智能,60.4,59.42,60.0,61.18,57.53,60143.0,356900000.0,86.28,56.79,91.64,4.46,6.4,2704600,3309700.0,2026-09-30,16:14:57
003816,中国广核,4.23,4.21,4.22,4.28,4.22,714515.0,303060000.0,2136.1,1663.88,21.53,1.73,0.18,36266300,35185200.0,2026-09-30,16:14:36
300001,特锐德,34.48,34.3,34.4,35.2,34.21,89791.0,310440000.0,363.88,355.55,27.08,4.12,0.87,3945700,5033400.0,2026-09-30,16:14:39
300002,神州泰岳,7.89,7.94,7.94,7.98,7.89,127001.0,100520000.0,155.21,146.05,23.03,1.97,0.69,5785400,6914700.0,2026-09-30,16:14:42
300003,乐普医疗,11.66,11.39,11.39,11.68,11.37,175786.0,203570000.0,214.94,184.1,27.89,1.31,1.11,10655900,6922700.0,2026-09-30,16:14:30
300004,南风股份,7.53,7.64,7.67,7.71,7.52,89240.0,67840000.0,36.14,36.14,20720.4,2.04,1.86,3596300,5327700.0,2026-09-30,16:14:45
300005,探路者,10.7,10.62,10.66,10.84,10.52,278071.0,296870000.0,94.55,93.79,85.84,4.4,3.17,14646200,13160900.0,2026-09-30,16:14:15
300006,莱美药业,5.56,5.3,5.32,5.62,5.3,344339.0,189130000.0,58.71,58.7,-46.32,3.39,3.26,20654500,13779400.0,2026-09-30,16:14:54
300007,汉威科技,30.11,30.46,30.63,31.0,30.04,48095.0,146220000.0,98.59,86.21,58.76,3.29,1.68,2203200,2606300.0,2026-09-30,16:14:30
300008,天海防务,6.18,6.24,6.24,6.33,6.17,317297.0,197620000.0,106.79,106.77,30.04,4.18,1.84,13380000,18349700.0,2026-09-30,16:14:45
300009,安科生物,8.61,8.32,8.32,8.65,8.28,435563.0,373590000.0,143.85,105.98,20.52,3.38,3.54,26460600,17095700.0,2026-09-30,16:14:45
300010,ST豆神,5.1,4.95,5.01,5.1,4.72,753992.0,373420000.0,105.4,83.48,-181.8,5.99,4.61,38195600,37203600.0,2026-09-30,16:14:24
300011,鼎汉技术,5.77,5.86,5.89,5.9,5.76,29517.0,17100000.0,34.94,29.41,-88.3,2.31,0.58,1037700,1914000.0,2026-09-30,16:14:30
300012,华测检测,13.76,13.61,13.57,13.84,13.45,175336.0,240150000.0,231.56,197.04,20.81,2.89,1.22,10349900,7183700.0,2026-09-30,16:14:45
300013,新宁物流,4.18,4.23,4.24,4.27,4.17,99963.0,42020000.0,23.34,23.31,-247.01,12.21,1.79,3574700,6421600.0,2026-09-30,16:14:27
300014,亿纬锂能,49.81,48.59,48.39,49.99,48.2,307603.0,1517460000.0,1082.52,1052.48,18.57,2.18,1.46,17196000,13564200.0,2026-09-30,16:14:27
300015,爱尔眼科,7.98,7.85,7.87,8.02,7.85,483003.0,384220000.0,742.11,635.04,29.14,3.41,0.61,30501500,17798700.0,2026-09-30,16:14:48
300016,北陆药业,9.56,9.38,9.5,9.84,9.44,334798.0,323690000.0,55.61,53.75,39.02,2.26,5.96,17004700,16475100.0,2026-09-30,16:14:45
300017,网宿科技,14.9,14.69,14.8,15.18,14.65,973524.0,1456220000.0,371.86,352.6,47.99,3.65,4.11,51763500,45588800.0,2026-09-30,16:14:24
300018,中元股份,11.58,11.72,11.84,11.84,11.58,44386.0,51920000.0,56.59,42.07,40.9,3.95,1.22,1877300,2561300.0,2026-09-30,16:14:57
300019,硅宝科技,13.71,13.8,13.81,13.89,13.66,21448.0,29490000.0,53.9,50.54,24.99,2.01,0.58,807300,1337500.0,2026-09-30,16:14:51
300020,ST银江,3.76,3.59,3.62,3.8,3.59,155499.0,57460000.0,29.88,28.83,-1.48,3.5,2.03,9872000,5677900.0,2026-09-30,16:14:45
300021,大禹节水,3.82,3.79,3.79,3.91,3.78,109870.0,41950000.0,39.05,33.36,110.96,1.47,1.26,5795200,5191800.0,2026-09-30,16:14:54
300022,吉峰科技,7.76,7.79,7.84,7.87,7.73,40432.0,31440000.0,38.35,38.35,-128.82,7.47,0.82,1619200,2424000.0,2026-09-30,16:14:57
300024,机器人,12.88,12.85,12.85,13.02,12.82,100166.0,129150000.0,201.65,201.59,-41.02,4.98,0.64,5152400,4864200.0,2026-09-30,16:14:30
300025,华星创业,5.62,5.76,5.77,5.81,5.6,89066.0,50620000.0,28.59,28.49,-20.63,6.95,1.76,3878300,5028300.0,2026-09-30,16:14:45
300026,红日药业,3.25,3.19,3.19,3.27,3.18,447141.0,144970000.0,97.64,97.54,543.8,1.14,1.49,28692400,16021600.0,2026-09-30,16:14:00
300027,ST华谊,1.65,1.66,1.66,1.67,1.63,345439.0,56760000.0,45.78,42.34,-15.48,-78.17,1.35,11107400,23436500.0,2026-09-30,16:14:15
300029,天龙退,0.12,0.12,0.0,0.0,0.0,0.0,0.0,0.24,0.24,-1.26,-0.7,0.0,0,0.0,2026-09-30,09:00:00
300030,阳普医疗,6.92,6.9,6.92,6.97,6.87,58052.0,40250000.0,21.4,18.84,71.13,3.29,2.13,3092400,2712800.0,2026-09-30,16:14:39
300031,宝通科技,19.93,20.15,20.35,20.35,19.93,52120.0,104540000.0,83.46,71.46,32.2,2.03,1.45,2282500,2929500.0,2026-09-30,16:14:45
300032,金龙机电,3.74,3.8,3.8,3.83,3.71,104041.0,39040000.0,30.04,30.04,-49.74,4.92,1.3,4851600,5552500.0,2026-09-30,16:14:36
300033,同花顺,197.06,199.71,199.9,200.5,196.37,55089.0,1090550000.0,1483.15,863.93,40.57,19.72,1.26,2514400,2994500.0,2026-09-30,16:14:15
300034,钢研高纳,15.27,15.28,15.33,15.46,15.27,57247.0,87860000.0,121.7,117.13,96.19,3.15,0.75,2834300,2890400.0,2026-09-30,16:14:39
300035,中科电气,12.29,12.21,12.25,12.54,12.17,117421.0,145360000.0,84.24,72.1,24.44,1.7,2.0,6241400,5500700.0,2026-09-30,16:14:45
300036,超图软件,10.18,10.24,10.26,10.28,10.1,45169.0,45970000.0,50.16,45.31,-53.55,2.02,1.01,1848500,2668400.0,2026-09-30,16:14:06
300037,新宙邦,66.52,65.93,65.98,66.96,65.51,82963.0,550790000.0,501.49,363.72,31.4,4.48,1.52,4230600,4065700.0,2026-09-30,16:14:15
300039,上海凯宝,5.3,5.15,5.14,5.31,5.14,246523.0,129620000.0,55.44,48.58,21.44,1.29,2.69,15627400,9024800.0,2026-09-30,16:14:30
300040,九洲集团,5.68,5.63,5.66,5.72,5.62,124391.0,70500000.0,36.55,29.56,170.16,1.41,2.39,6652900,5786200.0,2026-09-30,16:14:45
300041,回天新材,10.55,10.64,10.78,10.85,10.54,105563.0,112680000.0,59.02,57.44,24.09,1.94,1.94,4381900,6174400.0,2026-09-30,16:14:15
300042,朗科科技,35.45,36.88,37.3,37.33,35.4,75325.0,271250000.0,71.04,71.04,50.71,6.28,3.76,3213200,4319300.0,2026-09-30,16:14:42
300043,星辉娱乐,4.26,4.32,4.31,4.34,4.26,140164.0,60010000.0,53.0,52.97,22.18,3.07,1.13,5072300,8944100.0,2026-09-30,16:14:42
300044,*ST赛为,5.9,5.9,5.9,6.0,5.88,88503.0,52610000.0,45.07,42.21,-3.59,-3.91,1.24,3754000,5096300.0,2026-09-30,16:14:45
300045,华力创通,11.09,11.19,11.41,11.41,11.06,98421.0,110060000.0,73.49,58.06,-67.92,4.92,1.88,5095400,4746700.0,2026-09-30,16:14:18
300046,台基股份,23.69,24.36,24.5,24.64,23.65,30614.0,73370000.0,56.03,56.03,130.45,4.94,1.29,1222600,1838800.0,2026-09-30,16:14:45
300047,天源迪科,8.9,9.08,9.09,9.15,8.9,88067.0,79040000.0,56.76,51.67,197.61,1.71,1.52,3448900,5357800.0,2026-09-30,16:14:30
300048,合康新能,4.69,4.7,4.73,4.75,4.68,51719.0,24350000.0,53.11,52.96,-71.14,2.98,0.46,1976100,3195800.0,2026-09-30,16:14:45
300049,福瑞医科,47.11,45.85,46.13,47.97,45.99,49056.0,230850000.0,124.37,110.04,74.88,6.33,2.1,2435000,2470600.0,2026-09-30,16:14:48
300050,世纪鼎利,6.77,6.91,6.95,7.03,6.75,177862.0,121860000.0,36.89,36.86,287.33,8.89,3.27,8841800,8944400.0,2026-09-30,16:14:21
300051,琏升科技,7.74,7.96,7.97,8.0,7.62,92253.0,71580000.0,28.79,28.47,-23.02,27.51,2.51,4006900,5218400.0,2026-09-30,16:14:45
300052,中青宝,10.14,10.22,10.41,10.65,10.12,83592.0,85890000.0,26.55,26.55,-44.28,8.06,3.19,4033900,4325300.0,2026-09-30,16:14:48
300053,航宇微,11.57,11.7,11.75,11.86,11.5,106617.0,123980000.0,80.63,76.62,-25.28,5.79,1.61,4254400,6407300.0,2026-09-30,16:14:36
300054,鼎龙股份,67.45,68.38,69.48,69.71,66.47,132888.0,900960000.0,643.96,502.18,68.61,11.45,1.78,6204300,7084500.0,2026-09-30,16:14:15
300055,万邦达,5.75,5.81,5.81,5.88,5.71,90593.0,52180000.0,48.11,36.39,-20.04,0.98,1.43,3555100,5504200.0,2026-09-30,16:14:30
300056,中创环保,7.81,7.43,7.42,7.94,7.35,185850.0,143000000.0,30.11,30.08,-25.6,66.51,4.83,10938500,7646500.0,2026-09-30,16:14:45
300057,万顺新材,6.09,6.28,6.28,6.3,6.05,208165.0,127920000.0,61.12,50.61,-83.5,1.08,2.51,8070600,12745900.0,2026-09-30,16:14:39
300058,蓝色光标,12.37,12.91,12.91,13.05,12.35,1673913.0,2102040000.0,444.11,430.22,130.73,5.58,4.81,62304700,105086600.0,2026-09-30,16:14:27
300059,东方财富,17.79,17.77,17.85,17.88,17.71,1035644.0,1842310000.0,2814.77,2382.5,19.3,2.86,0.77,52800900,50763400.0,2026-09-30,16:14:42
300061,旗天科技,6.61,6.92,6.93,6.97,6.6,313176.0,210420000.0,43.56,40.31,-45.49,10.08,5.13,11230600,20087100.0,2026-09-30,16:14:51
300062,中能电气,6.02,5.99,6.03,6.04,5.99,61815.0,37170000.0,37.92,27.61,-44.17,2.47,1.35,2749500,3432000.0,2026-09-30,16:14:15
300063,天龙集团,8.37,8.59,8.53,8.63,8.34,205903.0,173530000.0,63.49,52.45,67.46,3.53,3.29,6983500,13606800.0,2026-09-30,16:14:30
300065,海兰信,14.51,14.73,14.8,14.92,14.47,174595.0,255710000.0,104.7,95.28,638.58,5.92,2.66,7493700,9965800.0,2026-09-30,16:14:33
300066,三川智慧,4.52,4.57,4.62,4.62,4.52,67953.0,30940000.0,47.01,45.47,38.46,1.82,0.68,2749800,4045500.0,2026-09-30,16:14:51
300067,安诺其,5.35,5.25,5.32,5.51,5.27,447227.0,241040000.0,61.76,50.16,-254.88,2.47,4.77,21374100,23348600.0,2026-09-30,16:14:45
300068,ST南都,3.96,4.05,4.03,4.08,3.96,296156.0,118750000.0,35.58,33.78,-1.01,12.26,3.47,10083500,19532100.0,2026-09-30,16:14:18
300069,金利华电,24.67,24.77,24.78,25.09,24.47,55748.0,138240000.0,28.86,28.86,-934.66,10.37,4.76,2354400,3220400.0,2026-09-30,16:14:48
300070,碧水源,3.42,3.38,3.38,3.43,3.35,264548.0,89780000.0,123.95,118.94,62.46,0.45,0.76,14397800,12057000.0,2026-09-30,16:14:54
300071,福石控股,3.95,4.06,4.07,4.1,3.95,303158.0,120920000.0,38.07,37.34,-56.94,23.17,3.21,9885100,20430700.0,2026-09-30,16:14:36
300072,海新能科,3.43,3.39,3.41,3.45,3.4,101715.0,34850000.0,80.6,79.97,-12.5,1.57,0.44,5402200,4769200.0,2026-09-30,16:14:39
300073,当升科技,38.88,37.99,38.0,39.26,37.58,212116.0,820310000.0,211.62,196.72,25.15,1.41,4.19,10084600,11127000.0,2026-09-30,16:14:57
300074,华平股份,3.83,3.88,3.88,3.9,3.77,109131.0,41790000.0,21.08,21.07,-12.04,2.53,1.98,4544200,6368900.0,2026-09-30,16:14:51
300075,数字政通,10.49,10.77,10.94,10.94,10.36,167574.0,175960000.0,65.16,55.04,-17.81,2.06,3.19,7222500,9535000.0,2026-09-30,16:14:00
300076,*ST宁视,4.05,4.1,4.1,4.13,4.05,18193.0,7430000.0,17.17,17.17,-20.7,2.08,0.43,423200,1396100.0,2026-09-30,16:14:54
300077,国民技术,20.86,21.35,21.5,22.1,20.8,251821.0,537070000.0,141.46,119.0,-190.59,8.05,4.41,10460300,14721800.0,2026-09-30,16:14:57
300078,思创智联,2.71,2.73,2.75,2.76,2.68,165341.0,44770000.0,30.29,30.17,-78.72,6.16,1.49,5793800,10740400.0,2026-09-30,16:14:45
300079,数码视讯,4.78,4.79,4.82,4.84,4.76,112722.0,54010000.0,68.16,61.77,174.04,1.67,0.87,4955900,6316300.0,2026-09-30,16:14:42
300080,易成新能,3.69,3.68,3.69,3.72,3.64,118087.0,43560000.0,69.13,69.12,-8.76,1.67,0.63,6641600,5167100.0,2026-09-30,16:14:15
300081,ST恒信,3.23,3.27,3.28,3.29,3.16,52331.0,16870000.0,19.53,19.53,-5.19,2.68,0.87,1945200,3287900.0,2026-09-30,16:14:36
300082,奥克股份,8.58,8.58,0.0,0.0,0.0,0.0,0.0,58.35,58.2,87.05,2.08,0.0,0,0.0,2026-09-30,16:14:45
300083,创世纪,11.5,11.6,11.78,11.8,11.43,226315.0,261790000.0,195.56,171.65,92.62,3.32,1.52,10590900,12040600.0,2026-09-30,16:14:45
300084,海默科技,10.05,9.92,10.01,10.06,9.89,35476.0,35390000.0,55.15,50.47,-93.38,4.33,0.71,1835400,1712200.0,2026-09-30,16:14:21
300085,银之杰,28.98,29.62,30.21,30.34,28.92,202595.0,591260000.0,204.78,172.93,-200.57,48.43,3.4,9686500,10573000.0,2026-09-30,16:14:30
300086,康芝药业,5.37,5.35,5.39,5.44,5.35,142933.0,77110000.0,24.44,23.66,-11.7,2.82,3.24,6976000,7317300.0,2026-09-30,16:14:54
300087,ST荃银,5.69,5.52,5.55,5.71,5.55,72001.0,40610000.0,53.9,50.63,-23.88,3.31,0.81,4595800,2604300.0,2026-09-30,16:14:09
300088,长信科技,6.74,6.83,6.86,6.99,6.74,864147.0,591030000.0,168.35,167.52,168.86,1.95,3.48,35885800,50528900.0,2026-09-30,16:14:24
300091,*ST金灵,2.37,2.37,2.38,2.38,2.34,41516.0,9790000.0,67.36,38.44,-3.33,5.18,0.26,865200,3286400.0,2026-09-30,16:14:57
300092,科新机电,11.54,11.2,11.26,11.6,11.21,37350.0,42830000.0,31.61,24.22,59.37,1.92,1.78,2179500,1555500.0,2026-09-30,16:14:45
300093,金刚光伏,20.19,20.06,20.28,20.9,19.96,34902.0,71030000.0,111.65,56.33,29.87,5.42,1.25,1456500,2033700.0,2026-09-30,16:14:39
300094,国联水产,2.92,2.88,2.9,2.93,2.87,368965.0,107180000.0,32.94,32.28,-3.05,33.23,3.34,20149400,16747100.0,2026-09-30,16:14:15
300095,华伍股份,8.88,8.92,8.94,9.0,8.85,59658.0,53120000.0,35.02,28.21,-24.05,2.41,1.88,2615300,3350500.0,2026-09-30,16:14:48
300096,易联众,8.67,8.8,8.87,8.9,8.6,89464.0,78410000.0,37.28,37.28,-105.04,11.89,2.08,4685400,4261000.0,2026-09-30,16:14:45
300097,智云股份,9.83,9.93,10.13,10.26,9.77,79778.0,78870000.0,29.12,25.93,-14.7,13.12,3.02,3740000,4237800.0,2026-09-30,16:14:27
300098,高新兴,4.17,4.2,4.21,4.23,4.16,173202.0,72450000.0,72.47,64.29,-281.18,2.72,1.12,6093300,11227000.0,2026-09-30,16:14:15
300099,尤洛卡,6.13,6.24,6.25,6.28,6.13,80928.0,50060000.0,45.19,32.97,25.84,1.95,1.5,2485100,5607700.0,2026-09-30,16:14:30
300100,双林股份,22.18,22.61,22.39,22.76,22.0,157375.0,351180000.0,128.42,123.67,41.77,3.88,2.82,6927400,8810200.0,2026-09-30,16:14:45
300101,振芯科技,13.56,13.86,13.95,13.96,13.56,72916.0,99690000.0,77.01,76.69,-164.49,4.36,1.29,2585000,4706600.0,2026-09-30,16:14:15
300102,乾照光电,15.78,15.9,16.02,16.16,15.7,109616.0,174730000.0,145.23,144.5,106.89,3.32,1.2,5237100,5724500.0,2026-09-30,16:14:30
300103,达刚控股,8.05,8.12,8.2,8.2,7.97,43550.0,35130000.0,25.57,25.55,-42.22,6.19,1.37,2342800,2012200.0,2026-09-30,16:14:42
300105,龙源技术,7.02,7.06,7.19,7.19,6.98,56668.0,39910000.0,36.21,36.19,-66.28,2.03,1.1,2331800,3335000.0,2026-09-30,16:14:51
300106,西部牧业,10.66,10.52,10.59,10.86,10.53,89103.0,95430000.0,22.53,22.53,94.74,5.59,4.22,4636700,4273600.0,2026-09-30,16:14:09
300107,建新股份,7.11,6.72,6.78,7.16,6.69,217757.0,152480000.0,40.01,24.72,271.26,2.63,6.26,12366500,9409200.0,2026-09-30,16:14:15
300108,*ST吉药,0.21,0.21,0.0,0.0,0.0,0.0,0.0,1.4,1.37,-0.32,-0.17,0.0,0,0.0,2026-09-30,09:00:00
300109,新开源,12.88,12.64,12.68,13.06,12.6,88469.0,114280000.0,74.3,67.09,48.84,2.22,1.7,4431100,4415900.0,2026-09-30,16:14:54
300110,华仁药业,3.17,3.21,3.24,3.36,3.16,1703898.0,552900000.0,37.48,37.45,-7.95,4.33,14.42,88015900,82373900.0,2026-09-30,16:14:45
300111,向日葵,2.98,2.96,2.98,3.0,2.94,258068.0,76840000.0,38.36,38.36,-213.79,5.73,2.0,12901900,12904900.0,2026-09-30,16:14:57
300112,万讯自控,9.8,10.09,10.13,10.22,9.7,199923.0,198780000.0,31.65,26.71,-53.95,3.41,7.33,7926800,12065500.0,2026-09-30,16:14:18
300113,顺网科技,15.91,16.05,16.26,16.26,15.9,94938.0,151910000.0,107.26,80.99,25.88,4.09,1.87,4153300,5340500.0,2026-09-30,16:14:33
300115,长盈精密,22.48,22.47,22.52,23.33,22.25,214123.0,487390000.0,306.03,305.14,98.92,3.68,1.58,9825200,11587100.0,2026-09-30,16:14:45
300117,*ST嘉寓,0.43,0.43,0.0,0.0,0.0,0.0,0.0,3.08,3.08,-1.3,-0.16,0.0,0,0.0,2026-09-30,09:00:00
300118,东方日升,8.96,8.81,8.92,9.07,8.78,181876.0,162610000.0,102.15,83.02,-3.44,1.31,1.96,10040100,8147500.0,2026-09-30,16:14:00
300119,瑞普生物,16.76,16.5,16.53,16.9,16.5,25878.0,43420000.0,77.89,56.74,22.38,1.66,0.76,1530900,1056900.0,2026-09-30,16:14:39
300120,经纬辉开,7.17,7.57,7.6,7.62,7.1,382935.0,278700000.0,41.18,37.79,-7.63,1.67,7.26,15827200,22466300.0,2026-09-30,16:14:30
300121,阳谷华泰,9.51,9.4,9.45,9.59,9.41,60022.0,56970000.0,42.34,40.84,32.58,1.19,1.4,3262600,2739600.0,2026-09-30,16:14:45
300122,智飞生物,13.98,13.08,13.05,14.2,12.98,718665.0,987640000.0,334.65,197.72,-2.24,2.23,5.08,42576000,29290500.0,2026-09-30,16:14:15
300123,ST亚光,4.28,4.17,4.21,4.31,4.14,158902.0,67000000.0,43.73,42.54,-3.18,28.68,1.6,8349000,7541200.0,2026-09-30,16:14:42
300124,汇川技术,51.9,52.49,52.26,52.55,51.32,194343.0,1007950000.0,1406.38,1252.06,28.75,3.82,0.81,9461200,9973100.0,2026-09-30,16:14:30
300125,聆达股份,8.56,8.54,8.59,8.74,8.45,29446.0,25140000.0,57.0,30.88,37.86,5.29,0.82,1387400,1557200.0,2026-09-30,16:14:45
300126,锐奇股份,6.64,6.75,6.78,6.8,6.58,28426.0,18980000.0,20.18,13.99,-33.6,2.06,1.35,1283000,1559600.0,2026-09-30,16:14:03
300127,银河磁体,23.09,23.15,23.17,23.31,23.0,21390.0,49530000.0,74.61,53.71,35.39,4.97,0.92,1160800,978200.0,2026-09-30,16:14:24
300128,锦富技术,4.8,4.77,4.8,5.08,4.77,297613.0,146030000.0,62.36,62.27,-18.9,17.3,2.29,13663400,16097900.0,2026-09-30,16:14:30
300129,泰胜风能,7.57,7.4,7.45,7.79,7.38,316196.0,240130000.0,83.94,54.41,72.39,1.47,4.4,16659200,14960400.0,2026-09-30,16:14:45
300130,新国都,17.95,18.04,18.14,18.15,17.93,40552.0,73090000.0,101.83,78.0,21.93,2.33,0.93,2028700,2026500.0,2026-09-30,16:14:30
300131,英唐智控,13.6,13.4,13.75,14.71,13.53,606800.0,854260000.0,154.36,144.55,-2138.61,9.08,5.71,27136300,33543700.0,2026-09-30,16:14:45
300132,诺斯贝尔,6.11,6.12,6.16,6.2,6.09,53591.0,32860000.0,31.56,31.04,17.33,2.09,1.05,2291400,3067700.0,2026-09-30,16:14:30
300133,华策影视,7.7,7.68,7.62,7.8,7.52,835718.0,641000000.0,144.36,128.13,60.03,1.95,5.02,41971400,41600300.0,2026-09-30,16:14:45
300134,大富科技,8.17,8.29,8.39,8.39,8.1,47756.0,39240000.0,62.7,62.7,-23.53,1.74,0.62,2463500,2312100.0,2026-09-30,16:14:48
300135,宝利国际,3.46,3.46,3.47,3.5,3.44,120594.0,41700000.0,31.89,31.89,-40.56,3.67,1.31,5113100,6946300.0,2026-09-30,16:14:21
300136,信维通信,51.23,52.65,53.06,53.29,51.01,256458.0,1328930000.0,495.69,422.65,71.08,6.19,3.11,13168700,12477100.0,2026-09-30,16:14:51
300137,先河环保,9.87,9.81,9.82,10.1,9.72,134168.0,133480000.0,52.96,52.1,-161.77,3.31,2.54,7007400,6409400.0,2026-09-30,16:14:54
300138,晨光生物,11.15,11.18,11.25,11.25,11.13,22411.0,25060000.0,53.87,44.41,16.2,1.58,0.56,893300,1347800.0,2026-09-30,16:14:48
300139,晓程科技,42.62,42.56,43.32,43.36,42.26,131854.0,562360000.0,116.78,99.59,70.91,10.14,5.64,6040200,7145200.0,2026-09-30,16:14:36
300140,节能环境,5.36,5.27,5.27,5.38,5.26,61899.0,33020000.0,166.11,165.91,18.18,1.16,0.2,3923100,2266700.0,2026-09-30,16:14:57
300141,和顺电气,9.96,10.0,10.03,10.18,9.88,35070.0,35140000.0,25.68,25.36,-86.85,4.13,1.38,1624600,1882400.0,2026-09-30,16:14:45
300142,沃森生物,14.23,13.49,13.56,14.5,13.5,1535562.0,2182840000.0,227.59,224.53,120.56,3.26,9.73,80703100,72853100.0,2026-09-30,16:14:09
300143,盈康生命,7.85,7.78,7.87,7.95,7.81,89970.0,70870000.0,76.38,65.33,103.06,3.2,1.08,4620200,4376800.0,2026-09-30,16:14:39
300144,宋城演艺,5.62,5.59,5.59,5.64,5.56,186143.0,104330000.0,146.62,145.09,19.31,2.06,0.72,10381700,8232700.0,2026-09-30,16:14:30
300145,南方泵业,4.54,4.7,4.72,4.75,4.47,573873.0,262180000.0,87.18,86.76,34.25,2.93,3.0,20695900,36691300.0,2026-09-30,16:14:45
300146,汤臣倍健,9.43,9.29,9.3,9.45,9.29,80919.0,75960000.0,159.53,105.69,24.59,1.47,0.72,5002600,3089300.0,2026-09-30,16:14:15
300147,*ST香雪,5.9,5.9,5.93,6.16,5.73,170843.0,102020000.0,39.02,38.8,-2.73,-6.21,2.6,7556200,9528100.0,2026-09-30,16:14:15
300148,天舟文化,3.53,3.59,3.56,3.61,3.49,240715.0,85130000.0,29.76,29.75,69.33,2.83,2.86,10257100,13814400.0,2026-09-30,16:14:30
300149,睿智医药,9.9,9.64,9.61,10.09,9.6,336918.0,335390000.0,49.99,47.68,-116.36,3.85,7.0,18671700,15020100.0,2026-09-30,16:14:45
300150,世纪瑞尔,4.14,4.21,4.24,4.24,4.11,49265.0,20480000.0,24.22,19.2,-3930.88,1.54,1.06,2625000,2301500.0,2026-09-30,16:14:18
300151,昌红科技,19.82,20.4,20.44,20.65,19.71,144248.0,289610000.0,105.54,73.06,195.83,6.89,3.91,6942700,7482100.0,2026-09-30,16:14:30
300152,*ST动力,1.58,1.59,1.58,1.6,1.57,67891.0,10730000.0,11.26,11.26,-43.44,5.37,0.95,2567200,4221900.0,2026-09-30,16:14:45
300153,科泰电源,23.71,24.42,24.64,24.84,23.63,88710.0,213340000.0,75.87,75.48,91.93,8.01,2.79,3769200,5101900.0,2026-09-30,16:14:48
300154,瑞凌股份,13.68,14.13,14.21,14.28,13.63,87139.0,120920000.0,61.5,43.14,64.85,3.59,2.76,3613300,5100600.0,2026-09-30,16:14:03
300155,安居宝,4.64,4.65,4.62,4.72,4.43,351468.0,160300000.0,26.04,15.35,-44.09,2.22,10.63,17309800,17837000.0,2026-09-30,16:14:33
300157,新锦动力,3.6,3.6,3.61,3.63,3.56,137187.0,49330000.0,27.65,26.48,-893.5,-18.77,1.87,5864000,7854700.0,2026-09-30,16:14:30
300158,振东制药,5.21,5.14,5.14,5.27,5.11,160510.0,83740000.0,51.7,51.67,-12.87,1.59,1.62,8329200,7721900.0,2026-09-30,16:14:51
300159,新研股份,2.72,2.73,2.75,2.76,2.71,198390.0,54150000.0,89.5,50.08,37.64,3.22,1.08,8343600,11495400.0,2026-09-30,16:14:21
300160,秀强股份,4.42,4.45,4.47,4.47,4.38,40457.0,17910000.0,34.16,33.72,28.25,1.29,0.53,1576800,2468900.0,2026-09-30,16:14:51
300161,华中数控,25.98,26.1,26.12,26.48,25.96,16135.0,42150000.0,51.62,50.78,794.83,3.38,0.83,833800,779700.0,2026-09-30,16:14:30
300162,雷曼光电,9.13,8.46,8.5,9.28,8.4,898111.0,807770000.0,38.3,31.24,-51.69,4.46,26.25,50337300,39473700.0,2026-09-30,16:14:45
300163,先锋新材,7.26,7.74,7.72,7.79,7.22,396449.0,294650000.0,34.41,33.27,-207.59,6.41,8.65,15638900,24006000.0,2026-09-30,16:14:30
300164,通源石油,8.68,8.77,8.77,8.8,8.64,388384.0,337590000.0,51.08,50.62,-191.64,3.76,6.66,18091600,20746800.0,2026-09-30,16:14:33
300165,天瑞仪器,4.98,5.01,5.04,5.06,4.95,91921.0,45760000.0,24.68,20.94,-12.11,2.32,2.19,4054300,5137800.0,2026-09-30,16:14:54
300166,东方国信,11.39,11.67,11.85,11.85,11.38,220963.0,255240000.0,129.7,106.09,-58.99,2.29,2.37,9179100,12917200.0,2026-09-30,16:14:57
300167,ST迪威迅,3.84,3.76,3.76,3.87,3.7,40846.0,15420000.0,15.99,13.6,-32.79,22.05,1.15,2065000,2019600.0,2026-09-30,16:14:09
300168,万达信息,4.84,4.77,4.8,4.86,4.71,155360.0,74500000.0,69.73,69.67,-16.47,7.6,1.08,8840100,6695900.0,2026-09-30,16:14:15
300169,天晟新材,5.52,5.56,5.61,5.65,5.5,86713.0,48220000.0,18.74,16.66,30.75,20.9,2.87,4525500,4145800.0,2026-09-30,16:14:36
300170,汉得信息,15.13,15.67,15.6,15.74,15.09,380320.0,580590000.0,157.42,150.43,66.71,2.71,3.83,15332800,22699300.0,2026-09-30,16:14:45
300171,东富龙,16.43,15.9,15.9,16.92,15.84,231677.0,382200000.0,125.83,93.41,48.0,1.59,4.07,11630700,11537100.0,2026-09-30,16:14:15
300172,中电环保,4.54,4.54,4.55,4.57,4.5,66301.0,30080000.0,30.72,23.77,33.44,1.59,1.27,3032500,3597600.0,2026-09-30,16:14:18
300173,ST福能,3.33,3.31,3.31,3.34,3.3,32244.0,10710000.0,24.47,24.47,-13.64,3.17,0.44,1669600,1554800.0,2026-09-30,16:14:54
300174,元力股份,16.96,17.1,17.15,17.29,16.9,90720.0,154570000.0,61.77,61.54,29.16,1.76,2.5,3668300,5403700.0,2026-09-30,16:14:45
300175,朗源股份,5.38,5.45,5.52,5.52,5.37,35616.0,19310000.0,25.33,25.33,-109.08,5.16,0.76,1474100,2087500.0,2026-09-30,16:14:03
300176,鸿特科技,4.44,4.45,4.47,4.47,4.4,73912.0,32780000.0,23.6,23.6,180.66,1.65,1.39,3119100,4272100.0,2026-09-30,16:14:36
300177,中海达,6.0,6.08,6.14,6.14,5.99,66191.0,39930000.0,44.65,36.38,-17.71,3.58,1.09,2731500,3887600.0,2026-09-30,16:14:57
300179,四方达,39.16,41.98,42.1,42.28,38.98,375242.0,1509800000.0,190.21,147.1,161.0,16.38,9.99,17525000,19999200.0,2026-09-30,16:14:45
300180,华峰超纤,4.33,4.33,4.35,4.36,4.28,168920.0,72920000.0,76.25,74.39,306.29,1.62,0.98,7440700,9451300.0,2026-09-30,16:14:00
300181,佐力药业,13.21,12.98,12.96,13.24,12.96,75245.0,99060000.0,92.65,79.59,14.63,3.01,1.25,4769300,2755200.0,2026-09-30,16:14:15
300182,捷成股份,5.25,5.07,5.05,5.29,4.96,1944299.0,1001200000.0,139.85,126.77,68.04,1.64,8.05,112131600,82298400.0,2026-09-30,16:14:42
300183,东软载波,10.63,10.95,11.0,11.08,10.59,60183.0,64730000.0,49.18,39.45,-153.38,1.59,1.62,2530700,3487500.0,2026-09-30,16:14:45
300184,力源信息,10.94,11.22,11.26,11.28,10.91,273692.0,302240000.0,125.44,114.83,33.6,2.7,2.61,9706800,17662400.0,2026-09-30,16:14:27
300185,通裕重工,2.8,2.82,2.8,2.85,2.78,748347.0,209950000.0,113.01,107.7,137.5,1.6,1.95,29889700,44945000.0,2026-09-30,16:14:30
300187,永清环保,4.51,4.51,4.53,4.56,4.48,45949.0,20730000.0,29.12,28.97,22.77,2.46,0.72,1997200,2597700.0,2026-09-30,16:14:30
300188,国投智能,10.55,10.74,10.78,10.78,10.41,128470.0,135840000.0,90.67,90.26,-10.94,3.82,1.5,5952700,6894400.0,2026-09-30,16:14:45
300189,神农种业,6.0,5.79,5.87,6.11,5.85,1442538.0,862450000.0,61.44,53.18,56.88,8.97,16.28,80442000,63811800.0,2026-09-30,16:14:24
300190,维尔利,3.74,3.78,3.79,3.81,3.71,91854.0,34380000.0,35.46,35.31,-12.64,1.13,0.97,3793100,5392300.0,2026-09-30,16:14:33
300191,潜能恒信,30.6,30.62,30.59,30.94,30.34,35691.0,109400000.0,97.92,67.69,51.84,7.96,1.61,1867400,1701700.0,2026-09-30,16:14:30
300192,科德教育,23.42,24.01,24.21,26.3,23.3,475887.0,1177830000.0,107.92,106.66,121.13,10.87,10.45,23684900,23903800.0,2026-09-30,16:14:45
300193,佳士科技,7.89,7.87,7.93,7.95,7.82,22128.0,17440000.0,37.58,32.99,20.93,1.61,0.53,1099500,1113300.0,2026-09-30,16:14:27
300194,福安药业,3.89,3.86,3.85,3.92,3.84,144910.0,56510000.0,46.28,37.67,77.58,1.05,1.5,8036800,6454200.0,2026-09-30,16:14:15
300195,长荣股份,6.27,6.31,6.33,6.41,6.24,41560.0,26180000.0,26.57,19.68,362.5,0.99,1.32,1836600,2319400.0,2026-09-30,16:14:39
300196,长海股份,17.14,17.61,17.7,17.77,17.12,93262.0,161310000.0,70.1,42.36,22.67,1.5,3.77,3883600,5442600.0,2026-09-30,16:14:45
300197,节能铁汉,1.97,1.94,1.95,1.98,1.91,582529.0,113410000.0,58.42,58.41,-1.87,-3.09,1.96,32186100,26066800.0,2026-09-30,16:14:48
300198,*ST纳川,2.43,2.41,2.37,2.43,2.36,146009.0,35120000.0,25.07,24.9,-8.93,5.77,1.43,7422200,7178700.0,2026-09-30,16:14:30
300199,翰宇药业,23.92,22.79,22.7,24.93,22.7,777901.0,1877450000.0,211.27,178.14,165.31,24.85,10.45,42241900,35548200.0,2026-09-30,16:14:45
300200,高盟新材,8.14,8.2,8.23,8.32,8.11,35143.0,28790000.0,35.08,34.63,44.04,2.16,0.83,1465100,2049200.0,2026-09-30,16:14:45
300201,海伦哲,12.72,12.91,13.0,13.08,12.61,141449.0,180840000.0,128.35,127.67,36.37,6.8,1.41,6410200,7734700.0,2026-09-30,16:14:15
300203,聚光科技,13.52,13.56,13.69,13.75,13.44,65182.0,88250000.0,60.67,60.62,-22.62,2.35,1.45,3534300,2983900.0,2026-09-30,16:14:36
300204,舒泰神,20.44,19.74,19.74,20.98,19.71,211304.0,433830000.0,110.65,92.73,-123.09,5.44,4.66,12543900,8586600.0,2026-09-30,16:14:48
300205,*ST天喻,5.02,4.89,4.98,5.08,4.94,41736.0,20880000.0,21.59,21.59,-3.65,5.59,0.97,1729700,2443900.0,2026-09-30,16:14:45
300206,理邦仪器,11.67,11.6,11.6,11.77,11.6,21980.0,25700000.0,67.65,39.49,19.16,3.06,0.65,1205900,992100.0,2026-09-30,16:14:36
300207,欣旺达,22.0,21.5,21.5,22.25,21.1,1295449.0,2816200000.0,406.44,377.06,50.55,1.68,7.56,64661300,64883600.0,2026-09-30,16:14:51
300208,中程退,0.28,0.28,0.0,0.0,0.0,0.0,0.0,2.1,1.92,-0.43,2.43,0.0,0,0.0,2026-09-30,09:00:00
300209,行云科技,33.15,33.7,34.6,34.91,32.92,464332.0,1561670000.0,307.84,246.27,-421.44,32.76,6.25,20431700,26001500.0,2026-09-30,16:14:39
300210,森远股份,6.99,7.03,7.03,7.13,6.96,33747.0,23680000.0,33.85,33.85,-60.38,9.48,0.7,1509300,1865400.0,2026-09-30,16:14:54
300211,亿通科技,7.64,7.72,7.69,8.08,7.43,258967.0,200160000.0,23.22,22.8,-67.18,5.34,8.68,13168100,12728600.0,2026-09-30,16:14:42
300212,*ST易录,7.94,7.57,7.66,8.06,7.58,119597.0,93670000.0,57.16,55.89,-2.11,-2.52,1.7,6349500,5610200.0,2026-09-30,16:14:21
300213,佳讯飞鸿,6.5,6.61,6.62,6.65,6.45,140884.0,92070000.0,38.63,35.92,-25.65,1.88,2.55,6063400,8025000.0,2026-09-30,16:14:30
300214,日科化学,9.69,9.61,9.7,9.81,9.57,99446.0,96340000.0,45.05,45.05,-7622.9,1.86,2.14,4520600,5424000.0,2026-09-30,16:14:45
300215,电科院,6.46,6.24,6.36,6.5,6.29,193749.0,124960000.0,48.39,48.39,81.16,2.41,2.59,8264800,11110100.0,2026-09-30,16:14:39
300217,东方电热,3.99,3.97,3.99,4.01,3.94,104789.0,41720000.0,58.97,49.53,55.69,1.39,0.84,5037900,5441000.0,2026-09-30,16:14:57
300218,安利股份,12.56,12.55,12.6,12.67,12.51,14779.0,18590000.0,27.25,27.16,38.16,1.84,0.68,606400,871500.0,2026-09-30,16:14:30
300219,鸿利智汇,6.66,6.71,6.74,6.85,6.64,122218.0,82240000.0,47.15,47.06,38.18,1.84,1.73,5468300,6753600.0,2026-09-30,16:14:48
300220,金运激光,11.23,11.48,11.54,11.74,11.19,29428.0,33290000.0,16.98,16.96,-372.13,28.9,1.95,1646100,1296700.0,2026-09-30,16:14:12
300221,银禧科技,13.08,13.01,13.14,13.25,12.58,169582.0,219450000.0,61.97,60.43,39.64,4.21,3.67,8618000,8340200.0,2026-09-30,16:14:51
300222,科大智能,9.53,9.64,9.7,9.78,9.51,99626.0,96110000.0,74.55,62.15,76.24,4.07,1.53,4375000,5587600.0,2026-09-30,16:14:30
300223,君正股份,129.15,134.6,136.07,136.47,129.0,165350.0,2164040000.0,665.06,546.14,48.52,4.89,3.91,7561600,8973300.0,2026-09-30,16:14:51
300224,正海磁材,11.57,11.75,11.77,11.82,11.57,71259.0,83040000.0,107.68,107.25,32.53,2.11,0.77,2912600,4213400.0,2026-09-30,16:14:54
300225,金力泰,7.83,7.81,7.84,7.89,7.68,91460.0,71130000.0,37.23,36.97,209.41,4.27,1.94,4322500,4823500.0,2026-09-30,16:14:15
300226,上海钢联,16.69,17.02,16.95,17.05,16.58,66555.0,111250000.0,63.83,61.37,29.16,2.78,1.81,3120900,3534600.0,2026-09-30,16:14:57
300227,光韵达,9.99,10.06,10.18,10.23,9.93,128564.0,129440000.0,60.5,45.58,-23.1,3.67,2.82,5635100,7221300.0,2026-09-30,16:14:45
300228,富瑞特装,6.46,6.43,6.46,6.5,6.42,47757.0,30840000.0,38.59,36.2,17.48,1.56,0.85,2300000,2475700.0,2026-09-30,16:14:18
300229,拓尔思,12.77,12.85,12.9,13.02,12.71,98793.0,126720000.0,111.56,111.49,-28.69,3.04,1.13,4486900,5392500.0,2026-09-30,16:14:21
300230,永利股份,4.35,4.36,4.36,4.38,4.32,48063.0,20920000.0,35.37,27.4,20.46,1.11,0.76,2398700,2407700.0,2026-09-30,16:14:30
300231,银信科技,8.16,8.28,8.26,8.32,8.14,59181.0,48460000.0,36.29,36.29,125.03,2.29,1.33,2492900,3425200.0,2026-09-30,16:14:45
300232,洲明科技,5.35,5.31,5.34,5.37,5.3,89128.0,47600000.0,58.33,47.53,-226.46,1.26,1.0,4675700,4237100.0,2026-09-30,16:14:42
300233,金城医药,13.6,13.2,13.33,13.79,13.24,111039.0,151340000.0,52.21,50.62,37.38,1.39,2.98,6077600,5026300.0,2026-09-30,16:14:15
300234,开尔新材,10.06,10.12,10.15,10.23,9.93,108565.0,109420000.0,50.62,34.61,-231.67,4.5,3.16,4766100,6090400.0,2026-09-30,16:14:30
300235,方直科技,11.61,12.0,12.03,12.16,11.59,34425.0,40460000.0,29.23,23.78,136.79,4.13,1.68,1338400,2104100.0,2026-09-30,16:14:45
300236,上海新阳,84.82,86.49,86.69,87.85,84.46,44341.0,379260000.0,265.81,236.39,69.84,3.89,1.59,2178300,2255800.0,2026-09-30,16:14:09
300237,ST美晨,2.41,2.38,2.4,2.43,2.36,168230.0,40200000.0,34.75,34.75,-10.07,175.41,1.17,8111400,8711600.0,2026-09-30,16:14:15
300238,冠昊生物,11.95,11.87,11.89,12.15,11.83,34209.0,41180000.0,32.83,31.68,191.05,4.84,1.29,1848600,1572300.0,2026-09-30,16:14:30
300239,东宝生物,5.46,5.42,5.43,5.5,5.41,89194.0,48750000.0,32.41,32.2,59.17,1.88,1.51,4967300,3952100.0,2026-09-30,16:14:45
300240,飞力达,6.15,6.17,6.17,6.23,6.11,40467.0,24920000.0,22.85,22.35,511.81,1.58,1.11,1956400,2090300.0,2026-09-30,16:14:33
300241,瑞丰光电,5.67,5.72,5.78,5.81,5.66,111781.0,63870000.0,40.68,34.08,45.82,1.74,1.86,4596400,6581700.0,2026-09-30,16:14:15
300242,佳云科技,3.91,3.95,3.97,3.97,3.88,102787.0,40280000.0,24.81,24.81,-124.85,10.55,1.62,3981100,6297600.0,2026-09-30,16:14:30
300243,瑞丰高材,20.38,21.93,22.01,22.11,20.27,279507.0,586670000.0,56.97,45.58,74.84,3.68,12.5,12558200,15392600.0,2026-09-30,16:14:45
300244,迪安诊断,20.52,20.19,20.39,20.93,20.08,250708.0,516890000.0,128.25,102.9,48.19,1.98,5.0,14282800,10787900.0,2026-09-30,16:14:12
300245,ST天玑,5.83,5.87,5.92,5.94,5.79,42358.0,24730000.0,17.78,17.12,-55.82,1.58,1.44,1239700,2996100.0,2026-09-30,16:14:33
300246,宝莱特,15.46,15.8,16.12,16.12,15.3,47967.0,74590000.0,40.93,32.72,-38.9,3.9,2.27,1921100,2875600.0,2026-09-30,16:14:54
300247,融捷健康,3.68,3.69,3.71,3.72,3.65,81833.0,30140000.0,29.59,29.59,41.39,2.52,1.02,4118600,4064700.0,2026-09-30,16:14:45
300248,新开普,8.25,8.3,8.37,8.38,8.19,47797.0,39510000.0,39.3,33.61,77.6,1.86,1.17,2298000,2481700.0,2026-09-30,16:14:36
300249,依米康,12.38,12.65,12.7,12.83,12.36,71640.0,89770000.0,56.75,46.31,154.76,8.75,1.91,2665700,4498300.0,2026-09-30,16:14:39
300250,初灵信息,14.49,14.87,14.87,15.05,14.45,40555.0,59120000.0,30.97,22.84,78.93,5.56,2.57,1591300,2464200.0,2026-09-30,16:14:30
300251,光线传媒,10.97,10.93,10.92,11.03,10.8,243377.0,265580000.0,321.81,302.02,-61.39,3.38,0.88,12667500,11670200.0,2026-09-30,16:14:45
300252,金信诺,11.39,11.5,11.66,11.88,11.36,147193.0,169700000.0,77.93,63.64,227.96,3.15,2.63,6395800,8323500.0,2026-09-30,16:14:18
300253,卫宁健康,6.98,6.96,7.0,7.05,6.92,300861.0,210280000.0,153.65,129.45,-35.54,2.85,1.62,16495300,13590800.0,2026-09-30,16:14:15
300254,仟源医药,9.19,9.09,9.09,9.3,9.08,104863.0,96660000.0,23.64,21.18,82.2,5.26,4.55,5957900,4528400.0,2026-09-30,16:14:45
300255,常山药业,22.94,22.12,22.5,23.29,22.27,254631.0,583590000.0,210.83,210.52,-61.01,17.75,2.77,14892000,10571100.0,2026-09-30,16:14:57
300256,星星科技,2.59,2.59,2.62,2.62,2.56,149189.0,38520000.0,58.75,58.1,-109.13,6.53,0.67,8650800,6268100.0,2026-09-30,16:14:48
300257,开山股份,17.38,17.8,17.98,17.99,17.27,52651.0,92500000.0,172.69,165.94,47.31,2.67,0.55,2343500,2921600.0,2026-09-30,16:14:15
300258,精锻科技,8.87,8.79,8.8,8.98,8.68,72194.0,63750000.0,51.89,50.55,128.21,1.11,1.27,3793800,3425600.0,2026-09-30,16:14:45
300259,新天科技,3.91,3.95,3.96,3.98,3.89,291649.0,114180000.0,45.16,45.15,23.41,1.5,2.53,9638300,19526600.0,2026-09-30,16:14:45
300260,新莱应材,54.44,57.3,58.24,58.24,53.94,111041.0,614860000.0,222.01,156.59,132.99,10.26,3.86,5024800,6079300.0,2026-09-30,16:14:51
300261,雅本化学,4.92,4.93,4.94,4.98,4.86,100057.0,49220000.0,47.39,46.39,-15.28,2.79,1.06,4998000,5007700.0,2026-09-30,16:14:21
300263,隆华科技,9.79,10.04,10.12,10.16,9.72,254609.0,251850000.0,100.02,94.2,50.01,2.44,2.65,9821400,15639500.0,2026-09-30,16:14:30
300264,佳创视讯,5.93,6.03,6.03,6.06,5.91,112404.0,67050000.0,25.55,21.97,-66.01,1974.92,3.03,4134800,7105600.0,2026-09-30,16:14:45
300265,通光线缆,11.85,11.98,12.17,12.19,11.76,118110.0,140770000.0,55.41,55.38,-1081.46,2.4,2.53,5397200,6413800.0,2026-09-30,16:14:54
300266,兴源环境,1.87,1.86,1.85,1.88,1.83,155774.0,28900000.0,29.06,29.04,-9.8,-69.48,1.0,7404200,8173200.0,2026-09-30,16:14:48
300267,尔康制药,3.26,3.23,3.23,3.3,3.22,303668.0,99330000.0,67.24,46.37,-18.03,1.67,2.13,15767600,14599200.0,2026-09-30,16:14:51
300268,佳沃食品,11.91,12.01,12.01,12.08,11.8,13558.0,16160000.0,20.75,15.92,-174.74,-2.02,1.01,640100,715700.0,2026-09-30,16:14:54
300269,联建光电,4.56,4.62,4.71,4.95,4.55,402733.0,188610000.0,24.94,23.97,-159.99,32.95,7.66,18282600,21990700.0,2026-09-30,16:14:27
300270,中威电子,10.21,10.69,10.7,10.78,10.18,105665.0,109810000.0,30.92,30.92,-308.52,5.54,3.49,4129300,6437200.0,2026-09-30,16:14:57
300271,华宇软件,5.75,5.81,5.82,5.83,5.69,117648.0,67750000.0,46.68,46.24,-27.58,1.32,1.46,5000000,6764800.0,2026-09-30,16:14:57
300272,开能健康,6.06,5.99,6.0,6.1,5.99,112022.0,67820000.0,37.06,28.15,125.57,2.93,2.41,5624800,5577400.0,2026-09-30,16:14:45
300274,阳光电源,82.49,82.81,82.41,83.1,81.51,274480.0,2256200000.0,1710.19,1309.5,15.57,3.5,1.73,12667200,14780900.0,2026-09-30,16:14:00
300275,梅安森,8.86,8.95,8.99,9.0,8.74,52075.0,46050000.0,27.29,24.05,71.59,2.84,1.92,2167800,3039700.0,2026-09-30,16:14:15
300276,三丰智能,6.15,6.27,6.2,6.28,6.12,267667.0,165400000.0,86.16,74.14,-44.78,4.84,2.22,10965800,15800900.0,2026-09-30,16:14:30
300277,汽轮科技,12.75,12.62,12.71,12.88,12.59,126396.0,161200000.0,193.37,97.59,189.51,2.01,1.65,6115500,6524100.0,2026-09-30,16:14:45
300278,华昌达,3.51,3.54,3.56,3.57,3.49,108347.0,38100000.0,49.63,49.47,-60.4,3.03,0.77,5036400,5798300.0,2026-09-30,16:14:06
300279,和晶科技,5.83,5.93,5.95,6.01,5.81,80456.0,47200000.0,28.51,28.41,77.04,2.71,1.65,3436700,4608900.0,2026-09-30,16:14:30
300280,紫天退,0.33,0.33,0.0,0.0,0.0,0.0,0.0,0.53,0.53,-0.04,0.04,0.0,0,0.0,2026-09-30,09:10:00
300281,金明精机,6.98,7.05,7.09,7.11,6.93,52592.0,36840000.0,29.24,27.73,-970.04,2.35,1.32,2178000,3081200.0,2026-09-30,16:14:30
300283,温州宏丰,12.9,13.46,13.58,13.73,12.9,257543.0,339680000.0,64.11,49.0,52.84,5.34,6.78,9120200,16634100.0,2026-09-30,16:14:45
300284,苏交科,5.1,5.08,5.08,5.14,5.04,100997.0,51330000.0,64.4,61.11,833.31,0.78,0.84,4840600,5259100.0,2026-09-30,16:14:12
300285,国瓷材料,63.06,64.4,65.62,66.76,62.48,528115.0,3402240000.0,628.74,537.95,98.03,8.64,6.19,25631800,27179700.0,2026-09-30,16:14:33
300286,安科瑞,18.8,18.92,19.19,19.19,18.76,22294.0,42230000.0,47.15,39.06,25.02,2.09,1.07,956000,1273400.0,2026-09-30,16:14:30
300287,飞利信,3.5,3.59,3.61,3.61,3.45,303491.0,106230000.0,50.23,46.3,-33.99,5.23,2.29,12354100,17995000.0,2026-09-30,16:14:45
300288,朗玛信息,9.64,9.75,9.78,9.79,9.61,30225.0,29260000.0,32.58,24.86,-323.1,3.03,1.17,1122200,1900300.0,2026-09-30,16:14:39
300289,利德曼,6.06,5.91,5.94,6.08,5.89,81328.0,48860000.0,32.97,32.92,-127.53,2.02,1.5,5281400,2851400.0,2026-09-30,16:14:15
300290,ST荣科,6.68,6.85,6.87,7.01,6.66,246587.0,167410000.0,42.73,42.72,-25.15,7.1,3.86,11317800,13340900.0,2026-09-30,16:14:42
300291,百纳千成,4.99,5.09,5.1,5.15,4.91,607566.0,304680000.0,47.0,46.44,-4.35,2.32,6.53,24142100,36614500.0,2026-09-30,16:14:45
300292,吴通控股,4.35,4.42,4.46,4.47,4.33,277768.0,121380000.0,58.37,48.63,44.31,3.88,2.48,9298000,18478800.0,2026-09-30,16:14:18
300293,蓝英装备,13.8,13.89,14.1,14.1,13.79,23386.0,32530000.0,46.7,46.7,-32.17,7.0,0.69,1201200,1137400.0,2026-09-30,16:14:15
300294,博雅生物,14.94,14.34,14.34,14.97,14.31,75258.0,111300000.0,75.33,75.33,-122.59,1.01,1.49,4745600,2780200.0,2026-09-30,16:14:45
300295,*ST三六五,11.98,11.58,11.65,12.06,11.54,21885.0,26000000.0,22.72,20.09,-56.93,2.1,1.31,1232500,956000.0,2026-09-30,16:14:45
300296,利亚德,4.71,4.72,4.75,4.76,4.7,229976.0,108660000.0,127.73,109.32,62.44,1.64,0.99,9191600,13806000.0,2026-09-30,16:14:42
300298,三诺生物,16.3,16.1,16.11,16.43,16.11,34870.0,56830000.0,90.77,73.02,68.08,3.07,0.78,2030400,1456600.0,2026-09-30,16:14:21
300299,富春股份,5.34,5.4,5.41,5.45,5.3,97224.0,51940000.0,36.86,36.82,-109.11,9.29,1.41,4580300,5142100.0,2026-09-30,16:14:30
300300,海峡创新,11.13,10.73,10.99,11.41,10.65,1534341.0,1699510000.0,74.22,74.22,70.28,29.88,23.01,75991000,77443100.0,2026-09-30,16:14:45
300301,ST长方,3.99,3.82,3.82,4.05,3.82,264135.0,104500000.0,33.11,31.52,-23.75,64.69,3.34,16257400,10156100.0,2026-09-30,16:14:21
300302,同有科技,25.68,26.43,26.83,26.89,25.65,107164.0,279180000.0,123.07,95.42,55.04,9.58,2.88,4352700,6363700.0,2026-09-30,16:14:48
300303,聚飞光电,6.36,6.43,6.5,6.52,6.33,264525.0,169860000.0,90.11,84.5,33.85,2.43,1.99,11359000,15093500.0,2026-09-30,16:14:30
300304,云意电气,12.08,12.04,12.0,12.16,11.91,117166.0,141060000.0,106.08,102.99,25.71,3.07,1.37,5950500,5766100.0,2026-09-30,16:14:45
300305,裕兴股份,6.32,6.52,6.52,6.59,6.29,179480.0,114150000.0,23.73,20.32,-10.85,1.25,5.58,7912500,10035600.0,2026-09-30,16:14:48
300306,远方信息,10.4,10.51,10.52,10.62,10.36,22022.0,23040000.0,27.97,16.4,39.81,1.93,1.4,925200,1277000.0,2026-09-30,16:14:27
300307,慈星股份,6.87,6.95,6.96,7.0,6.83,108304.0,74830000.0,55.0,54.11,33.32,1.64,1.38,4345900,6484500.0,2026-09-30,16:14:51
300308,中际旭创,808.44,813.01,821.99,831.59,808.0,157263.0,12847950000.0,9522.69,8973.17,46.56,23.89,1.42,7313800,8412500.0,2026-09-30,16:14:45
300310,宜通世纪,4.23,4.32,4.32,4.34,4.22,125695.0,53510000.0,37.29,34.12,4302.1,2.01,1.56,4999900,7569600.0,2026-09-30,16:14:18
300311,任子行,6.15,6.19,6.29,6.29,5.95,679698.0,415780000.0,41.43,33.05,93.48,6.53,12.65,31406800,36563100.0,2026-09-30,16:14:21
300313,天山生物,12.06,11.88,11.95,12.47,11.91,128395.0,155410000.0,28.92,23.8,-190.73,75.56,6.51,6658300,6181200.0,2026-09-30,16:14:30
300314,戴维医疗,12.86,12.74,12.86,13.29,12.8,80027.0,104180000.0,37.04,18.49,61.56,3.01,5.57,3797100,4205600.0,2026-09-30,16:14:45
300315,掌趣科技,3.94,3.95,3.96,3.97,3.9,319599.0,125670000.0,106.68,106.68,-63.3,2.32,1.18,14728700,17231200.0,2026-09-30,16:14:51
300316,晶盛机电,35.88,38.27,38.48,38.5,35.76,149164.0,546900000.0,469.86,441.88,98.3,2.75,1.21,7063500,7852900.0,2026-09-30,16:14:33
300317,珈伟新能,4.07,4.16,4.21,4.21,4.05,407623.0,167170000.0,33.79,33.74,-18.93,2.39,4.92,13918500,26843800.0,2026-09-30,16:14:30
300318,博晖创新,5.23,5.14,5.13,5.28,5.13,86337.0,45260000.0,42.72,41.76,-48.09,3.36,1.08,4742200,3891500.0,2026-09-30,16:14:54
300319,麦捷科技,18.1,18.85,18.98,19.06,18.05,572608.0,1050800000.0,160.65,154.08,50.52,3.25,6.73,25295400,31965300.0,2026-09-30,16:14:54
300320,海达股份,8.13,8.12,8.17,8.24,8.12,33935.0,27740000.0,48.88,39.56,19.07,1.86,0.7,1730100,1663400.0,2026-09-30,16:14:24
300321,同大股份,32.28,32.85,33.03,33.35,32.02,15918.0,51730000.0,28.66,28.64,396.58,4.51,1.79,800600,791200.0,2026-09-30,16:14:57
300322,硕贝德,15.96,16.45,16.56,16.68,15.88,160249.0,259400000.0,73.42,70.29,130.09,7.12,3.64,6859400,9165500.0,2026-09-30,16:14:45
300323,华灿光电,10.7,10.87,11.05,11.22,10.68,343036.0,373780000.0,173.66,95.35,-54.17,2.63,3.85,14951000,19352600.0,2026-09-30,16:14:00
300324,旋极信息,3.68,3.81,3.79,3.81,3.67,688505.0,255620000.0,63.58,62.93,-13.41,2.69,4.03,22839600,46010900.0,2026-09-30,16:14:21
300326,ST凯利,6.22,6.26,6.22,6.26,6.21,36783.0,22930000.0,44.6,44.58,19.82,1.53,0.51,1417900,2260400.0,2026-09-30,16:14:57
300327,中颖电子,24.77,25.3,25.35,25.45,24.55,63883.0,159080000.0,84.56,83.92,93.85,4.69,1.89,2638100,3750200.0,2026-09-30,16:14:45
300328,宜安科技,11.99,12.18,12.42,12.43,11.9,144153.0,174230000.0,82.78,82.48,-159.55,8.0,2.1,6051500,8363800.0,2026-09-30,16:14:00
300329,海伦钢琴,11.78,11.83,11.9,12.04,11.74,12831.0,15210000.0,29.79,29.68,-25.97,5.19,0.51,584900,698200.0,2026-09-30,16:14:15
300331,苏大维格,42.27,43.2,44.99,45.32,42.12,66006.0,285920000.0,109.76,93.89,19177.9,7.03,2.97,2867400,3733300.0,2026-09-30,16:14:30
300332,天壕能源,4.8,4.79,4.84,4.85,4.79,85399.0,41040000.0,40.69,39.0,-14.67,1.06,1.05,4311700,4228200.0,2026-09-30,16:14:45
300333,兆日科技,11.4,11.39,11.49,11.68,11.16,137116.0,155550000.0,38.3,38.16,131.11,6.23,4.1,6414200,7297400.0,2026-09-30,16:14:30
300334,津膜科技,8.53,8.71,8.64,8.73,8.5,65326.0,56120000.0,25.77,25.76,-63.07,4.79,2.16,3063000,3469600.0,2026-09-30,16:14:36
300335,迪森股份,5.57,5.58,5.59,5.64,5.49,70498.0,39140000.0,26.57,21.4,65.9,1.4,1.84,2889700,4160100.0,2026-09-30,16:14:30
300337,银邦股份,8.91,8.97,9.0,9.07,8.88,68127.0,61050000.0,73.24,63.39,81.91,4.08,0.96,3441500,3371200.0,2026-09-30,16:14:45
300338,*ST开元,2.64,2.71,2.72,2.72,2.6,83719.0,22140000.0,10.63,9.24,-8.25,-7.18,2.39,2578300,5793600.0,2026-09-30,16:14:33
300339,润和软件,33.8,33.77,33.82,34.1,33.45,86270.0,291820000.0,269.19,262.86,224.67,7.35,1.11,4631300,3995600.0,2026-09-30,16:14:27
300340,科恒股份,9.04,9.18,9.13,9.32,8.95,193256.0,175570000.0,24.91,24.72,-16.08,47.72,7.07,8015400,11310100.0,2026-09-30,16:14:30
300341,麦克奥迪,12.77,12.66,12.7,13.07,12.63,40378.0,51920000.0,66.07,65.87,34.71,3.31,0.78,1811000,2226800.0,2026-09-30,16:14:45
300342,天银机电,29.41,29.7,30.28,30.47,29.34,89907.0,269000000.0,125.0,123.63,630.92,7.95,2.14,4448500,4542300.0,2026-09-30,16:14:39
300343,联创股份,5.15,5.17,5.2,5.22,5.15,72637.0,37570000.0,55.02,54.88,98.74,2.78,0.68,2641100,4622600.0,2026-09-30,16:14:42
300344,立方退,0.25,0.25,0.0,0.0,0.0,0.0,0.0,1.6,1.6,-0.83,0.71,0.0,0,0.0,2026-09-30,09:00:00
300345,华民股份,6.4,6.41,6.68,6.78,6.4,272663.0,179130000.0,37.21,30.77,-17.66,10.87,5.67,13644400,13621900.0,2026-09-30,16:14:30
300346,南大光电,49.45,51.39,51.88,51.93,49.3,199999.0,1004370000.0,341.78,327.36,92.94,9.8,3.02,9176000,10823900.0,2026-09-30,16:14:45
300347,泰格医药,58.4,56.47,56.53,59.66,56.2,142423.0,832080000.0,502.84,330.67,550.19,2.58,2.52,7377900,6864500.0,2026-09-30,16:14:36
300348,长亮科技,9.24,9.3,9.31,9.36,9.18,64087.0,59310000.0,75.06,67.49,-1517.07,3.56,0.88,3105000,3303700.0,2026-09-30,16:14:15
300349,金卡智能,10.11,10.21,10.23,10.3,10.1,36029.0,36610000.0,42.18,37.38,19.84,0.94,0.97,1348200,2254700.0,2026-09-30,16:14:30
300350,华鹏飞,4.82,4.76,4.77,4.86,4.68,303367.0,144980000.0,27.09,22.26,-56.54,3.1,6.57,13400200,16936400.0,2026-09-30,16:14:45
300351,永贵电器,13.41,13.57,13.66,13.71,13.37,41679.0,56440000.0,52.15,35.32,-631.89,2.14,1.58,1877800,2290000.0,2026-09-30,16:14:15
300352,ST信源,2.89,2.94,2.99,3.04,2.85,273723.0,79300000.0,41.9,36.96,-11.87,4.44,2.14,10702600,16669700.0,2026-09-30,16:14:39
300353,东土科技,16.66,16.19,16.46,16.82,16.33,102883.0,170980000.0,102.44,90.06,70.47,4.62,1.9,5609700,4678500.0,2026-09-30,16:14:30
300354,东华测试,27.02,27.73,27.8,27.87,26.97,10029.0,27400000.0,37.37,22.54,37.58,4.3,1.2,414600,588300.0,2026-09-30,16:14:45
300355,蒙草生态,2.78,2.76,2.75,2.78,2.73,130861.0,36060000.0,44.6,43.7,-43.52,1.07,0.83,5959500,7126600.0,2026-09-30,16:14:36
300357,我武生物,20.33,19.82,19.84,20.66,19.8,102785.0,209630000.0,106.44,98.68,25.5,3.86,2.12,6103900,4174600.0,2026-09-30,16:14:42
300358,楚天科技,9.83,9.5,9.52,10.0,9.47,406393.0,399870000.0,70.29,69.29,17.05,1.26,5.77,22646400,17992900.0,2026-09-30,16:14:42
300359,全通教育,4.08,4.14,4.2,4.24,4.05,122449.0,50190000.0,25.84,25.84,-32.91,5.26,1.93,5596100,6648800.0,2026-09-30,16:14:45
300360,炬华科技,11.04,10.9,11.0,11.13,10.92,30890.0,34070000.0,56.77,55.26,14.23,1.36,0.62,1723000,1366000.0,2026-09-30,16:14:45
300363,博腾股份,24.56,23.59,23.72,24.87,23.47,227345.0,553880000.0,133.47,122.28,-86.15,2.69,4.57,12046500,10688000.0,2026-09-30,16:14:45
300364,中文在线,23.37,23.96,23.98,24.3,23.11,469438.0,1104910000.0,170.25,154.5,-34.92,64.63,7.1,19993400,26950500.0,2026-09-30,16:14:30
300365,恒华科技,4.54,4.56,4.56,4.59,4.48,73647.0,33340000.0,27.23,23.23,-10.25,1.74,1.44,3187700,4177000.0,2026-09-30,16:14:48
300366,ST创意,5.56,5.58,5.54,5.6,5.49,47006.0,26050000.0,33.78,28.09,-5.27,3.11,0.93,1579800,3120800.0,2026-09-30,16:14:48
300368,汇金股份,9.13,9.43,9.55,9.55,8.92,335194.0,306520000.0,48.29,48.29,-30.73,140.14,6.34,15231500,18287900.0,2026-09-30,16:14:21
300369,绿盟科技,9.26,9.1,9.06,9.58,8.62,1001212.0,909660000.0,75.06,74.83,-2700.8,2.95,12.39,49556900,50564200.0,2026-09-30,16:14:51
300370,安控科技,2.13,2.14,2.14,2.15,2.09,209327.0,44330000.0,33.34,33.26,-23.95,8.15,1.34,9850300,11082400.0,2026-09-30,16:14:45
300371,汇中股份,10.12,10.24,10.26,10.35,10.07,19650.0,19990000.0,20.36,14.17,50.34,1.76,1.4,869100,1095900.0,2026-09-30,16:14:54
300373,扬杰科技,84.46,86.0,86.6,86.7,84.06,58356.0,496800000.0,458.91,457.89,32.14,4.58,1.08,2364800,3470800.0,2026-09-30,16:14:57
300374,中铁装配,10.14,10.15,10.24,10.25,9.94,39014.0,39380000.0,24.94,24.93,-18.81,3.59,1.59,1851200,2050200.0,2026-09-30,16:14:30
300375,鹏翎股份,4.09,4.11,4.13,4.16,4.08,62954.0,25920000.0,31.25,21.78,-15.55,1.5,1.18,2682900,3612500.0,2026-09-30,16:14:45
300376,易事特,4.1,4.08,4.08,4.14,4.07,109010.0,44790000.0,95.46,95.42,-45.77,1.51,0.47,5709100,5191900.0,2026-09-30,16:14:51
300377,赢时胜,13.07,13.43,13.56,13.64,13.05,165540.0,218410000.0,98.16,91.63,-3181.67,4.06,2.36,6596800,9957300.0,2026-09-30,16:14:15
300378,鼎捷数智,37.64,38.29,38.79,38.79,37.51,106442.0,403500000.0,102.21,101.45,33.31,4.13,3.95,4983600,5660700.0,2026-09-30,16:14:30
300379,东通退,1.72,1.72,0.0,0.0,0.0,0.0,0.0,9.6,9.06,-2.02,0.31,0.0,0,0.0,2026-09-30,09:00:00
300380,安硕信息,27.28,27.75,27.75,27.99,27.28,11961.0,32880000.0,44.5,34.67,134.76,4.47,0.94,464500,731600.0,2026-09-30,16:14:48
300381,溢多利,5.69,5.72,5.76,5.78,5.67,61382.0,35120000.0,27.32,27.22,-70.7,1.08,1.28,2660900,3477300.0,2026-09-30,16:14:39
300382,斯莱克,14.0,14.76,14.95,14.98,13.95,245493.0,351720000.0,90.78,90.77,-75.24,4.08,3.79,10118200,14431000.0,2026-09-30,16:14:24
300383,光环新网,10.75,10.88,10.95,10.99,10.75,228829.0,247570000.0,193.24,192.97,-23.76,1.63,1.27,9691900,13191000.0,2026-09-30,16:14:30
300384,三联虹普,12.01,11.87,11.92,12.04,11.72,26899.0,31930000.0,38.31,26.47,24.31,1.36,1.22,1401300,1288700.0,2026-09-30,16:14:45
300385,ST雪浪,13.03,13.03,13.12,13.29,13.01,23183.0,30410000.0,43.41,39.25,-19.6,-74.35,0.77,1010900,1307400.0,2026-09-30,16:14:27
300386,飞天诚信,10.65,10.78,10.77,10.85,10.59,38862.0,41440000.0,44.52,27.39,-73.14,3.18,1.51,1866400,2019800.0,2026-09-30,16:14:21
300387,富邦科技,7.43,7.45,7.47,7.51,7.36,32540.0,24190000.0,21.48,21.47,40.39,1.48,1.13,1630100,1623900.0,2026-09-30,16:14:30
300388,节能国祯,6.71,6.67,6.71,6.75,6.65,32766.0,21950000.0,45.7,45.7,12.11,0.93,0.48,1354600,1922000.0,2026-09-30,16:14:51
300389,艾比森,12.85,12.93,12.92,13.13,12.8,34513.0,44700000.0,47.43,35.28,16.92,2.65,1.26,1311300,2140000.0,2026-09-30,16:14:45
300390,天华新能,49.09,49.05,49.1,49.98,48.2,167112.0,821050000.0,407.82,349.27,14.64,2.97,2.35,8878400,7832800.0,2026-09-30,16:14:24
300391,长药退,0.19,0.19,0.0,0.0,0.0,0.0,0.0,0.67,0.67,-0.1,-0.1,0.0,0,0.0,2026-09-30,09:00:00
300393,中来股份,5.9,5.91,5.97,5.97,5.87,106287.0,62870000.0,64.29,55.7,-4.15,3.55,1.13,5794000,4834700.0,2026-09-30,16:14:30
300394,天孚通信,260.77,255.99,256.01,266.85,253.16,294324.0,7708340000.0,2844.54,2838.19,122.49,49.88,2.7,15147400,14285000.0,2026-09-30,16:14:45
300395,菲利华,94.92,92.7,96.39,97.79,94.77,211580.0,2036280000.0,499.02,486.25,96.66,9.69,4.13,10718400,10439500.0,2026-09-30,16:14:48
300396,ST迪瑞,7.08,7.02,7.02,7.14,6.98,12434.0,8770000.0,19.31,19.28,-9.19,1.25,0.46,597700,645700.0,2026-09-30,16:14:51
300397,天和防务,10.95,11.24,11.38,11.38,10.92,178543.0,198670000.0,56.68,44.69,-100.48,4.02,4.37,7795800,10058500.0,2026-09-30,16:14:54
300398,飞凯材料,33.92,34.94,35.24,35.6,33.43,223182.0,766120000.0,193.36,192.4,43.87,3.72,3.93,10923200,11394900.0,2026-09-30,16:14:45
300399,天利科技,19.12,19.47,19.47,19.76,19.09,25977.0,49990000.0,37.78,37.78,2923.19,7.45,1.31,1266900,1330800.0,2026-09-30,16:14:15
300400,劲拓股份,32.2,33.36,33.42,33.8,32.16,57948.0,189460000.0,78.35,78.09,88.96,10.57,2.39,2801400,2993400.0,2026-09-30,16:14:54
300401,花园生物,15.41,15.33,15.33,15.63,15.29,148939.0,230110000.0,83.96,82.6,30.5,2.53,2.78,6910700,7983200.0,2026-09-30,16:14:30
300402,宝色股份,14.51,14.59,14.66,14.73,14.47,10960.0,15970000.0,35.81,35.35,71.18,2.36,0.45,534500,561500.0,2026-09-30,16:14:45
300403,汉宇集团,8.83,8.7,8.73,8.85,8.67,58322.0,51110000.0,53.24,38.69,25.6,2.45,1.33,3350800,2481400.0,2026-09-30,16:14:57
300404,博济医药,14.73,14.5,14.63,15.18,14.15,506992.0,751070000.0,56.82,42.06,109.01,5.24,17.76,25660300,25038900.0,2026-09-30,16:14:21
300405,科隆股份,5.86,5.95,5.97,6.05,5.81,62238.0,36660000.0,16.66,12.82,-55.53,4.07,2.84,2889100,3334700.0,2026-09-30,16:14:30
300406,九强生物,11.94,11.77,11.82,12.04,11.76,51660.0,61810000.0,69.99,50.66,31.11,2.09,1.22,3043800,2122200.0,2026-09-30,16:14:54
300407,凯发电气,10.58,10.55,10.61,10.79,10.55,23744.0,25200000.0,36.65,27.06,55.97,1.71,0.93,1097200,1277200.0,2026-09-30,16:14:00
300408,三环集团,117.33,118.63,119.49,120.99,117.0,216380.0,2566680000.0,2342.75,2193.84,70.71,10.35,1.16,10228100,11409900.0,2026-09-30,16:14:27
300409,道氏技术,16.96,16.75,16.9,17.2,16.68,162982.0,276940000.0,132.67,118.08,23.42,1.64,2.34,8175600,8122600.0,2026-09-30,16:14:39
300410,正业科技,8.5,8.82,8.87,8.9,8.48,187127.0,161600000.0,31.2,31.2,74.26,10.97,5.1,7349500,11363200.0,2026-09-30,16:14:57
300411,金盾股份,8.24,8.45,8.45,8.5,8.2,63353.0,52800000.0,33.5,25.47,19571.05,3.47,2.05,2726700,3608600.0,2026-09-30,16:14:27
300412,迦南科技,4.54,4.56,4.58,4.63,4.54,57609.0,26370000.0,22.6,21.24,111.84,2.21,1.23,2762300,2998600.0,2026-09-30,16:14:15
300413,芒果超媒,21.0,19.8,19.7,21.45,19.61,1101479.0,2268780000.0,392.85,214.56,59.04,1.7,10.78,58022300,52125600.0,2026-09-30,16:14:57
300414,中光防雷,10.49,10.65,10.86,10.86,10.46,43056.0,45560000.0,34.2,33.11,182.36,3.43,1.36,1726900,2578800.0,2026-09-30,16:14:45
300415,伊之密,18.81,18.99,18.95,19.18,18.81,28700.0,54510000.0,88.14,85.48,12.88,2.66,0.63,1315700,1554300.0,2026-09-30,16:14:30
300416,苏试试验,13.5,13.67,13.75,13.79,13.47,71655.0,97330000.0,68.65,68.19,25.46,2.43,1.42,2844900,4320600.0,2026-09-30,16:14:33
300417,南华仪器,12.04,12.24,12.28,12.6,12.01,25945.0,31660000.0,16.2,10.56,-4595.47,3.62,2.96,1145800,1448700.0,2026-09-30,16:14:30
300418,昆仑万维,40.08,40.95,41.0,41.48,40.0,281156.0,1136910000.0,515.04,470.72,146.81,3.48,2.39,11489700,16625900.0,2026-09-30,16:14:45
300419,ST浩丰,7.96,7.9,7.91,7.98,7.77,51393.0,40500000.0,29.27,29.27,-24.28,9.17,1.4,1917300,3222000.0,2026-09-30,16:14:00
300420,五洋自控,7.15,7.4,7.42,7.49,7.12,415141.0,299950000.0,79.82,79.81,384.4,3.36,3.72,16245000,25269100.0,2026-09-30,16:14:15
300421,力星股份,16.78,16.9,17.09,17.35,16.7,45385.0,76940000.0,49.34,39.17,93.32,3.91,1.94,2129800,2408700.0,2026-09-30,16:14:30
300422,博世科,4.1,4.13,4.17,4.18,4.04,67343.0,27560000.0,21.89,21.19,-3.17,1.97,1.3,2762100,3972100.0,2026-09-30,16:14:45
300423,昇辉科技,5.4,5.41,5.45,5.48,5.35,56943.0,30720000.0,26.87,18.0,-9.94,2.5,1.71,2784400,2909900.0,2026-09-30,16:14:06
300424,航新科技,12.78,13.09,13.2,13.23,12.74,96643.0,124560000.0,32.8,32.78,-41.7,4.55,3.77,4004400,5659900.0,2026-09-30,16:14:15
300425,中建环能,4.05,4.07,4.09,4.1,4.03,51305.0,20840000.0,27.63,27.57,227.45,1.17,0.75,1969800,3160700.0,2026-09-30,16:14:30
300426,华智数媒,7.57,7.6,7.61,7.68,7.4,193576.0,146370000.0,34.09,30.28,-11.78,22.16,4.84,9214200,10143500.0,2026-09-30,16:14:45
300427,红相股份,6.09,6.1,6.15,6.23,6.05,220639.0,135300000.0,30.97,30.63,-56.7,2.6,4.39,8838800,13225100.0,2026-09-30,16:14:12
300428,立中集团,19.2,19.25,19.29,19.46,19.16,41116.0,79380000.0,131.63,115.82,12.4,1.44,0.68,2272700,1838800.0,2026-09-30,16:14:48
300429,强力新材,10.66,10.96,11.08,11.1,10.6,125861.0,135940000.0,59.21,44.54,-34.31,3.14,3.01,5292800,7293300.0,2026-09-30,16:14:51
300430,*ST益通,4.15,4.33,4.36,4.37,4.14,126724.0,53270000.0,11.33,10.78,-1.18,0.86,4.88,4471300,8201100.0,2026-09-30,16:14:45
300432,富临精工,12.93,12.81,12.8,13.16,12.74,234153.0,303440000.0,221.07,218.83,41.32,4.59,1.38,11311600,12103700.0,2026-09-30,16:14:39
300433,蓝思科技,32.31,31.46,31.58,32.46,31.55,561604.0,1802870000.0,1705.56,1599.94,49.41,3.23,1.13,30955000,25205400.0,2026-09-30,16:14:15
300434,金石亚药,12.92,12.39,12.46,13.25,12.32,432691.0,560100000.0,51.91,44.36,32.17,1.99,12.6,22603100,20666100.0,2026-09-30,16:14:30
300435,中泰股份,15.63,15.42,15.6,15.98,15.52,52875.0,83230000.0,60.29,57.66,13.51,1.74,1.43,2720500,2567000.0,2026-09-30,16:14:45
300436,广生堂,83.68,82.78,83.22,84.2,82.85,22154.0,185390000.0,140.6,114.41,-64.12,15.3,1.62,1159500,1055900.0,2026-09-30,16:14:42
300437,清水源,10.65,10.7,10.67,10.87,10.63,42116.0,45090000.0,26.11,18.5,-157.56,1.89,2.42,2064500,2147100.0,2026-09-30,16:14:15
300438,鹏辉能源,49.07,47.63,47.5,49.64,47.19,204938.0,997690000.0,246.99,198.32,22.24,3.93,5.07,10083500,10410300.0,2026-09-30,16:14:30
300439,美康生物,10.25,10.14,10.1,10.37,10.1,40925.0,42130000.0,39.34,29.96,57.59,1.31,1.4,2357400,1735100.0,2026-09-30,16:14:54
300440,运达科技,16.58,16.41,16.41,16.98,16.29,60549.0,100720000.0,73.27,72.94,119.29,4.39,1.38,2773200,3281700.0,2026-09-30,16:14:18
300441,鲍斯股份,7.07,7.07,7.12,7.13,7.02,23252.0,16460000.0,45.56,44.47,25.65,1.78,0.37,1065400,1259800.0,2026-09-30,16:14:45
300442,润泽科技,64.02,65.76,66.93,66.99,63.95,185500.0,1199100000.0,1050.6,1047.51,19.56,7.62,1.13,8486800,10063200.0,2026-09-30,16:14:33
300443,金雷股份,20.92,20.88,20.58,21.36,20.39,105482.0,219560000.0,66.97,50.65,24.85,1.05,4.36,4642000,5906300.0,2026-09-30,16:14:57
300444,双杰电气,8.45,8.45,8.55,8.6,8.41,98199.0,83510000.0,67.99,53.02,21.51,3.34,1.57,4586700,5233200.0,2026-09-30,16:14:36
300445,康斯特,18.42,18.75,18.8,18.88,18.33,17379.0,32230000.0,39.13,25.71,31.23,2.94,1.25,802100,935800.0,2026-09-30,16:14:39
300446,航天智造,12.38,12.38,12.45,12.5,12.27,36300.0,44980000.0,104.66,103.54,14.29,1.78,0.43,1939700,1690400.0,2026-09-30,16:14:30
300447,全信股份,14.27,13.98,13.96,14.35,13.8,48303.0,68140000.0,44.57,28.75,131.8,2.22,2.4,2353900,2476400.0,2026-09-30,16:14:48
300448,浩云科技,5.41,5.51,5.5,5.56,5.36,112709.0,61180000.0,36.6,34.57,-133.7,3.09,1.76,4862100,6408800.0,2026-09-30,16:14:18
300449,汉邦高科,6.85,6.57,6.65,6.9,6.52,154972.0,104050000.0,26.44,26.44,-39.1,9.86,4.01,8696000,6801200.0,2026-09-30,16:14:21
300450,先导智能,34.94,33.76,33.16,35.37,32.7,1191254.0,4096900000.0,584.97,544.86,32.87,3.25,7.64,58490400,60634900.0,2026-09-30,16:14:30
300451,创业慧康,3.49,3.51,3.5,3.54,3.46,170149.0,59450000.0,54.06,53.44,-10.43,1.42,1.11,6850100,10164800.0,2026-09-30,16:14:45
300452,山河药辅,13.26,13.13,13.15,13.31,13.11,35237.0,46730000.0,31.09,26.34,17.3,3.09,1.77,1779000,1744700.0,2026-09-30,16:14:03
300453,三鑫医疗,9.05,9.03,9.06,9.11,8.98,47249.0,42680000.0,47.25,33.02,16.76,3.28,1.3,2442400,2282500.0,2026-09-30,16:14:42
300454,深信服,137.42,140.7,140.52,141.26,137.18,97824.0,1356950000.0,593.05,395.77,69.63,5.36,3.4,4524800,5257600.0,2026-09-30,16:14:51
300455,航天智装,16.16,16.4,16.46,16.6,16.15,39054.0,63560000.0,115.99,114.21,-503.24,6.95,0.55,1677500,2227900.0,2026-09-30,16:14:45
300456,赛微电子,35.88,36.38,37.0,37.87,35.8,284236.0,1043790000.0,262.72,214.41,6.29,2.91,4.76,12411100,16012500.0,2026-09-30,16:14:24
300457,赢合科技,21.36,21.1,21.25,21.74,20.9,150495.0,321910000.0,137.79,137.48,22.3,1.94,2.34,7744000,7305400.0,2026-09-30,16:14:15
300458,全志科技,32.18,32.43,32.62,32.8,32.0,186452.0,603300000.0,319.75,261.99,54.09,9.18,2.29,8993100,9652200.0,2026-09-30,16:14:30
300459,汤姆猫,3.49,3.53,3.52,3.54,3.46,455211.0,159100000.0,122.7,114.67,-10.93,15.89,1.39,18938600,26582400.0,2026-09-30,16:14:54
300460,ST惠伦,8.91,9.08,9.1,9.18,8.89,37416.0,33600000.0,25.02,25.02,-18.15,5.82,1.33,1214500,2527100.0,2026-09-30,16:14:24
300461,田中精机,37.35,37.11,37.11,39.2,36.43,105920.0,397720000.0,58.84,54.05,336.9,10.48,7.32,5127600,5464400.0,2026-09-30,16:14:57
300462,ST华铭,11.38,11.33,11.21,11.49,11.21,8202.0,9270000.0,20.62,15.71,-27.6,1.52,0.59,372100,448100.0,2026-09-30,16:14:45
300463,迈克生物,9.53,9.33,9.34,9.55,9.31,62003.0,58910000.0,57.62,46.85,-161.81,0.91,1.26,3841100,2359200.0,2026-09-30,16:14:45
300464,星徽股份,10.1,10.63,10.65,10.77,10.03,225283.0,233760000.0,47.2,35.87,226.54,31.55,6.34,10474800,12053500.0,2026-09-30,16:14:03
300465,高伟达,11.0,11.14,11.19,11.22,10.9,51992.0,57270000.0,48.81,48.81,202.89,7.05,1.17,2010900,3188300.0,2026-09-30,16:14:30
300466,赛摩智能,7.22,7.23,7.29,7.3,7.16,51906.0,37520000.0,38.67,33.25,-252.48,5.52,1.13,2063100,3127500.0,2026-09-30,16:14:30
300467,迅游科技,32.29,32.4,32.4,32.97,32.2,16746.0,54340000.0,65.61,53.96,276.29,10.07,1.0,690800,983800.0,2026-09-30,16:14:45
300468,四方精创,20.51,20.72,20.9,21.08,20.46,140009.0,288680000.0,108.84,108.7,163.22,6.62,2.64,6610100,7390800.0,2026-09-30,16:14:30
300469,信息发展,49.22,49.65,49.66,50.0,48.8,35097.0,173240000.0,122.18,122.12,-69.25,61.43,1.41,1535900,1973800.0,2026-09-30,16:14:15
300470,中密控股,27.14,27.02,27.04,27.2,26.97,8288.0,22440000.0,56.43,53.56,16.96,1.92,0.42,390400,438400.0,2026-09-30,16:14:33
300471,厚普股份,9.84,9.9,9.92,10.01,9.8,32459.0,32070000.0,46.26,36.88,41.78,2.8,0.87,1484800,1761100.0,2026-09-30,16:14:45
300472,ST新元,6.78,6.65,6.62,6.82,6.61,23342.0,15660000.0,18.66,17.41,-6.07,151.26,0.91,1536200,798000.0,2026-09-30,16:14:48
300473,德尔股份,36.75,38.31,38.18,38.3,35.02,162068.0,590510000.0,63.45,56.27,36.3,3.25,10.58,7745100,8461800.0,2026-09-30,16:14:15
300474,景嘉微,50.71,51.5,51.83,51.96,50.51,54509.0,278380000.0,265.02,206.13,-143.29,3.91,1.34,2427100,3023800.0,2026-09-30,16:14:30
300475,香农芯创,153.24,160.2,161.15,161.78,152.6,165453.0,2566300000.0,719.53,687.28,17.86,10.08,3.69,7381700,9163600.0,2026-09-30,16:14:45
300476,胜宏科技,210.3,216.76,217.66,219.29,208.43,195198.0,4132500000.0,2066.8,1819.5,41.12,5.45,2.26,8834900,10684900.0,2026-09-30,16:14:18
300477,ST合纵,2.76,2.65,2.65,2.79,2.65,302432.0,82880000.0,29.59,27.48,-3.17,1213.67,3.04,19092700,11150500.0,2026-09-30,16:14:21
300478,杭州高新,30.7,32.44,32.78,32.78,30.5,44058.0,137630000.0,38.89,38.89,-116.65,71.81,3.48,2137400,2268400.0,2026-09-30,16:14:30
300479,神思电子,14.58,14.93,15.04,15.08,14.55,28792.0,42430000.0,28.73,28.71,64.57,5.4,1.46,1558000,1321200.0,2026-09-30,16:14:45
300480,光力科技,29.76,30.05,30.55,31.99,29.74,127821.0,393960000.0,110.18,77.08,123.42,6.14,4.94,5457600,7324500.0,2026-09-30,16:14:09
300481,濮阳惠成,13.31,13.52,13.58,13.72,13.26,68711.0,92520000.0,38.85,38.61,31.6,1.64,2.37,2484700,4386400.0,2026-09-30,16:14:39
300482,万孚生物,16.76,16.32,16.36,16.84,16.33,63489.0,105960000.0,78.46,71.94,-60.49,1.47,1.48,4058600,2290300.0,2026-09-30,16:14:30
300483,首华燃气,22.89,22.77,22.62,23.04,22.44,64490.0,146990000.0,88.15,88.02,25.35,2.26,1.68,3339800,3109100.0,2026-09-30,16:14:45
300484,蓝海华腾,13.02,13.12,13.15,13.5,12.96,43047.0,56850000.0,26.97,22.37,97.53,4.01,2.51,2026200,2278500.0,2026-09-30,16:14:27
300485,赛升药业,8.65,8.47,8.5,8.74,8.44,49927.0,43190000.0,41.66,23.69,-23.55,1.3,1.82,2771300,2221400.0,2026-09-30,16:14:51
300486,东杰智能,17.14,17.37,17.4,17.51,17.13,33124.0,57170000.0,81.78,81.76,317.05,4.82,0.69,1405900,1906500.0,2026-09-30,16:14:54
300487,蓝晓科技,67.03,66.95,67.38,67.88,66.57,20352.0,136930000.0,341.28,206.47,39.09,7.56,0.66,1151400,883700.0,2026-09-30,16:14:45
300488,恒锋工具,35.63,36.04,36.34,36.7,35.5,37313.0,134650000.0,68.13,57.81,33.95,3.1,2.3,1773600,1957700.0,2026-09-30,16:14:42
300489,光智科技,278.35,256.9,265.0,292.96,263.08,139183.0,3887790000.0,387.35,383.63,-583.25,49.79,10.1,7244300,6674000.0,2026-09-30,16:14:33
300490,华自科技,10.78,10.65,10.69,10.94,10.56,134569.0,145110000.0,42.98,42.35,-776.27,1.91,3.43,6187400,7269500.0,2026-09-30,16:14:30
300491,通合科技,35.16,35.59,35.8,35.91,34.55,73829.0,259370000.0,62.47,55.41,242.51,5.16,4.68,3304400,4078500.0,2026-09-30,16:14:45
300492,华图山鼎,20.45,20.61,20.98,21.07,20.37,25375.0,52300000.0,56.3,56.3,93.43,27.48,0.92,1249800,1287700.0,2026-09-30,16:14:24
300493,润欣科技,12.48,12.89,12.97,12.97,12.45,85494.0,107930000.0,63.96,63.91,89.43,5.35,1.67,3726500,4822900.0,2026-09-30,16:14:30
300494,盛天网络,8.02,7.98,8.01,8.11,7.91,67423.0,54140000.0,39.34,31.95,-26.52,2.97,1.69,4244500,2497800.0,2026-09-30,16:14:30
300496,中科创达,52.9,53.24,53.5,53.64,52.82,45843.0,243270000.0,244.25,195.48,45.46,2.31,1.24,1941700,2642600.0,2026-09-30,16:14:45
300497,富祥股份,17.86,17.61,17.75,18.24,17.41,300664.0,538630000.0,96.2,81.49,74.67,4.12,6.59,14311300,15755100.0,2026-09-30,16:14:24
300498,温氏股份,15.12,15.08,15.06,15.23,14.97,216010.0,326540000.0,1006.07,899.02,-39.08,2.87,0.36,12290500,9310600.0,2026-09-30,16:14:48
300499,高澜股份,31.41,33.48,33.61,33.8,31.32,209841.0,676160000.0,95.88,85.35,307.46,6.93,7.72,10051000,10933000.0,2026-09-30,16:14:30
300500,启迪设计,9.77,10.01,10.01,10.09,9.6,48023.0,46920000.0,17.0,16.37,-20.89,1.68,2.87,2248500,2553800.0,2026-09-30,16:14:45
300501,海顺新材,11.05,10.9,11.07,11.31,10.68,188587.0,208410000.0,30.74,30.63,-46.41,2.4,6.8,9089000,9769700.0,2026-09-30,16:14:36
300502,新易盛,389.0,392.91,397.98,403.99,387.01,243948.0,9604020000.0,5425.53,4880.88,41.36,22.33,1.94,11972600,12422100.0,2026-09-30,16:14:30
300503,昊志机电,60.95,61.5,62.51,63.72,60.93,71605.0,443800000.0,189.36,148.28,65.7,11.82,2.94,3446400,3714100.0,2026-09-30,16:14:36
300504,天邑股份,16.71,17.44,17.57,17.74,16.62,71186.0,121120000.0,45.29,36.8,-635.7,2.04,3.23,2995900,4122700.0,2026-09-30,16:14:51
300505,川金诺,18.02,18.43,18.72,18.82,17.97,100465.0,184760000.0,49.53,39.16,12.38,1.69,4.62,4606800,5439800.0,2026-09-30,16:14:54
300506,名家汇,4.78,4.7,4.72,4.79,4.62,101370.0,47650000.0,68.14,36.38,-338.42,5.06,1.33,5402600,4734400.0,2026-09-30,16:14:39
300507,苏奥传感,6.24,6.29,6.32,6.39,6.22,55633.0,34970000.0,50.17,48.57,52.78,2.32,0.71,2588900,2974400.0,2026-09-30,16:14:57
300508,维宏股份,36.15,36.81,37.0,37.64,36.02,18467.0,67770000.0,39.66,29.93,61.41,4.53,2.23,859700,987000.0,2026-09-30,16:14:45
300509,新美星,8.77,9.03,9.01,9.14,8.73,73276.0,64990000.0,25.99,21.67,18.88,3.89,2.97,3055000,4272500.0,2026-09-30,16:14:42
300510,金冠股份,3.42,3.48,3.5,3.5,3.41,158782.0,54750000.0,28.2,28.2,-7.92,1.5,1.93,6136900,9741300.0,2026-09-30,16:14:33
300511,雪榕生物,4.87,4.75,4.76,4.88,4.76,166544.0,80380000.0,31.21,27.74,20.78,1.91,2.92,10127500,6526900.0,2026-09-30,16:14:42
300512,中亚股份,7.44,7.54,7.57,7.61,7.41,29730.0,22270000.0,30.45,24.28,103.89,1.85,0.91,1359800,1613200.0,2026-09-30,16:14:45
300513,恒实科技,7.4,7.48,7.48,7.56,7.36,33790.0,25120000.0,23.21,23.2,-3.63,4.47,1.08,1597700,1781300.0,2026-09-30,16:14:45
300514,友讯达,10.15,10.23,10.28,10.47,10.11,21278.0,21740000.0,20.3,16.27,-61769.72,2.22,1.33,1096200,1031600.0,2026-09-30,16:14:57
300515,三德科技,16.13,16.25,16.2,16.54,16.1,36828.0,59860000.0,33.19,32.6,15.81,3.53,1.82,1784800,1898100.0,2026-09-30,16:14:33
300516,久之洋,34.0,34.04,34.34,36.36,34.0,57179.0,200100000.0,85.68,85.68,300.6,6.56,2.27,2556500,3161500.0,2026-09-30,16:14:48
300517,海波重科,11.44,11.41,11.42,11.63,11.37,32445.0,37290000.0,22.93,14.44,-242.92,2.26,2.57,1632000,1612500.0,2026-09-30,16:14:00
300518,新迅达,25.93,26.66,26.61,27.19,25.79,84353.0,222440000.0,51.71,51.7,-34.91,8.36,4.23,3302900,5132400.0,2026-09-30,16:14:15
300519,新光药业,14.82,14.78,14.81,15.05,14.73,28724.0,42800000.0,23.71,16.91,38.24,2.86,2.52,1594900,1277500.0,2026-09-30,16:14:51
300520,科大国创,22.57,22.94,23.36,23.46,22.5,82865.0,188660000.0,65.91,63.7,-28.95,4.01,2.94,3489000,4797500.0,2026-09-30,16:14:45
300521,爱司凯,24.35,24.36,24.46,24.77,24.02,15451.0,37670000.0,36.46,35.97,-202.94,6.98,1.05,689200,855900.0,2026-09-30,16:14:36
300522,世名科技,13.8,14.63,14.69,14.93,13.73,139675.0,197710000.0,44.5,36.39,664.1,5.72,5.3,5568100,8399400.0,2026-09-30,16:14:39
300523,辰安科技,23.22,23.2,23.0,24.0,22.4,74594.0,171790000.0,54.02,54.02,-26.17,5.81,3.21,3436300,4023100.0,2026-09-30,16:14:30
300525,博思软件,7.68,7.78,7.78,7.82,7.65,66077.0,50910000.0,57.73,47.26,34.47,2.38,1.07,3036600,3571100.0,2026-09-30,16:14:45
300527,中船应急,7.89,7.99,8.18,8.32,7.88,247146.0,200240000.0,80.22,80.22,294.68,2.74,2.43,11867100,12847500.0,2026-09-30,16:14:45
300528,幸福蓝海,13.05,13.49,13.5,13.6,13.02,105227.0,138550000.0,48.63,48.63,-24.44,14.21,2.82,4313300,6209500.0,2026-09-30,16:14:39
300529,健帆生物,15.27,14.93,14.93,15.32,14.93,46905.0,71160000.0,121.95,78.24,23.23,3.65,0.92,2834100,1856500.0,2026-09-30,16:14:45
300530,领湃科技,20.07,19.41,18.9,20.38,18.73,82889.0,163520000.0,34.51,34.51,-50.45,39.46,4.82,4303100,3985800.0,2026-09-30,16:14:48
300531,优博讯,15.25,15.19,15.24,15.37,15.08,51933.0,79050000.0,48.96,47.52,36.54,3.34,1.67,2540900,2652400.0,2026-09-30,16:14:06
300532,今天国际,7.34,7.43,7.44,7.47,7.31,62841.0,46320000.0,46.66,44.38,25.97,2.54,1.04,2853600,3430500.0,2026-09-30,16:14:42
300533,冰川网络,13.9,13.87,13.89,13.94,13.76,24694.0,34250000.0,45.63,32.11,36.5,3.58,1.07,1151400,1318000.0,2026-09-30,16:14:30
300534,陇神戎发,12.58,12.63,12.82,13.3,12.52,383700.0,491200000.0,38.16,38.0,110.44,5.33,12.7,19349300,19020700.0,2026-09-30,16:14:51
300535,达威股份,15.87,15.94,15.98,16.13,15.66,16448.0,26090000.0,16.98,12.88,131.51,1.79,2.03,854300,790500.0,2026-09-30,16:14:54
300536,农尚环境,8.07,8.1,8.17,8.38,8.05,57515.0,47130000.0,23.67,23.67,-9.69,8.85,1.96,2792000,2959500.0,2026-09-30,16:14:15
300537,广信材料,19.75,20.32,20.53,20.7,19.62,56651.0,113540000.0,40.92,29.97,273.06,4.5,3.73,2482400,3182700.0,2026-09-30,16:14:54
300538,同益股份,14.3,14.46,14.72,14.75,14.02,29321.0,41780000.0,26.01,17.51,-41.38,2.93,2.39,1454200,1477900.0,2026-09-30,16:14:57
300539,横河精密,17.4,17.53,17.58,17.88,17.33,44433.0,78150000.0,46.75,38.01,101.88,4.06,2.03,2086600,2356700.0,2026-09-30,16:14:12
300540,蜀道装备,24.69,25.07,25.5,25.5,24.59,52764.0,131220000.0,56.19,51.04,66.94,4.86,2.55,2158400,3118000.0,2026-09-30,16:14:48
300541,先进数通,9.27,9.36,9.43,9.46,9.24,32898.0,30610000.0,39.87,35.97,95.06,2.36,0.85,1478700,1811100.0,2026-09-30,16:14:30
300542,新晨科技,12.19,12.35,12.35,12.46,12.09,27242.0,33250000.0,36.39,30.71,-365.84,6.73,1.08,1243600,1480600.0,2026-09-30,16:14:45
300543,朗科智能,7.77,7.92,7.99,7.99,7.75,42097.0,32960000.0,23.81,19.44,-55.11,1.72,1.68,1999900,2209800.0,2026-09-30,16:14:51
300545,联得装备,26.21,26.88,26.98,27.45,26.12,68520.0,182630000.0,48.81,32.54,53.85,2.22,5.52,2935600,3916400.0,2026-09-30,16:14:15
300546,雄帝科技,16.74,16.78,16.83,16.92,16.56,20311.0,33960000.0,31.41,23.1,275.81,2.79,1.47,960300,1070800.0,2026-09-30,16:14:30
300547,川环科技,23.2,23.72,23.72,23.97,23.1,33599.0,78700000.0,50.32,41.41,27.88,3.7,1.88,1444200,1915700.0,2026-09-30,16:14:45
300548,长芯博创,219.83,218.03,223.01,230.55,219.36,112721.0,2527290000.0,648.13,646.82,132.8,31.01,3.83,5489800,5782300.0,2026-09-30,16:14:48
300549,优德精密,14.87,15.15,15.25,15.34,14.86,15717.0,23590000.0,19.83,15.18,297.83,3.62,1.54,800000,771700.0,2026-09-30,16:14:57
300550,和仁科技,13.84,14.02,14.02,14.48,13.81,27751.0,38960000.0,36.34,36.3,185.55,3.27,1.06,1101400,1673800.0,2026-09-30,16:14:30
300551,古鳌科技,11.7,11.91,11.95,12.0,11.55,55649.0,65180000.0,39.79,38.3,23.65,6.2,1.7,2557400,3007500.0,2026-09-30,16:14:45
300552,万集科技,20.08,20.15,20.23,20.42,20.05,25768.0,52000000.0,42.8,27.7,-37.91,2.47,1.87,1201200,1375600.0,2026-09-30,16:14:15
300553,集智股份,56.35,59.55,57.82,61.98,56.26,37950.0,220900000.0,62.56,47.95,-2396.41,7.4,4.46,1834100,1960900.0,2026-09-30,16:14:21
300554,三超新材,22.5,22.96,23.07,23.44,22.34,45734.0,104430000.0,25.7,19.77,-16.51,5.25,5.2,2388600,2184800.0,2026-09-30,16:14:51
300555,ST路通,12.28,12.18,12.14,12.37,12.13,11296.0,13880000.0,24.56,24.32,-26.72,6.18,0.57,912400,217200.0,2026-09-30,16:14:54
300556,丝路视觉,15.95,16.17,16.25,16.29,15.89,26965.0,43320000.0,19.39,17.31,94.35,4.95,2.49,1179300,1517200.0,2026-09-30,16:14:24
300557,理工光科,23.81,24.14,24.35,24.38,23.63,16920.0,40480000.0,37.41,37.18,79.94,3.69,1.08,797900,894000.0,2026-09-30,16:14:18
300558,贝达药业,50.48,48.96,49.0,51.26,48.5,189352.0,952500000.0,213.7,213.12,45.7,3.17,4.49,10044900,8890200.0,2026-09-30,16:14:30
300559,佳发教育,12.56,12.82,12.89,12.89,12.51,36715.0,46340000.0,50.18,39.08,364.56,4.28,1.18,1736400,1935100.0,2026-09-30,16:14:54
300560,中富通,15.38,16.13,16.2,16.36,15.33,93717.0,145990000.0,35.33,28.76,-49.6,3.93,5.01,3996300,5375400.0,2026-09-30,16:14:57
300561,汇金科技,13.76,14.37,14.59,14.6,13.65,142713.0,200060000.0,45.15,33.17,-190.25,7.72,5.92,6213600,8057700.0,2026-09-30,16:14:57
300562,乐心股份,14.75,15.47,15.48,15.67,14.75,115714.0,174940000.0,32.29,24.67,32.37,2.87,6.92,4533500,7037900.0,2026-09-30,16:14:30
300563,神宇股份,24.3,24.46,24.95,25.55,24.3,60346.0,149760000.0,44.26,30.8,71.33,3.93,4.76,2593600,3441000.0,2026-09-30,16:14:45
300564,筑博设计,12.72,12.63,12.73,12.91,12.52,28685.0,36510000.0,20.52,15.02,46.73,1.7,2.43,1539000,1329500.0,2026-09-30,16:14:03
300565,科信技术,9.75,9.82,9.87,9.97,9.71,60294.0,59190000.0,24.35,22.25,-30.78,4.78,2.64,2961000,3068400.0,2026-09-30,16:14:15
300566,激智科技,23.39,23.97,24.13,24.64,23.21,138242.0,326370000.0,61.31,53.02,30.26,2.45,6.1,5707400,8116800.0,2026-09-30,16:14:30
300567,精测电子,184.03,197.1,200.21,200.3,183.79,48003.0,906790000.0,514.82,417.84,397.88,9.24,2.11,2196800,2603500.0,2026-09-30,16:14:45
300568,星源材质,15.74,16.01,16.1,16.19,15.7,372778.0,591980000.0,235.38,190.26,168.25,2.16,3.08,17354900,19923000.0,2026-09-30,16:14:06
300569,天能重工,5.29,5.36,5.43,5.45,5.19,462882.0,244530000.0,54.1,53.94,59.47,1.03,4.54,20644500,25643700.0,2026-09-30,16:14:15
300570,太辰光,212.35,216.2,218.0,219.0,211.8,109099.0,2344140000.0,482.3,408.12,159.74,28.91,5.68,5256300,5653600.0,2026-09-30,16:14:30
300571,平治信息,26.96,27.8,28.04,28.6,26.93,40543.0,111440000.0,37.62,31.18,-16.87,3.08,3.51,1656700,2397600.0,2026-09-30,16:14:45
300572,安车检测,23.08,23.58,24.1,25.1,23.0,64401.0,154970000.0,52.85,41.85,-26.2,3.27,3.55,2681400,3758700.0,2026-09-30,16:14:09
300573,兴齐眼药,36.43,35.69,35.88,36.45,35.43,43569.0,157700000.0,129.3,99.09,16.34,6.61,1.6,2760700,1596200.0,2026-09-30,16:14:21
300575,中旗股份,6.11,6.1,6.13,6.18,6.08,79282.0,48600000.0,29.24,21.16,-36.2,1.46,2.29,3893600,4034600.0,2026-09-30,16:14:30
300576,容大感光,26.76,27.5,27.72,27.89,26.53,76064.0,205890000.0,108.03,69.99,118.93,6.21,2.91,3513100,4093400.0,2026-09-30,16:14:45
300577,开润股份,18.5,18.65,18.93,18.94,18.4,9184.0,17050000.0,44.37,26.38,12.48,2.15,0.64,338600,579800.0,2026-09-30,16:14:09
300578,会畅科技,15.2,15.38,15.48,15.51,15.05,29500.0,44870000.0,30.14,30.13,-57.51,2.66,1.49,1487100,1462900.0,2026-09-30,16:14:15
300579,数字认证,23.59,23.85,24.06,24.24,23.1,51366.0,121110000.0,63.69,61.99,-121.02,8.46,1.95,2671200,2465400.0,2026-09-30,16:14:30
300580,贝斯特,18.06,17.94,17.96,18.43,17.78,52750.0,95590000.0,90.72,85.35,32.9,2.71,1.12,2383500,2891500.0,2026-09-30,16:14:45
300581,晨曦航空,9.95,10.03,10.1,10.15,9.93,46004.0,46060000.0,54.74,54.74,-78.31,6.13,0.84,1785200,2815200.0,2026-09-30,16:14:30
300582,英飞特,10.65,10.6,10.68,10.79,10.55,45564.0,48640000.0,31.79,24.1,-7.34,3.54,2.01,2335200,2221200.0,2026-09-30,16:14:18
300583,赛托生物,13.7,13.59,13.59,13.8,13.58,29439.0,40420000.0,25.99,25.5,266.09,1.48,1.58,1565000,1378900.0,2026-09-30,16:14:30
300584,海辰药业,31.18,30.7,31.0,31.77,30.53,39705.0,124440000.0,37.42,25.61,83.21,3.49,4.83,2138300,1832200.0,2026-09-30,16:14:45
300585,奥联电子,14.01,14.03,14.23,14.48,13.88,79190.0,111220000.0,23.97,23.97,-27.74,3.84,4.63,3742500,4176500.0,2026-09-30,16:14:15
300586,美联新材,8.58,8.82,8.84,8.89,8.51,140460.0,121530000.0,61.02,45.93,-138.4,3.29,2.62,5515500,8530500.0,2026-09-30,16:14:15
300587,天铁科技,4.44,4.49,4.53,4.54,4.43,126433.0,56590000.0,57.64,46.74,-48.96,2.53,1.2,5078200,7565100.0,2026-09-30,16:14:30
300588,熙菱信息,20.86,21.02,21.2,21.57,20.8,21294.0,45000000.0,39.94,36.89,-90.51,16.62,1.2,873200,1256200.0,2026-09-30,16:14:45
300589,江龙船艇,13.6,13.81,13.81,14.14,13.49,166042.0,228050000.0,51.36,30.27,-38.55,7.6,7.46,6889300,9714900.0,2026-09-30,16:14:12
300590,移为通信,11.17,11.24,11.33,11.57,11.12,83319.0,93830000.0,51.63,39.97,39.18,2.73,2.33,3372800,4959100.0,2026-09-30,16:14:21
300591,万里马,6.17,6.17,6.29,6.31,6.15,97763.0,60630000.0,25.03,21.63,-21.5,14.84,2.79,5384000,4392300.0,2026-09-30,16:14:30
300592,华凯易佰,18.57,19.3,19.3,19.34,18.47,100806.0,189290000.0,72.65,63.86,26.42,3.06,2.93,4997400,5083200.0,2026-09-30,16:14:45
300593,新雷能,28.74,29.7,29.65,29.89,28.68,112848.0,329540000.0,155.91,129.41,-89.24,6.72,2.51,5189800,6095000.0,2026-09-30,16:14:15
300594,ST朗进,15.12,15.33,15.36,15.36,15.06,10135.0,15350000.0,13.89,13.76,-22.75,1.9,1.11,214300,799200.0,2026-09-30,16:14:18
300595,欧普康视,10.16,9.99,10.06,10.21,9.98,59601.0,60300000.0,90.87,67.92,19.69,1.81,0.89,3530300,2429900.0,2026-09-30,16:14:30
300596,利安隆,39.33,38.98,39.01,39.8,38.96,14306.0,56330000.0,90.31,90.31,16.34,1.81,0.62,777400,653200.0,2026-09-30,16:14:45
300597,吉大通信,7.99,8.08,8.1,8.13,7.91,27266.0,21840000.0,21.78,21.7,-26.41,2.35,1.0,1047700,1678900.0,2026-09-30,16:14:36
300598,诚迈科技,29.92,30.53,30.6,30.7,29.75,36504.0,109680000.0,64.92,64.91,-94.29,4.53,1.68,1837200,1813300.0,2026-09-30,16:14:33
300599,雄塑科技,14.2,13.98,14.2,14.4,13.78,192359.0,272190000.0,50.85,45.02,-87.01,2.61,6.07,8590100,10645800.0,2026-09-30,16:14:30
300600,国瑞科技,10.11,10.24,10.26,10.53,10.08,55541.0,56900000.0,29.75,29.75,-57.85,2.52,1.89,2448700,3105400.0,2026-09-30,16:14:45
300601,康泰生物,13.58,12.79,12.86,13.7,12.75,350096.0,469710000.0,151.68,122.27,182.34,1.66,3.89,20735600,14274000.0,2026-09-30,16:14:27
300602,飞荣达,34.88,35.77,36.3,36.47,34.64,99105.0,349460000.0,204.55,139.93,45.35,4.67,2.47,4529000,5381500.0,2026-09-30,16:14:39
300603,立昂技术,7.79,7.92,8.0,8.02,7.77,82039.0,64450000.0,36.21,29.13,-22.54,2.91,2.19,3410200,4793700.0,2026-09-30,16:14:30
300604,长川科技,239.79,247.89,248.03,253.59,239.09,168648.0,4121930000.0,1548.04,1173.72,82.87,17.75,3.45,8739900,8124800.0,2026-09-30,16:14:45
300605,恒锋信息,10.51,10.63,10.62,10.68,10.38,52009.0,54620000.0,17.36,13.28,-26.43,4.21,4.12,2310500,2890400.0,2026-09-30,16:14:39
300606,金太阳,31.71,33.0,33.45,33.67,31.47,50129.0,161760000.0,43.87,37.71,239.02,6.62,4.22,1935400,3077500.0,2026-09-30,16:14:45
300607,拓斯达,30.2,30.62,30.98,30.99,30.12,117165.0,356210000.0,144.05,104.24,96.39,4.86,3.39,5496400,6220200.0,2026-09-30,16:14:48
300608,思特奇,9.8,9.89,9.96,10.02,9.77,56698.0,55710000.0,34.11,29.83,-17.54,2.36,1.86,2769800,2900000.0,2026-09-30,16:14:45
300609,汇纳科技,23.67,24.1,24.21,24.48,23.61,17243.0,41110000.0,28.43,28.38,-19.81,3.31,1.44,799400,924900.0,2026-09-30,16:14:27
300610,晨化股份,10.42,10.39,10.46,10.51,10.34,20761.0,21630000.0,22.1,17.25,31.85,1.87,1.25,1014600,1061500.0,2026-09-30,16:14:27
300611,美力科技,27.34,27.79,27.79,28.18,27.3,24182.0,66870000.0,57.71,40.55,31.71,4.47,1.63,976000,1442200.0,2026-09-30,16:14:30
300612,宣亚国际,12.16,12.43,12.49,12.5,12.15,47779.0,58470000.0,22.25,22.14,-22.94,5.06,2.62,2243900,2534000.0,2026-09-30,16:14:45
300613,富瀚微,80.8,82.52,83.55,83.78,80.58,91936.0,752460000.0,188.18,177.51,39.89,5.93,4.18,4348500,4845100.0,2026-09-30,16:14:18
300614,百川畅银,10.39,10.53,10.59,10.79,10.35,18251.0,19120000.0,16.67,16.67,-4.0,2.4,1.14,934300,890900.0,2026-09-30,16:14:42
300615,欣天科技,12.82,13.27,13.45,13.54,12.78,91696.0,119650000.0,24.74,19.63,-37.59,5.5,5.99,4071700,5097900.0,2026-09-30,16:14:45
300616,尚品宅配,11.07,10.88,11.07,11.2,10.73,60258.0,66130000.0,24.85,17.18,-6.21,0.92,3.88,3117000,2908800.0,2026-09-30,16:14:48
300617,安靠智电,34.29,34.54,34.95,35.07,34.2,15332.0,53020000.0,56.82,47.62,67.66,1.86,1.1,757600,775600.0,2026-09-30,16:14:30
300618,寒锐钴业,30.54,30.41,30.41,30.95,30.35,23131.0,70890000.0,94.58,83.22,41.87,1.7,0.85,1244900,1068200.0,2026-09-30,16:14:21
300619,金银河,23.96,24.0,24.05,24.85,23.65,56487.0,136830000.0,54.2,45.63,70.95,3.38,2.97,2687200,2961400.0,2026-09-30,16:14:51
300620,光库科技,270.48,261.03,264.01,274.58,262.0,98399.0,2663760000.0,673.98,668.99,246.7,29.86,3.98,5038100,4801800.0,2026-09-30,16:14:51
300621,维业股份,7.1,7.27,7.28,7.29,7.07,32314.0,23130000.0,14.77,14.38,-2.74,3.61,1.6,1544800,1686600.0,2026-09-30,16:14:24
300622,博士眼镜,14.58,14.8,14.9,14.9,14.58,41704.0,61180000.0,46.51,32.19,26.48,5.31,1.89,1787800,2382600.0,2026-09-30,16:14:33
300623,捷捷微电,31.92,32.85,32.9,33.13,31.82,117201.0,377760000.0,269.06,245.04,51.0,4.23,1.53,5411300,6308800.0,2026-09-30,16:14:30
300624,万兴科技,48.09,49.2,49.52,49.52,47.77,66949.0,323600000.0,92.98,82.35,-86.56,9.67,3.91,3003300,3691600.0,2026-09-30,16:14:45
300625,三雄极光,10.0,10.14,10.19,10.31,9.96,16944.0,17040000.0,27.93,16.2,-39.87,1.52,1.05,907900,786500.0,2026-09-30,16:14:54
300626,华瑞股份,28.5,29.77,29.61,30.19,28.3,56337.0,164930000.0,51.3,51.27,360.35,9.66,3.13,2159100,3474600.0,2026-09-30,16:14:54
300627,华测导航,26.22,26.25,26.26,26.33,26.02,33232.0,86980000.0,208.18,172.3,30.08,4.74,0.51,1816800,1506400.0,2026-09-30,16:14:33
300628,亿联网络,39.49,39.96,40.3,40.44,39.45,47174.0,187160000.0,500.31,286.65,17.34,5.83,0.65,2291300,2426100.0,2026-09-30,16:14:45
300629,新劲刚,17.6,18.03,18.08,18.19,17.54,73865.0,131170000.0,44.25,38.18,42.66,2.52,3.41,3201700,4184800.0,2026-09-30,16:14:33
300630,普利退,0.89,0.89,0.0,0.0,0.0,0.0,0.0,5.0,3.99,-4.71,0.16,0.0,0,0.0,2026-09-30,09:00:00
300631,久吾高科,21.99,21.43,21.58,22.15,21.36,23197.0,50570000.0,27.49,26.74,37.99,2.02,1.91,1401700,918000.0,2026-09-30,16:14:57
300632,光莆股份,17.58,18.23,18.23,18.32,17.41,114836.0,203750000.0,53.65,40.01,-93.41,3.18,5.05,4640000,6843600.0,2026-09-30,16:14:30
300633,开立医疗,19.42,19.25,19.51,19.57,19.22,33522.0,65070000.0,82.5,50.51,50.3,2.74,1.29,1857500,1494700.0,2026-09-30,16:14:45
300634,彩讯股份,20.68,20.94,21.1,21.25,20.67,88838.0,185250000.0,93.31,89.81,41.66,3.08,2.05,3604500,5279300.0,2026-09-30,16:14:36
300635,中达安,11.86,11.99,12.09,12.15,11.79,23974.0,28500000.0,16.61,14.28,-20.71,5.15,1.99,1103100,1294300.0,2026-09-30,16:14:36
300636,同和药业,7.09,7.09,7.09,7.18,7.07,45784.0,32620000.0,29.77,26.04,76.0,1.25,1.25,2472500,2105900.0,2026-09-30,16:14:57
300637,扬帆新材,9.36,9.45,9.5,9.52,9.28,17296.0,16230000.0,21.97,21.95,-1690.39,3.08,0.74,729600,1000000.0,2026-09-30,16:14:45
300638,广和通,19.72,19.82,19.91,20.1,19.63,76050.0,150760000.0,177.2,104.59,92.79,2.92,1.43,3562500,4042500.0,2026-09-30,16:14:00
300639,凯普生物,6.32,6.2,6.22,6.4,6.16,143439.0,90870000.0,40.86,39.83,-404.99,1.07,2.28,7822900,6521000.0,2026-09-30,16:14:39
300640,德艺文创,6.25,6.33,6.35,6.5,6.22,98652.0,62100000.0,19.44,14.23,-804.39,2.45,4.33,4850000,5015200.0,2026-09-30,16:14:36
300641,正丹股份,12.99,12.88,12.93,13.11,12.9,25014.0,32560000.0,68.27,68.27,21.27,2.14,0.48,1379800,1121600.0,2026-09-30,16:14:45
300642,透景生命,20.84,19.88,20.05,21.7,19.71,319563.0,666660000.0,33.82,28.7,274.82,2.37,23.21,16321700,15634700.0,2026-09-30,16:14:42
300643,万通智控,17.73,18.22,18.41,18.41,17.73,44401.0,80170000.0,41.06,40.97,25.27,3.12,1.92,2011500,2428600.0,2026-09-30,16:14:39
300644,南京聚隆,20.64,20.93,21.15,21.23,20.62,13933.0,29010000.0,22.9,18.26,22.92,2.13,1.57,694200,699100.0,2026-09-30,16:14:30
300645,正元智慧,13.9,14.09,14.09,14.2,13.85,25089.0,35090000.0,19.75,19.37,132.2,1.88,1.8,1271900,1237000.0,2026-09-30,16:14:45
300647,超频三,10.04,9.68,9.83,10.28,9.59,879012.0,881950000.0,45.92,45.85,-32.68,10.45,19.25,46591100,41310200.0,2026-09-30,16:14:03
300648,星云股份,37.44,37.96,38.17,38.43,37.4,11106.0,42030000.0,65.25,50.84,-33.82,5.47,0.82,495100,615500.0,2026-09-30,16:14:15
300649,杭州园林,27.72,26.8,27.02,28.21,26.23,60260.0,164860000.0,36.71,28.22,-67.51,8.67,5.92,2671800,3354200.0,2026-09-30,16:14:30
300650,太龙股份,11.98,12.18,12.29,12.29,11.78,47740.0,57330000.0,28.92,20.41,85.58,2.03,2.8,2002900,2771100.0,2026-09-30,16:14:45
300651,金陵体育,15.98,16.0,16.09,16.25,15.84,25239.0,40380000.0,22.57,16.52,82.88,2.12,2.44,1332500,1191500.0,2026-09-30,16:14:15
300652,雷迪克,27.46,27.63,27.75,28.08,27.2,25468.0,70280000.0,36.63,32.81,38.48,2.36,2.13,1350000,1196800.0,2026-09-30,16:14:15
300653,正海生物,15.94,15.74,15.8,16.06,15.74,22108.0,35280000.0,28.69,28.69,41.25,3.29,1.23,1218000,992800.0,2026-09-30,16:14:45
300654,世纪天鸿,9.72,9.61,9.67,9.79,9.42,85290.0,81760000.0,35.59,34.28,161.23,4.26,2.42,4585200,3943800.0,2026-09-30,16:14:45
300655,晶瑞电材,12.32,12.65,12.76,12.8,12.26,251853.0,314430000.0,138.8,138.17,107.8,5.32,2.25,10927100,14258200.0,2026-09-30,16:14:39
300656,民德电子,29.92,29.73,29.73,31.8,29.69,100571.0,308210000.0,51.2,40.38,-31.12,6.55,7.45,4309100,5748000.0,2026-09-30,16:14:39
300657,弘信电子,32.4,34.16,34.24,34.41,32.37,181710.0,600490000.0,156.21,154.78,71.92,8.77,3.8,6603400,11567500.0,2026-09-30,16:14:48
300658,延江股份,10.26,10.41,10.5,10.59,10.25,47440.0,49280000.0,34.14,24.57,56.85,2.57,1.98,2137700,2606300.0,2026-09-30,16:14:45
300659,中孚信息,11.22,11.3,11.27,11.45,10.95,157503.0,176210000.0,29.22,20.46,-24.81,2.59,8.64,6642900,9107400.0,2026-09-30,16:14:42
300660,江苏雷利,23.66,23.51,23.51,24.06,23.48,36627.0,87120000.0,137.53,137.45,64.47,3.9,0.63,1775400,1887300.0,2026-09-30,16:14:15
300661,圣邦股份,110.21,112.8,112.98,114.3,109.99,75610.0,846670000.0,756.14,663.84,98.64,7.72,1.26,3667500,3893500.0,2026-09-30,16:14:30
300662,科锐国际,20.6,20.63,20.79,20.81,20.5,11025.0,22730000.0,40.54,40.45,11.98,1.69,0.56,584700,517800.0,2026-09-30,16:14:45
300663,科蓝软件,7.33,7.45,7.57,7.57,7.3,101419.0,74630000.0,35.07,33.75,-7.56,12.77,2.2,4238700,5903200.0,2026-09-30,16:14:21
300664,鹏鹞环保,4.62,4.61,4.61,4.64,4.58,48913.0,22560000.0,34.78,33.5,23.66,0.79,0.67,2344100,2547200.0,2026-09-30,16:14:24
300665,飞鹿股份,8.7,8.74,8.8,8.87,8.62,32249.0,28140000.0,19.97,18.97,-9.88,4.56,1.48,1597100,1627800.0,2026-09-30,16:14:48
300666,江丰电子,222.78,230.33,231.67,232.56,220.8,62962.0,1415840000.0,614.81,493.33,78.17,8.43,2.84,3089700,3206500.0,2026-09-30,16:14:51
300667,必创科技,14.56,14.72,15.0,15.0,14.5,35107.0,51360000.0,29.8,25.82,-32.08,2.86,1.98,1561200,1949500.0,2026-09-30,16:14:51
300668,杰恩股份,29.91,31.06,31.0,31.26,29.76,32176.0,97290000.0,36.01,29.82,220.16,4.54,3.23,1584200,1633400.0,2026-09-30,16:14:42
300669,沪宁股份,24.15,24.54,24.78,24.78,23.88,15829.0,38300000.0,46.54,44.07,352.59,5.37,0.87,780100,802800.0,2026-09-30,16:14:48
300670,大烨智能,7.24,7.46,7.53,7.55,7.21,81609.0,59840000.0,22.95,16.27,-14.52,5.21,3.63,3688500,4472400.0,2026-09-30,16:14:45
300671,富满微,54.64,58.85,59.73,59.86,54.2,134109.0,754430000.0,122.33,122.0,-215.15,7.03,6.01,5301900,8109000.0,2026-09-30,16:14:54
300672,国科微,180.65,186.48,186.23,189.32,180.5,65422.0,1204620000.0,392.2,379.97,-680.22,9.78,3.11,3056800,3485400.0,2026-09-30,16:14:54
300673,佩蒂股份,14.95,14.88,14.88,15.3,14.7,26320.0,39250000.0,36.97,23.99,60.72,2.19,1.64,1238100,1393900.0,2026-09-30,16:14:30
300674,宇信科技,15.04,15.98,16.1,16.1,14.99,363572.0,557590000.0,105.89,105.76,20.33,2.26,5.17,15254700,21102500.0,2026-09-30,16:14:45
300675,建科院,14.48,14.28,14.05,14.97,13.45,149774.0,210620000.0,21.24,21.24,-36.2,4.32,10.21,7534800,7442600.0,2026-09-30,16:14:48
300676,华大基因,45.86,44.16,43.92,47.35,43.8,167178.0,771050000.0,191.84,190.79,-33.36,2.25,4.02,9258200,7459600.0,2026-09-30,16:14:51
300677,英科医疗,50.96,49.18,49.26,51.2,49.01,81593.0,412770000.0,333.66,237.28,29.33,1.76,1.75,4386300,3773000.0,2026-09-30,16:14:30
300678,中科信息,20.74,20.94,21.1,21.1,20.71,20742.0,43150000.0,61.47,60.71,380.34,7.28,0.71,855600,1218600.0,2026-09-30,16:14:57
300679,电连技术,40.17,40.91,41.21,41.46,39.66,96737.0,390910000.0,170.65,144.4,73.27,3.39,2.69,4351500,5322200.0,2026-09-30,16:14:33
300680,隆盛科技,20.1,20.19,20.31,20.64,20.06,37816.0,76690000.0,59.12,45.5,26.79,2.94,1.67,1634400,2147200.0,2026-09-30,16:14:57
300681,英搏尔,21.93,21.94,21.95,22.8,21.73,111672.0,247380000.0,67.12,50.62,25.21,2.15,4.84,5126000,6041200.0,2026-09-30,16:14:30
300682,朗新科技,8.67,8.6,8.67,8.7,8.58,67715.0,58530000.0,93.48,89.64,-89.75,1.47,0.65,4027200,2744300.0,2026-09-30,16:14:45
300683,海特生物,25.54,24.93,24.99,26.34,24.7,52507.0,135000000.0,33.43,31.21,-12.35,1.61,4.3,2807800,2442900.0,2026-09-30,16:14:39
300684,中石科技,108.1,107.38,108.09,116.12,107.61,212525.0,2357680000.0,323.77,221.15,91.18,15.63,10.39,10276300,10976200.0,2026-09-30,16:14:24
300685,艾德生物,21.34,21.0,20.9,21.81,20.8,168714.0,362550000.0,83.25,83.14,24.6,4.39,4.33,9966900,6904500.0,2026-09-30,16:14:30
300686,智动力,14.3,14.68,14.61,14.95,14.12,61819.0,88910000.0,37.27,37.02,-34.19,4.77,2.39,2428000,3753900.0,2026-09-30,16:14:45
300687,赛意信息,28.38,29.18,29.0,29.48,28.08,121036.0,344820000.0,115.91,95.32,-167.1,4.26,3.6,5503600,6600000.0,2026-09-30,16:14:54
300688,创业黑马,33.23,34.48,34.54,34.7,32.93,66248.0,223180000.0,55.62,49.31,-115.82,15.78,4.46,2413600,4211200.0,2026-09-30,16:14:15
300689,澄天伟业,60.42,61.19,61.88,63.0,59.23,44935.0,274320000.0,69.85,61.47,966.58,10.01,4.42,1721900,2771600.0,2026-09-30,16:14:30
300690,双一科技,26.58,26.56,25.95,27.21,25.5,140080.0,368130000.0,43.95,29.66,22.65,2.67,12.55,6448500,7559600.0,2026-09-30,16:14:45
300691,联合光电,20.55,20.54,20.64,21.24,20.48,175549.0,364070000.0,55.29,45.36,148.17,3.38,7.95,8372700,9182200.0,2026-09-30,16:14:45
300692,中赋科技,8.97,8.78,8.84,9.33,8.81,205915.0,186050000.0,50.44,47.13,69.18,1.57,3.92,10376300,10215200.0,2026-09-30,16:14:48
300693,盛弘股份,35.93,36.02,36.48,36.63,35.78,47795.0,172820000.0,112.39,96.88,20.59,5.24,1.77,2274600,2504800.0,2026-09-30,16:14:51
300694,蠡湖股份,10.65,10.73,10.78,10.85,10.55,25611.0,27380000.0,23.12,23.09,16.95,1.53,1.18,1096300,1464800.0,2026-09-30,16:14:54
300695,兆丰股份,49.13,49.48,50.46,51.23,48.6,8524.0,42090000.0,50.24,50.24,17.1,1.73,0.83,350400,502000.0,2026-09-30,16:14:36
300696,爱乐达,20.15,20.34,20.58,20.77,20.0,39626.0,80410000.0,59.29,55.19,185.64,3.14,1.45,1794100,2168500.0,2026-09-30,16:14:15
300697,电工合金,14.14,14.19,14.25,14.3,14.09,42999.0,60950000.0,61.18,46.84,30.44,4.71,1.3,1814100,2485900.0,2026-09-30,16:14:30
300698,万马科技,26.54,27.13,27.28,27.29,26.49,17678.0,47190000.0,35.56,31.9,73.94,6.46,1.47,748600,1019200.0,2026-09-30,16:14:45
300699,光威复材,22.83,22.61,22.69,22.9,22.58,51648.0,117490000.0,189.8,187.98,35.62,3.47,0.63,2779100,2385700.0,2026-09-30,16:14:03
300700,岱勒新材,16.7,17.13,17.18,17.48,16.65,38377.0,65050000.0,66.3,59.35,-56.38,8.53,1.08,1837200,2000500.0,2026-09-30,16:14:15
300701,森霸传感,9.84,10.07,10.1,10.16,9.8,39129.0,39010000.0,27.51,24.81,33.6,2.83,1.55,1759900,2153000.0,2026-09-30,16:14:57
300702,天宇股份,22.68,22.02,22.01,22.98,21.75,54221.0,122580000.0,78.92,47.89,87.16,2.21,2.57,3093600,2328400.0,2026-09-30,16:14:45
300703,创源股份,13.83,13.96,14.15,14.15,13.67,44858.0,62290000.0,24.95,23.46,6017.96,3.27,2.64,1870500,2615200.0,2026-09-30,16:14:57
300705,九典制药,11.07,10.67,10.71,11.08,10.67,101495.0,111520000.0,55.38,40.95,16.24,2.17,2.74,5895000,4254500.0,2026-09-30,16:14:51
300706,阿石创,45.93,47.74,48.59,48.6,45.79,40688.0,190530000.0,70.52,52.28,624.84,9.92,3.57,1817500,2251300.0,2026-09-30,16:14:42
300707,威唐工业,12.09,12.21,12.21,12.3,12.07,18216.0,22140000.0,21.02,17.36,-378.34,1.94,1.27,820500,1001100.0,2026-09-30,16:14:45
300708,聚灿光电,9.06,9.13,9.36,9.45,9.04,303783.0,280420000.0,85.47,64.73,51.77,2.9,4.25,13633700,16744700.0,2026-09-30,16:14:00
300709,精研科技,34.39,35.1,35.4,35.44,34.21,42685.0,148050000.0,64.19,51.53,-415.02,2.87,2.85,1939300,2329200.0,2026-09-30,16:14:45
300710,万隆光电,29.12,29.97,30.35,30.49,29.0,24977.0,73540000.0,28.97,21.72,-100.51,6.75,3.35,963400,1534300.0,2026-09-30,16:14:30
300711,广哈通信,16.96,17.35,17.41,17.5,16.95,58585.0,100150000.0,47.56,47.44,57.25,3.17,2.09,2331000,3527400.0,2026-09-30,16:14:45
300712,永福股份,20.0,19.92,20.04,20.2,19.66,10389.0,20690000.0,37.51,37.35,-110.38,3.02,0.56,593100,445800.0,2026-09-30,16:14:00
300713,英可瑞,14.3,14.26,14.56,15.48,14.25,91273.0,133500000.0,22.71,12.79,-20.67,5.38,10.21,4200300,4927000.0,2026-09-30,16:14:15
300715,凯伦股份,13.3,13.76,13.88,13.94,13.22,61136.0,82140000.0,50.28,42.48,890.31,2.79,1.91,2229300,3884300.0,2026-09-30,16:14:54
300716,*ST泉为,17.05,17.42,17.59,17.62,17.05,8205.0,14220000.0,27.28,27.28,-10.47,-11.4,0.51,237500,583000.0,2026-09-30,16:14:45
300717,华信新材,20.8,19.73,19.88,21.94,19.88,104178.0,219580000.0,21.38,21.19,42.72,2.88,10.23,5022600,5395200.0,2026-09-30,16:14:06
300718,长盛轴承,54.0,55.21,54.38,56.66,53.12,84575.0,463430000.0,161.34,106.32,63.29,9.31,4.3,3972300,4485200.0,2026-09-30,16:14:57
300719,安达维尔,11.77,11.88,11.95,11.96,11.72,19912.0,23520000.0,29.92,21.14,-161.07,3.0,1.11,825100,1166000.0,2026-09-30,16:14:30
300720,海川智能,56.72,57.17,57.92,59.96,56.67,64236.0,374290000.0,110.53,104.45,606.35,18.99,3.49,3033000,3390700.0,2026-09-30,16:14:45
300721,怡达股份,19.93,20.7,20.55,20.7,19.88,64314.0,129780000.0,32.85,27.58,-210.77,2.95,4.65,3137500,3294000.0,2026-09-30,16:14:48
300722,新余国科,21.1,20.85,21.27,21.45,20.94,17691.0,37540000.0,58.4,58.4,79.07,9.11,0.64,935900,833200.0,2026-09-30,16:14:15
300723,一品红,33.27,32.6,32.47,33.8,32.47,43997.0,146490000.0,150.28,139.47,68.16,8.14,1.05,2577000,1822800.0,2026-09-30,16:14:51
300724,捷佳伟创,53.55,53.93,54.05,54.3,53.2,39192.0,210450000.0,186.51,155.49,16.06,1.4,1.35,1846600,2072600.0,2026-09-30,16:14:54
300725,药石科技,55.35,52.23,52.91,57.55,51.11,338372.0,1875600000.0,129.41,112.21,61.43,2.85,16.69,18668900,15168200.0,2026-09-30,16:14:09
300726,宏达电子,50.68,53.03,53.78,53.78,50.6,75790.0,390970000.0,208.72,108.68,49.2,4.24,3.53,3539700,4039300.0,2026-09-30,16:14:15
300727,润禾材料,32.09,33.53,33.76,33.78,32.05,41224.0,134660000.0,57.81,52.02,56.34,4.27,2.54,1801200,2321100.0,2026-09-30,16:14:30
300729,乐歌股份,11.07,11.15,11.28,11.32,11.04,26158.0,29090000.0,37.82,36.32,24.9,1.06,0.8,1125500,1490300.0,2026-09-30,16:14:45
300730,科创信息,11.24,11.77,11.77,11.81,11.2,63637.0,72540000.0,27.1,23.24,-21.98,20.2,3.08,2426900,3936800.0,2026-09-30,16:14:30
300731,科创新源,42.92,44.94,45.22,45.4,42.53,64763.0,282920000.0,76.09,72.21,499.61,12.32,3.85,3489600,2986700.0,2026-09-30,16:14:15
300732,设研院,5.88,5.9,5.9,5.93,5.79,47335.0,27770000.0,21.79,21.77,-11.99,0.79,1.28,2053500,2680000.0,2026-09-30,16:14:30
300733,西菱动力,13.12,12.71,12.71,13.22,12.59,71427.0,92200000.0,52.03,38.37,52.65,2.93,2.44,3827900,3314800.0,2026-09-30,16:14:57
300735,光弘科技,17.58,17.84,18.0,18.11,17.54,64520.0,114390000.0,143.29,133.7,58.54,2.57,0.85,2921000,3530900.0,2026-09-30,16:14:33
300736,百邦科技,33.4,34.38,34.47,34.88,32.94,42054.0,141780000.0,42.73,41.71,-162.22,67.11,3.37,1635200,2570200.0,2026-09-30,16:14:15
300737,科顺股份,4.83,4.61,4.58,4.87,4.45,443844.0,208330000.0,53.63,42.85,-10.41,1.36,5.0,24089900,20294500.0,2026-09-30,16:14:30
300738,奥飞数据,18.5,18.69,18.7,18.8,18.5,145711.0,271100000.0,182.26,182.21,75.62,4.97,1.48,5545700,9025400.0,2026-09-30,16:14:45
300739,明阳电路,27.85,29.79,29.81,29.89,27.85,145862.0,416670000.0,103.9,84.38,116.92,3.75,4.81,6024000,8562200.0,2026-09-30,16:14:36
300740,水羊股份,21.25,20.68,20.8,22.54,20.72,354109.0,766380000.0,93.48,86.91,83.35,4.18,8.66,17076300,18334600.0,2026-09-30,16:14:39
300741,华宝股份,24.73,25.43,25.67,25.7,24.5,230971.0,577760000.0,152.31,152.31,84.41,2.25,3.75,11288600,11808500.0,2026-09-30,16:14:30
300743,天地数码,14.41,14.59,14.65,14.68,14.38,13359.0,19360000.0,21.79,18.38,19.29,3.59,1.05,540700,795200.0,2026-09-30,16:14:45
300745,欣锐科技,26.0,26.9,26.65,26.88,25.8,50749.0,132990000.0,43.83,36.98,-141.75,1.96,3.57,1761500,3313400.0,2026-09-30,16:14:03
300746,汉嘉数智,14.87,16.81,16.66,17.16,14.78,220599.0,344150000.0,33.57,33.24,46.04,4.03,9.87,9645300,12414500.0,2026-09-30,16:14:15
300747,锐科激光,36.17,36.4,36.9,37.38,36.04,113893.0,417610000.0,203.13,188.8,82.0,5.74,2.18,4960200,6429100.0,2026-09-30,16:14:45
300748,金力永磁,24.11,23.99,24.12,24.43,23.95,90148.0,218050000.0,333.19,272.9,38.61,4.36,0.8,4541100,4473700.0,2026-09-30,16:14:45
300749,顶固集创,21.9,22.06,22.25,22.5,21.56,34681.0,76440000.0,44.93,34.47,41.41,6.64,2.2,1503700,1964400.0,2026-09-30,16:14:06
300750,宁德时代,291.11,286.8,290.0,292.7,285.8,296995.0,8613930000.0,13470.39,12403.08,15.85,3.61,0.7,16983900,12715600.0,2026-09-30,16:14:18
300751,迈为股份,176.9,182.04,182.14,185.1,176.28,29314.0,526560000.0,493.38,341.15,85.08,6.24,1.52,1350900,1580600.0,2026-09-30,16:14:30
300752,隆利科技,12.65,13.04,13.17,13.28,12.6,49625.0,64130000.0,40.84,28.24,101.42,3.2,2.22,2016700,2945800.0,2026-09-30,16:14:45
300753,爱朋医疗,20.66,20.54,20.82,21.08,20.57,33571.0,69910000.0,26.04,18.3,-179.27,3.96,3.79,1554000,1803100.0,2026-09-30,16:14:21
300755,华致酒行,11.36,11.08,11.1,11.56,10.96,67598.0,76150000.0,47.35,47.32,-9.5,1.77,1.62,3568300,3191500.0,2026-09-30,16:14:15
300756,金马游乐,28.13,30.08,29.78,30.38,27.82,73263.0,213750000.0,62.07,54.01,68.4,4.19,3.82,3627700,3698700.0,2026-09-30,16:14:30
300757,罗博特科,533.5,529.0,530.0,548.0,526.68,51615.0,2764870000.0,957.55,867.29,-3606.12,57.52,3.17,2583800,2577600.0,2026-09-30,16:14:45
300758,七彩化学,11.24,11.09,11.12,11.65,11.06,77498.0,88260000.0,44.86,40.43,69.98,2.49,2.15,3322300,4427400.0,2026-09-30,16:14:15
300759,康龙化成,44.97,42.98,43.17,45.92,42.5,625916.0,2794260000.0,826.23,638.59,48.24,5.05,4.41,31802100,30789500.0,2026-09-30,16:14:24
300760,迈瑞医疗,161.32,159.01,158.2,162.47,157.51,74466.0,1190110000.0,1954.87,1953.04,24.86,5.02,0.62,3813000,3633600.0,2026-09-30,16:14:30
300761,立华股份,20.81,20.86,20.87,20.98,20.65,48916.0,101820000.0,176.12,134.59,49.32,1.92,0.76,2493500,2398200.0,2026-09-30,16:14:45
300762,上海瀚讯,24.54,24.83,25.23,25.27,24.44,87987.0,217720000.0,159.6,154.1,-80.63,5.41,1.4,4244300,4554500.0,2026-09-30,16:14:27
300763,锦浪科技,52.96,52.62,53.0,53.29,52.16,57751.0,304650000.0,210.09,170.32,37.24,2.27,1.8,2878300,2896700.0,2026-09-30,16:14:15
300765,石药创新,47.19,44.08,44.18,48.64,43.73,215151.0,1006220000.0,662.83,662.83,64.8,16.84,1.53,12988700,8526400.0,2026-09-30,16:14:30
300766,每日互动,21.19,21.54,21.7,21.74,21.12,85465.0,182190000.0,83.65,75.84,-600.49,5.32,2.39,3724500,4822000.0,2026-09-30,16:14:45
300767,震安科技,19.22,19.66,19.89,19.89,19.19,43325.0,83870000.0,53.1,46.11,-55.48,3.47,1.81,1773700,2558800.0,2026-09-30,16:14:18
300768,迪普科技,14.82,15.17,15.1,15.19,14.62,85332.0,126510000.0,95.42,62.34,47.35,2.7,2.03,3812300,4720900.0,2026-09-30,16:14:27
300769,德方纳米,39.6,39.27,39.3,40.46,38.85,96751.0,384310000.0,110.95,99.7,439.11,2.05,3.84,4226800,5448300.0,2026-09-30,16:14:33
300770,新媒股份,34.03,34.22,34.2,34.45,33.76,30815.0,105060000.0,77.53,77.53,12.63,2.23,1.35,1510900,1570600.0,2026-09-30,16:14:48
300771,智莱科技,11.32,11.41,11.42,11.51,11.29,33710.0,38410000.0,27.17,21.4,23.78,1.37,1.78,1582500,1788500.0,2026-09-30,16:14:51
300772,运达股份,9.88,10.08,9.89,10.21,9.85,241054.0,240280000.0,77.74,68.96,-147.44,1.22,3.45,10288000,13817500.0,2026-09-30,16:14:21
300773,拉卡拉,14.38,14.47,14.55,14.57,14.35,170317.0,245530000.0,156.36,147.91,9.71,3.54,1.66,6831700,10200000.0,2026-09-30,16:14:54
300774,倍杰特,9.6,9.74,9.77,9.82,9.51,41683.0,40220000.0,39.24,19.59,253.96,2.69,2.04,2078000,2090300.0,2026-09-30,16:14:57
300775,三角防务,19.85,19.98,20.08,20.22,19.83,78953.0,157650000.0,108.69,105.53,68.28,1.85,1.49,3589900,4305400.0,2026-09-30,16:14:21
300776,帝尔激光,128.91,126.79,128.0,136.79,127.27,143836.0,1892100000.0,367.7,231.15,73.78,7.45,8.02,7312500,7071100.0,2026-09-30,16:14:24
300777,中简科技,19.99,20.04,20.29,20.29,19.87,32452.0,65170000.0,87.9,86.14,155.05,1.98,0.75,1566900,1678300.0,2026-09-30,16:14:30
300778,新城市,11.05,11.15,11.13,11.19,10.86,38533.0,42470000.0,22.5,22.5,-49.69,1.89,1.89,1883100,1970200.0,2026-09-30,16:14:45
300779,惠城环保,50.04,50.68,51.02,51.08,50.03,34830.0,175690000.0,148.77,113.68,479.51,6.76,1.53,1795700,1687300.0,2026-09-30,16:14:36
300780,德恩精工,18.59,19.01,19.21,19.3,18.51,30613.0,57500000.0,27.27,20.03,-61.64,2.74,2.84,1418600,1642700.0,2026-09-30,16:14:30
300781,因赛集团,26.91,27.65,27.87,27.98,26.91,39424.0,107520000.0,44.18,32.6,-47.96,7.93,3.25,1645600,2296800.0,2026-09-30,16:14:30
300782,卓胜微,70.17,70.08,71.03,71.43,69.3,81532.0,571720000.0,403.47,321.78,-78.16,3.12,1.78,3483700,4669500.0,2026-09-30,16:14:45
300783,三只松鼠,16.64,16.33,16.35,16.77,16.35,37780.0,62500000.0,66.84,46.64,25.13,2.15,1.35,2064500,1713500.0,2026-09-30,16:14:30
300784,利安科技,42.34,42.86,43.3,43.41,42.08,3697.0,15740000.0,23.81,7.17,60.68,2.98,2.18,187800,181900.0,2026-09-30,16:14:15
300785,值得买,36.22,37.11,37.41,37.66,36.09,132814.0,484860000.0,72.03,47.12,86.94,3.72,10.21,6493400,6788000.0,2026-09-30,16:14:33
300786,国林科技,13.88,14.32,14.48,14.49,13.81,57771.0,80930000.0,25.54,20.36,-135.45,2.31,3.94,2322300,3454800.0,2026-09-30,16:14:45
300787,海能实业,11.87,11.87,11.96,12.35,11.82,106800.0,128570000.0,37.2,23.33,7201.36,2.69,5.43,4212500,6467500.0,2026-09-30,16:14:36
300788,中信出版,29.89,30.38,30.2,32.33,29.78,109362.0,335470000.0,56.84,56.84,66.12,2.53,5.75,5235500,5700700.0,2026-09-30,16:14:39
300789,唐源电气,15.77,16.03,16.19,16.23,15.66,15124.0,23930000.0,22.68,22.01,-55.52,2.23,1.08,642900,869600.0,2026-09-30,16:14:42
300790,宇瞳光学,18.49,18.11,18.46,19.67,18.36,281739.0,532920000.0,96.22,84.49,36.89,3.5,6.17,14101800,14072100.0,2026-09-30,16:14:45
300791,仙乐健康,18.41,17.69,17.7,18.53,17.7,28966.0,53050000.0,56.74,47.39,44.22,1.97,1.13,1777500,1119100.0,2026-09-30,16:14:18
300792,壹网壹创,24.55,24.69,24.71,24.87,24.21,61090.0,149980000.0,58.35,52.58,56.57,1.96,2.85,2662300,3446800.0,2026-09-30,16:14:45
300793,佳禾智能,11.63,11.85,11.93,11.99,11.63,42920.0,50380000.0,44.26,43.27,-24.87,1.58,1.15,1727600,2564400.0,2026-09-30,16:14:48
300795,米奥会展,12.81,12.78,12.88,13.37,12.71,142533.0,184570000.0,38.29,22.31,35.98,6.66,8.18,6247400,8005900.0,2026-09-30,16:14:45
300796,贝斯美,7.04,6.92,6.94,7.32,6.92,71410.0,50970000.0,25.42,25.37,-535.13,1.48,1.98,3195100,3945900.0,2026-09-30,16:14:27
300797,钢研纳克,13.01,13.09,13.24,13.24,12.95,25251.0,32940000.0,49.76,49.66,28.54,3.68,0.66,1088300,1436900.0,2026-09-30,16:14:39
300798,锦鸡股份,8.62,8.42,8.43,9.1,8.43,327271.0,285490000.0,42.51,34.97,-113.08,2.25,8.07,15112000,17615100.0,2026-09-30,16:14:42
300800,力合科技,10.61,10.72,10.78,10.82,10.56,25444.0,27060000.0,25.12,24.86,51.81,1.23,1.09,1178300,1366100.0,2026-09-30,16:14:45
300801,泰和科技,21.4,21.3,21.29,21.78,21.29,24968.0,53760000.0,46.67,29.36,29.46,1.85,1.82,1153600,1343200.0,2026-09-30,16:14:51
300802,矩子科技,24.1,24.58,24.61,25.14,23.85,59686.0,145230000.0,68.46,48.77,67.09,4.56,2.95,2709600,3259000.0,2026-09-30,16:14:33
300803,指南针,53.03,54.62,54.83,55.17,52.53,146732.0,783660000.0,474.08,470.5,225.14,14.82,1.65,6071100,8602200.0,2026-09-30,16:14:36
300804,广康生化,55.41,49.26,49.26,58.23,48.52,58163.0,310960000.0,41.0,15.24,273.24,3.02,21.15,3006700,2809700.0,2026-09-30,16:14:45
300805,电声股份,8.67,8.86,8.88,8.9,8.62,127293.0,110790000.0,36.8,26.03,117.31,2.35,4.24,5486700,7242600.0,2026-09-30,16:14:54
300806,斯迪克,47.89,49.11,49.31,49.5,47.83,116650.0,565800000.0,303.49,218.7,374.06,12.81,2.55,5474000,6191000.0,2026-09-30,16:14:48
300807,天迈科技,35.33,35.58,35.73,35.78,34.5,12094.0,42500000.0,24.04,18.35,-59.13,5.46,2.33,681000,528400.0,2026-09-30,16:14:30
300808,久量股份,20.09,20.16,20.29,20.3,19.82,20762.0,41570000.0,32.14,23.89,-52.51,3.46,1.75,976700,1099500.0,2026-09-30,16:14:45
300809,华辰装备,23.61,23.84,23.99,24.15,23.42,17424.0,41330000.0,59.86,35.55,25.94,3.21,1.16,764400,978000.0,2026-09-30,16:14:09
300810,中科海讯,24.42,24.45,24.58,25.02,24.28,14281.0,35140000.0,28.83,27.84,-118.35,3.93,1.25,695100,733000.0,2026-09-30,16:14:51
300811,铂科新材,78.55,80.62,81.03,81.3,78.2,62775.0,499910000.0,320.35,262.94,70.8,9.88,1.88,3069200,3208300.0,2026-09-30,16:14:30
300812,易天股份,18.2,19.07,19.19,19.29,18.15,58068.0,107640000.0,35.69,32.39,-1199.06,4.6,3.26,2336500,3470200.0,2026-09-30,16:14:45
300813,泰林生物,22.83,22.31,22.45,23.46,22.29,39723.0,91750000.0,27.67,19.43,118.68,3.55,4.67,1929000,2043300.0,2026-09-30,16:14:45
300814,中富电路,121.86,127.31,128.0,128.88,121.61,35961.0,445370000.0,233.28,233.28,457.6,14.27,1.88,1642700,1953400.0,2026-09-30,16:14:48
300815,玉禾田,14.94,15.05,15.12,15.12,14.94,26085.0,39110000.0,59.55,58.59,10.94,1.29,0.67,1120400,1488100.0,2026-09-30,16:14:39
300816,艾可蓝,58.36,58.27,58.98,61.62,58.28,23479.0,140550000.0,46.69,34.06,51.9,4.78,4.02,1121700,1226200.0,2026-09-30,16:14:45
300817,双飞集团,17.18,16.94,17.04,17.7,16.82,80204.0,138630000.0,37.5,21.67,48.35,3.63,6.36,3539400,4481000.0,2026-09-30,16:14:51
300818,耐普矿机,15.7,16.0,16.16,16.21,15.63,25888.0,40870000.0,34.45,22.31,70.26,1.95,1.82,1186100,1402700.0,2026-09-30,16:14:54
300819,聚杰微纤,42.35,44.75,45.0,45.45,42.2,28937.0,125050000.0,63.19,57.07,139.04,7.18,2.15,1183900,1709800.0,2026-09-30,16:14:54
300820,英杰电气,64.97,66.86,67.3,67.93,64.5,39507.0,260170000.0,144.37,72.63,72.2,5.61,3.53,2077400,1873300.0,2026-09-30,16:14:57
300821,东岳硅材,14.31,14.45,14.57,14.64,14.27,221535.0,319640000.0,171.72,171.69,46.75,3.22,1.85,9509500,12643900.0,2026-09-30,16:14:12
300822,贝仕达克,11.23,11.38,11.49,11.5,11.21,18488.0,20910000.0,34.99,32.45,344.31,2.84,0.64,827000,1021800.0,2026-09-30,16:14:27
300823,建科智能,14.7,14.91,14.96,14.98,14.55,26196.0,38700000.0,19.25,12.75,35.2,2.03,3.02,1265000,1354600.0,2026-09-30,16:14:42
300824,北鼎股份,8.18,8.2,8.21,8.35,8.12,70751.0,58050000.0,26.69,26.09,25.34,3.64,2.22,3459500,3615600.0,2026-09-30,16:14:45
300825,阿尔特,11.27,11.5,11.5,11.71,11.24,138061.0,157060000.0,55.77,54.6,-33.61,2.71,2.85,6409200,7396900.0,2026-09-30,16:14:00
300826,测绘股份,14.86,15.0,15.1,15.29,14.8,28084.0,41850000.0,33.91,32.92,403.92,2.27,1.27,1380400,1428100.0,2026-09-30,16:14:57
300827,上能电气,24.48,24.51,24.66,24.78,24.13,59881.0,146630000.0,136.28,106.87,28.47,3.18,1.37,2997100,2990900.0,2026-09-30,16:14:30
300828,锐新科技,17.26,17.83,17.71,18.0,17.25,75296.0,132150000.0,28.72,16.36,104.45,3.65,7.94,3168000,4361700.0,2026-09-30,16:14:45
300829,金丹科技,21.96,22.97,22.97,23.19,21.7,259590.0,577180000.0,49.91,36.92,70.44,2.05,15.44,11974900,13984100.0,2026-09-30,16:14:15
300830,金现代,7.95,8.06,8.06,8.12,7.93,69214.0,55340000.0,35.91,26.79,-44.73,2.76,2.05,2885200,4036200.0,2026-09-30,16:14:57
300831,ST派瑞,13.24,13.39,13.48,13.53,13.23,18563.0,24740000.0,42.37,24.43,81.78,4.39,1.01,664600,1191700.0,2026-09-30,16:14:30
300832,新产业,50.37,49.57,49.71,50.99,49.32,42169.0,212780000.0,395.77,344.07,23.05,4.41,0.62,2136500,2080400.0,2026-09-30,16:14:45
300833,浩洋股份,43.54,44.1,44.68,44.7,43.37,10687.0,46890000.0,55.07,35.38,29.82,2.25,1.32,478300,590500.0,2026-09-30,16:14:03
300834,星辉环材,37.31,37.98,38.37,38.6,37.28,8478.0,32060000.0,72.27,72.27,98.44,2.5,0.44,355600,492200.0,2026-09-30,16:14:36
300835,龙磁科技,187.21,194.21,193.81,195.0,186.66,24987.0,475880000.0,223.24,156.46,143.93,15.81,2.99,959700,1539000.0,2026-09-30,16:14:48
300836,佰奥智能,55.5,53.59,53.83,57.91,53.02,34821.0,194290000.0,51.44,35.21,50.76,8.05,5.49,1716600,1765600.0,2026-09-30,16:14:51
300837,浙矿股份,22.33,22.63,22.75,22.92,22.28,9861.0,22220000.0,22.33,16.88,37.47,1.61,1.3,463400,522700.0,2026-09-30,16:14:06
300838,浙江力诺,14.52,14.59,14.66,14.78,14.4,22166.0,32410000.0,20.03,14.78,-76.69,2.09,2.18,1100900,1115700.0,2026-09-30,16:14:15
300839,博汇股份,12.45,12.71,12.72,12.76,12.32,44122.0,55230000.0,35.87,35.45,181.86,5.14,1.55,2104900,2307300.0,2026-09-30,16:14:30
300840,酷特智能,18.03,18.59,18.61,18.67,18.01,48135.0,87670000.0,43.27,32.01,111.1,3.39,2.71,2017200,2796300.0,2026-09-30,16:14:45
300841,康华生物,56.36,54.64,56.0,57.1,54.5,36095.0,203910000.0,73.24,68.52,29.71,2.03,2.97,1788000,1821500.0,2026-09-30,16:14:03
300842,帝科股份,59.1,59.84,60.8,61.34,58.8,28848.0,172220000.0,85.86,76.4,-27.77,5.23,2.23,1295500,1589300.0,2026-09-30,16:14:15
300843,胜蓝股份,119.81,119.16,121.39,123.99,118.11,71478.0,865210000.0,203.22,199.37,128.95,11.91,4.3,3601600,3546200.0,2026-09-30,16:14:30
300844,山水比德,24.53,25.15,24.99,25.12,24.37,16439.0,40530000.0,22.86,22.09,-34.58,2.97,1.83,819600,824200.0,2026-09-30,16:14:45
300845,捷安高科,14.4,14.34,14.48,14.48,14.17,38445.0,55050000.0,29.61,20.93,90.65,3.76,2.65,1839100,2005400.0,2026-09-30,16:14:54
300846,首都在线,18.14,18.75,18.84,19.08,18.13,130220.0,240250000.0,91.72,75.62,-69.88,11.77,3.12,5107200,7914800.0,2026-09-30,16:14:15
300847,中船汉光,14.28,14.45,14.45,14.83,14.27,57640.0,83430000.0,42.27,42.27,37.51,2.79,1.95,2451800,3312200.0,2026-09-30,16:14:30
300848,美瑞新材,10.92,10.95,11.1,11.12,10.87,17800.0,19550000.0,46.73,27.64,68.06,3.04,0.7,623500,1156600.0,2026-09-30,16:14:45
300849,锦盛新材,20.94,21.3,21.47,21.47,20.9,17764.0,37400000.0,31.41,30.35,-55.24,5.89,1.23,676900,1099500.0,2026-09-30,16:14:06
300850,新强联,31.81,32.0,31.33,33.1,31.21,352455.0,1134300000.0,131.72,102.82,15.87,1.81,10.9,16620000,18625500.0,2026-09-30,16:14:15
300851,交大思诺,24.98,25.17,25.17,25.46,24.9,9203.0,23160000.0,21.72,14.15,26.77,1.68,1.62,415400,504900.0,2026-09-30,16:14:30
300852,四会富仕,70.7,75.69,75.6,75.8,70.7,109637.0,790200000.0,113.49,109.55,80.72,5.0,7.08,4886300,6077400.0,2026-09-30,16:14:45
300853,申昊科技,31.09,29.75,29.81,31.66,29.43,73867.0,228170000.0,45.69,30.57,-25.05,9.42,7.51,3895400,3491300.0,2026-09-30,16:14:24
300854,中兰环保,14.96,15.19,15.31,15.4,14.81,22971.0,34560000.0,21.51,17.05,-25.3,2.31,2.02,1190800,1106300.0,2026-09-30,16:14:27
300855,图南股份,33.2,33.73,33.89,33.99,33.2,23416.0,78620000.0,131.32,97.26,42.17,5.97,0.8,1173400,1168300.0,2026-09-30,16:14:42
300856,科思股份,10.4,10.33,10.39,10.45,10.3,17315.0,18030000.0,49.47,47.81,48.88,1.86,0.38,963500,768000.0,2026-09-30,16:14:45
300857,协创数据,251.16,246.39,254.0,255.9,248.58,114364.0,2885230000.0,1229.08,1217.85,47.81,20.28,2.36,5887800,5548600.0,2026-09-30,16:14:12
300858,科拓生物,15.12,14.7,14.72,15.43,14.72,48376.0,73160000.0,39.84,29.6,50.81,2.22,2.47,2389400,2448300.0,2026-09-30,16:14:30
300859,西域旅游,22.5,22.85,22.93,23.04,22.5,25704.0,58270000.0,34.88,34.88,51.95,4.71,1.66,1091700,1478700.0,2026-09-30,16:14:45
300860,锋尚文化,28.74,29.01,28.92,29.65,28.46,19967.0,57490000.0,54.16,31.45,-161.39,1.76,1.82,949800,1046900.0,2026-09-30,16:14:45
300861,美畅股份,15.1,15.21,15.28,15.38,15.09,54150.0,82240000.0,101.45,63.7,21.64,1.55,1.28,2349900,3065200.0,2026-09-30,16:14:21
300862,蓝盾光电,44.19,46.11,46.45,46.8,43.2,248871.0,1112380000.0,81.58,66.94,-133.44,4.16,16.43,12181800,12705300.0,2026-09-30,16:14:48
300863,卡倍亿,37.45,37.86,37.86,38.1,37.3,35037.0,131840000.0,97.9,94.04,70.96,6.75,1.4,1910900,1592800.0,2026-09-30,16:14:33
300864,南大环境,24.65,24.74,24.7,25.03,24.43,23864.0,58890000.0,39.22,39.22,25.63,2.97,1.5,1116600,1269800.0,2026-09-30,16:14:57
300865,大宏立,28.27,29.16,29.16,30.28,28.05,34359.0,99000000.0,27.05,17.57,121.47,3.05,5.53,1395700,2040200.0,2026-09-30,16:14:00
300866,安克创新,124.63,123.83,125.0,125.4,122.85,28810.0,357860000.0,734.61,387.18,23.85,6.45,0.93,1500900,1380100.0,2026-09-30,16:14:36
300867,圣元环保,16.71,16.84,16.8,16.95,16.7,31251.0,52520000.0,45.41,32.02,13.76,1.11,1.63,1437800,1687300.0,2026-09-30,16:14:51
300868,杰美特,72.71,75.53,76.83,77.35,72.58,22263.0,165240000.0,92.47,58.72,-152.09,6.37,2.76,1009500,1216800.0,2026-09-30,16:14:45
300869,康泰医学,11.35,11.34,11.34,11.56,11.25,49687.0,56770000.0,45.6,29.93,-50.32,2.76,1.88,2015400,2953300.0,2026-09-30,16:14:18
300870,欧陆通,175.3,181.4,183.0,183.51,174.61,32347.0,574610000.0,267.58,267.55,226.03,10.31,2.12,1551600,1683100.0,2026-09-30,16:14:21
300871,回盛生物,21.1,20.62,20.72,21.5,20.6,40936.0,86380000.0,42.58,42.58,12.46,1.89,2.03,2119000,1974600.0,2026-09-30,16:14:54
300872,天阳科技,14.88,15.13,15.23,15.34,14.84,46650.0,69890000.0,72.63,62.8,-56.23,2.03,1.11,2106600,2558500.0,2026-09-30,16:14:45
300873,海晨股份,14.51,14.6,14.76,15.25,14.46,156951.0,232140000.0,46.76,33.94,30.98,1.48,6.71,7311900,8383200.0,2026-09-30,16:14:24
300875,捷强装备,31.3,31.23,31.96,31.96,31.11,13491.0,42360000.0,31.25,27.48,-27.55,3.68,1.54,716300,632800.0,2026-09-30,16:14:39
300876,蒙泰高新,16.07,15.61,15.61,16.2,15.53,40066.0,64020000.0,24.43,18.22,-54.49,2.41,3.53,2001100,2005500.0,2026-09-30,16:14:57
300877,金春股份,26.83,26.67,27.37,27.37,26.57,11825.0,31790000.0,32.2,32.2,31.46,1.95,0.99,582000,600500.0,2026-09-30,16:14:45
300878,维康药业,30.16,29.98,30.17,30.57,29.3,12027.0,36360000.0,43.67,43.47,-23.56,4.92,0.83,561200,641500.0,2026-09-30,16:14:42
300879,大叶股份,17.06,17.32,17.5,17.62,17.06,31298.0,54140000.0,34.53,34.3,-13.75,2.79,1.56,1469600,1660300.0,2026-09-30,16:14:15
300880,迦南智能,18.0,18.23,18.28,18.41,17.9,15315.0,27670000.0,35.12,35.12,71.01,3.3,0.78,721000,810500.0,2026-09-30,16:14:30
300881,盛德鑫泰,29.61,30.0,30.0,30.16,29.48,5502.0,16370000.0,32.57,17.0,14.56,2.59,0.96,241900,308300.0,2026-09-30,16:14:45
300882,万胜智能,13.16,13.2,13.25,13.36,13.09,10745.0,14190000.0,37.66,35.05,47.46,2.98,0.4,423800,650700.0,2026-09-30,16:14:27
300883,龙利得,6.36,6.44,6.44,6.48,6.34,45150.0,28910000.0,22.01,21.03,-176.86,1.56,1.37,2002400,2512600.0,2026-09-30,16:14:15
300884,狄耐克,11.78,11.94,11.95,12.09,11.73,30937.0,36740000.0,29.91,22.55,68.08,2.32,1.62,1561000,1532700.0,2026-09-30,16:14:30
300885,海昌新材,18.26,18.56,18.61,18.84,18.26,23910.0,44190000.0,45.31,30.5,66.21,4.96,1.43,1278700,1112300.0,2026-09-30,16:14:45
300886,华业香料,23.72,24.06,24.06,24.21,23.55,7816.0,18620000.0,17.82,11.19,110.99,2.97,1.66,319300,462300.0,2026-09-30,16:14:15
300887,谱尼测试,6.95,6.97,7.02,7.04,6.92,46669.0,32520000.0,37.93,25.17,-22.68,1.39,1.29,2185800,2481100.0,2026-09-30,16:14:30
300888,稳健医疗,29.25,28.88,29.04,29.43,28.81,18708.0,54650000.0,170.52,169.76,21.6,1.5,0.32,1060800,810000.0,2026-09-30,16:14:30
300889,爱克股份,21.3,21.76,22.06,22.22,21.16,31490.0,67410000.0,46.91,32.03,-50.4,3.32,2.09,1134400,2014600.0,2026-09-30,16:14:45
300890,翔丰华,28.88,27.17,27.0,29.0,27.0,191161.0,537640000.0,34.53,31.57,31.97,1.59,17.49,9637500,9478500.0,2026-09-30,16:14:33
300891,惠云钛业,7.69,7.7,7.67,7.77,7.56,55070.0,42350000.0,30.76,25.64,-51.05,2.51,1.65,2709800,2797200.0,2026-09-30,16:14:45
300892,品渥食品,22.6,22.47,22.5,23.02,22.32,19602.0,44420000.0,22.6,14.91,-175.04,2.21,2.97,956000,1004200.0,2026-09-30,16:14:30
300893,松原安全,15.13,12.61,12.76,15.13,12.76,225226.0,323470000.0,71.71,38.08,21.78,3.37,8.95,8952000,13570600.0,2026-09-30,16:14:45
300894,火星人,10.01,9.95,10.15,10.18,9.9,37832.0,37950000.0,40.54,29.44,-13.39,4.6,1.29,1829900,1953300.0,2026-09-30,16:14:06
300895,铜牛信息,56.8,58.47,59.08,59.2,56.69,44319.0,254740000.0,79.97,38.75,-101.07,11.01,6.5,2051300,2380500.0,2026-09-30,16:14:39
300896,爱美客,95.0,91.93,91.71,95.24,91.6,36470.0,343820000.0,287.46,209.96,26.25,3.78,1.65,2162900,1484200.0,2026-09-30,16:14:30
300897,山科智能,16.45,16.7,16.7,17.03,16.39,37839.0,63180000.0,32.22,19.82,766.4,3.31,3.14,2020900,1763000.0,2026-09-30,16:14:45
300898,熊猫乳品,20.57,20.12,20.18,21.08,19.98,59973.0,123580000.0,25.51,23.6,24.93,2.58,5.23,2834300,3163000.0,2026-09-30,16:14:12
300899,上海凯鑫,30.31,30.64,30.67,31.04,30.08,4848.0,14790000.0,19.33,13.13,329.33,3.05,1.12,246200,238600.0,2026-09-30,16:14:33
300900,广联航空,21.48,22.1,22.1,22.17,21.45,114969.0,249550000.0,70.39,55.15,-50.12,3.62,4.48,5324200,6172800.0,2026-09-30,16:14:30
300901,中胤时尚,16.59,16.77,16.83,16.95,16.56,26230.0,43860000.0,39.82,39.82,421.06,4.1,1.09,1339200,1283800.0,2026-09-30,16:14:45
300902,国安达,17.93,18.17,18.21,18.48,17.92,34643.0,62820000.0,32.6,22.71,-162.0,4.07,2.73,1496700,1967600.0,2026-09-30,16:14:48
300903,科翔股份,92.29,96.5,96.16,96.89,91.9,127523.0,1192760000.0,401.82,324.29,-160.29,22.16,3.63,6074700,6677600.0,2026-09-30,16:14:51
300904,威力传动,50.84,46.94,47.91,53.99,47.3,46284.0,234410000.0,36.8,17.58,-36.0,6.57,13.38,2416700,2211700.0,2026-09-30,16:14:30
300905,宝丽迪,41.49,38.05,38.44,41.8,37.66,177935.0,711840000.0,74.27,57.81,47.58,3.79,12.77,9337000,8456500.0,2026-09-30,16:14:45
300906,日月明,27.96,28.57,28.73,28.83,27.73,5936.0,16760000.0,22.37,20.2,40.54,2.41,0.82,296300,297300.0,2026-09-30,16:14:54
300907,康平科技,52.28,51.5,51.98,56.75,51.9,36905.0,198990000.0,50.19,50.19,133.73,6.26,3.84,1920100,1770500.0,2026-09-30,16:14:30
300908,仲景食品,17.23,16.88,16.89,17.28,16.89,17252.0,29530000.0,36.48,30.73,18.28,2.07,0.97,858600,866600.0,2026-09-30,16:14:57
300909,汇创达,60.97,66.43,66.43,67.73,60.31,109975.0,694980000.0,105.46,78.74,1137.05,5.24,8.52,4734000,6263500.0,2026-09-30,16:14:45
300910,瑞丰新材,28.02,28.09,28.09,28.34,27.89,24497.0,68750000.0,107.33,75.17,13.74,2.83,0.91,958800,1490900.0,2026-09-30,16:14:45
300911,亿田智能,32.01,32.8,32.11,33.7,31.88,80460.0,261690000.0,58.69,54.85,-38.04,5.51,4.7,3389900,4656100.0,2026-09-30,16:14:24
300912,凯龙高科,19.09,19.52,19.72,19.81,19.02,20649.0,39750000.0,21.74,16.41,-19.53,5.08,2.4,1064200,1000700.0,2026-09-30,16:14:48
300913,兆龙互连,35.77,36.25,36.63,37.3,35.65,70494.0,255820000.0,122.61,102.25,49.52,4.64,2.47,3142100,3907300.0,2026-09-30,16:14:45
300915,海融科技,23.18,23.38,23.35,23.6,22.76,13690.0,31740000.0,29.17,13.35,-327.16,1.96,2.38,683300,685700.0,2026-09-30,16:14:51
300916,朗特智能,26.81,27.29,27.51,28.1,26.71,28638.0,78330000.0,38.78,27.53,76.16,2.93,2.79,1352100,1511700.0,2026-09-30,16:14:21
300917,特发服务,34.55,36.18,33.45,37.47,30.06,347875.0,1136620000.0,58.39,58.39,45.34,4.83,20.58,17001000,17786400.0,2026-09-30,16:14:33
300918,南山智尚,10.61,10.65,10.7,10.87,10.59,50596.0,54270000.0,53.7,53.7,42.99,1.38,1.0,1988500,3071200.0,2026-09-30,16:14:45
300919,中伟新材,37.24,37.22,37.09,37.92,36.97,62694.0,234590000.0,388.96,340.68,18.2,1.66,0.69,2993900,3275500.0,2026-09-30,16:14:27
300920,润阳科技,30.94,30.83,30.96,31.5,30.42,11493.0,35530000.0,40.22,26.71,267.72,3.42,1.33,639900,509400.0,2026-09-30,16:14:36
300921,南凌科技,15.86,16.38,16.3,16.44,15.82,58862.0,94060000.0,40.72,25.68,116.85,4.94,3.64,2173600,3712600.0,2026-09-30,16:14:30
300922,天秦装备,16.92,17.06,17.16,17.34,16.89,36467.0,62230000.0,27.22,21.36,77.84,2.75,2.89,1818500,1828200.0,2026-09-30,16:14:45
300923,研奥股份,23.92,23.97,24.1,24.25,23.76,10324.0,24760000.0,18.8,18.35,76.89,1.68,1.35,515000,517400.0,2026-09-30,16:14:03
300925,法本信息,13.69,13.82,13.93,13.99,13.69,36994.0,51020000.0,58.69,47.85,67.14,2.61,1.06,1884900,1814500.0,2026-09-30,16:14:54
300926,博俊科技,16.39,15.82,15.96,16.66,15.87,40206.0,65560000.0,71.19,48.84,9.17,1.94,1.35,2154600,1866100.0,2026-09-30,16:14:57
300927,江天化学,27.57,26.47,26.3,28.63,26.3,121755.0,336780000.0,39.8,38.84,50.6,3.9,8.64,6430100,5745400.0,2026-09-30,16:14:45
300928,华安鑫创,24.27,24.67,24.99,24.99,24.26,10744.0,26290000.0,19.42,13.25,-15.58,1.97,1.97,501800,572600.0,2026-09-30,16:14:30
300929,华骐环保,16.02,15.82,15.95,16.05,15.69,18981.0,30190000.0,21.17,20.08,-43.0,2.76,1.51,1009400,888700.0,2026-09-30,16:14:33
300930,屹通新材,25.48,25.87,25.97,26.2,25.4,7782.0,20010000.0,25.48,12.01,41.51,2.68,1.65,356300,421900.0,2026-09-30,16:14:30
300931,通用电梯,17.82,17.03,17.5,18.66,17.25,172591.0,309830000.0,43.33,34.82,-80.65,7.33,8.83,8537900,8721300.0,2026-09-30,16:14:45
300932,三友联众,10.89,11.02,11.09,11.15,10.84,81215.0,89370000.0,48.8,34.76,43.5,2.73,2.54,3547400,4574100.0,2026-09-30,16:14:03
300933,中辰股份,6.56,6.47,6.53,6.58,6.43,69380.0,45110000.0,35.89,35.89,-607.05,1.68,1.27,3764000,3174000.0,2026-09-30,16:14:33
300935,盈建科,27.18,27.56,27.78,28.0,26.72,11309.0,30800000.0,21.59,16.38,-25.21,2.99,1.88,570100,560800.0,2026-09-30,16:14:36
300936,中英科技,68.66,73.41,73.39,74.13,68.39,20087.0,140990000.0,51.63,32.71,793.52,5.13,4.22,839600,1169100.0,2026-09-30,16:14:45
300937,药易购,24.05,24.09,24.09,24.55,23.88,23970.0,57990000.0,23.01,15.6,-175.23,2.84,3.7,1176600,1220400.0,2026-09-30,16:14:06
300938,信测标准,29.74,30.93,31.38,31.38,29.38,83872.0,251810000.0,101.37,87.99,48.42,5.27,2.83,3172300,5214900.0,2026-09-30,16:14:39
300939,秋田微,99.43,99.99,101.69,103.33,98.01,42178.0,426110000.0,119.32,119.32,189.58,8.25,3.51,2035200,2182700.0,2026-09-30,16:14:30
300940,南极光,13.36,13.61,13.67,13.78,13.33,22548.0,30450000.0,29.75,21.04,131.9,2.53,1.43,978800,1276000.0,2026-09-30,16:14:45
300941,创识科技,14.99,15.14,15.23,15.31,14.84,23218.0,34810000.0,30.69,19.0,131.59,2.41,1.83,1161600,1160200.0,2026-09-30,16:14:39
300942,易瑞生物,6.65,6.58,6.61,6.68,6.57,48912.0,32490000.0,26.94,26.94,-323.65,3.32,1.21,2784000,2107200.0,2026-09-30,16:14:42
300943,春晖智控,31.78,32.43,33.5,33.99,31.7,65297.0,211570000.0,64.77,42.69,106.15,6.39,4.86,3061600,3468100.0,2026-09-30,16:14:42
300945,曼卡龙,11.19,11.25,11.3,11.36,11.14,28977.0,32470000.0,29.33,26.71,24.74,1.71,1.21,1271800,1625900.0,2026-09-30,16:14:45
300946,恒而达,36.21,36.5,37.0,37.99,36.16,7819.0,28780000.0,56.49,27.45,246.22,4.79,1.03,323100,458800.0,2026-09-30,16:14:42
300947,德必集团,15.95,15.95,15.71,16.2,15.35,62300.0,98260000.0,24.11,24.1,-38.76,2.03,4.12,3774700,2455300.0,2026-09-30,16:14:45
300948,冠中生态,17.77,17.86,18.0,18.29,17.6,21896.0,38960000.0,29.21,27.57,-55.0,2.94,1.41,1016300,1173300.0,2026-09-30,16:14:45
300949,奥雅股份,23.9,24.35,24.45,24.79,23.71,6516.0,15690000.0,20.79,11.89,-17.52,3.76,1.31,306100,345500.0,2026-09-30,16:14:45
300950,德固特,19.86,20.25,20.31,20.66,19.77,18957.0,38010000.0,30.51,19.39,56.44,3.74,1.94,782400,1113300.0,2026-09-30,16:14:12
300951,博硕科技,81.89,78.69,78.93,84.17,78.2,57858.0,473520000.0,138.72,123.97,945.45,6.4,3.82,2910100,2875700.0,2026-09-30,16:14:15
300952,恒辉安防,16.49,16.58,16.71,16.95,16.48,34632.0,57810000.0,39.79,24.5,58.37,2.3,2.33,1551900,1911300.0,2026-09-30,16:14:42
300953,震裕科技,92.15,93.0,93.73,96.07,91.6,56871.0,530630000.0,225.91,162.77,31.16,4.59,3.22,2603100,3084100.0,2026-09-30,16:14:45
300955,嘉亨家化,29.08,27.74,27.91,29.51,27.91,18562.0,53540000.0,29.31,29.31,-207.32,3.41,1.84,972700,883500.0,2026-09-30,16:14:48
300956,英力股份,11.18,11.32,11.73,11.73,11.11,40593.0,45910000.0,24.08,23.53,-96.16,1.83,1.93,2010100,2049200.0,2026-09-30,16:14:48
300957,贝泰妮,32.7,32.31,32.19,32.89,32.18,43637.0,142560000.0,138.52,138.52,25.15,2.27,1.03,2200000,2163800.0,2026-09-30,16:14:48
300958,建工修复,12.42,12.6,12.6,12.65,12.36,15906.0,19850000.0,19.47,11.31,-41.23,1.58,1.75,773800,816800.0,2026-09-30,16:14:51
300959,线上线下,85.62,90.09,90.66,90.99,85.42,20751.0,180640000.0,68.81,50.81,-266.14,6.24,3.5,770100,1305000.0,2026-09-30,16:14:15
300960,通业科技,19.35,19.35,19.42,19.69,19.08,33898.0,65610000.0,28.09,25.46,63.37,4.44,2.58,1898100,1491700.0,2026-09-30,16:14:45
300961,深水海纳,12.11,12.13,12.13,12.46,12.08,55331.0,67880000.0,21.47,18.54,-9.8,4.11,3.61,2680000,2853100.0,2026-09-30,16:14:48
300962,中金辐照,12.91,12.92,12.98,13.07,12.88,14395.0,18680000.0,34.08,34.08,36.17,3.26,0.55,664700,774800.0,2026-09-30,16:14:51
300963,中洲特材,10.59,10.72,10.92,10.92,10.58,27738.0,29550000.0,48.57,36.07,80.39,4.3,0.81,1256000,1517800.0,2026-09-30,16:14:51
300964,本川智能,68.98,74.31,74.31,74.95,68.86,58685.0,414600000.0,73.71,59.6,139.1,6.99,6.79,2355500,3513000.0,2026-09-30,16:14:54
300965,恒宇信通,42.33,42.44,42.57,45.22,42.06,7276.0,31470000.0,25.4,23.28,1039.13,2.12,1.32,287800,439800.0,2026-09-30,16:14:57
300966,共同药业,25.7,25.02,25.88,25.88,25.1,22163.0,56780000.0,29.63,19.7,-31.17,4.28,2.89,1148600,1067700.0,2026-09-30,16:14:45
300967,晓鸣股份,15.8,15.94,15.96,16.1,15.73,17838.0,28280000.0,29.64,19.72,-30.19,4.38,1.43,859100,924800.0,2026-09-30,16:14:18
300968,格林精密,9.64,9.65,9.7,9.73,9.45,47625.0,45540000.0,39.85,39.85,-41.35,2.28,1.15,2341800,2420700.0,2026-09-30,16:14:51
300969,恒帅股份,75.65,74.88,75.6,78.85,74.01,16134.0,123680000.0,124.16,59.22,77.35,6.99,2.06,897200,716200.0,2026-09-30,16:14:30
300970,华绿生物,17.45,16.95,17.14,17.57,17.14,75901.0,131980000.0,27.9,21.59,13.28,1.7,6.14,3698400,3891700.0,2026-09-30,16:14:54
300971,博亚精工,17.56,17.8,17.8,17.92,17.5,16034.0,28340000.0,20.65,16.2,28.47,1.95,1.74,837800,765600.0,2026-09-30,16:14:54
300972,万辰集团,152.27,150.5,148.2,153.22,148.2,21651.0,325790000.0,300.58,275.28,14.43,11.27,1.2,1021500,1143600.0,2026-09-30,16:14:54
300973,立高食品,25.8,25.44,25.5,26.0,25.39,19622.0,50500000.0,43.69,30.59,16.78,1.74,1.65,1076500,885800.0,2026-09-30,16:14:57
300975,商络电子,23.09,24.11,24.3,24.35,23.04,254100.0,596530000.0,158.63,114.19,21.99,5.6,5.14,10109400,15300600.0,2026-09-30,16:14:45
300976,达瑞电子,56.02,58.37,59.53,59.55,55.66,37181.0,211860000.0,104.83,67.43,33.54,2.85,3.09,1626800,2091300.0,2026-09-30,16:14:18
300977,深圳瑞捷,19.05,19.94,19.63,19.67,18.86,44669.0,85310000.0,29.18,18.24,168.75,2.1,4.66,1937800,2529100.0,2026-09-30,16:14:57
300978,东箭科技,8.75,8.85,8.85,8.92,8.73,31661.0,27860000.0,36.99,25.12,29.52,2.34,1.1,1512500,1653600.0,2026-09-30,16:14:30
300979,华利集团,33.43,33.85,33.67,33.97,33.11,22168.0,74280000.0,390.13,390.13,15.68,2.73,0.19,1164100,1052700.0,2026-09-30,16:14:45
300980,祥源新材,15.98,16.47,16.63,16.69,15.87,52446.0,85200000.0,30.67,22.16,32.7,2.13,3.78,2421400,2823100.0,2026-09-30,16:14:03
300981,中红医疗,20.3,17.9,18.01,21.46,17.9,373198.0,739360000.0,87.06,79.78,214.88,1.66,9.5,19142100,18177700.0,2026-09-30,16:14:15
300982,苏文电能,14.33,14.38,14.47,14.5,14.25,11024.0,15840000.0,29.66,27.79,-40.52,1.04,0.57,464300,638100.0,2026-09-30,16:14:30
300983,尤安设计,37.04,37.93,38.19,38.57,36.2,9277.0,34490000.0,64.01,56.6,-72.17,2.33,0.61,379700,548000.0,2026-09-30,16:14:45
300984,金沃股份,32.63,32.9,32.98,33.77,32.0,56890.0,186660000.0,62.8,40.47,123.58,3.53,4.59,2754700,2934300.0,2026-09-30,16:14:06
300985,致远新能,34.91,34.79,34.98,35.49,34.58,12670.0,44320000.0,65.11,65.11,-66.04,7.69,0.68,612000,655000.0,2026-09-30,16:14:15
300986,志特新材,11.27,11.15,11.28,11.58,11.01,202989.0,229600000.0,64.88,64.84,37.65,2.91,3.53,9366600,10932300.0,2026-09-30,16:14:30
300987,川网传媒,14.29,14.59,14.55,15.08,14.26,67035.0,97420000.0,24.77,24.77,132.97,3.15,3.87,2880400,3823100.0,2026-09-30,16:14:45
300988,津荣天宇,16.28,16.55,16.5,16.78,16.2,33053.0,54340000.0,32.06,26.39,32.75,2.43,2.04,1619300,1686000.0,2026-09-30,16:14:57
300989,蕾奥规划,14.65,14.85,14.85,15.0,14.57,18547.0,27330000.0,30.85,23.86,-81.78,3.27,1.14,769100,1085500.0,2026-09-30,16:14:15
300990,同飞股份,97.02,98.41,98.8,99.07,94.7,40854.0,394630000.0,166.11,80.38,64.9,7.59,4.93,2143900,1941500.0,2026-09-30,16:14:30
300991,创益通,26.08,27.14,27.44,27.44,26.01,36967.0,98220000.0,37.56,27.41,-193.32,6.09,3.52,1479700,2217000.0,2026-09-30,16:14:45
300992,泰福泵业,26.86,27.69,27.7,27.85,26.82,22942.0,62300000.0,25.6,20.95,-1368.29,2.93,2.94,1100300,1193900.0,2026-09-30,16:14:06
300993,玉马科技,9.76,9.82,9.82,9.89,9.73,14938.0,14620000.0,30.07,23.67,23.44,1.93,0.62,759500,734300.0,2026-09-30,16:14:15
300994,久祺股份,11.42,11.55,11.6,11.63,11.42,15122.0,17410000.0,26.62,13.52,31.47,2.4,1.28,730000,782200.0,2026-09-30,16:14:30
300995,奇德新材,25.95,26.48,26.62,26.63,25.94,9184.0,24060000.0,23.9,15.76,90.38,2.66,1.51,458500,459900.0,2026-09-30,16:14:45
300996,普联软件,11.99,12.2,12.3,12.38,11.98,86251.0,104180000.0,47.46,39.94,69.45,3.69,2.59,3493800,5131300.0,2026-09-30,16:14:27
300997,欢乐家,15.25,14.92,15.22,15.48,14.95,74934.0,114190000.0,66.33,60.18,135.78,6.79,1.9,3926600,3566800.0,2026-09-30,16:14:21
300998,宁波方正,29.67,29.28,29.76,30.04,29.11,19848.0,58770000.0,40.7,31.95,83.3,3.23,1.84,1028200,956600.0,2026-09-30,16:14:30
300999,金龙鱼,24.1,23.97,23.99,24.2,23.94,76489.0,184160000.0,1306.6,130.78,35.39,1.34,1.41,3688100,3960800.0,2026-09-30,16:14:45
301000,肇民科技,23.49,23.52,23.56,24.12,23.34,24936.0,59030000.0,57.22,54.02,41.13,4.4,1.08,1274900,1218700.0,2026-09-30,16:14:15
301001,凯淳股份,25.27,25.79,25.81,25.93,25.1,7582.0,19240000.0,20.22,12.39,-166.68,2.63,1.55,343400,414800.0,2026-09-30,16:14:33
301002,崧盛股份,28.17,28.07,28.18,29.58,27.53,73605.0,210590000.0,38.01,24.73,109.82,3.4,8.38,3549600,3810900.0,2026-09-30,16:14:30
301003,江苏博云,57.14,57.26,56.69,58.49,56.44,11219.0,64210000.0,55.5,42.94,54.3,4.8,1.49,481000,640900.0,2026-09-30,16:14:45
301004,嘉益股份,35.14,36.49,36.49,36.75,35.0,25080.0,89400000.0,51.24,47.83,16.92,2.88,1.84,1121800,1386200.0,2026-09-30,16:14:24
301005,超捷股份,56.75,57.37,57.83,58.69,56.62,35117.0,201930000.0,106.67,104.5,1767.75,13.37,1.91,1678200,1833500.0,2026-09-30,16:14:27
301006,迈拓股份,13.87,14.1,14.16,14.22,13.83,9506.0,13310000.0,19.32,11.96,29.03,1.49,1.1,446000,504600.0,2026-09-30,16:14:36
301007,德迈仕,31.52,31.7,31.95,32.25,31.45,17513.0,55730000.0,48.33,47.7,112.62,7.39,1.16,774400,976900.0,2026-09-30,16:14:45
301008,宏昌科技,51.63,54.5,55.48,55.48,51.51,81180.0,429950000.0,67.62,59.71,132.6,4.35,7.02,3494900,4623100.0,2026-09-30,16:14:03
301009,可靠股份,9.25,9.31,9.38,9.39,9.23,16052.0,14920000.0,25.15,13.97,-36581.51,1.93,1.06,627400,977800.0,2026-09-30,16:14:15
301010,晶雪节能,19.92,19.7,19.7,20.13,19.3,37357.0,73640000.0,21.51,21.51,362.81,2.58,3.46,1758000,1977700.0,2026-09-30,16:14:30
301011,华立科技,15.4,15.66,15.66,15.96,15.31,23360.0,36280000.0,23.79,22.59,-31.8,2.87,1.59,1185700,1150300.0,2026-09-30,16:14:45
301012,扬电科技,21.86,22.09,22.12,22.3,21.83,23324.0,51310000.0,43.06,43.06,88.39,3.61,1.18,954800,1377700.0,2026-09-30,16:14:33
301013,利和兴,32.9,34.0,34.39,34.65,32.83,99016.0,330560000.0,76.9,62.26,-46.2,12.21,5.23,4597300,5304300.0,2026-09-30,16:14:39
301015,百洋医药,25.68,25.04,25.01,25.88,24.91,64984.0,165840000.0,134.98,134.96,25.17,5.88,1.24,3067700,3430800.0,2026-09-30,16:14:30
301016,雷尔伟,14.99,15.27,15.25,15.6,14.87,33733.0,51080000.0,45.93,44.04,68.44,4.46,1.15,1645700,1727600.0,2026-09-30,16:14:45
301017,漱玉平民,14.84,14.04,14.13,15.01,14.0,192332.0,283740000.0,60.19,38.39,58.01,3.01,7.43,11166300,8066800.0,2026-09-30,16:14:36
301018,申菱环境,88.31,91.5,92.19,92.75,88.08,74637.0,666660000.0,330.53,249.76,274.51,12.11,2.64,4052800,3410900.0,2026-09-30,16:14:39
301019,宁波色母,15.9,15.9,15.99,16.59,15.81,22656.0,36380000.0,31.48,23.08,26.92,2.96,1.56,1082700,1182800.0,2026-09-30,16:14:30
301020,密封科技,22.08,22.17,22.17,22.39,22.04,29683.0,65860000.0,32.33,32.33,33.18,3.27,2.03,1256300,1712000.0,2026-09-30,16:14:45
301021,英诺激光,76.38,80.29,81.13,81.7,76.03,61371.0,480870000.0,116.76,116.62,155.69,11.1,4.02,2818200,3319000.0,2026-09-30,16:14:30
301022,海泰科,22.31,22.57,22.94,22.94,22.27,9069.0,20350000.0,22.36,15.11,-971.01,1.64,1.34,449300,457600.0,2026-09-30,16:14:33
301023,奕帆传动,28.81,30.03,30.03,30.08,28.66,23774.0,69500000.0,26.88,19.23,45.0,3.31,3.56,921400,1456000.0,2026-09-30,16:14:36
301024,霍普股份,33.57,33.88,33.99,35.49,33.2,9436.0,32200000.0,21.35,20.67,-25.48,6.34,1.53,504900,438700.0,2026-09-30,16:14:45
301025,读客文化,9.97,10.1,10.17,10.32,9.93,100516.0,101470000.0,39.91,27.63,294.27,6.37,3.63,4814700,5236900.0,2026-09-30,16:14:42
301026,浩通科技,18.6,18.61,18.79,18.79,18.5,15241.0,28400000.0,41.21,29.77,17.47,2.38,0.95,752500,771600.0,2026-09-30,16:14:42
301027,华蓝集团,18.87,18.42,18.41,18.9,18.21,29500.0,54700000.0,27.74,23.87,-77.56,3.12,2.33,1236900,1713100.0,2026-09-30,16:14:30
301028,鼎熔岩,13.04,13.16,13.29,13.34,12.98,34628.0,45450000.0,50.38,32.68,20.94,2.86,1.38,1564800,1898000.0,2026-09-30,16:14:45
301029,怡合达,24.11,24.25,24.3,24.38,23.95,38043.0,91890000.0,153.3,109.17,27.95,3.62,0.84,1784000,2020300.0,2026-09-30,16:14:42
301030,*ST仕净,4.18,4.97,4.92,4.95,4.06,287950.0,127060000.0,8.46,8.45,-0.44,-0.73,14.25,12203500,16591500.0,2026-09-30,16:14:48
301031,中熔电气,92.64,95.34,94.94,95.42,92.03,12621.0,117670000.0,135.4,106.44,26.12,7.69,1.1,590900,671200.0,2026-09-30,16:14:33
301032,新柴股份,10.25,10.44,10.48,10.52,10.24,25658.0,26540000.0,24.72,16.8,21.86,1.95,1.57,1092200,1473600.0,2026-09-30,16:14:45
301033,迈普医学,53.66,53.39,53.87,54.98,53.4,8810.0,47750000.0,36.29,30.55,29.65,4.41,1.55,438900,442200.0,2026-09-30,16:14:45
301035,润丰股份,49.5,48.88,49.14,49.68,48.62,10958.0,54000000.0,180.43,180.06,18.21,2.41,0.3,630700,465000.0,2026-09-30,16:14:48
301036,双乐股份,22.4,22.65,22.68,23.0,22.3,7736.0,17440000.0,22.4,15.61,360.91,1.38,1.11,366900,406700.0,2026-09-30,16:14:48
301037,保立佳,13.34,13.35,13.41,13.75,13.17,15996.0,21430000.0,18.55,9.07,-19.89,3.42,2.35,714900,884700.0,2026-09-30,16:14:51
301038,深水规院,17.13,17.41,17.35,17.55,16.78,52258.0,89100000.0,38.21,38.21,59.25,4.16,2.34,2446500,2779300.0,2026-09-30,16:14:09
301039,中集车辆,7.22,7.15,7.15,7.29,7.11,103380.0,74800000.0,135.31,104.47,16.21,0.96,0.71,5390100,4948000.0,2026-09-30,16:14:51
301040,中环海陆,25.93,26.3,26.32,27.25,25.79,14816.0,38970000.0,25.93,24.47,-31.69,3.81,1.57,804600,677000.0,2026-09-30,16:14:36
301041,金百泽,37.2,39.49,39.5,39.52,37.13,121301.0,463570000.0,39.68,29.39,142.21,5.78,15.35,5348600,6781500.0,2026-09-30,16:14:54
301042,安联锐视,29.18,29.61,29.73,30.62,29.18,20348.0,60260000.0,28.24,26.92,98.43,2.67,2.21,913200,1121600.0,2026-09-30,16:14:54
301043,绿岛风,47.37,48.46,47.85,49.42,47.29,5619.0,26900000.0,32.21,26.88,56.64,3.86,0.99,252100,309800.0,2026-09-30,16:14:39
301045,天禄科技,65.09,65.68,65.93,67.67,65.0,24814.0,164130000.0,71.81,59.04,242.01,6.97,2.74,1097100,1384300.0,2026-09-30,16:14:57
301046,能辉科技,33.14,33.43,33.43,33.94,33.0,30527.0,101920000.0,55.87,43.15,-124.09,5.12,2.34,1343300,1709300.0,2026-09-30,16:14:45
301047,义翘神州,159.0,143.26,142.89,165.0,142.89,145689.0,2302740000.0,193.4,190.13,117.04,3.78,12.18,7970300,6598600.0,2026-09-30,16:14:12
301048,金鹰重工,9.06,9.06,9.12,9.14,9.02,21108.0,19160000.0,48.32,48.32,23.2,1.69,0.4,1025000,1085800.0,2026-09-30,16:14:18
301049,超越科技,20.88,21.06,21.16,21.39,20.69,8017.0,16740000.0,19.68,7.51,-16.56,3.87,2.23,344900,456800.0,2026-09-30,16:14:57
301050,雷电微力,26.64,26.92,27.1,27.25,26.55,22792.0,61070000.0,65.96,65.65,-152.04,2.17,0.92,984800,1294400.0,2026-09-30,16:14:45
301051,信濠光电,17.75,17.83,17.91,18.24,17.5,61267.0,109580000.0,50.46,40.09,-25.16,2.66,2.71,3087200,3039500.0,2026-09-30,16:14:15
301052,果麦文化,24.34,24.61,24.86,25.4,23.84,38137.0,93990000.0,24.09,19.53,-49.73,3.69,4.75,1893100,1920600.0,2026-09-30,16:14:21
301053,远信工业,33.98,33.82,34.03,35.18,33.68,13260.0,45590000.0,44.81,41.87,158.6,4.74,1.08,727800,598200.0,2026-09-30,16:14:30
301055,张小泉,29.85,29.69,29.91,30.45,29.58,17052.0,50930000.0,46.57,45.57,74.8,6.91,1.12,847100,858100.0,2026-09-30,16:14:51
301056,森赫股份,12.99,13.03,13.44,13.44,12.95,26636.0,34980000.0,34.66,22.86,51.37,4.55,1.51,1339500,1324100.0,2026-09-30,16:14:06
301057,汇隆新材,22.93,23.93,24.42,24.51,22.9,51596.0,121610000.0,26.82,18.93,65.11,3.44,6.25,2365400,2794200.0,2026-09-30,16:14:15
301058,中粮科工,8.58,8.49,8.49,8.63,8.44,63655.0,54390000.0,44.68,43.95,18.91,1.93,1.24,3290300,3075200.0,2026-09-30,16:14:45
301059,金三江,12.85,13.0,13.03,13.17,12.81,17174.0,22190000.0,29.7,26.54,33.01,4.75,0.83,897100,820300.0,2026-09-30,16:14:45
301060,兰卫医学,12.02,11.78,11.95,12.7,11.78,193011.0,235190000.0,48.14,43.29,124.62,3.1,5.36,9984400,9316600.0,2026-09-30,16:14:54
301061,匠心家居,41.21,40.19,40.84,41.95,40.07,28258.0,116350000.0,117.2,77.98,15.99,2.78,1.49,1409000,1416800.0,2026-09-30,16:14:48
301062,上海艾录,6.87,6.93,6.99,7.0,6.85,41960.0,28970000.0,29.77,18.91,-27.39,2.21,1.52,1801900,2394100.0,2026-09-30,16:14:57
301063,海锅股份,18.71,19.14,19.09,19.29,18.6,30451.0,57340000.0,19.53,18.08,89.21,1.24,3.15,1383100,1662000.0,2026-09-30,16:14:45
301065,本立科技,20.06,20.04,20.21,20.29,20.0,13823.0,27850000.0,21.27,17.31,26.94,1.53,1.6,758600,623700.0,2026-09-30,16:14:27
301066,万事利,12.3,12.43,12.32,12.65,12.3,30210.0,37550000.0,28.9,28.67,84.99,2.25,1.3,1213200,1807800.0,2026-09-30,16:14:15
301067,显盈科技,31.75,32.9,33.26,33.35,31.66,16398.0,52740000.0,30.87,20.96,-38.91,4.08,2.48,756900,882900.0,2026-09-30,16:14:30
301068,大地海洋,23.41,23.64,23.72,23.81,23.14,11688.0,27410000.0,33.08,23.49,85.79,4.08,1.17,457700,711200.0,2026-09-30,16:14:45
301069,凯盛新材,15.47,15.47,15.56,15.75,15.46,25798.0,40280000.0,70.11,66.02,52.27,3.03,0.6,1262800,1316900.0,2026-09-30,16:14:51
301070,开勒股份,62.71,64.55,64.56,66.28,62.63,17986.0,115090000.0,79.12,53.19,-4964.53,10.66,2.12,757000,1041700.0,2026-09-30,16:14:54
301071,力量钻石,61.62,63.78,64.0,64.81,61.46,116648.0,730780000.0,156.79,115.26,90.39,2.95,6.24,5844900,5819900.0,2026-09-30,16:14:30
301072,中捷精工,44.8,45.16,45.21,46.31,44.5,17940.0,81530000.0,46.98,30.43,-88.45,6.66,2.64,983500,810500.0,2026-09-30,16:14:57
301073,君亭酒店,17.26,17.14,17.3,17.45,17.05,35191.0,60680000.0,33.56,30.75,127.04,3.86,1.98,1767400,1751700.0,2026-09-30,16:14:00
301075,多瑞医药,63.17,64.02,64.1,64.76,63.0,6092.0,38780000.0,50.54,35.75,-104.98,7.66,1.08,292700,316500.0,2026-09-30,16:14:15
301076,新瀚新材,20.4,20.61,20.69,20.92,20.3,20247.0,41650000.0,46.55,31.08,68.51,3.84,1.33,855900,1168800.0,2026-09-30,16:14:30
301077,星华新材,21.25,21.49,21.55,21.72,21.16,6919.0,14780000.0,36.18,20.31,30.98,3.06,0.72,328300,363600.0,2026-09-30,16:14:45
301078,孩子王,6.97,6.86,6.87,7.0,6.84,114349.0,79280000.0,88.14,87.89,27.03,2.01,0.91,6857800,4577100.0,2026-09-30,16:14:33
301079,邵阳液压,27.91,26.69,26.96,29.6,26.69,71678.0,202850000.0,30.27,21.47,415.68,6.32,9.32,3778600,3389200.0,2026-09-30,16:14:36
301080,百普赛斯,141.07,123.0,120.51,141.07,120.47,209411.0,2810190000.0,236.54,178.93,131.33,8.87,16.51,11490600,9450500.0,2026-09-30,16:14:30
301081,严牌股份,17.67,18.78,18.5,18.77,17.34,118514.0,212070000.0,41.42,39.79,8211.0,3.71,5.26,4036800,7814600.0,2026-09-30,16:14:45
301082,久盛电气,9.51,9.64,9.68,9.77,9.48,31971.0,30620000.0,27.98,25.93,63.17,2.69,1.17,1330300,1866800.0,2026-09-30,16:14:06
301083,百胜智能,14.24,14.36,14.44,14.53,14.2,12267.0,17540000.0,25.33,12.38,137.32,3.05,1.41,577300,649400.0,2026-09-30,16:14:21
301085,亚康股份,75.23,76.33,76.47,80.9,74.89,55328.0,430070000.0,65.28,44.93,-58.95,6.7,9.26,2537400,2995400.0,2026-09-30,16:14:39
301086,鸿富瀚,150.7,157.31,159.22,160.5,147.86,36858.0,563180000.0,189.68,105.13,124.92,9.61,5.28,1761600,1924200.0,2026-09-30,16:14:45
301087,可孚医疗,52.1,52.12,52.34,53.03,51.86,14240.0,74880000.0,122.9,101.07,30.24,2.27,0.73,691000,733000.0,2026-09-30,16:14:24
301088,戎美股份,13.35,13.61,13.59,13.61,13.32,12643.0,16960000.0,30.42,25.1,46.69,1.26,0.67,593600,670700.0,2026-09-30,16:14:15
301089,拓新药业,24.5,24.18,24.15,24.85,24.15,19509.0,48070000.0,31.0,21.96,-39.08,2.13,2.18,984100,966800.0,2026-09-30,16:14:30
301090,华润材料,6.94,6.85,6.86,7.0,6.85,48185.0,33480000.0,102.08,102.08,35.46,1.6,0.33,2148700,2669800.0,2026-09-30,16:14:45
301091,深城交,19.99,20.23,20.1,20.1,19.62,66547.0,132430000.0,105.4,105.4,96.6,4.35,1.26,3104600,3550100.0,2026-09-30,16:14:12
301092,争光股份,41.79,42.6,42.9,43.16,41.26,14175.0,59760000.0,56.22,25.49,65.83,2.87,2.32,611500,806000.0,2026-09-30,16:14:15
301093,华兰股份,63.11,63.11,63.77,66.2,62.34,47822.0,307650000.0,134.51,128.42,557.75,6.16,2.35,2266400,2515900.0,2026-09-30,16:14:30
301095,广立微,68.11,70.42,71.13,71.32,68.08,34793.0,240380000.0,136.41,118.85,126.56,4.34,1.99,1619300,1860000.0,2026-09-30,16:14:45
301096,百诚医药,49.3,47.09,47.78,50.99,47.0,40110.0,198500000.0,53.85,40.98,-58.6,2.16,4.83,1851200,2159800.0,2026-09-30,16:14:12
301097,天益医疗,34.7,34.52,34.85,35.45,34.33,11438.0,39930000.0,28.32,13.74,-295.42,2.78,2.89,732500,411300.0,2026-09-30,16:14:15
301098,金埔园林,8.88,8.74,8.78,9.0,8.65,51148.0,45090000.0,20.55,17.14,-7.4,1.49,2.65,2492200,2622600.0,2026-09-30,16:14:33
301099,雅创电子,50.7,54.28,54.12,54.48,50.2,150432.0,781630000.0,95.79,58.29,29.16,6.07,13.08,6724700,8318500.0,2026-09-30,16:14:45
301100,风光股份,16.03,16.04,16.01,16.27,15.9,18216.0,29210000.0,32.26,14.22,-109.56,1.6,2.05,806300,1015300.0,2026-09-30,16:14:24
301101,明月镜片,29.9,30.23,30.25,30.46,29.85,12023.0,36150000.0,60.25,58.04,28.9,3.4,0.62,620800,581500.0,2026-09-30,16:14:36
301102,兆讯传媒,9.45,9.53,9.58,9.64,9.42,15994.0,15250000.0,38.37,38.37,-101.66,1.32,0.39,749300,850100.0,2026-09-30,16:14:30
301103,何氏眼科,17.03,17.02,17.2,17.28,16.76,37195.0,63550000.0,26.91,20.71,109.64,1.41,3.06,1928800,1790700.0,2026-09-30,16:14:45
301105,鸿铭股份,48.5,49.22,50.09,50.5,48.2,3671.0,17930000.0,24.25,9.61,-90.23,3.19,1.85,187800,179300.0,2026-09-30,16:14:42
301106,骏成科技,18.5,18.93,19.01,19.15,18.41,20506.0,38260000.0,26.45,26.45,56.82,2.1,1.43,941600,1109000.0,2026-09-30,16:14:15
301107,瑜欣电子,23.05,23.99,24.5,24.54,23.02,31544.0,74290000.0,32.77,18.71,65.37,3.46,3.89,1227500,1926800.0,2026-09-30,16:14:30
301108,洁雅股份,51.23,55.39,55.4,56.56,51.01,46520.0,246700000.0,57.66,33.21,66.78,3.03,7.18,2211400,2440700.0,2026-09-30,16:14:45
301109,军信股份,12.92,12.72,12.78,12.97,12.71,29637.0,38210000.0,101.95,80.66,13.7,1.37,0.47,1822200,1141500.0,2026-09-30,16:14:15
301110,青木科技,35.36,36.2,36.41,36.41,35.2,19854.0,70640000.0,45.81,32.19,28.97,2.95,2.18,711100,1274300.0,2026-09-30,16:14:39
301111,粤万年青,21.3,22.0,22.23,22.73,21.22,50403.0,109890000.0,34.08,34.08,575.11,4.57,3.15,2262800,2777500.0,2026-09-30,16:14:30
301112,信邦智能,29.24,29.84,30.03,30.15,29.2,7012.0,20720000.0,32.24,32.24,-34.71,2.84,0.64,350400,350800.0,2026-09-30,16:14:45
301113,雅艺科技,17.69,17.79,17.87,17.93,17.54,8677.0,15390000.0,20.93,12.68,267.67,3.09,1.21,393100,474600.0,2026-09-30,16:14:27
301115,联检科技,33.52,34.43,34.46,35.0,33.41,51267.0,174370000.0,61.03,50.01,-176.88,2.5,3.44,2087800,3038900.0,2026-09-30,16:14:18
301116,益客食品,9.31,9.18,9.18,9.51,9.18,32216.0,30120000.0,41.8,41.8,-64.47,2.66,0.72,1510100,1711500.0,2026-09-30,16:14:30
301117,ST佳缘,12.08,12.12,12.21,12.21,11.9,36387.0,43630000.0,21.84,14.0,-18.88,1.83,3.14,1313800,2324900.0,2026-09-30,16:14:45
301118,恒光股份,24.13,23.2,23.4,24.46,23.29,42930.0,103640000.0,26.57,25.56,67.34,1.89,4.05,2129100,2163900.0,2026-09-30,16:14:21
301119,正强股份,27.7,26.07,26.33,28.45,25.67,55845.0,152890000.0,40.33,32.62,41.21,3.75,4.74,2769600,2814900.0,2026-09-30,16:14:45
301120,新特电气,14.25,14.39,14.6,14.68,14.21,32373.0,46570000.0,53.17,32.17,108.85,3.39,1.43,1626400,1610900.0,2026-09-30,16:14:30
301121,紫建电子,35.31,35.92,35.91,36.27,35.17,10243.0,36550000.0,34.9,27.1,-1733.48,2.1,1.33,393900,630500.0,2026-09-30,16:14:45
301122,采纳股份,66.67,67.91,67.12,69.8,65.56,86870.0,587860000.0,81.5,50.43,1327.3,4.31,11.48,4160800,4526300.0,2026-09-30,16:14:45
301123,奕东电子,67.6,69.95,70.11,70.47,67.5,38727.0,265830000.0,158.62,111.57,-296.07,5.61,2.35,1897600,1975200.0,2026-09-30,16:14:30
301125,腾亚精工,14.85,14.79,14.95,15.15,14.7,39636.0,59140000.0,30.82,26.14,-287.93,4.4,2.25,1634100,2329500.0,2026-09-30,16:14:30
301126,达嘉维康,10.52,10.54,10.54,10.69,10.47,26106.0,27630000.0,21.61,14.68,-9.15,1.44,1.87,1309700,1300900.0,2026-09-30,16:14:45
301127,武汉天源,15.0,15.47,15.54,15.59,14.85,103499.0,156130000.0,101.11,98.16,60.84,2.97,1.58,4249300,6100600.0,2026-09-30,16:14:33
301128,强瑞技术,105.8,107.6,108.5,108.5,102.0,61341.0,642190000.0,153.22,134.78,88.64,15.96,4.82,2292800,3841300.0,2026-09-30,16:14:30
301129,瑞纳智能,23.15,23.73,23.74,23.89,23.12,15005.0,35010000.0,31.45,15.62,24.72,1.73,2.22,649800,850700.0,2026-09-30,16:14:33
301130,西点药业,28.51,27.98,27.98,29.02,27.98,44233.0,126770000.0,21.81,16.83,370.73,2.5,7.49,2204000,2219300.0,2026-09-30,16:14:48
301131,聚赛龙,33.7,34.05,34.06,34.29,33.45,4954.0,16750000.0,18.42,13.2,123.69,1.72,1.27,198400,297000.0,2026-09-30,16:14:51
301132,满坤科技,66.62,71.42,71.41,71.82,66.0,118252.0,811860000.0,98.66,63.12,98.44,5.48,12.48,5343200,6482000.0,2026-09-30,16:14:27
301133,金钟股份,25.77,25.81,25.99,26.3,25.6,15626.0,40560000.0,31.3,28.64,-47.39,2.35,1.41,705400,857200.0,2026-09-30,16:14:48
301135,瑞德智能,18.03,18.49,18.45,18.66,17.98,16558.0,30090000.0,23.4,18.17,290.87,1.94,1.64,815400,840400.0,2026-09-30,16:14:45
301136,招标股份,12.25,12.35,12.5,12.93,12.12,149160.0,185020000.0,33.71,33.68,302.89,2.33,5.42,6873700,8042300.0,2026-09-30,16:14:36
301137,哈焊华通,29.78,30.13,30.31,30.55,29.7,14345.0,43140000.0,54.14,54.14,123.6,3.91,0.79,649400,785100.0,2026-09-30,16:14:54
301138,华研精机,28.36,28.75,28.69,29.04,28.19,9169.0,26220000.0,34.03,19.44,32.28,3.09,1.34,425000,491900.0,2026-09-30,16:14:51
301139,元道退,0.91,3.31,0.8,1.27,0.75,329008.0,28660000.0,1.11,0.69,-1.78,0.06,43.2,15251800,17649000.0,2026-09-30,16:14:45
301141,中科磁业,35.33,35.81,36.18,36.19,35.25,9866.0,35100000.0,43.82,15.73,213.64,3.48,2.22,497800,488800.0,2026-09-30,16:14:39
301148,嘉戎技术,57.56,58.3,59.05,59.19,56.8,10081.0,58180000.0,67.06,33.89,165.94,3.87,1.71,547700,460400.0,2026-09-30,16:14:42
301149,隆华新材,7.81,7.91,7.86,8.04,7.81,204535.0,161350000.0,43.66,26.56,21.68,1.98,6.01,8930900,11522600.0,2026-09-30,16:14:54
301150,中一科技,40.99,44.02,44.36,44.6,40.68,340070.0,1429270000.0,132.77,124.54,61.29,3.57,11.19,13738500,20268500.0,2026-09-30,16:14:45
301151,冠龙节能,20.92,21.14,21.14,21.41,20.86,23876.0,50330000.0,35.36,35.31,64.04,1.75,1.41,1172800,1214800.0,2026-09-30,16:14:30
301152,天力锂能,22.23,22.49,22.76,22.87,22.2,96153.0,216150000.0,26.4,15.8,-20.97,2.18,13.53,4656500,4958800.0,2026-09-30,16:14:33
301153,中科江南,16.98,17.25,17.35,17.48,16.93,18676.0,31850000.0,60.39,56.33,44.95,3.33,0.56,858000,1009600.0,2026-09-30,16:14:36
301155,海力风电,44.8,43.6,43.01,45.24,42.95,74255.0,329220000.0,97.39,55.79,201.58,1.73,5.96,3953100,3472400.0,2026-09-30,16:14:57
301156,美农生物,11.76,11.87,11.87,12.07,11.68,24174.0,28590000.0,21.65,13.91,43.88,2.94,2.04,1321400,1096000.0,2026-09-30,16:14:45
301157,华塑科技,61.71,63.28,64.38,64.8,61.63,6837.0,42970000.0,37.03,29.9,114.39,3.34,1.41,302600,381100.0,2026-09-30,16:14:42
301158,德石股份,14.06,14.17,14.3,14.43,13.9,17110.0,24170000.0,27.42,26.74,26.61,1.96,0.9,826700,884300.0,2026-09-30,16:14:36
301159,三维天地,31.64,32.08,32.61,32.68,31.44,10033.0,31940000.0,24.47,16.77,74.88,3.9,1.89,490000,513300.0,2026-09-30,16:14:57
301160,翔楼新材,39.59,41.35,41.34,41.58,39.39,30998.0,124480000.0,66.0,43.86,33.37,3.48,2.8,1232200,1867600.0,2026-09-30,16:14:39
301161,唯万密封,28.56,29.19,29.42,29.88,28.53,18917.0,54960000.0,34.27,22.05,31.85,3.48,2.45,850700,1041000.0,2026-09-30,16:14:39
301162,国能日新,37.0,37.36,37.65,37.89,36.86,11809.0,44220000.0,69.09,44.85,44.75,4.34,0.97,499800,681100.0,2026-09-30,16:14:30
301163,宏德股份,23.6,23.64,23.82,24.03,23.47,10338.0,24520000.0,19.26,12.92,93.64,1.69,1.89,487500,546300.0,2026-09-30,16:14:45
301165,锐捷网络,100.74,102.89,103.6,104.34,100.22,67987.0,688930000.0,1121.88,1121.88,119.55,21.02,0.61,3391900,3406700.0,2026-09-30,16:14:45
301166,优宁维,35.35,32.96,32.98,35.5,32.75,46515.0,161830000.0,30.46,19.94,-142.57,1.57,8.24,2508100,2143400.0,2026-09-30,16:14:42
301167,建研设计,13.67,13.73,13.73,13.81,13.55,19017.0,25940000.0,15.31,14.46,234.39,1.64,1.8,752300,1149400.0,2026-09-30,16:14:30
301168,通灵股份,40.33,41.47,41.48,41.78,40.11,13560.0,54900000.0,48.4,38.44,-1838.72,2.28,1.42,564900,791000.0,2026-09-30,16:14:45
301169,零点有数,50.37,51.07,51.06,51.45,50.2,9777.0,49530000.0,36.29,36.27,-127.51,8.59,1.36,575200,402500.0,2026-09-30,16:14:03
301170,锡南科技,23.13,23.18,23.23,23.74,23.03,10016.0,23310000.0,23.13,8.79,28.54,1.3,2.64,432200,569300.0,2026-09-30,16:14:42
301171,易点天下,32.61,33.64,33.8,33.96,32.52,287197.0,946190000.0,201.7,163.66,216.78,5.29,5.72,12927200,15792600.0,2026-09-30,16:14:48
301172,君逸数码,17.02,17.68,17.87,17.87,16.99,51775.0,89240000.0,38.26,28.3,133.6,2.57,3.11,2110500,3067000.0,2026-09-30,16:14:45
301173,毓恬冠佳,32.93,33.87,33.83,34.14,32.9,10342.0,34500000.0,28.92,10.15,16.92,1.87,3.35,485200,549100.0,2026-09-30,16:14:45
301175,中科环保,5.58,5.59,5.61,5.63,5.57,83728.0,46850000.0,82.13,34.7,19.88,2.22,1.35,4065700,4307100.0,2026-09-30,16:14:15
301176,逸豪新材,52.07,55.26,55.28,55.8,51.8,111324.0,592060000.0,88.03,85.42,-400.2,5.87,6.79,4882300,6250100.0,2026-09-30,16:14:48
301177,迪阿股份,23.16,22.97,23.05,23.35,22.94,9164.0,21210000.0,92.7,92.64,94.22,1.52,0.23,495700,420700.0,2026-09-30,16:14:48
301178,天亿马,33.91,34.75,35.48,35.48,33.9,14168.0,48690000.0,31.57,23.29,785.58,4.04,2.06,623000,793700.0,2026-09-30,16:14:51
301179,泽宇智能,19.63,19.48,19.51,19.75,19.49,17169.0,33760000.0,79.39,46.62,45.79,3.18,0.72,924200,792700.0,2026-09-30,16:14:51
301180,万祥科技,12.07,11.92,11.95,12.07,11.72,38192.0,45550000.0,48.28,19.81,-184.79,3.75,2.33,1946200,1873000.0,2026-09-30,16:14:30
301181,标榜股份,25.1,25.59,25.67,25.8,25.08,16124.0,40960000.0,37.7,29.43,36.86,2.68,1.38,812400,800000.0,2026-09-30,16:14:51
301182,凯旺科技,59.05,60.6,61.0,61.3,58.18,18183.0,107930000.0,56.58,51.6,-36.89,9.09,2.08,912000,906300.0,2026-09-30,16:14:54
301183,东田微,276.62,292.12,294.0,295.74,276.02,32948.0,933950000.0,221.51,162.37,161.85,21.41,5.61,1583700,1711100.0,2026-09-30,16:14:15
301185,鸥玛软件,17.14,17.36,17.4,17.46,17.11,14619.0,25190000.0,26.3,24.08,49.46,2.43,1.04,689700,772200.0,2026-09-30,16:14:30
301186,超达装备,32.9,32.98,32.98,33.38,32.2,25656.0,84210000.0,37.75,35.64,40.6,2.33,2.37,1278300,1287300.0,2026-09-30,16:14:54
301187,欧圣电气,15.62,15.87,16.13,16.13,15.54,31208.0,49090000.0,39.82,39.82,214.78,2.75,1.22,1550300,1570500.0,2026-09-30,16:14:15
301188,力诺药包,33.28,33.4,33.61,34.97,33.02,125061.0,423740000.0,89.04,89.04,298.27,4.56,4.67,6396000,6110100.0,2026-09-30,16:14:54
301189,奥尼电子,68.13,68.73,69.0,70.77,67.1,55089.0,379540000.0,111.49,107.61,-146.77,5.3,3.49,2738100,2770800.0,2026-09-30,16:14:48
301190,善水科技,35.93,29.94,33.2,35.93,33.2,144661.0,510370000.0,77.12,65.34,70.58,3.86,7.95,5401000,9065100.0,2026-09-30,16:14:57
301191,菲菱科思,76.22,78.47,79.21,79.55,76.1,23021.0,177890000.0,73.85,55.68,94.87,4.33,3.15,1006000,1296100.0,2026-09-30,16:14:00
301192,泰祥股份,19.68,20.22,19.99,20.1,19.56,18069.0,35670000.0,19.92,9.92,47.86,3.03,3.59,796400,1010500.0,2026-09-30,16:14:57
301193,家联科技,21.42,22.17,22.28,22.59,21.42,37849.0,82420000.0,51.6,39.45,-50.51,2.4,2.05,1722600,2062300.0,2026-09-30,16:14:30
301195,北路智控,26.7,26.96,27.19,27.19,26.69,5899.0,15810000.0,35.26,23.41,27.78,1.46,0.67,247300,342700.0,2026-09-30,16:14:45
301196,唯科科技,86.08,84.4,85.2,88.68,84.9,42880.0,372090000.0,141.35,92.79,57.1,4.25,3.98,2230200,2057800.0,2026-09-30,16:14:57
301197,工大科雅,26.7,26.61,26.84,27.8,26.58,23615.0,64230000.0,32.18,29.04,155.17,2.48,2.17,1101000,1260500.0,2026-09-30,16:14:15
301198,喜悦智行,14.1,14.2,14.47,14.61,14.01,25832.0,36780000.0,23.83,22.88,-199.48,2.65,1.59,1215900,1367300.0,2026-09-30,16:14:30
301199,迈赫股份,18.13,18.27,18.2,18.45,18.05,8211.0,14960000.0,33.84,32.58,48.79,1.75,0.46,342400,478700.0,2026-09-30,16:14:45
301200,大族数控,224.79,230.9,232.06,234.84,223.76,16341.0,370900000.0,1099.24,955.89,72.42,9.12,0.38,728500,905700.0,2026-09-30,16:14:21
301201,诚达药业,30.49,29.32,29.91,31.18,29.36,78818.0,239980000.0,47.17,33.1,-210.12,2.28,7.26,4434800,3447100.0,2026-09-30,16:14:15
301202,朗威股份,35.64,36.76,37.22,37.99,35.6,9528.0,34330000.0,48.61,28.38,82.85,4.04,1.2,368500,584300.0,2026-09-30,16:14:30
301203,国泰环保,33.19,33.56,33.69,33.99,32.89,8049.0,26730000.0,26.55,14.53,29.38,1.96,1.84,339900,465000.0,2026-09-30,16:14:51
301205,联特科技,283.32,263.48,267.0,286.48,266.66,83632.0,2322850000.0,368.56,237.11,474.62,22.53,9.99,4509700,3853500.0,2026-09-30,16:14:18
301206,三元生物,25.01,23.85,23.85,25.4,23.85,65703.0,163160000.0,50.6,32.58,60.01,1.21,5.04,3780000,2790300.0,2026-09-30,16:14:15
301207,华兰疫苗,20.11,19.29,19.4,20.73,19.3,135451.0,273830000.0,120.87,120.79,60.87,2.3,2.26,7469100,6076100.0,2026-09-30,16:14:54
301208,中亦科技,30.33,30.62,30.75,30.8,30.21,7148.0,21750000.0,36.4,20.45,65.64,2.32,1.06,343500,371300.0,2026-09-30,16:14:45
301209,联合化学,61.71,59.8,59.0,62.38,59.0,26449.0,162190000.0,96.76,82.66,391.47,12.91,1.97,1597700,1047200.0,2026-09-30,16:14:03
301210,金杨精密,29.18,30.14,30.2,30.35,29.16,24669.0,73100000.0,47.03,17.96,55.17,2.48,4.01,1066500,1400300.0,2026-09-30,16:14:15
301211,亨迪药业,12.7,12.44,12.5,12.83,12.38,123202.0,156230000.0,53.04,53.03,114.05,2.33,2.95,6254400,6065800.0,2026-09-30,16:14:30
301212,联盛化学,26.17,26.25,26.42,26.76,26.06,8965.0,23670000.0,28.26,24.53,190.23,2.08,0.96,383900,512600.0,2026-09-30,16:14:45
301213,观想科技,42.45,42.14,42.57,43.02,41.85,17101.0,72820000.0,47.54,30.73,467.56,6.04,2.36,764000,946100.0,2026-09-30,16:14:18
301215,中汽股份,5.28,5.28,5.28,5.32,5.26,66285.0,35040000.0,69.9,69.82,28.32,2.35,0.5,3036700,3591800.0,2026-09-30,16:14:24
301216,万凯新材,16.69,16.34,16.56,16.88,16.4,116940.0,195140000.0,96.84,90.9,14.34,1.48,2.15,6556400,5137500.0,2026-09-30,16:14:30
301217,铜冠铜箔,99.56,102.25,103.11,103.81,99.08,155844.0,1574410000.0,825.37,825.37,340.25,14.71,1.88,7858700,7725700.0,2026-09-30,16:14:45
301218,华是科技,69.75,60.21,61.81,72.0,60.0,241981.0,1608250000.0,79.54,50.01,-268.58,8.77,33.75,13500700,10697500.0,2026-09-30,16:14:24
301219,腾远钴业,39.75,39.18,39.18,39.95,39.06,34600.0,137170000.0,152.18,108.61,9.99,1.53,1.27,1710300,1749700.0,2026-09-30,16:14:15
301220,亚香股份,29.02,29.63,30.15,30.15,29.02,11931.0,35080000.0,32.79,22.67,112.59,1.9,1.53,515900,677200.0,2026-09-30,16:14:30
301221,光庭信息,26.53,27.03,27.07,27.26,26.4,11324.0,30220000.0,34.86,23.7,1410.06,1.71,1.27,458100,674300.0,2026-09-30,16:14:45
301222,浙江恒威,24.98,25.79,25.27,27.0,24.91,21903.0,55900000.0,35.06,26.63,38.43,2.46,2.05,869100,1321300.0,2026-09-30,16:14:30
301223,中荣股份,18.12,18.19,18.19,18.3,18.02,5459.0,9890000.0,34.99,34.99,22.32,1.18,0.28,243600,302300.0,2026-09-30,16:14:27
301225,恒勃股份,58.52,57.59,58.28,61.2,56.61,30297.0,179880000.0,84.32,25.74,71.6,5.27,6.89,1675000,1354800.0,2026-09-30,16:14:30
301226,祥明智能,36.39,37.25,37.07,37.66,36.3,32752.0,120440000.0,39.59,39.59,716.86,4.36,3.01,1496400,1778900.0,2026-09-30,16:14:45
301227,森鹰窗业,31.08,31.36,32.42,32.62,30.91,28741.0,90370000.0,40.86,22.97,-55.28,2.57,3.89,1238800,1635300.0,2026-09-30,16:14:57
301228,实朴检测,51.59,51.97,52.58,52.6,49.71,24237.0,122690000.0,63.1,61.7,-151.89,9.08,2.03,1032400,1391300.0,2026-09-30,16:14:15
301229,纽泰格,12.0,12.07,12.13,12.13,11.92,20641.0,24780000.0,21.81,15.51,10664.77,1.77,1.6,903000,1161200.0,2026-09-30,16:14:33
301230,泓博医药,38.48,37.75,37.34,40.09,37.2,206424.0,805120000.0,69.63,62.63,181.97,6.88,12.68,10597500,10044900.0,2026-09-30,16:14:45
301231,荣信文化,29.23,29.75,29.81,30.29,29.16,31454.0,92980000.0,24.67,19.13,-67.38,3.06,4.81,1572900,1572500.0,2026-09-30,16:14:09
301232,飞沃科技,78.78,80.45,81.5,82.0,78.68,32046.0,255440000.0,83.04,49.41,680.16,5.93,5.11,1369500,1835100.0,2026-09-30,16:14:15
301233,盛帮股份,36.58,35.66,36.08,37.38,35.07,18231.0,65710000.0,26.25,14.4,33.56,2.65,4.63,911700,911400.0,2026-09-30,16:14:33
301234,五洲医疗,135.65,134.2,134.03,138.66,129.05,21757.0,295790000.0,92.24,54.69,388.53,12.09,5.4,1007700,1168000.0,2026-09-30,16:14:45
301235,华康洁净,40.68,42.02,42.44,42.98,40.53,42695.0,177490000.0,56.65,42.4,50.34,2.96,4.1,1769600,2499900.0,2026-09-30,16:14:39
301236,软通动力,35.23,35.6,35.88,35.99,35.0,82929.0,293850000.0,364.7,305.78,433.9,2.79,0.96,3796200,4496800.0,2026-09-30,16:14:36
301237,和顺科技,36.18,37.33,37.73,37.98,36.07,11466.0,42100000.0,40.26,29.24,-25.22,3.48,1.42,456500,690100.0,2026-09-30,16:14:30
301238,瑞泰新材,15.95,15.74,15.71,16.09,15.61,91925.0,146490000.0,116.97,116.97,36.4,1.64,1.25,4381600,4810900.0,2026-09-30,16:14:45
301239,普瑞眼科,31.98,31.73,31.91,32.28,31.58,19026.0,60930000.0,47.85,45.43,382.21,2.29,1.34,983000,919600.0,2026-09-30,16:14:12
301246,宏源药业,17.54,17.33,17.58,17.82,17.34,44819.0,78870000.0,70.16,41.76,24.96,1.52,1.88,2145800,2336100.0,2026-09-30,16:14:15
301248,杰创智能,53.05,56.1,56.9,56.9,53.0,34087.0,184700000.0,81.54,59.59,-980.58,5.35,3.03,1441400,1967300.0,2026-09-30,16:14:30
301251,威尔高,81.1,87.37,87.38,87.8,80.84,117783.0,978610000.0,152.93,140.98,230.31,9.88,6.78,5573200,6205100.0,2026-09-30,16:14:45
301252,同星科技,35.86,37.0,37.17,38.21,35.74,24567.0,89940000.0,60.68,48.66,66.65,4.46,1.81,989600,1467000.0,2026-09-30,16:14:18
301255,通力科技,19.09,19.05,19.05,19.33,18.97,10034.0,19240000.0,29.08,25.52,127.12,2.79,0.75,487100,516300.0,2026-09-30,16:14:15
301256,华融化学,9.76,9.78,9.79,10.03,9.73,31923.0,31500000.0,46.85,46.85,67.05,2.74,0.67,1477100,1715200.0,2026-09-30,16:14:30
301257,普蕊斯,42.71,40.4,40.95,43.88,40.31,63179.0,270210000.0,33.74,32.16,58.1,2.67,8.39,3396400,2921500.0,2026-09-30,16:14:45
301258,富士莱,27.4,27.09,27.11,27.87,27.1,14906.0,40900000.0,25.12,24.97,380.52,1.37,1.64,916000,574600.0,2026-09-30,16:14:06
301259,艾布鲁,19.25,19.42,19.61,19.71,19.25,24168.0,46940000.0,43.54,27.92,-2206.38,5.28,1.67,1075000,1341800.0,2026-09-30,16:14:15
301260,格力博,11.69,11.72,11.72,11.81,11.64,11786.0,13790000.0,56.53,24.02,-8.66,1.4,0.57,527900,650700.0,2026-09-30,16:14:36
301261,恒工精密,52.47,53.45,54.39,54.39,52.25,14069.0,74780000.0,55.34,54.87,43.65,3.38,1.35,542400,864500.0,2026-09-30,16:14:45
301262,海看股份,20.55,20.3,20.1,20.6,19.74,121524.0,246230000.0,85.69,25.09,25.04,2.22,9.95,6505400,5647100.0,2026-09-30,16:14:42
301263,泰恩康,19.09,19.07,19.12,19.58,18.94,31456.0,60580000.0,97.47,69.55,-2059.99,5.91,0.86,1483000,1662600.0,2026-09-30,16:14:45
301265,华新科技,21.9,22.58,22.86,23.1,21.83,74718.0,166750000.0,66.35,53.42,104.22,3.13,3.06,2899900,4571900.0,2026-09-30,16:14:30
301266,宇邦新材,24.71,24.76,24.8,25.17,24.51,22612.0,56030000.0,35.33,33.51,57.72,1.95,1.67,1075700,1185500.0,2026-09-30,16:14:45
301267,华厦眼科,15.16,14.99,15.0,15.21,14.87,33331.0,50400000.0,127.34,98.3,28.26,2.35,0.51,2015600,1317500.0,2026-09-30,16:14:45
301268,铭利达,11.78,11.74,11.84,12.13,11.74,23634.0,28030000.0,47.22,42.71,-16.58,3.36,0.65,1199100,1164300.0,2026-09-30,16:14:48
301269,华大九天,84.66,86.68,87.29,87.41,84.23,36773.0,312730000.0,463.83,463.83,3608.96,8.75,0.67,1555300,2121900.0,2026-09-30,16:14:42
301270,汉仪股份,32.2,32.38,32.38,32.67,32.0,11308.0,36520000.0,32.2,30.43,327.07,3.38,1.2,499100,631700.0,2026-09-30,16:14:48
301272,英华特,35.1,35.37,35.37,35.61,34.73,7320.0,25690000.0,20.5,13.93,65.19,2.04,1.84,290500,441500.0,2026-09-30,16:14:21
301273,瑞晨环保,35.51,35.45,35.48,35.85,34.65,14419.0,50920000.0,35.62,27.34,-47.07,4.17,1.87,731500,710400.0,2026-09-30,16:14:24
301275,汉朔科技,38.35,38.96,39.15,39.19,38.2,30366.0,116860000.0,161.99,115.38,28.65,3.84,1.01,1473900,1562700.0,2026-09-30,16:14:45
301276,嘉曼服饰,17.36,17.43,17.45,17.59,17.3,16302.0,28380000.0,22.5,12.55,21.71,1.06,2.26,630700,999500.0,2026-09-30,16:14:45
301277,新天地,10.47,10.32,10.32,10.57,10.32,36931.0,38820000.0,41.05,41.05,39.48,2.68,0.94,2168300,1524800.0,2026-09-30,16:14:51
301278,快可电子,29.02,29.3,29.39,29.8,29.0,9138.0,26760000.0,26.03,15.7,111.69,1.82,1.69,477800,436000.0,2026-09-30,16:14:18
301279,金道科技,23.3,23.8,23.83,24.3,23.3,16460.0,39070000.0,39.27,30.41,56.82,2.87,1.26,953900,692100.0,2026-09-30,16:14:30
301280,珠城科技,41.06,41.7,41.97,42.46,40.93,12455.0,51540000.0,78.63,40.83,31.12,4.13,1.25,626500,619000.0,2026-09-30,16:14:54
301281,科源制药,47.25,47.74,47.74,48.59,46.92,15901.0,75940000.0,51.17,33.52,132.69,3.58,2.24,805800,784300.0,2026-09-30,16:14:27
301282,金禄电子,41.67,45.49,44.88,45.8,41.6,154663.0,667760000.0,87.9,73.58,93.83,5.01,8.76,6550300,8916000.0,2026-09-30,16:14:48
301283,聚胶股份,25.25,25.58,25.58,25.88,25.2,4822.0,12260000.0,29.35,23.07,16.18,1.86,0.53,188300,293900.0,2026-09-30,16:14:51
301285,鸿日达,88.89,91.19,91.19,93.65,88.77,13978.0,126820000.0,183.71,183.71,-174.58,20.07,0.68,623800,774000.0,2026-09-30,16:14:45
301286,侨源股份,44.1,45.61,46.77,46.77,43.98,13669.0,61410000.0,176.44,71.13,69.74,9.15,0.85,574500,792500.0,2026-09-30,16:14:54
301287,康力源,41.24,41.5,41.5,41.97,40.46,5111.0,21030000.0,27.49,7.02,53.17,2.36,3.0,264500,246600.0,2026-09-30,16:14:57
301288,清研环境,17.1,17.4,17.54,17.59,16.93,10548.0,18160000.0,18.47,13.36,-50.01,2.37,1.35,537500,517300.0,2026-09-30,16:14:30
301289,国缆检测,44.53,44.44,44.38,45.0,44.0,5073.0,22540000.0,34.73,34.51,36.77,3.38,0.65,218600,288700.0,2026-09-30,16:14:45
301290,东星医疗,28.7,28.69,28.9,29.6,28.54,18081.0,52570000.0,28.75,22.84,-84.32,1.34,2.27,824300,983800.0,2026-09-30,16:14:00
301291,明阳电气,35.98,35.18,35.0,36.74,35.0,67428.0,243060000.0,113.17,59.84,30.67,2.23,4.05,3753300,2989500.0,2026-09-30,16:14:15
301292,海科新源,56.76,55.39,55.77,58.67,54.9,63387.0,361790000.0,126.46,48.35,45.65,4.08,7.44,3290800,3047900.0,2026-09-30,16:14:33
301293,三博脑科,48.85,48.38,48.51,49.44,48.46,30399.0,148850000.0,100.62,84.12,213.02,4.24,1.77,1584500,1455300.0,2026-09-30,16:14:57
301295,美硕科技,35.35,36.29,35.93,37.35,35.0,12444.0,44890000.0,35.63,10.39,71.97,3.64,4.23,586200,658200.0,2026-09-30,16:14:00
301296,新巨丰,6.42,6.42,6.46,6.47,6.37,21626.0,13890000.0,27.45,27.45,330.68,1.03,0.51,980200,1182400.0,2026-09-30,16:14:36
301297,富乐德,47.7,46.13,47.01,50.4,47.01,263118.0,1286740000.0,336.17,256.95,67.94,6.09,4.88,13428400,12883400.0,2026-09-30,16:14:51
301298,东利机械,12.86,12.98,13.07,13.1,12.78,10373.0,13390000.0,18.88,13.92,72.13,2.07,0.96,481200,556100.0,2026-09-30,16:14:45
301299,卓创资讯,45.06,46.29,46.29,46.75,45.0,10629.0,48430000.0,27.33,20.66,40.82,4.79,2.32,453200,609700.0,2026-09-30,16:14:27
301300,远翔新材,32.94,32.73,32.73,33.31,32.73,8210.0,27070000.0,21.55,12.87,29.11,2.65,2.1,442700,378300.0,2026-09-30,16:14:30
301301,川宁生物,8.19,8.04,8.04,8.25,8.02,148163.0,121190000.0,182.82,50.71,30.9,2.29,2.39,8671400,6144900.0,2026-09-30,16:14:30
301302,华如科技,20.93,21.14,21.32,21.65,20.85,25876.0,54680000.0,32.62,29.09,-15.18,2.29,1.86,1123000,1464600.0,2026-09-30,16:14:54
301303,真兰仪表,14.04,14.09,14.16,14.18,13.94,26165.0,36800000.0,57.4,44.2,18.29,1.68,0.83,1077000,1539500.0,2026-09-30,16:14:33
301305,朗坤科技,24.36,24.68,24.7,25.78,24.28,42947.0,106120000.0,58.94,30.29,18.99,1.49,3.45,1856300,2438400.0,2026-09-30,16:14:15
301306,西测测试,86.53,88.9,88.88,90.53,86.07,17948.0,157190000.0,73.03,50.41,-57.45,8.02,3.08,932500,862300.0,2026-09-30,16:14:39
301307,美利信,55.61,56.39,56.39,57.69,55.17,47467.0,267090000.0,117.11,60.74,-18.67,5.04,4.35,1848600,2898100.0,2026-09-30,16:14:57
301308,江波龙,301.93,311.66,317.0,317.0,300.94,75279.0,2294330000.0,1387.84,851.0,11.58,6.24,2.67,3844300,3683600.0,2026-09-30,16:14:09
301309,万得凯,29.7,30.1,30.48,30.48,29.69,6344.0,19060000.0,29.86,18.0,24.25,1.78,1.05,326400,308000.0,2026-09-30,16:14:36
301310,鑫宏业,61.6,58.55,58.95,62.8,58.62,111649.0,685410000.0,118.18,60.63,88.48,5.06,11.34,5379100,5785800.0,2026-09-30,16:14:30
301311,昆船智能,18.32,19.0,18.66,19.93,18.14,262793.0,496500000.0,43.97,43.97,-35.14,2.61,10.95,12135200,14144200.0,2026-09-30,16:14:45
301312,智立方,79.05,81.4,81.3,82.78,78.81,36566.0,293920000.0,133.22,67.01,168.96,10.83,4.31,1621900,2034600.0,2026-09-30,16:14:39
301313,凡拓数创,28.94,30.1,30.4,30.4,28.78,33893.0,99160000.0,29.62,22.78,-17.91,5.15,4.31,1617400,1771900.0,2026-09-30,16:14:42
301314,科瑞思,48.68,51.06,50.55,51.64,48.5,16977.0,84930000.0,26.9,14.57,163.54,2.58,5.67,823900,873800.0,2026-09-30,16:14:45
301315,威士顿,42.82,44.1,44.3,44.95,42.8,18281.0,79380000.0,37.68,34.6,157.17,3.73,2.26,820200,1007900.0,2026-09-30,16:14:48
301316,慧博云通,38.74,40.17,40.29,40.5,38.15,137070.0,532060000.0,156.36,151.57,140.09,14.45,3.5,4830600,8876400.0,2026-09-30,16:14:09
301317,鑫磊股份,43.6,44.53,44.68,44.99,43.1,12375.0,54260000.0,68.53,22.76,-44.96,5.91,2.37,512700,724700.0,2026-09-30,16:14:33
301318,维海德,21.16,21.55,21.56,21.66,21.14,8320.0,17740000.0,28.63,19.72,77.23,1.56,0.89,449500,382500.0,2026-09-30,16:14:30
301319,唯特偶,81.77,86.16,88.0,88.58,81.5,68184.0,569300000.0,149.2,112.45,168.22,12.4,4.96,3641800,3176600.0,2026-09-30,16:14:45
301320,豪江智能,14.0,14.29,14.31,14.41,13.97,10742.0,15160000.0,25.59,16.1,-724.96,2.41,0.93,489900,584300.0,2026-09-30,16:14:51
301321,翰博高新,44.95,46.44,46.45,47.6,44.73,45185.0,207440000.0,83.8,66.35,-166.82,7.95,3.06,2396800,2121600.0,2026-09-30,16:14:15
301322,绿通科技,42.42,44.15,44.44,45.5,42.29,37460.0,163090000.0,60.51,45.63,-921.84,2.12,3.48,1639200,2106800.0,2026-09-30,16:14:30
301323,新莱福,72.34,72.84,73.15,74.74,71.38,9968.0,72650000.0,77.1,49.6,49.18,3.39,1.45,452100,544700.0,2026-09-30,16:14:45
301325,曼恩斯特,31.31,31.78,32.09,32.09,31.2,26017.0,82300000.0,45.05,45.05,-26.23,1.73,1.81,1156300,1445500.0,2026-09-30,16:14:54
301326,捷邦科技,93.53,96.79,97.05,98.38,93.08,9983.0,94580000.0,68.01,67.41,-122.58,5.64,1.39,439700,558600.0,2026-09-30,16:14:15
301327,华宝新能,41.55,41.51,41.48,41.95,41.32,6225.0,25930000.0,72.46,59.32,-76.22,1.19,0.44,280800,341800.0,2026-09-30,16:14:30
301328,维峰电子,46.84,46.85,47.95,48.2,46.21,22287.0,104980000.0,74.64,53.94,77.28,3.78,1.94,909800,1318900.0,2026-09-30,16:14:45
301329,信音电子,20.31,20.7,20.71,20.96,20.05,28228.0,57510000.0,34.57,13.41,49.53,2.22,4.27,1153200,1669600.0,2026-09-30,16:14:57
301330,熵基科技,25.28,25.67,26.0,26.0,25.28,20424.0,51960000.0,59.5,51.74,29.58,1.74,1.0,949400,1093000.0,2026-09-30,16:14:18
301331,恩威医药,21.84,21.6,21.61,22.06,21.6,11365.0,24830000.0,22.47,22.41,75.86,2.2,1.11,662200,474300.0,2026-09-30,16:14:30
301332,德尔玛,7.71,7.72,7.7,7.77,7.66,34308.0,26440000.0,35.59,20.42,30.06,1.21,1.3,1549800,1881000.0,2026-09-30,16:14:45
301333,诺思格,66.67,65.66,65.3,68.5,65.0,25001.0,167660000.0,64.39,64.31,53.55,3.22,2.59,1158700,1341400.0,2026-09-30,16:14:09
301335,天元宠物,24.88,25.09,25.24,25.52,24.61,14460.0,36380000.0,31.8,21.99,76.61,1.63,1.64,775300,670700.0,2026-09-30,16:14:24
301336,趣睡科技,41.67,42.18,42.58,42.85,41.5,4605.0,19300000.0,21.63,16.74,87.29,2.59,1.15,184200,276300.0,2026-09-30,16:14:45
301337,亚华电子,27.36,27.78,27.81,28.12,27.2,16682.0,46060000.0,28.51,27.89,-165.27,2.62,1.64,633000,1035200.0,2026-09-30,16:14:45
301338,凯格精机,86.8,89.07,90.18,90.6,86.64,33314.0,292800000.0,129.3,94.21,50.31,7.54,3.07,1457000,1874400.0,2026-09-30,16:14:12
301339,苏交数智,12.25,12.57,12.5,12.61,12.05,83599.0,103150000.0,71.08,70.22,32.67,2.53,1.46,3667700,4692100.0,2026-09-30,16:14:24
301345,涛涛车业,228.0,229.06,227.92,232.0,225.06,5039.0,114660000.0,248.63,80.16,24.51,6.29,1.43,196400,307500.0,2026-09-30,16:14:30
301348,蓝箭电子,21.64,22.24,22.27,22.61,21.56,46827.0,102740000.0,51.94,41.87,-221.96,3.51,2.42,1961600,2721100.0,2026-09-30,16:14:45
301349,信德新材,42.9,44.09,44.1,44.3,42.85,21321.0,92710000.0,61.13,37.18,61.61,2.2,2.46,920600,1211500.0,2026-09-30,16:14:15
301353,普莱得,20.13,20.6,20.65,20.65,20.03,17320.0,35160000.0,25.57,8.22,39.33,1.98,4.24,801300,930700.0,2026-09-30,16:14:15
301355,南王科技,12.5,12.19,12.3,12.64,12.22,49858.0,62180000.0,24.39,17.71,-59.04,1.67,3.52,2744800,2241000.0,2026-09-30,16:14:48
301356,天振股份,19.74,19.77,19.78,20.2,19.52,16711.0,32940000.0,42.64,24.91,45.04,1.45,1.32,885800,785200.0,2026-09-30,16:14:45
301357,北方长龙,88.15,90.4,91.0,91.58,87.99,19834.0,176480000.0,83.92,54.81,2658.36,7.49,3.19,872600,1110800.0,2026-09-30,16:14:18
301358,湖南裕能,50.69,50.57,50.07,51.19,49.89,95138.0,481380000.0,429.72,386.91,11.07,2.11,1.25,4924600,4589300.0,2026-09-30,16:14:21
301359,东南电子,19.27,20.05,20.13,20.5,19.15,28742.0,55850000.0,23.16,13.71,62.91,2.77,4.04,1612400,1261800.0,2026-09-30,16:14:30
301360,荣旗科技,59.62,61.42,61.7,62.8,59.55,15578.0,94330000.0,41.61,20.3,86.8,3.48,4.57,702400,855400.0,2026-09-30,16:14:45
301361,众智科技,27.15,27.22,27.34,27.98,27.02,11539.0,31590000.0,31.59,15.3,33.14,2.52,2.05,602900,551000.0,2026-09-30,16:14:33
301362,民爆光电,102.47,106.08,108.08,108.1,102.18,18297.0,190680000.0,149.55,41.96,112.62,6.1,4.47,895400,934300.0,2026-09-30,16:14:24
301363,美好医疗,16.25,15.96,16.12,16.48,15.92,121789.0,198180000.0,129.34,84.83,44.13,3.5,2.33,6863100,5315800.0,2026-09-30,16:14:36
301365,矩阵股份,33.62,34.07,34.0,34.84,33.4,20608.0,69620000.0,61.33,41.39,123.77,3.49,1.67,1030700,1030100.0,2026-09-30,16:14:45
301366,一博科技,69.76,75.0,75.65,75.97,69.43,143046.0,1026350000.0,146.17,81.62,163.91,6.63,12.23,5965300,8339300.0,2026-09-30,16:14:09
301367,瑞迈特,46.64,46.56,46.65,47.74,46.58,17621.0,83160000.0,58.43,44.82,26.45,1.91,1.83,847000,915100.0,2026-09-30,16:14:39
301368,丰立智能,38.7,39.48,39.8,40.25,38.58,12890.0,50780000.0,54.62,46.48,-140.54,3.3,1.07,569100,719900.0,2026-09-30,16:14:30
301369,联动科技,137.73,141.01,142.0,147.99,137.5,31490.0,446160000.0,141.01,75.55,314.47,9.17,5.74,1403000,1746000.0,2026-09-30,16:14:45
301370,国科恒泰,8.74,8.59,8.62,8.77,8.58,25874.0,22540000.0,41.13,41.13,153.69,1.67,0.55,1521000,1066400.0,2026-09-30,16:14:30
301371,敷尔佳,20.81,20.59,20.68,20.91,20.61,16037.0,33380000.0,108.23,16.23,23.58,1.96,2.06,837600,766100.0,2026-09-30,16:14:18
301372,科净源,34.25,34.04,34.11,34.38,33.53,8697.0,29620000.0,23.49,14.1,-54.64,3.16,2.11,466800,402900.0,2026-09-30,16:14:30
301373,凌玮科技,119.15,132.27,132.87,132.87,118.5,75492.0,929070000.0,129.24,82.99,92.38,7.72,10.84,3134300,4414900.0,2026-09-30,16:14:45
301376,致欧科技,22.27,22.29,22.52,22.65,22.03,21224.0,47390000.0,89.63,43.12,22.9,2.54,1.1,1177900,944500.0,2026-09-30,16:14:42
301377,鼎泰高科,341.0,348.72,352.21,354.4,339.32,19242.0,664440000.0,1445.99,337.12,151.73,53.32,1.95,862400,1061800.0,2026-09-30,16:14:33
301378,通达海,25.4,25.48,25.59,25.91,25.03,14266.0,36040000.0,24.54,15.7,-16.85,2.1,2.31,697400,729200.0,2026-09-30,16:14:30
301379,天山电子,19.09,20.06,20.25,20.32,18.99,108515.0,211070000.0,52.97,41.75,52.26,3.66,4.96,3951300,6900300.0,2026-09-30,16:14:51
301380,挖金客,33.75,34.0,33.96,34.0,33.0,28287.0,94720000.0,34.22,27.79,86.99,4.56,3.43,1372100,1456600.0,2026-09-30,16:14:54
301381,赛维时代,23.12,23.34,23.38,23.5,23.02,38422.0,88990000.0,93.98,93.89,33.62,3.4,0.95,1615900,2226400.0,2026-09-30,16:14:33
301382,蜂助手,36.33,39.97,39.0,39.77,36.25,217492.0,821890000.0,103.66,85.87,66.67,5.32,9.2,7757300,13991900.0,2026-09-30,16:14:39
301383,天键股份,23.15,23.37,23.74,23.74,23.04,9747.0,22650000.0,37.8,16.35,-45.17,1.95,1.38,437100,537600.0,2026-09-30,16:14:45
301386,未来电器,20.64,21.06,21.02,21.23,20.62,10499.0,21900000.0,28.9,17.33,35.52,1.96,1.25,399400,650500.0,2026-09-30,16:14:24
301387,光大同创,50.3,51.73,53.0,53.0,50.1,15534.0,79520000.0,53.97,21.47,-249.42,3.31,3.64,703800,849600.0,2026-09-30,16:14:57
301388,欣灵电气,25.06,25.67,25.9,25.9,25.06,9612.0,24490000.0,25.67,18.21,94.01,2.64,1.32,450200,511000.0,2026-09-30,16:14:45
301389,隆扬电子,52.04,54.72,55.2,55.3,51.91,61516.0,327140000.0,147.53,147.53,162.78,6.6,2.17,2667100,3484500.0,2026-09-30,16:14:48
301390,经纬股份,39.5,41.01,40.93,41.26,39.38,34976.0,139780000.0,23.7,19.38,-78.89,2.57,7.13,1590000,1907600.0,2026-09-30,16:14:39
301391,卡莱特,43.91,44.35,44.55,45.15,43.75,7214.0,31900000.0,41.72,40.76,173.82,2.0,0.78,346900,374500.0,2026-09-30,16:14:42
301392,汇成真空,148.22,154.89,157.5,158.71,148.09,24536.0,372720000.0,148.22,60.47,-3174.73,20.11,6.01,1186600,1267000.0,2026-09-30,16:14:42
301393,昊帆生物,67.13,65.9,65.73,69.45,65.17,36767.0,249160000.0,72.5,29.52,66.2,3.02,8.36,1871600,1805100.0,2026-09-30,16:14:45
301395,仁信新材,11.51,12.11,12.16,12.22,11.5,28591.0,33730000.0,27.95,14.89,-28.71,1.94,2.21,1027000,1832100.0,2026-09-30,16:14:45
301396,宏景科技,155.92,162.59,164.07,165.48,155.23,83916.0,1328740000.0,335.11,220.64,324.53,25.92,5.93,4141700,4250000.0,2026-09-30,16:14:48
301397,溯联股份,21.98,22.12,22.25,22.34,21.93,11894.0,26270000.0,44.44,20.32,40.9,2.26,1.29,488400,701000.0,2026-09-30,16:14:30
301398,星源卓镁,38.0,38.46,38.46,38.9,37.72,10419.0,39880000.0,42.56,41.49,-77.33,4.13,0.95,474200,567800.0,2026-09-30,16:14:51
301399,英特科技,20.28,20.71,21.15,21.41,20.18,25685.0,52990000.0,37.52,11.09,322.56,2.89,4.7,1147400,1421100.0,2026-09-30,16:14:30
301408,华人健康,14.93,14.67,14.65,15.15,14.64,144737.0,216790000.0,59.72,34.18,26.72,2.82,6.32,7441600,7032100.0,2026-09-30,16:14:45
301413,安培龙,52.02,52.81,53.25,54.3,52.01,25313.0,133770000.0,71.47,39.73,137.14,4.03,3.31,1279200,1252100.0,2026-09-30,16:14:51
301418,协昌科技,34.73,34.86,35.16,35.27,34.68,10206.0,35610000.0,25.47,10.71,1174.53,1.59,3.31,401800,618800.0,2026-09-30,16:14:45
301419,阿莱德,41.49,42.93,43.0,43.6,41.41,52650.0,222520000.0,62.23,46.51,105.09,6.61,4.7,2071900,3193100.0,2026-09-30,16:14:54
301421,波长光电,71.37,73.55,73.77,74.75,71.06,20641.0,149880000.0,82.59,43.34,164.83,6.88,3.4,863100,1201000.0,2026-09-30,16:14:15
301428,世纪恒通,27.03,26.97,27.13,27.97,26.76,21733.0,59110000.0,26.67,18.82,-63.91,2.19,3.12,1059700,1113600.0,2026-09-30,16:14:48
301429,森泰股份,17.43,17.63,17.65,17.78,17.21,15866.0,27730000.0,20.61,7.67,41.73,1.54,3.61,674100,912500.0,2026-09-30,16:14:51
301439,泓淋电力,13.81,13.86,14.02,14.08,13.78,19206.0,26670000.0,53.73,25.31,25.49,1.8,1.05,835300,1085300.0,2026-09-30,16:14:57
301446,福事特,37.37,38.45,38.84,38.89,37.25,11899.0,44940000.0,38.86,11.87,55.09,3.22,3.74,396100,793800.0,2026-09-30,16:14:54
301448,开创电气,50.91,53.1,53.69,53.69,50.64,20307.0,105460000.0,53.25,36.09,272.83,7.65,2.86,1070200,960500.0,2026-09-30,16:14:54
301456,盘古智能,25.37,26.29,26.15,26.48,25.17,37372.0,96020000.0,38.59,17.39,40.37,1.71,5.45,1457900,2279300.0,2026-09-30,16:14:36
301458,钧崴电子,35.68,36.7,37.0,37.22,35.59,48902.0,177070000.0,95.15,41.92,69.75,5.79,4.16,1892000,2998200.0,2026-09-30,16:14:39
301459,丰茂股份,31.2,31.66,31.79,31.93,31.08,5396.0,16890000.0,32.49,8.14,43.03,2.55,2.07,211900,327700.0,2026-09-30,16:14:42
301468,博盈特焊,29.87,30.53,30.76,30.92,29.8,19317.0,58410000.0,50.52,29.12,204.88,2.22,1.98,755000,1176700.0,2026-09-30,16:14:57
301469,恒达新材,28.77,28.96,29.19,29.63,28.63,10833.0,31480000.0,25.74,13.19,25.76,1.84,2.36,517200,566100.0,2026-09-30,16:14:36
301479,弘景光电,47.92,49.58,50.0,50.0,47.86,16112.0,78150000.0,59.69,34.17,33.57,4.58,2.26,616400,994800.0,2026-09-30,16:14:15
301486,致尚科技,190.73,189.9,193.7,196.38,188.42,37939.0,729040000.0,245.55,139.08,-322.13,9.49,5.2,1753200,2040800.0,2026-09-30,16:14:30
301487,盟固利,17.16,15.82,15.82,17.89,15.7,474807.0,806610000.0,78.87,78.87,147.95,4.1,10.33,25285300,22195400.0,2026-09-30,16:14:45
301488,豪恩汽电,90.41,91.4,91.4,93.25,89.72,6410.0,58470000.0,91.95,37.83,155.88,3.85,1.53,314500,326500.0,2026-09-30,16:14:03
301489,思泉新材,108.41,112.75,113.6,114.5,108.28,35295.0,388850000.0,126.07,75.43,198.97,8.19,5.07,1687400,1842100.0,2026-09-30,16:14:15
301498,乖宝宠物,38.74,38.53,38.5,39.16,38.3,28816.0,111810000.0,155.14,73.43,31.94,3.39,1.52,1330200,1551400.0,2026-09-30,16:14:45
301499,维科精密,25.46,25.73,25.9,26.16,25.37,13148.0,33780000.0,35.2,35.2,63.56,2.7,0.95,625000,689800.0,2026-09-30,16:14:00
301500,飞南资源,24.2,24.81,24.84,24.99,24.15,67879.0,166440000.0,135.78,34.86,17.48,2.51,4.71,2917200,3870700.0,2026-09-30,16:14:15
301501,恒鑫生活,26.82,26.83,27.37,27.37,26.7,4787.0,12850000.0,39.67,11.67,24.71,1.9,1.1,181600,297100.0,2026-09-30,16:14:48
301502,华阳智能,49.03,51.09,51.68,51.68,48.9,6760.0,33600000.0,27.99,11.61,127.54,3.37,2.86,254700,421300.0,2026-09-30,16:14:51
301503,智迪科技,22.27,22.49,22.52,22.67,22.07,6617.0,14780000.0,23.16,12.84,40.02,2.17,1.15,304800,356800.0,2026-09-30,16:14:39
301505,苏州规划,18.65,18.15,18.31,18.86,17.88,29508.0,54450000.0,21.34,17.0,1098.4,2.26,3.24,1540200,1410600.0,2026-09-30,16:14:15
301507,民生健康,13.42,13.32,13.45,13.73,13.34,39081.0,53060000.0,47.85,14.64,39.95,2.97,3.58,2178800,1729300.0,2026-09-30,16:14:30
301508,中机认检,23.76,24.05,24.1,24.2,23.73,7384.0,17630000.0,53.72,13.98,33.01,2.59,1.26,282400,456000.0,2026-09-30,16:14:54
301509,金凯生科,31.25,30.8,30.99,32.11,30.52,32067.0,101070000.0,37.64,17.73,59.44,1.77,5.65,1624100,1582600.0,2026-09-30,16:14:06
301510,固高科技,27.77,27.5,27.57,28.36,27.46,77754.0,216770000.0,112.31,77.52,96.99,7.43,2.79,3647500,4127900.0,2026-09-30,16:14:15
301511,德福科技,95.25,96.15,97.01,98.16,94.0,169065.0,1616360000.0,600.38,379.71,178.01,14.42,4.24,8263300,8643200.0,2026-09-30,16:14:57
301512,智信精密,31.36,31.43,32.22,32.77,30.69,12201.0,38550000.0,23.42,15.28,111.38,2.32,2.5,611600,608500.0,2026-09-30,16:14:45
301515,港通医疗,20.52,20.39,20.4,20.69,20.39,9922.0,20380000.0,20.52,13.86,-162.96,1.7,1.47,426200,566000.0,2026-09-30,16:14:15
301516,中远通,18.11,18.66,18.77,18.98,18.09,41207.0,75750000.0,50.84,12.71,-88.85,4.05,5.87,1897800,2222900.0,2026-09-30,16:14:42
301517,陕西华达,34.43,35.4,35.88,35.9,34.39,24705.0,86370000.0,52.07,33.58,-57.44,4.16,2.53,1203200,1267300.0,2026-09-30,16:14:45
301518,长华化学,24.82,23.97,24.03,26.37,24.03,48499.0,122680000.0,36.11,14.58,240.22,2.3,8.26,2180200,2669700.0,2026-09-30,16:14:45
301519,舜禹股份,12.13,12.29,12.3,12.4,12.01,16031.0,19440000.0,19.61,9.23,-40.57,1.46,2.11,668100,935000.0,2026-09-30,16:14:15
301520,万邦医药,71.05,72.0,71.38,74.79,69.0,142604.0,1030120000.0,66.2,24.82,678.19,4.42,40.82,6864400,7396000.0,2026-09-30,16:14:48
301522,上大股份,21.7,21.99,21.99,22.19,21.7,29158.0,63870000.0,80.7,60.06,78.97,4.14,1.05,1602900,1312900.0,2026-09-30,16:14:45
301525,儒竞科技,43.25,38.86,40.34,44.21,40.34,68757.0,294390000.0,57.11,31.22,120.35,1.76,9.52,3298400,3577400.0,2026-09-30,16:14:06
301526,国际复材,26.97,27.72,28.0,28.19,26.85,658944.0,1799740000.0,1017.01,378.76,149.37,11.62,4.69,28604700,37289700.0,2026-09-30,16:14:15
301528,多浦乐,71.06,72.16,72.52,72.56,70.5,8367.0,59580000.0,63.78,32.87,92.76,4.02,1.81,338300,498400.0,2026-09-30,16:14:30
301529,福赛科技,140.6,136.88,137.0,143.49,134.2,35914.0,504020000.0,166.5,89.37,117.47,11.45,5.65,2019000,1572400.0,2026-09-30,16:14:45
301533,威马农机,28.42,28.49,28.6,28.8,28.33,7414.0,21150000.0,27.94,8.11,87.37,2.52,2.6,363700,377700.0,2026-09-30,16:14:18
301536,星宸科技,123.36,125.1,125.0,125.88,122.51,95346.0,1180850000.0,521.19,231.89,49.57,13.36,5.07,4139300,5395300.0,2026-09-30,16:14:45
301538,骏鼎达,39.35,40.23,40.23,40.62,39.23,9717.0,38550000.0,43.19,17.2,24.59,2.94,2.22,379600,592100.0,2026-09-30,16:14:18
301539,宏鑫科技,15.35,15.43,15.5,15.58,15.25,10381.0,15990000.0,22.72,11.97,-123.63,3.05,1.33,403300,634800.0,2026-09-30,16:14:21
301548,崇德科技,53.32,52.68,53.69,54.44,52.51,12923.0,68910000.0,46.39,17.99,33.29,2.97,3.83,630000,662300.0,2026-09-30,16:14:30
301550,斯菱智驱,100.22,93.99,95.49,102.8,92.49,139082.0,1379270000.0,336.09,206.52,223.1,18.33,6.75,8103100,5805000.0,2026-09-30,16:14:45
301551,无线传媒,21.83,22.21,22.2,22.57,21.8,62771.0,138380000.0,87.32,33.74,34.36,3.73,4.06,3084400,3192800.0,2026-09-30,16:14:15
301552,科力装备,24.25,24.77,24.74,24.76,24.17,7267.0,17750000.0,30.01,7.5,24.21,2.63,2.35,223100,503600.0,2026-09-30,16:14:15
301555,惠柏新材,35.11,35.64,35.7,36.1,34.88,15247.0,54180000.0,32.39,16.97,31.99,2.75,3.15,745300,779400.0,2026-09-30,16:14:51
301556,托普云农,60.07,62.88,61.76,61.8,60.03,10578.0,64350000.0,51.23,17.71,52.49,5.08,3.59,387200,670600.0,2026-09-30,16:14:45
301557,常友科技,80.05,81.61,81.77,83.99,78.55,7482.0,59970000.0,49.66,19.91,64.06,4.84,3.01,333500,414700.0,2026-09-30,16:14:18
301558,三态股份,6.73,6.75,6.73,6.92,6.59,149011.0,100120000.0,53.2,53.17,155.3,3.84,1.89,7196900,7704200.0,2026-09-30,16:14:24
301559,中集环科,12.8,12.74,12.74,12.88,12.71,11736.0,15040000.0,76.8,11.52,80.57,1.71,1.3,587100,586500.0,2026-09-30,16:14:30
301565,中仑新材,19.22,19.38,19.5,19.6,19.17,23138.0,44770000.0,76.88,24.6,73.5,3.12,1.81,1112900,1200900.0,2026-09-30,16:14:24
301566,达利凯普,23.48,24.62,24.85,24.98,23.4,158485.0,380050000.0,93.92,50.7,49.68,5.9,7.34,6601700,9246800.0,2026-09-30,16:14:57
301567,贝隆精密,36.6,37.13,37.16,37.86,36.6,8772.0,32520000.0,26.35,7.77,-187.69,3.63,4.13,357200,520000.0,2026-09-30,16:14:45
301568,思泰克,66.3,70.05,70.7,71.45,66.07,27938.0,190750000.0,68.46,31.68,56.67,6.62,5.85,1266800,1527000.0,2026-09-30,16:14:03
301571,国科天成,67.1,68.36,68.94,69.19,66.83,32288.0,218070000.0,120.39,79.96,50.71,5.68,2.71,1550200,1678600.0,2026-09-30,16:14:27
301577,美信科技,54.21,56.39,56.3,57.24,54.0,10587.0,58430000.0,24.52,10.21,-71.46,3.33,5.62,440000,618700.0,2026-09-30,16:14:45
301578,辰奕智能,23.2,23.98,23.98,24.18,23.19,13112.0,30730000.0,24.53,6.99,358.33,2.67,4.35,600000,711200.0,2026-09-30,16:14:18
301580,爱迪特,50.11,52.08,52.51,52.59,49.5,54384.0,275220000.0,74.76,50.52,35.82,3.42,5.39,2451800,2986600.0,2026-09-30,16:14:33
301581,黄山谷捷,35.47,36.77,36.8,37.09,35.4,7422.0,26630000.0,28.38,15.0,117.21,2.87,1.75,300700,441500.0,2026-09-30,16:14:30
301585,蓝宇股份,27.68,27.69,27.96,27.96,27.47,3633.0,10060000.0,28.79,18.85,44.07,2.9,0.53,158600,204700.0,2026-09-30,16:14:21
301586,佳力奇,29.0,29.31,29.47,29.5,28.8,5717.0,16640000.0,24.06,15.34,762.73,1.9,1.08,255700,316000.0,2026-09-30,16:14:39
301587,中瑞股份,21.86,22.59,22.58,22.7,21.77,63876.0,141280000.0,32.21,16.06,51.25,1.61,8.7,2935700,3451900.0,2026-09-30,16:14:45
301588,美新科技,25.65,25.9,25.87,26.2,25.46,19568.0,50420000.0,30.49,18.82,93.13,3.2,2.67,845300,1111500.0,2026-09-30,16:14:36
301589,诺瓦星云,157.0,157.19,157.46,159.41,156.02,4472.0,70530000.0,145.14,54.11,23.2,3.61,1.3,209300,237900.0,2026-09-30,16:14:27
301591,肯特股份,40.01,41.84,42.13,42.36,40.01,44087.0,179930000.0,43.75,17.88,77.55,4.75,9.86,2210100,2198600.0,2026-09-30,16:14:45
301592,六九一二,110.0,108.7,109.98,110.24,107.2,7540.0,81970000.0,77.0,25.69,128.86,8.3,3.23,360300,393700.0,2026-09-30,16:14:27
301596,瑞迪智驱,44.79,45.4,45.67,46.55,44.6,11141.0,50590000.0,48.39,19.64,48.06,5.33,2.54,543700,570400.0,2026-09-30,16:14:33
301598,博科测试,50.61,51.32,51.5,51.53,50.4,3226.0,16370000.0,29.81,9.12,22.35,3.01,1.79,126300,196300.0,2026-09-30,16:14:45
301600,慧翰股份,74.1,75.78,76.91,76.91,74.01,5631.0,42130000.0,77.45,23.9,65.71,6.3,1.75,218900,344200.0,2026-09-30,16:14:36
301601,惠通科技,16.1,16.2,16.35,16.59,16.08,44082.0,71620000.0,22.62,11.86,51.14,1.71,5.98,2004000,2404200.0,2026-09-30,16:14:30
301602,超研股份,16.16,16.01,16.01,16.29,16.01,23862.0,38640000.0,69.22,33.69,64.35,5.23,1.14,1252300,1133900.0,2026-09-30,16:14:45
301603,乔锋智能,113.01,117.2,118.81,119.77,112.86,10792.0,124560000.0,136.47,42.64,30.63,5.13,2.86,453500,625700.0,2026-09-30,16:14:15
301606,绿联科技,49.89,50.79,50.98,50.98,49.33,22704.0,113390000.0,207.0,82.32,24.04,5.8,1.38,1008400,1262000.0,2026-09-30,16:14:18
301607,富特科技,41.93,42.65,42.77,42.88,41.6,57130.0,240360000.0,98.17,63.65,32.09,5.18,3.76,2286300,3426700.0,2026-09-30,16:14:45
301608,博实结,50.12,51.25,51.25,51.58,49.89,17261.0,87310000.0,66.46,29.82,26.46,3.01,2.9,714400,1011700.0,2026-09-30,16:14:45
301611,珂玛科技,84.1,88.08,88.71,88.9,83.61,51177.0,437120000.0,366.68,123.27,170.17,19.76,3.49,2254600,2863100.0,2026-09-30,16:14:21
301613,新铝时代,33.86,34.33,34.48,34.63,33.81,6967.0,23730000.0,56.68,28.41,34.53,2.37,0.83,214000,482700.0,2026-09-30,16:14:48
301617,博苑新材,53.97,54.99,54.58,55.96,53.61,23520.0,128820000.0,93.76,37.21,54.88,5.26,3.41,905100,1447000.0,2026-09-30,16:14:54
301618,长联科技,29.88,30.34,30.31,30.65,29.81,6304.0,18970000.0,37.74,14.39,122.61,4.03,1.31,239800,390600.0,2026-09-30,16:14:27
301622,英思特,35.89,36.23,36.24,36.88,35.89,7328.0,26500000.0,41.61,23.21,146.58,2.73,1.13,326700,406100.0,2026-09-30,16:14:42
301626,苏州天脉,285.35,295.5,298.88,298.99,280.7,18621.0,535460000.0,330.09,150.15,415.92,20.53,3.54,970400,891700.0,2026-09-30,16:14:57
301628,强达电路,110.3,116.5,116.51,118.0,110.3,30413.0,343830000.0,83.14,32.06,69.4,6.97,10.46,1323600,1717700.0,2026-09-30,16:14:45
301629,矽电股份,266.2,267.21,270.2,297.0,265.3,18719.0,524910000.0,111.08,51.1,439.7,9.44,9.75,804200,1067700.0,2026-09-30,16:14:30
301631,壹连科技,59.48,61.35,61.41,62.69,59.42,15240.0,91860000.0,76.12,25.93,26.62,2.93,3.5,575200,948800.0,2026-09-30,16:14:45
301633,港迪技术,59.94,61.01,61.16,61.78,58.77,12952.0,77530000.0,33.37,15.29,112.84,3.73,5.08,573700,721500.0,2026-09-30,16:14:48
302132,中航成飞,57.76,57.0,57.19,58.2,57.04,47937.0,277100000.0,1543.4,338.51,47.81,7.39,0.82,3112900,1680900.0,2026-09-30,16:14:48
600000,浦发银行,9.48,9.18,9.22,9.49,9.16,1474848.0,1386210000.0,3157.39,3157.39,6.16,0.42,0.44,98682600,48802200.0,2026-09-30,16:14:54
600004,白云机场,7.76,7.61,7.65,7.78,7.61,95018.0,73310000.0,199.99,183.66,17.47,0.97,0.4,6383900,3117900.0,2026-09-30,16:14:57
600006,东风股份,5.73,5.58,5.57,5.9,5.43,622174.0,354420000.0,114.6,114.6,-25.32,1.45,3.11,32841500,29375900.0,2026-09-30,16:15:00
600007,中国国贸,20.5,20.35,20.15,20.51,19.76,27068.0,54970000.0,206.49,206.49,17.16,2.22,0.27,1546600,1160200.0,2026-09-30,16:14:36
600008,首创环保,2.73,2.71,2.71,2.74,2.7,502706.0,136910000.0,200.4,200.4,11.91,0.96,0.68,34963300,15307300.0,2026-09-30,16:14:38
600009,上海机场,22.58,22.38,22.39,22.61,22.3,54330.0,122040000.0,561.86,560.03,24.55,1.32,0.22,3250500,2182500.0,2026-09-30,16:14:39
600010,包钢股份,2.09,2.08,2.08,2.1,2.07,2176428.0,454170000.0,945.22,654.55,188.42,1.8,0.69,122079100,95563600.0,2026-09-30,16:14:42
600011,华能国际,7.04,6.95,6.95,7.06,6.94,820719.0,576780000.0,1105.15,774.24,9.42,1.71,0.75,46934900,35137000.0,2026-09-30,16:14:45
600012,皖通高速,15.58,15.47,15.44,15.68,15.43,29336.0,45780000.0,266.2,181.6,13.83,2.11,0.25,1633500,1300000.0,2026-09-30,16:14:48
600015,华夏银行,6.27,6.21,6.22,6.27,6.21,622250.0,389080000.0,997.87,964.78,3.98,0.31,0.4,36721000,25504000.0,2026-09-30,16:14:51
600016,民生银行,3.51,3.47,3.47,3.53,3.46,2107164.0,737610000.0,1536.76,1244.72,5.35,0.27,0.59,124073700,86642600.0,2026-09-30,16:14:54
600017,日照港,2.83,2.81,2.81,2.85,2.79,265916.0,75290000.0,87.04,87.04,18.55,0.61,0.86,15081500,11510100.0,2026-09-30,16:14:57
600018,上港集团,5.45,5.43,5.42,5.5,5.42,406575.0,222100000.0,1268.76,1268.67,9.03,0.87,0.17,20723500,19934000.0,2026-09-30,16:15:00
600019,宝钢股份,5.93,5.85,5.86,5.95,5.86,971707.0,575850000.0,1291.68,1269.86,12.87,0.64,0.45,56035400,41135300.0,2026-09-30,16:14:41
600020,中原高速,3.87,3.83,3.83,3.89,3.82,121887.0,47100000.0,86.97,86.97,13.34,0.73,0.54,8037100,4151500.0,2026-09-30,16:14:45
600021,上海电力,13.25,12.78,12.81,13.44,12.75,335305.0,441030000.0,373.9,373.9,20.11,1.87,1.19,18415100,15115400.0,2026-09-30,16:14:40
600022,山东钢铁,1.31,1.3,1.29,1.32,1.28,836422.0,108660000.0,140.15,140.15,126.4,0.74,0.78,49411000,34231200.0,2026-09-30,16:14:43
600023,浙能电力,5.22,5.18,5.19,5.3,5.18,457860.0,240350000.0,699.94,699.94,12.68,0.95,0.34,24850800,20935200.0,2026-09-30,16:14:43
600025,华能水电,9.89,9.78,9.8,9.97,9.76,280354.0,277580000.0,1842.62,1842.62,22.28,2.64,0.15,17266700,10768700.0,2026-09-30,16:14:46
600026,中远海能,20.56,20.27,20.31,20.86,20.21,446688.0,924780000.0,1124.88,787.04,16.76,2.34,1.17,21489400,23179400.0,2026-09-30,16:14:49
600027,华电国际,4.95,4.86,4.87,5.01,4.85,945507.0,469060000.0,574.78,456.18,10.9,1.16,1.03,61529300,33021400.0,2026-09-30,16:14:52
600028,XD中国石,5.28,5.18,5.21,5.3,5.18,2099683.0,1103160000.0,6373.72,4997.43,17.73,0.77,0.22,135216300,74752000.0,2026-09-30,16:14:55
600029,南方航空,4.92,4.84,4.85,4.93,4.83,550532.0,268650000.0,891.55,663.07,-68.27,2.96,0.41,37668900,17384300.0,2026-09-30,16:14:58
600030,中信证券,25.86,25.82,25.9,25.96,25.76,551482.0,1425640000.0,4040.44,3148.86,10.19,1.37,0.45,26746700,28401500.0,2026-09-30,16:14:42
600031,三一重工,17.49,17.06,17.06,17.58,16.98,614300.0,1066150000.0,1608.21,1482.17,18.1,1.75,0.72,38330300,23099700.0,2026-09-30,16:14:46
600032,浙江新能,7.7,8.17,8.09,8.2,7.67,1259131.0,987360000.0,185.16,185.16,50.02,1.43,5.24,62957600,62955500.0,2026-09-30,16:14:45
600033,福建高速,3.67,3.62,3.62,3.71,3.6,289408.0,106070000.0,100.72,100.72,11.05,0.81,1.05,17270200,11670700.0,2026-09-30,16:14:47
600035,楚天高速,3.74,3.68,3.67,3.75,3.67,118588.0,44130000.0,60.22,60.22,10.48,0.66,0.74,6599800,5259000.0,2026-09-30,16:14:45
600036,招商银行,41.26,40.51,40.59,41.38,40.52,699871.0,2878470000.0,10405.71,8511.5,6.86,0.91,0.34,40879600,29107500.0,2026-09-30,16:14:47
600037,歌华有线,7.07,7.06,7.11,7.13,6.99,132661.0,93770000.0,98.4,98.4,38.22,0.77,0.95,7060000,6206100.0,2026-09-30,16:14:49
600038,中直股份,27.06,26.6,26.73,27.14,26.63,37396.0,100930000.0,221.86,181.01,39.83,1.26,0.56,2320800,1418900.0,2026-09-30,16:14:52
600039,四川路桥,8.73,8.69,8.78,8.8,8.64,144699.0,126340000.0,759.13,759.13,9.98,1.5,0.17,7437800,7032100.0,2026-09-30,16:14:55
600048,保利发展,5.77,5.84,5.63,5.88,5.32,5231402.0,2934780000.0,690.69,690.69,-217.6,0.36,4.37,275752900,247387300.0,2026-09-30,16:14:58
600050,中国联通,4.23,4.17,4.17,4.25,4.16,1391370.0,585710000.0,1322.49,1310.89,19.12,0.77,0.45,96199000,42938000.0,2026-09-30,16:14:48
600051,宁波联合,6.38,6.39,6.39,6.45,6.3,49141.0,31340000.0,19.83,19.83,29.31,0.58,1.58,2078100,2836000.0,2026-09-30,16:14:50
600052,东望时代,3.82,3.8,3.8,3.87,3.74,125953.0,48080000.0,32.25,32.25,-5.94,1.49,1.49,5903400,6691900.0,2026-09-30,16:14:48
600053,*ST九鼎,7.77,7.69,7.73,7.87,7.61,16583.0,12910000.0,33.69,33.69,-8.46,1.55,0.38,942100,716200.0,2026-09-30,16:14:50
600054,黄山旅游,10.5,10.53,10.53,10.55,10.42,42428.0,44400000.0,76.58,53.9,25.86,1.57,0.83,1439200,2803600.0,2026-09-30,16:14:50
600055,万东医疗,10.6,10.42,10.5,10.65,10.4,33863.0,35760000.0,74.52,74.52,-20.1,1.72,0.48,2082100,1304200.0,2026-09-30,16:14:54
600056,中国医药,8.88,8.78,8.78,8.9,8.77,81199.0,71850000.0,132.83,132.79,31.01,1.11,0.54,5236100,2883800.0,2026-09-30,16:14:50
600057,厦门象屿,6.11,6.0,6.0,6.2,5.98,130878.0,79770000.0,173.46,127.85,13.07,1.14,0.63,8489600,4598200.0,2026-09-30,16:14:53
600058,五矿发展,8.52,8.56,8.56,8.64,8.51,80255.0,68660000.0,91.33,91.33,-110.3,1.9,0.75,2960500,5065000.0,2026-09-30,16:14:56
600059,古越龙山,12.27,11.15,11.37,12.27,11.37,899711.0,1093330000.0,111.85,111.85,50.03,1.91,9.87,23637800,66333300.0,2026-09-30,16:14:59
600060,海信视像,27.45,27.23,27.34,27.7,27.12,48417.0,133080000.0,358.21,358.21,13.81,1.62,0.37,2583700,2258000.0,2026-09-30,16:14:51
600061,国投资本,6.19,6.15,6.15,6.22,6.14,203426.0,125770000.0,395.79,395.79,10.48,0.74,0.32,11800000,8542700.0,2026-09-30,16:14:53
600062,华润双鹤,16.24,15.92,15.97,16.28,15.91,86323.0,139790000.0,168.66,168.61,10.45,1.38,0.83,5462300,3169900.0,2026-09-30,16:14:53
600063,皖维高新,5.34,5.35,5.37,5.39,5.33,171924.0,92030000.0,110.49,110.49,22.49,1.29,0.83,8218800,8973600.0,2026-09-30,16:14:57
600064,南京高科,8.04,7.75,7.75,8.18,7.69,445301.0,354560000.0,139.12,139.12,8.16,0.7,2.57,27182800,17347300.0,2026-09-30,16:14:51
600066,宇通客车,26.72,26.34,26.1,26.88,26.1,190516.0,507550000.0,591.56,591.56,10.78,4.56,0.86,11086200,7965400.0,2026-09-30,16:14:56
600067,冠城新材,2.66,2.62,2.63,2.66,2.55,334937.0,87440000.0,37.02,37.02,299.12,0.67,2.41,18189300,15304500.0,2026-09-30,16:14:54
600070,*ST富润,0.42,0.42,0.0,0.0,0.0,0.0,0.0,2.13,2.13,-5.19,0.72,0.0,0,0.0,2026-09-30,09:00:00
600071,凤凰光学,16.28,16.24,16.25,16.45,16.07,16507.0,26790000.0,45.84,45.84,258.86,8.83,0.59,795900,854800.0,2026-09-30,16:14:56
600072,中船科技,9.7,8.82,8.85,9.7,8.82,443298.0,424850000.0,145.56,105.08,-4.37,2.0,4.09,8708700,35621100.0,2026-09-30,16:14:56
600073,光明肉业,5.53,5.48,5.49,5.57,5.47,71424.0,39400000.0,51.86,51.86,-25.7,1.1,0.76,3978600,3163800.0,2026-09-30,16:14:59
600075,新疆天业,4.59,4.52,4.54,4.63,4.52,110853.0,50920000.0,78.39,78.39,-298.32,0.88,0.65,6412000,4673300.0,2026-09-30,16:14:56
600076,康欣新材,2.13,2.14,2.15,2.16,2.1,269461.0,57260000.0,28.64,28.64,-7.42,0.82,2.0,11923000,15023100.0,2026-09-30,16:14:35
600078,澄星股份,9.79,9.78,9.8,9.88,9.73,48465.0,47510000.0,66.54,64.87,61.87,3.68,0.73,2409200,2437300.0,2026-09-30,16:14:55
600079,ST人福,19.17,18.83,18.92,19.19,18.9,120940.0,231080000.0,312.9,295.83,15.41,1.62,0.78,7958900,4135100.0,2026-09-30,16:14:59
600080,ST金花,4.61,4.64,4.63,4.65,4.6,24283.0,11210000.0,17.21,17.21,169.17,1.08,0.65,1244300,1184000.0,2026-09-30,16:14:57
600081,东风科技,11.89,10.81,10.77,11.89,10.75,166082.0,195520000.0,65.75,65.75,100.97,1.41,3.0,2476700,14131500.0,2026-09-30,16:14:59
600082,ST海泰,3.32,3.35,3.34,3.35,3.27,75028.0,24790000.0,21.45,21.06,-29.61,1.28,1.18,3137300,4365500.0,2026-09-30,16:14:58
600084,*ST尼雅,4.45,4.38,4.35,4.46,4.35,19338.0,8540000.0,50.01,50.01,-262.47,3.92,0.17,1156600,777100.0,2026-09-30,16:14:59
600085,同仁堂,23.74,23.3,23.38,23.78,23.33,54971.0,129720000.0,325.59,325.59,33.56,2.39,0.4,3559400,1937700.0,2026-09-30,16:14:59
600088,中视传媒,13.36,13.34,13.55,13.73,13.16,145408.0,194730000.0,53.13,53.13,-81.73,4.39,3.66,7056700,7484100.0,2026-09-30,16:15:00
600089,特变电工,17.32,17.15,17.18,17.43,17.17,368277.0,637480000.0,875.14,875.14,16.44,1.24,0.73,19920800,16906900.0,2026-09-30,16:14:58
600094,大名城,4.19,4.13,4.09,4.22,3.96,491201.0,201270000.0,97.42,89.09,81.12,0.95,2.31,28338600,20781500.0,2026-09-30,16:14:36
600095,湘财股份,8.73,8.86,8.93,8.98,8.66,398774.0,349550000.0,249.61,249.61,29.3,1.95,1.39,17600300,22277100.0,2026-09-30,16:14:39
600096,云天化,27.86,27.32,27.32,27.92,27.32,135538.0,376180000.0,507.89,507.89,9.54,2.03,0.74,7811400,5742400.0,2026-09-30,16:14:42
600097,开创国际,9.25,9.29,9.34,9.36,9.2,20961.0,19380000.0,22.29,22.29,139.44,1.01,0.87,913200,1182900.0,2026-09-30,16:14:45
600098,广州发展,6.32,6.2,6.22,6.35,6.2,181221.0,114010000.0,221.57,221.57,13.59,0.82,0.52,12560700,5561300.0,2026-09-30,16:14:48
600099,林海股份,9.4,9.41,9.51,9.52,9.32,25285.0,23820000.0,20.6,20.6,77.53,3.71,1.15,1124600,1403900.0,2026-09-30,16:14:51
600100,同方股份,6.52,6.51,6.54,6.59,6.5,135400.0,88440000.0,218.44,218.44,88.63,1.4,0.4,6020900,7519100.0,2026-09-30,16:14:54
600101,明星电力,7.83,7.78,7.81,7.84,7.77,58959.0,46100000.0,42.9,42.9,26.23,1.38,1.08,3236200,2659700.0,2026-09-30,16:14:57
600103,青山纸业,3.4,3.41,3.46,3.53,3.38,1309374.0,450140000.0,76.19,75.22,196.18,1.91,5.92,62205000,68732400.0,2026-09-30,16:15:00
600104,上汽集团,10.88,10.71,10.71,10.95,10.67,406684.0,441290000.0,1250.69,1250.69,13.53,0.42,0.35,23098600,17569800.0,2026-09-30,16:14:34
600105,永鼎股份,36.26,37.0,37.47,37.5,36.12,676449.0,2477030000.0,530.12,530.12,126.65,14.57,4.63,31327100,36317800.0,2026-09-30,16:14:36
600106,重庆路桥,4.51,4.45,4.45,4.54,4.4,101198.0,45410000.0,59.94,59.94,103.12,1.13,0.76,5088900,5031000.0,2026-09-30,16:14:40
600107,*ST尔雅,5.62,5.64,5.58,5.66,5.58,4584.0,2580000.0,20.23,20.23,-25.37,5.2,0.13,207800,250600.0,2026-09-30,16:14:40
600108,亚盛集团,3.97,3.87,3.9,4.04,3.89,1418284.0,561630000.0,77.29,77.29,143.53,1.79,7.28,82926300,58902100.0,2026-09-30,16:14:43
600109,国金证券,8.13,8.08,8.11,8.16,8.08,110682.0,89950000.0,299.45,299.45,12.08,0.83,0.3,6492600,4575600.0,2026-09-30,16:14:46
600110,诺德股份,10.87,11.18,11.26,11.28,10.82,709427.0,779150000.0,188.61,188.61,-153.14,3.14,4.09,27406200,43536600.0,2026-09-30,16:14:49
600111,北方稀土,35.3,35.41,35.5,35.59,35.05,217054.0,764900000.0,1276.12,1276.12,37.83,4.86,0.6,9355700,12349700.0,2026-09-30,16:14:52
600113,浙江东日,27.99,27.86,27.89,28.38,27.86,21674.0,60890000.0,115.16,115.16,96.3,4.65,0.53,918500,1249000.0,2026-09-30,16:14:55
600114,东睦股份,25.43,25.37,25.43,26.87,25.31,110038.0,285380000.0,169.75,156.75,35.71,4.29,1.79,5126400,5877400.0,2026-09-30,16:14:58
600115,中国东航,3.4,3.32,3.35,3.41,3.32,1586024.0,533860000.0,750.98,578.85,-31.54,7.52,0.93,103505700,55096700.0,2026-09-30,16:14:37
600116,三峡水利,6.15,6.08,6.08,6.17,6.06,110364.0,67840000.0,117.6,117.6,15.35,1.02,0.58,6517000,4519400.0,2026-09-30,16:14:38
600117,西宁特钢,2.17,2.16,2.17,2.18,2.14,68146.0,14720000.0,70.64,70.64,-7.23,2.04,0.21,3535100,3279500.0,2026-09-30,16:14:38
600118,中国卫星,55.03,55.27,55.65,55.9,54.77,113433.0,626050000.0,650.72,650.72,646.75,10.18,0.96,5744400,5599000.0,2026-09-30,16:14:43
600119,*ST长投,4.74,4.78,4.83,4.83,4.71,11679.0,5560000.0,17.31,17.31,-35.99,25.33,0.32,575300,592600.0,2026-09-30,16:14:43
600120,浙江东方,4.65,4.63,4.63,4.69,4.61,171719.0,79940000.0,158.82,158.82,11.31,0.95,0.5,9556200,7615600.0,2026-09-30,16:14:46
600121,郑州煤电,5.34,5.33,5.33,5.64,5.3,1932864.0,1049660000.0,65.06,65.06,-6.24,10.82,15.86,94569000,98717300.0,2026-09-30,16:14:49
600123,兰花科创,6.86,6.81,6.82,6.93,6.77,116688.0,80130000.0,101.06,101.06,-19.65,0.66,0.79,6163300,5505500.0,2026-09-30,16:14:52
600125,铁龙物流,5.27,5.22,5.23,5.29,5.22,72241.0,38000000.0,68.8,68.8,12.94,0.87,0.55,4267200,2956900.0,2026-09-30,16:14:55
600126,杭钢股份,5.94,5.99,6.08,6.08,5.93,207533.0,123720000.0,200.61,200.61,132.96,1.03,0.61,9042400,11710900.0,2026-09-30,16:14:58
600127,金健米业,13.14,13.36,12.8,13.63,12.68,2255714.0,2960620000.0,84.33,84.33,-482.71,12.75,35.15,113783700,111787700.0,2026-09-30,16:14:42
600128,苏豪弘业,8.66,8.64,8.67,8.71,8.58,23754.0,20550000.0,21.8,21.37,49.74,1.02,0.96,1100000,1275400.0,2026-09-30,16:14:46
600129,太极集团,13.54,13.19,13.21,13.58,13.19,92009.0,123980000.0,74.66,74.66,107.23,2.08,1.67,5526200,3674600.0,2026-09-30,16:14:40
600130,波导股份,4.56,4.59,4.61,4.62,4.49,117078.0,53200000.0,34.2,34.2,687.68,3.77,1.56,5110100,6597700.0,2026-09-30,16:14:44
600131,国网信通,15.39,13.99,14.05,15.39,14.0,269181.0,401870000.0,184.22,184.05,29.58,2.81,2.25,14752200,12166000.0,2026-09-30,16:14:44
600132,重庆啤酒,38.03,37.26,37.4,38.18,37.3,23996.0,90650000.0,184.05,184.05,15.84,11.62,0.5,1462800,936800.0,2026-09-30,16:14:47
600133,东湖高新,7.87,7.79,7.76,7.94,7.74,76241.0,59780000.0,83.91,83.91,39.79,0.94,0.72,4094600,3529500.0,2026-09-30,16:14:50
600135,乐凯胶片,7.44,7.54,7.54,7.67,7.43,53953.0,40490000.0,41.17,41.17,-52.65,1.75,0.98,2350800,3044600.0,2026-09-30,16:14:53
600136,ST明诚,1.49,1.47,1.46,1.5,1.46,53798.0,7960000.0,30.41,28.95,-173.06,13.36,0.28,3426200,1953600.0,2026-09-30,16:14:56
600137,浪莎股份,18.03,18.26,18.4,18.5,17.92,11479.0,20770000.0,17.53,17.53,57.52,3.22,1.18,543800,604100.0,2026-09-30,16:14:59
600138,中青旅,7.0,6.94,6.94,7.04,6.93,54733.0,38220000.0,50.67,50.67,130.63,0.8,0.76,2670900,2802400.0,2026-09-30,16:14:43
600141,兴发集团,26.87,26.5,26.6,27.08,26.52,129646.0,348490000.0,321.41,321.41,20.08,1.3,1.08,6789000,6175600.0,2026-09-30,16:14:47
600143,金发科技,12.76,12.74,12.75,12.93,12.74,132544.0,169710000.0,341.11,336.2,27.3,1.76,0.5,6834800,6419600.0,2026-09-30,16:14:46
600148,长春一东,15.8,15.92,15.92,16.03,15.77,11133.0,17680000.0,22.36,22.36,111.09,4.62,0.79,415500,697800.0,2026-09-30,16:14:48
600149,廊坊发展,5.18,5.14,5.14,5.2,5.1,77097.0,39780000.0,19.69,19.69,137.63,7.86,2.03,3690500,4019200.0,2026-09-30,16:14:46
600150,中国船舶,39.1,38.95,39.13,39.93,39.01,833419.0,3281210000.0,2942.52,2942.52,20.98,1.93,1.11,40228400,43113500.0,2026-09-30,16:14:48
600151,航天机电,9.13,9.14,9.18,9.24,9.06,114216.0,104650000.0,130.95,130.95,-53.87,2.97,0.8,5944900,5476700.0,2026-09-30,16:14:50
600152,维科技术,8.48,8.32,8.81,9.07,8.32,965263.0,827740000.0,44.87,44.87,-47.31,2.76,18.24,48508200,48018100.0,2026-09-30,16:14:53
600153,建发股份,8.82,8.65,8.6,8.86,8.39,347425.0,301750000.0,255.74,255.74,-2.4,0.62,1.2,21209500,13533000.0,2026-09-30,16:14:56
600155,华创云信,5.92,5.92,5.94,5.96,5.86,134873.0,79840000.0,129.24,129.24,37.81,0.64,0.62,6340300,7147000.0,2026-09-30,16:14:59
600156,华升股份,7.35,8.17,7.77,7.77,7.35,423647.0,314200000.0,29.56,29.56,-64.73,8.51,10.54,19733800,22630900.0,2026-09-30,16:14:49
600157,永泰能源,1.45,1.45,1.45,1.46,1.44,2145750.0,311440000.0,316.36,316.36,182.59,0.68,0.98,116259200,98315800.0,2026-09-30,16:14:51
600158,中体产业,6.93,6.98,6.99,7.02,6.89,150341.0,104340000.0,66.49,66.49,-33.96,2.77,1.57,7413600,7620500.0,2026-09-30,16:14:49
600159,大龙地产,2.81,2.83,2.8,2.83,2.62,281604.0,77500000.0,23.32,23.32,-8.41,1.62,3.39,14901000,13259400.0,2026-09-30,16:14:51
600160,巨化股份,33.13,33.1,33.27,33.48,32.72,149791.0,495070000.0,894.43,894.43,20.41,4.17,0.55,6731900,8247200.0,2026-09-30,16:14:51
600161,天坛生物,12.59,12.12,12.12,12.62,12.1,215235.0,268420000.0,248.95,248.95,32.88,2.12,1.09,14036500,7487000.0,2026-09-30,16:14:55
600162,香江控股,4.26,4.32,4.37,4.4,4.21,688317.0,293820000.0,139.24,139.24,-163.54,2.44,2.11,34650600,34181100.0,2026-09-30,16:14:51
600163,中闽能源,5.6,5.55,5.55,5.64,5.5,556228.0,309870000.0,106.57,106.57,21.56,1.48,2.92,28701800,26920900.0,2026-09-30,16:14:54
600165,宁科生物,3.35,3.25,3.32,3.38,3.24,187349.0,61980000.0,54.13,24.55,-104.41,5.03,2.56,11219100,7515800.0,2026-09-30,16:14:57
600166,福田汽车,2.8,2.76,2.76,2.82,2.74,833437.0,232510000.0,221.69,221.69,14.85,1.4,1.05,56382700,26961000.0,2026-09-30,16:15:00
600167,联美控股,5.65,5.52,5.55,5.66,5.5,61396.0,34390000.0,127.85,127.85,25.83,1.1,0.27,4381800,1757800.0,2026-09-30,16:14:49
600168,武汉控股,4.41,4.38,4.41,4.42,4.35,36133.0,15840000.0,43.81,43.81,41.57,0.81,0.36,1847200,1766100.0,2026-09-30,16:14:54
600169,ST太重,2.19,2.18,2.18,2.2,2.17,77692.0,17000000.0,73.0,73.0,30.42,1.39,0.23,4063000,3706200.0,2026-09-30,16:14:54
600170,上海建工,2.24,2.21,2.21,2.26,2.18,1566661.0,348260000.0,199.05,199.05,21.28,0.63,1.76,96486800,60179300.0,2026-09-30,16:14:58
600171,上海贝岭,21.76,22.14,22.27,22.42,21.74,78303.0,171710000.0,154.26,154.26,71.34,3.39,1.1,2623000,5207300.0,2026-09-30,16:14:52
600172,黄河旋风,14.12,14.9,14.93,15.14,14.08,1625917.0,2355200000.0,203.64,181.34,-23.33,60.26,12.66,73099100,89492600.0,2026-09-30,16:14:56
600173,卧龙新能,5.96,5.93,5.93,6.01,5.73,78166.0,46090000.0,41.75,41.74,-16.46,1.17,1.12,4185500,3631100.0,2026-09-30,16:14:55
600176,中国巨石,39.41,39.69,39.91,40.19,39.21,949547.0,3761310000.0,1577.64,1565.2,34.81,4.76,2.39,42945800,52008900.0,2026-09-30,16:14:57
600177,雅戈尔,8.38,8.33,8.3,8.44,8.29,175417.0,147130000.0,387.44,377.39,13.57,0.94,0.39,10576200,6965500.0,2026-09-30,16:14:57
600178,东安动力,9.89,9.92,10.01,10.15,9.81,113011.0,112360000.0,46.13,46.13,-13753.49,1.81,2.42,4974900,6326200.0,2026-09-30,16:15:00
600179,安通控股,4.35,4.35,4.36,4.39,4.32,173369.0,75480000.0,184.07,168.01,14.96,1.47,0.45,8682600,8654300.0,2026-09-30,16:14:57
600180,*ST瑞茂,1.49,1.5,1.51,1.52,1.46,157823.0,23470000.0,16.19,16.19,-0.38,0.47,1.45,6889000,8893300.0,2026-09-30,16:14:36
600182,S佳通,12.4,12.52,12.42,12.52,12.21,13114.0,16260000.0,42.16,21.08,19.99,3.91,0.77,490700,820700.0,2026-09-30,16:14:55
600183,生益科技,129.96,132.98,133.9,134.33,129.13,353758.0,4613020000.0,3156.73,3134.31,60.77,17.06,1.47,16000100,19375600.0,2026-09-30,16:14:59
600184,光电股份,17.85,18.12,18.39,18.48,17.79,102693.0,184790000.0,104.02,104.02,190.52,3.04,1.76,4303200,5966100.0,2026-09-30,16:14:58
600185,珠免集团,4.8,4.77,4.78,4.84,4.63,286433.0,135900000.0,90.48,90.48,-12.56,160.61,1.52,15269800,13373500.0,2026-09-30,16:15:00
600186,莲花控股,11.46,11.57,11.63,11.96,11.45,1458938.0,1702170000.0,205.45,205.04,52.5,10.19,8.15,64562100,81331700.0,2026-09-30,16:14:55
600187,*ST国中,1.24,1.24,1.25,1.26,1.22,148710.0,18360000.0,20.01,20.01,-10.33,0.68,0.92,5137000,9734000.0,2026-09-30,16:15:00
600188,兖矿能源,19.44,19.26,19.14,19.7,19.13,239001.0,465680000.0,1951.16,1158.89,17.22,2.61,0.4,12004400,11895700.0,2026-09-30,16:15:00
600189,泉阳泉,8.95,9.01,9.1,9.1,8.52,524955.0,463020000.0,64.01,64.01,210.97,5.06,7.34,28184900,24310500.0,2026-09-30,16:14:58
600190,退市锦港,0.63,0.63,0.0,0.0,0.0,0.0,0.0,12.61,11.21,31.9,-9.07,0.0,0,0.0,2026-09-30,09:00:00
600191,华资实业,8.85,8.74,8.72,8.85,8.72,41346.0,36330000.0,42.92,42.92,47.27,2.5,0.85,2478500,1656100.0,2026-09-30,16:14:58
600192,长城电工,7.19,7.25,7.28,7.3,7.09,77316.0,55430000.0,31.76,31.76,-8.54,4.7,1.75,3496300,4235300.0,2026-09-30,16:14:34
600193,退市创兴,0.16,0.16,0.0,0.0,0.0,0.0,0.0,0.68,0.68,-2.65,1.03,0.0,0,0.0,2026-09-30,09:00:00
600195,中牧股份,6.73,6.64,6.69,6.75,6.64,49932.0,33570000.0,68.72,68.72,49.3,1.21,0.49,2911600,2081600.0,2026-09-30,16:14:37
600196,复星医药,24.02,23.39,23.47,24.1,23.26,369918.0,884930000.0,641.44,508.86,18.92,1.32,1.75,21612800,15379000.0,2026-09-30,16:14:40
600197,伊力特,9.32,9.18,9.19,9.4,9.18,39237.0,36450000.0,44.1,44.1,32.5,1.17,0.83,2469300,1454400.0,2026-09-30,16:14:58
600198,大唐电信,7.21,7.27,7.32,7.33,7.17,75944.0,54860000.0,93.99,93.87,-253.93,45.83,0.58,2800900,4793500.0,2026-09-30,16:14:46
600199,金种子酒,7.0,6.89,7.02,7.14,6.84,168463.0,117980000.0,46.05,46.05,-24.08,2.43,2.56,9065300,7781000.0,2026-09-30,16:14:49
600200,退市苏吴,0.29,0.29,0.0,0.0,0.0,0.0,0.0,2.06,2.06,-0.48,0.12,0.0,0,0.0,2026-09-30,09:00:00
600201,生物股份,11.61,11.43,11.43,11.73,11.4,82213.0,95410000.0,127.7,127.7,88.81,2.38,0.75,4862300,3359000.0,2026-09-30,16:14:52
600202,哈空调,5.18,5.24,5.26,5.34,5.13,50757.0,26420000.0,19.86,19.86,-52.83,2.52,1.32,2280700,2795000.0,2026-09-30,16:14:55
600203,福日电子,9.78,9.89,9.9,9.97,9.77,89847.0,88330000.0,57.99,57.99,454.51,3.37,1.52,3359100,5625600.0,2026-09-30,16:14:58
600206,有研新材,46.62,49.7,49.05,49.34,46.42,604036.0,2884090000.0,394.66,394.66,124.11,9.13,7.14,25262800,35140800.0,2026-09-30,16:14:34
600207,安彩高科,5.26,5.48,5.38,5.46,5.15,522369.0,276700000.0,57.3,57.3,-6.83,3.37,4.8,22606500,29630400.0,2026-09-30,16:14:36
600208,衢州发展,2.91,2.9,2.88,2.94,2.81,1244027.0,358940000.0,247.61,247.58,145.26,0.59,1.46,69756600,54646100.0,2026-09-30,16:14:38
600210,紫江企业,6.36,6.26,6.26,6.38,6.25,181588.0,115110000.0,96.46,96.46,8.7,1.44,1.2,11916100,6242700.0,2026-09-30,16:14:41
600211,西藏药业,36.35,35.76,35.76,36.5,35.69,24308.0,88240000.0,117.16,117.16,11.97,3.3,0.75,1523500,907300.0,2026-09-30,16:14:44
600212,绿能慧充,5.63,5.71,5.82,5.83,5.57,62648.0,35470000.0,39.64,38.55,-410.9,6.9,0.91,2528500,3736300.0,2026-09-30,16:14:47
600215,派斯林,6.23,6.31,6.38,6.38,6.15,57092.0,35610000.0,28.46,28.46,-8.36,1.17,1.25,3080600,2628600.0,2026-09-30,16:14:50
600216,浙江医药,12.43,12.18,12.22,12.46,12.16,102045.0,126320000.0,119.53,118.26,14.83,1.05,1.07,6369000,3835400.0,2026-09-30,16:14:53
600217,中再资环,3.27,3.26,3.27,3.28,3.23,61383.0,19970000.0,54.21,54.21,-21.66,1.91,0.37,2927700,3210700.0,2026-09-30,16:14:56
600218,全柴动力,8.03,7.92,7.93,8.03,7.8,142865.0,113560000.0,34.98,34.98,64.36,1.07,3.28,7248900,7037500.0,2026-09-30,16:14:59
600219,南山铝业,4.71,4.62,4.67,4.73,4.66,990091.0,465570000.0,540.88,540.88,12.41,1.08,0.86,57728100,41281000.0,2026-09-30,16:14:34
600221,海航控股,1.22,1.21,1.21,1.23,1.21,1990462.0,242760000.0,527.23,522.72,24.04,9.6,0.46,135617600,63428600.0,2026-09-30,16:14:39
600222,太龙药业,7.89,7.87,7.93,8.02,7.84,101708.0,80490000.0,44.13,44.13,83.77,2.88,1.82,4940700,5230100.0,2026-09-30,16:14:39
600223,福瑞达,5.74,5.66,5.67,5.76,5.64,83786.0,47980000.0,58.35,58.35,36.11,1.37,0.82,5088400,3290200.0,2026-09-30,16:14:43
600226,亨通股份,5.15,5.32,5.32,5.36,5.15,602681.0,314160000.0,153.18,153.18,92.5,4.11,2.03,24454400,35813800.0,2026-09-30,16:14:44
600227,赤天化,3.85,3.81,3.85,3.88,3.77,792751.0,304370000.0,65.02,49.19,-34.55,2.81,6.2,40101300,39173800.0,2026-09-30,16:14:47
600228,返利科技,10.12,10.18,10.27,10.36,9.79,306945.0,309880000.0,42.17,42.1,-72.24,11.46,7.38,13360200,17334300.0,2026-09-30,16:14:50
600229,城市传媒,5.75,5.85,5.86,5.93,5.69,95833.0,55300000.0,37.99,37.99,-8.26,1.4,1.45,5261300,4321900.0,2026-09-30,16:14:53
600230,沧州大化,13.15,13.18,13.3,13.99,13.12,199935.0,267160000.0,54.44,54.44,50.31,1.33,4.83,8574900,11418600.0,2026-09-30,16:14:56
600231,凌钢股份,1.69,1.65,1.66,1.69,1.63,305840.0,50680000.0,48.54,47.93,-2.72,1.48,1.08,15404400,15179500.0,2026-09-30,16:14:59
600232,金鹰股份,6.66,6.81,6.81,7.0,6.62,101554.0,68200000.0,24.29,24.29,49.32,2.51,2.78,4474400,5681000.0,2026-09-30,16:14:42
600233,圆通速递,17.79,18.0,17.88,18.13,17.69,122373.0,218620000.0,609.33,609.33,10.75,1.66,0.36,6315300,5921900.0,2026-09-30,16:14:46
600234,科新发展,19.19,19.63,19.71,20.36,19.11,16984.0,33210000.0,50.38,50.38,-126.82,11.14,0.65,783100,915300.0,2026-09-30,16:14:40
600235,民丰特纸,5.97,5.96,5.97,6.0,5.88,42460.0,25220000.0,20.97,20.97,262.93,1.39,1.21,2000300,2245700.0,2026-09-30,16:14:44
600236,桂冠电力,9.27,9.18,9.23,9.34,9.2,68538.0,63560000.0,730.7,730.7,18.97,4.26,0.09,3453500,3400300.0,2026-09-30,16:14:45
600237,铜峰电子,8.55,9.03,9.21,9.22,8.52,372115.0,324450000.0,53.91,53.4,47.46,2.72,5.96,13953700,23257800.0,2026-09-30,16:14:48
600238,ST椰岛,4.01,4.01,4.02,4.03,3.93,35716.0,14180000.0,17.97,17.86,-87.04,25.82,0.8,1360100,2211500.0,2026-09-30,16:14:51
600239,ST云城,1.44,1.43,1.42,1.45,1.39,236492.0,33640000.0,23.12,23.12,-12.91,2.1,1.47,11009900,12639300.0,2026-09-30,16:14:54
600241,时代万恒,9.72,8.84,9.72,9.72,9.72,76812.0,74660000.0,28.61,28.61,-19.26,2.8,2.61,0,7681200.0,2026-09-30,16:14:57
600243,*ST海华,3.64,3.64,3.59,3.64,3.58,36696.0,13250000.0,15.97,15.97,-17.03,2.93,0.84,1213000,2456600.0,2026-09-30,16:15:00
600246,万通发展,12.58,13.13,13.15,13.33,12.47,767875.0,983200000.0,246.07,237.81,-29.26,5.35,4.06,33235200,43552300.0,2026-09-30,16:14:43
600248,陕建股份,2.89,2.82,2.83,2.9,2.8,179753.0,51320000.0,107.33,107.1,-17.84,0.39,0.49,10951300,7024100.0,2026-09-30,16:14:47
600249,两面针,5.35,5.36,5.38,5.42,5.32,47901.0,25710000.0,29.43,29.43,287.1,1.36,0.87,2357100,2433000.0,2026-09-30,16:14:46
600250,南京商旅,8.75,8.82,8.91,8.93,8.72,54700.0,48080000.0,27.37,27.37,372.91,4.37,1.75,2675800,2794200.0,2026-09-30,16:14:48
600251,冠农股份,9.99,9.77,9.79,10.04,9.74,139677.0,138840000.0,77.62,77.62,13.25,1.83,1.8,7590500,6377200.0,2026-09-30,16:14:45
600252,中恒集团,2.2,2.17,2.17,2.21,2.15,457773.0,100320000.0,70.05,70.05,-16.22,1.34,1.44,26447800,19329500.0,2026-09-30,16:14:48
600255,鑫科材料,3.35,3.38,3.4,3.41,3.32,325420.0,109040000.0,60.51,60.51,112.52,4.03,1.8,13615400,18926600.0,2026-09-30,16:14:51
600256,广汇能源,6.67,6.68,6.65,6.78,6.62,772204.0,517170000.0,426.35,426.35,24.08,1.71,1.21,40656000,36564300.0,2026-09-30,16:14:54
600257,大湖股份,5.5,5.45,5.47,5.52,5.43,81121.0,44420000.0,26.47,26.47,107.95,3.24,1.69,4425500,3686600.0,2026-09-30,16:14:57
600258,首旅酒店,11.01,11.01,11.01,11.03,10.91,133772.0,146760000.0,122.94,122.94,14.38,1.02,1.2,6220500,7156700.0,2026-09-30,16:15:00
600259,中稀有色,73.74,74.2,74.4,75.15,73.41,33150.0,245830000.0,248.09,248.09,54.11,6.45,0.99,1414100,1900900.0,2026-09-30,16:14:49
600261,阳光照明,3.29,3.27,3.27,3.3,3.26,126636.0,41580000.0,43.92,43.92,31.06,1.29,0.95,5572100,7091600.0,2026-09-30,16:14:51
600262,北方股份,14.52,14.53,14.59,14.77,14.51,21197.0,30910000.0,34.56,34.56,13.68,1.85,0.89,1003000,1116600.0,2026-09-30,16:14:46
600265,*ST景谷,22.95,22.55,22.55,23.1,22.55,3956.0,9000000.0,29.79,29.79,-24.46,9.02,0.3,225200,170400.0,2026-09-30,16:14:51
600266,城建发展,4.42,4.48,4.42,4.46,4.16,895030.0,383720000.0,91.75,91.75,-8.42,0.51,4.31,45132600,44370400.0,2026-09-30,16:14:51
600267,海正药业,11.75,11.43,11.4,11.86,11.38,267224.0,313930000.0,138.68,138.68,15.79,1.54,2.26,16136700,10585700.0,2026-09-30,16:14:55
600268,国电南自,10.09,9.99,10.06,10.19,10.03,79680.0,80670000.0,102.47,102.46,19.89,2.74,0.78,4607800,3360200.0,2026-09-30,16:14:49
600269,赣粤高速,3.81,3.76,3.77,3.82,3.74,114731.0,43510000.0,88.98,88.98,12.3,0.46,0.49,7688800,3784300.0,2026-09-30,16:14:53
600271,航天信息,6.64,6.65,6.66,6.67,6.58,55925.0,37070000.0,123.03,123.03,-15.0,0.96,0.3,2647000,2945500.0,2026-09-30,16:14:55
600272,开开实业,15.01,14.99,15.0,15.48,14.86,141315.0,213930000.0,39.42,24.02,168.76,4.96,8.83,6731400,7400100.0,2026-09-30,16:14:58
600273,嘉化能源,6.2,6.13,6.15,6.23,6.14,79907.0,49480000.0,81.3,81.3,12.99,0.82,0.61,4504100,3486600.0,2026-09-30,16:14:49
600276,恒瑞医药,47.2,45.62,45.6,47.39,45.25,1121640.0,5234860000.0,3132.76,3010.89,40.55,4.86,1.76,62806400,49357600.0,2026-09-30,16:14:54
600278,东方创业,6.52,6.53,6.55,6.57,6.45,43224.0,28140000.0,56.11,56.11,26.81,0.66,0.5,2196100,2126300.0,2026-09-30,16:14:54
600279,重庆港,4.32,4.27,4.29,4.33,4.26,49998.0,21480000.0,51.27,51.27,75.65,0.76,0.42,2832500,2167300.0,2026-09-30,16:14:58
600280,中央商场,3.01,3.0,3.02,3.03,2.96,231159.0,69360000.0,33.96,33.96,-8.23,13.9,2.05,12258900,10857000.0,2026-09-30,16:14:52
600281,华阳新材,4.62,4.71,4.7,4.73,4.57,129010.0,59960000.0,23.77,23.77,-27.65,40.57,2.51,5606800,7294200.0,2026-09-30,16:14:57
600282,南钢股份,4.54,4.43,4.43,4.58,4.42,433855.0,195940000.0,279.9,279.9,10.27,1.03,0.7,27175700,16209800.0,2026-09-30,16:14:55
600283,钱江水利,8.04,8.0,8.08,8.08,8.0,15384.0,12350000.0,45.09,45.09,20.64,1.37,0.27,762200,776200.0,2026-09-30,16:14:57
600284,浦东建设,5.14,5.1,5.1,5.17,5.05,99963.0,51160000.0,49.87,49.87,19.36,0.62,1.03,4527100,5469200.0,2026-09-30,16:14:55
600285,羚锐制药,18.98,18.69,18.68,18.99,18.67,44363.0,83790000.0,107.64,107.52,13.8,3.33,0.78,2910900,1525500.0,2026-09-30,16:14:58
600287,苏豪时尚,5.02,5.03,5.05,5.05,4.94,27499.0,13760000.0,21.93,21.93,103.53,1.0,0.63,1309900,1440000.0,2026-09-30,16:14:57
600288,大恒科技,10.36,10.51,10.62,10.65,10.35,87894.0,91700000.0,45.25,45.25,24.41,2.25,2.01,3263000,5526400.0,2026-09-30,16:14:34
600289,ST信通,4.4,4.26,4.26,4.44,4.21,17444.0,7490000.0,27.77,24.9,-5.7,3.3,0.31,917600,826800.0,2026-09-30,16:14:56
600292,电投水电,11.42,11.13,11.15,11.44,11.15,73997.0,84010000.0,544.07,50.17,45.77,2.44,1.68,4179800,3219900.0,2026-09-30,16:15:00
600293,三峡新材,3.93,3.93,0.0,0.0,0.0,0.0,0.0,45.59,45.59,-54.41,2.76,0.0,0,0.0,2026-09-30,16:14:58
600295,鄂尔多斯,13.06,12.84,12.83,13.17,12.75,86987.0,113200000.0,365.52,258.01,13.1,1.71,0.44,4810600,3888100.0,2026-09-30,16:14:47
600298,安琪酵母,37.47,37.3,37.39,37.86,37.2,48517.0,182180000.0,325.17,322.49,20.0,2.61,0.56,2706700,2145000.0,2026-09-30,16:14:56
600299,安迪苏,8.21,8.07,8.08,8.23,8.06,211172.0,172860000.0,252.85,252.85,19.17,1.28,0.69,12094900,9022300.0,2026-09-30,16:15:00
600300,维维股份,3.1,3.05,3.05,3.11,3.04,211391.0,65090000.0,50.13,50.13,14.52,1.4,1.31,11610200,9528900.0,2026-09-30,16:15:00
600301,华锡有色,49.83,48.64,48.98,50.25,48.76,114315.0,567250000.0,315.21,137.2,33.08,6.19,4.15,6311300,5120300.0,2026-09-30,16:14:59
600302,ST标准,6.76,6.77,6.74,6.89,6.69,18848.0,12740000.0,23.39,23.39,-13.32,5.0,0.54,981100,903700.0,2026-09-30,16:14:59
600303,曙光股份,3.11,3.06,3.07,3.18,3.06,265778.0,83000000.0,21.26,21.07,-6.25,2.42,3.92,12797600,13780200.0,2026-09-30,16:14:35
600305,恒顺醋业,6.74,6.67,6.66,6.77,6.65,52328.0,35190000.0,74.45,74.34,48.4,2.23,0.47,3168500,2064300.0,2026-09-30,16:14:38
600307,酒钢宏兴,1.47,1.46,1.47,1.48,1.44,352115.0,51410000.0,92.07,92.07,-5.88,1.73,0.56,19521500,15690000.0,2026-09-30,16:14:41
600308,华泰股份,3.27,3.25,3.26,3.27,3.24,52280.0,17010000.0,49.6,49.6,-43.23,0.55,0.34,2527100,2700900.0,2026-09-30,16:14:59
600309,万华化学,68.9,67.66,67.72,69.29,67.72,198767.0,1366020000.0,2156.89,2156.89,13.1,1.94,0.63,11873400,8003200.0,2026-09-30,16:14:47
600310,广西能源,4.52,4.56,4.6,4.6,4.5,387998.0,176190000.0,66.25,66.25,-417.1,2.34,2.65,17251500,21548300.0,2026-09-30,16:14:50
600312,平高电气,20.29,19.95,19.95,20.78,19.88,253664.0,517700000.0,275.32,275.32,21.65,2.32,1.87,12911800,12454600.0,2026-09-30,16:14:53
600313,农发种业,6.73,6.45,6.54,6.79,6.51,445146.0,296660000.0,78.16,72.83,106.93,3.2,4.11,25207700,19306900.0,2026-09-30,16:14:56
600315,上海家化,18.38,17.7,17.76,18.48,17.73,79451.0,144790000.0,123.56,123.56,32.28,1.75,1.18,4727100,3218000.0,2026-09-30,16:14:59
600316,洪都航空,33.41,32.84,33.11,33.97,33.06,68880.0,231780000.0,239.59,239.59,505.39,4.45,0.96,3250900,3637100.0,2026-09-30,16:14:35
600318,新力金融,6.8,6.85,6.87,6.92,6.77,109128.0,74390000.0,34.87,34.87,81.86,3.14,2.13,4771500,6141300.0,2026-09-30,16:14:37
600319,亚星化学,6.32,6.3,6.33,6.42,6.27,33410.0,21200000.0,24.5,24.5,-19.61,7.53,0.86,1485800,1855300.0,2026-09-30,16:14:39
600320,振华重工,4.07,4.02,4.01,4.08,4.01,259376.0,105290000.0,214.87,135.65,24.14,1.35,0.78,16299500,9638100.0,2026-09-30,16:14:42
600322,津投城开,2.79,2.79,2.78,2.81,2.66,451606.0,123240000.0,30.85,30.85,-3.66,40.45,4.08,23245600,21915000.0,2026-09-30,16:14:45
600323,瀚蓝环境,29.48,29.14,29.1,29.66,29.04,29512.0,86880000.0,240.36,240.36,10.86,1.58,0.36,1793800,1157400.0,2026-09-30,16:14:48
600325,华发股份,2.92,2.95,2.91,2.97,2.66,2608828.0,733170000.0,80.36,80.36,-0.6,1.36,9.48,143022900,117859900.0,2026-09-30,16:14:51
600326,西藏天路,6.73,6.63,6.7,6.82,6.61,139425.0,93590000.0,91.69,91.69,-297.28,2.38,1.02,7364800,6577800.0,2026-09-30,16:14:54
600327,大东方,3.88,3.85,3.87,3.9,3.82,97878.0,37850000.0,34.33,34.33,-12.3,1.22,1.11,5310500,4477300.0,2026-09-30,16:14:57
600328,中盐化工,5.68,5.59,5.6,5.7,5.58,118482.0,66930000.0,83.29,83.29,-33.18,0.71,0.81,7531600,4316600.0,2026-09-30,16:15:00
600329,达仁堂,35.32,34.6,34.85,35.43,34.61,19953.0,70170000.0,272.0,200.3,32.07,4.58,0.35,1374300,621000.0,2026-09-30,16:14:35
600330,天通股份,26.9,27.84,28.15,28.25,26.7,508483.0,1382650000.0,331.79,331.79,-66.34,4.42,4.12,23266500,27581800.0,2026-09-30,16:14:39
600331,宏达股份,11.56,11.65,11.73,11.8,11.55,146439.0,170560000.0,305.37,234.9,-1250.7,9.77,0.72,6340300,8303600.0,2026-09-30,16:14:39
600332,白云山,19.72,19.4,19.4,19.74,19.37,56855.0,111550000.0,320.61,277.24,12.51,0.83,0.4,3672900,2012600.0,2026-09-30,16:14:44
600333,长春燃气,6.82,6.73,6.71,6.84,6.71,115172.0,78300000.0,41.54,41.54,170.16,2.19,1.89,5765100,5752100.0,2026-09-30,16:14:45
600335,国机汽车,5.26,5.21,5.2,5.28,5.18,101263.0,53170000.0,78.24,78.24,16.78,0.67,0.68,5023800,5102500.0,2026-09-30,16:14:48
600336,澳柯玛,6.22,6.33,6.39,6.4,6.22,34700.0,21730000.0,49.64,49.64,-16.86,2.41,0.43,1440500,2029500.0,2026-09-30,16:14:51
600337,ST美克,3.82,3.7,3.7,3.86,3.59,391306.0,145840000.0,54.89,54.89,-2.18,60.59,2.72,20933200,18197400.0,2026-09-30,16:14:54
600338,西藏珠峰,12.0,11.93,11.9,12.09,11.84,139365.0,166930000.0,109.71,109.71,19.37,2.31,1.52,6157000,7779500.0,2026-09-30,16:14:57
600339,中油工程,3.24,3.21,3.2,3.24,3.19,236064.0,76030000.0,180.89,180.89,71.92,0.67,0.42,12363600,11242800.0,2026-09-30,16:15:00
600340,*ST华幸,1.3,1.37,1.33,1.36,1.25,1599264.0,207900000.0,50.61,50.61,-0.24,-0.23,4.11,70727100,89199300.0,2026-09-30,16:14:43
600343,航天动力,18.88,19.16,19.3,19.41,18.56,244708.0,461490000.0,120.49,120.49,-68.33,9.72,3.83,11914800,12556000.0,2026-09-30,16:14:47
600345,长江通信,48.79,47.06,47.4,50.45,47.08,92996.0,453230000.0,160.82,103.22,23.98,3.84,4.4,5365900,3933700.0,2026-09-30,16:14:41
600346,恒力石化,16.07,15.91,16.09,16.32,15.88,231742.0,374470000.0,1131.18,1131.18,10.07,1.57,0.33,12564300,10609900.0,2026-09-30,16:14:45
600348,华阳股份,8.88,8.72,8.72,8.93,8.71,184244.0,163260000.0,320.35,320.35,16.16,1.16,0.51,10273200,8151100.0,2026-09-30,16:14:44
600350,山东高速,10.16,9.96,9.95,10.2,9.94,115795.0,117000000.0,491.19,491.19,15.91,1.68,0.24,8562300,3017200.0,2026-09-30,16:14:46
600351,亚宝药业,6.82,6.7,6.7,6.88,6.7,211785.0,144570000.0,47.19,47.19,14.6,1.76,3.06,11290000,9888500.0,2026-09-30,16:14:49
600352,浙江龙盛,12.59,12.1,12.17,12.71,12.13,538458.0,674840000.0,409.59,409.59,21.5,1.28,1.66,30430300,23415600.0,2026-09-30,16:14:52
600353,旭光电子,28.68,29.3,29.5,30.05,28.45,329657.0,960870000.0,237.7,237.7,140.66,12.45,3.98,15439500,17526200.0,2026-09-30,16:14:55
600354,敦煌种业,9.24,8.96,9.05,9.6,9.01,868158.0,804040000.0,48.77,48.77,35.48,5.77,16.45,44744000,42071900.0,2026-09-30,16:14:58
600355,*ST精伦,0.58,0.58,0.0,0.0,0.0,0.0,0.0,2.85,2.85,-6.37,2.71,0.0,0,0.0,2026-09-30,09:00:00
600356,恒丰纸业,11.46,10.42,10.84,11.46,10.68,153774.0,173480000.0,37.76,34.23,17.58,1.23,5.15,3871400,11506000.0,2026-09-30,16:14:44
600358,国旅联合,5.69,5.76,5.85,5.87,5.65,143824.0,82360000.0,66.18,28.73,-239.8,3.07,2.85,6600500,7781900.0,2026-09-30,16:14:48
600359,新农开发,7.4,7.25,7.26,7.48,7.24,267699.0,196640000.0,28.23,28.23,-332.21,4.22,7.02,12357100,14412800.0,2026-09-30,16:14:47
600360,华微电子,10.83,11.31,11.42,11.52,10.79,649785.0,714900000.0,104.0,104.0,56.61,2.93,6.77,23615300,41363200.0,2026-09-30,16:14:49
600361,创新新材,3.49,3.47,3.46,3.5,3.46,177290.0,61780000.0,130.27,130.27,15.75,1.17,0.47,8835700,8893300.0,2026-09-30,16:14:44
600362,江西铜业,41.8,41.74,41.74,41.88,41.31,186496.0,777750000.0,1447.42,867.45,12.49,1.65,0.9,8663600,9985900.0,2026-09-30,16:14:49
600363,ST联光,12.2,13.55,12.2,12.2,12.2,15016.0,18320000.0,55.01,55.01,14.34,1.19,0.33,1501600,0.0,2026-09-30,16:14:49
600365,ST通葡,2.86,2.86,2.85,2.87,2.85,6980.0,2000000.0,12.98,12.56,-14.33,6.38,0.16,239100,458900.0,2026-09-30,16:14:53
600366,宁波韵升,10.71,10.76,10.76,10.84,10.68,111301.0,119640000.0,117.71,117.71,23.68,1.83,1.01,4727200,6402900.0,2026-09-30,16:14:55
600367,红星发展,33.08,34.59,34.59,34.99,33.01,210004.0,710170000.0,112.85,106.51,114.43,4.46,6.52,8793700,12206700.0,2026-09-30,16:14:58
600368,五洲交通,4.11,4.12,4.13,4.14,4.09,95870.0,39400000.0,66.16,66.16,11.94,0.91,0.6,4010600,5576400.0,2026-09-30,16:14:47
600369,西南证券,3.92,3.91,3.91,3.93,3.88,158569.0,62000000.0,260.49,260.49,20.94,0.99,0.24,8381400,7475500.0,2026-09-30,16:14:49
600370,*ST三房,1.37,1.45,1.44,1.45,1.36,385200.0,53020000.0,55.11,55.11,-8.91,1.12,0.96,14770500,23749400.0,2026-09-30,16:14:47
600371,万向德农,13.51,12.84,12.6,13.94,12.57,666169.0,883910000.0,39.53,39.53,-717.62,7.6,22.77,38703900,27913100.0,2026-09-30,16:14:49
600372,中航机载,11.25,11.15,11.15,11.33,11.15,145527.0,163950000.0,544.38,544.38,52.67,1.43,0.3,7601600,6951200.0,2026-09-30,16:14:52
600373,中文传媒,7.51,7.54,7.52,7.6,7.47,109173.0,82190000.0,101.19,101.19,36.44,0.57,0.81,5468100,5449100.0,2026-09-30,16:14:56
600375,汉马科技,3.73,3.66,3.68,3.76,3.63,212197.0,78540000.0,59.79,54.56,112.69,1.76,1.45,11803600,9416100.0,2026-09-30,16:14:50
600376,首开股份,3.3,3.39,3.32,3.38,3.1,1426489.0,460940000.0,85.13,85.13,-1.29,6.81,5.53,64537500,78111400.0,2026-09-30,16:14:53
600377,宁沪高速,13.0,12.93,12.99,13.18,12.9,102271.0,133630000.0,654.91,494.28,14.01,1.58,0.27,5647000,4580100.0,2026-09-30,16:14:56
600378,昊华科技,41.2,41.75,42.08,42.28,41.04,185593.0,771010000.0,531.48,441.9,31.25,2.85,1.73,8025500,10533800.0,2026-09-30,16:14:59
600379,宝光股份,13.94,14.18,14.29,14.32,13.89,63567.0,89200000.0,46.03,46.03,87.21,5.78,1.93,2847900,3508800.0,2026-09-30,16:14:50
600380,健康元,10.16,9.9,9.93,10.23,9.86,316269.0,320780000.0,185.87,185.87,15.51,1.22,1.73,16235000,15391800.0,2026-09-30,16:14:52
600381,*ST春天,4.2,4.13,4.14,4.21,4.12,41335.0,17230000.0,24.66,24.66,-32.99,2.57,0.7,2046000,2087500.0,2026-09-30,16:14:52
600382,广东明珠,5.64,5.57,5.57,5.71,5.56,80583.0,45300000.0,36.57,36.57,21.33,1.28,1.24,4492600,3565600.0,2026-09-30,16:14:56
600383,金地集团,2.74,2.55,2.47,2.81,2.3,4918583.0,1258910000.0,123.7,123.7,-1.0,0.29,10.89,290283600,201574800.0,2026-09-30,16:14:50
600386,北巴传媒,3.54,3.55,3.57,3.58,3.53,68725.0,24410000.0,28.55,28.55,-67.28,1.74,0.85,3172400,3700100.0,2026-09-30,16:14:54
600387,退市海越,0.94,0.94,0.0,0.0,0.0,0.0,0.0,4.4,3.8,-0.94,0.17,0.0,0,0.0,2026-09-30,09:00:00
600388,紫金龙净,16.8,16.69,16.69,16.92,16.69,46769.0,78570000.0,237.27,213.37,19.39,1.84,0.37,2346800,2330100.0,2026-09-30,16:14:53
600389,江山股份,17.89,17.48,17.49,18.06,17.49,63826.0,113790000.0,77.04,77.04,14.18,1.79,1.48,3731300,2651300.0,2026-09-30,16:14:55
600390,五矿资本,4.85,4.79,4.8,4.87,4.77,246694.0,119170000.0,218.16,218.16,22.14,0.51,0.55,15855000,8814400.0,2026-09-30,16:14:56
600391,航发科技,40.61,40.92,41.11,42.77,40.51,97480.0,400740000.0,134.07,134.07,236.42,7.49,2.95,4612400,5135600.0,2026-09-30,16:14:59
600392,盛和资源,20.17,20.27,20.28,20.48,20.08,179121.0,362940000.0,353.55,353.55,26.21,2.71,1.02,7372900,10539200.0,2026-09-30,16:14:55
600395,盘江股份,4.99,4.95,4.95,5.02,4.94,162965.0,81240000.0,107.12,107.12,26.91,1.01,0.76,8465500,7831000.0,2026-09-30,16:14:59
600396,华电辽能,12.39,12.35,12.47,12.59,12.32,433901.0,539700000.0,182.47,182.47,384.64,12.21,2.95,22061800,21328300.0,2026-09-30,16:14:53
600397,江钨装备,16.12,15.94,16.15,16.5,15.81,369742.0,599460000.0,159.58,159.58,-1414.08,82.61,3.73,18901100,18073200.0,2026-09-30,16:14:57
600398,海澜之家,5.65,5.62,5.62,5.68,5.6,195706.0,110480000.0,271.36,271.36,13.09,1.52,0.41,10950800,8619900.0,2026-09-30,16:14:56
600399,抚顺特钢,4.29,4.25,4.27,4.33,4.26,183532.0,78770000.0,84.6,84.6,-10.85,1.61,0.93,10112800,8240400.0,2026-09-30,16:14:58
600400,红豆股份,3.29,3.31,3.33,3.38,3.26,333604.0,110290000.0,75.39,75.39,-17.93,5.87,1.46,15782000,17578400.0,2026-09-30,16:14:56
600403,大有能源,7.02,7.05,7.03,7.23,6.93,781017.0,551460000.0,167.84,167.84,-9.29,5.44,3.27,36546800,41554900.0,2026-09-30,16:14:58
600405,动力源,4.94,5.02,5.02,5.05,4.91,75649.0,37440000.0,30.27,30.27,-10.79,78.48,1.23,3054900,4510000.0,2026-09-30,16:14:58
600406,国电南瑞,22.52,22.21,22.25,22.69,22.23,435555.0,982840000.0,1808.75,1803.44,21.53,3.56,0.54,23282600,20272800.0,2026-09-30,16:15:00
600408,安泰集团,3.13,3.04,3.03,3.14,3.03,425806.0,131730000.0,31.51,31.51,-11.22,2.78,4.23,22612100,19968500.0,2026-09-30,16:14:56
600409,三友化工,6.16,6.05,6.06,6.2,6.04,152133.0,93530000.0,127.16,127.16,69.06,0.91,0.74,9861900,5351400.0,2026-09-30,16:15:00
600410,华胜天成,14.18,14.59,14.72,14.79,14.16,449462.0,643330000.0,155.48,155.48,-43.54,3.74,4.1,17346100,27600100.0,2026-09-30,16:14:59
600415,小商品城,11.08,10.72,10.73,11.12,10.73,442634.0,484470000.0,607.58,607.58,13.53,2.75,0.81,28052400,16211000.0,2026-09-30,16:14:42
600416,湘电股份,8.32,8.15,8.17,8.37,8.12,100979.0,83530000.0,122.79,122.79,257.43,1.27,0.68,6091900,4006000.0,2026-09-30,16:14:59
600418,江淮汽车,27.47,26.04,26.03,28.64,24.96,2747449.0,7492600000.0,619.22,619.22,-36.89,4.99,12.19,135132900,139611900.0,2026-09-30,16:14:48
600419,天润乳业,8.94,8.77,8.82,9.06,8.77,55121.0,49130000.0,28.21,28.21,23.99,1.14,1.75,2874900,2637200.0,2026-09-30,16:14:51
600420,国药现代,8.39,8.21,8.23,8.41,8.2,72399.0,60350000.0,112.52,112.52,20.64,0.82,0.54,4979500,2260400.0,2026-09-30,16:14:54
600421,退市华嵘,0.24,0.24,0.0,0.0,0.0,0.0,0.0,0.47,0.47,6.93,3.37,0.0,0,0.0,2026-09-30,09:00:00
600422,昆药集团,8.11,8.0,8.0,8.15,7.97,43256.0,34980000.0,61.39,61.39,-28.91,1.26,0.57,3094800,1230800.0,2026-09-30,16:14:59
600423,*ST柳化,2.67,2.64,2.63,2.68,2.62,21462.0,5680000.0,21.33,21.33,-142.44,3.94,0.27,1136700,1009500.0,2026-09-30,16:15:00
600425,青松建化,3.69,3.62,3.65,3.71,3.59,158623.0,58010000.0,59.21,59.21,20.36,0.92,0.99,9926100,5936200.0,2026-09-30,16:14:33
600426,华鲁恒升,19.43,19.05,19.11,19.48,19.04,231506.0,446450000.0,534.31,534.31,13.03,1.53,0.84,12980600,10170000.0,2026-09-30,16:14:36
600428,中远海特,10.71,10.42,10.45,10.77,10.45,257770.0,274790000.0,293.87,293.87,12.63,1.73,0.94,13287300,12489700.0,2026-09-30,16:14:40
600429,三元股份,4.85,4.75,4.75,4.86,4.69,179117.0,85760000.0,72.63,72.63,-32.5,1.51,1.2,10241300,7670500.0,2026-09-30,16:14:40
600433,冠豪高新,3.26,3.24,3.24,3.29,3.22,151284.0,49250000.0,57.06,57.06,-172.87,1.28,0.86,6972900,8155500.0,2026-09-30,16:14:43
600435,北方导航,11.16,10.87,10.9,11.2,10.88,160876.0,177850000.0,168.78,168.78,-389.63,5.95,1.06,9468000,6619600.0,2026-09-30,16:14:46
600436,片仔癀,118.0,115.22,115.26,118.99,115.25,22780.0,267360000.0,711.91,711.91,39.35,4.87,0.38,1396900,881100.0,2026-09-30,16:14:49
600438,通威股份,11.52,11.07,11.09,11.77,11.04,557694.0,636310000.0,518.63,518.63,-5.34,1.61,1.24,31560900,24208500.0,2026-09-30,16:14:52
600439,ST瑞贝卡,1.84,1.84,1.84,1.85,1.82,77797.0,14270000.0,20.83,20.83,-24.0,0.84,0.69,4196500,3583200.0,2026-09-30,16:14:55
600444,国机通用,14.51,14.53,14.67,14.67,14.37,18900.0,27400000.0,21.25,21.25,35.98,2.78,1.29,1034500,855500.0,2026-09-30,16:14:58
600446,金证股份,10.41,10.39,10.56,10.87,10.35,113860.0,119520000.0,97.99,97.99,-83.8,2.73,1.21,5302100,6083800.0,2026-09-30,16:14:35
600448,华纺股份,3.1,3.11,3.15,3.21,3.02,662036.0,205180000.0,19.52,19.52,-7.23,2.18,10.51,30103800,36099800.0,2026-09-30,16:14:37
600449,宁夏建材,12.48,12.49,12.53,12.58,12.42,38764.0,48470000.0,59.68,59.68,44.45,0.81,0.81,1969400,1907000.0,2026-09-30,16:14:37
600452,涪陵电力,8.78,8.73,8.72,8.8,8.69,109714.0,95950000.0,134.91,134.91,31.15,2.38,0.71,6252500,4718900.0,2026-09-30,16:14:41
600455,博通股份,24.63,24.81,24.99,25.1,24.51,8869.0,21950000.0,15.38,15.38,31.76,4.29,1.42,389100,497800.0,2026-09-30,16:14:43
600456,宝钛股份,24.63,24.58,24.59,24.76,24.55,16518.0,40720000.0,117.68,117.68,34.5,1.64,0.35,785500,866300.0,2026-09-30,16:14:46
600458,时代新材,10.99,10.86,10.95,11.04,10.83,126893.0,139060000.0,104.64,95.52,18.81,1.29,1.46,7505300,5184000.0,2026-09-30,16:14:49
600459,贵研铂业,18.02,18.02,18.05,18.13,17.91,57978.0,104550000.0,148.34,136.9,22.3,1.64,0.76,2435000,3362800.0,2026-09-30,16:14:52
600460,士兰微,30.75,31.84,32.29,32.3,30.69,420988.0,1308540000.0,511.7,511.7,78.76,4.14,2.53,17592200,24506600.0,2026-09-30,16:14:55
600461,洪城环境,8.81,8.73,8.76,8.85,8.7,71819.0,63250000.0,116.09,116.09,9.96,1.17,0.55,4843400,2338500.0,2026-09-30,16:14:58
600462,退市九有,0.21,0.21,0.0,0.0,0.0,0.0,0.0,1.3,1.26,562.17,3.49,0.0,0,0.0,2026-09-30,09:00:00
600463,空港股份,8.37,8.41,8.41,8.47,8.18,57153.0,47590000.0,25.11,25.11,-30.28,2.96,1.91,3176900,2538400.0,2026-09-30,16:14:40
600467,好当家,2.44,2.42,2.43,2.45,2.4,272796.0,66260000.0,35.65,35.65,101.2,1.04,1.87,16147400,11132200.0,2026-09-30,16:14:44
600468,百利电气,5.87,5.86,5.9,5.93,5.84,84516.0,49650000.0,63.85,63.85,86.46,3.14,0.78,3778100,4673500.0,2026-09-30,16:14:38
600469,风神股份,4.94,4.9,4.91,4.96,4.9,40847.0,20160000.0,43.97,41.8,18.4,0.95,0.48,2097500,1987200.0,2026-09-30,16:14:42
600470,六国化工,5.45,5.46,5.5,5.5,5.42,86311.0,47080000.0,28.43,28.43,-5.96,1.96,1.65,3932500,4698600.0,2026-09-30,16:14:44
600475,华光环能,13.97,14.3,14.34,14.45,13.9,55016.0,77500000.0,132.85,131.72,34.6,1.55,0.58,2547500,2954200.0,2026-09-30,16:14:47
600476,*ST湘邮,9.92,9.9,9.97,9.97,9.76,7167.0,7060000.0,15.98,15.98,-3.52,-3.62,0.44,326800,389900.0,2026-09-30,16:14:50
600477,杭萧钢构,2.43,2.41,2.42,2.45,2.39,195716.0,47350000.0,57.32,57.32,81.52,1.15,0.83,11432800,8138900.0,2026-09-30,16:14:53
600478,科力远,4.54,4.49,4.5,4.56,4.44,236978.0,107190000.0,76.9,76.9,52.8,2.52,1.4,12406800,11291000.0,2026-09-30,16:14:56
600479,千金药业,12.4,11.95,11.95,12.86,11.87,683363.0,848560000.0,61.03,51.89,17.98,2.02,16.33,35662200,32674100.0,2026-09-30,16:14:59
600480,凌云股份,7.74,7.67,7.66,7.83,7.62,87943.0,68070000.0,94.6,93.9,13.39,1.17,0.72,4700400,4093900.0,2026-09-30,16:14:41
600481,双良节能,4.03,3.91,3.96,4.05,3.93,408311.0,163320000.0,83.19,83.19,-6.48,2.09,1.98,24051000,16780100.0,2026-09-30,16:14:45
600482,中国动力,33.51,33.8,33.89,34.98,33.41,107764.0,365450000.0,760.09,760.09,44.88,1.85,0.48,5846200,4930200.0,2026-09-30,16:14:44
600483,福能股份,11.02,10.83,10.83,11.06,10.76,95262.0,104570000.0,306.37,306.37,10.39,1.11,0.34,5391400,4134800.0,2026-09-30,16:14:46
600486,XD扬农化,51.18,50.21,50.26,51.46,50.19,19165.0,97710000.0,206.82,206.82,16.29,1.74,0.47,1045900,870600.0,2026-09-30,16:14:44
600487,亨通光电,54.86,57.11,57.55,57.88,54.58,1616790.0,8953540000.0,1353.06,1346.07,32.32,4.01,6.59,73754600,87924400.0,2026-09-30,16:14:47
600488,津药药业,6.69,6.9,6.85,7.25,6.6,2191359.0,1497520000.0,73.05,73.05,113.37,2.42,20.07,115609700,103526200.0,2026-09-30,16:14:50
600489,中金黄金,21.9,21.59,21.59,22.02,21.4,482322.0,1049970000.0,1061.56,1061.56,16.1,3.27,1.0,24616600,23615600.0,2026-09-30,16:14:53
600490,鹏欣资源,6.8,6.7,6.7,6.81,6.67,193054.0,130540000.0,150.48,135.5,48.75,2.37,0.97,9530800,9774700.0,2026-09-30,16:14:56
600491,ST龙元,1.57,1.55,1.54,1.59,1.53,336175.0,52380000.0,24.02,24.02,-0.69,0.38,2.2,18116400,15501100.0,2026-09-30,16:14:59
600493,凤竹纺织,6.51,6.57,6.58,6.65,6.48,57356.0,37550000.0,17.71,17.71,195.51,1.58,2.11,2559700,3175900.0,2026-09-30,16:14:47
600495,晋西车轴,4.08,4.07,4.09,4.1,4.06,51567.0,21030000.0,49.29,49.29,142.37,1.5,0.43,2779200,2377600.0,2026-09-30,16:14:49
600496,精工钢构,3.39,3.32,3.33,3.4,3.3,320247.0,107970000.0,67.47,67.47,10.83,0.74,1.61,21127500,10897200.0,2026-09-30,16:14:47
600497,驰宏锌锗,8.96,8.93,8.94,9.05,8.91,407833.0,366180000.0,451.62,451.62,26.67,2.54,0.81,19550700,21232700.0,2026-09-30,16:14:49
600498,烽火通信,35.7,36.28,36.6,36.8,35.6,448041.0,1614670000.0,484.87,453.97,141.75,2.75,3.52,20125900,24678200.0,2026-09-30,16:14:49
600499,科达制造,11.19,11.07,11.08,11.22,11.06,194428.0,216660000.0,214.61,214.61,11.61,1.62,1.01,9810600,9632200.0,2026-09-30,16:14:53
600500,中化国际,5.08,5.01,5.1,5.21,5.06,503481.0,257950000.0,182.29,182.29,-11.26,1.79,1.4,25605300,24742800.0,2026-09-30,16:14:51
600501,航天晨光,14.45,14.49,14.57,14.74,14.4,35417.0,51390000.0,61.82,61.82,-36.2,4.07,0.83,1567400,1974300.0,2026-09-30,16:14:54
600502,安徽建工,4.23,4.16,4.17,4.24,4.14,293268.0,123160000.0,72.61,72.61,4.72,0.61,1.71,17063800,12263000.0,2026-09-30,16:14:57
600503,华丽家族,2.53,2.47,2.45,2.6,2.27,2385805.0,580640000.0,40.54,40.54,-51.41,1.18,14.89,118643500,119936900.0,2026-09-30,16:15:00
600505,西昌电力,10.43,10.29,10.34,10.5,10.27,54519.0,56710000.0,38.02,38.02,249.48,3.12,1.5,3151300,2300600.0,2026-09-30,16:14:50
600506,统一股份,16.2,16.18,16.37,16.65,15.96,132323.0,214370000.0,40.44,40.44,82.71,7.99,5.3,6502400,6729900.0,2026-09-30,16:14:52
600507,方大特钢,4.08,3.98,3.99,4.11,3.96,191493.0,77400000.0,94.38,94.38,12.66,0.95,0.83,14750000,4399300.0,2026-09-30,16:14:52
600508,上海能源,10.58,10.45,10.37,10.61,10.37,109523.0,115520000.0,107.05,107.05,35.86,0.84,1.08,5860300,5092000.0,2026-09-30,16:14:56
600509,天富能源,7.15,7.18,7.19,7.21,7.12,88661.0,63390000.0,98.27,98.27,43.17,1.24,0.65,4111400,4754700.0,2026-09-30,16:14:50
600510,黑牡丹,6.4,6.54,6.62,6.62,6.18,115224.0,72750000.0,66.05,66.05,-83.31,0.64,1.12,5702300,5820100.0,2026-09-30,16:14:55
600511,国药股份,26.1,25.8,25.83,26.18,25.77,42546.0,110910000.0,196.93,144.42,10.21,1.05,0.77,2554100,1700500.0,2026-09-30,16:14:53
600512,腾达建设,2.09,2.09,2.09,2.1,2.05,253044.0,52500000.0,33.18,33.18,419.51,0.54,1.59,10241100,15063300.0,2026-09-30,16:14:55
600513,联环药业,15.09,14.81,15.0,15.31,14.9,99539.0,150490000.0,43.08,43.08,-90.15,3.41,3.49,5397600,4556300.0,2026-09-30,16:14:57
600515,海南机场,2.75,2.71,2.7,2.76,2.67,1022706.0,278300000.0,314.2,252.34,149.84,1.3,1.11,51039000,51231600.0,2026-09-30,16:15:00
600516,方大炭素,5.29,5.27,5.28,5.35,5.27,333562.0,176910000.0,212.97,212.97,101.68,1.29,0.83,16450900,16905300.0,2026-09-30,16:14:55
600517,国网英大,4.94,4.85,4.87,4.96,4.85,163476.0,80390000.0,282.49,282.49,10.94,1.19,0.29,10820500,5527100.0,2026-09-30,16:14:59
600518,康美药业,1.34,1.33,1.33,1.35,1.32,848275.0,113590000.0,185.31,185.22,628.98,2.53,0.61,55167300,29660200.0,2026-09-30,16:14:54
600519,贵州茅台,1258.62,1235.58,1239.53,1268.0,1236.05,38331.0,4797250000.0,15733.78,15733.78,19.32,6.26,0.31,2163300,1669800.0,2026-09-30,16:14:58
600520,三佳科技,24.31,25.03,25.41,25.5,24.16,50013.0,123380000.0,38.51,38.51,335.95,9.67,3.16,1978300,3023000.0,2026-09-30,16:14:56
600521,华海药业,16.34,15.99,15.97,16.46,15.89,212447.0,346490000.0,244.65,244.65,38.97,2.56,1.42,12167900,9076800.0,2026-09-30,16:14:58
600522,中天科技,31.13,31.33,31.7,31.85,31.0,850138.0,2661720000.0,1062.45,1062.45,28.54,2.76,2.49,37038900,47974900.0,2026-09-30,16:14:57
600523,贵航股份,11.83,11.81,11.87,11.91,11.77,18928.0,22410000.0,47.83,47.8,22.95,1.47,0.47,1019300,873500.0,2026-09-30,16:14:58
600525,长园集团,4.86,4.85,4.86,4.93,4.85,102895.0,50260000.0,64.09,64.09,-8.42,2.26,0.78,5229200,5060300.0,2026-09-30,16:14:58
600526,菲达环保,4.63,4.59,4.59,4.64,4.57,46128.0,21270000.0,41.14,40.77,12.94,0.89,0.52,2366100,2246700.0,2026-09-30,16:14:58
600527,江南高纤,2.17,2.16,2.17,2.18,2.15,237048.0,51340000.0,37.58,37.58,155.04,1.85,1.37,11493400,12211400.0,2026-09-30,16:14:57
600528,中铁工业,6.85,6.75,6.76,6.86,6.73,61833.0,42080000.0,152.18,152.18,11.77,0.6,0.28,4380200,1803100.0,2026-09-30,16:14:34
600529,山东药玻,18.17,17.97,17.97,18.24,17.95,32714.0,59350000.0,120.58,120.58,17.49,1.44,0.49,2158500,1112900.0,2026-09-30,16:15:00
600530,ST交昂,3.76,3.79,3.78,3.79,3.74,21472.0,8080000.0,29.14,29.14,-228.9,9.39,0.28,810000,1337200.0,2026-09-30,16:14:40
600531,豫光金铅,11.11,11.12,11.15,11.19,11.05,149534.0,166310000.0,134.35,134.35,14.6,1.9,1.24,6898400,8055000.0,2026-09-30,16:15:00
600533,栖霞建设,2.29,2.29,2.29,2.31,2.16,262788.0,58630000.0,24.05,24.05,-0.95,3.38,2.5,13281300,12997500.0,2026-09-30,16:14:46
600535,天士力,14.0,13.74,13.75,14.1,13.72,125763.0,175640000.0,209.15,209.15,17.1,1.6,0.84,6950300,5625900.0,2026-09-30,16:14:49
600536,中国软件,30.64,30.98,30.99,31.0,30.33,71078.0,217900000.0,286.11,258.5,1381.46,7.97,0.84,3341600,3766100.0,2026-09-30,16:14:52
600537,*ST亿晶,2.11,2.11,2.11,2.12,2.09,148249.0,31180000.0,24.98,24.98,-4.92,-11.76,1.25,5930200,8894700.0,2026-09-30,16:15:00
600538,国发股份,4.79,4.71,4.73,4.83,4.73,64492.0,30850000.0,25.11,25.11,-26.97,3.71,1.23,3561000,2888200.0,2026-09-30,16:14:58
600539,狮头股份,13.48,13.62,13.65,13.9,13.46,62855.0,85390000.0,31.0,31.0,-142.59,10.31,2.73,2530800,3754700.0,2026-09-30,16:14:33
600540,新赛股份,5.52,5.67,5.61,5.68,5.45,742328.0,411700000.0,32.09,32.09,-135.05,6.86,12.77,35414800,38818000.0,2026-09-30,16:14:35
600543,*ST莫高,4.07,4.07,4.04,4.09,4.01,12999.0,5250000.0,13.07,13.07,-12.56,1.94,0.4,614400,685500.0,2026-09-30,16:14:38
600545,卓郎智能,3.84,3.97,3.99,4.01,3.84,605915.0,235530000.0,68.66,68.66,-14.03,2.73,3.39,23086500,37505100.0,2026-09-30,16:14:41
600546,山煤国际,13.12,13.0,12.94,13.18,12.94,109470.0,143410000.0,260.1,260.1,17.1,1.56,0.55,6298100,4648900.0,2026-09-30,16:14:44
600547,山东黄金,27.3,26.49,26.7,27.47,26.5,871999.0,2361830000.0,1258.51,986.74,22.99,3.85,2.41,46273800,40926100.0,2026-09-30,16:14:47
600548,深高速,8.12,8.06,8.08,8.14,8.04,27717.0,22480000.0,206.07,145.38,18.59,0.9,0.15,1859700,912000.0,2026-09-30,16:14:50
600549,厦门钨业,44.11,43.75,43.95,44.59,43.52,202999.0,897580000.0,700.28,685.44,19.78,3.88,1.31,10029000,10270900.0,2026-09-30,16:14:53
600550,保变电气,10.22,10.08,10.2,10.33,10.13,144478.0,148000000.0,188.2,188.2,73.72,19.19,0.78,8233000,6214900.0,2026-09-30,16:14:56
600551,时代出版,7.98,7.87,7.92,8.15,7.88,225871.0,180740000.0,54.11,54.11,13.44,0.9,3.33,10320200,12266900.0,2026-09-30,16:14:59
600552,凯盛科技,17.0,17.2,17.3,18.16,16.96,617872.0,1077070000.0,160.58,160.58,114.41,3.71,6.54,28512500,33274700.0,2026-09-30,16:14:36
600556,天下秀,4.57,4.65,4.66,4.68,4.52,264882.0,121470000.0,82.61,82.61,-111.7,2.21,1.47,10439500,16048700.0,2026-09-30,16:14:37
600557,康缘药业,12.3,12.1,12.1,12.37,12.05,50218.0,61710000.0,69.64,69.64,22.56,1.4,0.89,3152500,1869300.0,2026-09-30,16:14:38
600558,大西洋,4.76,4.75,4.77,4.81,4.76,93358.0,44610000.0,42.73,42.73,21.39,1.76,1.04,4328000,5007900.0,2026-09-30,16:14:42
600559,老白干酒,10.98,10.81,10.81,11.06,10.75,102470.0,111960000.0,100.44,100.44,27.11,1.84,1.12,5611600,4635400.0,2026-09-30,16:14:44
600560,金自天正,11.46,11.55,11.55,11.67,11.36,26306.0,30230000.0,25.63,25.63,53.72,2.61,1.18,1283000,1347600.0,2026-09-30,16:14:47
600561,江西长运,6.02,6.07,6.08,6.12,5.96,29445.0,17750000.0,17.13,17.13,105.96,1.81,1.04,1477200,1467300.0,2026-09-30,16:14:50
600562,国睿科技,26.81,26.35,26.57,27.19,26.28,45917.0,123440000.0,332.94,332.94,58.22,4.93,0.37,2392100,2199600.0,2026-09-30,16:14:53
600563,法拉电子,115.26,115.84,116.48,116.78,114.9,20929.0,242140000.0,259.33,259.33,21.52,4.26,0.93,1045200,1047800.0,2026-09-30,16:14:56
600566,济川药业,25.63,24.87,24.86,25.68,24.84,48396.0,122620000.0,236.25,235.83,12.86,1.71,0.53,2713800,2125800.0,2026-09-30,16:14:59
600567,山鹰国际,1.32,1.31,1.31,1.33,1.3,454362.0,59810000.0,81.91,81.91,-4.41,0.56,0.73,23552800,21883400.0,2026-09-30,16:14:41
600568,ST中珠,2.37,2.4,2.39,2.41,2.36,52656.0,12510000.0,47.23,39.56,-35.7,2.96,0.32,1946800,3318800.0,2026-09-30,16:14:45
600569,安阳钢铁,1.82,1.78,1.8,1.83,1.76,237826.0,42690000.0,52.28,52.28,-3.05,5.42,0.83,13513900,10268700.0,2026-09-30,16:14:39
600570,恒生电子,19.4,19.32,19.38,19.44,19.24,99857.0,193360000.0,367.37,367.37,29.84,3.78,0.53,5839700,4145900.0,2026-09-30,16:14:43
600571,信雅达,10.21,10.28,10.28,10.4,10.16,39971.0,40900000.0,47.61,46.74,113.75,4.18,0.87,1865200,2132000.0,2026-09-30,16:14:45
600572,康恩贝,4.31,4.24,4.24,4.33,4.22,461008.0,198400000.0,109.41,109.12,21.95,1.55,1.82,28611300,17489500.0,2026-09-30,16:14:48
600573,惠泉啤酒,10.42,10.25,10.3,10.48,10.22,89414.0,92700000.0,26.05,26.05,29.21,1.89,3.58,4943200,3998200.0,2026-09-30,16:14:51
600575,淮河能源,3.16,3.13,3.13,3.17,3.12,269413.0,84860000.0,226.47,122.81,16.27,1.07,0.69,17886900,9054400.0,2026-09-30,16:14:54
600576,祥源文旅,5.3,5.32,5.38,5.4,5.28,42272.0,22460000.0,55.89,35.0,77.67,2.16,0.64,1973900,2253300.0,2026-09-30,16:14:57
600577,精达股份,8.71,8.25,8.28,8.91,8.28,979167.0,843520000.0,194.39,194.39,31.48,3.11,4.39,54849000,43067600.0,2026-09-30,16:15:00
600578,京能电力,5.21,5.15,5.15,5.24,5.13,331121.0,172320000.0,348.79,348.79,9.87,1.4,0.49,19333600,13778500.0,2026-09-30,16:14:42
600579,中化装备,7.03,7.02,7.06,7.07,6.98,22242.0,15630000.0,34.7,34.7,-20.97,2.31,0.45,1115900,1108300.0,2026-09-30,16:14:46
600580,卧龙电驱,26.39,25.96,26.15,26.93,25.88,221678.0,586360000.0,412.24,411.06,43.83,3.78,1.42,11690600,10477200.0,2026-09-30,16:14:45
600581,*ST八钢,2.47,2.45,2.45,2.48,2.41,55404.0,13560000.0,37.86,37.86,-2.48,-7.33,0.36,2754800,2785600.0,2026-09-30,16:14:47
600582,天地科技,4.9,4.8,4.83,4.91,4.8,182643.0,89240000.0,202.79,202.79,18.41,0.81,0.44,11833500,6430700.0,2026-09-30,16:14:45
600583,海油工程,6.62,6.53,6.56,6.68,6.49,411095.0,271810000.0,292.69,292.69,14.09,1.01,0.93,22651300,18458200.0,2026-09-30,16:14:48
600584,长电科技,64.28,65.7,66.22,66.36,64.01,447229.0,2902650000.0,1150.24,1150.24,59.32,3.99,2.5,19726500,24996400.0,2026-09-30,16:14:51
600585,XD海螺水,17.51,16.85,16.88,17.6,16.8,397912.0,689000000.0,924.01,696.45,14.84,0.49,1.0,25419500,14371700.0,2026-09-30,16:14:54
600586,金晶科技,3.99,3.95,3.96,4.03,3.93,106237.0,42340000.0,56.55,56.55,-7.05,1.17,0.75,6630600,3993100.0,2026-09-30,16:14:57
600587,新华医疗,13.02,12.82,12.88,13.12,12.77,142678.0,185430000.0,78.99,78.99,18.55,0.99,2.35,7155900,7111900.0,2026-09-30,16:15:00
600588,用友网络,9.22,9.25,9.34,9.34,9.15,209109.0,192760000.0,315.05,315.05,-22.94,4.69,0.61,10393800,10517100.0,2026-09-30,16:14:48
600589,大位科技,7.35,7.53,7.53,7.59,7.35,263566.0,195220000.0,108.9,108.67,-69.32,19.03,1.78,8596900,17759700.0,2026-09-30,16:14:50
600590,泰豪科技,8.03,8.12,8.16,8.22,8.01,106916.0,86530000.0,68.49,67.74,157.97,2.17,1.27,4303700,6387900.0,2026-09-30,16:14:48
600592,龙溪股份,16.2,14.73,14.78,16.2,14.5,188574.0,297120000.0,64.73,64.73,41.25,2.48,4.72,4213200,14644200.0,2026-09-30,16:14:50
600593,大连圣亚,48.12,48.05,48.82,49.66,46.8,122263.0,587750000.0,62.77,61.98,105.73,29.77,9.49,5768400,6457900.0,2026-09-30,16:14:50
600594,益佰制药,3.64,3.6,3.59,3.68,3.59,181126.0,66050000.0,28.55,28.55,-7.32,1.37,2.31,9661800,8450800.0,2026-09-30,16:14:54
600595,中孚实业,5.95,5.97,5.93,5.97,5.88,385989.0,229000000.0,238.47,238.47,8.55,1.3,0.96,20832800,17766100.0,2026-09-30,16:14:49
600596,新安股份,10.59,10.46,10.5,10.69,10.38,271266.0,285930000.0,142.92,142.92,43.05,1.14,2.01,14256300,12870300.0,2026-09-30,16:14:52
600597,光明乳业,6.93,6.8,6.8,6.96,6.78,107907.0,74260000.0,95.53,95.53,-82.43,0.98,0.78,7014500,3776300.0,2026-09-30,16:14:55
600598,北大荒,12.63,12.42,12.45,12.74,12.38,159804.0,201100000.0,224.52,224.52,-63.29,3.46,0.9,8780900,7199500.0,2026-09-30,16:14:58
600599,退市熊猫,0.43,0.43,0.0,0.0,0.0,0.0,0.0,0.71,0.71,4.57,0.57,0.0,0,0.0,2026-09-30,09:00:00
600600,青岛啤酒,50.02,49.52,49.54,50.18,49.53,25378.0,126610000.0,682.37,354.7,14.82,2.18,0.36,1507600,1030200.0,2026-09-30,16:14:51
600601,方正科技,13.2,13.72,13.73,13.8,13.07,1468095.0,1958070000.0,585.73,550.48,67.08,8.12,3.52,64215300,82594100.0,2026-09-30,16:14:53
600602,云赛智联,16.05,16.21,16.3,16.33,16.02,98976.0,159520000.0,219.51,172.43,109.44,4.46,0.92,4365400,5532200.0,2026-09-30,16:14:53
600603,广汇物流,4.81,4.8,4.83,4.84,4.75,63542.0,30520000.0,55.5,55.5,45.96,0.77,0.55,3108600,3245600.0,2026-09-30,16:14:57
600604,市北高新,4.86,4.85,4.8,4.9,4.62,283198.0,134840000.0,91.04,68.4,-37.31,1.51,2.01,14103300,14216600.0,2026-09-30,16:14:51
600605,汇通能源,29.4,29.6,29.79,29.99,29.28,43000.0,127120000.0,60.65,60.65,207.12,4.22,2.08,2015300,2284700.0,2026-09-30,16:14:55
600606,绿地控股,1.54,1.5,1.48,1.56,1.39,4342010.0,639830000.0,216.43,216.43,-0.94,0.56,3.09,234569800,199631200.0,2026-09-30,16:14:54
600608,退市沪科,0.17,0.17,0.0,0.0,0.0,0.0,0.0,0.56,0.54,128.8,1.36,0.0,0,0.0,2026-09-30,09:00:00
600609,金杯汽车,3.62,3.59,3.57,3.69,3.52,506029.0,182790000.0,47.23,47.23,20.99,2.77,3.88,26373200,24229800.0,2026-09-30,16:14:56
600610,中毅达,7.41,7.36,7.39,7.51,7.38,115747.0,85990000.0,79.38,52.52,172.93,51.02,1.63,5827000,5747700.0,2026-09-30,16:14:55
600611,大众交通,4.29,4.31,4.33,4.34,4.27,207010.0,89010000.0,101.42,67.07,-58.98,1.07,1.32,7765300,12935700.0,2026-09-30,16:14:58
600612,老凤祥,31.37,30.79,30.79,31.37,30.79,7763.0,24140000.0,164.1,99.48,13.12,1.24,0.24,505600,270700.0,2026-09-30,16:14:56
600613,神奇制药,8.19,8.11,8.07,8.6,8.02,597114.0,496520000.0,43.74,39.26,159.63,1.91,12.46,29226700,30484700.0,2026-09-30,16:15:00
600615,鑫源智造,9.53,9.54,9.6,9.62,9.38,14188.0,13470000.0,21.5,21.47,-96.72,3.0,0.63,517900,900900.0,2026-09-30,16:14:54
600616,金枫酒业,5.27,5.02,5.05,5.43,5.03,507973.0,267980000.0,35.26,35.26,1032.6,1.86,7.59,24757400,26040000.0,2026-09-30,16:14:58
600617,国新能源,3.4,3.27,3.31,3.41,3.27,369851.0,124420000.0,65.59,60.37,-26.09,2.06,2.08,22143600,14841500.0,2026-09-30,16:14:57
600618,氯碱化工,9.66,9.52,9.53,9.68,9.52,29627.0,28520000.0,111.71,72.43,14.09,1.19,0.4,1752500,1210200.0,2026-09-30,16:14:59
600619,海立股份,12.93,13.18,13.2,13.27,12.93,126016.0,164540000.0,138.78,102.04,68.66,2.24,1.6,4478500,8123100.0,2026-09-30,16:14:57
600620,天宸股份,4.36,4.35,4.39,4.4,4.27,60392.0,26190000.0,29.94,29.94,271.07,2.13,0.88,3072400,2966800.0,2026-09-30,16:14:59
600621,华鑫股份,13.37,13.45,13.55,13.56,13.27,123963.0,165850000.0,141.84,141.84,17.43,1.56,1.17,6138600,6257600.0,2026-09-30,16:14:59
600622,光大嘉宝,2.56,2.52,2.5,2.58,2.32,656194.0,161070000.0,38.39,38.39,-3.04,2.06,4.38,34751800,30867700.0,2026-09-30,16:14:59
600623,华谊集团,8.49,8.42,8.45,8.6,8.42,87870.0,74920000.0,179.94,159.28,32.28,0.8,0.47,4800300,3986700.0,2026-09-30,16:14:57
600624,ST复华,4.61,4.61,4.61,4.62,4.59,15425.0,7100000.0,31.32,31.32,-14.39,7.7,0.23,595700,946700.0,2026-09-30,16:14:35
600626,申达股份,3.77,3.75,3.77,3.81,3.73,122881.0,46330000.0,49.79,49.79,52.45,1.55,0.93,5735900,6552300.0,2026-09-30,16:15:00
600628,新世界,6.36,6.29,6.29,6.4,6.26,63020.0,39960000.0,41.14,41.14,59.99,0.97,0.97,3347100,2954900.0,2026-09-30,16:14:41
600629,华建集团,16.37,16.35,16.65,16.68,16.07,182082.0,298570000.0,188.22,188.22,-351.27,3.58,1.58,8365000,9843200.0,2026-09-30,16:15:00
600630,龙头股份,7.63,7.71,7.71,7.89,7.49,491502.0,376220000.0,32.42,32.42,57.71,4.03,11.57,22181100,26969100.0,2026-09-30,16:14:47
600633,浙数文化,10.0,10.11,10.14,10.16,9.98,88620.0,89100000.0,126.81,126.81,25.53,1.24,0.7,3311600,5550400.0,2026-09-30,16:14:50
600635,大众公用,4.45,4.4,4.4,4.46,4.38,170698.0,75650000.0,131.38,107.64,39.6,1.47,0.71,10156100,6913700.0,2026-09-30,16:14:53
600636,退市国化,1.71,1.71,0.0,0.0,0.0,0.0,0.0,7.5,7.5,-2.85,0.43,0.0,0,0.0,2026-09-30,09:00:00
600637,东方明珠,8.69,8.8,8.8,8.82,8.63,274352.0,238870000.0,292.15,292.15,42.01,0.99,0.82,11395400,16039800.0,2026-09-30,16:15:00
600638,新黄浦,5.3,5.23,5.23,5.37,4.99,270474.0,140490000.0,35.69,35.69,20.07,0.75,4.02,14534900,12512500.0,2026-09-30,16:14:59
600639,浦东金桥,9.88,9.75,9.63,9.93,9.41,118475.0,115370000.0,110.89,84.0,10.86,0.75,1.39,6859800,4987600.0,2026-09-30,16:14:33
600640,国脉文化,12.63,12.62,12.63,12.99,12.56,155391.0,197550000.0,99.97,99.97,428.11,2.54,1.96,7273000,8266100.0,2026-09-30,16:14:35
600641,先导基电,48.57,48.76,50.0,51.99,48.45,787960.0,3932880000.0,460.53,452.01,1077.82,5.47,8.47,38772800,40023200.0,2026-09-30,16:14:39
600642,申能股份,8.78,8.76,8.7,8.93,8.66,249729.0,220940000.0,429.7,429.7,11.87,1.17,0.51,12351700,12621200.0,2026-09-30,16:14:42
600643,爱建集团,4.1,4.07,4.07,4.14,4.02,163344.0,66850000.0,65.32,65.2,-3.21,0.66,1.03,8090200,8244200.0,2026-09-30,16:14:45
600644,乐山电力,8.88,8.86,8.88,9.12,8.84,187494.0,168100000.0,51.35,51.35,230.16,2.48,3.24,8871400,9878000.0,2026-09-30,16:14:48
600645,中源协和,19.41,18.74,18.95,19.78,18.84,118638.0,229930000.0,90.83,90.79,77.56,2.43,2.54,6576300,5287500.0,2026-09-30,16:14:51
600648,外高桥,9.66,9.47,9.39,9.68,9.31,57503.0,54930000.0,131.37,109.91,13.93,0.84,0.51,3329700,2420600.0,2026-09-30,16:14:54
600649,城投控股,4.06,4.13,4.09,4.13,3.83,586965.0,235510000.0,101.17,101.17,120.11,0.49,2.36,29448500,29247900.0,2026-09-30,16:14:57
600650,锦江在线,10.22,10.22,10.24,10.3,10.11,23371.0,23830000.0,56.37,39.92,46.38,1.32,0.6,865900,1471200.0,2026-09-30,16:15:00
600651,飞乐音响,4.98,4.99,4.99,5.12,4.95,126686.0,63260000.0,124.85,124.85,369.23,4.96,0.51,6314300,6354200.0,2026-09-30,16:14:36
600653,申华控股,1.68,1.71,1.71,1.72,1.65,471965.0,79160000.0,32.7,32.7,-23.77,5.2,2.42,19350900,27845600.0,2026-09-30,16:14:38
600654,中安科,3.02,3.05,3.05,3.06,2.98,359778.0,108480000.0,85.93,69.99,86.91,4.57,1.55,14234000,21743800.0,2026-09-30,16:14:39
600655,豫园股份,4.66,4.54,4.52,4.68,4.46,162823.0,74790000.0,181.33,181.27,-3.78,0.61,0.42,9833000,6449300.0,2026-09-30,16:14:42
600657,信达地产,3.55,3.38,3.38,3.69,3.05,2085932.0,695870000.0,101.24,101.24,-1.84,0.69,7.31,115178700,93414500.0,2026-09-30,16:14:45
600658,电子城,4.21,4.24,4.23,4.26,4.01,309080.0,128180000.0,47.09,47.09,-2.49,0.95,2.76,15798500,15109500.0,2026-09-30,16:14:48
600660,福耀玻璃,53.58,53.0,53.0,53.7,52.62,63052.0,336810000.0,1398.3,1073.2,16.49,3.93,0.31,3987400,2317800.0,2026-09-30,16:14:51
600661,昂立教育,9.17,9.3,9.62,9.76,9.01,136566.0,126470000.0,26.28,26.28,22.89,9.91,4.77,5960400,7696200.0,2026-09-30,16:14:54
600662,外服控股,4.26,4.19,4.21,4.27,4.18,91256.0,38640000.0,97.27,96.99,14.6,1.86,0.4,4964700,4160900.0,2026-09-30,16:14:57
600663,陆家嘴,10.11,9.19,9.29,10.11,9.08,365145.0,350850000.0,509.05,397.77,33.52,2.0,0.93,16568100,19946400.0,2026-09-30,16:15:00
600664,哈药股份,7.4,7.14,7.15,7.83,7.09,5191620.0,3909650000.0,186.37,186.37,36.39,3.05,20.61,260243900,258918100.0,2026-09-30,16:14:41
600665,天地源,3.46,3.42,3.42,3.48,3.26,188493.0,63360000.0,29.9,29.9,-1.75,2.87,2.18,10094800,8754500.0,2026-09-30,16:14:45
600666,奥瑞德,3.16,3.2,3.2,3.22,3.15,368203.0,116640000.0,86.94,81.27,120.7,7.8,1.43,15347200,21473100.0,2026-09-30,16:14:40
600667,太极实业,17.29,17.95,18.21,18.28,17.28,1029096.0,1804480000.0,361.63,361.63,82.84,4.12,4.92,42265300,60644300.0,2026-09-30,16:14:43
600668,尖峰集团,7.46,7.39,7.39,7.48,7.36,32140.0,23880000.0,30.8,30.8,-14.35,0.57,0.78,1787700,1426300.0,2026-09-30,16:14:43
600671,天目药业,21.79,21.62,21.61,21.9,21.55,15150.0,32870000.0,26.54,26.53,194.02,34.77,1.24,655100,859900.0,2026-09-30,16:14:46
600673,东阳光,30.37,30.44,31.05,31.16,30.13,125074.0,381980000.0,914.0,911.57,1754.39,8.72,0.42,4785200,7722200.0,2026-09-30,16:14:49
600674,川投能源,16.62,16.5,16.51,16.88,16.44,282717.0,472850000.0,810.16,810.16,17.53,1.81,0.58,14871000,13400800.0,2026-09-30,16:14:52
600675,中华企业,2.52,2.49,2.42,2.55,2.25,1350139.0,323890000.0,152.36,152.36,-21.71,1.08,2.23,74576000,60437900.0,2026-09-30,16:14:55
600676,久事动娱,6.6,6.65,6.62,6.72,6.57,83874.0,55570000.0,67.88,67.88,-32.76,1.39,0.82,3330300,5057100.0,2026-09-30,16:14:58
600678,ST金顶,5.78,5.75,5.87,5.92,5.72,73149.0,42490000.0,20.17,20.17,-299.3,7.51,2.1,3049800,4265100.0,2026-09-30,16:14:42
600679,上海凤凰,10.55,10.52,10.52,10.59,10.48,31534.0,33200000.0,52.25,36.26,55.24,2.54,0.92,1493000,1660400.0,2026-09-30,16:14:46
600681,百川能源,3.52,3.48,3.48,3.54,3.47,198291.0,69560000.0,47.2,47.16,21.63,1.3,1.48,11150200,8678900.0,2026-09-30,16:14:45
600682,南京新百,5.84,5.74,5.8,5.88,5.73,152049.0,88720000.0,78.56,67.98,-8.08,0.48,1.31,9042100,6162800.0,2026-09-30,16:14:47
600683,京投发展,8.95,9.25,9.38,9.38,8.68,212441.0,189310000.0,66.3,66.3,-5.24,-4.53,2.87,11337800,9906300.0,2026-09-30,16:14:45
600684,珠江股份,3.64,3.66,3.66,3.68,3.44,268618.0,96100000.0,40.26,31.07,58.99,3.15,3.15,15524300,11337500.0,2026-09-30,16:14:47
600685,中船防务,28.71,28.45,28.51,29.03,28.46,114166.0,328520000.0,405.82,235.83,30.78,2.14,1.39,5729500,5687100.0,2026-09-30,16:14:49
600686,金龙汽车,11.25,11.26,11.16,11.52,10.97,258683.0,291140000.0,80.67,80.67,12.84,2.23,3.61,12226300,13641900.0,2026-09-30,16:14:52
600688,上海石化,2.75,2.73,2.73,2.76,2.72,341060.0,93380000.0,289.92,201.54,-43.27,1.24,0.47,21638100,12467900.0,2026-09-30,16:14:55
600689,上海三毛,11.92,12.02,12.04,12.15,11.82,22634.0,27020000.0,23.96,18.14,185.0,5.0,1.49,1001500,1261900.0,2026-09-30,16:14:58
600690,海尔智家,20.42,20.21,20.2,20.52,20.13,252191.0,512750000.0,1899.69,1261.65,10.65,1.59,0.41,14547200,10671900.0,2026-09-30,16:14:48
600691,潞化科技,2.72,2.72,2.75,2.75,2.7,279776.0,76160000.0,64.63,64.62,-11.73,2.01,1.18,13459300,14518400.0,2026-09-30,16:14:50
600692,亚通股份,6.72,6.73,6.7,6.76,6.5,101092.0,67110000.0,23.64,17.14,54.1,2.39,3.96,5182600,4926600.0,2026-09-30,16:14:48
600693,东百集团,9.32,9.12,9.3,9.4,9.05,344160.0,318090000.0,81.07,80.99,165.65,2.27,3.96,18642800,15773200.0,2026-09-30,16:14:50
600694,大商股份,14.4,14.26,14.32,14.41,14.23,17948.0,25750000.0,54.55,54.55,11.09,0.61,0.47,987900,806900.0,2026-09-30,16:14:50
600696,退市岩石,0.74,0.74,0.0,0.0,0.0,0.0,0.0,2.48,2.48,-0.88,2.48,0.0,0,0.0,2026-09-30,09:00:00
600697,欧亚集团,11.43,11.36,11.36,11.46,11.2,48896.0,55470000.0,18.18,17.76,-35.47,0.81,3.15,2529100,2360500.0,2026-09-30,16:14:54
600698,湖南天雁,6.7,6.86,6.8,6.86,6.66,199416.0,134290000.0,71.6,55.64,-235.28,9.67,2.4,8398700,11542900.0,2026-09-30,16:14:50
600699,均胜电子,23.46,22.75,22.5,24.05,22.11,938429.0,2170040000.0,363.81,327.42,26.61,2.19,6.72,45816800,48026100.0,2026-09-30,16:14:53
600702,舍得酒业,32.71,31.76,31.92,33.22,31.77,64423.0,209700000.0,108.63,108.58,-144.55,1.56,1.94,3755300,2687000.0,2026-09-30,16:14:56
600703,三安光电,11.48,11.41,11.49,11.65,11.4,548974.0,632090000.0,572.74,572.74,-91.26,1.65,1.1,26759800,28137700.0,2026-09-30,16:14:59
600704,物产中大,4.87,4.78,4.79,4.87,4.76,335888.0,162450000.0,251.84,251.84,7.06,0.61,0.65,21481600,12107200.0,2026-09-30,16:14:51
600705,中航产融,3.47,3.47,0.0,0.0,0.0,0.0,0.0,306.09,305.51,154.05,0.82,0.0,0,0.0,2026-09-30,09:00:00
600706,曲江文旅,8.1,8.06,8.13,8.2,7.99,56909.0,46010000.0,20.66,20.58,-11.77,4.4,2.24,2498300,3192600.0,2026-09-30,16:14:53
600707,彩虹股份,10.08,9.57,9.57,10.42,9.36,2764437.0,2779300000.0,361.71,361.64,1602.4,1.67,7.71,141802000,134641800.0,2026-09-30,16:14:53
600708,光明地产,3.12,3.12,3.14,3.17,2.96,503657.0,154080000.0,69.53,69.43,-1.87,1.21,2.26,26200100,24165600.0,2026-09-30,16:14:57
600710,苏美达,11.28,11.1,11.1,11.34,11.07,74117.0,83530000.0,147.4,147.4,10.54,1.75,0.57,4254800,3156900.0,2026-09-30,16:14:51
600711,盛屯矿业,10.14,10.29,10.28,10.31,10.13,307983.0,314470000.0,313.39,313.39,11.55,1.77,1.0,12713900,18084300.0,2026-09-30,16:14:56
600712,南宁百货,5.39,5.4,5.42,5.43,5.34,120351.0,64770000.0,29.36,29.03,-110.59,3.88,2.23,5579200,6455900.0,2026-09-30,16:14:54
600713,南京医药,5.0,4.94,4.95,5.02,4.93,67989.0,33920000.0,65.41,64.49,10.41,0.92,0.53,3887200,2911700.0,2026-09-30,16:14:56
600714,金瑞矿业,17.15,17.49,17.68,18.05,17.13,117513.0,205680000.0,49.42,49.42,444.3,6.41,4.08,5383900,6367400.0,2026-09-30,16:14:56
600715,文投控股,1.64,1.65,1.67,1.69,1.62,330135.0,54350000.0,66.58,46.94,-95.82,6.24,1.15,11374900,21638600.0,2026-09-30,16:14:59
600716,凤凰股份,3.79,3.79,3.8,3.81,3.66,72192.0,26960000.0,35.48,35.48,-5.1,0.87,0.77,3781900,3437300.0,2026-09-30,16:14:56
600717,天津港,4.3,4.23,4.23,4.32,4.22,295741.0,126760000.0,124.44,124.44,10.78,0.61,1.02,20723900,8850300.0,2026-09-30,16:14:35
600718,东软集团,7.91,7.9,7.95,7.96,7.81,54307.0,42890000.0,94.64,94.64,-13.45,1.09,0.45,2994100,2436600.0,2026-09-30,16:14:55
600719,大连热电,8.72,8.18,8.29,9.0,8.15,667489.0,585550000.0,35.28,35.28,-906.94,9.82,16.5,29001300,37747600.0,2026-09-30,16:14:59
600720,中交设计,5.19,5.12,5.14,5.21,5.08,74655.0,38510000.0,119.09,52.37,9.89,0.75,0.74,5087500,2378100.0,2026-09-30,16:14:57
600721,百花医药,13.11,12.95,12.9,13.65,12.4,1403469.0,1847160000.0,50.41,50.41,168.24,6.3,36.5,69218300,71128600.0,2026-09-30,16:14:59
600722,金牛化工,14.72,14.57,14.59,15.1,14.45,648078.0,958990000.0,100.14,100.14,177.81,7.8,9.53,33551400,31256400.0,2026-09-30,16:14:58
600724,宁波富达,5.01,5.0,5.0,5.03,4.85,91324.0,45050000.0,72.41,72.39,39.05,2.57,0.63,4616000,4516400.0,2026-09-30,16:14:59
600725,云维股份,3.27,3.27,3.27,3.3,3.25,75517.0,24680000.0,40.3,40.3,-150.97,15.72,0.61,3451000,4100700.0,2026-09-30,16:14:59
600726,华电能源,4.96,4.96,4.99,5.01,4.95,254075.0,126370000.0,392.2,370.78,117.59,7.45,0.34,11108300,14299100.0,2026-09-30,16:15:00
600727,鲁北化工,7.49,7.43,7.45,7.59,7.44,73734.0,55330000.0,39.59,39.59,30.06,1.18,1.39,3760600,3612800.0,2026-09-30,16:14:58
600728,佳都科技,4.45,4.47,4.48,4.49,4.41,128881.0,57340000.0,94.9,94.9,136.9,1.2,0.6,6588100,6300000.0,2026-09-30,16:14:36
600729,重百集团,18.44,18.08,18.12,18.47,18.07,25075.0,45880000.0,81.22,35.49,11.31,1.02,1.3,1799400,708100.0,2026-09-30,16:14:39
600730,*ST高科,8.55,8.41,8.54,8.68,8.45,63215.0,54070000.0,50.16,50.16,-38.32,3.0,1.08,3482100,2839400.0,2026-09-30,16:14:42
600731,湖南海利,5.95,5.83,5.82,5.97,5.82,58880.0,34820000.0,32.95,32.23,18.4,1.01,1.09,4029000,1859100.0,2026-09-30,16:14:45
600732,爱旭股份,11.57,10.88,10.89,11.75,10.89,509028.0,581810000.0,244.73,243.58,-10.47,5.49,2.42,30785900,20116900.0,2026-09-30,16:14:48
600733,北汽蓝谷,5.07,4.93,4.93,5.25,4.76,2699720.0,1364020000.0,322.81,306.48,-7.7,6.52,4.47,141290700,128681300.0,2026-09-30,16:14:51
600734,*ST实达,1.86,1.85,1.87,1.87,1.83,234373.0,43330000.0,40.52,40.51,-33.44,19.0,1.08,10366400,13070900.0,2026-09-30,16:14:54
600735,ST新华锦,6.65,6.51,6.52,6.65,6.52,40491.0,26750000.0,28.51,28.29,-21.21,2.68,0.95,2006400,2042700.0,2026-09-30,16:14:57
600736,苏州高新,6.57,6.53,6.52,6.62,6.31,268546.0,173710000.0,75.64,75.64,12.99,0.96,2.33,13984700,12869900.0,2026-09-30,16:15:00
600737,中粮糖业,14.66,13.8,14.1,14.73,14.09,670381.0,972330000.0,313.56,313.56,28.13,2.8,3.13,37152500,29885600.0,2026-09-30,16:14:34
600738,丽尚国潮,4.23,4.23,4.22,4.25,4.18,74947.0,31580000.0,32.2,32.18,17.16,1.51,0.99,4092700,3402000.0,2026-09-30,16:14:36
600739,辽宁成大,10.21,10.08,10.11,10.24,10.08,99294.0,101030000.0,155.43,155.43,9.48,0.52,0.65,5492400,4437100.0,2026-09-30,16:14:40
600740,山西焦化,3.76,3.7,3.69,3.77,3.68,203827.0,76270000.0,96.34,96.34,65.92,0.64,0.8,12395100,7987700.0,2026-09-30,16:14:40
600741,华域汽车,15.38,15.18,15.18,15.48,15.13,158735.0,243950000.0,484.89,484.89,6.97,0.73,0.5,8513100,7360400.0,2026-09-30,16:14:43
600742,XD富维股,7.67,7.55,7.6,7.71,7.58,39439.0,30210000.0,56.99,56.99,14.61,0.67,0.53,2291200,1652800.0,2026-09-30,16:14:46
600743,华远控股,2.35,2.4,2.37,2.4,2.18,1831004.0,421790000.0,55.13,55.13,-52.75,10.16,7.8,86813400,96287100.0,2026-09-30,16:14:49
600744,华银电力,6.06,6.0,6.05,6.16,6.0,435758.0,265260000.0,123.09,123.09,-167.89,10.14,2.15,23056900,20519000.0,2026-09-30,16:14:52
600745,*ST闻泰,16.43,16.51,16.55,16.61,16.39,129703.0,213670000.0,209.3,209.3,-2.17,0.91,1.02,4871100,8099200.0,2026-09-30,16:14:55
600746,江苏索普,6.88,6.76,6.77,6.95,6.76,66485.0,45720000.0,80.35,80.35,33.49,1.43,0.57,3347300,3301200.0,2026-09-30,16:14:58
600748,上实发展,4.1,4.09,4.03,4.13,3.79,352191.0,139510000.0,75.63,75.63,-62.42,0.74,1.91,18453600,16765500.0,2026-09-30,16:14:37
600749,西藏旅游,12.65,12.76,12.81,12.85,12.6,35048.0,44380000.0,28.71,28.71,119.18,2.7,1.54,1583900,1920900.0,2026-09-30,16:14:38
600750,华润江中,22.53,22.3,22.3,22.62,22.2,33975.0,76180000.0,143.2,141.67,16.35,3.93,0.54,1955300,1442200.0,2026-09-30,16:14:38
600751,海航科技,2.91,2.86,2.86,2.92,2.85,231460.0,66880000.0,84.37,74.88,110.64,1.12,0.9,13778800,9367200.0,2026-09-30,16:14:43
600753,ST海钦,13.01,13.73,13.73,13.88,12.48,75756.0,98820000.0,29.96,29.96,61.65,34.66,3.29,3534500,4041000.0,2026-09-30,16:14:43
600754,锦江酒店,18.05,17.85,17.89,18.09,17.73,57779.0,103480000.0,192.07,163.54,17.46,1.2,0.64,3519500,2258400.0,2026-09-30,16:14:46
600755,厦门国贸,5.68,5.69,5.7,5.73,5.65,169363.0,96350000.0,121.11,121.11,29.37,0.64,0.79,7756100,9180200.0,2026-09-30,16:14:49
600756,浪潮软件,13.76,13.95,14.38,14.38,13.62,70998.0,98130000.0,48.11,44.6,-18.41,2.21,2.19,3115000,3984800.0,2026-09-30,16:14:52
600757,长江传媒,7.43,7.41,7.38,7.48,7.38,53891.0,40080000.0,90.17,90.16,11.11,0.9,0.44,3123900,2265300.0,2026-09-30,16:14:55
600758,辽宁能源,3.75,3.77,3.75,3.85,3.7,637815.0,240650000.0,49.58,49.53,-6.63,0.99,4.83,30610000,33171500.0,2026-09-30,16:14:58
600759,ST洲际,2.25,2.2,2.19,2.31,2.18,942264.0,211170000.0,93.35,93.23,32.41,1.04,2.27,53397600,40828800.0,2026-09-30,16:14:42
600760,中航沈飞,43.63,42.65,42.65,43.87,42.57,120234.0,523650000.0,1236.88,1234.53,43.33,5.28,0.42,7126600,4896800.0,2026-09-30,16:14:46
600761,安徽合力,14.85,14.7,14.73,14.93,14.66,57546.0,85140000.0,132.27,132.27,12.26,1.21,0.65,3427700,2326900.0,2026-09-30,16:14:40
600763,通策医疗,34.07,33.0,33.0,34.13,33.0,83989.0,284050000.0,151.43,151.43,24.63,3.75,1.89,5579100,2819700.0,2026-09-30,16:14:44
600764,中国海防,18.39,18.3,18.34,18.75,18.34,50987.0,94380000.0,130.68,130.68,160.68,1.58,0.72,2649900,2448800.0,2026-09-30,16:14:44
600765,中航重机,13.19,13.08,13.08,13.22,13.08,64919.0,85470000.0,204.77,204.77,36.54,1.39,0.42,3518900,2973100.0,2026-09-30,16:14:47
600768,富邦新材,14.75,14.89,14.91,14.98,14.68,19025.0,28190000.0,19.73,19.73,18.37,4.1,1.42,854700,1047800.0,2026-09-30,16:14:50
600769,祥龙电业,14.82,14.56,14.62,15.8,14.62,115505.0,174560000.0,55.57,55.57,397.37,42.34,3.08,5335500,6215000.0,2026-09-30,16:14:53
600770,综艺股份,6.36,6.18,6.35,6.45,6.04,891236.0,556860000.0,82.68,82.68,60.63,2.43,6.86,50726100,38397400.0,2026-09-30,16:14:56
600771,广誉远,14.15,13.89,13.9,14.24,13.87,92803.0,130910000.0,69.26,69.26,97.77,4.15,1.9,5362000,3918300.0,2026-09-30,16:14:59
600773,西藏城投,9.82,9.67,9.73,9.95,9.52,178946.0,174610000.0,93.45,93.45,-16.77,2.22,1.88,9364300,8530300.0,2026-09-30,16:14:43
600774,汉商集团,7.97,7.96,8.01,8.06,7.87,33347.0,26630000.0,23.03,23.02,-13.36,1.63,1.15,1514600,1820100.0,2026-09-30,16:14:47
600775,南京熊猫,9.26,9.29,9.36,9.37,9.21,72165.0,66940000.0,84.62,62.21,279.32,2.74,1.07,3223900,3992600.0,2026-09-30,16:14:46
600776,东方通信,12.28,12.34,12.43,12.48,12.25,75794.0,93490000.0,154.24,117.4,28.2,3.83,0.79,3519900,4059400.0,2026-09-30,16:14:48
600777,XD新潮能,4.0,3.99,3.98,4.01,3.97,87808.0,35020000.0,272.02,254.65,46.99,1.21,0.14,4404300,4376500.0,2026-09-30,16:14:46
600778,友好集团,5.77,5.78,5.8,5.81,5.69,80051.0,46010000.0,17.97,17.96,128.01,7.3,2.57,4039200,3965900.0,2026-09-30,16:14:48
600779,水井坊,26.18,25.73,25.9,26.49,25.73,20381.0,53290000.0,127.59,127.59,43.36,2.56,0.42,1012700,1025400.0,2026-09-30,16:14:50
600780,通宝能源,6.13,6.1,6.11,6.16,6.08,71277.0,43730000.0,70.28,70.28,9.69,0.82,0.62,3637800,3489900.0,2026-09-30,16:14:53
600782,新钢股份,2.7,2.66,2.66,2.72,2.63,293269.0,78590000.0,85.59,84.93,-12.74,0.34,0.93,18471500,10855400.0,2026-09-30,16:14:56
600783,鲁信创投,14.52,14.62,14.9,14.9,14.51,70230.0,102610000.0,108.08,108.08,88.14,2.37,0.94,3222200,3800800.0,2026-09-30,16:14:59
600784,鲁银投资,7.0,7.06,7.06,7.1,7.0,32646.0,22980000.0,47.3,47.3,31.94,1.42,0.48,1275100,1989500.0,2026-09-30,16:14:49
600785,新华百货,10.65,10.28,10.28,10.89,10.27,199103.0,210330000.0,33.64,33.64,58.95,1.47,6.3,10212200,9698000.0,2026-09-30,16:14:51
600787,中储股份,4.62,4.57,4.58,4.64,4.55,137578.0,63390000.0,100.26,100.26,31.53,0.72,0.63,8513600,5244200.0,2026-09-30,16:14:49
600789,鲁抗医药,7.85,7.63,7.64,7.87,7.63,343619.0,268590000.0,82.05,79.31,57.13,1.58,3.4,20919300,13442600.0,2026-09-30,16:14:51
600790,轻纺城,3.68,3.65,3.7,3.79,3.61,457427.0,168480000.0,53.94,53.94,27.44,0.96,3.12,22702200,23040500.0,2026-09-30,16:14:51
600791,京能置业,6.94,7.1,6.97,7.0,6.46,209205.0,141560000.0,31.43,31.39,-2.8,-4.51,4.63,10119300,10801200.0,2026-09-30,16:14:55
600792,云煤能源,5.04,5.29,5.17,5.34,5.04,795934.0,409800000.0,55.94,55.94,-9.8,2.45,7.17,32813600,46779800.0,2026-09-30,16:14:51
600793,宜宾纸业,16.36,16.39,16.43,16.88,16.32,28777.0,47710000.0,28.94,28.94,-75.45,13.83,1.63,1161300,1716400.0,2026-09-30,16:14:54
600794,保税科技,3.19,3.19,3.2,3.23,3.17,72993.0,23320000.0,38.28,38.28,-41.34,1.53,0.61,3192900,4106400.0,2026-09-30,16:14:57
600795,国电电力,5.34,5.36,5.35,5.4,5.31,952846.0,509680000.0,952.42,952.42,14.68,1.58,0.53,44275600,51008900.0,2026-09-30,16:15:00
600796,钱江生化,5.11,5.09,5.11,5.14,5.07,33281.0,16960000.0,44.28,15.92,32.32,1.27,1.07,1404500,1923600.0,2026-09-30,16:14:49
600797,浙大网新,6.45,6.49,6.51,6.53,6.42,75258.0,48570000.0,66.28,66.28,-66.5,2.07,0.73,2812300,4713400.0,2026-09-30,16:14:54
600798,宁波海运,3.41,3.38,3.38,3.43,3.37,132683.0,45100000.0,41.14,41.14,71.91,1.05,1.1,7381300,5887000.0,2026-09-30,16:14:54
600800,渤海化学,3.21,3.2,3.21,3.22,3.17,111709.0,35750000.0,35.63,35.62,-6.13,3.73,1.01,5750400,5420500.0,2026-09-30,16:14:58
600801,华新建材,23.8,23.8,23.91,23.99,23.45,70961.0,168470000.0,494.8,319.32,14.29,1.49,0.53,3806500,3289600.0,2026-09-30,16:14:52
600802,福建水泥,7.24,6.94,6.72,7.49,6.25,1113141.0,761630000.0,33.18,33.18,-15.3,3.96,24.29,57899900,53414200.0,2026-09-30,16:14:56
600803,新奥股份,19.2,18.39,18.39,19.23,18.31,113470.0,215370000.0,594.28,589.77,13.63,2.53,0.37,6400700,4946300.0,2026-09-30,16:14:55
600804,退市鹏博,0.14,0.14,0.0,0.0,0.0,0.0,0.0,2.32,1.95,-0.26,-2.44,0.0,0,0.0,2026-09-30,09:00:00
600805,悦达投资,4.63,4.63,4.65,4.68,4.59,81106.0,37580000.0,39.4,39.37,48.06,0.92,0.95,4414900,3695700.0,2026-09-30,16:14:57
600807,济高发展,2.68,2.68,2.71,2.71,2.63,132729.0,35450000.0,23.71,21.11,-10.9,8.69,1.69,6770000,6502900.0,2026-09-30,16:14:57
600808,马钢股份,2.51,2.46,2.45,2.52,2.42,557608.0,138220000.0,193.29,149.79,-94.78,0.81,0.93,34018300,21742500.0,2026-09-30,16:15:00
600809,山西汾酒,115.6,111.5,111.96,117.0,111.01,74401.0,853580000.0,1410.28,1410.28,13.85,3.7,0.61,4357200,3082900.0,2026-09-30,16:14:57
600810,神马股份,6.3,6.22,6.26,6.32,6.2,55634.0,34790000.0,68.52,67.9,-268.92,0.95,0.52,3157700,2405700.0,2026-09-30,16:14:36
600811,*ST东方,0.36,0.36,0.0,0.0,0.0,0.0,0.0,13.17,13.17,-0.1,0.08,0.0,0,0.0,2026-09-30,09:00:00
600812,华北制药,4.98,4.84,4.87,4.99,4.82,360206.0,178410000.0,85.44,85.44,69.24,1.55,2.1,21354000,14666700.0,2026-09-30,16:14:55
600814,杭州解百,6.93,6.87,6.88,6.97,6.81,61776.0,42570000.0,50.94,50.94,22.55,1.33,0.84,3415000,2762600.0,2026-09-30,16:14:59
600815,厦工股份,3.82,3.77,3.79,3.97,3.74,1465598.0,562290000.0,67.77,67.77,-52.94,4.81,8.26,70062800,76497000.0,2026-09-30,16:14:58
600816,建元信托,2.38,2.34,2.35,2.39,2.34,435606.0,103100000.0,234.3,130.17,20.41,1.55,0.8,24065000,19495600.0,2026-09-30,16:15:00
600817,宇通重工,9.79,9.75,9.75,9.82,9.68,13710.0,13400000.0,52.33,51.86,17.81,2.18,0.26,708100,662900.0,2026-09-30,16:14:55
600818,ST中路,9.31,9.17,9.15,9.5,9.15,42093.0,39370000.0,29.93,22.15,-46.73,5.97,1.77,2224000,1985300.0,2026-09-30,16:15:00
600819,耀皮玻璃,5.62,5.61,5.65,5.67,5.57,63215.0,35520000.0,54.89,44.36,65.96,1.42,0.8,3407200,2914300.0,2026-09-30,16:15:00
600820,隧道股份,5.3,5.2,5.22,5.31,5.19,142700.0,75090000.0,166.64,166.64,8.15,0.53,0.45,9700300,4569700.0,2026-09-30,16:14:58
600821,金开新能,5.68,5.7,5.72,5.74,5.67,233212.0,132860000.0,111.74,111.74,-43.38,1.28,1.19,9574500,13746700.0,2026-09-30,16:14:58
600822,上海物贸,8.92,9.18,9.2,9.22,8.8,73412.0,65790000.0,44.24,35.34,178.95,3.55,1.85,3088500,4252700.0,2026-09-30,16:14:34
600824,益民集团,3.71,3.66,3.67,3.74,3.63,117360.0,43290000.0,39.1,39.1,-110.95,1.67,1.11,5910000,5826000.0,2026-09-30,16:14:37
600825,新华传媒,10.35,9.41,10.35,10.35,10.35,139855.0,144750000.0,108.15,108.15,253.42,4.3,1.34,0,13985500.0,2026-09-30,16:14:40
600826,兰生股份,7.97,7.98,7.99,8.03,7.87,55261.0,43970000.0,57.72,57.72,20.17,1.4,0.76,2569700,2956400.0,2026-09-30,16:14:58
600827,百联股份,7.94,7.76,7.8,7.95,7.72,129582.0,102030000.0,141.66,127.39,11.51,0.69,0.81,7321300,5636900.0,2026-09-30,16:14:46
600828,茂业商业,4.33,4.28,4.3,4.36,4.23,125339.0,53880000.0,74.99,74.97,-15.99,1.14,0.72,6039900,6494000.0,2026-09-30,16:14:49
600829,人民同泰,9.43,9.33,9.32,9.55,9.31,69047.0,65350000.0,54.68,54.68,38.44,1.77,1.19,3675600,3229000.0,2026-09-30,16:14:52
600830,香溢融通,8.38,8.36,8.36,8.42,8.31,73133.0,61230000.0,38.07,38.07,44.8,1.67,1.61,3028700,4284600.0,2026-09-30,16:14:55
600831,广电网络,3.4,3.41,3.48,3.5,3.31,213038.0,72370000.0,24.17,24.17,-1.49,44.37,3.0,10446300,10857500.0,2026-09-30,16:14:58
600833,第一医药,10.48,10.56,10.59,10.66,10.47,39058.0,41260000.0,23.38,23.38,33.45,2.09,1.75,1590200,2315600.0,2026-09-30,16:14:34
600834,XD申通地,7.65,7.69,7.74,7.74,7.61,13714.0,10490000.0,36.52,36.52,61.87,2.09,0.29,818700,552700.0,2026-09-30,16:14:36
600835,上海机电,18.29,18.21,18.21,18.35,18.08,37596.0,68630000.0,184.23,147.51,26.42,1.3,0.47,1984700,1774800.0,2026-09-30,16:14:38
600838,上海九百,8.18,8.15,8.18,8.3,8.05,86724.0,70790000.0,32.79,32.79,70.35,2.11,2.16,4174400,4498000.0,2026-09-30,16:14:41
600839,四川长虹,6.42,6.41,6.41,6.43,6.41,199338.0,127980000.0,296.36,296.28,13.89,1.78,0.43,9426800,10507000.0,2026-09-30,16:14:44
600841,动力新科,5.7,5.65,5.65,5.74,5.6,82882.0,47090000.0,79.11,59.45,2.43,1.23,0.79,4338600,3949700.0,2026-09-30,16:14:47
600843,上工申贝,7.58,7.68,7.73,7.87,7.5,241913.0,184190000.0,54.06,35.57,-44.06,2.03,5.16,10635900,13555400.0,2026-09-30,16:14:50
600844,金煤科技,3.23,3.21,3.24,3.26,3.21,187214.0,60620000.0,32.83,26.57,-43.1,41.45,2.28,9008900,9712500.0,2026-09-30,16:14:53
600845,宝信软件,17.69,17.81,17.86,17.95,17.62,100001.0,177230000.0,505.56,377.51,38.91,4.56,0.47,4920900,5079200.0,2026-09-30,16:14:56
600846,同济科技,10.66,10.68,10.75,10.76,10.62,13719.0,14680000.0,66.6,66.6,26.7,1.54,0.22,664500,707400.0,2026-09-30,16:14:59
600847,万里股份,12.79,12.86,13.07,13.29,12.71,46032.0,59720000.0,19.61,19.61,-27.58,4.29,3.0,2263700,2339500.0,2026-09-30,16:14:34
600848,上海临港,9.05,8.7,8.71,9.19,8.47,287857.0,257650000.0,228.29,216.65,17.75,1.36,1.2,16671600,12114100.0,2026-09-30,16:14:39
600850,电科数字,13.63,13.65,13.69,13.73,13.58,49417.0,67480000.0,111.25,111.25,38.43,2.3,0.61,2438800,2502900.0,2026-09-30,16:14:39
600851,海欣股份,7.93,7.9,7.94,8.1,7.9,51309.0,41040000.0,95.72,58.54,48.39,1.9,0.7,2797400,2333500.0,2026-09-30,16:14:43
600853,龙建股份,3.32,3.29,3.31,3.33,3.26,106748.0,35210000.0,33.65,33.65,8.57,0.93,1.05,5681700,4993100.0,2026-09-30,16:14:44
600854,春兰股份,4.75,4.78,4.8,4.8,4.69,59465.0,28240000.0,24.67,24.67,23.02,1.0,1.14,2583800,3362700.0,2026-09-30,16:14:47
600855,航天长峰,12.4,12.35,12.45,12.6,12.35,57607.0,71780000.0,58.1,57.99,-34.55,4.2,1.23,2952100,2808600.0,2026-09-30,16:14:50
600857,宁波中百,17.22,17.53,17.53,17.8,17.17,74508.0,130030000.0,38.63,38.63,145.9,4.55,3.32,3551900,3898900.0,2026-09-30,16:14:53
600858,银座股份,4.95,4.94,4.95,4.99,4.89,61647.0,30480000.0,25.74,25.62,87.78,0.94,1.19,2623200,3541500.0,2026-09-30,16:14:56
600859,王府井,9.84,9.68,9.69,9.86,9.59,101878.0,99260000.0,110.59,110.58,-165.57,0.57,0.91,5819900,4367900.0,2026-09-30,16:14:59
600860,京城股份,7.47,7.52,7.55,7.6,7.47,38012.0,28590000.0,40.77,33.17,-40.56,5.22,0.86,1862800,1938400.0,2026-09-30,16:14:42
600861,北京人力,12.83,12.69,12.75,12.86,12.66,12869.0,16440000.0,72.63,72.63,9.47,1.02,0.23,775300,511500.0,2026-09-30,16:14:46
600862,中航高科,17.85,17.73,17.77,18.05,17.73,56478.0,100970000.0,248.66,248.66,28.75,3.18,0.41,2970600,2677200.0,2026-09-30,16:14:40
600863,华能蒙电,4.72,4.68,4.69,4.73,4.66,466453.0,219440000.0,369.82,333.39,17.91,1.86,0.66,28770800,17874500.0,2026-09-30,16:14:44
600864,哈投股份,5.62,5.63,5.65,5.67,5.59,227448.0,128120000.0,116.93,116.93,31.45,0.89,1.09,10169100,12575700.0,2026-09-30,16:14:45
600865,百大集团,10.43,10.43,10.57,10.57,10.3,128631.0,134120000.0,39.24,39.24,-107.44,1.71,3.42,6131800,6731300.0,2026-09-30,16:14:48
600866,星湖科技,4.19,4.09,4.09,4.2,4.07,185126.0,77020000.0,69.62,69.62,32.63,0.91,1.11,11877600,6635000.0,2026-09-30,16:14:51
600867,通化东宝,7.86,7.68,7.69,7.88,7.67,202073.0,158100000.0,153.94,153.94,11.85,2.25,1.03,12290800,7916500.0,2026-09-30,16:14:54
600868,梅雁吉祥,2.77,2.78,2.79,2.8,2.75,195999.0,54300000.0,52.58,52.58,-76.19,2.7,1.03,8023300,11576600.0,2026-09-30,16:14:57
600869,远东股份,17.65,18.03,18.32,18.38,17.52,850779.0,1512150000.0,391.72,391.72,324.35,8.96,3.83,38272400,46805600.0,2026-09-30,16:15:00
600871,石化油服,2.1,2.09,2.08,2.11,2.07,625980.0,130840000.0,398.1,284.49,58.88,3.98,0.46,34130600,28467400.0,2026-09-30,16:14:43
600872,中炬高新,17.24,16.84,16.88,17.35,16.82,69019.0,117950000.0,132.92,132.92,19.14,2.4,0.9,4235500,2666400.0,2026-09-30,16:14:47
600873,梅花生物,7.48,7.24,7.25,7.5,7.23,192469.0,142610000.0,209.76,209.76,9.64,1.34,0.69,13094600,6152300.0,2026-09-30,16:14:46
600874,创业环保,5.52,5.46,5.49,5.53,5.46,57335.0,31560000.0,86.69,67.92,9.87,0.83,0.47,2874200,2859300.0,2026-09-30,16:14:48
600875,东方电气,23.04,22.97,23.11,23.31,22.99,141292.0,326770000.0,796.81,521.48,17.19,1.73,0.62,7185100,6944100.0,2026-09-30,16:14:45
600876,凯盛新能,7.47,7.54,7.57,7.6,7.44,70465.0,52750000.0,48.23,29.56,-3.7,2.13,1.78,3410400,3636100.0,2026-09-30,16:14:48
600877,电科芯片,11.22,11.4,11.51,11.53,11.16,96294.0,108730000.0,132.85,132.85,590.48,5.33,0.81,3708800,5920500.0,2026-09-30,16:14:51
600879,航天电子,13.55,13.66,13.75,13.84,13.5,350520.0,476310000.0,447.06,447.06,476.21,2.15,1.06,16166800,18885200.0,2026-09-30,16:14:54
600880,博瑞传播,4.06,4.18,4.2,4.26,4.06,372047.0,153930000.0,44.39,44.38,-57.72,1.51,3.4,15300900,21903800.0,2026-09-30,16:14:57
600881,亚泰集团,1.85,1.84,1.86,1.88,1.82,686556.0,126700000.0,59.79,59.79,-3.52,56.58,2.12,34992400,33663200.0,2026-09-30,16:15:00
600882,妙可蓝多,19.31,18.71,18.71,19.41,18.56,41577.0,79360000.0,98.18,98.18,71.79,2.08,0.82,2456500,1701200.0,2026-09-30,16:14:49
600883,博闻科技,8.16,8.21,8.25,8.3,8.08,28364.0,23150000.0,19.26,19.26,77.86,1.95,1.2,1275500,1560900.0,2026-09-30,16:14:51
600884,杉杉股份,11.51,11.58,11.5,11.73,11.41,361150.0,417290000.0,258.47,211.22,24.09,1.13,1.97,15926200,20188800.0,2026-09-30,16:14:46
600885,宏发股份,33.53,33.48,33.4,33.75,33.3,59655.0,199910000.0,518.91,518.91,26.62,3.93,0.39,3432700,2532800.0,2026-09-30,16:14:51
600886,国投电力,15.24,15.15,15.15,15.47,15.11,223698.0,342700000.0,1219.88,1136.02,17.1,1.84,0.3,11847400,10522400.0,2026-09-30,16:14:51
600887,伊利股份,27.3,27.24,27.25,27.38,27.1,303783.0,827640000.0,1726.82,1718.24,17.06,3.22,0.48,16338500,14039800.0,2026-09-30,16:14:55
600888,新疆众和,9.78,9.67,9.7,9.98,9.6,402248.0,393580000.0,151.89,151.89,19.15,1.17,2.59,20632500,19592300.0,2026-09-30,16:14:49
600889,*ST京化,13.32,13.17,13.23,13.4,13.23,7465.0,9950000.0,78.13,48.8,3994.87,4.95,0.2,441400,305100.0,2026-09-30,16:14:53
600892,大晟文化,4.1,4.16,4.16,4.18,4.09,217529.0,89800000.0,22.94,22.93,-26.59,-168.62,3.89,9335300,12417600.0,2026-09-30,16:14:55
600893,航发动力,38.86,38.41,38.6,39.25,38.49,172562.0,672150000.0,1035.85,1035.67,150.39,2.58,0.65,8904200,8352000.0,2026-09-30,16:14:58
600894,广日股份,7.65,7.66,7.76,7.79,7.6,61872.0,47370000.0,64.81,64.5,10.84,0.75,0.73,2480600,3706700.0,2026-09-30,16:14:49
600895,张江高科,28.01,27.77,27.95,28.1,27.67,125386.0,350150000.0,433.79,433.79,45.84,3.17,0.81,6729900,5808700.0,2026-09-30,16:14:54
600897,厦门空港,15.1,15.02,15.08,15.24,14.92,36035.0,54360000.0,62.96,62.96,12.9,1.53,0.86,1870000,1733400.0,2026-09-30,16:14:54
600900,长江电力,28.54,28.38,28.39,28.68,28.33,679336.0,1939190000.0,6983.23,6983.23,19.29,3.23,0.28,35363300,32570300.0,2026-09-30,16:14:58
600901,江苏金租,6.94,6.85,6.85,6.97,6.84,194379.0,134880000.0,401.96,401.86,11.87,1.56,0.34,11345000,8092900.0,2026-09-30,16:14:52
600903,贵州燃气,6.68,6.51,6.53,6.76,6.48,366586.0,243970000.0,77.75,77.75,428.83,2.5,3.15,19174100,17484500.0,2026-09-30,16:14:57
600905,三峡能源,3.52,3.52,3.52,3.53,3.51,628629.0,221270000.0,1006.29,1006.29,89.95,1.13,0.22,33142100,29720800.0,2026-09-30,16:14:55
600906,财达证券,6.29,6.27,6.3,6.31,6.25,124312.0,78040000.0,204.11,133.61,17.92,1.6,0.59,6394100,6037100.0,2026-09-30,16:14:57
600908,无锡银行,5.9,5.84,5.84,5.96,5.84,152589.0,90350000.0,129.49,117.96,5.51,0.55,0.76,9059100,6199800.0,2026-09-30,16:14:55
600909,华安证券,7.77,7.69,7.71,7.78,7.67,543548.0,419980000.0,390.38,390.38,12.32,1.43,1.08,27665400,26689400.0,2026-09-30,16:14:58
600916,中国黄金,7.19,7.14,7.16,7.22,7.11,133700.0,95890000.0,120.79,120.79,51.17,1.72,0.8,7451800,5918200.0,2026-09-30,16:14:57
600917,重庆燃气,4.84,4.79,4.81,4.86,4.79,42991.0,20740000.0,75.55,75.55,41.92,1.3,0.28,2686400,1612700.0,2026-09-30,16:14:34
600918,中泰证券,5.42,5.39,5.4,5.43,5.36,181970.0,98350000.0,429.17,247.31,17.33,0.96,0.4,9890100,8307000.0,2026-09-30,16:14:56
600919,江苏银行,12.38,12.16,12.16,12.43,12.16,785084.0,970910000.0,2271.89,2271.89,6.29,0.84,0.43,48594800,29913600.0,2026-09-30,16:15:00
600925,苏能股份,4.18,4.1,4.12,4.18,4.1,85301.0,35430000.0,287.96,287.96,155.38,1.87,0.12,5753900,2776200.0,2026-09-30,16:14:58
600926,杭州银行,17.11,16.81,16.79,17.18,16.79,287697.0,490800000.0,1240.3,1240.3,6.15,0.88,0.4,16892900,11876800.0,2026-09-30,16:14:47
600927,永安期货,12.1,12.06,12.06,12.17,12.04,28256.0,34190000.0,175.5,175.5,22.78,1.33,0.19,1439000,1386600.0,2026-09-30,16:14:56
600928,西安银行,3.55,3.48,3.48,3.55,3.47,260706.0,91980000.0,157.78,157.03,5.89,0.43,0.59,16726400,9344200.0,2026-09-30,16:15:00
600929,雪天盐业,5.96,5.99,6.01,6.09,5.94,187944.0,112760000.0,97.75,97.75,141.73,1.28,1.15,8034800,10759500.0,2026-09-30,16:15:00
600933,爱柯迪,13.27,13.3,13.31,13.54,13.2,88498.0,118500000.0,136.68,128.49,12.71,1.42,0.91,3868600,4981200.0,2026-09-30,16:14:59
600935,华塑股份,2.31,2.3,2.3,2.32,2.28,142842.0,32840000.0,83.04,81.02,-81.83,1.41,0.41,6455600,7828600.0,2026-09-30,16:14:35
600936,北投科技,4.24,4.25,4.34,4.39,4.22,184539.0,78560000.0,70.85,70.85,-277.09,6.94,1.1,8327400,10126500.0,2026-09-30,16:14:38
600938,中国海油,33.42,33.36,33.06,33.7,33.05,272932.0,912290000.0,15884.51,999.26,11.48,1.86,0.91,15917900,11375300.0,2026-09-30,16:14:41
600939,重庆建工,2.69,2.65,2.67,2.7,2.59,157605.0,41810000.0,51.18,51.18,-4.29,0.75,0.83,8672700,7087800.0,2026-09-30,16:14:59
600941,XD中国移,95.8,94.85,94.9,95.94,94.13,83651.0,797170000.0,20779.92,864.85,15.77,1.52,0.93,4619300,3745800.0,2026-09-30,16:14:47
600955,维远股份,12.36,12.28,12.29,12.44,12.29,13904.0,17200000.0,67.98,67.98,-8.03,0.9,0.25,682900,707500.0,2026-09-30,16:14:50
600956,新天绿能,7.09,7.02,7.06,7.11,7.0,39772.0,28120000.0,319.07,166.48,18.82,1.31,0.17,2284800,1692400.0,2026-09-30,16:14:53
600958,东方证券,8.65,8.61,8.62,8.66,8.59,269449.0,232460000.0,734.96,646.11,10.99,0.9,0.36,12487800,14457000.0,2026-09-30,16:14:56
600959,江苏有线,3.11,3.11,3.11,3.13,3.07,215746.0,66950000.0,155.52,155.52,97.37,0.69,0.43,10679900,10894700.0,2026-09-30,16:14:59
600960,渤海汽车,3.9,3.89,3.91,4.05,3.87,97176.0,38220000.0,63.19,37.07,-46.05,1.14,1.02,4599500,5118100.0,2026-09-30,16:14:35
600961,株冶集团,22.56,22.59,22.51,22.8,22.44,133596.0,302110000.0,242.04,242.04,9.73,4.13,1.25,5800800,7558800.0,2026-09-30,16:14:37
600962,国投中鲁,26.03,25.24,25.39,26.04,25.06,40584.0,103910000.0,68.25,68.25,386.43,7.25,1.55,2194300,1864100.0,2026-09-30,16:14:39
600963,岳阳林纸,3.38,3.34,3.35,3.39,3.32,202875.0,68230000.0,59.41,59.41,-15.33,0.78,1.15,10587100,9700400.0,2026-09-30,16:14:42
600965,*ST福成,2.57,2.6,2.62,2.62,2.53,46019.0,11790000.0,21.04,21.04,53.2,0.96,0.56,1734500,2867400.0,2026-09-30,16:14:45
600966,博汇纸业,4.85,4.77,4.79,4.87,4.77,76383.0,36930000.0,64.84,64.84,45.49,0.87,0.57,5033100,2605200.0,2026-09-30,16:14:48
600967,内蒙一机,12.82,12.73,12.8,12.93,12.58,336347.0,430520000.0,218.17,218.17,100.67,1.85,1.98,16633700,17001000.0,2026-09-30,16:14:51
600968,海油发展,3.92,3.91,3.89,3.94,3.88,191648.0,75150000.0,398.47,398.47,10.16,1.34,0.19,9652700,9512100.0,2026-09-30,16:14:54
600969,郴电国际,9.52,9.5,9.59,9.66,9.48,49876.0,47640000.0,35.23,35.23,34.41,0.97,1.35,2347900,2639700.0,2026-09-30,16:14:57
600970,中材国际,7.72,7.63,7.62,7.73,7.61,133068.0,102440000.0,202.4,202.4,8.52,0.9,0.51,8174800,5132000.0,2026-09-30,16:15:00
600971,恒源煤电,8.19,8.14,8.14,8.27,8.11,73761.0,60460000.0,98.28,98.28,99.57,0.84,0.61,4125900,3250200.0,2026-09-30,16:14:35
600973,宝胜股份,5.71,5.71,5.73,5.76,5.7,59817.0,34250000.0,78.31,78.31,371.23,2.19,0.44,2477000,3504700.0,2026-09-30,16:14:39
600975,新五丰,5.19,5.22,5.21,5.26,5.15,118180.0,61280000.0,64.86,64.86,-3.91,4.54,0.95,5003000,6814900.0,2026-09-30,16:14:39
600976,健民集团,26.86,26.56,26.56,26.9,26.55,12161.0,32600000.0,41.2,41.18,13.02,1.53,0.79,823500,392600.0,2026-09-30,16:14:44
600977,中国电影,12.89,13.13,13.21,13.24,12.77,251305.0,324890000.0,240.66,240.66,205.94,2.2,1.35,11374100,13756400.0,2026-09-30,16:14:45
600979,广安爱众,3.88,3.89,3.9,3.93,3.87,120844.0,46960000.0,48.55,48.18,-13.41,1.15,0.97,4802000,7282400.0,2026-09-30,16:14:48
600980,北矿科技,18.75,18.78,18.8,18.96,18.56,14470.0,27180000.0,36.24,35.49,26.16,2.38,0.76,648200,798800.0,2026-09-30,16:14:51
600981,苏豪汇鸿,2.42,2.41,2.41,2.44,2.36,154710.0,37170000.0,54.27,54.27,-16.99,1.14,0.69,7964100,7506900.0,2026-09-30,16:14:54
600982,宁波能源,5.3,5.49,5.64,5.64,5.27,1118414.0,604050000.0,59.23,59.23,16.18,1.33,10.01,54584000,57257300.0,2026-09-30,16:14:57
600983,惠而浦,7.54,7.46,7.49,7.57,7.43,14263.0,10730000.0,57.79,57.79,12.01,2.19,0.19,778900,647400.0,2026-09-30,16:15:00
600984,建设机械,3.6,3.58,3.54,3.6,3.46,324027.0,114710000.0,45.25,45.25,-2.01,2.89,2.58,16022800,16379900.0,2026-09-30,16:14:43
600985,淮北矿业,15.87,15.9,15.85,16.27,15.83,136037.0,217380000.0,427.42,427.42,24.94,1.01,0.51,6754200,6849500.0,2026-09-30,16:14:47
600986,浙文互联,6.89,6.98,7.0,7.04,6.85,255039.0,176470000.0,102.48,102.48,-64.22,2.03,1.71,10183800,15320100.0,2026-09-30,16:14:41
600987,航民股份,6.28,6.23,6.25,6.3,6.22,34503.0,21610000.0,64.11,64.11,8.9,0.95,0.34,1698700,1751600.0,2026-09-30,16:14:45
600988,赤峰黄金,39.56,38.44,38.58,39.8,38.25,414536.0,1625870000.0,751.8,658.24,20.28,5.25,2.49,22374000,19079600.0,2026-09-30,16:14:44
600989,宝丰能源,22.46,22.41,22.41,22.62,22.22,311101.0,698890000.0,1647.07,1647.07,10.72,3.16,0.42,17046100,14064000.0,2026-09-30,16:14:46
600990,四创电子,17.84,17.54,17.65,17.87,17.53,21481.0,38190000.0,47.99,47.99,-12.69,3.32,0.8,1186500,961600.0,2026-09-30,16:14:49
600992,贵绳股份,10.2,10.22,10.22,10.37,10.13,61936.0,63370000.0,25.0,25.0,-66.95,1.81,2.53,2569700,3623900.0,2026-09-30,16:14:52
600993,马应龙,22.52,22.21,22.21,22.6,22.13,25552.0,57260000.0,97.07,96.91,16.16,2.19,0.59,1731300,823900.0,2026-09-30,16:14:55
600995,南网储能,11.86,11.67,11.68,11.87,11.63,82658.0,97610000.0,379.05,379.05,19.26,1.63,0.26,4519900,3746000.0,2026-09-30,16:14:58
600996,贵广网络,6.76,6.9,6.91,6.96,6.72,134875.0,91730000.0,84.28,84.28,-6.46,6.55,1.08,6035200,7452300.0,2026-09-30,16:14:44
600997,开滦股份,5.22,5.18,5.15,5.26,5.15,94717.0,49460000.0,82.88,82.88,-15.6,0.61,0.6,5010800,4460900.0,2026-09-30,16:14:48
600998,九州通,5.05,4.96,4.98,5.06,4.95,447661.0,225240000.0,254.64,254.64,12.67,0.94,0.89,26225400,18540700.0,2026-09-30,16:14:47
600999,招商证券,17.07,16.94,17.01,17.09,16.93,194102.0,330520000.0,1484.5,1266.94,8.35,1.19,0.26,9856100,9554100.0,2026-09-30,16:14:49
601000,唐山港,4.62,4.58,4.59,4.71,4.57,558837.0,260210000.0,273.78,273.78,12.9,1.28,0.94,32608200,23275500.0,2026-09-30,16:14:44
601001,晋控煤业,17.21,17.0,16.9,17.45,16.9,135161.0,231830000.0,288.04,288.04,17.16,1.51,0.81,7308000,6208100.0,2026-09-30,16:14:49
601002,晋亿实业,5.26,5.22,5.29,5.3,5.22,91811.0,48380000.0,50.58,50.2,15.22,1.13,0.96,5322300,3858800.0,2026-09-30,16:14:49
601003,柳钢股份,3.58,3.5,3.51,3.59,3.46,169073.0,59900000.0,94.31,94.31,24.87,1.03,0.64,10578300,6329000.0,2026-09-30,16:14:53
601005,重庆钢铁,1.21,1.2,1.2,1.22,1.19,739329.0,89010000.0,116.27,100.6,-4.2,0.79,0.89,44651100,29281800.0,2026-09-30,16:14:55
601006,大秦铁路,4.74,4.67,4.66,4.76,4.66,1240897.0,586300000.0,941.5,941.5,15.59,0.57,0.62,87405400,36684200.0,2026-09-30,16:14:58
601007,金陵饭店,6.78,6.8,6.81,6.83,6.73,39901.0,27030000.0,26.44,26.44,39.5,1.67,1.02,1761000,2229100.0,2026-09-30,16:14:47
601008,连云港,4.4,4.35,4.34,4.41,4.34,79333.0,34710000.0,54.59,54.59,28.64,1.31,0.64,4834100,3099200.0,2026-09-30,16:14:49
601009,南京银行,11.98,11.79,11.79,12.04,11.78,378070.0,452060000.0,1481.16,1481.16,6.49,0.77,0.31,22052500,15754400.0,2026-09-30,16:14:47
601010,ST文峰,1.42,1.43,1.43,1.43,1.41,90055.0,12780000.0,25.68,25.68,-17.31,0.65,0.5,3858800,5146700.0,2026-09-30,16:14:49
601011,宝泰隆,2.9,2.87,2.89,2.9,2.85,314070.0,90560000.0,55.55,55.55,-10.34,1.04,1.64,15590900,15816100.0,2026-09-30,16:14:52
601012,隆基绿能,11.21,10.89,10.97,11.34,10.87,877874.0,976680000.0,849.5,849.5,-11.28,1.76,1.16,52974200,34813200.0,2026-09-30,16:14:56
601015,陕西黑猫,3.58,3.58,3.57,3.63,3.54,431883.0,154340000.0,73.12,73.12,-6.77,1.54,2.11,19863700,23324700.0,2026-09-30,16:14:50
601016,节能风电,3.26,3.26,3.25,3.27,3.23,492306.0,160140000.0,213.35,196.85,50.85,1.19,0.82,21979100,27251400.0,2026-09-30,16:14:53
601018,宁波港,3.53,3.49,3.48,3.55,3.48,708445.0,250030000.0,686.74,686.74,13.43,0.85,0.36,43384000,27460500.0,2026-09-30,16:14:56
601019,山东出版,6.84,6.76,6.88,6.9,6.75,87942.0,60150000.0,142.74,142.74,12.5,0.92,0.42,4820100,3974100.0,2026-09-30,16:14:59
601020,华钰矿业,19.66,19.95,19.99,20.03,19.65,86361.0,170930000.0,161.21,161.21,19.88,3.71,1.05,3536500,5099600.0,2026-09-30,16:14:50
601021,春秋航空,40.76,39.84,40.07,40.86,39.75,46079.0,185900000.0,398.77,398.77,18.2,2.29,0.47,2712000,1895800.0,2026-09-30,16:14:52
601022,宁波远洋,8.25,8.24,8.26,8.3,8.22,50334.0,41590000.0,119.96,107.96,19.38,1.63,0.38,2632600,2400800.0,2026-09-30,16:14:52
601028,玉龙股份,12.83,12.83,0.0,0.0,0.0,0.0,0.0,100.46,100.46,27.25,2.91,0.0,0,0.0,2026-09-30,09:00:00
601033,永兴股份,14.18,14.1,14.1,14.23,14.08,14746.0,20880000.0,127.62,34.03,13.85,1.18,0.61,887500,587100.0,2026-09-30,16:14:50
601038,一拖股份,13.71,13.67,13.5,13.87,13.5,42315.0,57890000.0,154.05,100.32,18.67,1.89,0.58,2461900,1769600.0,2026-09-30,16:14:54
601058,赛轮轮胎,13.24,13.22,13.13,13.32,13.13,213423.0,282550000.0,435.34,435.34,11.3,1.96,0.65,11288500,10053800.0,2026-09-30,16:14:53
601059,信达证券,15.56,15.56,0.0,0.0,0.0,0.0,0.0,504.61,504.61,25.66,2.35,0.0,0,0.0,2026-09-30,16:14:55
601061,中信金属,10.55,10.52,10.53,10.64,10.46,76820.0,81260000.0,516.95,516.95,13.21,2.09,0.16,3647200,4034800.0,2026-09-30,16:14:56
601065,江盐集团,6.67,6.64,6.64,6.68,6.61,29004.0,19290000.0,42.87,42.87,29.16,0.96,0.45,1647900,1252500.0,2026-09-30,16:14:59
601066,中信建投,23.03,23.01,23.1,23.16,22.91,72035.0,165780000.0,1786.37,1495.95,14.21,2.04,0.11,3602900,3600600.0,2026-09-30,16:14:55
601068,中铝国际,4.33,4.35,4.37,4.38,4.3,126915.0,55110000.0,129.33,110.83,49.34,4.17,0.5,6335900,6355500.0,2026-09-30,16:14:59
601069,XD西部黄,24.56,24.3,24.5,24.69,24.22,97098.0,237850000.0,223.74,217.89,25.22,4.39,1.09,4755700,4954100.0,2026-09-30,16:14:53
601077,渝农商行,6.71,6.58,6.6,6.75,6.58,675511.0,452850000.0,762.05,593.05,6.05,0.54,0.76,42387300,25163800.0,2026-09-30,16:14:57
601083,锦江航运,12.65,12.62,12.7,12.84,12.55,40462.0,51490000.0,163.71,24.56,11.23,1.77,2.08,2206600,1839600.0,2026-09-30,16:14:56
601086,国芳集团,13.33,14.27,13.75,13.88,13.2,736101.0,992640000.0,88.78,88.78,74.75,5.54,11.05,35579000,38031100.0,2026-09-30,16:14:58
601088,中国神华,47.8,47.3,47.05,48.23,46.99,207016.0,992080000.0,10367.55,7882.72,19.21,2.3,0.13,12372100,8329500.0,2026-09-30,16:14:56
601089,福元医药,16.48,16.01,16.11,16.59,15.98,35762.0,58750000.0,79.1,79.1,20.4,2.12,0.75,2225000,1351200.0,2026-09-30,16:14:58
601096,宏盛华源,3.97,3.92,3.93,4.0,3.92,123736.0,49040000.0,106.2,65.23,29.8,2.25,0.75,8238200,4135400.0,2026-09-30,16:15:00
601098,中南传媒,10.27,10.2,10.17,10.36,10.17,86770.0,89270000.0,184.45,184.45,12.21,1.13,0.48,4372200,4304800.0,2026-09-30,16:14:56
601099,太平洋,3.46,3.46,3.48,3.5,3.45,695689.0,241150000.0,235.84,235.84,100.94,2.35,1.02,30843700,38725200.0,2026-09-30,16:15:00
601100,恒立液压,90.31,90.82,90.12,90.96,89.33,51032.0,461100000.0,1210.9,1210.9,44.17,6.76,0.38,2042600,3060700.0,2026-09-30,16:14:59
601101,昊华能源,12.73,12.59,12.67,12.94,12.53,138624.0,177310000.0,183.31,183.31,22.66,1.47,0.96,6705600,7156800.0,2026-09-30,16:14:42
601106,中国一重,2.95,2.92,2.93,2.96,2.92,334492.0,98570000.0,202.3,202.3,-97.21,3.91,0.49,18719000,14730200.0,2026-09-30,16:14:59
601107,四川成渝,6.09,6.04,6.05,6.2,6.03,89396.0,54730000.0,186.24,131.71,12.17,1.1,0.41,4598900,4340700.0,2026-09-30,16:14:48
601108,财通证券,8.15,8.17,8.18,8.2,8.12,238086.0,194290000.0,378.47,378.47,10.97,0.97,0.51,10700800,13107800.0,2026-09-30,16:14:51
601111,中国国航,5.91,5.78,5.8,5.94,5.77,704488.0,412530000.0,1211.11,687.81,-53.81,2.02,0.61,45998700,24450100.0,2026-09-30,16:14:54
601113,华鼎股份,3.5,3.5,3.51,3.53,3.46,98187.0,34380000.0,47.4,38.65,39.88,0.99,0.89,4763500,5055200.0,2026-09-30,16:15:00
601116,三江购物,9.91,9.85,9.85,9.95,9.82,57144.0,56500000.0,54.27,54.27,33.55,1.64,1.04,2806000,2908500.0,2026-09-30,16:14:33
601117,中国化学,7.17,7.13,7.13,7.19,7.11,323438.0,231370000.0,437.77,436.51,6.76,0.63,0.53,17430300,14913400.0,2026-09-30,16:14:36
601118,海南橡胶,6.37,5.79,6.28,6.37,6.28,631016.0,401070000.0,272.6,272.6,-474.39,2.87,1.47,12175700,50925900.0,2026-09-30,16:14:40
601121,宝地矿业,7.03,6.91,6.95,7.05,6.88,68718.0,48010000.0,69.19,58.45,25.81,1.56,0.83,3704200,3167600.0,2026-09-30,16:14:40
601126,四方股份,36.49,36.63,37.01,38.0,36.4,155888.0,578510000.0,303.99,301.31,35.06,6.87,1.89,7416500,8172300.0,2026-09-30,16:14:46
601127,赛力斯,46.94,46.81,46.81,47.87,45.24,250961.0,1171940000.0,817.69,730.95,62.95,2.18,1.61,12875300,12220700.0,2026-09-30,16:14:49
601128,常熟银行,6.26,6.16,6.16,6.27,6.15,465691.0,290140000.0,228.38,228.38,5.16,0.7,1.28,32337100,14232000.0,2026-09-30,16:14:52
601133,柏诚股份,22.41,23.32,23.79,23.9,22.4,80977.0,185520000.0,117.92,117.52,56.78,3.89,1.54,3660100,4437600.0,2026-09-30,16:14:55
601136,首创证券,13.89,13.95,13.98,14.05,13.85,65335.0,91020000.0,379.66,379.66,30.67,2.74,0.24,2598500,3935000.0,2026-09-30,16:14:58
601137,博威合金,18.91,19.17,19.27,19.3,18.86,70939.0,135170000.0,173.62,173.62,-110.71,1.77,0.77,3363400,3730500.0,2026-09-30,16:14:35
601138,工业富联,58.2,58.42,58.81,59.48,57.9,518106.0,3035420000.0,11549.26,11549.26,24.62,6.57,0.26,22482200,29328400.0,2026-09-30,16:14:37
601139,深圳燃气,6.25,6.18,6.18,6.26,6.17,114504.0,71370000.0,179.8,179.8,11.61,1.09,0.4,6974700,4475700.0,2026-09-30,16:14:37
601155,新城控股,12.87,13.01,12.69,13.13,11.9,632453.0,785570000.0,290.3,290.3,45.79,0.46,2.8,33826200,29419100.0,2026-09-30,16:14:41
601156,东航物流,18.39,18.06,18.04,18.56,18.04,51665.0,94880000.0,291.95,173.71,10.36,1.46,0.55,3498200,1668300.0,2026-09-30,16:14:43
601158,重庆水务,4.02,4.0,4.01,4.03,3.99,52621.0,21140000.0,192.96,192.96,23.23,1.13,0.11,2973200,2288900.0,2026-09-30,16:14:46
601162,天风证券,3.56,3.56,3.57,3.58,3.53,648088.0,230360000.0,358.63,306.09,109.28,1.31,0.75,30580300,34228600.0,2026-09-30,16:14:49
601163,三角轮胎,12.24,12.17,12.24,12.28,12.2,18103.0,22170000.0,97.92,97.92,11.29,0.71,0.23,1218900,591400.0,2026-09-30,16:14:52
601166,兴业银行,18.05,17.79,17.82,18.06,17.74,685132.0,1229490000.0,3819.9,3819.9,5.06,0.46,0.32,46042300,22470900.0,2026-09-30,16:14:55
601168,西部矿业,35.35,35.17,35.21,35.58,34.97,221811.0,783470000.0,842.39,842.39,14.18,3.76,0.93,11195100,10986000.0,2026-09-30,16:14:58
601169,北京银行,5.57,5.48,5.48,5.58,5.48,1550315.0,860110000.0,1177.66,1177.66,5.63,0.41,0.73,89545300,65486200.0,2026-09-30,16:14:40
601177,杭齿前进,13.85,13.64,13.63,14.08,13.39,56115.0,77770000.0,56.47,55.73,19.82,1.89,1.39,2661600,2950000.0,2026-09-30,16:14:44
601179,中国西电,11.61,11.41,11.52,11.76,11.51,525287.0,611330000.0,595.11,595.11,43.77,2.57,1.02,27706400,24822300.0,2026-09-30,16:14:38
601186,中国铁建,6.02,5.95,5.96,6.04,5.95,276165.0,165710000.0,817.49,692.5,5.0,0.29,0.24,18445900,9170600.0,2026-09-30,16:14:42
601187,厦门银行,6.9,6.84,6.84,6.92,6.82,131811.0,90810000.0,182.1,181.7,6.7,0.66,0.5,8706600,4474500.0,2026-09-30,16:14:44
601188,龙江交通,2.88,2.87,2.87,2.89,2.85,83255.0,23910000.0,37.6,37.6,23.74,0.83,0.64,4231700,4093800.0,2026-09-30,16:14:47
601198,东兴证券,13.06,13.06,0.0,0.0,0.0,0.0,0.0,422.16,422.16,18.29,1.39,0.0,0,0.0,2026-09-30,16:14:41
601199,江南水务,6.3,6.44,6.51,6.52,6.24,129561.0,82010000.0,58.92,58.92,16.67,1.26,1.39,4813500,8142600.0,2026-09-30,16:14:53
601200,上海环境,6.8,6.77,6.78,6.83,6.75,45964.0,31270000.0,91.54,91.54,15.96,0.78,0.34,2408800,2187600.0,2026-09-30,16:14:56
601208,东材科技,48.22,50.53,50.03,50.48,48.01,492896.0,2407630000.0,487.11,487.11,119.73,8.03,4.88,21397000,27892600.0,2026-09-30,16:14:59
601211,国泰海通,16.87,16.65,16.71,16.88,16.67,434504.0,730100000.0,2965.92,2268.87,9.17,0.9,0.32,25603400,17847000.0,2026-09-30,16:14:41
601212,白银有色,5.65,5.61,5.63,5.69,5.58,864469.0,488760000.0,418.37,418.37,-91.36,2.71,1.17,44876700,41570200.0,2026-09-30,16:14:45
601216,君正集团,4.54,4.44,4.44,4.55,4.44,460278.0,207680000.0,383.09,383.09,12.5,1.39,0.55,28091900,17935900.0,2026-09-30,16:14:44
601218,吉鑫科技,6.08,6.13,5.99,6.35,5.89,2339608.0,1428560000.0,58.92,58.92,34.1,1.93,24.14,109653600,124307200.0,2026-09-30,16:14:46
601222,林洋能源,5.94,5.91,5.92,6.02,5.9,204282.0,121670000.0,121.25,121.25,34.95,0.78,1.0,11077900,9350400.0,2026-09-30,16:14:44
601225,陕西煤业,26.03,25.66,25.59,26.3,25.46,383563.0,999160000.0,2523.61,2523.61,12.37,2.5,0.4,19863500,18492800.0,2026-09-30,16:14:47
601226,华电科工,6.51,6.51,6.52,6.6,6.47,62136.0,40670000.0,75.66,75.66,42.27,1.71,0.53,2623100,3590400.0,2026-09-30,16:14:50
601228,广州港,3.11,3.06,3.05,3.11,3.04,229430.0,70710000.0,234.63,234.63,28.41,1.09,0.3,14601800,8341200.0,2026-09-30,16:14:53
601229,上海银行,9.75,9.55,9.56,9.76,9.55,577563.0,559920000.0,1385.38,1385.38,5.71,0.54,0.41,34533000,23223300.0,2026-09-30,16:14:56
601231,环旭电子,23.74,24.09,24.34,24.57,23.65,152350.0,365700000.0,567.13,567.13,27.83,2.53,0.64,7184900,8050100.0,2026-09-30,16:14:59
601233,桐昆股份,22.73,22.49,22.49,22.99,22.25,174478.0,396320000.0,540.75,539.76,10.48,1.28,0.73,8868600,8579200.0,2026-09-30,16:14:47
601236,红塔证券,7.01,6.88,6.94,7.09,6.89,240604.0,168620000.0,329.0,329.0,31.24,1.36,0.51,14006300,10054100.0,2026-09-30,16:14:49
601238,广汽集团,5.84,5.6,6.16,6.16,5.77,1994668.0,1188510000.0,595.51,431.21,-5.56,0.59,2.7,103001800,96464900.0,2026-09-30,16:14:47
601279,英利汽车,3.65,3.55,3.57,3.72,3.52,221014.0,80300000.0,57.88,57.88,-44.72,1.41,1.39,13111500,8989900.0,2026-09-30,16:14:49
601288,农业银行,6.97,6.94,6.93,7.0,6.9,2174727.0,1513230000.0,24393.82,22251.32,8.19,0.85,0.07,106531300,110941400.0,2026-09-30,16:14:49
601298,青岛港,10.06,10.09,10.07,10.3,9.99,151105.0,152510000.0,653.0,542.44,12.58,1.38,0.28,7216300,7894200.0,2026-09-30,16:14:53
601311,骆驼股份,7.36,7.33,7.32,7.38,7.3,57228.0,42110000.0,86.34,86.34,14.74,0.87,0.49,3101400,2621400.0,2026-09-30,16:14:51
601318,中国平安,53.29,52.5,52.68,53.49,52.41,558842.0,2960020000.0,9649.56,5680.75,6.06,0.96,0.52,29442600,26441600.0,2026-09-30,16:14:54
601319,中国人保,7.98,8.06,8.02,8.08,7.96,438515.0,350990000.0,3529.07,2832.72,6.21,1.04,0.12,19563600,24287900.0,2026-09-30,16:14:57
601326,秦港股份,3.55,3.51,3.52,3.57,3.5,163557.0,57980000.0,198.35,168.89,12.14,0.95,0.34,9193500,7162300.0,2026-09-30,16:15:00
601328,交通银行,7.75,7.62,7.62,7.76,7.58,1905575.0,1467710000.0,6848.19,2020.61,7.03,0.59,0.73,127210300,63347200.0,2026-09-30,16:14:50
601330,绿色动力,8.14,8.26,8.22,8.32,8.13,81156.0,66480000.0,116.43,80.51,16.52,1.41,0.82,3778300,4337300.0,2026-09-30,16:14:52
601333,广深铁路,3.08,3.05,3.04,3.1,3.04,405932.0,124860000.0,218.17,174.09,14.48,0.75,0.72,24581600,16011600.0,2026-09-30,16:14:52
601336,新华保险,56.35,55.94,55.93,56.47,55.88,63618.0,357180000.0,1757.86,1175.15,3.97,1.42,0.31,3210100,3151700.0,2026-09-30,16:14:56
601339,百隆东方,7.25,7.2,7.2,7.26,7.16,52801.0,38140000.0,108.72,108.72,13.17,1.22,0.35,3025000,2255100.0,2026-09-30,16:14:50
601360,三六零,8.95,9.12,9.06,9.11,8.88,926578.0,830980000.0,626.46,626.46,82.38,2.25,1.32,38935100,53722700.0,2026-09-30,16:14:55
601366,利群股份,3.65,3.63,3.64,3.67,3.58,105382.0,38330000.0,35.03,35.03,-9.34,0.83,1.1,5707200,4831000.0,2026-09-30,16:14:53
601368,绿城水务,4.59,4.63,4.63,4.63,4.58,32191.0,14810000.0,40.53,40.53,33.03,0.84,0.36,1345500,1873600.0,2026-09-30,16:14:55
601369,陕鼓动力,8.51,8.42,8.44,8.57,8.42,47736.0,40660000.0,146.52,146.49,22.02,1.63,0.28,2735000,2038500.0,2026-09-30,16:14:57
601375,中原证券,3.94,3.94,3.95,3.96,3.92,177883.0,70090000.0,182.93,135.83,29.75,1.24,0.52,9089000,8699300.0,2026-09-30,16:15:00
601377,兴业证券,5.72,5.72,5.72,5.74,5.7,494895.0,283080000.0,493.98,493.98,13.46,0.88,0.57,20669000,28820500.0,2026-09-30,16:14:55
601388,怡球资源,3.18,3.17,3.16,3.19,3.15,181171.0,57390000.0,70.0,70.0,19.13,1.49,0.82,8815100,9302000.0,2026-09-30,16:14:59
601390,中国中铁,4.33,4.25,4.25,4.33,4.23,907034.0,389430000.0,1062.21,880.03,5.39,0.33,0.45,59778700,30924800.0,2026-09-30,16:14:54
601398,工商银行,8.28,8.16,8.17,8.3,8.15,2931711.0,2417870000.0,29510.44,22323.89,7.89,0.74,0.11,182036200,111135000.0,2026-09-30,16:14:58
601399,国机重装,3.15,3.13,3.13,3.18,3.13,471788.0,148840000.0,227.23,227.23,47.03,1.52,0.65,24675800,22503000.0,2026-09-30,16:14:56
601456,国联民生,8.51,8.53,8.53,8.56,8.48,105330.0,89570000.0,483.42,373.02,21.04,0.92,0.24,4291300,6241700.0,2026-09-30,16:14:58
601500,通用股份,3.86,3.85,3.86,3.87,3.81,72655.0,27930000.0,61.1,61.1,22.2,1.02,0.46,3459400,3806100.0,2026-09-30,16:14:57
601512,中新集团,8.46,8.45,8.44,8.56,8.13,57763.0,48300000.0,126.81,126.81,13.0,0.82,0.39,3231400,2545000.0,2026-09-30,16:14:58
601515,衢州东峰,3.18,3.19,3.19,3.22,3.15,118518.0,37780000.0,61.2,61.2,-13.8,1.27,0.62,5924000,5927800.0,2026-09-30,16:14:58
601518,吉林高速,2.79,2.76,2.77,2.79,2.76,57671.0,16020000.0,52.75,52.75,10.86,0.93,0.31,3297800,2469300.0,2026-09-30,16:14:58
601519,大智慧,8.65,9.01,9.11,9.15,8.5,865627.0,754050000.0,172.06,172.06,-250.86,13.33,4.35,41920900,44641800.0,2026-09-30,16:14:57
601528,瑞丰银行,5.14,5.04,5.03,5.2,5.02,236224.0,121730000.0,100.86,95.39,5.11,0.5,1.27,13328300,10294200.0,2026-09-30,16:14:34
601555,东吴证券,8.13,8.14,8.16,8.23,8.11,198825.0,162050000.0,403.96,403.96,10.0,0.93,0.4,7867700,12014700.0,2026-09-30,16:15:00
601566,九牧王,9.06,9.1,9.11,9.28,9.02,162068.0,147660000.0,52.06,52.06,32.55,1.39,2.82,7552300,8654500.0,2026-09-30,16:14:40
601567,三星电气,13.67,13.86,13.86,13.93,13.62,242909.0,333630000.0,192.09,192.09,32.55,1.64,1.73,10055800,14235100.0,2026-09-30,16:15:00
601568,北元化工,3.55,3.51,3.51,3.56,3.5,143088.0,50550000.0,141.01,141.01,328.36,1.26,0.36,8158200,6150600.0,2026-09-30,16:14:46
601577,XD长沙银,9.71,9.48,9.51,9.73,9.48,218686.0,210680000.0,390.49,390.49,4.69,0.52,0.54,13797700,8070900.0,2026-09-30,16:14:49
601579,会稽山,37.3,37.66,37.66,40.2,37.3,528967.0,2040290000.0,178.84,178.84,64.01,4.76,11.03,26868500,26028200.0,2026-09-30,16:14:52
601588,北辰实业,1.83,1.81,1.81,1.85,1.72,726750.0,129610000.0,61.62,48.68,-2.7,1.06,2.73,38154000,34521000.0,2026-09-30,16:15:00
601595,上海电影,23.0,23.26,23.17,24.0,22.8,86599.0,201470000.0,103.09,103.09,138.57,6.17,1.93,3709600,4950300.0,2026-09-30,16:14:58
601598,中国外运,6.61,6.69,6.69,6.73,6.61,138548.0,92220000.0,474.18,340.91,12.48,1.15,0.27,6303900,7550900.0,2026-09-30,16:14:33
601599,浙文影业,3.25,3.27,3.26,3.29,3.21,128162.0,41480000.0,37.72,37.72,35.29,2.35,1.1,5315300,7500900.0,2026-09-30,16:14:35
601600,中国铝业,8.93,8.94,8.88,8.99,8.82,1004232.0,895990000.0,1531.92,1179.06,8.77,1.81,0.76,51712500,48710700.0,2026-09-30,16:14:38
601601,中国太保,31.06,30.4,30.48,31.25,30.33,317518.0,977500000.0,2988.08,2126.07,5.3,0.94,0.46,17832200,13919500.0,2026-09-30,16:14:41
601606,长城军工,30.7,31.09,31.1,31.24,30.51,118344.0,363910000.0,222.34,222.34,-366.27,10.4,1.63,5207600,6626800.0,2026-09-30,16:14:44
601607,上海医药,16.22,16.0,16.0,16.28,15.99,114248.0,184680000.0,601.5,452.41,12.61,0.77,0.41,7508400,3916400.0,2026-09-30,16:14:47
601608,中信重工,4.59,4.56,4.58,4.62,4.56,178237.0,81850000.0,210.2,210.2,55.1,2.24,0.39,9309900,8513800.0,2026-09-30,16:14:50
601609,金田股份,11.72,11.32,11.55,11.87,11.22,469934.0,549540000.0,202.6,202.6,24.67,1.99,2.72,27161500,19831900.0,2026-09-30,16:14:53
601611,中国核建,10.08,10.01,10.01,10.08,10.0,78955.0,79290000.0,303.79,303.79,28.18,1.35,0.26,4042400,3853100.0,2026-09-30,16:14:56
601615,明阳智能,9.77,9.78,9.77,9.93,9.67,410140.0,402310000.0,220.95,220.95,137.12,0.85,1.81,18538600,22475400.0,2026-09-30,16:14:59
601616,广电电气,3.75,3.78,3.8,3.8,3.74,63981.0,24060000.0,32.01,32.01,-48.95,1.37,0.75,2823900,3574200.0,2026-09-30,16:14:36
601618,中国中冶,2.54,2.5,2.5,2.55,2.49,688985.0,173740000.0,525.57,453.46,95.8,0.51,0.39,43754600,25143900.0,2026-09-30,16:14:37
601619,嘉泽新能,3.89,3.86,3.86,3.92,3.83,276968.0,107240000.0,117.14,98.54,23.82,1.47,1.09,14308100,13388600.0,2026-09-30,16:14:38
601628,中国人寿,36.7,36.62,36.62,36.95,36.33,172190.0,630840000.0,10373.15,7642.24,4.19,1.56,0.08,7085500,10133500.0,2026-09-30,16:14:42
601633,长城汽车,13.73,13.66,13.67,13.88,13.6,143441.0,196990000.0,1177.79,853.08,19.65,1.35,0.23,7847700,6496400.0,2026-09-30,16:14:44
601636,旗滨集团,5.39,5.29,5.28,5.42,5.23,446524.0,238670000.0,159.47,159.47,-36.36,1.11,1.51,26331400,18321000.0,2026-09-30,16:14:47
601658,邮储银行,5.46,5.41,5.4,5.49,5.39,1552786.0,846290000.0,6557.19,3960.02,7.31,0.63,0.21,90377800,64900800.0,2026-09-30,16:14:50
601665,齐鲁银行,7.13,6.94,6.94,7.14,6.92,464820.0,329050000.0,438.77,438.77,7.13,0.84,0.76,27906000,18576000.0,2026-09-30,16:14:53
601666,平煤股份,8.82,8.73,8.72,8.91,8.67,172859.0,152700000.0,217.8,217.8,75.05,0.99,0.7,9172000,8113900.0,2026-09-30,16:14:56
601668,中国建筑,4.34,4.27,4.27,4.37,4.25,2839696.0,1226070000.0,1793.3,1793.3,5.66,0.36,0.69,185152500,98817100.0,2026-09-30,16:14:59
601669,中国电建,4.57,4.52,4.53,4.58,4.52,623478.0,284250000.0,787.24,597.37,9.37,0.54,0.48,39311700,23036100.0,2026-09-30,16:14:41
601677,明泰铝业,16.17,16.16,16.07,16.32,16.04,111771.0,181160000.0,201.04,201.04,8.29,0.99,0.9,5877900,5299200.0,2026-09-30,16:14:45
601678,滨化股份,5.68,5.64,5.68,5.75,5.66,315175.0,179840000.0,136.83,116.06,29.91,1.16,1.54,16696100,14821400.0,2026-09-30,16:14:39
601686,友发集团,5.0,4.97,4.97,5.02,4.95,40697.0,20280000.0,73.97,73.97,11.02,1.07,0.28,2433900,1635800.0,2026-09-30,16:14:43
601688,华泰证券,17.8,17.72,17.76,17.85,17.7,364010.0,646910000.0,1606.78,1300.6,7.83,0.9,0.5,19083900,17317200.0,2026-09-30,16:14:45
601689,拓普集团,46.52,47.35,47.35,47.8,46.36,286517.0,1345230000.0,808.44,808.44,32.25,3.34,1.65,12341300,16310400.0,2026-09-30,16:14:48
601696,中银证券,10.96,10.96,10.97,11.03,10.93,151409.0,166160000.0,304.47,304.47,24.83,1.56,0.55,7350100,7790800.0,2026-09-30,16:14:51
601698,中国卫通,22.6,22.7,22.9,22.99,22.53,85693.0,194480000.0,954.71,954.71,255.41,6.01,0.2,3789800,4779600.0,2026-09-30,16:14:54
601699,潞安环能,15.09,14.79,14.83,15.19,14.7,182180.0,273750000.0,451.4,451.4,29.22,0.96,0.61,10528800,7689100.0,2026-09-30,16:14:57
601700,风范股份,6.19,6.04,6.16,6.23,6.07,340236.0,210170000.0,70.49,70.49,-23.13,3.19,2.99,19188900,14834700.0,2026-09-30,16:15:00
601702,华峰铝业,14.88,14.84,14.9,14.96,14.79,30975.0,46080000.0,148.58,148.58,12.5,2.22,0.31,1372200,1725300.0,2026-09-30,16:14:42
601717,中创智领,13.35,12.99,13.05,13.41,13.01,167085.0,220860000.0,238.35,205.88,7.05,1.01,1.08,9687900,7020600.0,2026-09-30,16:14:46
601718,ST际华,1.94,1.91,1.91,1.94,1.91,78399.0,15100000.0,84.6,84.6,-16.8,0.71,0.18,4756500,3083400.0,2026-09-30,16:14:45
601727,上海电气,6.44,6.41,6.43,6.45,6.4,295920.0,190270000.0,1000.78,812.45,73.83,1.81,0.23,16094600,13497300.0,2026-09-30,16:14:47
601728,中国电信,6.28,6.27,6.27,6.31,6.25,471686.0,296550000.0,5746.65,4875.15,19.31,1.26,0.06,24988000,22180600.0,2026-09-30,16:14:45
601766,中国中车,6.19,6.12,6.1,6.19,6.09,989532.0,610310000.0,1776.46,1505.89,12.76,1.01,0.41,57888200,41065000.0,2026-09-30,16:14:48
601777,千里科技,8.18,7.91,7.94,8.43,7.93,392702.0,320730000.0,369.83,369.83,281.12,3.58,0.87,20339100,18931000.0,2026-09-30,16:14:51
601778,晶科科技,3.39,3.38,3.4,3.43,3.38,492292.0,167500000.0,126.21,126.21,641.41,0.77,1.32,25131500,24097700.0,2026-09-30,16:14:54
601788,光大证券,13.68,13.55,13.6,13.71,13.58,103390.0,141120000.0,630.76,534.44,14.77,1.04,0.26,6107300,4231600.0,2026-09-30,16:14:57
601789,宁波建工,4.21,4.18,4.18,4.23,4.14,248991.0,104250000.0,64.18,45.75,23.57,1.02,2.29,12027800,12871300.0,2026-09-30,16:15:00
601798,蓝科高新,7.68,7.68,7.73,7.84,7.63,38782.0,29900000.0,27.23,27.23,33.72,2.04,1.09,1626100,2252100.0,2026-09-30,16:14:48
601799,星宇股份,70.33,69.75,69.6,70.85,69.43,23410.0,164610000.0,200.92,200.92,12.66,1.77,0.82,1233500,1107600.0,2026-09-30,16:14:50
601800,中国交建,5.94,5.83,5.85,5.95,5.84,256236.0,151220000.0,963.1,696.34,7.73,0.33,0.22,16803300,8820300.0,2026-09-30,16:14:48
601801,皖新传媒,5.49,5.54,5.55,5.64,5.45,309103.0,170910000.0,107.49,107.49,17.49,0.9,1.58,15441800,15468500.0,2026-09-30,16:14:50
601808,中海油服,12.22,12.06,12.06,12.24,12.03,70200.0,85450000.0,583.09,361.77,15.0,1.23,0.24,3905100,3114900.0,2026-09-30,16:14:50
601811,新华文轩,21.12,20.37,20.0,22.3,19.58,574832.0,1229260000.0,260.59,167.25,19.07,1.7,7.26,30198900,27284300.0,2026-09-30,16:14:54
601816,京沪高铁,4.76,4.7,4.72,4.79,4.7,1641691.0,782050000.0,2328.86,2328.86,17.09,1.11,0.34,88617200,75551900.0,2026-09-30,16:14:49
601818,光大银行,3.04,3.01,3.01,3.05,3.01,1779409.0,540370000.0,1796.2,1410.77,5.46,0.35,0.38,115648500,62292400.0,2026-09-30,16:14:52
601825,沪农商行,8.61,8.58,8.59,8.68,8.54,180496.0,155800000.0,830.39,812.12,6.71,0.64,0.19,10060700,7989000.0,2026-09-30,16:14:55
601827,三峰环境,7.9,7.82,7.86,7.91,7.82,30650.0,24170000.0,132.08,132.08,10.89,1.08,0.18,1565800,1499200.0,2026-09-30,16:14:58
601828,美凯龙,2.23,2.19,2.17,2.24,2.1,792694.0,171710000.0,97.09,80.56,-0.45,0.43,2.19,41378000,37891400.0,2026-09-30,16:14:51
601838,成都银行,19.31,18.88,18.9,19.49,18.89,279356.0,539640000.0,818.44,818.44,6.03,0.91,0.66,14937400,12998200.0,2026-09-30,16:14:53
601857,中国石油,11.21,11.12,11.12,11.27,11.07,1091735.0,1224070000.0,20516.65,18151.46,11.65,1.29,0.07,72873300,36300200.0,2026-09-30,16:14:53
601858,中国科传,21.58,22.11,22.11,22.25,21.55,90122.0,196150000.0,170.59,170.59,36.15,3.05,1.14,4115500,4896600.0,2026-09-30,16:14:57
601860,紫金银行,2.58,2.54,2.54,2.59,2.53,524323.0,134560000.0,94.46,91.63,7.41,0.45,1.48,32970500,19461800.0,2026-09-30,16:14:51
601865,福莱特,9.22,9.1,9.15,9.28,9.06,96133.0,88050000.0,216.01,175.27,60.6,1.02,0.51,5345800,4267500.0,2026-09-30,16:14:55
601866,中远海发,2.44,2.41,2.4,2.45,2.39,597084.0,144710000.0,320.42,236.93,19.55,1.02,0.61,36152100,23556300.0,2026-09-30,16:14:54
601868,中国能建,2.39,2.37,2.37,2.4,2.37,1858677.0,443840000.0,1057.34,775.05,19.89,0.89,0.57,116365000,69502700.0,2026-09-30,16:14:56
601869,长飞光纤,411.16,407.95,411.0,416.96,407.0,75303.0,3101280000.0,3404.01,1670.7,98.88,20.8,1.85,3526300,4004000.0,2026-09-30,16:14:55
601872,招商轮船,20.15,19.89,19.8,20.45,19.79,753212.0,1523890000.0,1627.02,1627.02,15.0,3.47,0.93,37542000,37779100.0,2026-09-30,16:14:58
601877,XD正泰电,24.95,24.38,24.58,25.05,24.46,100495.0,250180000.0,536.17,536.17,10.57,1.17,0.47,6423400,3626100.0,2026-09-30,16:14:56
601878,浙商证券,8.97,8.92,8.95,8.98,8.92,108219.0,96860000.0,406.79,406.79,14.15,1.1,0.24,6008700,4813100.0,2026-09-30,16:15:00
601880,辽港股份,1.47,1.45,1.45,1.48,1.45,958113.0,140550000.0,346.5,270.67,28.04,0.86,0.52,72007800,23803600.0,2026-09-30,16:14:54
601881,中国银河,11.59,11.51,11.55,11.61,11.5,166525.0,192410000.0,1267.3,839.51,9.16,1.05,0.23,8470500,8182100.0,2026-09-30,16:14:58
601882,海天精工,22.62,22.75,22.98,23.09,22.57,34406.0,78440000.0,118.08,118.08,24.86,3.84,0.66,1496800,1943800.0,2026-09-30,16:14:57
601886,江河集团,13.09,12.8,13.16,13.44,12.8,123322.0,161190000.0,148.31,148.31,20.52,2.13,1.09,6167800,6164400.0,2026-09-30,16:14:59
601888,中国中免,51.44,50.93,50.97,51.65,50.54,136347.0,696440000.0,1068.82,1004.35,26.11,1.86,0.7,7431700,6203000.0,2026-09-30,16:14:57
601890,亚星锚链,9.35,9.23,9.28,9.73,9.25,424910.0,401660000.0,89.7,89.7,25.22,2.33,4.43,21380000,21111000.0,2026-09-30,16:14:59
601898,中煤能源,13.8,13.9,13.83,13.97,13.72,268322.0,371640000.0,1829.7,1262.98,9.98,1.1,0.29,12129300,14702800.0,2026-09-30,16:14:59
601899,紫金矿业,29.79,29.46,29.5,29.94,29.46,982198.0,2921740000.0,7921.37,6137.27,11.71,4.15,0.48,52363300,45856500.0,2026-09-30,16:14:59
601900,南方传媒,12.69,12.58,12.59,12.87,12.51,101173.0,128520000.0,111.92,111.92,10.49,1.27,1.15,5284800,4832500.0,2026-09-30,16:14:57
601901,方正证券,6.71,6.63,6.66,6.71,6.63,246375.0,164630000.0,552.37,552.37,12.16,1.05,0.3,14571400,10066100.0,2026-09-30,16:14:35
601908,京运通,2.93,2.91,2.92,2.95,2.89,203792.0,59560000.0,70.75,70.75,-4.27,0.99,0.84,13237700,7141500.0,2026-09-30,16:15:00
601916,浙商银行,2.88,2.87,2.88,2.9,2.87,1058165.0,305630000.0,790.98,620.48,6.04,0.44,0.49,56421500,49395000.0,2026-09-30,16:14:41
601918,新集能源,11.29,11.36,11.4,11.47,11.12,346393.0,390680000.0,292.47,292.47,12.02,1.64,1.34,18109800,16529500.0,2026-09-30,16:15:00
601919,中远海控,16.37,16.33,16.3,16.51,16.26,529861.0,869150000.0,2499.39,2055.51,9.34,1.07,0.42,27634900,25351200.0,2026-09-30,16:14:47
601921,浙版传媒,7.56,7.55,7.56,7.63,7.5,71783.0,54320000.0,168.0,168.0,13.38,1.17,0.32,3572800,3605500.0,2026-09-30,16:14:50
601928,凤凰传媒,8.34,8.27,8.28,8.37,8.23,95083.0,79100000.0,212.24,212.24,16.31,1.06,0.37,5929900,3578400.0,2026-09-30,16:14:53
601929,吉视传媒,2.31,2.37,2.35,2.38,2.27,978659.0,225980000.0,80.61,80.61,-18.0,1.77,2.8,42441100,55424700.0,2026-09-30,16:15:00
601933,永辉超市,2.99,2.96,2.97,2.99,2.95,570713.0,169520000.0,266.86,266.86,-12.96,12.31,0.64,34270100,22801200.0,2026-09-30,16:14:59
601939,建设银行,11.06,11.03,11.01,11.12,10.97,812126.0,898370000.0,28933.0,1061.06,8.35,0.81,0.85,43258100,37954500.0,2026-09-30,16:14:33
601949,中国出版,5.91,6.01,6.0,6.14,5.87,881516.0,526130000.0,112.52,112.52,21.24,1.14,4.63,39335300,48816300.0,2026-09-30,16:14:35
601952,苏垦农发,8.97,8.72,8.72,9.02,8.71,161427.0,143580000.0,123.61,123.61,25.83,1.72,1.17,9163700,6979000.0,2026-09-30,16:14:39
601956,东贝集团,5.02,5.07,5.1,5.1,4.98,65569.0,33010000.0,31.21,31.21,-74.59,1.33,1.05,2867300,3689700.0,2026-09-30,16:14:42
601958,金钼股份,19.37,19.3,19.31,19.41,19.15,126898.0,244940000.0,624.99,624.99,17.79,3.23,0.39,6514500,6175300.0,2026-09-30,16:14:45
601963,重庆银行,11.2,10.97,11.02,11.25,10.98,99741.0,111300000.0,406.09,227.82,6.79,0.68,0.49,6426500,3547600.0,2026-09-30,16:14:48
601965,中国汽研,13.57,13.03,13.31,13.68,13.3,116792.0,157790000.0,136.06,136.01,12.64,1.7,1.17,7338400,4340800.0,2026-09-30,16:14:51
601966,玲珑轮胎,10.49,10.36,10.38,10.49,10.37,39119.0,40840000.0,153.52,153.52,24.93,0.68,0.27,2324100,1587800.0,2026-09-30,16:14:54
601968,宝钢包装,4.5,4.47,4.48,4.52,4.45,60611.0,27220000.0,57.41,57.41,25.05,1.28,0.48,3027700,3033400.0,2026-09-30,16:14:57
601969,海南矿业,8.92,8.89,8.88,8.97,8.84,63447.0,56570000.0,177.02,175.94,26.62,2.49,0.32,3279500,3065200.0,2026-09-30,16:15:00
601975,招商南油,4.52,4.43,4.43,4.61,4.42,1380650.0,628310000.0,211.55,211.55,13.62,1.74,2.95,73121900,64943000.0,2026-09-30,16:14:36
601985,中国核电,9.07,9.02,9.04,9.13,9.03,898946.0,817180000.0,1865.52,1712.71,25.63,1.58,0.48,48464800,41429800.0,2026-09-30,16:14:38
601988,中国银行,6.73,6.65,6.64,6.79,6.61,2730819.0,1835480000.0,21684.9,14184.52,8.71,0.79,0.13,171905900,101176000.0,2026-09-30,16:14:39
601989,中国重工,5.1,5.1,0.0,0.0,0.0,0.0,0.0,1162.9,1162.9,46.1,1.36,0.0,0,0.0,2026-09-30,09:00:00
601990,南京证券,6.58,6.54,6.57,6.61,6.53,83372.0,54820000.0,289.5,278.45,23.11,1.24,0.2,4979300,3357900.0,2026-09-30,16:14:42
601991,大唐发电,5.31,5.25,5.25,5.33,5.24,1038012.0,549680000.0,982.71,658.23,11.82,2.61,0.84,60407300,43394000.0,2026-09-30,16:14:45
601992,金隅集团,1.43,1.41,1.42,1.45,1.38,893154.0,126480000.0,152.69,119.18,-9.06,0.41,1.07,50509200,38806200.0,2026-09-30,16:14:48
601995,中金公司,30.63,30.61,30.62,30.63,30.38,140402.0,428270000.0,1478.59,895.48,10.82,1.42,0.48,6672700,7367500.0,2026-09-30,16:14:51
601996,丰林集团,2.88,2.9,2.91,2.92,2.84,132157.0,38040000.0,32.28,32.28,-17.01,1.38,1.18,5281300,7934400.0,2026-09-30,16:14:54
601997,贵阳银行,5.61,5.56,5.57,5.63,5.56,381932.0,214120000.0,205.11,205.11,3.99,0.31,1.04,24017600,14175600.0,2026-09-30,16:14:57
601998,中信银行,9.1,9.02,9.0,9.1,8.99,377713.0,342640000.0,5063.71,3709.43,7.06,0.68,0.09,23139900,14631400.0,2026-09-30,16:15:00
601999,出版传媒,6.81,6.96,7.03,7.2,6.81,258193.0,179950000.0,37.52,37.52,39.99,1.4,4.69,11999600,13819700.0,2026-09-30,16:14:41
603000,人民网,16.51,16.65,16.61,16.84,16.38,102091.0,169000000.0,182.55,182.55,76.34,4.86,0.92,4186200,6023000.0,2026-09-30,16:14:45
603001,奥康国际,11.29,11.97,11.9,11.99,11.17,159068.0,182990000.0,45.27,45.27,-34.45,1.92,3.97,6003800,9903000.0,2026-09-30,16:14:40
603002,宏昌电子,17.34,17.56,17.65,18.47,17.31,626043.0,1115640000.0,196.65,196.65,336.57,5.65,5.52,27030400,35573900.0,2026-09-30,16:14:43
603003,退市龙宇,2.44,2.44,0.0,0.0,0.0,0.0,0.0,9.18,9.18,-2.71,0.28,0.0,0,0.0,2026-09-30,09:00:00
603004,鼎龙科技,19.87,19.14,19.42,20.73,19.3,74971.0,149930000.0,46.8,11.7,40.94,2.23,12.73,3615200,3881900.0,2026-09-30,16:14:43
603005,晶方科技,26.99,27.86,28.1,28.13,26.94,236123.0,644740000.0,176.02,176.02,52.16,3.8,3.62,9389200,14223000.0,2026-09-30,16:14:46
603006,联明股份,10.83,10.94,10.92,11.04,10.8,17478.0,19040000.0,27.54,27.54,27.18,2.12,0.69,717900,1029900.0,2026-09-30,16:14:49
603007,顺景科技,4.47,4.48,4.53,4.62,4.45,125020.0,56280000.0,39.53,31.07,-26.85,13.67,1.8,5176200,7325800.0,2026-09-30,16:14:52
603008,ST喜临门,10.6,9.98,9.98,10.63,9.98,75919.0,78790000.0,39.04,39.04,-63.71,1.11,2.06,4726400,2865500.0,2026-09-30,16:14:55
603009,北特科技,45.88,45.57,45.57,47.5,44.82,67565.0,312610000.0,158.92,158.92,124.47,7.8,1.95,3472700,3283800.0,2026-09-30,16:14:58
603010,万盛股份,12.29,12.07,12.13,12.68,12.13,68797.0,85220000.0,71.9,70.15,-7.3,2.79,1.21,3470100,3409600.0,2026-09-30,16:14:42
603011,合锻智能,23.98,24.59,25.08,25.14,23.97,150269.0,365180000.0,118.56,118.56,-40.53,6.38,3.04,5860700,9166100.0,2026-09-30,16:14:46
603012,创力集团,8.51,8.47,8.59,8.66,8.45,86574.0,73680000.0,55.02,55.02,50.48,1.46,1.34,3969800,4687600.0,2026-09-30,16:14:45
603013,亚普股份,14.26,14.2,14.2,14.33,14.16,14105.0,20110000.0,72.47,72.47,13.58,1.59,0.28,812700,597800.0,2026-09-30,16:14:47
603015,弘讯科技,10.3,10.43,10.44,10.49,10.26,24990.0,25890000.0,41.63,41.63,104.57,3.01,0.62,1164800,1334200.0,2026-09-30,16:14:47
603016,新宏泰,32.16,31.88,31.88,33.16,31.78,35380.0,114690000.0,47.65,47.65,88.76,5.85,2.39,1634600,1903400.0,2026-09-30,16:14:49
603017,中衡设计,10.03,10.2,10.35,10.36,9.95,102248.0,102650000.0,27.7,27.7,47.51,1.85,3.7,5061500,5163300.0,2026-09-30,16:14:52
603018,华设集团,5.2,5.2,5.2,5.22,5.15,47404.0,24570000.0,42.6,42.6,15.24,0.8,0.58,2365400,2375000.0,2026-09-30,16:14:55
603019,中科曙光,79.52,80.4,80.7,80.86,79.25,132550.0,1057440000.0,1163.47,1163.42,48.1,5.05,0.91,5475600,7779300.0,2026-09-30,16:14:58
603020,爱普股份,12.48,12.11,12.31,12.79,12.08,166440.0,207500000.0,46.88,46.88,74.11,1.45,4.43,8686200,7957800.0,2026-09-30,16:14:48
603021,*ST华鹏,4.46,4.95,4.99,4.99,4.46,117873.0,54150000.0,14.27,14.27,-6.0,-5.89,3.68,6605900,5181400.0,2026-09-30,16:14:50
603022,新通联,9.06,9.17,9.17,9.22,9.01,23653.0,21550000.0,18.12,18.12,30.17,2.13,1.18,986500,1378800.0,2026-09-30,16:14:48
603023,威帝股份,4.06,4.08,4.14,4.17,4.04,65391.0,26700000.0,22.66,22.66,-545.82,2.96,1.17,3152400,3386600.0,2026-09-30,16:14:50
603025,大豪科技,12.93,12.95,13.0,13.11,12.9,32061.0,41570000.0,144.38,143.42,17.12,5.23,0.29,1477500,1728600.0,2026-09-30,16:14:50
603026,石大胜华,56.92,55.87,55.88,57.96,55.48,53190.0,302270000.0,132.45,132.45,25.38,2.45,2.29,2784800,2534200.0,2026-09-30,16:14:54
603027,千禾味业,7.31,7.12,7.15,7.37,7.13,132708.0,96420000.0,97.28,97.28,25.94,3.06,1.0,8356200,4914600.0,2026-09-30,16:14:50
603028,赛福天,7.16,7.26,7.26,7.32,7.13,24043.0,17320000.0,20.55,20.44,-25.56,4.67,0.84,1071000,1333300.0,2026-09-30,16:14:53
603029,天鹅股份,16.65,16.76,16.76,17.11,16.55,17823.0,29790000.0,20.2,20.2,26.6,2.13,1.47,822300,960000.0,2026-09-30,16:14:56
603030,全筑股份,2.08,2.09,2.07,2.1,2.04,265251.0,54940000.0,27.39,27.39,-12.24,3.94,2.01,12317600,14207500.0,2026-09-30,16:14:59
603031,安孚科技,36.67,36.57,36.57,38.2,36.57,70227.0,263080000.0,137.09,120.09,43.4,4.76,2.14,3463200,3559500.0,2026-09-30,16:14:51
603032,德新科技,17.77,17.65,17.7,18.22,17.63,50226.0,89990000.0,41.41,41.38,56.28,3.49,2.16,2201800,2820800.0,2026-09-30,16:14:53
603033,三维股份,7.71,7.64,7.64,7.82,7.61,54988.0,42620000.0,79.5,78.07,-14.59,3.24,0.54,2617700,2881100.0,2026-09-30,16:14:53
603035,常熟汽饰,10.5,10.4,10.45,10.58,10.38,28175.0,29590000.0,38.47,38.47,15.6,0.72,0.77,1668300,1149200.0,2026-09-30,16:14:57
603036,如通股份,13.52,13.7,13.84,13.92,13.36,31323.0,42420000.0,27.85,27.85,27.62,2.02,1.52,1460900,1671400.0,2026-09-30,16:14:51
603037,凯众股份,10.36,10.44,10.47,10.78,10.26,93474.0,97930000.0,27.61,27.57,41.59,2.87,3.51,4286700,5060700.0,2026-09-30,16:14:56
603038,华立股份,15.71,15.68,15.71,15.97,15.4,48944.0,76430000.0,42.21,42.21,53.08,2.96,1.82,2239000,2655400.0,2026-09-30,16:14:54
603039,泛微网络,34.73,34.53,34.6,35.3,34.5,91190.0,317780000.0,106.84,106.84,31.63,4.02,2.96,4792400,4326600.0,2026-09-30,16:14:56
603040,新坐标,44.3,44.33,44.3,45.07,44.08,10372.0,46100000.0,87.43,87.42,34.69,5.86,0.53,517600,519600.0,2026-09-30,16:14:56
603041,美思德,11.53,11.66,11.66,11.77,11.48,17349.0,20100000.0,21.12,21.12,34.16,1.38,0.95,858500,876500.0,2026-09-30,16:14:59
603042,华脉科技,16.66,16.55,16.95,17.78,16.61,399088.0,681570000.0,34.78,34.78,-153.94,4.08,19.12,18790800,21118000.0,2026-09-30,16:14:56
603043,广州酒家,13.14,12.95,12.97,13.23,12.95,19510.0,25560000.0,74.32,73.91,15.49,1.99,0.35,1111600,839400.0,2026-09-30,16:14:35
603045,福达合金,46.03,47.16,47.6,47.67,45.95,34751.0,161840000.0,62.35,62.35,15.86,4.58,2.57,1411300,2063800.0,2026-09-30,16:14:55
603048,浙江黎明,25.27,24.59,24.59,26.5,24.28,26385.0,67300000.0,37.12,37.12,134.12,2.97,1.8,1299700,1338800.0,2026-09-30,16:14:59
603050,科林电气,16.35,16.45,16.62,16.62,16.23,29887.0,48940000.0,65.94,65.94,30.99,3.45,0.74,1010500,1978200.0,2026-09-30,16:14:59
603051,鹿山新材,24.26,24.71,24.82,24.95,24.15,45264.0,110930000.0,39.5,39.21,-88.56,2.27,2.8,1690800,2835600.0,2026-09-30,16:14:58
603052,可川科技,51.02,52.96,53.65,53.65,51.02,29317.0,152250000.0,95.87,95.87,-254.07,9.15,1.56,1225000,1706700.0,2026-09-30,16:14:59
603053,成都燃气,8.75,8.7,8.72,8.77,8.69,10992.0,9600000.0,77.78,77.78,17.07,1.6,0.12,640500,458700.0,2026-09-30,16:14:59
603055,台华新材,9.17,9.04,9.06,9.2,9.0,60555.0,55240000.0,81.64,81.47,13.84,1.49,0.68,3098800,2956700.0,2026-09-30,16:15:00
603056,德邦股份,18.85,18.85,0.0,0.0,0.0,0.0,0.0,190.68,190.68,-22.87,2.4,0.0,0,0.0,2026-09-30,09:00:00
603057,紫燕食品,17.84,17.74,17.72,17.9,17.6,18961.0,33660000.0,74.06,73.5,37.3,3.63,0.46,976800,919300.0,2026-09-30,16:14:58
603058,永吉股份,8.51,8.67,8.74,8.8,8.51,51852.0,44600000.0,35.29,35.29,32.82,3.14,1.25,2631100,2554100.0,2026-09-30,16:14:36
603059,倍加洁,26.22,25.89,25.89,26.66,25.81,14263.0,37540000.0,26.38,26.34,22.1,2.35,1.42,652000,774300.0,2026-09-30,16:14:39
603060,国检集团,5.53,5.53,5.55,5.6,5.48,78421.0,43420000.0,44.46,44.46,47.82,2.25,0.98,3288600,4553500.0,2026-09-30,16:14:42
603061,金海通,311.73,318.5,319.0,323.8,308.0,22643.0,711590000.0,271.21,271.21,99.82,14.3,2.6,1082800,1181500.0,2026-09-30,16:14:45
603062,麦加芯彩,36.84,36.6,36.76,37.26,36.41,2763.0,10180000.0,39.79,13.66,28.84,2.0,0.75,153100,123200.0,2026-09-30,16:14:48
603063,禾望电气,27.61,28.16,28.38,28.49,27.61,77031.0,214300000.0,128.15,127.62,28.82,2.35,1.67,3180500,4522700.0,2026-09-30,16:14:51
603065,宿迁联盛,14.23,14.83,15.07,15.39,14.16,247422.0,361190000.0,59.62,59.62,-318.36,3.11,5.91,10339100,14403100.0,2026-09-30,16:14:54
603066,音飞储存,9.28,9.32,9.32,9.37,9.21,28943.0,26870000.0,27.3,27.3,24.54,1.78,0.98,1222200,1672100.0,2026-09-30,16:14:57
603067,振华股份,40.25,39.45,41.29,41.98,40.11,297256.0,1209740000.0,304.1,304.1,45.43,7.03,3.93,14430800,15294800.0,2026-09-30,16:15:00
603068,博通集成,44.85,45.0,45.41,45.95,44.0,118638.0,533680000.0,68.08,68.08,127.23,3.81,7.82,5713900,6149900.0,2026-09-30,16:14:34
603069,海汽集团,13.55,13.44,13.54,13.67,13.23,33581.0,45350000.0,42.82,42.82,-55.11,5.72,1.06,1759100,1599000.0,2026-09-30,16:14:36
603070,万控智造,11.3,11.33,11.38,11.49,11.28,14442.0,16420000.0,45.31,45.31,173.67,2.13,0.36,719800,724400.0,2026-09-30,16:14:40
603071,物产环能,12.49,12.34,12.31,12.53,12.31,18299.0,22840000.0,69.69,69.69,9.99,1.17,0.33,1007700,822200.0,2026-09-30,16:14:40
603072,天和磁材,29.39,29.75,29.86,30.0,29.22,11199.0,33040000.0,77.67,37.1,41.41,3.54,0.89,492600,627400.0,2026-09-30,16:14:43
603073,彩蝶实业,20.88,19.72,19.3,20.97,18.84,90866.0,184880000.0,24.22,24.22,48.48,1.74,7.83,5038200,4048400.0,2026-09-30,16:14:46
603075,热威股份,19.73,19.95,20.0,20.26,19.72,20866.0,41590000.0,79.39,8.37,24.36,3.88,4.92,798200,1288400.0,2026-09-30,16:14:49
603076,乐惠国际,20.12,20.41,20.41,20.52,20.07,10572.0,21380000.0,24.29,24.29,122.22,1.9,0.88,457300,599900.0,2026-09-30,16:14:52
603077,和邦生物,2.19,2.18,2.18,2.2,2.17,682859.0,149300000.0,193.42,193.42,-92.98,1.02,0.77,32805600,35480400.0,2026-09-30,16:14:55
603078,江化微,28.83,29.59,29.87,29.95,28.7,100384.0,292220000.0,111.18,111.18,107.23,5.62,2.6,4895300,5143000.0,2026-09-30,16:14:58
603079,圣达生物,13.61,13.17,13.2,13.86,13.17,76265.0,103780000.0,25.73,25.73,57.33,1.62,4.03,4139600,3486900.0,2026-09-30,16:14:37
603080,新疆火炬,19.95,19.56,19.69,20.05,19.55,16847.0,33460000.0,28.23,28.23,13.23,1.75,1.19,952400,732300.0,2026-09-30,16:14:38
603081,大丰实业,9.36,9.43,9.47,9.5,9.33,16344.0,15350000.0,39.55,39.55,59.99,1.23,0.39,684300,950100.0,2026-09-30,16:14:38
603082,北自科技,41.25,42.0,42.6,42.6,41.18,45094.0,188230000.0,68.71,16.73,47.0,3.93,11.12,2072600,2436800.0,2026-09-30,16:14:43
603083,剑桥科技,205.45,201.1,205.0,209.8,201.19,209640.0,4318150000.0,756.57,566.2,160.86,8.11,7.61,10801300,10162700.0,2026-09-30,16:14:43
603085,天成自控,9.73,9.75,9.87,9.89,9.7,34358.0,33590000.0,38.64,38.64,34.43,3.88,0.87,1523400,1912400.0,2026-09-30,16:14:46
603086,先达股份,5.87,5.84,5.87,5.94,5.84,59382.0,34940000.0,25.52,25.52,34.94,1.2,1.37,2768600,3169600.0,2026-09-30,16:14:49
603087,甘李药业,77.4,74.85,75.03,79.2,74.56,154058.0,1199390000.0,462.41,434.54,40.22,3.95,2.74,8186300,7219500.0,2026-09-30,16:14:52
603088,宁波精达,9.9,9.96,10.04,10.22,9.88,56638.0,56570000.0,49.74,43.35,47.36,4.5,1.29,2588000,3075800.0,2026-09-30,16:14:55
603089,正裕工业,9.46,9.53,9.59,9.75,9.46,26690.0,25510000.0,26.08,26.08,-56.9,1.42,0.97,1451000,1218000.0,2026-09-30,16:14:58
603090,宏盛股份,36.85,36.68,36.99,38.43,36.56,39539.0,147780000.0,36.85,36.85,55.04,5.8,3.95,1809200,2144700.0,2026-09-30,16:14:42
603091,众鑫股份,45.32,45.2,45.39,45.75,45.02,3514.0,15980000.0,64.87,20.37,18.87,2.84,0.78,198700,152700.0,2026-09-30,16:14:46
603093,南华期货,13.16,13.31,13.58,13.8,13.11,148707.0,197770000.0,136.62,116.08,21.24,2.34,1.69,6837900,8032800.0,2026-09-30,16:14:44
603095,越剑智能,14.01,14.11,14.19,14.2,13.8,31437.0,44060000.0,36.18,36.18,68.75,1.54,1.22,1586600,1557100.0,2026-09-30,16:14:44
603096,新经典,16.1,16.36,16.46,16.53,16.0,20376.0,32940000.0,24.83,24.83,33.43,1.37,1.32,1096200,941300.0,2026-09-30,16:14:47
603097,江苏华辰,18.67,18.29,18.47,18.84,18.26,17158.0,31770000.0,42.93,41.95,215.44,4.05,0.76,713800,1002100.0,2026-09-30,16:14:50
603098,森特股份,10.65,10.74,10.86,10.89,10.49,32175.0,34270000.0,57.46,57.38,61.99,2.03,0.6,1628800,1588700.0,2026-09-30,16:14:53
603099,长白山,40.68,39.78,39.78,41.3,39.52,88049.0,355840000.0,110.79,110.79,83.51,7.58,3.23,4899500,3905400.0,2026-09-30,16:14:56
603100,川仪股份,18.29,18.29,18.44,18.77,18.11,56156.0,103240000.0,93.86,93.56,15.6,1.93,1.1,2031800,3583800.0,2026-09-30,16:14:59
603101,汇嘉时代,7.39,7.37,7.35,7.43,7.28,42736.0,31410000.0,34.76,34.76,32.19,2.37,0.91,2168700,2104900.0,2026-09-30,16:14:43
603102,百合股份,37.29,36.87,37.09,37.5,36.8,10993.0,40870000.0,23.87,23.87,20.12,1.43,1.72,518200,581100.0,2026-09-30,16:14:47
603103,横店影视,15.82,16.13,16.13,16.26,15.62,36695.0,58220000.0,100.33,100.33,-95.95,8.53,0.58,1873800,1795700.0,2026-09-30,16:14:46
603105,芯能科技,8.5,8.83,8.86,8.9,8.43,223574.0,191100000.0,42.5,42.5,35.55,2.05,4.47,8131000,14226400.0,2026-09-30,16:14:48
603106,恒银科技,7.16,7.27,7.28,7.32,7.16,61914.0,44570000.0,37.27,37.27,152.08,2.83,1.19,2865800,3325600.0,2026-09-30,16:14:46
603107,上海汽配,12.23,12.12,12.14,12.45,12.12,19999.0,24530000.0,41.26,26.68,30.36,1.97,0.92,904100,1095700.0,2026-09-30,16:14:48
603108,润达医疗,9.97,10.08,10.01,10.19,9.97,91229.0,91900000.0,60.28,60.28,-11.69,1.63,1.51,4337000,4785900.0,2026-09-30,16:14:50
603109,神驰机电,17.37,17.48,17.47,17.75,17.31,13521.0,23590000.0,36.28,36.28,44.65,1.86,0.65,640400,711700.0,2026-09-30,16:14:53
603110,东方材料,24.13,25.18,25.3,25.31,24.08,79502.0,194320000.0,48.56,48.56,1235.32,6.91,3.95,3007700,4942500.0,2026-09-30,16:14:56
603111,康尼机电,6.13,6.15,6.17,6.18,6.11,24313.0,14910000.0,52.84,51.34,14.42,1.37,0.29,959700,1471600.0,2026-09-30,16:14:59
603112,华翔股份,16.55,16.67,16.68,16.97,16.51,48122.0,80430000.0,89.36,88.48,16.89,1.98,0.9,1918500,2893800.0,2026-09-30,16:14:49
603113,金能科技,4.94,4.87,4.88,4.95,4.85,109915.0,54000000.0,41.92,41.92,-7.07,0.56,1.3,5951900,5039600.0,2026-09-30,16:14:51
603115,海星股份,70.06,71.23,72.28,75.08,69.5,64439.0,462750000.0,171.35,171.35,70.18,6.58,2.63,2815500,3628400.0,2026-09-30,16:14:49
603116,红蜻蜓,7.28,7.82,7.59,7.66,7.21,220197.0,161630000.0,41.95,41.95,-38.73,1.74,3.82,10332200,11687400.0,2026-09-30,16:14:51
603117,万林物流,3.97,4.02,4.03,4.07,3.97,57773.0,23100000.0,23.79,23.79,622.35,2.31,0.96,2526300,3251000.0,2026-09-30,16:14:51
603118,共进股份,15.72,16.3,16.87,16.99,15.7,567278.0,911320000.0,123.76,123.76,133.19,2.43,7.21,23748000,32979800.0,2026-09-30,16:14:55
603119,浙江荣泰,52.6,52.26,52.11,54.33,51.6,85883.0,455350000.0,248.72,248.72,81.52,11.85,1.82,4346700,4241600.0,2026-09-30,16:14:51
603121,华培动力,12.29,12.58,12.61,12.7,12.27,44980.0,55830000.0,41.61,41.61,-61.16,3.8,1.33,2039400,2458600.0,2026-09-30,16:14:57
603122,合富中国,13.86,14.02,14.18,14.5,13.83,408821.0,574080000.0,55.17,55.17,-163.21,5.32,10.27,17669400,23212700.0,2026-09-30,16:15:00
603123,翠微股份,9.49,9.22,9.24,9.55,9.15,261408.0,244570000.0,75.8,61.9,-21.65,4.77,4.01,14664400,11476400.0,2026-09-30,16:14:49
603124,江南新材,119.85,120.2,121.0,126.26,119.19,47947.0,586290000.0,174.68,93.01,63.81,8.99,6.18,2351500,2443200.0,2026-09-30,16:14:54
603125,常青科技,20.94,20.77,21.1,21.39,20.79,37407.0,78870000.0,84.77,84.77,37.21,3.29,0.92,1900600,1840100.0,2026-09-30,16:14:54
603126,中材节能,6.31,6.3,6.28,6.38,6.27,42526.0,26880000.0,38.52,38.52,99.74,1.89,0.7,1931700,2320900.0,2026-09-30,16:14:58
603127,昭衍新药,49.3,44.82,44.7,49.3,44.24,554018.0,2647330000.0,369.43,309.46,37.53,4.12,8.83,28660300,26741500.0,2026-09-30,16:14:52
603128,华贸物流,5.37,5.34,5.34,5.38,5.3,73509.0,39360000.0,70.3,70.3,14.59,1.15,0.56,4368500,2982400.0,2026-09-30,16:14:56
603129,春风动力,287.06,284.0,283.39,289.36,279.98,9845.0,281540000.0,440.59,440.59,25.35,5.5,0.64,484400,500100.0,2026-09-30,16:14:55
603130,云中马,39.63,38.66,39.01,40.47,38.55,17727.0,70010000.0,54.5,54.5,50.05,3.81,1.29,909500,863200.0,2026-09-30,16:14:57
603131,上海沪工,13.57,13.69,13.75,13.84,13.51,33857.0,46180000.0,45.72,45.72,-285.36,2.78,1.0,1387600,1998100.0,2026-09-30,16:14:57
603132,金徽股份,18.33,18.42,18.33,18.62,18.18,63207.0,116010000.0,179.27,179.27,25.68,5.84,0.65,2928100,3392700.0,2026-09-30,16:15:00
603135,中重科技,8.53,8.59,8.65,8.79,8.51,43981.0,37740000.0,54.1,53.7,-1287.27,1.82,0.7,1779500,2618600.0,2026-09-30,16:14:57
603136,天目湖,9.04,9.09,9.09,9.13,8.99,49388.0,44680000.0,24.42,24.42,30.94,1.8,1.83,2214000,2724800.0,2026-09-30,16:14:36
603137,恒尚节能,17.78,17.98,18.05,18.56,17.72,50769.0,91300000.0,32.53,32.53,-64.21,2.73,2.78,2092300,2984600.0,2026-09-30,16:14:55
603138,海量数据,13.82,15.1,14.95,15.03,13.59,208285.0,295400000.0,40.58,39.85,-41.67,5.34,7.22,7702600,13125900.0,2026-09-30,16:14:59
603139,康惠股份,34.18,34.94,35.23,35.31,34.05,12378.0,42720000.0,36.39,34.14,-12.8,5.46,1.24,548300,689500.0,2026-09-30,16:14:58
603150,万朗磁塑,66.4,68.49,68.2,69.97,66.09,21644.0,146360000.0,56.76,56.76,58.94,3.26,2.53,951600,1212800.0,2026-09-30,16:15:00
603151,邦基科技,17.72,18.14,18.13,18.48,17.72,29979.0,54030000.0,30.35,30.35,66.09,2.25,1.75,1507300,1490600.0,2026-09-30,16:14:55
603153,上海建科,13.68,13.48,13.5,13.7,13.36,21750.0,29530000.0,56.07,55.24,15.0,1.48,0.54,1149400,1025600.0,2026-09-30,16:15:00
603155,新亚强,14.46,14.78,14.79,15.07,14.41,89116.0,130910000.0,66.21,66.21,69.61,3.1,1.95,3774500,5137100.0,2026-09-30,16:15:00
603156,养元饮品,43.63,43.95,43.95,44.75,43.41,67960.0,297680000.0,549.86,549.86,40.14,6.75,0.54,3184900,3611100.0,2026-09-30,16:14:58
603158,腾龙股份,10.22,10.29,10.5,10.5,10.19,77772.0,80050000.0,50.16,50.16,66.48,2.2,1.58,2808700,4968500.0,2026-09-30,16:14:58
603159,上海亚虹,22.38,22.92,23.15,23.27,22.3,24554.0,55450000.0,31.33,31.33,-434.96,6.31,1.75,972100,1483300.0,2026-09-30,16:14:34
603160,汇顶科技,53.19,54.06,54.5,55.2,53.18,33538.0,180280000.0,247.86,247.86,37.67,2.66,0.72,1727700,1626100.0,2026-09-30,16:14:37
603161,科华控股,14.38,14.5,14.64,14.69,14.35,15062.0,21840000.0,32.23,27.64,84.59,1.79,0.78,651900,854300.0,2026-09-30,16:14:40
603162,海通发展,13.04,12.72,12.75,13.16,12.57,261351.0,339070000.0,179.31,177.07,19.89,3.68,1.92,13775400,12359700.0,2026-09-30,16:14:58
603163,圣晖集成,73.92,75.86,76.51,76.94,73.27,16883.0,126190000.0,73.92,73.92,45.55,6.43,1.69,762200,926200.0,2026-09-30,16:14:46
603165,荣晟环保,13.34,13.21,13.27,13.53,13.21,32530.0,43490000.0,41.72,41.72,13.95,1.84,1.04,1792400,1460500.0,2026-09-30,16:14:49
603166,福达股份,10.61,10.69,10.73,10.9,10.59,48902.0,52410000.0,68.5,67.98,20.93,2.5,0.76,2290500,2599600.0,2026-09-30,16:14:52
603167,渤海轮渡,7.99,7.98,8.0,8.0,7.95,16913.0,13510000.0,37.48,37.48,17.32,1.13,0.36,950300,741000.0,2026-09-30,16:14:55
603168,莎普爱思,6.04,6.04,6.05,6.09,5.97,58215.0,35100000.0,22.5,22.5,-9.33,1.65,1.56,2485100,3336400.0,2026-09-30,16:14:58
603169,兰石重装,5.93,5.87,5.9,5.96,5.85,66069.0,39010000.0,77.46,77.46,-9.65,3.1,0.51,3887300,2719600.0,2026-09-30,16:14:34
603170,宝立食品,13.68,13.53,13.74,13.89,13.35,120717.0,164460000.0,54.72,54.72,19.94,3.82,3.02,6215400,5856300.0,2026-09-30,16:14:36
603171,税友股份,38.97,39.88,39.99,40.11,38.9,27820.0,109110000.0,158.18,158.18,99.34,6.21,0.69,1492300,1289700.0,2026-09-30,16:14:38
603172,万丰股份,19.98,19.81,19.89,21.18,19.55,46490.0,93710000.0,26.65,26.65,47.45,2.38,3.49,2568500,2080500.0,2026-09-30,16:14:41
603173,福斯达,29.9,28.78,29.09,30.15,28.72,13018.0,38700000.0,47.84,47.84,14.89,2.39,0.81,699200,602600.0,2026-09-30,16:14:44
603176,汇通集团,5.24,5.28,5.3,5.3,5.17,24097.0,12590000.0,24.69,24.2,-51.46,2.37,0.52,1128400,1281300.0,2026-09-30,16:14:50
603177,德创环保,11.01,10.99,11.02,11.1,10.87,26673.0,29310000.0,22.48,22.48,-27.53,7.5,1.31,1330300,1337000.0,2026-09-30,16:14:53
603178,圣龙股份,16.12,16.42,16.43,16.55,15.91,80213.0,130160000.0,38.11,38.11,-26.79,3.36,3.39,3624700,4396500.0,2026-09-30,16:14:56
603179,新泉股份,40.48,40.22,40.3,41.88,39.86,155934.0,639460000.0,297.59,289.11,36.87,3.65,2.18,7442100,8151300.0,2026-09-30,16:14:59
603180,金牌家居,15.89,15.83,15.9,16.02,15.74,10377.0,16500000.0,24.51,24.51,-14.5,0.96,0.67,463700,574000.0,2026-09-30,16:14:34
603181,皇马科技,12.27,12.19,12.18,12.47,12.18,27589.0,34000000.0,72.23,72.23,16.05,2.0,0.47,1391800,1367100.0,2026-09-30,16:14:39
603182,嘉华股份,13.69,13.64,13.74,13.77,13.56,14771.0,20200000.0,22.53,22.53,25.29,2.06,0.9,814900,662200.0,2026-09-30,16:14:39
603183,建研院,5.19,5.19,0.0,0.0,0.0,0.0,0.0,25.8,25.8,-1272.7,1.62,0.0,0,0.0,2026-09-30,16:14:43
603185,弘元绿能,15.15,13.77,13.97,15.15,13.73,168125.0,245140000.0,103.49,102.87,-52.88,0.92,2.48,8002900,8809700.0,2026-09-30,16:14:44
603186,华正新材,212.66,212.0,211.99,219.77,205.06,156580.0,3353030000.0,333.43,333.43,81.93,13.54,9.99,7366100,8291900.0,2026-09-30,16:14:47
603187,海容冷链,10.7,10.63,10.63,10.71,10.61,18538.0,19780000.0,41.34,40.91,12.73,0.97,0.48,1071700,782100.0,2026-09-30,16:14:50
603188,亚邦股份,5.4,4.91,4.86,5.4,4.75,328658.0,171760000.0,30.79,30.79,-64.81,4.39,5.76,9563400,23302400.0,2026-09-30,16:14:53
603189,*ST网达,9.27,9.4,9.4,9.48,9.27,13259.0,12370000.0,24.99,24.99,-215.13,1.74,0.49,290700,1035200.0,2026-09-30,16:14:56
603190,亚通精工,16.29,16.38,16.36,16.57,16.21,10593.0,17350000.0,28.4,27.37,21.95,1.27,0.63,521200,538100.0,2026-09-30,16:14:59
603191,望变电气,13.12,13.12,13.18,13.25,13.05,33341.0,43790000.0,45.85,43.29,136.1,1.69,1.01,1558400,1775700.0,2026-09-30,16:14:42
603192,汇得科技,19.93,19.85,19.97,20.64,19.88,19217.0,38770000.0,33.31,32.94,46.31,1.54,1.16,827600,1094100.0,2026-09-30,16:14:46
603193,润本股份,20.25,20.0,20.01,20.49,20.01,18301.0,36950000.0,81.93,20.93,23.27,3.68,1.77,1041800,788300.0,2026-09-30,16:14:40
603194,中力股份,33.03,32.77,32.86,33.15,32.71,5362.0,17660000.0,132.45,52.2,15.78,2.37,0.34,324000,212200.0,2026-09-30,16:14:44
603195,公牛集团,38.71,38.08,38.09,38.82,37.93,27014.0,104000000.0,698.11,696.84,16.77,4.6,0.15,1587600,1113800.0,2026-09-30,16:14:45
603196,璞源材料,17.82,17.84,17.94,18.03,17.76,7536.0,13460000.0,74.61,42.23,191.98,3.68,0.32,321100,432500.0,2026-09-30,16:14:48
603197,保隆科技,29.1,28.94,28.93,29.59,28.92,16632.0,48580000.0,62.28,61.45,18.22,1.93,0.79,887700,775500.0,2026-09-30,16:14:51
603198,迎驾贡酒,38.72,37.45,37.7,39.92,37.39,54740.0,212990000.0,309.76,309.76,15.36,2.92,0.68,2908500,2565500.0,2026-09-30,16:14:54
603199,九华旅游,31.97,32.02,32.14,32.26,31.85,7726.0,24750000.0,35.38,35.38,15.86,2.06,0.7,391500,381100.0,2026-09-30,16:14:57
603200,上海洗霸,44.74,40.67,41.48,44.74,41.48,243453.0,1063770000.0,78.51,78.51,-326.67,7.23,13.87,12134000,12211300.0,2026-09-30,16:15:00
603201,常润股份,15.26,15.23,15.33,15.56,15.19,19899.0,30500000.0,28.99,28.74,14.57,1.63,1.06,900100,1089800.0,2026-09-30,16:14:43
603203,快克智能,41.74,42.9,43.48,44.04,41.61,48853.0,207660000.0,137.75,136.17,87.76,9.39,1.5,2095400,2789900.0,2026-09-30,16:14:46
603205,健尔康,21.74,21.55,21.61,21.85,21.44,9171.0,19890000.0,33.91,8.99,29.81,2.25,2.22,522400,394700.0,2026-09-30,16:14:48
603206,嘉环科技,13.54,13.8,13.88,13.88,13.53,19973.0,27200000.0,41.32,41.32,105.08,1.81,0.65,869700,1127600.0,2026-09-30,16:14:45
603207,小方制药,24.46,24.14,24.12,24.75,24.12,28256.0,69320000.0,39.57,13.36,20.59,3.42,5.17,1477900,1347700.0,2026-09-30,16:14:48
603208,江山欧派,11.5,11.43,11.49,11.76,11.2,22504.0,25730000.0,20.23,20.23,-6.8,2.11,1.28,1022700,1227700.0,2026-09-30,16:14:51
603209,兴通股份,14.8,14.49,14.52,14.92,14.51,56547.0,83710000.0,48.1,47.58,13.84,1.4,1.76,2786100,2868600.0,2026-09-30,16:14:54
603211,晋拓股份,18.71,19.0,19.1,19.25,18.7,28321.0,53700000.0,50.86,50.86,93.59,4.11,1.04,1185200,1647000.0,2026-09-30,16:15:00
603212,赛伍技术,11.46,11.66,11.8,11.82,11.45,57655.0,66600000.0,50.14,50.14,-25.09,2.09,1.32,2683900,3081600.0,2026-09-30,16:14:49
603213,镇洋发展,13.87,13.75,13.78,13.9,13.73,16967.0,23450000.0,61.71,61.71,222.43,3.41,0.38,1064600,632100.0,2026-09-30,16:14:51
603214,爱婴室,13.86,13.85,13.89,13.95,13.67,30907.0,42760000.0,19.2,19.2,24.94,1.62,2.23,1645000,1445700.0,2026-09-30,16:14:46
603215,比依股份,15.63,15.27,15.23,15.79,15.01,28251.0,43960000.0,33.54,29.26,-697.14,1.85,1.51,1556900,1268200.0,2026-09-30,16:14:51
603216,梦天家居,21.38,21.7,21.73,22.11,21.38,42461.0,92190000.0,47.61,47.61,77.98,2.66,1.91,1949100,2297000.0,2026-09-30,16:14:51
603217,元利科技,27.07,26.46,26.7,27.6,26.7,28171.0,76650000.0,56.33,56.33,24.22,1.61,1.35,1325600,1491500.0,2026-09-30,16:14:55
603218,日月股份,9.56,9.5,9.43,9.67,9.39,119046.0,113410000.0,98.45,98.37,22.79,0.97,1.16,6346500,5558100.0,2026-09-30,16:14:49
603219,富佳股份,12.6,12.83,12.85,12.95,12.45,33802.0,42820000.0,70.74,70.74,113.98,4.42,0.6,1674900,1705300.0,2026-09-30,16:14:53
603220,中贝通信,16.71,17.07,17.18,17.23,16.63,123463.0,207330000.0,89.63,89.63,216.59,2.35,2.3,4585000,7761300.0,2026-09-30,16:14:55
603221,爱丽家居,25.1,25.43,25.8,25.95,24.19,121940.0,306610000.0,60.81,60.81,-123.05,3.93,5.03,5467500,6726500.0,2026-09-30,16:14:58
603222,济民健康,8.07,7.92,8.05,8.24,7.95,211443.0,171450000.0,42.37,42.37,-17.49,3.89,4.03,10748900,10395400.0,2026-09-30,16:14:49
603223,XD恒通股,9.39,9.39,9.41,9.49,9.33,44213.0,41530000.0,66.28,66.28,18.87,1.62,0.63,2385000,2036300.0,2026-09-30,16:14:54
603225,新凤鸣,16.72,16.65,16.73,16.87,16.51,73188.0,122680000.0,280.47,278.98,16.04,1.29,0.44,4156600,3162200.0,2026-09-30,16:14:54
603226,菲林格尔,28.26,29.47,30.06,30.12,28.14,45364.0,130370000.0,100.46,100.46,-114.38,12.12,1.28,2067500,2469000.0,2026-09-30,16:14:58
603227,雪峰科技,7.42,7.35,7.36,7.44,7.34,40736.0,30160000.0,79.52,79.52,15.11,1.51,0.38,2478900,1594700.0,2026-09-30,16:14:52
603228,景旺电子,101.21,100.53,102.0,106.2,100.91,232820.0,2399230000.0,1088.35,993.93,92.0,7.91,2.37,11827700,11454200.0,2026-09-30,16:14:57
603229,奥翔药业,8.26,8.14,8.13,8.43,8.13,80042.0,66580000.0,68.58,68.58,84.6,2.94,0.96,4274800,3729400.0,2026-09-30,16:14:55
603230,内蒙新华,14.01,15.31,15.5,16.28,13.8,601206.0,912500000.0,49.53,49.53,68.66,1.81,17.01,28422500,31698100.0,2026-09-30,16:14:57
603231,索宝蛋白,17.26,17.3,17.31,17.45,17.13,31345.0,54150000.0,33.05,18.34,20.6,1.65,2.95,1447900,1686600.0,2026-09-30,16:14:55
603232,格尔软件,16.13,16.69,16.69,16.76,16.08,138776.0,225710000.0,37.51,37.31,-51.25,2.98,6.0,5800700,8076800.0,2026-09-30,16:14:58
603233,大参林,18.2,17.83,17.98,18.29,17.88,59217.0,107590000.0,207.27,207.27,15.2,2.75,0.52,3542900,2378900.0,2026-09-30,16:14:57
603235,天新药业,25.96,25.14,25.3,26.16,25.07,13091.0,33710000.0,113.65,113.65,20.48,2.27,0.3,726800,582400.0,2026-09-30,16:14:34
603236,移远通信,71.35,70.3,70.88,73.2,69.63,113882.0,814670000.0,289.23,289.23,29.87,4.03,2.81,5385900,6002400.0,2026-09-30,16:14:56
603237,五芳斋,15.2,15.15,15.25,15.41,15.1,13584.0,20670000.0,29.79,28.85,23.43,1.66,0.72,671200,687200.0,2026-09-30,16:15:00
603238,诺邦股份,12.86,12.71,12.85,13.18,12.79,36417.0,47110000.0,22.83,22.83,21.77,1.56,2.05,1635800,2005900.0,2026-09-30,16:14:58
603239,浙江仙通,13.75,13.71,13.79,13.96,13.62,19695.0,27150000.0,37.22,37.22,19.04,2.8,0.73,1066900,902600.0,2026-09-30,16:14:47
603255,鼎际得,30.88,30.82,30.82,31.95,30.38,11988.0,37200000.0,41.39,18.74,81.52,2.58,1.98,531300,667500.0,2026-09-30,16:15:00
603256,宏和科技,130.7,139.05,140.7,140.8,130.0,149357.0,1989710000.0,1182.29,1182.29,239.32,40.09,1.65,7768800,7166800.0,2026-09-30,16:15:00
603258,电魂网络,14.03,14.19,14.17,14.38,13.93,44233.0,62330000.0,34.06,33.86,-12.92,1.79,1.83,1914400,2508900.0,2026-09-30,16:14:59
603259,药明康德,167.34,160.66,160.01,169.2,159.4,449509.0,7441620000.0,5078.61,4138.79,23.44,6.21,1.82,25062200,19888700.0,2026-09-30,16:14:35
603260,合盛硅业,31.55,31.01,31.2,31.78,30.87,56210.0,176450000.0,372.99,372.99,-16.44,1.26,0.48,3156800,2464100.0,2026-09-30,16:14:38
603261,立航科技,47.33,49.48,50.0,50.4,47.0,24417.0,117650000.0,36.68,36.68,-19.68,7.49,3.15,1358200,1083500.0,2026-09-30,16:14:41
603266,天龙股份,19.57,19.29,18.98,19.95,18.78,94243.0,183050000.0,38.92,38.92,41.03,2.39,4.74,4752400,4671900.0,2026-09-30,16:14:47
603267,鸿远电子,46.15,47.21,47.55,47.6,46.08,39518.0,184150000.0,106.64,106.64,37.38,2.33,1.71,1679200,2272600.0,2026-09-30,16:14:50
603268,松发股份,213.66,214.02,213.0,216.59,210.02,38554.0,822370000.0,2176.59,498.36,38.76,10.88,1.65,1988700,1866700.0,2026-09-30,16:14:53
603269,海鸥股份,23.16,23.44,23.72,23.77,22.9,131971.0,306450000.0,100.04,100.04,83.28,9.9,3.06,5693700,7503400.0,2026-09-30,16:14:56
603270,金帝股份,31.15,31.87,31.87,32.48,30.95,47157.0,149000000.0,68.25,32.31,49.12,2.98,4.55,2154300,2561400.0,2026-09-30,16:14:59
603271,永杰新材,38.42,38.25,38.32,38.49,38.08,6300.0,24150000.0,76.12,36.34,10.24,2.25,0.67,275800,354200.0,2026-09-30,16:14:35
603272,*ST联翔,15.0,15.73,15.82,15.87,14.85,24398.0,37180000.0,15.54,15.54,-65.17,2.92,2.35,842300,1597500.0,2026-09-30,16:14:37
603273,天元智能,14.52,14.7,14.76,14.82,14.5,11369.0,16600000.0,31.28,8.14,132.85,3.48,2.03,471000,665900.0,2026-09-30,16:14:39
603275,众辰科技,36.67,37.0,37.26,37.26,36.57,6808.0,25050000.0,54.51,16.47,29.32,1.79,1.52,300000,380800.0,2026-09-30,16:14:42
603276,恒兴新材,17.5,17.58,17.75,17.84,17.41,17971.0,31620000.0,36.34,13.35,47.05,2.03,2.36,839600,957500.0,2026-09-30,16:14:45
603277,银都股份,11.31,11.2,11.21,11.34,11.15,11577.0,13030000.0,69.18,68.96,21.91,2.54,0.19,692000,465700.0,2026-09-30,16:14:48
603278,大业股份,10.27,10.56,10.13,11.3,10.13,658057.0,696010000.0,35.1,35.1,-29.28,1.85,19.25,32913700,32892000.0,2026-09-30,16:14:51
603279,景津装备,10.94,10.71,10.75,10.98,10.72,53363.0,57930000.0,63.06,63.06,15.49,1.38,0.93,3446200,1890100.0,2026-09-30,16:14:54
603280,南方路机,27.51,27.2,27.3,27.8,27.17,17856.0,49020000.0,29.82,29.82,43.19,2.16,1.65,849200,936400.0,2026-09-30,16:14:57
603281,江瀚新材,18.02,18.12,18.2,18.43,17.97,19927.0,36140000.0,93.46,93.46,24.21,2.03,0.38,716200,1276500.0,2026-09-30,16:15:00
603282,亚光股份,17.08,17.32,17.33,17.57,16.97,10739.0,18430000.0,22.86,22.86,28.38,1.74,0.8,429100,644800.0,2026-09-30,16:14:35
603283,赛腾股份,41.82,42.94,43.25,43.4,41.55,83780.0,354140000.0,147.43,147.43,27.12,4.21,2.38,3814700,4563300.0,2026-09-30,16:14:39
603285,键邦股份,37.0,36.72,36.67,37.86,36.34,24954.0,92580000.0,59.2,23.05,43.56,3.44,4.01,1013500,1481900.0,2026-09-30,16:14:44
603286,日盈电子,45.62,44.77,44.99,47.65,44.51,47268.0,218500000.0,53.83,53.32,-91.18,6.7,4.04,2354400,2372400.0,2026-09-30,16:14:45
603288,海天味业,33.17,32.91,32.78,33.35,32.66,122073.0,403390000.0,1938.45,1844.19,26.49,4.96,0.22,6602500,5604800.0,2026-09-30,16:14:48
603289,泰瑞机器,11.04,11.36,11.47,11.53,11.0,90749.0,102130000.0,32.39,32.39,74.26,2.24,3.09,4070200,5004700.0,2026-09-30,16:14:51
603290,斯达半导,81.21,83.4,83.5,84.15,81.18,27380.0,224610000.0,194.48,194.48,99.84,2.83,1.14,1141500,1596500.0,2026-09-30,16:14:54
603291,XD联合水,8.53,8.6,8.65,8.72,8.52,16753.0,14400000.0,36.1,36.1,38.3,2.1,0.4,818700,856600.0,2026-09-30,16:14:57
603296,华勤技术,74.49,75.35,75.8,75.85,73.5,136927.0,1018100000.0,1129.12,594.87,21.86,3.52,1.71,6984600,6708100.0,2026-09-30,16:14:43
603297,永新光学,106.92,107.39,107.88,110.0,106.11,6152.0,66300000.0,118.39,118.39,57.17,5.79,0.56,283200,332000.0,2026-09-30,16:14:47
603298,杭叉集团,21.87,21.91,21.97,22.04,21.71,41577.0,90910000.0,286.46,286.46,12.51,2.35,0.32,1961200,2196500.0,2026-09-30,16:14:41
603299,苏盐井神,8.69,8.62,8.62,8.73,8.61,18636.0,16180000.0,82.97,82.07,23.52,1.03,0.2,1123900,739700.0,2026-09-30,16:14:45
603300,海南华铁,4.51,4.53,4.55,4.56,4.49,181919.0,82330000.0,90.16,90.16,21.27,1.32,0.91,7817600,10374300.0,2026-09-30,16:14:44
603301,振德医疗,75.17,75.8,76.0,76.49,74.09,13911.0,104420000.0,198.36,198.36,71.65,3.49,0.53,774200,616900.0,2026-09-30,16:14:46
603303,得邦照明,27.63,28.09,28.27,28.7,27.62,24516.0,68720000.0,131.78,131.78,66.6,4.25,0.51,972100,1479500.0,2026-09-30,16:14:49
603305,旭升集团,11.2,11.11,11.2,11.34,11.1,130190.0,146140000.0,129.44,129.44,32.18,1.39,1.13,6321900,6697100.0,2026-09-30,16:14:52
603306,华懋科技,71.36,71.87,72.38,73.85,71.0,59962.0,432330000.0,235.13,235.13,225.06,6.61,1.82,2716000,3280200.0,2026-09-30,16:14:55
603307,扬州金泉,25.49,25.62,25.65,26.09,25.41,9215.0,23650000.0,25.0,24.76,23.56,1.79,0.95,360400,561000.0,2026-09-30,16:14:58
603308,应流股份,35.64,36.79,36.98,37.03,35.58,160799.0,580120000.0,259.61,259.61,68.03,5.11,2.21,8350300,7729600.0,2026-09-30,16:14:44
603309,维力医疗,11.18,11.1,11.11,11.22,11.07,23597.0,26380000.0,32.63,32.63,57.0,1.83,0.81,1307900,1051800.0,2026-09-30,16:14:48
603310,巍华新材,14.54,14.51,14.58,14.64,14.48,6850.0,9960000.0,50.21,28.21,31.9,1.25,0.35,287800,397200.0,2026-09-30,16:14:47
603311,金海高科,25.62,25.79,25.83,26.35,25.0,73678.0,188910000.0,60.43,60.43,98.2,4.6,3.12,3046100,4321700.0,2026-09-30,16:14:49
603312,西典新能,32.9,32.9,33.2,33.66,32.71,8309.0,27570000.0,52.64,16.75,25.6,2.91,1.63,407700,423200.0,2026-09-30,16:14:44
603313,梦百合,6.21,6.21,6.3,6.31,6.06,103592.0,63680000.0,35.43,35.43,-29.76,1.04,1.82,5050900,5308200.0,2026-09-30,16:14:49
603315,福鞍股份,10.47,10.65,10.67,10.72,10.43,42796.0,45130000.0,33.54,33.54,125.93,1.96,1.34,1690900,2588700.0,2026-09-30,16:14:49
603316,诚邦股份,15.2,15.84,16.01,16.08,14.8,228829.0,350020000.0,41.04,40.17,-47.3,6.86,8.66,10762900,12120000.0,2026-09-30,16:14:53
603317,天味食品,12.55,12.42,12.48,12.6,12.35,48164.0,60170000.0,133.29,133.29,17.53,3.14,0.45,2456800,2359600.0,2026-09-30,16:14:55
603318,水发燃气,8.71,8.65,8.68,8.73,8.61,180781.0,156840000.0,48.31,39.99,214.01,2.52,3.94,8480700,9597400.0,2026-09-30,16:14:58
603319,美湖股份,28.0,28.4,28.62,28.76,27.9,84106.0,237780000.0,94.96,94.96,164.86,3.87,2.48,3537400,4873300.0,2026-09-30,16:14:47
603320,迪贝电气,18.07,18.02,18.16,18.2,17.82,9646.0,17380000.0,26.95,26.95,37.98,2.27,0.65,501200,463400.0,2026-09-30,16:14:49
603321,梅轮电梯,7.21,7.14,7.15,7.26,7.11,66636.0,47750000.0,25.09,24.84,71.07,1.74,1.93,3125100,3538500.0,2026-09-30,16:14:47
603322,超讯科技,27.7,29.1,29.71,29.72,27.41,94436.0,264090000.0,43.65,43.65,-77.91,13.91,5.99,4113800,5329800.0,2026-09-30,16:14:49
603323,苏农银行,4.49,4.43,4.43,4.51,4.42,322961.0,144890000.0,99.7,99.7,4.8,0.5,1.45,20189000,12107100.0,2026-09-30,16:14:52
603324,盛剑科技,24.21,24.97,25.34,25.34,24.05,22704.0,55610000.0,36.55,35.32,-23.25,2.16,1.56,985300,1285100.0,2026-09-30,16:14:56
603325,博隆技术,53.46,52.81,52.85,53.67,52.63,2717.0,14460000.0,42.77,18.27,16.11,1.55,0.79,161600,110100.0,2026-09-30,16:14:50
603326,我乐家居,7.68,7.63,7.65,7.71,7.59,29774.0,22780000.0,24.51,24.51,18.56,2.12,0.93,1326300,1651100.0,2026-09-30,16:14:53
603327,福蓉科技,8.0,8.0,8.05,8.09,7.96,82581.0,66170000.0,83.64,83.64,57.66,3.47,0.79,3846600,4411500.0,2026-09-30,16:14:56
603328,依顿电子,13.83,14.44,15.0,15.2,13.48,846423.0,1191010000.0,138.08,138.08,44.14,3.27,8.48,39635900,45006400.0,2026-09-30,16:14:59
603329,上海雅仕,10.25,10.34,10.34,10.38,10.21,14261.0,14670000.0,25.63,21.15,19.46,1.67,0.69,651300,774800.0,2026-09-30,16:14:50
603330,天洋新材,9.16,9.34,9.53,9.54,9.12,182675.0,169050000.0,39.63,39.63,-17.43,3.01,4.22,7618600,10648900.0,2026-09-30,16:14:52
603331,百达精工,12.38,12.39,12.44,12.55,12.3,25707.0,31850000.0,25.03,25.03,-14.91,2.19,1.27,1245800,1324900.0,2026-09-30,16:14:52
603332,苏州龙杰,12.01,11.99,12.01,12.15,11.95,19746.0,23810000.0,25.98,25.98,26.51,1.99,0.91,985400,989200.0,2026-09-30,16:14:56
603333,福华尚纬,8.88,8.85,8.85,8.91,8.77,51069.0,45170000.0,66.17,55.19,-1300.83,2.27,0.82,2383600,2723300.0,2026-09-30,16:14:50
603335,迪生力,6.03,6.19,6.15,6.23,6.02,62395.0,37900000.0,25.82,25.82,39.72,9.98,1.46,2925600,3313900.0,2026-09-30,16:14:53
603336,宏辉果蔬,9.89,9.9,10.0,10.07,9.8,118853.0,118150000.0,60.2,60.2,374.92,4.2,1.95,5317700,6567600.0,2026-09-30,16:14:55
603337,杰克科技,35.07,35.46,35.5,35.76,35.0,23028.0,81020000.0,167.07,163.79,19.2,3.09,0.49,907400,1395400.0,2026-09-30,16:14:56
603338,浙江鼎力,53.36,52.56,52.9,54.14,52.6,32143.0,171930000.0,270.19,270.19,14.71,2.29,0.63,1385000,1829200.0,2026-09-30,16:14:59
603339,四方科技,12.2,12.17,12.22,12.28,12.14,37022.0,45200000.0,37.75,37.75,22.03,1.38,1.2,1551800,2150300.0,2026-09-30,16:14:55
603341,龙旗科技,35.21,35.42,35.58,35.79,35.16,60598.0,214660000.0,183.87,94.15,38.68,2.52,2.27,2507000,3552800.0,2026-09-30,16:14:59
603344,星德胜,21.97,22.35,22.38,22.72,21.92,17662.0,39110000.0,42.74,11.87,28.29,1.96,3.27,743800,1022400.0,2026-09-30,16:14:53
603345,安井食品,79.4,79.05,79.05,79.9,78.26,39738.0,315310000.0,264.63,232.88,17.58,1.73,1.35,1771200,2202600.0,2026-09-30,16:14:57
603348,文灿股份,14.6,14.48,14.57,14.78,14.42,20290.0,29680000.0,45.91,45.91,-7.96,1.2,0.65,911000,1118000.0,2026-09-30,16:14:56
603350,安乃达,28.27,28.66,28.68,28.89,28.2,3852.0,10970000.0,32.93,12.47,38.06,2.44,0.87,182400,202800.0,2026-09-30,16:14:58
603351,威尔药业,27.46,27.21,27.28,27.8,27.1,11214.0,30850000.0,37.19,37.19,24.0,2.08,0.83,623600,497800.0,2026-09-30,16:14:56
603353,和顺石油,38.34,40.55,40.55,40.78,37.98,67862.0,264490000.0,65.34,65.34,142.4,3.99,3.98,3455400,3330800.0,2026-09-30,16:14:58
603355,莱克电气,30.31,30.42,30.42,30.52,29.56,21884.0,65820000.0,173.8,173.8,28.8,2.96,0.38,905600,1282800.0,2026-09-30,16:15:00
603356,华菱精工,16.51,16.6,16.6,16.83,16.51,22251.0,37060000.0,22.01,22.01,-15.94,8.05,1.67,1180300,1044800.0,2026-09-30,16:14:56
603357,设计总院,6.01,5.97,6.0,6.02,5.92,22957.0,13730000.0,33.69,33.69,21.2,0.87,0.41,1244500,1051200.0,2026-09-30,16:15:00
603358,华达科技,44.4,43.04,43.08,45.28,42.52,57183.0,249080000.0,208.57,205.03,-730.79,6.1,1.24,3189700,2528700.0,2026-09-30,16:14:59
603359,*ST东珠,2.03,2.07,2.06,2.08,2.0,58011.0,11790000.0,9.06,9.06,-0.82,0.66,1.3,2591700,3209400.0,2026-09-30,16:14:42
603360,百傲化学,12.26,12.19,12.2,12.5,12.16,52959.0,65150000.0,86.58,86.58,49.35,6.17,0.75,2529200,2766700.0,2026-09-30,16:14:59
603363,傲农生物,2.81,2.78,2.79,2.81,2.77,162191.0,45310000.0,76.74,60.32,-16.22,2.59,0.76,9928000,6291100.0,2026-09-30,16:14:48
603365,水星家纺,16.03,15.91,15.88,16.11,15.82,18583.0,29620000.0,42.08,41.86,10.12,1.36,0.71,897200,961100.0,2026-09-30,16:14:51
603366,日出东方,7.27,7.26,7.37,7.37,7.21,106119.0,77190000.0,59.11,59.11,34.76,1.37,1.31,5595600,5016300.0,2026-09-30,16:14:54
603367,辰欣药业,14.53,14.22,14.2,14.65,14.19,86322.0,125310000.0,65.79,65.79,14.41,1.05,1.91,5024300,3607900.0,2026-09-30,16:14:59
603368,柳药集团,15.18,15.03,15.09,15.21,15.05,32734.0,49630000.0,60.3,60.3,9.29,0.77,0.82,1837800,1435600.0,2026-09-30,16:15:00
603369,今世缘,28.09,27.13,27.12,28.44,26.67,140903.0,389840000.0,350.23,350.23,14.26,2.04,1.13,8074500,6015900.0,2026-09-30,16:14:33
603373,安邦护卫,50.18,53.8,52.83,54.35,50.0,53634.0,280790000.0,75.54,31.92,56.16,4.03,8.43,2240400,3123000.0,2026-09-30,16:14:40
603375,盛景微,43.8,46.47,47.0,47.5,43.8,40598.0,183990000.0,44.09,27.94,-3281.93,2.86,6.37,1617300,2442500.0,2026-09-30,16:14:40
603377,ST东时,3.06,3.09,3.1,3.1,3.04,25800.0,7900000.0,22.12,22.12,-2.65,-26.59,0.36,999800,1580200.0,2026-09-30,16:14:46
603378,*ST亚士,4.91,4.69,4.71,4.92,4.67,86841.0,41790000.0,21.04,21.04,-1.49,-7.2,2.03,5152600,3531500.0,2026-09-30,16:14:49
603379,三美股份,49.12,49.04,49.21,50.0,48.8,27102.0,133710000.0,299.87,299.87,14.03,3.67,0.44,1422700,1287500.0,2026-09-30,16:14:52
603380,易德龙,32.4,32.87,33.01,33.21,32.31,15403.0,50270000.0,51.98,51.98,23.3,3.27,0.96,731600,808700.0,2026-09-30,16:14:55
603381,永臻股份,14.72,14.79,14.8,14.93,14.65,16213.0,23950000.0,34.92,20.92,-14.99,1.05,1.14,634700,986600.0,2026-09-30,16:14:58
603383,顶点软件,26.78,26.83,26.94,27.02,26.71,10990.0,29470000.0,55.0,55.0,27.86,3.79,0.54,485000,614000.0,2026-09-30,16:14:37
603385,惠达卫浴,5.73,5.79,5.83,5.83,5.64,28923.0,16570000.0,21.81,21.81,-7.57,0.63,0.76,1334600,1557700.0,2026-09-30,16:14:37
603386,骏亚科技,17.4,18.45,18.33,18.5,17.35,120545.0,213520000.0,56.78,56.78,-106.22,4.3,3.69,4759200,7295300.0,2026-09-30,16:14:41
603387,基蛋生物,10.01,9.81,9.81,10.1,9.75,101907.0,102030000.0,50.77,50.77,17.14,1.77,2.01,4954000,5236800.0,2026-09-30,16:14:43
603388,*ST元成,0.58,0.58,0.0,0.0,0.0,0.0,0.0,1.89,1.89,-0.49,0.27,0.0,0,0.0,2026-09-30,09:00:00
603389,亚振家居,44.57,43.58,44.0,45.05,43.7,14107.0,62730000.0,117.11,117.11,-261.42,58.85,0.54,718600,692100.0,2026-09-30,16:14:46
603390,通达电气,11.08,11.32,11.05,11.26,10.99,141386.0,156540000.0,38.96,38.9,30.9,2.34,4.03,5769600,8369000.0,2026-09-30,16:14:49
603391,力聚热能,69.56,69.0,69.55,69.61,66.57,29225.0,200810000.0,63.3,15.82,30.71,2.93,12.85,1455100,1467400.0,2026-09-30,16:14:52
603392,万泰生物,27.34,26.48,26.6,27.5,26.44,89867.0,244800000.0,345.68,345.68,-90.36,2.95,0.71,5442900,3543700.0,2026-09-30,16:14:55
603393,新天然气,24.48,24.52,24.39,24.68,24.32,39934.0,97740000.0,103.78,103.78,18.18,1.11,0.94,1877100,2116300.0,2026-09-30,16:14:58
603395,红四方,24.94,24.62,24.69,25.28,24.62,61759.0,154090000.0,64.84,16.21,193.4,4.59,9.5,2825100,3350900.0,2026-09-30,16:14:40
603396,金辰股份,33.5,35.28,34.8,38.81,33.4,326498.0,1171990000.0,46.41,46.41,90.94,1.78,23.57,17351500,15298300.0,2026-09-30,16:14:44
603398,*ST沐邦,8.38,8.32,8.28,8.54,8.28,34416.0,28940000.0,36.34,36.34,-4.39,-48.61,0.79,1696600,1745000.0,2026-09-30,16:14:38
603399,永杉锂业,13.01,13.16,13.29,13.29,12.9,183428.0,239310000.0,66.65,66.65,784.25,3.93,3.58,8865900,9476900.0,2026-09-30,16:14:42
603408,建霖家居,11.59,11.6,11.61,11.72,11.48,17305.0,20000000.0,51.87,51.87,12.7,1.53,0.39,945400,785100.0,2026-09-30,16:14:56
603409,汇通控股,17.85,17.62,17.67,18.27,17.61,28026.0,50120000.0,33.52,9.62,22.11,2.18,5.2,1195300,1607300.0,2026-09-30,16:14:59
603416,信捷电气,46.01,46.18,46.4,46.8,45.68,9922.0,45920000.0,72.22,64.21,25.6,2.68,0.71,434100,558100.0,2026-09-30,16:14:41
603421,鼎信通讯,6.18,6.38,6.4,6.42,6.14,165325.0,102850000.0,40.31,40.31,-6.55,1.75,2.53,6309600,10222900.0,2026-09-30,16:14:44
603429,*ST集友,9.09,8.88,8.88,9.38,8.84,25799.0,23400000.0,47.68,47.68,-138.22,3.82,0.49,1536700,1043300.0,2026-09-30,16:14:46
603439,三力制药,13.18,13.46,13.49,13.66,13.12,100066.0,133850000.0,53.23,53.23,14223.43,3.72,2.48,5122800,4883800.0,2026-09-30,16:14:47
603444,吉比特,339.69,335.96,336.06,341.4,336.06,7313.0,247830000.0,244.72,244.72,10.92,4.58,1.02,401900,329400.0,2026-09-30,16:14:50
603456,九洲药业,16.75,16.26,16.25,16.95,16.16,266350.0,446550000.0,146.65,146.65,24.79,1.68,3.04,14929500,11705500.0,2026-09-30,16:14:56
603458,勘设股份,10.42,10.9,11.0,11.05,10.4,108831.0,115130000.0,31.9,31.9,-7.62,1.29,3.56,3943700,6939400.0,2026-09-30,16:14:59
603466,风语筑,11.88,11.78,11.88,12.14,11.66,316675.0,376360000.0,70.67,70.67,121.02,3.33,5.32,15268500,16399000.0,2026-09-30,16:14:49
603477,巨星农牧,14.38,14.3,14.31,14.52,14.19,79238.0,113720000.0,75.2,73.35,-7.6,3.02,1.55,4246500,3677300.0,2026-09-30,16:14:49
603486,科沃斯,49.89,49.22,49.26,50.29,49.02,32457.0,161310000.0,289.05,286.67,14.26,3.03,0.56,1811200,1434500.0,2026-09-30,16:14:49
603488,展鹏科技,7.7,7.79,7.79,7.87,7.66,37379.0,28900000.0,22.48,22.48,-13.65,2.95,1.28,1809900,1928000.0,2026-09-30,16:14:53
603489,八方股份,28.48,28.99,28.94,29.4,28.41,16809.0,48340000.0,66.82,66.82,37.56,2.39,0.72,682400,998500.0,2026-09-30,16:14:51
603496,恒为科技,21.97,21.97,22.08,22.33,21.94,32860.0,72580000.0,70.35,70.35,179.5,5.02,1.03,1558700,1727300.0,2026-09-30,16:14:54
603499,翔港科技,12.6,12.72,12.83,12.88,12.54,22186.0,28160000.0,53.38,53.38,44.28,5.6,0.52,1045100,1173500.0,2026-09-30,16:14:57
603500,祥和实业,10.05,10.44,10.43,10.8,10.02,214789.0,219140000.0,33.44,33.44,23.48,3.21,6.45,7974800,13504100.0,2026-09-30,16:15:00
603501,豪威集团,82.21,80.36,80.9,82.74,80.46,128930.0,1058740000.0,1034.04,992.32,31.94,3.18,1.07,7401700,5491300.0,2026-09-30,16:14:50
603505,金石资源,13.98,14.08,14.06,14.15,13.86,69276.0,96810000.0,117.67,117.67,40.67,6.25,0.82,2920200,4007400.0,2026-09-30,16:14:52
603506,南都物业,12.25,12.29,12.1,12.49,11.86,57885.0,70220000.0,23.0,23.0,27.06,1.82,3.08,2944400,2844100.0,2026-09-30,16:14:52
603507,振江股份,27.71,27.6,27.55,28.28,27.51,120684.0,335810000.0,66.21,65.48,26.96,2.54,5.11,6296100,5772300.0,2026-09-30,16:14:56
603508,思维列控,20.59,20.47,20.52,20.62,20.45,11386.0,23380000.0,78.5,78.5,13.77,1.9,0.3,716800,421800.0,2026-09-30,16:14:50
603511,爱慕股份,13.0,13.0,13.0,13.15,12.87,14293.0,18600000.0,52.76,52.25,30.17,1.21,0.36,614000,815300.0,2026-09-30,16:14:55
603515,XD欧普照,14.87,14.52,14.68,14.98,14.58,17167.0,25410000.0,110.38,109.7,13.7,1.68,0.23,1115400,601300.0,2026-09-30,16:14:53
603516,淳中科技,77.46,77.59,78.29,78.78,76.79,30256.0,234410000.0,157.45,157.45,34.9,8.68,1.49,1481800,1543700.0,2026-09-30,16:14:55
603517,ST绝味,11.43,11.3,11.27,11.45,11.24,44180.0,50130000.0,69.27,69.27,-29.9,1.14,0.73,2054100,2363900.0,2026-09-30,16:14:57
603518,锦泓集团,7.79,7.84,7.85,7.87,7.77,42533.0,33210000.0,26.8,26.8,10.37,0.7,1.24,1649500,2603800.0,2026-09-30,16:15:00
603519,立霸股份,17.02,16.56,16.64,17.05,16.3,67656.0,112390000.0,45.33,45.33,25.35,4.27,2.54,3633500,3132100.0,2026-09-30,16:14:55
603520,司太立,8.75,8.39,8.4,8.87,8.4,123279.0,106510000.0,38.36,38.36,182.48,1.56,2.81,7125300,5202600.0,2026-09-30,16:14:59
603527,众源新材,9.72,9.84,9.84,9.91,9.7,43163.0,42240000.0,30.81,30.81,101.6,1.46,1.36,1831500,2484800.0,2026-09-30,16:14:54
603528,多伦科技,6.33,6.48,6.49,6.51,6.33,73438.0,46920000.0,44.69,44.69,-73.69,2.4,1.04,3010200,4333600.0,2026-09-30,16:14:58
603529,爱玛科技,22.23,21.8,21.8,22.55,21.69,105646.0,234420000.0,192.12,189.13,12.92,2.04,1.24,6664700,3899800.0,2026-09-30,16:14:56
603530,神马电力,41.22,40.9,40.99,41.75,40.35,27281.0,112460000.0,177.82,176.2,36.58,9.81,0.64,1334600,1393500.0,2026-09-30,16:14:58
603533,掌阅科技,23.88,23.65,23.9,24.48,23.41,439214.0,1052550000.0,104.81,104.81,-157.72,4.6,10.01,23066300,20855100.0,2026-09-30,16:14:57
603535,嘉诚国际,6.12,6.14,6.17,6.17,6.09,20790.0,12740000.0,31.27,31.27,-160.65,1.26,0.41,920600,1158400.0,2026-09-30,16:14:58
603536,惠发食品,10.19,10.02,10.05,10.63,10.05,53336.0,54460000.0,24.51,24.51,-68.22,7.1,2.22,2526800,2806800.0,2026-09-30,16:14:58
603538,美诺华,28.59,25.99,26.51,28.59,25.99,475519.0,1324160000.0,97.19,96.33,83.16,3.36,14.11,24031300,23520600.0,2026-09-30,16:14:58
603551,奥普科技,9.4,9.35,9.42,9.42,9.36,12721.0,11950000.0,36.16,35.84,13.31,2.82,0.33,609200,662900.0,2026-09-30,16:14:57
603556,海兴电力,22.45,22.28,22.31,22.58,22.31,17482.0,39230000.0,109.17,109.17,16.43,1.6,0.36,920900,827300.0,2026-09-30,16:14:34
603557,*ST起步,3.05,3.03,3.02,3.06,2.99,39346.0,11910000.0,19.01,19.01,-13.36,44.79,0.63,1722400,2212200.0,2026-09-30,16:15:00
603558,健盛集团,12.88,13.1,13.07,13.24,12.87,29033.0,37830000.0,44.13,44.13,10.08,2.06,0.85,1270400,1632900.0,2026-09-30,16:14:40
603559,中通国脉,8.57,8.81,8.89,8.89,8.55,63830.0,55280000.0,34.39,34.39,-30.92,4.37,1.59,2903000,3480000.0,2026-09-30,16:15:00
603565,中谷物流,11.59,11.4,11.42,11.68,11.33,136820.0,158590000.0,243.4,243.4,12.1,2.21,0.65,8547600,5134300.0,2026-09-30,16:14:46
603566,普莱柯,10.24,10.22,10.25,10.29,10.2,20685.0,21210000.0,35.44,35.44,24.25,1.39,0.6,1089100,979400.0,2026-09-30,16:14:49
603567,珍宝岛,5.26,5.2,5.2,5.3,5.16,161251.0,84660000.0,49.46,49.41,-3.17,0.82,1.72,8465900,7659200.0,2026-09-30,16:14:52
603568,伟明环保,13.42,13.22,13.25,13.45,13.24,38145.0,50930000.0,274.9,274.9,16.0,1.89,0.19,2229900,1584600.0,2026-09-30,16:15:00
603569,长久物流,5.86,5.85,5.88,5.9,5.82,16769.0,9820000.0,35.37,35.37,-39.26,1.45,0.28,616100,1060800.0,2026-09-30,16:14:58
603577,汇金通,9.7,9.68,9.72,9.79,9.66,26442.0,25690000.0,32.9,32.9,41.8,1.66,0.78,1322000,1322200.0,2026-09-30,16:14:33
603578,三星新材,14.35,14.38,14.5,14.69,14.1,35517.0,50890000.0,33.59,25.88,-18.77,2.43,1.97,1515900,2035800.0,2026-09-30,16:14:35
603579,荣泰健康,17.8,17.85,17.85,18.21,17.77,17676.0,31650000.0,35.79,35.79,20.15,1.3,0.88,755800,1011800.0,2026-09-30,16:14:38
603580,艾艾精工,72.95,75.5,76.64,76.64,72.07,56043.0,410570000.0,95.33,95.33,236.28,21.3,4.29,2754700,2849600.0,2026-09-30,16:14:41
603583,捷昌驱动,27.65,27.92,27.98,28.2,27.6,28798.0,80130000.0,106.87,105.98,30.07,2.25,0.75,1350800,1529000.0,2026-09-30,16:14:44
603585,苏利股份,10.53,10.56,10.54,10.69,10.48,25030.0,26450000.0,28.99,28.51,17.38,1.04,0.92,1232400,1270600.0,2026-09-30,16:14:47
603586,金麒麟,13.85,14.0,14.08,14.1,13.84,12562.0,17500000.0,27.15,27.15,59.07,1.21,0.64,611600,644600.0,2026-09-30,16:14:50
603587,地素时尚,12.43,12.22,12.17,12.45,12.17,27919.0,34570000.0,58.76,58.76,19.59,1.61,0.59,1497600,1294300.0,2026-09-30,16:14:53
603588,高能环境,16.54,16.25,16.5,16.88,16.28,474381.0,786080000.0,251.94,251.94,18.56,2.47,3.11,23335700,24102300.0,2026-09-30,16:14:56
603589,口子窖,17.78,17.3,17.37,17.94,17.33,75380.0,133110000.0,106.35,106.35,32.91,1.02,1.26,4305700,3232300.0,2026-09-30,16:14:59
603590,康辰药业,32.11,29.19,29.16,32.11,29.05,61319.0,193480000.0,51.79,51.05,30.35,1.61,3.86,2399700,3732200.0,2026-09-30,16:14:36
603595,ST东尼,31.02,31.5,31.51,32.17,30.98,15348.0,48400000.0,72.1,72.1,59.91,4.27,0.66,643000,891800.0,2026-09-30,16:14:37
603596,伯特利,28.14,27.82,27.85,28.61,27.76,91858.0,259340000.0,252.6,252.6,17.68,3.07,1.02,4892800,4292900.0,2026-09-30,16:14:38
603598,引力传媒,18.78,19.13,19.1,19.33,18.68,307756.0,582090000.0,50.74,50.74,270.94,21.93,11.39,13750500,17025100.0,2026-09-30,16:14:42
603599,广信股份,10.3,10.12,10.12,10.35,10.1,60362.0,61910000.0,93.76,93.76,14.13,0.92,0.66,3451300,2584800.0,2026-09-30,16:14:44
603600,永艺股份,10.08,10.26,10.26,10.31,10.05,46733.0,47350000.0,33.31,33.31,14.05,1.5,1.41,2400500,2272800.0,2026-09-30,16:14:47
603601,再升科技,9.5,9.76,9.79,9.95,9.42,754773.0,728420000.0,108.52,108.52,266.82,3.98,6.61,31661500,43815800.0,2026-09-30,16:14:50
603602,纵横通信,12.37,12.71,12.74,13.2,12.27,200658.0,251880000.0,28.58,28.58,-17.88,3.13,8.68,8255300,11810600.0,2026-09-30,16:14:53
603605,珀莱雅,54.7,53.98,54.0,54.89,53.78,35868.0,195000000.0,216.6,216.6,11.6,3.25,0.91,1895600,1691200.0,2026-09-30,16:14:56
603606,东方电缆,36.53,35.33,35.36,36.67,35.22,204713.0,744130000.0,301.3,301.3,22.1,3.56,2.48,12461300,8009900.0,2026-09-30,16:14:59
603607,京华激光,23.15,23.13,23.5,23.6,22.82,35647.0,82150000.0,41.33,41.33,38.73,4.12,2.0,1398400,2166300.0,2026-09-30,16:14:41
603608,天创时尚,19.22,19.54,19.71,19.76,19.07,57983.0,112160000.0,81.69,81.69,228.36,6.88,1.36,2534000,3264300.0,2026-09-30,16:14:45
603609,禾丰股份,6.34,6.26,6.3,6.37,6.26,23247.0,14710000.0,57.31,57.31,-30.32,0.9,0.26,1188900,1135800.0,2026-09-30,16:14:39
603610,麒盛科技,13.07,13.18,13.3,13.69,12.89,72554.0,96350000.0,46.14,46.14,163.04,1.52,2.06,3268700,3986700.0,2026-09-30,16:14:43
603611,诺力股份,15.47,15.41,15.51,15.59,15.4,9752.0,15110000.0,39.85,39.85,12.25,1.29,0.38,543100,432100.0,2026-09-30,16:14:45
603612,索通发展,16.08,15.78,15.85,16.21,15.76,66991.0,107170000.0,80.1,80.1,12.72,1.32,1.34,3972600,2726500.0,2026-09-30,16:14:48
603613,国联股份,18.78,18.87,18.88,19.12,18.71,84140.0,158750000.0,135.32,135.32,10.19,1.38,1.17,3701000,4713000.0,2026-09-30,16:14:51
603615,茶花股份,18.46,18.46,18.65,18.81,18.3,20930.0,38680000.0,44.64,44.64,239.12,3.89,0.87,896300,1196700.0,2026-09-30,16:14:54
603616,韩建河山,5.65,5.68,5.79,5.89,5.6,130313.0,74150000.0,21.88,21.87,-63.26,10.69,3.37,5703000,7328300.0,2026-09-30,16:14:57
603617,君禾股份,6.74,6.85,6.9,6.9,6.73,39275.0,26690000.0,26.27,26.07,50.45,1.68,1.02,1716500,2211000.0,2026-09-30,16:15:00
603618,杭电股份,32.75,33.69,34.3,34.49,32.64,364189.0,1209710000.0,226.43,226.43,402.52,7.55,5.27,17723300,18695600.0,2026-09-30,16:14:42
603619,中曼石油,20.73,20.76,20.94,20.94,20.58,109931.0,228650000.0,95.84,95.84,31.09,2.2,2.38,5566700,5426500.0,2026-09-30,16:14:46
603626,科森科技,24.22,23.91,24.0,25.45,23.91,578669.0,1420970000.0,134.39,134.39,518.33,6.23,10.43,29873000,27993900.0,2026-09-30,16:14:45
603628,清源股份,10.2,10.32,10.36,10.51,10.11,38296.0,39290000.0,27.81,27.76,-335.53,2.12,1.41,1837700,1991900.0,2026-09-30,16:14:47
603629,利通电子,95.96,98.16,99.19,99.68,95.5,119996.0,1163310000.0,351.91,346.15,37.28,13.35,3.33,5864000,6135500.0,2026-09-30,16:14:45
603630,拉芳家化,15.35,15.57,15.4,15.97,15.22,165694.0,257030000.0,34.57,34.57,-10352.25,1.82,7.36,6913200,9656200.0,2026-09-30,16:14:48
603633,徕木股份,6.22,6.35,6.44,6.45,6.19,67538.0,42350000.0,26.55,26.55,-10.97,1.55,1.58,3505100,3248600.0,2026-09-30,16:14:51
603636,南威软件,7.67,7.87,8.08,8.2,7.65,638096.0,498260000.0,44.51,44.51,-8.17,2.57,10.99,27605100,36204500.0,2026-09-30,16:14:54
603637,镇海股份,13.87,13.69,13.81,14.08,13.54,50391.0,69700000.0,33.11,33.11,54.17,3.17,2.11,2378800,2660300.0,2026-09-30,16:14:57
603638,艾迪精密,19.82,19.65,19.7,20.08,19.41,140052.0,276830000.0,174.55,174.55,35.45,3.83,1.59,7093000,6912200.0,2026-09-30,16:15:00
603639,海利尔,10.49,10.36,10.36,10.65,10.36,15087.0,15860000.0,36.68,35.65,35.07,1.06,0.44,843300,665400.0,2026-09-30,16:14:48
603648,畅联股份,9.52,9.56,9.6,9.6,9.52,14707.0,14050000.0,34.5,34.5,27.6,1.9,0.41,547100,923600.0,2026-09-30,16:14:50
603650,彤程新材,62.3,63.21,65.18,65.81,61.82,144879.0,921820000.0,426.25,383.79,70.96,10.15,2.35,6372300,8115600.0,2026-09-30,16:14:48
603655,朗博科技,30.89,31.03,31.16,31.87,30.8,8158.0,25480000.0,32.74,32.74,73.02,5.96,0.77,383100,432700.0,2026-09-30,16:14:50
603656,泰禾智能,17.19,17.41,17.48,17.49,17.05,15519.0,26730000.0,31.45,31.45,93.17,2.37,0.85,639300,912600.0,2026-09-30,16:14:50
603657,春光科技,39.5,37.88,39.0,41.1,38.71,84311.0,335340000.0,53.4,53.4,-54.87,6.3,6.24,3882400,4548700.0,2026-09-30,16:14:54
603658,安图生物,34.08,33.61,33.49,34.35,33.49,35480.0,121090000.0,194.74,194.74,19.59,2.25,0.62,2127900,1420000.0,2026-09-30,16:14:49
603659,璞泰来,21.45,21.27,21.3,21.72,21.2,156399.0,336340000.0,459.93,459.93,16.69,2.15,0.73,7568700,8071200.0,2026-09-30,16:14:52
603660,苏州科达,9.1,9.3,9.35,9.44,9.05,104576.0,95740000.0,52.01,52.01,-9.19,8.81,1.83,4880700,5576900.0,2026-09-30,16:14:55
603661,恒林股份,33.11,33.4,33.28,33.94,32.88,18836.0,62790000.0,46.05,46.05,44.33,1.25,1.35,822000,1061600.0,2026-09-30,16:14:58
603662,柯力传感,47.89,48.15,48.2,48.99,47.77,23525.0,113370000.0,134.49,134.49,45.07,4.84,0.84,1064700,1287800.0,2026-09-30,16:14:51
603663,三祥新材,43.24,44.26,44.59,45.13,43.02,128244.0,562110000.0,256.66,256.49,171.5,18.27,2.16,5653700,7170700.0,2026-09-30,16:14:53
603665,康隆达,23.35,24.32,24.4,24.54,22.88,54292.0,126930000.0,37.4,37.4,363.24,5.75,3.39,2398300,3030900.0,2026-09-30,16:14:53
603666,亿嘉和,26.77,26.72,26.72,26.97,26.43,20157.0,53850000.0,55.02,55.02,-36.99,2.68,0.98,1023700,992000.0,2026-09-30,16:14:57
603667,五洲新春,49.43,49.84,49.95,51.06,48.84,130404.0,651780000.0,189.39,181.01,245.94,4.74,3.56,6550600,6489700.0,2026-09-30,16:14:51
603668,天马科技,11.85,12.03,12.02,12.12,11.76,46207.0,54940000.0,59.94,59.94,-26.37,2.82,0.91,2672500,1948200.0,2026-09-30,16:14:55
603669,灵康药业,6.33,6.01,6.02,6.38,5.93,358747.0,222330000.0,45.09,45.09,-33.06,7.76,5.04,20845300,15029400.0,2026-09-30,16:14:54
603676,卫信康,9.09,8.97,8.96,9.14,8.94,14864.0,13470000.0,39.56,39.56,20.5,2.57,0.34,849200,637200.0,2026-09-30,16:14:56
603677,奇精机械,14.35,14.42,14.5,14.6,14.32,9902.0,14280000.0,27.64,27.64,210.66,2.48,0.51,445100,545100.0,2026-09-30,16:14:55
603678,火炬电子,42.72,43.76,43.91,44.17,42.57,95909.0,414230000.0,203.16,203.16,67.49,3.16,2.02,4257000,5333800.0,2026-09-30,16:14:58
603679,华体科技,23.23,22.98,23.13,23.69,22.5,61353.0,141140000.0,41.28,41.28,-32.04,4.76,3.45,3107500,3027800.0,2026-09-30,16:14:56
603680,今创集团,10.02,10.01,10.02,10.07,9.97,23748.0,23800000.0,78.53,78.53,12.13,1.31,0.3,1178300,1196500.0,2026-09-30,16:15:00
603681,永冠新材,18.31,18.74,19.0,19.0,18.06,55544.0,102270000.0,43.53,43.53,23.47,1.25,2.34,2411700,3142700.0,2026-09-30,16:14:54
603682,锦和商管,9.43,9.36,9.45,9.55,9.23,75413.0,70830000.0,44.56,44.56,-25.99,6.71,1.6,3786300,3755000.0,2026-09-30,16:14:58
603683,晶华新材,15.03,15.32,15.49,15.76,15.0,113187.0,172460000.0,43.79,43.35,43.84,2.59,3.92,4284900,7033800.0,2026-09-30,16:14:57
603685,晨丰科技,24.82,25.08,25.49,25.49,24.76,10894.0,27180000.0,62.78,50.0,218.74,3.15,0.54,418500,670900.0,2026-09-30,16:14:59
603686,福龙马,14.29,14.05,14.11,14.45,13.61,344265.0,484850000.0,59.37,59.37,36.65,1.7,8.29,16395100,18031400.0,2026-09-30,16:14:57
603687,大胜达,13.99,14.29,14.36,14.6,13.86,135199.0,192070000.0,76.95,76.95,93.29,2.34,2.46,5654100,7865800.0,2026-09-30,16:14:59
603688,石英股份,43.54,44.44,44.99,45.2,43.44,72085.0,317970000.0,235.85,235.85,171.07,4.03,1.33,3129300,4079200.0,2026-09-30,16:14:59
603689,皖天然气,7.72,7.67,7.66,7.73,7.62,31716.0,24430000.0,40.59,40.41,11.76,1.09,0.61,2018100,1153500.0,2026-09-30,16:14:59
603690,至纯科技,22.22,22.95,23.18,23.19,22.07,125985.0,283460000.0,85.09,85.09,-8.28,2.64,3.29,5557800,7040700.0,2026-09-30,16:14:57
603693,江苏新能,12.25,12.71,12.75,12.75,12.15,172869.0,212920000.0,109.21,109.21,30.53,1.54,1.94,7672100,9614800.0,2026-09-30,16:14:35
603696,安记食品,13.06,13.12,13.22,13.42,12.93,77700.0,102050000.0,30.72,30.72,97.13,5.42,3.3,3357900,4412000.0,2026-09-30,16:15:00
603697,有友食品,9.6,9.49,9.5,9.63,9.45,51662.0,49470000.0,41.06,41.06,20.41,2.42,1.21,2844600,2321500.0,2026-09-30,16:14:41
603698,航天工程,19.84,20.04,20.09,20.52,19.79,62650.0,125530000.0,106.34,106.34,52.15,3.05,1.17,2779700,3485300.0,2026-09-30,16:15:00
603699,纽威股份,43.21,43.6,43.78,44.01,43.07,29381.0,127890000.0,336.81,329.07,19.84,7.13,0.39,1320100,1618000.0,2026-09-30,16:14:47
603700,宁水集团,11.81,11.56,11.61,11.86,11.46,51858.0,60650000.0,23.62,23.62,35.04,1.48,2.59,2620600,2565200.0,2026-09-30,16:14:50
603701,德宏股份,18.21,18.18,18.18,18.34,18.0,14641.0,26630000.0,47.59,47.59,343.83,5.91,0.56,774500,689600.0,2026-09-30,16:14:53
603703,盛洋科技,9.76,9.88,9.98,10.02,9.76,69432.0,68610000.0,40.5,40.5,-81.35,5.02,1.67,2994600,3948600.0,2026-09-30,16:15:00
603706,东方环宇,17.19,16.95,17.04,17.26,16.92,8663.0,14840000.0,32.55,32.55,15.13,1.92,0.46,560100,306200.0,2026-09-30,16:14:59
603707,健友股份,8.19,7.89,7.9,8.25,7.86,180139.0,146380000.0,132.32,132.32,27.41,1.91,1.11,12721800,5292200.0,2026-09-30,16:14:33
603708,家家悦,8.99,8.9,8.89,9.0,8.88,33490.0,29970000.0,57.39,57.39,28.14,2.35,0.52,1939100,1409900.0,2026-09-30,16:14:35
603709,中源家居,12.68,12.86,12.92,12.98,12.51,36129.0,45940000.0,20.7,20.62,-134.72,4.14,2.22,1905300,1707600.0,2026-09-30,16:14:39
603711,香飘飘,11.64,11.65,11.66,11.76,11.54,21999.0,25630000.0,48.06,48.06,23.62,1.39,0.53,1093100,1106800.0,2026-09-30,16:14:42
603712,七一二,11.41,11.28,11.35,11.6,11.2,75945.0,86470000.0,88.09,88.09,-18.02,2.33,0.98,3938000,3656500.0,2026-09-30,16:14:45
603713,密尔克卫,67.86,66.65,66.43,69.37,66.43,22071.0,150380000.0,118.11,118.11,18.0,2.44,1.27,1159400,1047700.0,2026-09-30,16:14:48
603716,塞力医疗,16.62,16.58,16.91,17.42,16.59,105687.0,178390000.0,37.53,37.53,-18.86,3.44,4.68,4981600,5587100.0,2026-09-30,16:14:51
603717,天域生物,6.02,6.04,6.1,6.2,5.89,99633.0,59860000.0,17.47,17.47,-10.15,5.15,3.43,4784600,5178700.0,2026-09-30,16:14:54
603718,*ST海利,3.09,3.09,3.1,3.11,3.07,27845.0,8620000.0,20.05,20.05,-6.3,2.28,0.43,1169000,1615500.0,2026-09-30,16:14:57
603719,良品铺子,9.21,9.08,9.09,9.28,9.09,27636.0,25410000.0,36.65,36.65,-96.7,1.97,0.69,1422200,1341400.0,2026-09-30,16:15:00
603721,中广天择,18.45,18.45,18.75,18.85,18.23,47379.0,87590000.0,23.98,23.98,89.25,5.05,3.64,2315200,2422700.0,2026-09-30,16:14:36
603722,阿科力,28.08,28.49,28.55,28.7,27.9,9161.0,25880000.0,27.44,27.04,-53.66,3.11,0.95,337700,578400.0,2026-09-30,16:14:38
603725,天安新材,11.77,12.03,12.15,12.34,11.58,116403.0,137590000.0,35.88,35.88,43.29,4.28,3.82,4883100,6757200.0,2026-09-30,16:14:39
603726,朗迪集团,23.36,23.61,23.62,23.94,23.06,24425.0,57300000.0,43.35,43.33,17.2,2.82,1.32,1085600,1356900.0,2026-09-30,16:14:42
603727,博迈科,18.71,18.95,19.28,20.82,18.49,115753.0,223250000.0,52.71,52.71,-246.56,1.71,4.11,4936900,6638400.0,2026-09-30,16:14:45
603728,鸣志电器,51.5,52.47,52.5,52.98,51.42,42236.0,220200000.0,215.72,215.72,302.24,7.26,1.01,2057200,2166400.0,2026-09-30,16:14:48
603729,ST龙韵,12.45,12.45,12.53,12.53,12.33,4667.0,5800000.0,11.47,11.47,-11.57,4.12,0.51,131100,335600.0,2026-09-30,16:14:51
603730,岱美股份,9.85,9.63,9.78,10.18,9.68,244826.0,243640000.0,211.64,211.64,25.23,4.55,1.14,13041400,11441200.0,2026-09-30,16:14:54
603733,仙鹤股份,17.74,17.6,17.65,18.04,17.54,52157.0,92870000.0,144.98,144.98,13.44,1.63,0.64,2743100,2472600.0,2026-09-30,16:14:57
603737,三棵树,22.65,21.82,21.42,23.07,19.97,205877.0,443450000.0,200.54,200.54,31.33,6.38,2.33,10970600,9617100.0,2026-09-30,16:15:00
603738,泰晶科技,32.73,33.83,34.35,34.38,32.66,175925.0,586660000.0,126.3,126.3,156.19,6.86,4.56,7748700,9843800.0,2026-09-30,16:14:41
603739,蔚蓝生物,14.04,12.76,12.87,14.04,12.66,92169.0,127910000.0,35.53,35.53,43.51,1.98,3.64,1552000,7664900.0,2026-09-30,16:14:45
603755,日辰股份,25.85,25.51,25.51,26.17,25.51,17250.0,44530000.0,25.49,25.49,32.52,3.31,1.75,890500,834500.0,2026-09-30,16:14:40
603757,大元泵业,70.77,69.31,69.44,72.31,68.68,71900.0,505070000.0,132.02,132.02,175.18,6.33,3.85,3199900,3990100.0,2026-09-30,16:14:43
603758,秦安股份,10.74,10.79,10.78,10.94,10.69,59965.0,64640000.0,46.52,46.52,39.64,1.8,1.38,2718400,3278100.0,2026-09-30,16:14:43
603759,海天股份,8.01,7.97,7.97,8.05,7.9,36586.0,29260000.0,36.99,36.99,24.79,1.3,0.79,1558300,2100300.0,2026-09-30,16:14:46
603766,隆鑫通用,14.18,14.21,14.11,14.5,14.11,104613.0,149760000.0,291.19,291.19,18.61,3.18,0.51,5308500,5152800.0,2026-09-30,16:14:49
603767,中马传动,14.83,15.35,15.26,15.26,14.7,170086.0,254010000.0,45.77,45.77,-1055.38,3.33,5.51,7803800,9204800.0,2026-09-30,16:14:52
603768,常青股份,12.14,11.81,11.86,12.5,11.78,69887.0,84980000.0,28.89,28.89,-17.4,1.31,2.94,3458100,3530500.0,2026-09-30,16:14:55
603773,沃格光电,89.67,90.6,90.61,94.8,87.4,269892.0,2460090000.0,201.47,201.47,-88.46,19.83,12.01,13299600,13689600.0,2026-09-30,16:14:58
603776,永安行,20.83,21.07,21.0,21.27,20.82,15442.0,32460000.0,58.48,58.48,-32.96,1.71,0.55,679900,864300.0,2026-09-30,16:14:42
603777,来伊份,13.5,13.83,13.83,14.13,13.36,61630.0,84070000.0,45.15,45.15,-22.3,3.05,1.84,2850900,3312100.0,2026-09-30,16:14:46
603778,国晟科技,8.02,8.03,8.13,8.4,7.92,451822.0,365890000.0,52.94,51.56,-9.4,22.66,7.03,20898300,24283900.0,2026-09-30,16:14:45
603779,威龙股份,8.07,8.04,8.06,8.17,8.0,72251.0,58430000.0,26.8,26.8,-36.9,5.55,2.18,3164000,4061100.0,2026-09-30,16:14:47
603786,科博达,36.75,37.17,37.17,37.38,36.7,14017.0,51820000.0,148.42,148.42,20.9,2.62,0.35,585000,816800.0,2026-09-30,16:14:45
603787,新日股份,10.46,10.55,10.55,10.62,10.4,18723.0,19610000.0,24.07,24.07,103.92,1.59,0.81,781000,1091300.0,2026-09-30,16:14:47
603788,宁波高发,13.64,13.66,13.69,13.78,13.55,9563.0,13040000.0,30.43,30.43,14.79,1.49,0.43,461100,495200.0,2026-09-30,16:14:49
603789,ST星农,5.84,5.9,5.9,5.9,5.8,16519.0,9650000.0,15.49,15.18,-11.33,26.68,0.64,493400,1158500.0,2026-09-30,16:14:52
603790,雅运股份,24.75,24.75,25.0,25.72,24.62,24008.0,60600000.0,47.36,47.36,52.73,3.63,1.25,1030200,1370600.0,2026-09-30,16:14:55
603797,联泰环保,4.82,5.36,5.4,5.4,4.82,326136.0,159870000.0,27.79,27.79,22.01,0.82,5.66,17291600,15322000.0,2026-09-30,16:14:58
603798,康普顿,14.67,13.69,13.75,14.8,13.7,94693.0,136740000.0,37.62,37.62,92.54,3.1,3.69,5705300,3764000.0,2026-09-30,16:14:48
603799,华友钴业,35.0,34.03,34.09,35.23,33.89,392303.0,1364920000.0,662.73,660.66,9.6,1.3,2.08,22040100,17190100.0,2026-09-30,16:14:50
603800,洪田股份,52.99,53.93,54.7,55.5,52.6,24796.0,133030000.0,110.22,110.22,3949.61,14.36,1.19,1071200,1408400.0,2026-09-30,16:14:48
603801,志邦家居,6.29,6.22,6.26,6.33,6.14,76906.0,48090000.0,27.32,27.32,-30.08,0.94,1.77,4169100,3521500.0,2026-09-30,16:14:50
603803,瑞斯康达,11.06,11.39,11.72,11.73,11.06,237639.0,266890000.0,46.99,46.99,-674.08,3.08,5.59,10604400,13159500.0,2026-09-30,16:14:50
603806,福斯特,13.86,13.76,13.79,13.98,13.72,112427.0,155810000.0,361.57,361.57,32.39,2.22,0.43,6215100,5027600.0,2026-09-30,16:14:54
603808,歌力思,8.83,8.81,8.89,8.98,8.68,27709.0,24400000.0,32.12,32.12,17.81,1.22,0.76,1375400,1395500.0,2026-09-30,16:14:50
603809,豪能股份,8.47,8.49,8.49,8.57,8.44,48772.0,41420000.0,77.95,77.95,27.72,2.1,0.53,2449000,2428200.0,2026-09-30,16:14:53
603810,丰山集团,12.23,12.25,12.32,12.47,12.2,16788.0,20680000.0,20.22,20.22,73.67,1.33,1.02,832200,846600.0,2026-09-30,16:14:56
603811,诚意药业,6.99,6.95,6.96,7.05,6.93,33518.0,23490000.0,32.03,32.03,18.04,2.26,0.73,2020500,1331300.0,2026-09-30,16:14:59
603813,原尚股份,25.92,25.91,26.09,26.39,25.75,4392.0,11430000.0,27.22,27.22,-32.57,5.73,0.42,201800,237400.0,2026-09-30,16:14:51
603815,交建股份,5.11,5.09,5.09,5.14,5.05,46901.0,23920000.0,31.63,31.63,-3.79,2.0,0.76,2226700,2463400.0,2026-09-30,16:14:53
603816,顾家家居,23.81,22.97,22.95,24.14,22.29,108233.0,253220000.0,220.42,194.26,13.0,1.8,1.33,5419600,5403700.0,2026-09-30,16:14:53
603817,海峡环保,5.7,5.73,5.77,5.79,5.64,141050.0,80340000.0,32.49,32.49,14.0,0.98,2.47,5886100,8218900.0,2026-09-30,16:14:57
603818,曲美家居,4.05,4.0,4.01,4.11,4.01,217168.0,88340000.0,27.81,27.81,-15.87,1.45,3.16,9979600,11737200.0,2026-09-30,16:14:51
603819,神力股份,16.06,16.54,16.74,16.86,16.06,62049.0,101070000.0,34.97,34.97,109.52,4.28,2.85,2903200,3301700.0,2026-09-30,16:14:56
603822,ST嘉澳,64.5,62.7,62.68,64.85,62.3,4057.0,25940000.0,49.55,49.23,28.04,10.98,0.53,220900,184800.0,2026-09-30,16:14:54
603823,百合花,42.41,42.69,43.0,43.88,41.77,251597.0,1070390000.0,176.58,176.58,96.55,7.0,6.04,12938500,12221200.0,2026-09-30,16:14:56
603825,ST华扬,7.61,7.58,7.64,7.64,7.51,12020.0,9090000.0,19.28,19.28,-3.4,-28.48,0.47,580900,621100.0,2026-09-30,16:14:56
603826,坤彩科技,15.37,15.53,15.77,15.8,15.24,99867.0,154310000.0,130.92,130.92,383.24,6.99,1.17,4500600,5486100.0,2026-09-30,16:14:59
603828,*ST利达,6.19,6.0,6.02,6.2,5.98,31110.0,19100000.0,36.89,36.89,-12.73,7.96,0.52,2113800,997200.0,2026-09-30,16:14:56
603829,洛凯股份,15.49,15.68,15.74,16.0,15.43,19395.0,30370000.0,28.85,28.85,56.31,1.94,1.04,857100,1082400.0,2026-09-30,16:14:35
603833,欧派家居,31.49,30.26,30.14,31.68,28.87,73260.0,224170000.0,190.74,190.74,13.43,1.08,1.21,4285300,3040700.0,2026-09-30,16:14:55
603836,海程邦达,9.55,9.66,9.66,9.7,9.51,16957.0,16240000.0,27.33,26.64,46.08,1.57,0.61,799100,896600.0,2026-09-30,16:14:59
603838,*ST四通,12.56,12.45,12.58,12.7,12.32,12252.0,15330000.0,40.19,40.19,-44.29,4.65,0.38,701600,523600.0,2026-09-30,16:14:57
603839,安正时尚,6.82,6.88,6.93,6.98,6.74,31803.0,21690000.0,26.39,26.39,-19.43,1.53,0.82,1499100,1681200.0,2026-09-30,16:14:59
603843,*ST正平,6.34,6.18,6.18,6.41,6.18,95622.0,60330000.0,44.36,44.36,-21.73,-43.29,1.37,4892600,4669600.0,2026-09-30,16:14:58
603848,好太太,13.22,13.22,13.22,13.33,13.08,13501.0,17820000.0,53.2,53.2,24.26,2.06,0.34,601700,748400.0,2026-09-30,16:14:59
603855,华荣股份,16.82,16.93,16.93,17.04,16.71,13296.0,22390000.0,56.77,56.44,15.82,2.86,0.4,599800,729800.0,2026-09-30,16:14:59
603856,东宏股份,11.73,11.71,11.76,11.81,11.63,22219.0,26040000.0,33.09,33.09,13.21,1.2,0.79,933900,1288000.0,2026-09-30,16:15:00
603858,步长制药,14.64,14.46,14.5,14.68,14.47,39314.0,57440000.0,154.39,154.39,65.51,1.53,0.37,2267700,1663600.0,2026-09-30,16:14:58
603859,能科科技,37.71,38.16,38.45,38.5,37.63,26216.0,99310000.0,100.46,92.28,47.91,2.4,1.07,1021100,1600500.0,2026-09-30,16:14:36
603860,中公高科,26.32,26.5,26.76,26.85,26.11,8494.0,22510000.0,17.55,17.55,36.17,2.12,1.27,427000,422400.0,2026-09-30,16:14:39
603861,白云电器,10.89,10.75,10.9,10.98,10.79,41077.0,44710000.0,58.86,57.56,28.07,1.47,0.78,2003900,2103800.0,2026-09-30,16:14:42
603863,松炀资源,12.38,12.11,12.25,13.31,12.25,111626.0,143100000.0,25.34,25.34,-13.53,11.62,5.45,5470500,5692100.0,2026-09-30,16:14:45
603866,桃李面包,4.21,4.19,4.21,4.24,4.14,157151.0,65870000.0,67.35,67.35,29.9,1.34,0.98,9215900,6499200.0,2026-09-30,16:14:48
603867,新化股份,34.38,34.51,35.09,35.1,34.2,78509.0,271620000.0,74.77,74.15,27.24,2.42,3.64,3165700,4685300.0,2026-09-30,16:14:51
603868,飞科电器,31.09,30.69,30.85,31.29,30.72,13778.0,42830000.0,135.43,135.43,24.6,4.17,0.32,680900,696900.0,2026-09-30,16:14:54
603869,ST智知,8.6,8.62,8.55,8.67,8.54,4165.0,3570000.0,42.02,42.02,140.97,1.14,0.09,186700,229800.0,2026-09-30,16:14:57
603871,嘉友国际,12.0,11.82,11.89,12.04,11.71,49385.0,59030000.0,164.16,164.16,12.52,2.62,0.36,2583700,2354800.0,2026-09-30,16:15:00
603876,鼎胜新材,17.24,17.21,17.19,17.53,17.03,106177.0,183750000.0,160.21,160.21,19.9,2.11,1.14,5231500,5386200.0,2026-09-30,16:14:34
603877,太平鸟,11.91,11.75,11.88,11.91,11.74,14881.0,17610000.0,55.97,55.9,28.23,1.28,0.32,682100,806000.0,2026-09-30,16:14:36
603878,武进不锈,4.9,4.92,4.92,4.95,4.86,67416.0,33100000.0,27.5,27.5,-61.07,1.09,1.2,3292500,3449100.0,2026-09-30,16:14:40
603879,永悦科技,4.91,4.97,5.02,5.07,4.9,101173.0,50180000.0,17.64,17.64,-29.5,7.42,2.82,4790600,5326700.0,2026-09-30,16:14:40
603880,南卫股份,8.45,8.63,8.6,8.9,8.4,68011.0,58090000.0,24.42,24.42,-22.93,15.32,2.35,2916700,3884500.0,2026-09-30,16:14:43
603881,数据港,22.92,23.04,23.16,23.26,22.83,99918.0,229490000.0,197.58,197.58,141.47,5.84,1.16,4205300,5786500.0,2026-09-30,16:14:46
603882,金域医学,29.06,28.25,28.2,29.8,27.88,120540.0,350090000.0,134.62,133.1,132.3,2.13,2.63,6105100,5948900.0,2026-09-30,16:14:49
603883,老百姓,13.04,12.89,12.86,13.08,12.86,62102.0,80980000.0,98.96,98.96,22.97,1.51,0.82,3684100,2526100.0,2026-09-30,16:14:52
603885,吉祥航空,9.96,9.76,9.8,10.03,9.72,130919.0,129470000.0,216.03,216.03,31.56,2.5,0.6,7482200,5609600.0,2026-09-30,16:14:55
603886,元祖股份,12.76,13.2,13.16,13.32,12.69,53809.0,69630000.0,30.62,30.62,40.74,2.28,2.24,2313500,3067400.0,2026-09-30,16:14:58
603887,城地香江,8.21,8.49,8.5,8.53,8.2,138531.0,114740000.0,49.43,49.43,-44.58,1.4,2.3,6167800,7685300.0,2026-09-30,16:14:37
603888,新华网,17.2,17.27,17.2,17.63,17.12,147584.0,255880000.0,127.66,127.66,39.8,3.34,1.99,7309000,7449500.0,2026-09-30,16:14:38
603889,新澳股份,6.05,5.97,5.97,6.09,5.92,61834.0,37180000.0,57.43,57.0,10.74,1.53,0.66,3746600,2436800.0,2026-09-30,16:14:38
603890,春秋电子,14.97,14.91,15.21,15.4,14.65,158549.0,237010000.0,75.45,75.45,28.62,2.36,3.15,7079800,8775100.0,2026-09-30,16:14:43
603893,瑞芯微,215.57,212.94,214.39,218.51,212.0,93099.0,2002270000.0,912.17,911.64,66.69,18.53,2.2,4660600,4649300.0,2026-09-30,16:14:43
603895,天永智能,25.77,26.56,26.83,26.86,25.65,11389.0,29600000.0,27.85,27.85,164.09,13.41,1.05,481700,657200.0,2026-09-30,16:14:46
603896,寿仙谷,14.82,14.69,14.7,14.83,14.7,11343.0,16770000.0,29.38,29.38,-279.45,1.32,0.57,672600,461700.0,2026-09-30,16:14:49
603897,长城科技,29.58,29.01,29.45,29.85,28.71,60156.0,176120000.0,61.06,61.06,19.09,2.61,2.91,2943800,3071800.0,2026-09-30,16:14:52
603898,好莱客,11.86,11.54,11.73,11.89,11.49,31401.0,36730000.0,35.61,35.61,-80.39,1.19,1.05,1852200,1287900.0,2026-09-30,16:14:55
603899,晨光股份,22.36,21.87,21.83,22.42,21.73,23721.0,52720000.0,204.77,204.77,15.29,2.35,0.26,1425700,946400.0,2026-09-30,16:14:58
603900,莱绅通灵,6.27,6.29,6.33,6.38,6.2,68300.0,42860000.0,21.5,21.49,117.87,1.1,1.99,3104600,3725400.0,2026-09-30,16:14:42
603901,永创智能,9.28,9.32,9.38,9.39,9.28,43272.0,40350000.0,53.52,52.79,26.45,1.5,0.76,1813700,2513500.0,2026-09-30,16:14:46
603903,中持股份,13.7,13.83,14.01,14.45,13.59,79003.0,109420000.0,34.98,34.98,-34.54,2.45,3.09,3585500,4314800.0,2026-09-30,16:14:40
603906,龙蟠科技,19.04,17.31,17.52,19.04,17.15,369931.0,687710000.0,150.63,107.19,45.22,2.91,6.57,14475800,22517300.0,2026-09-30,16:14:44
603908,牧高笛,19.45,19.77,19.9,19.91,19.27,9712.0,19010000.0,18.11,18.11,-37.69,3.64,1.04,512300,458800.0,2026-09-30,16:14:44
603909,建发合诚,10.13,10.17,10.13,10.26,9.93,58990.0,59480000.0,26.41,26.41,22.73,2.25,2.26,3017400,2881600.0,2026-09-30,16:14:47
603912,佳力图,8.79,9.01,9.1,9.12,8.76,139164.0,124060000.0,47.67,47.67,-45.43,2.85,2.57,5630900,8285500.0,2026-09-30,16:14:50
603915,国茂股份,13.29,13.15,13.2,13.4,13.11,47441.0,62980000.0,88.76,87.27,33.31,2.32,0.72,2504100,2239900.0,2026-09-30,16:14:53
603916,苏博特,10.47,10.43,10.5,10.61,10.36,41778.0,43820000.0,44.01,44.01,33.4,1.04,0.99,1884700,2293100.0,2026-09-30,16:14:56
603917,合力科技,13.85,14.04,14.12,14.2,13.81,18262.0,25460000.0,28.23,28.23,178.5,1.71,0.9,706600,1119600.0,2026-09-30,16:14:59
603918,金桥信息,10.41,10.59,10.59,10.62,10.32,59555.0,62000000.0,38.01,38.01,-68.38,3.92,1.63,2367800,3587700.0,2026-09-30,16:14:43
603919,金徽酒,17.4,15.82,15.82,17.4,15.82,127542.0,215840000.0,88.26,88.26,32.67,2.59,2.51,5100200,7654000.0,2026-09-30,16:14:47
603920,世运电路,44.4,46.13,46.69,46.78,44.33,250168.0,1127280000.0,319.94,319.94,83.34,5.06,3.47,10563600,14453200.0,2026-09-30,16:14:46
603922,ST金鸿顺,12.02,12.15,11.99,12.07,11.68,6397.0,7610000.0,21.54,21.54,-21.94,2.3,0.36,366900,272800.0,2026-09-30,16:14:48
603926,铁流股份,16.75,16.84,16.93,17.23,16.67,19853.0,33500000.0,39.03,38.67,39.98,2.22,0.86,943900,1041400.0,2026-09-30,16:14:46
603927,中科软,13.64,13.61,13.63,13.7,13.49,50640.0,68900000.0,113.35,113.35,54.69,3.74,0.61,2576800,2487100.0,2026-09-30,16:14:48
603928,兴业股份,13.07,11.88,11.88,13.07,11.87,102417.0,131910000.0,44.53,44.53,36.83,2.79,3.01,2136200,8105600.0,2026-09-30,16:14:50
603929,亚翔集成,139.46,142.76,143.07,144.0,138.6,17151.0,240660000.0,297.55,297.55,24.36,14.62,0.8,802100,913000.0,2026-09-30,16:14:52
603931,格林达,32.42,33.4,34.08,34.39,32.37,31477.0,104470000.0,64.7,64.7,53.0,3.05,1.58,1255200,1892500.0,2026-09-30,16:14:56
603933,睿能科技,18.31,18.82,18.83,19.18,18.3,18843.0,34920000.0,38.0,38.0,58.39,2.81,0.91,739600,1144700.0,2026-09-30,16:14:59
603936,博敏电子,19.35,20.53,20.52,20.93,19.35,351244.0,695320000.0,124.87,121.98,-151.23,2.93,5.57,13825700,21298700.0,2026-09-30,16:14:49
603937,丽岛新材,12.44,12.87,12.85,12.94,12.42,99036.0,124510000.0,25.99,25.99,110.74,1.67,4.74,3970600,5933000.0,2026-09-30,16:14:51
603938,三孚股份,42.68,43.56,44.49,44.7,42.53,100087.0,434030000.0,163.3,163.3,101.46,6.25,2.62,4402400,5606200.0,2026-09-30,16:14:49
603939,XD益丰药,23.31,22.71,23.4,23.65,22.88,151165.0,350390000.0,282.61,282.61,16.04,2.45,1.25,7454300,7662200.0,2026-09-30,16:14:51
603948,建业股份,21.36,19.42,19.45,21.36,19.45,20013.0,42140000.0,34.71,34.71,22.11,1.7,1.23,473200,1528100.0,2026-09-30,16:14:51
603949,雪龙集团,18.41,20.45,20.46,20.5,18.41,287656.0,550760000.0,38.8,38.7,40.06,3.58,13.68,15819400,12946200.0,2026-09-30,16:14:55
603950,长源东谷,51.72,52.2,53.0,53.23,51.6,24955.0,130290000.0,167.64,167.5,42.8,5.34,0.77,1125700,1369800.0,2026-09-30,16:14:51
603955,大千生态,24.97,25.03,24.99,25.2,24.62,19392.0,48370000.0,40.92,33.89,-27.83,1.94,1.43,824600,1114600.0,2026-09-30,16:14:54
603956,威派格,6.88,6.85,6.98,7.1,6.78,156441.0,107860000.0,39.21,39.21,-19.34,2.21,2.75,6837400,8806700.0,2026-09-30,16:14:57
603958,哈森股份,18.0,18.59,18.5,18.75,17.96,70522.0,129100000.0,39.48,39.48,-167.92,6.0,3.21,2993000,4059200.0,2026-09-30,16:15:00
603959,ST百利,4.09,4.2,4.2,4.23,4.05,65384.0,26930000.0,20.05,20.05,-8.63,-24.34,1.33,2883600,3654800.0,2026-09-30,16:14:49
603960,克来机电,16.81,17.24,17.37,17.5,16.72,73410.0,124690000.0,44.08,44.08,12248.97,3.96,2.8,3458800,3882200.0,2026-09-30,16:14:54
603966,法兰泰克,7.31,7.3,7.33,7.36,7.27,26573.0,19450000.0,38.04,37.99,16.19,1.83,0.51,1232900,1424500.0,2026-09-30,16:14:54
603967,中创物流,12.02,11.92,11.92,12.14,11.83,36117.0,43320000.0,41.67,41.67,14.22,1.79,1.04,1769900,1841800.0,2026-09-30,16:14:58
603968,醋化股份,11.5,11.15,11.16,11.88,11.15,166006.0,190930000.0,23.52,23.52,-34.92,1.33,8.12,7902000,8698600.0,2026-09-30,16:14:52
603969,银龙股份,7.2,7.19,7.32,7.32,7.15,51637.0,37310000.0,62.75,61.31,14.43,2.12,0.61,2787900,2375800.0,2026-09-30,16:14:56
603970,中农立华,11.84,11.74,12.22,12.37,11.82,129181.0,155340000.0,31.83,31.83,20.6,1.99,4.81,6685500,6232600.0,2026-09-30,16:14:55
603976,正川股份,29.59,29.9,30.12,30.48,29.55,25527.0,76230000.0,50.78,50.78,296.93,4.33,1.49,1137700,1415000.0,2026-09-30,16:14:57
603977,国泰集团,10.57,10.67,10.71,10.76,10.51,49671.0,52640000.0,65.67,65.67,28.68,1.91,0.8,2024200,2943000.0,2026-09-30,16:14:57
603978,深圳新星,25.32,27.3,27.3,27.34,25.26,200750.0,521800000.0,53.45,53.45,-144.66,3.22,9.51,10335700,9739400.0,2026-09-30,16:15:00
603979,金诚信,72.28,72.35,72.26,73.39,71.8,28269.0,205480000.0,450.88,450.88,15.87,3.82,0.45,1380900,1446000.0,2026-09-30,16:14:57
603980,吉华集团,9.06,8.84,8.79,9.18,8.71,661267.0,592320000.0,61.32,61.32,63.22,1.58,9.77,31905900,34220800.0,2026-09-30,16:14:36
603982,泉峰汽车,6.77,6.48,6.48,7.13,6.4,342286.0,237140000.0,24.72,22.99,-7.18,1.22,10.08,12380400,21848200.0,2026-09-30,16:14:55
603983,丸美生物,30.86,30.4,30.43,31.6,30.43,32642.0,101320000.0,123.75,123.75,54.2,3.66,0.81,1527100,1737100.0,2026-09-30,16:14:59
603985,恒润股份,16.98,16.79,17.09,17.18,16.59,92426.0,156110000.0,74.86,74.86,67.04,2.25,2.1,4798300,4444300.0,2026-09-30,16:14:58
603986,兆易创新,353.9,367.57,369.75,370.0,351.28,242377.0,8647210000.0,2491.35,2373.67,31.42,6.65,3.61,9832800,14405000.0,2026-09-30,16:15:00
603987,康德莱,7.59,7.47,7.5,7.62,7.47,35534.0,26900000.0,33.15,33.15,14.57,1.17,0.81,2139800,1413600.0,2026-09-30,16:14:55
603988,中电电机,17.0,17.02,17.1,17.38,16.94,22026.0,37720000.0,39.98,39.98,10645.03,6.09,0.94,1019100,1183500.0,2026-09-30,16:15:00
603989,艾华集团,27.01,28.0,28.2,28.29,26.96,146228.0,400320000.0,107.71,107.71,37.15,2.71,3.67,7071100,7551700.0,2026-09-30,16:15:00
603990,麦迪科技,19.34,18.94,18.96,19.36,18.7,134348.0,256720000.0,59.03,59.03,338.03,7.01,4.4,6808700,6626100.0,2026-09-30,16:14:58
603991,领先股份,165.82,169.2,170.0,170.88,165.53,26127.0,437970000.0,253.22,148.47,162.1,6.99,2.92,1099700,1512900.0,2026-09-30,16:14:58
603992,松霖科技,19.39,19.27,19.31,19.58,19.3,16808.0,32700000.0,85.91,85.91,32.17,2.47,0.38,819000,861800.0,2026-09-30,16:14:34
603993,洛阳钼业,16.88,16.75,16.8,16.89,16.67,780782.0,1311000000.0,3611.36,2947.39,12.98,4.12,0.45,42504700,35573500.0,2026-09-30,16:14:37
603995,甬金股份,25.62,25.27,25.27,25.85,25.17,29069.0,74430000.0,93.16,93.16,15.44,1.57,0.8,1290700,1616300.0,2026-09-30,16:14:40
603997,继峰股份,13.65,13.65,13.69,13.85,13.45,147508.0,202100000.0,173.66,173.66,26.12,3.16,1.16,7716600,7034200.0,2026-09-30,16:14:58
603998,方盛制药,10.36,10.26,10.25,10.41,10.25,67714.0,70220000.0,45.49,45.49,13.59,2.69,1.54,3063400,3708000.0,2026-09-30,16:14:46
603999,XD读者传,6.78,6.64,6.69,7.25,6.65,276335.0,190450000.0,39.05,39.05,49.28,1.89,4.8,13106000,14527500.0,2026-09-30,16:14:49
605001,威奥股份,5.78,5.86,5.88,5.92,5.76,29164.0,16940000.0,22.71,22.71,1396.74,0.86,0.74,1321200,1595200.0,2026-09-30,16:14:52
605003,众望布艺,24.21,24.47,24.6,24.91,24.01,8501.0,20780000.0,26.63,26.63,39.06,1.86,0.77,404000,446100.0,2026-09-30,16:14:55
605005,合兴股份,16.07,15.93,16.0,16.14,15.96,6737.0,10820000.0,64.44,64.44,35.67,3.1,0.17,417200,256500.0,2026-09-30,16:14:58
605006,山东玻纤,14.58,14.64,14.91,14.99,14.4,178838.0,260390000.0,95.3,95.3,1348.28,3.09,2.74,8448100,9435600.0,2026-09-30,16:14:34
605007,五洲特纸,14.38,14.2,14.28,14.65,14.28,25591.0,37030000.0,68.41,68.24,19.38,1.88,0.54,1435300,1123800.0,2026-09-30,16:14:36
605008,长鸿高科,13.71,13.98,14.21,14.21,13.66,34783.0,48140000.0,88.56,88.56,-130.14,4.61,0.54,1736400,1741900.0,2026-09-30,16:14:38
605009,豪悦护理,25.52,25.09,25.15,25.59,25.09,16118.0,41060000.0,54.86,54.86,23.11,1.63,0.75,862200,749500.0,2026-09-30,16:14:41
605011,杭州热电,19.21,17.46,17.47,19.21,17.46,122292.0,231190000.0,76.86,76.86,44.72,3.12,3.06,4328100,7901100.0,2026-09-30,16:14:44
605016,百龙创园,21.11,20.73,21.2,21.23,20.84,16194.0,34130000.0,88.66,88.66,21.66,4.28,0.39,1045900,573600.0,2026-09-30,16:14:47
605018,长华集团,11.66,11.83,11.8,12.04,11.5,87642.0,102880000.0,54.81,54.81,68.79,1.98,1.86,3927100,4837100.0,2026-09-30,16:14:50
605020,永和股份,30.3,30.4,30.5,30.8,30.14,50766.0,154230000.0,154.78,154.78,19.27,2.62,0.99,2651800,2424800.0,2026-09-30,16:14:53
605028,世茂能源,23.75,23.89,24.12,24.57,23.65,12754.0,30690000.0,38.0,38.0,33.42,3.08,0.8,681900,593500.0,2026-09-30,16:14:56
605033,美邦股份,19.6,19.49,19.55,19.81,19.5,19434.0,38260000.0,26.5,26.5,41.67,2.23,1.44,1032700,910700.0,2026-09-30,16:14:59
605050,福然德,10.05,9.99,10.04,10.08,9.97,10897.0,10930000.0,49.53,49.53,12.96,1.11,0.22,462100,627600.0,2026-09-30,16:14:34
605055,迎丰股份,8.69,8.76,8.77,8.87,8.68,25733.0,22500000.0,38.24,38.24,-82.2,3.97,0.58,1091600,1481700.0,2026-09-30,16:14:39
605056,咸亨国际,13.48,13.73,13.95,13.95,13.32,43944.0,59560000.0,55.19,54.38,21.12,3.15,1.09,2053600,2340800.0,2026-09-30,16:14:39
605058,澳弘电子,53.64,59.6,59.6,60.0,53.64,132766.0,731310000.0,76.67,76.67,55.55,4.32,9.29,6964600,6311900.0,2026-09-30,16:14:43
605060,联德股份,37.03,37.85,37.93,38.48,36.84,19105.0,71500000.0,89.09,88.46,34.56,3.54,0.8,789400,1121100.0,2026-09-30,16:14:44
605066,天正电气,6.71,6.7,6.75,6.78,6.65,32130.0,21540000.0,33.71,33.71,76.15,1.99,0.64,1506700,1706300.0,2026-09-30,16:14:47
605068,明新旭腾,20.32,20.12,20.49,20.6,20.08,30190.0,61250000.0,32.96,32.96,-915.22,2.18,1.86,1541700,1477300.0,2026-09-30,16:14:50
605069,正和生态,11.86,12.46,12.38,12.45,11.71,160650.0,191890000.0,25.11,25.11,-10.01,3.98,7.59,6204700,9860300.0,2026-09-30,16:14:53
605077,华康股份,11.53,11.31,11.39,11.55,11.32,68934.0,79010000.0,34.9,34.56,32.15,1.17,2.3,3759400,3134000.0,2026-09-30,16:14:56
605080,浙江自然,22.72,23.0,23.18,23.18,22.62,10183.0,23240000.0,32.01,31.89,19.35,1.39,0.73,438500,579800.0,2026-09-30,16:14:59
605081,退市太和,0.4,0.4,0.0,0.0,0.0,0.0,0.0,0.45,0.45,-0.16,0.07,0.0,0,0.0,2026-09-30,09:00:00
605086,龙高股份,23.21,23.31,23.29,24.41,23.21,14957.0,35440000.0,41.59,41.59,35.97,2.62,0.83,599500,896200.0,2026-09-30,16:14:42
605088,冠盛股份,23.33,23.75,23.99,24.19,23.07,90311.0,212400000.0,47.27,46.94,18.25,1.63,4.49,4354700,4676500.0,2026-09-30,16:14:46
605089,味知香,21.84,21.94,22.11,22.11,21.73,15162.0,33110000.0,30.14,30.14,38.65,2.44,1.1,775800,740300.0,2026-09-30,16:14:40
605090,九丰能源,31.25,30.33,30.48,31.6,30.35,85474.0,266680000.0,220.81,220.58,14.07,1.8,1.21,4324300,4223100.0,2026-09-30,16:14:44
605098,行动教育,52.83,52.47,52.47,53.24,52.47,4021.0,21250000.0,63.0,63.0,17.49,6.99,0.34,183200,219000.0,2026-09-30,16:14:45
605099,共创草坪,27.97,27.77,27.79,28.15,27.68,7328.0,20430000.0,112.62,112.47,16.05,3.56,0.18,401500,331300.0,2026-09-30,16:14:48
605100,华丰股份,35.83,34.55,35.33,36.2,34.8,81103.0,289230000.0,85.64,85.24,299.92,4.74,3.41,3553000,4557300.0,2026-09-30,16:14:51
605108,同庆楼,12.11,12.21,12.27,12.28,12.04,20328.0,24660000.0,31.49,31.49,99.87,1.38,0.78,1028300,1004500.0,2026-09-30,16:14:54
605111,新洁能,54.0,56.12,56.41,56.6,53.96,81015.0,443150000.0,224.28,224.28,57.23,4.98,1.95,3864600,4236900.0,2026-09-30,16:14:57
605116,奥锐特,20.07,19.28,19.2,20.22,19.2,37438.0,74750000.0,81.52,81.52,21.85,3.07,0.92,2316400,1427400.0,2026-09-30,16:15:00
605117,德业股份,78.16,77.85,77.92,78.5,77.17,61863.0,481870000.0,995.2,995.2,22.79,8.66,0.49,3002000,3184200.0,2026-09-30,16:14:43
605118,力鼎光电,32.17,31.62,31.62,32.99,31.36,40851.0,131580000.0,132.29,131.53,42.98,8.26,1.0,2003800,2081300.0,2026-09-30,16:14:47
605122,四方新材,12.28,12.24,12.35,12.55,12.1,23022.0,28310000.0,21.17,21.17,-7.63,1.22,1.34,1033700,1268400.0,2026-09-30,16:14:46
605123,派克新材,76.4,77.46,77.54,78.15,76.2,6948.0,53450000.0,92.57,92.57,33.56,1.98,0.57,281100,413700.0,2026-09-30,16:14:48
605128,上海沿浦,23.75,23.62,23.62,23.89,23.35,22164.0,52290000.0,74.57,74.57,36.84,3.42,0.71,961900,1254500.0,2026-09-30,16:14:45
605133,嵘泰股份,24.01,24.35,24.48,24.95,23.94,42005.0,102620000.0,68.49,67.74,37.86,1.79,1.49,1910300,2290200.0,2026-09-30,16:14:48
605136,丽人丽妆,8.66,8.98,8.98,8.99,8.6,219037.0,190960000.0,34.68,34.68,-140.35,1.44,5.47,10054800,11848900.0,2026-09-30,16:14:51
605138,盛泰集团,6.19,6.18,6.19,6.23,6.11,24193.0,14940000.0,34.39,34.39,21.57,1.41,0.44,1101400,1317900.0,2026-09-30,16:14:54
605151,西上海,18.61,18.78,18.94,18.94,18.46,9910.0,18470000.0,25.04,25.04,73.69,1.8,0.74,475900,515100.0,2026-09-30,16:14:57
605155,西大门,14.25,14.42,14.5,14.56,14.12,20561.0,29360000.0,27.15,26.71,26.43,2.0,1.1,1089400,966700.0,2026-09-30,16:15:00
605158,华达新材,7.61,7.75,7.68,7.83,7.57,38551.0,29490000.0,38.92,38.92,145.61,1.58,0.75,1706400,2148700.0,2026-09-30,16:14:49
605162,新中港,10.59,11.77,11.77,11.97,10.59,325504.0,363950000.0,46.9,46.9,45.95,2.84,7.35,13988100,18562300.0,2026-09-30,16:14:51
605166,聚合顺,8.42,8.45,8.49,8.58,8.4,31347.0,26570000.0,26.5,26.5,27.26,1.33,1.0,1635400,1499300.0,2026-09-30,16:14:46
605167,利柏特,15.68,15.38,15.47,15.79,15.32,45623.0,71330000.0,79.95,79.95,41.94,2.81,0.89,2088300,2474000.0,2026-09-30,16:14:51
605168,三人行,50.03,49.87,50.01,51.0,48.94,37219.0,185930000.0,105.47,105.47,84.65,3.98,1.77,1813000,1908900.0,2026-09-30,16:14:51
605169,洪通燃气,13.21,13.1,13.11,13.33,13.0,24710.0,32600000.0,37.37,37.37,25.31,1.81,0.87,1073600,1397400.0,2026-09-30,16:14:55
605177,东亚药业,24.26,24.82,25.21,25.21,24.18,56031.0,137650000.0,27.83,27.57,-16.32,1.75,4.93,2541800,3061300.0,2026-09-30,16:14:49
605178,时空科技,63.4,63.54,63.7,64.3,62.53,21959.0,139300000.0,62.82,62.82,-30.39,5.89,2.22,982500,1213400.0,2026-09-30,16:14:53
605179,一鸣食品,23.56,23.47,23.62,24.27,22.91,142852.0,336520000.0,94.48,94.48,162.92,8.15,3.56,7155500,7129700.0,2026-09-30,16:14:55
605180,华生科技,13.9,14.18,14.24,14.24,13.8,39223.0,54990000.0,23.49,23.49,4109.92,2.08,2.32,1901800,2020500.0,2026-09-30,16:14:58
605183,XD确成股,16.4,16.4,16.45,16.61,16.15,24120.0,39510000.0,68.09,67.64,17.12,1.85,0.58,1214800,1197200.0,2026-09-30,16:14:49
605186,健麾信息,24.66,25.07,25.44,25.58,24.6,10609.0,26340000.0,33.54,33.54,102.06,3.02,0.78,498200,562700.0,2026-09-30,16:14:54
605188,国光连锁,12.4,12.41,12.4,12.51,12.32,55583.0,68970000.0,63.08,63.08,361.94,5.09,1.09,2779500,2778800.0,2026-09-30,16:14:54
605189,富春染织,13.73,13.72,13.73,13.81,13.64,37654.0,51670000.0,32.71,32.71,13.46,1.27,1.58,1454600,2310900.0,2026-09-30,16:14:58
605196,华通线缆,33.2,33.17,33.11,34.03,33.02,67640.0,225510000.0,169.64,168.45,54.49,4.96,1.33,3172900,3591200.0,2026-09-30,16:14:52
605198,安德利,64.75,65.68,67.83,68.0,64.47,47492.0,311710000.0,212.31,175.17,84.08,7.85,1.76,2238400,2510800.0,2026-09-30,16:14:57
605199,ST葫芦娃,5.71,5.72,5.72,5.76,5.67,8098.0,4610000.0,22.85,22.85,-5.67,7.64,0.2,490800,319000.0,2026-09-30,16:14:55
605208,永茂泰,14.59,14.61,14.59,14.7,14.38,46102.0,67050000.0,48.14,48.14,37.55,2.12,1.4,2613100,1997200.0,2026-09-30,16:14:57
605218,伟时电子,13.9,14.13,14.14,14.34,13.83,43463.0,60960000.0,33.75,33.75,-68.9,1.94,1.79,2031600,2314700.0,2026-09-30,16:14:55
605222,起帆电缆,22.11,21.79,21.93,22.5,21.86,39806.0,88410000.0,91.29,91.29,44.86,1.91,0.96,1927300,2053300.0,2026-09-30,16:14:58
605228,神通科技,11.24,11.21,11.2,11.34,11.13,32000.0,35990000.0,53.91,53.63,33.44,2.38,0.67,1439300,1760800.0,2026-09-30,16:14:57
605255,天普股份,58.87,56.2,57.04,61.3,56.23,10309.0,60850000.0,78.93,78.93,15099.29,9.9,0.77,562700,468200.0,2026-09-30,16:14:34
605258,协和电子,39.61,44.01,43.17,43.6,39.61,86578.0,351760000.0,34.86,34.86,52.81,2.91,9.84,3748400,4909400.0,2026-09-30,16:14:56
605259,绿田机械,17.39,17.3,17.37,17.46,17.2,3483.0,6040000.0,29.99,29.99,15.5,1.63,0.2,182000,166300.0,2026-09-30,16:15:00
605266,健之佳,16.04,15.96,16.03,16.14,15.9,11090.0,17760000.0,24.79,24.79,19.15,0.98,0.72,627000,482100.0,2026-09-30,16:14:58
605268,王力安防,10.12,10.22,10.25,10.33,9.97,50555.0,51020000.0,44.58,44.58,35.1,2.69,1.15,2087300,2968200.0,2026-09-30,16:14:47
605277,新亚电子,16.73,17.04,17.07,17.21,16.71,62407.0,105450000.0,65.04,64.61,25.98,3.69,1.62,2514800,3725900.0,2026-09-30,16:14:56
605286,同力天启,24.85,24.38,24.4,25.2,24.26,19454.0,48120000.0,41.75,41.75,40.76,1.93,1.16,997700,947700.0,2026-09-30,16:15:00
605287,德才股份,37.39,33.99,34.2,37.39,33.99,76650.0,279960000.0,52.35,52.35,78.06,3.29,5.47,3528700,4136300.0,2026-09-30,16:15:00
605288,凯迪股份,71.83,65.3,66.31,71.83,64.79,29529.0,208050000.0,71.02,70.59,1307.4,3.27,3.0,955900,1997000.0,2026-09-30,16:14:59
605289,罗曼股份,94.05,94.91,95.38,96.99,92.88,16409.0,155440000.0,143.53,143.41,126.87,10.49,1.08,739300,901600.0,2026-09-30,16:14:59
605296,神农集团,31.48,31.6,31.63,32.07,31.3,17079.0,54000000.0,165.66,163.06,-19.32,3.98,0.33,918400,789500.0,2026-09-30,16:14:35
605298,必得科技,40.88,41.92,41.93,42.49,40.88,4621.0,19160000.0,76.79,76.14,138.3,7.28,0.25,206000,256100.0,2026-09-30,16:14:38
605299,舒华体育,12.2,12.3,12.4,12.5,12.16,48113.0,59120000.0,49.73,49.73,43.08,4.08,1.18,2228000,2583300.0,2026-09-30,16:14:41
605300,佳禾食品,10.39,10.26,10.3,10.5,10.29,30732.0,31950000.0,47.21,47.21,100.43,1.65,0.68,1503500,1569700.0,2026-09-30,16:14:59
605303,园林股份,28.66,26.05,28.66,28.66,28.66,1724.0,4940000.0,46.21,46.21,-27.76,5.87,0.11,0,172400.0,2026-09-30,16:14:47
605305,中际联合,30.33,30.24,30.13,30.85,30.13,16929.0,51470000.0,64.46,64.46,12.12,2.13,0.8,894300,798600.0,2026-09-30,16:14:50
605318,法狮龙,70.29,71.46,72.2,72.92,69.55,9906.0,70170000.0,88.37,88.37,-723.81,14.09,0.79,466600,524000.0,2026-09-30,16:14:37
605319,XD无锡振,22.22,22.1,22.2,22.5,22.0,24452.0,54220000.0,77.79,77.36,16.58,2.77,0.7,1175300,1269900.0,2026-09-30,16:14:56
605333,沪光股份,16.57,16.3,16.39,16.74,16.24,16233.0,26850000.0,76.89,76.89,29.76,2.3,0.35,1032700,590600.0,2026-09-30,16:14:59
605336,*ST帅电,11.85,11.48,11.48,11.85,11.46,9306.0,10910000.0,21.73,21.73,-31.2,1.21,0.51,587100,343500.0,2026-09-30,16:14:35
605337,李子园,9.29,9.1,9.11,9.35,9.07,46461.0,42910000.0,36.01,36.01,21.8,2.25,1.2,2199000,2447100.0,2026-09-30,16:14:37
605338,巴比食品,17.97,17.59,17.59,18.04,17.55,18365.0,32790000.0,43.05,43.05,15.6,1.97,0.77,1021100,815400.0,2026-09-30,16:14:39
605339,南侨食品,13.26,13.2,13.28,13.31,13.11,8650.0,11440000.0,56.26,56.26,770.54,1.65,0.2,408900,456100.0,2026-09-30,16:14:42
605358,立昂微,45.36,46.13,46.48,46.77,44.81,278238.0,1266760000.0,350.27,350.27,510.94,3.27,3.6,12893900,14929900.0,2026-09-30,16:14:45
605365,立达信,14.53,14.51,14.72,14.72,14.5,38667.0,56400000.0,72.94,72.94,34.87,1.95,0.77,1876900,1989800.0,2026-09-30,16:14:48
605366,宏柏新材,10.41,9.75,9.75,10.48,9.61,901918.0,911340000.0,80.45,80.45,-53.75,3.0,11.67,49753000,40438800.0,2026-09-30,16:14:51
605368,蓝天燃气,6.68,6.63,6.62,6.69,6.61,15515.0,10340000.0,47.74,47.74,20.2,1.41,0.22,977300,574200.0,2026-09-30,16:14:54
605369,拱东医疗,18.2,18.05,17.98,18.42,17.88,13529.0,24720000.0,40.0,40.0,71.63,2.36,0.62,724700,628200.0,2026-09-30,16:14:57
605376,博迁新材,114.32,118.55,119.58,119.64,114.15,105869.0,1227070000.0,299.06,299.06,119.98,16.39,4.05,5724000,4863000.0,2026-09-30,16:15:00
605377,华旺科技,8.08,7.92,7.96,8.15,7.94,43012.0,34680000.0,44.98,44.98,18.25,1.18,0.77,2408900,1892300.0,2026-09-30,16:14:35
605378,野马电池,15.7,16.58,15.92,16.16,15.52,132112.0,208440000.0,41.03,41.03,242.49,3.41,5.06,5249200,7962000.0,2026-09-30,16:14:39
605388,均瑶健康,7.39,6.72,7.39,7.39,7.39,114999.0,84980000.0,44.38,44.38,-22.97,2.9,1.92,1339800,10160100.0,2026-09-30,16:14:39
605389,长龄液压,60.88,61.44,61.44,62.6,60.69,7579.0,46680000.0,113.84,113.84,85.96,5.53,0.41,330700,427200.0,2026-09-30,16:14:44
605398,新炬网络,23.76,23.16,23.24,24.83,22.9,117596.0,279600000.0,38.66,38.66,1589.16,3.77,7.23,5630600,6129100.0,2026-09-30,16:14:45
605399,晨光新材,11.63,11.73,11.75,12.03,11.62,44868.0,52890000.0,36.21,36.17,-28.05,1.78,1.44,2017100,2469700.0,2026-09-30,16:14:48
605488,福莱新材,29.42,29.98,30.0,31.3,29.39,74829.0,226030000.0,88.26,87.81,112.69,3.94,2.51,3185200,4297700.0,2026-09-30,16:14:51
605499,东鹏饮料,112.25,110.19,110.18,112.52,109.22,29388.0,326790000.0,824.14,758.83,16.79,4.77,0.43,1748300,1190400.0,2026-09-30,16:14:54
605500,森林包装,7.39,7.42,7.45,7.49,7.38,20834.0,15470000.0,30.62,30.62,79.97,1.19,0.5,937100,1146300.0,2026-09-30,16:14:57
605507,国邦医药,18.09,17.87,17.9,18.31,17.87,56118.0,101940000.0,141.53,141.53,20.03,1.69,0.72,2957600,2654300.0,2026-09-30,16:15:00
605555,德昌股份,12.66,12.76,12.76,12.97,12.62,53535.0,68320000.0,61.28,61.28,71.64,2.14,1.11,2766600,2586900.0,2026-09-30,16:14:43
605566,福莱蒽特,32.07,32.02,32.14,32.8,31.81,34632.0,111980000.0,42.76,42.76,83.2,2.09,2.6,1533600,1929600.0,2026-09-30,16:14:47
605567,春雪食品,9.67,9.64,9.64,9.76,9.56,31771.0,30770000.0,19.24,19.24,42.11,1.75,1.6,1637400,1539700.0,2026-09-30,16:14:41
605577,龙版传媒,16.28,14.8,15.36,16.28,15.36,102761.0,165530000.0,72.36,72.36,39.6,1.85,2.31,2194300,8081800.0,2026-09-30,16:14:45
605580,恒盛能源,20.85,21.03,21.28,21.6,20.81,61772.0,130540000.0,58.38,58.38,32.08,5.64,2.21,2868900,3308300.0,2026-09-30,16:14:44
605588,冠石科技,44.24,45.6,45.99,46.31,44.13,7139.0,32070000.0,32.42,32.34,-31.13,3.52,0.98,261000,452900.0,2026-09-30,16:14:46
605589,圣泉集团,35.67,36.08,36.45,36.79,35.52,157210.0,566750000.0,301.9,301.74,31.68,2.8,1.86,7037800,8683200.0,2026-09-30,16:14:49
605598,上海港湾,23.67,23.7,24.22,24.33,23.57,16353.0,39070000.0,57.01,57.01,-179.33,3.56,0.68,740800,894500.0,2026-09-30,16:14:52
605599,菜百股份,13.54,13.24,13.28,13.54,13.25,40666.0,54550000.0,105.31,105.31,9.48,2.38,0.52,2611900,1454700.0,2026-09-30,16:14:55
688001,华兴源创,60.69,62.45,63.19,63.65,60.6,7597613.0,471240000.0,286.19,286.19,296.71,6.7,1.61,365938300,393823000.0,2026-09-30,16:14:58
688002,睿创微纳,173.42,176.56,177.89,177.89,172.5,5813371.0,1014870000.0,807.36,807.36,39.71,10.48,1.25,264699800,316637300.0,2026-09-30,16:14:44
688003,天准科技,71.9,74.46,75.6,75.61,71.7,2626097.0,191560000.0,140.05,140.05,74.18,7.01,1.35,124549800,138059900.0,2026-09-30,16:14:48
688004,博汇科技,29.95,31.04,31.61,31.67,29.2,8397485.0,252590000.0,23.99,23.99,-90.96,4.27,10.49,381313700,458434800.0,2026-09-30,16:14:47
688005,容百科技,23.48,23.07,23.07,24.08,23.01,12235624.0,289140000.0,167.79,167.79,-1738.8,2.16,1.71,620600200,602962200.0,2026-09-30,16:14:49
688006,杭可科技,20.35,20.29,20.5,20.73,20.05,7032076.0,143780000.0,122.85,122.85,51.06,2.27,1.16,373567900,329639700.0,2026-09-30,16:14:44
688007,光峰科技,10.54,10.66,10.75,10.79,10.5,4584008.0,48530000.0,48.44,48.44,-20.62,2.05,1.0,180928800,277472000.0,2026-09-30,16:14:49
688008,澜起科技,202.31,212.6,212.99,214.5,201.3,26524480.0,5433710000.0,2469.27,2315.97,80.33,11.6,2.32,1288904100,1363543900.0,2026-09-30,16:14:49
688009,中国通号,4.69,4.64,4.64,4.69,4.63,17304060.0,80680000.0,496.66,404.33,14.03,1.06,0.2,1044934100,685471900.0,2026-09-30,16:14:53
688010,福光股份,27.16,27.77,28.26,28.48,27.09,3241831.0,89430000.0,43.61,43.61,153.2,2.54,2.02,117061800,207121300.0,2026-09-30,16:14:55
688011,新光光电,59.24,61.07,61.98,62.56,57.74,1956853.0,116570000.0,58.94,58.74,-116.14,5.68,1.97,91617900,104067400.0,2026-09-30,16:14:58
688012,中微公司,318.55,324.78,326.98,333.56,317.93,11917414.0,3861030000.0,3051.21,3001.37,72.12,10.16,1.26,589536400,602205000.0,2026-09-30,16:14:47
688013,天臣医疗,24.81,24.8,24.98,25.3,24.8,887946.0,22220000.0,20.13,20.13,39.7,4.07,1.09,44716600,44078000.0,2026-09-30,16:14:49
688015,交控科技,17.04,16.8,16.89,17.28,16.7,2544167.0,43330000.0,32.15,32.15,20.15,1.22,1.35,138744800,115671900.0,2026-09-30,16:14:47
688016,心脉医疗,85.48,83.84,83.85,85.75,83.6,1095496.0,93250000.0,105.36,105.36,18.45,2.47,0.89,66395200,43154400.0,2026-09-30,16:14:49
688017,绿的谐波,273.75,275.6,277.0,283.38,272.5,3833135.0,1060700000.0,501.87,501.87,355.78,14.06,2.09,186490500,196823000.0,2026-09-30,16:14:52
688018,乐鑫科技,115.08,115.79,116.28,118.49,114.2,4390011.0,509480000.0,269.73,269.73,47.25,5.73,1.87,232532200,206468900.0,2026-09-30,16:14:56
688019,安集科技,211.0,214.22,218.06,218.22,207.13,4598221.0,974230000.0,481.83,481.83,51.27,9.87,2.01,221742200,238079900.0,2026-09-30,16:14:50
688020,方邦股份,130.56,137.29,139.2,139.2,129.6,2399373.0,318260000.0,107.61,107.61,-116.0,8.26,2.91,109805000,130132300.0,2026-09-30,16:14:53
688021,奥福科技,19.81,20.27,20.36,20.36,19.79,1041301.0,20840000.0,15.14,15.14,42.96,1.72,1.36,50543000,53587100.0,2026-09-30,16:14:56
688022,ST瀚川,9.21,9.1,9.09,9.25,9.04,2180762.0,19970000.0,15.7,15.7,106.78,2.96,1.28,92907900,125168300.0,2026-09-30,16:14:59
688023,安恒信息,46.27,47.47,47.0,47.92,45.8,4397011.0,205010000.0,47.28,47.28,-119.4,2.2,4.3,205652700,234048400.0,2026-09-30,16:14:50
688025,杰普特,419.45,414.0,422.33,434.69,413.48,2512920.0,1070010000.0,398.68,398.68,105.2,15.62,2.64,143155400,108136600.0,2026-09-30,16:14:52
688026,洁特生物,27.61,24.54,24.85,28.28,24.77,14209184.0,380590000.0,38.75,38.75,170.62,3.57,10.12,728492000,692426400.0,2026-09-30,16:14:52
688027,国盾量子,328.49,339.01,342.7,343.0,328.01,1490349.0,496370000.0,337.89,264.02,5625.33,10.49,1.85,63396500,85638400.0,2026-09-30,16:14:56
688028,沃尔德,109.64,116.25,116.94,117.49,109.09,9939750.0,1114470000.0,165.5,165.5,151.39,8.1,6.58,474334500,519640500.0,2026-09-30,16:14:50
688029,南微医学,86.76,84.05,83.7,89.35,83.4,2971222.0,259480000.0,162.98,162.98,31.93,3.89,1.58,159148500,137973700.0,2026-09-30,16:14:54
688030,山石网科,19.59,19.38,19.86,20.31,19.4,5792849.0,114470000.0,35.31,35.31,-25.57,5.08,3.21,293279400,286005500.0,2026-09-30,16:14:53
688031,星环科技-U,88.0,90.39,91.74,92.0,87.8,3915637.0,349730000.0,118.93,106.6,-55.3,15.86,3.23,194348400,197215300.0,2026-09-30,16:14:55
688032,禾迈股份,67.57,67.24,67.6,68.05,66.79,459222.0,31000000.0,83.84,83.84,-24.56,1.53,0.37,26375000,19547200.0,2026-09-30,16:14:56
688033,*ST天宜,7.21,7.29,7.29,7.37,7.13,2219569.0,16030000.0,40.53,40.53,-1.85,3.25,0.39,51877700,170079200.0,2026-09-30,16:14:59
688035,德邦科技,71.6,74.67,76.0,76.5,71.12,4923809.0,358620000.0,101.84,101.84,78.29,4.27,3.46,229710000,262670900.0,2026-09-30,16:14:55
688036,传音控股,53.8,53.49,53.15,54.65,52.9,6038757.0,325390000.0,619.34,619.34,19.72,3.06,0.52,310194300,293681400.0,2026-09-30,16:14:59
688037,芯源微,327.27,340.63,342.38,347.0,324.68,2484270.0,828030000.0,661.41,661.41,1036.0,23.46,1.23,120838600,127588400.0,2026-09-30,16:14:53
688038,中科通达,18.93,19.1,19.18,19.31,18.86,930506.0,17680000.0,22.03,22.03,-2333.67,3.69,0.8,44729900,48320700.0,2026-09-30,16:14:57
688039,当虹科技,34.86,34.78,35.43,36.13,34.42,4643766.0,163240000.0,38.56,38.56,-32.89,3.74,4.2,246197200,218179400.0,2026-09-30,16:14:56
688041,海光信息,226.8,235.88,236.2,238.0,226.1,17726916.0,4057000000.0,5271.6,5271.6,167.78,20.78,0.76,865390000,907301600.0,2026-09-30,16:14:58
688045,必易微,55.2,57.4,57.21,57.98,54.88,1423903.0,79730000.0,38.96,38.96,66.61,2.67,2.02,51744000,90646300.0,2026-09-30,16:14:56
688046,药康生物,37.94,34.98,34.86,38.78,34.83,16589266.0,614610000.0,155.62,155.62,85.25,6.86,4.04,899207600,759719000.0,2026-09-30,16:14:58
688047,龙芯中科,98.1,100.2,100.53,100.88,97.97,2717123.0,268230000.0,393.38,393.38,-102.29,17.13,0.68,135694800,136017500.0,2026-09-30,16:14:58
688048,长光华芯,289.7,296.9,299.86,302.4,288.68,6166749.0,1813140000.0,510.68,510.68,1184.13,16.8,3.5,299487400,317187500.0,2026-09-30,16:15:00
688049,炬芯科技,45.78,47.0,47.08,47.26,45.66,5241771.0,242620000.0,80.58,80.58,36.3,3.8,2.98,250569300,273607800.0,2026-09-30,16:14:56
688050,爱博医疗,38.8,38.0,38.05,39.05,37.98,1953110.0,75570000.0,75.05,75.05,31.61,2.6,1.01,104986700,90324300.0,2026-09-30,16:15:00
688051,佳华科技,25.03,25.54,25.8,25.93,25.03,1226399.0,31110000.0,19.36,19.36,-14.1,3.57,1.59,55936800,66703100.0,2026-09-30,16:14:59
688052,纳芯微,236.32,240.36,241.59,244.48,235.35,1280620.0,305850000.0,386.4,338.91,-464.01,4.95,0.89,57956200,70105800.0,2026-09-30,16:14:42
688053,ST思科瑞,39.39,39.39,39.39,39.88,39.22,432055.0,17070000.0,39.39,39.39,-287.23,2.47,0.43,22485200,20720300.0,2026-09-30,16:14:59
688055,龙腾光电,3.62,3.65,3.67,3.7,3.6,6637106.0,24160000.0,120.67,120.67,-43.87,3.1,0.2,257001600,406709000.0,2026-09-30,16:14:48
688056,莱伯泰科,49.9,48.31,49.19,51.84,47.51,4054714.0,201400000.0,33.66,33.66,103.0,4.17,6.01,183580900,221890500.0,2026-09-30,16:14:51
688057,金达莱,18.51,18.8,18.8,19.18,18.51,1992756.0,37440000.0,51.09,51.09,139.14,1.64,0.72,91119200,108156400.0,2026-09-30,16:14:54
688058,宝兰德,25.6,26.22,26.48,26.58,25.51,1035051.0,26690000.0,19.41,19.41,-29.45,3.28,1.36,51252500,52252600.0,2026-09-30,16:14:59
688059,华锐精密,82.02,84.7,85.2,86.37,81.8,2184002.0,182190000.0,114.81,107.45,33.86,5.28,1.67,86264300,132135900.0,2026-09-30,16:15:00
688060,云涌科技,36.15,37.1,37.11,37.59,36.02,387423.0,14130000.0,21.76,21.76,-96.52,2.48,0.64,17879700,20862600.0,2026-09-30,16:14:33
688061,灿瑞科技,42.37,44.07,44.64,44.74,42.25,1706438.0,73790000.0,48.68,48.68,-87.0,2.16,1.49,80933500,89710300.0,2026-09-30,16:14:36
688062,迈威生物-U,27.04,26.01,26.28,27.92,25.9,8947703.0,242760000.0,120.8,62.26,-12.85,13.83,3.89,486822000,407948300.0,2026-09-30,16:14:40
688063,派能科技,40.9,40.16,40.5,41.3,40.1,4227328.0,172850000.0,100.35,100.35,66.86,1.08,1.72,229869900,192862900.0,2026-09-30,16:14:40
688065,凯赛生物,38.64,38.2,38.2,39.2,38.15,3287904.0,127730000.0,278.71,225.42,44.61,1.57,0.56,156249900,172540500.0,2026-09-30,16:14:43
688066,*ST航图,8.8,8.5,8.6,9.0,8.41,9574257.0,83710000.0,26.83,26.83,-1.37,-1.85,3.14,430599100,526826600.0,2026-09-30,16:14:46
688067,爱威科技,24.52,24.53,24.64,24.86,24.43,914942.0,22570000.0,16.67,16.67,51.31,3.17,1.35,47754600,43739600.0,2026-09-30,16:14:49
688068,热景生物,94.47,90.0,90.0,98.0,90.0,3484160.0,331930000.0,87.62,87.62,-33.78,3.59,3.76,187036900,161379100.0,2026-09-30,16:14:52
688069,德林海,34.72,35.55,35.98,35.98,34.56,1080520.0,37850000.0,54.38,54.38,56.58,4.36,0.69,31924200,76127800.0,2026-09-30,16:14:55
688070,纵横股份,35.37,35.3,35.29,36.45,35.29,1594214.0,57020000.0,31.27,31.27,143.81,5.27,1.8,73252800,86168600.0,2026-09-30,16:14:58
688071,华依科技,35.19,36.4,36.51,36.95,35.03,1930681.0,68950000.0,29.84,29.84,-61.09,2.92,2.28,66900900,126167200.0,2026-09-30,16:14:35
688072,拓荆科技,640.0,656.68,663.0,675.0,635.73,3387770.0,2200620000.0,1869.91,1818.8,85.97,14.55,1.19,166015200,172761800.0,2026-09-30,16:14:37
688073,毕得医药,76.6,74.28,73.68,79.6,73.41,5238383.0,402910000.0,69.62,69.62,38.33,3.38,5.76,262372300,261466000.0,2026-09-30,16:14:37
688075,安旭生物,30.96,30.1,30.11,31.78,29.97,1295212.0,40330000.0,39.34,39.34,-7480.83,0.78,1.02,67200100,62321100.0,2026-09-30,16:14:41
688076,ST诺泰,29.76,29.35,29.58,29.93,29.35,2643668.0,78640000.0,94.28,94.28,39.71,3.04,0.83,140276500,124090300.0,2026-09-30,16:14:43
688077,大地熊,27.08,26.9,27.44,28.0,26.92,2554224.0,70000000.0,31.0,31.0,44.6,2.8,2.23,119073800,136348600.0,2026-09-30,16:14:46
688078,龙软科技,30.2,30.6,31.2,31.2,29.95,1362477.0,41410000.0,22.01,22.01,-30.07,3.33,1.87,69271400,66976300.0,2026-09-30,16:14:49
688079,美迪凯,16.24,16.82,16.96,17.45,16.1,21160908.0,353560000.0,66.87,65.87,-34.27,5.52,5.22,1041020300,1075070500.0,2026-09-30,16:14:52
688080,映翰通,36.65,37.24,37.42,37.6,36.41,698605.0,25680000.0,26.99,26.99,22.7,2.26,0.95,30117400,39743100.0,2026-09-30,16:14:55
688081,兴图新科,25.02,25.4,26.0,26.12,25.02,1196687.0,30490000.0,25.78,25.78,-37.42,7.07,1.16,63170500,56498200.0,2026-09-30,16:14:58
688082,盛美上海,294.28,303.44,300.2,303.0,283.0,6466969.0,1897720000.0,1428.04,1419.12,84.54,9.69,1.34,333157900,313539000.0,2026-09-30,16:14:40
688083,中望软件,50.11,50.5,51.0,51.5,49.75,1088618.0,54770000.0,85.01,85.01,152.08,3.26,0.64,52978300,55883500.0,2026-09-30,16:14:44
688084,晶品特装,41.05,42.1,42.4,42.44,40.91,954840.0,39520000.0,31.06,31.06,-118.67,2.04,1.26,43839000,51645000.0,2026-09-30,16:14:38
688085,三友医疗,13.26,13.32,13.32,13.56,13.21,2247325.0,30100000.0,48.64,46.49,89.65,2.27,0.64,97701300,127031200.0,2026-09-30,16:14:42
688087,英科再生,32.15,31.95,32.31,32.64,31.77,1153324.0,37050000.0,62.1,60.3,21.16,2.11,0.61,55542600,59789800.0,2026-09-30,16:14:44
688088,虹软科技,28.72,29.12,29.2,29.28,28.71,2463098.0,71310000.0,115.22,115.22,46.64,4.28,0.61,105900200,140409600.0,2026-09-30,16:14:47
688089,ST嘉必优,8.42,8.47,8.47,8.54,8.42,1012215.0,8560000.0,14.01,14.01,-21.62,0.94,0.61,32126300,69095200.0,2026-09-30,16:14:50
688090,瑞松科技,77.28,78.3,78.57,79.65,76.1,4058342.0,314680000.0,122.66,122.66,224.33,13.06,2.56,190817900,215016300.0,2026-09-30,16:14:53
688091,上海谊众,39.4,38.83,38.8,40.37,38.7,2223059.0,88140000.0,81.44,81.44,118.28,5.46,1.08,126554500,95751400.0,2026-09-30,16:14:56
688092,爱科科技,22.5,22.45,22.61,22.61,22.08,567101.0,12670000.0,18.6,18.6,58.34,2.86,0.69,25755100,30955000.0,2026-09-30,16:14:59
688093,世华科技,22.05,22.24,22.25,22.46,21.93,942774.0,20840000.0,61.82,61.82,18.84,2.19,0.34,43625800,50651600.0,2026-09-30,16:14:41
688095,福昕软件,55.6,56.39,57.07,57.8,55.46,1399749.0,78630000.0,50.8,50.8,103.51,1.95,1.53,58634600,81340300.0,2026-09-30,16:14:45
688096,京源环保,7.84,7.34,7.4,8.07,7.25,15856899.0,122480000.0,18.33,18.33,-26.4,2.24,6.78,869056000,716633900.0,2026-09-30,16:14:44
688097,博众精工,41.2,41.96,42.44,42.67,41.09,3039600.0,127010000.0,184.26,184.26,26.79,3.67,0.68,151771400,152188600.0,2026-09-30,16:14:46
688098,申联生物,8.46,8.43,8.47,8.66,8.39,2383058.0,20360000.0,34.74,34.74,-129.77,2.51,0.58,128710200,109595600.0,2026-09-30,16:14:44
688099,晶晨股份,96.8,90.32,90.19,98.0,90.16,17807379.0,1705570000.0,409.77,409.77,41.51,5.14,4.21,1058555100,722182800.0,2026-09-30,16:14:47
688100,威胜信息,24.61,24.38,24.48,24.75,24.15,1662107.0,40710000.0,121.0,121.0,21.47,3.36,0.34,101214900,64995800.0,2026-09-30,16:14:50
688101,三达膜,14.21,14.29,14.4,14.4,14.1,1767117.0,25120000.0,47.18,47.18,12.86,1.05,0.53,78246600,98465100.0,2026-09-30,16:14:50
688102,斯瑞新材,28.73,29.14,29.3,29.47,28.67,6124881.0,177710000.0,224.4,223.75,132.84,11.03,0.79,298519300,313968800.0,2026-09-30,16:14:56
688103,国力电子,75.98,79.67,80.0,80.35,75.73,1566467.0,121150000.0,72.42,72.42,109.38,6.41,1.64,64063700,92583000.0,2026-09-30,16:14:59
688105,诺唯赞,27.24,25.49,25.43,29.16,25.08,24566593.0,677810000.0,140.83,140.83,-1603.91,3.9,4.75,1242076500,1214582800.0,2026-09-30,16:14:47
688106,金宏气体,24.65,25.25,25.5,25.52,24.59,9610053.0,239160000.0,132.2,130.78,112.4,3.3,1.81,383633800,577371500.0,2026-09-30,16:14:49
688107,安路科技,28.01,29.03,29.25,29.48,27.96,4893290.0,138840000.0,126.15,112.28,-61.68,5.94,1.22,213074400,276254600.0,2026-09-30,16:14:47
688108,赛诺医疗,14.87,14.65,14.76,15.07,14.74,5955327.0,88910000.0,62.15,62.15,74.19,6.23,1.42,331690300,263842400.0,2026-09-30,16:14:49
688109,品茗科技,68.56,71.27,71.01,71.83,67.23,651500.0,44730000.0,54.05,54.05,313.88,7.01,0.83,23180100,41969900.0,2026-09-30,16:14:49
688110,东芯股份,113.81,117.73,119.0,119.5,113.8,9821590.0,1130810000.0,503.47,503.47,87.49,12.11,2.22,446585100,535573900.0,2026-09-30,16:14:53
688111,金山办公,218.8,216.9,216.32,219.88,215.68,3922588.0,855690000.0,1015.26,1015.26,28.15,6.73,0.85,232081900,160176900.0,2026-09-30,16:14:51
688112,鼎阳科技,98.0,104.25,104.91,105.17,97.99,9607593.0,971760000.0,156.4,156.4,99.3,9.84,6.02,456693800,504065500.0,2026-09-30,16:14:54
688113,联测科技,36.95,37.4,37.54,37.73,36.8,685914.0,25420000.0,23.79,23.79,25.09,2.31,1.07,34947800,33643600.0,2026-09-30,16:14:57
688114,华大智造,71.9,71.59,71.5,74.79,70.26,10897684.0,792730000.0,299.48,298.84,-141.69,4.25,2.62,487949900,601818500.0,2026-09-30,16:15:00
688115,思林杰,62.09,63.6,63.68,64.83,61.02,1867436.0,116410000.0,57.95,57.95,407.71,4.57,2.0,80013000,106730600.0,2026-09-30,16:14:50
688116,天奈科技,33.75,33.73,33.84,34.66,33.62,7344624.0,250770000.0,123.7,123.7,50.33,3.25,2.0,355333100,379129300.0,2026-09-30,16:14:52
688117,圣诺生物,18.56,17.8,18.12,18.9,17.82,11373974.0,210200000.0,40.9,40.9,20.03,3.57,5.16,620263000,517134400.0,2026-09-30,16:14:52
688118,普元信息,19.99,20.27,20.39,20.44,19.88,1483001.0,29780000.0,18.95,18.95,-228.14,2.31,1.56,75380100,72920000.0,2026-09-30,16:14:56
688119,中钢洛耐,3.81,3.82,3.85,3.86,3.78,6534173.0,24870000.0,42.86,42.86,-16.0,1.57,0.58,321644200,331773100.0,2026-09-30,16:14:50
688120,华海清科,227.43,233.0,235.0,238.97,226.0,6576531.0,1513570000.0,1128.69,1128.69,98.88,14.18,1.33,341042000,316611100.0,2026-09-30,16:14:55
688121,*ST卓然,1.02,1.09,1.09,1.1,1.01,11411478.0,11830000.0,2.38,2.07,-0.83,0.11,5.63,511301100,629846700.0,2026-09-30,16:14:53
688122,西部超导,51.94,52.12,52.11,52.2,51.68,6244785.0,324270000.0,337.44,337.44,52.85,4.67,0.96,286669700,337808800.0,2026-09-30,16:14:55
688123,聚辰股份,159.68,166.23,167.97,167.97,159.01,7038653.0,1137650000.0,253.84,253.84,37.12,8.13,4.43,353913700,349951600.0,2026-09-30,16:14:57
688125,安达智能,114.1,115.01,114.14,118.64,111.59,909080.0,103640000.0,94.05,93.79,-139.0,5.14,1.11,40117900,50790100.0,2026-09-30,16:15:00
688126,沪硅产业,23.38,23.66,23.83,23.95,23.2,33356055.0,782430000.0,772.71,668.11,-36.69,3.99,1.17,1704720400,1630885100.0,2026-09-30,16:14:55
688127,蓝特光学,61.05,62.24,62.9,63.9,61.0,4533628.0,282260000.0,247.8,247.8,44.45,10.38,1.12,224282300,229080500.0,2026-09-30,16:14:59
688128,中国电研,22.13,21.81,21.89,22.2,21.85,1267175.0,27980000.0,89.52,89.52,16.58,2.56,0.31,74554600,52162900.0,2026-09-30,16:14:54
688129,东来技术,22.61,22.59,22.89,23.63,22.5,731529.0,16780000.0,27.24,27.24,26.72,2.57,0.61,32743900,40409000.0,2026-09-30,16:14:58
688130,晶华微,25.7,26.48,26.0,27.43,25.6,1870311.0,48920000.0,31.07,15.49,-146.58,2.51,3.1,78725800,108305300.0,2026-09-30,16:14:56
688131,皓元医药,99.47,97.6,97.88,101.98,96.32,5608949.0,560560000.0,212.1,212.1,81.82,6.63,2.63,285946300,274948600.0,2026-09-30,16:14:59
688132,邦彦技术,16.18,16.5,16.7,16.7,16.0,1709043.0,27610000.0,24.63,24.63,-9.61,2.21,1.12,74322400,96581900.0,2026-09-30,16:14:57
688133,泰坦科技,22.38,21.76,21.79,23.01,21.76,5793339.0,130330000.0,36.8,36.8,-44.14,1.36,3.52,270707600,308626300.0,2026-09-30,16:14:58
688135,利扬芯片,36.5,37.53,37.85,38.33,36.48,8629025.0,320410000.0,85.08,85.08,642.67,5.33,3.7,365953900,496948600.0,2026-09-30,16:14:58
688136,科兴制药,24.27,23.57,24.04,25.09,23.33,12270157.0,299670000.0,49.02,49.02,23.44,2.67,6.07,597505300,629510400.0,2026-09-30,16:14:58
688137,近岸蛋白,160.39,141.35,135.7,168.03,132.5,10428439.0,1584770000.0,112.14,112.14,-135.49,5.61,14.92,557848400,484995500.0,2026-09-30,16:14:57
688138,清溢光电,35.96,37.52,38.77,38.8,35.8,6593301.0,243160000.0,113.2,113.2,53.09,4.0,2.09,299943800,359386300.0,2026-09-30,16:14:34
688139,海尔生物,35.85,35.19,35.19,36.24,35.15,4546822.0,163490000.0,113.46,113.46,44.42,2.57,1.44,232031400,222650800.0,2026-09-30,16:15:00
688141,杰华特,95.0,102.98,104.49,104.49,94.22,19304008.0,1885590000.0,432.13,432.13,-45.87,38.38,4.24,939346000,991054800.0,2026-09-30,16:14:40
688143,长盈通,174.67,180.23,188.0,188.0,171.03,11368461.0,2023790000.0,224.94,213.75,2287.58,16.55,9.29,539743000,597103100.0,2026-09-30,16:15:00
688146,中船特气,190.66,193.25,195.98,196.0,190.17,7819780.0,1504420000.0,1009.38,276.4,195.77,16.8,5.39,392939600,389038400.0,2026-09-30,16:14:46
688147,微导纳米,101.41,107.0,108.3,108.99,101.04,6739358.0,697040000.0,471.02,471.02,363.82,15.61,1.45,345388100,328547700.0,2026-09-30,16:14:49
688148,芳源股份,5.92,5.89,5.9,6.02,5.84,10476519.0,62230000.0,30.2,30.2,33.3,8.18,2.05,459628300,588023600.0,2026-09-30,16:14:52
688150,莱特光电,39.09,39.46,39.5,40.5,39.01,4242737.0,167860000.0,157.31,157.31,77.6,7.27,1.05,200909300,223364400.0,2026-09-30,16:15:00
688151,华强科技,16.65,16.64,16.73,16.87,16.57,2039041.0,34110000.0,57.36,57.36,119.07,1.36,0.59,99323600,104580500.0,2026-09-30,16:14:58
688152,麒麟信安,40.69,41.44,40.02,41.37,38.81,8620720.0,344540000.0,41.46,41.46,-82.73,3.4,8.46,385457100,476614900.0,2026-09-30,16:14:33
688153,唯捷创芯,25.37,25.89,25.89,26.2,25.24,2334140.0,59610000.0,109.17,106.09,-257.16,2.54,0.56,105161100,128252900.0,2026-09-30,16:14:35
688155,先惠技术,54.87,54.35,54.25,55.39,53.26,3556112.0,194240000.0,69.88,69.88,17.06,2.92,2.79,167838600,187772600.0,2026-09-30,16:14:38
688156,路德科技,22.62,23.05,23.17,23.37,22.49,2377684.0,54250000.0,22.78,22.78,-47.36,2.95,2.36,104651600,133116800.0,2026-09-30,16:14:41
688157,松井股份,18.51,18.87,18.89,19.06,18.42,2288142.0,42970000.0,34.75,34.75,1207.0,2.6,1.22,118799400,110014800.0,2026-09-30,16:14:44
688158,优刻得-W,28.0,28.55,28.99,29.16,27.99,9397525.0,267230000.0,129.0,114.76,-260.19,5.24,2.29,437767500,501985000.0,2026-09-30,16:14:47
688159,有方科技,34.97,36.55,36.55,36.68,34.9,3447456.0,122700000.0,32.46,32.46,84.58,3.28,3.71,124524600,220221000.0,2026-09-30,16:14:50
688160,步科股份,94.7,95.0,95.03,98.2,94.53,817585.0,78580000.0,86.38,86.38,104.44,6.46,0.9,38491300,43267200.0,2026-09-30,16:14:53
688161,威高骨科,21.79,21.76,21.88,22.16,21.76,1150972.0,25260000.0,87.16,87.16,33.66,2.08,0.29,63556900,51540300.0,2026-09-30,16:14:56
688162,巨一科技,25.86,25.8,25.71,26.48,25.68,1550285.0,40440000.0,35.45,35.45,41.68,1.47,1.13,67890400,87138100.0,2026-09-30,16:14:59
688163,赛伦生物,40.0,38.0,37.89,40.43,37.5,2782625.0,109090000.0,43.29,43.29,79.48,3.91,2.57,130700800,147561700.0,2026-09-30,16:14:36
688165,埃夫特-U,14.91,15.0,15.05,15.59,14.86,6770885.0,102830000.0,77.8,77.8,-19.34,6.69,1.3,320642000,356446500.0,2026-09-30,16:14:37
688166,博瑞医药,35.81,34.36,34.37,36.55,34.23,12909438.0,459880000.0,156.06,156.06,162.1,5.11,2.96,738941200,552002600.0,2026-09-30,16:14:38
688167,炬光科技,282.88,284.26,288.8,288.94,279.1,3803672.0,1079840000.0,368.14,368.14,-456.19,16.19,2.92,195493200,184874000.0,2026-09-30,16:14:42
688168,安博通,41.88,43.99,44.24,44.42,41.62,4630222.0,196820000.0,45.26,45.26,-66.96,4.69,4.28,206765000,256257200.0,2026-09-30,16:14:44
688169,石头科技,118.76,114.76,114.8,119.4,113.82,4912784.0,577740000.0,308.26,308.26,18.43,2.12,1.89,265754900,225523500.0,2026-09-30,16:14:47
688170,德龙激光,64.16,64.55,64.89,67.6,63.8,3381468.0,221280000.0,66.32,66.32,2101.07,5.44,3.27,145474400,192672400.0,2026-09-30,16:14:50
688171,纬德信息,23.99,23.91,23.95,25.0,23.51,3263367.0,79040000.0,28.03,28.03,2778.84,3.44,2.79,149677200,176659500.0,2026-09-30,16:14:41
688172,燕东微,42.43,44.05,44.46,44.55,42.23,5790726.0,249000000.0,605.74,508.63,-62.45,3.34,0.48,254520400,324552200.0,2026-09-30,16:14:56
688173,希荻微,12.73,13.27,13.35,13.43,12.66,7221434.0,93080000.0,52.87,52.38,-53.08,3.53,1.76,290049500,432093900.0,2026-09-30,16:14:59
688175,高凌信息,28.99,28.07,27.8,29.49,26.71,11487581.0,323590000.0,48.74,48.74,-732.27,2.85,6.83,633432100,515326000.0,2026-09-30,16:14:41
688176,亚虹医药-U,14.6,13.75,13.76,15.16,13.76,22926418.0,336590000.0,83.54,83.54,-16.95,6.17,4.01,1274638100,1018003700.0,2026-09-30,16:14:45
688177,百奥泰,21.03,20.21,20.01,21.34,20.01,4997608.0,104720000.0,87.08,87.08,-18.97,70.26,1.21,252050400,247710400.0,2026-09-30,16:14:39
688178,万德斯,28.85,29.55,29.68,30.07,28.8,593936.0,17390000.0,24.52,24.52,-28.66,2.67,0.7,22415600,36978000.0,2026-09-30,16:14:43
688179,阿拉丁,22.56,22.57,22.5,23.84,22.28,22861422.0,527610000.0,81.84,81.84,57.84,6.03,6.3,1035140300,1251001900.0,2026-09-30,16:14:45
688180,君实生物-U,35.66,34.94,34.95,36.59,34.7,18107133.0,650930000.0,366.12,273.3,-83.05,6.16,2.36,942010400,868702900.0,2026-09-30,16:14:48
688181,八亿时空,42.3,43.6,44.31,46.0,42.21,6867102.0,301530000.0,56.27,56.27,59.93,2.72,5.16,286780500,399929700.0,2026-09-30,16:14:51
688182,灿勤科技,26.07,26.91,26.98,27.38,26.05,3689351.0,97990000.0,104.28,104.28,83.64,4.55,0.92,171430800,197504300.0,2026-09-30,16:14:54
688183,生益电子,108.0,110.5,112.53,112.7,107.5,7890433.0,859320000.0,929.08,904.6,45.25,10.29,0.94,347053500,441989800.0,2026-09-30,16:14:57
688184,ST帕瓦,10.67,10.79,10.78,10.85,10.6,332340.0,3550000.0,16.72,10.47,-3.38,1.52,0.34,10774000,22460000.0,2026-09-30,16:15:00
688185,康希诺,102.64,85.53,86.44,102.64,85.67,10661744.0,1065140000.0,253.57,117.39,623.97,5.09,9.32,359999500,706174900.0,2026-09-30,16:14:42
688186,广大特材,14.11,14.17,14.24,14.35,14.03,2826635.0,40030000.0,39.58,39.58,119.43,0.86,1.01,133594800,149068700.0,2026-09-30,16:14:46
688187,时代电气,44.6,44.27,44.53,44.75,44.14,1632480.0,72790000.0,593.49,387.53,14.34,1.4,0.19,96450000,66798000.0,2026-09-30,16:14:45
688188,柏楚电子,97.97,95.0,95.02,98.67,95.02,2590966.0,252890000.0,397.32,397.32,31.54,6.27,0.64,138962600,120134000.0,2026-09-30,16:14:47
688189,ST南新,6.44,6.41,6.4,6.47,6.37,1729596.0,11110000.0,17.57,17.57,-13.11,2.28,0.63,91444700,81514900.0,2026-09-30,16:14:45
688190,云路股份,65.78,67.14,67.18,67.7,65.39,552109.0,36650000.0,78.94,78.94,31.5,2.94,0.46,17800100,37410800.0,2026-09-30,16:14:48
688191,智洋创新,19.45,20.0,20.0,20.29,19.44,3649310.0,72200000.0,63.8,63.8,-2328.84,7.62,1.11,166012100,198918900.0,2026-09-30,16:14:51
688192,迪哲医药-U,58.01,55.82,57.3,60.0,55.57,8285178.0,478890000.0,269.84,267.55,-45.19,23.88,1.8,411128500,417389300.0,2026-09-30,16:14:54
688193,仁度生物,52.19,49.96,50.37,55.06,49.96,993614.0,51950000.0,20.91,20.91,118.65,2.37,2.48,53643800,45717600.0,2026-09-30,16:14:57
688195,腾景科技,180.9,181.24,187.5,189.89,180.62,5904963.0,1089900000.0,327.59,327.59,389.48,31.44,3.26,319261100,271235200.0,2026-09-30,16:15:00
688196,卓越新能,30.1,30.63,30.85,31.39,30.05,2090921.0,63880000.0,38.28,38.28,71.86,1.23,1.64,95580900,113511200.0,2026-09-30,16:14:48
688197,首药控股-U,37.7,37.66,37.99,39.08,37.25,2048173.0,78330000.0,56.07,24.13,-65.56,9.06,3.2,112070400,92746900.0,2026-09-30,16:14:50
688198,佰仁医疗,68.58,68.4,68.77,69.68,68.0,399578.0,27470000.0,94.47,94.47,56.89,7.53,0.29,18705800,21252000.0,2026-09-30,16:14:48
688199,久日新材,25.1,25.33,25.78,26.3,24.9,4806357.0,123120000.0,40.47,40.47,50.53,1.55,2.98,194187600,286448100.0,2026-09-30,16:14:50
688200,华峰测控,374.0,398.99,399.01,401.66,370.0,5236919.0,1989490000.0,752.18,752.18,99.42,10.29,2.6,244650600,279041300.0,2026-09-30,16:14:50
688201,ST信安,7.69,7.7,7.69,7.75,7.59,1845606.0,14130000.0,24.39,24.39,103.93,1.92,0.58,66025800,118534800.0,2026-09-30,16:14:54
688202,美迪西,107.64,103.96,104.92,111.17,102.38,8079061.0,868140000.0,144.62,144.62,-139.96,7.22,6.01,430220300,377685800.0,2026-09-30,16:14:49
688203,海正生材,18.95,20.4,20.35,20.41,18.77,21480858.0,415470000.0,38.41,38.41,139.13,2.57,10.6,990709800,1157376000.0,2026-09-30,16:14:52
688205,德科立,209.0,207.19,214.88,217.98,208.0,8502037.0,1798500000.0,332.81,332.81,234.84,13.65,5.34,451103300,399100400.0,2026-09-30,16:14:55
688206,概伦电子,34.34,35.18,35.55,35.59,34.01,3191787.0,110410000.0,182.35,149.92,-976.87,4.32,0.73,149570000,169608700.0,2026-09-30,16:14:58
688207,格灵深瞳,19.47,19.66,19.77,19.97,19.3,6709740.0,130990000.0,50.42,50.42,-25.02,2.04,2.59,310236300,360737700.0,2026-09-30,16:14:51
688208,XD道通科,24.85,24.89,25.0,25.3,24.84,2910284.0,72910000.0,166.54,166.54,18.73,4.89,0.43,154931800,136096600.0,2026-09-30,16:14:53
688209,英集芯,31.79,32.44,32.65,33.2,31.6,9790896.0,315480000.0,137.9,137.9,59.98,6.02,2.26,468383300,510706300.0,2026-09-30,16:14:53
688210,统联精密,27.19,27.45,27.88,27.88,26.72,1941380.0,52770000.0,44.23,44.23,-65.85,3.56,1.19,87180300,106957700.0,2026-09-30,16:14:57
688211,中科微至,31.85,32.42,32.5,32.55,31.8,720974.0,23150000.0,41.75,41.75,-238.6,1.18,0.55,28960600,43136800.0,2026-09-30,16:14:51
688212,澳华内镜,28.12,27.83,28.17,28.9,27.86,1779205.0,50470000.0,37.87,37.87,-113.37,3.1,1.32,86578000,91342500.0,2026-09-30,16:14:55
688213,思特威-W,97.88,94.01,94.4,98.61,94.4,8348275.0,815700000.0,393.78,316.65,34.76,7.3,2.58,458465300,376362200.0,2026-09-30,16:14:54
688215,瑞晟智能,43.28,43.96,44.16,44.27,42.68,935549.0,40620000.0,39.1,39.1,67.48,7.83,1.04,44480200,49074700.0,2026-09-30,16:14:56
688216,气派科技,37.88,40.75,40.99,41.0,37.77,6985564.0,271920000.0,43.34,40.24,-903.75,5.73,6.58,294945900,403610500.0,2026-09-30,16:14:55
688217,睿昂基因,25.65,25.68,25.41,25.86,25.16,984788.0,25100000.0,14.33,14.33,-21.62,1.72,1.76,41875800,56603000.0,2026-09-30,16:14:58
688218,江苏北人,41.0,38.05,38.71,41.31,38.05,5169579.0,206930000.0,47.75,47.75,-115.65,5.42,4.44,291897500,225060400.0,2026-09-30,16:14:56
688219,会通股份,10.19,10.17,10.21,10.34,10.18,2762979.0,28310000.0,55.91,55.91,28.39,1.86,0.5,102466800,173831100.0,2026-09-30,16:15:00
688220,翱捷科技-U,90.22,93.54,94.07,94.09,89.89,5857507.0,534250000.0,377.39,377.39,-622.37,6.46,1.4,285320200,300430500.0,2026-09-30,16:14:54
688221,前沿生物-U,16.87,16.42,16.42,17.3,16.36,14619284.0,247070000.0,63.19,63.19,-290.26,6.11,3.9,716912600,745015800.0,2026-09-30,16:14:58
688222,成都先导,44.69,43.68,43.5,46.22,42.81,27817271.0,1256230000.0,179.28,179.28,127.93,11.7,6.93,1466314500,1315412600.0,2026-09-30,16:14:57
688223,晶科能源,3.83,3.74,3.76,3.87,3.75,78341287.0,298690000.0,392.18,392.18,-5.56,1.71,0.77,4761241200,3072887500.0,2026-09-30,16:14:59
688225,亚信安全,15.7,16.28,15.99,16.02,15.01,14789642.0,229520000.0,62.8,62.8,-18.21,4.31,3.7,703996300,774967900.0,2026-09-30,16:14:57
688226,威腾电气,30.49,29.77,30.36,32.2,30.0,8630667.0,268810000.0,59.79,57.56,189.82,2.99,4.57,419689400,443377300.0,2026-09-30,16:14:59
688227,品高股份,70.31,73.03,73.4,74.03,70.05,2239708.0,159710000.0,79.49,79.49,-246.22,6.28,1.98,92298900,131671900.0,2026-09-30,16:14:59
688228,开普云,89.6,91.2,91.5,93.8,89.28,2632311.0,241380000.0,60.53,60.53,-179.47,4.99,3.9,114836100,148395000.0,2026-09-30,16:14:59
688229,博睿数据,58.45,60.36,61.15,61.32,58.13,495483.0,29170000.0,25.95,25.95,-24.42,7.6,1.12,17256000,32292300.0,2026-09-30,16:14:57
688230,芯导科技,58.0,59.1,59.4,60.29,57.82,726356.0,42630000.0,68.21,68.21,51.88,2.97,0.62,29921100,42714500.0,2026-09-30,16:14:35
688231,隆达股份,31.31,32.3,32.31,32.9,31.24,2487838.0,79240000.0,100.06,100.06,78.0,3.51,0.78,102345500,146438300.0,2026-09-30,16:15:00
688232,新点软件,17.66,17.66,17.74,17.8,17.49,1690391.0,29860000.0,56.86,56.86,161.76,1.09,0.52,82355600,86683500.0,2026-09-30,16:14:41
688233,神工股份,87.92,92.95,93.9,93.9,87.8,4739733.0,425030000.0,149.73,149.73,158.81,7.84,2.78,222889600,251083700.0,2026-09-30,16:15:00
688234,天岳先进,104.39,109.0,109.52,109.79,104.3,6904703.0,731780000.0,505.89,448.58,-182.1,7.12,1.61,307547800,382922500.0,2026-09-30,16:14:47
688235,百济神州,264.41,259.46,258.03,267.37,257.57,3233294.0,854790000.0,4077.96,304.22,95.25,11.51,2.81,179159100,144170300.0,2026-09-30,16:14:50
688236,春立医疗,14.23,14.11,14.08,14.43,14.08,1307777.0,18720000.0,54.58,41.04,19.63,1.79,0.45,68813200,61964500.0,2026-09-30,16:14:36
688237,超卓航科,58.93,58.4,58.8,59.1,57.95,956443.0,56070000.0,52.85,52.85,335.5,4.45,1.07,54734600,40909700.0,2026-09-30,16:15:00
688238,和元生物,8.85,8.54,8.57,9.33,8.49,56095651.0,504070000.0,57.44,57.3,-24.77,4.39,8.66,2828607100,2780958000.0,2026-09-30,16:14:59
688239,航宇科技,51.85,53.0,53.5,53.8,51.6,3969658.0,208200000.0,98.99,98.99,46.52,4.42,2.08,216534400,180431400.0,2026-09-30,16:14:33
688244,永信至诚,22.54,21.24,21.48,22.56,19.74,22226852.0,473560000.0,34.03,34.03,-56.34,3.71,14.72,1156001600,1066683600.0,2026-09-30,16:14:35
688246,嘉和美康,17.69,17.5,17.57,17.95,17.44,2417588.0,42690000.0,24.34,24.34,-11.36,1.99,1.76,116089400,125669400.0,2026-09-30,16:14:39
688247,宣泰医药,10.09,9.87,9.89,10.33,9.82,7552306.0,76260000.0,45.74,45.74,144.76,3.47,1.67,374729000,380501600.0,2026-09-30,16:14:42
688248,南网科技,49.76,49.4,49.89,51.3,49.04,3697893.0,185560000.0,280.99,280.99,69.82,8.48,0.65,196530900,173258400.0,2026-09-30,16:14:45
688249,晶合集成,32.81,34.08,34.66,34.7,32.66,14262130.0,474530000.0,733.23,658.74,118.75,3.15,0.71,642056400,784156600.0,2026-09-30,16:14:48
688251,井松智能,18.45,18.84,18.98,19.1,18.39,1505324.0,28170000.0,18.56,18.43,-110.47,2.29,1.51,72690600,77841800.0,2026-09-30,16:14:51
688252,天德钰,20.4,20.87,20.84,21.08,20.24,3024419.0,62150000.0,83.44,83.44,38.07,3.39,0.74,149559700,152882200.0,2026-09-30,16:14:54
688253,英诺特,54.32,54.35,55.38,55.38,54.01,738371.0,40270000.0,74.94,74.94,148.35,3.67,0.54,46722800,27114300.0,2026-09-30,16:14:57
688255,凯尔达,25.98,26.47,26.59,26.62,25.9,1269277.0,33250000.0,28.54,28.54,54.81,2.67,1.16,57588900,69338800.0,2026-09-30,16:15:00
688256,寒武纪,1009.01,1046.0,1044.04,1052.0,998.8,8588771.0,8691560000.0,6345.2,6345.2,190.43,46.71,1.37,408242900,450634200.0,2026-09-30,16:14:36
688257,新锐股份,53.58,55.52,55.6,56.14,53.37,8862453.0,482220000.0,190.35,190.35,27.57,6.63,2.49,351885400,534359900.0,2026-09-30,16:14:38
688258,卓易信息,83.0,84.97,86.25,86.25,82.56,1748406.0,146160000.0,100.55,100.55,63.3,10.13,1.44,82362500,92478100.0,2026-09-30,16:14:39
688259,创耀科技,31.99,32.71,32.86,33.26,31.93,1153641.0,37290000.0,35.73,35.73,60.73,2.27,1.03,58371900,56992200.0,2026-09-30,16:14:42
688260,昀冢科技,97.12,100.8,102.59,102.59,96.57,3561257.0,351750000.0,116.54,116.54,-64.25,83.53,2.97,179369100,176756600.0,2026-09-30,16:14:45
688261,东微半导,72.72,74.95,76.0,76.5,72.51,3160333.0,232850000.0,89.19,88.79,71.39,2.95,2.59,130771800,185261500.0,2026-09-30,16:14:48
688262,国芯科技,27.05,28.16,28.52,28.56,27.02,7980941.0,219320000.0,90.89,90.89,-36.42,4.74,2.38,349507700,448586400.0,2026-09-30,16:14:51
688265,南模生物,64.98,54.21,54.99,65.05,54.0,6711332.0,412270000.0,50.66,50.66,226.71,2.95,8.61,358632600,312500600.0,2026-09-30,16:14:54
688266,泽璟制药-U,110.0,106.66,106.1,113.68,105.12,5086056.0,562520000.0,291.18,291.18,52.95,16.92,1.92,251643800,256961800.0,2026-09-30,16:14:57
688267,中触媒,21.7,21.81,21.97,22.04,21.47,1346101.0,29230000.0,49.51,49.51,31.23,1.74,0.59,68741300,65868800.0,2026-09-30,16:15:00
688268,华特气体,120.85,123.35,125.49,125.49,120.32,2129300.0,259680000.0,154.3,154.3,102.68,5.94,1.67,100924500,112005500.0,2026-09-30,16:14:41
688269,凯立新材,26.48,26.54,27.0,27.0,26.1,919198.0,24290000.0,34.61,34.61,34.16,3.25,0.7,40438200,51481600.0,2026-09-30,16:14:45
688270,ST臻镭,53.2,54.15,54.3,54.7,53.13,2518055.0,135430000.0,159.34,159.34,111.69,6.84,0.84,106246200,145559300.0,2026-09-30,16:14:40
688271,联影医疗,107.37,105.1,104.63,107.78,104.43,5361127.0,571190000.0,884.9,884.9,50.04,4.04,0.65,297307200,238805500.0,2026-09-30,16:14:43
688272,富吉瑞,28.33,28.79,28.9,30.16,28.28,1041164.0,30050000.0,21.53,21.53,-24.29,5.58,1.37,45767900,58348500.0,2026-09-30,16:14:43
688273,麦澜德,29.5,29.42,29.44,30.0,29.33,760084.0,22550000.0,29.5,29.5,39.1,2.21,0.76,31689200,44319200.0,2026-09-30,16:14:46
688275,万润新能,68.33,68.3,68.3,69.49,66.87,3408832.0,233210000.0,86.18,84.77,21.04,1.54,2.75,154565100,186318100.0,2026-09-30,16:14:49
688276,百克生物,17.95,17.5,17.53,18.33,17.4,4555303.0,82250000.0,74.25,74.25,-30.8,1.96,1.1,209072400,246457900.0,2026-09-30,16:14:52
688277,天智航-U,15.64,15.48,15.52,15.94,15.32,5950124.0,93560000.0,72.95,72.95,-37.35,6.11,1.28,314224300,280788100.0,2026-09-30,16:14:55
688278,特宝生物,52.89,51.2,51.08,53.33,51.04,3074870.0,161710000.0,215.89,215.89,19.99,6.96,0.75,170253000,137234000.0,2026-09-30,16:14:58
688279,峰岹科技,199.31,204.33,205.5,205.5,198.28,920058.0,184650000.0,229.43,186.47,76.06,4.38,0.98,47851300,44154500.0,2026-09-30,16:14:42
688280,精进电动-W,4.93,5.0,5.02,5.05,4.91,7126960.0,35370000.0,29.1,25.66,-45.03,5.21,1.37,292007300,420688700.0,2026-09-30,16:14:46
688281,华秦科技,48.47,49.25,49.4,50.37,48.36,2546482.0,125350000.0,184.96,184.96,55.58,3.85,0.67,113514600,141133600.0,2026-09-30,16:14:45
688282,理工导航,50.38,50.74,51.18,51.5,50.31,365399.0,18590000.0,44.89,44.89,-220.58,3.48,0.41,17368900,19171000.0,2026-09-30,16:14:47
688283,坤恒顺维,28.84,29.49,29.67,29.83,28.5,2436488.0,70630000.0,35.13,35.13,78.4,3.64,2.0,114295700,129353100.0,2026-09-30,16:14:45
688285,高铁电气,7.6,7.67,7.68,7.74,7.58,1286851.0,9830000.0,28.6,28.6,51.52,1.67,0.34,55541500,73143600.0,2026-09-30,16:14:47
688286,敏芯股份,51.37,52.94,53.8,54.0,50.32,5434348.0,279500000.0,40.23,40.23,-409.8,3.88,6.94,237028700,306406100.0,2026-09-30,16:14:49
688287,退市观典,0.37,0.37,0.0,0.0,0.0,0.0,0.0,1.37,1.37,-0.62,0.23,0.0,0,0.0,2026-09-30,09:00:00
688288,鸿泉技术,19.48,19.77,19.95,20.01,19.45,1066691.0,20970000.0,19.44,19.44,-124.42,2.64,1.07,48013600,58655500.0,2026-09-30,16:14:52
688289,圣湘生物,16.72,16.27,16.45,16.9,16.33,6385729.0,106840000.0,96.13,96.13,71.61,1.37,1.11,376254700,262318200.0,2026-09-30,16:14:55
688290,景业智能,56.48,56.8,56.8,58.3,56.42,503199.0,28740000.0,57.72,57.72,-121.44,4.56,0.49,25116600,25203300.0,2026-09-30,16:14:58
688291,金橙子,39.36,40.56,40.74,41.0,39.28,1244151.0,49740000.0,40.41,40.41,55.25,3.94,1.21,60424100,63991000.0,2026-09-30,16:14:48
688292,浩瀚深度,22.05,22.7,22.8,22.94,21.74,6352149.0,140400000.0,34.92,34.92,-65.08,3.66,4.01,260104300,375110600.0,2026-09-30,16:14:50
688293,奥浦迈,79.61,74.56,74.12,82.12,73.68,8067846.0,633340000.0,113.2,93.28,88.31,3.6,6.89,428152400,378632200.0,2026-09-30,16:14:48
688295,中复神鹰,35.6,35.22,35.48,35.91,35.26,2722916.0,97250000.0,320.4,320.4,207.49,6.73,0.3,145643200,126648400.0,2026-09-30,16:14:50
688296,和达科技,25.6,25.21,26.0,26.79,24.85,6823232.0,175780000.0,27.49,27.49,-35.89,4.95,6.35,321352600,360970600.0,2026-09-30,16:14:50
688297,中无人机,41.79,41.45,41.48,42.0,41.2,4300030.0,179210000.0,282.08,282.08,252.47,5.08,0.64,222098100,207904900.0,2026-09-30,16:14:54
688298,东方生物,19.37,18.92,19.1,19.63,18.9,2085650.0,40490000.0,39.05,39.05,-6.17,0.68,1.03,108303500,100261500.0,2026-09-30,16:14:50
688299,长阳科技,13.15,13.29,13.36,13.45,13.12,3517314.0,46510000.0,37.79,37.79,-30.22,1.92,1.22,172019600,179711800.0,2026-09-30,16:14:53
688300,联瑞新材,144.3,148.68,149.95,151.57,143.1,6197446.0,908270000.0,348.44,348.44,114.99,20.11,2.57,330269900,289474700.0,2026-09-30,16:14:56
688301,奕瑞科技,83.2,83.72,84.65,85.1,82.66,3347040.0,279680000.0,260.76,260.76,36.16,3.38,1.07,153877200,180826800.0,2026-09-30,16:14:59
688302,海创药业-U,33.34,32.29,32.68,33.8,32.25,1630228.0,54340000.0,33.01,33.01,-25.08,3.28,1.65,94472000,68550800.0,2026-09-30,16:14:51
688303,大全能源,15.99,15.7,15.71,16.16,15.63,11220811.0,178080000.0,340.98,340.98,-21.61,0.92,0.53,571779000,550302100.0,2026-09-30,16:14:53
688305,科德数控,54.4,54.9,55.19,55.41,54.33,1011417.0,55320000.0,72.11,71.92,96.91,3.81,0.76,37985100,63156600.0,2026-09-30,16:14:53
688306,均普智能,9.88,9.92,9.94,10.15,9.83,10690057.0,106590000.0,121.35,121.35,841.72,7.04,0.87,503641700,565364000.0,2026-09-30,16:14:57
688307,中润光学,43.93,44.84,44.15,46.19,43.93,2348832.0,105490000.0,54.94,54.94,73.94,5.98,1.88,97625400,137257800.0,2026-09-30,16:14:51
688308,欧科亿,77.11,80.4,81.11,82.77,77.05,4328540.0,341120000.0,122.44,122.44,25.85,4.13,2.73,196617000,236237000.0,2026-09-30,16:14:56
688309,恒誉科技,74.0,73.71,73.58,74.65,72.68,956887.0,70700000.0,58.76,58.76,55.37,7.0,1.21,45503100,50185600.0,2026-09-30,16:14:54
688310,迈得医疗,15.22,15.6,15.69,15.78,15.22,1153725.0,17790000.0,25.01,25.01,58.8,3.22,0.7,48230200,67142300.0,2026-09-30,16:14:56
688311,盟升电子,23.83,24.17,24.4,24.4,23.76,2055315.0,49320000.0,41.73,41.73,-129.78,2.37,1.17,84590800,120940700.0,2026-09-30,16:14:56
688312,燕麦科技,47.07,49.93,50.18,50.94,46.96,8187710.0,397090000.0,69.27,69.27,56.41,4.65,5.56,369494300,449276700.0,2026-09-30,16:14:59
688313,仕佳光子,154.48,153.7,155.95,156.42,152.46,12383543.0,1913900000.0,698.23,698.23,148.44,40.67,2.74,643069300,595285000.0,2026-09-30,16:14:56
688314,康拓医疗,30.2,30.58,30.75,30.94,30.19,706570.0,21530000.0,24.65,24.65,28.97,3.36,0.87,33649900,37007100.0,2026-09-30,16:14:35
688315,诺禾致源,19.77,18.9,18.69,21.17,18.57,30215584.0,600090000.0,82.28,82.28,54.37,3.07,7.26,1493369000,1528189400.0,2026-09-30,16:14:55
688316,青云科技-U,44.4,45.8,46.4,46.7,44.31,1235517.0,55550000.0,21.27,21.27,-35.68,68.21,2.58,49950600,73601100.0,2026-09-30,16:14:59
688317,之江生物,19.5,18.1,18.22,21.28,18.02,10284911.0,202670000.0,37.02,37.02,-56.92,1.15,5.42,597048100,431443000.0,2026-09-30,16:14:57
688318,财富趋势,74.56,76.9,77.89,77.89,74.0,3918568.0,294970000.0,267.35,267.35,88.97,6.98,1.09,185928000,205928800.0,2026-09-30,16:15:00
688319,欧林生物,31.18,31.0,31.17,32.64,31.01,6806028.0,216700000.0,126.41,126.41,-530.91,14.54,1.68,323059900,357542900.0,2026-09-30,16:14:58
688320,禾川科技,35.13,36.25,36.99,36.99,35.1,2938209.0,105140000.0,53.05,53.05,-76.68,4.27,1.95,123864400,169956500.0,2026-09-30,16:14:59
688321,微芯生物,25.22,24.92,24.85,25.85,24.85,8068655.0,205040000.0,111.71,111.71,120.45,4.6,1.82,435569300,371296200.0,2026-09-30,16:14:59
688322,奥比中光-W,84.4,85.1,86.0,87.38,84.14,3879360.0,331290000.0,348.43,270.3,318.61,8.68,1.21,201847800,186088200.0,2026-09-30,16:15:00
688323,瑞华泰,23.47,24.14,24.17,24.72,23.26,7211309.0,171960000.0,47.03,47.03,-48.13,3.88,3.6,324444400,396686500.0,2026-09-30,16:14:58
688325,赛微微电,107.5,109.0,108.98,111.66,107.5,680273.0,74130000.0,92.95,88.34,104.24,5.31,0.83,28095000,39932300.0,2026-09-30,16:14:36
688326,经纬恒润-W,56.5,56.46,56.45,57.33,56.2,674214.0,38180000.0,67.76,63.07,-34.79,1.82,0.6,36497100,30924300.0,2026-09-30,16:14:39
688327,云从科技-UW,9.7,9.71,9.72,9.78,9.63,9679121.0,93940000.0,100.88,80.98,-24.93,13.96,1.16,480224900,487687200.0,2026-09-30,16:14:42
688328,深科达,71.51,74.99,75.0,75.29,71.3,3306176.0,241070000.0,67.97,67.97,104.16,7.69,3.48,145887100,184730500.0,2026-09-30,16:14:45
688329,艾隆科技,23.95,23.86,23.72,24.58,23.72,1669607.0,40320000.0,18.49,18.49,142.49,2.39,2.16,90834500,76126200.0,2026-09-30,16:14:48
688330,宏力达,36.7,36.85,36.84,37.8,36.6,1110916.0,41140000.0,51.38,51.38,6.19,1.11,0.79,48009500,63082100.0,2026-09-30,16:14:51
688331,荣昌生物,117.34,116.67,116.0,120.42,113.68,6898354.0,808980000.0,662.36,417.61,11.38,7.97,1.94,341161100,348674300.0,2026-09-30,16:14:54
688332,中科蓝讯,85.6,87.83,87.88,88.78,85.2,4377624.0,377240000.0,152.78,152.78,8.66,2.68,2.45,241710900,196051500.0,2026-09-30,16:14:57
688333,铂力特,97.9,101.0,101.39,101.5,97.49,6793325.0,672440000.0,268.56,268.56,150.35,5.13,2.48,280365800,398966700.0,2026-09-30,16:15:00
688334,西高院,17.98,17.94,18.05,18.16,17.92,1152494.0,20810000.0,56.92,56.13,22.31,1.96,0.37,48144000,67105400.0,2026-09-30,16:14:34
688335,复洁科技,17.46,17.38,17.39,17.67,17.21,2106295.0,36890000.0,25.85,25.85,-2791.34,2.32,1.42,100611700,110017800.0,2026-09-30,16:14:36
688336,三生国健,41.43,40.68,40.83,42.19,39.91,10092393.0,417060000.0,371.31,371.31,12.05,4.37,1.13,498803600,510435700.0,2026-09-30,16:14:40
688337,普源精电,47.8,49.74,49.74,50.33,47.41,9911544.0,481430000.0,104.53,88.95,97.67,3.35,5.33,455637600,535516800.0,2026-09-30,16:14:40
688338,赛科希德,31.75,31.67,31.94,32.47,31.6,1699446.0,54430000.0,33.7,33.7,40.06,1.98,1.6,83872900,86071700.0,2026-09-30,16:14:43
688339,亿华通-U,20.42,19.92,20.21,20.49,19.52,9753051.0,196030000.0,49.12,39.98,-8.03,2.62,4.98,508751300,466553800.0,2026-09-30,16:14:46
688343,云天励飞-U,60.0,62.53,62.93,63.0,59.92,6646806.0,404090000.0,215.76,215.76,-46.08,6.05,1.85,315265600,349415000.0,2026-09-30,16:14:49
688345,博力威,46.94,47.08,47.45,48.08,46.61,1269157.0,60150000.0,47.82,47.59,51.78,3.78,1.25,68254000,58661700.0,2026-09-30,16:14:52
688347,华虹宏力,207.92,219.1,219.5,221.05,207.19,13627186.0,2875400000.0,4009.73,847.79,571.89,7.22,3.34,614235000,748483600.0,2026-09-30,16:14:55
688348,昱能科技,30.47,30.17,30.18,30.56,29.92,827750.0,25050000.0,47.62,47.62,-13.77,1.46,0.53,43110200,39664800.0,2026-09-30,16:14:58
688349,三一重能,13.24,13.13,13.15,13.34,13.1,6221484.0,82290000.0,210.96,207.36,28.69,1.51,0.4,299917400,322231000.0,2026-09-30,16:14:37
688350,富淼科技,29.0,29.22,29.19,29.85,28.91,1407808.0,41390000.0,41.54,41.54,955.8,2.25,0.98,63026300,77754500.0,2026-09-30,16:14:38
688351,微电生理,17.06,16.97,17.1,17.38,16.99,2298589.0,39490000.0,80.28,80.28,137.24,4.43,0.49,125958400,103900500.0,2026-09-30,16:14:38
688352,颀中科技,17.18,18.23,18.3,18.33,17.17,15979495.0,282510000.0,204.37,62.95,-149.34,3.54,4.36,690226400,907723100.0,2026-09-30,16:14:43
688353,华盛锂电,80.57,78.95,80.0,82.28,78.75,2816767.0,227280000.0,128.51,128.51,42.9,3.52,1.77,141957600,139719100.0,2026-09-30,16:14:43
688355,明志科技,16.7,16.98,16.98,17.1,16.66,705804.0,11890000.0,20.7,20.7,39.31,1.95,0.57,30812900,39767500.0,2026-09-30,16:14:46
688356,键凯科技,106.41,95.79,96.0,110.65,94.0,8162817.0,860540000.0,64.54,64.54,151.62,4.97,13.46,427000100,389281600.0,2026-09-30,16:14:49
688357,建龙微纳,26.31,26.88,27.02,27.18,26.07,678972.0,17960000.0,26.33,26.33,30.08,1.51,0.68,25171100,42726100.0,2026-09-30,16:14:52
688358,祥生医疗,28.95,28.9,28.99,29.21,28.84,499233.0,14490000.0,32.46,32.42,28.04,2.37,0.45,22501300,27422000.0,2026-09-30,16:14:55
688359,三孚新科,105.0,106.0,107.73,108.88,103.81,3456130.0,366860000.0,104.66,104.66,-726.96,14.53,3.47,151641800,193971200.0,2026-09-30,16:14:58
688360,德马科技,15.77,16.03,16.21,16.39,15.72,3764751.0,60320000.0,41.59,41.59,45.08,2.78,1.43,170255400,206219700.0,2026-09-30,16:14:42
688361,中科飞测,349.09,354.72,356.63,367.12,345.74,5327145.0,1882340000.0,1228.98,1228.98,-2436.96,24.18,1.51,279101500,253613000.0,2026-09-30,16:14:46
688362,甬矽电子,54.09,56.8,57.14,57.52,53.53,12651444.0,693970000.0,245.61,245.61,270.59,6.39,2.79,587006700,678137700.0,2026-09-30,16:14:40
688363,华熙生物,34.81,34.1,34.14,35.13,34.13,3696839.0,128630000.0,167.67,167.67,74.85,2.36,0.77,220109600,149574300.0,2026-09-30,16:14:44
688365,光云科技,15.46,15.85,15.95,16.26,15.43,11356025.0,178000000.0,65.9,65.9,-2830.96,6.81,2.66,456656100,678946400.0,2026-09-30,16:14:44
688366,昊海生科,30.38,30.1,30.37,30.65,29.81,556015.0,16900000.0,69.52,58.95,45.57,1.32,0.29,32443900,23157600.0,2026-09-30,16:14:47
688367,工大高科,29.17,29.65,29.77,29.81,29.0,737012.0,21630000.0,25.56,25.56,368.46,4.34,0.84,31199300,42501900.0,2026-09-30,16:14:50
688368,晶丰明源,120.73,127.02,127.47,128.16,120.12,3475806.0,426980000.0,246.06,153.27,231.28,4.9,2.74,153472400,194108200.0,2026-09-30,16:14:53
688369,致远互联,19.49,19.72,19.72,19.92,19.3,2568785.0,50120000.0,22.46,22.46,-10.74,3.07,2.23,116819000,140059500.0,2026-09-30,16:14:56
688370,丛麟科技,28.65,28.67,29.5,29.98,28.12,1551183.0,45180000.0,39.28,39.28,98.44,1.5,1.13,70490000,84628300.0,2026-09-30,16:14:59
688371,菲沃泰,21.81,22.66,22.83,22.89,21.73,4558076.0,101460000.0,73.17,73.17,-227.58,3.82,1.36,195671300,260136300.0,2026-09-30,16:14:43
688372,伟测科技,99.85,103.45,105.0,105.0,99.74,4897864.0,496340000.0,168.74,168.74,46.69,3.97,2.9,218423400,271363000.0,2026-09-30,16:14:47
688373,盟科药业-U,5.78,5.73,5.73,5.91,5.66,10717220.0,62300000.0,37.93,37.93,-27.0,23.28,1.63,564563500,507158500.0,2026-09-30,16:14:46
688375,国博电子,64.02,65.2,65.31,65.8,63.34,2692775.0,173270000.0,381.57,381.57,94.38,6.05,0.45,145171200,124106300.0,2026-09-30,16:14:48
688376,美埃科技,55.97,57.2,57.26,58.3,55.62,952782.0,54000000.0,75.7,75.7,71.1,3.8,0.7,43086100,52192100.0,2026-09-30,16:14:46
688377,迪威尔,16.74,16.81,16.92,17.19,16.64,1972724.0,33270000.0,39.1,39.1,38.78,2.07,0.84,106900000,90372400.0,2026-09-30,16:14:48
688378,奥来德,45.1,46.07,46.6,48.5,44.91,8856383.0,412420000.0,117.9,117.9,53.33,5.61,3.39,414360500,471277800.0,2026-09-30,16:14:50
688379,华光新材,52.4,55.82,56.02,56.45,51.9,3409265.0,183200000.0,49.77,49.77,31.78,3.48,3.59,131172200,209754300.0,2026-09-30,16:14:52
688380,中微半导,39.33,40.64,40.58,41.0,39.22,5195960.0,206950000.0,157.46,157.46,42.63,4.88,1.3,209662600,309933400.0,2026-09-30,16:14:56
688381,帝奥微,41.4,42.26,43.47,43.58,41.28,6535563.0,276100000.0,102.47,102.47,133.46,3.85,2.64,308568700,344987600.0,2026-09-30,16:14:59
688382,益方生物-U,19.07,18.2,18.22,19.49,18.1,16437006.0,312450000.0,110.53,110.53,-33.04,7.83,2.84,884916700,758783900.0,2026-09-30,16:14:49
688383,新益昌,125.8,129.0,131.99,132.5,125.68,1510559.0,193890000.0,127.87,127.87,-154.89,9.98,1.49,66711400,84344500.0,2026-09-30,16:14:51
688385,复旦微电,56.18,57.52,57.69,57.9,56.02,8066472.0,456110000.0,462.77,303.03,52.12,6.63,1.5,352740200,453907000.0,2026-09-30,16:14:49
688386,泛亚微透,45.31,47.26,47.3,47.88,45.3,2007638.0,92520000.0,45.13,45.13,52.92,3.02,2.02,72555000,128208800.0,2026-09-30,16:14:51
688387,信科移动-U,11.46,11.49,11.58,11.68,11.33,19803559.0,227800000.0,391.79,391.79,-161.87,6.58,0.58,929107100,1051248800.0,2026-09-30,16:14:51
688388,嘉元科技,27.05,28.1,28.3,28.45,27.01,22298984.0,613290000.0,178.5,178.5,44.35,2.14,3.38,908368700,1321529700.0,2026-09-30,16:14:55
688389,普门科技,11.38,11.26,11.3,11.47,11.25,2637463.0,30000000.0,48.76,48.76,34.36,2.35,0.62,174115600,89630700.0,2026-09-30,16:14:51
688390,固德威,55.36,54.8,55.0,56.03,54.84,4607286.0,255180000.0,134.59,134.59,30.73,4.4,1.9,230395900,230332700.0,2026-09-30,16:14:54
688391,钜泉科技,26.16,26.45,26.79,26.85,25.87,1039455.0,27240000.0,30.25,30.25,159.43,1.64,0.9,41465500,62480000.0,2026-09-30,16:14:57
688392,骄成超声,156.44,161.6,162.52,163.28,153.12,2613648.0,411220000.0,181.05,181.05,111.45,9.69,2.26,114487100,146877700.0,2026-09-30,16:15:00
688393,安必平,22.45,22.24,22.38,23.28,22.2,2752641.0,62520000.0,21.01,21.01,-62.22,1.85,2.94,136926800,138337300.0,2026-09-30,16:14:49
688395,正弦电气,26.2,26.33,26.55,27.09,26.2,1142311.0,30360000.0,22.69,22.69,52.19,2.87,1.32,55714200,58516900.0,2026-09-30,16:14:54
688396,华润微,55.1,56.89,57.37,57.6,54.91,11503626.0,640200000.0,731.84,731.84,70.09,3.12,0.87,488690000,661672600.0,2026-09-30,16:14:54
688398,赛特新材,22.13,22.81,22.81,23.48,22.1,1319335.0,29940000.0,37.14,37.14,269.76,3.63,0.79,56673300,75260200.0,2026-09-30,16:14:58
688399,硕世生物,27.54,26.78,27.11,28.16,26.75,1623456.0,44970000.0,34.19,34.19,-134.03,1.16,1.31,87836100,74509500.0,2026-09-30,16:14:52
688400,凌云光,41.57,42.51,42.32,43.11,41.47,5615066.0,236710000.0,197.77,197.77,27.4,2.54,1.18,247822700,313683900.0,2026-09-30,16:14:56
688401,路维光电,64.0,65.68,66.3,66.5,63.74,2958024.0,191170000.0,131.44,123.74,45.31,4.93,1.53,131801800,164000600.0,2026-09-30,16:14:55
688403,汇成股份,21.1,22.25,22.28,22.45,20.92,40762212.0,872310000.0,209.54,209.54,328.94,4.64,4.1,1810096200,2266125000.0,2026-09-30,16:14:57
688408,中信博,22.98,22.53,22.65,23.17,22.49,2470705.0,56430000.0,50.34,50.34,-13.54,1.3,1.13,128382600,118687900.0,2026-09-30,16:14:57
688409,富创精密,170.1,178.78,180.79,181.08,168.6,4517503.0,782420000.0,520.86,520.86,459.8,11.24,1.48,237124400,214625900.0,2026-09-30,16:15:00
688410,XD山外山,9.38,9.11,9.21,9.49,9.18,8762117.0,82090000.0,41.97,41.97,22.66,2.44,1.96,479466900,396744800.0,2026-09-30,16:14:57
688411,海博思创,158.86,154.9,155.5,160.48,154.65,2147307.0,338790000.0,289.85,210.61,22.87,5.6,1.62,112157600,102573100.0,2026-09-30,16:14:36
688416,恒烁股份,72.63,75.63,76.01,77.0,72.51,3718741.0,276260000.0,78.35,78.35,70.64,5.47,3.45,160802000,211072100.0,2026-09-30,16:14:55
688418,震有科技,28.85,29.86,30.1,30.28,28.75,2844252.0,83520000.0,55.55,55.55,-37.18,7.59,1.48,147223200,137202000.0,2026-09-30,16:14:59
688419,耐科装备,47.48,49.47,50.0,50.79,47.12,2047645.0,99580000.0,54.39,54.39,61.87,5.22,1.79,88558300,116206200.0,2026-09-30,16:14:58
688420,美腾科技,22.9,22.78,23.08,23.15,22.62,682706.0,15590000.0,20.25,20.25,-61.68,1.44,0.77,38809400,29461200.0,2026-09-30,16:15:00
688425,铁建重工,3.95,3.93,3.93,3.97,3.92,11178581.0,44130000.0,210.67,210.67,16.82,1.13,0.21,622743200,495114900.0,2026-09-30,16:14:55
688426,康为世纪,22.58,21.23,21.34,23.29,21.22,4178847.0,92980000.0,25.4,25.34,-29.3,1.93,3.72,224857500,193027200.0,2026-09-30,16:15:00
688428,诺诚健华,29.11,28.88,29.02,30.16,28.72,14151890.0,416200000.0,515.16,79.59,56.06,6.7,5.18,706446200,708742800.0,2026-09-30,16:15:00
688429,时创能源,9.93,9.95,10.05,10.05,9.79,931410.0,9270000.0,39.72,39.72,-9.15,3.51,0.23,38062100,55078900.0,2026-09-30,16:14:58
688432,有研硅,47.09,49.16,49.9,49.98,47.02,41784023.0,1998820000.0,588.77,588.77,249.01,12.9,3.34,2135477400,2042924900.0,2026-09-30,16:14:58
688433,华曙高科,78.78,80.98,81.35,81.92,78.58,3160111.0,251550000.0,327.94,327.94,449.65,15.19,0.76,156143800,159867300.0,2026-09-30,16:14:34
688435,英方软件,29.74,30.46,30.79,30.85,29.7,1743581.0,52460000.0,24.83,16.67,-102.98,2.31,3.11,81458200,92899900.0,2026-09-30,16:14:37
688439,振华风光,36.7,37.04,37.28,37.32,36.66,1468859.0,54150000.0,73.4,73.4,75.03,1.47,0.73,59771100,87114800.0,2026-09-30,16:14:40
688443,智翔金泰-U,25.3,24.14,24.29,25.62,24.14,5602509.0,141240000.0,92.77,36.28,-16.49,7.24,3.91,309171500,251079400.0,2026-09-30,16:14:58
688448,磁谷科技,67.29,65.19,65.31,67.5,64.33,2151735.0,143000000.0,65.62,65.62,982.86,6.4,2.21,99200600,115972900.0,2026-09-30,16:14:46
688449,联芸科技,55.8,57.69,57.16,58.33,55.55,4574653.0,258210000.0,256.68,163.61,42.39,10.55,1.56,211425600,246039700.0,2026-09-30,16:14:49
688450,光格科技,31.34,32.16,32.42,32.76,31.2,1185155.0,37660000.0,20.68,15.33,-41.69,2.23,2.42,60419000,58096500.0,2026-09-30,16:14:52
688455,科捷智能,17.37,17.58,17.7,17.9,17.27,1974928.0,34530000.0,29.19,29.19,23.49,2.81,1.18,101303800,96189000.0,2026-09-30,16:14:55
688456,有研粉材,67.18,69.96,70.5,70.89,67.11,3779957.0,258620000.0,69.64,69.64,77.79,5.43,3.65,176357900,201637800.0,2026-09-30,16:14:58
688458,美芯晟,36.81,37.81,38.37,38.74,36.63,1301799.0,48660000.0,41.06,34.5,-169.58,2.25,1.39,60029200,70150700.0,2026-09-30,16:14:34
688459,哈铁科技,8.23,8.28,8.28,8.31,8.22,723583.0,5970000.0,39.5,39.5,53.15,1.16,0.15,33989100,38369200.0,2026-09-30,16:14:36
688466,金科环境,14.0,14.26,14.27,14.38,13.98,924628.0,13050000.0,17.1,17.1,84.47,1.52,0.76,46979400,45483400.0,2026-09-30,16:14:38
688468,科美诊断,6.69,6.58,6.59,6.77,6.58,3779254.0,25240000.0,26.83,26.83,76.43,1.88,0.94,212315300,165610100.0,2026-09-30,16:14:41
688469,芯联集成-U,8.86,9.0,9.13,9.17,8.81,139371687.0,1246630000.0,742.71,521.9,-507.94,5.56,2.37,6130805800,7806362900.0,2026-09-30,16:14:44
688472,阿特斯,8.42,8.33,8.43,8.49,8.31,24405039.0,205130000.0,306.75,306.75,52.49,1.35,0.67,1300598500,1139905400.0,2026-09-30,16:14:47
688475,萤石网络,27.1,26.99,27.0,27.25,26.96,2383833.0,64670000.0,213.41,213.41,31.68,3.63,0.3,124861600,113521700.0,2026-09-30,16:14:50
688478,晶升股份,46.05,48.68,49.0,49.45,45.81,5612908.0,263950000.0,63.72,63.72,-144.11,4.24,4.06,289565200,271725600.0,2026-09-30,16:14:53
688479,友车科技,34.11,34.71,34.83,35.35,33.79,1269036.0,43600000.0,68.67,29.51,180.13,3.72,1.47,62275700,64627900.0,2026-09-30,16:14:56
688480,赛恩斯,65.5,65.45,65.45,66.48,64.89,496657.0,32570000.0,63.6,63.6,50.79,5.04,0.51,20242200,29423500.0,2026-09-30,16:14:59
688484,南芯科技,32.03,32.77,32.97,33.11,32.01,2643729.0,85470000.0,137.6,137.6,193.62,3.38,0.62,100343000,164029900.0,2026-09-30,16:14:34
688485,九州一轨,101.44,105.08,106.25,107.0,101.0,6356926.0,658180000.0,152.46,152.46,-495.67,12.33,4.23,274323900,361368700.0,2026-09-30,16:14:39
688486,龙迅股份,47.03,47.04,47.09,47.96,46.25,3683531.0,173240000.0,87.89,87.88,48.11,5.78,1.97,156734500,211618600.0,2026-09-30,16:14:39
688488,艾迪药业,16.63,16.12,16.2,17.16,16.17,10644124.0,177950000.0,69.98,69.98,-1208.74,7.65,2.53,563836700,500575700.0,2026-09-30,16:14:43
688489,三未信安,27.4,27.78,28.22,28.34,26.96,2446038.0,67230000.0,46.46,46.11,-173.23,2.62,1.45,106306100,138297700.0,2026-09-30,16:14:44
688496,*ST清越,0.58,0.58,0.0,0.0,0.0,0.0,0.0,2.61,1.38,-0.88,0.37,0.0,0,0.0,2026-09-30,16:14:41
688498,源杰科技,1613.0,1638.5,1644.2,1648.18,1612.88,1911190.0,3108370000.0,2008.19,1982.25,267.14,66.55,1.56,90441300,100677700.0,2026-09-30,16:14:50
688499,利元亨,42.19,41.54,41.02,43.2,39.69,15356771.0,636970000.0,71.19,71.19,124.79,3.01,9.1,720418400,815258700.0,2026-09-30,16:14:53
688500,慧辰股份,30.27,30.85,31.02,31.05,29.84,1320996.0,40200000.0,22.99,22.69,-34.01,3.24,1.76,66533200,65566400.0,2026-09-30,16:14:56
688501,青达环保,14.9,15.3,15.21,15.46,14.85,3016602.0,45570000.0,25.91,25.91,21.81,2.27,1.73,129399500,172260700.0,2026-09-30,16:14:59
688502,茂莱光学,404.0,414.57,417.25,423.01,401.14,806466.0,330640000.0,213.32,213.32,134565.74,18.0,1.53,35429000,45217600.0,2026-09-30,16:14:42
688503,聚和材料,69.56,72.3,72.95,73.0,69.4,6898013.0,487380000.0,168.36,168.36,110.38,3.5,2.85,308661400,381139900.0,2026-09-30,16:14:46
688505,复旦张江,8.55,8.23,8.3,8.67,8.21,12606216.0,107780000.0,88.63,60.75,-70.19,4.12,1.77,681951100,578670500.0,2026-09-30,16:14:40
688506,百利天恒,242.0,236.0,234.36,246.88,234.36,1493787.0,361310000.0,999.15,999.15,-63.52,21.67,0.36,82277300,67101400.0,2026-09-30,16:14:44
688507,索辰科技,133.15,134.63,136.0,138.63,132.83,2109454.0,284060000.0,118.65,65.56,-8155.35,4.37,4.28,97163500,113781900.0,2026-09-30,16:14:45
688508,芯朋微,76.59,78.65,79.5,79.64,76.45,3554365.0,276320000.0,101.42,101.42,40.03,3.5,2.68,170835700,184600800.0,2026-09-30,16:14:48
688509,正元地信,4.17,4.25,4.24,4.26,4.17,4142992.0,17420000.0,32.11,16.05,-16.22,3.03,1.08,150117300,264181900.0,2026-09-30,16:14:51
688510,航亚科技,23.5,23.2,23.44,23.87,23.27,3020592.0,71150000.0,61.08,61.08,66.38,5.03,1.16,144168800,157890400.0,2026-09-30,16:14:54
688511,天微电子,21.73,22.22,22.51,22.58,21.6,1239649.0,27270000.0,29.05,29.05,363.37,3.55,0.93,46960700,77004200.0,2026-09-30,16:14:57
688512,慧智微-U,16.28,16.47,16.83,17.3,16.26,23458131.0,391200000.0,80.32,53.28,-26.74,4.46,7.17,1122816200,1222996900.0,2026-09-30,16:15:00
688513,苑东生物,51.16,50.36,50.8,52.5,50.37,2320174.0,119290000.0,90.31,90.31,32.58,3.08,1.31,112960600,119056800.0,2026-09-30,16:14:43
688515,裕太微-U,137.58,143.4,145.75,145.76,137.0,1970679.0,275680000.0,110.06,68.54,-106.89,7.65,3.96,78825600,118242300.0,2026-09-30,16:14:47
688516,奥特维,41.93,42.47,42.86,42.96,41.8,4453729.0,188290000.0,131.98,131.98,30.34,3.75,1.41,225845300,219527600.0,2026-09-30,16:14:46
688517,金冠电气,18.7,18.27,18.2,18.97,17.93,6842194.0,126620000.0,25.55,25.55,44.97,3.42,5.01,313948800,370270600.0,2026-09-30,16:14:48
688518,联赢激光,20.1,20.3,20.55,20.79,19.97,7310998.0,148890000.0,68.61,68.61,33.03,2.09,2.14,333247100,397852700.0,2026-09-30,16:14:45
688519,南亚新材,272.65,276.14,279.02,284.36,271.57,3975627.0,1101480000.0,641.22,641.22,104.4,19.59,1.69,183771700,213791000.0,2026-09-30,16:14:48
688520,神州细胞,37.05,35.22,35.22,37.88,35.13,4405776.0,163330000.0,174.26,165.0,-19.43,-117.61,0.99,259391100,181186500.0,2026-09-30,16:14:51
688521,芯原股份,171.68,193.64,197.0,199.89,171.5,30671770.0,5461670000.0,902.89,902.89,-110.1,30.86,5.83,1478072500,1589104500.0,2026-09-30,16:14:54
688522,纳睿雷达,17.82,17.86,17.9,18.02,17.7,2338819.0,41740000.0,75.56,30.68,66.02,3.21,1.36,116636500,117245400.0,2026-09-30,16:14:57
688523,航天环宇,37.42,37.59,37.87,38.48,37.24,1834984.0,69460000.0,152.25,152.25,902.64,9.05,0.45,83645500,99852900.0,2026-09-30,16:15:00
688525,佰维存储,192.35,198.6,200.0,200.77,192.05,13276166.0,2582900000.0,917.19,917.19,11.12,7.29,2.78,608454900,719161700.0,2026-09-30,16:14:49
688526,科前生物,12.34,12.15,12.16,12.35,12.15,1020299.0,12510000.0,57.52,57.52,18.29,1.43,0.22,55493300,46536600.0,2026-09-30,16:14:51
688528,秦川物联,10.29,10.42,10.51,10.57,10.28,1151585.0,11980000.0,17.29,17.29,-17.71,3.99,0.69,57014900,58143600.0,2026-09-30,16:14:46
688529,豪森智能,14.79,15.05,15.18,15.3,14.78,1319354.0,19740000.0,24.87,24.87,-2.05,3.75,0.78,57832800,74102600.0,2026-09-30,16:14:51
688530,欧莱新材,54.76,56.97,57.5,58.37,54.66,4920005.0,274840000.0,87.64,38.21,241.0,10.01,7.05,241742500,250258000.0,2026-09-30,16:14:51
688531,日联科技,124.56,129.8,131.0,133.38,124.0,3166101.0,403390000.0,206.26,206.26,93.22,6.01,1.91,129455700,187154400.0,2026-09-30,16:14:55
688533,上声电子,19.91,19.94,20.12,20.2,19.89,454862.0,9100000.0,32.85,32.85,23.87,1.88,0.28,19938200,25548000.0,2026-09-30,16:14:49
688535,华海诚科,97.38,101.45,102.5,102.79,96.88,4726017.0,468080000.0,139.52,130.04,278.14,6.25,3.54,217272500,255329200.0,2026-09-30,16:14:53
688536,思瑞浦,327.0,337.5,342.0,342.0,326.0,2097744.0,694930000.0,451.51,443.57,108.78,6.82,1.55,99139500,110634900.0,2026-09-30,16:14:55
688538,和辉光电-U,2.07,2.05,2.06,2.08,2.04,44042307.0,90910000.0,285.86,119.07,-14.08,3.99,0.77,2590846800,1813383900.0,2026-09-30,16:14:58
688539,高华科技,23.41,23.91,24.1,24.15,23.36,1079322.0,25610000.0,43.52,43.52,-9880.76,2.56,0.58,50161500,57770700.0,2026-09-30,16:14:49
688543,国科军工,42.19,41.7,42.0,42.48,41.7,3587030.0,151260000.0,105.73,105.73,46.26,4.58,1.43,203614200,155088800.0,2026-09-30,16:14:54
688545,兴福电子,68.7,71.65,72.22,72.33,68.6,4558542.0,318540000.0,247.32,125.21,109.67,8.33,2.5,225028700,230825500.0,2026-09-30,16:14:54
688548,广钢气体,30.72,31.93,32.18,32.37,30.69,15813895.0,492530000.0,405.32,405.32,95.59,6.56,1.2,809741100,771648400.0,2026-09-30,16:14:58
688549,中巨芯-U,20.91,21.72,22.0,22.08,20.82,28161323.0,596290000.0,308.9,308.9,-2893.34,10.24,1.91,1329381000,1486751300.0,2026-09-30,16:14:52
688550,瑞联新材,35.72,36.3,36.44,36.67,35.58,1664386.0,60010000.0,62.89,62.89,23.1,1.91,0.95,61288700,105149900.0,2026-09-30,16:14:57
688551,科威尔,36.88,38.55,38.87,39.55,36.63,3236045.0,123070000.0,40.2,40.2,83.72,3.09,2.97,141114900,182489600.0,2026-09-30,16:14:55
688552,航天南湖,28.98,29.06,29.08,29.54,28.96,1454198.0,42440000.0,97.73,97.73,-568.37,3.79,0.43,67115700,78304100.0,2026-09-30,16:14:57
688553,汇宇制药-W,12.85,12.17,12.25,13.1,12.06,18942304.0,242600000.0,80.43,65.2,70.92,2.16,3.73,1076108000,818122400.0,2026-09-30,16:14:55
688556,高测股份,7.47,7.55,7.56,7.68,7.45,12353895.0,93190000.0,62.06,62.06,-14.04,1.8,1.49,549282100,686107400.0,2026-09-30,16:14:58
688557,兰剑智能,20.86,20.97,21.19,21.23,20.75,752318.0,15760000.0,30.94,30.94,27.63,2.53,0.51,29205800,46026000.0,2026-09-30,16:14:57
688558,国盛智科,32.8,33.6,33.8,33.96,32.56,952062.0,31510000.0,43.3,43.3,25.65,2.53,0.72,46975000,48231200.0,2026-09-30,16:14:34
688559,海目星,48.8,49.75,49.83,51.09,48.8,11209795.0,557130000.0,120.91,120.91,-101.41,4.88,4.52,523825300,597154200.0,2026-09-30,16:14:56
688560,明冠新材,12.78,12.81,12.86,13.14,12.77,1932150.0,24880000.0,25.73,25.73,-24.23,1.0,0.96,95993300,97221700.0,2026-09-30,16:15:00
688561,奇安信-U,29.9,29.86,29.71,30.37,28.85,15089967.0,446220000.0,203.99,203.99,-21.97,2.9,2.21,740134800,768861900.0,2026-09-30,16:14:58
688562,航天软件,14.26,14.47,14.5,14.54,14.2,1971726.0,28250000.0,57.04,57.04,-116.34,3.51,0.49,76635300,120537300.0,2026-09-30,16:14:47
688563,航材股份,50.09,50.12,50.45,50.76,49.8,2187420.0,109930000.0,225.08,67.89,46.28,2.15,1.61,94059400,124682600.0,2026-09-30,16:14:56
688565,力源科技,11.58,11.71,11.76,11.79,11.43,1445574.0,16730000.0,17.34,17.34,167.78,3.49,0.97,61718600,82838800.0,2026-09-30,16:15:00
688566,吉贝尔,27.46,27.8,27.7,28.15,27.2,2814381.0,77860000.0,55.22,55.22,26.11,2.2,1.4,130837200,150600900.0,2026-09-30,16:15:00
688567,孚能科技,9.2,9.09,9.16,9.35,9.09,12958362.0,119650000.0,112.43,112.43,-11.46,1.26,1.06,643558800,652277400.0,2026-09-30,16:14:59
688568,中科星图,29.19,29.17,29.3,29.4,28.91,4866231.0,141860000.0,235.88,235.88,-64.21,6.82,0.6,264298700,222324400.0,2026-09-30,16:14:59
688569,铁科轨道,18.5,18.46,18.68,18.7,18.42,570458.0,10560000.0,38.97,38.97,20.2,1.32,0.27,26272300,30773500.0,2026-09-30,16:14:35
688570,天玛智控,14.65,14.58,14.6,14.69,14.53,467263.0,6830000.0,63.43,27.57,181.34,1.49,0.25,23024400,23701900.0,2026-09-30,16:14:38
688571,杭华股份,8.11,8.27,8.38,8.42,8.11,2922856.0,24000000.0,34.4,34.4,30.81,2.07,0.69,132944200,159341400.0,2026-09-30,16:14:41
688573,信宇人,17.08,16.96,17.15,17.29,16.56,6476753.0,110110000.0,16.7,9.09,-3.48,5.55,12.17,311910800,335764500.0,2026-09-30,16:14:59
688575,亚辉龙,10.53,10.3,10.35,10.65,10.3,8484316.0,89440000.0,60.17,60.17,89.54,2.19,1.48,477055900,371375700.0,2026-09-30,16:14:47
688576,西山科技,39.85,39.9,39.93,40.76,39.75,422391.0,16960000.0,26.96,12.88,-339.7,1.6,1.31,11320700,30918400.0,2026-09-30,16:14:50
688577,浙海德曼,39.23,39.18,39.2,40.54,39.0,740540.0,29330000.0,61.12,61.12,68.95,5.98,0.48,35309700,38744300.0,2026-09-30,16:14:53
688578,艾力斯,111.58,106.25,105.5,112.36,105.2,9574765.0,1056520000.0,502.11,502.11,18.74,6.13,2.13,527517700,429958800.0,2026-09-30,16:14:56
688579,地纬智能,7.84,7.94,7.95,8.01,7.81,2622199.0,20670000.0,31.36,31.36,242.82,2.31,0.66,112588100,149631800.0,2026-09-30,16:14:59
688580,伟思医疗,42.25,42.41,42.96,43.0,41.98,796444.0,33870000.0,40.46,40.46,23.96,2.39,0.83,40478000,39166400.0,2026-09-30,16:14:35
688581,安杰思,56.39,56.5,56.5,57.63,56.24,766417.0,43750000.0,45.53,23.22,21.29,1.8,1.86,41453900,35187800.0,2026-09-30,16:14:37
688582,芯动联科,35.92,36.72,36.9,36.94,35.62,2656529.0,96050000.0,144.3,144.3,77.76,5.7,0.66,132910100,132742800.0,2026-09-30,16:14:39
688583,思看科技,77.53,80.1,80.79,80.9,77.11,1108852.0,86960000.0,95.95,33.43,171.32,8.09,2.57,41487500,69397700.0,2026-09-30,16:14:42
688584,上海合晶,26.37,27.51,27.37,27.84,26.34,7225156.0,193440000.0,176.47,90.53,191.03,4.3,2.1,373435800,349079800.0,2026-09-30,16:14:45
688585,上纬新材,126.81,131.01,131.8,131.8,126.75,1758749.0,226320000.0,511.5,511.5,-329.25,43.45,0.44,75881300,99993600.0,2026-09-30,16:14:48
688586,江航装备,10.9,10.91,10.96,11.04,10.86,2730858.0,29900000.0,86.26,86.26,180.32,3.47,0.35,155331100,117754700.0,2026-09-30,16:14:51
688588,凌志软件,8.85,9.05,9.1,9.12,8.84,2371101.0,21120000.0,34.52,34.52,-113.01,3.46,0.61,102843400,134266700.0,2026-09-30,16:14:54
688589,力合微,20.13,20.62,20.77,20.84,20.05,2102112.0,42750000.0,29.25,29.25,194.93,3.05,1.45,86689100,123522100.0,2026-09-30,16:14:57
688590,新致软件,11.84,12.15,12.27,12.27,11.83,3805460.0,45440000.0,37.04,33.33,-22.04,2.09,1.35,152236300,228309700.0,2026-09-30,16:15:00
688591,泰凌微,30.5,31.11,31.15,31.42,30.37,3486996.0,107460000.0,73.68,59.89,58.97,2.92,1.78,166367800,182331800.0,2026-09-30,16:14:35
688592,司南导航,22.1,22.58,22.99,22.99,22.0,988932.0,22020000.0,25.67,12.23,210.68,2.71,1.79,46784900,52108300.0,2026-09-30,16:14:39
688593,新相微,30.89,29.93,30.03,32.39,29.84,13882319.0,433900000.0,141.95,141.95,1489.9,9.22,3.02,787529700,600702200.0,2026-09-30,16:14:39
688595,芯海科技,29.82,30.69,31.1,31.1,29.72,1833759.0,55240000.0,42.97,42.97,-40.93,6.57,1.27,74749300,108626600.0,2026-09-30,16:14:44
688596,正帆科技,57.93,59.94,60.59,61.5,57.8,9425400.0,558170000.0,184.03,184.03,-2320.02,5.66,2.97,423216200,519323800.0,2026-09-30,16:14:45
688597,煜邦电力,6.2,6.31,6.36,6.37,6.19,3316581.0,20750000.0,20.84,20.84,315.03,2.74,0.99,146759500,184898600.0,2026-09-30,16:14:48
688598,金博股份,32.18,33.44,34.0,34.2,32.16,8531255.0,281880000.0,66.8,65.51,-5.32,1.75,4.19,405972600,447152900.0,2026-09-30,16:14:51
688599,天合光能,10.99,10.8,10.87,11.12,10.77,26108556.0,286000000.0,257.45,257.45,-5.87,1.26,1.11,1384046800,1226808800.0,2026-09-30,16:14:54
688600,皖仪科技,34.91,34.95,35.79,35.79,34.28,2637831.0,91830000.0,47.03,47.03,55.31,5.9,1.96,133704700,130078400.0,2026-09-30,16:14:57
688601,力芯微,57.46,59.4,59.4,59.99,57.13,2607858.0,152040000.0,76.82,76.82,468.66,6.23,1.95,106249900,154535900.0,2026-09-30,16:15:00
688602,康鹏科技,6.8,6.89,6.88,6.96,6.78,4552930.0,31240000.0,35.32,35.32,-25.97,1.31,0.88,201368700,253924300.0,2026-09-30,16:14:43
688603,天承科技,111.5,112.6,113.6,118.88,111.01,3883764.0,446770000.0,139.07,139.07,124.66,11.2,3.11,189462900,198913500.0,2026-09-30,16:14:47
688605,先锋精科,79.91,83.53,84.3,84.3,78.11,3848412.0,309990000.0,161.72,86.58,117.41,9.62,3.55,195795300,189045900.0,2026-09-30,16:14:41
688606,奥泰生物,49.8,46.62,46.74,51.49,46.32,1090038.0,53840000.0,37.68,37.68,27.1,1.06,1.44,58604500,50399300.0,2026-09-30,16:14:45
688607,康众科技,35.55,36.03,36.26,36.71,35.48,1062085.0,38220000.0,31.33,31.33,-105.72,3.74,1.21,50882800,55325700.0,2026-09-30,16:14:44
688608,恒玄科技,109.61,108.75,109.98,111.28,107.77,4498593.0,493030000.0,259.65,259.65,56.41,3.69,1.9,236756000,213103300.0,2026-09-30,16:14:46
688609,九联科技,8.82,8.93,9.0,9.05,8.79,9542224.0,84640000.0,46.04,44.1,-87.7,4.68,1.91,385767400,568455000.0,2026-09-30,16:14:49
688610,埃科光电,144.79,152.62,154.0,156.26,144.06,964903.0,143010000.0,98.46,59.27,101.41,6.0,2.36,42444700,54045600.0,2026-09-30,16:14:52
688611,杭州柯林,62.73,63.3,63.8,64.85,61.4,727873.0,46120000.0,96.22,96.22,-225.26,11.4,0.47,33828300,38959000.0,2026-09-30,16:14:55
688612,威迈斯,32.94,33.18,33.5,33.57,32.53,2153320.0,70830000.0,138.08,84.56,24.1,3.84,0.84,104748000,110584000.0,2026-09-30,16:14:58
688613,奥精医疗,20.1,20.5,20.7,21.04,20.08,5121898.0,104960000.0,27.54,27.54,319.53,1.92,3.74,231571600,280618200.0,2026-09-30,16:14:44
688615,合合信息,83.21,84.62,85.35,85.35,83.15,2673855.0,223540000.0,163.09,114.25,35.04,5.49,1.95,100286300,167099200.0,2026-09-30,16:14:48
688616,西力科技,11.11,11.17,11.3,11.33,11.03,1306943.0,14570000.0,19.93,19.93,19.38,2.25,0.73,62271300,68423000.0,2026-09-30,16:14:47
688617,惠泰医疗,248.25,240.03,239.5,251.5,238.79,1702446.0,423640000.0,351.35,351.35,37.67,11.38,1.2,82211600,88033000.0,2026-09-30,16:14:49
688618,三旺通信,27.96,28.69,28.97,29.51,27.77,1065764.0,30180000.0,30.77,30.77,157.32,3.81,0.97,45709200,60867200.0,2026-09-30,16:14:44
688619,罗普特,13.53,14.06,14.06,14.28,13.53,2566164.0,35290000.0,25.09,25.09,-11.32,3.87,1.38,103958600,152657800.0,2026-09-30,16:14:49
688620,安凯微,16.15,16.78,16.86,16.86,15.99,15066698.0,246070000.0,63.31,63.31,-124.54,4.82,3.84,672173000,834496800.0,2026-09-30,16:14:49
688621,阳光诺和,71.0,70.95,70.65,72.25,69.6,1542082.0,109620000.0,79.52,79.52,160.21,6.62,1.38,70100400,84107800.0,2026-09-30,16:14:53
688622,*ST禾信,119.6,136.0,134.64,135.88,119.58,1273797.0,160890000.0,84.28,84.28,-87.08,29.65,1.81,57991100,69388600.0,2026-09-30,16:14:55
688623,双元科技,63.4,63.23,63.23,64.48,62.31,637637.0,40680000.0,54.21,22.52,77.78,2.57,1.8,28541800,35221900.0,2026-09-30,16:14:58
688625,呈和科技,66.58,68.11,69.32,70.27,66.07,5712257.0,388240000.0,172.89,172.89,67.2,11.2,2.2,288499300,282726400.0,2026-09-30,16:14:47
688626,翔宇医疗,41.95,42.05,42.23,43.12,41.85,1997972.0,85010000.0,67.12,67.12,81.44,3.2,1.25,95799400,103997800.0,2026-09-30,16:14:49
688627,精智达,422.8,441.07,442.01,448.8,422.04,2578517.0,1109910000.0,430.18,397.97,513.68,9.29,2.74,122791000,135060700.0,2026-09-30,16:14:47
688628,优利德,85.99,88.07,89.16,90.2,85.8,7796334.0,683180000.0,96.65,96.65,50.03,7.23,6.94,405545800,374087600.0,2026-09-30,16:14:49
688629,XD华丰科,101.35,104.38,105.8,106.06,101.01,8776134.0,899570000.0,474.58,467.22,133.6,16.45,1.9,430511300,447102100.0,2026-09-30,16:14:52
688630,芯碁微装,388.68,397.17,398.0,404.97,384.05,2054232.0,805000000.0,569.44,512.05,132.64,10.84,1.56,103634900,101788300.0,2026-09-30,16:14:56
688631,莱斯信息,35.88,35.72,35.52,36.29,35.41,822446.0,29400000.0,58.65,58.65,121.19,3.17,0.5,46400800,35843800.0,2026-09-30,16:14:50
688633,星球石墨,21.77,21.85,21.96,22.04,21.71,1127770.0,24640000.0,37.1,37.1,14.99,1.55,0.66,54238000,58539000.0,2026-09-30,16:14:53
688636,智明达,19.46,19.8,20.13,20.3,19.44,3551702.0,70130000.0,33.84,33.84,28.79,2.36,2.04,153635900,201534300.0,2026-09-30,16:14:59
688638,誉辰智能,34.71,35.33,35.5,35.84,34.53,683417.0,23930000.0,19.44,9.18,-11.35,2.63,2.58,31621200,36720500.0,2026-09-30,16:14:50
688639,华恒生物,19.11,17.76,18.02,19.54,17.95,10925979.0,207760000.0,47.8,47.8,40.38,1.77,4.37,584838500,507759400.0,2026-09-30,16:14:52
688646,逸飞激光,71.25,72.77,72.78,73.77,70.86,1391138.0,99710000.0,67.09,43.27,-80.96,4.72,2.29,58952200,80161600.0,2026-09-30,16:14:52
688648,中邮科技,28.54,28.59,28.51,28.97,28.2,1111462.0,31730000.0,38.81,19.84,-42.48,1.82,1.6,55541400,55604800.0,2026-09-30,16:14:56
688651,盛邦安全,24.96,25.56,25.63,26.09,24.87,2335454.0,58890000.0,25.58,11.74,-49.54,2.88,4.97,106526000,127019400.0,2026-09-30,16:14:50
688652,京仪装备,130.68,134.68,135.68,137.98,130.28,2581379.0,343790000.0,219.54,157.8,146.59,9.66,2.14,144988900,113149000.0,2026-09-30,16:14:54
688653,康希通信,14.28,14.68,14.93,15.11,14.26,9322382.0,135500000.0,60.62,45.18,703.22,4.13,2.95,449475600,482762600.0,2026-09-30,16:14:53
688655,迅捷兴,71.9,75.7,75.99,77.49,71.53,14501486.0,1078910000.0,95.91,95.91,-1792.88,14.25,10.87,678055300,772093300.0,2026-09-30,16:14:55
688656,浩欧博,131.72,132.03,134.03,137.0,130.14,805088.0,107650000.0,83.67,83.67,301.95,10.07,1.27,38992500,41516300.0,2026-09-30,16:14:56
688657,浩辰软件,33.38,33.78,33.93,33.97,33.22,771791.0,25820000.0,31.85,19.93,68.77,2.28,1.29,30209600,46969500.0,2026-09-30,16:14:59
688658,悦康药业,14.04,12.97,13.0,14.49,12.88,24126318.0,333630000.0,63.18,63.18,-23.53,1.97,5.36,1329659200,1082972600.0,2026-09-30,16:14:55
688659,元琛科技,9.1,9.33,9.4,9.48,8.93,3128741.0,28520000.0,14.56,14.56,-24.9,2.94,1.96,145465700,167408400.0,2026-09-30,16:14:59
688660,电气风电,9.04,8.76,8.76,9.27,8.74,28091226.0,253540000.0,120.53,120.53,-9.63,3.34,2.11,1413744100,1395378500.0,2026-09-30,16:14:53
688661,和林微纳,92.52,97.1,98.99,99.12,92.01,2433496.0,229850000.0,140.53,140.53,-1837.14,11.63,1.6,97735900,145613700.0,2026-09-30,16:14:57
688662,富信科技,110.5,114.09,116.03,118.88,110.1,11540195.0,1314670000.0,126.75,126.75,308.1,17.64,10.06,563365500,590654000.0,2026-09-30,16:14:56
688663,新风光,56.98,56.33,56.58,57.6,55.9,2358738.0,134160000.0,112.39,112.39,129.68,8.0,1.2,107451400,128422400.0,2026-09-30,16:14:58
688665,四方光电,41.08,42.6,42.63,43.09,41.04,819846.0,34070000.0,41.57,41.57,32.26,3.42,0.81,36673800,45310800.0,2026-09-30,16:14:56
688667,菱电电控,97.99,102.79,103.23,103.26,97.74,665925.0,66360000.0,51.64,51.64,32.82,2.84,1.26,22988600,43603900.0,2026-09-30,16:14:58
688668,XD鼎通科,206.41,210.19,213.0,215.0,205.05,3267690.0,683150000.0,287.47,287.47,93.06,13.97,2.35,162751200,164017800.0,2026-09-30,16:14:58
688669,聚石化学,60.5,62.65,63.0,63.47,60.28,1177517.0,72400000.0,73.41,73.41,-27.96,7.05,0.97,62254500,55497200.0,2026-09-30,16:15:00
688670,金迪克,18.73,18.26,18.86,19.5,18.29,2584069.0,48770000.0,23.08,23.08,-12.15,2.2,2.1,110314300,148092600.0,2026-09-30,16:14:56
688671,碧兴物联,24.97,25.8,25.8,25.97,24.7,1167738.0,29470000.0,19.61,13.43,-21.3,1.99,2.17,48309200,68464600.0,2026-09-30,16:15:00
688676,金盘科技,61.53,61.55,61.9,62.5,60.97,4548819.0,280310000.0,282.91,282.91,40.58,5.54,0.99,222318100,232563800.0,2026-09-30,16:14:59
688677,海泰新光,76.06,76.4,77.0,79.2,75.6,3260945.0,252360000.0,91.18,91.18,52.83,6.81,2.72,167951400,158143100.0,2026-09-30,16:14:42
688678,福立旺,31.15,32.0,32.45,32.58,31.0,23043709.0,730940000.0,125.57,125.57,88.78,5.38,5.72,1044511500,1259859400.0,2026-09-30,16:14:59
688679,通源环境,38.3,38.89,39.1,39.6,38.22,1388139.0,53780000.0,50.44,50.44,-131.58,4.62,1.05,57487100,81326800.0,2026-09-30,16:14:48
688680,海优新材,38.81,38.57,38.57,39.69,38.57,1351331.0,52800000.0,37.87,37.87,-9.29,2.29,1.38,64535500,70597600.0,2026-09-30,16:14:51
688681,科汇股份,15.49,15.67,15.77,15.81,15.47,1122275.0,17510000.0,16.21,16.21,36.35,2.65,1.07,55926700,56300800.0,2026-09-30,16:14:54
688682,霍莱沃,33.65,33.2,33.7,35.14,33.18,4892253.0,167260000.0,34.27,34.27,-177.11,5.75,4.8,231725100,257500200.0,2026-09-30,16:14:59
688683,莱尔科技,29.39,30.3,30.0,30.88,29.33,985043.0,29410000.0,47.35,47.35,100.79,3.91,0.61,39019900,59484400.0,2026-09-30,16:15:00
688685,迈信林,41.11,39.7,40.6,41.94,39.02,13374416.0,542820000.0,60.37,60.37,-473.99,7.47,9.11,619179200,718262400.0,2026-09-30,16:14:33
688686,奥普特,128.4,131.14,130.74,132.49,128.1,635392.0,82590000.0,156.95,156.95,74.5,4.96,0.52,32510400,31028800.0,2026-09-30,16:14:36
688687,凯因科技,18.91,18.41,18.39,19.05,18.32,5290767.0,99940000.0,32.33,32.33,324.5,1.9,3.1,312148500,216928200.0,2026-09-30,16:14:40
688689,银河微电,37.79,39.77,40.15,40.23,37.72,4716419.0,181930000.0,54.76,54.76,54.25,4.0,3.25,209361400,262280500.0,2026-09-30,16:14:40
688690,纳微科技,44.98,45.28,45.68,46.75,44.81,11252784.0,512910000.0,181.64,181.64,86.7,8.73,2.79,515178100,610100300.0,2026-09-30,16:14:43
688691,灿芯股份,58.32,61.43,61.58,62.48,58.32,2969650.0,177300000.0,69.98,42.55,-63.34,5.95,4.07,106497000,190468000.0,2026-09-30,16:14:46
688692,达梦数据,182.72,187.92,188.0,189.8,180.9,983202.0,181150000.0,206.91,135.51,38.82,5.45,1.33,42545600,55774600.0,2026-09-30,16:14:49
688693,锴威特,70.2,72.27,72.99,74.39,70.0,821155.0,58540000.0,51.73,27.31,-56.59,6.8,2.11,31830100,50285400.0,2026-09-30,16:14:52
688695,中创股份,19.86,20.4,20.4,20.59,19.83,1279892.0,25680000.0,16.89,10.6,-42.57,2.25,2.4,68560100,59429100.0,2026-09-30,16:14:55
688696,极米科技,84.79,81.0,81.1,86.86,81.1,1891470.0,160530000.0,59.37,59.37,43.03,2.02,2.7,99676700,89470300.0,2026-09-30,16:14:58
688697,纽威数控,14.35,14.59,14.71,14.83,14.35,3881201.0,56580000.0,91.88,91.88,25.95,5.04,0.61,186814600,201305500.0,2026-09-30,16:14:35
688698,伟创电气,41.58,42.17,42.38,42.98,41.56,1802344.0,75890000.0,89.41,89.41,38.52,3.71,0.84,77078900,103155500.0,2026-09-30,16:14:37
688699,XD明微电,63.34,66.33,67.0,67.01,62.6,3636417.0,233980000.0,69.71,69.71,94.36,5.67,3.3,127068500,236573200.0,2026-09-30,16:14:37
688700,东威科技,60.36,61.32,62.4,63.8,60.26,7767651.0,480080000.0,180.12,180.12,101.44,9.85,2.6,384473900,392291200.0,2026-09-30,16:14:41
688701,卓锦股份,8.68,8.81,8.84,9.0,8.64,2094862.0,18480000.0,11.66,11.66,-16.29,10.58,1.56,89855700,119630500.0,2026-09-30,16:14:43
688702,盛科通信-U,284.91,304.26,309.25,310.0,284.02,7554317.0,2193900000.0,1168.13,595.57,-812.21,51.91,3.61,356497700,398934000.0,2026-09-30,16:14:46
688707,振华新材,10.78,10.29,10.35,11.07,10.24,15315020.0,163970000.0,54.84,54.84,-14.09,1.44,3.01,748217800,783284200.0,2026-09-30,16:14:49
688708,佳驰科技,38.3,38.39,38.58,38.99,37.85,963286.0,36890000.0,153.38,54.67,38.92,4.52,0.67,50004700,46323900.0,2026-09-30,16:14:52
688709,成都华微,24.61,25.85,25.6,25.99,24.59,4586991.0,114560000.0,156.73,54.57,-4280.8,5.54,2.07,186173900,272525200.0,2026-09-30,16:14:55
688710,益诺思,105.2,96.8,99.05,107.99,95.31,5605362.0,572890000.0,148.31,97.26,621.94,6.27,6.06,313209700,247326500.0,2026-09-30,16:14:58
688711,宏微科技,25.49,26.78,26.94,27.15,25.4,6714820.0,174460000.0,55.25,55.25,304.87,5.21,3.1,257974100,413507900.0,2026-09-30,16:14:40
688716,中研股份,25.52,25.9,26.12,26.16,25.45,978196.0,25120000.0,31.05,17.85,-382.25,2.71,1.4,44131100,53688500.0,2026-09-30,16:14:38
688717,艾罗能源,41.14,41.0,41.33,41.8,40.8,4230537.0,174680000.0,65.82,40.75,-117.55,1.52,4.27,213055800,209997900.0,2026-09-30,16:14:42
688718,唯赛勃,14.67,14.85,14.99,14.99,14.52,1150488.0,16960000.0,25.49,25.49,48.22,3.11,0.66,55777900,59270900.0,2026-09-30,16:14:44
688719,爱科赛博,56.0,58.8,59.99,59.99,55.52,3473021.0,197160000.0,64.62,53.85,-144.47,3.89,3.61,149670200,197631900.0,2026-09-30,16:14:47
688720,艾森股份,62.03,65.64,67.43,67.43,61.88,3463566.0,219570000.0,76.07,48.5,135.14,7.32,4.43,144007200,202349400.0,2026-09-30,16:14:50
688721,龙图光罩,37.91,39.67,39.96,40.58,37.88,2075617.0,80390000.0,50.61,20.91,133.28,4.1,3.76,82106100,125455600.0,2026-09-30,16:14:53
688722,同益中,14.56,14.47,14.46,14.67,14.38,2377019.0,34590000.0,32.63,32.63,28.95,2.22,1.06,124144500,113557400.0,2026-09-30,16:14:56
688726,拉普拉斯,44.52,45.31,45.4,46.19,44.52,3948420.0,177710000.0,180.45,97.91,33.29,4.2,1.8,184389700,210452300.0,2026-09-30,16:14:59
688728,格科微,13.95,14.05,14.19,14.19,13.88,15156454.0,212430000.0,362.78,362.53,1292.71,4.59,0.58,666238400,849407000.0,2026-09-30,16:14:45
688733,壹石通,27.6,28.13,28.45,28.6,27.38,3338966.0,93400000.0,55.14,55.14,777.56,2.64,1.67,145922800,187973800.0,2026-09-30,16:14:46
688737,中自科技,16.76,17.08,17.18,17.34,16.72,1495011.0,25320000.0,20.04,20.04,-18.22,1.17,1.25,84207300,65293800.0,2026-09-30,16:14:44
688739,成大生物,21.02,20.55,20.57,21.17,20.57,2439769.0,51280000.0,87.54,87.54,204.64,0.94,0.59,137328700,106648200.0,2026-09-30,16:14:47
688750,金天钛业,13.79,13.85,13.86,13.96,13.75,1023042.0,14150000.0,63.78,32.12,123.71,2.56,0.44,44626500,57677700.0,2026-09-30,16:14:50
688757,胜科纳米,27.5,28.68,28.7,29.1,27.33,7501354.0,209310000.0,110.91,49.84,235.85,12.53,4.14,345967100,404168300.0,2026-09-30,16:14:56
688758,赛分科技,30.13,30.03,30.01,30.95,29.52,17716603.0,534150000.0,125.48,89.84,68.38,9.04,5.94,749699900,1021960400.0,2026-09-30,16:14:59
688766,普冉股份,356.64,377.9,381.5,383.82,356.6,6481260.0,2359280000.0,530.34,530.34,53.38,15.87,4.36,298401200,349724800.0,2026-09-30,16:14:47
688767,博拓生物,40.2,40.46,40.7,41.8,40.14,2005609.0,81950000.0,60.03,60.03,295.75,2.8,1.34,94628300,105932600.0,2026-09-30,16:14:49
688768,容知日新,52.3,52.3,52.3,52.88,50.58,1751940.0,90710000.0,46.02,45.64,151.22,4.43,2.01,82242000,92952000.0,2026-09-30,16:14:49
688772,珠海冠宇,14.34,14.17,14.19,14.61,14.01,20314990.0,292170000.0,163.23,163.23,107.65,2.4,1.78,951871500,1079627500.0,2026-09-30,16:14:53
688776,国光电气,47.4,48.82,49.08,49.58,47.38,2333064.0,112540000.0,51.37,51.37,-32.29,3.07,2.15,105787000,127519400.0,2026-09-30,16:14:54
688777,中控技术,80.05,78.48,81.0,81.39,79.14,9196795.0,737590000.0,633.35,630.15,261.19,6.43,1.17,473525700,446153800.0,2026-09-30,16:14:57
688778,厦钨新能,43.87,42.17,41.94,44.58,41.7,10489434.0,458370000.0,221.41,221.41,24.3,2.37,2.08,542611000,506332400.0,2026-09-30,16:15:00
688779,五矿新能,7.45,7.32,7.35,7.55,7.3,17676384.0,131790000.0,143.73,143.73,22.72,1.96,0.92,918779300,848859100.0,2026-09-30,16:14:50
688786,悦安新材,26.12,26.69,26.77,27.2,25.61,3054431.0,80120000.0,45.27,45.27,55.72,5.64,1.76,132278200,173164900.0,2026-09-30,16:14:50
688787,海天瑞声,85.02,88.4,91.11,91.11,84.16,1736586.0,149940000.0,51.29,51.29,255.34,7.02,2.88,71850400,101808200.0,2026-09-30,16:14:55
688788,科思科技,27.61,27.26,28.3,29.53,27.58,3528718.0,100500000.0,60.44,60.44,-16.85,3.65,1.61,143956100,208915700.0,2026-09-30,16:14:53
688789,宏华数科,50.0,50.93,50.93,51.35,48.0,3188546.0,157240000.0,90.13,90.13,23.18,2.65,1.77,146545500,172309100.0,2026-09-30,16:14:55
688793,倍轻松,18.32,18.8,18.95,19.59,18.32,2663221.0,50170000.0,15.57,15.57,-14.38,10.04,3.13,102497700,163824400.0,2026-09-30,16:15:00
688798,艾为电子,53.78,54.67,54.8,55.78,53.68,1711509.0,92910000.0,125.38,73.0,49.1,2.99,1.26,78624300,92526600.0,2026-09-30,16:14:58
688799,华纳药厂,57.21,56.59,56.42,59.77,54.47,3234009.0,187470000.0,76.45,76.45,32.99,3.6,2.42,174019300,149381600.0,2026-09-30,16:14:56
688800,瑞可达,56.18,57.51,58.11,58.8,55.91,6358981.0,362430000.0,162.02,162.02,64.04,6.7,2.21,275784600,360113500.0,2026-09-30,16:14:59
688819,天能股份,20.78,20.7,20.5,20.97,20.5,1385093.0,28800000.0,202.0,202.0,20.12,1.2,0.14,72950000,65559300.0,2026-09-30,16:14:52
688981,中芯国际,111.99,117.51,117.77,118.18,111.29,42874573.0,4856440000.0,9588.97,2240.47,133.05,5.59,2.14,1890277300,2397180000.0,2026-09-30,16:14:47
689009,九号公司-WD,37.1,36.04,36.08,37.1,36.08,6406961.0,235190000.0,273.0,208.59,17.9,4.21,1.14,370434700,270261400.0,2026-09-30,16:14:50
000001,平安银行,11.57,11.35,11.36,11.65,11.33,1045357.0,1205810000.0,2245.26,2245.24,5.17,0.48,0.54,67345200,37190600.0,2026-09-30,16:15:00
000002,万  科Ａ,4.26,4.08,3.8,4.4,3.67,13094440.0,5158050000.0,508.25,413.86,-0.56,0.5,13.48,789693300,519750700.0,2026-09-30,16:14:54
000003,PT金田A,2.71,2.71,0.0,0.0,0.0,0.0,0.0,9.04,5.2,78.43,-0.27,0.0,0,0.0,2026-09-30,09:00:00
000004,国华退,0.51,0.51,0.0,0.0,0.0,0.0,0.0,0.68,0.64,2.48,0.78,0.0,0,0.0,2026-09-30,09:00:00
000005,ST星源,0.83,0.83,0.0,0.0,0.0,0.0,0.0,8.79,8.78,-4.44,0.73,0.0,0,0.0,2026-09-30,09:00:00
000006,深振业Ａ,7.51,7.62,6.92,7.59,6.86,625748.0,449730000.0,101.38,101.38,-151.29,1.93,4.64,30387300,32187500.0,2026-09-30,16:14:54
000007,全新好,10.96,11.08,11.07,11.23,10.76,53730.0,58690000.0,37.97,37.97,-896.56,21.27,1.55,2827800,2545200.0,2026-09-30,16:14:57
000008,神州高铁,2.4,2.39,2.39,2.41,2.37,156574.0,37480000.0,65.19,65.19,-8.21,3.06,0.58,6668300,8989100.0,2026-09-30,16:15:00
000009,中国宝安,6.93,6.86,6.88,6.97,6.84,106828.0,73790000.0,178.74,178.52,-253.61,1.83,0.41,5390300,5292500.0,2026-09-30,16:14:57
000010,*ST美丽,1.44,1.47,1.48,1.48,1.42,134309.0,19310000.0,16.55,13.7,-564.64,6.62,1.41,5838600,7592300.0,2026-09-30,16:14:57
000011,深物业A,12.24,11.13,10.1,12.24,10.02,898769.0,971270000.0,72.95,64.44,-149.73,2.2,17.07,42521100,47355800.0,2026-09-30,16:14:57
000012,南  玻Ａ,3.69,3.67,3.67,3.71,3.64,148042.0,54460000.0,112.27,72.3,-30.34,0.89,0.76,8076300,6727900.0,2026-09-30,16:15:00
000013,*ST石化A,2.47,2.47,0.0,0.0,0.0,0.0,0.0,7.49,1.27,-1.55,-0.23,0.0,0,0.0,2026-09-30,09:00:00
000015,PT中浩A,6.85,6.85,0.0,0.0,0.0,0.0,0.0,10.77,1.8,-10.7,-0.55,0.0,0,0.0,2026-09-30,09:00:00
000016,*ST康佳A,2.46,2.46,0.0,0.0,0.0,0.0,0.0,59.24,39.28,-0.48,-0.53,0.0,0,0.0,2026-09-30,16:15:00
000017,深中华A,7.4,7.5,7.65,7.66,7.31,301250.0,223300000.0,51.0,32.62,153.89,12.94,6.83,14467400,15657600.0,2026-09-30,16:14:45
000018,神城A退,0.27,0.27,0.0,0.0,0.0,0.0,0.0,4.59,2.69,-0.08,-0.35,0.0,0,0.0,2026-09-30,09:00:00
000019,深粮控股,7.01,6.7,6.77,7.27,6.64,268648.0,186830000.0,80.79,29.18,45.12,1.63,6.45,14156000,12708800.0,2026-09-30,16:15:00
000020,深华发Ａ,14.28,14.65,13.72,14.59,13.72,307561.0,434350000.0,40.44,25.87,137.04,9.04,16.98,15956600,14799500.0,2026-09-30,16:14:15
000021,深科技,32.83,33.79,34.01,34.08,32.8,395148.0,1311080000.0,520.29,520.22,42.39,3.91,2.49,14645400,24869400.0,2026-09-30,16:14:30
000025,特  力Ａ,15.21,15.38,15.06,15.42,14.7,84329.0,126750000.0,65.56,59.74,45.68,3.52,2.15,4435400,3997500.0,2026-09-30,16:14:57
000026,飞亚达,18.86,18.7,18.84,19.21,18.55,45631.0,86170000.0,76.53,68.73,72.62,2.26,1.25,2419000,2144100.0,2026-09-30,16:15:00
000027,深圳能源,6.28,6.24,6.24,6.29,6.21,140558.0,88060000.0,298.76,298.76,12.98,0.89,0.3,8463600,5592300.0,2026-09-30,16:14:15
000028,国药一致,19.66,19.37,19.4,19.67,19.35,17368.0,33970000.0,120.36,103.38,11.18,0.64,0.33,1184300,552500.0,2026-09-30,16:14:30
000029,深深房Ａ,22.71,22.12,21.51,23.1,21.31,101681.0,226620000.0,229.75,202.5,-1975.18,6.43,1.14,6151100,4017100.0,2026-09-30,16:14:45
000030,富奥股份,3.93,3.89,3.89,3.94,3.86,63918.0,24990000.0,67.59,65.66,11.52,0.81,0.38,4026900,2365000.0,2026-09-30,16:15:00
000031,大悦城,2.46,2.43,2.36,2.5,2.22,1311958.0,309600000.0,105.44,105.44,-3.31,1.07,3.06,72305900,58890000.0,2026-09-30,16:14:15
000032,深桑达Ａ,13.09,13.38,13.53,13.57,13.07,215628.0,284180000.0,159.07,159.07,-66.84,2.2,1.77,9336300,12226500.0,2026-09-30,16:14:30
000033,新都退,1.7,1.7,0.0,0.0,0.0,0.0,0.0,7.31,7.31,-105.03,31.1,0.0,0,0.0,2026-09-30,09:10:00
000034,神州数码,23.21,23.68,23.59,23.7,23.13,136428.0,318200000.0,235.99,197.09,39.82,2.06,1.61,4658300,8984500.0,2026-09-30,16:14:45
000035,中国天楹,4.74,4.66,4.66,4.75,4.64,186370.0,87680000.0,113.19,109.64,39.54,1.05,0.81,11454700,7182300.0,2026-09-30,16:15:00
000036,华联控股,4.08,4.21,4.13,4.16,3.85,1341366.0,536320000.0,57.28,57.24,59.78,1.11,9.56,61493400,72643200.0,2026-09-30,16:14:15
000037,深南电A,9.15,9.0,9.0,9.29,8.91,155767.0,141830000.0,55.15,31.01,27.22,3.29,4.6,8581000,6995700.0,2026-09-30,16:14:30
000038,大通退,0.52,0.52,0.0,0.0,0.0,0.0,0.0,2.72,1.3,-1.67,0.11,0.0,0,0.0,2026-09-30,09:10:00
000039,中集集团,8.6,8.55,8.56,8.67,8.53,107947.0,92940000.0,463.76,197.92,-145.92,1.01,0.47,5893900,4900800.0,2026-09-30,16:14:45
000040,*ST旭蓝,0.49,0.49,0.0,0.0,0.0,0.0,0.0,7.29,5.17,-2.06,0.07,0.0,0,0.0,2026-09-30,09:10:00
000042,中洲控股,8.46,8.3,8.25,8.49,7.97,110897.0,91740000.0,56.24,56.19,-54.5,1.69,1.67,6106800,4982900.0,2026-09-30,16:15:00
000045,深纺织Ａ,11.13,11.21,11.25,11.28,11.07,39702.0,44330000.0,56.38,50.87,67.15,1.88,0.87,1910400,2059800.0,2026-09-30,16:15:00
000046,*ST泛海,0.38,0.38,0.0,0.0,0.0,0.0,0.0,19.75,19.66,-0.1,-0.16,0.0,0,0.0,2026-09-30,09:10:00
000047,ST中侨,8.03,8.03,0.0,0.0,0.0,0.0,0.0,9.67,2.64,-7.64,-0.78,0.0,0,0.0,2026-09-30,09:10:00
000048,京基智农,18.0,17.92,18.25,18.38,17.91,78612.0,142290000.0,95.44,95.27,-16.97,2.74,1.49,4071500,3789600.0,2026-09-30,16:14:30
000049,德赛电池,22.4,21.99,22.06,22.55,21.95,52958.0,118350000.0,86.16,86.14,21.54,1.26,1.38,3034000,2261800.0,2026-09-30,16:15:00
000050,深天马Ａ,6.31,6.29,6.31,6.38,6.28,145853.0,92190000.0,153.7,153.7,-20.06,0.58,0.6,6441200,8144100.0,2026-09-30,16:15:00
000055,方大集团,3.86,3.88,3.88,3.9,3.78,149039.0,57100000.0,41.45,26.09,-8.67,0.75,2.21,7208200,7695700.0,2026-09-30,16:14:21
000056,*ST皇庭,2.7,2.7,2.7,2.73,2.64,175935.0,47260000.0,31.93,24.4,-1.13,-1.21,1.95,10935100,6658400.0,2026-09-30,16:14:30
000058,深 赛 格,7.28,7.29,7.26,7.28,6.95,183608.0,130840000.0,89.63,71.69,125.4,4.4,1.86,10009000,8351800.0,2026-09-30,16:14:45
000059,华锦股份,5.55,5.47,5.51,5.6,5.5,255292.0,141760000.0,88.77,88.77,-21.7,0.88,1.6,12114100,13415100.0,2026-09-30,16:15:00
000060,中金岭南,5.84,5.83,5.84,5.87,5.81,348446.0,203380000.0,259.36,259.36,18.73,1.28,0.78,16622400,18222200.0,2026-09-30,16:14:15
000061,农 产 品,6.03,5.84,5.86,6.09,5.82,191584.0,114160000.0,119.69,108.2,27.48,1.39,1.07,12454600,6703800.0,2026-09-30,16:14:30
000062,深圳华强,21.32,21.66,21.81,21.9,21.27,94015.0,201790000.0,222.99,222.74,36.04,3.39,0.9,3615300,5786200.0,2026-09-30,16:14:45
000063,中兴通讯,30.58,30.72,30.88,30.9,30.53,310669.0,952400000.0,1462.8,1231.65,44.15,1.94,0.77,11740200,19326700.0,2026-09-30,16:15:00
000065,北方国际,9.73,9.61,9.67,9.79,9.58,127040.0,123280000.0,113.01,103.63,15.26,1.02,1.19,6583100,6120900.0,2026-09-30,16:14:15
000066,中国长城,14.1,14.42,14.43,14.52,14.03,858628.0,1217460000.0,454.84,454.81,385.22,4.01,2.66,32048500,53814300.0,2026-09-30,16:14:33
000068,华控赛格,3.41,3.54,3.47,3.48,3.23,785622.0,262910000.0,34.33,34.33,-61.23,6.11,7.8,36437500,42124700.0,2026-09-30,16:14:45
000069,华侨城Ａ,1.97,1.97,1.92,2.0,1.78,2339930.0,444760000.0,158.34,135.9,-1.05,0.5,3.39,125028900,108964200.0,2026-09-30,16:15:00
000070,特发信息,16.3,16.19,16.45,16.88,16.01,494693.0,813610000.0,141.55,139.64,-32.23,13.34,5.77,26165000,23304300.0,2026-09-30,16:14:15
000078,ST海王,1.49,1.49,1.49,1.5,1.47,370066.0,54810000.0,39.2,39.18,-4.91,3.83,1.41,16469400,20537200.0,2026-09-30,16:14:30
000090,天健集团,3.64,3.64,3.53,3.68,3.38,716120.0,252990000.0,68.02,68.01,-45.08,0.62,3.83,39570600,32041400.0,2026-09-30,16:14:36
000096,广聚能源,7.99,7.94,7.91,7.99,7.86,28632.0,22730000.0,42.19,40.82,24.24,1.52,0.56,1664900,1198300.0,2026-09-30,16:14:30
000099,中信海直,12.67,12.56,12.58,12.72,12.52,40167.0,50730000.0,98.29,98.29,35.03,1.77,0.52,2425500,1591200.0,2026-09-30,16:14:45
000100,TCL科技,4.79,4.77,4.79,4.84,4.76,2083318.0,1000560000.0,1051.23,963.51,16.32,1.56,1.04,102910100,105421700.0,2026-09-30,16:15:00
000150,*ST宜康,0.51,0.51,0.0,0.0,0.0,0.0,0.0,4.48,4.11,-0.46,-0.52,0.0,0,0.0,2026-09-30,09:00:00
000151,中成股份,10.06,10.06,10.04,10.12,9.88,66491.0,66420000.0,35.3,30.98,8.23,4.0,2.16,2765200,3884000.0,2026-09-30,16:14:15
000153,丰原药业,6.11,6.08,6.1,6.17,6.08,74567.0,45750000.0,28.39,28.16,30.07,1.31,1.62,3937200,3519400.0,2026-09-30,16:14:30
000155,川能动力,10.88,10.77,10.76,10.93,10.73,115547.0,125530000.0,200.86,200.86,22.26,1.88,0.63,5716500,5838200.0,2026-09-30,16:14:45
000158,常山北明,12.17,12.19,12.3,12.3,12.13,107314.0,130860000.0,194.55,193.58,1491.44,3.71,0.67,4786700,5944800.0,2026-09-30,16:14:30
000159,国际实业,5.45,5.5,5.5,5.54,5.39,66795.0,36450000.0,26.2,26.2,91.9,1.27,1.39,3005000,3674500.0,2026-09-30,16:14:48
000802,北京文化,3.85,3.91,3.91,3.93,3.81,336363.0,129540000.0,27.56,27.55,-12.89,4.66,4.7,13690700,19945600.0,2026-09-30,16:14:30
000805,*ST炎黄,1.88,1.88,0.0,0.0,0.0,0.0,0.0,1.2,0.39,3.01,327.75,0.0,0,0.0,2026-09-30,09:00:00
000819,岳阳兴长,12.2,12.19,12.26,12.35,12.15,23108.0,28290000.0,44.65,44.65,-533.31,2.16,0.63,1230200,1080600.0,2026-09-30,16:15:00
000823,超声电子,23.28,24.4,24.5,24.6,23.06,1241684.0,2935100000.0,138.51,138.5,62.64,2.48,20.87,55941700,68226800.0,2026-09-30,16:14:18
000827,*ST长兴,1.16,1.16,0.0,0.0,0.0,0.0,0.0,0.77,0.34,-0.7,-9.53,0.0,0,0.0,2026-09-30,09:00:00
000828,东莞控股,9.97,9.91,9.93,10.01,9.88,37002.0,36900000.0,103.64,103.64,12.32,1.01,0.36,2250700,1449500.0,2026-09-30,16:15:00
000851,*ST高鸿,0.38,0.38,0.0,0.0,0.0,0.0,0.0,4.4,4.3,-0.64,2.91,0.0,0,0.0,2026-09-30,09:00:00
000852,石化机械,5.31,5.28,5.26,5.35,5.25,95517.0,50550000.0,50.75,50.46,-215.22,1.61,1.01,4494400,5057300.0,2026-09-30,16:14:30
000856,冀东装备,8.88,8.9,8.97,9.0,8.81,32971.0,29360000.0,20.16,20.16,94.03,4.78,1.45,1572800,1724300.0,2026-09-30,16:14:45
000858,五 粮 液,70.06,68.77,68.84,70.47,68.68,194885.0,1358340000.0,2719.45,2719.39,20.79,2.3,0.5,12213000,7275500.0,2026-09-30,16:15:00
000863,三湘印象,4.46,4.52,4.52,4.52,4.27,262331.0,115300000.0,52.66,51.95,-32.94,1.21,2.25,13311500,12921600.0,2026-09-30,16:15:00
000869,张  裕Ａ,17.05,16.76,16.78,17.14,16.78,15350.0,26070000.0,109.68,77.59,418.46,1.08,0.34,813700,721300.0,2026-09-30,16:14:36
000901,航天科技,13.68,13.81,13.86,13.95,13.6,66397.0,91300000.0,109.19,109.19,668.17,2.58,0.83,3003500,3636200.0,2026-09-30,16:15:00
000903,ST云动,1.97,1.92,1.93,1.99,1.91,138849.0,27130000.0,37.83,37.83,-3.72,8.16,0.72,7437800,6447100.0,2026-09-30,16:14:42
000905,厦门港务,9.15,9.17,9.16,9.33,9.01,195516.0,179410000.0,141.12,67.88,76.84,1.55,2.64,9577700,9973900.0,2026-09-30,16:14:45
000906,浙商中拓,6.11,6.17,6.18,6.19,6.08,55368.0,33880000.0,43.36,43.0,16.18,0.88,0.79,2158300,3378500.0,2026-09-30,16:15:00
000913,钱江摩托,10.7,10.5,10.59,10.77,10.5,31549.0,33690000.0,56.33,55.65,6.96,1.08,0.61,1668000,1486900.0,2026-09-30,16:14:45
000918,*ST嘉凯,0.49,0.49,0.0,0.0,0.0,0.0,0.0,8.84,8.84,-0.91,-3.63,0.0,0,0.0,2026-09-30,09:00:00
000928,中钢国际,5.34,5.29,5.31,5.35,5.26,89991.0,47800000.0,76.61,76.61,16.69,0.9,0.63,5095000,3904100.0,2026-09-30,16:14:51
000932,华菱钢铁,3.54,3.44,3.45,3.55,3.42,839596.0,293540000.0,242.58,242.58,22.3,0.44,1.23,57504000,26455600.0,2026-09-30,16:14:51
000933,神火股份,26.22,26.1,25.72,26.33,25.61,295644.0,771500000.0,589.69,589.31,8.57,2.13,1.32,15010400,14554100.0,2026-09-30,16:14:54
000935,四川双马,19.45,19.2,19.2,19.68,19.12,34469.0,66980000.0,148.49,148.49,104.11,1.92,0.45,1549900,1897000.0,2026-09-30,16:14:45
000958,电投产融,4.94,4.92,4.91,4.98,4.91,111926.0,55390000.0,904.84,265.94,29.32,1.78,0.21,6017200,5175400.0,2026-09-30,16:14:57
000966,长源电力,3.98,3.95,3.96,3.99,3.93,230980.0,91730000.0,138.55,138.55,1158.79,1.02,0.66,12240100,10857900.0,2026-09-30,16:14:54
000971,*ST高升,0.55,0.55,0.0,0.0,0.0,0.0,0.0,5.77,4.66,-1.52,36.3,0.0,0,0.0,2026-09-30,09:00:00
000982,中银绒业,0.18,0.18,0.0,0.0,0.0,0.0,0.0,7.67,7.67,-4.69,0.72,0.0,0,0.0,2026-09-30,09:00:00
000987,越秀资本,7.2,7.14,7.16,7.24,7.12,127579.0,91580000.0,361.23,360.9,7.57,1.07,0.25,7011200,5746700.0,2026-09-30,16:14:45
000989,九芝堂,8.75,8.55,8.55,8.79,8.53,145003.0,126030000.0,74.89,64.25,22.76,2.04,1.97,9101600,5398700.0,2026-09-30,16:14:15
000990,诚志股份,6.17,6.13,6.11,6.2,6.08,216501.0,133360000.0,104.97,104.97,54.47,0.58,1.27,11949200,9701000.0,2026-09-30,16:14:30
000991,通海高科,7.36,7.36,0.0,0.0,0.0,0.0,0.0,33.12,,32.37,0.0,,0,0.0,2026-09-30,09:00:00
000993,闽东电力,17.09,16.28,16.81,17.27,16.56,659972.0,1120190000.0,78.26,78.26,457.6,3.1,14.41,35648800,30348400.0,2026-09-30,16:14:45
000998,隆平高科,8.66,8.38,8.44,8.71,8.38,275779.0,236570000.0,127.25,113.88,223.27,1.93,2.1,17637400,9940500.0,2026-09-30,16:14:30
