股票代码,股票名称,当前价,昨收价,开盘价,最高价,最低价,成交量,成交额,总市值,流通市值,市盈率,市净率,换手率,买盘总量,卖盘总量,交易日期,更新时间
000001,平安银行,11.27,11.25,11.22,11.28,11.12,1046343.0,1171010000.0,2187.05,2187.01,5.08,0.48,0.54,54289000,50345300.0,2026-08-06,16:14:54
000002,万  科Ａ,3.26,3.28,3.27,3.29,3.2,1312120.0,425180000.0,388.94,316.77,-0.44,0.35,1.35,56027500,75184500.0,2026-08-06,16:14:54
000004,国华退,0.51,0.51,0.0,0.0,0.0,0.0,0.0,0.68,0.64,5.73,0.78,0.0,0,0.0,2026-08-06,09:00:00
000006,深振业Ａ,6.83,6.79,6.78,6.85,6.62,204918.0,138270000.0,92.2,92.2,-1048.49,1.72,1.52,9079300,11412500.0,2026-08-06,16:14:54
000007,全新好,9.82,9.55,9.51,9.83,9.4,83283.0,80150000.0,34.02,34.02,-1687.69,19.0,2.4,4859100,3469300.0,2026-08-06,16:14:57
000008,神州高铁,2.44,2.42,2.42,2.45,2.38,359440.0,86920000.0,66.28,66.28,-8.05,3.07,1.32,16657100,19286900.0,2026-08-06,16:15:00
000009,中国宝安,7.5,7.64,7.65,7.72,7.4,490059.0,368690000.0,193.44,193.2,372.53,1.93,1.9,19384400,29621600.0,2026-08-06,16:14:57
000010,*ST美丽,1.57,1.57,1.57,1.59,1.54,217902.0,34090000.0,18.05,14.41,-1063.05,6.13,2.37,11075800,10714400.0,2026-08-06,16:14:03
000011,深物业A,8.1,8.13,8.09,8.24,7.97,97259.0,78540000.0,48.27,42.64,2936.12,1.44,1.85,4486100,5239800.0,2026-08-06,16:14:54
000012,南  玻Ａ,3.89,3.96,3.93,3.94,3.85,286351.0,111180000.0,118.35,76.22,1060.95,0.91,1.46,9937500,18697500.0,2026-08-06,16:15:00
000014,沙河股份,10.1,10.13,10.05,10.17,9.96,50926.0,51310000.0,24.45,24.45,-16.05,1.77,2.1,2459500,2633100.0,2026-08-06,16:14:54
000016,*ST康佳A,2.59,2.62,2.6,2.66,2.55,170897.0,44540000.0,62.37,41.35,-0.48,-0.55,1.07,7459100,9630600.0,2026-08-06,16:14:57
000017,深中华A,6.17,6.2,6.29,6.38,6.07,101536.0,62750000.0,42.52,27.2,102.86,10.89,2.3,5106700,5046800.0,2026-08-06,16:14:03
000019,深粮控股,6.29,6.09,6.11,6.31,6.01,215110.0,132760000.0,72.49,26.18,33.43,1.47,5.17,10478400,11032700.0,2026-08-06,16:14:57
000020,深华发Ａ,11.06,10.92,10.88,11.08,10.77,33663.0,36800000.0,31.32,20.04,90.2,7.05,1.86,1789800,1576500.0,2026-08-06,16:14:06
000021,深科技,39.91,38.7,37.56,40.78,37.56,1671004.0,6575240000.0,628.33,628.25,52.41,4.83,10.62,84308800,82791600.0,2026-08-06,16:14:06
000025,特  力Ａ,15.15,15.28,15.51,15.6,15.08,96649.0,147570000.0,65.31,59.51,46.02,3.6,2.46,4515200,5149600.0,2026-08-06,16:14:57
000026,飞亚达,17.09,17.08,16.99,17.57,16.8,120157.0,205730000.0,69.35,62.3,64.75,2.07,3.3,5559700,6456000.0,2026-08-06,16:14:09
000027,深圳能源,6.37,6.44,6.44,6.45,6.32,215171.0,137000000.0,303.05,303.05,15.14,0.93,0.45,8162100,13355000.0,2026-08-06,16:14:09
000028,国药一致,20.4,20.6,20.6,20.66,20.26,30709.0,62690000.0,124.89,107.28,11.4,0.67,0.58,1108500,1962400.0,2026-08-06,16:14:12
000029,深深房Ａ,22.39,22.06,22.04,22.57,21.95,47261.0,105220000.0,226.51,199.64,959.47,6.33,0.53,2258700,2467400.0,2026-08-06,16:14:15
000030,富奥股份,4.24,4.29,4.27,4.3,4.2,90002.0,38110000.0,72.92,70.85,10.98,0.88,0.54,3675900,5324300.0,2026-08-06,16:14:12
000031,大悦城,2.24,2.24,2.23,2.25,2.18,289341.0,64180000.0,96.01,96.01,-4.15,0.94,0.68,14224700,14709400.0,2026-08-06,16:15:00
000032,深桑达Ａ,14.58,14.62,14.27,14.74,14.17,436723.0,632480000.0,177.17,177.17,-101.0,2.41,3.59,22197900,21474400.0,2026-08-06,16:14:18
000034,神州数码,25.57,25.9,25.5,26.14,25.18,424627.0,1088940000.0,259.98,217.13,48.0,2.33,5.0,18841700,23621000.0,2026-08-06,16:14:15
000035,中国天楹,4.96,5.17,5.24,5.26,4.91,653781.0,327750000.0,118.45,114.73,40.92,1.1,2.83,24826000,40552100.0,2026-08-06,16:15:00
000036,华联控股,4.16,4.18,4.18,4.21,4.09,210912.0,87400000.0,58.4,58.36,64.57,1.14,1.5,9147200,11944000.0,2026-08-06,16:14:03
000037,深南电A,10.07,10.11,10.01,10.1,9.93,263241.0,263580000.0,60.7,34.13,32.74,3.63,7.77,12618300,13705800.0,2026-08-06,16:14:03
000039,中集集团,8.5,8.68,8.69,8.71,8.41,373762.0,318460000.0,458.36,195.62,-402.01,0.98,1.62,13644700,23731500.0,2026-08-06,16:15:00
000040,*ST旭蓝,0.49,0.49,0.0,0.0,0.0,0.0,0.0,7.29,5.17,-2.06,0.07,0.0,0,0.0,2026-08-06,09:00:00
000042,中洲控股,8.41,8.31,8.26,8.47,8.26,52880.0,44410000.0,55.91,55.85,-5.05,2.47,0.8,2709700,2578300.0,2026-08-06,16:14:06
000045,深纺织Ａ,10.13,9.98,9.95,10.14,9.9,82468.0,82680000.0,51.31,46.3,73.55,1.72,1.8,4158200,4088600.0,2026-08-06,16:14:06
000048,京基智农,21.6,21.17,21.25,21.96,21.0,191569.0,411270000.0,114.52,114.33,-60.18,3.05,3.62,9800600,9356300.0,2026-08-06,16:14:09
000049,德赛电池,24.7,25.08,25.05,25.07,24.52,78081.0,193330000.0,95.01,94.98,29.37,1.42,2.03,2635900,5172200.0,2026-08-06,16:14:18
000050,深天马Ａ,6.71,6.72,6.66,6.72,6.56,358571.0,238110000.0,163.44,163.44,-239.55,0.61,1.47,14679500,21177600.0,2026-08-06,16:14:21
000055,方大集团,3.45,3.43,3.42,3.45,3.39,67061.0,22960000.0,37.05,23.32,-7.12,0.66,0.99,3465500,3240600.0,2026-08-06,16:14:24
000056,*ST皇庭,2.06,2.09,2.15,2.16,2.05,374326.0,78850000.0,24.36,18.62,-0.91,-1.01,4.14,17120300,20312300.0,2026-08-06,16:14:12
000058,深 赛 格,6.81,6.91,6.91,6.94,6.76,78149.0,53300000.0,83.84,67.06,119.93,4.18,0.79,3607700,4207200.0,2026-08-06,16:14:03
000059,华锦股份,4.58,4.53,4.52,4.6,4.51,200907.0,91610000.0,73.25,73.25,-5.32,0.75,1.26,10700100,9390600.0,2026-08-06,16:14:15
000060,中金岭南,6.59,6.71,6.77,6.78,6.48,2187384.0,1455530000.0,292.67,292.67,28.35,1.48,4.93,96552500,122185900.0,2026-08-06,16:14:09
000061,农 产 品,5.87,5.92,5.93,5.98,5.8,225569.0,132620000.0,116.52,105.33,26.92,1.37,1.26,9130900,13425900.0,2026-08-06,16:14:21
000062,深圳华强,22.99,23.27,23.0,23.29,22.72,274719.0,631500000.0,240.45,240.22,43.07,3.56,2.63,12094100,15377700.0,2026-08-06,16:14:12
000063,中兴通讯,34.7,34.74,34.2,34.98,33.95,1501508.0,5160710000.0,1659.89,1397.58,37.09,2.22,3.73,71631300,78519500.0,2026-08-06,16:14:15
000065,北方国际,9.2,9.29,9.22,9.5,9.07,236306.0,218270000.0,106.85,97.98,16.27,0.97,2.22,9639300,13991300.0,2026-08-06,16:14:18
000066,中国长城,14.73,14.72,14.72,15.1,14.54,1440052.0,2132000000.0,475.16,475.12,2355.33,4.35,4.46,65690000,78315300.0,2026-08-06,16:14:18
000068,华控赛格,2.91,2.88,2.89,2.93,2.84,150785.0,43550000.0,29.29,29.29,-27.82,5.0,1.5,7423100,7655400.0,2026-08-06,16:14:21
000069,华侨城Ａ,1.93,1.83,1.82,1.98,1.8,1582737.0,301290000.0,155.13,133.14,-1.07,0.45,2.29,94102200,64171600.0,2026-08-06,16:14:27
000070,特发信息,14.26,14.17,13.95,14.53,13.89,640411.0,908390000.0,123.83,122.17,-25.27,15.35,7.48,31096500,32944600.0,2026-08-06,16:14:21
000078,ST海王,1.66,1.69,1.67,1.69,1.64,787349.0,130700000.0,43.68,43.58,-7.63,3.52,3.0,38688600,40046200.0,2026-08-06,16:14:24
000088,盐 田 港,4.47,4.51,4.51,4.52,4.43,195941.0,87650000.0,232.42,141.38,15.75,1.3,0.62,8176400,11417800.0,2026-08-06,16:14:27
000089,深圳机场,6.59,6.62,6.63,6.68,6.55,141194.0,93280000.0,135.15,135.15,21.78,1.17,0.69,6089300,8030100.0,2026-08-06,16:14:24
000090,天健集团,3.42,3.35,3.36,3.43,3.3,213740.0,71870000.0,63.9,63.9,39.99,0.57,1.14,10225500,11148600.0,2026-08-06,16:14:30
000096,广聚能源,7.76,7.72,7.71,7.8,7.62,58908.0,45490000.0,40.97,39.64,36.41,1.49,1.15,2974100,2916700.0,2026-08-06,16:14:30
000099,中信海直,14.36,14.56,14.52,14.6,14.28,78540.0,113160000.0,111.4,111.4,35.87,2.02,1.01,3357300,4496800.0,2026-08-06,16:14:33
000100,TCL科技,4.82,4.87,4.78,4.86,4.75,5318960.0,2550950000.0,1002.6,969.54,19.81,1.65,2.64,242960000,288936000.0,2026-08-06,16:14:33
000151,中成股份,10.09,9.98,9.96,10.22,9.92,67314.0,67900000.0,35.41,31.07,8.94,4.04,2.19,3031200,3700200.0,2026-08-06,16:14:27
000153,丰原药业,5.56,5.51,5.51,5.56,5.45,68119.0,37440000.0,25.84,25.51,26.26,1.21,1.48,3666400,3145500.0,2026-08-06,16:14:30
000155,川能动力,11.97,12.2,12.11,12.3,11.86,436338.0,525140000.0,220.99,220.99,41.5,2.06,2.36,17921500,25712300.0,2026-08-06,16:14:36
000156,华数传媒,6.91,7.07,7.05,7.1,6.88,93455.0,65010000.0,128.04,117.46,30.3,0.86,0.55,3652900,5692600.0,2026-08-06,16:14:36
000157,中联重科,7.27,7.29,7.3,7.37,7.22,465940.0,338810000.0,628.75,513.96,14.51,1.11,0.66,19136300,27457700.0,2026-08-06,16:14:39
000158,常山北明,13.8,14.08,13.85,14.1,13.66,394367.0,546850000.0,220.61,219.13,697.56,4.19,2.48,17335000,22101700.0,2026-08-06,16:14:39
000159,国际实业,5.77,5.75,5.73,5.79,5.64,89371.0,51120000.0,27.74,27.73,75.58,1.35,1.86,4280000,4657100.0,2026-08-06,16:14:24
000166,申万宏源,4.54,4.64,4.63,4.64,4.5,1092680.0,497520000.0,1136.81,1023.11,11.5,0.99,0.48,33772800,75495200.0,2026-08-06,16:14:42
000301,东方盛虹,12.9,12.59,12.6,12.91,12.5,293895.0,375670000.0,852.85,852.48,69.62,2.46,0.44,15356800,14032700.0,2026-08-06,16:14:42
000333,美的集团,85.32,85.47,85.5,86.0,84.8,208696.0,1780110000.0,6508.28,5873.55,14.73,3.19,0.3,10479200,10390400.0,2026-08-06,16:14:45
000338,潍柴动力,29.38,30.22,29.8,30.3,29.07,732712.0,2166180000.0,2538.5,1456.19,22.45,2.66,1.48,35713600,37557600.0,2026-08-06,16:14:45
000400,许继电气,22.86,23.48,23.25,23.26,22.65,262067.0,599390000.0,232.86,232.04,21.75,1.93,2.58,10441100,15765600.0,2026-08-06,16:14:27
000401,金隅冀东,3.63,3.63,3.62,3.65,3.58,94641.0,34210000.0,96.42,95.52,99.02,0.37,0.36,4619700,4844400.0,2026-08-06,16:14:48
000402,金 融 街,2.51,2.49,2.48,2.51,2.45,428330.0,106430000.0,75.02,75.02,-1.61,0.38,1.43,23050600,19782400.0,2026-08-06,16:14:30
000403,派林生物,10.5,10.5,10.5,10.56,10.32,104428.0,108990000.0,99.79,98.77,28.26,1.23,1.11,5396800,5046000.0,2026-08-06,16:14:33
000404,长虹华意,7.67,7.78,7.79,7.79,7.55,125737.0,96290000.0,53.38,53.13,10.47,1.27,1.82,5788400,6785300.0,2026-08-06,16:14:36
000407,胜利股份,4.07,4.03,4.05,4.13,4.0,177278.0,71800000.0,35.82,35.64,21.8,1.17,2.02,8554600,9173200.0,2026-08-06,16:14:48
000408,藏格矿业,86.79,86.57,87.8,89.07,86.0,185151.0,1617400000.0,1361.66,1361.65,29.1,7.72,1.18,9089600,9425500.0,2026-08-06,16:14:33
000409,云鼎科技,8.93,8.97,8.93,9.04,8.83,62786.0,56050000.0,60.52,52.73,85.6,3.69,1.06,2978400,3300200.0,2026-08-06,16:14:51
000410,沈阳机床,4.88,4.92,4.88,4.94,4.79,150524.0,73110000.0,129.27,96.19,-243.8,3.1,0.76,5908800,9143600.0,2026-08-06,16:14:39
000411,英特集团,9.59,9.52,9.52,9.64,9.44,52847.0,50530000.0,54.17,54.06,11.27,1.04,0.94,2620100,2664600.0,2026-08-06,16:14:36
000415,渤海租赁,4.52,4.58,4.57,4.64,4.49,472706.0,214960000.0,279.54,243.76,-166.58,0.94,0.88,20669600,26601000.0,2026-08-06,16:14:51
000417,合百集团,6.04,6.03,6.04,6.08,5.96,388465.0,234060000.0,47.11,47.05,31.56,1.0,4.99,18469900,20376600.0,2026-08-06,16:14:54
000419,通程控股,4.9,4.89,4.86,4.95,4.83,57789.0,28190000.0,26.64,26.64,18.68,0.78,1.06,2406400,3372500.0,2026-08-06,16:14:39
000420,吉林化纤,3.78,3.82,3.84,3.88,3.73,522082.0,198350000.0,92.95,92.91,222.84,2.09,2.12,20397400,31810800.0,2026-08-06,16:14:57
000421,南京公用,5.4,5.42,5.42,5.44,5.33,71312.0,38410000.0,31.02,31.01,35.43,1.11,1.24,3476300,3654900.0,2026-08-06,16:14:06
000422,湖北宜化,13.31,13.47,13.4,13.48,13.07,292630.0,387640000.0,144.76,142.06,16.9,2.43,2.74,12074600,17188400.0,2026-08-06,16:14:54
000423,东阿阿胶,53.85,54.25,54.23,54.84,53.59,54643.0,295620000.0,344.55,343.94,19.48,3.56,0.86,2503000,2961400.0,2026-08-06,16:14:57
000425,徐工机械,8.42,8.41,8.37,8.52,8.34,896395.0,755570000.0,986.08,755.43,14.96,1.64,1.0,41339300,48300200.0,2026-08-06,16:14:42
000426,兴业银锡,37.58,36.3,38.11,38.91,36.94,1299088.0,4927620000.0,667.28,667.12,25.01,6.16,7.32,70581000,59327800.0,2026-08-06,16:14:09
000428,华天酒店,3.96,4.1,4.09,4.11,3.94,614243.0,245810000.0,40.35,40.35,-19.28,3.16,6.03,24961800,36462500.0,2026-08-06,16:14:12
000429,粤高速Ａ,14.19,14.2,14.18,14.27,14.07,86375.0,122210000.0,296.69,184.94,18.59,2.57,0.66,3624900,5012700.0,2026-08-06,16:15:00
000430,张家界,6.54,6.57,6.59,6.62,6.44,58241.0,38050000.0,52.95,24.23,-24.96,2.91,1.57,2372500,3451600.0,2026-08-06,16:15:00
000488,ST晨鸣,1.91,1.95,1.94,1.95,1.89,172021.0,32880000.0,56.18,32.36,-0.76,13.49,1.02,6308200,10893800.0,2026-08-06,16:14:03
000498,山东路桥,5.02,5.06,5.08,5.08,4.97,94368.0,47320000.0,77.93,72.76,3.63,0.47,0.65,3272100,6164700.0,2026-08-06,16:14:42
000501,武商集团,7.16,7.17,7.2,7.2,7.06,66544.0,47400000.0,55.06,55.01,34.15,0.5,0.87,3274300,3380100.0,2026-08-06,16:14:45
000503,国新健康,7.56,7.64,7.61,7.79,7.48,206689.0,157560000.0,74.03,74.03,-18.19,7.72,2.11,9141300,11527600.0,2026-08-06,16:14:15
000504,南华生物,8.22,8.11,8.15,8.23,8.06,63628.0,51800000.0,27.13,27.05,64.36,9.8,1.93,3585500,2777300.0,2026-08-06,16:14:48
000505,京粮控股,5.93,5.6,5.6,6.1,5.52,314796.0,182780000.0,43.11,37.5,-15.92,1.5,4.98,15543700,15936000.0,2026-08-06,16:14:06
000506,招金黄金,16.48,15.62,16.72,16.93,16.0,1198036.0,1976050000.0,153.1,153.05,43.82,17.22,12.9,67345500,52458100.0,2026-08-06,16:14:45
000507,珠海港,4.98,4.99,4.97,4.99,4.93,90786.0,44980000.0,45.8,44.94,19.82,0.77,1.01,4187500,4891100.0,2026-08-06,16:14:48
000509,华塑控股,3.24,3.16,3.16,3.25,3.12,326680.0,103940000.0,34.77,34.77,-247.59,28.76,3.04,17531300,15136700.0,2026-08-06,16:14:03
000510,新金路,16.11,16.12,16.17,16.77,15.83,884917.0,1442020000.0,104.48,97.72,-42.74,10.13,14.59,41003100,47488600.0,2026-08-06,16:14:18
000513,丽珠集团,30.13,30.37,30.45,30.5,29.94,54978.0,165540000.0,267.53,171.18,13.63,2.02,0.97,2211400,3286400.0,2026-08-06,16:14:51
000514,渝 开 发,3.95,3.91,3.9,3.95,3.85,92082.0,35880000.0,33.33,33.33,-23.7,0.91,1.09,4328500,4879700.0,2026-08-06,16:14:51
000516,国际医学,4.16,4.25,4.25,4.26,4.14,239633.0,100160000.0,93.14,91.72,-36.52,2.85,1.09,8407700,15555600.0,2026-08-06,16:14:54
000517,荣安地产,2.12,2.14,2.12,2.19,2.09,363737.0,77240000.0,67.5,52.83,-5.66,1.45,1.46,18251600,18122100.0,2026-08-06,16:14:21
000518,四环生物,3.96,3.89,3.94,3.97,3.88,423551.0,166650000.0,40.77,40.77,-125.48,12.61,4.11,23306300,19048800.0,2026-08-06,16:14:09
000519,中兵红箭,14.57,14.8,14.8,14.83,14.37,511207.0,745760000.0,202.9,202.9,90.06,1.96,3.67,20743300,30377400.0,2026-08-06,16:14:57
000520,凤凰航运,3.96,3.94,3.93,4.01,3.87,160401.0,63070000.0,40.08,40.08,-105.08,9.52,1.58,8427100,7613000.0,2026-08-06,16:14:12
000521,长虹美菱,4.96,4.98,4.97,4.99,4.9,82454.0,40740000.0,51.08,43.41,17.09,0.87,0.94,3647400,4598000.0,2026-08-06,16:14:24
000523,红棉股份,2.89,2.9,2.9,2.91,2.83,222096.0,63810000.0,53.05,38.3,46.16,2.71,1.68,10656000,11553600.0,2026-08-06,16:14:54
000524,岭南控股,9.34,9.37,9.38,9.44,9.22,59580.0,55600000.0,62.6,62.57,81.99,2.75,0.89,2605700,3352400.0,2026-08-06,16:14:15
000525,红太阳,4.56,4.6,4.57,4.63,4.5,204760.0,93240000.0,59.42,50.7,-14.68,2.39,1.84,8692100,11783900.0,2026-08-06,16:14:06
000526,学大教育,35.61,35.5,35.16,36.17,34.81,56104.0,198960000.0,43.39,43.26,20.47,4.17,4.62,2914500,2695900.0,2026-08-06,16:14:09
000528,柳    工,8.38,8.46,8.46,8.53,8.34,296025.0,248900000.0,170.77,170.53,10.96,0.93,1.45,10764100,18838400.0,2026-08-06,16:14:18
000529,广弘控股,4.77,4.72,4.74,4.78,4.69,38960.0,18480000.0,27.85,27.18,26.08,0.88,0.68,2212000,1684000.0,2026-08-06,16:14:12
000530,冰山冷热,5.02,5.02,5.02,5.05,4.93,113755.0,56850000.0,42.33,30.13,78.58,1.35,1.9,5070500,6305000.0,2026-08-06,16:14:15
000531,穗恒运Ａ,5.84,5.98,5.98,5.99,5.82,137468.0,80750000.0,60.82,53.13,15.26,0.88,1.51,5231700,8515100.0,2026-08-06,16:14:27
000532,华金资本,10.8,10.82,10.72,10.94,10.66,54613.0,58930000.0,37.23,37.1,30.75,2.34,1.59,3111300,2350000.0,2026-08-06,16:14:57
000533,顺钠股份,12.12,12.7,12.69,12.75,11.94,1301368.0,1581140000.0,83.73,83.01,84.27,8.49,19.0,54697100,75439800.0,2026-08-06,16:15:00
000534,万泽股份,26.4,26.76,26.8,27.19,25.95,93281.0,245830000.0,134.52,132.67,66.66,7.83,1.86,4237200,5090800.0,2026-08-06,16:14:03
000536,华映科技,3.32,3.33,3.3,3.33,3.25,508607.0,167790000.0,91.83,91.73,-8.99,10.93,1.84,24091500,26769200.0,2026-08-06,16:14:21
000537,绿发电力,7.6,7.75,7.75,7.75,7.52,222316.0,168810000.0,156.23,156.23,24.59,0.79,1.08,7960800,14270800.0,2026-08-06,16:14:06
000538,云南白药,50.69,50.9,50.9,50.99,50.32,87947.0,445010000.0,904.44,898.7,17.21,2.3,0.5,4073200,4721500.0,2026-08-06,16:14:24
000539,粤电力Ａ,5.92,5.98,5.98,5.99,5.82,698249.0,410320000.0,310.82,151.28,37.39,1.34,2.73,29360700,40464100.0,2026-08-06,16:14:09
000541,佛山照明,4.97,5.0,5.0,5.01,4.93,81939.0,40690000.0,76.33,61.16,43.31,1.12,0.67,3956000,4237900.0,2026-08-06,16:15:00
000543,皖能电力,7.81,7.94,7.93,7.94,7.72,375072.0,292590000.0,177.04,177.04,8.24,1.06,1.65,13149200,24358000.0,2026-08-06,16:14:03
000544,中原环保,7.37,7.41,7.44,7.44,7.32,32150.0,23710000.0,71.83,71.83,6.75,0.79,0.33,1255100,1960000.0,2026-08-06,16:14:27
000545,金浦钛业,2.54,2.56,2.56,2.57,2.48,312821.0,78820000.0,25.07,25.03,-4.94,4.02,3.17,12646500,18635600.0,2026-08-06,16:14:18
000546,金圆股份,4.67,4.73,4.77,4.79,4.6,265960.0,125100000.0,36.32,32.54,-11.14,0.95,3.82,13312400,13283600.0,2026-08-06,16:14:21
000547,航天发展,15.66,15.39,15.25,15.77,15.2,788862.0,1229550000.0,250.32,248.86,-20.22,6.64,4.96,41478000,37408200.0,2026-08-06,16:14:30
000548,湖南投资,4.39,4.37,4.37,4.39,4.3,46664.0,20320000.0,21.92,21.92,58.1,1.07,0.93,2476500,2189900.0,2026-08-06,16:14:24
000550,江铃汽车,16.4,16.73,16.79,16.84,16.31,38010.0,62520000.0,141.57,85.03,11.86,1.17,0.73,1267100,2533900.0,2026-08-06,16:14:30
000551,创元科技,13.5,13.53,13.39,13.6,13.22,260355.0,349800000.0,65.44,65.41,19.26,2.17,5.37,13437800,12597600.0,2026-08-06,16:14:06
000552,甘肃能化,2.59,2.55,2.55,2.61,2.53,984981.0,253190000.0,138.61,96.5,-72.11,0.85,2.64,51981600,46516500.0,2026-08-06,16:14:33
000553,安道麦A,5.5,5.36,5.36,5.52,5.29,99653.0,53990000.0,128.14,119.74,-20.42,0.72,0.46,5360800,4604500.0,2026-08-06,16:14:12
000554,泰山石油,6.53,6.44,6.4,6.54,6.39,209371.0,135660000.0,31.18,23.46,18.45,2.68,5.83,11456400,9480700.0,2026-08-06,16:14:27
000555,神州信息,11.16,11.07,10.95,11.44,10.9,337223.0,376220000.0,108.9,108.77,191.39,1.92,3.46,15614000,18108300.0,2026-08-06,16:14:15
000557,西部创业,3.7,3.73,3.72,3.73,3.64,73680.0,27130000.0,53.96,53.94,19.35,0.85,0.51,3137900,4230100.0,2026-08-06,16:14:09
000558,天府文旅,3.44,3.46,3.46,3.49,3.39,188028.0,64640000.0,44.35,44.33,-99.76,4.22,1.46,7782900,11019900.0,2026-08-06,16:14:18
000559,万向钱潮,11.8,11.99,11.9,12.11,11.73,470898.0,560780000.0,391.21,391.09,39.55,4.82,1.42,19701100,27388700.0,2026-08-06,16:14:36
000560,我爱我家,2.23,2.23,2.22,2.26,2.19,1113316.0,247300000.0,52.53,52.15,-53.9,0.57,4.76,55405700,55925900.0,2026-08-06,16:14:12
000561,烽火电子,7.62,7.62,7.6,7.73,7.5,87671.0,66710000.0,65.84,59.15,-22.38,2.27,1.13,4289300,4477800.0,2026-08-06,16:14:21
000563,陕国投Ａ,3.01,3.06,3.05,3.06,2.98,527598.0,158910000.0,153.93,153.93,10.73,0.81,1.03,16888100,35871700.0,2026-08-06,16:14:15
000564,供销大集,1.42,1.45,1.45,1.46,1.4,2150979.0,305970000.0,256.42,214.35,-14.21,1.77,1.42,63341100,151756800.0,2026-08-06,16:14:33
000565,渝三峡Ａ,5.9,5.87,5.86,5.92,5.79,74348.0,43550000.0,25.58,25.58,92.38,2.0,1.71,3774700,3660100.0,2026-08-06,16:14:30
000566,海南海药,5.85,6.13,6.02,6.12,5.8,2416404.0,1430750000.0,75.9,75.86,-17.32,1706.5,18.63,106799900,134840500.0,2026-08-06,16:14:33
000567,海德股份,6.24,6.24,6.26,6.33,6.21,165183.0,103410000.0,121.97,121.59,17.23,2.02,0.85,7616600,8901700.0,2026-08-06,16:14:18
000568,泸州老窖,87.01,87.52,87.41,87.94,86.58,105000.0,913680000.0,1280.7,1279.97,12.88,2.48,0.71,4867000,5633000.0,2026-08-06,16:14:36
000570,苏常柴Ａ,5.0,5.0,4.98,5.02,4.91,100897.0,50110000.0,35.28,27.78,43.3,1.0,1.82,4711900,5377900.0,2026-08-06,16:14:39
000571,新大洲A,7.3,6.93,6.94,7.33,6.94,498440.0,359450000.0,61.26,59.42,-40.05,406.25,6.12,28737500,21106400.0,2026-08-06,16:14:36
000572,海马汽车,3.85,3.92,3.91,3.95,3.79,469903.0,180870000.0,63.32,63.23,-42.15,4.02,2.86,19066800,27923500.0,2026-08-06,16:14:39
000573,粤宏远Ａ,3.61,3.71,3.71,3.75,3.46,346027.0,125080000.0,23.04,22.85,-900.01,1.43,5.47,17244600,17358200.0,2026-08-06,16:14:21
000576,甘化科工,7.15,7.02,7.05,7.19,6.99,87967.0,62540000.0,31.2,31.02,44.32,1.89,2.03,4516900,4279800.0,2026-08-06,16:14:42
000581,威孚高科,17.53,17.66,17.6,17.67,17.43,64782.0,113420000.0,169.48,139.17,15.58,0.87,0.82,2597900,3880300.0,2026-08-06,16:14:24
000582,北部湾港,12.52,12.91,12.84,12.89,12.5,423996.0,535280000.0,315.14,270.04,29.42,1.56,1.97,14413100,27986500.0,2026-08-06,16:14:42
000584,工智退,0.29,0.29,0.0,0.0,0.0,0.0,0.0,2.21,2.2,-1.01,0.74,0.0,0,0.0,2026-08-06,09:00:00
000586,汇源通信,11.92,11.66,11.49,11.95,11.49,58045.0,68080000.0,23.06,22.79,-231.16,7.24,3.04,2999100,2805400.0,2026-08-06,16:14:39
000589,贵州轮胎,4.28,4.33,4.32,4.33,4.25,217091.0,92940000.0,66.53,66.09,9.06,0.73,1.41,6442900,15266300.0,2026-08-06,16:14:45
000590,古汉医药,8.63,8.52,8.6,8.65,8.47,34481.0,29570000.0,20.67,20.66,-50.31,3.82,1.44,1678800,1769300.0,2026-08-06,16:14:42
000591,太阳能,4.48,4.55,4.53,4.55,4.44,461669.0,206580000.0,174.94,174.87,24.39,0.73,1.18,15793300,30373600.0,2026-08-06,16:14:45
000592,平潭发展,6.66,6.61,6.55,6.7,6.48,1811939.0,1193730000.0,128.66,127.55,-108.01,7.26,9.46,91614100,89579800.0,2026-08-06,16:14:45
000593,德龙汇能,22.72,22.52,22.52,22.99,21.63,425278.0,957790000.0,81.48,81.45,257.43,9.21,11.86,22102200,20425700.0,2026-08-06,16:14:48
000595,新能股份,6.26,6.67,6.65,6.75,6.13,1473304.0,930880000.0,71.28,71.28,74.98,14.73,12.94,64684100,82646300.0,2026-08-06,16:14:48
000596,古井贡酒,90.15,90.0,90.14,90.98,88.5,74971.0,672510000.0,476.53,368.35,16.86,1.96,1.83,3457100,4040000.0,2026-08-06,16:14:51
000597,东北制药,4.58,4.61,4.61,4.63,4.52,90052.0,41140000.0,65.35,64.54,26.1,1.19,0.64,3720900,5284300.0,2026-08-06,16:14:48
000598,兴蓉环境,7.16,7.14,7.15,7.21,7.09,214391.0,153200000.0,213.66,213.63,10.55,1.09,0.72,9263600,12175500.0,2026-08-06,16:14:27
000599,青岛双星,4.99,4.95,4.94,5.0,4.87,121203.0,59950000.0,121.91,40.76,-34.41,1.11,1.48,6498000,5622300.0,2026-08-06,16:14:54
000600,建投能源,8.72,8.85,8.83,8.84,8.58,301019.0,261560000.0,157.24,95.05,7.73,1.3,2.76,10395100,19706800.0,2026-08-06,16:14:24
000601,韶能股份,6.64,6.69,6.7,6.7,6.52,506408.0,334000000.0,70.66,69.69,70.97,1.71,4.82,19029400,31611400.0,2026-08-06,16:14:30
000603,盛达资源,31.3,29.15,32.06,32.07,30.3,1209847.0,3822800000.0,215.96,208.68,25.34,5.75,18.15,50873100,70111700.0,2026-08-06,16:14:51
000605,渤海股份,5.81,5.78,5.8,5.85,5.7,44295.0,25620000.0,20.49,20.49,225.25,0.96,1.26,1958500,2471000.0,2026-08-06,16:14:51
000607,华媒控股,3.64,3.67,3.66,3.75,3.59,156260.0,57090000.0,37.04,32.22,-10.67,3.12,1.77,6886500,8739500.0,2026-08-06,16:14:33
000608,阳光股份,7.15,6.92,6.86,7.3,6.81,439558.0,313690000.0,53.62,53.3,-23.78,2.61,5.9,22881300,21074500.0,2026-08-06,16:14:54
000609,*ST中迪,10.54,10.4,10.26,10.68,10.16,81780.0,84690000.0,31.54,30.68,-7.3,-9.92,2.81,3422900,4755100.0,2026-08-06,16:14:27
000610,*ST西旅,5.72,5.72,5.7,5.72,5.57,25260.0,14300000.0,13.54,13.47,-4.74,-16.68,1.07,989100,1536900.0,2026-08-06,16:14:36
000612,焦作万方,11.42,11.5,11.56,11.65,11.29,374025.0,428980000.0,136.15,136.15,9.58,1.86,3.14,16263200,21139300.0,2026-08-06,16:14:30
000615,*ST美谷,3.39,3.24,3.25,3.4,3.24,133183.0,44330000.0,60.6,31.37,-9.8,3.71,1.44,8859300,4459000.0,2026-08-06,16:14:57
000617,中油资本,7.18,7.14,7.1,7.32,7.1,1280661.0,923600000.0,907.7,907.7,19.76,0.86,1.01,68509100,59557000.0,2026-08-06,16:15:00
000619,海螺新材,4.68,4.62,4.6,4.7,4.59,67556.0,31350000.0,20.65,16.85,-23.72,0.83,1.88,3921200,2834400.0,2026-08-06,16:14:54
000620,盈新发展,2.78,2.79,2.75,2.79,2.73,1696822.0,469100000.0,163.24,129.87,-13.72,4.45,3.63,70181300,99500900.0,2026-08-06,16:14:33
000622,恒立退,0.15,0.15,0.0,0.0,0.0,0.0,0.0,0.64,0.64,-2.87,0.38,0.0,0,0.0,2026-08-06,09:00:00
000623,吉林敖东,18.08,18.3,18.28,18.34,17.97,136938.0,247830000.0,216.22,215.33,7.88,0.69,1.15,4723400,8970500.0,2026-08-06,16:14:03
000625,长安汽车,7.38,7.56,7.53,7.55,7.35,981429.0,728220000.0,731.57,610.12,23.81,0.96,1.19,32592100,65550800.0,2026-08-06,16:14:06
000626,远大控股,7.49,7.28,7.28,7.5,7.27,110604.0,81880000.0,37.95,37.73,-43.05,1.73,2.2,5562700,5497700.0,2026-08-06,16:14:36
000627,*ST天茂,1.58,1.58,0.0,0.0,0.0,0.0,0.0,77.49,71.35,-10.04,0.36,0.0,0,0.0,2026-08-06,09:00:00
000628,高新发展,39.31,39.7,39.3,39.8,38.69,77334.0,303230000.0,138.48,75.57,127.94,6.4,4.02,3516900,4216400.0,2026-08-06,16:14:39
000629,钒钛股份,3.14,3.17,3.18,3.19,3.1,1094654.0,344490000.0,291.74,291.72,381.07,2.36,1.18,42694100,66771300.0,2026-08-06,16:14:57
000630,铜陵有色,6.57,6.67,6.82,6.86,6.48,4436184.0,2949780000.0,881.0,732.09,33.5,2.39,3.98,177658700,265959700.0,2026-08-06,16:14:57
000631,顺发恒能,2.91,2.93,2.92,2.93,2.86,122474.0,35370000.0,66.93,66.93,144.52,1.22,0.53,4783200,7464200.0,2026-08-06,16:14:39
000632,ST三木,3.43,3.31,3.29,3.45,3.26,99496.0,33530000.0,15.97,15.97,-1.73,25.45,2.14,5559300,4390300.0,2026-08-06,16:15:00
000633,合金投资,5.2,5.1,5.11,5.21,5.08,95253.0,49110000.0,20.03,20.03,373.16,10.0,2.47,5531300,3994000.0,2026-08-06,16:14:09
000635,英 力 特,6.5,6.44,6.41,6.51,6.37,48729.0,31360000.0,25.62,23.84,-4.27,2.32,1.33,2832900,2040000.0,2026-08-06,16:15:00
000636,风华高科,58.28,57.8,56.01,59.13,54.8,2145862.0,12228600000.0,674.31,674.31,219.43,5.45,18.55,101079100,113507100.0,2026-08-06,16:14:42
000637,茂化实华,3.84,3.73,3.75,3.87,3.7,115594.0,44080000.0,19.96,14.0,-14.8,4.17,3.17,6056800,5502600.0,2026-08-06,16:14:45
000638,*ST万方,0.89,0.89,0.0,0.0,0.0,0.0,0.0,2.77,2.77,-5.27,3.26,0.0,0,0.0,2026-08-06,09:00:00
000639,ST西王,1.62,1.53,1.53,1.63,1.52,790072.0,125510000.0,17.49,17.49,-1.39,1.06,7.32,50115100,28892200.0,2026-08-06,16:14:48
000650,仁和药业,5.33,5.39,5.37,5.39,5.28,150298.0,80000000.0,74.62,70.96,20.21,1.19,1.13,5482300,9547600.0,2026-08-06,16:14:12
000651,格力电器,40.25,40.27,40.22,40.51,40.02,367555.0,1476770000.0,2254.57,2222.61,7.73,1.48,0.67,15527300,21228200.0,2026-08-06,16:14:42
000652,泰达股份,3.51,3.54,3.53,3.54,3.47,107709.0,37710000.0,51.22,51.18,-18.08,0.96,0.74,4301500,6469400.0,2026-08-06,16:14:03
000655,金岭矿业,6.92,6.88,6.9,6.96,6.79,66603.0,45810000.0,41.2,41.2,16.21,1.19,1.12,3877600,2782700.0,2026-08-06,16:14:03
000656,金科股份,1.19,1.21,1.2,1.21,1.18,1105898.0,131990000.0,126.01,90.29,0.41,3.21,1.46,27476000,83113800.0,2026-08-06,16:14:45
000657,中钨高新,62.5,57.43,61.45,63.17,59.47,1715016.0,10522450000.0,1424.13,908.41,73.07,14.02,11.8,81422300,90079200.0,2026-08-06,16:14:06
000659,珠海中富,2.79,2.77,2.76,2.8,2.71,213327.0,58630000.0,35.87,35.87,-35.44,39.0,1.66,10439200,10893500.0,2026-08-06,16:14:48
000661,长春高新,75.15,76.95,77.49,78.0,74.79,88540.0,673090000.0,306.57,300.31,-730.08,1.38,2.22,3998300,4855700.0,2026-08-06,16:14:51
000663,永安林业,5.45,5.35,5.33,5.45,5.33,48078.0,25910000.0,18.35,16.69,-20.71,2.02,1.57,2490700,2317100.0,2026-08-06,16:14:51
000665,湖北广电,3.99,4.01,3.99,4.05,3.92,116439.0,46290000.0,45.37,45.37,-4.13,1.42,1.02,5088500,6555400.0,2026-08-06,16:14:09
000668,荣丰控股,19.74,19.76,19.72,20.15,19.31,20182.0,39830000.0,28.99,28.99,103.29,4.01,1.37,823900,1194300.0,2026-08-06,16:14:15
000669,ST金鸿,3.53,3.59,3.6,3.6,3.48,54122.0,19140000.0,24.02,24.02,54.54,39.5,0.8,2021700,3390500.0,2026-08-06,16:14:54
000670,盈方微,6.9,7.08,6.9,7.01,6.8,444411.0,306110000.0,58.37,57.3,-72.06,189.74,5.35,18702500,25738600.0,2026-08-06,16:14:57
000672,上峰材料,13.87,13.75,13.71,13.94,13.47,194141.0,267120000.0,134.46,134.46,22.8,1.56,2.0,8729800,10684300.0,2026-08-06,16:14:12
000676,智度股份,7.5,7.85,7.65,7.75,7.4,1352490.0,1025470000.0,94.48,94.43,65.95,2.21,10.74,50368600,84880400.0,2026-08-06,16:14:54
000677,ST海龙,1.69,1.71,1.7,1.73,1.66,314572.0,53170000.0,14.6,14.6,-321.67,2.84,3.64,13802100,17655100.0,2026-08-06,16:14:57
000678,襄阳轴承,8.94,9.02,8.98,9.16,8.81,115775.0,104000000.0,41.09,41.09,-75.4,5.27,2.52,4698800,6878700.0,2026-08-06,16:15:00
000679,大连友谊,6.02,5.83,5.83,6.03,5.8,62377.0,36930000.0,21.46,21.46,-22.14,14.84,1.75,3155300,3082400.0,2026-08-06,16:14:15
000680,山推股份,11.16,11.21,11.09,11.47,11.03,176741.0,198520000.0,167.42,146.72,13.2,2.65,1.34,8307700,9366400.0,2026-08-06,16:14:18
000681,视觉中国,18.49,18.88,18.62,18.99,18.29,373248.0,694750000.0,129.54,125.02,42.6,3.38,5.52,17030900,20293900.0,2026-08-06,16:14:03
000682,东方电子,12.27,12.52,12.43,12.44,12.18,186682.0,229250000.0,164.51,164.49,16.02,2.7,1.39,7354600,11313600.0,2026-08-06,16:14:06
000683,博源化工,6.12,5.96,6.0,6.15,5.95,980859.0,593630000.0,227.47,204.32,22.01,1.84,2.94,55655800,42430100.0,2026-08-06,16:14:18
000685,中山公用,11.01,11.17,11.13,11.18,10.96,161413.0,178280000.0,161.6,137.25,7.49,0.87,1.29,4875300,11266000.0,2026-08-06,16:14:21
000686,东北证券,8.08,8.17,8.16,8.18,8.04,157078.0,127280000.0,189.11,189.11,11.4,0.93,0.67,5401100,10306700.0,2026-08-06,16:14:06
000688,国城矿业,30.83,30.14,30.72,31.0,30.0,278717.0,849960000.0,365.36,365.36,53.21,12.84,2.35,12750900,15120800.0,2026-08-06,16:14:09
000690,宝新能源,4.83,4.9,4.88,4.89,4.78,553481.0,266860000.0,105.1,105.03,10.16,0.83,2.55,19762600,35585400.0,2026-08-06,16:14:09
000691,亚太实业,9.7,9.72,9.82,9.9,9.55,128065.0,124610000.0,47.04,31.36,-203.13,10.34,3.96,5989100,6817400.0,2026-08-06,16:14:12
000692,惠天热电,4.24,3.85,4.07,4.24,4.0,117506.0,49220000.0,22.59,22.59,68.88,12.18,2.21,5012400,6738200.0,2026-08-06,16:14:24
000695,滨海能源,12.75,12.88,12.8,13.0,12.56,49443.0,63040000.0,29.55,28.28,-33.27,9.88,2.23,1977500,2966800.0,2026-08-06,16:14:15
000697,炼石航空,8.67,8.55,8.63,8.85,8.49,71052.0,61270000.0,121.04,56.62,-26.15,3.59,1.09,3154600,3950600.0,2026-08-06,16:14:21
000698,ST沈化,3.38,3.33,3.33,3.43,3.32,47921.0,16210000.0,27.7,26.56,-79.08,1.99,0.61,2506500,2285600.0,2026-08-06,16:14:27
000700,模塑科技,11.65,11.3,11.2,11.8,11.05,586256.0,679220000.0,106.95,106.95,21.51,2.7,6.39,30817600,27807900.0,2026-08-06,16:14:24
000701,厦门信达,4.99,4.92,4.91,5.06,4.89,141580.0,70440000.0,33.35,33.32,185.91,-5.44,2.12,6591400,7566600.0,2026-08-06,16:14:27
000702,正虹科技,5.35,5.3,5.3,5.36,5.2,58926.0,31120000.0,18.54,18.54,-103.89,5.59,1.7,3069200,2823400.0,2026-08-06,16:15:00
000703,恒逸石化,17.2,16.39,16.3,17.29,16.24,947829.0,1607530000.0,657.31,654.01,29.86,2.5,2.49,46909800,47873100.0,2026-08-06,16:14:30
000705,浙江震元,6.6,6.55,6.55,6.62,6.47,58592.0,38430000.0,22.05,18.61,-63.01,1.13,2.08,3262000,2597200.0,2026-08-06,16:14:03
000707,双环科技,4.51,4.49,4.5,4.52,4.4,87152.0,38900000.0,26.37,24.84,-23.91,0.95,1.58,4102100,4613100.0,2026-08-06,16:14:33
000708,中信特钢,14.1,14.16,14.18,14.38,14.05,140236.0,198540000.0,711.65,711.65,11.75,1.68,0.28,6440000,7583600.0,2026-08-06,16:14:36
000709,河钢股份,2.14,2.15,2.15,2.16,2.11,830797.0,176900000.0,221.21,221.18,20.24,0.43,0.8,33072500,50007200.0,2026-08-06,16:14:06
000710,贝瑞基因,8.91,9.19,9.18,9.35,8.85,317488.0,285720000.0,31.5,29.36,-14.99,2.17,9.63,13855000,17893700.0,2026-08-06,16:14:39
000711,ST京蓝,5.09,5.17,5.25,5.29,5.01,878106.0,452990000.0,150.3,121.21,-79.6,22.7,3.69,39355400,48455200.0,2026-08-06,16:14:30
000712,锦龙股份,9.51,9.81,9.63,9.75,9.43,579302.0,553160000.0,85.21,85.18,23.44,3.19,6.47,25789100,32141100.0,2026-08-06,16:14:12
000713,国投丰乐,5.88,5.78,5.77,5.93,5.7,131820.0,77050000.0,46.94,36.1,78.41,1.51,2.15,6469200,6712800.0,2026-08-06,16:14:42
000715,中兴商业,4.84,4.82,4.81,4.85,4.76,53343.0,25660000.0,26.16,23.54,22.86,1.31,1.1,2848200,2486100.0,2026-08-06,16:14:09
000716,黑芝麻,4.78,4.74,4.74,4.8,4.66,201384.0,95540000.0,35.99,35.17,-209.63,1.42,2.74,10190400,9948000.0,2026-08-06,16:14:18
000717,中南股份,2.27,2.24,2.24,2.28,2.22,236176.0,53120000.0,55.02,55.01,-5.1,0.82,0.97,14688600,8929000.0,2026-08-06,16:14:12
000718,苏宁环球,1.89,1.89,1.89,1.9,1.86,190632.0,35860000.0,57.35,43.13,-245.46,0.63,0.84,8711800,10351400.0,2026-08-06,16:14:33
000719,中原传媒,12.38,12.48,12.51,12.56,12.26,52879.0,65380000.0,126.67,82.59,9.2,1.08,0.79,2072800,3215100.0,2026-08-06,16:14:21
000720,新能泰山,3.93,3.57,3.55,3.93,3.54,910043.0,348590000.0,49.38,49.38,-9.93,2.63,7.24,43142500,47861900.0,2026-08-06,16:14:24
000721,西安饮食,6.62,6.56,6.57,6.65,6.49,176976.0,116340000.0,37.99,33.92,-25.97,29.95,3.45,9285200,8412400.0,2026-08-06,16:14:36
000722,湖南发展,13.48,13.46,13.36,13.57,13.3,151940.0,204040000.0,77.02,62.57,95.11,1.94,3.27,7592100,7602000.0,2026-08-06,16:14:27
000723,美锦能源,3.6,3.57,3.58,3.62,3.53,762874.0,273300000.0,158.53,158.23,-14.4,1.28,1.74,41984100,34303400.0,2026-08-06,16:14:30
000725,京东方Ａ,5.96,5.97,5.84,6.08,5.78,18714113.0,11084500000.0,2207.84,2107.88,37.11,1.65,5.29,939940600,931470700.0,2026-08-06,16:14:15
000726,鲁  泰Ａ,5.95,5.93,5.93,5.96,5.87,41076.0,24270000.0,48.64,35.07,9.03,0.5,0.7,1962100,2145500.0,2026-08-06,16:14:18
000727,冠捷科技,2.26,2.28,2.27,2.28,2.22,781023.0,175580000.0,102.37,102.37,-11.41,5.68,1.72,34483400,43618900.0,2026-08-06,16:14:15
000728,国元证券,7.25,7.33,7.31,7.31,7.22,219435.0,159300000.0,316.37,316.37,13.59,0.82,0.5,8180300,13763200.0,2026-08-06,16:14:45
000729,燕京啤酒,12.67,12.58,12.51,12.78,12.51,242150.0,307250000.0,357.11,317.97,20.08,2.35,0.96,11984600,12230300.0,2026-08-06,16:14:39
000731,四川美丰,5.81,5.78,5.75,5.82,5.68,54979.0,31600000.0,31.89,31.89,-22.51,0.84,1.0,3014600,2483300.0,2026-08-06,16:14:48
000733,振华科技,41.79,42.45,41.95,42.17,41.49,164540.0,687370000.0,231.59,231.56,23.56,1.49,2.97,7184700,9269300.0,2026-08-06,16:14:42
000735,罗 牛 山,5.16,5.24,5.22,5.28,5.1,352278.0,181720000.0,59.42,59.39,-292.91,1.44,3.06,14093800,21134000.0,2026-08-06,16:14:21
000736,中交发展,4.47,4.45,4.44,4.48,4.34,117396.0,51830000.0,33.4,33.4,-2.75,2.76,1.57,5535700,6203900.0,2026-08-06,16:14:33
000737,北方铜业,14.14,14.39,14.53,14.55,13.92,716959.0,1023650000.0,269.33,269.3,26.03,3.76,3.76,30317400,41378500.0,2026-08-06,16:14:51
000738,航发控制,18.35,18.37,18.37,18.45,17.99,131250.0,239610000.0,241.34,241.34,76.81,1.93,1.0,5710100,7414900.0,2026-08-06,16:14:18
000739,普洛药业,21.28,21.88,22.28,22.37,21.16,268120.0,579070000.0,246.52,246.42,27.66,3.92,2.32,11032700,15779300.0,2026-08-06,16:14:54
000750,国海证券,3.81,3.87,3.86,3.87,3.79,446268.0,170420000.0,243.31,220.84,29.46,1.07,0.77,14836600,29790200.0,2026-08-06,16:14:57
000751,锌业股份,5.18,5.12,5.29,5.44,5.06,1782704.0,933330000.0,83.69,83.69,73.81,2.27,11.03,83257700,95012700.0,2026-08-06,16:14:21
000752,*ST西发,8.86,8.83,8.83,9.35,8.83,45263.0,41010000.0,23.37,23.37,16.16,3.76,1.72,1846600,2679700.0,2026-08-06,16:14:24
000753,漳州发展,4.8,4.82,4.79,4.84,4.74,153468.0,73410000.0,47.59,47.59,70.5,1.74,1.55,6934900,8411900.0,2026-08-06,16:14:24
000755,山西高速,4.69,4.69,4.71,4.71,4.62,33381.0,15550000.0,68.82,68.82,14.63,1.29,0.23,1613600,1724500.0,2026-08-06,16:14:27
000756,新华制药,14.29,13.67,13.7,14.29,13.57,261240.0,367050000.0,99.56,71.29,38.04,1.9,5.24,15530600,10593400.0,2026-08-06,16:14:27
000757,浩物股份,3.95,3.83,3.83,3.96,3.81,143254.0,55930000.0,21.04,21.04,43.98,1.31,2.69,7480100,6845300.0,2026-08-06,16:14:45
000758,中色股份,6.1,6.19,6.29,6.3,6.03,418050.0,257130000.0,121.42,120.95,24.89,1.98,2.11,17099000,24706000.0,2026-08-06,16:14:36
000759,中百集团,6.74,6.93,6.95,7.07,6.66,737756.0,500360000.0,44.65,44.19,-4.68,6.17,11.25,30998700,42776900.0,2026-08-06,16:15:00
000761,本钢板材,2.34,2.35,2.35,2.37,2.29,138251.0,32180000.0,96.14,86.78,-2.26,1.62,0.37,6249800,7575300.0,2026-08-06,16:14:39
000762,西藏矿业,23.71,23.84,24.09,24.11,23.37,167353.0,397200000.0,123.49,123.48,5576.61,4.2,3.21,8437500,8297800.0,2026-08-06,16:14:42
000766,通化金马,17.09,17.27,17.28,17.38,16.92,153020.0,261920000.0,165.17,165.09,518.88,7.12,1.58,7434300,7867700.0,2026-08-06,16:14:45
000767,晋控电力,3.81,3.81,3.8,3.81,3.71,1315827.0,494250000.0,117.23,110.96,59.11,1.94,4.52,58601200,72981500.0,2026-08-06,16:14:30
000768,中航西飞,20.83,20.86,20.88,20.95,20.57,201249.0,417610000.0,579.2,578.33,52.24,2.62,0.72,9111300,11013600.0,2026-08-06,16:14:48
000776,广发证券,21.2,21.37,21.21,21.32,21.07,445114.0,943180000.0,1658.87,1251.66,10.6,1.2,0.75,20286100,24225400.0,2026-08-06,16:14:51
000777,中核科技,17.97,18.7,18.36,18.42,17.9,172584.0,312950000.0,68.9,68.9,43.78,2.85,4.5,5875500,11383000.0,2026-08-06,16:14:03
000778,新兴铸管,3.79,3.87,3.87,3.87,3.75,756374.0,286870000.0,150.2,147.56,14.91,0.57,1.94,26187700,49449700.0,2026-08-06,16:14:48
000779,甘咨询,14.28,13.49,13.68,14.67,13.68,585949.0,841020000.0,66.38,66.37,43.61,1.67,12.61,24960200,33634800.0,2026-08-06,16:14:06
000782,恒申新材,7.56,7.47,7.47,7.63,7.38,137071.0,103010000.0,51.91,39.93,-32.44,3.21,2.6,7002300,6704800.0,2026-08-06,16:14:33
000783,长江证券,8.93,8.96,8.91,9.11,8.86,979935.0,877300000.0,493.84,493.84,11.75,1.4,1.77,45834000,52159500.0,2026-08-06,16:14:36
000785,居然智家,2.26,2.28,2.29,2.3,2.22,539326.0,121500000.0,140.73,131.18,-12.25,0.74,0.93,24273200,29659400.0,2026-08-06,16:14:51
000786,北新建材,18.51,18.69,18.55,18.89,18.29,234607.0,433460000.0,315.08,312.73,10.99,1.18,1.39,9271900,14188800.0,2026-08-06,16:14:09
000788,北大医药,5.25,5.26,5.27,5.29,5.16,117376.0,61300000.0,31.29,31.29,48.71,2.1,1.97,5116600,6621000.0,2026-08-06,16:14:54
000789,万年青,4.12,4.07,4.04,4.13,4.04,36541.0,14950000.0,32.85,32.85,-123.89,0.52,0.46,2145700,1508400.0,2026-08-06,16:14:57
000790,华神科技,3.82,3.81,3.82,3.84,3.75,158940.0,60350000.0,23.83,23.78,-7.85,3.32,2.55,7767400,8126600.0,2026-08-06,16:14:54
000791,甘肃能源,7.77,7.91,7.87,7.89,7.7,244515.0,189760000.0,252.05,150.4,12.24,1.7,1.26,9715800,14735700.0,2026-08-06,16:14:30
000792,盐湖股份,28.53,28.28,28.35,28.76,28.04,556545.0,1578560000.0,1509.69,1509.67,14.64,3.38,1.05,28608300,27046100.0,2026-08-06,16:15:00
000793,ST华闻,2.21,2.24,2.22,2.23,2.19,159320.0,35180000.0,97.11,58.89,-63.17,317.2,0.6,4392000,11540000.0,2026-08-06,16:14:33
000795,英洛华,8.64,8.64,8.64,8.8,8.54,184204.0,159770000.0,96.44,96.44,38.5,3.92,1.65,7846300,10574100.0,2026-08-06,16:14:12
000796,凯撒旅业,3.89,3.9,3.89,3.94,3.83,245759.0,95180000.0,62.39,51.77,176.51,6.87,1.85,10468900,14107000.0,2026-08-06,16:14:39
000797,中国武夷,2.4,2.4,2.38,2.42,2.35,215477.0,51420000.0,37.7,37.69,-7.51,0.81,1.37,11518000,10029700.0,2026-08-06,16:14:42
000798,中水渔业,8.15,8.02,7.97,8.16,7.95,70584.0,57000000.0,29.82,29.82,40.48,7.36,1.93,3722200,3336200.0,2026-08-06,16:14:57
000799,酒鬼酒,41.07,41.09,41.45,41.67,40.5,145284.0,596770000.0,133.45,133.44,-410.81,3.63,4.47,6801500,7726800.0,2026-08-06,16:14:15
000800,一汽解放,6.24,6.37,6.35,6.37,6.2,170485.0,106710000.0,307.09,307.06,38.64,1.17,0.35,6350800,10697700.0,2026-08-06,16:14:45
000801,四川九洲,11.48,11.64,11.58,11.74,11.42,124002.0,143360000.0,116.67,116.63,67.79,3.77,1.22,5673800,6726300.0,2026-08-06,16:15:00
000802,北京文化,4.27,4.28,4.66,4.71,4.26,1506181.0,673540000.0,30.57,30.55,-14.56,5.01,21.05,71752500,78865600.0,2026-08-06,16:14:18
000803,山高环能,7.17,7.09,7.05,7.35,7.04,122629.0,87780000.0,33.43,32.97,73.04,2.24,2.67,7545400,4717500.0,2026-08-06,16:14:48
000807,云铝股份,26.66,26.82,26.88,27.09,26.11,863334.0,2300280000.0,924.56,924.55,10.65,2.69,2.49,38161200,48172200.0,2026-08-06,16:14:03
000809,和展能源,3.35,3.28,3.28,3.35,3.25,157526.0,51920000.0,27.63,27.63,-62.84,1.04,1.91,9361900,6390700.0,2026-08-06,16:14:06
000810,创维数字,9.8,9.84,9.77,9.9,9.66,197085.0,192690000.0,112.72,108.84,43.79,1.74,1.77,9328300,10380200.0,2026-08-06,16:14:09
000811,冰轮环境,40.31,39.47,38.74,40.99,38.3,540177.0,2151370000.0,400.07,394.39,68.05,6.22,5.52,26619400,27398300.0,2026-08-06,16:14:12
000812,陕西金叶,3.53,3.49,3.48,3.56,3.47,187340.0,65740000.0,26.7,26.69,-11.41,1.79,2.48,9831500,8902500.0,2026-08-06,16:14:15
000813,德展健康,3.29,3.34,3.34,3.36,3.24,257249.0,84510000.0,68.99,68.98,-19.29,1.5,1.23,9288200,16436700.0,2026-08-06,16:14:36
000815,美利云,18.31,18.85,18.24,19.13,17.86,1680199.0,3090930000.0,127.3,127.3,163.48,9.05,24.17,79170600,88849300.0,2026-08-06,16:14:18
000816,智慧农业,2.68,2.67,2.69,2.71,2.62,408989.0,108810000.0,38.78,38.58,-52.03,1.99,2.84,19184400,21714500.0,2026-08-06,16:14:39
000818,航锦科技,13.54,13.69,13.61,13.83,13.4,238941.0,325290000.0,89.36,89.12,-62.89,4.09,3.63,10812600,13081500.0,2026-08-06,16:14:51
000819,岳阳兴长,12.02,12.04,12.04,12.15,11.84,40254.0,48280000.0,44.41,44.0,-70.64,2.14,1.1,2287600,1737800.0,2026-08-06,16:14:42
000820,神雾节能,3.76,4.12,3.93,4.02,3.72,769875.0,294970000.0,24.31,11.17,-38.4,28.27,25.92,29221800,47765600.0,2026-08-06,16:14:54
000821,ST京机,7.33,7.44,7.39,7.42,7.23,87737.0,64290000.0,45.66,44.32,36.23,1.1,1.45,2978100,5795600.0,2026-08-06,16:14:03
000822,山东海化,4.31,4.29,4.29,4.34,4.23,122639.0,52550000.0,38.58,38.58,-2.75,1.03,1.37,6361200,5902700.0,2026-08-06,16:14:57
000823,超声电子,14.3,14.08,13.83,14.51,13.81,641246.0,910200000.0,85.08,85.08,39.82,1.82,10.78,32583400,31541200.0,2026-08-06,16:14:06
000825,太钢不锈,3.57,3.63,3.64,3.67,3.53,312368.0,111790000.0,203.36,203.36,-174.95,0.62,0.55,10774200,20462600.0,2026-08-06,16:14:21
000826,*ST启环,1.71,1.79,1.78,1.79,1.68,355190.0,61140000.0,24.37,24.37,-0.79,-0.97,2.49,11815200,23703800.0,2026-08-06,16:14:21
000828,东莞控股,9.96,10.06,10.06,10.08,9.89,61939.0,61690000.0,103.54,103.54,11.65,1.02,0.6,2188300,4005500.0,2026-08-06,16:14:09
000829,天音控股,8.49,8.58,8.48,8.67,8.36,249319.0,211660000.0,87.03,86.95,-473.25,3.0,2.43,10506800,14425100.0,2026-08-06,16:14:45
000830,鲁西化工,12.85,13.0,12.94,13.08,12.68,303805.0,390270000.0,244.7,244.69,26.26,1.29,1.6,11964800,18415700.0,2026-08-06,16:14:24
000831,中国稀土,51.99,51.6,51.6,53.27,51.07,401703.0,2097080000.0,551.73,551.73,231.32,11.22,3.79,19292200,20878200.0,2026-08-06,16:14:12
000833,粤桂股份,20.37,20.35,20.0,20.4,19.91,222997.0,449670000.0,163.38,92.42,28.23,4.07,4.92,10863500,11436200.0,2026-08-06,16:14:15
000837,秦川机床,9.96,9.9,9.89,10.03,9.78,165249.0,163670000.0,101.91,100.34,205.15,2.07,1.64,7498800,9026100.0,2026-08-06,16:15:00
000838,*ST发展,2.5,2.5,0.0,0.0,0.0,0.0,0.0,27.51,26.34,-4.29,-12.82,0.0,0,0.0,2026-08-06,16:14:24
000839,国安股份,3.14,2.85,2.83,3.14,2.78,2814157.0,841370000.0,123.08,123.08,140.63,7.93,7.18,165668100,115747500.0,2026-08-06,16:14:18
000848,承德露露,8.87,8.99,8.95,9.03,8.82,167652.0,149130000.0,90.47,89.69,13.71,2.83,1.66,8111200,8654000.0,2026-08-06,16:14:27
000850,华茂股份,4.1,4.05,4.03,4.11,4.02,79126.0,32170000.0,38.69,38.68,78.33,0.88,0.84,4359400,3553200.0,2026-08-06,16:14:03
000851,*ST高鸿,0.38,0.38,0.0,0.0,0.0,0.0,0.0,4.4,4.3,-0.64,2.91,0.0,0,0.0,2026-08-06,09:00:00
000852,石化机械,5.31,5.37,5.35,5.37,5.25,90514.0,48040000.0,50.75,50.46,-3661.51,1.62,0.95,3634500,5416900.0,2026-08-06,16:14:30
000856,冀东装备,7.87,7.81,7.85,7.9,7.7,35309.0,27580000.0,17.86,17.86,146.06,4.37,1.56,1796900,1734000.0,2026-08-06,16:14:48
000858,五 粮 液,74.48,75.5,75.51,75.78,74.28,406081.0,3033080000.0,2891.02,2890.95,22.94,2.45,1.05,15025500,25582700.0,2026-08-06,16:14:21
000859,国风新材,8.91,8.63,8.5,9.3,8.42,691667.0,609970000.0,79.83,79.83,-114.17,2.96,7.72,33369200,35797500.0,2026-08-06,16:14:33
000860,顺鑫农业,10.86,10.9,10.97,10.98,10.74,97661.0,105900000.0,80.56,80.56,-25.25,1.17,1.32,4407400,5358600.0,2026-08-06,16:14:36
000862,银星能源,5.65,5.63,5.63,5.67,5.48,315634.0,175900000.0,51.86,35.48,189.46,1.19,5.03,15705300,15858100.0,2026-08-06,16:14:27
000863,三湘印象,3.98,3.94,3.93,4.0,3.88,133237.0,52340000.0,46.99,46.3,-30.43,1.08,1.15,6869100,6454600.0,2026-08-06,16:14:30
000868,安凯客车,3.6,3.63,3.64,3.65,3.54,96192.0,34500000.0,33.82,33.82,-58.56,4.21,1.02,4653900,4965300.0,2026-08-06,16:14:33
000869,张  裕Ａ,17.34,17.49,17.48,17.58,17.18,11641.0,20190000.0,113.97,78.92,188.31,1.1,0.26,532500,631600.0,2026-08-06,16:14:06
000875,电投绿能,5.24,5.35,5.32,5.35,5.18,485811.0,254280000.0,190.07,175.14,114.59,1.09,1.45,20274100,28307000.0,2026-08-06,16:14:09
000876,新 希 望,6.95,6.97,6.98,7.01,6.86,269156.0,186220000.0,312.94,312.75,-10.01,1.66,0.6,12189200,14726400.0,2026-08-06,16:14:36
000877,天山股份,3.84,3.8,3.8,3.88,3.77,187849.0,72120000.0,273.04,273.04,-3.75,0.37,0.26,8890200,9894700.0,2026-08-06,16:14:24
000878,云南铜业,16.6,16.77,17.02,17.12,16.39,643274.0,1078540000.0,402.58,332.6,29.8,2.25,3.21,27670600,36656800.0,2026-08-06,16:14:12
000880,潍柴重机,22.89,22.81,22.81,22.97,22.5,91869.0,209170000.0,106.17,51.97,40.26,4.92,4.05,4338900,4848000.0,2026-08-06,16:14:39
000881,中广核技,6.46,6.54,6.54,6.55,6.41,82867.0,53610000.0,61.07,58.38,-21.74,1.23,0.92,3435800,4850900.0,2026-08-06,16:14:39
000882,华联股份,1.43,1.44,1.43,1.45,1.41,431433.0,61590000.0,39.14,39.12,-11.7,0.6,1.58,18889000,24254300.0,2026-08-06,16:14:15
000883,湖北能源,4.66,4.68,4.69,4.69,4.6,233045.0,108080000.0,329.9,301.95,16.02,0.9,0.36,10378300,12926200.0,2026-08-06,16:14:51
000885,城发环境,12.85,12.93,12.91,12.93,12.72,43741.0,56050000.0,82.51,82.51,6.46,0.86,0.68,1683800,2690300.0,2026-08-06,16:14:42
000886,海南高速,4.58,4.63,4.62,4.66,4.54,129863.0,59520000.0,45.29,44.78,31.29,1.43,1.33,4836800,8149500.0,2026-08-06,16:14:18
000887,中鼎股份,18.84,18.64,18.51,19.08,18.4,337975.0,636010000.0,248.03,247.63,16.44,1.72,2.57,16450600,17346900.0,2026-08-06,16:14:54
000888,峨眉山Ａ,9.69,9.73,9.7,9.77,9.58,61836.0,59770000.0,51.06,51.06,23.17,1.93,1.17,2503600,3680000.0,2026-08-06,16:14:27
000889,中嘉博创,4.12,3.92,3.88,4.31,3.85,1422720.0,587150000.0,38.58,35.84,-152.95,55.54,16.36,62593500,79678400.0,2026-08-06,16:14:57
000890,法尔胜,7.48,7.43,7.48,7.55,7.34,191311.0,142480000.0,31.38,31.38,-41.23,160.52,4.56,9202700,9928400.0,2026-08-06,16:14:21
000892,欢瑞世纪,4.04,4.09,4.1,4.16,3.96,840581.0,340850000.0,39.63,28.72,-13.75,6.56,11.83,36409200,47648900.0,2026-08-06,16:14:30
000893,亚钾国际,48.18,49.0,49.0,49.44,47.4,170000.0,818350000.0,445.21,391.13,24.45,3.23,2.09,7964700,9035200.0,2026-08-06,16:14:24
000895,双汇发展,25.38,25.33,25.33,25.51,25.21,86323.0,218930000.0,879.33,879.22,16.72,4.42,0.25,4114000,4518300.0,2026-08-06,16:14:33
000897,津滨发展,1.75,1.76,1.76,1.77,1.72,273816.0,47700000.0,28.3,28.3,-48.53,0.94,1.69,11117800,16263800.0,2026-08-06,16:14:45
000898,鞍钢股份,2.05,2.06,2.07,2.08,2.02,356318.0,72850000.0,192.07,163.13,-3.86,0.45,0.45,17403400,18228400.0,2026-08-06,16:15:00
000899,赣能股份,10.94,11.07,11.03,11.06,10.75,176637.0,191890000.0,106.74,106.74,10.51,1.75,1.81,7807800,9855900.0,2026-08-06,16:14:48
000900,现代投资,3.71,3.73,3.72,3.74,3.66,121136.0,44710000.0,56.31,56.31,14.28,0.51,0.8,4161600,7952000.0,2026-08-06,16:14:03
000901,航天科技,14.9,14.93,14.88,15.13,14.62,202186.0,301430000.0,118.93,118.93,133.75,2.81,2.53,9314400,10904200.0,2026-08-06,16:14:42
000902,新洋丰,13.5,13.73,13.73,13.8,13.48,158631.0,215590000.0,169.39,154.28,10.61,1.41,1.39,7065000,8798100.0,2026-08-06,16:14:36
000903,ST云动,1.9,1.89,1.87,1.94,1.85,293202.0,55240000.0,36.76,36.48,-3.66,5.98,1.53,13900300,15419900.0,2026-08-06,16:14:27
000905,厦门港务,8.61,8.73,8.68,8.71,8.52,83938.0,72230000.0,132.79,63.87,64.72,1.46,1.13,3709900,4683900.0,2026-08-06,16:14:45
000906,浙商中拓,5.44,5.49,5.46,5.5,5.38,49875.0,27110000.0,38.61,38.15,17.77,0.79,0.71,1830500,3157000.0,2026-08-06,16:14:51
000908,石药景峰,6.83,6.21,6.3,6.83,6.13,361628.0,237050000.0,120.18,60.09,-183.98,5.76,4.11,19318800,16844000.0,2026-08-06,16:14:06
000909,*ST数源,4.55,4.46,4.46,4.73,4.42,58446.0,26860000.0,19.92,19.92,-4.6,3.25,1.34,3007400,2837200.0,2026-08-06,16:14:48
000910,大亚圣象,5.29,5.23,5.23,5.31,5.18,39304.0,20600000.0,28.96,28.95,-208.39,0.45,0.72,2395500,1534900.0,2026-08-06,16:14:39
000911,*ST广糖,4.48,4.42,4.43,4.66,4.36,71826.0,32250000.0,17.93,17.93,-11.54,-19.48,1.79,3420400,3762200.0,2026-08-06,16:14:30
000912,泸天化,3.64,3.64,3.64,3.65,3.55,158629.0,57090000.0,57.08,57.08,-2802.74,0.9,1.01,7848300,8014600.0,2026-08-06,16:14:42
000913,钱江摩托,11.71,11.97,11.93,12.0,11.63,52667.0,61830000.0,61.64,60.9,7.24,1.23,1.01,2061200,3205500.0,2026-08-06,16:14:45
000915,华特达因,25.37,25.45,25.55,25.59,25.11,26668.0,67360000.0,59.45,59.41,12.83,2.38,1.14,928800,1738000.0,2026-08-06,16:14:48
000917,电广传媒,7.07,7.21,7.17,7.26,7.01,272084.0,193290000.0,100.22,100.21,238.53,0.98,1.92,10073400,17135100.0,2026-08-06,16:14:51
000919,金陵药业,6.34,6.33,6.33,6.35,6.25,89994.0,56720000.0,39.43,39.42,66.9,1.05,1.45,4499200,4500200.0,2026-08-06,16:14:33
000920,沃顿科技,11.55,11.45,11.32,11.55,11.31,114618.0,131000000.0,54.59,54.59,24.79,2.82,2.43,5744500,5717300.0,2026-08-06,16:14:51
000921,海信家电,26.86,27.22,27.1,27.4,26.72,58817.0,158420000.0,371.97,248.12,12.02,2.01,0.64,2584700,3297000.0,2026-08-06,16:14:54
000922,佳电股份,11.59,11.68,11.6,11.76,11.5,110205.0,127910000.0,96.66,81.7,34.59,2.09,1.56,4611000,6409400.0,2026-08-06,16:14:36
000923,河钢资源,14.71,14.97,15.19,15.28,14.57,195412.0,289290000.0,96.02,92.36,20.69,0.99,3.11,7872400,11668900.0,2026-08-06,16:14:54
000925,众合科技,7.56,7.59,7.52,7.67,7.42,207145.0,156420000.0,51.13,50.74,-112.41,1.59,3.09,9279200,11435300.0,2026-08-06,16:14:39
000926,福星股份,2.19,2.16,2.16,2.21,2.13,427409.0,93000000.0,34.89,34.45,-0.84,0.67,2.72,25424500,17316300.0,2026-08-06,16:14:42
000927,中国铁物,2.47,2.5,2.5,2.5,2.43,492508.0,121080000.0,149.44,149.44,29.86,1.56,0.81,17473300,31777500.0,2026-08-06,16:14:09
000928,中钢国际,5.11,5.17,5.17,5.18,5.06,144012.0,73710000.0,73.31,73.31,16.73,0.88,1.0,5180600,9220600.0,2026-08-06,16:14:45
000929,兰州黄河,8.9,8.86,8.94,8.94,8.65,33037.0,29130000.0,16.53,16.53,-14.4,4.74,1.78,1930500,1373300.0,2026-08-06,16:14:12
000930,中粮科技,4.74,4.75,4.75,4.8,4.65,196886.0,93120000.0,88.0,87.99,-71.19,0.85,1.06,9217800,10470700.0,2026-08-06,16:14:57
000931,中 关 村,4.09,4.07,4.07,4.12,4.01,56193.0,22820000.0,30.8,30.72,194.04,1.92,0.75,2881900,2737400.0,2026-08-06,16:14:57
000932,华菱钢铁,3.75,3.84,3.83,3.87,3.7,1332173.0,501080000.0,256.97,256.97,11.44,0.47,1.94,44429500,88787800.0,2026-08-06,16:15:00
000933,神火股份,26.34,26.2,26.41,26.5,25.76,701208.0,1833990000.0,592.39,592.01,8.61,2.14,3.12,36481300,33639500.0,2026-08-06,16:15:00
000935,四川双马,22.6,22.88,22.55,22.95,22.34,51760.0,116870000.0,172.54,172.54,71.73,2.2,0.68,2374300,2801700.0,2026-08-06,16:14:03
000936,华西股份,5.24,5.28,5.26,5.3,5.19,122860.0,64340000.0,46.43,46.42,261.34,0.91,1.39,6340900,5945100.0,2026-08-06,16:14:03
000937,冀中能源,4.74,4.61,4.59,4.74,4.59,302968.0,141820000.0,184.24,179.02,45.48,0.97,0.8,18859100,11437700.0,2026-08-06,16:14:15
000938,紫光股份,37.94,36.94,36.01,38.47,35.88,3939139.0,14668210000.0,1085.11,1085.11,51.07,7.07,13.77,206988900,186924900.0,2026-08-06,16:14:06
000948,南天信息,15.01,15.49,15.5,15.5,14.82,226922.0,342430000.0,58.52,58.41,136.5,2.17,5.83,8676200,14016000.0,2026-08-06,16:14:06
000949,新乡化纤,6.48,6.45,6.45,6.53,6.34,382129.0,246330000.0,107.37,107.34,37.5,1.58,2.31,18720100,19492800.0,2026-08-06,16:14:18
000950,重药控股,5.34,5.37,5.35,5.37,5.22,352775.0,186670000.0,91.46,91.46,21.16,0.79,2.06,15526700,19750800.0,2026-08-06,16:14:09
000951,中国重汽,22.04,22.02,21.81,22.13,21.6,91137.0,199380000.0,257.65,257.65,14.23,1.61,0.78,4544900,4568900.0,2026-08-06,16:14:09
000952,广济药业,5.88,5.87,5.92,5.92,5.77,53497.0,31250000.0,20.23,20.23,-5.06,3.3,1.56,2672800,2676900.0,2026-08-06,16:14:54
000953,中哲精化,5.62,5.58,5.6,5.65,5.53,48057.0,26880000.0,20.58,20.58,336.39,13.33,1.31,2517600,2288100.0,2026-08-06,16:14:57
000955,欣龙控股,4.21,4.15,4.14,4.24,4.09,102821.0,42920000.0,22.67,22.66,2531.46,3.5,1.91,4989300,5292800.0,2026-08-06,16:14:12
000957,中通客车,10.2,10.27,10.27,10.29,10.01,92342.0,93640000.0,60.48,60.48,15.81,1.89,1.56,4142000,5092200.0,2026-08-06,16:14:48
000958,电投产融,5.53,5.5,5.48,5.53,5.44,240737.0,132020000.0,1012.9,297.7,30.73,2.01,0.45,12172600,11901100.0,2026-08-06,16:14:51
000959,首钢股份,3.77,3.79,3.8,3.84,3.7,303095.0,113920000.0,292.36,280.93,34.79,0.59,0.41,12520700,17788800.0,2026-08-06,16:14:21
000960,锡业股份,39.25,38.6,39.3,40.3,38.11,919387.0,3603900000.0,645.83,645.83,27.67,3.18,5.59,50417100,41521600.0,2026-08-06,16:14:54
000962,东方钽业,53.86,51.63,53.4,55.7,51.85,511397.0,2740720000.0,284.09,271.01,110.93,7.2,10.16,24183900,26955900.0,2026-08-06,16:14:15
000963,华东医药,27.82,27.92,28.0,28.07,27.67,159109.0,442560000.0,487.89,487.69,13.93,1.97,0.91,6131300,9779500.0,2026-08-06,16:14:18
000965,天保基建,3.18,3.17,3.16,3.2,3.12,125170.0,39510000.0,35.29,35.29,-205.06,0.64,1.13,6145600,6371400.0,2026-08-06,16:14:21
000966,长源电力,4.21,4.29,4.27,4.28,4.15,596926.0,250240000.0,146.55,146.55,130.78,1.09,1.71,21755800,37936800.0,2026-08-06,16:14:12
000967,盈峰环境,9.37,9.47,9.21,9.48,9.08,1963418.0,1818570000.0,314.76,314.61,53.95,1.88,5.85,80838900,115502900.0,2026-08-06,16:14:15
000968,蓝焰控股,6.96,6.93,6.9,7.01,6.81,240169.0,166190000.0,67.34,67.34,22.6,1.06,2.48,11858500,12158300.0,2026-08-06,16:14:24
000969,安泰科技,17.11,17.19,17.2,17.4,16.98,373985.0,643120000.0,179.74,178.17,47.11,3.17,3.59,16315800,21082700.0,2026-08-06,16:15:00
000970,中科三环,13.46,13.22,13.35,13.79,13.14,834355.0,1125690000.0,163.64,163.64,169.49,2.48,6.86,42096000,41339500.0,2026-08-06,16:14:57
000972,中基健康,3.43,3.37,3.37,3.45,3.31,106237.0,35970000.0,26.46,26.46,-45.14,407.45,1.38,6173400,4450300.0,2026-08-06,16:14:18
000973,佛塑科技,12.43,12.49,12.45,12.57,12.21,334724.0,414230000.0,305.56,120.25,47.4,3.35,3.46,15202400,18270000.0,2026-08-06,16:14:21
000975,山金国际,25.46,24.22,25.5,25.79,24.98,943183.0,2397380000.0,705.89,642.42,19.23,4.77,3.74,47363300,46955000.0,2026-08-06,16:15:00
000977,浪潮信息,76.79,77.2,75.68,77.99,75.11,881765.0,6753740000.0,1127.64,1126.38,44.13,5.07,6.01,42510000,45666500.0,2026-08-06,16:14:03
000978,桂林旅游,6.05,6.08,6.1,6.12,5.98,74243.0,44890000.0,28.32,28.32,230.6,2.64,1.59,3285400,4138900.0,2026-08-06,16:14:06
000980,众泰汽车,1.73,1.8,1.79,1.8,1.7,1284146.0,222910000.0,87.24,87.24,-25.2,266.78,2.55,48522700,79892000.0,2026-08-06,16:14:09
000981,山子高科,3.01,3.17,3.12,3.18,2.97,9762108.0,2990540000.0,300.92,286.35,25.17,9.71,10.26,398818400,577392400.0,2026-08-06,16:14:24
000983,山西焦煤,6.67,6.46,6.45,6.75,6.44,1050444.0,694990000.0,378.66,378.66,28.52,1.04,1.85,59447800,45596600.0,2026-08-06,16:14:12
000985,大庆华科,15.02,14.67,14.74,15.05,14.67,19726.0,29300000.0,19.47,19.47,326.98,3.19,1.52,986200,986400.0,2026-08-06,16:14:15
000987,越秀资本,7.74,7.89,7.83,7.88,7.69,338406.0,263250000.0,388.33,388.03,9.33,1.19,0.68,11738100,22102500.0,2026-08-06,16:14:27
000988,华工科技,103.01,100.43,97.32,106.27,97.03,804350.0,8235230000.0,1035.77,1035.24,60.95,9.06,8.0,40655100,39779900.0,2026-08-06,16:14:30
000989,九芝堂,9.05,9.09,9.09,9.17,8.96,309889.0,280590000.0,77.46,62.82,28.58,2.14,4.46,14379500,16609500.0,2026-08-06,16:14:33
000990,诚志股份,6.58,6.55,6.54,6.64,6.44,494106.0,323390000.0,111.95,111.95,158.24,0.62,2.9,23413000,25997700.0,2026-08-06,16:14:18
000993,闽东电力,10.15,10.28,10.25,10.25,10.01,105929.0,107120000.0,46.48,46.48,227.27,1.89,2.31,3946100,6646800.0,2026-08-06,16:14:03
000995,皇台酒业,10.79,10.9,10.94,10.99,10.62,174059.0,187980000.0,19.14,19.14,326.56,11.58,9.81,7845900,9560000.0,2026-08-06,16:14:24
000997,新 大 陆,18.68,18.68,18.51,19.35,18.46,274234.0,519320000.0,189.25,188.19,19.29,2.6,2.72,12021000,15402400.0,2026-08-06,16:14:27
000998,隆平高科,8.25,8.28,8.29,8.44,8.09,346911.0,286580000.0,121.23,108.44,326.87,1.81,2.64,14214100,20477000.0,2026-08-06,16:14:06
000999,华润三九,24.97,25.32,25.32,25.47,24.66,155682.0,388020000.0,415.56,415.17,12.68,1.82,0.94,6260400,9307800.0,2026-08-06,16:14:30
001201,东瑞股份,11.52,11.4,11.43,11.55,11.31,33603.0,38430000.0,29.7,24.48,-8.65,0.98,1.58,1789000,1571300.0,2026-08-06,16:14:33
001202,炬申股份,13.2,13.09,13.01,13.22,12.88,26638.0,34820000.0,22.0,15.42,29.96,2.56,2.28,1343200,1320600.0,2026-08-06,16:14:09
001203,大中矿业,27.7,28.02,28.0,28.5,27.35,209007.0,581650000.0,424.66,361.75,63.49,6.04,1.6,10394800,10505900.0,2026-08-06,16:14:36
001205,盛航股份,13.6,13.66,13.7,13.7,13.42,15307.0,20770000.0,25.57,22.64,23.24,1.2,0.92,816000,714700.0,2026-08-06,16:14:39
001206,依依股份,16.57,16.27,16.2,16.63,16.2,68511.0,112540000.0,30.64,17.71,19.56,1.69,6.41,3283000,3568100.0,2026-08-06,16:14:36
001207,联科科技,15.6,15.54,15.5,15.63,15.29,31281.0,48360000.0,47.29,45.65,17.21,2.05,1.07,1713700,1414400.0,2026-08-06,16:14:12
001208,华菱线缆,15.24,15.41,15.41,15.56,15.04,292773.0,447100000.0,97.28,48.58,89.68,3.36,9.19,12838400,16438900.0,2026-08-06,16:14:39
001209,洪兴股份,16.64,16.54,16.54,16.76,16.36,13246.0,21970000.0,21.89,15.99,95.61,1.69,1.38,645600,679000.0,2026-08-06,16:14:42
001210,金房能源,21.78,20.79,21.88,22.8,21.1,187739.0,407470000.0,47.82,29.06,34.87,3.33,14.07,9289300,9484600.0,2026-08-06,16:14:45
001211,双枪科技,20.81,20.71,20.71,20.98,20.53,32962.0,68470000.0,20.81,19.42,-1475.82,2.41,3.53,2006300,1289900.0,2026-08-06,16:14:21
001212,中旗新材,34.67,34.57,34.42,34.95,33.97,38885.0,134180000.0,69.67,60.27,-291.68,3.63,2.24,1971500,1917000.0,2026-08-06,16:14:48
001213,中铁特货,3.55,3.55,3.55,3.57,3.51,70531.0,24960000.0,157.78,157.78,42.11,0.83,0.16,3182900,3870200.0,2026-08-06,16:14:51
001215,千味央厨,33.32,32.92,32.9,33.32,32.6,18510.0,60990000.0,32.37,32.29,50.01,1.74,1.91,1019800,831200.0,2026-08-06,16:14:27
001216,华瓷股份,14.01,14.18,14.09,14.34,13.81,27438.0,38600000.0,40.9,34.4,19.13,1.66,1.12,1272800,1471000.0,2026-08-06,16:14:30
001217,华尔泰,9.76,9.78,9.74,9.86,9.61,36331.0,35430000.0,32.39,32.07,-73.9,1.49,1.11,1694800,1938300.0,2026-08-06,16:14:24
001218,丽臣实业,23.66,23.02,23.02,23.69,22.91,22230.0,52220000.0,31.77,28.33,15.05,1.32,1.86,1068700,1154200.0,2026-08-06,16:14:54
001219,青岛食品,12.37,12.33,12.3,12.38,12.16,18053.0,22150000.0,24.12,23.53,21.41,2.31,0.95,787800,1017500.0,2026-08-06,16:14:42
001222,源飞宠物,14.0,14.16,14.12,14.25,13.79,31723.0,44450000.0,26.72,15.82,23.61,1.88,2.81,1421300,1751000.0,2026-08-06,16:14:48
001223,欧克科技,37.43,38.45,37.69,37.9,36.62,36971.0,137420000.0,48.92,26.14,157.32,2.56,5.29,1643200,2053800.0,2026-08-06,16:14:33
001225,和泰机电,44.66,45.22,44.32,45.87,43.88,33616.0,150580000.0,29.28,9.4,96.78,2.14,15.98,1690800,1670800.0,2026-08-06,16:14:36
001226,拓山重工,41.64,41.05,41.18,41.86,40.08,4309.0,17790000.0,31.09,14.13,135.69,4.18,1.27,256200,174700.0,2026-08-06,16:14:57
001227,兰州银行,2.18,2.19,2.21,2.22,2.15,821273.0,178310000.0,124.17,91.94,6.76,0.41,1.95,35670000,46457300.0,2026-08-06,16:14:15
001228,永泰运,27.4,27.81,27.81,27.93,26.93,8493.0,23260000.0,28.46,21.88,27.37,1.68,1.06,355500,493800.0,2026-08-06,16:14:18
001229,魅视科技,40.0,42.32,44.24,44.24,39.56,139168.0,582740000.0,57.37,29.5,97.35,5.84,18.87,6704800,7212000.0,2026-08-06,16:14:39
001230,劲旅环境,19.18,18.74,18.74,19.31,18.59,48681.0,92810000.0,36.02,21.09,20.84,1.83,4.43,2651700,2216500.0,2026-08-06,16:14:30
001231,农心科技,19.33,19.15,19.05,19.33,19.01,8433.0,16160000.0,19.27,9.85,28.51,1.88,1.65,438000,405300.0,2026-08-06,16:14:42
001234,泰慕士,20.42,20.16,20.2,20.5,20.16,14601.0,29740000.0,22.17,18.68,55.29,2.45,1.6,781200,678900.0,2026-08-06,16:15:00
001236,弘业期货,7.63,7.72,7.71,7.77,7.56,90419.0,69060000.0,76.89,57.84,502.62,4.11,1.19,3943200,5098700.0,2026-08-06,16:14:33
001238,浙江正特,25.6,25.26,25.27,25.6,24.64,5299.0,13300000.0,39.72,37.15,103.95,3.44,0.37,291200,238700.0,2026-08-06,16:14:21
001239,永达股份,11.74,11.69,11.7,11.83,11.5,22781.0,26590000.0,28.18,13.38,88.46,2.08,2.0,1183300,1094800.0,2026-08-06,16:14:54
001255,博菲电气,24.85,24.85,24.65,24.97,24.35,10055.0,24810000.0,21.62,19.2,198.36,2.41,1.3,473700,531800.0,2026-08-06,16:14:39
001256,炜冈科技,27.24,26.64,26.41,27.73,26.26,45970.0,124830000.0,38.85,29.12,26.89,3.06,4.3,2266700,2330300.0,2026-08-06,16:14:57
001258,立新能源,12.19,13.53,13.53,13.53,12.19,1479227.0,1882720000.0,113.77,113.77,112.89,3.76,15.85,63901500,84021200.0,2026-08-06,16:14:06
001259,利仁科技,46.65,45.79,45.85,46.86,45.2,9867.0,45580000.0,34.33,22.18,275.74,4.78,2.08,457900,528800.0,2026-08-06,16:14:45
001260,坤泰股份,16.75,16.43,16.6,16.88,16.32,12185.0,20210000.0,19.26,19.26,51.88,2.39,1.06,627300,591200.0,2026-08-06,16:14:48
001266,宏英智能,34.25,33.6,33.5,34.61,33.0,52771.0,179540000.0,35.5,19.92,72.41,3.71,9.08,2541800,2735300.0,2026-08-06,16:14:09
001267,汇绿生态,38.81,35.28,35.81,38.81,35.35,742916.0,2778780000.0,304.66,236.18,366.54,19.14,12.21,39314000,34977600.0,2026-08-06,16:14:12
001268,联合精密,19.5,19.62,19.43,19.86,19.08,29497.0,57380000.0,29.39,18.4,91.91,2.98,3.13,1443600,1506100.0,2026-08-06,16:14:48
001269,欧晶科技,19.29,19.32,19.25,19.38,19.02,21896.0,42030000.0,37.12,37.12,-12.93,5.51,1.14,1073600,1116000.0,2026-08-06,16:14:24
001270,铖昌科技,116.2,114.42,112.0,118.86,111.73,110021.0,1281360000.0,239.51,237.98,181.42,15.77,5.37,5498200,5504000.0,2026-08-06,16:14:15
001277,速达股份,28.06,27.74,27.72,28.15,27.46,10106.0,28140000.0,21.33,12.78,23.72,1.38,2.22,509900,500700.0,2026-08-06,16:15:00
001278,一彬科技,15.35,15.21,15.21,15.4,14.98,15792.0,24030000.0,18.99,13.1,-17.34,1.61,1.85,789300,789900.0,2026-08-06,16:14:27
001279,强邦新材,24.71,24.92,24.91,24.92,24.46,7043.0,17380000.0,39.54,9.88,100.5,3.96,1.76,292400,411900.0,2026-08-06,16:14:18
001282,三联锻造,16.44,16.9,16.85,18.44,16.38,95663.0,164310000.0,36.53,25.11,34.09,2.24,6.26,3992500,5573900.0,2026-08-06,16:14:03
001283,豪鹏科技,41.75,42.45,41.8,42.54,41.12,28384.0,118480000.0,54.14,43.17,25.62,1.54,2.75,1261000,1577300.0,2026-08-06,16:14:06
001286,陕西能源,10.43,10.29,10.27,10.48,10.26,274306.0,284560000.0,391.12,140.81,12.24,1.51,2.03,15327800,12102800.0,2026-08-06,16:14:30
001287,中电港,22.73,22.7,22.39,22.98,22.26,232840.0,526880000.0,172.73,172.73,48.23,3.17,3.06,11386300,11897700.0,2026-08-06,16:14:27
001288,运机集团,28.2,26.29,26.23,28.77,26.2,94816.0,265290000.0,65.92,42.83,31.65,2.89,6.24,5654200,3827400.0,2026-08-06,16:14:33
001289,龙源电力,16.05,16.33,16.3,16.31,15.81,91013.0,145920000.0,1341.75,809.23,31.61,1.76,0.18,3240300,5861000.0,2026-08-06,16:14:51
001296,长江材料,18.13,17.99,17.99,18.14,17.81,17478.0,31520000.0,27.12,13.98,24.09,1.52,2.27,905900,841900.0,2026-08-06,16:14:36
001298,好上好,17.26,17.31,17.05,17.44,17.04,79931.0,137580000.0,74.65,70.32,63.46,4.49,1.96,3549200,4443900.0,2026-08-06,16:14:30
001299,美能能源,9.97,9.86,9.8,9.98,9.77,23700.0,23420000.0,31.33,28.2,30.22,2.79,0.84,1336300,1033700.0,2026-08-06,16:14:39
001300,三柏硕,10.56,10.63,10.71,10.72,10.35,35810.0,37730000.0,25.74,25.74,-31.22,2.67,1.47,1929400,1651600.0,2026-08-06,16:14:51
001301,尚太科技,52.53,53.77,53.38,53.6,51.8,47106.0,247260000.0,191.53,136.62,21.58,2.75,1.81,1805400,2905100.0,2026-08-06,16:14:54
001306,夏厦精密,52.59,53.03,53.19,53.39,51.51,6757.0,35430000.0,33.09,8.15,-64.08,2.57,4.36,339300,336400.0,2026-08-06,16:14:57
001308,康冠科技,19.4,19.04,18.49,19.92,18.49,59299.0,115400000.0,136.59,94.52,30.62,1.79,1.22,3008600,2921200.0,2026-08-06,16:14:09
001309,德明利,388.25,386.24,371.34,397.51,367.0,227112.0,8679730000.0,880.73,640.73,21.46,13.3,13.76,11510500,11200700.0,2026-08-06,16:14:12
001311,多利科技,16.64,16.22,16.29,16.71,16.04,48630.0,79550000.0,67.17,29.47,32.42,1.43,2.75,2542800,2320200.0,2026-08-06,16:14:54
001313,粤海饲料,7.22,7.22,7.2,7.25,7.07,117499.0,84030000.0,50.54,50.48,94.08,1.97,1.68,4564800,7185100.0,2026-08-06,16:14:15
001314,亿道信息,53.3,52.08,51.8,54.0,51.4,42654.0,226500000.0,76.02,66.14,69.21,3.64,3.44,2095800,2169500.0,2026-08-06,16:14:18
001316,润贝航科,26.59,26.69,26.62,26.94,26.05,21802.0,57830000.0,42.85,39.98,20.36,3.26,1.45,997000,1183200.0,2026-08-06,16:14:21
001317,三羊马,54.5,54.96,55.2,55.5,53.49,58974.0,322640000.0,46.63,46.59,-649.72,4.59,6.9,2858500,3038900.0,2026-08-06,16:14:03
001318,阳光乳业,10.93,11.02,10.95,11.07,10.8,32918.0,35820000.0,30.89,30.89,30.44,2.19,1.16,1376200,1915600.0,2026-08-06,16:14:06
001319,铭科精技,19.34,19.19,19.21,19.49,19.03,16696.0,32240000.0,27.35,15.86,19.62,2.01,2.04,861400,808200.0,2026-08-06,16:14:33
001322,箭牌家居,6.16,6.19,6.12,6.22,6.06,28507.0,17460000.0,59.58,48.39,109.0,1.29,0.36,1287500,1563200.0,2026-08-06,16:14:36
001323,慕思股份,16.95,17.36,17.31,17.31,16.82,33559.0,57000000.0,73.75,52.76,14.58,1.77,1.08,1206300,2149600.0,2026-08-06,16:14:09
001324,长青科技,19.24,18.9,18.88,19.25,18.77,18530.0,35160000.0,26.55,26.55,63.26,2.32,1.34,1277100,575900.0,2026-08-06,16:14:42
001326,联域股份,56.6,54.68,55.01,56.6,53.5,13830.0,76650000.0,41.43,13.59,144.68,3.38,5.76,711500,671500.0,2026-08-06,16:14:12
001328,登康口腔,29.78,30.38,30.03,30.2,29.39,20996.0,62360000.0,51.27,48.16,27.03,3.59,1.3,973500,1126100.0,2026-08-06,16:14:15
001330,博纳影业,5.16,5.23,5.36,5.42,5.08,653536.0,340250000.0,70.93,60.0,-12.81,1.87,5.62,29962700,35390900.0,2026-08-06,16:14:24
001331,胜通能源,52.49,50.2,50.2,53.6,49.5,109025.0,565090000.0,214.81,150.03,-1101.37,14.78,3.81,5065300,5837200.0,2026-08-06,16:14:57
001332,锡装股份,31.14,31.23,31.03,31.23,30.51,16569.0,51250000.0,48.17,20.93,17.7,1.85,2.47,726700,930200.0,2026-08-06,16:14:39
001333,光华股份,19.5,19.62,19.52,20.0,19.33,11002.0,21560000.0,24.96,24.96,21.73,1.44,0.86,508500,591700.0,2026-08-06,16:14:18
001336,楚环科技,17.57,17.46,17.49,17.68,17.22,12595.0,21990000.0,18.36,11.3,40.59,2.27,1.96,650300,609200.0,2026-08-06,16:14:24
001337,四川黄金,45.01,43.27,46.0,46.87,43.97,333041.0,1507050000.0,189.04,189.04,29.75,9.99,7.93,15731100,17573000.0,2026-08-06,16:14:42
001338,永顺泰,8.77,8.78,8.8,8.82,8.64,35512.0,30950000.0,44.0,44.0,22.12,1.22,0.71,1518300,2032900.0,2026-08-06,16:14:27
001339,智微智能,83.54,77.01,77.01,83.67,76.18,178963.0,1453490000.0,273.2,135.25,59.69,10.08,11.05,9360800,8535400.0,2026-08-06,16:14:48
001356,富岭股份,8.62,8.72,8.74,8.74,8.51,35405.0,30440000.0,50.8,18.25,71.24,2.52,1.67,1455600,2084900.0,2026-08-06,16:14:30
001358,兴欣新材,25.54,26.11,25.56,26.45,24.98,61875.0,158840000.0,31.47,13.02,60.12,2.21,12.14,2979900,3207600.0,2026-08-06,16:14:51
001359,平安电工,86.06,86.17,87.2,89.33,83.33,74912.0,646640000.0,207.54,51.89,89.81,10.05,12.43,3509500,3981800.0,2026-08-06,16:15:00
001360,南矿集团,14.88,15.47,15.39,15.72,14.5,86967.0,130350000.0,30.36,18.67,68.46,2.18,6.93,4534200,4162500.0,2026-08-06,16:14:03
001366,播恩集团,11.58,11.46,11.46,11.58,11.34,23676.0,27140000.0,18.61,18.61,-337.88,2.31,1.47,1373400,994200.0,2026-08-06,16:14:33
001367,海森药业,18.23,18.18,18.29,18.33,17.96,12577.0,22880000.0,27.77,22.17,20.79,1.84,1.03,606800,651000.0,2026-08-06,16:14:54
001368,通达创智,21.32,21.29,21.29,21.43,20.98,10109.0,21430000.0,24.12,23.04,23.56,1.73,0.94,473900,537000.0,2026-08-06,16:14:48
001373,翔腾新材,27.09,26.89,26.87,27.22,26.4,17780.0,47880000.0,18.61,11.37,-44.4,2.21,4.24,856700,921300.0,2026-08-06,16:14:36
001376,百通能源,11.27,11.4,11.51,11.67,11.13,175030.0,198980000.0,51.94,24.12,27.03,4.21,8.18,8081700,9421300.0,2026-08-06,16:14:51
001378,德冠新材,19.59,17.81,17.82,19.59,17.82,82361.0,157010000.0,33.96,16.52,38.3,1.84,9.77,4444500,3791600.0,2026-08-06,16:14:57
001379,腾达科技,15.6,15.69,15.52,15.76,15.34,13278.0,20660000.0,31.2,10.5,42.66,2.1,1.97,644900,682900.0,2026-08-06,16:14:06
001380,华纬科技,16.41,16.46,16.46,16.56,16.17,11561.0,18890000.0,44.45,38.19,17.57,2.29,0.5,491500,664600.0,2026-08-06,16:14:09
001382,新亚电缆,17.2,17.52,17.52,17.57,17.08,36615.0,63090000.0,70.86,10.84,73.93,4.4,5.81,1414000,2247500.0,2026-08-06,16:15:00
001387,雪祺电气,11.73,11.63,11.63,11.75,11.5,24051.0,27960000.0,21.47,13.66,23.81,1.67,2.06,1219800,1185300.0,2026-08-06,16:14:39
001389,广合科技,160.77,160.32,156.35,164.5,154.2,84828.0,1352200000.0,759.97,244.94,65.07,11.01,5.57,3859700,4623100.0,2026-08-06,16:14:42
001391,国货航,4.25,4.32,4.31,4.32,4.21,263100.0,111910000.0,518.88,64.57,20.94,1.98,1.73,8480500,17829600.0,2026-08-06,16:14:03
001395,亚联机械,29.49,29.84,29.68,30.07,29.23,20080.0,59490000.0,33.45,15.34,13.59,2.64,3.86,1016900,991100.0,2026-08-06,16:14:48
001696,宗申动力,15.36,15.53,15.58,15.7,15.14,478563.0,737340000.0,175.88,136.92,28.79,3.3,5.37,20115500,27740800.0,2026-08-06,16:14:33
001872,招商港口,22.05,21.95,21.9,22.19,21.79,19079.0,41900000.0,547.31,507.65,11.76,0.86,0.08,1104300,803600.0,2026-08-06,16:14:54
001896,豫能控股,13.12,13.49,13.31,13.38,12.9,808419.0,1058120000.0,200.18,200.18,53.33,5.62,5.3,36267300,44574700.0,2026-08-06,16:14:57
001914,招商积余,8.71,8.79,8.8,8.81,8.63,76083.0,66410000.0,91.78,91.78,13.73,0.86,0.72,3209800,4398500.0,2026-08-06,16:14:15
001965,招商公路,9.52,9.58,9.57,9.59,9.43,116251.0,110370000.0,646.89,646.89,13.97,0.96,0.17,5155000,6470100.0,2026-08-06,16:14:57
001979,招商蛇口,6.99,6.88,6.83,7.08,6.76,885733.0,611990000.0,630.22,619.99,102.07,0.65,1.0,46887800,41685500.0,2026-08-06,16:14:18
002001,新 和 成,30.45,29.8,29.78,30.72,29.68,333743.0,1014780000.0,935.86,924.72,13.94,2.86,1.1,17407800,15966500.0,2026-08-06,16:15:00
002003,伟星股份,10.41,10.41,10.47,10.47,10.19,125399.0,129410000.0,123.76,106.4,19.42,2.95,1.23,6017100,6522800.0,2026-08-06,16:14:03
002004,华邦健康,4.37,4.42,4.42,4.43,4.33,200642.0,87640000.0,86.52,82.3,12.66,0.87,1.07,8164300,11899900.0,2026-08-06,16:14:06
002005,德豪润达,2.3,2.33,2.34,2.34,2.23,185171.0,42150000.0,40.31,40.3,94.71,12.12,1.06,8102600,10414500.0,2026-08-06,16:14:36
002006,精工科技,13.84,13.9,13.8,14.0,13.69,70840.0,98090000.0,71.94,71.94,37.49,3.0,1.36,2931400,4152600.0,2026-08-06,16:15:00
002007,华兰生物,13.12,13.3,13.39,13.4,13.06,114505.0,150500000.0,239.53,206.45,27.93,2.22,0.73,4362900,7087600.0,2026-08-06,16:14:09
002008,大族激光,95.2,94.8,92.3,98.03,90.75,418075.0,3967990000.0,980.18,910.8,49.31,4.57,4.37,19990600,21816900.0,2026-08-06,16:14:39
002009,天奇股份,17.78,17.97,18.08,18.14,17.57,170230.0,304770000.0,71.52,62.95,193.34,3.52,4.81,8149500,8873500.0,2026-08-06,16:14:42
002010,传化智联,4.86,4.97,5.0,5.02,4.83,247225.0,121000000.0,134.33,134.01,20.39,0.75,0.9,8998900,15723500.0,2026-08-06,16:14:21
002011,盾安环境,10.41,10.55,10.53,10.53,10.3,121065.0,125780000.0,111.85,110.5,10.59,1.64,1.14,4595800,7510700.0,2026-08-06,16:14:24
002012,凯恩股份,6.54,6.44,6.44,6.58,6.37,166281.0,108040000.0,30.58,30.58,99.39,1.97,3.56,8997600,7630500.0,2026-08-06,16:14:27
002014,永新股份,10.97,10.97,10.95,11.08,10.89,45449.0,49940000.0,67.19,66.12,15.27,2.8,0.75,2322300,2222600.0,2026-08-06,16:14:12
002015,协鑫能科,15.75,16.12,15.88,15.99,15.54,736326.0,1159660000.0,255.67,255.67,58.32,2.14,4.54,30734500,42898100.0,2026-08-06,16:14:03
002016,世荣兆业,4.51,4.56,4.55,4.6,4.44,137626.0,62110000.0,36.49,36.49,24.02,0.74,1.7,6668400,7094200.0,2026-08-06,16:14:06
002017,东信和平,14.5,14.0,13.94,14.84,13.88,323563.0,468980000.0,84.16,84.11,50.82,4.72,5.58,16110800,16245500.0,2026-08-06,16:14:12
002019,亿帆医药,10.04,10.22,10.23,10.31,10.0,127179.0,128360000.0,122.13,84.59,34.34,1.39,1.51,4812200,7905700.0,2026-08-06,16:14:45
002020,京新药业,13.65,13.83,13.81,13.93,13.57,156086.0,213430000.0,117.53,98.82,15.47,2.02,2.16,6665400,8943100.0,2026-08-06,16:14:48
002021,中捷资源,2.71,2.71,2.73,2.77,2.64,383300.0,103660000.0,32.4,32.4,-153.39,5.29,3.21,16407500,21922400.0,2026-08-06,16:14:15
002022,科华生物,5.22,5.18,5.2,5.24,5.14,46076.0,23880000.0,26.85,26.85,-3.69,1.06,0.9,2152000,2455600.0,2026-08-06,16:14:15
002023,海特高新,10.42,10.33,10.3,10.67,10.18,259091.0,270420000.0,77.2,77.2,-14.63,2.07,3.5,12405700,13503400.0,2026-08-06,16:14:18
002024,ST易购,1.24,1.22,1.23,1.26,1.22,259047.0,32120000.0,114.88,114.74,166.29,0.93,0.28,17597100,8307600.0,2026-08-06,16:14:09
002025,航天电器,65.51,66.33,64.0,66.9,63.71,180358.0,1179900000.0,297.43,297.33,157.77,4.55,3.97,8936600,9099200.0,2026-08-06,16:14:21
002026,山东威达,10.36,10.3,10.29,10.41,10.2,52524.0,54150000.0,45.64,45.64,17.76,1.18,1.19,2717800,2534600.0,2026-08-06,16:14:51
002027,分众传媒,5.14,5.28,5.26,5.29,5.1,2091540.0,1078370000.0,742.33,742.33,20.62,5.84,1.45,73870100,135283800.0,2026-08-06,16:14:24
002028,思源电气,160.56,160.95,157.34,161.91,157.16,78133.0,1244070000.0,1256.5,980.71,37.57,7.62,1.28,3918300,3895000.0,2026-08-06,16:14:27
002029,七 匹 狼,8.92,8.77,8.79,8.98,8.63,222369.0,196550000.0,62.89,59.35,26.99,0.93,3.34,11157300,11079500.0,2026-08-06,16:14:18
002030,达安基因,5.57,5.55,5.68,5.77,5.52,301546.0,169230000.0,78.17,78.17,-8.73,1.11,2.15,14064200,16090400.0,2026-08-06,16:14:21
002031,巨轮智能,5.3,5.38,5.28,5.44,5.21,885225.0,471110000.0,116.57,101.42,-49.1,6.01,4.63,37964500,50558000.0,2026-08-06,16:14:30
002032,苏 泊 尔,41.33,41.52,41.6,41.65,40.95,22220.0,91500000.0,330.58,330.43,16.33,6.55,0.28,904600,1317400.0,2026-08-06,16:14:30
002033,丽江股份,8.71,8.75,8.72,8.8,8.62,111612.0,97020000.0,47.86,47.86,19.48,1.97,2.03,4502800,6658400.0,2026-08-06,16:14:54
002034,旺能环境,14.09,14.37,14.33,14.34,13.88,96484.0,135890000.0,72.8,72.5,10.09,1.0,1.88,3891800,5756600.0,2026-08-06,16:14:33
002035,华帝股份,4.82,4.85,4.86,4.87,4.77,72390.0,34840000.0,40.86,37.69,13.81,1.08,0.93,3298000,3941000.0,2026-08-06,16:14:36
002036,联创电子,7.45,7.8,7.73,7.79,7.33,1011465.0,761800000.0,78.79,78.63,-7.09,8.16,9.58,46729400,54417100.0,2026-08-06,16:14:24
002037,保利联合,6.99,6.82,6.88,7.25,6.82,171979.0,120550000.0,33.82,33.82,-3.88,3.29,3.55,8327200,8870700.0,2026-08-06,16:14:27
002038,双鹭药业,5.69,5.73,5.74,5.77,5.62,259228.0,147320000.0,58.46,48.47,-12.2,1.15,3.04,11424900,14498000.0,2026-08-06,16:14:57
002039,黔源电力,19.76,19.93,19.91,19.91,19.45,100044.0,196410000.0,84.49,84.49,13.25,1.93,2.34,4225000,5779400.0,2026-08-06,16:14:39
002040,南 京 港,8.12,8.18,8.2,8.2,8.03,55582.0,45020000.0,39.47,39.47,20.14,1.16,1.14,2277000,3281200.0,2026-08-06,16:14:30
002041,登海种业,9.14,8.74,8.72,9.27,8.64,381876.0,341500000.0,80.43,80.43,79.8,2.18,4.34,18791600,19396000.0,2026-08-06,16:14:42
002042,华孚时尚,3.84,3.87,3.89,3.9,3.78,269553.0,103420000.0,65.31,65.31,88.6,1.11,1.58,10433000,16522300.0,2026-08-06,16:15:00
002043,兔 宝 宝,12.65,12.82,12.8,12.8,12.27,198063.0,247060000.0,104.96,102.15,14.01,3.29,2.45,6477300,13328900.0,2026-08-06,16:14:33
002044,美年健康,4.79,4.93,4.9,4.94,4.76,972961.0,470210000.0,187.49,185.58,61.35,2.39,2.51,35551700,61744400.0,2026-08-06,16:14:03
002045,国光电器,8.6,8.66,8.66,8.76,8.47,171985.0,148030000.0,48.37,48.31,-28.29,1.14,3.06,6784800,10413700.0,2026-08-06,16:14:45
002046,国机精工,46.29,45.35,44.77,47.26,44.17,128163.0,588830000.0,248.2,245.42,152.48,5.83,2.42,5743000,7073300.0,2026-08-06,16:14:06
002047,宝鹰股份,3.32,3.33,3.35,3.41,3.23,323956.0,106870000.0,50.34,50.34,76.02,123.67,2.14,13264100,19131500.0,2026-08-06,16:14:09
002048,宁波华翔,19.14,19.41,19.28,19.55,18.95,165396.0,317030000.0,155.46,135.54,35.72,1.32,2.34,7168700,9370900.0,2026-08-06,16:14:12
002049,紫光国微,66.5,67.2,66.18,67.0,65.71,240747.0,1597500000.0,560.75,560.67,33.94,4.29,2.86,10887300,13187400.0,2026-08-06,16:14:36
002050,三花智控,38.71,39.41,38.9,39.36,38.43,660557.0,2566470000.0,1628.92,1428.8,39.86,5.18,1.79,29165900,36889800.0,2026-08-06,16:14:12
002051,中工国际,9.19,9.48,9.36,9.44,9.12,383421.0,355520000.0,112.71,112.71,42.01,0.98,3.13,14500200,23841900.0,2026-08-06,16:14:15
002052,同洲电子,9.75,8.86,8.89,9.75,8.78,239507.0,223430000.0,73.36,67.22,120.26,26.34,3.47,13567500,10383200.0,2026-08-06,16:14:18
002053,云南能投,9.56,9.74,9.72,9.74,9.49,71789.0,68790000.0,88.02,88.02,39.78,1.17,0.78,2685900,4493000.0,2026-08-06,16:14:48
002054,德美化工,7.21,7.16,7.15,7.25,7.08,107815.0,77330000.0,34.76,27.69,26.02,1.35,2.81,5089100,5692400.0,2026-08-06,16:14:33
002055,ST得润,5.64,5.54,5.53,5.65,5.51,105509.0,58750000.0,34.09,33.5,-83.87,2.51,1.78,5639200,4911700.0,2026-08-06,16:14:21
002056,横店东磁,21.68,21.94,21.93,22.05,21.37,328368.0,713370000.0,352.67,352.31,19.82,3.51,2.02,15075300,17761500.0,2026-08-06,16:14:15
002057,中钢天源,8.54,8.43,8.4,8.62,8.39,259816.0,221100000.0,64.38,64.33,33.91,1.95,3.45,12796900,13184700.0,2026-08-06,16:14:51
002058,威尔泰,16.66,16.92,16.85,16.96,16.21,52134.0,86330000.0,23.9,23.84,11.27,37.72,3.64,2134000,3079400.0,2026-08-06,16:14:54
002059,云南旅游,4.5,4.5,4.5,4.52,4.43,75873.0,34010000.0,45.56,44.24,-14.46,4.31,0.77,3407000,4180300.0,2026-08-06,16:14:36
002060,广东建工,3.37,3.4,3.4,3.44,3.33,194657.0,65630000.0,126.52,52.67,11.75,0.91,1.25,8894100,10571600.0,2026-08-06,16:14:39
002061,浙江交科,3.55,3.58,3.59,3.59,3.51,201105.0,71290000.0,93.83,92.27,9.76,0.6,0.77,7906500,12204000.0,2026-08-06,16:14:18
002062,宏润建设,7.95,7.95,7.96,8.18,7.81,135637.0,108240000.0,98.36,89.41,37.57,2.03,1.21,5336900,8226800.0,2026-08-06,16:14:42
002063,远光软件,5.71,5.81,5.72,5.86,5.66,494821.0,284280000.0,109.37,101.02,36.28,2.78,2.8,19652800,29829200.0,2026-08-06,16:14:39
002064,华峰化学,11.82,11.55,11.54,11.93,11.4,623555.0,732620000.0,586.57,585.33,20.53,2.04,1.26,31484800,30870700.0,2026-08-06,16:14:42
002065,东华软件,7.45,7.58,7.55,7.65,7.41,513642.0,385960000.0,238.81,216.64,49.34,1.95,1.77,21106700,30257500.0,2026-08-06,16:14:21
002066,瑞泰科技,20.82,20.74,20.72,21.06,20.4,32513.0,67340000.0,48.91,48.09,-63.15,7.86,1.41,1760300,1491000.0,2026-08-06,16:14:24
002067,景兴纸业,4.5,4.57,4.51,4.62,4.47,556540.0,251980000.0,66.37,60.19,66.31,0.99,4.16,23058000,32596100.0,2026-08-06,16:14:24
002068,黑猫股份,8.14,8.1,8.1,8.16,7.96,229600.0,185270000.0,59.86,59.83,-11.45,2.57,3.12,10610900,12349100.0,2026-08-06,16:14:45
002069,獐子岛,3.26,3.23,3.22,3.27,3.19,100172.0,32450000.0,23.18,23.15,-349.31,84.44,1.41,5252100,4765200.0,2026-08-06,16:14:45
002072,凯瑞德,7.37,7.18,7.24,7.38,7.13,65962.0,48080000.0,27.1,27.09,-112.33,11.73,1.79,3938100,2658200.0,2026-08-06,16:14:27
002073,软控股份,5.65,5.73,5.71,5.74,5.6,146987.0,83160000.0,57.88,57.29,16.19,0.91,1.45,5661300,9037400.0,2026-08-06,16:14:27
002074,国轩高科,27.65,28.27,28.07,28.17,27.42,301344.0,835540000.0,501.77,480.21,21.78,1.75,1.74,11317400,18816900.0,2026-08-06,16:14:48
002075,沙钢股份,4.1,4.1,4.14,4.15,4.01,419016.0,170690000.0,89.95,89.95,35.96,1.37,1.91,20946000,20955600.0,2026-08-06,16:14:30
002076,星光股份,2.1,2.08,2.08,2.12,2.03,432917.0,90030000.0,23.29,21.89,-241.07,7.65,4.15,22469500,20822200.0,2026-08-06,16:14:48
002077,大港股份,12.59,12.5,12.27,12.7,12.24,442386.0,553410000.0,73.07,73.07,96.26,2.16,7.62,21071700,23166900.0,2026-08-06,16:14:51
002078,太阳纸业,13.9,14.11,14.11,14.14,13.67,273526.0,379120000.0,388.44,385.94,11.88,1.27,0.99,11314200,16038400.0,2026-08-06,16:14:33
002079,苏州固锝,9.57,9.52,9.44,9.67,9.35,437158.0,416330000.0,86.94,77.62,71.19,2.14,5.39,21465400,22250500.0,2026-08-06,16:14:54
002080,中材科技,51.52,48.81,48.76,52.11,47.68,774664.0,3905070000.0,864.57,864.57,44.04,4.38,4.62,37938000,39528400.0,2026-08-06,16:14:57
002081,金 螳 螂,4.0,3.98,3.94,4.03,3.9,1092544.0,432770000.0,106.21,105.77,26.18,0.78,4.13,53376600,55877700.0,2026-08-06,16:15:00
002082,ST万邦,10.2,10.26,10.24,10.25,10.01,85949.0,86960000.0,62.39,57.92,-78.49,2.39,1.51,3927700,4667200.0,2026-08-06,16:14:36
002083,孚日股份,11.68,11.68,11.56,11.88,11.5,731958.0,855830000.0,110.57,110.53,22.97,2.4,7.73,35225000,37970800.0,2026-08-06,16:14:57
002084,海鸥住工,3.54,3.51,3.51,3.58,3.49,155012.0,54800000.0,22.87,22.82,-17.0,1.77,2.4,7148800,8352400.0,2026-08-06,16:15:00
002085,万丰奥威,10.65,10.83,10.83,10.93,10.58,259732.0,278510000.0,226.13,226.13,23.67,3.0,1.22,10525300,15447900.0,2026-08-06,16:14:30
002086,东方海洋,1.87,1.87,1.86,1.88,1.83,310419.0,57610000.0,36.63,29.57,-25.82,2.89,1.96,13150600,17891300.0,2026-08-06,16:14:03
002088,鲁阳节能,7.6,7.58,7.59,7.64,7.49,24034.0,18220000.0,38.72,38.45,-272.24,1.64,0.48,1042500,1360900.0,2026-08-06,16:14:51
002090,金智科技,9.43,9.54,9.52,9.56,9.26,81068.0,76240000.0,37.77,37.55,52.04,2.44,2.04,3829000,4277800.0,2026-08-06,16:14:39
002091,江苏国泰,7.7,7.8,7.79,7.83,7.66,93362.0,72040000.0,125.34,123.38,9.92,0.81,0.58,3697900,5638300.0,2026-08-06,16:14:33
002092,中泰化学,4.49,4.44,4.43,4.52,4.41,554940.0,247760000.0,116.29,115.64,-34.05,0.54,2.15,31133100,24360900.0,2026-08-06,16:14:42
002093,国脉科技,7.07,7.15,7.11,7.21,7.01,153367.0,108940000.0,71.23,71.23,107.0,1.88,1.52,7194800,8141900.0,2026-08-06,16:14:54
002094,青岛金王,4.8,4.78,4.82,4.87,4.72,177468.0,84940000.0,33.16,33.14,163.86,2.25,2.57,8146300,9600500.0,2026-08-06,16:14:45
002095,生 意 宝,14.51,14.48,14.39,14.78,14.26,36280.0,52590000.0,36.67,36.52,-270.67,4.25,1.44,1780300,1847700.0,2026-08-06,16:14:36
002096,易普力,9.53,9.48,9.48,9.65,9.42,64061.0,61090000.0,118.21,118.21,16.09,1.51,0.52,2866700,3539400.0,2026-08-06,16:14:39
002097,山河智能,7.35,7.37,7.38,7.49,7.27,217885.0,160700000.0,78.98,78.84,113.06,1.7,2.03,10148400,11640100.0,2026-08-06,16:14:48
002098,浔兴股份,6.77,6.67,6.68,6.78,6.62,38969.0,26110000.0,24.24,24.24,13.17,1.63,1.09,2088400,1808500.0,2026-08-06,16:14:51
002099,海翔药业,5.27,5.41,5.4,5.43,5.25,143551.0,76330000.0,85.31,85.21,-115.5,1.73,0.89,6127200,8228000.0,2026-08-06,16:14:06
002100,天康生物,7.03,7.05,7.05,7.12,6.89,242794.0,169400000.0,95.98,95.98,-95.22,1.42,1.78,11645700,12633700.0,2026-08-06,16:14:09
002101,广东鸿图,8.89,8.98,8.96,9.0,8.78,44715.0,39650000.0,58.92,58.87,19.0,0.76,0.68,1654200,2817300.0,2026-08-06,16:14:54
002102,ST能特,2.25,2.26,2.26,2.28,2.24,107187.0,24170000.0,55.7,47.92,115.84,1.8,0.5,3283300,7435400.0,2026-08-06,16:14:42
002103,广博股份,6.58,6.73,6.74,6.79,6.49,112769.0,74500000.0,35.16,25.54,22.68,2.8,2.91,4513800,6763100.0,2026-08-06,16:14:12
002104,恒宝股份,11.76,10.69,10.6,11.76,10.58,283243.0,326120000.0,83.3,70.52,597.65,3.95,4.72,9602400,18721900.0,2026-08-06,16:14:45
002105,信隆健康,5.52,5.43,5.4,5.58,5.4,75340.0,41280000.0,20.22,20.12,-31.63,2.53,2.07,3728400,3805600.0,2026-08-06,16:14:03
002106,莱宝高科,10.44,10.49,10.37,10.52,10.25,245776.0,255400000.0,73.69,73.59,35.95,1.33,3.49,10889000,13688600.0,2026-08-06,16:14:57
002107,沃华医药,6.08,6.15,6.14,6.15,6.02,83221.0,50510000.0,35.09,34.74,29.59,4.96,1.46,3239300,5082800.0,2026-08-06,16:14:57
002108,沧州明珠,4.34,4.4,4.38,4.39,4.28,246097.0,106650000.0,71.55,71.52,47.86,1.44,1.49,7801800,16807900.0,2026-08-06,16:14:15
002109,ST兴化,2.57,2.58,2.58,2.59,2.53,60882.0,15580000.0,32.8,32.8,-8.08,0.84,0.48,2012200,4076000.0,2026-08-06,16:14:18
002110,三钢闽光,3.17,3.21,3.22,3.23,3.12,205319.0,65100000.0,77.0,77.0,-53.29,0.4,0.85,8233100,12298900.0,2026-08-06,16:14:06
002111,威海广泰,9.55,9.61,9.57,9.67,9.44,63804.0,60850000.0,50.81,46.68,30.91,1.72,1.31,2807300,3573100.0,2026-08-06,16:15:00
002112,三变科技,16.34,17.12,16.91,16.99,16.2,340563.0,559510000.0,48.06,42.82,295.95,5.57,12.99,14325200,19731100.0,2026-08-06,16:14:09
002114,罗平锌电,7.14,7.1,7.19,7.26,7.03,117181.0,83780000.0,23.09,23.09,-13.39,3.2,3.62,6042100,5676000.0,2026-08-06,16:14:48
002115,三维通信,11.79,11.8,11.75,12.09,11.65,797742.0,946220000.0,94.91,87.98,1335.6,4.7,10.69,38317000,41457300.0,2026-08-06,16:14:12
002116,中国海诚,7.07,7.09,7.09,7.11,6.97,28417.0,19990000.0,39.52,39.04,11.76,1.46,0.51,1154800,1686900.0,2026-08-06,16:14:21
002117,东港股份,8.31,8.22,8.24,8.39,8.16,89876.0,74480000.0,43.52,43.51,28.85,3.29,1.72,4771100,4216500.0,2026-08-06,16:14:03
002119,康强电子,23.11,22.3,22.75,23.34,22.53,720883.0,1651940000.0,86.73,86.73,74.75,6.23,19.21,35434200,36654100.0,2026-08-06,16:14:15
002120,韵达股份,6.71,6.81,6.8,6.82,6.67,360010.0,242020000.0,194.54,188.9,14.55,0.94,1.28,12513100,23487900.0,2026-08-06,16:15:00
002121,科陆电子,5.2,5.31,5.27,5.31,5.15,234310.0,122400000.0,86.97,73.41,-32.94,24.52,1.66,8767100,14663900.0,2026-08-06,16:14:18
002122,ST汇洲,2.51,2.45,2.46,2.52,2.45,213605.0,53190000.0,50.24,49.89,132.93,2.3,1.07,13375900,7984600.0,2026-08-06,16:14:21
002123,梦网科技,8.76,8.69,8.61,9.04,8.55,360280.0,317060000.0,70.56,63.12,-26.69,4.64,5.0,17622200,18405900.0,2026-08-06,16:14:03
002124,天邦食品,2.24,2.26,2.25,2.27,2.2,540303.0,120370000.0,49.77,44.18,-2.32,3.0,2.74,24102300,29928000.0,2026-08-06,16:14:06
002125,湘潭电化,12.58,12.75,12.73,12.78,12.39,210408.0,264520000.0,79.19,79.19,29.61,2.38,3.34,8724200,12316600.0,2026-08-06,16:14:06
002126,银轮股份,40.91,41.19,40.62,41.56,39.8,188220.0,767990000.0,346.43,325.29,36.13,4.69,2.37,8785200,10036800.0,2026-08-06,16:14:09
002127,南极电商,3.1,3.15,3.14,3.17,3.06,445679.0,138160000.0,76.1,61.84,-32.35,2.03,2.23,18026700,26541200.0,2026-08-06,16:14:09
002128,电投能源,27.79,27.11,27.2,27.95,27.08,184646.0,508450000.0,868.85,622.93,14.82,1.69,0.82,10384000,8080600.0,2026-08-06,16:14:51
002129,TCL中环,8.87,9.14,9.02,9.04,8.81,1174422.0,1046560000.0,358.62,358.31,-3.98,1.79,2.91,42214000,75228200.0,2026-08-06,16:14:12
002130,沃尔核材,17.23,17.52,17.37,17.61,17.06,369648.0,639380000.0,241.2,197.62,21.44,2.7,3.22,15125100,21839700.0,2026-08-06,16:14:54
002131,利欧股份,5.48,5.67,5.53,5.67,5.33,10360191.0,5684830000.0,371.09,320.84,-862.57,2.92,17.7,432579100,603440000.0,2026-08-06,16:14:12
002132,恒星科技,4.15,4.07,4.06,4.15,4.04,583911.0,239610000.0,58.16,58.07,83.39,1.68,4.17,30081700,28309400.0,2026-08-06,16:14:24
002133,广宇集团,2.63,2.61,2.6,2.65,2.56,134779.0,35100000.0,20.36,20.25,28.17,0.7,1.75,7006800,6471100.0,2026-08-06,16:14:24
002134,天津普林,21.03,20.46,20.41,21.16,20.08,83910.0,174710000.0,52.12,52.08,328.82,10.17,3.39,3997100,4393900.0,2026-08-06,16:14:15
002135,东南网架,6.44,6.38,6.38,6.59,6.32,97267.0,62720000.0,71.84,67.23,414.28,1.16,0.93,4624300,5102400.0,2026-08-06,16:14:27
002136,安 纳 达,12.23,12.3,12.29,12.39,12.06,59167.0,72310000.0,26.3,26.23,-35.1,2.41,2.76,2450000,3466700.0,2026-08-06,16:14:30
002137,实益达,7.88,7.88,7.81,7.96,7.72,298528.0,233990000.0,45.51,31.24,105.29,3.02,7.53,14656600,15196100.0,2026-08-06,16:14:57
002138,顺络电子,48.48,49.6,48.52,49.83,47.11,377518.0,1827010000.0,390.9,371.52,39.8,5.95,4.93,17209100,20542800.0,2026-08-06,16:14:15
002139,拓邦股份,10.2,10.43,10.33,10.45,10.13,231015.0,236900000.0,127.18,109.25,58.1,1.84,2.16,8336700,14764800.0,2026-08-06,16:14:33
002140,东华科技,9.15,9.09,9.08,9.32,8.98,82674.0,75370000.0,64.78,64.69,11.99,1.33,1.17,3574400,4693100.0,2026-08-06,16:14:18
002141,贤丰控股,5.73,5.63,5.51,5.89,5.51,1978042.0,1125790000.0,59.19,59.19,517.74,7.33,19.15,96312500,101491700.0,2026-08-06,16:14:27
002142,宁波银行,31.74,31.65,31.54,31.92,31.32,302600.0,957050000.0,2095.98,2094.66,6.96,0.93,0.46,15430100,14829900.0,2026-08-06,16:14:36
002144,宏达高科,10.58,10.38,10.39,10.58,10.33,45842.0,48000000.0,18.7,14.56,49.55,0.88,3.33,2622500,1961700.0,2026-08-06,16:14:18
002145,钛能化学,4.53,4.62,4.59,4.61,4.5,562801.0,255810000.0,172.44,172.43,33.33,1.3,1.48,22687700,33592300.0,2026-08-06,16:14:21
002146,荣盛发展,1.13,1.13,1.13,1.13,1.1,786387.0,87780000.0,49.13,44.2,-0.53,0.97,2.01,36668600,41970200.0,2026-08-06,16:14:21
002148,北纬科技,6.47,6.38,6.39,6.52,6.35,189251.0,121940000.0,36.15,29.17,822.04,2.97,4.2,10159800,8765400.0,2026-08-06,16:14:39
002149,西部材料,38.55,38.06,38.0,39.32,37.71,463758.0,1786230000.0,188.21,188.18,234.07,5.12,9.5,22783100,23592700.0,2026-08-06,16:15:00
002150,正泰电源,21.3,21.32,21.21,21.45,20.93,51648.0,109610000.0,76.87,76.36,27.64,3.61,1.44,2392600,2772200.0,2026-08-06,16:14:30
002151,北斗星通,29.51,29.65,29.5,29.93,29.16,137444.0,406520000.0,160.21,130.67,-74.87,3.31,3.1,5772800,7971600.0,2026-08-06,16:14:03
002152,广电运通,10.38,10.36,10.27,10.61,10.2,375430.0,391030000.0,257.78,257.65,30.45,2.11,1.51,17354300,20188700.0,2026-08-06,16:14:33
002153,石基信息,8.54,8.57,8.49,8.76,8.46,322167.0,277030000.0,233.07,136.62,-142.49,3.5,2.01,15000000,17216700.0,2026-08-06,16:14:24
002154,报 喜 鸟,4.19,4.1,4.06,4.21,4.03,462933.0,191200000.0,61.15,49.43,14.98,1.32,3.92,24049100,22244100.0,2026-08-06,16:14:24
002155,湖南黄金,25.15,24.68,25.83,25.9,24.59,988337.0,2501420000.0,393.01,392.97,22.44,4.77,6.33,47294100,51539700.0,2026-08-06,16:14:06
002156,通富微电,60.96,58.0,56.01,62.81,56.01,1590682.0,9529120000.0,925.13,925.04,63.96,5.95,10.48,80719000,78349200.0,2026-08-06,16:14:27
002157,正邦科技,2.91,2.96,2.95,2.96,2.89,1073425.0,312770000.0,269.18,226.62,-23.79,2.58,1.38,39555800,67786700.0,2026-08-06,16:14:09
002158,汉钟精机,28.39,27.33,27.0,28.41,26.89,172785.0,481180000.0,151.81,151.48,30.87,3.48,3.24,7979100,9299500.0,2026-08-06,16:14:27
002159,三特索道,13.2,13.27,13.26,13.32,13.0,25099.0,33040000.0,23.4,18.28,17.48,1.64,1.81,956100,1553800.0,2026-08-06,16:14:12
002160,常铝股份,3.88,3.9,3.92,3.95,3.82,177670.0,68910000.0,40.07,39.99,59.29,1.06,1.72,7315200,10451800.0,2026-08-06,16:14:36
002161,远 望 谷,5.8,5.57,5.62,5.82,5.57,197527.0,112140000.0,42.91,42.9,3286.81,2.84,2.67,11710900,8041800.0,2026-08-06,16:14:39
002162,悦心健康,4.02,4.01,4.01,4.02,3.93,121446.0,48300000.0,36.97,36.92,359.29,4.46,1.32,6318500,5826100.0,2026-08-06,16:14:30
002163,海南发展,8.33,8.39,8.42,8.45,8.17,199233.0,165170000.0,70.38,66.94,-15.25,11.84,2.48,9085700,10837600.0,2026-08-06,16:14:42
002164,宁波东力,11.45,11.3,11.26,11.45,11.22,103620.0,117610000.0,60.93,54.93,30.19,3.83,2.16,5696300,4665700.0,2026-08-06,16:14:42
002165,红 宝 丽,6.7,6.69,6.67,6.73,6.55,442845.0,293860000.0,49.26,48.75,-171.79,2.49,6.09,20847200,23437300.0,2026-08-06,16:14:45
002166,莱茵生物,6.68,6.7,6.69,6.72,6.57,102136.0,67790000.0,49.54,49.34,31.99,1.59,1.38,4236600,5977000.0,2026-08-06,16:14:45
002167,东方锆业,17.06,16.57,16.7,17.3,16.32,1472327.0,2475130000.0,132.16,129.44,243.93,7.43,19.41,71546500,75686200.0,2026-08-06,16:14:33
002168,ST惠程,3.71,3.8,3.68,3.74,3.63,106086.0,39180000.0,29.09,29.09,-43.44,259.53,1.35,5014500,5594000.0,2026-08-06,16:14:30
002169,智光电气,12.83,12.45,12.4,12.83,12.3,276576.0,349470000.0,100.42,97.34,51.41,3.67,3.65,14754600,12903000.0,2026-08-06,16:14:48
002170,芭田股份,11.53,11.67,11.62,11.73,11.48,146285.0,169500000.0,111.89,90.96,11.03,3.2,1.85,6143600,8484900.0,2026-08-06,16:14:51
002171,楚江新材,9.86,9.98,10.06,10.07,9.8,514849.0,511440000.0,160.02,159.11,40.86,1.82,3.19,20529800,30955100.0,2026-08-06,16:14:36
002172,澳洋健康,3.25,3.25,3.24,3.28,3.2,121489.0,39350000.0,24.89,24.87,88.79,13.74,1.59,4923000,7225900.0,2026-08-06,16:14:15
002173,创新医疗,21.15,21.26,21.31,22.1,20.66,821561.0,1745420000.0,93.33,89.01,-202.6,5.41,19.52,39137800,43018300.0,2026-08-06,16:14:33
002174,游族网络,11.78,12.22,12.14,12.26,11.63,348380.0,414950000.0,115.42,115.36,-43.02,2.54,3.56,14412000,20425900.0,2026-08-06,16:14:48
002175,*ST东智,2.45,2.47,2.45,2.49,2.44,157539.0,38720000.0,31.28,31.28,-87.69,4.04,1.23,6362600,9391300.0,2026-08-06,16:14:36
002176,江特电机,9.3,9.47,9.5,9.65,9.21,992569.0,931450000.0,158.31,158.08,-31.29,5.45,5.84,40474500,58782300.0,2026-08-06,16:14:54
002177,御银股份,6.04,5.93,5.89,6.3,5.87,737496.0,448500000.0,45.98,40.77,281.21,2.68,10.93,39826300,33923300.0,2026-08-06,16:14:57
002178,延华智能,4.58,4.61,4.58,4.67,4.51,109760.0,50300000.0,32.62,32.6,392.16,7.55,1.54,4771200,6204800.0,2026-08-06,16:14:39
002179,中航光电,34.67,34.75,34.45,34.88,33.9,312659.0,1076940000.0,728.16,726.83,37.93,3.15,1.49,14110200,17155700.0,2026-08-06,16:14:39
002180,奔图科技,19.69,17.9,19.69,19.69,19.69,112996.0,222490000.0,279.97,267.84,-37.93,3.07,0.83,0,11299600.0,2026-08-06,16:14:42
002181,粤 传 媒,9.37,9.81,9.57,9.58,9.2,980107.0,917100000.0,108.79,106.31,148.98,2.6,8.64,44373900,53636900.0,2026-08-06,16:14:45
002182,宝武镁业,12.77,13.12,13.0,13.15,12.51,442765.0,567760000.0,126.65,110.53,-304.13,2.4,5.12,18161200,26115300.0,2026-08-06,16:14:18
002183,怡 亚 通,4.69,4.75,4.75,4.75,4.62,471578.0,220650000.0,121.8,121.8,-37.55,1.34,1.82,20392800,26765000.0,2026-08-06,16:14:51
002184,海得控制,9.85,9.9,9.8,9.94,9.65,59700.0,58460000.0,34.66,23.68,-47.75,2.73,2.48,2653700,3316300.0,2026-08-06,16:15:00
002185,华天科技,17.26,16.59,16.1,17.66,16.09,4732223.0,8042750000.0,573.62,573.49,70.31,3.21,14.24,240513500,232708800.0,2026-08-06,16:14:54
002186,全 聚 德,9.26,9.19,9.21,9.28,9.11,30901.0,28420000.0,28.42,28.41,275.45,3.33,1.01,1608700,1481400.0,2026-08-06,16:14:42
002187,广百股份,5.31,5.34,5.35,5.35,5.22,93390.0,49420000.0,37.22,37.22,-39.42,0.93,1.33,4061200,5277800.0,2026-08-06,16:14:48
002188,中天服务,5.29,5.28,5.27,5.3,5.17,82648.0,43340000.0,17.3,13.61,59.96,4.8,3.21,4107400,4157400.0,2026-08-06,16:14:57
002189,中光学,18.77,18.81,18.67,18.96,18.4,38022.0,71090000.0,49.03,49.02,-22.29,11.73,1.46,1673600,2128600.0,2026-08-06,16:14:45
002190,成飞集成,23.44,23.43,23.3,23.7,23.1,51039.0,119310000.0,84.09,84.09,-129.41,1.93,1.42,2432500,2671400.0,2026-08-06,16:14:03
002191,劲嘉股份,3.74,3.75,3.73,3.76,3.72,85176.0,31830000.0,52.88,52.46,-14.06,0.89,0.61,4358300,4159300.0,2026-08-06,16:14:48
002192,融捷股份,66.95,67.56,67.38,68.4,65.91,151208.0,1013990000.0,173.84,173.48,32.38,4.55,5.84,7520400,7600400.0,2026-08-06,16:14:06
002193,ST如意,4.09,3.92,3.92,4.12,3.9,47983.0,19460000.0,10.7,10.7,-2.86,3.98,1.83,2755200,2043100.0,2026-08-06,16:14:51
002194,武汉凡谷,10.09,9.17,9.32,10.09,9.29,405276.0,400230000.0,68.94,51.55,-331.78,2.78,7.93,16454500,24073100.0,2026-08-06,16:15:00
002195,岩山科技,6.91,7.15,7.06,7.11,6.84,2722147.0,1897170000.0,391.56,388.05,478.9,3.97,4.85,100198800,172015800.0,2026-08-06,16:14:54
002196,方正电机,11.16,11.2,11.05,11.37,11.0,244996.0,273630000.0,55.34,54.51,116.08,3.88,5.02,11354100,13145500.0,2026-08-06,16:14:21
002197,证通电子,7.24,7.18,7.17,7.35,7.09,548797.0,397040000.0,44.48,38.66,-12.02,2.52,10.28,28677800,26201900.0,2026-08-06,16:14:57
002198,ST嘉应,3.37,3.39,3.4,3.43,3.28,59512.0,19860000.0,17.1,17.1,62.12,2.34,1.17,1823900,4127300.0,2026-08-06,16:14:24
002199,东晶电子,13.94,13.75,13.6,14.0,13.18,201225.0,275800000.0,33.94,32.19,-91.49,18.74,8.71,10267200,9855300.0,2026-08-06,16:14:51
002200,交投生态,6.84,6.93,6.88,7.0,6.74,36815.0,25210000.0,30.86,13.39,-327.66,2.37,1.88,1856400,1825100.0,2026-08-06,16:14:54
002201,九鼎新材,8.31,8.21,8.2,8.36,8.13,200003.0,165210000.0,54.15,50.03,60.31,4.61,3.32,9478600,10521700.0,2026-08-06,16:15:00
002202,金风科技,20.76,20.16,20.1,21.58,20.09,1757665.0,3662390000.0,876.86,698.26,28.16,2.21,5.23,85887300,89879300.0,2026-08-06,16:14:27
002203,海亮股份,19.22,19.43,19.43,19.57,18.87,300065.0,576370000.0,440.48,425.17,42.59,2.63,1.36,13632900,16373600.0,2026-08-06,16:14:30
002204,大连重工,5.34,5.4,5.4,5.42,5.3,189492.0,101380000.0,103.14,103.14,16.85,1.31,0.98,6741800,12207400.0,2026-08-06,16:14:09
002205,国统股份,10.43,10.25,10.3,10.45,10.16,24350.0,25230000.0,19.38,19.38,-20.86,7.55,1.31,1184700,1250300.0,2026-08-06,16:14:57
002206,海 利 得,5.42,5.36,5.34,5.43,5.33,160365.0,86230000.0,62.98,57.29,12.65,1.62,1.52,9276900,6759600.0,2026-08-06,16:14:03
002207,*ST准油,6.01,5.98,5.92,6.08,5.85,88392.0,52730000.0,15.75,15.67,-38.93,134.49,3.39,4591400,4247800.0,2026-08-06,16:14:03
002208,合肥城建,11.39,11.31,11.18,11.5,11.12,538614.0,610250000.0,91.49,91.47,-16.5,1.54,6.71,25039800,28821500.0,2026-08-06,16:14:12
002209,达 意 隆,10.8,10.76,10.71,10.93,10.62,26698.0,28790000.0,22.09,17.05,20.01,2.5,1.69,1230000,1439800.0,2026-08-06,16:14:33
002210,飞马国际,2.27,2.32,2.32,2.32,2.23,578910.0,131510000.0,60.41,60.27,217.4,6.45,2.18,18833100,39057900.0,2026-08-06,16:14:36
002211,ST宏达,3.96,3.85,3.8,4.14,3.8,164166.0,64730000.0,17.13,17.13,-178.72,35.48,3.8,7951500,8465100.0,2026-08-06,16:14:15
002212,天融信,7.36,6.69,6.67,7.36,6.64,817357.0,588990000.0,86.81,85.88,207.34,0.91,7.0,41297500,40438200.0,2026-08-06,16:14:06
002213,大为股份,29.32,28.86,28.74,29.88,28.3,263598.0,768550000.0,69.65,60.61,3677.6,12.62,12.75,12349700,14010000.0,2026-08-06,16:14:39
002214,大立科技,16.34,14.85,16.34,16.34,16.34,14778.0,24150000.0,97.82,78.17,-43.09,7.78,0.31,0,1477800.0,2026-08-06,16:14:18
002215,诺 普 信,9.12,9.18,9.18,9.22,9.02,146204.0,133160000.0,91.59,73.7,11.8,2.0,1.81,6809200,7811200.0,2026-08-06,16:14:42
002216,三全食品,12.85,12.98,12.97,13.05,12.72,65854.0,84530000.0,112.98,81.02,18.66,2.58,1.04,3041900,3543500.0,2026-08-06,16:14:21
002217,ST合力泰,1.52,1.56,1.55,1.56,1.51,1359340.0,208440000.0,113.69,110.65,584.02,6.07,1.87,39997300,95936700.0,2026-08-06,16:14:06
002218,拓日新能,4.14,4.19,4.18,4.19,4.05,501240.0,205950000.0,58.3,57.45,-29.37,1.48,3.61,19955800,30168100.0,2026-08-06,16:15:00
002219,新里程,2.1,2.1,2.11,2.12,2.06,526825.0,109940000.0,72.49,68.71,281.45,3.51,1.61,24077400,28605100.0,2026-08-06,16:14:09
002221,东华能源,5.64,5.71,5.71,5.72,5.58,164795.0,93080000.0,88.89,82.39,-10.94,0.89,1.13,7702900,8776600.0,2026-08-06,16:14:09
002222,福晶科技,59.55,58.21,58.21,60.68,57.07,380522.0,2245020000.0,280.03,278.78,95.28,15.72,8.13,18859700,19192500.0,2026-08-06,16:14:45
002223,鱼跃医疗,26.99,27.57,27.65,27.68,26.8,144045.0,389720000.0,270.57,254.32,21.05,2.07,1.53,5284800,9119700.0,2026-08-06,16:14:03
002224,三 力 士,3.53,3.49,3.5,3.53,3.46,84535.0,29560000.0,31.84,28.47,-218.83,0.99,1.05,4794200,3659300.0,2026-08-06,16:14:24
002225,濮耐股份,3.74,3.76,3.74,3.77,3.65,259956.0,96390000.0,43.36,35.48,85.64,1.06,2.74,12727600,13268000.0,2026-08-06,16:14:12
002226,江南化工,5.02,5.09,5.09,5.15,5.01,184584.0,93550000.0,132.98,132.98,18.08,1.4,0.7,7645000,10813400.0,2026-08-06,16:14:12
002227,*ST特迅,6.25,6.23,6.22,6.32,6.1,25725.0,15970000.0,15.49,15.37,-23.78,1.68,1.05,988200,1584300.0,2026-08-06,16:14:48
002228,合兴包装,3.12,3.11,3.1,3.13,3.07,150612.0,46700000.0,37.86,37.73,40.1,1.29,1.25,7031000,8030200.0,2026-08-06,16:14:51
002229,鸿博股份,10.81,11.01,10.89,11.05,10.66,311060.0,337190000.0,53.64,53.31,-20.47,5.01,6.31,13088800,18017100.0,2026-08-06,16:14:54
002230,科大讯飞,43.68,44.17,43.69,44.72,43.41,593361.0,2607090000.0,1049.23,956.58,121.59,4.64,2.71,27817000,31519100.0,2026-08-06,16:14:57
002231,*ST奥维,0.6,0.6,0.0,0.0,0.0,0.0,0.0,2.08,1.85,-1.1,2.54,0.0,0,0.0,2026-08-06,09:00:00
002232,启明信息,14.88,14.96,14.86,15.15,14.68,53167.0,79270000.0,60.79,60.79,127.55,4.33,1.3,2534700,2782000.0,2026-08-06,16:14:15
002233,塔牌集团,7.62,7.41,7.38,7.68,7.36,211301.0,159570000.0,89.47,89.43,21.4,0.76,1.8,9815300,11314800.0,2026-08-06,16:15:00
002234,民和股份,7.26,7.18,7.16,7.27,7.13,41720.0,30080000.0,25.33,21.88,-9.56,1.49,1.38,2412000,1760000.0,2026-08-06,16:14:18
002235,安妮股份,8.37,8.35,8.34,8.53,8.23,252745.0,211720000.0,48.51,46.33,-250.55,6.65,4.57,12396700,12877800.0,2026-08-06,16:14:03
002236,大华股份,17.02,17.18,17.03,17.23,16.92,332541.0,567000000.0,556.43,406.97,14.26,1.51,1.39,13868100,19385900.0,2026-08-06,16:14:21
002237,恒邦股份,13.9,13.98,14.33,14.4,13.77,471258.0,664900000.0,198.77,165.74,30.08,1.5,3.95,21574900,25550800.0,2026-08-06,16:14:06
002238,天威视讯,6.14,6.13,6.16,6.25,6.05,59176.0,36300000.0,49.28,49.28,-24.73,2.53,0.74,3110500,2807200.0,2026-08-06,16:14:27
002239,奥特佳,2.52,2.55,2.55,2.56,2.49,521474.0,131360000.0,88.54,82.31,46.68,1.42,1.6,20704200,31443200.0,2026-08-06,16:14:06
002240,盛新锂能,31.12,30.72,31.01,31.3,30.35,475143.0,1461700000.0,284.84,284.1,-105.77,2.65,5.2,23685100,23829200.0,2026-08-06,16:14:24
002241,歌尔股份,23.44,23.71,23.4,23.91,23.32,849706.0,1999120000.0,832.65,737.35,20.95,2.27,2.7,36659300,48311300.0,2026-08-06,16:14:15
002242,九阳股份,9.0,9.13,9.14,9.15,8.89,84674.0,76220000.0,68.67,68.55,69.36,2.04,1.11,4216700,4250700.0,2026-08-06,16:14:18
002243,力合科创,7.31,7.43,7.43,7.48,7.26,127484.0,93780000.0,88.5,88.02,50.26,1.22,1.06,5272200,7476200.0,2026-08-06,16:14:30
002244,滨江集团,8.56,8.63,8.57,8.72,8.46,271425.0,232720000.0,266.34,236.05,13.65,0.89,0.98,12347700,14794800.0,2026-08-06,16:14:27
002245,蔚蓝锂芯,16.99,16.79,16.7,17.32,16.46,757462.0,1284170000.0,290.13,272.96,37.94,3.76,4.71,38412900,37333400.0,2026-08-06,16:14:09
002246,北化股份,19.94,20.26,20.0,20.33,19.74,107540.0,215290000.0,109.48,109.48,35.8,3.52,1.96,4073300,6680700.0,2026-08-06,16:14:30
002247,聚力文化,2.27,2.21,2.24,2.27,2.21,309548.0,69470000.0,19.31,14.61,43.3,2.87,4.81,18001200,12953600.0,2026-08-06,16:14:12
002248,华东数控,9.12,8.97,8.92,9.13,8.86,118405.0,106820000.0,28.04,28.04,82.69,24.45,3.85,6807400,5033100.0,2026-08-06,16:14:21
002249,大洋电机,7.46,7.56,7.54,7.61,7.39,435011.0,325580000.0,184.04,139.04,16.77,1.9,2.33,19055900,24445200.0,2026-08-06,16:14:33
002250,联化科技,16.02,16.3,16.25,16.49,15.82,167922.0,270890000.0,144.16,143.38,34.81,2.17,1.88,8108600,8683700.0,2026-08-06,16:14:09
002251,步步高,3.68,3.78,3.77,3.78,3.63,919360.0,339710000.0,98.94,81.79,89.77,1.16,4.14,31672800,60263200.0,2026-08-06,16:14:15
002252,上海莱士,4.9,5.06,5.07,5.09,4.88,661306.0,326710000.0,323.04,322.82,24.35,1.01,1.0,21904000,44226600.0,2026-08-06,16:14:12
002253,川大智胜,10.03,10.11,10.13,10.3,9.89,58452.0,59070000.0,22.63,21.06,-9.11,2.67,2.78,3019500,2825700.0,2026-08-06,16:14:24
002254,泰和新材,12.35,12.24,12.16,12.42,12.08,234777.0,288260000.0,105.16,105.05,224.78,1.5,2.76,11584900,11892800.0,2026-08-06,16:14:27
002255,海陆重工,8.59,8.73,8.7,8.7,8.46,196015.0,168030000.0,71.37,54.8,15.98,1.56,3.07,7837400,11764100.0,2026-08-06,16:14:33
002256,兆新股份,3.38,3.43,3.45,3.46,3.32,423231.0,142710000.0,68.97,68.08,135.41,5.71,2.1,15228400,27094700.0,2026-08-06,16:14:18
002258,利尔化学,14.3,14.62,14.61,14.62,14.16,290687.0,416590000.0,114.46,114.28,25.97,1.46,3.64,11191400,17877300.0,2026-08-06,16:14:21
002259,升达林业,3.97,3.9,3.85,4.0,3.8,145869.0,56690000.0,29.87,29.87,15.13,6.52,1.94,7614500,6972400.0,2026-08-06,16:14:15
002261,拓维信息,27.4,27.81,27.47,27.86,27.01,514687.0,1414050000.0,345.23,314.03,576.84,13.26,4.49,23623600,27845100.0,2026-08-06,16:14:18
002262,恩华药业,21.43,21.62,21.6,21.79,21.22,112967.0,241840000.0,217.68,189.39,20.27,2.73,1.28,4723700,6573000.0,2026-08-06,16:14:36
002263,大东南,3.05,3.05,3.05,3.05,2.98,484672.0,146320000.0,57.29,57.29,316.09,2.06,2.58,20353400,28113700.0,2026-08-06,16:14:36
002264,新 华 都,6.63,6.7,6.62,6.74,6.51,191863.0,126650000.0,47.72,43.16,29.8,2.37,2.95,8631700,10554600.0,2026-08-06,16:14:30
002265,建设工业,18.75,19.23,19.35,19.48,18.61,157797.0,297610000.0,193.7,193.7,83.21,5.07,1.53,6658800,9120900.0,2026-08-06,16:14:21
002266,浙富控股,5.0,4.98,5.0,5.07,4.96,828502.0,415480000.0,260.96,242.13,18.01,2.12,1.71,37982300,44868000.0,2026-08-06,16:14:39
002267,陕天然气,7.16,7.21,7.21,7.24,7.1,70170.0,50230000.0,79.62,79.62,16.04,1.17,0.63,2709900,4307100.0,2026-08-06,16:14:42
002268,电科网安,14.81,14.73,14.62,15.05,14.55,182486.0,270160000.0,125.24,125.18,343.01,2.29,2.16,8478100,9770500.0,2026-08-06,16:14:39
002269,美邦服饰,1.44,1.43,1.43,1.47,1.4,642309.0,91950000.0,36.18,33.75,-14.23,16.9,2.74,30918200,33312700.0,2026-08-06,16:14:24
002270,华明装备,20.45,21.05,21.04,21.12,20.18,258596.0,531510000.0,183.28,183.28,26.13,5.87,2.89,11033700,14825800.0,2026-08-06,16:14:33
002271,东方雨虹,11.67,11.81,11.78,11.86,11.55,321924.0,375970000.0,278.76,223.42,86.37,1.36,1.68,11829800,20362600.0,2026-08-06,16:14:42
002272,川润股份,14.61,14.54,14.36,14.83,14.21,256835.0,373900000.0,70.84,59.63,-254.76,4.86,6.29,12102100,13581500.0,2026-08-06,16:14:36
002273,水晶光电,27.32,27.14,26.65,27.85,26.36,540703.0,1476000000.0,379.92,373.21,31.71,3.83,3.96,27415000,26655200.0,2026-08-06,16:14:39
002274,华昌化工,5.6,5.54,5.54,5.6,5.46,239723.0,132830000.0,53.33,52.52,-28.91,1.03,2.56,13057400,10914900.0,2026-08-06,16:14:42
002275,桂林三金,13.16,13.15,13.13,13.18,13.0,16676.0,21810000.0,77.32,73.31,17.08,2.46,0.3,774600,893000.0,2026-08-06,16:14:45
002276,万马股份,10.49,10.66,10.59,10.67,10.35,222009.0,233060000.0,106.06,105.64,32.28,1.75,2.2,8543100,13657800.0,2026-08-06,16:14:48
002277,友阿股份,5.81,5.82,5.83,5.84,5.71,178437.0,103060000.0,81.0,81.0,-24.64,1.27,1.28,8123300,9720400.0,2026-08-06,16:14:51
002278,神开股份,7.97,7.97,7.96,8.01,7.84,71021.0,56360000.0,30.97,28.6,87.79,2.24,1.98,3150200,3951900.0,2026-08-06,16:14:27
002279,久其软件,6.98,6.99,6.88,7.15,6.82,682583.0,478360000.0,60.18,55.53,80.25,4.31,8.58,31962000,36296300.0,2026-08-06,16:14:45
002281,光迅科技,175.49,171.55,165.39,180.0,162.0,507834.0,8787540000.0,1452.79,1379.93,140.22,10.5,6.46,26985000,23798400.0,2026-08-06,16:14:30
002282,博深股份,5.87,5.87,5.85,5.89,5.76,33744.0,19670000.0,30.93,29.64,23.39,0.87,0.67,1493400,1881000.0,2026-08-06,16:14:24
002283,天润工业,8.92,8.98,8.94,9.05,8.68,177900.0,157910000.0,101.64,89.45,24.5,1.69,1.77,8254300,9535700.0,2026-08-06,16:14:54
002284,亚太股份,9.51,9.7,9.61,9.68,9.41,224975.0,214620000.0,70.29,69.63,13.21,2.05,3.07,9817800,12679600.0,2026-08-06,16:14:57
002285,世联行,2.16,2.16,2.15,2.17,2.11,307104.0,65730000.0,43.05,42.67,-6.69,1.97,1.55,14280300,16430100.0,2026-08-06,16:14:48
002286,保龄宝,8.07,8.05,7.99,8.07,7.88,95783.0,76370000.0,30.66,29.83,19.86,1.36,2.59,4740100,4838200.0,2026-08-06,16:14:45
002287,奇正藏药,20.42,20.6,20.6,20.7,20.27,18359.0,37470000.0,116.83,116.59,17.49,2.43,0.32,651900,1184000.0,2026-08-06,16:14:33
002289,宇顺电子,33.7,32.36,32.09,33.91,31.71,57413.0,190720000.0,94.45,92.48,281.74,35.6,2.09,2937500,2803800.0,2026-08-06,16:14:27
002290,禾盛新材,57.2,56.35,55.55,58.0,54.56,67662.0,382160000.0,141.92,141.47,70.06,13.49,2.74,3101100,3665200.0,2026-08-06,16:15:00
002291,遥望科技,5.7,5.9,5.76,5.87,5.63,829482.0,475530000.0,53.3,49.54,-16.15,1.79,9.54,34095000,48853300.0,2026-08-06,16:14:30
002292,奥飞娱乐,8.16,8.31,8.3,8.38,8.1,504761.0,414250000.0,120.66,83.06,155.71,4.06,4.96,21623500,28852600.0,2026-08-06,16:14:36
002293,罗莱生活,11.16,11.21,11.2,11.26,11.01,55958.0,62280000.0,93.43,92.65,16.85,2.34,0.67,2730500,2865300.0,2026-08-06,16:14:03
002294,信立泰,33.85,34.35,34.5,34.69,33.68,245168.0,833780000.0,377.37,377.28,55.79,4.42,2.2,9980700,14536100.0,2026-08-06,16:14:33
002295,精艺股份,8.6,8.57,8.52,8.66,8.42,26288.0,22470000.0,21.55,21.54,-40.99,1.66,1.05,1308600,1320200.0,2026-08-06,16:14:39
002296,辉煌科技,9.08,9.04,8.99,9.1,8.9,101001.0,91150000.0,35.37,31.55,20.74,1.42,2.91,5372300,4727800.0,2026-08-06,16:14:36
002297,博云新材,18.72,17.86,17.8,19.15,17.74,853138.0,1578980000.0,107.29,107.29,55.54,4.75,14.89,39450900,45862900.0,2026-08-06,16:14:42
002298,中电鑫龙,8.56,8.78,8.75,8.85,8.42,700296.0,603390000.0,63.35,56.56,-15.0,3.4,10.6,28909600,41120000.0,2026-08-06,16:14:48
002299,圣农发展,16.63,16.64,16.67,16.73,16.48,68946.0,114380000.0,206.67,202.65,13.91,1.84,0.57,3178400,3716200.0,2026-08-06,16:14:51
002300,太阳电缆,7.26,7.39,7.34,7.41,7.14,355952.0,257720000.0,52.44,52.44,66.97,2.83,4.93,14570200,21025000.0,2026-08-06,16:14:06
002301,齐心集团,7.07,6.92,6.95,7.14,6.9,132240.0,93260000.0,51.19,50.76,68.7,1.65,1.84,7281600,5942400.0,2026-08-06,16:14:54
002302,西部建设,5.08,4.62,4.59,5.08,4.59,172629.0,85670000.0,64.13,64.13,-9.14,0.83,1.37,5731400,11531500.0,2026-08-06,16:14:45
002303,美盈森,5.59,5.23,5.24,5.61,5.1,1473767.0,788380000.0,85.6,54.05,35.38,1.96,15.24,84539300,62837400.0,2026-08-06,16:14:57
002304,洋河股份,40.88,41.29,41.39,41.48,40.6,76772.0,313970000.0,615.83,615.82,60.64,1.31,0.51,3073500,4603700.0,2026-08-06,16:14:51
002305,*ST南置,2.15,2.06,2.07,2.17,2.04,319860.0,67170000.0,37.29,37.28,-2.81,14.89,1.84,19097100,12888900.0,2026-08-06,16:14:48
002306,ST云网,1.87,1.85,1.85,1.92,1.84,93489.0,17490000.0,16.26,15.2,-28.91,23.45,1.15,4187300,5161600.0,2026-08-06,16:14:54
002307,北新路桥,3.12,3.1,3.08,3.19,3.08,435305.0,136220000.0,51.44,50.83,-54.35,1.19,2.67,19228800,24301600.0,2026-08-06,16:14:09
002309,中利集团,3.23,3.31,3.28,3.3,3.17,1740892.0,561310000.0,97.15,77.72,272.44,5.18,7.24,68451900,105637300.0,2026-08-06,16:14:39
002310,东方新能,2.48,2.55,2.53,2.54,2.44,1328921.0,329340000.0,148.78,109.1,-175.4,6.21,3.02,47768300,85123900.0,2026-08-06,16:14:42
002311,海大集团,47.58,46.99,47.17,47.74,46.8,90993.0,429990000.0,787.75,786.99,20.28,3.48,0.55,4724100,4375200.0,2026-08-06,16:15:00
002312,川发龙蟒,8.49,8.58,8.54,8.58,8.41,188791.0,160200000.0,160.27,159.94,39.93,1.68,1.0,8448900,10430200.0,2026-08-06,16:14:51
002313,日海智能,8.41,8.18,8.12,8.41,8.12,106328.0,88370000.0,31.49,31.48,-16.74,41.06,2.84,5999000,4633800.0,2026-08-06,16:14:12
002314,南山控股,2.14,2.11,2.1,2.16,2.08,328876.0,69790000.0,57.95,28.64,-2.46,0.86,2.46,18276400,14611200.0,2026-08-06,16:14:15
002315,焦点科技,27.52,28.15,28.41,28.7,27.38,121778.0,339120000.0,113.49,72.35,23.18,4.27,4.63,5538200,6639600.0,2026-08-06,16:14:45
002316,亚联发展,4.51,4.34,4.35,4.51,4.33,157854.0,69980000.0,17.73,15.37,424.22,22.64,4.63,8504600,7280800.0,2026-08-06,16:14:03
002317,众生药业,27.4,27.52,27.72,27.95,27.03,306278.0,842130000.0,232.88,208.68,79.49,5.84,4.02,14887300,15740500.0,2026-08-06,16:14:57
002318,久立特材,19.89,20.33,20.22,20.38,19.68,147358.0,293980000.0,194.36,189.76,12.83,2.39,1.54,5876800,8859000.0,2026-08-06,16:14:48
002319,乐通股份,11.35,10.73,10.73,11.8,10.73,265853.0,300600000.0,23.78,23.78,-617.09,13.3,12.69,14009100,12576200.0,2026-08-06,16:14:51
002320,海峡股份,6.8,6.88,6.87,6.89,6.72,146020.0,99240000.0,152.03,152.03,83.81,3.77,0.65,6054800,8547200.0,2026-08-06,16:14:18
002321,华英农业,1.93,1.91,1.92,1.94,1.87,217424.0,41410000.0,41.16,40.99,-65.26,4.47,1.02,12488100,9254300.0,2026-08-06,16:14:54
002322,理工能科,10.78,10.71,10.71,10.82,10.61,33692.0,36100000.0,39.4,37.88,19.18,1.39,0.96,1830800,1538400.0,2026-08-06,16:14:06
002323,*ST雅博,1.33,1.36,1.35,1.35,1.32,469762.0,62560000.0,28.21,28.2,-16.57,14.72,2.22,15609900,31366300.0,2026-08-06,16:14:57
002324,普利特,9.31,9.45,9.45,9.48,9.21,186462.0,174020000.0,103.56,72.27,33.84,2.24,2.4,8277900,10368300.0,2026-08-06,16:14:21
002326,永太科技,19.31,19.2,19.1,19.41,19.0,356421.0,685220000.0,178.64,156.75,372.28,6.43,4.39,17208800,18433300.0,2026-08-06,16:14:24
002327,富安娜,6.49,6.51,6.47,6.53,6.41,33967.0,21970000.0,54.12,31.86,15.69,1.58,0.69,1702800,1693900.0,2026-08-06,16:14:09
002328,新朋股份,7.06,6.92,6.9,7.25,6.86,553329.0,391000000.0,54.49,40.3,26.56,1.64,9.69,28635200,26697600.0,2026-08-06,16:15:00
002329,皇氏集团,3.21,3.29,3.3,3.32,3.17,458005.0,147250000.0,26.72,20.92,-5.94,5.36,7.03,17410600,28389900.0,2026-08-06,16:14:27
002330,得利斯,3.83,3.82,3.8,3.85,3.76,82995.0,31570000.0,24.33,24.33,-223.62,1.06,1.31,3935100,4364400.0,2026-08-06,16:14:30
002331,皖通科技,7.05,6.99,6.96,7.12,6.93,72525.0,50970000.0,30.2,28.35,-8.91,2.09,1.8,3605300,3647100.0,2026-08-06,16:15:00
002332,仙琚制药,8.46,8.6,8.63,8.64,8.45,105131.0,89430000.0,83.69,83.29,20.95,1.42,1.07,3797300,6715800.0,2026-08-06,16:14:03
002333,罗普斯金,5.47,5.36,5.33,5.5,5.31,147401.0,80000000.0,36.92,36.46,74.07,1.92,2.21,7978400,6761700.0,2026-08-06,16:14:54
002334,英威腾,6.7,6.76,6.73,6.77,6.6,94371.0,63150000.0,54.94,49.25,38.37,1.83,1.28,3817000,5620100.0,2026-08-06,16:14:12
002335,科华数据,30.99,31.6,31.21,31.45,30.66,232730.0,723080000.0,233.79,204.45,54.75,3.66,3.53,10922200,12350800.0,2026-08-06,16:14:06
002336,人乐退,0.36,0.36,0.0,0.0,0.0,0.0,0.0,1.58,1.58,4.55,-0.33,0.0,0,0.0,2026-08-06,09:00:00
002337,赛象科技,4.6,4.55,4.52,4.61,4.51,72241.0,33020000.0,27.08,27.05,53.9,2.05,1.23,3823100,3401000.0,2026-08-06,16:14:15
002338,奥普光电,42.17,41.92,41.16,42.5,41.1,72821.0,305130000.0,101.21,101.21,103.48,7.08,3.03,3564300,3717800.0,2026-08-06,16:14:57
002339,积成电子,7.3,7.38,7.38,7.38,7.18,136886.0,99560000.0,36.8,34.95,451.83,2.12,2.86,5686600,8001900.0,2026-08-06,16:15:00
002340,格林美,6.75,6.84,6.94,6.99,6.71,1656840.0,1134090000.0,344.41,342.63,21.64,1.61,3.26,64949400,100734600.0,2026-08-06,16:14:18
002342,巨力索具,8.23,8.08,8.02,8.29,7.99,612385.0,500690000.0,79.01,78.57,521.1,3.24,6.41,30315800,30922700.0,2026-08-06,16:14:03
002343,慈文传媒,5.17,5.2,5.2,5.32,5.08,112194.0,58170000.0,24.49,24.49,-73.68,2.56,2.37,5571400,5648000.0,2026-08-06,16:14:09
002344,海宁皮城,3.78,3.75,3.74,3.79,3.71,77159.0,28910000.0,48.48,48.43,100.75,0.58,0.6,4557700,3158200.0,2026-08-06,16:14:03
002345,潮宏基,10.69,10.65,11.03,11.2,10.63,344911.0,377270000.0,94.98,92.71,16.61,2.56,3.98,16248000,18243100.0,2026-08-06,16:14:21
002346,柘中股份,20.19,20.0,20.03,20.39,19.23,101064.0,201300000.0,89.15,79.17,31.97,3.32,2.58,4827100,5279300.0,2026-08-06,16:14:06
002347,泰尔股份,5.93,5.91,5.91,5.99,5.82,100565.0,59400000.0,29.93,29.26,-32.07,2.71,2.04,4684800,5371700.0,2026-08-06,16:14:06
002348,高乐股份,11.85,12.12,11.74,12.13,11.65,742833.0,880160000.0,117.69,107.07,-277.6,18.91,8.22,34982900,39300300.0,2026-08-06,16:14:09
002349,精华制药,6.66,6.68,6.7,6.73,6.6,87608.0,58250000.0,55.35,54.22,24.83,2.01,1.08,3267100,5493700.0,2026-08-06,16:14:09
002350,北京科锐,16.37,16.14,16.29,16.44,15.6,238419.0,381060000.0,88.78,86.85,442.32,5.0,4.49,13295300,10546500.0,2026-08-06,16:14:33
002351,漫步者,10.25,10.36,10.35,10.36,10.21,67623.0,69450000.0,91.13,53.41,21.14,3.14,1.3,2828800,3933500.0,2026-08-06,16:14:36
002352,顺丰控股,33.72,34.01,34.02,34.14,33.67,173039.0,585460000.0,1775.46,1618.26,15.56,1.81,0.36,6779800,10524100.0,2026-08-06,16:14:12
002353,杰瑞股份,144.57,148.99,146.0,151.97,142.8,164585.0,2413960000.0,1480.19,999.03,52.81,6.5,2.38,8147200,8311300.0,2026-08-06,16:14:12
002354,天娱数科,8.1,7.92,7.99,8.23,7.84,4414021.0,3535210000.0,134.02,131.68,-561.9,9.75,27.15,220653200,220748900.0,2026-08-06,16:14:39
002355,兴民智通,5.04,4.94,5.27,5.43,4.98,1061679.0,555100000.0,33.69,31.16,-5.37,4.12,17.17,41672300,64495600.0,2026-08-06,16:14:15
002356,鹏飞绿能,2.71,2.7,2.7,2.72,2.65,166336.0,44630000.0,35.53,35.53,97.31,5.93,1.27,8241200,8392400.0,2026-08-06,16:14:18
002357,富临运业,8.97,8.94,8.89,8.97,8.78,54520.0,48450000.0,28.12,28.12,16.47,1.59,1.74,2389200,3062800.0,2026-08-06,16:14:24
002358,森源电气,5.63,5.73,5.7,5.71,5.55,238375.0,133830000.0,52.35,52.35,53.14,1.57,2.56,9298900,14538600.0,2026-08-06,16:14:42
002360,ST同德,5.19,5.17,5.15,5.21,5.13,31897.0,16480000.0,20.85,16.89,-1.87,2.27,0.98,1463800,1725900.0,2026-08-06,16:14:12
002361,神剑股份,11.7,11.41,11.41,12.3,11.32,2218162.0,2631120000.0,111.27,94.66,-2899.82,5.08,27.42,113670700,108145600.0,2026-08-06,16:14:21
002362,汉王科技,16.08,16.23,16.18,16.47,15.91,57986.0,93820000.0,39.31,33.38,-17.51,4.33,2.79,2940100,2858500.0,2026-08-06,16:14:27
002363,隆基机械,6.44,6.41,6.4,6.45,6.31,51850.0,33120000.0,26.85,26.77,40.86,1.25,1.25,2583500,2601500.0,2026-08-06,16:14:24
002364,中恒电气,38.54,39.01,38.49,39.34,37.64,238881.0,920480000.0,217.2,215.09,165.78,8.88,4.28,10152200,13735900.0,2026-08-06,16:14:30
002365,永安药业,12.91,12.75,12.97,13.14,12.5,280082.0,358570000.0,38.04,31.67,109.96,1.93,11.42,14154300,13853900.0,2026-08-06,16:14:15
002366,融发核电,6.4,6.74,6.53,6.63,6.36,1407422.0,908980000.0,133.18,118.42,-179.59,2.87,7.61,56544900,84197300.0,2026-08-06,16:14:18
002367,康力电梯,5.42,5.41,5.41,5.44,5.34,75613.0,40840000.0,43.24,43.07,14.52,1.22,0.95,3477700,4083600.0,2026-08-06,16:14:27
002368,太极股份,14.76,14.98,14.8,15.19,14.64,96837.0,144280000.0,91.99,91.54,-10.39,2.31,1.56,4345300,5338400.0,2026-08-06,16:14:33
002369,卓翼科技,6.27,5.7,5.75,6.27,5.71,274980.0,169190000.0,35.55,35.5,-14.4,19.01,4.86,9134600,18363400.0,2026-08-06,16:14:15
002370,亚太药业,5.13,5.09,5.09,5.15,5.05,198052.0,100940000.0,38.25,38.25,37.68,3.42,2.66,10611100,9194100.0,2026-08-06,16:14:45
002371,北方华创,742.5,734.2,717.5,764.68,709.0,107590.0,7971140000.0,5388.24,5383.94,96.63,13.91,1.48,5546300,5212700.0,2026-08-06,16:14:21
002372,伟星新材,8.61,8.65,8.65,8.69,8.52,126161.0,108360000.0,137.07,126.64,18.36,3.08,0.86,5827500,6788600.0,2026-08-06,16:14:36
002373,千方科技,8.01,8.15,8.08,8.18,7.99,224589.0,181350000.0,126.57,110.35,247.24,1.1,1.63,9408100,13050800.0,2026-08-06,16:14:39
002374,中锐股份,3.14,3.1,3.11,3.14,3.06,228347.0,70920000.0,34.08,34.08,-10.51,6.37,2.1,12494100,10340600.0,2026-08-06,16:14:42
002375,亚厦股份,3.52,3.53,3.52,3.53,3.47,123061.0,43100000.0,47.17,46.85,14.34,0.58,0.92,6473900,5832100.0,2026-08-06,16:14:24
002376,新北洋,6.99,6.35,6.99,6.99,6.74,383085.0,266860000.0,56.66,55.02,71.01,1.55,4.87,9808400,28500100.0,2026-08-06,16:14:45
002377,国创高新,2.63,2.6,2.59,2.63,2.57,183016.0,47610000.0,24.1,22.94,106.55,6.06,2.1,9217300,9084300.0,2026-08-06,16:14:27
002378,章源钨业,26.37,25.21,26.02,27.0,25.53,890703.0,2325950000.0,316.81,315.15,50.35,12.3,7.45,42752900,46317300.0,2026-08-06,16:14:30
002379,宏桥控股,18.86,18.84,19.15,19.2,18.51,623259.0,1171780000.0,2457.67,214.32,12.47,5.01,5.48,29696500,32629400.0,2026-08-06,16:14:18
002380,科远智慧,29.35,29.49,29.18,29.81,28.98,61398.0,180170000.0,70.44,41.74,45.67,2.95,4.32,2822500,3317300.0,2026-08-06,16:14:21
002381,双箭股份,5.36,5.3,5.31,5.37,5.23,41307.0,21930000.0,22.06,17.26,38.92,1.04,1.28,2406100,1724600.0,2026-08-06,16:14:48
002382,蓝帆医疗,5.88,5.93,5.95,5.98,5.82,120604.0,70810000.0,59.25,58.67,-7.04,0.86,1.21,5223800,6836600.0,2026-08-06,16:14:51
002383,合众思壮,7.07,7.01,7.0,7.18,6.93,123328.0,86950000.0,52.34,52.34,-32.62,3.49,1.67,5818700,6514200.0,2026-08-06,16:14:33
002384,东山精密,187.68,188.83,180.0,195.55,178.99,859291.0,16095180000.0,3437.56,2601.85,168.5,15.19,6.2,41720600,44208500.0,2026-08-06,16:14:36
002385,大北农,3.03,3.04,3.04,3.05,2.97,912373.0,274820000.0,130.29,104.95,-13.7,1.76,2.63,39999700,51237600.0,2026-08-06,16:14:39
002386,天原股份,5.92,5.85,5.84,6.0,5.81,223846.0,132460000.0,77.06,77.04,50.37,1.01,1.72,11621500,10763100.0,2026-08-06,16:14:42
002387,维信诺,7.18,7.12,7.12,7.19,7.02,156795.0,111700000.0,100.29,100.16,-4.04,3.85,1.12,8299900,7379600.0,2026-08-06,16:14:45
002388,新亚制程,5.02,4.91,4.91,5.09,4.84,483556.0,240390000.0,25.64,25.41,-82.45,2.67,9.55,26143000,22212600.0,2026-08-06,16:14:54
002389,航天彩虹,18.95,18.47,18.75,19.34,18.75,404686.0,769690000.0,186.64,186.61,117.45,2.32,4.11,19372300,21096300.0,2026-08-06,16:14:24
002390,信邦制药,2.93,2.94,2.94,2.95,2.89,197552.0,57700000.0,56.95,56.48,44.6,0.85,1.02,10631400,9123800.0,2026-08-06,16:14:30
002391,长青股份,5.28,5.26,5.26,5.28,5.2,54490.0,28600000.0,34.3,24.5,62.85,0.83,1.17,2765900,2683100.0,2026-08-06,16:14:33
002392,北京利尔,7.37,7.43,7.42,7.5,7.28,141536.0,104480000.0,87.74,85.31,21.67,1.48,1.22,5801500,8352100.0,2026-08-06,16:14:57
002393,力生制药,14.28,14.43,14.47,14.49,14.14,22685.0,32370000.0,44.02,42.87,10.66,0.99,0.76,961400,1307100.0,2026-08-06,16:14:27
002394,联发股份,9.63,9.14,9.2,9.65,9.04,70888.0,67080000.0,31.17,31.12,12.88,0.75,2.19,4454500,2634300.0,2026-08-06,16:14:48
002395,双象股份,12.35,12.33,12.3,12.4,12.15,20684.0,25410000.0,33.12,33.12,20.17,2.21,0.77,926300,1142100.0,2026-08-06,16:14:51
002396,星网锐捷,29.02,28.7,27.98,29.4,27.61,1072316.0,3073890000.0,220.71,219.8,54.64,3.21,14.16,51993400,55238100.0,2026-08-06,16:15:00
002397,梦洁股份,3.52,3.52,3.51,3.54,3.46,131758.0,46170000.0,26.32,22.8,47.08,2.15,2.03,6346700,6829100.0,2026-08-06,16:14:30
002398,垒知集团,4.08,4.03,4.03,4.08,3.98,107467.0,43310000.0,28.08,24.47,62.04,0.79,1.79,5605600,5141100.0,2026-08-06,16:14:33
002399,海普瑞,9.69,9.71,9.71,9.85,9.57,49770.0,48300000.0,142.18,120.85,37.37,1.19,0.4,2236700,2740300.0,2026-08-06,16:14:36
002400,省广集团,6.93,7.13,6.99,7.18,6.83,1264852.0,882510000.0,120.81,119.62,151.8,2.41,7.33,45741900,80743400.0,2026-08-06,16:14:39
002401,中远海科,12.57,12.6,12.57,12.86,12.44,43803.0,55410000.0,46.72,46.68,132.21,2.83,1.18,2172300,2208100.0,2026-08-06,16:14:54
002402,和而泰,21.33,21.65,21.31,21.67,21.08,292685.0,625750000.0,196.96,174.58,29.66,2.94,3.58,11953800,17314700.0,2026-08-06,16:14:48
002403,爱仕达,9.57,9.39,9.43,9.71,9.38,50665.0,48330000.0,32.6,28.44,-13.97,2.36,1.7,2460500,2606000.0,2026-08-06,16:14:03
002404,嘉欣丝绸,5.94,5.89,5.85,5.96,5.85,92954.0,54940000.0,33.27,27.06,17.93,1.75,2.04,4504600,4790800.0,2026-08-06,16:14:36
002405,四维图新,6.73,6.88,6.85,6.96,6.68,613825.0,417250000.0,159.51,158.54,142.99,1.81,2.61,25524700,35857800.0,2026-08-06,16:14:42
002406,远东传动,6.83,6.8,6.78,6.88,6.74,119664.0,81480000.0,49.87,41.13,28.86,1.28,1.99,5459700,6506700.0,2026-08-06,16:14:45
002407,多氟多,36.09,32.81,32.41,36.09,32.4,2235992.0,7607950000.0,429.63,389.33,82.06,5.03,20.73,112996300,110602900.0,2026-08-06,16:14:06
002408,齐翔腾达,5.05,5.08,5.05,5.1,5.01,200555.0,101430000.0,143.57,138.93,-21.38,1.31,0.73,8913300,11142200.0,2026-08-06,16:14:51
002409,雅克科技,145.01,140.62,135.03,148.17,135.02,386812.0,5524030000.0,690.14,461.89,68.55,8.68,12.14,19282400,19398800.0,2026-08-06,16:14:54
002410,广联达,9.6,9.74,9.66,9.87,9.49,382873.0,369070000.0,158.59,150.73,38.73,2.78,2.44,16353700,21933600.0,2026-08-06,16:14:09
002412,汉森制药,7.0,7.0,6.92,7.06,6.89,283638.0,197690000.0,35.22,34.85,15.64,1.55,5.7,14166800,14197000.0,2026-08-06,16:14:57
002413,雷科防务,8.69,8.45,8.46,9.23,8.43,1233153.0,1078800000.0,114.65,112.57,-181.35,3.49,9.52,60510200,62805100.0,2026-08-06,16:14:57
002414,高德红外,13.49,13.58,13.43,13.7,13.24,805133.0,1086200000.0,576.12,458.47,59.48,7.78,2.37,35549100,44964200.0,2026-08-06,16:15:00
002415,海康威视,37.45,38.44,38.09,38.15,37.12,1017034.0,3817620000.0,3432.24,3387.76,20.89,4.07,1.12,44491300,57212100.0,2026-08-06,16:15:00
002416,爱施德,9.72,9.84,9.8,9.9,9.66,150297.0,146430000.0,120.46,118.96,32.02,2.25,1.23,6557000,8472700.0,2026-08-06,16:14:03
002418,康盛股份,3.75,3.69,3.66,3.78,3.64,445242.0,165220000.0,42.62,42.61,245.4,2.93,3.92,22798600,21725600.0,2026-08-06,16:14:12
002419,天虹股份,4.56,4.57,4.59,4.59,4.49,92607.0,41990000.0,52.04,52.04,64.84,1.33,0.81,5016700,4244000.0,2026-08-06,16:14:48
002420,毅昌科技,5.67,5.63,5.62,5.77,5.57,82769.0,46890000.0,23.32,22.95,11.72,2.76,2.05,3925300,4351600.0,2026-08-06,16:14:39
002421,达实智能,3.44,3.53,3.46,3.63,3.35,4750880.0,1644070000.0,72.95,68.92,-11.62,2.69,23.71,223207700,251880300.0,2026-08-06,16:14:06
002422,科伦药业,42.51,42.9,42.9,43.3,41.92,266341.0,1132710000.0,676.24,552.04,43.03,2.85,2.05,12750800,13883300.0,2026-08-06,16:14:03
002423,中粮资本,9.21,9.19,9.17,9.24,9.08,149427.0,137030000.0,212.21,212.21,20.99,0.9,0.65,6855800,8086900.0,2026-08-06,16:14:42
002424,ST百灵,4.53,4.6,4.58,4.59,4.51,76634.0,34850000.0,63.31,52.18,-63.09,1.99,0.67,2323600,5339800.0,2026-08-06,16:14:15
002425,凯撒文化,3.82,3.47,3.82,3.82,3.66,1100811.0,418960000.0,36.54,35.15,-6.65,1.47,11.96,18297100,91784000.0,2026-08-06,16:14:45
002426,胜利精密,2.77,2.74,2.74,2.78,2.7,950636.0,260810000.0,94.25,94.25,-12.35,5.74,2.79,45531600,49532000.0,2026-08-06,16:14:48
002427,尤夫股份,4.36,4.36,4.36,4.39,4.26,103304.0,44770000.0,42.96,42.92,338.13,4.54,1.05,4542800,5787700.0,2026-08-06,16:14:18
002428,云南锗业,90.98,82.71,89.0,90.98,88.0,781574.0,7063060000.0,594.21,594.13,3118.59,40.63,11.97,30957600,47199700.0,2026-08-06,16:14:09
002429,兆驰股份,8.01,7.99,7.8,8.14,7.79,745233.0,595330000.0,362.61,362.4,30.77,2.19,1.65,32722400,41801000.0,2026-08-06,16:14:51
002430,杭氧股份,24.33,24.15,23.91,24.52,23.86,192492.0,465720000.0,238.03,237.93,24.1,2.43,1.97,9129000,10120300.0,2026-08-06,16:14:51
002431,ST棕榈,1.33,1.37,1.35,1.36,1.31,261625.0,34810000.0,23.97,23.97,-2.07,8.07,1.45,8189400,17973100.0,2026-08-06,16:14:06
002432,九安医疗,71.37,69.69,68.5,73.45,68.49,460603.0,3270610000.0,332.51,332.06,14.49,1.59,9.9,21802000,24258200.0,2026-08-06,16:14:54
002434,万里扬,5.78,5.9,5.93,5.94,5.7,210214.0,121960000.0,75.87,75.79,37.15,1.3,1.6,8482400,12539000.0,2026-08-06,16:14:54
002436,兴森科技,31.53,30.51,29.66,32.2,29.59,1154044.0,3584880000.0,535.91,478.6,371.34,10.14,7.6,58012500,57391800.0,2026-08-06,16:14:09
002437,誉衡药业,2.84,2.92,2.93,2.94,2.82,685718.0,196390000.0,63.33,59.64,15.39,2.65,3.27,24945200,43626600.0,2026-08-06,16:14:12
002438,江苏神通,14.44,15.29,14.63,15.01,14.44,220480.0,323620000.0,73.29,67.71,26.04,1.98,4.7,8545100,13503000.0,2026-08-06,16:14:12
002439,启明星辰,14.68,14.29,14.2,14.86,14.12,581708.0,842150000.0,177.83,106.96,-33.86,1.63,7.98,31468400,26702400.0,2026-08-06,16:14:15
002440,闰土股份,13.04,13.05,12.96,13.38,12.67,540374.0,704180000.0,146.57,123.41,18.2,1.48,5.71,24259400,29778000.0,2026-08-06,16:14:18
002441,众业达,7.96,8.02,8.03,8.04,7.86,45089.0,35790000.0,43.35,31.72,23.45,0.99,1.13,2032000,2476900.0,2026-08-06,16:14:15
002442,龙星科技,4.98,4.97,4.94,5.0,4.87,95607.0,47220000.0,25.07,24.48,126.49,1.36,1.95,4242600,5318100.0,2026-08-06,16:14:18
002443,金洲管道,8.48,8.4,8.37,8.53,8.32,168487.0,142080000.0,44.14,44.14,29.16,1.27,3.24,8581900,8266900.0,2026-08-06,16:14:57
002444,巨星科技,30.34,30.22,30.19,30.97,30.05,112262.0,341720000.0,362.4,347.92,14.13,1.94,0.98,4632000,6594200.0,2026-08-06,16:14:21
002445,中南文化,2.99,2.98,2.99,3.04,2.93,507865.0,151660000.0,71.06,70.75,135.5,3.11,2.15,22687700,28098800.0,2026-08-06,16:14:57
002446,盛路通信,8.87,8.27,8.25,8.95,8.16,651568.0,565220000.0,81.2,75.2,116.73,3.19,7.69,36351900,28805000.0,2026-08-06,16:14:21
002448,中原内配,12.25,12.22,12.12,12.3,12.03,190267.0,231350000.0,72.08,71.11,14.51,1.89,3.28,9082400,9944300.0,2026-08-06,16:14:24
002449,国星光电,6.42,6.42,6.39,6.43,6.3,87008.0,55530000.0,39.71,39.71,-62.76,1.06,1.41,3579800,5121100.0,2026-08-06,16:14:27
002451,摩恩电气,7.34,7.32,7.3,7.37,7.21,108336.0,79000000.0,32.35,32.23,242.42,4.22,2.47,4769300,6064300.0,2026-08-06,16:14:21
002452,长高电气,11.53,11.5,11.48,11.54,11.32,123316.0,140920000.0,71.52,59.71,19.55,2.63,2.38,5701600,6630000.0,2026-08-06,16:15:00
002453,华软科技,4.4,4.33,4.31,4.4,4.29,104068.0,45200000.0,35.74,26.52,-13.07,4.79,1.73,4919900,5486900.0,2026-08-06,16:14:30
002454,松芝股份,5.05,5.04,5.05,5.09,4.98,97531.0,49140000.0,44.39,44.31,19.68,1.12,1.11,5095500,4657500.0,2026-08-06,16:15:00
002455,百川股份,7.05,6.94,6.96,7.05,6.83,347043.0,241250000.0,50.93,46.59,-38.75,1.86,5.25,16117400,18586900.0,2026-08-06,16:14:24
002456,欧菲光,7.99,7.87,7.8,8.04,7.67,1375338.0,1077840000.0,279.32,265.08,-190.2,5.36,4.15,69896500,67637300.0,2026-08-06,16:14:03
002457,青龙管业,10.86,11.11,10.98,10.98,10.74,239487.0,260160000.0,36.22,36.19,28.15,1.45,7.19,8415100,15533600.0,2026-08-06,16:14:06
002458,益生股份,9.01,8.95,8.97,9.04,8.88,305277.0,273730000.0,128.95,87.07,27.62,2.78,3.16,15574500,14953200.0,2026-08-06,16:14:03
002459,晶澳科技,7.65,7.78,7.75,7.84,7.59,428860.0,329810000.0,253.19,252.97,-6.27,1.22,1.3,17025600,25860500.0,2026-08-06,16:14:06
002460,赣锋锂业,52.24,52.98,52.75,53.25,51.65,407788.0,2136530000.0,1095.31,632.74,28.78,2.37,3.37,18311000,22467800.0,2026-08-06,16:14:09
002461,珠江啤酒,8.81,8.84,8.85,8.9,8.74,61847.0,54440000.0,194.99,194.99,21.06,1.81,0.28,3007800,3176900.0,2026-08-06,16:14:33
002462,嘉事堂,11.87,11.82,11.78,11.92,11.72,27381.0,32390000.0,34.63,34.6,33.52,0.79,0.94,1298400,1439700.0,2026-08-06,16:14:36
002463,沪电股份,117.2,115.6,112.74,121.87,112.01,589491.0,6909110000.0,2255.35,2253.53,52.43,14.25,3.07,29891800,29057300.0,2026-08-06,16:14:27
002465,海格通信,10.7,10.63,10.53,10.78,10.5,622533.0,663240000.0,265.56,265.13,-32.14,2.36,2.51,29883900,32369400.0,2026-08-06,16:14:09
002466,天齐锂业,47.18,47.77,47.49,47.9,46.5,460446.0,2174560000.0,808.3,696.25,36.18,1.74,3.12,20088300,25956200.0,2026-08-06,16:14:12
002467,二六三,4.86,4.88,4.84,4.92,4.77,463747.0,224720000.0,66.84,66.43,-21.38,4.28,3.39,20911500,25463200.0,2026-08-06,16:14:12
002468,申通快递,13.92,14.01,13.93,14.08,13.56,322663.0,445320000.0,213.09,205.5,13.39,1.9,2.19,14004800,18261500.0,2026-08-06,16:14:15
002469,三维化学,5.9,5.83,5.82,5.9,5.75,54029.0,31460000.0,38.28,37.08,28.58,1.52,0.86,2850500,2552400.0,2026-08-06,16:14:15
002470,金正大,1.95,1.98,1.97,1.98,1.91,800673.0,155390000.0,64.08,64.07,172.1,3.01,2.44,28660700,51406600.0,2026-08-06,16:14:39
002471,中超控股,5.75,5.78,5.75,5.87,5.64,735101.0,422180000.0,78.7,77.28,-1101.37,4.36,5.47,31980300,41529800.0,2026-08-06,16:14:24
002472,双环传动,39.14,39.72,39.35,39.87,38.81,238457.0,937440000.0,332.69,293.0,26.2,3.3,3.19,10169000,13676600.0,2026-08-06,16:14:42
002474,榕基软件,6.66,6.44,6.37,6.69,6.36,351862.0,229190000.0,41.44,35.22,-63.48,3.14,6.65,19736800,15449400.0,2026-08-06,16:14:27
002475,立讯精密,55.9,55.87,54.15,57.95,53.7,1720575.0,9587820000.0,4318.43,4094.72,25.08,4.94,2.35,86924800,85132600.0,2026-08-06,16:14:18
002476,新叶股份,4.55,4.51,4.51,4.56,4.46,71301.0,32200000.0,27.85,27.85,92.67,2.89,1.17,4098100,3032000.0,2026-08-06,16:14:30
002478,常宝股份,6.32,6.41,6.38,6.46,6.23,137261.0,86830000.0,56.93,45.68,13.0,0.97,1.9,5321400,8404700.0,2026-08-06,16:14:30
002479,富春环保,5.59,5.54,5.55,5.72,5.51,209425.0,117540000.0,48.35,48.25,22.92,1.15,2.43,10808400,10134100.0,2026-08-06,16:14:33
002480,新筑股份,5.52,5.62,5.67,5.67,5.45,99182.0,54940000.0,42.46,42.37,-22.54,5.26,1.29,4242400,5675800.0,2026-08-06,16:14:33
002481,双塔食品,4.15,4.16,4.15,4.17,4.07,80567.0,33250000.0,51.2,46.4,132.28,2.11,0.72,3618600,4438200.0,2026-08-06,16:14:36
002482,广田集团,1.27,1.27,1.26,1.27,1.24,431472.0,54160000.0,47.64,47.55,-40.54,10.71,1.15,23275100,19872100.0,2026-08-06,16:14:36
002483,润邦股份,5.18,5.26,5.27,5.27,5.09,144982.0,74850000.0,45.92,45.86,12.8,1.03,1.64,6315800,8182400.0,2026-08-06,16:14:39
002484,江海股份,65.09,64.24,62.0,66.07,61.04,426091.0,2730740000.0,553.61,534.05,80.87,8.92,5.19,19308300,23300800.0,2026-08-06,16:14:21
002485,ST雪发,5.9,5.36,5.37,5.9,5.29,57682.0,32410000.0,32.1,32.1,-16.19,3.16,1.06,3238400,2529800.0,2026-08-06,16:14:24
002486,嘉麟杰,2.37,2.31,2.31,2.37,2.3,240490.0,56180000.0,19.54,19.44,50.95,1.83,2.93,15229700,8819300.0,2026-08-06,16:14:42
002487,大金重工,41.76,42.56,42.02,42.35,41.31,247740.0,1035070000.0,309.06,263.47,23.65,3.57,3.93,11378300,13395700.0,2026-08-06,16:14:27
002488,金固股份,9.07,9.18,9.06,9.32,9.01,233755.0,214080000.0,90.29,83.45,158.31,2.61,2.54,9890400,13485200.0,2026-08-06,16:14:45
002489,浙江永强,2.73,2.75,2.75,2.76,2.69,173346.0,47150000.0,59.21,52.23,23.82,1.33,0.91,7104900,10229700.0,2026-08-06,16:14:18
002490,山东墨龙,7.67,7.51,7.5,7.67,7.46,473917.0,359590000.0,63.16,41.55,1188.12,12.54,8.75,24372000,23019700.0,2026-08-06,16:14:21
002491,通鼎互联,16.52,16.06,15.9,16.75,15.73,2048438.0,3330510000.0,203.2,194.35,-129.62,8.06,17.41,100317600,104526200.0,2026-08-06,16:14:39
002492,恒基达鑫,5.62,5.53,5.53,5.64,5.44,64204.0,35820000.0,22.76,22.36,-34.73,1.4,1.61,2900800,3519600.0,2026-08-06,16:14:24
002493,荣盛石化,13.14,12.39,12.47,13.18,12.38,910308.0,1179630000.0,1312.61,1227.02,42.68,2.89,0.97,53601000,37429800.0,2026-08-06,16:14:30
002494,华斯股份,4.66,4.59,4.59,4.67,4.55,98769.0,45650000.0,17.58,13.36,63.63,1.4,3.44,5067400,4809500.0,2026-08-06,16:14:48
002495,佳隆股份,2.29,2.29,2.28,2.3,2.25,188615.0,42980000.0,21.43,15.89,108.83,1.95,2.72,8760000,10101500.0,2026-08-06,16:14:51
002496,辉丰股份,2.04,2.04,2.02,2.06,1.99,206633.0,41820000.0,30.75,24.1,-13.4,2.76,1.75,8148500,12514700.0,2026-08-06,16:14:33
002497,雅化集团,18.23,18.4,18.39,18.49,18.0,365089.0,666560000.0,210.11,193.16,23.64,1.92,3.45,15423100,21085800.0,2026-08-06,16:14:36
002498,汉缆股份,6.83,7.25,7.1,7.12,6.75,1929793.0,1326880000.0,227.22,227.22,39.8,2.62,5.8,75386900,117592400.0,2026-08-06,16:14:39
002500,山西证券,5.36,5.42,5.41,5.42,5.33,160680.0,86260000.0,192.41,192.41,20.69,1.04,0.45,6557000,9511000.0,2026-08-06,16:14:42
002501,*ST利源,1.32,1.33,1.32,1.36,1.31,398429.0,53090000.0,46.86,46.81,-27.51,29.21,1.12,19107100,20735800.0,2026-08-06,16:14:42
002506,协鑫集成,2.69,2.76,2.73,2.75,2.65,2190782.0,590530000.0,157.37,157.22,-13.63,16.72,3.75,79623700,139454500.0,2026-08-06,16:14:27
002507,涪陵榨菜,11.53,11.75,11.75,11.79,11.48,158452.0,183410000.0,133.05,132.68,17.32,1.52,1.38,5792300,10052900.0,2026-08-06,16:14:54
002508,老板电器,15.44,15.71,15.68,15.73,15.36,94205.0,145980000.0,145.9,144.14,11.93,1.29,1.01,3199100,6221400.0,2026-08-06,16:14:45
002510,天汽模,5.67,5.76,5.72,5.75,5.57,207196.0,117280000.0,57.56,56.97,96.2,2.27,2.06,7933400,12786200.0,2026-08-06,16:14:45
002511,中顺洁柔,7.24,7.34,7.36,7.36,7.18,115970.0,84000000.0,92.75,91.59,26.16,1.69,0.92,4210100,7386900.0,2026-08-06,16:14:30
002512,ST达华,3.7,3.82,3.78,3.81,3.63,369976.0,137660000.0,40.79,40.49,-32.19,13.71,3.38,12741100,24256500.0,2026-08-06,16:14:57
002513,蓝丰生化,5.11,4.98,4.99,5.11,4.97,86518.0,43670000.0,19.19,14.77,-10.48,47.88,2.99,4047300,4604500.0,2026-08-06,16:14:45
002514,*ST宝馨,2.03,2.09,2.12,2.14,1.98,435321.0,89640000.0,14.62,11.25,-7.19,-27.69,7.86,18524500,25007600.0,2026-08-06,16:15:00
002515,金字火腿,7.11,6.91,6.85,7.17,6.8,609744.0,429390000.0,86.07,78.34,-1497.95,3.32,5.53,32269100,28705300.0,2026-08-06,16:14:48
002516,旷达科技,5.4,5.51,5.39,5.47,5.33,207140.0,111630000.0,79.43,78.87,40.75,2.14,1.42,8583900,12130100.0,2026-08-06,16:14:03
002517,恺英网络,17.9,18.38,18.28,18.62,17.77,987427.0,1785570000.0,382.42,338.15,17.66,3.77,5.23,43421600,55321100.0,2026-08-06,16:14:48
002518,科士达,33.53,33.65,33.44,33.8,32.84,108950.0,363310000.0,195.22,189.5,30.58,4.14,1.93,5065500,5829500.0,2026-08-06,16:14:48
002519,银河电子,5.53,5.54,5.52,5.63,5.41,361478.0,199460000.0,62.29,61.8,-94.69,2.81,3.23,17397600,18750300.0,2026-08-06,16:14:51
002520,日发精机,5.72,5.68,5.63,5.76,5.59,278780.0,158550000.0,42.91,41.04,-33.87,14.5,3.89,12782000,15096000.0,2026-08-06,16:14:51
002521,齐峰新材,6.9,6.96,6.97,7.0,6.83,36732.0,25380000.0,38.64,28.92,21.83,0.99,0.88,1832000,1841200.0,2026-08-06,16:14:33
002522,浙江众成,5.02,5.04,5.04,5.09,4.94,281597.0,141160000.0,45.47,45.43,77.12,1.97,3.11,12726900,15432800.0,2026-08-06,16:14:36
002523,天桥起重,3.29,3.32,3.32,3.33,3.23,207407.0,67870000.0,46.61,46.44,40.63,1.91,1.47,6811500,13929200.0,2026-08-06,16:14:39
002524,光正眼科,3.82,3.8,3.78,3.85,3.74,159318.0,60370000.0,19.69,19.45,-82.34,21.38,3.13,6868300,9063500.0,2026-08-06,16:14:51
002526,山东矿机,2.69,2.69,2.68,2.71,2.63,297612.0,79610000.0,47.96,47.64,60.26,1.49,1.68,13455000,16306100.0,2026-08-06,16:14:54
002527,新时达,11.72,11.81,11.7,11.9,11.52,81148.0,95160000.0,77.71,61.99,1268.35,6.25,1.53,3834900,4279900.0,2026-08-06,16:14:06
002528,*ST英飞,4.53,4.63,4.66,4.68,4.53,58150.0,26700000.0,54.3,47.57,-17.25,-41.44,0.55,1645200,4169800.0,2026-08-06,16:14:54
002529,海源复材,6.9,6.82,6.82,7.05,6.76,41526.0,28550000.0,17.94,17.94,-9.83,22.51,1.6,2155200,1997400.0,2026-08-06,16:14:54
002530,金财互联,7.5,7.68,7.44,7.61,7.36,346137.0,259010000.0,58.44,52.13,86.8,4.4,4.98,14226200,20387500.0,2026-08-06,16:14:57
002531,天顺风能,6.65,6.9,6.88,6.94,6.58,546320.0,366280000.0,119.49,118.82,-52.01,1.38,3.06,21815400,32816600.0,2026-08-06,16:14:09
002532,天山铝业,13.4,13.46,13.55,13.83,13.2,1161554.0,1568460000.0,620.25,550.32,10.37,2.06,2.83,56704600,59450800.0,2026-08-06,16:14:12
002533,金杯电工,11.49,11.75,11.69,11.72,11.39,119288.0,137470000.0,84.33,74.24,13.59,1.89,1.85,4506900,7421900.0,2026-08-06,16:15:00
002534,西子洁能,16.0,15.22,15.14,16.08,15.0,207401.0,324240000.0,133.75,132.06,30.19,2.4,2.51,12050400,8689700.0,2026-08-06,16:14:03
002535,林州重机,2.44,2.41,2.41,2.46,2.35,148831.0,35980000.0,19.56,18.21,-29.93,3.29,1.99,7490400,7392700.0,2026-08-06,16:14:06
002536,飞龙股份,37.85,38.17,37.39,38.68,36.29,454614.0,1708220000.0,217.56,206.06,86.29,6.51,8.35,22690600,22770800.0,2026-08-06,16:14:42
002537,海联金汇,5.92,5.9,5.88,6.05,5.84,351043.0,208910000.0,69.5,69.31,23.03,1.58,3.0,15847600,19256700.0,2026-08-06,16:14:15
002538,ST司特,6.95,6.85,6.8,6.98,6.8,95456.0,65870000.0,59.32,59.28,30.25,1.14,1.12,5492500,4053200.0,2026-08-06,16:14:57
002539,云图控股,12.02,12.29,12.26,12.38,11.98,177631.0,215420000.0,145.17,106.95,16.56,1.53,2.0,8214800,9548300.0,2026-08-06,16:15:00
002540,亚太科技,5.15,5.16,5.17,5.2,5.08,109630.0,56330000.0,64.25,44.2,17.29,1.17,1.28,4433700,6529200.0,2026-08-06,16:14:45
002541,鸿路钢构,18.89,19.34,19.1,19.58,18.72,149310.0,283210000.0,130.34,93.73,20.3,1.35,3.01,6153200,8777800.0,2026-08-06,16:14:03
002542,*ST中岩,1.72,1.77,1.77,1.78,1.69,370717.0,64010000.0,31.07,30.25,-3.3,-19.21,2.11,12841000,24230700.0,2026-08-06,16:14:48
002543,万和电气,6.61,6.67,6.69,6.7,6.55,40041.0,26420000.0,49.15,43.73,42.38,1.06,0.61,1593200,2410900.0,2026-08-06,16:14:09
002544,普天科技,16.67,16.87,16.8,17.11,16.48,139423.0,233920000.0,113.44,113.43,454.85,3.06,2.05,6284100,7658200.0,2026-08-06,16:14:06
002545,东方铁塔,18.61,18.6,18.51,19.1,18.36,253623.0,474780000.0,231.52,210.32,16.51,2.35,2.24,11095500,14266800.0,2026-08-06,16:14:51
002546,新联电子,8.56,8.98,8.83,8.85,8.51,498415.0,431940000.0,71.39,68.59,12.7,1.89,6.22,16290700,33550800.0,2026-08-06,16:14:12
002547,*ST春兴,2.48,2.54,2.54,2.58,2.43,310471.0,77450000.0,27.98,27.4,-6.34,-6.4,2.81,12338300,18708800.0,2026-08-06,16:14:15
002548,金新农,3.98,3.98,3.97,4.0,3.89,242361.0,95580000.0,32.96,32.02,-7.3,3.15,3.01,10757500,13478600.0,2026-08-06,16:14:18
002549,凯美特气,14.47,14.01,13.89,14.62,13.76,508192.0,723700000.0,100.62,100.18,290.54,4.9,7.34,25702200,25117000.0,2026-08-06,16:14:54
002550,千红制药,6.87,6.92,6.96,6.98,6.8,165235.0,113350000.0,87.92,64.66,27.23,3.3,1.76,6745100,9778400.0,2026-08-06,16:14:57
002551,尚荣医疗,3.04,3.04,3.03,3.06,2.99,105835.0,32000000.0,25.7,18.58,-16.55,1.04,1.73,4702000,5881500.0,2026-08-06,16:14:18
002552,宝鼎科技,43.27,39.34,40.81,43.27,40.81,177286.0,750610000.0,167.88,159.45,97.42,10.72,4.81,8597000,9131600.0,2026-08-06,16:14:21
002553,南方精工,16.03,16.26,16.27,16.37,15.89,78738.0,126640000.0,56.65,41.07,22.27,3.69,3.07,3399600,4474200.0,2026-08-06,16:14:21
002554,惠博普,2.86,2.86,2.85,2.89,2.82,148949.0,42530000.0,38.14,38.14,-8.91,2.0,1.12,8065200,6829800.0,2026-08-06,16:14:24
002555,三七互娱,19.8,20.23,20.11,20.37,19.67,535606.0,1068760000.0,438.02,314.3,13.58,3.33,3.37,21780600,31780100.0,2026-08-06,16:14:09
002556,辉隆股份,4.98,4.95,4.93,4.99,4.92,99839.0,49510000.0,46.56,46.52,28.15,1.34,1.07,5928200,4055700.0,2026-08-06,16:14:24
002557,洽洽食品,19.51,19.84,19.87,20.12,19.4,74139.0,145590000.0,98.69,98.38,24.1,1.99,1.47,2976600,4437400.0,2026-08-06,16:15:00
002558,巨人网络,29.26,30.07,29.7,30.81,29.1,1109645.0,3304010000.0,556.1,556.1,22.36,3.49,5.84,51037000,59927500.0,2026-08-06,16:14:03
002559,亚威股份,9.53,9.46,9.33,9.65,9.28,312174.0,295850000.0,61.17,48.03,60.04,2.56,6.19,15400800,15816700.0,2026-08-06,16:14:06
002560,通达股份,6.46,6.49,6.5,6.53,6.34,273133.0,175570000.0,47.5,40.91,27.24,1.76,4.31,11832700,15480600.0,2026-08-06,16:14:09
002561,徐家汇,6.66,6.64,6.64,6.68,6.55,35084.0,23210000.0,27.69,27.6,-121.78,1.28,0.85,1372600,2135700.0,2026-08-06,16:14:12
002562,兄弟科技,4.53,4.57,4.58,4.58,4.46,177444.0,80110000.0,51.77,36.85,47.31,1.45,2.18,6279600,11464900.0,2026-08-06,16:14:27
002563,森马服饰,6.1,6.12,6.13,6.15,6.01,217692.0,132250000.0,164.34,134.63,16.61,1.45,0.99,9048500,12720800.0,2026-08-06,16:14:57
002564,天沃科技,4.48,4.44,4.44,4.5,4.38,146211.0,65040000.0,38.48,38.48,120.84,20.26,1.7,7851900,6769200.0,2026-08-06,16:14:15
002565,顺灏股份,9.88,9.46,9.46,10.41,9.46,1471068.0,1464310000.0,104.73,104.72,159.66,5.7,13.88,75025500,72081300.0,2026-08-06,16:14:12
002566,益盛药业,6.47,6.45,6.45,6.49,6.37,93343.0,60100000.0,21.41,15.0,64.34,0.96,4.03,4521200,4813100.0,2026-08-06,16:15:00
002567,唐人神,3.61,3.63,3.62,3.65,3.54,165312.0,59290000.0,51.73,51.68,-2.98,1.24,1.15,6814600,9716600.0,2026-08-06,16:14:27
002568,百润股份,19.24,19.72,19.63,19.82,19.18,156683.0,304020000.0,200.41,146.63,27.56,4.01,2.06,6904600,8763700.0,2026-08-06,16:14:30
002569,*ST步森,13.38,12.7,12.7,13.49,12.54,25264.0,32640000.0,19.27,18.73,222.31,48.52,1.8,1240300,1286100.0,2026-08-06,16:14:33
002570,贝因美,4.43,4.43,4.46,4.48,4.36,193291.0,85420000.0,47.85,47.84,31.85,2.94,1.79,8727500,10601600.0,2026-08-06,16:14:36
002571,德力股份,11.06,10.72,10.69,11.1,10.6,83556.0,91640000.0,43.35,32.99,-17.35,5.45,2.8,4707000,3648700.0,2026-08-06,16:14:18
002572,索菲亚,8.33,8.47,8.48,8.51,8.25,116421.0,97010000.0,80.22,54.27,9.43,1.22,1.79,5131600,6510500.0,2026-08-06,16:14:30
002573,清新环境,3.24,3.23,3.23,3.25,3.18,59117.0,19020000.0,45.85,45.78,-11.21,0.83,0.42,2478200,3433500.0,2026-08-06,16:14:21
002574,明牌珠宝,4.59,4.55,4.65,4.69,4.49,106235.0,48490000.0,24.24,24.24,-7.84,0.89,2.01,5516600,5107000.0,2026-08-06,16:14:39
002575,群兴玩具,5.28,5.32,5.28,5.34,5.18,280867.0,147830000.0,32.55,30.85,-265.84,3.86,4.81,12836100,15250600.0,2026-08-06,16:14:24
002576,通达动力,14.53,14.65,14.58,14.69,14.34,34316.0,49770000.0,23.99,23.54,28.12,1.84,2.12,1660200,1771400.0,2026-08-06,16:14:15
002577,雷柏科技,18.97,18.7,18.75,19.0,18.51,40037.0,75370000.0,53.25,53.24,-1044.13,4.54,1.43,1972400,2031300.0,2026-08-06,16:14:18
002578,闽发铝业,3.21,3.17,3.19,3.23,3.12,307311.0,97650000.0,30.13,27.64,-141.88,2.0,3.57,15673200,15057900.0,2026-08-06,16:14:42
002579,中京电子,13.93,12.98,13.49,14.19,13.37,1673818.0,2294050000.0,85.34,81.27,325.37,3.55,28.69,83695900,83685900.0,2026-08-06,16:14:33
002580,圣阳股份,19.11,20.39,19.76,19.88,19.04,873787.0,1700980000.0,86.73,86.44,46.59,3.62,19.32,35051800,52326900.0,2026-08-06,16:14:27
002581,*ST未名,3.43,3.45,3.45,3.48,3.38,50794.0,17410000.0,22.63,13.75,-16.93,1.25,1.27,1774300,3305100.0,2026-08-06,16:14:36
002582,好想你,10.07,10.17,10.13,10.2,9.96,232886.0,234280000.0,45.08,34.66,2.33,0.93,6.77,10081600,13207000.0,2026-08-06,16:14:45
002583,海能达,8.53,8.64,8.55,8.7,8.41,280433.0,239470000.0,155.13,109.42,-49.09,7.62,2.19,12482500,15560800.0,2026-08-06,16:14:39
002584,西陇科学,7.98,7.79,7.7,8.0,7.7,389695.0,305730000.0,46.7,37.38,-64.73,2.13,8.32,20448700,18520800.0,2026-08-06,16:14:30
002585,双星新材,9.21,9.41,9.12,9.42,9.02,1040042.0,955440000.0,105.12,81.67,-21.87,1.27,11.73,44423700,59580500.0,2026-08-06,16:14:48
002586,ST围海,3.8,3.59,3.59,3.83,3.53,77524.0,28940000.0,43.48,41.33,16.35,1.36,0.71,5044000,2708400.0,2026-08-06,16:14:03
002587,奥拓电子,5.62,5.56,5.55,5.64,5.5,199254.0,111030000.0,36.78,29.94,293.61,2.79,3.74,9860200,10065200.0,2026-08-06,16:14:21
002588,史丹利,8.69,8.76,8.7,8.77,8.58,110895.0,96120000.0,100.1,74.62,9.21,1.32,1.29,4326500,6763000.0,2026-08-06,16:14:42
002589,瑞康医药,2.76,2.77,2.75,2.78,2.71,259129.0,71150000.0,41.53,37.69,289.31,0.78,1.9,12566300,13346600.0,2026-08-06,16:14:51
002590,万安科技,9.66,9.78,9.72,9.81,9.54,72393.0,69970000.0,50.14,47.81,23.45,1.65,1.46,3289500,3949800.0,2026-08-06,16:14:54
002591,恒大高新,6.2,6.1,6.1,6.22,6.05,90938.0,55930000.0,18.61,13.86,-85.53,2.91,4.07,5202300,3891500.0,2026-08-06,16:14:06
002592,ST八菱,6.24,6.04,6.04,6.25,6.02,45960.0,28280000.0,17.72,16.4,15.04,1.79,1.75,2837800,1758200.0,2026-08-06,16:14:33
002593,日上集团,4.37,4.36,4.33,4.4,4.29,131416.0,57160000.0,35.13,24.49,27.44,1.44,2.34,6250000,6891600.0,2026-08-06,16:14:45
002594,比亚迪,89.45,90.82,90.5,91.15,89.23,367372.0,3299950000.0,8155.33,3118.78,29.6,3.57,1.05,15410100,21327100.0,2026-08-06,16:14:48
002595,豪迈科技,52.79,53.15,53.0,53.72,52.48,27336.0,144640000.0,612.36,608.13,25.63,5.22,0.24,1305200,1428500.0,2026-08-06,16:14:36
002596,海南瑞泽,3.25,3.23,3.22,3.26,3.17,212456.0,68360000.0,37.3,37.26,-18.55,7.02,1.85,10880200,10365400.0,2026-08-06,16:14:39
002597,金禾实业,20.43,20.6,20.49,20.5,20.07,76516.0,155110000.0,116.11,115.89,57.75,1.49,1.35,2985300,4666300.0,2026-08-06,16:14:51
002598,ST章鼓,6.66,6.62,6.59,6.66,6.53,24367.0,16080000.0,20.78,19.08,34.94,1.7,0.85,1343100,1093600.0,2026-08-06,16:14:09
002599,盛通股份,6.27,6.35,6.3,6.37,6.18,106724.0,66990000.0,33.9,25.92,349.19,2.7,2.58,5246900,5425500.0,2026-08-06,16:14:24
002600,领益智造,12.74,12.97,12.81,12.92,12.62,1089709.0,1391340000.0,1034.52,917.28,48.93,4.27,1.51,42778600,66192200.0,2026-08-06,16:14:57
002601,龙佰集团,16.58,16.7,16.63,16.99,16.37,211744.0,351350000.0,395.31,329.54,53.03,1.73,1.07,9427800,11746600.0,2026-08-06,16:14:54
002602,世纪华通,13.86,14.12,14.04,14.29,13.81,1001927.0,1401840000.0,1021.58,942.04,16.26,3.21,1.47,42461900,57730900.0,2026-08-06,16:14:42
002603,以岭药业,16.26,16.44,16.46,16.5,16.18,239902.0,390960000.0,271.66,223.82,19.84,2.57,1.74,10862300,13127900.0,2026-08-06,16:15:00
002605,姚记科技,18.4,18.78,18.6,18.95,18.27,90303.0,167060000.0,76.83,62.23,16.48,2.09,2.67,3736800,5293500.0,2026-08-06,16:14:03
002606,大连电瓷,14.46,14.69,14.63,14.74,14.38,307455.0,446150000.0,63.49,60.93,25.28,3.25,7.3,14226800,16518700.0,2026-08-06,16:14:27
002607,中公教育,2.17,2.35,2.31,2.31,2.16,5598771.0,1237160000.0,133.83,120.29,238.04,16.63,10.1,243296200,316580900.0,2026-08-06,16:14:30
002608,江苏国信,7.32,7.4,7.37,7.4,7.24,182792.0,133450000.0,276.56,276.56,8.18,0.78,0.48,6730200,11549000.0,2026-08-06,16:14:33
002609,捷顺科技,7.88,7.83,7.8,8.0,7.77,59942.0,47260000.0,50.7,36.16,79.42,2.16,1.31,3005400,2988900.0,2026-08-06,16:14:45
002611,东方精工,16.19,16.51,16.41,16.55,16.14,312989.0,510870000.0,197.08,162.54,4.72,2.08,3.12,13443600,17855300.0,2026-08-06,16:14:36
002612,朗姿股份,15.26,14.9,14.99,15.28,14.81,161448.0,243980000.0,67.52,38.83,7.1,2.4,6.34,8380100,7764700.0,2026-08-06,16:14:12
002613,北玻股份,3.34,3.34,3.32,3.36,3.26,256331.0,84950000.0,36.76,25.84,347.94,1.67,3.31,11804000,13829100.0,2026-08-06,16:14:39
002614,奥佳华,4.78,4.77,4.76,4.79,4.69,66992.0,31800000.0,29.81,21.09,-53.37,0.7,1.52,3345600,3353600.0,2026-08-06,16:14:57
002615,哈尔斯,6.61,6.67,6.67,6.69,6.53,53137.0,35080000.0,37.0,19.97,123.46,1.55,1.76,2646200,2667500.0,2026-08-06,16:14:15
002616,长青集团,4.74,4.76,4.75,4.76,4.66,89827.0,42310000.0,40.73,27.85,13.64,1.16,1.53,3792300,5190400.0,2026-08-06,16:14:18
002617,露笑科技,6.32,6.41,6.32,6.4,6.26,869829.0,549610000.0,120.66,118.67,65.26,1.87,4.63,34044600,52938400.0,2026-08-06,16:14:06
002620,*ST瑞和,5.17,5.26,5.27,5.3,5.12,62648.0,32510000.0,19.52,16.34,-21.41,-26.48,1.98,2388200,3876600.0,2026-08-06,16:15:00
002622,皓宸医疗,2.33,2.32,2.35,2.36,2.28,181910.0,42070000.0,19.57,19.57,-16.94,7.32,2.17,7174900,11016100.0,2026-08-06,16:14:42
002623,亚玛顿,15.93,16.0,16.0,16.05,15.58,37046.0,58620000.0,30.75,30.69,-20.3,1.24,1.92,1908300,1796300.0,2026-08-06,16:14:09
002624,完美世界,11.27,11.54,11.5,11.73,11.18,602043.0,684850000.0,218.63,205.99,41.15,3.33,3.29,24813400,35390900.0,2026-08-06,16:14:48
002625,光启技术,30.59,30.9,30.88,31.32,30.22,243973.0,750920000.0,659.09,659.08,92.49,6.79,1.13,10258600,14138700.0,2026-08-06,16:14:51
002626,金达威,13.88,14.14,14.14,14.22,13.85,50010.0,69780000.0,84.66,84.65,29.83,2.04,0.82,2008000,2993000.0,2026-08-06,16:14:54
002627,三峡旅游,6.38,6.42,6.38,6.49,6.31,94791.0,60560000.0,45.02,44.54,73.25,1.52,1.36,3679000,5800100.0,2026-08-06,16:14:21
002628,成都路桥,4.9,4.62,4.6,4.92,4.57,300887.0,142170000.0,37.1,36.94,-53.56,1.31,3.99,17598000,12490700.0,2026-08-06,16:14:12
002629,仁智股份,4.58,4.57,4.6,4.62,4.48,116836.0,53220000.0,19.52,16.59,235.05,30.95,3.23,5271200,6412400.0,2026-08-06,16:14:45
002630,*ST华西,1.66,1.68,1.68,1.69,1.65,118041.0,19670000.0,19.6,17.87,-6.08,-25.74,1.1,3348200,8455900.0,2026-08-06,16:14:57
002631,德尔未来,7.89,7.43,7.39,7.92,7.35,317421.0,241600000.0,62.91,62.61,-31.07,3.11,4.0,15225400,16516600.0,2026-08-06,16:14:03
002632,道明光学,8.32,8.28,8.25,8.33,8.15,147189.0,121510000.0,51.97,47.79,24.61,2.45,2.56,7405600,7313300.0,2026-08-06,16:15:00
002633,申科股份,14.76,14.72,14.57,14.81,14.4,17037.0,24930000.0,22.14,22.06,233.0,5.15,1.14,890600,813100.0,2026-08-06,16:14:03
002634,*ST棒杰,4.1,4.09,4.1,4.17,4.06,35394.0,14540000.0,18.83,18.13,-1.89,-2.42,0.8,1735600,1803800.0,2026-08-06,16:14:06
002635,安洁科技,14.85,14.65,14.51,15.0,14.35,200620.0,295680000.0,97.96,58.74,85.26,1.71,5.07,9839800,10222200.0,2026-08-06,16:14:15
002636,金安国纪,59.99,56.18,55.61,61.62,55.61,819326.0,4809180000.0,436.73,434.52,91.13,11.73,11.31,39234200,42698300.0,2026-08-06,16:14:09
002637,赞宇科技,10.79,10.65,10.65,10.89,10.54,130187.0,139810000.0,50.76,50.17,25.27,1.36,2.8,6852200,6166500.0,2026-08-06,16:14:24
002638,勤上股份,3.77,3.66,3.64,3.81,3.6,275480.0,103140000.0,54.16,51.0,-15.77,2.87,2.04,14882600,12665400.0,2026-08-06,16:14:48
002639,雪人集团,12.64,12.87,12.78,12.9,12.5,459380.0,581550000.0,98.46,83.38,326.48,3.84,6.96,18560100,27377800.0,2026-08-06,16:14:12
002640,跨境通,3.41,3.47,3.45,3.47,3.35,876179.0,298060000.0,53.13,52.8,-20.72,8.25,5.66,31807400,55810500.0,2026-08-06,16:14:06
002641,公元股份,3.9,3.89,3.87,3.91,3.84,82625.0,31990000.0,47.93,44.23,69.55,0.89,0.73,4505500,3757000.0,2026-08-06,16:14:09
002642,荣联科技,7.45,7.5,7.5,7.56,7.35,200992.0,149840000.0,49.29,49.29,247.11,4.15,3.04,9987300,10112000.0,2026-08-06,16:14:12
002643,万润股份,13.82,13.78,13.69,13.89,13.48,252484.0,346980000.0,126.58,124.69,43.28,1.82,2.8,12846200,12402200.0,2026-08-06,16:14:15
002644,佛慈制药,7.79,7.73,7.72,7.79,7.65,27416.0,21170000.0,39.78,39.78,75.79,2.17,0.54,1314200,1427400.0,2026-08-06,16:14:51
002645,华宏科技,18.55,18.03,18.1,19.26,17.98,598160.0,1113970000.0,139.7,126.18,35.86,3.32,8.79,30387200,29428700.0,2026-08-06,16:14:18
002646,天佑德酒,6.82,6.82,6.86,6.87,6.72,53117.0,36080000.0,32.68,32.45,-221.89,1.13,1.12,2358300,2953400.0,2026-08-06,16:14:54
002647,仁东控股,9.68,9.87,9.8,10.01,9.6,226274.0,222470000.0,109.41,98.28,-139.71,17.58,2.23,9749600,12877800.0,2026-08-06,16:14:15
002648,卫星化学,25.37,25.26,25.08,25.66,25.02,435230.0,1104940000.0,854.63,854.08,14.59,2.53,1.29,22665000,20858000.0,2026-08-06,16:14:57
002649,博彦科技,11.29,10.26,10.78,11.29,10.77,561557.0,623600000.0,66.77,60.56,151.51,1.62,10.47,22853100,33302600.0,2026-08-06,16:14:27
002650,ST加加,6.27,6.04,6.04,6.35,6.0,55510.0,34180000.0,69.41,69.41,-53.92,3.99,0.5,3608700,1942300.0,2026-08-06,16:15:00
002651,利君股份,7.82,7.86,7.94,7.95,7.76,69053.0,54120000.0,80.82,44.22,196.35,2.95,1.22,3049500,3855800.0,2026-08-06,16:14:18
002652,扬子新材,3.86,3.77,3.77,3.88,3.74,168752.0,64060000.0,19.77,19.77,-73.5,8.42,3.3,8119300,8755900.0,2026-08-06,16:14:03
002653,海思科,67.07,64.09,65.33,67.11,63.51,109639.0,717940000.0,751.13,360.02,97.86,16.53,2.04,6319700,4644200.0,2026-08-06,16:14:21
002654,万润科技,12.42,12.57,12.28,12.66,12.16,477684.0,592650000.0,104.99,104.98,367.31,6.78,5.65,22390200,25378200.0,2026-08-06,16:14:18
002655,共达电声,27.84,27.07,27.6,27.97,26.95,401355.0,1104870000.0,101.5,101.3,172.77,12.34,11.03,19478300,20657200.0,2026-08-06,16:14:30
002656,摩登大道,2.95,2.94,2.94,3.06,2.92,154631.0,46120000.0,21.02,20.26,-42.23,5.09,2.25,6612300,8850800.0,2026-08-06,16:14:24
002657,中科金财,16.03,15.87,15.7,16.35,15.6,197469.0,316540000.0,54.51,53.88,-32.49,3.42,5.87,9661200,10085700.0,2026-08-06,16:14:21
002658,雪迪龙,7.28,7.34,7.33,7.34,7.18,50375.0,36600000.0,46.28,26.1,29.84,1.81,1.4,1824100,3213400.0,2026-08-06,16:14:21
002659,凯文教育,4.66,5.0,4.78,4.87,4.59,664852.0,312690000.0,27.88,27.88,-161.02,1.3,11.11,23974600,42510600.0,2026-08-06,16:14:33
002660,茂硕电源,6.97,6.76,6.88,7.35,6.8,132133.0,92390000.0,24.86,23.91,-9.42,2.49,3.85,6503600,6709700.0,2026-08-06,16:14:24
002661,克明食品,7.53,7.53,7.51,7.57,7.39,26710.0,19970000.0,24.39,23.22,60.31,1.13,0.87,1343000,1328000.0,2026-08-06,16:14:06
002662,峰璟股份,3.21,3.22,3.21,3.23,3.15,100429.0,32090000.0,48.15,48.15,21.23,1.1,0.67,4555500,5487400.0,2026-08-06,16:14:27
002663,普邦股份,1.62,1.61,1.6,1.63,1.56,366906.0,58660000.0,27.92,27.66,-5.95,1.45,2.15,15495600,21195000.0,2026-08-06,16:14:27
002664,信质集团,15.96,16.36,16.32,16.32,15.74,77950.0,124730000.0,65.15,64.25,41.81,1.84,1.94,3495200,4299800.0,2026-08-06,16:14:30
002666,德联集团,4.14,4.12,4.1,4.15,4.06,84086.0,34560000.0,32.62,20.73,66.61,0.92,1.68,4566300,3842300.0,2026-08-06,16:14:24
002667,*ST威领,13.48,12.25,12.5,13.48,12.4,217172.0,284830000.0,35.13,31.9,-9.42,-176.62,9.18,13004800,8712400.0,2026-08-06,16:14:36
002668,TCL智家,10.84,10.57,10.65,10.99,10.52,285953.0,307290000.0,117.52,117.52,10.42,3.24,2.64,14700700,13894500.0,2026-08-06,16:14:33
002669,康达新材,12.22,12.17,12.06,12.3,11.98,136369.0,165700000.0,37.08,36.99,29.44,1.35,4.5,6446800,7190100.0,2026-08-06,16:14:36
002670,国盛证券,11.33,11.46,11.39,11.65,11.21,253561.0,288690000.0,219.25,183.93,107.45,1.93,1.56,10413800,14942300.0,2026-08-06,16:14:30
002671,龙泉股份,3.87,3.82,3.82,3.89,3.8,123090.0,47320000.0,21.73,21.34,39.66,1.33,2.23,6190800,6118200.0,2026-08-06,16:14:39
002672,东江环保,3.57,3.59,3.57,3.64,3.49,135602.0,48210000.0,39.46,32.31,-3.19,1.77,1.5,6324800,7235400.0,2026-08-06,16:14:09
002673,西部证券,6.72,6.79,6.8,6.8,6.68,233198.0,156830000.0,300.36,300.36,17.19,1.0,0.52,7983000,15336800.0,2026-08-06,16:14:12
002674,兴业科技,28.65,26.93,27.0,29.4,27.0,423976.0,1202440000.0,84.68,83.82,80.59,3.46,14.49,20849100,21548500.0,2026-08-06,16:14:33
002675,东诚药业,12.85,12.84,12.83,12.95,12.68,74918.0,96280000.0,105.96,95.52,51.86,2.51,1.01,4055700,3436100.0,2026-08-06,16:14:36
002676,顺威股份,5.03,5.04,5.03,5.07,4.96,76283.0,38220000.0,36.22,36.21,43.72,2.71,1.06,3334900,4293400.0,2026-08-06,16:14:15
002677,浙江美大,6.69,6.66,6.61,6.7,6.54,67206.0,44500000.0,43.22,36.9,649.12,2.95,1.22,3394800,3325800.0,2026-08-06,16:14:39
002678,珠江钢琴,4.47,4.46,4.45,4.49,4.39,58577.0,26020000.0,60.72,60.68,-16.51,1.99,0.43,3334700,2523000.0,2026-08-06,16:14:18
002679,福建金森,8.78,8.68,8.7,8.8,8.62,29205.0,25440000.0,20.7,20.7,239.06,2.81,1.24,1650100,1270400.0,2026-08-06,16:14:21
002681,奋达科技,4.68,4.75,4.71,4.76,4.62,385763.0,180800000.0,83.99,73.44,-60.23,3.94,2.46,15998200,22578100.0,2026-08-06,16:14:27
002682,龙洲股份,4.46,4.46,4.46,4.51,4.37,143929.0,64040000.0,25.08,25.08,-4.26,4.76,2.56,6786700,7606200.0,2026-08-06,16:14:30
002683,广东宏大,27.86,28.53,28.52,28.61,27.62,91139.0,255410000.0,211.7,185.7,21.89,3.17,1.37,3958400,5155500.0,2026-08-06,16:14:42
002685,华东重机,5.35,5.41,5.38,5.44,5.28,251475.0,134500000.0,53.91,53.9,62.33,3.27,2.5,9648300,15499200.0,2026-08-06,16:14:39
002686,亿利达,6.57,5.97,5.9,6.57,5.89,319763.0,200990000.0,37.2,34.34,197.96,2.32,6.12,15350300,16626000.0,2026-08-06,16:14:42
002687,乔治白,5.0,4.99,5.03,5.09,4.89,132461.0,65950000.0,25.24,20.67,31.16,1.66,3.2,6439500,6806600.0,2026-08-06,16:14:24
002688,金河生物,5.17,5.07,5.07,5.24,5.05,178665.0,91980000.0,39.78,38.64,102.7,1.8,2.39,10110900,7755600.0,2026-08-06,16:14:45
002689,ST远智,2.69,2.66,2.66,2.75,2.64,90306.0,24280000.0,28.07,28.05,27.09,2.35,0.87,4478800,4551800.0,2026-08-06,16:14:27
002690,美亚光电,15.25,15.54,15.46,15.5,15.15,58398.0,89250000.0,134.54,66.15,18.52,5.59,1.35,2615900,3223900.0,2026-08-06,16:14:48
002691,*ST冀凯,4.25,4.24,4.21,4.28,4.14,22725.0,9580000.0,14.45,14.28,-22.45,1.77,0.68,952300,1320200.0,2026-08-06,16:14:51
002692,远程股份,4.07,4.05,4.05,4.07,3.97,119192.0,47860000.0,29.23,29.21,-51.59,2.59,1.66,6188500,5730700.0,2026-08-06,16:14:45
002693,双成药业,9.44,9.51,9.51,9.66,9.31,269080.0,254430000.0,39.15,38.8,120.33,9.41,6.55,11848000,15060000.0,2026-08-06,16:14:30
002694,*ST顾地,2.16,2.13,2.13,2.16,2.12,36760.0,7870000.0,16.48,15.53,-3.35,-21.91,0.51,1776300,1899700.0,2026-08-06,16:14:54
002695,煌上煌,10.1,10.07,10.01,10.21,9.91,119516.0,119910000.0,56.52,51.66,68.23,2.05,2.34,5953300,5998300.0,2026-08-06,16:14:48
002696,百洋股份,5.51,5.43,5.47,5.52,5.39,55746.0,30490000.0,19.05,18.42,112.98,1.42,1.67,3144500,2430100.0,2026-08-06,16:14:42
002697,红旗连锁,4.61,4.64,4.65,4.66,4.55,149555.0,68680000.0,62.7,52.8,13.44,1.31,1.31,5150800,9804700.0,2026-08-06,16:14:45
002698,博实股份,12.92,13.12,13.04,13.18,12.78,144626.0,186850000.0,132.11,109.06,26.85,3.33,1.71,5868400,8594200.0,2026-08-06,16:14:48
002700,万憬能源,6.04,5.9,5.93,6.05,5.86,74616.0,44540000.0,24.98,24.73,32.4,1.8,1.82,4218300,3243300.0,2026-08-06,16:14:51
002701,奥瑞金,4.84,4.91,4.9,4.91,4.77,310891.0,150010000.0,123.89,123.78,14.42,1.25,1.22,13019900,18069200.0,2026-08-06,16:14:33
002702,海欣食品,4.76,4.82,4.81,4.83,4.68,471359.0,223550000.0,26.45,21.84,-68.93,2.55,10.27,18967600,28168300.0,2026-08-06,16:14:54
002703,浙江世宝,16.35,16.28,17.59,17.59,15.9,1203637.0,2021980000.0,134.5,95.82,77.45,6.36,20.54,58889000,61474700.0,2026-08-06,16:14:57
002705,新宝股份,12.31,11.63,11.81,12.33,11.67,271790.0,328210000.0,99.94,99.48,12.02,1.18,3.36,14911200,12267800.0,2026-08-06,16:14:36
002706,良信股份,9.0,9.34,9.27,9.27,8.86,408539.0,367860000.0,101.08,82.29,46.25,2.46,4.47,18350200,22503700.0,2026-08-06,16:14:39
002707,众信旅游,5.14,5.18,5.18,5.21,5.07,127552.0,65430000.0,50.51,44.46,-2515.4,5.61,1.47,5212800,7542300.0,2026-08-06,16:14:42
002708,光洋股份,10.45,10.6,10.5,10.56,10.22,157570.0,163850000.0,58.74,53.99,54.59,3.32,3.05,6435000,9322000.0,2026-08-06,16:15:00
002709,天赐材料,39.25,39.05,39.06,39.35,38.35,784136.0,3049600000.0,800.14,592.29,27.91,4.33,5.2,36497600,41916000.0,2026-08-06,16:14:45
002712,思美传媒,4.83,4.82,4.82,4.89,4.75,168391.0,80960000.0,26.29,26.13,-52.9,1.9,3.11,7484800,9354300.0,2026-08-06,16:14:51
002713,东易日盛,9.78,10.0,9.93,9.93,9.64,176389.0,172430000.0,93.05,51.49,242.85,10.71,3.35,7844100,9794900.0,2026-08-06,16:14:57
002714,牧原股份,38.37,38.36,38.4,38.6,37.8,411074.0,1568110000.0,2215.1,1258.73,22.65,2.64,1.25,19283000,21824400.0,2026-08-06,16:14:48
002715,登云股份,13.66,13.47,13.46,13.8,13.3,23491.0,31870000.0,18.85,18.85,-200.04,4.05,1.7,1360900,988200.0,2026-08-06,16:14:03
002716,湖南白银,8.62,8.77,9.0,9.18,8.48,2782961.0,2455050000.0,243.35,200.2,52.03,5.99,11.98,125627400,152668700.0,2026-08-06,16:14:51
002717,*ST岭南,1.03,1.06,1.05,1.06,1.03,495512.0,51740000.0,18.75,17.7,-0.78,-1.26,2.88,19779500,29771600.0,2026-08-06,16:14:33
002718,友邦吊顶,85.49,83.75,83.58,86.18,83.0,10582.0,89550000.0,110.66,80.34,995.63,12.02,1.13,573900,484300.0,2026-08-06,16:15:00
002719,ST麦趣,5.95,5.88,5.86,5.98,5.85,26590.0,15750000.0,10.36,9.63,-8.88,9.5,1.64,1504500,1154500.0,2026-08-06,16:14:06
002721,金一文化,2.94,2.67,2.94,2.94,2.94,265598.0,78090000.0,78.19,78.19,93.58,3.63,1.0,8304800,18255000.0,2026-08-06,16:14:03
002722,物产金轮,12.68,12.78,12.66,12.82,12.5,26769.0,33860000.0,28.2,28.19,17.47,0.96,1.2,1419800,1257100.0,2026-08-06,16:14:54
002723,小崧股份,7.09,7.25,7.15,7.25,6.99,82632.0,58760000.0,23.56,22.48,-8.63,3.21,2.61,3985200,4278000.0,2026-08-06,16:14:06
002724,海洋王,5.36,5.35,5.33,5.38,5.27,53396.0,28430000.0,41.35,30.43,55.03,1.55,0.94,2291900,3047700.0,2026-08-06,16:14:54
002725,跃岭股份,11.51,11.32,11.33,11.55,11.26,68523.0,78270000.0,29.47,28.66,1331.38,3.03,2.75,3385700,3466600.0,2026-08-06,16:14:09
002726,ST龙大,2.1,2.04,2.02,2.13,2.01,761710.0,157510000.0,28.58,28.57,-4.67,4.18,5.6,43202300,32968700.0,2026-08-06,16:14:57
002727,一心堂,11.31,11.32,11.36,11.48,11.08,102725.0,115760000.0,66.23,44.44,23.72,0.9,2.61,4666600,5606000.0,2026-08-06,16:14:36
002728,特一药业,9.43,9.19,9.2,9.48,9.06,314670.0,291660000.0,48.41,47.27,63.8,2.73,6.28,17944100,13522900.0,2026-08-06,16:14:57
002729,好利科技,13.77,13.71,13.75,13.89,13.5,43378.0,59570000.0,25.19,24.16,62.19,4.45,2.47,2172900,2164900.0,2026-08-06,16:14:39
002730,电光科技,21.6,21.76,21.76,22.18,21.3,82459.0,179350000.0,78.21,74.74,114.51,4.85,2.38,3959500,4286400.0,2026-08-06,16:14:09
002731,*ST萃华,1.88,1.99,1.96,2.0,1.88,376772.0,72940000.0,4.82,4.32,1.76,0.26,16.41,13920600,23756600.0,2026-08-06,16:14:12
002732,燕塘乳业,13.49,13.35,13.35,13.55,13.2,17994.0,24080000.0,21.23,21.12,43.34,1.42,1.15,831500,967900.0,2026-08-06,16:15:00
002733,雄韬股份,19.09,18.84,18.84,19.24,18.64,137608.0,261000000.0,73.35,70.42,91.84,2.74,3.73,6373800,7387000.0,2026-08-06,16:14:42
002734,利民股份,16.15,15.16,15.47,16.4,15.2,441879.0,701580000.0,76.85,70.39,15.25,1.98,10.14,22757000,21430900.0,2026-08-06,16:14:12
002735,王子新材,11.78,11.67,11.68,11.92,11.56,178081.0,209000000.0,44.2,33.58,-28.22,2.83,6.25,8540600,9267500.0,2026-08-06,16:14:03
002736,国信证券,10.14,10.3,10.29,10.31,10.09,278035.0,282690000.0,1038.51,974.7,9.57,1.07,0.29,9231500,18572000.0,2026-08-06,16:14:15
002737,葵花药业,13.07,13.23,13.14,13.29,12.92,54652.0,71370000.0,76.33,76.33,-37.3,1.99,0.94,2166200,3299000.0,2026-08-06,16:14:18
002738,中矿资源,52.95,51.56,52.28,54.14,51.91,369208.0,1959670000.0,382.03,376.48,46.0,3.08,5.19,19586400,17334400.0,2026-08-06,16:14:45
002739,儒意电影,8.95,8.9,9.28,9.35,8.9,994247.0,900370000.0,189.0,187.94,-82.49,2.48,4.73,47947500,51477100.0,2026-08-06,16:14:06
002741,光华科技,23.91,22.91,22.86,24.18,22.61,368023.0,869470000.0,112.04,102.82,93.5,5.66,8.56,19579600,17222700.0,2026-08-06,16:14:21
002742,冀衡医药,3.75,3.74,3.77,3.77,3.62,156576.0,58080000.0,25.65,19.65,-7.43,16.0,2.99,7615900,8041700.0,2026-08-06,16:14:24
002743,富煌钢构,3.89,3.84,3.85,3.91,3.8,66654.0,25720000.0,16.93,16.9,-1.78,0.73,1.53,3394000,3271400.0,2026-08-06,16:14:09
002745,木林森,10.98,10.69,10.55,11.03,10.48,694740.0,752950000.0,162.96,116.84,-13.57,1.37,6.53,37368900,32105100.0,2026-08-06,16:14:27
002746,仙坛股份,6.17,6.12,6.11,6.19,6.1,103098.0,63380000.0,53.1,43.79,20.32,1.18,1.45,5181700,5128100.0,2026-08-06,16:14:48
002747,埃斯顿,34.81,34.27,33.56,35.5,33.56,882514.0,3065500000.0,336.89,272.36,258.79,10.4,11.28,44826900,43424500.0,2026-08-06,16:14:12
002748,世龙实业,11.0,10.75,10.75,11.04,10.7,53820.0,58660000.0,26.4,26.4,36.71,1.87,2.24,3149800,2232200.0,2026-08-06,16:14:15
002749,国光股份,8.62,8.66,8.64,8.67,8.51,37037.0,31810000.0,47.97,46.92,16.33,2.72,0.68,1620200,2083500.0,2026-08-06,16:15:00
002750,龙津退,0.59,0.59,0.0,0.0,0.0,0.0,0.0,2.36,2.35,-5.76,0.51,0.0,0,0.0,2026-08-06,09:00:00
002752,昇兴股份,5.94,6.01,6.01,6.05,5.86,119082.0,70910000.0,58.03,57.95,15.86,1.62,1.22,5112100,6796100.0,2026-08-06,16:14:18
002753,永东股份,6.2,6.11,6.11,6.22,6.03,37278.0,22870000.0,26.58,18.34,250.54,1.01,1.26,1805900,1922000.0,2026-08-06,16:14:21
002755,奥赛康,13.16,13.33,13.43,13.46,13.07,77703.0,102480000.0,122.15,122.14,45.86,3.83,0.84,3163900,4606400.0,2026-08-06,16:14:15
002756,永兴材料,48.0,48.06,47.98,48.85,47.46,134179.0,645840000.0,258.77,185.8,26.98,1.99,3.47,6169500,7248400.0,2026-08-06,16:14:03
002757,南兴股份,17.26,17.51,17.33,17.63,16.95,189562.0,328010000.0,51.0,48.68,42.41,2.55,6.72,8774800,10181400.0,2026-08-06,16:14:51
002758,浙农股份,7.86,7.88,7.87,7.91,7.76,52929.0,41450000.0,40.78,40.73,7.54,0.81,1.02,2460400,2832500.0,2026-08-06,16:14:30
002759,ST天际,16.68,15.16,15.11,16.68,15.06,606120.0,972000000.0,83.63,83.56,27.76,2.4,12.1,35187000,25425100.0,2026-08-06,16:14:18
002760,凤形股份,17.24,17.28,17.22,17.34,16.76,45017.0,77130000.0,18.62,18.62,78.27,2.22,4.17,2330500,2171200.0,2026-08-06,16:14:06
002761,浙江建投,7.25,7.3,7.29,7.34,7.16,119750.0,86810000.0,96.05,78.43,34.31,1.12,1.11,4643500,7331500.0,2026-08-06,16:14:24
002762,金发拉比,9.46,9.26,9.29,9.5,9.11,77414.0,72080000.0,33.49,20.0,-18.14,5.15,3.66,4072500,3668900.0,2026-08-06,16:14:54
002763,汇洁股份,7.25,7.28,7.27,7.3,7.15,55965.0,40410000.0,29.72,22.01,42.76,1.9,1.84,2316600,3279900.0,2026-08-06,16:14:09
002765,蓝黛科技,7.11,7.12,7.12,7.17,7.01,74099.0,52560000.0,46.37,42.37,30.57,1.76,1.24,3118700,4291200.0,2026-08-06,16:14:27
002766,索菱股份,4.43,4.39,4.83,4.83,4.39,1189853.0,548270000.0,38.09,37.96,-51.26,3.61,13.88,62557000,56428300.0,2026-08-06,16:14:12
002767,先锋电子,17.7,17.28,17.28,17.73,17.19,25173.0,44050000.0,26.55,23.05,105.13,3.1,1.93,1386100,1131200.0,2026-08-06,16:14:15
002768,国恩股份,57.8,57.1,56.0,57.97,55.74,103092.0,589040000.0,252.35,145.81,25.57,3.81,4.09,5322900,4986300.0,2026-08-06,16:14:57
002769,普路通,6.96,6.9,6.88,6.96,6.83,64785.0,44710000.0,25.98,25.96,455.18,2.22,1.74,3401500,3077000.0,2026-08-06,16:14:30
002771,真视通,12.94,13.01,12.94,13.2,12.66,74169.0,96040000.0,27.14,22.58,-44.5,4.58,4.25,3637000,3779900.0,2026-08-06,16:14:33
002772,众兴菌业,10.65,10.5,10.48,10.68,10.41,95678.0,101280000.0,39.91,39.58,8.88,1.13,2.57,4889600,4678200.0,2026-08-06,16:14:21
002773,康弘药业,21.05,21.4,21.42,21.5,20.9,82116.0,173380000.0,193.94,144.57,18.12,2.16,1.2,3332500,4879200.0,2026-08-06,16:14:36
002774,快意电梯,16.13,15.5,15.5,16.2,15.24,98286.0,156280000.0,54.31,45.45,92.86,4.88,3.49,5220900,4607700.0,2026-08-06,16:15:00
002775,文科股份,3.91,3.85,3.85,3.91,3.8,211676.0,81530000.0,25.23,22.71,-8.26,-177.56,3.64,10781400,10386300.0,2026-08-06,16:14:03
002777,久远银海,13.44,13.4,13.28,13.62,13.19,105388.0,141300000.0,54.87,54.37,74.45,3.31,2.61,5000000,5538800.0,2026-08-06,16:14:33
002778,中晟高科,15.18,15.08,15.15,15.28,14.89,20207.0,30460000.0,18.94,18.74,129.99,5.9,1.64,1039900,980800.0,2026-08-06,16:14:18
002779,中坚科技,71.12,69.72,69.71,71.45,68.9,34585.0,244250000.0,131.43,117.92,82.66,14.46,2.09,1827900,1630600.0,2026-08-06,16:14:24
002780,三夫户外,13.15,13.11,13.11,13.2,12.91,43343.0,56620000.0,21.75,17.18,30.48,2.68,3.32,1978800,2355500.0,2026-08-06,16:14:21
002782,可立克,14.96,14.98,14.88,15.09,14.63,108172.0,161090000.0,74.17,73.29,29.08,3.46,2.21,4970700,5846500.0,2026-08-06,16:14:36
002783,凯龙股份,7.52,7.48,7.45,7.61,7.44,66641.0,50140000.0,37.55,34.68,32.35,1.44,1.45,3148200,3515900.0,2026-08-06,16:14:06
002785,万里石,34.52,34.23,34.26,34.98,33.88,54655.0,188020000.0,78.23,66.79,-93.64,9.84,2.82,3228300,2237200.0,2026-08-06,16:14:39
002786,银宝山新,7.73,7.73,7.68,7.79,7.6,74564.0,57450000.0,38.31,38.19,-117.55,19.23,1.51,3482800,3973600.0,2026-08-06,16:14:27
002787,华源控股,21.24,20.83,20.68,21.33,20.16,175516.0,366620000.0,70.6,52.69,50.41,3.87,7.07,8649500,8902100.0,2026-08-06,16:14:24
002788,鹭燕医药,10.82,10.76,10.76,11.11,10.52,323573.0,349450000.0,42.04,41.31,15.15,1.3,8.47,16159500,16197800.0,2026-08-06,16:14:42
002789,*ST建艺,10.38,9.93,10.02,10.45,9.96,21463.0,22020000.0,16.57,16.24,-2.14,10.9,1.37,1138400,1007900.0,2026-08-06,16:14:30
002790,瑞尔特,5.78,5.7,5.7,5.78,5.61,34426.0,19640000.0,24.15,15.07,-1056.93,1.17,1.32,1877100,1565500.0,2026-08-06,16:14:09
002791,坚朗五金,15.32,15.29,15.34,15.41,15.01,48059.0,73070000.0,54.22,33.35,-50.19,1.01,2.21,2117800,2688100.0,2026-08-06,16:14:12
002792,通宇通讯,33.81,30.74,32.68,33.81,31.48,234535.0,773170000.0,177.11,114.22,1040.74,6.31,6.94,9345900,14107700.0,2026-08-06,16:14:45
002793,罗欣药业,5.05,5.08,5.1,5.18,4.97,513914.0,258780000.0,54.92,54.84,-20.34,4.99,4.73,24023400,27368000.0,2026-08-06,16:14:15
002795,永和智控,6.64,6.56,6.59,6.67,6.46,137631.0,90490000.0,29.33,28.85,-56.47,6.58,3.17,6658100,7105000.0,2026-08-06,16:14:18
002796,世嘉科技,29.18,27.84,27.31,29.47,27.15,193532.0,555090000.0,73.64,66.45,-120.24,8.74,8.5,9479700,9873600.0,2026-08-06,16:14:39
002797,第一创业,6.61,6.68,6.65,6.77,6.57,724698.0,483290000.0,277.78,277.78,26.61,1.61,1.72,33823500,38646300.0,2026-08-06,16:14:33
002798,帝欧水华,5.58,5.5,5.5,5.6,5.46,85274.0,47140000.0,32.78,28.83,-6.54,1.71,1.65,4371100,4156300.0,2026-08-06,16:14:27
002799,环球印务,6.6,6.58,6.53,6.64,6.48,45363.0,29770000.0,21.12,21.12,-132.15,1.66,1.42,2536000,2000300.0,2026-08-06,16:14:48
002800,天顺股份,13.29,13.18,13.24,13.38,13.02,28662.0,37940000.0,20.23,19.65,-84.31,4.1,1.94,1571300,1294900.0,2026-08-06,16:14:36
002801,微光股份,27.86,28.28,28.2,28.38,27.57,12916.0,36080000.0,63.98,32.26,15.39,3.26,1.12,699000,592600.0,2026-08-06,16:14:42
002802,洪汇新材,11.27,11.08,11.07,11.28,11.0,20234.0,22530000.0,20.43,16.87,47.95,3.21,1.35,1133100,890300.0,2026-08-06,16:14:30
002803,吉宏股份,19.98,19.58,19.59,20.56,19.49,165840.0,332160000.0,91.49,59.45,31.55,3.42,5.57,8398800,8185200.0,2026-08-06,16:14:51
002805,丰元股份,18.58,18.29,18.5,18.71,18.15,160223.0,295560000.0,52.04,51.8,-16.34,5.56,5.75,7720700,8301500.0,2026-08-06,16:14:45
002806,华锋股份,13.83,13.56,13.49,13.85,13.38,74129.0,101190000.0,29.39,24.08,-68.58,2.63,4.26,3879500,3533400.0,2026-08-06,16:14:33
002807,江阴银行,4.03,4.04,4.05,4.06,3.97,382405.0,153370000.0,109.11,108.95,5.3,0.55,1.41,16360500,21879900.0,2026-08-06,16:14:39
002808,恒久退,0.22,0.22,0.0,0.0,0.0,0.0,0.0,0.59,0.41,-1.31,0.25,0.0,0,0.0,2026-08-06,09:00:00
002809,红墙股份,8.1,7.96,8.0,8.1,7.91,48296.0,38640000.0,19.46,13.77,-37.21,1.2,2.84,2557100,2272400.0,2026-08-06,16:14:48
002810,山东赫达,20.42,20.33,20.26,20.56,20.07,39169.0,79580000.0,71.05,65.95,35.66,3.31,1.21,1951300,1965600.0,2026-08-06,16:14:54
002811,郑中设计,10.39,10.31,10.22,10.44,10.17,35645.0,36730000.0,32.0,29.36,19.38,2.25,1.26,2016400,1548100.0,2026-08-06,16:14:36
002812,恩捷股份,53.7,54.75,54.6,55.0,52.91,213982.0,1150910000.0,526.97,441.74,139.83,2.06,2.6,9781300,11616900.0,2026-08-06,16:14:42
002813,路畅科技,21.1,21.16,20.73,21.39,20.73,30277.0,63740000.0,25.32,25.3,-36.57,12.49,2.53,1493200,1534500.0,2026-08-06,16:14:21
002815,崇达技术,12.44,12.31,12.17,12.61,12.04,405949.0,503160000.0,153.53,96.68,63.66,1.76,5.22,19762600,20832300.0,2026-08-06,16:14:57
002816,*ST和科,26.93,25.4,25.28,27.02,25.19,27155.0,71270000.0,26.93,26.93,260.71,11.3,2.72,1446900,1268600.0,2026-08-06,16:14:45
002817,黄山胶囊,6.28,6.24,6.26,6.31,6.18,54763.0,34240000.0,18.78,18.21,29.57,1.95,1.89,2898400,2577900.0,2026-08-06,16:14:39
002818,富森美,10.82,10.82,10.8,10.85,10.71,32540.0,35030000.0,80.98,32.28,10.19,1.41,1.09,1470600,1783500.0,2026-08-06,16:14:42
002819,东方中科,21.0,21.01,21.0,21.23,20.64,20362.0,42570000.0,62.92,49.93,-42.73,1.61,0.86,962500,1073700.0,2026-08-06,16:14:51
002820,桂发祥,9.2,9.15,9.15,9.25,9.01,48976.0,44710000.0,18.48,18.48,-77.48,2.19,2.44,2510500,2387100.0,2026-08-06,16:14:45
002821,凯莱英,156.6,163.38,165.5,166.16,154.0,135131.0,2141640000.0,564.98,496.49,50.89,3.23,4.26,6284100,7229000.0,2026-08-06,16:14:48
002822,ST中装,3.23,3.18,3.18,3.23,3.13,122988.0,39210000.0,62.98,34.53,-2.04,5.85,1.15,5753300,6545500.0,2026-08-06,16:14:51
002823,凯中精密,13.32,13.35,13.35,13.41,13.15,44463.0,59070000.0,43.74,29.16,18.47,2.16,2.03,1915400,2531000.0,2026-08-06,16:14:48
002824,和胜股份,22.93,22.0,21.91,22.93,21.2,197730.0,441180000.0,71.35,51.86,42.61,3.13,8.74,10630900,9142100.0,2026-08-06,16:15:00
002825,纳尔股份,8.5,8.44,8.43,8.64,8.36,39929.0,33850000.0,29.06,21.81,32.48,1.79,1.56,1959100,2033900.0,2026-08-06,16:14:51
002826,易明医药,18.15,16.5,16.52,18.15,16.39,62198.0,108310000.0,34.61,33.53,37.04,4.28,3.37,2745200,3474600.0,2026-08-06,16:14:54
002827,高争民爆,49.24,44.76,48.87,49.24,47.28,176242.0,860210000.0,136.42,135.9,71.85,13.11,6.39,8590600,9033600.0,2026-08-06,16:14:54
002828,贝肯能源,11.97,12.4,12.42,12.52,11.87,208512.0,253040000.0,24.06,24.06,-42.84,3.68,10.37,8789700,12061600.0,2026-08-06,16:14:24
002829,星网宇达,20.72,20.76,20.76,21.24,20.47,104869.0,217930000.0,43.06,30.26,-34.72,2.78,7.18,5264600,5222300.0,2026-08-06,16:14:57
002830,名雕股份,13.41,13.12,13.12,13.43,12.95,28307.0,37440000.0,24.93,12.45,57.6,3.79,3.05,1498100,1332600.0,2026-08-06,16:14:03
002831,裕同科技,29.1,27.96,28.2,29.1,27.3,114468.0,323000000.0,374.9,207.84,23.47,3.23,1.6,5839300,5607500.0,2026-08-06,16:14:06
002832,比音勒芬,25.61,25.89,25.8,26.0,24.77,171769.0,433390000.0,146.16,99.73,24.14,2.74,4.41,7099800,10077100.0,2026-08-06,16:15:00
002833,弘亚数控,18.1,18.03,18.03,18.21,17.87,41059.0,74050000.0,77.66,53.05,17.51,2.77,1.4,1656900,2449100.0,2026-08-06,16:14:09
002835,同为股份,12.34,12.14,12.1,12.44,12.02,39662.0,48560000.0,27.09,15.71,23.54,2.23,3.12,2087100,1879200.0,2026-08-06,16:14:27
002836,新宏泽,9.78,9.43,9.39,9.9,9.35,48692.0,47000000.0,22.53,22.53,52.64,6.4,2.11,2317200,2552000.0,2026-08-06,16:14:30
002837,英维克,52.93,52.33,51.6,53.83,50.77,400237.0,2103990000.0,674.51,598.35,139.78,20.47,3.54,19933200,20090500.0,2026-08-06,16:14:33
002838,道恩股份,25.92,26.35,25.91,26.45,25.6,86602.0,224680000.0,124.0,109.03,47.02,3.34,2.06,3342000,5318200.0,2026-08-06,16:14:36
002839,张家港行,4.41,4.46,4.46,4.47,4.36,322329.0,141920000.0,107.8,107.69,5.41,0.57,1.32,13028500,19204400.0,2026-08-06,16:14:39
002840,华统股份,8.26,8.33,8.33,8.48,8.1,193575.0,159700000.0,66.26,65.8,-16.13,1.84,2.43,8639200,10718300.0,2026-08-06,16:14:12
002841,视源股份,50.03,49.03,48.3,50.65,47.9,147705.0,732970000.0,349.8,260.83,31.85,2.66,2.83,7045200,7725300.0,2026-08-06,16:14:03
002842,翔鹭钨业,36.98,34.56,36.0,37.88,35.27,735436.0,2664110000.0,120.99,99.28,31.35,8.55,27.39,37126400,36417200.0,2026-08-06,16:14:06
002843,泰嘉股份,16.36,16.27,16.11,16.5,15.95,83926.0,136330000.0,41.18,40.93,-148.37,3.06,3.35,4379300,4013300.0,2026-08-06,16:14:42
002845,同兴达,12.74,12.65,12.5,12.85,12.5,86379.0,109720000.0,41.73,31.88,103.38,1.72,3.45,4511400,4126500.0,2026-08-06,16:14:45
002846,英联股份,10.61,10.69,10.63,10.85,10.47,114549.0,121930000.0,44.56,27.6,121.18,3.15,4.4,5295300,6159700.0,2026-08-06,16:14:54
002847,盐津铺子,49.9,50.57,50.78,50.78,49.54,34944.0,174630000.0,134.82,121.69,16.83,7.36,1.43,1338700,2155700.0,2026-08-06,16:14:15
002848,高斯贝尔,12.76,12.73,12.8,12.97,12.6,63726.0,81620000.0,21.33,21.11,-39.54,30.37,3.85,3677800,2694800.0,2026-08-06,16:14:09
002849,威星智能,16.09,15.45,15.4,16.31,15.2,115858.0,184160000.0,35.5,35.21,67.86,2.59,5.29,6378100,5207700.0,2026-08-06,16:14:57
002850,科达利,179.0,183.96,182.1,182.94,176.81,46838.0,838860000.0,512.53,375.29,27.89,3.53,2.23,1871200,2812700.0,2026-08-06,16:14:57
002851,麦格米特,121.3,116.5,115.85,123.37,112.5,339434.0,4028470000.0,709.62,596.42,463.24,7.93,6.9,17528200,16415200.0,2026-08-06,16:14:48
002852,道道全,7.77,7.72,7.7,7.8,7.6,39905.0,30760000.0,26.73,22.21,18.44,1.21,1.4,2113000,1877500.0,2026-08-06,16:14:12
002853,皮阿诺,21.0,20.79,20.76,21.12,20.4,11348.0,23610000.0,38.41,27.03,-83.75,4.32,0.88,612200,522600.0,2026-08-06,16:14:18
002855,捷荣技术,9.91,9.81,9.78,9.95,9.67,23480.0,23110000.0,24.42,24.4,-5.8,11.79,0.95,1265000,1083000.0,2026-08-06,16:15:00
002856,*ST美芝,15.44,15.08,14.99,15.58,14.7,55614.0,83810000.0,20.89,19.13,-10.72,-41.05,4.49,2836000,2725400.0,2026-08-06,16:14:03
002857,三晖电气,16.65,16.53,16.54,16.65,16.18,27411.0,44910000.0,21.75,21.41,-41.66,4.66,2.13,1424100,1317000.0,2026-08-06,16:14:21
002858,力盛体育,11.49,11.63,11.63,11.71,11.33,34168.0,39250000.0,21.45,16.94,-303.91,2.55,2.32,1553600,1863200.0,2026-08-06,16:14:24
002859,洁美科技,67.81,65.36,63.6,69.3,63.31,219621.0,1469380000.0,307.61,290.44,131.55,10.18,5.13,10118400,11843700.0,2026-08-06,16:15:00
002860,星帅尔,16.59,16.7,16.68,16.73,16.16,137528.0,225600000.0,58.42,57.07,30.36,2.6,4.0,6960000,6792800.0,2026-08-06,16:14:15
002861,瀛通通讯,16.51,16.15,16.16,16.7,16.03,63836.0,104790000.0,30.76,24.79,-38.48,2.98,4.25,3485200,2898400.0,2026-08-06,16:14:18
002862,实丰文化,13.67,13.75,13.74,13.97,13.4,32600.0,44580000.0,23.17,17.58,-13.6,7.63,2.54,1647100,1613000.0,2026-08-06,16:14:03
002863,今飞凯达,4.47,4.4,4.39,4.58,4.34,251365.0,111690000.0,26.8,26.8,41.88,0.95,4.19,13327100,11809400.0,2026-08-06,16:14:06
002864,盘龙药业,21.29,21.25,21.11,21.3,20.97,29278.0,61920000.0,29.1,20.99,33.53,1.74,2.97,1285500,1642300.0,2026-08-06,16:14:27
002865,钧达股份,44.22,44.3,43.81,44.8,43.31,84245.0,371030000.0,137.64,98.84,-10.62,3.42,3.77,4157900,4266600.0,2026-08-06,16:14:06
002866,传艺科技,15.42,15.56,15.5,15.68,15.14,127024.0,195400000.0,44.64,27.94,71.9,2.13,7.01,5825500,6876900.0,2026-08-06,16:14:09
002867,周大生,12.76,12.77,12.77,12.94,12.66,72438.0,92350000.0,138.51,137.69,12.1,2.28,0.67,2984400,4259400.0,2026-08-06,16:14:30
002868,绿康生化,23.02,22.79,22.79,23.37,22.48,20904.0,47770000.0,35.78,24.73,-48.76,50.42,1.95,1108100,982300.0,2026-08-06,16:14:51
002869,金溢科技,16.16,16.04,15.86,16.48,15.86,42818.0,69390000.0,28.59,25.45,-19.34,1.42,2.72,1993000,2288800.0,2026-08-06,16:14:12
002870,香山股份,39.93,39.61,39.31,40.66,39.3,18188.0,72740000.0,52.74,51.8,85.31,3.26,1.4,970200,848600.0,2026-08-06,16:14:54
002871,伟隆股份,16.53,16.64,16.52,16.86,16.25,33281.0,55050000.0,41.63,24.67,31.72,3.84,2.23,1599400,1728700.0,2026-08-06,16:14:57
002872,ST天圣,5.22,5.06,5.07,5.24,5.06,30452.0,15680000.0,16.6,11.22,-31.44,0.86,1.42,2091300,953900.0,2026-08-06,16:14:21
002873,新天药业,7.9,7.8,7.8,7.9,7.75,64376.0,50400000.0,19.28,18.94,229.05,1.54,2.69,3277500,3160100.0,2026-08-06,16:15:00
002875,安奈儿,14.01,13.48,13.67,14.15,13.45,85998.0,119160000.0,29.76,29.76,-38.16,4.86,4.05,4050500,4549300.0,2026-08-06,16:14:33
002876,三利谱,27.55,27.62,27.4,28.02,27.3,29988.0,83010000.0,47.91,41.03,94.36,2.0,2.01,1336700,1662100.0,2026-08-06,16:14:15
002877,智能自控,7.23,7.19,7.15,7.25,7.1,52847.0,37970000.0,25.73,17.39,107.66,2.14,2.2,2955800,2329000.0,2026-08-06,16:14:09
002878,元隆雅图,12.53,12.6,12.59,12.75,12.29,61570.0,77070000.0,32.83,29.56,-88.47,2.63,2.61,2788200,3368800.0,2026-08-06,16:14:12
002879,长缆科技,18.0,19.01,18.82,18.88,17.72,290772.0,523940000.0,34.76,24.69,26.2,2.06,21.2,11833400,17243800.0,2026-08-06,16:14:36
002880,卫光生物,20.08,20.94,20.72,20.75,19.93,33693.0,67940000.0,45.54,45.54,19.5,1.9,1.49,1042200,2327000.0,2026-08-06,16:14:15
002881,美格智能,38.13,37.87,37.3,38.69,37.25,72991.0,277260000.0,115.18,69.79,80.51,4.27,3.99,3611900,3687200.0,2026-08-06,16:14:18
002882,金龙羽,21.97,22.94,22.7,23.47,21.85,187024.0,419820000.0,95.11,54.22,122.78,4.57,7.58,7410800,11291600.0,2026-08-06,16:14:24
002883,*ST中设,8.67,8.55,8.49,8.73,8.49,14268.0,12300000.0,13.54,13.29,-68.66,2.89,0.93,951900,474900.0,2026-08-06,16:14:18
002884,凌霄泵业,16.23,16.25,16.21,16.25,16.08,16886.0,27270000.0,58.05,44.32,12.94,2.69,0.62,785400,903200.0,2026-08-06,16:14:39
002885,京泉华,26.86,26.19,26.15,27.15,25.73,154658.0,409810000.0,72.77,63.73,75.17,4.75,6.52,7480800,7985000.0,2026-08-06,16:14:03
002886,沃特股份,19.19,18.91,18.93,19.22,18.55,95180.0,180800000.0,50.51,40.12,70.85,2.76,4.55,4635800,4882200.0,2026-08-06,16:14:06
002887,绿茵生态,10.76,10.23,10.17,11.19,10.12,109260.0,116730000.0,32.92,23.37,24.39,1.44,5.03,5625600,5300500.0,2026-08-06,16:14:09
002888,惠威科技,17.71,17.27,17.17,17.8,16.96,29010.0,50420000.0,26.15,13.27,141.67,7.25,3.87,1488400,1412600.0,2026-08-06,16:14:27
002889,东方嘉盛,12.23,12.28,12.14,12.3,11.96,84901.0,103040000.0,46.19,30.73,47.14,1.85,3.38,3801700,4688400.0,2026-08-06,16:14:21
002890,弘宇股份,14.1,13.44,13.47,14.19,13.44,32060.0,44570000.0,23.95,22.77,224.08,3.98,1.99,1904500,1301500.0,2026-08-06,16:14:42
002891,中宠股份,31.02,31.64,31.6,31.62,30.41,142914.0,442130000.0,99.85,99.85,28.77,3.01,4.44,6333900,7957500.0,2026-08-06,16:14:30
002892,科力尔,9.67,9.89,9.83,9.95,9.66,88816.0,86720000.0,71.85,48.46,373.0,5.74,1.77,3449800,5431700.0,2026-08-06,16:14:21
002893,京能热力,9.79,9.73,9.73,9.79,9.64,61430.0,59740000.0,25.81,19.85,39.72,1.87,3.03,3130400,3012600.0,2026-08-06,16:14:12
002895,川恒股份,34.89,34.74,34.6,35.49,34.57,54531.0,191320000.0,211.4,209.19,16.95,3.01,0.91,2760800,2692300.0,2026-08-06,16:14:45
002896,中大力德,78.61,78.92,76.37,80.42,76.0,181022.0,1426520000.0,154.49,154.49,274.06,13.08,9.21,8823600,9278700.0,2026-08-06,16:14:15
002897,意华股份,56.75,55.6,54.87,57.46,54.28,107340.0,602840000.0,110.03,104.66,37.43,4.01,5.82,5389800,5344200.0,2026-08-06,16:14:18
002898,赛隆退,0.37,0.37,0.0,0.0,0.0,0.0,0.0,0.65,0.37,-0.5,0.18,0.0,0,0.0,2026-08-06,09:00:00
002899,英派斯,20.38,19.52,19.59,20.62,19.3,46452.0,93900000.0,30.12,30.12,47.21,1.71,3.14,2418500,2226800.0,2026-08-06,16:14:48
002900,哈三联,12.25,12.71,12.41,12.64,12.06,293590.0,360440000.0,38.75,19.74,-12.19,2.19,18.22,13127700,16231300.0,2026-08-06,16:14:24
002901,大博医疗,43.28,43.42,43.42,43.54,42.72,19764.0,85130000.0,179.19,124.82,27.86,5.15,0.69,925000,1051300.0,2026-08-06,16:14:21
002902,铭普光磁,24.07,23.63,23.0,24.38,23.0,302070.0,719790000.0,56.57,42.76,-25.29,9.32,17.01,14608500,15598500.0,2026-08-06,16:14:27
002903,宇环数控,27.39,26.15,26.15,28.15,26.1,180635.0,492600000.0,42.92,29.22,-135.76,5.51,16.93,7973600,10089900.0,2026-08-06,16:14:24
002905,金逸影视,7.67,7.6,7.62,7.78,7.51,46356.0,35330000.0,28.86,26.8,-29.28,44.25,1.33,2114000,2521600.0,2026-08-06,16:14:30
002906,华阳集团,26.31,26.7,26.5,26.99,26.3,53389.0,141740000.0,138.11,138.03,17.44,2.0,1.02,2352700,2986200.0,2026-08-06,16:14:33
002907,华森制药,13.0,13.06,13.09,13.12,12.85,35991.0,46680000.0,54.29,43.66,94.38,3.18,1.07,1600800,1998300.0,2026-08-06,16:14:27
002908,德生科技,7.35,7.58,7.53,7.68,7.21,279549.0,206020000.0,31.71,23.65,-439.28,2.95,8.69,12223000,15731900.0,2026-08-06,16:14:24
002909,集泰股份,5.04,4.96,4.96,5.05,4.91,52201.0,26090000.0,19.66,19.17,-56.07,2.31,1.37,2507600,2712500.0,2026-08-06,16:14:51
002910,庄园牧场,9.14,9.0,9.04,9.18,8.91,66782.0,60300000.0,17.87,15.64,-22.36,1.8,3.9,3443800,3234400.0,2026-08-06,16:14:36
002911,佛燃能源,11.2,11.31,11.25,11.33,11.07,63348.0,70990000.0,145.4,141.91,13.84,1.72,0.5,2981400,3353400.0,2026-08-06,16:14:39
002912,中新赛克,20.93,22.2,21.1,21.61,20.56,121563.0,256220000.0,35.74,33.95,132.55,2.28,7.49,5143000,7013200.0,2026-08-06,16:14:42
002913,奥士康,50.38,47.92,47.3,51.36,47.09,99508.0,495170000.0,159.89,153.88,75.04,3.69,3.26,5208200,4742600.0,2026-08-06,16:14:45
002915,中欣氟材,18.65,16.95,16.76,18.65,16.72,255709.0,459940000.0,62.53,53.73,583.53,4.21,8.88,13551100,12019800.0,2026-08-06,16:14:48
002916,深南电路,353.99,349.18,340.0,367.29,338.08,107346.0,3801470000.0,2411.26,2353.36,66.34,14.65,1.61,5535400,5199200.0,2026-08-06,16:14:51
002917,金奥博,10.55,10.42,10.43,10.6,10.38,35068.0,36840000.0,36.67,27.49,20.69,2.16,1.35,1816600,1690200.0,2026-08-06,16:14:27
002918,蒙娜丽莎,9.76,9.63,9.58,9.83,9.51,122611.0,118960000.0,39.9,20.91,42.64,1.25,5.72,6768700,5492500.0,2026-08-06,16:14:54
002919,名臣健康,17.5,17.5,17.5,17.7,17.02,36791.0,64110000.0,46.57,46.24,188.05,5.85,1.39,1856400,1822700.0,2026-08-06,16:14:30
002920,德赛西威,93.3,95.98,95.98,96.28,92.5,118542.0,1119230000.0,556.82,556.65,23.87,3.67,1.99,5540200,6313900.0,2026-08-06,16:14:54
002921,联诚精密,22.98,23.05,22.74,23.35,22.47,58937.0,135080000.0,34.23,29.52,-447.89,2.61,4.59,2536800,3356900.0,2026-08-06,16:14:30
002922,伊戈尔,25.26,25.69,25.38,25.57,24.93,149239.0,376660000.0,106.74,95.23,47.04,2.88,3.96,6901800,8022100.0,2026-08-06,16:14:33
002923,润都股份,10.8,10.89,10.89,10.99,10.71,78350.0,84840000.0,36.17,27.87,-72.72,3.43,3.04,3493900,4341100.0,2026-08-06,16:14:33
002925,盈趣科技,23.14,23.48,23.19,23.77,22.98,143996.0,336310000.0,178.56,169.16,30.08,3.58,1.97,6672400,7727200.0,2026-08-06,16:14:36
002926,华西证券,8.27,8.4,8.38,8.39,8.24,137067.0,113850000.0,217.09,217.09,13.89,0.88,0.52,4442100,9264600.0,2026-08-06,16:14:57
002927,泰永长征,15.59,15.53,15.39,15.66,15.25,47420.0,73390000.0,34.8,34.41,-423.01,3.46,2.15,2273000,2468900.0,2026-08-06,16:15:00
002928,华夏航空,6.66,6.77,6.7,6.8,6.55,308336.0,205190000.0,85.13,85.13,12.56,2.14,2.41,13094800,17738700.0,2026-08-06,16:14:33
002929,润建股份,57.22,57.77,57.0,58.75,56.43,201946.0,1162930000.0,163.87,123.92,-871.16,2.59,9.32,10147400,10047100.0,2026-08-06,16:14:36
002930,宏川智慧,9.08,8.96,8.91,9.13,8.81,89322.0,80320000.0,41.59,39.35,-9.62,2.12,2.06,4484700,4447500.0,2026-08-06,16:14:57
002931,锋龙股份,50.77,49.5,49.03,51.68,48.1,153397.0,770450000.0,110.94,102.85,618.75,11.76,7.57,6850900,8488800.0,2026-08-06,16:14:36
002932,*ST明德,14.88,14.89,14.75,14.91,14.72,10559.0,15640000.0,34.6,23.23,-262.61,0.63,0.68,454900,601000.0,2026-08-06,16:14:03
002933,新兴装备,26.7,26.34,26.4,26.86,26.2,12453.0,33060000.0,31.33,31.17,117.53,2.04,1.07,674100,571200.0,2026-08-06,16:14:39
002935,天奥电子,16.73,15.99,15.83,17.4,15.8,112300.0,187040000.0,70.95,69.44,107.32,4.45,2.71,5187100,6042900.0,2026-08-06,16:14:06
002936,郑州银行,1.79,1.81,1.81,1.83,1.77,1176172.0,210580000.0,162.75,125.82,8.35,0.35,1.67,52945600,64671600.0,2026-08-06,16:15:00
002937,兴瑞科技,29.57,28.52,28.24,29.67,27.86,83923.0,243300000.0,93.44,93.2,66.46,6.53,2.66,4533500,3858700.0,2026-08-06,16:14:03
002938,鹏鼎控股,93.85,91.13,89.0,96.17,88.03,291928.0,2712490000.0,2175.01,2168.71,58.59,6.73,1.26,14906700,14286100.0,2026-08-06,16:14:42
002939,长城证券,8.2,8.31,8.3,8.3,8.17,227675.0,187120000.0,330.82,295.42,13.98,1.03,0.63,8382600,14384800.0,2026-08-06,16:14:45
002940,昂利康,25.68,25.57,25.88,26.08,25.32,134064.0,344090000.0,51.8,47.58,40.73,3.2,7.24,6781500,6625000.0,2026-08-06,16:14:39
002941,新疆交建,10.91,10.93,10.93,11.25,10.78,171289.0,187800000.0,79.62,79.62,17.16,1.75,2.35,7796400,9332500.0,2026-08-06,16:14:06
002942,新农股份,15.17,15.04,15.03,15.25,14.91,11367.0,17170000.0,23.59,21.05,23.63,1.95,0.82,553400,583300.0,2026-08-06,16:14:42
002943,宇晶股份,32.69,30.93,30.22,33.2,30.01,134753.0,433910000.0,87.23,61.74,262.56,10.08,7.14,6611700,6863600.0,2026-08-06,16:14:39
002945,华林证券,14.77,15.03,14.81,14.99,14.72,167781.0,248830000.0,398.79,398.79,80.25,5.54,0.62,7496600,9281500.0,2026-08-06,16:14:48
002946,新乳业,16.8,17.3,17.2,17.3,16.69,89532.0,151020000.0,144.59,142.92,18.44,4.14,1.05,3806600,5146600.0,2026-08-06,16:14:51
002947,恒铭达,57.55,56.59,55.6,58.3,54.71,70145.0,400030000.0,147.2,114.12,25.59,4.74,3.54,3232300,3782200.0,2026-08-06,16:14:54
002948,青岛银行,5.74,5.73,5.73,5.79,5.69,365400.0,209570000.0,334.09,202.17,6.13,0.8,1.04,17589400,18950600.0,2026-08-06,16:14:45
002949,华阳国际,10.42,10.26,10.26,10.48,10.21,31187.0,32330000.0,20.43,15.83,22.07,1.43,2.05,1610900,1507800.0,2026-08-06,16:14:09
002950,奥美医疗,9.26,9.32,9.31,9.32,9.15,58216.0,53700000.0,58.64,39.78,21.61,1.63,1.36,3018700,2803000.0,2026-08-06,16:14:09
002951,金时科技,13.97,13.83,13.8,14.1,13.66,61456.0,85490000.0,56.58,56.04,-25.24,3.73,1.53,2649900,3495700.0,2026-08-06,16:14:12
002952,亚世光电,19.67,19.27,19.1,19.89,19.01,42964.0,84180000.0,32.33,25.89,213.3,3.7,3.26,2238600,2057800.0,2026-08-06,16:14:57
002953,日丰股份,9.71,9.71,9.71,9.73,9.56,63198.0,61030000.0,47.73,26.34,30.46,2.19,2.33,2531100,3788700.0,2026-08-06,16:14:48
002955,鸿合科技,34.45,33.78,33.16,34.6,32.88,62864.0,213910000.0,81.52,67.4,865.8,2.54,3.21,3262000,3024400.0,2026-08-06,16:14:51
002956,西麦食品,18.09,18.1,18.1,18.35,17.79,37971.0,68590000.0,56.54,56.53,25.87,3.54,1.22,1680400,2116700.0,2026-08-06,16:14:12
002957,科瑞技术,38.64,38.47,38.14,39.5,37.84,314540.0,1217260000.0,162.28,161.78,54.41,5.06,7.51,14588200,16865800.0,2026-08-06,16:14:42
002958,青农商行,3.06,3.1,3.09,3.11,3.02,730400.0,223230000.0,170.0,166.45,5.32,0.46,1.34,32709600,40330300.0,2026-08-06,16:14:45
002959,小熊电器,34.25,34.3,34.4,34.45,33.91,7214.0,24660000.0,53.37,47.88,15.59,1.86,0.52,373700,347800.0,2026-08-06,16:14:15
002960,青鸟智控,8.19,8.25,8.18,8.28,8.14,74643.0,61180000.0,86.3,79.3,27.36,1.4,0.77,3503100,3961200.0,2026-08-06,16:15:00
002961,瑞达期货,19.83,20.03,20.0,20.18,19.66,46302.0,92280000.0,94.58,94.58,14.13,2.36,0.97,2046300,2583900.0,2026-08-06,16:14:15
002962,五方光电,13.15,12.97,12.9,13.2,12.82,113286.0,147810000.0,38.35,27.51,127.47,2.2,5.42,5885000,5443600.0,2026-08-06,16:14:03
002963,豪尔赛,19.35,17.59,19.34,19.35,18.52,137339.0,262600000.0,29.09,23.8,-26.51,2.45,11.17,5465900,8268000.0,2026-08-06,16:14:54
002965,祥鑫科技,31.4,30.85,30.5,31.48,30.08,162040.0,501950000.0,83.33,59.79,160.2,1.99,8.51,8047900,8156100.0,2026-08-06,16:14:18
002966,苏州银行,8.21,8.25,8.23,8.33,8.13,422687.0,347020000.0,367.04,360.87,6.7,0.72,0.96,19483800,22784900.0,2026-08-06,16:14:18
002967,广电计量,17.39,17.39,17.65,17.97,17.31,73741.0,129930000.0,111.23,95.6,25.47,2.3,1.34,3105400,4268700.0,2026-08-06,16:14:21
002968,新大正,8.9,8.87,8.84,8.94,8.71,31718.0,28040000.0,20.14,18.96,21.17,1.62,1.49,1477800,1694000.0,2026-08-06,16:14:21
002969,嘉美包装,13.56,13.33,13.39,13.9,13.26,632602.0,855130000.0,148.96,148.17,105.67,4.57,5.79,29047900,34212300.0,2026-08-06,16:14:06
002970,锐明技术,53.42,53.12,52.33,54.15,52.1,38436.0,205130000.0,98.26,67.52,30.19,4.85,3.04,2069600,1774000.0,2026-08-06,16:14:48
002971,和远气体,41.25,37.5,37.69,41.25,37.55,227604.0,891440000.0,86.88,66.41,163.38,4.87,14.14,11063700,11696700.0,2026-08-06,16:14:24
002972,科安达,13.6,12.99,12.87,14.18,12.73,129466.0,175300000.0,33.46,18.31,36.09,2.65,9.62,5923200,7023400.0,2026-08-06,16:14:27
002973,侨银股份,10.99,9.99,10.02,10.99,10.02,123117.0,132000000.0,44.91,34.91,29.71,1.76,3.88,5785600,6526100.0,2026-08-06,16:14:30
002975,博杰股份,93.07,84.61,87.57,93.07,87.16,157364.0,1433680000.0,193.71,127.84,83.18,8.23,11.46,7470700,8265600.0,2026-08-06,16:14:33
002976,瑞玛精密,21.85,21.56,21.53,21.88,21.0,38137.0,82510000.0,42.52,26.6,-225.85,2.95,3.13,1847900,1965900.0,2026-08-06,16:14:36
002977,*ST天箭,22.05,22.29,22.3,22.3,21.61,11988.0,26290000.0,26.49,14.7,-11.11,3.11,1.8,492400,706400.0,2026-08-06,16:14:51
002978,安宁股份,26.76,27.04,27.11,27.16,26.55,35367.0,94860000.0,126.3,98.82,19.66,1.46,0.96,1425200,2111500.0,2026-08-06,16:14:09
002979,雷赛智能,60.39,60.02,59.52,61.62,59.18,163246.0,987600000.0,190.86,134.54,78.97,10.56,7.33,7746300,8578300.0,2026-08-06,16:14:54
002980,华盛昌,79.03,76.14,75.63,80.55,74.0,109091.0,851390000.0,149.68,80.05,192.75,13.26,10.77,5004300,5904800.0,2026-08-06,16:14:12
002981,朝阳科技,23.68,23.72,23.51,23.89,23.29,19132.0,45120000.0,32.34,28.79,112.53,3.1,1.57,930900,982300.0,2026-08-06,16:14:15
002982,湘佳股份,11.93,11.89,11.87,11.93,11.67,38710.0,45760000.0,24.24,15.52,172.4,1.51,2.98,2091400,1779600.0,2026-08-06,16:14:39
002983,芯瑞达,19.57,19.4,19.2,19.68,19.14,21377.0,41540000.0,43.66,25.08,39.74,3.29,1.67,1216100,921500.0,2026-08-06,16:14:57
002984,森麒麟,14.29,14.5,14.55,14.64,14.29,98310.0,141730000.0,148.09,102.02,15.21,1.1,1.38,3929100,5901800.0,2026-08-06,16:14:18
002985,北摩高科,26.16,26.37,26.3,26.43,25.86,38764.0,101270000.0,86.81,86.57,40.67,3.2,1.17,1597600,2278900.0,2026-08-06,16:14:57
002986,宇新股份,12.43,12.23,12.23,12.54,12.16,48710.0,60310000.0,47.25,37.52,-35.28,1.24,1.61,2336400,2534600.0,2026-08-06,16:15:00
002987,京北方,11.62,11.69,11.5,12.13,11.41,395131.0,464800000.0,120.9,117.82,39.53,4.29,3.9,18164300,21348800.0,2026-08-06,16:14:21
002988,豪美新材,20.96,21.14,21.14,21.36,20.6,34766.0,72970000.0,52.36,52.36,44.84,1.95,1.39,1654900,1821700.0,2026-08-06,16:14:24
002989,中天精装,22.65,22.75,22.37,22.76,21.93,89627.0,200840000.0,45.67,44.81,-25.57,3.28,4.53,5374400,3588300.0,2026-08-06,16:14:27
002990,盛视科技,49.22,49.29,48.79,51.5,48.03,225577.0,1124050000.0,128.88,67.93,218.94,5.22,16.34,10539900,12017800.0,2026-08-06,16:14:42
002991,甘源食品,42.49,42.9,42.9,43.23,42.15,5788.0,24610000.0,39.61,21.22,17.84,2.35,1.16,170000,408800.0,2026-08-06,16:14:24
002992,宝明科技,35.94,36.19,35.46,36.69,35.11,38498.0,138670000.0,65.0,56.15,418.98,8.83,2.46,1677100,2172600.0,2026-08-06,16:15:00
002993,奥海科技,37.52,37.35,37.22,37.95,36.01,74142.0,275670000.0,103.57,89.47,30.08,2.21,3.11,3460400,3953700.0,2026-08-06,16:14:30
002995,天地在线,18.13,18.28,18.0,18.66,17.86,135079.0,246000000.0,32.17,20.38,-28.98,4.01,12.02,6648200,6859700.0,2026-08-06,16:14:03
002996,顺博合金,6.26,6.28,6.28,6.33,6.16,68705.0,42830000.0,41.91,28.69,18.14,1.29,1.5,2794500,4076000.0,2026-08-06,16:14:03
002997,瑞鹄模具,27.03,27.28,27.28,27.48,26.7,21484.0,58060000.0,56.58,56.58,14.11,2.25,1.03,798000,1350300.0,2026-08-06,16:14:06
002998,优彩资源,7.88,7.9,7.86,8.09,7.73,258125.0,203340000.0,27.96,21.32,29.7,1.67,9.54,12156500,13656000.0,2026-08-06,16:14:09
002999,天禾股份,5.74,5.67,5.66,5.76,5.62,54274.0,30910000.0,19.95,19.72,36.96,1.65,1.58,2970400,2457000.0,2026-08-06,16:14:33
003000,劲仔食品,10.65,10.71,10.72,10.73,10.56,27204.0,28900000.0,48.02,32.81,19.49,3.58,0.88,1319700,1400700.0,2026-08-06,16:14:45
003001,中岩大地,20.02,20.75,20.2,21.03,19.47,245601.0,495800000.0,34.94,22.9,347.04,2.96,21.47,11888300,12671800.0,2026-08-06,16:14:27
003002,壶化股份,16.87,16.7,16.78,16.87,16.48,25984.0,43330000.0,33.74,30.85,20.5,2.23,1.42,1209400,1389000.0,2026-08-06,16:14:36
003003,天元股份,10.62,10.46,10.5,10.66,10.41,30320.0,31960000.0,18.77,12.51,31.49,1.46,2.57,1660100,1371900.0,2026-08-06,16:14:06
003004,声迅股份,65.5,64.12,63.26,65.83,62.83,14703.0,95320000.0,53.62,45.03,-5900.16,8.5,2.14,722600,747700.0,2026-08-06,16:14:12
003005,竞业达,13.9,14.29,13.9,14.38,13.86,137760.0,194560000.0,32.16,17.65,-367.41,1.8,10.85,6611900,7164100.0,2026-08-06,16:14:39
003006,百亚股份,14.37,14.62,14.65,14.65,14.28,56876.0,81930000.0,61.74,61.59,27.93,4.4,1.33,2746700,2940900.0,2026-08-06,16:14:48
003007,直真科技,37.99,38.77,38.48,38.98,37.46,28459.0,108740000.0,45.43,27.58,193.04,2.99,3.92,1361200,1484700.0,2026-08-06,16:14:30
003008,开普检测,18.45,18.39,18.45,18.69,18.2,12893.0,23750000.0,19.19,14.34,24.31,1.89,1.66,599700,689600.0,2026-08-06,16:14:42
003009,中天火箭,49.68,49.12,48.51,50.16,48.5,44829.0,221600000.0,81.83,81.82,-102.76,4.06,2.72,2477500,2005500.0,2026-08-06,16:14:45
003010,若羽臣,26.81,26.51,26.5,27.15,25.76,116703.0,307760000.0,83.4,60.63,34.85,11.92,5.16,5321600,6348600.0,2026-08-06,16:14:48
003011,海象新材,19.03,18.65,18.65,19.11,18.5,24685.0,46420000.0,19.54,14.62,22.69,1.44,3.21,1287200,1181300.0,2026-08-06,16:14:15
003012,东鹏控股,4.73,4.71,4.7,4.75,4.65,82870.0,38940000.0,54.73,53.67,16.46,0.75,0.73,4063700,4223200.0,2026-08-06,16:14:51
003013,地铁设计,18.18,18.2,18.06,18.18,17.1,82425.0,146120000.0,83.77,73.17,17.43,2.6,2.05,4368700,3873900.0,2026-08-06,16:14:54
003015,日久光电,11.75,11.01,10.92,11.78,10.89,157601.0,179500000.0,33.03,29.03,38.02,2.99,6.38,9355200,6404800.0,2026-08-06,16:14:18
003016,欣贺股份,6.77,6.75,6.71,6.79,6.66,27348.0,18410000.0,28.47,27.82,95.53,1.06,0.67,1433700,1301100.0,2026-08-06,16:14:51
003017,大洋生物,21.72,21.5,21.55,21.72,21.2,12609.0,27020000.0,21.89,18.06,21.6,1.92,1.52,664600,596400.0,2026-08-06,16:14:54
003018,金富科技,39.4,38.24,38.48,39.51,37.7,216276.0,836640000.0,123.7,112.1,128.92,7.58,7.6,10904600,10723100.0,2026-08-06,16:14:09
003019,宸展光电,23.72,23.54,23.54,23.97,23.24,45863.0,108330000.0,41.97,41.02,24.37,2.57,2.65,2418100,2168200.0,2026-08-06,16:14:21
003020,立方制药,17.53,17.36,17.36,17.73,17.04,137361.0,238830000.0,40.01,29.55,24.66,2.24,8.15,6544900,7191100.0,2026-08-06,16:14:33
003021,兆威机电,80.25,81.17,80.5,81.81,79.7,31885.0,257220000.0,214.72,166.43,89.27,4.27,1.54,1555900,1632700.0,2026-08-06,16:14:12
003022,联泓新科,19.9,19.83,19.76,19.97,19.65,108505.0,215210000.0,265.78,265.55,70.12,3.55,0.81,5326500,5523900.0,2026-08-06,16:14:57
003023,彩虹集团,22.47,21.66,21.43,22.74,21.43,55423.0,121830000.0,23.67,23.62,45.87,1.53,5.27,2772600,2769700.0,2026-08-06,16:14:36
003025,思进智能,12.05,12.02,12.0,12.14,11.88,41700.0,50110000.0,34.22,27.28,22.31,2.75,1.84,1904400,2265600.0,2026-08-06,16:15:00
003026,中晶科技,28.69,28.0,27.65,28.8,27.5,120549.0,341250000.0,53.87,41.47,108.05,8.22,8.34,6312700,5742100.0,2026-08-06,16:14:57
003027,同兴科技,16.5,16.42,16.42,16.69,16.17,19776.0,32560000.0,21.57,17.3,30.49,1.27,1.89,894700,1082900.0,2026-08-06,16:14:03
003028,振邦智能,22.73,22.49,22.24,23.38,22.24,15558.0,35510000.0,32.76,16.07,66.48,1.91,2.2,797700,758100.0,2026-08-06,16:15:00
003029,吉大正元,18.76,17.05,17.0,18.76,16.94,91939.0,165370000.0,36.32,33.04,-37.41,3.55,5.22,3864100,5329800.0,2026-08-06,16:14:06
003030,祖名股份,22.13,21.73,21.69,22.47,21.6,45084.0,99600000.0,27.61,17.92,99.1,2.8,5.57,2154700,2353700.0,2026-08-06,16:14:03
003031,中瓷电子,111.76,108.63,106.95,113.88,105.58,111623.0,1231800000.0,504.1,380.16,79.62,7.86,3.28,5504900,5657400.0,2026-08-06,16:14:06
003032,传智教育,10.95,11.73,11.5,12.0,10.65,1097463.0,1228160000.0,44.07,31.15,-52.7,3.77,38.58,51306500,58439800.0,2026-08-06,16:14:09
003033,征和工业,60.75,61.9,61.01,62.84,59.96,14788.0,90590000.0,49.66,49.05,32.2,3.58,1.83,706800,772000.0,2026-08-06,16:14:24
003035,南网能源,5.6,5.7,5.7,5.72,5.56,262800.0,147630000.0,212.12,212.12,62.26,3.05,0.69,10139900,16140100.0,2026-08-06,16:14:27
003036,泰坦股份,52.25,47.5,47.97,52.25,47.93,77466.0,387590000.0,113.18,113.17,231.54,8.03,3.58,3373500,4373100.0,2026-08-06,16:14:12
003037,三和管桩,5.7,5.64,5.6,5.7,5.6,32163.0,18210000.0,34.15,34.15,98.42,1.24,0.54,1947100,1269200.0,2026-08-06,16:14:15
003038,鑫铂股份,10.75,10.76,10.85,10.85,10.57,42119.0,45070000.0,26.19,17.63,-11.15,0.93,2.57,2532100,1679800.0,2026-08-06,16:14:09
003039,顺控发展,11.97,11.97,11.93,12.05,11.82,30936.0,36900000.0,73.92,73.92,23.35,2.61,0.5,1371000,1722600.0,2026-08-06,16:14:15
003040,楚天龙,12.46,11.33,11.28,12.46,11.23,124084.0,150580000.0,57.46,56.92,-244.52,4.0,2.72,4756000,7652400.0,2026-08-06,16:14:18
003041,真爱美家,42.79,44.86,45.0,45.5,42.53,30900.0,134350000.0,61.62,58.55,200.69,4.19,2.26,1512300,1577700.0,2026-08-06,16:14:39
003042,中农联合,13.07,12.82,12.88,13.25,12.76,49341.0,63960000.0,18.62,16.12,-13.43,1.52,4.0,2394800,2539200.0,2026-08-06,16:14:21
003043,华亚智能,66.71,66.6,65.64,69.0,64.97,63463.0,425270000.0,96.07,62.72,127.74,5.09,6.75,3049800,3296500.0,2026-08-06,16:14:18
003816,中国广核,3.96,3.99,3.98,3.99,3.93,1105802.0,437220000.0,1999.75,1557.67,21.09,1.65,0.28,45796600,64783600.0,2026-08-06,16:14:24
300001,特锐德,35.14,35.82,35.88,36.0,34.85,168228.0,592450000.0,370.84,362.35,29.66,4.4,1.63,7749400,9073400.0,2026-08-06,16:14:42
300002,神州泰岳,8.59,8.89,8.75,8.96,8.55,761976.0,663230000.0,168.98,159.01,23.02,2.2,4.12,28633200,47564500.0,2026-08-06,16:14:48
300003,乐普医疗,12.65,12.95,12.95,12.96,12.6,314111.0,399110000.0,233.19,199.73,28.09,1.44,1.99,11092200,20318800.0,2026-08-06,16:14:45
300004,南风股份,8.35,8.33,8.31,8.41,8.14,164137.0,136150000.0,40.08,40.08,419.73,2.26,3.42,7878800,8534900.0,2026-08-06,16:14:06
300005,探路者,10.86,10.5,10.41,10.9,10.32,594874.0,634320000.0,95.97,95.19,111.45,4.45,6.79,29474700,30012800.0,2026-08-06,16:14:09
300006,莱美药业,4.96,5.04,5.08,5.09,4.9,228775.0,113520000.0,52.37,52.37,-38.53,3.01,2.17,9212900,13664600.0,2026-08-06,16:14:48
300007,汉威科技,34.65,35.13,34.75,35.78,34.23,117253.0,409290000.0,113.46,98.04,68.09,3.86,4.14,4820400,6904900.0,2026-08-06,16:14:51
300008,天海防务,6.25,6.29,6.26,6.32,6.16,449147.0,280270000.0,108.0,102.96,31.53,4.41,2.73,19564200,25350500.0,2026-08-06,16:14:48
300009,安科生物,8.2,8.29,8.31,8.33,8.13,179730.0,147200000.0,137.0,100.88,19.75,3.17,1.46,7710000,10263100.0,2026-08-06,16:14:51
300010,ST豆神,2.33,2.42,2.38,2.44,2.31,688655.0,162630000.0,48.15,38.76,-202.25,2.78,4.14,25362600,43502900.0,2026-08-06,16:14:12
300011,鼎汉技术,5.94,5.95,5.94,5.98,5.83,38787.0,22930000.0,35.97,30.13,-235.73,2.38,0.76,1665900,2212800.0,2026-08-06,16:14:51
300012,华测检测,14.0,14.23,14.53,14.6,13.91,391208.0,556480000.0,235.6,200.37,22.26,3.08,2.73,16019000,23101800.0,2026-08-06,16:14:54
300013,新宁物流,3.76,3.82,3.8,3.87,3.69,165420.0,62260000.0,20.99,20.97,-78.33,11.68,2.97,7578300,8963700.0,2026-08-06,16:14:42
300014,亿纬锂能,54.13,55.81,55.49,55.89,53.65,504542.0,2754080000.0,1176.41,1143.49,26.26,2.73,2.39,20561800,29892400.0,2026-08-06,16:14:54
300015,爱尔眼科,8.73,8.88,8.88,8.91,8.6,894053.0,781150000.0,811.85,694.66,24.08,3.72,1.12,32956200,56449100.0,2026-08-06,16:14:15
300016,北陆药业,7.96,8.03,8.05,8.07,7.87,130777.0,104010000.0,46.3,44.75,37.59,1.88,2.33,5285200,7792500.0,2026-08-06,16:14:57
300017,网宿科技,14.73,14.98,14.72,15.12,14.49,1599904.0,2368890000.0,367.61,348.58,50.47,3.63,6.76,72172800,87817600.0,2026-08-06,16:14:54
300018,中元股份,11.89,12.12,12.15,12.15,11.76,128975.0,153740000.0,58.11,43.28,40.88,4.14,3.54,5170700,7726800.0,2026-08-06,16:14:45
300019,硅宝科技,14.99,15.18,15.09,15.22,14.83,80731.0,121460000.0,58.93,55.25,23.24,2.23,2.19,3564100,4509000.0,2026-08-06,16:14:48
300020,ST银江,3.46,3.5,3.46,3.5,3.43,108403.0,37450000.0,27.5,26.52,-1.54,2.06,1.41,4044600,6795700.0,2026-08-06,16:14:18
300021,大禹节水,3.96,3.92,3.9,3.96,3.86,137262.0,53690000.0,40.49,34.59,80.33,1.56,1.57,7991200,5734900.0,2026-08-06,16:14:57
300022,吉峰科技,8.15,7.97,7.89,8.16,7.89,92366.0,74570000.0,40.28,40.28,-128.46,7.88,1.87,4418500,4818100.0,2026-08-06,16:14:51
300024,机器人,15.67,16.08,15.8,15.98,15.56,421304.0,664600000.0,245.33,245.27,-55.74,6.06,2.69,16010400,26120000.0,2026-08-06,16:14:00
300025,华星创业,5.07,4.77,4.77,5.12,4.77,310637.0,154960000.0,25.8,25.69,-18.91,6.05,6.13,15579900,15483900.0,2026-08-06,16:14:21
300026,红日药业,3.35,3.39,3.37,3.4,3.3,569570.0,190330000.0,100.64,100.54,421.43,1.18,1.9,21804400,35152600.0,2026-08-06,16:14:54
300027,ST华谊,1.87,1.86,1.85,1.9,1.85,360271.0,67360000.0,51.88,47.99,-13.57,-452.7,1.4,16839400,19187700.0,2026-08-06,16:14:57
300029,天龙退,0.12,0.12,0.0,0.0,0.0,0.0,0.0,0.24,0.24,-1.26,-0.7,0.0,0,0.0,2026-08-06,09:00:00
300030,阳普医疗,6.59,6.49,6.49,6.61,6.45,68541.0,44700000.0,20.38,17.94,71.74,3.17,2.52,3627200,3226900.0,2026-08-06,16:14:57
300031,宝通科技,21.32,21.92,21.7,21.95,21.15,225679.0,485500000.0,89.28,75.03,33.95,2.21,6.41,9146800,13421100.0,2026-08-06,16:14:00
300032,金龙机电,3.77,3.72,3.71,3.77,3.66,249167.0,92630000.0,30.28,30.28,-101.18,4.68,3.1,13823800,11092900.0,2026-08-06,16:14:00
300033,同花顺,238.98,242.33,239.0,245.2,237.5,137928.0,3320310000.0,1798.66,1047.71,53.84,25.73,3.15,6574200,7218600.0,2026-08-06,16:14:24
300034,钢研高纳,16.02,16.19,16.08,16.23,15.85,100278.0,160820000.0,127.67,122.88,127.94,3.34,1.31,3939800,6088000.0,2026-08-06,16:14:03
300035,中科电气,13.88,14.18,14.11,14.16,13.78,160835.0,224000000.0,95.14,80.97,23.78,1.96,2.76,5542500,10541100.0,2026-08-06,16:14:03
300036,超图软件,11.9,12.0,11.9,12.21,11.79,127505.0,152660000.0,58.64,52.96,121.19,2.23,2.86,5658200,7092300.0,2026-08-06,16:14:03
300037,新宙邦,67.32,67.0,66.51,68.8,65.51,159059.0,1065840000.0,507.52,368.09,37.65,4.77,2.91,7452300,8453600.0,2026-08-06,16:14:00
300039,上海凯宝,5.6,5.55,5.55,5.75,5.3,812076.0,447920000.0,58.58,51.35,22.6,1.28,8.86,42083000,39124500.0,2026-08-06,16:14:06
300040,九洲集团,6.46,6.63,6.6,6.6,6.33,504661.0,323870000.0,41.56,33.42,94.73,1.6,9.75,21565900,28900200.0,2026-08-06,16:14:03
300041,回天新材,10.94,10.97,10.81,11.09,10.76,240092.0,262070000.0,61.2,59.56,27.46,2.08,4.41,10749300,13259900.0,2026-08-06,16:14:06
300042,朗科科技,44.46,44.09,42.5,44.85,42.36,197972.0,866670000.0,89.1,89.09,73.18,7.95,9.88,9236000,10561200.0,2026-08-06,16:14:06
300043,星辉娱乐,4.87,4.94,4.91,5.06,4.8,555769.0,272570000.0,60.59,60.56,15.11,3.51,4.47,23382200,32194700.0,2026-08-06,16:14:06
300044,*ST赛为,5.15,5.31,5.28,5.3,5.15,205822.0,107130000.0,39.34,36.84,-3.13,-3.44,2.88,6889900,13692300.0,2026-08-06,16:14:09
300045,华力创通,13.39,13.39,13.25,13.63,13.19,165897.0,222750000.0,88.73,69.13,-139.06,5.85,3.21,7384900,9204900.0,2026-08-06,16:14:09
300046,台基股份,24.45,24.51,24.21,24.74,24.06,65693.0,160470000.0,57.83,57.83,126.67,5.19,2.78,2983400,3585800.0,2026-08-06,16:14:09
300047,天源迪科,10.31,10.3,10.22,10.5,10.16,199278.0,205870000.0,65.75,59.17,199.29,2.0,3.47,9579200,10348600.0,2026-08-06,16:14:12
300048,合康新能,5.37,5.46,5.46,5.49,5.35,136492.0,73820000.0,60.81,60.69,272.97,3.31,1.21,6117500,7531700.0,2026-08-06,16:14:09
300049,福瑞医科,43.07,46.68,46.4,46.8,42.72,150909.0,664510000.0,113.7,100.61,72.31,5.91,6.46,6441300,8649600.0,2026-08-06,16:14:12
300050,世纪鼎利,6.15,5.82,5.77,6.17,5.75,314108.0,188480000.0,33.51,33.49,200.39,8.12,5.77,18271300,13139500.0,2026-08-06,16:14:15
300051,琏升科技,8.78,7.96,7.96,8.85,7.9,509686.0,434310000.0,32.66,32.26,-25.38,34.18,13.87,26089400,24879200.0,2026-08-06,16:14:18
300052,中青宝,11.4,11.82,11.65,11.76,11.18,324376.0,371380000.0,29.85,29.85,-51.74,8.67,12.39,13458300,18979300.0,2026-08-06,16:14:21
300053,航宇微,13.0,13.12,12.85,13.22,12.75,243502.0,316220000.0,90.59,84.61,-25.08,6.41,3.74,12065300,12284900.0,2026-08-06,16:14:27
300054,鼎龙股份,76.8,74.02,73.0,77.82,72.0,432164.0,3278090000.0,733.05,571.62,88.3,13.66,5.81,22519200,20697200.0,2026-08-06,16:14:12
300055,万邦达,6.05,5.99,5.99,6.07,5.91,126956.0,76140000.0,50.62,38.29,-21.21,1.03,2.01,6321300,6374300.0,2026-08-06,16:14:12
300056,中创环保,8.92,8.66,8.6,8.92,8.53,155826.0,136470000.0,34.39,34.36,-31.49,47.98,4.05,8808000,6774600.0,2026-08-06,16:14:30
300057,万顺新材,6.35,6.35,6.31,6.42,6.26,341933.0,216530000.0,63.73,52.77,-40.88,1.25,4.11,14969200,19224100.0,2026-08-06,16:14:15
300058,蓝色光标,15.34,15.73,15.42,15.75,14.86,5748256.0,8784100000.0,550.74,533.51,215.75,6.95,16.53,256926900,317898600.0,2026-08-06,16:14:33
300059,东方财富,20.01,20.36,20.2,20.35,19.9,2712284.0,5442640000.0,3166.02,2671.99,24.15,3.3,2.03,102417000,168811400.0,2026-08-06,16:14:36
300061,旗天科技,6.75,6.77,6.66,6.87,6.62,196462.0,132490000.0,44.48,42.0,-58.74,9.59,3.16,9704400,9941800.0,2026-08-06,16:14:15
300062,中能电气,6.65,6.82,6.8,6.88,6.54,377690.0,251700000.0,41.89,30.48,-54.19,2.72,8.24,14669400,23099600.0,2026-08-06,16:14:18
300063,天龙集团,9.45,9.68,9.51,10.06,9.34,930718.0,899350000.0,71.68,59.21,61.5,4.06,14.86,41037700,52034100.0,2026-08-06,16:14:18
300065,海兰信,16.85,16.71,16.55,17.1,16.5,456289.0,766120000.0,121.58,110.65,1697.23,6.92,6.95,21911000,23717900.0,2026-08-06,16:14:15
300066,三川智慧,5.38,5.39,5.36,5.52,5.31,266114.0,144140000.0,55.95,53.7,39.75,2.17,2.67,13014800,13596600.0,2026-08-06,16:14:18
300067,安诺其,5.67,5.75,5.75,5.79,5.59,627058.0,355780000.0,65.45,53.14,-149.65,2.63,6.69,26169200,36536600.0,2026-08-06,16:14:21
300068,ST南都,4.33,4.34,4.32,4.43,4.26,432777.0,187910000.0,38.9,36.96,-1.45,3.53,5.07,20978100,22299600.0,2026-08-06,16:14:21
300069,金利华电,29.27,28.21,28.0,29.48,27.71,91841.0,265630000.0,34.25,34.25,-2260.88,12.55,7.85,4717300,4466800.0,2026-08-06,16:14:24
300070,碧水源,3.51,3.55,3.55,3.56,3.47,357507.0,125330000.0,127.21,120.56,207.07,0.47,1.04,12017200,23733500.0,2026-08-06,16:14:39
300071,福石控股,4.5,4.61,4.52,4.65,4.41,1107411.0,501170000.0,43.37,42.54,-38.19,26.95,11.71,49004100,61737000.0,2026-08-06,16:14:42
300072,海新能科,3.52,3.56,3.55,3.58,3.45,246340.0,86520000.0,82.71,82.06,-14.53,1.58,1.06,10519600,14114400.0,2026-08-06,16:14:27
300073,当升科技,41.6,42.6,42.18,42.51,41.16,155920.0,651340000.0,226.43,210.48,28.35,1.53,3.08,6694500,8897500.0,2026-08-06,16:14:24
300074,华平股份,3.71,3.7,3.68,3.73,3.63,167329.0,61730000.0,20.42,20.4,-11.83,2.39,3.04,8220000,8512900.0,2026-08-06,16:14:45
300075,数字政通,11.36,11.49,11.33,11.59,11.21,135029.0,153750000.0,70.56,58.55,-18.81,2.23,2.62,6173900,7329100.0,2026-08-06,16:14:30
300076,*ST宁视,4.24,4.22,4.19,4.32,4.14,79044.0,33370000.0,17.98,17.98,-22.33,2.14,1.86,3599000,4305400.0,2026-08-06,16:14:48
300077,国民技术,18.82,18.48,18.2,19.33,18.05,629188.0,1179500000.0,127.62,106.58,-116.25,7.33,11.11,31107100,31811800.0,2026-08-06,16:14:27
300078,思创智联,3.07,3.06,3.03,3.1,2.98,297542.0,90430000.0,34.32,34.18,-60.47,6.8,2.67,14320300,15433900.0,2026-08-06,16:14:51
300079,数码视讯,4.6,4.64,4.6,4.7,4.54,297184.0,137110000.0,65.6,58.95,183.71,1.6,2.32,14056900,15661500.0,2026-08-06,16:14:33
300080,易成新能,3.73,3.79,3.77,3.79,3.66,192202.0,71420000.0,69.88,69.78,-9.33,1.63,1.03,8547400,10672800.0,2026-08-06,16:14:54
300081,ST恒信,3.17,3.11,3.11,3.27,3.11,118557.0,37760000.0,19.17,19.17,-5.06,2.43,1.96,6049300,5806400.0,2026-08-06,16:14:57
300082,奥克股份,7.89,7.86,7.77,7.99,7.72,78525.0,61730000.0,53.66,53.52,441.79,1.96,1.16,3487300,4365200.0,2026-08-06,16:14:21
300083,创世纪,13.31,12.97,12.6,13.55,12.5,1383049.0,1830190000.0,221.59,198.6,189.16,4.17,9.27,70663200,67641700.0,2026-08-06,16:14:30
300084,海默科技,12.54,11.34,11.35,12.68,11.31,288857.0,352340000.0,68.81,59.06,-205.34,4.72,6.13,17567700,11317900.0,2026-08-06,16:14:36
300085,银之杰,31.16,31.82,30.93,32.22,30.68,577233.0,1813180000.0,220.19,203.17,-170.87,52.46,8.85,26981500,30741900.0,2026-08-06,16:14:00
300086,康芝药业,6.6,6.57,6.61,6.62,6.47,173530.0,113580000.0,30.04,29.08,-12.94,3.38,3.94,8903300,8449700.0,2026-08-06,16:14:39
300087,ST荃银,5.35,5.16,5.15,5.53,5.08,268531.0,142170000.0,50.68,48.27,-25.03,2.99,2.98,12526600,14326600.0,2026-08-06,16:14:42
300088,长信科技,7.83,7.55,7.36,8.01,7.28,2715043.0,2086210000.0,195.57,194.61,113.83,2.29,10.92,143122600,128381800.0,2026-08-06,16:14:03
300091,*ST金灵,2.5,2.48,2.49,2.54,2.48,68404.0,17140000.0,71.05,40.89,-3.3,5.47,0.42,3136200,3704200.0,2026-08-06,16:14:45
300092,科新机电,11.51,11.59,11.52,11.66,11.34,34575.0,39740000.0,31.53,24.16,76.35,1.93,1.65,1645900,1811600.0,2026-08-06,16:14:48
300093,金刚光伏,22.74,23.26,23.03,23.05,22.48,73405.0,167020000.0,122.8,52.52,46.22,6.31,3.18,3218400,4122100.0,2026-08-06,16:14:24
300094,国联水产,2.82,2.8,2.8,2.84,2.75,349195.0,97730000.0,31.81,31.18,-1.95,33.49,3.16,20301000,14618500.0,2026-08-06,16:14:24
300095,华伍股份,8.55,8.48,8.43,8.59,8.37,65944.0,55970000.0,33.72,27.16,-16.76,2.67,2.08,3635100,2959300.0,2026-08-06,16:14:27
300096,ST易联众,8.54,8.61,8.6,8.72,8.51,23534.0,20240000.0,36.72,36.72,76.91,11.01,0.55,754000,1599400.0,2026-08-06,16:14:06
300097,智云股份,9.54,8.78,8.75,9.67,8.66,185746.0,172840000.0,27.53,25.76,-10.42,13.9,6.88,10578600,7996000.0,2026-08-06,16:14:27
300098,高新兴,4.77,4.82,4.73,4.88,4.72,472285.0,226320000.0,82.89,73.54,-1153.43,3.13,3.06,21096100,26132400.0,2026-08-06,16:14:51
300099,尤洛卡,6.11,6.15,6.11,6.19,6.0,141875.0,86520000.0,45.05,35.52,24.46,1.96,2.44,6973600,7213900.0,2026-08-06,16:14:30
300100,双林股份,23.26,23.66,23.51,23.82,23.15,71476.0,167470000.0,134.67,129.83,31.44,4.1,1.28,2956800,4190800.0,2026-08-06,16:14:09
300101,振芯科技,14.95,15.2,15.14,15.27,14.75,111498.0,167130000.0,84.9,84.61,541.4,4.82,1.97,4930700,6219200.0,2026-08-06,16:14:54
300102,乾照光电,18.8,18.47,18.16,19.26,18.09,402644.0,755270000.0,173.02,172.19,148.54,4.02,4.4,21102700,19161700.0,2026-08-06,16:14:12
300103,达刚控股,7.7,7.49,7.51,7.83,7.48,95240.0,72980000.0,24.46,24.44,-43.0,5.45,3.0,4908000,4616000.0,2026-08-06,16:14:57
300105,龙源技术,7.98,8.03,7.93,8.02,7.83,253965.0,201160000.0,41.16,41.13,-63.51,2.3,4.93,11885500,13511000.0,2026-08-06,16:14:33
300106,西部牧业,9.48,9.52,9.54,9.64,9.24,145707.0,137280000.0,20.03,20.03,-55.81,5.32,6.89,7153000,7417700.0,2026-08-06,16:14:36
300107,建新股份,6.33,6.35,6.31,6.37,6.24,76098.0,47950000.0,35.62,21.99,-156.4,2.41,2.19,3414500,4195300.0,2026-08-06,16:14:30
300108,*ST吉药,0.21,0.21,0.0,0.0,0.0,0.0,0.0,1.4,1.37,-0.32,-0.17,0.0,0,0.0,2026-08-06,09:00:00
300109,新开源,12.96,13.07,12.94,13.36,12.81,75767.0,98940000.0,74.76,67.07,42.86,2.07,1.46,3278400,4298300.0,2026-08-06,16:14:15
300110,华仁药业,2.68,2.7,2.69,2.71,2.64,196256.0,52400000.0,31.68,31.66,-6.84,3.71,1.66,8078200,11547500.0,2026-08-06,16:14:33
300111,向日葵,2.99,2.99,2.98,3.0,2.93,311539.0,92540000.0,38.49,38.49,-406.47,5.69,2.42,13431600,17722300.0,2026-08-06,16:14:00
300112,万讯自控,8.45,8.31,8.32,8.52,8.21,153217.0,128700000.0,24.33,20.08,-41.47,2.46,6.45,7935000,7386700.0,2026-08-06,16:14:03
300113,顺网科技,18.66,19.02,18.8,19.18,18.44,280918.0,526510000.0,125.8,94.98,29.62,5.16,5.52,12425300,15666500.0,2026-08-06,16:14:36
300115,长盈精密,28.04,28.6,28.16,28.45,27.83,371344.0,1043500000.0,381.72,380.6,69.65,4.58,2.74,16403300,20731100.0,2026-08-06,16:14:39
300117,*ST嘉寓,0.43,0.43,0.0,0.0,0.0,0.0,0.0,3.08,3.08,-0.76,-0.16,0.0,0,0.0,2026-08-06,09:00:00
300118,东方日升,10.14,10.27,10.14,10.35,9.98,337396.0,342680000.0,115.6,93.98,-3.96,1.39,3.64,13994100,19745500.0,2026-08-06,16:14:42
300119,瑞普生物,18.05,18.11,18.11,18.71,18.0,71474.0,131070000.0,83.89,60.22,21.38,1.81,2.14,3437400,3709900.0,2026-08-06,16:14:45
300120,经纬辉开,6.82,6.72,6.66,6.83,6.63,250122.0,168640000.0,39.17,35.97,-7.93,1.56,4.74,11607500,13404700.0,2026-08-06,16:14:39
300121,阳谷华泰,9.68,9.7,9.63,9.7,9.51,122508.0,117790000.0,43.1,41.57,22.12,1.21,2.85,5075900,7174900.0,2026-08-06,16:14:42
300122,智飞生物,12.8,13.15,13.1,13.12,12.72,246734.0,318140000.0,306.41,181.03,-2.07,1.98,1.74,10173000,14500300.0,2026-08-06,16:14:45
300123,ST亚光,4.51,4.4,4.49,4.59,4.29,517795.0,230400000.0,46.08,44.83,-3.74,14.77,5.21,25509500,26270000.0,2026-08-06,16:14:18
300124,汇川技术,63.39,64.39,64.0,64.85,62.97,282826.0,1802240000.0,1716.35,1527.9,36.21,4.9,1.17,13461500,14821100.0,2026-08-06,16:14:33
300125,*ST聆达,8.88,8.88,0.0,0.0,0.0,0.0,0.0,59.13,32.04,151.06,5.66,0.0,0,0.0,2026-08-06,16:14:21
300126,锐奇股份,6.12,5.99,6.06,6.13,5.99,46470.0,28250000.0,18.6,12.89,-28.85,1.87,2.21,2061300,2585700.0,2026-08-06,16:14:24
300127,银河磁体,26.8,24.71,25.27,28.88,24.86,160254.0,426130000.0,86.6,61.86,45.09,6.02,6.94,8236800,7788600.0,2026-08-06,16:14:36
300128,锦富技术,4.64,4.66,4.6,4.71,4.54,300555.0,139320000.0,60.28,60.2,-18.12,14.29,2.32,13726500,16329000.0,2026-08-06,16:14:27
300129,泰胜风能,8.17,8.1,8.08,8.4,8.03,250516.0,205390000.0,90.59,58.72,49.48,1.59,3.49,12420700,12630900.0,2026-08-06,16:14:39
300130,新国都,20.39,19.85,19.6,21.1,19.58,288505.0,594830000.0,115.67,88.53,27.6,2.66,6.65,14468800,14381800.0,2026-08-06,16:14:30
300131,英唐智控,14.96,14.8,14.69,15.34,14.62,600986.0,901860000.0,169.8,155.92,1298.59,9.84,5.77,30155900,29942700.0,2026-08-06,16:14:06
300132,青松股份,6.52,6.63,6.66,6.68,6.43,162625.0,106600000.0,33.68,33.13,19.44,2.29,3.2,6464700,9797800.0,2026-08-06,16:14:48
300133,华策影视,7.34,7.61,7.56,7.64,7.28,891525.0,660930000.0,137.61,122.06,76.33,1.89,5.36,35762000,53390500.0,2026-08-06,16:14:51
300134,大富科技,9.59,8.32,8.29,9.88,8.21,564829.0,521330000.0,73.6,73.6,-27.52,2.01,7.36,30882400,25600400.0,2026-08-06,16:14:33
300135,宝利国际,3.31,3.29,3.28,3.33,3.25,143671.0,47300000.0,30.5,30.5,-32.84,3.52,1.56,7935700,6431400.0,2026-08-06,16:14:42
300136,信维通信,65.38,63.95,62.17,66.94,62.17,751643.0,4883760000.0,632.6,539.52,85.94,7.93,9.11,36959900,38204300.0,2026-08-06,16:14:45
300137,先河环保,12.06,12.13,12.09,12.17,11.48,236420.0,282390000.0,64.71,63.92,2340.93,3.99,4.46,12103100,11538900.0,2026-08-06,16:14:54
300138,晨光生物,11.53,11.62,11.64,11.67,11.43,50477.0,58190000.0,55.7,45.93,15.64,1.67,1.27,2006400,3041300.0,2026-08-06,16:14:57
300139,晓程科技,46.04,44.71,49.11,49.38,44.98,775444.0,3638130000.0,126.15,107.58,68.07,10.84,33.19,38788800,38755600.0,2026-08-06,16:14:36
300140,节能环境,5.51,5.53,5.52,5.53,5.41,112540.0,61670000.0,170.76,170.55,18.76,1.2,0.36,5053200,6200800.0,2026-08-06,16:14:48
300141,和顺电气,10.26,10.46,10.36,10.48,10.08,133817.0,136980000.0,26.45,26.12,-65.57,4.27,5.26,6013800,7367900.0,2026-08-06,16:14:09
300142,沃森生物,12.18,12.56,12.5,12.53,12.09,621435.0,759540000.0,194.8,192.18,68.17,2.7,3.94,20201800,41941700.0,2026-08-06,16:14:00
300143,盈康生命,7.4,7.51,7.51,7.51,7.31,83799.0,61930000.0,72.0,61.59,111.96,2.85,1.01,3246800,5133200.0,2026-08-06,16:14:39
300144,宋城演艺,6.16,6.19,6.21,6.23,6.11,273835.0,168640000.0,160.71,159.03,20.6,2.28,1.06,11487100,15896500.0,2026-08-06,16:14:51
300145,南方泵业,4.41,4.45,4.38,4.45,4.33,596868.0,262140000.0,84.68,84.27,33.81,2.94,3.12,26276800,33410000.0,2026-08-06,16:14:54
300146,汤臣倍健,10.1,10.3,10.25,10.28,10.06,167125.0,169200000.0,170.86,113.19,23.43,1.59,1.49,6153800,10558700.0,2026-08-06,16:14:12
300147,*ST香雪,7.61,7.26,7.12,7.79,7.11,157231.0,116970000.0,50.32,50.03,-3.55,-10.67,2.39,7718100,8005100.0,2026-08-06,16:14:48
300148,天舟文化,3.59,3.53,3.54,3.73,3.49,494436.0,178060000.0,30.27,29.23,56.55,2.93,6.07,24726600,24717000.0,2026-08-06,16:14:57
300149,睿智医药,9.69,9.7,10.04,10.36,9.69,588322.0,583620000.0,48.93,46.67,-429.75,3.75,12.22,27247800,31584400.0,2026-08-06,16:14:15
300150,世纪瑞尔,4.15,4.1,4.09,4.16,4.07,75436.0,31120000.0,24.28,19.24,63.79,1.54,1.63,4533200,3010400.0,2026-08-06,16:14:51
300151,昌红科技,15.56,15.07,15.0,15.84,14.7,194421.0,298170000.0,82.86,57.37,129.86,5.39,5.27,10049800,9392300.0,2026-08-06,16:14:18
300152,*ST动力,1.53,1.54,1.54,1.56,1.5,193416.0,29610000.0,10.91,10.91,-33.94,5.16,2.71,8801200,10540400.0,2026-08-06,16:14:54
300153,科泰电源,21.35,21.6,21.45,21.7,21.12,72983.0,156090000.0,68.32,67.96,118.97,7.47,2.29,3124100,4174200.0,2026-08-06,16:14:03
300154,瑞凌股份,8.76,8.48,8.78,8.88,8.51,109777.0,95420000.0,39.38,27.61,44.73,2.3,3.48,5280200,5697500.0,2026-08-06,16:14:06
300155,安居宝,4.16,4.13,4.11,4.19,4.09,93717.0,38840000.0,23.35,13.7,-42.72,1.95,2.84,4771100,4600600.0,2026-08-06,16:14:57
300157,新锦动力,4.25,4.38,4.37,4.41,4.16,635652.0,270450000.0,32.53,31.03,-48.25,-17.35,8.71,24161100,39404100.0,2026-08-06,16:14:00
300158,振东制药,5.01,5.03,5.03,5.06,4.95,143668.0,71780000.0,49.71,49.67,-16.39,1.48,1.45,6495200,7871600.0,2026-08-06,16:14:00
300159,新研股份,3.11,3.15,3.16,3.21,3.06,502075.0,156670000.0,102.33,57.3,72.2,3.66,2.73,20634700,29572800.0,2026-08-06,16:14:03
300160,秀强股份,4.34,4.34,4.33,4.36,4.29,67077.0,29040000.0,33.55,33.08,22.91,1.28,0.88,3263000,3444700.0,2026-08-06,16:14:06
300161,华中数控,26.63,26.13,25.81,27.65,25.6,63685.0,168950000.0,52.91,51.93,-1162.37,3.44,3.27,3303000,3065500.0,2026-08-06,16:14:21
300162,雷曼光电,7.79,7.74,7.63,7.89,7.58,273282.0,211650000.0,32.68,26.65,-56.12,3.96,7.99,13301100,14027100.0,2026-08-06,16:14:24
300163,先锋新材,6.32,6.22,6.28,6.36,6.16,262651.0,164020000.0,29.96,28.86,87.51,5.45,5.75,12104000,14161100.0,2026-08-06,16:14:42
300164,通源石油,10.77,10.66,10.51,10.83,10.34,1551475.0,1651620000.0,63.38,62.81,276.32,4.6,26.6,76654800,78492800.0,2026-08-06,16:14:03
300165,天瑞仪器,5.14,5.08,5.1,5.17,5.03,126696.0,64700000.0,25.47,21.62,-11.4,2.41,3.01,6426200,6243400.0,2026-08-06,16:14:09
300166,东方国信,14.13,14.4,14.2,14.48,13.99,606604.0,863350000.0,160.9,127.98,-73.43,2.82,6.7,28738200,31922200.0,2026-08-06,16:14:45
300167,ST迪威迅,4.17,4.32,4.29,4.36,4.15,50544.0,21300000.0,17.36,14.77,-57.74,13.5,1.43,1557500,3496900.0,2026-08-06,16:14:06
300168,万达信息,5.3,5.27,5.2,5.38,5.19,289192.0,153590000.0,76.35,76.28,-16.59,7.43,2.01,15799500,13119700.0,2026-08-06,16:14:48
300169,天晟新材,5.47,5.54,5.52,5.54,5.37,128724.0,70220000.0,18.57,16.5,57.26,17.33,4.27,5459100,7413300.0,2026-08-06,16:14:09
300170,汉得信息,18.3,17.58,17.1,19.1,17.05,1420365.0,2615980000.0,190.4,181.82,82.65,3.31,14.3,75520900,66515600.0,2026-08-06,16:14:12
300171,东富龙,12.23,12.52,12.51,12.78,12.18,141328.0,174960000.0,93.66,68.81,45.08,1.19,2.51,5502500,8630300.0,2026-08-06,16:14:51
300172,中电环保,4.47,4.53,4.55,4.56,4.42,193346.0,86880000.0,30.25,23.38,38.14,1.6,3.7,7965700,11368900.0,2026-08-06,16:14:27
300173,ST福能,3.4,3.31,3.35,3.57,3.33,169455.0,58500000.0,24.98,24.98,-16.25,3.08,2.31,7985600,8959900.0,2026-08-06,16:14:30
300174,元力股份,19.15,18.99,18.92,19.36,18.57,158264.0,300730000.0,69.75,69.51,31.28,2.02,4.36,7781800,8044700.0,2026-08-06,16:14:15
300175,朗源股份,5.9,5.9,5.9,6.03,5.75,115688.0,68070000.0,27.78,27.78,-166.25,5.57,2.46,5736100,5832700.0,2026-08-06,16:14:12
300176,鸿特科技,5.23,5.19,5.18,5.25,5.14,97264.0,50680000.0,20.25,20.25,42.09,2.08,2.51,5556900,4169500.0,2026-08-06,16:14:18
300177,中海达,6.41,6.37,6.37,6.5,6.3,110530.0,70790000.0,47.7,38.86,-20.09,3.78,1.82,5349500,5703600.0,2026-08-06,16:14:33
300179,四方达,35.0,33.73,33.3,35.71,32.77,494570.0,1707250000.0,170.0,130.89,166.75,15.1,13.22,25232000,24225000.0,2026-08-06,16:14:21
300180,华峰超纤,4.54,4.5,4.45,4.65,4.45,428104.0,195350000.0,79.95,77.76,2829.91,1.71,2.5,20814600,21995800.0,2026-08-06,16:14:36
300181,佐力药业,13.99,14.11,14.12,14.13,13.85,188365.0,262710000.0,98.12,84.35,15.09,3.08,3.12,7608300,11228200.0,2026-08-06,16:14:24
300182,捷成股份,5.44,5.61,5.5,5.65,5.38,2047135.0,1121950000.0,144.91,122.91,84.2,1.71,9.06,78912600,125800900.0,2026-08-06,16:14:54
300183,东软载波,10.74,10.7,10.64,10.8,10.59,37531.0,40180000.0,49.68,39.85,-309.53,1.61,1.01,2067200,1685900.0,2026-08-06,16:14:57
300184,力源信息,12.51,12.58,12.3,12.68,12.21,723330.0,900130000.0,143.75,131.61,53.45,3.43,6.88,36078800,36254200.0,2026-08-06,16:14:00
300185,通裕重工,2.81,2.85,2.84,2.85,2.77,918699.0,257830000.0,113.42,108.09,167.0,1.61,2.39,30111100,61758800.0,2026-08-06,16:14:03
300187,永清环保,4.7,4.73,4.67,4.76,4.62,106880.0,50060000.0,30.34,30.17,23.44,2.66,1.67,4302500,6385500.0,2026-08-06,16:14:09
300188,国投智能,12.03,12.13,11.6,12.38,11.56,397849.0,474110000.0,103.4,102.92,-12.8,4.14,4.65,19587900,20197000.0,2026-08-06,16:14:27
300189,神农种业,5.1,4.67,4.67,5.35,4.59,2414719.0,1184100000.0,52.22,45.2,46.09,7.59,27.25,133329100,108142800.0,2026-08-06,16:14:39
300190,维尔利,3.71,3.75,3.73,3.74,3.65,99231.0,36560000.0,35.17,35.03,-12.19,1.15,1.05,2958300,6964800.0,2026-08-06,16:14:42
300191,潜能恒信,32.45,30.3,30.78,33.33,30.54,278657.0,899190000.0,103.84,71.78,54.97,8.44,12.6,15095400,12770400.0,2026-08-06,16:14:12
300192,科德教育,13.18,13.47,13.33,13.42,12.95,150090.0,197890000.0,60.73,60.03,55.11,6.08,3.3,6500900,8508100.0,2026-08-06,16:14:45
300193,佳士科技,7.62,7.63,7.6,7.66,7.51,33248.0,25240000.0,36.29,31.96,20.54,1.62,0.79,1553700,1771100.0,2026-08-06,16:14:48
300194,福安药业,3.69,3.72,3.72,3.72,3.66,128603.0,47400000.0,43.9,35.73,69.83,1.01,1.33,4660700,8199600.0,2026-08-06,16:14:30
300195,长荣股份,5.44,5.53,5.43,5.55,5.31,186004.0,101160000.0,23.05,17.07,-168.11,0.87,5.93,7980600,10619800.0,2026-08-06,16:14:06
300196,长海股份,17.74,17.3,17.11,18.0,17.0,226065.0,397450000.0,72.53,43.82,22.29,1.55,9.15,11529000,11077500.0,2026-08-06,16:14:15
300197,节能铁汉,1.86,1.89,1.88,1.89,1.82,847636.0,157180000.0,55.15,55.15,-2.7,-15.32,2.86,33274200,51489400.0,2026-08-06,16:14:09
300198,*ST纳川,2.3,2.28,2.3,2.37,2.26,104003.0,24160000.0,23.73,23.6,-8.84,4.93,1.01,5342600,5057700.0,2026-08-06,16:14:12
300199,翰宇药业,22.48,22.34,22.38,22.85,22.07,437594.0,985160000.0,198.55,167.51,210.07,26.78,5.87,21045900,22713500.0,2026-08-06,16:14:15
300200,高盟新材,8.66,8.64,8.59,8.67,8.45,92402.0,79190000.0,37.32,36.71,41.47,2.34,2.18,4229600,5010600.0,2026-08-06,16:14:51
300201,海伦哲,15.85,15.38,15.1,15.86,15.1,312415.0,485670000.0,159.93,159.08,49.45,8.63,3.11,19050900,12190600.0,2026-08-06,16:14:15
300203,聚光科技,12.62,12.75,12.62,13.05,12.48,71940.0,91500000.0,56.63,56.58,-19.88,2.18,1.6,3481700,3712300.0,2026-08-06,16:14:54
300204,舒泰神,23.9,22.95,23.46,24.49,22.46,485578.0,1138780000.0,129.38,108.43,-154.28,6.35,10.7,25673200,22884600.0,2026-08-06,16:14:33
300205,*ST天喻,5.23,5.15,5.11,5.35,5.11,33529.0,17500000.0,22.49,22.49,-3.7,5.41,0.78,1763700,1589200.0,2026-08-06,16:14:57
300206,理邦仪器,12.21,12.14,12.15,12.23,12.04,42947.0,52170000.0,70.78,41.32,20.48,3.34,1.27,2248500,2046200.0,2026-08-06,16:14:00
300207,欣旺达,18.51,18.93,18.94,19.08,18.31,647899.0,1207410000.0,341.97,317.25,43.57,1.4,3.78,28235300,36554600.0,2026-08-06,16:14:36
300208,中程退,0.28,0.28,0.0,0.0,0.0,0.0,0.0,2.1,1.92,-1.4,2.43,0.0,0,0.0,2026-08-06,09:00:00
300209,行云科技,34.67,36.97,35.19,37.35,33.66,2170196.0,7698490000.0,321.96,257.57,-440.76,34.26,29.21,96625600,120394000.0,2026-08-06,16:14:03
300210,森远股份,8.97,9.12,9.02,9.23,8.89,94094.0,84830000.0,43.43,43.43,-113.6,11.58,1.94,3696400,5713000.0,2026-08-06,16:14:18
300211,*ST亿通,7.82,7.47,7.42,7.82,7.39,63080.0,47920000.0,23.77,23.34,-83.98,5.39,2.11,3373800,2934200.0,2026-08-06,16:14:21
300212,*ST易录,8.06,8.15,8.08,8.35,7.99,132473.0,107940000.0,58.02,56.3,-2.19,-2.9,1.9,5715500,7531800.0,2026-08-06,16:14:39
300213,佳讯飞鸿,6.4,6.31,6.26,6.46,6.26,143647.0,91530000.0,38.04,35.34,-27.0,1.86,2.6,7902900,6461800.0,2026-08-06,16:14:18
300214,日科化学,12.6,13.23,13.0,13.32,12.27,650882.0,827660000.0,58.58,58.58,-308.37,2.45,14.0,30203700,34884500.0,2026-08-06,16:14:06
300215,电科院,6.33,6.39,6.44,6.55,6.24,106744.0,67840000.0,47.42,47.42,165.72,2.38,1.42,5482500,5191900.0,2026-08-06,16:14:09
300217,东方电热,4.57,4.68,4.63,4.76,4.53,355172.0,164290000.0,67.54,56.73,48.41,1.6,2.86,15317500,20199700.0,2026-08-06,16:14:42
300218,安利股份,12.45,12.02,12.0,12.55,11.96,51486.0,62950000.0,27.01,26.93,29.84,1.78,2.38,3209300,1939300.0,2026-08-06,16:14:21
300219,鸿利智汇,6.86,6.89,6.83,6.93,6.76,164452.0,112590000.0,48.56,48.48,47.88,1.91,2.33,6813300,9631900.0,2026-08-06,16:14:18
300220,金运激光,10.44,10.43,10.38,10.57,10.26,25047.0,26150000.0,15.79,15.77,-401.86,26.04,1.66,1373300,1131500.0,2026-08-06,16:14:24
300221,银禧科技,12.72,12.34,12.22,12.74,12.11,236251.0,294870000.0,60.26,58.77,45.92,4.13,5.11,12590300,11034800.0,2026-08-06,16:14:21
300222,科大智能,10.63,10.73,10.63,10.75,10.44,227067.0,241100000.0,83.15,69.32,85.04,4.53,3.48,10186900,12519800.0,2026-08-06,16:14:12
300223,北京君正,137.0,136.03,130.0,139.97,129.0,419668.0,5648260000.0,662.62,577.72,106.65,5.23,9.95,20487000,21479800.0,2026-08-06,16:14:24
300224,正海磁材,11.74,11.47,11.55,11.97,11.43,259847.0,305200000.0,109.26,108.86,38.35,2.18,2.8,13418000,12566700.0,2026-08-06,16:14:45
300225,金力泰,7.02,6.83,6.81,7.2,6.79,164853.0,115550000.0,33.38,33.14,130.01,3.81,3.49,7909500,8575800.0,2026-08-06,16:14:27
300226,上海钢联,17.0,17.22,17.11,17.52,16.84,106079.0,181590000.0,65.02,62.51,30.4,2.92,2.88,4986000,5621900.0,2026-08-06,16:14:30
300227,光韵达,10.55,10.45,10.38,10.6,10.27,188429.0,197520000.0,62.85,48.15,-20.7,3.94,4.13,9858300,8984600.0,2026-08-06,16:14:24
300228,富瑞特装,7.47,7.46,7.37,7.56,7.37,130775.0,97620000.0,44.63,41.75,18.01,1.81,2.34,6592100,6485400.0,2026-08-06,16:14:48
300229,拓尔思,15.63,16.15,15.69,16.2,15.43,506423.0,799600000.0,136.55,136.45,-39.21,3.62,5.8,22374100,28268200.0,2026-08-06,16:14:15
300230,永利股份,4.23,4.23,4.2,4.24,4.16,79113.0,33260000.0,34.4,26.64,19.3,1.1,1.26,4057900,3853400.0,2026-08-06,16:14:27
300231,银信科技,8.79,8.88,8.71,8.88,8.61,224885.0,197280000.0,39.09,39.09,75.87,2.48,5.06,10520800,11967700.0,2026-08-06,16:14:30
300232,洲明科技,5.38,5.4,5.36,5.41,5.33,130968.0,70310000.0,58.66,47.8,-78.87,1.3,1.47,6139300,6957400.0,2026-08-06,16:14:51
300233,金城医药,13.1,13.13,13.18,13.25,13.02,88073.0,115550000.0,50.29,48.45,75.14,1.37,2.38,3686000,5121300.0,2026-08-06,16:14:33
300234,开尔新材,9.17,9.39,9.35,9.75,8.81,210780.0,195630000.0,46.14,31.54,-254.06,4.09,6.13,10463400,10614600.0,2026-08-06,16:14:33
300235,方直科技,11.34,11.83,11.66,11.83,11.22,85166.0,98010000.0,28.55,23.04,202.15,4.06,4.19,3551400,4965200.0,2026-08-06,16:14:54
300236,上海新阳,91.89,90.01,88.44,92.77,87.51,126970.0,1150780000.0,287.97,255.96,81.54,6.18,4.56,6643400,6053600.0,2026-08-06,16:14:27
300237,ST美晨,1.99,1.99,1.98,2.0,1.96,117268.0,23210000.0,28.69,28.69,-7.9,64.27,0.81,5186900,6539900.0,2026-08-06,16:14:36
300238,冠昊生物,11.38,11.35,11.37,11.42,11.19,41164.0,46500000.0,30.17,30.17,153.62,5.2,1.55,1894900,2221500.0,2026-08-06,16:14:57
300239,东宝生物,4.85,4.87,4.84,4.88,4.79,65995.0,31930000.0,28.79,28.6,52.36,1.68,1.12,2879300,3720200.0,2026-08-06,16:14:36
300240,飞力达,5.62,5.57,5.57,5.63,5.51,70020.0,39100000.0,20.88,20.42,957.84,1.47,1.93,3926400,3075600.0,2026-08-06,16:14:30
300241,瑞丰光电,5.53,5.56,5.51,5.57,5.42,201978.0,111260000.0,39.63,33.21,58.68,1.75,3.36,8423800,11774000.0,2026-08-06,16:14:33
300242,佳云科技,4.55,4.52,4.5,4.68,4.45,356177.0,162860000.0,28.87,28.87,-99.83,11.91,5.61,18092800,17524900.0,2026-08-06,16:14:39
300243,瑞丰高材,14.31,14.0,13.84,14.4,13.84,165728.0,235020000.0,40.01,32.0,52.55,2.58,7.41,8043500,8529300.0,2026-08-06,16:14:42
300244,迪安诊断,19.61,19.75,19.68,19.92,19.31,322578.0,632960000.0,122.56,98.34,94.69,1.94,6.43,13984100,18273700.0,2026-08-06,16:14:36
300245,ST天玑,5.75,5.8,5.75,5.87,5.65,65940.0,37980000.0,17.54,16.89,-40.71,1.45,2.25,2577800,4016200.0,2026-08-06,16:14:39
300246,宝莱特,19.26,19.26,0.0,0.0,0.0,0.0,0.0,50.96,40.73,-55.88,4.73,0.0,0,0.0,2026-08-06,16:14:39
300247,融捷健康,3.8,3.87,3.86,3.86,3.75,126125.0,47880000.0,30.55,30.55,45.23,2.64,1.57,4786600,7825900.0,2026-08-06,16:14:18
300248,新开普,9.95,10.07,9.75,10.38,9.56,618883.0,615260000.0,47.4,40.7,80.11,2.24,15.13,29128600,32759700.0,2026-08-06,16:14:21
300249,依米康,12.75,12.9,12.77,12.95,12.54,140238.0,178800000.0,58.45,47.7,177.44,9.38,3.75,6716600,7307200.0,2026-08-06,16:14:42
300250,初灵信息,15.92,16.25,15.81,16.41,15.67,196082.0,313680000.0,34.03,25.06,88.62,6.16,12.46,8186500,11421700.0,2026-08-06,16:14:45
300251,光线传媒,11.9,12.24,12.25,12.33,11.84,600157.0,723100000.0,349.1,330.27,-108.97,3.64,2.16,23539800,36475800.0,2026-08-06,16:14:00
300252,金信诺,11.83,11.66,11.51,11.94,11.48,301021.0,353610000.0,80.94,66.1,250.75,3.27,5.39,14692100,15410100.0,2026-08-06,16:14:45
300253,卫宁健康,7.74,7.8,7.66,7.92,7.61,719366.0,558870000.0,170.38,143.55,-46.66,3.16,3.88,32766700,39169900.0,2026-08-06,16:14:24
300254,仟源医药,8.29,8.26,8.25,8.38,8.13,93482.0,77270000.0,21.32,18.85,119.77,4.77,4.11,4597100,4751100.0,2026-08-06,16:14:48
300255,常山药业,25.87,26.58,27.18,27.4,25.67,590621.0,1555540000.0,237.76,237.39,-66.82,19.65,6.44,26222800,32839300.0,2026-08-06,16:14:42
300256,星星科技,2.74,2.73,2.7,2.82,2.69,378874.0,103800000.0,62.15,61.47,-145.04,6.85,1.69,17299900,20587500.0,2026-08-06,16:14:45
300257,开山股份,19.29,19.35,19.1,19.37,18.7,81803.0,156330000.0,191.67,184.16,53.91,2.93,0.86,3604200,4576100.0,2026-08-06,16:14:27
300258,精锻科技,10.24,10.41,10.34,10.45,10.11,77257.0,79330000.0,59.91,58.36,65.62,1.28,1.36,3573400,4152300.0,2026-08-06,16:14:03
300259,新天科技,4.15,4.12,4.1,4.21,4.05,390708.0,161060000.0,47.94,47.93,19.74,1.62,3.38,18186300,20884500.0,2026-08-06,16:14:51
300260,新莱应材,54.9,52.5,51.77,55.62,51.0,265689.0,1435810000.0,223.89,157.91,126.54,10.52,9.24,13526500,13042400.0,2026-08-06,16:14:54
300261,雅本化学,5.14,5.22,5.2,5.27,5.07,211515.0,108650000.0,49.51,48.46,-24.23,2.72,2.24,8303800,12847800.0,2026-08-06,16:14:48
300263,隆华科技,9.62,9.41,9.26,9.7,9.26,776234.0,738720000.0,99.57,93.85,47.51,2.41,7.96,39153400,38470000.0,2026-08-06,16:14:51
300264,佳创视讯,6.79,6.78,6.79,6.9,6.63,151015.0,102230000.0,29.26,25.15,-71.98,335.55,4.08,7224900,7876600.0,2026-08-06,16:14:30
300265,通光线缆,14.66,14.72,14.56,14.88,14.45,311411.0,456940000.0,68.55,68.51,224.04,2.92,6.66,15479700,15661400.0,2026-08-06,16:14:48
300266,兴源环境,1.88,1.86,1.86,1.89,1.83,175646.0,32680000.0,29.21,29.2,-12.53,95.63,1.13,9467500,8097100.0,2026-08-06,16:14:57
300267,尔康制药,3.12,3.14,3.14,3.15,3.07,265406.0,82570000.0,64.35,44.38,-16.3,1.6,1.87,12394300,14146300.0,2026-08-06,16:14:06
300268,佳沃食品,11.08,10.99,11.01,11.23,10.77,21341.0,23460000.0,19.3,14.81,-7.59,-1.87,1.6,1085700,1048400.0,2026-08-06,16:14:00
300269,联建光电,4.77,4.74,4.73,4.82,4.64,182825.0,86540000.0,26.09,25.07,-616.71,31.41,3.48,8379100,9903400.0,2026-08-06,16:14:51
300270,中威电子,12.96,13.25,13.15,14.07,12.7,399861.0,533610000.0,39.24,33.82,-92.44,7.13,15.32,21384800,18601300.0,2026-08-06,16:14:03
300271,华宇软件,5.81,5.81,5.74,5.96,5.72,218734.0,127550000.0,47.17,46.15,-22.91,1.34,2.75,9971100,11902300.0,2026-08-06,16:14:54
300272,开能健康,5.62,5.6,5.63,5.64,5.53,64370.0,35970000.0,34.36,26.1,84.8,2.79,1.39,2976700,3460300.0,2026-08-06,16:14:06
300274,阳光电源,106.7,108.25,107.0,109.0,104.76,492593.0,5257340000.0,2212.12,1693.89,18.55,4.68,3.1,22860900,26398400.0,2026-08-06,16:14:09
300275,梅安森,8.66,8.6,8.55,8.79,8.53,48405.0,41880000.0,26.67,23.51,68.41,2.82,1.78,2362500,2478000.0,2026-08-06,16:14:33
300276,三丰智能,6.95,7.1,6.93,7.11,6.86,369789.0,257930000.0,97.37,73.47,-47.64,5.56,3.5,14110000,22868800.0,2026-08-06,16:14:09
300277,汽轮科技,12.39,12.5,12.39,12.53,12.22,134760.0,166960000.0,187.91,94.84,410.09,1.86,1.76,5885600,7590300.0,2026-08-06,16:14:12
300278,华昌达,3.9,3.91,3.9,3.94,3.82,176627.0,68610000.0,55.14,54.97,-88.25,3.3,1.25,7977000,9685700.0,2026-08-06,16:14:15
300279,和晶科技,5.63,5.62,5.63,5.66,5.49,130423.0,72790000.0,27.54,27.41,75.17,2.63,2.68,6758700,6283600.0,2026-08-06,16:14:54
300280,紫天退,0.33,0.33,0.0,0.0,0.0,0.0,0.0,0.53,0.53,-0.04,0.04,0.0,0,0.0,2026-08-06,09:00:00
300281,金明精机,6.05,5.86,5.85,6.05,5.8,87643.0,52060000.0,25.34,24.04,-2910.92,2.05,2.21,5465500,3298800.0,2026-08-06,16:14:36
300283,温州宏丰,16.05,14.44,14.21,16.32,14.11,713087.0,1085600000.0,79.77,60.97,65.74,6.65,18.77,34841200,36467500.0,2026-08-06,16:14:18
300284,苏交科,5.47,5.52,5.51,5.57,5.4,160296.0,87700000.0,69.08,65.55,893.77,0.83,1.34,6329500,9700100.0,2026-08-06,16:14:57
300285,国瓷材料,69.53,67.27,64.51,70.33,62.8,1856245.0,12489990000.0,693.25,593.14,108.09,9.46,21.76,93625700,91998800.0,2026-08-06,16:14:39
300286,安科瑞,20.84,21.33,21.16,21.27,20.64,60753.0,127110000.0,52.26,43.3,25.71,2.36,2.92,2720800,3354500.0,2026-08-06,16:14:21
300287,飞利信,3.94,3.97,3.94,4.0,3.88,461611.0,182010000.0,56.55,51.94,-35.87,5.71,3.5,19672800,26488400.0,2026-08-06,16:14:12
300288,朗玛信息,10.05,10.0,10.0,10.28,9.85,66705.0,67120000.0,33.96,25.79,-2571.08,3.15,2.6,3141300,3529200.0,2026-08-06,16:14:42
300289,利德曼,5.73,5.75,5.71,5.77,5.63,58299.0,33200000.0,31.17,31.12,-121.27,1.91,1.07,2872200,2957700.0,2026-08-06,16:14:15
300290,ST荣科,6.64,6.27,6.32,6.67,6.1,579345.0,375080000.0,42.48,42.47,-113.97,5.77,9.06,29370200,28564300.0,2026-08-06,16:14:45
300291,百纳千成,5.35,5.47,5.47,5.53,5.25,365007.0,195940000.0,50.39,49.75,-4.65,2.47,3.93,15884000,20616700.0,2026-08-06,16:14:00
300292,吴通控股,4.32,4.29,4.25,4.35,4.23,513524.0,220450000.0,57.96,48.21,46.9,3.95,4.6,27116300,24236100.0,2026-08-06,16:14:57
300293,蓝英装备,16.1,16.21,15.94,16.31,15.86,94910.0,152690000.0,54.49,54.49,-39.66,7.33,2.8,4982100,4508900.0,2026-08-06,16:14:03
300294,博雅生物,15.4,15.82,15.82,15.88,15.34,50129.0,77760000.0,77.65,77.65,2260.62,1.05,0.99,1800200,3212700.0,2026-08-06,16:14:06
300295,*ST三六五,12.34,11.98,12.16,12.8,12.0,36852.0,45770000.0,23.4,20.68,-48.74,2.16,2.2,2062300,1622900.0,2026-08-06,16:14:00
300296,利亚德,5.48,5.53,5.49,5.53,5.42,497581.0,272490000.0,148.62,126.93,60.01,1.9,2.15,20450700,29307500.0,2026-08-06,16:14:48
300298,三诺生物,16.16,16.52,16.52,16.59,16.13,71550.0,116730000.0,89.99,72.4,67.49,3.04,1.6,3171700,3983300.0,2026-08-06,16:14:09
300299,富春股份,5.52,5.52,5.53,5.68,5.45,274984.0,152710000.0,38.1,38.06,-112.79,9.61,3.99,12954300,14544200.0,2026-08-06,16:14:03
300300,海峡创新,8.08,8.07,8.04,8.13,7.91,561296.0,449880000.0,53.88,53.88,38.05,20.26,8.42,27748400,28381200.0,2026-08-06,16:14:12
300301,ST长方,3.32,3.35,3.36,3.37,3.3,77305.0,25710000.0,27.55,26.22,-18.59,37.94,0.98,2808300,4922200.0,2026-08-06,16:14:24
300302,同有科技,30.08,29.8,29.01,30.56,28.78,292649.0,871960000.0,144.16,110.94,236.55,13.09,7.93,14589600,14675400.0,2026-08-06,16:14:15
300303,聚飞光电,7.24,7.32,7.22,7.32,7.16,504261.0,364610000.0,102.58,96.19,35.94,2.79,3.8,19669300,30756800.0,2026-08-06,16:14:51
300304,云意电气,11.54,11.38,11.32,11.7,11.18,239394.0,274350000.0,101.34,98.61,23.04,3.01,2.8,11535500,12403900.0,2026-08-06,16:14:18
300305,裕兴股份,6.06,6.25,6.08,6.19,5.97,276785.0,167840000.0,22.75,19.48,-9.19,1.18,8.61,10863200,16815200.0,2026-08-06,16:14:21
300306,远方信息,9.7,9.6,9.55,9.78,9.52,27479.0,26530000.0,26.09,15.29,36.98,1.83,1.74,1471000,1276900.0,2026-08-06,16:14:06
300307,慈星股份,6.92,6.99,6.93,6.98,6.82,237396.0,163900000.0,55.4,54.45,49.46,1.69,3.02,10903500,12836100.0,2026-08-06,16:14:24
300308,中际旭创,955.0,947.74,901.02,995.0,882.55,422951.0,39767150000.0,11170.97,10599.92,74.73,32.25,3.81,21522200,20772800.0,2026-08-06,16:14:54
300310,宜通世纪,4.65,4.49,4.51,4.71,4.48,535055.0,244930000.0,41.0,32.15,245.96,2.17,7.74,29782200,23723300.0,2026-08-06,16:14:09
300311,任子行,7.16,5.97,5.8,7.16,5.8,1688667.0,1107070000.0,48.23,38.48,137.78,7.37,31.42,96286600,72580100.0,2026-08-06,16:14:27
300313,天山生物,8.35,8.27,8.3,8.38,8.17,51634.0,42820000.0,20.02,16.48,-110.83,54.5,2.62,3233500,1929900.0,2026-08-06,16:14:57
300314,戴维医疗,10.01,9.99,9.96,10.04,9.83,24070.0,23930000.0,28.83,14.39,38.76,2.36,1.67,1239000,1168000.0,2026-08-06,16:14:12
300315,掌趣科技,4.33,4.44,4.41,4.51,4.33,917139.0,402430000.0,117.24,110.05,-89.64,2.5,3.61,36281900,55431900.0,2026-08-06,16:14:30
300316,晶盛机电,40.75,41.37,40.62,41.46,40.4,157533.0,645000000.0,533.64,501.86,128.78,3.13,1.28,8309200,7444100.0,2026-08-06,16:14:27
300317,珈伟新能,4.56,4.68,4.7,4.71,4.47,791175.0,360380000.0,37.86,37.8,-20.61,2.66,9.54,32654400,46463100.0,2026-08-06,16:14:18
300318,博晖创新,4.8,4.83,4.82,4.87,4.74,52271.0,25040000.0,39.21,38.04,-41.21,3.07,0.66,2124800,3102300.0,2026-08-06,16:14:33
300319,麦捷科技,16.63,16.08,15.7,16.95,15.62,1148338.0,1881110000.0,147.61,141.57,49.02,3.05,13.49,55212000,59621800.0,2026-08-06,16:14:30
300320,海达股份,8.35,8.37,8.37,8.49,8.22,71366.0,59650000.0,50.2,40.53,20.73,1.95,1.47,3165200,3971400.0,2026-08-06,16:14:15
300321,同大股份,32.99,31.83,31.69,33.33,31.39,37540.0,122410000.0,29.3,29.26,332.86,4.64,4.23,1769200,1984800.0,2026-08-06,16:14:00
300322,硕贝德,19.2,17.83,17.75,19.27,17.51,477710.0,888400000.0,88.33,84.56,145.78,8.68,10.85,24401900,23369100.0,2026-08-06,16:14:33
300323,华灿光电,11.88,11.65,11.55,12.02,11.32,689395.0,808930000.0,192.81,141.1,-66.54,2.91,5.8,34211700,34727800.0,2026-08-06,16:14:18
300324,旋极信息,3.85,3.83,3.79,3.88,3.78,383172.0,147090000.0,66.51,65.83,-15.03,2.69,2.24,18735400,19581700.0,2026-08-06,16:14:21
300326,ST凯利,6.18,5.9,5.89,6.22,5.89,104439.0,63390000.0,44.31,44.29,24.73,1.56,1.46,6332400,4111500.0,2026-08-06,16:14:36
300327,中颖电子,22.8,22.78,22.5,23.0,22.3,108738.0,246840000.0,77.83,77.26,119.58,4.38,3.21,5487800,5386000.0,2026-08-06,16:14:24
300328,宜安科技,14.55,14.46,14.45,14.77,14.11,420266.0,607350000.0,100.46,99.96,-327.07,9.77,6.12,21009800,21016800.0,2026-08-06,16:14:27
300329,海伦钢琴,11.74,11.64,11.59,11.99,11.5,27405.0,32140000.0,29.69,29.6,-29.48,4.89,1.09,1235100,1505400.0,2026-08-06,16:14:21
300331,苏大维格,44.74,42.45,42.17,45.3,41.51,154912.0,681000000.0,116.17,99.38,-1989.54,7.54,6.97,8658600,6832700.0,2026-08-06,16:14:39
300332,天壕能源,4.8,4.78,4.78,4.81,4.71,204848.0,97570000.0,40.69,39.0,-12.9,1.08,2.52,9886300,10598500.0,2026-08-06,16:14:30
300333,兆日科技,8.87,8.87,0.0,0.0,0.0,0.0,0.0,29.8,29.69,-139.44,5.29,0.0,0,0.0,2026-08-06,16:14:24
300334,津膜科技,8.4,8.19,8.2,8.41,8.16,78760.0,65160000.0,25.37,25.37,-78.05,4.63,2.61,4045200,3830800.0,2026-08-06,16:14:33
300335,迪森股份,5.4,5.42,5.42,5.42,5.29,140811.0,75350000.0,25.76,20.74,63.0,1.37,3.67,6182200,7898900.0,2026-08-06,16:14:27
300337,银邦股份,10.05,9.98,10.03,10.19,9.89,180678.0,181520000.0,82.61,71.5,95.71,4.69,2.54,8617200,9450600.0,2026-08-06,16:14:42
300338,*ST开元,2.89,3.0,2.98,3.01,2.86,85610.0,25070000.0,11.64,10.11,-8.15,-9.15,2.45,1967000,6594000.0,2026-08-06,16:14:36
300339,润和软件,38.68,39.9,39.1,40.13,38.43,338748.0,1326300000.0,308.05,300.81,215.38,8.58,4.36,15024000,18850800.0,2026-08-06,16:14:03
300340,科恒股份,8.5,8.5,8.55,8.56,8.33,57299.0,48430000.0,23.42,23.24,-9.66,36.37,2.1,2995000,2735000.0,2026-08-06,16:14:06
300341,麦克奥迪,13.3,13.59,13.56,13.67,13.21,55495.0,74290000.0,68.82,68.54,38.42,3.55,1.08,2651200,2898300.0,2026-08-06,16:14:45
300342,天银机电,35.64,35.45,34.71,36.15,34.71,190867.0,680170000.0,151.48,149.26,1058.04,9.72,4.56,9380400,9706300.0,2026-08-06,16:14:09
300343,联创股份,6.29,5.94,5.92,6.39,5.81,665612.0,407340000.0,67.2,67.07,159.29,3.43,6.24,34494000,32067200.0,2026-08-06,16:14:36
300344,立方退,0.25,0.25,0.0,0.0,0.0,0.0,0.0,1.6,1.6,-0.83,0.71,0.0,0,0.0,2026-08-06,09:00:00
300345,华民股份,5.76,5.72,5.71,5.79,5.6,166376.0,94860000.0,33.48,27.67,-17.24,8.32,3.46,7656800,8980800.0,2026-08-06,16:14:12
300346,南大光电,55.9,53.15,51.99,56.0,51.95,755843.0,4125070000.0,386.36,366.7,110.9,11.34,11.52,40108500,35475900.0,2026-08-06,16:14:39
300347,泰格医药,49.63,50.77,51.11,51.3,49.57,142012.0,709300000.0,427.33,281.14,55.39,2.05,2.51,6139000,8062300.0,2026-08-06,16:14:30
300348,长亮科技,9.84,9.79,9.71,10.16,9.65,278526.0,276730000.0,79.94,71.88,-525.89,3.79,3.81,12856000,14996700.0,2026-08-06,16:14:42
300349,金卡智能,10.57,10.72,10.57,10.81,10.44,140267.0,148610000.0,44.1,39.08,17.51,1.0,3.79,5869400,8157300.0,2026-08-06,16:14:33
300350,华鹏飞,4.35,4.32,4.3,4.36,4.26,161732.0,69950000.0,24.45,20.51,-64.45,2.79,3.43,9074800,7098400.0,2026-08-06,16:14:48
300351,永贵电器,14.45,14.18,14.08,14.45,13.99,130506.0,185640000.0,56.2,38.06,321.25,2.32,4.95,6706800,6343800.0,2026-08-06,16:14:36
300352,ST信源,2.53,2.49,2.5,2.57,2.47,288754.0,72920000.0,36.68,32.29,-10.95,3.63,2.26,13235700,15639700.0,2026-08-06,16:14:51
300353,东土科技,19.54,19.84,19.69,19.93,19.28,157182.0,308440000.0,120.15,105.53,129.1,5.45,2.91,6927700,8790500.0,2026-08-06,16:14:15
300354,东华测试,30.44,29.97,29.62,31.3,29.62,26250.0,80390000.0,42.1,24.75,31.12,4.91,3.23,1288200,1336800.0,2026-08-06,16:14:45
300355,蒙草生态,2.94,2.96,2.94,2.97,2.9,180393.0,52880000.0,47.16,40.17,190.57,1.12,1.32,7910700,10128600.0,2026-08-06,16:14:54
300357,我武生物,23.45,24.1,24.1,24.16,23.4,104989.0,248090000.0,122.78,113.48,28.83,4.62,2.17,4180000,6319000.0,2026-08-06,16:14:39
300358,楚天科技,9.0,8.98,8.99,9.14,8.85,334057.0,299740000.0,64.36,63.44,19.44,1.17,4.74,15329400,18076200.0,2026-08-06,16:14:57
300359,全通教育,4.25,4.5,4.4,4.48,4.2,472736.0,204460000.0,26.92,26.92,-38.15,5.25,7.46,17896400,29377200.0,2026-08-06,16:14:39
300360,炬华科技,12.36,12.59,12.55,12.56,12.28,54703.0,67770000.0,63.55,61.83,13.04,1.55,1.09,1947900,3522400.0,2026-08-06,16:14:42
300363,博腾股份,17.03,17.6,17.52,17.78,16.98,229728.0,395940000.0,92.55,84.39,72.03,1.74,4.64,9097100,13875700.0,2026-08-06,16:14:42
300364,中文在线,25.22,26.46,25.7,26.34,24.89,850528.0,2170370000.0,183.73,166.56,-29.22,72.78,12.88,37297100,47755600.0,2026-08-06,16:14:45
300365,恒华科技,4.82,4.86,4.8,4.9,4.73,131328.0,63070000.0,28.91,24.67,-11.78,1.81,2.57,5854200,7278600.0,2026-08-06,16:14:48
300366,ST创意,4.92,4.75,4.77,4.94,4.77,120211.0,58570000.0,29.89,26.1,-4.77,2.6,2.27,6339600,5681500.0,2026-08-06,16:14:51
300368,汇金股份,9.49,9.46,9.4,9.76,9.27,411875.0,391600000.0,50.2,50.2,-30.46,104.14,7.79,20006200,21181200.0,2026-08-06,16:14:45
300369,绿盟科技,8.3,7.73,7.56,8.44,7.5,1397635.0,1112020000.0,67.28,67.04,-161.86,2.63,17.3,75037000,64726500.0,2026-08-06,16:14:54
300370,安控科技,2.15,2.14,2.14,2.18,2.12,289759.0,62300000.0,33.66,33.57,-27.2,7.79,1.86,15538100,13437800.0,2026-08-06,16:14:18
300371,汇中股份,10.07,9.99,9.93,10.08,9.88,23531.0,23490000.0,20.26,14.1,30.45,1.75,1.68,1345400,1007700.0,2026-08-06,16:14:00
300373,扬杰科技,94.03,91.01,90.0,95.55,89.3,211326.0,1969890000.0,510.91,509.77,37.28,5.3,3.9,11453200,9679400.0,2026-08-06,16:14:03
300374,中铁装配,10.97,10.99,10.99,11.1,10.79,29011.0,31680000.0,26.98,26.97,-21.97,3.8,1.18,1489800,1411400.0,2026-08-06,16:14:06
300375,鹏翎股份,3.96,3.97,3.97,4.01,3.87,90660.0,35740000.0,30.26,21.09,-14.4,1.46,1.7,4035700,5030300.0,2026-08-06,16:14:57
300376,易事特,4.84,4.91,4.89,4.91,4.79,210425.0,101960000.0,112.69,112.65,-2126.44,1.74,0.9,8623900,12418600.0,2026-08-06,16:14:00
300377,赢时胜,14.5,14.58,14.51,14.94,14.27,356828.0,520380000.0,108.9,100.18,-468.81,4.53,5.16,17522200,18160600.0,2026-08-06,16:14:21
300378,鼎捷数智,36.94,36.59,36.0,38.48,35.88,222881.0,833570000.0,100.31,99.56,61.25,4.38,8.27,11269300,11018800.0,2026-08-06,16:14:03
300379,东通退,1.72,1.72,0.0,0.0,0.0,0.0,0.0,9.6,9.06,-2.02,0.31,0.0,0,0.0,2026-08-06,09:00:00
300380,安硕信息,31.01,30.9,30.82,32.18,30.46,35372.0,110380000.0,42.93,39.5,115.75,10.77,2.78,1728000,1809200.0,2026-08-06,16:14:48
300381,溢多利,5.87,5.91,5.97,5.97,5.77,57682.0,33750000.0,28.19,28.09,-345.22,1.15,1.21,2695700,3072500.0,2026-08-06,16:14:51
300382,斯莱克,13.96,13.75,13.62,14.19,13.54,226119.0,315110000.0,90.52,90.51,-95.29,3.98,3.49,10775700,11836200.0,2026-08-06,16:14:09
300383,光环新网,13.65,14.01,13.72,13.97,13.53,830247.0,1140970000.0,245.37,244.92,-30.45,2.07,4.63,33957500,49067200.0,2026-08-06,16:14:48
300384,三联虹普,12.37,12.41,12.35,12.58,12.19,32411.0,40060000.0,39.46,27.23,20.9,1.42,1.47,1811600,1429500.0,2026-08-06,16:14:24
300385,ST雪浪,11.36,11.3,11.23,11.41,11.11,48327.0,54420000.0,37.85,33.02,-17.03,-662.73,1.66,2275000,2557700.0,2026-08-06,16:14:12
300386,飞天诚信,12.56,10.47,10.54,12.56,10.46,212943.0,260440000.0,52.51,31.5,-127.27,3.66,8.49,7147900,14146500.0,2026-08-06,16:14:54
300387,富邦科技,7.21,7.16,7.12,7.23,7.06,54480.0,38980000.0,20.84,20.83,33.23,1.45,1.89,2643900,2804100.0,2026-08-06,16:14:15
300388,节能国祯,6.78,6.82,6.8,6.84,6.68,50066.0,33870000.0,46.17,46.17,12.21,0.97,0.74,2195900,2810700.0,2026-08-06,16:14:51
300389,艾比森,12.59,12.55,12.51,12.68,12.4,47581.0,59790000.0,46.47,27.63,18.24,2.77,2.17,2016500,2741600.0,2026-08-06,16:14:54
300390,天华新能,59.54,59.95,59.03,60.21,58.39,316654.0,1877050000.0,494.63,400.27,37.77,4.01,4.71,14580200,17085200.0,2026-08-06,16:14:06
300391,长药退,0.19,0.19,0.0,0.0,0.0,0.0,0.0,0.67,0.67,-0.1,-0.1,0.0,0,0.0,2026-08-06,09:00:00
300393,中来股份,6.25,6.34,6.27,6.31,6.14,195380.0,121710000.0,68.1,59.74,-4.57,3.85,2.04,8143200,11394800.0,2026-08-06,16:14:09
300394,天孚通信,225.28,216.85,208.0,228.0,202.0,677501.0,14710770000.0,2457.41,2451.92,113.15,44.95,6.22,35406200,32343900.0,2026-08-06,16:14:57
300395,菲利华,81.83,79.94,78.35,82.71,78.32,233567.0,1891880000.0,430.2,419.41,89.29,8.48,4.56,11752300,11604400.0,2026-08-06,16:14:57
300396,ST迪瑞,7.03,6.95,6.89,7.11,6.89,31659.0,22150000.0,19.17,19.14,-9.13,1.24,1.16,1467100,1698800.0,2026-08-06,16:14:12
300397,天和防务,11.03,10.83,10.75,11.07,10.71,194906.0,213230000.0,57.1,45.02,-96.31,3.98,4.78,9655300,9835300.0,2026-08-06,16:14:00
300398,飞凯材料,35.59,34.36,33.66,36.0,33.66,483789.0,1700380000.0,202.87,201.77,50.48,4.04,8.53,25180300,23198600.0,2026-08-06,16:14:15
300399,天利科技,17.89,17.69,17.9,18.5,17.52,54272.0,97650000.0,35.35,35.35,-258.88,7.13,2.75,2675500,2751700.0,2026-08-06,16:14:03
300400,劲拓股份,26.07,23.81,23.81,26.66,23.21,221084.0,564100000.0,63.43,63.22,74.79,8.91,9.12,10249400,11859000.0,2026-08-06,16:14:18
300401,花园生物,13.69,13.48,13.5,13.88,13.4,263707.0,359850000.0,74.59,73.38,28.84,2.3,4.92,12154600,14216100.0,2026-08-06,16:14:21
300402,宝色股份,14.81,14.65,14.66,14.84,14.43,36226.0,53080000.0,36.55,36.08,71.19,2.41,1.49,1964000,1658600.0,2026-08-06,16:14:24
300403,汉宇集团,9.65,9.71,9.61,9.84,9.53,108673.0,105160000.0,58.19,41.21,27.22,2.66,2.54,5265900,5601400.0,2026-08-06,16:14:27
300404,博济医药,9.91,9.91,10.07,10.11,9.77,184792.0,182660000.0,38.23,28.29,88.79,3.6,6.47,8368100,10111200.0,2026-08-06,16:14:18
300405,科隆股份,5.43,5.37,5.39,5.49,5.35,84564.0,45780000.0,15.44,11.88,-34.69,3.97,3.86,4412600,4043800.0,2026-08-06,16:14:30
300406,九强生物,11.53,11.66,11.66,11.7,11.46,34001.0,39210000.0,67.58,48.92,31.84,2.03,0.8,1292700,2107400.0,2026-08-06,16:14:00
300407,凯发电气,12.79,12.72,12.75,12.98,12.6,130444.0,166700000.0,44.31,33.14,57.88,2.06,5.04,6313700,6730700.0,2026-08-06,16:14:06
300408,三环集团,127.0,128.19,124.0,129.65,120.8,767691.0,9586750000.0,2524.58,2374.65,87.76,11.72,4.11,36844100,39925100.0,2026-08-06,16:14:09
300409,道氏技术,18.17,18.61,18.58,18.58,18.03,193465.0,353340000.0,142.13,126.5,25.09,1.76,2.78,7675800,11670700.0,2026-08-06,16:14:21
300410,正业科技,7.66,7.46,7.43,7.68,7.32,257590.0,194470000.0,28.12,28.12,70.18,10.2,7.02,12434900,13324100.0,2026-08-06,16:14:12
300411,金盾股份,7.38,7.41,7.38,7.48,7.27,77297.0,57000000.0,30.0,22.81,941.21,3.11,2.5,3654900,4074800.0,2026-08-06,16:14:15
300412,迦南科技,4.27,4.25,4.25,4.31,4.19,109358.0,46630000.0,21.25,19.98,83.83,2.1,2.34,5513000,5422900.0,2026-08-06,16:14:18
300413,芒果超媒,16.1,16.47,16.3,16.62,15.98,228248.0,370040000.0,301.19,164.49,28.75,1.3,2.23,9866100,12958700.0,2026-08-06,16:14:27
300414,中光防雷,11.47,11.4,11.31,11.6,11.27,156793.0,179140000.0,37.39,35.96,164.32,3.76,5.0,8194700,7484600.0,2026-08-06,16:14:21
300415,伊之密,21.6,21.27,21.13,22.59,21.01,159047.0,349900000.0,101.21,97.87,14.23,3.25,3.51,8316900,7587800.0,2026-08-06,16:14:30
300416,苏试试验,15.16,15.08,15.09,15.55,14.97,190745.0,290860000.0,77.1,76.58,28.6,2.73,3.78,8936400,10138100.0,2026-08-06,16:14:33
300417,南华仪器,10.57,10.56,10.57,10.73,10.44,30989.0,32810000.0,14.22,8.84,-853.33,3.2,3.71,1467900,1631000.0,2026-08-06,16:14:24
300418,昆仑万维,43.9,44.41,43.63,44.9,43.39,720426.0,3178030000.0,564.13,515.97,-32.98,4.4,6.13,34701100,37341400.0,2026-08-06,16:14:36
300419,ST浩丰,9.45,8.87,8.99,9.55,8.75,168176.0,156360000.0,34.75,34.75,-31.97,10.43,4.57,9318100,7499500.0,2026-08-06,16:14:03
300420,五洋自控,8.1,7.89,7.9,8.3,7.67,1841870.0,1473070000.0,90.43,90.42,205.92,3.82,16.5,90945000,93242000.0,2026-08-06,16:14:24
300421,力星股份,17.45,17.57,17.41,17.64,17.16,58209.0,101430000.0,51.31,40.19,86.75,4.11,2.53,2831100,2989800.0,2026-08-06,16:14:27
300422,博世科,4.52,4.43,4.42,4.53,4.4,114582.0,51350000.0,24.13,23.35,-3.75,3.64,2.22,6190900,5267300.0,2026-08-06,16:14:39
300423,昇辉科技,5.86,5.85,5.85,5.87,5.75,90674.0,52810000.0,29.15,19.52,-16.4,2.53,2.72,4623700,4443700.0,2026-08-06,16:14:06
300424,航新科技,14.28,14.16,14.13,14.44,13.95,85642.0,121760000.0,36.65,36.63,-138.57,4.82,3.34,4169400,4394800.0,2026-08-06,16:14:33
300425,中建环能,3.96,3.95,3.95,4.0,3.89,132775.0,52400000.0,27.02,26.96,181.13,1.14,1.95,7351300,5926200.0,2026-08-06,16:14:30
300426,华智数媒,5.98,5.95,6.03,6.12,5.86,90113.0,53910000.0,26.93,23.92,-6.78,28.98,2.25,4565500,4445800.0,2026-08-06,16:14:36
300427,红相股份,6.87,7.01,7.01,7.03,6.78,321788.0,221910000.0,34.94,34.56,-112.26,2.91,6.4,13615200,18563600.0,2026-08-06,16:14:39
300428,立中集团,18.87,19.17,19.17,19.23,18.74,70365.0,133290000.0,129.37,112.61,14.02,1.47,1.18,3085500,3951000.0,2026-08-06,16:14:27
300429,强力新材,10.57,10.33,10.06,10.61,10.03,287546.0,298310000.0,58.71,44.16,-39.0,3.15,6.88,14776500,13978100.0,2026-08-06,16:14:42
300430,*ST益通,4.75,4.8,4.72,4.8,4.65,83678.0,39590000.0,12.97,12.34,-1.36,1.01,3.22,3337200,5030600.0,2026-08-06,16:14:30
300432,富临精工,15.79,16.25,16.11,16.31,15.6,492008.0,782210000.0,269.97,266.96,53.29,5.71,2.91,19488100,29712700.0,2026-08-06,16:14:33
300433,蓝思科技,34.82,35.09,34.3,35.58,34.24,1099273.0,3820200000.0,1838.06,1730.45,53.44,3.52,2.21,50653800,59273500.0,2026-08-06,16:14:36
300434,金石亚药,10.52,10.61,10.61,10.72,10.41,136939.0,143940000.0,42.26,35.99,22.87,1.6,4.0,6091400,7602500.0,2026-08-06,16:14:42
300435,中泰股份,17.71,17.18,17.01,17.92,16.93,192817.0,338920000.0,68.31,65.33,17.4,2.03,5.23,9519700,9762000.0,2026-08-06,16:14:33
300436,广生堂,92.73,93.05,94.5,94.94,91.7,56205.0,521910000.0,147.69,126.78,-68.6,58.7,4.11,2701400,2919100.0,2026-08-06,16:14:39
300437,清水源,11.09,11.08,10.99,11.17,10.85,59642.0,65700000.0,27.19,19.27,-74.63,1.97,3.43,3148600,2815600.0,2026-08-06,16:14:42
300438,鹏辉能源,61.6,63.81,63.1,63.57,60.22,245996.0,1528200000.0,310.06,248.97,53.97,5.47,6.09,11317700,13281900.0,2026-08-06,16:14:45
300439,美康生物,8.69,8.7,8.74,8.77,8.59,23717.0,20570000.0,33.4,25.4,50.17,1.12,0.81,1049200,1322500.0,2026-08-06,16:14:45
300440,运达科技,19.01,18.72,18.71,19.3,18.55,127217.0,240790000.0,84.01,83.69,100.93,5.06,2.89,6796300,5925500.0,2026-08-06,16:14:45
300441,鲍斯股份,6.84,6.9,6.89,6.91,6.74,53908.0,36760000.0,44.08,42.81,26.37,1.78,0.86,2019000,3371800.0,2026-08-06,16:14:48
300442,润泽科技,68.8,69.92,68.0,70.3,67.65,353739.0,2445100000.0,1129.04,1125.73,21.7,8.08,2.16,17180500,18193400.0,2026-08-06,16:14:48
300443,金雷股份,21.2,21.64,21.62,21.7,21.0,58052.0,123570000.0,67.87,51.47,20.77,1.07,2.39,2546400,3258800.0,2026-08-06,16:14:36
300444,双杰电气,10.63,10.91,10.73,10.88,10.48,583509.0,620510000.0,85.53,66.7,18.35,4.12,9.3,23847200,34503700.0,2026-08-06,16:14:51
300445,康斯特,18.87,18.86,18.65,19.1,18.56,22544.0,42530000.0,40.09,26.52,34.55,3.1,1.6,1169200,1085200.0,2026-08-06,16:14:39
300446,航天智造,13.89,14.01,13.95,14.05,13.7,84536.0,117390000.0,117.43,51.89,14.1,2.03,2.26,3647100,4806500.0,2026-08-06,16:14:48
300447,全信股份,13.79,13.69,13.59,13.87,13.51,36457.0,49970000.0,43.07,27.78,157.88,2.14,1.81,2073300,1572400.0,2026-08-06,16:14:09
300448,浩云科技,5.79,5.74,5.72,5.84,5.67,168440.0,97120000.0,39.17,37.2,-144.68,3.25,2.62,8209700,8634300.0,2026-08-06,16:14:54
300449,汉邦高科,7.16,6.99,7.01,7.18,6.99,106425.0,75510000.0,27.64,27.64,-35.61,9.93,2.76,5486000,5156500.0,2026-08-06,16:14:57
300450,先导智能,34.5,35.18,35.06,35.32,34.1,396226.0,1373320000.0,577.61,538.0,36.01,3.32,2.54,17054800,22567700.0,2026-08-06,16:14:12
300451,创业慧康,3.68,3.69,3.66,3.73,3.61,266204.0,97660000.0,57.01,56.18,-12.25,1.45,1.74,12017900,14602400.0,2026-08-06,16:14:00
300452,山河药辅,12.29,12.24,12.2,12.29,12.11,30172.0,36820000.0,28.81,24.41,16.33,3.02,1.52,1506700,1510500.0,2026-08-06,16:14:42
300453,三鑫医疗,9.41,9.55,9.55,9.56,9.28,98470.0,92590000.0,49.13,33.86,17.57,3.45,2.74,3913900,5933100.0,2026-08-06,16:14:45
300454,深信服,126.01,127.97,125.24,131.58,124.06,266652.0,3396740000.0,543.81,362.91,94.1,5.03,9.26,13440700,13224400.0,2026-08-06,16:14:48
300455,航天智装,19.41,19.22,19.08,19.54,19.0,73862.0,142850000.0,139.32,137.54,-76.47,8.35,1.04,3500300,3885800.0,2026-08-06,16:14:03
300456,赛微电子,31.49,31.52,31.2,31.99,30.98,240304.0,756460000.0,230.57,188.14,16.22,3.63,4.02,11634100,12396400.0,2026-08-06,16:14:51
300457,赢合科技,20.22,20.62,20.51,21.04,20.13,118180.0,241740000.0,130.46,128.37,22.3,1.9,1.86,5018900,6799100.0,2026-08-06,16:14:06
300458,全志科技,34.32,34.21,33.43,35.25,33.1,754151.0,2583620000.0,341.02,279.44,91.28,10.7,9.26,38706600,36708500.0,2026-08-06,16:14:54
300459,汤姆猫,3.82,3.91,3.87,3.94,3.79,1481729.0,570930000.0,134.3,125.57,-11.42,18.24,4.51,55092300,93080600.0,2026-08-06,16:14:51
300460,ST惠伦,8.72,8.5,8.58,8.75,8.44,60606.0,52110000.0,24.49,24.49,-15.3,5.33,2.16,2626100,3434500.0,2026-08-06,16:14:15
300461,田中精机,31.93,31.12,31.01,32.33,30.51,39775.0,126080000.0,50.3,46.21,1109.19,9.19,2.75,2155700,1821900.0,2026-08-06,16:14:51
300462,ST华铭,11.87,11.22,11.38,12.07,11.22,30073.0,35420000.0,21.51,16.38,-38.97,1.55,2.18,1710000,1297300.0,2026-08-06,16:14:18
300463,迈克生物,9.06,9.14,9.11,9.15,8.97,56144.0,50800000.0,54.78,44.54,-153.83,0.87,1.14,2339800,3274600.0,2026-08-06,16:14:54
300464,星徽股份,6.4,6.41,6.42,6.48,6.27,64759.0,41260000.0,29.91,22.73,273.75,16.89,1.82,3263500,3212400.0,2026-08-06,16:14:09
300465,高伟达,13.59,13.66,13.45,13.8,13.36,236276.0,320880000.0,60.31,60.31,240.9,9.02,5.32,11745300,11882300.0,2026-08-06,16:14:54
300466,赛摩智能,7.36,7.36,7.37,7.44,7.27,53212.0,39130000.0,39.42,33.04,-147.67,5.69,1.19,2662500,2658700.0,2026-08-06,16:14:57
300467,迅游科技,34.27,34.29,34.54,35.12,33.75,32480.0,111850000.0,69.64,58.34,276.77,10.72,1.91,1537000,1711000.0,2026-08-06,16:14:12
300468,四方精创,23.71,22.28,22.08,24.39,22.08,664979.0,1570200000.0,125.82,125.61,174.72,7.76,12.55,35761200,30736600.0,2026-08-06,16:14:15
300469,信息发展,59.38,55.48,55.0,59.5,54.99,112861.0,655910000.0,147.4,147.33,-86.0,62.97,4.55,7305500,3980600.0,2026-08-06,16:14:57
300470,中密控股,29.44,29.93,29.91,30.03,29.23,22114.0,65290000.0,61.22,58.1,17.12,2.13,1.12,819400,1392000.0,2026-08-06,16:14:18
300471,厚普股份,9.79,9.86,9.76,10.0,9.7,108524.0,106590000.0,46.03,36.69,41.56,2.79,2.9,4599400,6253000.0,2026-08-06,16:14:57
300472,*ST新元,6.73,6.8,6.84,6.99,6.73,25937.0,17670000.0,18.52,16.55,-5.37,80.56,1.05,834200,1759500.0,2026-08-06,16:14:00
300473,德尔股份,22.27,22.23,22.2,22.45,21.85,40147.0,89000000.0,38.45,33.52,21.96,2.01,2.67,1823200,2191500.0,2026-08-06,16:14:00
300474,景嘉微,53.09,53.96,53.29,53.87,52.79,89814.0,478070000.0,277.46,215.8,-167.29,4.07,2.21,4204900,4776600.0,2026-08-06,16:14:21
300475,香农芯创,152.59,151.35,145.01,156.38,144.44,310119.0,4664860000.0,716.47,686.71,38.62,14.64,6.89,15573300,15438600.0,2026-08-06,16:14:03
300476,胜宏科技,250.15,236.35,228.01,260.53,227.0,724139.0,18012250000.0,2458.44,2164.29,52.53,15.69,8.37,38197900,34216100.0,2026-08-06,16:14:06
300477,ST合纵,2.64,2.72,2.74,2.74,2.62,275523.0,73360000.0,28.3,26.16,-3.15,34.13,2.78,9107600,18444700.0,2026-08-06,16:14:24
300478,杭州高新,28.31,27.93,27.83,28.66,27.59,35743.0,100610000.0,35.86,35.86,-103.19,114.28,2.82,1678100,1896200.0,2026-08-06,16:14:27
300479,神思电子,14.26,14.04,13.85,14.64,13.85,76861.0,110150000.0,28.1,28.08,257.51,5.32,3.9,3766000,3920100.0,2026-08-06,16:14:03
300480,光力科技,32.4,30.87,30.38,34.25,30.08,368574.0,1198750000.0,119.95,87.53,222.29,7.08,13.64,19437700,17419800.0,2026-08-06,16:14:30
300481,濮阳惠成,13.96,13.93,13.74,14.0,13.69,111798.0,154820000.0,40.74,40.49,35.9,1.71,3.85,5303000,5876800.0,2026-08-06,16:14:09
300482,万孚生物,17.12,17.3,17.42,17.44,17.04,51258.0,88160000.0,80.14,73.63,-47.77,1.51,1.19,2041300,3084500.0,2026-08-06,16:14:12
300483,首华燃气,23.08,22.27,22.27,23.72,22.14,133127.0,307640000.0,88.88,88.82,44.04,2.41,3.46,7128100,6184600.0,2026-08-06,16:14:06
300484,蓝海华腾,12.97,12.9,12.8,13.02,12.69,32744.0,42200000.0,26.87,21.58,75.98,4.07,1.97,1600300,1674100.0,2026-08-06,16:14:00
300485,赛升药业,9.09,9.15,9.17,9.23,9.02,50943.0,46290000.0,43.78,24.89,-211.15,1.3,1.86,2045000,3049300.0,2026-08-06,16:14:21
300486,东杰智能,19.9,20.0,19.49,20.2,19.49,110191.0,219650000.0,94.95,94.92,395.28,5.61,2.31,4609000,6410100.0,2026-08-06,16:14:24
300487,蓝晓科技,64.55,64.08,63.76,66.3,63.56,60623.0,393690000.0,328.65,198.83,37.1,7.53,1.97,3069200,2993100.0,2026-08-06,16:14:33
300488,恒锋工具,31.01,30.96,30.37,31.48,30.37,43207.0,133880000.0,59.3,50.31,32.47,2.76,2.66,2275500,2045300.0,2026-08-06,16:14:09
300489,光智科技,202.0,182.45,182.0,206.79,181.0,189843.0,3711430000.0,281.1,280.07,-1026.56,36.9,13.69,9340700,9643600.0,2026-08-06,16:14:03
300490,华自科技,11.93,12.09,12.09,12.11,11.77,116217.0,138940000.0,47.56,46.92,-47.83,2.14,2.96,5277000,6344700.0,2026-08-06,16:14:12
300491,通合科技,27.7,27.95,27.68,28.33,27.17,91529.0,253550000.0,49.21,43.66,106.14,4.08,5.81,4688100,4464800.0,2026-08-06,16:14:15
300492,华图山鼎,25.77,27.12,26.66,27.05,25.63,81466.0,213840000.0,70.95,70.95,29.5,30.08,2.96,3753800,4392800.0,2026-08-06,16:14:27
300493,润欣科技,13.15,13.34,13.15,13.38,12.98,132308.0,174570000.0,67.4,66.62,113.5,5.87,2.61,5913900,7316900.0,2026-08-06,16:14:30
300494,盛天网络,9.38,9.07,8.93,10.12,8.88,365534.0,346450000.0,46.01,37.37,2974.67,3.18,9.18,18142900,18410600.0,2026-08-06,16:14:15
300496,中科创达,62.88,63.25,62.2,64.75,62.2,186584.0,1186760000.0,290.33,232.38,63.12,2.81,5.05,8967700,9690600.0,2026-08-06,16:14:18
300497,富祥股份,18.25,17.55,17.5,18.51,17.37,394076.0,715340000.0,98.3,82.59,2500.63,4.38,8.71,21871200,17536400.0,2026-08-06,16:14:36
300498,温氏股份,13.55,13.59,13.63,13.73,13.38,367068.0,496230000.0,901.61,805.67,41.3,2.36,0.62,18745200,17961600.0,2026-08-06,16:14:06
300499,高澜股份,28.01,27.9,27.51,28.54,27.13,194111.0,541860000.0,85.5,76.02,280.02,6.23,7.15,9847700,9563400.0,2026-08-06,16:14:09
300500,启迪设计,9.14,9.01,9.04,9.16,8.92,28713.0,26060000.0,15.9,15.32,-18.39,1.6,1.71,1647900,1223300.0,2026-08-06,16:14:12
300501,海顺新材,10.24,10.17,10.16,10.33,10.08,33926.0,34600000.0,28.49,28.39,-55.46,2.22,1.22,1933300,1459200.0,2026-08-06,16:14:18
300502,新易盛,421.87,424.3,413.0,439.84,397.09,514458.0,21552830000.0,5881.95,5291.28,54.77,30.3,4.1,25341600,26104200.0,2026-08-06,16:14:21
300503,昊志机电,72.09,71.19,70.08,73.38,69.59,226452.0,1628630000.0,222.2,173.89,77.1,14.01,9.39,11543300,11101900.0,2026-08-06,16:14:39
300504,天邑股份,14.98,14.6,14.37,15.1,14.35,76558.0,113410000.0,40.6,32.69,-70.53,1.94,3.51,3757300,3898500.0,2026-08-06,16:14:42
300505,川金诺,19.2,19.69,19.25,19.64,18.9,193800.0,372740000.0,52.77,41.73,12.48,1.86,8.92,7651200,11728900.0,2026-08-06,16:14:21
300506,名家汇,6.53,6.15,6.18,6.58,6.0,578892.0,368460000.0,93.09,47.98,-145.99,6.81,7.88,30261600,27627700.0,2026-08-06,16:14:24
300507,苏奥传感,6.66,6.67,6.62,6.79,6.55,77281.0,51490000.0,53.32,51.61,51.13,2.52,1.0,3739800,3988300.0,2026-08-06,16:14:45
300508,维宏股份,46.05,44.87,44.14,47.87,43.6,51863.0,238690000.0,50.12,37.73,77.61,5.79,6.33,2620400,2565900.0,2026-08-06,16:14:27
300509,新美星,8.33,8.32,8.32,8.4,8.19,38216.0,31760000.0,24.69,20.58,19.35,3.87,1.55,1788500,2033100.0,2026-08-06,16:14:33
300510,金冠股份,3.47,3.51,3.5,3.51,3.4,243425.0,84000000.0,28.62,28.62,-8.16,1.49,2.95,10480400,13862100.0,2026-08-06,16:14:15
300511,雪榕生物,5.31,5.26,5.24,5.34,5.18,245023.0,129010000.0,34.03,28.99,17.39,1.91,4.49,12718000,11784300.0,2026-08-06,16:14:36
300512,中亚股份,7.06,6.95,6.96,7.08,6.89,43175.0,30340000.0,28.89,22.87,92.46,1.78,1.33,2433800,1883700.0,2026-08-06,16:14:30
300513,恒实科技,7.23,7.21,7.17,7.37,7.14,62914.0,45570000.0,22.68,22.67,-3.27,4.2,2.01,3223700,3067700.0,2026-08-06,16:14:39
300514,友讯达,9.57,9.48,9.49,9.59,9.41,23914.0,22750000.0,19.14,15.34,66.18,1.92,1.49,1074300,1317100.0,2026-08-06,16:14:33
300515,三德科技,15.75,15.87,15.91,16.04,15.52,53865.0,85040000.0,32.41,31.78,17.17,3.67,2.67,2314100,3072400.0,2026-08-06,16:14:24
300516,久之洋,30.95,29.92,29.58,31.3,29.58,69998.0,215130000.0,77.99,77.99,521.88,6.1,2.78,3611900,3387900.0,2026-08-06,16:14:36
300517,海波重科,9.73,9.54,9.57,10.5,9.56,125890.0,124480000.0,19.5,12.28,421.21,1.9,9.97,6222000,6367100.0,2026-08-06,16:14:39
300518,新迅达,23.87,21.14,21.0,25.11,20.76,186009.0,436640000.0,47.6,47.59,-44.06,7.2,9.33,10223000,8377800.0,2026-08-06,16:14:42
300519,新光药业,14.07,13.7,13.51,14.07,13.51,64243.0,88850000.0,22.51,16.05,40.17,2.76,5.63,3389300,3035000.0,2026-08-06,16:14:42
300520,科大国创,26.5,26.92,26.6,27.15,26.04,115689.0,307600000.0,77.39,74.79,-39.59,4.52,4.1,5581100,5987800.0,2026-08-06,16:14:45
300521,爱司凯,23.32,23.31,24.38,24.38,22.91,55647.0,130630000.0,34.92,34.48,-258.76,6.55,3.76,2170100,3394600.0,2026-08-06,16:14:45
300522,世名科技,13.48,12.98,13.02,13.48,12.91,200202.0,264380000.0,43.47,35.47,254.12,5.58,7.61,10269900,9750300.0,2026-08-06,16:14:48
300523,辰安科技,19.62,19.8,19.99,20.25,19.4,23233.0,45920000.0,45.64,45.64,-21.04,4.72,1.0,1112700,1210500.0,2026-08-06,16:14:51
300525,博思软件,9.42,9.37,9.11,9.84,9.06,504428.0,478610000.0,70.8,58.09,40.5,2.98,8.18,25901200,24541600.0,2026-08-06,16:14:48
300527,ST应急,7.88,7.69,7.7,7.97,7.69,125234.0,98010000.0,80.12,80.12,568.21,2.77,1.23,6882300,5641100.0,2026-08-06,16:14:51
300528,幸福蓝海,14.11,13.98,14.16,14.46,13.69,219316.0,307480000.0,52.57,52.57,-23.97,13.7,5.89,10106400,11825200.0,2026-08-06,16:14:18
300529,健帆生物,17.82,18.31,18.35,18.52,17.8,101890.0,183600000.0,142.31,91.31,27.1,4.26,1.99,4056700,6132300.0,2026-08-06,16:14:21
300530,领湃科技,19.01,19.84,19.88,19.88,18.65,86962.0,166320000.0,32.69,32.69,-25.72,44.96,5.06,3401400,5294800.0,2026-08-06,16:14:24
300531,优博讯,17.68,17.2,17.8,18.68,17.54,338776.0,613780000.0,56.77,55.09,53.85,4.02,10.87,17844700,16032900.0,2026-08-06,16:14:27
300532,今天国际,7.09,7.1,7.05,7.17,6.97,113366.0,80100000.0,45.07,42.86,20.77,2.57,1.88,5656200,5680500.0,2026-08-06,16:14:54
300533,冰川网络,15.29,15.58,15.49,15.87,15.08,96066.0,147690000.0,50.19,35.31,17.62,3.9,4.16,4299800,5306800.0,2026-08-06,16:14:54
300534,陇神戎发,14.9,13.61,13.3,15.58,12.6,1175569.0,1629080000.0,45.2,45.01,91.55,6.22,38.92,61046400,56510500.0,2026-08-06,16:14:57
300535,达威股份,14.57,14.66,14.63,14.75,14.35,21382.0,31120000.0,15.59,11.83,70.38,1.65,2.63,1092400,1045900.0,2026-08-06,16:14:27
300536,农尚环境,8.88,8.87,8.87,9.09,8.72,74259.0,65730000.0,26.04,26.04,-11.05,9.25,2.53,3924100,3501800.0,2026-08-06,16:14:00
300537,广信材料,19.53,18.93,18.68,19.57,18.58,140756.0,270810000.0,40.47,29.64,354.52,4.49,9.27,7074500,7001100.0,2026-08-06,16:14:30
300538,同益股份,13.91,13.82,13.73,13.94,13.55,52557.0,72340000.0,25.3,16.83,-55.1,2.79,4.34,2766000,2489700.0,2026-08-06,16:14:48
300539,横河精密,19.27,19.35,19.25,19.7,19.02,71824.0,138960000.0,51.66,41.99,100.17,4.52,3.3,3731400,3451000.0,2026-08-06,16:14:30
300540,蜀道装备,33.61,28.01,27.82,33.61,27.59,241602.0,741170000.0,76.49,69.48,104.75,6.83,11.69,12160200,12000000.0,2026-08-06,16:14:51
300541,先进数通,11.09,10.81,10.73,11.11,10.73,186375.0,204760000.0,47.69,43.03,60.09,2.78,4.8,10376800,8260700.0,2026-08-06,16:14:57
300542,新晨科技,12.35,12.28,12.2,12.66,12.15,66330.0,82290000.0,36.87,30.58,-150.81,6.91,2.68,3226100,3406900.0,2026-08-06,16:14:54
300543,朗科智能,7.74,7.59,7.59,7.77,7.5,74924.0,57500000.0,23.71,19.37,-262.27,1.69,2.99,3732900,3759500.0,2026-08-06,16:14:57
300545,联得装备,28.1,27.89,27.73,28.4,27.43,67241.0,188110000.0,52.11,33.6,54.55,2.41,5.62,3284700,3439400.0,2026-08-06,16:14:03
300546,雄帝科技,17.59,15.97,15.68,18.49,15.68,182463.0,316270000.0,33.01,23.73,127.68,2.95,13.52,10175000,8071300.0,2026-08-06,16:14:00
300547,川环科技,25.53,25.12,24.88,25.69,24.58,75584.0,191060000.0,55.38,45.5,28.1,4.18,4.24,3831700,3726700.0,2026-08-06,16:14:33
300548,长芯博创,171.0,159.43,159.98,175.27,154.0,243017.0,4075260000.0,504.12,503.1,134.35,24.84,8.26,13444000,10857700.0,2026-08-06,16:14:33
300549,优德精密,13.77,13.6,13.61,13.8,13.45,16398.0,22410000.0,18.36,13.92,342.42,3.37,1.62,832500,807300.0,2026-08-06,16:14:36
300550,和仁科技,12.21,12.28,12.2,12.52,12.04,49499.0,60710000.0,32.06,32.03,75.75,2.83,1.89,2496400,2453500.0,2026-08-06,16:14:39
300551,古鳌科技,10.09,9.82,9.82,10.18,9.75,104369.0,104540000.0,34.31,34.21,-13.95,11.2,3.08,5041700,5395200.0,2026-08-06,16:14:00
300552,万集科技,23.6,24.88,24.0,24.68,23.17,244272.0,581280000.0,50.3,31.88,-32.27,2.9,18.08,10244400,14182800.0,2026-08-06,16:14:06
300553,集智股份,44.93,43.6,43.6,45.2,42.67,39670.0,175630000.0,49.88,38.23,291.32,5.91,4.66,1967000,2000000.0,2026-08-06,16:14:03
300554,三超新材,20.57,20.09,19.86,20.62,19.86,39314.0,79900000.0,23.49,16.27,-15.0,4.74,4.97,1987100,1944300.0,2026-08-06,16:14:09
300555,ST路通,12.48,12.5,12.5,12.56,12.39,6548.0,8170000.0,24.96,24.71,-26.15,6.06,0.33,226700,428100.0,2026-08-06,16:14:12
300556,丝路视觉,16.22,16.28,16.27,16.52,15.97,53569.0,87070000.0,19.72,17.6,-89.55,4.9,4.94,2789400,2567500.0,2026-08-06,16:14:15
300557,理工光科,25.84,25.56,25.5,25.95,25.2,29636.0,76200000.0,40.6,40.4,86.11,4.1,1.9,1610300,1353300.0,2026-08-06,16:14:06
300558,贝达药业,61.39,59.59,60.0,61.56,58.14,155642.0,936420000.0,259.88,259.06,58.91,3.8,3.69,7877600,7686600.0,2026-08-06,16:14:03
300559,佳发教育,11.92,11.72,11.58,12.0,11.52,119513.0,140950000.0,47.62,37.09,131.75,4.16,3.84,6143700,5807700.0,2026-08-06,16:14:09
300560,中富通,15.92,15.36,15.28,16.24,15.03,183738.0,291320000.0,36.58,29.76,-48.25,4.12,9.83,9176100,9197700.0,2026-08-06,16:14:18
300561,汇金科技,18.65,18.72,18.65,18.89,18.34,272614.0,508460000.0,61.19,44.96,-314.16,10.73,11.31,13005800,14255600.0,2026-08-06,16:14:06
300562,乐心医疗,14.92,15.13,15.05,15.18,14.58,102330.0,151610000.0,32.61,24.91,35.79,3.16,6.13,4743700,5489300.0,2026-08-06,16:14:36
300563,神宇股份,24.15,23.7,23.41,24.4,23.41,41794.0,100430000.0,43.99,30.61,58.36,3.94,3.3,2151000,2028400.0,2026-08-06,16:14:09
300564,筑博设计,12.28,11.78,11.71,12.63,11.69,63710.0,77660000.0,19.81,13.9,42.62,1.65,5.63,3269000,3102000.0,2026-08-06,16:14:42
300565,科信技术,9.83,9.49,9.5,10.07,9.4,183373.0,180150000.0,24.55,22.43,-26.85,4.71,8.04,9245700,9091500.0,2026-08-06,16:14:39
300566,激智科技,25.18,24.52,24.13,25.5,24.09,152004.0,378080000.0,66.0,57.08,32.71,3.03,6.71,8163800,7036600.0,2026-08-06,16:14:45
300567,精测电子,208.0,204.0,197.0,214.79,194.25,109238.0,2252720000.0,581.87,472.26,667.78,14.12,4.81,5935900,4987900.0,2026-08-06,16:14:48
300568,星源材质,13.81,14.24,14.16,14.18,13.59,683448.0,943130000.0,206.49,166.9,1090.63,2.12,5.66,27313300,41031600.0,2026-08-06,16:14:42
300569,天能重工,4.88,4.92,4.91,4.95,4.82,125568.0,61170000.0,49.91,49.76,51.15,0.96,1.23,5003400,7553400.0,2026-08-06,16:14:51
300570,太辰光,137.88,132.3,131.42,140.5,126.15,287869.0,3883730000.0,313.16,265.0,109.74,20.31,14.98,14007600,14779400.0,2026-08-06,16:14:54
300571,平治信息,34.57,35.13,34.68,35.43,34.0,110369.0,383240000.0,48.23,39.98,-23.41,3.91,9.54,5236200,5800700.0,2026-08-06,16:14:45
300572,安车检测,20.37,20.37,20.09,20.6,19.75,55176.0,111390000.0,46.65,36.93,-26.02,2.9,3.04,2582400,2935200.0,2026-08-06,16:14:12
300573,兴齐眼药,40.87,42.25,42.2,42.44,40.59,92452.0,381280000.0,146.04,112.15,19.31,7.53,3.37,3282100,5963200.0,2026-08-06,16:14:57
300575,中旗股份,5.52,5.54,5.53,5.61,5.44,120635.0,66430000.0,26.42,19.12,-16.94,1.36,3.48,5784700,6278800.0,2026-08-06,16:14:15
300576,容大感光,29.71,28.05,27.55,29.9,27.39,330065.0,948820000.0,119.94,75.49,108.67,6.96,12.99,16992100,16014400.0,2026-08-06,16:14:12
300577,开润股份,18.81,18.4,18.2,19.05,18.2,80964.0,151540000.0,45.11,26.74,13.1,2.12,5.7,4505500,3590900.0,2026-08-06,16:14:18
300578,会畅科技,16.29,16.43,16.43,16.61,16.04,45461.0,74250000.0,32.3,32.29,-99.59,2.8,2.29,2261300,2284800.0,2026-08-06,16:14:21
300579,数字认证,22.97,22.69,22.48,23.56,22.42,53522.0,123380000.0,62.02,59.83,-74.62,7.84,2.05,2492800,2859400.0,2026-08-06,16:14:00
300580,贝斯特,21.83,21.5,21.5,22.1,21.1,165560.0,358280000.0,109.66,103.17,38.94,3.33,3.5,8389700,8166400.0,2026-08-06,16:14:15
300581,晨曦航空,10.09,10.08,10.09,10.25,9.88,133350.0,134240000.0,55.51,55.51,-81.23,6.06,2.42,5914400,7420600.0,2026-08-06,16:14:21
300582,英飞特,11.2,11.05,11.05,11.32,10.93,73084.0,81380000.0,33.44,24.82,-6.8,3.8,3.3,4021600,3286800.0,2026-08-06,16:14:18
300583,赛托生物,12.33,12.16,12.2,12.48,12.03,32496.0,39750000.0,23.39,22.95,-55.66,1.33,1.75,1578900,1670700.0,2026-08-06,16:14:21
300584,海辰药业,33.18,33.69,33.66,33.8,32.74,32516.0,108010000.0,39.82,27.24,89.71,3.76,3.96,1480300,1771200.0,2026-08-06,16:14:48
300585,奥联电子,15.46,14.77,14.76,15.48,14.58,55450.0,83040000.0,26.45,26.45,-35.97,4.17,3.24,3021400,2523600.0,2026-08-06,16:14:03
300586,美联新材,8.78,8.69,8.59,8.85,8.51,221054.0,192600000.0,62.44,46.94,-79.65,3.39,4.13,11203800,10901600.0,2026-08-06,16:14:24
300587,天铁科技,4.87,4.7,4.69,4.88,4.66,522769.0,248720000.0,63.23,51.26,-30.04,2.82,4.97,25921600,26355400.0,2026-08-06,16:14:06
300588,熙菱信息,22.64,22.82,22.61,22.98,22.31,35188.0,79800000.0,43.35,40.03,-96.08,16.92,1.99,1579000,1939800.0,2026-08-06,16:14:24
300589,江龙船艇,13.24,12.96,12.97,13.42,12.88,261720.0,344450000.0,50.0,31.04,-39.84,7.2,11.16,13117000,13055000.0,2026-08-06,16:14:27
300590,移为通信,11.1,10.87,10.73,11.28,10.72,256739.0,283050000.0,51.31,39.72,43.97,2.78,7.18,13563700,12110200.0,2026-08-06,16:14:27
300591,万里马,7.43,7.38,7.37,7.5,7.2,170045.0,124900000.0,30.14,26.04,-22.25,17.63,4.85,8861700,8142800.0,2026-08-06,16:14:51
300592,华凯易佰,16.99,16.69,16.37,17.48,16.21,298534.0,507850000.0,66.47,58.43,28.49,2.96,8.68,15251600,14601800.0,2026-08-06,16:14:54
300593,新雷能,27.02,26.63,26.02,28.69,25.68,365274.0,1001720000.0,146.58,121.66,-75.26,6.39,8.11,19889600,16637700.0,2026-08-06,16:14:24
300594,ST朗进,14.68,14.45,14.58,14.83,14.24,19067.0,27770000.0,13.49,13.36,-97.72,1.77,2.1,818100,1088600.0,2026-08-06,16:14:57
300595,欧普康视,11.17,11.41,11.43,11.46,11.1,104938.0,117600000.0,100.0,74.67,21.49,2.02,1.57,3497300,6996400.0,2026-08-06,16:14:00
300596,利安隆,41.0,40.99,40.86,41.26,40.2,27306.0,111300000.0,94.14,94.14,18.08,1.94,1.19,1473500,1257100.0,2026-08-06,16:14:27
300597,吉大通信,7.67,7.49,7.53,7.88,7.46,91005.0,69740000.0,20.91,20.81,-24.16,2.23,3.35,4607300,4493200.0,2026-08-06,16:14:03
300598,诚迈科技,30.51,31.27,30.76,31.79,30.18,106182.0,328300000.0,66.2,66.18,-69.37,4.69,4.89,4581100,6037100.0,2026-08-06,16:14:06
300599,雄塑科技,11.44,11.18,11.12,11.5,10.85,87611.0,98410000.0,40.97,36.23,-84.47,2.13,2.77,5071700,3689400.0,2026-08-06,16:14:09
300600,国瑞科技,10.17,10.18,10.22,10.27,10.02,47005.0,47680000.0,29.92,29.92,-54.75,2.49,1.6,2219700,2480800.0,2026-08-06,16:14:30
300601,康泰生物,12.23,12.48,12.49,12.56,12.18,125963.0,154820000.0,136.6,110.12,168.15,1.5,1.4,4738200,7858100.0,2026-08-06,16:14:09
300602,飞荣达,36.57,36.29,35.6,37.31,35.28,162764.0,593960000.0,214.46,146.71,55.83,5.16,4.06,7632700,8643800.0,2026-08-06,16:14:12
300603,立昂技术,8.09,8.11,8.01,8.17,7.97,105308.0,85140000.0,37.6,30.25,-20.97,2.98,2.82,5185500,5345400.0,2026-08-06,16:14:15
300604,长川科技,278.53,272.0,262.0,288.96,261.06,264965.0,7359190000.0,1767.05,1363.34,112.34,21.76,5.41,13654000,12842500.0,2026-08-06,16:14:18
300605,恒锋信息,10.59,11.09,10.8,10.86,10.43,233754.0,248700000.0,17.49,13.38,-45.39,4.01,18.5,10641200,12734200.0,2026-08-06,16:14:33
300606,金太阳,34.0,32.66,31.88,34.25,31.73,142090.0,476590000.0,47.04,40.01,234.85,7.14,12.07,7576100,6632900.0,2026-08-06,16:14:30
300607,拓斯达,32.84,32.83,32.3,33.7,32.16,313683.0,1038150000.0,156.64,110.83,132.63,5.4,9.29,15613200,15755100.0,2026-08-06,16:14:12
300608,思特奇,10.77,10.52,10.44,10.92,10.36,175417.0,188270000.0,37.48,32.78,-20.64,2.97,5.76,8860000,8681800.0,2026-08-06,16:14:15
300609,汇纳科技,26.72,25.82,25.9,27.9,25.72,64651.0,173970000.0,32.09,32.05,-31.76,3.5,5.39,3102500,3362600.0,2026-08-06,16:14:30
300610,晨化股份,9.8,9.72,9.73,9.8,9.62,29867.0,29020000.0,20.78,16.23,32.06,1.85,1.8,1744200,1242500.0,2026-08-06,16:14:21
300611,美力科技,24.28,24.19,23.9,24.79,23.7,28249.0,68730000.0,51.25,36.01,39.66,4.08,1.9,1330600,1494300.0,2026-08-06,16:14:33
300612,宣亚国际,12.38,12.5,12.35,12.69,12.13,82739.0,102530000.0,22.65,22.53,-25.69,5.05,4.55,4017000,4256900.0,2026-08-06,16:14:36
300613,富瀚微,71.24,70.86,69.1,72.74,68.84,208200.0,1478090000.0,165.91,156.51,77.03,5.73,9.48,10247400,10572600.0,2026-08-06,16:14:24
300614,百川畅银,10.47,10.34,10.53,10.58,10.28,30661.0,31990000.0,16.8,16.8,-4.11,2.33,1.91,1639500,1426600.0,2026-08-06,16:14:27
300615,欣天科技,18.02,15.02,18.01,18.02,17.6,435440.0,783840000.0,34.78,27.59,-90.33,7.57,28.44,18006700,25537300.0,2026-08-06,16:14:18
300616,尚品宅配,10.35,10.45,10.48,10.48,10.17,44407.0,45860000.0,23.24,16.06,-7.58,0.82,2.86,1966400,2474300.0,2026-08-06,16:14:33
300617,安靠智电,42.97,44.03,43.7,43.7,42.03,50542.0,216460000.0,71.2,59.7,90.36,2.35,3.64,2019000,3035200.0,2026-08-06,16:14:36
300618,寒锐钴业,33.9,34.52,35.0,35.8,33.6,85421.0,293690000.0,104.99,92.38,46.48,1.89,3.13,3239600,5302500.0,2026-08-06,16:14:21
300619,金银河,26.7,27.7,28.0,28.44,26.21,107711.0,290090000.0,60.4,50.85,85.26,3.84,5.66,4507800,6263300.0,2026-08-06,16:14:39
300620,光库科技,275.67,260.98,250.62,288.58,249.49,206730.0,5594110000.0,686.92,681.19,326.23,31.88,8.37,10569400,10103600.0,2026-08-06,16:14:42
300621,维业股份,7.13,6.99,7.0,7.15,6.92,41913.0,29620000.0,14.83,14.44,-3.3,2.76,2.07,1949200,2242100.0,2026-08-06,16:14:36
300622,博士眼镜,15.76,16.13,15.91,16.08,15.59,124623.0,196850000.0,50.27,34.37,31.75,5.68,5.71,5341500,7120800.0,2026-08-06,16:14:39
300623,捷捷微电,25.58,25.35,24.89,26.03,24.8,259463.0,660250000.0,212.85,196.29,45.76,3.54,3.38,12926900,13019500.0,2026-08-06,16:14:39
300624,万兴科技,55.8,57.06,55.6,57.78,55.01,158779.0,897840000.0,107.88,95.55,-101.39,11.05,9.27,7693200,8184700.0,2026-08-06,16:14:45
300625,三雄极光,9.38,9.28,9.33,9.38,9.22,18263.0,17000000.0,26.2,15.19,-48.56,1.41,1.13,994900,831400.0,2026-08-06,16:14:24
300626,华瑞股份,31.42,30.25,30.0,31.44,29.68,86759.0,267230000.0,56.56,56.53,382.52,10.69,4.82,4374300,4301600.0,2026-08-06,16:14:42
300627,华测导航,28.2,28.77,28.51,28.75,28.03,86404.0,245120000.0,223.9,185.43,33.51,5.42,1.31,3737100,4903200.0,2026-08-06,16:14:27
300628,亿联网络,39.65,39.43,39.11,40.82,39.01,170754.0,682720000.0,502.33,287.81,18.64,6.03,2.35,9068700,8006800.0,2026-08-06,16:14:45
300629,新劲刚,17.91,17.75,17.73,18.05,17.57,58734.0,104850000.0,45.03,38.83,40.63,2.57,2.71,3110400,2763000.0,2026-08-06,16:14:30
300630,普利退,0.89,0.89,0.0,0.0,0.0,0.0,0.0,5.0,3.99,-4.71,0.16,0.0,0,0.0,2026-08-06,09:00:00
300631,久吾高科,21.58,21.26,21.2,22.07,20.94,35807.0,77330000.0,26.98,26.24,37.56,2.04,2.94,1723800,1856900.0,2026-08-06,16:14:48
300632,光莆股份,18.63,18.05,17.85,18.86,17.8,256206.0,471890000.0,56.86,41.21,-180.64,3.34,11.58,12579900,13040700.0,2026-08-06,16:14:51
300633,开立医疗,20.08,20.63,20.59,20.59,20.0,43979.0,88850000.0,85.31,52.23,48.03,2.86,1.69,2034800,2363000.0,2026-08-06,16:14:42
300634,彩讯股份,21.06,21.02,20.74,21.49,20.66,150520.0,318370000.0,95.03,91.46,39.19,3.19,3.47,7580800,7471100.0,2026-08-06,16:14:48
300635,中达安,11.51,11.48,11.48,11.58,11.21,37141.0,42420000.0,16.12,13.86,-17.85,5.24,3.08,1709000,2005100.0,2026-08-06,16:14:33
300636,同和药业,6.84,6.79,6.79,6.84,6.73,37883.0,25700000.0,28.72,25.13,40.41,1.21,1.03,2024800,1763500.0,2026-08-06,16:14:30
300637,扬帆新材,8.98,8.63,8.61,9.27,8.6,121069.0,108570000.0,21.08,21.06,1067.01,3.04,5.16,6169500,5937300.0,2026-08-06,16:14:51
300638,广和通,21.42,21.32,21.0,22.11,20.9,343881.0,742590000.0,192.62,113.62,80.62,3.17,6.48,16550700,17837400.0,2026-08-06,16:14:54
300639,凯普生物,5.7,5.74,5.7,5.77,5.6,147654.0,83870000.0,36.85,35.92,-34.62,0.97,2.34,7111100,7654300.0,2026-08-06,16:14:57
300640,德艺文创,6.52,6.5,6.51,6.6,6.39,101908.0,66340000.0,20.28,14.39,197.16,2.52,4.62,5531700,4659100.0,2026-08-06,16:14:36
300641,正丹股份,14.69,14.74,14.66,14.75,14.33,84342.0,122660000.0,77.2,77.2,19.65,2.56,1.6,3156900,5277300.0,2026-08-06,16:14:54
300642,透景生命,12.88,12.79,12.9,12.95,12.63,30197.0,38710000.0,20.9,17.74,-854.99,1.49,2.19,1572100,1447600.0,2026-08-06,16:14:39
300643,万通智控,17.24,17.49,17.2,17.42,16.96,62295.0,106990000.0,39.92,39.83,24.87,3.16,2.7,2975100,3254400.0,2026-08-06,16:14:45
300644,南京聚隆,21.48,21.49,21.49,21.61,21.1,17749.0,37900000.0,23.77,18.95,18.61,2.25,2.01,975000,799900.0,2026-08-06,16:14:57
300645,正元智慧,13.14,13.0,12.95,13.31,12.9,42207.0,55370000.0,18.67,18.31,141.51,1.78,3.03,1976500,2244200.0,2026-08-06,16:14:00
300647,超频三,5.6,5.57,5.55,5.7,5.45,185081.0,103160000.0,25.61,25.57,-17.93,5.97,4.05,8185600,10322500.0,2026-08-06,16:14:33
300648,星云股份,38.56,37.1,37.13,39.49,36.6,37510.0,144380000.0,67.2,51.16,-28.96,5.79,2.83,1872900,1878100.0,2026-08-06,16:14:48
300649,杭州园林,20.75,20.29,20.49,21.02,20.1,41089.0,84610000.0,27.48,22.02,-65.05,6.32,3.87,2162700,1946200.0,2026-08-06,16:14:36
300650,太龙股份,11.43,11.32,11.24,11.45,11.16,53487.0,60570000.0,27.59,19.47,67.01,1.93,3.14,2789700,2559000.0,2026-08-06,16:14:39
300651,金陵体育,17.44,17.7,17.57,17.63,17.08,60828.0,105730000.0,24.63,18.03,39.03,2.28,5.88,3001800,3081000.0,2026-08-06,16:14:00
300652,雷迪克,29.52,29.49,29.24,29.72,28.98,16206.0,47530000.0,39.38,35.34,29.59,2.57,1.35,737700,882800.0,2026-08-06,16:14:03
300653,正海生物,14.53,14.67,14.68,14.68,14.41,10770.0,15650000.0,26.15,26.15,37.08,3.06,0.6,542600,534400.0,2026-08-06,16:14:42
300654,世纪天鸿,11.18,12.5,11.98,12.2,10.98,568086.0,646690000.0,40.93,39.42,162.47,4.87,16.11,23506800,33301800.0,2026-08-06,16:14:03
300655,晶瑞电材,13.28,12.76,12.48,13.28,12.47,878045.0,1139110000.0,149.62,148.93,132.94,5.84,7.83,46267300,41537100.0,2026-08-06,16:14:45
300656,民德电子,25.17,24.73,24.41,25.34,24.22,63872.0,158640000.0,43.07,33.45,-26.67,5.01,4.81,3063000,3324200.0,2026-08-06,16:14:06
300657,弘信电子,35.27,35.48,34.9,35.85,34.72,260093.0,917780000.0,170.05,165.24,95.35,11.97,5.55,12576700,13432500.0,2026-08-06,16:14:06
300658,延江股份,10.61,10.44,10.49,10.7,10.36,78189.0,82460000.0,35.31,23.43,58.04,2.65,3.54,3889900,3929000.0,2026-08-06,16:14:09
300659,中孚信息,10.62,10.29,10.33,10.78,10.15,104183.0,109770000.0,27.65,20.1,-28.3,2.37,5.51,5110700,5307600.0,2026-08-06,16:14:42
300660,江苏雷利,28.05,28.46,28.0,28.6,27.81,80827.0,227520000.0,163.05,162.95,60.15,4.67,1.39,3565900,4516800.0,2026-08-06,16:14:48
300661,圣邦股份,106.24,104.02,102.0,106.5,100.58,133548.0,1394990000.0,728.25,639.27,119.19,13.63,2.22,6879200,6475600.0,2026-08-06,16:14:12
300662,科锐国际,20.99,20.78,20.66,21.49,20.55,82102.0,173100000.0,41.31,41.19,11.88,1.79,4.18,4086900,4123300.0,2026-08-06,16:14:51
300663,科蓝软件,9.81,10.22,9.73,10.04,9.55,769452.0,753810000.0,46.94,45.16,-11.24,14.65,16.71,36155800,40789400.0,2026-08-06,16:14:09
300664,鹏鹞环保,4.58,4.58,4.57,4.59,4.51,65952.0,30020000.0,34.48,33.21,31.67,0.8,0.91,3423200,3172000.0,2026-08-06,16:14:15
300665,飞鹿股份,9.58,9.57,9.58,9.78,9.41,99538.0,95320000.0,21.99,20.89,-10.52,4.88,4.57,4580000,5373800.0,2026-08-06,16:14:12
300666,江丰电子,238.62,222.4,215.0,240.0,215.0,241554.0,5614240000.0,658.52,527.63,119.29,9.43,10.92,12375400,11780100.0,2026-08-06,16:14:51
300667,必创科技,14.25,14.17,14.03,14.28,13.95,53249.0,75360000.0,29.16,24.6,-30.25,2.82,3.08,2711000,2613900.0,2026-08-06,16:14:45
300668,杰恩股份,40.49,39.97,39.75,41.35,39.46,44397.0,178820000.0,48.74,40.37,488.35,6.25,4.45,2206500,2233200.0,2026-08-06,16:14:54
300669,沪宁股份,23.11,22.35,22.23,23.23,21.81,13980.0,31970000.0,44.53,42.18,252.15,5.15,0.77,831700,566300.0,2026-08-06,16:14:54
300670,大烨智能,6.06,5.95,5.93,6.11,5.87,77314.0,46500000.0,19.21,13.62,-9.6,4.54,3.44,4323700,3407700.0,2026-08-06,16:14:57
300671,富满微,61.16,58.97,57.98,61.97,57.1,176794.0,1060450000.0,135.4,135.03,-238.14,8.08,8.01,8653900,9025500.0,2026-08-06,16:14:00
300672,国科微,146.73,144.51,140.0,149.88,140.0,109166.0,1587790000.0,318.55,308.63,-138.59,8.26,5.19,5240200,5676400.0,2026-08-06,16:14:57
300673,佩蒂股份,13.13,13.27,13.36,13.36,13.0,33076.0,43490000.0,32.47,21.07,31.99,1.91,2.06,1429600,1878000.0,2026-08-06,16:14:00
300674,宇信科技,16.66,16.85,16.62,17.28,16.53,238806.0,403580000.0,117.3,117.12,27.97,2.66,3.4,10975200,12905400.0,2026-08-06,16:14:03
300675,建科院,12.47,12.35,12.34,12.56,12.22,21025.0,26040000.0,18.29,18.29,-23.99,3.72,1.43,1086200,1016300.0,2026-08-06,16:14:06
300676,华大基因,38.06,39.44,39.99,40.2,37.97,90934.0,352510000.0,159.21,158.34,-27.76,1.89,2.19,3677200,5416200.0,2026-08-06,16:14:48
300677,英科医疗,49.82,49.54,49.0,50.49,48.35,108449.0,538540000.0,326.2,231.97,48.83,1.79,2.33,5610900,5234100.0,2026-08-06,16:14:15
300678,中科信息,23.77,24.25,24.01,24.5,23.58,92448.0,221530000.0,70.45,69.22,446.92,8.36,3.17,4199300,5045500.0,2026-08-06,16:14:51
300679,电连技术,40.7,40.89,40.03,41.68,39.58,150400.0,609040000.0,172.9,146.29,74.06,3.53,4.18,6737000,8303000.0,2026-08-06,16:14:18
300680,隆盛科技,21.91,22.28,22.01,22.44,21.6,74708.0,164150000.0,64.44,49.6,26.88,3.22,3.3,3125700,4345000.0,2026-08-06,16:14:03
300681,英搏尔,21.2,21.02,21.0,21.33,20.74,91091.0,191670000.0,64.88,48.93,27.99,2.11,3.95,4075200,5033800.0,2026-08-06,16:14:18
300682,朗新科技,11.72,11.8,11.74,12.06,11.62,195753.0,231250000.0,126.37,120.87,243.6,1.94,1.9,8577200,10998100.0,2026-08-06,16:14:21
300683,海特生物,26.29,26.71,27.16,27.32,26.01,66049.0,174590000.0,34.41,32.09,-14.32,1.61,5.41,3068300,3536600.0,2026-08-06,16:14:09
300684,中石科技,48.15,47.2,46.66,49.01,45.68,133070.0,633630000.0,144.21,98.5,42.21,7.17,6.5,6813400,6493700.0,2026-08-06,16:14:54
300685,艾德生物,17.47,17.72,17.85,17.89,17.36,60792.0,106720000.0,68.15,68.06,19.15,3.65,1.56,2302200,3777000.0,2026-08-06,16:14:12
300686,智动力,15.23,15.06,15.0,15.8,14.5,371717.0,565410000.0,39.69,39.43,-24.49,5.25,14.36,18095600,19076000.0,2026-08-06,16:14:06
300687,赛意信息,27.72,27.19,26.97,28.5,26.67,231879.0,641940000.0,113.21,93.1,-113.06,4.23,6.9,11687000,11500900.0,2026-08-06,16:14:21
300688,创业黑马,31.45,31.3,31.02,31.8,29.83,200249.0,618290000.0,52.64,46.67,-96.36,14.36,13.5,10315200,9709700.0,2026-08-06,16:14:24
300689,澄天伟业,51.62,46.78,46.68,51.8,45.71,45086.0,221900000.0,59.67,52.52,825.8,8.55,4.43,2468700,2039900.0,2026-08-06,16:14:24
300690,双一科技,21.53,21.63,21.85,22.08,21.23,38938.0,84340000.0,35.6,24.02,23.63,2.29,3.49,1621500,2272300.0,2026-08-06,16:14:15
300691,联合光电,13.68,13.62,13.51,13.78,13.42,43607.0,59430000.0,36.81,30.2,125.25,2.24,1.98,2303400,2057300.0,2026-08-06,16:14:27
300692,中赋科技,8.62,8.5,8.99,9.02,8.49,331927.0,289490000.0,48.47,44.23,73.94,1.55,6.47,16087000,17105600.0,2026-08-06,16:14:18
300693,盛弘股份,36.36,36.93,36.5,36.65,35.88,97100.0,351460000.0,113.73,97.75,23.29,5.43,3.61,4214500,5495500.0,2026-08-06,16:14:30
300694,蠡湖股份,10.6,10.44,10.42,10.84,10.38,62765.0,66700000.0,23.01,22.98,17.62,1.54,2.9,2990600,3285900.0,2026-08-06,16:14:21
300695,兆丰股份,49.68,50.61,50.0,50.79,48.86,9495.0,47260000.0,50.8,50.8,16.8,1.77,0.93,525500,424000.0,2026-08-06,16:14:57
300696,爱乐达,20.5,20.28,20.37,20.86,20.0,60326.0,123220000.0,60.32,54.75,112.4,3.17,2.26,2954000,3078600.0,2026-08-06,16:14:24
300697,电工合金,14.06,14.31,14.79,14.98,13.87,136898.0,195630000.0,60.83,46.57,32.83,4.9,4.13,5990900,7698800.0,2026-08-06,16:14:33
300698,万马科技,26.2,26.36,25.62,26.62,25.58,69927.0,182150000.0,35.11,31.06,73.0,6.56,5.9,3422800,3569900.0,2026-08-06,16:14:09
300699,光威复材,26.19,26.32,26.22,26.77,25.9,149514.0,393440000.0,217.73,215.13,38.2,4.04,1.82,6435500,8515900.0,2026-08-06,16:14:36
300700,岱勒新材,17.19,16.98,17.09,17.57,16.81,128747.0,221370000.0,68.25,61.09,-43.12,8.85,3.62,6317600,6557000.0,2026-08-06,16:14:00
300701,森霸传感,9.66,9.58,9.5,9.77,9.42,47918.0,46000000.0,27.01,24.36,36.0,2.86,1.9,2438600,2353200.0,2026-08-06,16:14:39
300702,天宇股份,21.01,21.0,20.91,21.17,20.71,31150.0,65340000.0,73.11,44.21,76.38,1.99,1.48,1481400,1633600.0,2026-08-06,16:14:42
300703,创源股份,13.37,13.4,13.46,13.46,13.13,39080.0,52060000.0,24.12,22.23,114.44,3.18,2.35,1842500,2065500.0,2026-08-06,16:14:27
300705,九典制药,10.93,11.0,11.03,11.04,10.82,50274.0,54800000.0,54.68,40.44,13.54,2.23,1.36,2217300,2810000.0,2026-08-06,16:14:12
300706,阿石创,51.09,48.71,48.0,51.5,47.4,155072.0,777700000.0,78.44,58.16,-231.7,11.33,13.62,7781900,7725400.0,2026-08-06,16:14:15
300707,威唐工业,11.99,11.99,11.91,12.03,11.75,30412.0,36200000.0,20.85,17.22,77.65,1.88,2.12,1546400,1494800.0,2026-08-06,16:14:27
300708,聚灿光电,7.74,7.88,7.79,7.82,7.65,196026.0,151800000.0,73.01,55.3,44.23,2.48,2.74,7610100,11992400.0,2026-08-06,16:14:45
300709,精研科技,38.15,36.88,36.47,38.97,36.41,108071.0,410490000.0,71.2,57.17,372.92,3.3,7.21,5337900,5469100.0,2026-08-06,16:14:03
300710,万隆光电,28.4,28.09,27.83,28.55,27.83,23785.0,67160000.0,28.26,21.18,-81.54,6.52,3.19,1301700,1076800.0,2026-08-06,16:14:18
300711,广哈通信,19.03,15.86,15.9,19.03,15.81,145107.0,264320000.0,53.37,47.28,67.98,3.6,5.84,5297500,9213200.0,2026-08-06,16:14:06
300712,永福股份,20.98,21.24,21.3,21.35,20.71,13850.0,29120000.0,39.35,39.18,565.22,3.1,0.74,639300,745700.0,2026-08-06,16:14:30
300713,英可瑞,12.84,12.71,12.71,12.84,12.56,30339.0,38570000.0,20.4,11.48,-19.53,4.59,3.39,1640600,1393300.0,2026-08-06,16:14:21
300715,凯伦股份,13.31,12.71,12.52,13.31,12.52,150490.0,196750000.0,50.32,41.65,177.99,2.87,4.81,7682600,7366400.0,2026-08-06,16:14:30
300716,*ST泉为,18.26,17.56,17.31,18.8,17.23,29966.0,54410000.0,29.22,29.22,-13.29,-16.37,1.87,1719200,1277400.0,2026-08-06,16:14:33
300717,华信新材,18.43,17.99,17.9,18.48,17.75,26679.0,48370000.0,18.94,18.77,36.74,2.59,2.62,1384900,1283000.0,2026-08-06,16:14:09
300718,长盛轴承,68.46,69.94,67.72,71.8,67.01,152164.0,1054970000.0,204.54,134.63,78.26,11.85,7.74,7206500,8010000.0,2026-08-06,16:14:12
300719,安达维尔,11.61,11.59,11.7,11.76,11.4,41567.0,48130000.0,29.52,20.85,-260.55,2.92,2.31,1970700,2186000.0,2026-08-06,16:14:24
300720,海川智能,72.7,64.68,64.0,73.5,63.39,230509.0,1602340000.0,141.68,133.87,618.6,24.51,12.52,11519500,11531500.0,2026-08-06,16:14:33
300721,怡达股份,23.41,21.91,21.71,23.69,21.5,164670.0,374170000.0,38.59,32.39,-56.05,3.46,11.9,8764300,7702700.0,2026-08-06,16:14:15
300722,新余国科,21.8,21.86,21.87,22.08,21.4,29927.0,65130000.0,60.33,60.33,73.63,9.65,1.08,1414500,1578200.0,2026-08-06,16:14:48
300723,一品红,36.46,36.22,36.5,36.99,35.62,120818.0,438340000.0,164.69,152.84,82.35,8.51,2.88,5510800,6571000.0,2026-08-06,16:14:51
300724,捷佳伟创,59.12,59.82,59.35,59.88,58.45,91001.0,537800000.0,205.91,170.1,9.45,1.56,3.16,4067100,5033000.0,2026-08-06,16:14:27
300725,药石科技,40.12,40.85,40.9,41.66,39.8,136534.0,549700000.0,93.8,81.33,47.66,1.73,6.74,5636600,8016800.0,2026-08-06,16:14:30
300726,宏达电子,53.8,52.8,51.82,54.3,51.16,158375.0,840520000.0,221.57,115.37,50.34,4.62,7.39,7859000,7978600.0,2026-08-06,16:14:36
300727,润禾材料,28.62,28.23,28.01,29.47,28.0,37869.0,108280000.0,51.56,46.4,41.85,3.89,2.34,1862100,1924900.0,2026-08-06,16:14:36
300729,乐歌股份,10.2,10.21,10.21,10.26,10.07,20266.0,20610000.0,34.84,33.46,16.71,0.98,0.62,840600,1186000.0,2026-08-06,16:14:33
300730,科创信息,12.24,12.04,12.02,12.4,11.93,65351.0,79770000.0,29.52,25.31,-23.65,18.56,3.16,3538600,2996600.0,2026-08-06,16:14:54
300731,科创新源,37.74,36.87,36.39,37.94,36.01,68017.0,253170000.0,66.91,63.5,296.91,10.91,4.04,3682300,3119400.0,2026-08-06,16:14:39
300732,设研院,5.99,5.93,5.93,6.01,5.88,48612.0,28950000.0,22.2,22.17,-13.91,0.79,1.31,2467500,2393700.0,2026-08-06,16:14:42
300733,西菱动力,14.43,14.22,14.16,14.47,13.94,93168.0,132370000.0,57.23,42.2,71.5,3.29,3.19,5128100,4188700.0,2026-08-06,16:14:45
300735,光弘科技,20.79,20.76,20.5,21.5,20.35,153246.0,320560000.0,168.22,157.47,62.22,3.05,2.02,7890700,7433900.0,2026-08-06,16:14:36
300736,百邦科技,28.63,28.01,28.01,28.91,27.27,45229.0,128340000.0,36.63,35.7,-126.07,55.66,3.63,2538700,1984200.0,2026-08-06,16:14:39
300737,科顺股份,5.15,5.13,5.1,5.16,5.03,208503.0,106270000.0,57.18,45.69,-11.16,1.45,2.35,9799200,11051100.0,2026-08-06,16:14:39
300738,奥飞数据,22.93,23.62,23.03,23.48,22.73,813960.0,1873400000.0,225.91,225.84,93.73,6.16,8.26,32166300,49229700.0,2026-08-06,16:14:48
300739,明阳电路,22.37,21.82,21.63,22.66,21.42,139683.0,309930000.0,83.54,67.78,97.65,3.04,4.61,6952400,7015900.0,2026-08-06,16:14:57
300740,水羊股份,21.89,21.48,21.51,21.9,21.2,256550.0,553470000.0,95.87,89.1,67.91,4.39,6.3,13157300,12497700.0,2026-08-06,16:14:51
300741,华宝股份,13.21,13.4,13.41,13.48,13.12,22473.0,29760000.0,81.36,81.36,102.16,1.2,0.36,814800,1432500.0,2026-08-06,16:14:42
300743,天地数码,14.93,14.81,14.81,15.12,14.72,25973.0,38720000.0,22.57,19.02,19.52,3.89,2.04,1292600,1304700.0,2026-08-06,16:14:42
300745,欣锐科技,29.42,27.54,27.99,29.89,27.32,140519.0,407230000.0,49.59,41.87,-61.5,2.24,9.87,6933500,7118400.0,2026-08-06,16:14:00
300746,汉嘉数智,14.71,14.0,14.22,14.71,14.03,109719.0,159010000.0,33.21,32.88,47.72,4.03,4.91,5621400,5350500.0,2026-08-06,16:14:18
300747,锐科激光,35.25,35.26,34.87,35.81,34.3,195405.0,685470000.0,197.96,184.0,80.1,5.6,3.74,8815000,10725500.0,2026-08-06,16:14:45
300748,金力永磁,27.03,27.13,27.65,28.09,26.81,424377.0,1165420000.0,374.28,305.45,50.73,5.08,3.76,20052500,22385200.0,2026-08-06,16:14:21
300749,顶固集创,20.38,19.59,19.48,21.03,19.18,61204.0,124380000.0,41.81,32.08,-393.41,7.59,3.89,3041300,3079100.0,2026-08-06,16:14:24
300750,宁德时代,388.0,405.2,410.0,410.0,384.16,453201.0,17750190000.0,17951.42,16529.11,21.12,4.73,1.06,19740600,25579500.0,2026-08-06,16:14:45
300751,迈为股份,169.38,166.55,164.31,172.83,161.72,78010.0,1310140000.0,472.4,326.65,69.72,6.1,4.05,4050300,3750600.0,2026-08-06,16:14:48
300752,隆利科技,10.13,10.09,9.98,10.28,9.91,69423.0,70090000.0,32.71,22.61,71.32,2.59,3.11,3476600,3465700.0,2026-08-06,16:14:27
300753,爱朋医疗,22.97,23.7,23.54,24.4,22.85,216012.0,505760000.0,28.95,20.19,-269.02,4.37,24.58,10074400,11526800.0,2026-08-06,16:14:03
300755,华致酒行,11.51,11.57,11.62,11.66,11.35,44734.0,51440000.0,47.97,47.95,-11.96,1.71,1.07,1984900,2488500.0,2026-08-06,16:14:54
300756,金马游乐,30.11,28.32,28.21,30.72,28.21,71879.0,214150000.0,66.43,57.81,61.24,4.54,3.74,3831100,3356800.0,2026-08-06,16:14:57
300757,罗博特科,470.9,475.0,466.0,478.0,458.18,69261.0,3252540000.0,789.27,765.53,-997.96,48.55,4.26,3256500,3669600.0,2026-08-06,16:14:51
300758,七彩化学,10.4,10.42,10.38,10.45,10.1,76382.0,78760000.0,41.51,37.41,89.88,2.36,2.12,3608400,4029800.0,2026-08-06,16:14:06
300759,康龙化成,39.6,39.96,40.3,40.5,38.6,559870.0,2227510000.0,727.56,562.33,42.96,4.52,3.94,27944000,28043000.0,2026-08-06,16:14:30
300760,迈瑞医疗,149.75,154.3,154.32,154.99,149.62,120380.0,1819950000.0,1815.63,1814.07,23.17,4.7,0.99,4978200,7059800.0,2026-08-06,16:14:48
300761,立华股份,18.79,18.95,18.93,18.98,18.46,58673.0,109880000.0,159.03,119.71,30.2,1.7,0.92,2635800,3231500.0,2026-08-06,16:14:51
300762,上海瀚讯,32.12,32.08,31.68,32.84,31.51,238775.0,768660000.0,201.7,201.7,-112.45,8.87,3.8,11319500,12558100.0,2026-08-06,16:14:54
300763,锦浪科技,61.71,63.11,62.58,62.9,60.78,105151.0,648530000.0,244.8,198.46,40.15,2.75,3.27,4384300,6130800.0,2026-08-06,16:14:00
300765,石药创新,40.0,38.0,38.29,40.32,37.01,251924.0,984470000.0,561.84,561.84,-182.37,21.8,1.79,13622600,11569700.0,2026-08-06,16:14:54
300766,每日互动,24.65,25.06,24.51,25.45,24.5,376308.0,937030000.0,97.31,88.23,-281.65,6.21,10.51,17683400,19947300.0,2026-08-06,16:14:03
300767,震安科技,18.34,17.68,17.41,18.39,17.4,96068.0,173300000.0,50.67,44.0,-45.19,3.34,4.0,5207100,4399700.0,2026-08-06,16:14:57
300768,迪普科技,17.37,16.92,16.51,17.37,16.5,221125.0,377500000.0,111.83,73.07,55.5,3.17,5.26,11288200,10824200.0,2026-08-06,16:14:00
300769,德方纳米,46.55,46.65,46.29,47.0,45.51,157053.0,726380000.0,130.43,117.19,-33.54,2.5,6.24,6990900,8714400.0,2026-08-06,16:14:33
300770,新媒股份,34.3,34.88,35.05,35.05,34.19,18084.0,62370000.0,78.15,78.15,12.16,2.2,0.79,708100,1100300.0,2026-08-06,16:14:03
300771,智莱科技,12.33,12.12,11.91,12.65,11.83,103062.0,126540000.0,29.59,23.31,32.27,1.52,5.45,5558000,4748200.0,2026-08-06,16:14:36
300772,运达股份,12.61,12.9,12.85,13.06,12.48,180903.0,230240000.0,99.22,88.0,30.16,1.48,2.59,6914000,11176200.0,2026-08-06,16:14:57
300773,拉卡拉,16.31,16.06,15.95,16.79,15.89,909734.0,1500510000.0,177.34,167.77,10.65,3.89,8.84,44918600,46054800.0,2026-08-06,16:14:09
300774,倍杰特,10.42,10.46,10.59,10.87,10.24,74739.0,78490000.0,42.59,21.26,112.39,2.95,3.66,3574000,3899900.0,2026-08-06,16:14:12
300775,三角防务,21.62,21.83,21.72,21.92,21.25,126858.0,273790000.0,118.38,114.94,43.73,2.03,2.39,5640300,7045600.0,2026-08-06,16:14:00
300776,帝尔激光,116.75,112.25,109.33,117.25,108.0,125257.0,1430850000.0,333.01,209.35,64.07,8.71,6.99,6151500,6374300.0,2026-08-06,16:14:06
300777,中简科技,24.59,24.97,24.97,25.23,24.43,98756.0,245140000.0,108.12,105.96,49.06,2.41,2.29,4085800,5789800.0,2026-08-06,16:14:15
300778,新城市,10.32,10.31,10.34,10.38,10.09,27670.0,28370000.0,21.02,21.01,-40.68,1.75,1.36,1404000,1363000.0,2026-08-06,16:14:39
300779,惠城环保,75.41,86.61,85.75,86.61,70.0,360034.0,2729410000.0,224.2,171.31,331.45,10.07,15.85,16412100,19591300.0,2026-08-06,16:14:18
300780,德恩精工,20.23,19.32,18.99,20.57,18.99,108392.0,216780000.0,29.67,21.75,-67.19,2.96,10.08,5351500,5487700.0,2026-08-06,16:14:03
300781,因赛集团,28.93,29.52,28.9,29.88,28.43,83453.0,242730000.0,47.5,35.05,-52.99,8.63,6.89,4080100,4265200.0,2026-08-06,16:14:09
300782,卓胜微,75.38,72.87,71.11,77.6,71.02,191720.0,1438190000.0,433.43,337.89,-110.97,3.29,4.28,10478000,8694000.0,2026-08-06,16:14:21
300783,三只松鼠,17.66,18.04,18.05,18.19,17.55,68207.0,121000000.0,70.94,49.5,37.4,2.24,2.43,2960900,3859800.0,2026-08-06,16:14:06
300784,利安科技,39.83,39.34,39.2,40.04,39.05,6592.0,26080000.0,22.4,6.7,47.82,2.79,3.92,380100,279100.0,2026-08-06,16:14:12
300785,值得买,40.6,40.9,40.31,41.85,39.99,158626.0,650000000.0,80.74,49.67,81.81,4.19,12.97,7540900,8321700.0,2026-08-06,16:14:06
300786,国林科技,15.48,15.2,14.92,15.63,14.77,106601.0,163560000.0,28.49,22.66,-335.63,2.55,7.28,5676100,4984100.0,2026-08-06,16:14:09
300787,海能实业,8.77,8.75,8.73,8.88,8.64,36932.0,32370000.0,27.49,17.24,42.04,1.86,1.88,2113500,1579700.0,2026-08-06,16:14:42
300788,中信出版,25.82,26.27,25.89,26.41,25.47,52625.0,135890000.0,49.1,49.1,41.81,2.22,2.77,2515800,2746700.0,2026-08-06,16:14:15
300789,唐源电气,19.39,18.88,18.53,19.9,18.3,123615.0,237470000.0,27.89,27.06,84.13,2.68,8.86,5737000,6624500.0,2026-08-06,16:14:45
300790,宇瞳光学,17.68,17.67,17.46,18.05,17.21,238223.0,421560000.0,92.43,81.22,36.39,3.45,5.19,11351100,12471200.0,2026-08-06,16:14:18
300791,仙乐健康,16.91,17.06,17.06,17.07,16.71,10850.0,18280000.0,52.2,43.54,44.31,1.89,0.42,438700,646300.0,2026-08-06,16:14:12
300792,壹网壹创,25.43,25.9,25.73,26.58,25.09,115713.0,298420000.0,60.44,54.23,53.51,2.05,5.43,5622600,5948700.0,2026-08-06,16:14:21
300793,佳禾智能,11.25,11.2,11.2,11.34,11.03,62853.0,70440000.0,42.81,41.86,-23.9,1.53,1.69,3200400,3084900.0,2026-08-06,16:14:09
300795,米奥会展,15.7,16.54,15.6,16.8,15.35,424801.0,681050000.0,46.93,27.32,31.53,8.26,24.42,18435300,24044800.0,2026-08-06,16:14:24
300796,贝斯美,6.66,6.57,6.56,6.66,6.51,45073.0,29690000.0,24.05,24.05,2287.76,1.41,1.25,2355900,2151500.0,2026-08-06,16:14:48
300797,钢研纳克,12.5,12.43,12.49,12.7,12.31,33619.0,42110000.0,47.84,47.71,29.31,3.68,0.88,1731100,1630800.0,2026-08-06,16:14:12
300798,锦鸡股份,7.38,7.69,7.59,7.71,7.25,427462.0,317870000.0,36.39,29.94,-82.81,2.21,10.54,19821900,22924200.0,2026-08-06,16:14:15
300800,力合科技,9.58,9.5,9.49,9.63,9.42,30165.0,28840000.0,22.68,22.45,49.47,1.11,1.29,1675800,1340700.0,2026-08-06,16:14:24
300801,泰和科技,23.79,23.9,23.49,23.99,23.39,87870.0,208110000.0,51.96,32.56,39.23,2.03,6.42,3832200,4954800.0,2026-08-06,16:14:51
300802,矩子科技,21.58,21.25,20.9,21.89,20.65,106714.0,229030000.0,61.3,43.67,67.92,4.17,5.27,5657900,5013500.0,2026-08-06,16:14:27
300803,指南针,84.34,85.16,83.81,86.56,83.42,176137.0,1494490000.0,514.3,510.54,256.55,17.95,2.91,8797900,8815900.0,2026-08-06,16:14:27
300804,广康生化,40.82,38.62,39.17,41.6,38.3,25275.0,101000000.0,30.21,11.23,131.17,2.23,9.19,1246100,1281400.0,2026-08-06,16:14:30
300805,电声股份,8.35,8.45,8.44,8.51,8.21,120561.0,100600000.0,35.44,24.08,107.55,2.29,4.18,5748400,6307700.0,2026-08-06,16:14:30
300806,斯迪克,46.97,45.92,45.0,48.14,44.26,352882.0,1643780000.0,297.66,214.5,451.43,12.79,7.73,17602600,17685700.0,2026-08-06,16:14:18
300807,天迈科技,37.72,38.11,37.47,38.27,37.08,15595.0,58720000.0,25.66,19.59,-71.76,5.72,3.0,774700,784800.0,2026-08-06,16:14:54
300808,久量股份,18.62,18.49,18.31,18.72,18.0,15327.0,28320000.0,29.79,22.14,-45.02,3.17,1.29,800400,732300.0,2026-08-06,16:14:57
300809,华辰装备,24.3,24.34,24.38,24.45,23.82,57611.0,139240000.0,61.61,36.59,32.2,3.41,3.83,2806700,2954400.0,2026-08-06,16:14:15
300810,中科海讯,24.32,24.2,24.2,24.49,23.7,18967.0,45810000.0,28.71,27.73,-87.27,3.74,1.66,882700,1014000.0,2026-08-06,16:14:33
300811,铂科新材,68.73,68.17,68.34,69.68,66.0,128846.0,877810000.0,280.3,230.07,64.75,9.1,3.85,6424600,6459900.0,2026-08-06,16:14:00
300812,易天股份,19.38,19.26,18.91,19.54,18.81,76771.0,147580000.0,38.01,34.48,504.79,4.89,4.31,3862200,3814900.0,2026-08-06,16:14:03
300813,泰林生物,19.48,19.16,19.16,19.48,19.03,18778.0,36240000.0,23.61,14.81,132.66,2.93,2.47,951000,926800.0,2026-08-06,16:14:06
300814,中富电路,125.28,117.78,118.2,129.46,115.37,104675.0,1292880000.0,239.82,239.82,630.1,14.73,5.47,5182600,5284900.0,2026-08-06,16:14:09
300815,玉禾田,16.48,16.68,16.63,16.88,16.26,69151.0,114220000.0,65.69,64.33,11.71,1.44,1.77,2785100,4130000.0,2026-08-06,16:14:33
300816,艾可蓝,50.71,49.7,48.93,52.0,48.36,23786.0,119610000.0,40.57,29.6,42.1,4.28,4.08,1195100,1183500.0,2026-08-06,16:14:18
300817,双飞集团,15.68,15.7,15.68,15.88,15.42,18086.0,28300000.0,34.23,19.64,49.81,3.33,1.44,921000,887700.0,2026-08-06,16:14:12
300818,耐普矿机,21.15,21.09,21.99,22.4,20.98,60816.0,131050000.0,46.4,30.06,72.91,2.59,4.28,2794300,3287300.0,2026-08-06,16:14:21
300819,聚杰微纤,46.61,45.73,45.15,47.16,45.0,38841.0,180010000.0,69.54,62.81,134.07,8.08,2.88,1910800,1973300.0,2026-08-06,16:14:36
300820,英杰电气,53.61,52.99,51.81,54.65,50.9,109580.0,580130000.0,119.12,59.93,57.07,4.78,9.8,5333000,5625000.0,2026-08-06,16:14:21
300821,东岳硅材,16.75,16.22,16.19,16.94,15.97,961381.0,1592270000.0,201.0,200.96,145.75,3.94,8.01,49891800,46246300.0,2026-08-06,16:14:24
300822,贝仕达克,12.09,12.78,12.4,12.4,11.92,121011.0,147290000.0,37.66,34.94,159.22,3.02,4.19,4402600,7698500.0,2026-08-06,16:14:24
300823,建科智能,14.46,14.27,14.26,14.46,14.07,23882.0,34030000.0,18.94,12.26,36.78,2.02,2.82,1257400,1130700.0,2026-08-06,16:14:15
300824,北鼎股份,7.81,7.79,7.83,7.84,7.62,40922.0,31710000.0,25.49,24.72,22.57,3.41,1.29,1917300,2174900.0,2026-08-06,16:14:27
300825,阿尔特,11.32,11.39,11.28,11.68,11.11,235038.0,267140000.0,56.02,54.84,-22.61,2.78,4.85,11516000,11987800.0,2026-08-06,16:14:27
300826,测绘股份,13.72,13.4,13.4,13.73,13.31,31589.0,42720000.0,31.31,30.12,218.65,2.09,1.44,1791800,1367100.0,2026-08-06,16:14:18
300827,上能电气,25.44,26.0,25.86,25.99,25.23,132542.0,338940000.0,141.62,111.06,29.95,3.34,3.04,5485800,7768300.0,2026-08-06,16:14:36
300828,锐新科技,15.36,15.26,15.3,15.45,15.03,42201.0,64280000.0,25.56,12.96,93.17,3.28,5.0,2255300,1964800.0,2026-08-06,16:14:30
300829,金丹科技,14.46,14.5,14.44,14.49,14.09,26086.0,37400000.0,32.86,22.67,31.06,1.36,1.66,1481700,1126900.0,2026-08-06,16:14:39
300830,金现代,8.59,8.61,8.5,8.74,8.42,126373.0,108490000.0,38.8,28.96,-49.12,2.95,3.75,6014000,6623300.0,2026-08-06,16:14:30
300831,ST派瑞,15.89,16.3,15.98,16.31,15.74,85754.0,137150000.0,50.85,29.31,85.97,5.22,4.65,3828600,4746800.0,2026-08-06,16:14:39
300832,新产业,46.94,46.55,46.78,47.5,46.57,41292.0,194230000.0,368.82,320.66,22.7,4.32,0.6,2263300,1865800.0,2026-08-06,16:14:33
300833,浩洋股份,37.23,36.17,35.93,37.36,35.5,10957.0,39980000.0,47.09,30.25,29.36,1.96,1.35,561700,534000.0,2026-08-06,16:14:36
300834,星辉环材,40.29,40.15,39.81,40.79,39.58,20082.0,80740000.0,78.05,77.36,147.84,2.73,1.05,1080100,928100.0,2026-08-06,16:14:42
300835,龙磁科技,142.08,138.7,137.92,146.65,135.0,48352.0,685340000.0,169.43,118.74,101.09,13.57,5.79,2321600,2513700.0,2026-08-06,16:14:42
300836,佰奥智能,50.44,49.98,49.09,51.5,48.02,31002.0,155360000.0,46.75,32.0,47.95,7.51,4.89,1604300,1495900.0,2026-08-06,16:14:39
300837,浙矿股份,22.76,22.68,22.81,22.98,22.22,18708.0,42240000.0,22.76,17.21,31.6,1.65,2.47,910300,960500.0,2026-08-06,16:14:42
300838,浙江力诺,13.29,13.15,13.07,13.34,13.0,24554.0,32380000.0,18.34,13.52,-56.17,1.93,2.41,1387400,1068000.0,2026-08-06,16:14:33
300839,博汇股份,10.95,10.84,10.84,11.08,10.7,58998.0,64360000.0,31.55,31.01,88.31,4.35,2.08,2925600,2974200.0,2026-08-06,16:14:45
300840,酷特智能,19.38,19.16,19.69,20.28,18.79,106344.0,206700000.0,46.51,34.32,136.03,3.69,6.01,4816200,5818200.0,2026-08-06,16:14:21
300841,康华生物,45.57,46.79,46.79,46.97,45.36,19390.0,89010000.0,59.22,54.19,26.14,1.69,1.63,722800,1216200.0,2026-08-06,16:14:45
300842,帝科股份,55.85,55.49,55.0,56.39,54.5,37109.0,205980000.0,81.14,72.11,-27.36,5.06,2.87,1702300,2008600.0,2026-08-06,16:14:48
300843,胜蓝股份,116.44,117.25,114.0,119.11,112.3,71083.0,823160000.0,190.62,186.89,161.8,11.82,4.43,3732600,3375700.0,2026-08-06,16:14:24
300844,山水比德,22.7,22.8,22.7,23.13,22.42,12640.0,28740000.0,21.16,20.4,-35.24,2.77,1.41,640000,624000.0,2026-08-06,16:14:51
300845,捷安高科,10.91,10.6,10.62,10.94,10.56,76752.0,82450000.0,22.44,15.69,67.72,2.87,5.34,4100000,3575200.0,2026-08-06,16:14:45
300846,首都在线,21.03,21.53,21.35,21.67,20.72,321572.0,682900000.0,106.05,87.52,-69.85,13.67,7.73,15173500,16983700.0,2026-08-06,16:14:27
300847,中船汉光,16.06,14.45,17.0,17.18,16.02,288805.0,476800000.0,47.54,47.54,41.68,3.2,9.76,15542300,13338200.0,2026-08-06,16:14:54
300848,美瑞新材,13.01,12.91,12.96,13.1,12.81,50864.0,65920000.0,55.67,32.93,61.18,3.62,2.01,2431300,2655100.0,2026-08-06,16:14:36
300849,锦盛新材,22.58,20.9,20.91,22.67,20.65,51857.0,112320000.0,33.87,24.9,-60.52,6.28,4.7,2869100,2316600.0,2026-08-06,16:14:39
300850,新强联,29.58,29.89,29.87,30.2,29.04,160423.0,473160000.0,122.49,88.97,15.36,1.74,5.33,7774200,8268000.0,2026-08-06,16:14:57
300851,交大思诺,23.2,22.96,23.03,23.3,22.88,10048.0,23230000.0,20.17,11.45,24.71,1.58,2.04,581200,423600.0,2026-08-06,16:14:48
300852,四会富仕,43.34,41.98,41.42,43.34,41.17,99958.0,424170000.0,69.57,67.16,49.49,3.07,6.45,5290300,4705500.0,2026-08-06,16:14:42
300853,申昊科技,26.41,26.36,26.0,27.1,25.82,61292.0,162000000.0,38.81,25.96,-20.84,7.57,6.23,3166900,2962300.0,2026-08-06,16:14:00
300854,中兰环保,17.31,16.67,16.66,17.44,16.57,121811.0,208530000.0,24.2,19.73,-28.46,2.69,10.69,5738300,6442800.0,2026-08-06,16:14:51
300855,图南股份,29.3,29.7,29.7,29.8,28.88,78182.0,229290000.0,115.89,85.84,55.41,5.67,2.67,3540000,4278300.0,2026-08-06,16:14:30
300856,科思股份,10.99,11.17,11.16,11.21,10.87,37685.0,41450000.0,52.28,50.52,51.86,1.94,0.82,1412300,2356200.0,2026-08-06,16:14:03
300857,协创数据,250.11,251.86,244.14,257.89,241.86,281185.0,7050760000.0,1223.95,1217.69,70.12,23.91,5.78,14685900,13432600.0,2026-08-06,16:14:54
300858,科拓生物,14.39,14.41,14.42,14.42,14.14,29081.0,41590000.0,37.92,28.17,42.54,2.07,1.49,1371900,1536200.0,2026-08-06,16:14:45
300859,西域旅游,27.09,26.98,27.26,27.29,26.6,23698.0,63820000.0,41.99,41.99,54.11,5.93,1.53,1169200,1200600.0,2026-08-06,16:14:48
300860,锋尚文化,26.74,26.6,26.34,27.27,26.34,38627.0,103390000.0,50.39,29.26,-483.33,1.63,3.53,2209700,1653000.0,2026-08-06,16:14:48
300861,美畅股份,17.2,16.9,16.8,17.34,16.72,185078.0,316630000.0,115.56,72.56,28.07,1.78,4.39,9170800,9336900.0,2026-08-06,16:14:51
300862,蓝盾光电,19.01,19.01,0.0,0.0,0.0,0.0,0.0,35.1,28.79,-36.9,1.79,0.0,0,0.0,2026-08-06,16:14:06
300863,卡倍亿,38.6,37.75,37.7,39.24,36.62,96511.0,368970000.0,100.9,96.93,60.47,6.95,3.84,5136700,4514400.0,2026-08-06,16:14:57
300864,南大环境,18.88,18.9,18.82,19.05,18.66,11844.0,22360000.0,30.04,30.04,19.7,2.35,0.74,586200,598300.0,2026-08-06,16:14:09
300865,大宏立,22.96,22.53,22.66,23.02,22.37,12481.0,28380000.0,21.97,13.2,179.36,2.53,2.17,598900,649200.0,2026-08-06,16:14:33
300866,安克创新,114.65,117.6,117.0,118.62,114.14,45722.0,527000000.0,674.2,354.6,26.74,6.53,1.48,2221100,2351000.0,2026-08-06,16:14:12
300867,圣元环保,16.45,16.63,16.5,16.62,16.28,31257.0,51400000.0,44.7,31.52,15.06,1.12,1.63,1406900,1718800.0,2026-08-06,16:14:54
300868,杰美特,83.35,80.78,79.92,85.22,77.0,41304.0,337720000.0,106.0,67.31,-174.99,7.26,5.11,1879500,2250900.0,2026-08-06,16:14:00
300869,康泰医学,11.13,11.11,11.13,11.18,10.93,25462.0,28170000.0,44.72,29.35,-91.08,2.64,0.97,1308300,1238000.0,2026-08-06,16:14:36
300870,欧陆通,213.4,203.76,199.94,215.25,195.01,85725.0,1775340000.0,325.74,325.71,179.09,12.65,5.62,4268200,4304400.0,2026-08-06,16:14:57
300871,回盛生物,22.1,21.99,21.91,22.24,21.75,45912.0,100900000.0,44.59,44.59,15.57,2.01,2.28,2421300,2169800.0,2026-08-06,16:14:51
300872,天阳科技,16.65,16.89,16.87,17.35,16.48,186034.0,315010000.0,81.27,70.27,-52.03,2.19,4.41,9391900,9211500.0,2026-08-06,16:14:39
300873,海晨股份,16.38,16.3,16.0,16.8,15.9,189284.0,308610000.0,52.78,38.32,25.35,1.68,8.09,9187900,9740500.0,2026-08-06,16:14:03
300875,捷强装备,33.59,33.78,33.75,33.98,32.9,56629.0,188940000.0,33.53,29.49,-29.2,3.95,6.45,2832200,2830700.0,2026-08-06,16:14:54
300876,蒙泰高新,15.3,15.18,15.39,15.77,13.94,30929.0,47270000.0,23.26,17.35,-39.16,2.28,2.73,1483200,1609600.0,2026-08-06,16:14:42
300877,金春股份,25.16,24.2,24.16,25.29,23.9,18126.0,44590000.0,30.19,30.19,35.05,1.83,1.51,1079800,732800.0,2026-08-06,16:14:06
300878,维康药业,33.65,31.48,32.0,33.89,31.2,82116.0,266630000.0,48.72,48.5,-22.58,5.34,5.7,3720800,4490800.0,2026-08-06,16:14:09
300879,大叶股份,17.24,16.86,17.0,17.45,16.61,67048.0,114530000.0,34.89,34.66,-16.14,2.82,3.34,3348200,3356600.0,2026-08-06,16:14:12
300880,迦南智能,19.69,19.78,19.92,20.19,19.4,34687.0,68480000.0,38.42,38.42,50.61,3.68,1.78,1360900,2107800.0,2026-08-06,16:14:45
300881,盛德鑫泰,33.88,33.68,33.68,34.37,33.27,16163.0,54640000.0,37.27,19.45,15.37,3.01,2.82,772000,844400.0,2026-08-06,16:14:48
300882,万胜智能,15.12,15.35,15.32,15.4,14.97,28507.0,43180000.0,43.27,40.27,40.08,3.51,1.07,1379800,1470900.0,2026-08-06,16:14:00
300883,龙利得,5.72,5.69,5.67,5.75,5.54,162267.0,91910000.0,19.79,18.91,-152.25,1.4,4.91,7348900,8877800.0,2026-08-06,16:14:03
300884,狄耐克,11.68,11.58,11.5,11.94,11.45,55594.0,65130000.0,29.65,22.36,237.38,2.36,2.9,2843700,2715700.0,2026-08-06,16:14:15
300885,海昌新材,20.8,20.94,20.94,21.13,20.52,37142.0,77390000.0,51.62,34.74,83.67,5.77,2.22,2010700,1703600.0,2026-08-06,16:14:18
300886,华业香料,22.58,22.35,22.3,22.74,22.3,10498.0,23630000.0,16.96,10.67,73.28,2.84,2.22,538300,511500.0,2026-08-06,16:14:06
300887,谱尼测试,8.28,7.3,7.69,8.68,7.5,565616.0,462480000.0,45.19,29.99,-22.1,1.64,15.62,30807800,25753800.0,2026-08-06,16:14:09
300888,稳健医疗,29.54,29.82,29.81,29.81,29.33,34422.0,101580000.0,172.21,171.44,22.34,1.49,0.59,1297100,2145100.0,2026-08-06,16:14:57
300889,爱克股份,20.36,19.72,19.63,20.47,19.32,58652.0,117680000.0,44.84,29.8,-56.26,3.17,4.01,3065900,2799300.0,2026-08-06,16:14:12
300890,翔丰华,26.14,26.18,26.11,26.25,25.66,40459.0,105160000.0,31.26,28.57,36.45,1.46,3.7,1918500,2127400.0,2026-08-06,16:14:21
300891,惠云钛业,7.03,6.95,7.01,7.06,6.88,58455.0,40810000.0,28.12,23.44,-34.95,2.33,1.75,2756000,3089500.0,2026-08-06,16:14:15
300892,品渥食品,22.0,22.49,22.39,22.79,21.76,46092.0,101870000.0,22.0,14.2,-834.91,2.14,7.14,2430200,2178900.0,2026-08-06,16:14:51
300893,松原安全,16.51,16.73,16.73,16.73,16.25,17313.0,28450000.0,78.09,41.42,21.22,3.76,0.69,839300,892000.0,2026-08-06,16:14:15
300894,火星人,12.13,12.05,11.93,12.28,11.77,124933.0,150650000.0,49.13,35.67,-16.64,5.15,4.25,6074900,6418400.0,2026-08-06,16:14:54
300895,铜牛信息,54.06,54.48,53.55,54.88,53.1,63297.0,342620000.0,76.12,74.7,-106.01,10.18,4.58,3191900,3137800.0,2026-08-06,16:14:18
300896,爱美客,102.6,105.2,105.5,105.96,101.7,54034.0,556460000.0,310.46,209.77,27.1,4.07,2.64,2273300,3130100.0,2026-08-06,16:14:18
300897,山科智能,17.45,15.54,16.08,17.66,15.9,134607.0,226780000.0,34.18,21.33,226.67,3.52,11.01,7400500,6060200.0,2026-08-06,16:14:21
300898,熊猫乳品,20.33,20.45,20.31,20.55,20.11,32711.0,66490000.0,25.21,23.33,22.65,2.61,2.85,1541300,1729800.0,2026-08-06,16:14:57
300899,上海凯鑫,28.15,28.13,27.85,28.55,27.52,7038.0,19720000.0,17.96,11.52,-686.53,2.93,1.72,333800,370000.0,2026-08-06,16:14:00
300900,广联航空,24.18,23.94,23.8,24.54,23.52,191991.0,463160000.0,79.24,62.09,-57.57,4.09,7.48,9624900,9574200.0,2026-08-06,16:14:24
300901,中胤时尚,15.55,15.55,15.47,15.81,15.33,39034.0,60890000.0,37.32,37.32,394.67,3.84,1.63,1742300,2161100.0,2026-08-06,16:14:21
300902,国安达,16.66,16.33,16.45,16.79,15.88,47998.0,78180000.0,30.29,20.79,-297.41,3.73,3.85,2826400,1973500.0,2026-08-06,16:14:24
300903,科翔股份,64.32,53.6,53.24,64.32,52.3,428958.0,2525330000.0,280.04,226.01,-105.65,15.34,12.21,19376100,23519700.0,2026-08-06,16:14:27
300904,威力传动,41.14,41.26,41.2,42.8,40.33,8524.0,34930000.0,29.78,9.04,-29.45,5.1,3.88,448300,404100.0,2026-08-06,16:14:00
300905,宝丽迪,39.07,38.86,38.88,39.42,38.21,59036.0,229150000.0,69.94,54.56,43.82,3.63,4.23,2874000,3029600.0,2026-08-06,16:14:03
300906,日月明,26.13,26.18,26.03,26.5,25.62,11885.0,30910000.0,20.9,18.88,35.53,2.26,1.64,731700,456800.0,2026-08-06,16:14:03
300907,康平科技,40.28,39.42,39.43,41.0,38.84,27274.0,108740000.0,38.67,38.67,90.62,4.94,2.84,1410900,1316500.0,2026-08-06,16:14:30
300908,仲景食品,23.84,23.84,24.22,24.28,23.59,14131.0,33680000.0,34.81,29.42,17.66,2.04,1.15,620600,792500.0,2026-08-06,16:14:33
300909,汇创达,48.28,45.11,44.3,48.5,44.01,50033.0,236840000.0,83.51,62.35,418.24,4.19,3.87,2587700,2415600.0,2026-08-06,16:14:27
300910,瑞丰新材,29.31,29.52,29.52,30.04,29.08,35129.0,103780000.0,112.27,78.63,16.48,3.19,1.31,1292500,2220300.0,2026-08-06,16:14:06
300911,亿田智能,21.89,22.55,21.92,22.7,21.61,110839.0,244570000.0,40.13,37.51,-24.38,3.7,6.47,5216700,5867200.0,2026-08-06,16:14:06
300912,凯龙高科,19.78,20.42,19.76,20.32,19.36,108271.0,214820000.0,22.53,17.01,-24.88,5.09,12.59,4236900,6590200.0,2026-08-06,16:14:36
300913,兆龙互连,35.64,35.63,35.3,36.19,35.01,73181.0,260830000.0,122.17,101.88,49.4,4.71,2.56,3775700,3542400.0,2026-08-06,16:14:39
300915,海融科技,19.77,19.9,19.9,20.06,19.49,13902.0,27450000.0,24.88,11.38,-354.97,1.67,2.42,742800,647400.0,2026-08-06,16:14:30
300916,朗特智能,22.0,20.78,20.76,22.0,20.57,46222.0,98500000.0,31.82,20.55,43.26,2.4,4.95,2449500,2172700.0,2026-08-06,16:14:09
300917,特发服务,26.6,26.53,26.3,26.7,25.98,63731.0,168300000.0,44.95,44.95,36.16,3.82,3.77,2988100,3385100.0,2026-08-06,16:14:33
300918,南山智尚,10.7,10.6,10.58,10.86,10.5,58636.0,62570000.0,54.16,54.16,44.55,1.4,1.16,2886200,2977400.0,2026-08-06,16:14:24
300919,中伟新材,40.85,41.65,40.99,41.55,40.58,131219.0,537200000.0,426.66,373.66,23.51,1.82,1.43,6006900,7115000.0,2026-08-06,16:14:09
300920,润阳科技,31.52,30.07,29.92,31.56,29.8,17857.0,55390000.0,40.98,27.22,162.81,3.51,2.07,1072900,712800.0,2026-08-06,16:14:27
300921,南凌科技,15.12,15.13,15.04,15.32,14.81,83138.0,125670000.0,38.82,24.48,130.67,4.78,5.14,4225300,4088500.0,2026-08-06,16:14:42
300922,天秦装备,17.08,17.61,17.5,17.95,16.87,74704.0,129330000.0,27.47,21.56,82.39,2.81,5.92,3235400,4235000.0,2026-08-06,16:14:12
300923,研奥股份,22.94,22.42,22.55,23.1,22.19,14620.0,33330000.0,18.03,17.51,56.86,1.62,1.92,831200,630700.0,2026-08-06,16:14:36
300925,法本信息,15.65,15.74,15.61,16.04,15.49,95755.0,150790000.0,67.09,54.7,67.52,3.02,2.74,4285900,5289600.0,2026-08-06,16:14:39
300926,博俊科技,17.81,18.09,18.09,18.12,17.62,32679.0,58310000.0,77.35,53.07,9.39,2.2,1.1,1387200,1880700.0,2026-08-06,16:14:12
300927,江天化学,21.52,21.69,21.5,21.85,21.16,31696.0,68090000.0,31.07,30.31,98.38,3.19,2.25,1437800,1731800.0,2026-08-06,16:14:42
300928,华安鑫创,25.3,25.31,25.19,25.58,24.86,14658.0,36960000.0,20.24,13.56,-17.25,2.0,2.74,697600,768200.0,2026-08-06,16:14:45
300929,华骐环保,13.98,13.83,13.8,14.07,13.69,50519.0,70050000.0,18.47,17.53,-41.62,2.41,4.03,2481000,2570900.0,2026-08-06,16:14:45
300930,屹通新材,24.86,24.66,24.59,25.02,24.28,14279.0,35280000.0,24.86,11.72,40.8,2.66,3.03,813500,614400.0,2026-08-06,16:14:48
300931,通用电梯,11.62,11.46,11.45,11.77,11.19,44819.0,51730000.0,28.26,22.72,-43.35,4.7,2.29,2241200,2240700.0,2026-08-06,16:14:30
300932,三友联众,9.9,9.98,9.99,10.06,9.78,144186.0,142760000.0,44.37,31.6,57.4,2.58,4.52,6840000,7578600.0,2026-08-06,16:14:15
300933,中辰股份,6.72,6.83,6.75,6.92,6.62,244661.0,165050000.0,36.76,36.76,-310.04,1.73,4.47,10440800,14025300.0,2026-08-06,16:14:33
300935,盈建科,33.85,32.0,30.3,35.2,30.3,111726.0,373430000.0,26.89,20.4,-31.21,3.66,18.54,5593000,5579600.0,2026-08-06,16:14:48
300936,中英科技,67.78,66.28,65.36,68.79,64.5,32248.0,214890000.0,50.97,32.14,5813.83,5.06,6.8,1533200,1691600.0,2026-08-06,16:14:15
300937,药易购,26.93,24.46,24.6,29.1,24.0,168466.0,440670000.0,25.76,17.47,-130.41,3.15,25.97,9134500,7712100.0,2026-08-06,16:14:36
300938,信测标准,27.35,26.76,26.68,27.73,26.02,154280.0,416870000.0,93.23,80.92,45.69,5.05,5.21,7494600,7933400.0,2026-08-06,16:14:18
300939,秋田微,59.9,56.84,56.66,62.62,56.0,53973.0,323910000.0,71.88,71.88,96.25,5.05,4.5,2995300,2402000.0,2026-08-06,16:14:21
300940,南极光,14.14,13.96,13.85,14.14,13.75,62907.0,88010000.0,31.48,22.27,48.4,2.68,3.99,3111500,3179200.0,2026-08-06,16:14:24
300941,创识科技,16.29,14.87,14.94,17.34,14.77,212693.0,346060000.0,33.35,20.16,111.33,2.61,17.18,10933900,10335400.0,2026-08-06,16:14:39
300942,易瑞生物,6.69,6.49,6.55,6.93,6.5,144660.0,96850000.0,27.1,27.1,396.78,3.3,3.57,7235000,7231000.0,2026-08-06,16:14:27
300943,春晖智控,26.8,26.54,26.16,27.41,25.61,110536.0,294210000.0,54.62,35.76,95.94,5.49,8.28,5600700,5452900.0,2026-08-06,16:14:42
300945,曼卡龙,11.8,11.89,12.29,12.59,11.63,238583.0,288270000.0,30.92,28.17,24.03,1.81,9.99,10216700,13641600.0,2026-08-06,16:14:51
300946,恒而达,39.86,40.05,39.31,40.77,39.31,9225.0,36910000.0,62.18,30.22,199.34,5.29,1.22,450800,471700.0,2026-08-06,16:14:30
300947,德必集团,14.03,14.03,14.1,14.22,13.83,24124.0,33860000.0,21.2,21.2,-34.1,1.79,1.6,1334500,1077900.0,2026-08-06,16:14:18
300948,冠中生态,20.72,20.19,19.76,21.39,19.5,83490.0,171340000.0,34.06,32.15,-72.0,3.43,5.38,4275200,4073900.0,2026-08-06,16:14:21
300949,奥雅股份,21.74,21.51,21.51,21.95,21.38,11623.0,25150000.0,18.91,10.81,-15.52,3.36,2.34,598800,563500.0,2026-08-06,16:14:51
300950,德固特,16.73,16.74,16.71,17.09,16.4,16543.0,27780000.0,25.7,16.4,34.83,3.2,1.69,767400,886900.0,2026-08-06,16:14:54
300951,博硕科技,67.26,65.99,64.13,68.21,63.0,90049.0,596050000.0,113.94,101.83,158.39,5.17,5.95,4313300,4691700.0,2026-08-06,16:14:33
300952,恒辉安防,17.17,17.38,17.38,17.48,16.87,38971.0,66910000.0,41.49,25.51,51.03,2.48,2.62,1820400,2076800.0,2026-08-06,16:14:57
300953,震裕科技,101.3,101.31,99.94,103.58,99.1,68159.0,693150000.0,246.7,177.33,34.18,5.24,3.89,2892600,3923300.0,2026-08-06,16:14:54
300955,嘉亨家化,31.42,31.0,31.0,31.45,30.6,14818.0,46030000.0,31.67,31.67,-147.84,3.66,1.47,783800,698100.0,2026-08-06,16:14:57
300956,英力股份,11.16,10.88,10.84,11.35,10.79,81508.0,90810000.0,24.04,23.49,560.89,1.79,3.87,4184700,3966100.0,2026-08-06,16:14:24
300957,贝泰妮,32.77,33.6,33.65,33.75,32.41,124122.0,407680000.0,138.81,138.81,25.55,2.27,2.93,4563800,7848300.0,2026-08-06,16:14:00
300958,建工修复,11.26,11.29,11.34,11.41,11.06,47483.0,53440000.0,17.65,10.25,-18.07,1.46,5.22,2167200,2581100.0,2026-08-06,16:14:03
300959,线上线下,100.6,97.25,95.72,100.79,95.01,35488.0,351210000.0,80.85,52.64,-345.63,7.32,6.78,1720500,1828300.0,2026-08-06,16:14:06
300960,通业科技,15.86,15.65,15.65,15.92,15.45,18825.0,29690000.0,23.02,20.87,52.92,3.59,1.43,999100,883400.0,2026-08-06,16:14:09
300961,深水海纳,11.43,10.63,10.61,11.54,10.6,121977.0,136580000.0,20.26,17.37,-9.44,3.66,8.03,6851300,5346400.0,2026-08-06,16:14:45
300962,中金辐照,13.23,13.29,13.21,13.43,13.05,26592.0,35200000.0,34.93,34.93,30.01,3.4,1.01,1314800,1344400.0,2026-08-06,16:14:12
300963,中洲特材,12.45,12.96,12.71,12.8,12.4,211150.0,266100000.0,57.1,42.4,94.66,5.14,6.2,7623400,13491500.0,2026-08-06,16:14:27
300964,本川智能,54.48,51.66,51.0,56.49,50.5,76484.0,416510000.0,58.22,42.72,174.57,5.75,9.75,3873700,3774700.0,2026-08-06,16:14:15
300965,恒宇信通,43.37,43.06,42.97,44.09,42.63,8050.0,34910000.0,26.02,23.46,94.46,2.15,1.49,397800,407200.0,2026-08-06,16:14:30
300966,共同药业,26.41,25.7,25.63,27.5,25.63,45020.0,120750000.0,30.45,20.25,-42.74,4.18,5.87,2337700,2164300.0,2026-08-06,16:14:18
300967,晓鸣股份,15.28,15.17,15.17,15.28,14.9,48195.0,72960000.0,28.66,19.07,-77.41,4.4,3.86,2560300,2259200.0,2026-08-06,16:14:48
300968,格林精密,10.97,11.13,10.88,11.16,10.77,175361.0,192530000.0,45.35,45.35,-83.77,2.54,4.24,8112400,9423700.0,2026-08-06,16:14:33
300969,恒帅股份,75.26,75.8,75.4,76.89,74.42,21717.0,163930000.0,123.52,58.91,74.85,8.75,2.77,991800,1179900.0,2026-08-06,16:14:00
300970,华绿生物,17.48,17.22,17.23,17.6,17.01,57817.0,100270000.0,27.74,21.41,12.69,1.65,4.72,2760800,3020900.0,2026-08-06,16:14:36
300971,博亚精工,18.75,18.63,18.57,18.75,18.35,21791.0,40460000.0,22.05,17.3,23.46,2.09,2.36,1097100,1082000.0,2026-08-06,16:14:21
300972,万辰集团,202.66,205.01,204.5,206.6,200.0,19434.0,392280000.0,399.92,367.42,22.73,19.14,1.07,945400,998000.0,2026-08-06,16:14:03
300973,立高食品,24.88,25.49,25.44,25.5,24.63,25250.0,62900000.0,42.13,29.5,15.03,1.73,2.13,946600,1578400.0,2026-08-06,16:14:36
300975,商络电子,27.45,26.3,25.86,28.0,25.51,756774.0,2046320000.0,188.58,135.07,36.07,7.23,15.38,38023300,37654100.0,2026-08-06,16:14:06
300976,达瑞电子,53.79,52.21,51.75,55.14,51.0,51047.0,272880000.0,100.66,64.74,33.9,2.82,4.24,2474400,2630300.0,2026-08-06,16:14:39
300977,深圳瑞捷,15.81,15.83,15.79,15.99,15.49,11884.0,18700000.0,24.07,14.99,108.97,1.77,1.25,634200,554200.0,2026-08-06,16:14:42
300978,东箭科技,8.5,8.53,8.58,8.58,8.4,34921.0,29580000.0,35.93,24.4,28.81,2.33,1.22,1555400,1936700.0,2026-08-06,16:14:09
300979,华利集团,34.42,34.16,34.27,34.47,33.85,26491.0,90690000.0,401.68,401.68,14.2,2.66,0.23,1343300,1305700.0,2026-08-06,16:14:39
300980,祥源新材,21.77,21.51,21.4,21.99,21.22,43524.0,93980000.0,30.06,21.41,50.23,2.15,4.43,2148600,2203800.0,2026-08-06,16:14:24
300981,中红医疗,14.46,15.6,15.13,15.13,14.15,310300.0,448690000.0,62.01,56.83,-49.07,1.21,7.9,13858900,17171100.0,2026-08-06,16:14:12
300982,苏文电能,15.22,15.3,15.45,15.45,14.97,25891.0,39310000.0,31.5,29.51,-40.94,1.11,1.34,1310400,1278700.0,2026-08-06,16:14:15
300983,尤安设计,40.64,38.82,38.82,41.08,38.06,20823.0,83350000.0,70.23,62.1,-81.55,2.54,1.36,1279400,803000.0,2026-08-06,16:14:42
300984,金沃股份,33.77,33.74,33.22,34.3,32.92,31706.0,107000000.0,64.99,41.88,128.6,3.72,2.56,1612200,1558400.0,2026-08-06,16:14:45
300985,致远新能,31.51,30.04,30.0,32.0,29.48,49121.0,153120000.0,58.77,58.77,-109.01,6.65,2.63,2417800,2494300.0,2026-08-06,16:14:18
300986,志特新材,12.33,12.8,12.65,12.75,12.22,491386.0,610750000.0,70.99,70.94,40.0,3.24,8.54,21940500,27198200.0,2026-08-06,16:14:51
300987,川网传媒,13.62,13.71,13.62,13.99,13.37,37092.0,50630000.0,23.61,23.61,117.01,3.0,2.14,1881300,1827900.0,2026-08-06,16:14:27
300988,津荣天宇,14.84,14.88,14.71,14.9,14.52,41397.0,61080000.0,29.23,24.06,31.34,2.28,2.55,2110900,2028700.0,2026-08-06,16:14:54
300989,蕾奥规划,12.84,13.62,13.0,13.09,12.42,134144.0,171070000.0,27.04,20.92,-195.16,2.81,8.24,5719400,7695000.0,2026-08-06,16:14:30
300990,同飞股份,70.16,70.17,68.92,71.0,67.2,57937.0,402170000.0,120.13,54.56,47.9,5.69,7.45,2967100,2826600.0,2026-08-06,16:14:45
300991,创益通,27.77,27.09,26.6,27.99,26.51,31954.0,87940000.0,39.99,29.19,-251.6,6.37,3.04,1624700,1570700.0,2026-08-06,16:14:33
300992,泰福泵业,23.23,22.4,22.54,23.43,22.26,17586.0,40460000.0,22.14,18.12,-180.35,2.58,2.25,932000,826600.0,2026-08-06,16:14:21
300993,玉马科技,9.91,9.99,9.91,10.0,9.78,24626.0,24370000.0,30.54,23.97,20.85,1.99,1.02,1093600,1369000.0,2026-08-06,16:14:24
300994,久祺股份,10.96,10.96,10.99,11.04,10.78,19779.0,21570000.0,25.55,12.79,20.56,2.32,1.7,999200,978700.0,2026-08-06,16:14:27
300995,奇德新材,26.32,25.99,25.9,26.35,25.63,12087.0,31570000.0,24.24,15.98,108.04,2.69,1.99,565800,642900.0,2026-08-06,16:14:48
300996,普联软件,20.31,19.2,19.14,20.75,18.51,1042894.0,2090970000.0,80.39,67.66,85.69,6.21,31.3,51829000,52460400.0,2026-08-06,16:14:57
300997,欢乐家,17.4,17.98,17.87,18.4,17.3,220614.0,387650000.0,75.69,68.66,160.75,7.61,5.59,9657000,12404400.0,2026-08-06,16:14:51
300998,宁波方正,25.18,24.09,23.94,25.5,23.94,31141.0,77700000.0,34.54,27.11,147.19,2.74,2.89,1642600,1471500.0,2026-08-06,16:14:00
300999,金龙鱼,26.09,26.18,26.18,26.4,25.85,81284.0,211630000.0,1414.49,141.58,38.72,1.46,1.5,3689400,4439000.0,2026-08-06,16:14:03
301000,肇民科技,25.62,25.9,25.85,26.62,25.4,44787.0,115980000.0,62.31,58.83,44.67,4.93,1.95,2114200,2364500.0,2026-08-06,16:14:54
301001,凯淳股份,23.55,23.77,23.62,24.13,23.21,18760.0,44260000.0,18.84,11.85,-157.26,2.45,3.73,1074100,802000.0,2026-08-06,16:14:57
301002,崧盛股份,28.96,28.68,28.6,29.35,28.23,44615.0,128760000.0,39.08,24.61,343.7,3.56,5.25,2210000,2251600.0,2026-08-06,16:14:30
301003,江苏博云,50.77,49.2,49.13,50.84,48.5,17125.0,85200000.0,49.31,38.15,56.22,4.41,2.28,1059100,653500.0,2026-08-06,16:14:00
301004,嘉益股份,36.0,35.91,35.62,36.43,35.2,9266.0,33130000.0,52.49,49.0,15.14,2.92,0.68,468900,457700.0,2026-08-06,16:14:03
301005,超捷股份,76.6,73.98,73.96,77.19,72.86,119189.0,903600000.0,143.98,141.05,992.32,18.58,6.47,5946300,5972600.0,2026-08-06,16:14:48
301006,迈拓股份,13.25,13.07,13.09,13.25,12.94,15670.0,20580000.0,18.45,11.11,21.07,1.43,1.87,871900,695100.0,2026-08-06,16:14:51
301007,德迈仕,33.78,28.9,28.2,34.0,28.2,121339.0,384660000.0,51.8,51.12,104.28,8.0,8.02,7795100,4338900.0,2026-08-06,16:14:33
301008,宏昌科技,34.51,33.8,33.95,34.91,33.02,62354.0,213670000.0,45.2,39.91,202.26,3.0,5.39,3181400,3054000.0,2026-08-06,16:14:54
301009,可靠股份,8.92,8.88,8.92,8.97,8.75,24812.0,22010000.0,24.25,13.47,124.94,1.85,1.64,1261600,1219600.0,2026-08-06,16:14:06
301010,晶雪节能,16.68,16.61,16.61,16.82,16.33,13345.0,22100000.0,18.01,18.01,240.78,2.17,1.24,813200,521300.0,2026-08-06,16:14:57
301011,华立科技,15.04,15.07,15.08,15.29,14.81,20288.0,30610000.0,23.23,22.06,49.29,2.5,1.38,865800,1163000.0,2026-08-06,16:14:06
301012,扬电科技,26.32,26.86,26.55,26.89,25.98,135162.0,357520000.0,51.84,51.84,115.86,4.38,6.86,6489100,7027100.0,2026-08-06,16:14:09
301013,利和兴,45.27,45.7,44.17,46.53,42.81,435909.0,1944280000.0,105.82,85.67,-66.18,15.81,23.03,20045300,23545600.0,2026-08-06,16:14:09
301015,百洋医药,22.43,23.51,23.52,23.63,22.2,90045.0,204860000.0,117.9,117.88,22.95,5.39,1.71,3554400,5450100.0,2026-08-06,16:14:00
301016,雷尔伟,13.17,13.84,13.45,13.59,12.97,115891.0,152980000.0,40.35,38.7,57.87,4.02,3.94,4726300,6862800.0,2026-08-06,16:14:12
301017,漱玉平民,13.72,13.9,14.05,14.2,13.6,119324.0,165650000.0,55.65,35.49,56.23,2.75,4.61,5382100,6550300.0,2026-08-06,16:14:36
301018,申菱环境,83.35,84.1,82.52,86.0,80.57,133860.0,1115010000.0,311.96,235.73,163.38,11.53,4.73,7022900,6363100.0,2026-08-06,16:14:12
301019,宁波色母,15.37,15.12,15.41,15.41,15.05,26571.0,40470000.0,30.43,22.31,26.67,2.95,1.83,1559100,1098000.0,2026-08-06,16:14:39
301020,密封科技,21.0,20.66,20.46,21.04,20.36,22934.0,47450000.0,30.74,30.74,33.53,3.13,1.57,1231200,1062200.0,2026-08-06,16:14:42
301021,英诺激光,65.25,60.9,59.9,66.17,59.4,108673.0,691110000.0,99.75,99.64,149.48,9.68,7.12,5431500,5435800.0,2026-08-06,16:14:36
301022,海泰科,22.76,23.14,23.13,23.31,22.42,17682.0,40320000.0,22.64,15.25,67.69,1.65,2.64,835000,933200.0,2026-08-06,16:14:45
301023,奕帆传动,29.96,29.65,29.54,30.6,29.17,15143.0,45530000.0,27.96,15.51,41.37,3.44,2.93,643000,871200.0,2026-08-06,16:14:15
301024,霍普股份,32.25,32.11,31.82,32.49,31.36,10203.0,32680000.0,20.51,19.85,-21.88,6.07,1.66,566400,453900.0,2026-08-06,16:14:18
301025,读客文化,8.95,9.05,9.0,9.35,8.88,78149.0,70900000.0,35.83,24.8,321.7,5.8,2.82,3793900,4021000.0,2026-08-06,16:14:48
301026,浩通科技,22.44,21.49,21.7,23.2,21.38,338824.0,755470000.0,49.72,35.91,23.28,3.05,21.17,15341400,18541000.0,2026-08-06,16:14:39
301027,华蓝集团,20.0,20.3,20.22,20.55,19.71,40777.0,82280000.0,29.4,24.24,-85.95,3.27,3.36,1980100,2097600.0,2026-08-06,16:14:03
301028,鼎熔岩,12.73,12.49,12.32,12.83,12.32,64364.0,81170000.0,49.18,31.9,20.98,2.92,2.57,2961700,3474700.0,2026-08-06,16:14:15
301029,怡合达,27.27,25.73,25.5,27.79,25.28,210211.0,565660000.0,173.38,123.5,33.39,4.13,4.64,12254900,8766100.0,2026-08-06,16:14:51
301030,*ST仕净,8.53,8.78,8.91,9.01,8.5,80619.0,70040000.0,17.26,17.24,-1.14,-4.34,3.99,2992200,5069700.0,2026-08-06,16:14:42
301031,中熔电气,88.0,87.98,87.29,88.94,86.26,25288.0,221610000.0,128.62,101.11,28.07,7.91,2.2,1202300,1326500.0,2026-08-06,16:14:06
301032,新柴股份,9.92,9.82,9.85,9.96,9.68,33229.0,32690000.0,23.92,15.86,21.31,1.92,2.08,1714700,1608200.0,2026-08-06,16:14:54
301033,迈普医学,59.16,59.88,59.4,59.5,58.05,12181.0,71510000.0,39.69,33.36,36.18,5.13,2.16,558900,659100.0,2026-08-06,16:14:45
301035,润丰股份,53.43,54.91,54.61,55.0,53.35,21963.0,118500000.0,194.76,194.47,20.43,2.65,0.6,973600,1222700.0,2026-08-06,16:14:09
301036,双乐股份,21.42,21.18,21.18,21.49,20.97,10709.0,22800000.0,21.42,15.09,95.97,1.32,1.52,620600,450300.0,2026-08-06,16:14:57
301037,保立佳,12.89,12.39,12.32,13.36,12.25,31205.0,39860000.0,17.92,8.76,-25.21,3.29,4.59,1514600,1606000.0,2026-08-06,16:14:18
301038,深水规院,16.59,16.65,16.65,16.79,16.38,32693.0,54100000.0,37.01,37.01,77.58,4.22,1.47,1581000,1688300.0,2026-08-06,16:14:21
301039,中集车辆,8.01,8.18,8.17,8.22,7.94,205295.0,165050000.0,150.12,116.34,17.02,1.07,1.41,9116500,11413000.0,2026-08-06,16:14:48
301040,中环海陆,25.76,25.69,25.93,26.25,25.31,26955.0,69560000.0,25.76,24.31,-30.87,3.68,2.86,1323800,1371700.0,2026-08-06,16:14:00
301041,金百泽,23.88,23.33,23.02,24.02,23.02,49276.0,116560000.0,25.48,18.86,113.68,3.77,6.24,2511400,2416200.0,2026-08-06,16:14:24
301042,安联锐视,31.48,29.81,29.38,32.01,29.18,116102.0,356330000.0,30.47,29.04,97.42,2.9,12.59,5797000,5813200.0,2026-08-06,16:14:21
301043,绿岛风,43.21,41.55,41.55,43.96,41.34,8436.0,36170000.0,29.38,24.52,41.92,3.48,1.49,457800,385800.0,2026-08-06,16:14:27
301045,天禄科技,66.18,63.36,65.4,66.88,63.65,88058.0,575060000.0,73.01,46.14,199.31,7.11,12.63,4310200,4495500.0,2026-08-06,16:14:03
301046,能辉科技,19.31,19.16,19.07,19.51,18.71,28050.0,53780000.0,32.55,25.14,-909.07,2.95,2.15,1564800,1240200.0,2026-08-06,16:14:30
301047,义翘神州,89.9,90.6,91.23,92.1,87.0,84901.0,757320000.0,109.35,107.5,69.54,2.11,7.1,3953900,4536200.0,2026-08-06,16:14:51
301048,金鹰重工,9.09,9.1,9.02,9.18,8.93,36074.0,32660000.0,48.48,48.48,22.64,1.73,0.68,1696800,1910600.0,2026-08-06,16:14:54
301049,超越科技,19.21,19.09,19.17,19.35,18.83,11099.0,21200000.0,18.11,8.23,-13.93,3.43,2.59,605800,504100.0,2026-08-06,16:14:06
301050,雷电微力,31.39,31.62,31.38,31.72,30.97,37887.0,118830000.0,77.72,66.19,189.65,2.54,1.8,1930200,1858500.0,2026-08-06,16:14:09
301051,信濠光电,15.47,14.75,14.62,15.83,14.41,111664.0,170830000.0,43.98,34.94,-17.56,2.25,4.94,5397800,5768600.0,2026-08-06,16:14:12
301052,果麦文化,24.72,24.76,24.75,25.65,24.28,55394.0,138050000.0,24.46,19.82,-293.32,3.57,6.91,2902300,2637100.0,2026-08-06,16:14:15
301053,远信工业,40.3,40.8,40.9,41.38,39.2,66079.0,265220000.0,53.15,49.36,252.5,6.0,5.4,2866400,3741500.0,2026-08-06,16:14:12
301055,张小泉,29.65,28.51,29.7,30.42,28.02,52618.0,155120000.0,46.25,45.27,64.93,7.07,3.45,2275100,2986700.0,2026-08-06,16:14:33
301056,森赫股份,10.52,9.96,9.91,10.57,9.87,55253.0,56530000.0,28.07,18.51,40.94,3.78,3.14,3071700,2453600.0,2026-08-06,16:14:18
301057,汇隆新材,21.12,21.29,22.38,22.56,20.79,27964.0,59770000.0,24.7,17.11,63.17,3.24,3.45,1337900,1458600.0,2026-08-06,16:14:57
301058,中粮科工,8.67,8.25,8.26,8.86,8.16,183494.0,155740000.0,45.15,44.41,19.36,1.95,3.58,9679800,8669600.0,2026-08-06,16:14:00
301059,金三江,11.26,11.24,11.24,11.31,11.05,26706.0,29890000.0,26.03,23.26,31.12,4.27,1.29,1195300,1475300.0,2026-08-06,16:14:24
301060,兰卫医学,8.93,8.96,8.96,9.07,8.82,50806.0,45370000.0,35.77,32.16,251.03,2.36,1.41,2141300,2939300.0,2026-08-06,16:14:21
301061,匠心家居,35.68,36.3,36.3,36.4,35.41,33157.0,118370000.0,101.47,67.41,12.23,2.39,1.75,1446600,1869200.0,2026-08-06,16:14:24
301062,上海艾录,6.52,6.4,6.48,6.65,6.35,129922.0,84400000.0,28.25,17.95,-22.52,2.12,4.72,7681000,5311200.0,2026-08-06,16:14:36
301063,海锅股份,17.5,17.34,17.42,17.51,17.19,13628.0,23690000.0,18.26,16.91,49.07,1.17,1.41,751600,611200.0,2026-08-06,16:14:03
301065,本立科技,18.53,18.48,18.54,18.59,18.23,9523.0,17560000.0,19.65,15.99,26.48,1.45,1.1,453700,498600.0,2026-08-06,16:14:15
301066,万事利,12.5,12.57,12.56,12.64,12.31,29526.0,36790000.0,29.37,29.14,79.69,2.3,1.27,1464100,1488500.0,2026-08-06,16:14:39
301067,显盈科技,27.8,27.52,27.12,28.16,26.83,29502.0,81730000.0,27.03,17.74,-40.49,3.51,4.62,1413200,1537000.0,2026-08-06,16:14:18
301068,大地海洋,29.29,28.93,28.64,29.64,28.15,12755.0,36790000.0,41.39,29.38,-156.14,5.14,1.27,656500,619000.0,2026-08-06,16:14:27
301069,凯盛新材,16.73,16.76,16.74,16.91,16.53,64947.0,108400000.0,75.82,71.4,54.54,3.32,1.52,3267100,3227600.0,2026-08-06,16:14:21
301070,开勒股份,61.63,58.58,57.73,61.75,57.38,32443.0,194970000.0,77.76,52.27,-2479.52,10.72,3.83,1765400,1478800.0,2026-08-06,16:14:27
301071,力量钻石,58.11,56.47,56.02,58.88,55.1,165319.0,949790000.0,147.86,108.69,85.24,2.78,8.84,8025300,8506600.0,2026-08-06,16:14:06
301072,中捷精工,33.67,34.15,33.86,34.09,32.3,34471.0,114730000.0,35.37,22.61,-65.03,4.95,5.13,1584300,1862800.0,2026-08-06,16:14:09
301073,君亭酒店,17.92,17.98,18.14,18.35,17.73,60283.0,108840000.0,34.85,31.86,129.31,3.93,3.39,2758000,3270300.0,2026-08-06,16:14:30
301075,多瑞医药,55.7,55.59,55.48,56.64,53.71,11457.0,63440000.0,44.56,44.56,-44.32,7.22,1.43,561000,584700.0,2026-08-06,16:14:30
301076,新瀚新材,22.88,23.05,22.85,23.9,22.54,98822.0,227780000.0,52.21,34.9,78.9,4.38,6.48,4998800,4883400.0,2026-08-06,16:14:24
301077,星华新材,20.54,20.05,20.43,20.59,20.0,26624.0,54260000.0,34.97,19.63,27.32,3.04,2.79,1388800,1273500.0,2026-08-06,16:14:33
301078,孩子王,7.44,7.6,7.63,7.64,7.41,183369.0,137290000.0,94.09,93.99,29.85,2.21,1.45,6912500,11424400.0,2026-08-06,16:14:12
301079,邵阳液压,29.1,28.84,28.5,29.71,28.42,42774.0,124430000.0,31.56,22.39,389.5,6.67,5.56,2285200,1992200.0,2026-08-06,16:14:36
301080,百普赛斯,53.96,53.99,53.72,56.18,53.3,61480.0,336360000.0,90.48,68.44,52.84,3.47,4.85,3166900,2981100.0,2026-08-06,16:14:27
301081,严牌股份,12.34,11.9,12.32,12.4,11.91,45019.0,54910000.0,28.84,27.7,356.61,2.59,2.01,2303400,2198600.0,2026-08-06,16:14:15
301082,久盛电气,11.46,12.13,11.41,11.9,11.15,383067.0,438040000.0,33.72,31.25,91.69,3.32,14.05,16405800,21900900.0,2026-08-06,16:14:33
301083,百胜智能,13.54,13.47,13.51,13.63,13.26,17084.0,23040000.0,24.08,11.59,78.7,2.9,2.0,826100,882300.0,2026-08-06,16:14:36
301085,亚康股份,62.34,63.49,62.26,63.88,61.29,41634.0,261140000.0,54.1,36.73,-39.84,5.66,7.07,2219100,1944300.0,2026-08-06,16:14:39
301086,鸿富瀚,109.22,106.0,103.52,111.5,101.81,37179.0,399130000.0,137.47,76.19,113.05,7.1,5.33,1828800,1889100.0,2026-08-06,16:14:18
301087,可孚医疗,51.76,53.06,53.12,53.16,51.51,20243.0,105360000.0,122.1,100.41,31.53,2.58,1.04,896200,1128100.0,2026-08-06,16:14:39
301088,戎美股份,12.03,12.01,12.04,12.08,11.81,14516.0,17310000.0,27.42,22.62,38.38,1.14,0.77,596100,855600.0,2026-08-06,16:14:21
301089,拓新药业,23.65,23.7,23.9,23.95,23.37,22252.0,52470000.0,29.93,21.4,-39.07,2.03,2.46,1010400,1214800.0,2026-08-06,16:14:42
301090,华润材料,6.56,6.62,6.63,6.64,6.46,72598.0,47560000.0,96.59,96.49,-211.04,1.46,0.49,2691600,4568200.0,2026-08-06,16:14:30
301091,深城交,18.22,17.97,17.86,18.32,17.75,104172.0,188210000.0,96.07,96.07,267.2,4.12,1.98,4871700,5545500.0,2026-08-06,16:14:45
301092,争光股份,43.93,43.52,42.89,44.49,42.47,46806.0,205400000.0,59.1,26.79,63.06,3.04,7.68,2504300,2176300.0,2026-08-06,16:14:42
301093,华兰股份,71.38,65.9,67.08,74.72,65.0,85496.0,604340000.0,152.13,145.25,358.75,6.93,4.2,4373200,4176400.0,2026-08-06,16:14:48
301095,广立微,71.67,71.78,70.08,73.1,69.68,67275.0,480410000.0,143.54,124.0,156.56,4.63,3.89,3301000,3426400.0,2026-08-06,16:14:24
301096,百诚医药,41.84,41.5,41.5,42.01,41.08,18301.0,76090000.0,45.7,34.76,-88.94,1.83,2.2,847600,982500.0,2026-08-06,16:14:42
301097,天益医疗,33.28,33.06,33.0,33.71,32.66,8188.0,27180000.0,27.16,13.03,-230.13,2.5,2.09,351500,467300.0,2026-08-06,16:14:45
301098,金埔园林,8.48,8.37,8.25,8.8,8.22,132307.0,112950000.0,19.63,16.37,-7.2,1.86,6.86,5746300,7484500.0,2026-08-06,16:14:33
301099,雅创电子,48.57,47.64,46.45,49.24,46.13,96751.0,463760000.0,91.76,55.84,49.52,6.59,8.41,4804900,4870200.0,2026-08-06,16:14:51
301100,风光股份,16.18,15.94,15.99,16.32,15.77,27714.0,44490000.0,32.56,14.36,-110.59,1.62,3.12,1273200,1498200.0,2026-08-06,16:14:48
301101,明月镜片,29.44,30.06,29.97,30.06,29.24,21242.0,62790000.0,59.33,57.14,29.38,3.45,1.09,1015600,1108600.0,2026-08-06,16:14:54
301102,兆讯传媒,9.87,9.75,9.72,9.98,9.67,42399.0,41690000.0,40.07,40.07,-1337.75,1.35,1.04,2099400,2140500.0,2026-08-06,16:14:36
301103,何氏眼科,16.09,16.11,16.05,16.19,15.87,16847.0,27050000.0,25.43,19.57,92.48,1.34,1.39,666800,1017900.0,2026-08-06,16:14:39
301105,鸿铭股份,47.17,45.8,45.63,47.81,45.29,7200.0,33790000.0,23.59,9.35,-89.7,3.07,3.63,480900,239100.0,2026-08-06,16:14:57
301106,骏成科技,16.84,16.65,16.6,16.88,16.41,20639.0,34490000.0,24.07,24.07,32.42,1.91,1.44,1063800,1000100.0,2026-08-06,16:14:45
301107,瑜欣电子,19.15,18.56,18.48,19.44,18.24,21638.0,41170000.0,27.23,15.74,43.97,2.92,2.63,992000,1171800.0,2026-08-06,16:14:51
301108,洁雅股份,36.82,35.75,35.75,36.98,35.6,21179.0,77620000.0,41.44,23.87,53.49,2.21,3.27,1025300,1092600.0,2026-08-06,16:14:54
301109,军信股份,13.6,13.76,13.79,13.82,13.45,53315.0,72530000.0,107.32,84.9,14.06,1.49,0.85,2039700,3291800.0,2026-08-06,16:14:57
301110,青木科技,38.01,38.43,38.11,39.18,37.34,45718.0,174790000.0,49.24,34.63,31.74,3.27,5.02,2292200,2279600.0,2026-08-06,16:14:00
301111,粤万年青,19.58,19.0,18.94,19.82,18.85,49726.0,96080000.0,31.33,31.33,-719.58,4.24,3.11,2566500,2406100.0,2026-08-06,16:14:48
301112,信邦智能,31.77,32.0,32.02,32.18,31.33,14745.0,46890000.0,35.03,35.03,-40.64,3.15,1.34,796500,678000.0,2026-08-06,16:14:03
301113,雅艺科技,15.62,15.4,15.42,15.74,15.21,14098.0,21810000.0,18.48,11.19,738.86,2.75,1.97,801100,608800.0,2026-08-06,16:14:00
301115,联检科技,26.98,26.29,27.0,27.66,26.0,52821.0,141860000.0,49.52,40.25,-328.32,2.02,3.54,2600900,2681200.0,2026-08-06,16:14:27
301116,益客食品,8.72,8.75,8.72,8.85,8.55,50587.0,43880000.0,39.15,39.15,-22.09,2.5,1.13,2512600,2546100.0,2026-08-06,16:14:03
301117,佳缘科技,18.6,18.41,18.29,18.93,18.16,67324.0,125170000.0,33.64,21.55,-63.81,2.71,5.81,3548100,3184300.0,2026-08-06,16:14:30
301118,恒光股份,21.99,21.15,20.87,22.54,20.81,53557.0,117340000.0,24.21,23.29,555.58,1.78,5.06,2544400,2811300.0,2026-08-06,16:14:33
301119,正强股份,21.05,20.96,20.76,21.3,20.65,15605.0,32760000.0,30.65,24.79,30.55,2.91,1.33,850100,710300.0,2026-08-06,16:14:42
301120,新特电气,15.38,15.89,15.8,15.8,15.17,168402.0,259930000.0,57.39,34.72,179.3,3.7,7.46,7123400,9716800.0,2026-08-06,16:14:36
301121,紫建电子,33.87,34.44,34.13,34.9,33.44,14120.0,48280000.0,33.47,17.14,7259.53,2.02,2.79,667900,744100.0,2026-08-06,16:14:06
301122,采纳股份,31.15,31.2,31.28,31.98,30.51,45293.0,141860000.0,38.08,23.56,344.62,2.06,5.99,2334600,2194700.0,2026-08-06,16:14:09
301123,奕东电子,70.12,65.5,64.0,70.28,62.98,103928.0,701290000.0,164.53,115.73,-321.19,5.87,6.3,5406300,4986400.0,2026-08-06,16:14:06
301125,腾亚精工,13.85,13.69,13.6,13.98,13.48,31744.0,43600000.0,27.47,24.35,-163.45,4.75,1.81,1625300,1549000.0,2026-08-06,16:14:51
301126,达嘉维康,9.33,9.27,9.3,9.38,9.12,48418.0,44820000.0,19.16,12.86,-8.0,1.28,3.51,2301100,2540700.0,2026-08-06,16:14:12
301127,武汉天源,14.88,14.98,14.83,15.45,14.59,323357.0,485030000.0,100.3,97.38,46.85,2.99,4.94,15981300,16354400.0,2026-08-06,16:14:09
301128,强瑞技术,106.88,102.28,102.9,111.0,102.8,88332.0,944510000.0,154.78,154.78,107.2,18.08,6.1,4394700,4438500.0,2026-08-06,16:14:45
301129,瑞纳智能,21.02,21.05,21.0,21.25,20.73,12692.0,26640000.0,28.56,14.18,26.26,1.6,1.88,732100,537100.0,2026-08-06,16:14:48
301130,西点药业,24.42,24.15,24.28,24.45,23.96,12354.0,29950000.0,18.68,14.41,81.96,2.14,2.09,582700,652700.0,2026-08-06,16:14:54
301131,聚赛龙,33.18,32.92,33.02,33.23,32.66,7321.0,24120000.0,18.14,12.99,69.27,1.65,1.87,390800,341300.0,2026-08-06,16:14:57
301132,满坤科技,32.54,31.5,31.18,32.71,31.0,60733.0,195000000.0,48.19,30.83,44.04,2.72,6.41,3050000,3023300.0,2026-08-06,16:14:39
301133,金钟股份,26.2,26.07,26.07,26.56,25.52,23785.0,61950000.0,31.82,29.12,-271.4,2.32,2.14,1081100,1297400.0,2026-08-06,16:14:51
301135,瑞德智能,16.35,16.3,16.28,16.49,16.08,22505.0,36740000.0,21.22,16.51,124.58,1.83,2.23,1128600,1121900.0,2026-08-06,16:14:12
301136,招标股份,11.54,11.51,11.67,11.67,11.32,50902.0,58580000.0,31.76,31.72,2488.1,2.19,1.85,2694100,2396100.0,2026-08-06,16:14:00
301137,哈焊华通,36.53,38.36,37.02,37.79,36.53,113581.0,421280000.0,66.42,66.42,173.96,4.84,6.25,4616500,6741700.0,2026-08-06,16:14:15
301138,华研精机,26.15,26.15,25.93,26.33,25.63,8058.0,20970000.0,31.38,17.93,33.24,2.73,1.18,426900,378900.0,2026-08-06,16:14:18
301139,*ST元道,3.72,3.98,3.92,3.98,3.64,197765.0,74520000.0,4.52,2.83,-447.14,0.23,25.96,7209900,12566600.0,2026-08-06,16:14:54
301141,中科磁业,41.81,40.02,39.99,44.0,39.25,74890.0,310110000.0,51.86,18.61,200.07,4.12,16.82,3666400,3822600.0,2026-08-06,16:14:03
301148,嘉戎技术,47.28,48.0,47.98,48.25,46.6,12919.0,61180000.0,55.08,27.84,136.93,3.21,2.19,610900,681000.0,2026-08-06,16:14:06
301149,隆华新材,7.9,7.78,7.75,7.92,7.74,71828.0,56440000.0,44.16,26.87,33.44,2.12,2.11,3703000,3479800.0,2026-08-06,16:14:42
301150,中一科技,37.45,36.53,35.87,38.1,35.86,224012.0,831220000.0,121.3,113.79,87.03,3.36,7.37,10567000,11834200.0,2026-08-06,16:14:09
301151,冠龙节能,17.06,16.02,16.06,17.94,16.0,88792.0,151880000.0,28.83,28.8,62.8,1.41,5.26,4700600,4178600.0,2026-08-06,16:14:21
301152,天力锂能,19.68,19.88,19.92,20.07,19.26,44563.0,87590000.0,23.37,13.97,-15.24,1.93,6.28,2174200,2282100.0,2026-08-06,16:14:12
301153,中科江南,18.3,18.49,18.31,18.78,18.08,53157.0,97930000.0,65.09,60.71,53.55,3.55,1.6,2540400,2775300.0,2026-08-06,16:14:45
301155,海力风电,46.51,46.07,45.99,47.39,45.34,67374.0,312250000.0,101.11,57.33,34.11,1.76,5.47,3178300,3559100.0,2026-08-06,16:14:15
301156,美农生物,11.2,10.93,10.93,11.2,10.8,37036.0,40750000.0,20.62,13.25,34.73,2.83,3.13,1989000,1714600.0,2026-08-06,16:14:15
301157,华塑科技,59.31,57.22,57.21,59.48,55.51,9800.0,57050000.0,35.59,12.25,114.79,3.23,4.74,568300,411700.0,2026-08-06,16:14:24
301158,德石股份,14.79,14.82,14.8,14.86,14.49,73102.0,107310000.0,28.84,28.12,27.66,2.1,3.84,3343300,3966900.0,2026-08-06,16:14:57
301159,三维天地,32.32,33.47,32.01,33.79,32.01,66780.0,218970000.0,25.0,17.13,110.23,3.85,12.6,3191500,3486500.0,2026-08-06,16:14:48
301160,翔楼新材,37.34,36.96,36.57,37.77,36.5,33728.0,125570000.0,62.25,41.36,30.56,3.36,3.04,1689100,1683700.0,2026-08-06,16:14:27
301161,唯万密封,26.45,26.54,26.4,26.83,25.93,44276.0,116900000.0,31.74,20.42,34.68,3.37,5.74,2201800,2225800.0,2026-08-06,16:14:18
301162,国能日新,40.76,41.07,40.8,41.9,40.47,21508.0,88460000.0,76.09,49.37,55.84,4.84,1.78,967100,1183800.0,2026-08-06,16:14:30
301163,宏德股份,22.78,22.93,22.73,23.01,22.29,11427.0,25910000.0,18.59,12.47,45.06,1.64,2.09,597500,545200.0,2026-08-06,16:14:21
301165,锐捷网络,119.18,115.52,109.49,125.45,108.6,367095.0,4276190000.0,1327.23,1327.23,186.41,28.15,3.3,18916100,17793400.0,2026-08-06,16:14:00
301166,优宁维,26.51,26.37,26.34,26.68,26.2,9863.0,26080000.0,22.84,14.96,-90.52,1.19,1.75,440000,546300.0,2026-08-06,16:14:03
301167,建研设计,13.48,13.41,13.32,13.56,13.26,16413.0,22030000.0,15.1,14.25,71.12,1.59,1.55,859000,782300.0,2026-08-06,16:14:51
301168,通灵股份,42.75,42.81,42.09,43.0,41.9,14493.0,61520000.0,51.3,40.75,700.63,2.42,1.52,727400,721900.0,2026-08-06,16:14:33
301169,零点有数,55.57,54.09,54.45,56.18,53.18,32679.0,178840000.0,40.03,40.02,-118.94,9.24,4.54,1592800,1675100.0,2026-08-06,16:14:36
301170,锡南科技,22.18,22.01,22.01,22.26,21.8,11071.0,24420000.0,22.18,8.43,22.42,1.25,2.91,640400,466700.0,2026-08-06,16:14:24
301171,易点天下,38.42,39.01,38.0,39.65,37.55,1038393.0,4003780000.0,237.64,192.82,615.22,6.44,20.69,49891700,53947500.0,2026-08-06,16:14:06
301172,君逸数码,17.94,17.76,17.49,18.17,17.49,80559.0,143990000.0,40.33,29.83,114.53,2.74,4.84,4052900,4002900.0,2026-08-06,16:14:27
301173,毓恬冠佳,30.34,30.26,30.33,30.6,29.78,9263.0,28010000.0,26.65,9.35,15.6,1.76,3.0,453000,473300.0,2026-08-06,16:14:39
301175,中科环保,5.45,5.46,5.46,5.51,5.39,168474.0,91660000.0,80.22,33.89,19.41,2.11,2.71,7189200,9658200.0,2026-08-06,16:14:18
301176,逸豪新材,45.11,44.0,42.64,46.1,42.25,111289.0,497510000.0,76.27,74.0,-159.92,5.13,6.78,5692800,5436100.0,2026-08-06,16:14:42
301177,迪阿股份,23.31,23.24,23.63,23.97,23.1,17834.0,41820000.0,93.3,93.24,59.82,1.53,0.45,725700,1057700.0,2026-08-06,16:14:45
301178,天亿马,35.79,36.65,35.9,37.69,35.27,36905.0,133700000.0,33.32,24.58,425.5,4.29,5.37,1916400,1774100.0,2026-08-06,16:14:21
301179,泽宇智能,19.97,20.01,19.84,20.08,19.73,35641.0,70970000.0,80.76,47.42,49.6,3.28,1.5,1811700,1752300.0,2026-08-06,16:14:54
301180,万祥科技,11.54,11.53,11.46,11.57,11.28,29511.0,33790000.0,46.16,18.94,-716.21,3.53,1.8,1448600,1502500.0,2026-08-06,16:14:57
301181,标榜股份,22.7,22.0,22.28,22.93,21.47,34219.0,77050000.0,34.1,26.61,30.12,2.39,2.92,1450100,1971800.0,2026-08-06,16:14:09
301182,凯旺科技,68.5,69.19,67.81,70.27,63.63,62610.0,420050000.0,65.64,59.86,-57.82,9.9,7.16,2841000,3420000.0,2026-08-06,16:14:48
301183,东田微,164.3,161.45,158.0,168.88,157.01,47854.0,781160000.0,131.57,96.44,121.2,13.54,8.15,2370200,2415200.0,2026-08-06,16:14:00
301185,鸥玛软件,16.87,16.87,16.71,16.97,16.55,25027.0,41910000.0,25.88,23.39,49.49,2.45,1.8,1214400,1288300.0,2026-08-06,16:14:30
301186,超达装备,35.51,35.08,35.12,35.53,34.2,14276.0,50100000.0,40.75,38.31,32.99,2.52,1.32,733900,693600.0,2026-08-06,16:14:03
301187,欧圣电气,15.88,15.78,15.89,16.02,15.64,19444.0,30730000.0,40.48,40.48,74.85,2.86,0.76,1017100,927300.0,2026-08-06,16:14:06
301188,力诺药包,38.41,37.55,36.75,39.12,36.57,177534.0,675650000.0,102.76,102.76,256.01,5.31,6.64,9146900,8606400.0,2026-08-06,16:14:33
301189,奥尼电子,47.57,46.15,45.38,48.15,45.35,45679.0,215230000.0,77.84,75.13,-68.66,3.74,2.89,2248500,2319400.0,2026-08-06,16:14:36
301190,善水科技,18.15,18.2,18.0,18.4,17.81,69033.0,124470000.0,38.96,25.97,41.86,2.0,4.82,3039400,3863900.0,2026-08-06,16:14:09
301191,菲菱科思,93.86,90.23,88.01,95.41,88.0,72698.0,671240000.0,90.95,68.57,123.93,5.39,9.95,3839300,3430500.0,2026-08-06,16:14:39
301192,泰祥股份,19.19,19.0,18.75,19.38,18.75,11665.0,22250000.0,19.43,9.44,35.31,2.99,2.37,594500,572000.0,2026-08-06,16:14:42
301193,家联科技,17.68,17.62,17.6,17.81,17.34,42096.0,73970000.0,42.59,32.56,-28.51,3.09,2.29,2367600,1841900.0,2026-08-06,16:14:45
301195,北路智控,26.57,26.61,26.35,26.9,26.1,13558.0,36000000.0,35.09,23.3,25.8,1.47,1.55,760300,595500.0,2026-08-06,16:14:24
301196,唯科科技,79.38,75.7,75.3,81.69,74.1,93928.0,739260000.0,130.35,85.57,51.96,3.99,8.71,4129900,5262900.0,2026-08-06,16:14:12
301197,工大科雅,26.06,25.69,25.29,26.5,25.29,47419.0,123040000.0,31.41,28.34,137.38,2.39,4.36,2244100,2497800.0,2026-08-06,16:14:15
301198,喜悦智行,11.86,11.84,11.77,12.16,11.52,36601.0,42970000.0,20.04,19.25,-189.37,2.21,2.26,1622500,2037500.0,2026-08-06,16:14:48
301199,迈赫股份,18.28,18.51,18.32,18.62,18.11,19342.0,35430000.0,34.12,32.84,39.52,1.77,1.08,1127800,806400.0,2026-08-06,16:14:18
301200,大族数控,269.31,261.39,256.05,275.46,253.07,46395.0,1232780000.0,1316.95,1145.21,127.81,11.96,1.09,2349300,2290300.0,2026-08-06,16:14:21
301201,诚达药业,33.24,31.18,31.7,34.1,30.98,112146.0,367370000.0,51.43,36.08,-1459.39,2.48,10.33,5830300,5384300.0,2026-08-06,16:14:12
301202,朗威股份,33.39,33.54,33.48,34.14,32.71,13191.0,44050000.0,45.54,26.58,70.81,3.83,1.66,640200,678900.0,2026-08-06,16:14:51
301203,国泰环保,32.32,32.86,32.89,32.89,31.96,6105.0,19820000.0,25.86,14.17,24.42,1.85,1.39,324700,285800.0,2026-08-06,16:14:27
301205,联特科技,284.08,261.08,255.46,298.39,253.0,115784.0,3230080000.0,369.54,237.9,422.68,22.88,13.83,6399000,5179400.0,2026-08-06,16:14:24
301206,三元生物,23.45,23.65,23.65,23.65,23.16,10015.0,23400000.0,47.45,30.55,51.24,1.14,0.77,377700,623900.0,2026-08-06,16:14:51
301207,华兰疫苗,17.43,17.76,17.81,17.82,17.33,40204.0,70340000.0,104.76,104.69,55.87,1.99,0.67,1827100,2193200.0,2026-08-06,16:14:15
301208,中亦科技,30.04,29.81,29.8,30.46,29.51,15762.0,47330000.0,36.05,19.85,72.12,2.33,2.39,940000,636200.0,2026-08-06,16:14:27
301209,联合化学,48.86,49.2,48.68,49.8,47.59,26055.0,126840000.0,76.61,65.45,188.77,10.22,1.95,1241800,1363800.0,2026-08-06,16:14:54
301210,金杨精密,24.0,24.15,24.2,24.34,23.52,38059.0,91190000.0,38.68,14.77,57.61,2.06,6.18,1930400,1875500.0,2026-08-06,16:14:54
301211,亨迪药业,10.96,10.85,10.83,11.02,10.7,90593.0,98530000.0,45.77,45.77,135.4,2.03,2.17,4258000,4801300.0,2026-08-06,16:14:57
301212,联盛化学,21.76,21.43,21.24,21.91,21.17,11479.0,24770000.0,23.5,20.4,268.01,1.76,1.22,613300,534600.0,2026-08-06,16:14:18
301213,观想科技,44.76,45.99,45.22,45.62,43.96,25271.0,113090000.0,50.13,32.4,261.62,6.3,3.49,1086900,1440200.0,2026-08-06,16:14:30
301215,中汽股份,5.28,5.36,5.27,5.38,5.21,182935.0,96660000.0,69.9,69.82,31.99,2.42,1.38,7607800,10685700.0,2026-08-06,16:14:21
301216,万凯新材,16.73,16.73,16.74,16.92,16.46,111208.0,185460000.0,97.07,91.11,19.34,1.5,2.04,5080900,6039800.0,2026-08-06,16:14:30
301217,铜冠铜箔,99.0,94.9,94.77,101.93,93.0,499659.0,4889890000.0,820.73,820.73,499.69,14.92,6.03,24757600,25208400.0,2026-08-06,16:14:00
301218,华是科技,44.42,40.99,40.0,45.92,39.75,147975.0,646770000.0,50.66,31.12,-183.89,5.58,21.12,8494600,6303000.0,2026-08-06,16:14:24
301219,腾远钴业,47.29,47.6,47.76,48.39,46.77,95568.0,454040000.0,181.04,129.22,11.92,1.89,3.5,4262800,5294000.0,2026-08-06,16:14:57
301220,亚香股份,27.75,27.92,28.38,28.38,27.13,12499.0,34540000.0,31.36,21.65,63.68,1.81,1.6,648500,601400.0,2026-08-06,16:14:27
301221,光庭信息,29.09,29.18,29.15,29.98,28.43,28259.0,82510000.0,38.22,25.99,80.84,1.86,3.16,1334300,1491500.0,2026-08-06,16:14:30
301222,浙江恒威,24.29,24.39,24.37,24.62,23.85,13670.0,33180000.0,34.09,25.89,38.6,2.4,1.28,688900,678200.0,2026-08-06,16:14:33
301223,中荣股份,16.45,16.42,16.42,16.54,16.18,8385.0,13710000.0,31.77,31.77,20.26,1.07,0.43,387300,451200.0,2026-08-06,16:14:03
301225,恒勃股份,54.9,54.18,54.53,55.73,53.1,34408.0,187600000.0,79.11,24.15,60.89,5.03,7.82,1801100,1639700.0,2026-08-06,16:14:00
301226,祥明智能,29.55,28.88,28.78,30.06,28.58,22016.0,64870000.0,32.15,32.15,307.48,3.56,2.02,1236100,965500.0,2026-08-06,16:14:06
301227,森鹰窗业,25.12,23.01,23.09,25.3,23.09,59361.0,144500000.0,33.02,18.57,-53.95,2.06,8.03,3295300,2640800.0,2026-08-06,16:14:33
301228,实朴检测,66.77,61.25,61.05,67.88,60.01,42151.0,275090000.0,80.12,79.75,-124.68,13.37,3.53,2649900,1565200.0,2026-08-06,16:14:36
301229,纽泰格,11.99,12.0,11.97,12.15,11.83,29843.0,35760000.0,21.8,15.5,113.96,1.76,2.31,1504700,1479600.0,2026-08-06,16:14:36
301230,泓博医药,27.02,27.31,27.38,27.93,26.78,107631.0,292740000.0,48.89,43.97,106.05,4.88,6.61,5291300,5471800.0,2026-08-06,16:14:39
301231,荣信文化,27.95,27.7,27.6,29.13,27.0,66728.0,187670000.0,23.59,18.29,-77.83,2.9,10.2,3340700,3332100.0,2026-08-06,16:14:33
301232,飞沃科技,113.9,110.03,109.0,113.9,107.8,42819.0,479440000.0,119.92,71.29,266.7,8.46,6.84,2053400,2228500.0,2026-08-06,16:14:36
301233,盛帮股份,32.62,32.05,31.97,32.76,31.61,6633.0,21500000.0,23.41,12.84,28.76,2.4,1.68,352900,310400.0,2026-08-06,16:14:39
301234,五洲医疗,69.68,71.55,71.0,75.55,67.15,59951.0,425490000.0,47.38,27.99,222.35,6.27,14.92,2729200,3266000.0,2026-08-06,16:14:42
301235,华康洁净,40.7,40.6,40.28,41.28,39.28,63645.0,257370000.0,56.67,42.42,43.82,3.03,6.11,3177900,3186600.0,2026-08-06,16:14:45
301236,软通动力,42.18,42.79,41.8,43.18,41.43,458886.0,1933580000.0,436.64,331.41,809.93,3.28,5.84,21361600,24527000.0,2026-08-06,16:14:09
301237,和顺科技,53.9,51.34,50.38,54.49,50.38,25695.0,135620000.0,43.12,31.4,-27.01,3.73,4.41,1423100,1146500.0,2026-08-06,16:14:48
301238,瑞泰新材,16.58,16.72,16.68,16.72,16.4,97293.0,161080000.0,121.59,121.59,37.71,1.68,1.33,4491700,5237600.0,2026-08-06,16:14:39
301239,普瑞眼科,32.02,32.3,32.29,32.46,31.48,17882.0,57140000.0,47.91,45.48,-272.88,2.27,1.26,774500,1013700.0,2026-08-06,16:14:51
301246,宏源药业,20.36,19.94,19.98,20.4,19.8,94491.0,189650000.0,81.44,34.63,32.0,1.77,5.56,4697100,4752000.0,2026-08-06,16:14:12
301248,杰创智能,62.33,62.65,60.75,63.9,60.65,74597.0,463680000.0,95.8,70.01,-675.37,6.35,6.64,3921500,3538200.0,2026-08-06,16:14:42
301251,威尔高,39.83,33.19,32.53,39.83,32.15,134254.0,498120000.0,75.11,30.11,145.01,4.85,17.76,6591000,6834400.0,2026-08-06,16:14:15
301252,同星科技,30.81,30.8,30.4,31.35,30.26,23653.0,73050000.0,52.14,41.81,55.03,3.91,1.74,1119000,1246300.0,2026-08-06,16:14:03
301255,通力科技,20.51,20.47,20.47,20.77,20.15,11757.0,24110000.0,31.24,27.42,78.6,2.98,0.88,615100,560600.0,2026-08-06,16:14:42
301256,华融化学,10.47,10.17,10.1,10.47,10.07,64525.0,66570000.0,50.26,50.26,68.41,2.96,1.34,3726100,2726400.0,2026-08-06,16:14:54
301257,普蕊斯,41.17,41.59,42.2,42.49,40.72,40596.0,168380000.0,32.53,31.01,28.47,2.55,5.39,1997300,2062300.0,2026-08-06,16:14:18
301258,富士莱,25.1,24.72,24.73,25.13,24.52,12317.0,30620000.0,23.01,22.36,61.21,1.25,1.38,604300,627400.0,2026-08-06,16:14:57
301259,艾布鲁,23.9,23.94,23.61,24.18,23.41,48322.0,114800000.0,54.06,34.67,173.05,6.17,3.33,2359100,2473100.0,2026-08-06,16:14:45
301260,格力博,13.94,14.1,14.02,14.16,13.77,22377.0,31200000.0,67.38,28.62,-16.96,1.56,1.09,1028200,1209500.0,2026-08-06,16:14:45
301261,恒工精密,57.4,57.48,56.99,59.18,56.68,22464.0,129800000.0,60.54,60.03,46.17,3.8,2.15,1132800,1113600.0,2026-08-06,16:14:00
301262,海看股份,20.2,20.74,20.65,20.74,20.06,87184.0,177250000.0,84.23,24.66,21.72,2.22,7.14,3734700,4983800.0,2026-08-06,16:14:06
301263,泰恩康,20.13,20.41,20.12,20.52,20.01,38539.0,77600000.0,102.78,73.33,400.4,6.13,1.06,1653300,2200600.0,2026-08-06,16:14:48
301265,华新科技,19.34,18.94,19.26,19.59,18.53,65287.0,124960000.0,58.6,47.18,71.84,2.79,2.68,3412300,3116400.0,2026-08-06,16:14:51
301266,宇邦新材,21.09,21.27,21.11,21.29,20.65,26209.0,54990000.0,30.15,28.6,109.73,1.69,1.93,1081800,1539100.0,2026-08-06,16:14:03
301267,华厦眼科,15.95,16.34,16.41,16.41,15.85,42658.0,68460000.0,133.98,103.43,28.96,2.53,0.66,1747400,2518400.0,2026-08-06,16:14:21
301268,铭利达,13.26,13.34,13.33,13.38,13.06,43641.0,57760000.0,53.15,48.07,-28.59,3.55,1.2,2265400,2098800.0,2026-08-06,16:14:48
301269,华大九天,94.4,92.85,91.34,94.86,91.05,94209.0,874190000.0,517.19,517.19,-2379.61,9.86,1.72,4893400,4527500.0,2026-08-06,16:14:06
301270,汉仪股份,33.16,33.74,33.0,33.68,32.52,91939.0,304370000.0,33.16,31.33,427.94,3.46,9.73,3968700,5225200.0,2026-08-06,16:14:09
301272,英华特,33.17,32.82,32.84,33.22,32.61,6953.0,22900000.0,19.41,13.16,52.36,1.94,1.75,370400,324900.0,2026-08-06,16:14:12
301273,瑞晨环保,37.1,35.4,35.28,37.12,34.01,43242.0,154300000.0,37.21,28.56,-57.94,4.26,5.62,2150000,2174300.0,2026-08-06,16:14:51
301275,汉朔科技,44.54,45.83,45.16,45.57,44.3,69965.0,313470000.0,188.14,134.0,38.98,4.57,2.33,3177500,3819000.0,2026-08-06,16:14:15
301276,嘉曼服饰,19.96,19.99,19.8,20.01,19.4,14550.0,28720000.0,25.87,14.42,23.26,1.23,2.01,727800,727300.0,2026-08-06,16:14:09
301277,新天地,10.24,10.37,10.44,10.47,10.15,59377.0,60870000.0,40.15,40.15,39.84,2.66,1.51,2544900,3392800.0,2026-08-06,16:14:54
301278,快可电子,27.33,27.26,27.32,27.47,26.74,14179.0,38460000.0,24.52,14.05,155.33,1.73,2.76,684500,733400.0,2026-08-06,16:14:24
301279,金道科技,18.32,18.05,18.0,18.33,17.82,17167.0,31160000.0,30.87,23.91,47.43,2.3,1.32,919300,797400.0,2026-08-06,16:14:12
301280,珠城科技,39.73,39.47,39.27,40.12,38.8,13926.0,55020000.0,76.08,39.5,35.98,3.9,1.4,667000,725600.0,2026-08-06,16:14:57
301281,科源制药,38.2,37.0,36.51,39.13,36.51,23965.0,90670000.0,41.37,27.1,175.72,2.98,3.38,1113400,1283000.0,2026-08-06,16:14:15
301282,金禄电子,23.12,22.76,22.74,23.49,22.3,79585.0,182800000.0,48.77,40.82,58.22,2.86,4.51,4123000,3835500.0,2026-08-06,16:14:18
301283,聚胶股份,25.48,25.61,25.61,25.74,25.18,8748.0,22310000.0,29.61,23.28,15.15,1.86,0.96,505800,369000.0,2026-08-06,16:14:18
301285,鸿日达,70.72,70.39,69.69,72.28,67.8,24233.0,170350000.0,146.16,146.16,-201.98,15.49,1.17,1171900,1251400.0,2026-08-06,16:14:27
301286,侨源股份,40.67,39.67,39.31,40.88,38.81,18289.0,73380000.0,162.72,65.6,68.39,8.82,1.13,998100,830800.0,2026-08-06,16:14:30
301287,康力源,34.14,33.88,33.8,34.5,33.37,6718.0,22820000.0,22.76,5.81,38.34,1.96,3.94,352700,319100.0,2026-08-06,16:14:21
301288,清研环境,16.45,16.52,16.49,16.56,16.02,13193.0,21490000.0,17.77,12.85,-55.95,2.27,1.69,638000,681300.0,2026-08-06,16:14:00
301289,国缆检测,43.86,43.92,43.73,44.14,43.07,4793.0,20980000.0,34.21,33.99,37.9,3.41,0.62,241500,237800.0,2026-08-06,16:14:24
301290,东星医疗,27.18,26.85,26.68,27.49,26.66,11351.0,30830000.0,27.23,21.63,-84.85,1.27,1.43,654300,480800.0,2026-08-06,16:14:54
301291,明阳电气,41.26,40.5,40.23,41.78,39.36,103655.0,419610000.0,129.78,67.52,25.92,2.64,6.33,4896000,5469500.0,2026-08-06,16:14:03
301292,海科新源,70.39,69.67,69.0,72.45,68.51,168979.0,1193150000.0,156.83,59.96,490.85,5.48,19.84,8444100,8453800.0,2026-08-06,16:14:21
301293,三博脑科,55.11,56.56,56.0,56.63,54.7,128709.0,715550000.0,113.52,113.52,186.39,4.82,6.25,5566200,7304600.0,2026-08-06,16:14:24
301295,美硕科技,43.62,43.1,43.62,44.28,42.07,21565.0,93190000.0,43.97,12.82,127.07,4.6,7.33,1074700,1081800.0,2026-08-06,16:14:33
301296,新巨丰,6.28,6.28,6.32,6.32,6.19,32301.0,20250000.0,26.82,26.82,73.29,1.01,0.76,1692400,1537700.0,2026-08-06,16:14:57
301297,富乐德,33.77,33.73,33.06,34.31,32.56,191260.0,642400000.0,234.47,178.38,54.1,4.33,3.62,9683200,9442800.0,2026-08-06,16:14:00
301298,东利机械,12.24,12.15,12.11,12.33,12.0,14535.0,17700000.0,17.97,13.24,36.38,1.97,1.34,836900,616600.0,2026-08-06,16:14:06
301299,卓创资讯,44.77,44.81,44.44,45.56,43.95,11387.0,50900000.0,27.16,20.05,41.35,4.8,2.54,582200,556500.0,2026-08-06,16:14:27
301300,远翔新材,30.58,30.28,30.4,30.78,30.0,6429.0,19530000.0,20.01,11.95,23.39,2.43,1.65,337600,305300.0,2026-08-06,16:14:36
301301,川宁生物,8.76,8.76,8.8,8.8,8.68,111331.0,97210000.0,195.55,54.31,33.06,2.5,1.8,4748000,6385100.0,2026-08-06,16:14:30
301302,华如科技,24.21,24.4,23.64,24.7,23.61,96986.0,234800000.0,37.73,33.65,-17.73,2.57,6.98,5371300,4327400.0,2026-08-06,16:14:09
301303,真兰仪表,13.39,13.72,13.65,13.73,13.32,52523.0,70640000.0,54.74,13.68,16.78,1.62,5.14,2110200,3142100.0,2026-08-06,16:14:12
301305,朗坤科技,22.66,22.69,22.5,22.98,22.3,50010.0,113330000.0,54.83,28.18,19.45,1.43,4.02,2326100,2674900.0,2026-08-06,16:14:15
301306,西测测试,93.15,91.4,90.18,94.55,89.6,38187.0,354060000.0,78.62,54.27,-52.7,9.35,6.55,1867400,1951200.0,2026-08-06,16:14:18
301307,美利信,51.05,49.08,48.52,51.64,47.76,90571.0,452160000.0,107.51,55.53,-19.19,4.4,8.33,4425800,4631300.0,2026-08-06,16:14:27
301308,江波龙,366.33,364.92,346.16,372.99,344.51,199248.0,7143120000.0,1549.8,1032.51,28.5,12.86,7.07,9834700,10090000.0,2026-08-06,16:14:39
301309,万得凯,30.78,29.99,29.76,30.87,29.76,8141.0,24700000.0,30.94,18.65,27.52,1.88,1.34,502600,311500.0,2026-08-06,16:14:30
301310,鑫宏业,59.71,54.83,54.79,59.71,54.01,95494.0,548110000.0,114.02,36.41,84.33,4.89,15.66,5129000,4420500.0,2026-08-06,16:14:21
301311,昆船智能,13.85,13.58,13.64,14.12,13.64,53705.0,74600000.0,33.24,33.24,-31.84,1.94,2.24,2376100,2994400.0,2026-08-06,16:14:03
301312,智立方,64.99,62.53,61.52,67.1,60.65,88521.0,570270000.0,109.52,55.09,168.79,9.23,10.44,4594100,4258000.0,2026-08-06,16:14:33
301313,凡拓数创,36.85,37.07,36.43,38.14,36.11,120974.0,450900000.0,38.12,28.95,-27.72,5.91,15.4,6101400,5996000.0,2026-08-06,16:14:24
301314,科瑞思,40.35,39.92,39.88,40.4,39.2,6829.0,27300000.0,22.29,7.37,126.32,2.14,3.74,353400,329500.0,2026-08-06,16:14:33
301315,威士顿,38.75,38.85,38.31,39.76,38.02,16887.0,65540000.0,34.1,34.1,105.33,3.39,1.92,901000,787700.0,2026-08-06,16:14:42
301316,慧博云通,39.31,39.77,39.14,40.1,38.41,109359.0,429610000.0,158.66,153.8,156.63,14.92,2.8,5146000,5790000.0,2026-08-06,16:14:36
301317,鑫磊股份,44.11,44.29,43.64,44.94,43.0,29074.0,127920000.0,69.34,23.02,-52.56,5.87,5.57,1629600,1277800.0,2026-08-06,16:14:36
301318,维海德,20.85,20.84,20.83,20.98,20.5,12215.0,25380000.0,28.21,19.43,60.0,1.54,1.31,646600,574900.0,2026-08-06,16:14:45
301319,唯特偶,108.3,98.01,91.34,109.24,91.34,216371.0,2146100000.0,197.6,148.93,222.79,16.43,15.73,11053300,10583800.0,2026-08-06,16:14:27
301320,豪江智能,12.67,12.58,12.53,12.71,12.43,18570.0,23410000.0,23.06,14.47,-592.65,2.21,1.63,1019400,837600.0,2026-08-06,16:14:39
301321,翰博高新,35.15,35.16,34.83,35.82,33.0,56766.0,197990000.0,65.53,51.89,-116.64,6.72,3.85,2649900,3026700.0,2026-08-06,16:14:30
301322,绿通科技,36.22,36.31,35.64,36.78,35.01,37344.0,133870000.0,51.67,34.85,398.65,1.82,3.88,1907700,1826800.0,2026-08-06,16:14:33
301323,新莱福,76.3,73.88,73.61,77.5,72.61,24070.0,181740000.0,81.32,52.31,54.74,3.66,3.51,1413600,993400.0,2026-08-06,16:14:36
301325,曼恩斯特,31.51,31.87,31.8,32.16,31.02,16316.0,51540000.0,45.34,45.34,-28.99,1.71,1.13,876900,754700.0,2026-08-06,16:14:06
301326,捷邦科技,91.93,87.65,87.74,94.09,85.65,25304.0,228960000.0,66.84,66.26,-132.71,5.41,3.51,1321900,1208500.0,2026-08-06,16:14:09
301327,华宝新能,45.2,46.11,46.16,46.16,44.91,13259.0,60090000.0,78.82,78.82,-146.63,1.29,0.76,580600,745300.0,2026-08-06,16:14:12
301328,维峰电子,52.46,48.13,47.68,52.81,47.13,38712.0,194150000.0,83.59,60.42,90.9,4.26,3.36,1981700,1889500.0,2026-08-06,16:14:15
301329,信音电子,19.56,19.42,19.28,19.68,19.16,30701.0,59650000.0,33.29,12.92,43.59,2.13,4.65,1513800,1556300.0,2026-08-06,16:14:42
301330,熵基科技,24.51,24.91,24.68,25.19,24.16,27282.0,67260000.0,57.68,47.63,29.15,1.72,1.4,1303000,1425200.0,2026-08-06,16:14:45
301331,恩威医药,20.89,20.87,20.87,20.97,20.61,11727.0,24420000.0,21.49,21.44,44.64,2.11,1.14,571300,601400.0,2026-08-06,16:14:39
301332,德尔玛,8.24,8.36,8.28,8.38,8.12,37034.0,30590000.0,38.03,21.82,29.76,1.31,1.4,1623000,2080400.0,2026-08-06,16:14:39
301333,诺思格,50.5,51.3,50.97,51.8,50.18,18858.0,95760000.0,48.77,48.71,36.49,2.46,1.95,854700,1031100.0,2026-08-06,16:14:48
301335,天元宠物,21.12,21.36,21.3,21.43,20.92,11323.0,23980000.0,26.99,18.67,48.62,1.4,1.28,567200,565100.0,2026-08-06,16:14:42
301336,趣睡科技,39.62,39.49,39.32,39.95,39.0,6122.0,24150000.0,20.56,15.91,70.82,2.47,1.52,294300,317900.0,2026-08-06,16:14:18
301337,亚华电子,24.96,25.2,25.39,26.27,24.81,18179.0,46190000.0,26.01,25.44,-147.55,2.4,1.78,810700,1007200.0,2026-08-06,16:14:42
301338,凯格精机,95.14,90.5,88.86,95.5,88.07,78546.0,730930000.0,141.72,103.26,64.86,8.63,7.24,3799100,4055500.0,2026-08-06,16:14:45
301339,通行宝,11.37,11.5,11.37,11.64,11.29,56570.0,64580000.0,65.97,64.79,29.17,2.4,0.99,2494600,3162400.0,2026-08-06,16:14:51
301345,涛涛车业,252.67,246.48,244.15,254.2,229.11,24986.0,599300000.0,275.53,88.51,30.4,7.62,7.13,1284000,1214600.0,2026-08-06,16:14:54
301348,蓝箭电子,19.86,19.75,19.3,20.12,19.21,132975.0,262150000.0,47.66,30.92,-125.05,3.24,8.54,7006500,6291000.0,2026-08-06,16:14:21
301349,信德新材,42.2,41.94,41.29,42.68,40.88,44976.0,188550000.0,60.13,47.48,95.98,2.2,4.0,2031400,2466200.0,2026-08-06,16:14:57
301353,普莱得,18.05,17.45,17.45,18.12,17.15,19977.0,35520000.0,22.93,7.37,32.9,1.81,4.89,1226900,770900.0,2026-08-06,16:14:48
301355,南王科技,9.8,9.68,9.68,9.84,9.61,31754.0,30940000.0,19.12,13.69,-60.33,1.3,2.27,1661200,1514200.0,2026-08-06,16:14:24
301356,天振股份,19.28,18.71,18.5,19.73,18.49,27186.0,52120000.0,41.64,24.43,43.64,1.41,2.15,1452800,1265800.0,2026-08-06,16:14:45
301357,北方长龙,92.3,94.2,95.93,95.99,90.38,49819.0,459470000.0,87.87,87.87,408.88,7.74,5.23,2524600,2457300.0,2026-08-06,16:14:27
301358,湖南裕能,65.15,65.91,65.39,66.08,64.0,157193.0,1021490000.0,552.3,497.96,21.75,2.94,2.06,7160800,8558500.0,2026-08-06,16:14:30
301359,东南电子,16.11,15.95,15.85,16.13,15.78,13028.0,20820000.0,19.36,11.46,56.07,2.35,1.83,636500,666300.0,2026-08-06,16:14:48
301360,荣旗科技,50.35,50.2,49.33,51.23,49.03,25321.0,127340000.0,35.14,17.15,71.19,2.95,7.44,1288600,1243600.0,2026-08-06,16:14:00
301361,众智科技,29.2,29.36,29.38,29.56,28.72,18864.0,54910000.0,33.97,16.45,34.6,2.76,3.35,1067300,819100.0,2026-08-06,16:14:51
301362,民爆光电,133.01,126.0,122.81,138.0,121.65,65106.0,853420000.0,194.12,54.46,132.69,8.08,15.9,3447200,3063400.0,2026-08-06,16:14:03
301363,美好医疗,16.82,16.9,16.78,17.15,16.63,105035.0,177240000.0,133.88,87.81,46.5,3.65,2.01,4805100,5698400.0,2026-08-06,16:14:06
301365,矩阵股份,38.53,37.08,36.45,38.84,36.45,40929.0,156400000.0,70.29,47.44,161.55,4.09,3.32,2443600,1649300.0,2026-08-06,16:14:48
301366,一博科技,44.44,45.83,44.4,46.46,43.87,133133.0,597850000.0,93.12,51.99,104.42,4.22,11.38,6157700,7155600.0,2026-08-06,16:14:33
301367,瑞迈特,47.66,45.72,45.2,47.84,44.52,38124.0,175030000.0,59.71,46.75,31.07,1.98,3.89,1888200,1924200.0,2026-08-06,16:14:36
301368,丰立智能,43.2,43.53,43.53,44.21,42.71,23850.0,103460000.0,51.88,51.88,-179.91,5.5,1.99,1152600,1232300.0,2026-08-06,16:14:39
301369,联动科技,135.24,130.39,128.0,137.32,125.63,27165.0,359900000.0,138.36,74.18,349.38,9.24,4.95,1479300,1237200.0,2026-08-06,16:14:51
301370,国科恒泰,8.68,8.67,8.72,8.75,8.55,57974.0,50200000.0,40.85,40.85,52.14,1.67,1.23,2588700,3208700.0,2026-08-06,16:14:51
301371,敷尔佳,25.42,25.7,25.72,25.72,24.95,24458.0,61750000.0,132.21,19.82,25.78,2.43,3.14,1151500,1294300.0,2026-08-06,16:14:54
301372,科净源,29.77,29.61,29.7,29.9,29.16,9195.0,27200000.0,20.41,12.26,-47.25,2.75,2.23,479900,439600.0,2026-08-06,16:14:57
301373,凌玮科技,89.5,85.97,83.88,90.62,82.6,60984.0,535010000.0,97.08,36.7,67.37,5.82,14.87,3070800,3027700.0,2026-08-06,16:14:54
301376,致欧科技,20.34,20.57,20.25,20.49,19.8,42716.0,86190000.0,81.86,39.39,27.28,2.44,2.21,1932300,2339300.0,2026-08-06,16:14:42
301377,鼎泰高科,428.0,416.07,411.01,448.0,401.88,64299.0,2741010000.0,1814.91,423.12,291.96,66.96,6.5,3360900,3068900.0,2026-08-06,16:14:54
301378,通达海,26.12,26.6,26.21,26.85,25.78,46271.0,121620000.0,25.23,11.99,-18.47,2.12,10.08,2014900,2612300.0,2026-08-06,16:14:00
301379,天山电子,21.92,21.21,20.78,22.34,20.7,223848.0,485680000.0,60.82,47.93,48.33,4.26,10.24,11458600,10926200.0,2026-08-06,16:14:09
301380,挖金客,31.49,32.43,32.11,32.48,30.91,53815.0,170350000.0,31.93,25.42,85.66,4.34,6.67,3000400,2381200.0,2026-08-06,16:14:57
301381,赛维时代,23.39,23.61,23.8,23.98,23.19,55130.0,129620000.0,95.08,94.99,34.14,3.48,1.36,2470000,3043000.0,2026-08-06,16:14:12
301382,蜂助手,41.01,41.88,40.0,42.49,39.0,303295.0,1232920000.0,117.12,96.93,75.71,6.18,12.83,15611500,14718000.0,2026-08-06,16:14:45
301383,天键股份,21.74,21.78,21.67,21.95,21.33,14254.0,30880000.0,35.5,15.35,-50.25,1.82,2.02,733700,691700.0,2026-08-06,16:14:03
301386,未来电器,19.96,19.93,20.09,20.09,19.58,9864.0,19560000.0,27.94,8.98,30.45,1.92,2.19,526200,460200.0,2026-08-06,16:14:57
301387,光大同创,53.91,52.67,52.14,54.93,51.91,24819.0,132900000.0,57.86,23.01,-4733.43,3.53,5.81,1150100,1331800.0,2026-08-06,16:14:15
301388,欣灵电气,23.66,23.83,23.77,23.82,23.21,10917.0,25670000.0,24.24,17.2,108.28,2.51,1.5,550000,541700.0,2026-08-06,16:14:00
301389,隆扬电子,49.48,48.66,48.26,50.49,47.51,81456.0,400770000.0,140.28,140.28,140.24,6.32,2.87,3973800,4171800.0,2026-08-06,16:14:03
301390,经纬股份,29.97,29.58,29.79,30.22,29.22,8869.0,26340000.0,17.98,14.7,-2878.69,1.92,1.81,488400,398500.0,2026-08-06,16:14:18
301391,卡莱特,49.94,49.16,48.8,50.52,48.79,12443.0,62020000.0,47.45,46.36,199.94,2.26,1.34,683500,560900.0,2026-08-06,16:14:00
301392,汇成真空,157.37,151.5,148.15,161.34,146.88,75227.0,1167370000.0,157.37,64.2,379.89,21.06,18.44,3856800,3666000.0,2026-08-06,16:14:06
301393,昊帆生物,58.21,58.8,58.44,59.9,57.07,26800.0,156310000.0,62.87,25.59,55.49,2.66,6.1,1398900,1281100.0,2026-08-06,16:14:03
301395,仁信新材,12.12,11.98,11.96,12.15,11.76,43320.0,51670000.0,29.43,15.43,-33.22,2.04,3.4,2091900,2240100.0,2026-08-06,16:14:21
301396,宏景科技,199.6,198.9,197.84,203.8,193.99,266944.0,5302160000.0,428.99,282.45,1223.8,35.53,18.86,13277800,13416600.0,2026-08-06,16:14:06
301397,溯联股份,26.55,25.81,25.5,26.75,25.3,67028.0,176290000.0,53.68,24.55,41.61,2.76,7.25,3181200,3521600.0,2026-08-06,16:14:06
301398,星源卓镁,34.35,36.02,35.2,35.2,33.44,29479.0,101140000.0,38.47,37.5,286.74,3.54,2.7,1162600,1785200.0,2026-08-06,16:14:48
301399,英特科技,15.85,15.69,15.74,15.88,15.52,16564.0,26040000.0,29.33,8.67,131.29,2.26,3.03,944500,711900.0,2026-08-06,16:14:09
301408,华人健康,15.13,14.79,14.98,15.96,14.6,329045.0,500040000.0,60.52,34.64,28.89,2.83,14.37,16395100,16509400.0,2026-08-06,16:14:09
301413,安培龙,66.48,67.5,66.57,69.94,65.5,67155.0,454610000.0,85.04,50.77,115.76,6.85,8.79,3301100,3414400.0,2026-08-06,16:14:51
301418,协昌科技,37.4,36.14,35.99,37.59,35.45,23795.0,87210000.0,27.43,11.01,333.83,1.71,8.08,1144700,1234800.0,2026-08-06,16:14:12
301419,阿莱德,31.03,30.38,29.98,31.38,29.29,47083.0,144430000.0,46.55,30.77,70.9,5.03,4.75,2329700,2378600.0,2026-08-06,16:14:24
301421,波长光电,75.07,72.82,70.95,75.5,70.81,87400.0,644120000.0,86.87,34.76,245.03,7.27,18.87,4549800,4190200.0,2026-08-06,16:14:27
301428,世纪恒通,29.47,29.78,29.28,30.22,29.02,29064.0,86130000.0,29.08,20.52,-83.17,2.41,4.17,1392300,1514100.0,2026-08-06,16:14:15
301429,森泰股份,16.55,16.43,16.43,16.58,16.26,15050.0,24740000.0,19.57,7.29,40.1,1.46,3.42,788900,716100.0,2026-08-06,16:14:09
301439,泓淋电力,15.1,15.2,15.21,15.21,14.89,74853.0,112790000.0,58.75,27.67,28.58,1.98,4.08,3808400,3676800.0,2026-08-06,16:14:12
301446,福事特,36.56,35.67,35.6,36.6,35.16,6211.0,22270000.0,38.02,11.62,50.51,3.16,1.95,372300,248800.0,2026-08-06,16:14:54
301448,开创电气,42.28,43.49,43.0,44.07,41.44,19076.0,80960000.0,44.22,29.97,-770.79,6.39,2.69,868100,1039500.0,2026-08-06,16:14:15
301456,盘古智能,23.05,23.08,23.0,23.32,22.73,13336.0,30670000.0,35.06,15.8,39.83,1.58,1.95,642400,691200.0,2026-08-06,16:14:30
301458,钧崴电子,37.02,36.72,36.79,37.7,35.81,78568.0,289290000.0,98.72,43.49,73.82,6.14,6.69,3668200,4188600.0,2026-08-06,16:14:21
301459,丰茂股份,35.4,35.2,35.09,35.6,34.86,11049.0,38980000.0,36.86,9.24,43.62,2.94,4.23,603800,501100.0,2026-08-06,16:14:57
301468,博盈特焊,33.9,33.11,32.82,34.25,32.5,59301.0,199600000.0,57.34,33.05,118.28,2.51,6.08,3014300,2915900.0,2026-08-06,16:14:24
301469,恒达新材,26.97,26.87,26.66,27.01,26.54,9925.0,26630000.0,24.13,12.42,26.2,1.75,2.15,458400,534100.0,2026-08-06,16:14:27
301479,弘景光电,48.26,48.79,47.98,49.13,47.58,16598.0,80140000.0,60.11,34.41,32.72,4.76,2.33,822500,837400.0,2026-08-06,16:14:18
301486,致尚科技,145.8,141.7,139.99,147.11,138.5,58787.0,846020000.0,187.77,106.33,291.46,7.34,8.06,3053900,2824800.0,2026-08-06,16:14:00
301487,盟固利,16.16,16.39,16.23,16.37,15.93,109301.0,176870000.0,74.27,44.08,105.96,3.85,4.01,5181800,5748300.0,2026-08-06,16:14:03
301488,豪恩汽电,109.73,113.0,108.51,112.41,107.5,35987.0,394980000.0,111.28,45.6,154.22,4.67,8.66,1659200,1939500.0,2026-08-06,16:14:33
301489,思泉新材,98.05,96.7,95.0,99.92,93.0,58034.0,563150000.0,114.03,68.22,165.11,7.4,8.34,2734600,3068800.0,2026-08-06,16:14:06
301498,乖宝宠物,42.18,43.05,43.29,43.49,41.61,82957.0,351250000.0,168.92,75.65,28.51,3.64,4.63,3591800,4704000.0,2026-08-06,16:14:33
301499,维科精密,24.31,24.3,24.26,24.53,23.8,18895.0,45710000.0,33.61,33.61,61.26,2.59,1.37,1090900,798600.0,2026-08-06,16:14:12
301500,飞南资源,23.32,23.56,23.91,24.38,23.04,161971.0,381610000.0,130.84,33.59,19.03,2.54,11.24,7619000,8578100.0,2026-08-06,16:14:36
301501,恒鑫生活,28.02,28.89,28.6,28.7,27.83,18205.0,51410000.0,41.44,12.19,23.78,2.0,4.19,616100,1204400.0,2026-08-06,16:14:15
301502,华阳智能,51.82,51.28,50.26,51.82,49.15,7758.0,39400000.0,29.58,12.22,130.61,3.6,3.29,374100,401700.0,2026-08-06,16:14:39
301503,智迪科技,21.6,21.4,21.41,21.7,21.2,8012.0,17240000.0,22.46,12.46,26.92,2.1,1.39,441100,360000.0,2026-08-06,16:14:42
301505,苏州规划,16.07,15.97,15.97,16.26,15.83,23100.0,37080000.0,18.38,14.65,86.41,1.92,2.53,1085800,1224200.0,2026-08-06,16:14:18
301507,民生健康,12.2,12.17,12.18,12.22,12.07,29600.0,35960000.0,43.5,13.43,36.6,2.73,2.69,1471600,1488400.0,2026-08-06,16:14:36
301508,中机认检,24.59,24.3,24.22,25.47,24.22,33542.0,82830000.0,55.59,14.47,36.53,2.75,5.7,1504200,1850000.0,2026-08-06,16:14:45
301509,金凯生科,28.51,29.27,29.64,29.7,28.2,36041.0,103450000.0,34.34,16.18,46.38,1.62,6.35,1539300,2064800.0,2026-08-06,16:14:21
301510,固高科技,26.56,26.96,26.68,27.05,26.27,73301.0,195350000.0,107.41,74.14,139.09,7.46,2.63,3373400,3956700.0,2026-08-06,16:14:09
301511,德福科技,78.22,76.76,75.24,80.23,73.18,390179.0,3020180000.0,493.04,293.04,204.12,12.04,10.42,18902800,20115100.0,2026-08-06,16:14:24
301512,智信精密,29.87,29.81,29.47,30.27,29.25,10994.0,32820000.0,22.3,14.55,73.48,2.15,2.26,589800,509600.0,2026-08-06,16:14:21
301515,港通医疗,18.2,17.96,18.0,18.35,17.89,12873.0,23340000.0,18.2,12.3,-372.4,1.49,1.91,617800,669500.0,2026-08-06,16:14:12
301516,中远通,15.81,15.75,15.73,15.9,15.4,49436.0,77540000.0,44.38,11.09,-92.14,3.5,7.04,2475700,2467900.0,2026-08-06,16:14:15
301517,陕西华达,40.08,39.41,39.08,40.55,38.91,29644.0,118460000.0,60.62,39.1,-94.14,4.76,3.04,1373100,1591300.0,2026-08-06,16:14:27
301518,长华化学,25.01,25.15,25.1,25.34,24.64,16146.0,40260000.0,36.38,14.69,39.92,2.24,2.75,919900,694700.0,2026-08-06,16:14:30
301519,舜禹股份,11.51,11.46,11.46,11.64,11.25,26496.0,30270000.0,18.61,8.76,-72.91,1.37,3.48,1352100,1297500.0,2026-08-06,16:14:27
301520,万邦医药,50.2,49.25,51.0,54.18,47.51,149744.0,757040000.0,46.77,16.41,192.29,3.13,45.8,7530500,7443900.0,2026-08-06,16:14:18
301522,上大股份,23.11,23.59,23.61,23.63,22.95,45756.0,106390000.0,85.94,63.96,84.1,4.41,1.65,1958900,2616700.0,2026-08-06,16:14:33
301525,儒竞科技,40.58,40.88,40.8,41.76,40.1,11429.0,46790000.0,53.58,28.07,64.52,1.66,1.65,584800,558100.0,2026-08-06,16:14:30
301526,国际复材,35.2,34.19,32.89,36.39,32.89,2465042.0,8583290000.0,1327.35,494.35,270.9,15.69,17.55,125185800,121318400.0,2026-08-06,16:14:33
301528,多浦乐,50.52,47.79,47.43,50.65,47.32,18513.0,90940000.0,45.34,23.37,75.44,2.91,4.0,925500,925900.0,2026-08-06,16:14:48
301529,福赛科技,79.7,79.85,78.32,82.0,78.3,22180.0,177170000.0,94.38,50.66,69.64,6.74,3.49,1051700,1166300.0,2026-08-06,16:14:21
301533,威马农机,25.96,25.26,25.45,26.02,24.93,13946.0,35360000.0,25.52,7.38,89.62,2.33,4.9,766900,627600.0,2026-08-06,16:14:39
301536,星宸科技,119.0,114.5,111.0,122.2,110.5,202622.0,2387110000.0,501.84,222.76,105.12,16.2,10.82,10278400,9983800.0,2026-08-06,16:14:36
301538,骏鼎达,39.49,39.29,39.31,39.9,38.66,19968.0,78520000.0,43.34,17.26,23.59,2.99,4.57,869300,1127400.0,2026-08-06,16:14:51
301539,宏鑫科技,14.2,14.21,14.27,14.27,13.94,15357.0,21690000.0,21.02,10.66,772.26,2.78,2.05,772600,763100.0,2026-08-06,16:14:54
301548,崇德科技,64.72,63.96,63.95,64.94,63.08,17494.0,112000000.0,56.31,16.98,38.61,3.64,6.67,899200,850200.0,2026-08-06,16:14:39
301550,斯菱智驱,73.77,73.99,72.48,75.3,71.53,59728.0,441220000.0,247.39,151.41,149.59,13.75,2.91,2759000,3213900.0,2026-08-06,16:14:45
301551,无线传媒,21.03,21.48,21.35,21.59,20.79,59750.0,126180000.0,84.12,32.5,33.09,3.7,3.87,2666200,3308800.0,2026-08-06,16:14:57
301552,科力装备,23.13,23.69,23.39,23.58,22.92,19284.0,44840000.0,28.63,7.16,19.98,2.57,6.23,851000,1077400.0,2026-08-06,16:14:00
301555,惠柏新材,30.75,30.49,30.43,30.99,30.12,17752.0,54280000.0,28.37,14.87,36.56,2.51,3.67,920500,854700.0,2026-08-06,16:14:03
301556,托普云农,62.85,60.45,60.17,63.66,59.0,38155.0,234300000.0,53.6,18.53,49.91,5.53,12.94,1909200,1906300.0,2026-08-06,16:14:36
301557,常友科技,77.64,77.64,77.52,80.5,75.8,9379.0,73270000.0,48.16,19.31,66.15,4.83,3.77,412800,525100.0,2026-08-06,16:14:39
301558,三态股份,6.63,6.7,6.7,6.76,6.55,61753.0,41020000.0,52.3,14.55,107.0,3.78,2.81,3129600,3045700.0,2026-08-06,16:14:27
301559,中集环科,13.37,13.78,13.59,13.7,13.23,33811.0,45330000.0,80.22,12.03,70.93,1.8,3.76,1271700,2109400.0,2026-08-06,16:14:42
301565,中仑新材,19.88,20.89,19.58,20.12,19.55,93248.0,185000000.0,79.52,25.45,99.68,3.26,7.28,3826700,5498100.0,2026-08-06,16:14:09
301566,达利凯普,24.22,23.82,23.41,24.7,23.06,288647.0,694180000.0,96.88,51.13,59.96,6.41,13.67,15478900,13385700.0,2026-08-06,16:14:30
301567,贝隆精密,33.77,33.24,32.1,33.94,32.1,12429.0,41720000.0,24.31,7.17,-211.38,3.35,5.85,566600,676300.0,2026-08-06,16:14:42
301568,思泰克,65.66,63.48,63.0,67.21,61.72,44053.0,285720000.0,67.8,31.25,56.56,6.73,9.25,2120000,2285300.0,2026-08-06,16:14:33
301571,国科天成,60.17,58.37,57.99,61.13,57.2,52869.0,312960000.0,107.96,71.7,50.02,5.28,4.44,2643100,2643800.0,2026-08-06,16:14:12
301577,美信科技,53.33,52.5,52.51,53.7,51.8,14493.0,76460000.0,24.01,10.05,-96.63,3.26,7.69,694500,754800.0,2026-08-06,16:14:15
301578,辰奕智能,23.12,21.85,21.88,23.2,21.6,40303.0,91840000.0,24.49,6.96,188.46,2.69,13.38,1941500,2088800.0,2026-08-06,16:14:51
301580,爱迪特,53.3,53.32,52.08,54.0,51.31,76239.0,403880000.0,79.52,53.73,39.13,3.75,7.56,3822600,3801300.0,2026-08-06,16:14:45
301581,黄山谷捷,35.86,36.11,35.65,36.29,35.2,6010.0,21490000.0,28.69,15.17,70.11,2.9,1.42,304100,296900.0,2026-08-06,16:14:18
301585,蓝宇股份,25.64,25.76,25.77,25.88,25.29,6426.0,16450000.0,26.67,17.46,37.51,2.71,0.94,319100,323500.0,2026-08-06,16:14:42
301586,佳力奇,31.41,31.48,31.37,31.76,30.97,8051.0,25290000.0,26.06,16.62,52.06,2.02,1.52,372400,432700.0,2026-08-06,16:14:45
301587,中瑞股份,21.22,21.43,21.38,21.38,20.81,30859.0,65190000.0,31.26,15.59,53.21,1.57,4.2,1303900,1782000.0,2026-08-06,16:14:24
301588,美新科技,30.48,30.84,30.71,31.79,29.33,71504.0,218280000.0,36.23,22.36,143.78,3.85,9.75,3506600,3643800.0,2026-08-06,16:14:48
301589,诺瓦星云,146.36,145.54,144.43,150.22,143.48,9073.0,133610000.0,135.31,50.44,23.29,3.61,2.63,445600,461700.0,2026-08-06,16:14:54
301591,肯特股份,29.43,28.79,28.64,29.66,28.39,45465.0,132510000.0,32.18,13.15,52.58,3.52,10.17,2168200,2378300.0,2026-08-06,16:14:57
301592,六九一二,104.0,100.8,100.12,105.9,99.38,12521.0,129450000.0,72.8,24.29,127.82,7.8,5.36,671500,580600.0,2026-08-06,16:14:48
301596,瑞迪智驱,49.5,50.45,49.09,50.14,48.87,32882.0,162720000.0,53.48,21.7,52.6,6.08,7.5,1544400,1743800.0,2026-08-06,16:14:27
301598,博科测试,48.05,48.16,48.0,48.75,47.31,5125.0,24570000.0,28.3,8.43,22.79,2.99,2.92,273200,239300.0,2026-08-06,16:14:45
301600,慧翰股份,90.9,92.67,91.8,93.29,90.04,9569.0,87390000.0,95.01,29.32,60.56,7.8,2.97,410100,546800.0,2026-08-06,16:14:03
301601,惠通科技,15.86,15.75,15.71,15.96,15.57,19597.0,30880000.0,22.28,13.4,34.17,1.7,2.32,910800,1048900.0,2026-08-06,16:14:06
301602,超研股份,14.94,15.15,15.1,15.17,14.8,26657.0,39920000.0,63.99,31.15,53.9,4.9,1.28,1158900,1506900.0,2026-08-06,16:14:09
301603,乔锋智能,121.59,119.39,119.34,123.98,117.11,20524.0,247950000.0,146.83,45.88,38.38,5.93,5.44,981200,1071200.0,2026-08-06,16:14:48
301606,绿联科技,53.5,54.04,53.28,54.22,52.57,30090.0,160710000.0,221.98,88.27,28.03,6.59,1.82,1843800,1165200.0,2026-08-06,16:14:54
301607,富特科技,37.17,36.36,36.01,38.19,35.77,109681.0,406770000.0,87.03,56.42,31.96,4.82,7.23,5051300,5916800.0,2026-08-06,16:14:30
301608,博实结,46.72,48.0,48.86,49.0,46.25,15536.0,73310000.0,61.95,27.8,24.83,2.84,2.61,625700,927900.0,2026-08-06,16:14:12
301611,珂玛科技,95.57,93.73,91.5,98.5,90.1,136821.0,1298210000.0,416.69,140.09,168.1,23.32,9.33,6883200,6798900.0,2026-08-06,16:14:54
301613,新铝时代,38.33,39.18,39.19,39.3,37.88,12019.0,46230000.0,55.13,32.16,23.45,3.47,1.43,480100,721800.0,2026-08-06,16:14:36
301617,博苑新材,47.7,48.76,48.1,49.16,47.05,17186.0,82640000.0,82.87,32.89,47.56,4.73,2.49,753400,965200.0,2026-08-06,16:14:57
301618,长联科技,33.39,33.62,33.11,33.78,32.94,11930.0,39770000.0,42.17,16.08,137.54,4.49,2.48,575300,617700.0,2026-08-06,16:14:00
301622,英思特,42.61,42.98,42.97,43.57,42.27,15444.0,66260000.0,49.4,27.55,63.39,3.21,2.39,692100,852300.0,2026-08-06,16:14:39
301626,苏州天脉,230.44,231.29,228.79,233.99,223.46,16223.0,371850000.0,266.57,121.26,236.41,16.74,3.08,732600,889800.0,2026-08-06,16:14:57
301628,强达电路,80.7,79.85,78.88,81.58,78.66,18889.0,151440000.0,60.83,22.5,51.97,5.26,6.78,909800,979100.0,2026-08-06,16:14:15
301629,矽电股份,247.01,239.21,235.0,249.85,234.32,13851.0,337820000.0,103.07,47.42,333.3,8.79,7.22,703300,681700.0,2026-08-06,16:14:54
301631,壹连科技,60.9,61.51,61.0,61.58,59.9,21485.0,130340000.0,77.94,26.55,25.64,3.03,4.93,875000,1273500.0,2026-08-06,16:14:57
301633,港迪技术,58.44,57.46,57.6,59.73,56.88,12158.0,70870000.0,32.54,14.91,49.75,3.61,4.77,540600,675200.0,2026-08-06,16:14:42
302132,中航成飞,57.85,57.97,57.97,58.34,57.11,51163.0,295370000.0,1545.8,339.04,44.57,7.58,0.87,2327400,2789000.0,2026-08-06,16:14:24
600000,浦发银行,9.29,9.26,9.28,9.35,9.16,672329.0,621680000.0,3094.11,3094.11,6.15,0.42,0.2,34654300,32578600.0,2026-08-06,16:14:59
600004,白云机场,7.66,7.72,7.7,7.74,7.61,82503.0,63220000.0,197.42,181.29,14.73,0.97,0.35,2985600,5264700.0,2026-08-06,16:14:49
600006,东风股份,5.46,5.59,5.58,5.58,5.42,157739.0,86450000.0,109.2,109.2,-25.68,1.37,0.79,5378400,10395500.0,2026-08-06,16:14:40
600007,中国国贸,18.41,18.46,18.45,18.5,18.22,20622.0,37820000.0,185.44,185.44,15.5,2.07,0.2,943200,1119000.0,2026-08-06,16:14:55
600008,首创环保,2.86,2.88,2.88,2.89,2.84,752477.0,215090000.0,209.94,209.94,11.65,1.02,1.03,28323000,46924700.0,2026-08-06,16:14:37
600009,上海机场,23.93,24.08,24.12,24.16,23.81,107546.0,257330000.0,595.45,593.52,27.37,1.4,0.43,4153400,6601200.0,2026-08-06,16:14:33
600010,包钢股份,2.25,2.27,2.26,2.3,2.23,5569901.0,1261960000.0,1017.59,704.66,-759.16,1.97,1.78,250783600,306206600.0,2026-08-06,16:14:39
600011,华能国际,7.01,7.12,7.09,7.12,6.97,1358443.0,953630000.0,1100.44,770.94,7.91,1.73,1.24,44197200,91647100.0,2026-08-06,16:14:34
600012,皖通高速,16.04,16.31,16.22,16.31,15.81,94121.0,150420000.0,274.06,186.96,14.71,2.24,0.81,4548300,4863800.0,2026-08-06,16:14:59
600015,华夏银行,6.81,6.78,6.8,6.84,6.71,641967.0,434800000.0,1083.81,1047.87,4.0,0.34,0.42,33755600,30441100.0,2026-08-06,16:14:50
600016,民生银行,3.52,3.52,3.52,3.53,3.47,2837273.0,993430000.0,1541.14,1248.27,5.25,0.27,0.8,141230700,142496600.0,2026-08-06,16:14:45
600017,日照港,2.72,2.75,2.74,2.75,2.68,344555.0,93350000.0,83.66,83.66,19.08,0.6,1.12,11907400,22548100.0,2026-08-06,16:14:51
600018,上港集团,5.2,5.17,5.17,5.24,5.14,509412.0,263890000.0,1210.56,1208.83,8.86,0.85,0.22,26851700,24089500.0,2026-08-06,16:14:36
600019,宝钢股份,5.85,5.86,5.87,5.89,5.76,952819.0,554120000.0,1274.25,1252.72,12.57,0.62,0.44,38024900,57257000.0,2026-08-06,16:14:45
600020,中原高速,3.82,3.84,3.84,3.85,3.78,130734.0,49840000.0,85.85,85.85,13.42,0.74,0.58,5325500,7747900.0,2026-08-06,16:14:45
600021,上海电力,14.77,14.93,14.89,14.9,14.56,417419.0,614160000.0,416.79,416.79,16.64,2.11,1.48,16826700,24915100.0,2026-08-06,16:14:33
600022,山东钢铁,1.37,1.38,1.38,1.39,1.35,1051545.0,143640000.0,146.57,146.57,-667.64,0.78,0.98,49350800,55803700.0,2026-08-06,16:14:58
600023,浙能电力,4.96,4.94,4.92,4.96,4.91,346851.0,171110000.0,665.07,665.07,8.99,0.91,0.26,17850000,16835000.0,2026-08-06,16:14:39
600025,华能水电,9.75,9.75,9.79,9.8,9.65,212433.0,206510000.0,1816.53,1816.53,21.27,2.71,0.11,10091200,11152100.0,2026-08-06,16:14:41
600026,中远海能,17.46,17.87,17.61,17.89,17.13,622528.0,1079110000.0,955.27,668.37,17.36,2.07,1.63,25469000,36783800.0,2026-08-06,16:14:59
600027,华电国际,4.69,4.72,4.71,4.72,4.63,734281.0,342800000.0,544.59,432.22,9.27,1.13,0.8,26561900,46866300.0,2026-08-06,16:14:50
600028,中国石化,5.08,4.98,4.99,5.09,4.99,2719991.0,1370440000.0,6143.02,4813.43,17.28,0.75,0.29,158974700,113024400.0,2026-08-06,16:14:38
600029,南方航空,5.18,5.24,5.22,5.27,5.15,724444.0,375920000.0,938.67,698.11,30.43,2.53,0.54,28351000,44093400.0,2026-08-06,16:14:33
600030,中信证券,27.92,28.18,28.06,28.15,27.82,1055685.0,2949260000.0,4137.9,3399.69,12.28,1.45,0.87,39355600,66212900.0,2026-08-06,16:14:33
600031,三一重工,19.76,19.62,19.65,19.87,19.4,646566.0,1273930000.0,1816.93,1674.54,21.58,2.04,0.76,35231000,29425700.0,2026-08-06,16:14:59
600032,浙江新能,7.36,7.45,7.41,7.41,7.24,258851.0,189050000.0,176.98,176.98,39.3,1.38,1.08,10624400,15260700.0,2026-08-06,16:14:56
600033,福建高速,3.59,3.6,3.59,3.61,3.54,259468.0,92800000.0,98.52,98.52,10.29,0.79,0.95,12232400,13714400.0,2026-08-06,16:14:39
600035,楚天高速,3.47,3.5,3.49,3.5,3.42,166987.0,57650000.0,55.87,55.87,11.12,0.63,1.04,6464200,10234500.0,2026-08-06,16:15:00
600036,招商银行,38.97,38.94,39.0,39.15,38.47,853755.0,3312250000.0,9828.17,8039.1,6.52,0.89,0.41,41575300,43800100.0,2026-08-06,16:14:38
600037,歌华有线,7.07,7.13,7.11,7.19,7.0,182909.0,129720000.0,98.4,98.4,145.69,0.77,1.31,8443600,9847200.0,2026-08-06,16:14:49
600038,中直股份,26.43,26.67,26.66,26.76,26.17,64484.0,170250000.0,216.7,176.8,44.43,1.24,0.96,2684000,3764400.0,2026-08-06,16:14:55
600039,四川路桥,8.54,8.61,8.61,8.64,8.39,207032.0,175520000.0,742.6,742.6,10.58,1.52,0.24,9573200,11130000.0,2026-08-06,16:14:33
600048,保利发展,5.27,5.15,5.12,5.3,5.08,1930057.0,1000000000.0,630.84,630.84,250.59,0.32,1.61,118925200,74080600.0,2026-08-06,16:14:52
600050,中国联通,4.38,4.39,4.38,4.43,4.35,1623001.0,711410000.0,1369.38,1357.38,15.82,0.81,0.52,64174700,98125400.0,2026-08-06,16:14:32
600051,宁波联合,6.07,6.01,6.0,6.08,5.96,40356.0,24300000.0,18.87,18.87,24.89,0.55,1.3,2458900,1576700.0,2026-08-06,16:14:54
600052,东望时代,3.81,3.82,3.8,3.88,3.76,97111.0,36990000.0,32.16,32.16,-6.69,1.49,1.15,3928400,5782700.0,2026-08-06,16:15:00
600053,*ST九鼎,7.47,7.45,7.43,7.53,7.37,11314.0,8420000.0,32.39,32.39,-9.03,1.46,0.26,533900,597500.0,2026-08-06,16:14:35
600054,黄山旅游,11.15,11.24,11.2,11.3,11.11,57887.0,64700000.0,81.33,57.23,28.02,1.71,1.13,2237800,3550900.0,2026-08-06,16:14:59
600055,万东医疗,11.51,11.77,11.8,11.81,11.41,67541.0,78000000.0,80.92,80.92,-29.02,1.82,0.96,2728500,4025600.0,2026-08-06,16:14:32
600056,中国医药,9.2,9.33,9.32,9.33,9.1,202520.0,186170000.0,137.62,137.57,28.5,1.16,1.35,7999500,12252500.0,2026-08-06,16:14:33
600057,厦门象屿,6.35,6.43,6.45,6.46,6.25,201344.0,127640000.0,180.28,132.87,13.81,1.17,0.96,7554400,12579900.0,2026-08-06,16:14:59
600058,五矿发展,10.45,10.15,10.17,10.87,10.11,187479.0,197470000.0,112.01,112.01,-361.22,2.31,1.75,9593100,9154800.0,2026-08-06,16:14:54
600059,古越龙山,8.04,8.13,8.16,8.16,8.01,64585.0,52090000.0,73.29,73.29,32.53,1.26,0.71,2667200,3791300.0,2026-08-06,16:14:43
600060,海信视像,26.4,27.23,27.1,27.16,26.38,185668.0,495290000.0,344.51,343.24,13.83,1.58,1.43,11349500,7217300.0,2026-08-06,16:14:49
600061,国投资本,6.42,6.53,6.53,6.53,6.38,344230.0,221740000.0,410.5,410.5,12.2,0.76,0.54,12589000,21834000.0,2026-08-06,16:14:58
600062,华润双鹤,16.0,16.18,16.19,16.22,15.89,89712.0,143660000.0,166.17,166.12,10.23,1.42,0.86,2911300,6059900.0,2026-08-06,16:14:35
600063,皖维高新,5.94,5.97,5.9,6.01,5.86,454520.0,269670000.0,122.9,122.9,27.16,1.46,2.2,18598300,26853700.0,2026-08-06,16:14:40
600064,南京高科,7.71,7.79,7.78,7.8,7.65,199078.0,153710000.0,133.41,133.41,7.56,0.7,1.15,8426100,11481700.0,2026-08-06,16:14:30
600066,宇通客车,32.33,32.29,32.11,32.41,31.66,119042.0,381160000.0,715.77,715.77,13.11,6.07,0.54,5794100,6110100.0,2026-08-06,16:14:44
600067,冠城新材,2.77,2.76,2.76,2.78,2.7,172162.0,47120000.0,38.55,38.55,199.82,0.69,1.24,8311900,8904300.0,2026-08-06,16:14:56
600070,*ST富润,0.42,0.42,0.0,0.0,0.0,0.0,0.0,2.13,2.13,-3.9,0.72,0.0,0,0.0,2026-08-06,09:00:00
600071,凤凰光学,15.74,15.66,15.65,15.78,15.41,22853.0,35760000.0,44.32,44.32,162.96,8.7,0.81,1209100,1076200.0,2026-08-06,16:14:53
600072,中船科技,8.94,9.01,9.05,9.12,8.85,204002.0,182880000.0,134.16,96.85,-4.1,1.76,1.88,8787700,11612400.0,2026-08-06,16:14:41
600073,光明肉业,5.13,5.15,5.14,5.17,5.05,80035.0,40850000.0,48.11,48.11,-19.36,1.03,0.85,3443100,4560400.0,2026-08-06,16:14:32
600075,新疆天业,4.59,4.59,4.59,4.61,4.48,198365.0,90240000.0,78.39,78.39,-79.22,0.89,1.16,8530200,11306400.0,2026-08-06,16:14:42
600076,康欣新材,3.06,3.05,3.04,3.09,3.0,235420.0,71740000.0,41.14,41.14,-10.52,1.16,1.75,10855300,12686700.0,2026-08-06,16:14:38
600078,澄星股份,10.82,11.03,10.71,11.07,10.62,330800.0,358410000.0,73.23,71.69,101.74,4.3,4.99,14565800,18514200.0,2026-08-06,16:14:45
600079,ST人福,17.81,17.68,17.61,17.84,17.58,84595.0,149860000.0,290.7,274.84,15.27,1.56,0.55,4881000,3578500.0,2026-08-06,16:14:34
600080,ST金花,4.89,4.91,4.9,4.93,4.86,14218.0,6940000.0,18.25,18.25,99.91,1.15,0.38,653900,767900.0,2026-08-06,16:14:57
600081,东风科技,9.87,9.95,9.89,10.03,9.75,23183.0,22890000.0,54.58,54.58,238.84,1.18,0.42,1025000,1293300.0,2026-08-06,16:14:32
600082,ST海泰,2.91,2.89,2.86,2.93,2.85,58468.0,16890000.0,18.8,18.46,-25.83,1.11,0.92,2896800,2950000.0,2026-08-06,16:14:45
600084,*ST尼雅,4.38,4.31,4.29,4.49,4.28,46362.0,20320000.0,49.22,49.22,-218.83,3.87,0.41,3000700,1635500.0,2026-08-06,16:14:50
600085,同仁堂,24.83,25.08,25.11,25.15,24.43,142175.0,351080000.0,340.54,340.54,31.58,2.54,1.04,6275800,7941800.0,2026-08-06,16:14:48
600088,中视传媒,11.79,11.97,11.91,12.07,11.63,41930.0,49540000.0,46.89,46.89,-570.01,3.76,1.05,1888500,2304500.0,2026-08-06,16:14:40
600089,特变电工,21.18,21.64,21.65,21.68,21.11,1064988.0,2268160000.0,1070.18,1070.18,17.35,1.53,2.11,37052300,69446400.0,2026-08-06,16:14:49
600094,大名城,4.66,4.61,4.57,4.69,4.49,325006.0,149330000.0,108.34,99.08,75.09,1.05,1.53,15985500,16515000.0,2026-08-06,16:14:46
600095,湘财股份,8.22,8.37,8.4,8.43,8.17,293337.0,242260000.0,235.03,235.03,53.53,1.91,1.03,11793300,17540400.0,2026-08-06,16:14:57
600096,云天化,30.02,30.17,30.1,30.36,29.7,248418.0,746360000.0,547.26,547.26,10.34,2.29,1.36,12339300,12502500.0,2026-08-06,16:14:54
600097,开创国际,8.34,8.21,8.21,8.34,8.14,30519.0,25150000.0,20.09,20.09,77.86,0.9,1.27,1537900,1514000.0,2026-08-06,16:14:33
600098,广州发展,6.28,6.35,6.35,6.35,6.22,242572.0,152120000.0,220.17,220.17,9.16,0.82,0.69,8908200,15349000.0,2026-08-06,16:14:52
600099,林海股份,8.61,8.48,8.52,8.62,8.4,29788.0,25380000.0,18.87,18.87,74.8,3.49,1.36,1557500,1421300.0,2026-08-06,16:14:53
600100,同方股份,7.15,7.2,7.17,7.24,7.1,259887.0,186340000.0,239.55,239.55,72.26,1.53,0.78,10470500,15518200.0,2026-08-06,16:14:42
600101,明星电力,8.23,8.32,8.27,8.32,8.14,167329.0,137320000.0,45.09,45.09,27.57,1.44,3.05,5702900,11030000.0,2026-08-06,16:14:45
600103,青山纸业,2.99,3.08,3.05,3.07,2.94,1300146.0,389340000.0,67.0,66.15,171.09,1.69,5.88,50700700,79313900.0,2026-08-06,16:14:53
600104,上汽集团,10.77,10.86,10.9,10.93,10.66,582478.0,627420000.0,1238.04,1238.04,12.25,0.41,0.51,24719400,33528400.0,2026-08-06,16:14:41
600105,永鼎股份,38.38,36.55,35.6,38.54,35.39,1973975.0,7310920000.0,561.11,561.11,546.4,17.02,13.5,98810500,98587000.0,2026-08-06,16:14:39
600106,重庆路桥,4.53,4.57,4.56,4.56,4.44,118571.0,53330000.0,60.2,60.2,70.71,1.14,0.89,5077700,6779400.0,2026-08-06,16:14:35
600107,*ST尔雅,5.16,5.21,5.19,5.22,5.11,10452.0,5390000.0,18.58,18.58,-24.1,4.58,0.29,306300,738900.0,2026-08-06,16:14:35
600108,亚盛集团,3.19,3.14,3.16,3.22,3.1,1158894.0,367390000.0,62.11,62.11,116.48,1.43,5.95,59698300,56191100.0,2026-08-06,16:14:48
600109,国金证券,8.7,8.79,8.76,8.79,8.65,206686.0,180110000.0,322.37,322.37,13.51,0.9,0.56,7847500,12821200.0,2026-08-06,16:14:56
600110,诺德股份,9.51,9.36,9.21,9.69,9.15,1428545.0,1350870000.0,165.02,165.02,-133.98,2.75,8.23,71209600,71644900.0,2026-08-06,16:14:49
600111,北方稀土,41.91,41.77,42.14,43.2,41.5,1056870.0,4468910000.0,1515.07,1515.07,55.33,6.03,2.92,53386600,52300400.0,2026-08-06,16:14:34
600113,浙江东日,30.67,31.11,31.11,31.69,30.45,65902.0,203540000.0,129.17,126.19,91.91,5.15,1.6,2643800,3946400.0,2026-08-06,16:14:40
600114,东睦股份,28.61,29.06,28.6,29.13,28.27,186956.0,535760000.0,180.64,176.35,32.85,5.35,3.03,8286500,10409100.0,2026-08-06,16:14:57
600115,中国东航,3.74,3.78,3.75,3.82,3.71,1219334.0,456820000.0,826.08,636.73,83.02,5.86,0.72,52434500,69498900.0,2026-08-06,16:14:52
600116,三峡水利,6.5,6.56,6.56,6.56,6.42,206163.0,133640000.0,124.29,124.29,26.3,1.11,1.08,9446500,11169800.0,2026-08-06,16:14:31
600117,西宁特钢,2.31,2.29,2.29,2.31,2.26,176403.0,40320000.0,75.19,75.19,-7.5,2.18,0.54,8925600,8714700.0,2026-08-06,16:14:48
600118,中国卫星,65.33,63.13,62.5,66.4,62.4,471162.0,3059150000.0,772.52,772.52,4550.68,12.24,3.98,23462700,23653500.0,2026-08-06,16:14:42
600119,*ST长投,4.53,4.49,4.49,4.54,4.43,21573.0,9680000.0,16.55,16.55,-38.57,22.29,0.59,915300,1242000.0,2026-08-06,16:14:40
600120,浙江东方,5.12,5.18,5.18,5.22,5.08,416244.0,213820000.0,174.87,174.87,18.88,1.08,1.22,16063400,25561000.0,2026-08-06,16:14:43
600121,郑州煤电,4.26,3.91,3.92,4.3,3.9,1626767.0,665730000.0,51.9,51.9,-4.88,7.05,13.35,83362600,79314100.0,2026-08-06,16:14:43
600123,兰花科创,6.99,6.93,6.89,7.11,6.86,394875.0,275620000.0,102.98,102.98,-17.14,0.68,2.68,23382600,16104900.0,2026-08-06,16:14:52
600125,铁龙物流,5.51,5.51,5.52,5.53,5.45,75073.0,41210000.0,71.93,71.93,13.34,0.93,0.58,2805500,4701800.0,2026-08-06,16:14:38
600126,杭钢股份,6.6,6.7,6.56,6.98,6.53,1181436.0,791060000.0,222.89,222.89,324.25,1.15,3.5,54163100,63980600.0,2026-08-06,16:14:58
600127,金健米业,6.17,5.61,5.59,6.17,5.52,475038.0,283420000.0,39.6,39.6,-759.27,5.9,7.4,16223400,31280400.0,2026-08-06,16:14:41
600128,苏豪弘业,8.1,8.03,8.01,8.11,7.93,33767.0,27090000.0,20.39,19.99,35.14,0.96,1.37,1691900,1684800.0,2026-08-06,16:14:45
600129,太极集团,15.25,15.75,15.75,15.75,15.16,264032.0,405300000.0,84.09,84.09,75.32,2.36,4.79,10908100,15495100.0,2026-08-06,16:14:50
600130,波导股份,4.29,4.32,4.3,4.39,4.2,666870.0,286260000.0,32.17,32.17,561.51,3.54,8.89,29591700,37095300.0,2026-08-06,16:15:00
600131,国网信通,15.85,16.08,16.1,16.15,15.78,84156.0,133960000.0,189.72,189.55,30.46,2.89,0.7,3646800,4768800.0,2026-08-06,16:14:50
600132,重庆啤酒,43.97,44.77,44.84,44.95,43.75,47900.0,211020000.0,212.8,212.8,17.79,17.06,0.99,2045500,2744500.0,2026-08-06,16:14:39
600133,东湖高新,8.4,8.34,8.31,8.52,8.23,227993.0,191390000.0,89.56,89.56,32.31,1.0,2.14,12181100,10618200.0,2026-08-06,16:14:32
600135,乐凯胶片,7.39,7.31,7.3,7.43,7.21,59685.0,43750000.0,40.89,40.89,-43.57,1.74,1.08,2946600,3021900.0,2026-08-06,16:14:41
600136,ST明诚,1.45,1.43,1.43,1.46,1.42,114978.0,16610000.0,29.59,28.17,-128.18,13.07,0.59,6664600,4833200.0,2026-08-06,16:14:51
600137,浪莎股份,17.56,17.46,17.44,17.71,17.25,11970.0,20910000.0,17.07,17.07,55.36,3.14,1.23,622000,575000.0,2026-08-06,16:14:33
600138,中青旅,7.07,7.11,7.11,7.15,7.0,78577.0,55500000.0,51.18,51.18,63.72,0.82,1.09,3151600,4706100.0,2026-08-06,16:14:59
600141,兴发集团,32.0,32.0,31.5,32.58,31.35,451972.0,1447690000.0,384.56,384.56,26.74,1.57,3.76,20055600,25141700.0,2026-08-06,16:14:56
600143,金发科技,16.15,16.0,16.0,16.33,15.76,689128.0,1110330000.0,431.74,425.52,35.73,2.21,2.62,33635900,35276800.0,2026-08-06,16:14:59
600148,长春一东,15.15,15.1,15.1,15.22,14.86,15169.0,22840000.0,21.44,21.44,129.93,4.51,1.07,754200,762800.0,2026-08-06,16:14:31
600149,廊坊发展,4.82,4.76,4.78,4.84,4.72,88670.0,42380000.0,18.32,18.32,113.89,7.18,2.33,4529900,4337100.0,2026-08-06,16:14:52
600150,中国船舶,34.9,35.2,34.9,35.12,34.54,678005.0,2359370000.0,2626.44,2626.44,23.23,1.79,0.9,28177700,39622800.0,2026-08-06,16:14:57
600151,航天机电,11.0,10.37,10.27,11.26,10.22,612588.0,659320000.0,157.77,157.77,-35.02,3.58,4.27,34617300,26641500.0,2026-08-06,16:14:37
600152,维科技术,8.07,8.02,8.0,8.1,7.87,171162.0,136990000.0,42.7,42.7,-40.51,2.6,3.24,7575700,9540500.0,2026-08-06,16:14:50
600153,建发股份,8.71,8.8,8.79,8.83,8.55,268867.0,233070000.0,252.55,252.55,-2.36,0.61,0.93,11193400,15693400.0,2026-08-06,16:14:45
600155,华创云信,5.93,6.01,6.01,6.01,5.9,228236.0,135790000.0,131.26,131.26,51.94,0.66,1.03,9188700,13634900.0,2026-08-06,16:14:39
600156,华升股份,8.84,8.04,8.12,8.84,8.12,107048.0,93790000.0,35.55,35.55,-124.71,9.73,2.66,2239300,8465500.0,2026-08-06,16:14:56
600157,永泰能源,1.61,1.59,1.59,1.62,1.56,7058568.0,1119290000.0,351.27,351.27,160.11,0.75,3.24,372942800,332913900.0,2026-08-06,16:14:53
600158,中体产业,7.08,7.2,7.16,7.22,6.99,352286.0,249400000.0,67.93,67.93,-35.43,2.83,3.67,12951100,22277500.0,2026-08-06,16:14:36
600159,大龙地产,2.48,2.4,2.4,2.48,2.38,217669.0,53010000.0,20.58,20.58,-7.66,1.41,2.62,12976400,8790500.0,2026-08-06,16:14:50
600160,巨化股份,43.84,43.09,42.71,43.99,42.35,403921.0,1749640000.0,1183.57,1183.57,28.5,5.75,1.5,21310700,19081400.0,2026-08-06,16:14:41
600161,天坛生物,12.25,12.53,12.53,12.55,12.15,185428.0,227970000.0,242.23,242.23,24.91,2.06,0.94,5787600,12755100.0,2026-08-06,16:14:52
600162,香江控股,3.51,3.38,3.34,3.67,3.25,2429807.0,840900000.0,114.72,114.72,-130.92,2.01,7.43,127785000,115195700.0,2026-08-06,16:14:59
600163,中闽能源,5.26,5.31,5.28,5.3,5.18,225199.0,117870000.0,100.1,100.1,21.45,1.38,1.18,9193000,13326900.0,2026-08-06,16:14:39
600165,ST宁科,2.47,2.4,2.41,2.49,2.38,73944.0,17990000.0,39.91,18.1,-44.05,3.49,1.01,4056200,3338200.0,2026-08-06,16:14:47
600166,福田汽车,3.04,3.11,3.11,3.11,3.0,1579322.0,479920000.0,240.69,240.69,16.84,1.5,1.99,60005800,97926400.0,2026-08-06,16:14:52
600167,联美控股,5.87,5.92,5.92,5.92,5.78,67280.0,39260000.0,132.83,132.83,22.12,1.14,0.3,2682100,4045900.0,2026-08-06,16:14:55
600168,武汉控股,4.3,4.29,4.29,4.31,4.23,46761.0,19960000.0,42.72,42.72,41.49,0.79,0.47,1896000,2780200.0,2026-08-06,16:14:48
600169,ST太重,2.06,2.05,2.05,2.06,2.03,95724.0,19600000.0,68.66,68.66,28.32,1.32,0.29,3571500,6000900.0,2026-08-06,16:14:48
600170,上海建工,2.33,2.35,2.36,2.36,2.31,1367593.0,318480000.0,207.04,207.04,14.61,0.67,1.54,53567000,83192400.0,2026-08-06,16:14:48
600171,上海贝岭,23.43,23.71,23.4,23.76,23.26,164620.0,385900000.0,166.1,166.1,75.41,3.72,2.32,6567400,9894600.0,2026-08-06,16:14:58
600172,黄河旋风,11.74,11.22,11.21,11.96,11.05,2329150.0,2696940000.0,169.31,150.65,-19.26,36.52,18.15,121864700,111050300.0,2026-08-06,16:14:42
600173,卧龙新能,6.34,6.31,6.27,6.43,6.24,78131.0,49440000.0,44.41,44.41,-21.14,1.24,1.12,3816000,3997100.0,2026-08-06,16:14:37
600176,中国巨石,40.78,39.28,38.5,41.97,38.17,3328705.0,13376980000.0,1632.48,1619.61,42.71,5.18,8.38,158537800,174332800.0,2026-08-06,16:14:35
600177,雅戈尔,7.63,7.57,7.56,7.67,7.46,373480.0,282300000.0,352.77,343.61,13.75,0.85,0.83,18542900,18805100.0,2026-08-06,16:14:43
600178,东安动力,9.55,9.65,9.68,9.69,9.45,60648.0,57920000.0,44.55,44.55,-400.87,1.76,1.3,2565100,3499700.0,2026-08-06,16:14:52
600179,安通控股,4.29,4.4,4.38,4.4,4.29,320995.0,138860000.0,181.53,165.69,16.53,1.5,0.83,9389400,22710100.0,2026-08-06,16:15:00
600180,*ST瑞茂,1.56,1.54,1.55,1.61,1.53,239548.0,37640000.0,16.95,16.95,-0.49,0.39,2.2,13177800,10777100.0,2026-08-06,16:14:40
600182,S佳通,13.08,13.1,13.07,13.26,13.0,19018.0,24850000.0,44.47,22.24,20.14,4.21,1.12,803200,1098600.0,2026-08-06,16:14:46
600183,生益科技,127.25,122.79,120.0,130.99,119.5,760588.0,9560630000.0,3090.91,3068.95,78.68,19.34,3.15,37242300,38816500.0,2026-08-06,16:14:42
600184,光电股份,17.89,17.73,17.52,18.09,17.5,177998.0,317070000.0,104.25,104.25,203.44,3.07,3.05,8803200,8996700.0,2026-08-06,16:14:34
600185,珠免集团,4.74,4.82,4.83,4.86,4.7,202237.0,96460000.0,89.35,89.35,-9.93,103.49,1.07,7501900,12721800.0,2026-08-06,16:14:57
600186,莲花控股,9.68,9.58,9.48,9.83,9.4,2419217.0,2329600000.0,173.54,172.33,49.36,9.19,13.59,116280700,125641000.0,2026-08-06,16:14:37
600187,*ST国中,1.41,1.4,1.39,1.44,1.38,376969.0,53060000.0,22.75,22.75,-11.59,0.76,2.34,23090800,14606100.0,2026-08-06,16:14:46
600188,兖矿能源,21.27,19.34,19.33,21.27,19.24,930269.0,1904390000.0,2134.84,1267.98,20.97,2.91,1.56,48895700,44131200.0,2026-08-06,16:14:41
600189,泉阳泉,7.34,7.36,7.36,7.36,7.23,99903.0,72770000.0,52.5,52.5,262.32,4.25,1.4,4028400,5961900.0,2026-08-06,16:14:41
600190,退市锦港,0.63,0.63,0.0,0.0,0.0,0.0,0.0,12.61,11.21,-22.51,-9.07,0.0,0,0.0,2026-08-06,09:00:00
600191,华资实业,11.18,10.78,10.96,11.19,10.65,139093.0,152020000.0,54.22,54.22,78.9,3.18,2.87,6780600,7128700.0,2026-08-06,16:14:56
600192,长城电工,7.34,7.79,7.54,7.58,7.28,266984.0,197520000.0,32.42,32.42,-8.89,4.27,6.04,9892600,16805800.0,2026-08-06,16:14:33
600193,退市创兴,0.16,0.16,0.0,0.0,0.0,0.0,0.0,0.68,0.68,-2.65,1.03,0.0,0,0.0,2026-08-06,09:00:00
600195,中牧股份,6.54,6.52,6.5,6.55,6.44,43139.0,28020000.0,66.78,66.78,50.79,1.18,0.42,2013900,2299900.0,2026-08-06,16:14:59
600196,复星医药,22.76,22.95,22.96,23.07,22.69,183175.0,418190000.0,607.79,482.17,17.48,1.26,0.86,7469600,10847900.0,2026-08-06,16:14:49
600197,伊力特,10.38,10.42,10.4,10.44,10.3,66239.0,68620000.0,49.12,49.12,27.74,1.23,1.4,2953900,3669900.0,2026-08-06,16:14:35
600198,大唐电信,7.28,7.25,7.19,7.34,7.17,207142.0,150400000.0,94.9,94.78,-194.34,49.31,1.59,10310800,10403400.0,2026-08-06,16:14:37
600199,金种子酒,8.13,7.82,7.93,8.59,7.76,722225.0,580840000.0,53.48,53.48,-30.58,2.75,10.98,38789200,33433200.0,2026-08-06,16:14:39
600200,退市苏吴,0.29,0.29,0.0,0.0,0.0,0.0,0.0,2.06,2.06,-0.96,0.12,0.0,0,0.0,2026-08-06,09:00:00
600201,生物股份,13.09,13.2,13.25,13.55,13.05,169742.0,224870000.0,143.98,143.98,100.13,2.69,1.54,8066100,8908100.0,2026-08-06,16:14:57
600202,哈空调,4.86,4.79,4.8,4.87,4.74,76061.0,36590000.0,18.63,18.63,-138.63,2.3,1.98,4056700,3549400.0,2026-08-06,16:14:32
600203,福日电子,10.4,10.17,10.27,10.86,10.19,331148.0,346500000.0,61.67,61.67,161.44,3.74,5.58,16637400,16477400.0,2026-08-06,16:14:53
600206,有研新材,43.79,39.81,40.8,43.79,40.5,1030100.0,4413330000.0,370.71,370.71,116.58,8.5,12.17,41194200,61815800.0,2026-08-06,16:14:53
600207,安彩高科,4.41,4.42,4.43,4.43,4.3,144420.0,63180000.0,48.04,48.04,-6.26,2.56,1.33,5823500,8618600.0,2026-08-06,16:14:44
600208,衢州发展,2.95,2.98,2.98,2.98,2.91,897576.0,264150000.0,251.01,250.99,165.54,0.6,1.05,32884000,56873600.0,2026-08-06,16:14:39
600210,紫江企业,6.15,6.23,6.24,6.25,6.1,178521.0,109910000.0,93.28,93.28,8.59,1.46,1.18,5452000,12400000.0,2026-08-06,16:14:47
600211,西藏药业,37.91,38.6,38.62,38.83,37.8,33198.0,126310000.0,122.19,122.19,12.63,3.37,1.03,1248600,2071300.0,2026-08-06,16:14:49
600212,绿能慧充,5.39,5.51,5.51,5.52,5.3,86146.0,46480000.0,37.95,28.63,1767.0,6.58,1.62,3489200,5125400.0,2026-08-06,16:14:34
600215,派斯林,6.24,6.23,6.22,6.31,6.15,52130.0,32480000.0,28.51,28.51,-7.99,1.16,1.14,2689200,2523800.0,2026-08-06,16:14:57
600216,浙江医药,11.96,12.12,12.13,12.15,11.91,151701.0,182100000.0,115.01,113.79,15.31,1.05,1.59,5994900,9175200.0,2026-08-06,16:14:49
600217,中再资环,3.17,3.17,3.17,3.19,3.1,131675.0,41390000.0,52.55,52.55,-8.64,1.84,0.79,6328600,6838900.0,2026-08-06,16:14:44
600218,全柴动力,7.55,7.59,7.58,7.66,7.47,44870.0,33900000.0,32.89,32.89,49.98,1.01,1.03,2027800,2459200.0,2026-08-06,16:14:44
600219,南山铝业,4.72,4.8,4.81,4.84,4.63,2225661.0,1053190000.0,542.03,542.03,13.12,1.1,1.94,83213100,139353000.0,2026-08-06,16:14:49
600221,海航控股,1.34,1.36,1.35,1.36,1.33,2924929.0,392690000.0,579.09,574.13,16.87,8.33,0.68,84836000,207656900.0,2026-08-06,16:14:58
600222,太龙药业,7.63,7.44,7.44,7.63,7.4,130896.0,98940000.0,42.68,42.68,69.89,2.8,2.34,7561100,5528500.0,2026-08-06,16:14:47
600223,福瑞达,5.49,5.53,5.53,5.54,5.42,62003.0,33940000.0,55.81,55.81,33.04,1.33,0.61,2629900,3570400.0,2026-08-06,16:14:43
600226,亨通股份,5.85,5.74,5.69,5.9,5.59,1561770.0,904020000.0,174.0,174.0,85.87,4.7,5.25,79023600,77153400.0,2026-08-06,16:14:36
600227,赤天化,3.21,3.23,3.22,3.24,3.13,1118813.0,355730000.0,54.21,41.01,-20.98,2.42,8.76,50781200,61100100.0,2026-08-06,16:14:33
600228,返利科技,7.77,7.73,7.73,7.99,7.62,442350.0,344920000.0,32.38,32.33,-51.09,8.48,10.63,21397600,22837500.0,2026-08-06,16:14:50
600229,城市传媒,5.07,5.08,5.07,5.12,5.01,34574.0,17500000.0,33.5,33.5,-7.73,1.21,0.52,1905800,1551600.0,2026-08-06,16:14:48
600230,沧州大化,14.23,14.12,14.28,14.48,13.95,164319.0,233080000.0,58.91,58.91,73.12,1.45,3.97,7711800,8720100.0,2026-08-06,16:14:56
600231,凌钢股份,1.7,1.71,1.71,1.72,1.67,132905.0,22530000.0,48.83,48.22,-2.74,1.37,0.47,5711600,7578900.0,2026-08-06,16:14:38
600232,金鹰股份,6.13,6.04,6.08,6.13,5.99,46813.0,28370000.0,22.36,22.36,61.03,2.33,1.28,2441800,2239500.0,2026-08-06,16:14:43
600233,圆通速递,18.7,19.2,18.8,18.92,18.43,255880.0,476940000.0,640.29,640.29,13.22,1.81,0.75,13049700,12538300.0,2026-08-06,16:14:59
600234,科新发展,19.91,19.32,19.32,20.49,18.6,39267.0,77430000.0,52.27,52.27,-256.09,11.61,1.5,2113900,1812800.0,2026-08-06,16:14:39
600235,民丰特纸,5.48,5.43,5.43,5.5,5.38,37333.0,20310000.0,19.25,19.25,193.31,1.28,1.06,1866000,1867300.0,2026-08-06,16:14:43
600236,桂冠电力,10.97,11.13,11.17,11.28,10.72,292267.0,317550000.0,864.7,864.7,22.45,4.78,0.37,12342600,16884000.0,2026-08-06,16:14:40
600237,铜峰电子,8.48,8.53,8.4,8.62,8.33,396780.0,335710000.0,53.47,52.97,45.6,2.74,6.35,20034500,19643500.0,2026-08-06,16:14:46
600238,ST椰岛,4.3,4.4,4.36,4.39,4.3,54554.0,23630000.0,19.27,19.15,-89.86,24.72,1.23,1829400,3626000.0,2026-08-06,16:14:58
600239,ST云城,1.42,1.4,1.39,1.42,1.39,118883.0,16700000.0,22.8,22.8,-8.4,2.26,0.74,6322800,5565500.0,2026-08-06,16:14:32
600241,时代万恒,7.28,7.09,7.1,7.38,7.04,73383.0,52740000.0,21.43,21.43,-14.53,2.09,2.49,3693500,3644800.0,2026-08-06,16:14:39
600243,*ST海华,3.7,3.58,3.57,3.8,3.52,109535.0,40310000.0,16.24,16.24,-18.43,2.94,2.5,6002500,4951000.0,2026-08-06,16:14:47
600246,万通发展,12.31,11.71,11.48,12.65,11.48,1315522.0,1589920000.0,239.18,232.71,-32.68,5.24,6.96,65965300,65586900.0,2026-08-06,16:14:54
600248,陕建股份,2.88,2.91,2.9,2.91,2.84,196284.0,56500000.0,106.96,106.73,-782.19,0.39,0.53,7447200,12181200.0,2026-08-06,16:14:56
600249,两面针,5.11,5.09,5.09,5.14,5.01,93402.0,47430000.0,28.11,28.11,-197.07,1.31,1.7,4520000,4820300.0,2026-08-06,16:14:57
600250,南京商旅,8.45,8.44,8.44,8.54,8.32,52332.0,44040000.0,26.43,26.43,265.82,4.23,1.67,2419300,2813900.0,2026-08-06,16:14:48
600251,冠农股份,9.61,9.38,9.38,9.68,9.33,167592.0,159000000.0,74.67,74.67,16.43,1.87,2.16,8765000,7994200.0,2026-08-06,16:14:58
600252,中恒集团,2.2,2.21,2.23,2.23,2.15,445100.0,97180000.0,70.05,70.05,-17.17,1.33,1.4,19105400,25404600.0,2026-08-06,16:14:42
600255,鑫科材料,3.35,3.32,3.3,3.36,3.27,822465.0,273230000.0,60.51,60.51,157.49,4.1,4.55,42283500,39963000.0,2026-08-06,16:14:31
600256,广汇能源,5.59,5.37,5.39,5.65,5.38,1853439.0,1022480000.0,357.31,357.31,40.22,1.49,2.9,106294000,79049900.0,2026-08-06,16:14:52
600257,大湖股份,5.26,5.16,5.16,5.26,5.08,185506.0,95990000.0,25.31,25.31,454.64,3.17,3.85,10158700,8391900.0,2026-08-06,16:14:43
600258,首旅酒店,12.01,12.14,12.17,12.25,11.92,156931.0,188780000.0,134.1,134.1,16.01,1.14,1.41,6833000,8860100.0,2026-08-06,16:14:59
600259,中稀有色,84.98,83.45,84.47,88.6,83.05,163633.0,1398340000.0,285.9,285.9,113.82,7.92,4.86,7785000,8578300.0,2026-08-06,16:14:46
600261,阳光照明,3.05,3.04,3.05,3.07,3.01,76035.0,23100000.0,40.72,40.72,29.94,1.21,0.57,4218500,3385000.0,2026-08-06,16:14:33
600262,北方股份,15.63,14.21,14.15,15.63,14.15,179342.0,275040000.0,37.2,37.2,16.37,2.06,7.54,7034400,10899900.0,2026-08-06,16:14:38
600265,*ST景谷,21.99,22.03,22.03,22.14,21.71,5276.0,11570000.0,28.54,28.54,-12.39,13.48,0.41,220900,306700.0,2026-08-06,16:14:56
600266,城建发展,4.1,4.12,4.13,4.15,4.04,263015.0,107530000.0,85.11,85.11,-29.11,0.47,1.27,11274400,15027100.0,2026-08-06,16:14:52
600267,海正药业,11.92,12.01,12.06,12.28,11.85,494977.0,594240000.0,140.69,140.69,20.04,1.65,4.19,21110500,28387200.0,2026-08-06,16:14:55
600268,国电南自,11.29,11.58,11.53,11.54,11.2,214542.0,242750000.0,114.66,114.65,23.29,3.21,2.11,7262000,14192200.0,2026-08-06,16:14:37
600269,赣粤高速,3.95,4.02,4.0,4.01,3.93,273693.0,108370000.0,92.25,92.25,8.19,0.48,1.17,9583500,17785800.0,2026-08-06,16:14:59
600271,航天信息,7.04,7.02,6.99,7.14,6.94,199771.0,140890000.0,130.44,130.44,-18.82,1.0,1.08,10341000,9636100.0,2026-08-06,16:14:47
600272,开开实业,11.79,10.72,10.7,11.79,10.62,133097.0,152110000.0,30.97,18.86,134.6,3.92,8.32,4295600,9014100.0,2026-08-06,16:14:35
600273,嘉化能源,6.89,6.91,6.9,6.92,6.76,173506.0,118790000.0,90.35,90.35,11.08,0.92,1.32,7165200,10185400.0,2026-08-06,16:14:51
600276,恒瑞医药,52.11,53.54,53.65,53.81,52.0,898631.0,4727890000.0,3458.64,3324.1,42.6,5.55,1.41,33349000,56514100.0,2026-08-06,16:14:53
600278,东方创业,6.28,6.27,6.27,6.29,6.2,33883.0,21180000.0,54.04,54.04,29.61,0.72,0.39,1511800,1876500.0,2026-08-06,16:14:47
600279,重庆港,4.29,4.3,4.29,4.32,4.23,69493.0,29710000.0,50.92,50.92,87.12,0.76,0.59,3138700,3810600.0,2026-08-06,16:14:44
600280,中央商场,2.9,2.89,2.9,2.93,2.84,278690.0,80420000.0,32.72,32.72,-8.14,12.31,2.47,13900700,13968300.0,2026-08-06,16:14:33
600281,华阳新材,4.34,4.29,4.38,4.52,4.25,183251.0,79990000.0,22.33,22.33,-21.28,39.68,3.56,8480500,9844600.0,2026-08-06,16:14:59
600282,南钢股份,4.96,4.88,4.9,5.03,4.86,593539.0,293880000.0,305.79,305.79,10.6,1.12,0.96,31637900,27716100.0,2026-08-06,16:14:47
600283,钱江水利,7.94,8.01,7.99,8.01,7.9,25380.0,20150000.0,44.53,44.53,22.26,1.47,0.45,877300,1660700.0,2026-08-06,16:14:37
600284,浦东建设,5.16,5.18,5.17,5.22,5.1,87509.0,45090000.0,50.07,50.07,17.77,0.63,0.9,3455000,5295800.0,2026-08-06,16:14:52
600285,羚锐制药,22.19,22.47,22.46,22.54,22.11,74832.0,166430000.0,125.84,125.7,15.95,4.16,1.32,3119400,4363900.0,2026-08-06,16:14:41
600287,苏豪时尚,4.65,4.54,4.55,4.65,4.5,38059.0,17400000.0,20.31,20.31,88.93,0.89,0.87,1932100,1873800.0,2026-08-06,16:14:43
600288,大恒科技,11.07,10.82,10.75,11.36,10.66,380598.0,420470000.0,48.35,48.35,29.57,2.43,8.71,18388400,19671300.0,2026-08-06,16:14:47
600289,ST信通,4.4,4.67,4.68,4.68,4.37,69201.0,30710000.0,27.77,24.9,-5.68,3.09,1.22,2802700,4117400.0,2026-08-06,16:14:37
600292,电投水电,12.64,12.92,12.9,12.9,12.56,105076.0,133620000.0,602.19,55.53,77.35,2.8,2.39,3842800,6664800.0,2026-08-06,16:14:54
600293,三峡新材,2.8,2.79,2.77,2.8,2.73,335333.0,92870000.0,32.48,32.48,-49.39,1.91,2.89,16786200,16747000.0,2026-08-06,16:14:36
600295,鄂尔多斯,12.14,12.17,12.19,12.24,11.93,129820.0,157320000.0,339.77,239.83,13.28,1.66,0.66,7123000,5858900.0,2026-08-06,16:14:35
600298,安琪酵母,41.05,41.27,41.28,41.34,40.66,153027.0,626890000.0,356.25,351.86,22.26,2.97,1.79,7697900,7604800.0,2026-08-06,16:14:32
600299,安迪苏,8.69,8.45,8.45,8.78,8.36,630624.0,537070000.0,267.63,267.63,20.29,1.36,2.05,35225800,27836700.0,2026-08-06,16:14:58
600300,维维股份,3.15,3.18,3.18,3.19,3.12,193408.0,60840000.0,50.94,50.94,14.65,1.44,1.2,7556000,11784900.0,2026-08-06,16:14:46
600301,华锡有色,48.92,47.46,48.6,49.67,47.8,177927.0,867020000.0,309.45,134.69,37.32,6.53,6.46,9393700,8399000.0,2026-08-06,16:14:36
600302,ST标准,6.62,6.21,6.18,6.64,6.18,59465.0,38200000.0,22.91,22.91,-14.33,4.73,1.72,3145800,2800700.0,2026-08-06,16:14:53
600303,曙光股份,2.79,2.79,2.79,2.8,2.72,252357.0,69870000.0,19.07,18.9,-5.52,2.02,3.72,11466600,13769100.0,2026-08-06,16:14:41
600305,恒顺醋业,6.88,6.97,6.97,6.97,6.84,80138.0,55210000.0,76.0,75.88,49.42,2.31,0.73,3258300,4755500.0,2026-08-06,16:14:47
600307,酒钢宏兴,1.47,1.49,1.49,1.49,1.45,439971.0,64560000.0,92.07,92.07,-5.3,1.73,0.7,16697800,27299300.0,2026-08-06,16:14:52
600308,华泰股份,3.22,3.23,3.22,3.23,3.17,60912.0,19510000.0,48.84,48.84,-47.45,0.54,0.4,2539900,3551400.0,2026-08-06,16:14:45
600309,万华化学,74.97,74.45,74.12,75.81,74.0,333198.0,2497310000.0,2346.91,2346.91,17.83,2.18,1.06,17890300,15429600.0,2026-08-06,16:14:41
600310,广西能源,4.47,4.47,4.44,4.47,4.35,538687.0,237380000.0,65.52,65.52,-177.88,2.45,3.68,24630200,29238500.0,2026-08-06,16:14:58
600312,平高电气,20.46,20.94,20.8,20.8,20.31,267929.0,549110000.0,277.63,277.63,23.6,2.42,1.97,11901200,14891700.0,2026-08-06,16:14:54
600313,农发种业,5.95,5.64,5.64,6.09,5.57,670764.0,390000000.0,69.1,64.39,135.66,2.87,6.2,37672800,29403600.0,2026-08-06,16:14:58
600315,上海家化,17.29,17.63,17.62,17.67,17.12,115410.0,199710000.0,116.23,116.23,42.64,1.68,1.72,4392400,7148600.0,2026-08-06,16:14:52
600316,洪都航空,26.04,25.55,25.56,26.43,25.24,161726.0,416510000.0,186.74,186.74,345.3,3.47,2.26,8926300,7246300.0,2026-08-06,16:14:51
600318,新力金融,6.62,6.55,6.58,6.72,6.49,138778.0,91540000.0,33.94,33.94,88.09,3.09,2.71,7259800,6618000.0,2026-08-06,16:14:40
600319,亚星化学,6.12,5.91,5.91,6.13,5.89,57359.0,34580000.0,23.73,23.73,-14.54,7.03,1.48,2816500,2919400.0,2026-08-06,16:14:51
600320,振华重工,4.2,4.26,4.25,4.27,4.16,356579.0,149990000.0,220.78,139.03,25.89,1.41,1.08,13897300,21760500.0,2026-08-06,16:15:00
600322,津投城开,2.7,2.68,2.65,2.71,2.63,225460.0,60330000.0,29.85,29.85,-2.54,39.25,2.04,11496700,11049300.0,2026-08-06,16:14:47
600323,瀚蓝环境,30.21,30.34,30.31,30.5,29.88,56888.0,171640000.0,246.32,246.32,11.14,1.62,0.7,2651500,3037300.0,2026-08-06,16:14:38
600325,华发股份,2.53,2.57,2.56,2.57,2.48,591149.0,149100000.0,69.63,69.63,-0.65,0.81,2.15,23581700,35533200.0,2026-08-06,16:14:50
600326,西藏天路,7.52,6.84,6.84,7.52,6.81,579348.0,425890000.0,102.46,102.46,340.85,2.61,4.25,29038100,28896800.0,2026-08-06,16:14:36
600327,大东方,3.61,3.6,3.59,3.61,3.54,95119.0,34000000.0,31.94,31.94,-11.98,1.13,1.08,4366400,5145500.0,2026-08-06,16:14:35
600328,中盐化工,6.34,6.39,6.36,6.4,6.28,135460.0,85830000.0,92.96,92.96,-95.18,0.79,0.92,5239800,8306200.0,2026-08-06,16:14:41
600329,达仁堂,36.87,37.3,37.28,37.4,36.51,39011.0,143510000.0,283.93,209.09,13.02,4.96,0.69,1385000,2516100.0,2026-08-06,16:14:49
600330,天通股份,21.65,19.68,19.48,21.65,19.34,1609317.0,3309750000.0,267.04,267.04,-104.73,3.44,13.05,87556200,73375500.0,2026-08-06,16:14:38
600331,宏达股份,13.19,13.29,13.68,13.77,13.03,642227.0,855970000.0,348.43,268.02,-483.36,11.19,3.16,28912000,35310600.0,2026-08-06,16:14:46
600332,白云山,21.39,21.49,21.51,21.56,21.13,110100.0,234780000.0,347.76,300.72,11.81,0.9,0.78,4763200,6246800.0,2026-08-06,16:15:00
600333,长春燃气,6.12,6.08,6.09,6.17,6.01,121898.0,74360000.0,37.27,37.27,321.81,1.92,2.0,5503900,6685900.0,2026-08-06,16:14:34
600335,国机汽车,5.13,5.2,5.19,5.2,5.06,108694.0,55680000.0,76.31,76.31,18.45,0.66,0.73,4849300,6020100.0,2026-08-06,16:14:37
600336,澳柯玛,6.24,6.3,6.25,6.3,6.15,46120.0,28680000.0,49.8,49.8,-22.91,2.2,0.58,2119200,2492800.0,2026-08-06,16:14:32
600337,ST美克,2.57,2.57,2.6,2.64,2.54,156225.0,40260000.0,36.93,36.93,-1.53,9.41,1.09,6535600,9086900.0,2026-08-06,16:14:58
600338,西藏珠峰,13.47,13.56,13.77,13.83,13.25,541253.0,734940000.0,123.14,123.14,21.76,2.74,5.92,24643000,29482300.0,2026-08-06,16:14:46
600339,中油工程,3.37,3.36,3.34,3.39,3.31,452749.0,151970000.0,188.15,188.15,50.5,0.7,0.81,23526200,21748700.0,2026-08-06,16:14:35
600340,*ST华幸,1.1,1.1,1.1,1.11,1.08,440218.0,48270000.0,42.83,42.83,-0.2,-0.22,1.13,20761500,23260300.0,2026-08-06,16:14:31
600343,航天动力,19.56,19.01,18.91,19.87,18.8,344644.0,672030000.0,124.83,124.83,-66.18,9.8,5.4,16812700,17651700.0,2026-08-06,16:14:35
600345,长江通信,46.42,45.9,45.1,47.36,44.9,103182.0,476680000.0,153.01,98.21,60.98,4.06,4.88,5232000,5086300.0,2026-08-06,16:14:57
600346,恒力石化,17.45,17.22,17.23,17.65,17.22,299568.0,522570000.0,1228.32,1228.32,13.75,1.79,0.43,15528800,14428000.0,2026-08-06,16:14:32
600348,华阳股份,8.55,8.45,8.44,8.71,8.35,553838.0,470380000.0,308.44,308.44,19.4,1.14,1.54,29721200,25662600.0,2026-08-06,16:14:40
600350,山东高速,10.81,10.78,10.78,10.88,10.58,165002.0,176810000.0,522.62,522.62,16.16,1.82,0.34,8663600,7836600.0,2026-08-06,16:14:32
600351,亚宝药业,6.66,6.76,6.73,6.75,6.61,255504.0,170110000.0,46.09,46.09,14.26,1.63,3.69,11203500,14346900.0,2026-08-06,16:14:31
600352,浙江龙盛,13.1,13.26,13.16,13.55,12.95,571439.0,750900000.0,426.19,426.19,21.63,1.35,1.76,25940700,31203200.0,2026-08-06,16:14:52
600353,旭光电子,26.48,25.37,25.02,27.12,24.81,584320.0,1530050000.0,219.47,219.47,133.17,11.74,7.05,29211400,29220700.0,2026-08-06,16:14:37
600354,敦煌种业,6.42,5.94,5.92,6.53,5.88,976688.0,614220000.0,33.88,33.88,110.66,4.53,18.5,48163000,49505800.0,2026-08-06,16:15:00
600355,*ST精伦,0.58,0.58,0.0,0.0,0.0,0.0,0.0,2.85,2.85,-6.37,2.71,0.0,0,0.0,2026-08-06,09:00:00
600356,恒丰纸业,8.32,8.34,8.38,8.39,8.19,41023.0,33980000.0,27.42,24.85,12.1,0.91,1.37,2033500,2068800.0,2026-08-06,16:14:32
600358,国旅联合,5.26,5.2,5.18,5.5,5.16,90781.0,48280000.0,61.18,26.56,-173.31,2.84,1.8,4352200,4725900.0,2026-08-06,16:14:45
600359,新农开发,6.14,6.01,6.03,6.21,5.95,102616.0,62580000.0,23.42,23.42,-155.47,3.47,2.69,5303600,4958000.0,2026-08-06,16:14:57
600360,华微电子,10.37,10.1,9.91,10.39,9.88,788579.0,804650000.0,99.58,99.58,56.63,2.85,8.21,40929300,37928600.0,2026-08-06,16:14:51
600361,创新新材,3.72,3.76,3.77,3.79,3.68,389348.0,145260000.0,138.86,138.86,16.43,1.25,1.04,14475300,24459500.0,2026-08-06,16:14:56
600362,江西铜业,46.25,46.63,47.75,47.85,45.71,779235.0,3646850000.0,1601.51,959.8,20.03,1.93,3.75,39042400,38881100.0,2026-08-06,16:14:31
600363,联创光电,22.18,24.64,22.18,22.18,22.18,36423.0,80790000.0,100.01,100.01,22.39,2.2,0.81,3642300,0.0,2026-08-06,16:14:53
600365,ST通葡,2.77,2.71,2.67,2.77,2.67,26161.0,7130000.0,12.57,11.84,-13.39,5.72,0.61,1753900,862200.0,2026-08-06,16:14:55
600366,宁波韵升,11.95,11.9,11.99,12.2,11.77,676820.0,809560000.0,131.34,131.34,32.02,2.1,6.16,32134900,35547100.0,2026-08-06,16:14:51
600367,红星发展,31.49,29.92,30.38,31.95,29.96,581004.0,1806810000.0,107.42,101.39,116.55,4.32,18.05,27348900,30751400.0,2026-08-06,16:14:55
600368,五洲交通,3.93,3.92,3.92,3.94,3.87,149310.0,58290000.0,63.26,63.26,11.34,0.88,0.93,7270300,7660700.0,2026-08-06,16:14:45
600369,西南证券,4.13,4.19,4.18,4.18,4.11,315125.0,130370000.0,274.44,274.44,24.35,1.05,0.47,11496400,20016100.0,2026-08-06,16:14:55
600370,*ST三房,1.53,1.59,1.57,1.57,1.52,298563.0,45980000.0,61.55,61.55,-8.37,1.25,0.74,11260200,18596100.0,2026-08-06,16:14:51
600371,万向德农,7.09,6.91,6.91,7.24,6.82,96189.0,67660000.0,20.74,20.74,-128.91,4.09,3.29,4326100,5292800.0,2026-08-06,16:14:59
600372,中航机载,11.4,11.55,11.5,11.53,11.33,284962.0,325030000.0,551.63,551.63,48.11,1.46,0.59,10613500,17882700.0,2026-08-06,16:14:36
600373,中文传媒,7.31,7.49,7.48,7.52,7.25,141461.0,103990000.0,98.49,98.49,46.23,0.56,1.05,5974100,8172000.0,2026-08-06,16:14:53
600375,汉马科技,4.02,4.08,4.09,4.09,3.98,168451.0,67870000.0,64.44,58.8,102.35,1.9,1.15,6787500,10057600.0,2026-08-06,16:14:43
600376,首开股份,4.09,4.24,4.14,4.37,4.07,1719570.0,722020000.0,105.5,105.5,-1.67,4.48,6.67,72484900,99472100.0,2026-08-06,16:14:59
600377,宁沪高速,11.89,11.94,11.91,11.95,11.82,80555.0,95700000.0,598.99,452.08,12.61,1.47,0.21,3824800,4230700.0,2026-08-06,16:14:42
600378,昊华科技,48.26,44.07,43.9,48.48,43.35,883431.0,4085770000.0,622.55,517.62,39.71,3.44,8.24,43869000,44474200.0,2026-08-06,16:14:45
600379,宝光股份,13.15,12.6,12.4,13.2,12.33,212889.0,273870000.0,43.42,43.42,103.94,5.58,6.45,10637500,10651300.0,2026-08-06,16:14:47
600380,健康元,10.01,10.11,10.13,10.15,9.96,115581.0,115760000.0,183.13,183.13,13.93,1.2,0.63,4894100,6664000.0,2026-08-06,16:14:36
600381,*ST春天,4.28,4.15,4.08,4.3,4.07,78240.0,32720000.0,25.13,25.13,-40.19,2.57,1.33,3912600,3911400.0,2026-08-06,16:14:39
600382,广东明珠,6.34,6.37,6.26,6.35,6.17,145662.0,91320000.0,44.03,44.03,23.3,1.47,2.1,6970500,7595600.0,2026-08-06,16:14:59
600383,金地集团,2.28,2.29,2.28,2.31,2.24,720311.0,163800000.0,102.93,102.93,-0.77,0.23,1.6,33278400,38752700.0,2026-08-06,16:14:59
600386,北巴传媒,3.32,3.32,3.32,3.34,3.27,65428.0,21650000.0,26.77,26.77,-229.28,1.59,0.81,2816700,3726100.0,2026-08-06,16:14:50
600387,退市海越,0.94,0.94,0.0,0.0,0.0,0.0,0.0,4.4,3.8,-0.94,0.17,0.0,0,0.0,2026-08-06,09:00:00
600388,龙净环保,17.75,17.64,17.63,17.87,17.37,119184.0,210030000.0,225.43,225.43,19.25,2.1,0.94,5988500,5930000.0,2026-08-06,16:14:42
600389,江山股份,20.79,20.45,20.44,21.13,20.33,148765.0,308120000.0,89.53,89.53,15.99,2.16,3.45,7349400,7527100.0,2026-08-06,16:14:56
600390,五矿资本,4.92,4.99,4.98,4.99,4.86,357463.0,175910000.0,221.3,221.3,41.93,0.52,0.79,13115400,22630900.0,2026-08-06,16:14:57
600391,航发科技,31.48,30.81,30.89,31.6,29.82,125160.0,384040000.0,103.92,103.92,226.12,5.86,3.79,6117300,6398700.0,2026-08-06,16:14:47
600392,盛和资源,22.64,22.66,22.97,23.34,22.36,1190968.0,2727670000.0,396.84,396.84,39.76,3.22,6.79,55839800,63257000.0,2026-08-06,16:15:00
600395,盘江股份,5.06,4.86,4.85,5.13,4.82,688299.0,344900000.0,108.62,108.62,22.66,1.01,3.21,41019500,27810400.0,2026-08-06,16:14:33
600396,华电辽能,17.35,17.53,17.22,17.49,16.76,2468950.0,4225170000.0,255.51,255.51,630.12,16.65,16.76,118497300,128397700.0,2026-08-06,16:14:50
600397,江钨装备,16.89,15.35,16.5,16.89,16.5,242789.0,407630000.0,167.2,167.2,-96.95,86.61,2.45,7191100,17087800.0,2026-08-06,16:14:42
600398,海澜之家,6.06,6.07,6.11,6.12,5.98,301630.0,182130000.0,291.05,291.05,13.35,1.68,0.63,14440900,15722100.0,2026-08-06,16:14:46
600399,抚顺特钢,4.27,4.31,4.3,4.33,4.22,308510.0,131530000.0,84.21,84.21,-10.19,1.57,1.56,12538800,18312200.0,2026-08-06,16:14:47
600400,红豆股份,3.08,3.02,3.02,3.09,2.95,472530.0,142060000.0,70.57,70.57,-17.74,5.09,2.06,24088600,23164400.0,2026-08-06,16:14:54
600403,大有能源,6.41,5.83,5.83,6.41,5.81,1026608.0,625300000.0,153.25,153.25,-7.38,4.58,4.29,53205600,49455200.0,2026-08-06,16:14:53
600405,动力源,4.56,4.38,4.33,4.6,4.32,150404.0,66960000.0,27.95,27.95,-9.21,89.15,2.45,8879100,6161300.0,2026-08-06,16:14:51
600406,国电南瑞,24.17,24.54,24.45,24.47,23.98,679236.0,1640130000.0,1941.28,1935.58,23.33,3.91,0.85,28294200,39629500.0,2026-08-06,16:14:56
600408,安泰集团,2.87,2.77,2.79,2.9,2.73,874191.0,247080000.0,28.9,28.9,-9.9,2.5,8.68,52090700,35328400.0,2026-08-06,16:14:39
600409,三友化工,6.51,6.55,6.56,6.59,6.43,312475.0,203370000.0,134.39,134.39,789.39,0.98,1.51,14235000,17012500.0,2026-08-06,16:14:43
600410,华胜天成,15.97,16.15,15.85,16.4,15.65,1367714.0,2195130000.0,175.11,175.11,-82.31,4.07,12.47,61829200,74942200.0,2026-08-06,16:14:56
600415,小商品城,12.23,12.4,12.42,12.68,12.12,778016.0,958500000.0,670.64,670.64,15.27,3.17,1.42,32289400,45512200.0,2026-08-06,16:14:55
600416,湘电股份,9.18,9.35,9.32,9.34,9.1,163197.0,150130000.0,135.48,135.48,60.72,1.39,1.11,6900100,9419500.0,2026-08-06,16:14:31
600418,江淮汽车,24.25,25.5,25.38,25.56,23.79,1222142.0,2989790000.0,546.64,529.62,-26.21,4.34,5.6,53295500,68918700.0,2026-08-06,16:14:37
600419,天润乳业,8.66,8.69,8.76,8.81,8.53,64637.0,55890000.0,27.32,27.32,18.9,1.11,2.05,3148300,3315400.0,2026-08-06,16:14:43
600420,国药现代,8.58,8.69,8.68,8.69,8.51,80316.0,69000000.0,115.07,115.07,16.01,0.84,0.6,2901900,5129700.0,2026-08-06,16:14:31
600421,退市华嵘,0.24,0.24,0.0,0.0,0.0,0.0,0.0,0.47,0.47,6.93,3.37,0.0,0,0.0,2026-08-06,09:00:00
600422,昆药集团,8.75,8.82,8.83,8.84,8.58,108187.0,94020000.0,66.24,66.24,56.29,1.3,1.43,4420800,6397900.0,2026-08-06,16:14:52
600423,*ST柳化,2.83,2.79,2.77,2.83,2.75,63352.0,17660000.0,22.6,22.6,-150.97,4.18,0.79,3427600,2907600.0,2026-08-06,16:14:48
600425,青松建化,3.53,3.49,3.48,3.58,3.47,181594.0,63890000.0,56.65,56.65,18.56,0.9,1.13,10244800,7914600.0,2026-08-06,16:14:46
600426,华鲁恒升,21.23,21.0,20.92,21.35,20.82,433663.0,913910000.0,583.81,583.74,15.67,1.75,1.58,21424900,21941300.0,2026-08-06,16:14:58
600428,中远海特,12.0,11.73,11.71,12.12,11.63,730593.0,872710000.0,329.27,257.6,17.89,2.03,3.4,37492500,35566800.0,2026-08-06,16:14:31
600429,三元股份,4.47,4.54,4.55,4.56,4.43,130624.0,58500000.0,67.14,66.94,-31.52,1.39,0.87,5369400,7693000.0,2026-08-06,16:14:51
600433,冠豪高新,3.39,3.43,3.41,3.44,3.32,321860.0,108530000.0,59.33,59.33,-47.76,1.34,1.84,12098900,20087100.0,2026-08-06,16:14:53
600435,北方导航,10.66,10.77,10.72,10.79,10.56,153605.0,164010000.0,161.22,161.22,132.53,5.62,1.02,6046700,9313800.0,2026-08-06,16:14:36
600436,片仔癀,135.79,136.83,137.02,137.8,133.3,65037.0,876790000.0,819.24,819.24,43.07,5.74,1.08,2929100,3574600.0,2026-08-06,16:14:41
600438,通威股份,12.31,12.79,12.6,12.76,12.12,853263.0,1053270000.0,554.2,554.2,-5.89,1.59,1.9,33488500,51837800.0,2026-08-06,16:14:53
600439,ST瑞贝卡,1.9,1.85,1.87,1.91,1.84,586343.0,109900000.0,21.51,21.51,-25.47,0.85,5.18,34690500,23943900.0,2026-08-06,16:14:57
600444,国机通用,13.3,13.22,13.24,13.38,13.08,20976.0,27770000.0,19.47,19.47,34.91,2.63,1.43,1322500,775100.0,2026-08-06,16:14:55
600446,金证股份,11.43,11.7,11.5,12.05,11.38,419654.0,488390000.0,107.59,107.59,-88.1,3.04,4.46,19011700,22953700.0,2026-08-06,16:14:35
600448,华纺股份,2.79,2.75,2.74,2.8,2.71,128380.0,35390000.0,17.57,17.57,-6.08,1.93,2.04,6852000,5986000.0,2026-08-06,16:14:33
600449,宁夏建材,14.09,13.78,13.79,15.16,13.71,287278.0,417060000.0,67.38,67.38,36.22,0.92,6.01,15611900,13115900.0,2026-08-06,16:14:56
600452,涪陵电力,9.71,9.87,9.83,9.85,9.62,252382.0,244900000.0,149.2,149.2,34.56,2.64,1.64,9912900,15325300.0,2026-08-06,16:14:41
600455,博通股份,23.69,23.53,23.33,23.78,23.25,15724.0,36950000.0,14.8,14.8,32.46,4.32,2.52,770400,802100.0,2026-08-06,16:14:57
600456,宝钛股份,28.46,29.1,29.16,29.33,28.3,75698.0,217560000.0,135.98,135.98,35.91,1.92,1.58,3523600,4046200.0,2026-08-06,16:14:34
600458,时代新材,11.55,11.73,11.76,11.76,11.44,173844.0,201350000.0,109.99,100.39,21.14,1.36,2.0,6851800,10532700.0,2026-08-06,16:14:42
600459,贵研铂业,20.62,20.73,21.1,21.45,20.33,487492.0,1020770000.0,169.76,156.65,25.76,1.91,6.42,21803200,26945900.0,2026-08-06,16:14:57
600460,士兰微,31.16,30.62,29.9,31.7,29.8,1022784.0,3158700000.0,518.52,518.52,113.01,4.3,6.15,51537700,50740700.0,2026-08-06,16:14:35
600461,洪城环境,8.93,8.95,8.94,9.0,8.86,112041.0,99890000.0,114.68,114.68,9.74,1.19,0.87,5212700,5991400.0,2026-08-06,16:14:36
600462,退市九有,0.21,0.21,0.0,0.0,0.0,0.0,0.0,1.3,1.26,562.17,3.49,0.0,0,0.0,2026-08-06,09:00:00
600463,空港股份,7.95,7.88,7.88,7.99,7.75,32080.0,25260000.0,23.85,23.85,-24.04,2.69,1.07,1557800,1650200.0,2026-08-06,16:14:42
600467,好当家,2.25,2.24,2.24,2.26,2.21,292977.0,65520000.0,32.87,32.87,93.32,0.96,2.01,16904000,12393700.0,2026-08-06,16:14:44
600468,百利电气,6.45,6.74,6.57,6.59,6.36,699371.0,451690000.0,70.16,70.16,84.93,3.49,6.43,26394200,43542900.0,2026-08-06,16:14:58
600469,风神股份,5.35,5.37,5.38,5.41,5.26,56573.0,30120000.0,47.62,39.03,18.44,1.04,0.78,2550300,3107000.0,2026-08-06,16:14:41
600470,六国化工,5.71,5.74,5.65,5.72,5.6,236961.0,134230000.0,29.78,29.78,-6.21,1.95,4.54,10563000,13133100.0,2026-08-06,16:14:46
600475,华光环能,14.95,15.72,15.71,15.71,14.84,159794.0,241880000.0,142.92,140.96,38.15,1.7,1.69,6813000,9166500.0,2026-08-06,16:14:45
600476,*ST湘邮,9.3,8.94,8.99,9.3,8.95,19325.0,17710000.0,14.98,14.98,-3.22,-3.39,1.2,1108800,823700.0,2026-08-06,16:14:32
600477,杭萧钢构,2.43,2.44,2.43,2.45,2.38,344162.0,83150000.0,57.32,57.32,64.5,1.16,1.46,15306700,19109500.0,2026-08-06,16:14:54
600478,科力远,5.0,5.09,5.06,5.1,4.94,285031.0,142820000.0,84.7,84.7,59.57,2.78,1.68,12053900,16449200.0,2026-08-06,16:14:34
600479,千金药业,9.71,9.73,9.74,9.76,9.65,39625.0,38430000.0,47.79,40.64,15.51,1.64,0.95,1674000,2288500.0,2026-08-06,16:14:38
600480,凌云股份,8.68,8.91,8.85,8.9,8.61,165926.0,144760000.0,106.09,105.3,13.72,1.35,1.37,6080600,10512000.0,2026-08-06,16:14:44
600481,双良节能,4.32,4.35,4.33,4.39,4.25,466130.0,200720000.0,89.17,89.17,-6.61,2.05,2.26,19835400,26777700.0,2026-08-06,16:14:31
600482,中国动力,29.02,28.46,28.0,29.09,28.0,202025.0,580450000.0,658.25,658.25,44.08,1.63,0.89,11438400,8764100.0,2026-08-06,16:14:44
600483,福能股份,10.66,10.75,10.75,10.77,10.58,134312.0,143180000.0,296.36,296.36,10.38,1.1,0.48,6888500,6542600.0,2026-08-06,16:14:30
600486,扬农化工,54.86,55.37,55.08,55.55,54.0,62252.0,340970000.0,221.7,221.7,17.62,1.92,1.54,2582900,3642300.0,2026-08-06,16:14:53
600487,亨通光电,56.15,54.41,53.87,57.18,53.68,2889339.0,16026990000.0,1384.88,1377.72,42.89,4.36,11.78,136987100,151946800.0,2026-08-06,16:14:46
600488,津药药业,5.86,5.55,5.59,5.93,5.38,1517865.0,860910000.0,63.98,63.98,242.31,2.14,13.9,83043400,68743200.0,2026-08-06,16:14:48
600489,中金黄金,25.11,24.25,25.49,25.93,24.78,1587078.0,4027390000.0,1217.16,1217.16,19.4,3.71,3.27,77428900,81278900.0,2026-08-06,16:14:41
600490,鹏欣资源,7.01,7.02,7.24,7.29,6.9,727587.0,515390000.0,155.12,139.68,68.03,2.46,3.65,30458400,42300300.0,2026-08-06,16:14:32
600491,ST龙元,1.24,1.24,1.24,1.25,1.23,270776.0,33460000.0,18.97,18.97,-0.65,0.27,1.77,11296900,15780700.0,2026-08-06,16:14:50
600493,凤竹纺织,5.92,5.81,5.81,5.94,5.76,52907.0,30950000.0,16.1,16.1,262.59,1.45,1.95,3137400,2153300.0,2026-08-06,16:14:38
600495,晋西车轴,3.85,3.83,3.83,3.87,3.79,97351.0,37280000.0,46.52,46.52,217.59,1.43,0.81,5321900,4413200.0,2026-08-06,16:14:50
600496,精工钢构,3.29,3.32,3.33,3.34,3.25,253173.0,83050000.0,65.48,65.48,10.36,0.73,1.27,10007200,15310100.0,2026-08-06,16:14:42
600497,驰宏锌锗,10.32,10.26,10.35,10.61,10.19,2322693.0,2416220000.0,520.17,520.17,43.25,3.09,4.61,112316200,119953100.0,2026-08-06,16:14:43
600498,烽火通信,37.79,36.9,36.16,38.37,36.16,885615.0,3310590000.0,513.25,480.55,122.49,2.94,6.96,41854600,46706900.0,2026-08-06,16:14:57
600499,科达制造,14.4,14.52,14.2,14.73,14.1,627894.0,899570000.0,276.17,276.17,17.83,2.2,3.27,29244300,33545100.0,2026-08-06,16:14:33
600500,中化国际,5.01,4.97,4.92,5.04,4.84,810032.0,401640000.0,179.77,179.77,-8.8,1.77,2.26,39125600,41877600.0,2026-08-06,16:14:33
600501,航天晨光,14.87,14.73,14.63,15.13,14.57,75562.0,112420000.0,63.62,63.62,-30.97,4.35,1.77,3500100,4056100.0,2026-08-06,16:14:46
600502,安徽建工,4.6,4.64,4.64,4.65,4.52,354823.0,162280000.0,78.96,78.96,5.1,0.66,2.07,13724100,21758200.0,2026-08-06,16:14:32
600503,华丽家族,2.14,2.12,2.12,2.15,2.09,333461.0,70680000.0,34.29,34.29,-42.92,0.99,2.08,16971000,16375100.0,2026-08-06,16:14:57
600505,西昌电力,11.31,11.37,11.33,11.39,11.08,93258.0,104690000.0,41.23,41.23,301.62,3.39,2.56,3958100,5367600.0,2026-08-06,16:14:47
600506,统一股份,14.63,14.45,14.44,14.66,14.3,59706.0,86700000.0,36.52,36.52,104.98,7.3,2.39,3216500,2754100.0,2026-08-06,16:14:53
600507,方大特钢,4.34,4.39,4.37,4.42,4.29,280227.0,121710000.0,100.39,100.39,12.55,1.02,1.21,8933500,19089200.0,2026-08-06,16:14:50
600508,上海能源,8.72,8.49,8.48,8.83,8.44,159516.0,137940000.0,88.23,88.23,46.48,0.7,1.58,8769500,7182100.0,2026-08-06,16:14:51
600509,天富能源,7.69,7.84,7.78,7.82,7.63,267031.0,205610000.0,105.69,105.69,47.04,1.38,1.94,9069600,17633500.0,2026-08-06,16:14:31
600510,黑牡丹,6.89,6.75,6.76,6.92,6.7,103359.0,70490000.0,71.11,71.11,84.17,0.68,1.0,5301700,5034200.0,2026-08-06,16:14:51
600511,国药股份,27.36,27.55,27.56,27.69,27.16,46144.0,126180000.0,206.43,151.4,10.26,1.12,0.83,1863000,2751400.0,2026-08-06,16:14:39
600512,腾达建设,2.02,2.02,2.02,2.02,1.98,180010.0,36040000.0,32.07,32.07,272.37,0.52,1.13,8348200,9652800.0,2026-08-06,16:14:38
600513,联环药业,17.71,17.28,17.35,18.09,17.09,383118.0,673090000.0,50.55,50.55,-43.97,4.02,13.42,18868700,19443100.0,2026-08-06,16:14:50
600515,海南机场,2.91,2.95,2.95,2.96,2.88,817873.0,238160000.0,332.48,267.02,144.16,1.37,0.89,30762900,51024400.0,2026-08-06,16:14:49
600516,方大炭素,5.21,5.26,5.27,5.31,5.16,479786.0,251040000.0,209.75,209.75,220.89,1.29,1.19,18275600,29703000.0,2026-08-06,16:14:54
600517,国网英大,5.07,5.14,5.12,5.14,5.02,243699.0,123420000.0,289.92,289.92,12.52,1.24,0.43,8177800,16192100.0,2026-08-06,16:15:00
600518,康美药业,1.34,1.37,1.37,1.37,1.33,1875633.0,251930000.0,185.31,185.22,-1257.04,2.55,1.36,60042900,127520400.0,2026-08-06,16:14:42
600519,贵州茅台,1308.55,1306.45,1310.0,1314.4,1300.01,25463.0,3326230000.0,16357.94,16357.94,19.78,7.02,0.2,1211500,1334800.0,2026-08-06,16:14:36
600520,三佳科技,23.95,23.33,23.0,24.1,22.89,95746.0,226700000.0,37.94,37.94,283.19,9.64,6.04,5132700,4441900.0,2026-08-06,16:14:36
600521,华海药业,16.46,16.66,16.58,16.9,16.42,297593.0,494390000.0,246.45,246.45,66.04,2.61,1.99,13717300,16042000.0,2026-08-06,16:14:34
600522,中天科技,32.29,32.0,31.25,33.09,31.25,2897839.0,9327450000.0,1102.04,1102.04,34.51,2.97,8.49,139660800,150123000.0,2026-08-06,16:14:49
600523,贵航股份,11.38,11.43,11.43,11.49,11.22,39837.0,45290000.0,46.01,45.98,23.43,1.44,0.99,2023600,1960100.0,2026-08-06,16:14:49
600525,ST长园,4.92,4.8,4.81,4.96,4.81,102393.0,50150000.0,64.88,64.88,-6.25,2.31,0.78,5932900,4306400.0,2026-08-06,16:14:44
600526,菲达环保,4.4,4.42,4.42,4.43,4.35,65404.0,28680000.0,39.1,38.41,12.64,0.85,0.75,2791700,3748700.0,2026-08-06,16:14:44
600527,江南高纤,2.19,2.18,2.17,2.2,2.14,445530.0,96560000.0,37.93,37.93,173.22,1.88,2.57,24217500,20335600.0,2026-08-06,16:14:55
600528,中铁工业,7.21,7.25,7.24,7.27,7.15,120157.0,86510000.0,160.17,160.17,11.71,0.63,0.54,4750000,7265700.0,2026-08-06,16:14:48
600529,山东药玻,19.31,19.45,19.45,19.5,19.2,96946.0,187220000.0,128.14,128.14,19.21,1.55,1.46,3956900,5737700.0,2026-08-06,16:14:34
600530,ST交昂,3.94,4.24,4.01,4.02,3.88,448123.0,177140000.0,30.53,30.53,750.12,9.71,5.78,19382000,25430400.0,2026-08-06,16:14:45
600531,豫光金铅,12.97,12.85,13.27,13.45,12.73,835356.0,1089710000.0,156.84,156.84,17.31,2.29,6.91,39568100,43967500.0,2026-08-06,16:14:32
600533,栖霞建设,2.16,2.09,2.07,2.16,2.06,173583.0,36880000.0,22.68,22.68,-1.19,1.71,1.65,10715500,6642800.0,2026-08-06,16:14:46
600535,天士力,15.49,15.72,15.78,15.95,15.48,199772.0,312270000.0,231.41,231.41,18.92,1.77,1.34,8663300,11313900.0,2026-08-06,16:14:38
600536,中国软件,32.77,33.53,33.01,33.94,32.43,267735.0,885300000.0,306.0,276.47,-886.84,8.7,3.17,12699800,14073700.0,2026-08-06,16:14:48
600537,*ST亿晶,2.23,2.31,2.32,2.33,2.16,277005.0,61680000.0,26.4,26.4,-4.89,-18.16,2.34,9251600,18448900.0,2026-08-06,16:14:31
600538,国发股份,4.98,4.91,4.93,5.01,4.88,76643.0,37990000.0,26.11,26.11,-26.55,3.84,1.46,3906200,3758100.0,2026-08-06,16:14:58
600539,狮头股份,14.59,14.33,14.25,14.63,14.04,163205.0,234970000.0,33.56,33.56,-153.21,11.17,7.1,8834800,7485700.0,2026-08-06,16:14:41
600540,新赛股份,3.92,3.89,3.84,3.98,3.77,735859.0,285210000.0,22.79,22.79,-19.2,5.92,12.66,38024200,35561600.0,2026-08-06,16:14:52
600543,*ST莫高,3.89,3.89,3.87,3.92,3.84,16351.0,6350000.0,12.49,12.49,-11.75,1.8,0.51,719000,916100.0,2026-08-06,16:14:47
600545,卓郎智能,4.35,4.28,4.2,4.38,4.18,860654.0,370030000.0,77.77,77.77,-14.19,2.97,4.81,43925500,42139800.0,2026-08-06,16:14:44
600546,山煤国际,13.22,12.24,12.27,13.27,12.24,609563.0,780650000.0,262.08,262.08,19.56,1.64,3.07,32636100,28320200.0,2026-08-06,16:14:34
600547,山东黄金,29.96,28.95,30.53,30.72,29.35,1214651.0,3653820000.0,1381.13,1082.89,26.77,4.43,3.36,59506700,61958400.0,2026-08-06,16:14:42
600548,深高速,8.42,8.48,8.45,8.5,8.37,31628.0,26620000.0,213.69,144.35,18.1,0.93,0.18,1234700,1928100.0,2026-08-06,16:14:31
600549,厦门钨业,57.47,53.72,55.87,58.28,54.0,1446573.0,8079790000.0,912.39,893.04,30.08,5.16,9.31,71159100,73498200.0,2026-08-06,16:14:55
600550,保变电气,11.9,12.32,12.2,12.3,11.84,536473.0,641230000.0,219.14,219.14,96.0,24.56,2.91,18985100,34662200.0,2026-08-06,16:14:43
600551,时代出版,6.97,7.02,7.03,7.04,6.9,36959.0,25720000.0,47.26,47.26,11.79,0.81,0.55,1777600,1918300.0,2026-08-06,16:14:53
600552,凯盛科技,17.57,17.08,16.9,17.79,16.77,776427.0,1353000000.0,165.97,165.97,125.03,3.89,8.22,38678800,38963900.0,2026-08-06,16:14:38
600556,天下秀,5.21,5.54,5.27,5.68,5.13,1785409.0,955370000.0,94.18,94.18,453.73,2.46,9.88,75050400,103490500.0,2026-08-06,16:14:43
600557,康缘药业,12.29,12.57,12.57,12.58,12.17,95917.0,118010000.0,69.58,69.58,23.21,1.42,1.69,3852400,5739300.0,2026-08-06,16:14:52
600558,XD大西洋,4.82,4.83,4.82,4.84,4.75,99429.0,47670000.0,43.26,43.26,21.97,1.82,1.11,4284400,5658500.0,2026-08-06,16:14:58
600559,老白干酒,12.04,12.13,12.16,12.2,11.91,171999.0,206850000.0,110.14,110.14,24.87,2.08,1.88,7403000,9796900.0,2026-08-06,16:14:39
600560,金自天正,11.07,11.06,11.0,11.12,10.88,19044.0,20960000.0,24.76,24.76,48.99,2.55,0.85,1003200,901200.0,2026-08-06,16:14:47
600561,江西长运,5.57,5.45,5.45,5.57,5.34,51396.0,28120000.0,15.85,15.85,109.66,1.74,1.81,2944700,2195000.0,2026-08-06,16:14:55
600562,国睿科技,25.21,25.21,25.1,25.46,24.5,89737.0,224100000.0,313.07,313.07,49.66,4.79,0.72,3765200,5208500.0,2026-08-06,16:14:31
600563,法拉电子,137.22,141.69,140.01,140.38,135.41,63523.0,875890000.0,308.75,308.75,25.82,5.34,2.82,2663300,3689000.0,2026-08-06,16:14:47
600566,济川药业,27.09,26.22,26.2,27.1,26.1,95196.0,254150000.0,249.7,248.85,14.37,1.86,1.04,4935400,4584200.0,2026-08-06,16:14:48
600567,山鹰国际,1.34,1.35,1.35,1.35,1.33,534971.0,71620000.0,84.52,84.52,-5.07,0.57,0.85,17918800,35578300.0,2026-08-06,16:14:44
600568,ST中珠,2.25,2.26,2.26,2.26,2.23,61668.0,13850000.0,44.84,37.55,-38.5,2.77,0.37,2611900,3554900.0,2026-08-06,16:14:47
600569,安阳钢铁,1.79,1.81,1.81,1.82,1.76,199146.0,35650000.0,51.42,51.42,-4.27,3.53,0.69,8539100,11375500.0,2026-08-06,16:14:55
600570,恒生电子,23.17,23.33,23.06,23.85,22.9,399371.0,929580000.0,438.76,438.76,32.78,4.57,2.11,17581100,22356000.0,2026-08-06,16:14:31
600571,信雅达,10.99,10.87,10.79,11.68,10.78,213420.0,237510000.0,51.25,50.31,145.7,4.51,4.66,10243100,11098900.0,2026-08-06,16:14:56
600572,康恩贝,4.24,4.28,4.27,4.29,4.21,432685.0,183280000.0,107.63,107.35,22.27,1.56,1.71,17455000,25813500.0,2026-08-06,16:14:47
600573,惠泉啤酒,9.69,9.74,9.77,9.78,9.56,51469.0,49750000.0,24.23,24.23,29.58,1.81,2.06,2211900,2935000.0,2026-08-06,16:14:58
600575,淮河能源,3.41,3.49,3.49,3.49,3.37,651153.0,221610000.0,244.39,132.52,15.71,1.17,1.68,26956000,38159300.0,2026-08-06,16:14:50
600576,祥源文旅,5.59,5.66,5.65,5.67,5.53,71894.0,40130000.0,58.95,36.92,57.38,2.28,1.09,2637600,4551800.0,2026-08-06,16:14:52
600577,精达股份,8.15,8.24,8.2,8.32,8.08,533875.0,437390000.0,181.89,181.89,29.79,2.97,2.39,21901700,31485800.0,2026-08-06,16:14:49
600578,京能电力,5.87,5.99,5.99,5.99,5.78,1148104.0,671030000.0,392.97,392.97,11.08,1.63,1.71,44781700,70028700.0,2026-08-06,16:15:00
600579,中化装备,7.26,7.21,7.21,7.3,7.11,66227.0,47760000.0,35.84,35.84,-27.75,2.36,1.34,3133000,3489700.0,2026-08-06,16:14:43
600580,卧龙电驱,36.23,36.86,35.97,37.4,35.6,861096.0,3151920000.0,565.96,564.33,49.91,5.2,5.53,40667500,45442100.0,2026-08-06,16:14:36
600581,*ST八钢,2.31,2.31,2.3,2.32,2.28,68630.0,15780000.0,35.41,35.41,-1.93,-1.68,0.45,3006500,3856500.0,2026-08-06,16:14:32
600582,天地科技,4.83,4.84,4.83,4.86,4.78,198435.0,95550000.0,199.89,199.89,13.85,0.81,0.48,8451700,11391800.0,2026-08-06,16:14:44
600583,海油工程,5.6,5.61,5.6,5.64,5.51,245596.0,137280000.0,247.6,247.6,12.49,0.88,0.56,11387500,13172100.0,2026-08-06,16:14:35
600584,长电科技,75.87,68.97,67.01,75.87,67.01,2359071.0,17259960000.0,1357.63,1357.63,82.17,4.75,13.18,123433000,112474100.0,2026-08-06,16:14:44
600585,海螺水泥,17.8,17.74,17.69,17.82,17.55,254157.0,449740000.0,939.32,707.99,12.09,0.49,0.64,12374000,13041700.0,2026-08-06,16:14:42
600586,金晶科技,4.22,4.23,4.25,4.26,4.15,117017.0,49230000.0,59.81,59.81,-7.98,1.19,0.83,5182100,6519600.0,2026-08-06,16:14:50
600587,新华医疗,12.72,12.9,12.91,12.92,12.68,61236.0,78050000.0,77.17,77.17,15.75,0.99,1.01,2463700,3660000.0,2026-08-06,16:14:54
600588,用友网络,11.99,11.85,11.64,12.45,11.61,1541442.0,1860110000.0,409.7,409.7,-29.77,5.94,4.51,80017200,74127100.0,2026-08-06,16:14:51
600589,大位科技,8.22,8.32,8.3,8.39,8.13,788484.0,651340000.0,121.79,121.53,-119.28,20.01,5.33,34942900,43905500.0,2026-08-06,16:14:31
600590,泰豪科技,8.55,8.66,8.6,8.69,8.43,262915.0,225110000.0,72.92,72.13,97.05,2.26,3.12,10952500,15339100.0,2026-08-06,16:14:48
600592,龙溪股份,14.54,14.57,14.56,14.82,14.34,83759.0,121780000.0,58.1,58.1,41.95,2.28,2.1,3650900,4725000.0,2026-08-06,16:14:56
600593,大连圣亚,39.23,39.04,38.8,39.5,38.68,32112.0,125440000.0,51.17,50.53,100.13,24.48,2.49,1495500,1715700.0,2026-08-06,16:14:58
600594,益佰制药,3.53,3.56,3.56,3.59,3.46,265102.0,93380000.0,27.69,27.69,-7.92,1.3,3.38,11456800,15053400.0,2026-08-06,16:14:40
600595,中孚实业,6.55,6.67,6.69,6.73,6.45,1436213.0,941820000.0,262.52,262.52,9.41,1.43,3.58,56531600,87089700.0,2026-08-06,16:14:37
600596,新安股份,10.93,10.86,10.8,11.06,10.74,369563.0,402760000.0,147.51,147.51,70.24,1.19,2.74,17286800,19669500.0,2026-08-06,16:14:52
600597,光明乳业,6.83,6.92,6.93,6.94,6.78,101441.0,69350000.0,94.15,94.15,-42.11,1.02,0.74,4059900,6084200.0,2026-08-06,16:14:58
600598,北大荒,12.2,12.17,12.17,12.35,12.05,250170.0,304840000.0,216.88,216.88,17.95,2.85,1.41,11914700,13102200.0,2026-08-06,16:14:38
600599,退市熊猫,0.43,0.43,0.0,0.0,0.0,0.0,0.0,0.71,0.71,4.57,0.57,0.0,0,0.0,2026-08-06,09:00:00
600600,青岛啤酒,53.56,54.02,54.02,54.1,53.31,58940.0,316010000.0,730.66,379.81,15.62,2.5,0.83,2056300,3837700.0,2026-08-06,16:14:34
600601,方正科技,11.7,10.64,10.39,11.7,10.39,3512079.0,4024130000.0,500.03,487.92,79.96,10.25,8.42,175483000,175724900.0,2026-08-06,16:14:31
600602,云赛智联,18.14,18.55,18.25,18.59,17.9,457923.0,834000000.0,248.1,194.88,126.48,5.1,4.26,19665100,26127200.0,2026-08-06,16:14:55
600603,广汇物流,4.56,4.64,4.63,4.68,4.5,115674.0,52820000.0,53.62,53.62,30.53,0.74,0.98,4706100,6861300.0,2026-08-06,16:14:47
600604,市北高新,4.58,4.58,4.57,4.67,4.52,117389.0,53840000.0,85.8,64.46,-24.34,1.43,0.83,5927100,5811800.0,2026-08-06,16:14:46
600605,汇通能源,23.01,22.94,23.0,23.6,22.65,35855.0,82210000.0,47.47,47.47,204.55,3.34,1.74,1720300,1865200.0,2026-08-06,16:14:53
600606,绿地控股,1.3,1.3,1.29,1.31,1.27,1242546.0,160190000.0,182.7,182.7,-0.71,0.47,0.88,66697000,57557500.0,2026-08-06,16:14:59
600608,退市沪科,0.17,0.17,0.0,0.0,0.0,0.0,0.0,0.56,0.54,128.8,1.36,0.0,0,0.0,2026-08-06,09:00:00
600609,金杯汽车,3.3,3.33,3.34,3.34,3.25,153049.0,50350000.0,43.05,43.05,20.49,2.59,1.17,6043100,9261800.0,2026-08-06,16:14:52
600610,中毅达,7.05,7.1,7.08,7.13,6.95,127040.0,89360000.0,75.52,49.97,136.21,54.31,1.79,4979700,7724300.0,2026-08-06,16:14:50
600611,大众交通,4.89,4.69,4.69,5.16,4.58,2595311.0,1269980000.0,115.61,76.45,-200.18,1.21,16.6,131606600,127924500.0,2026-08-06,16:14:57
600612,老凤祥,35.0,34.96,35.8,35.94,34.67,31186.0,109960000.0,183.09,110.99,10.84,1.4,0.98,1477000,1641600.0,2026-08-06,16:14:40
600613,神奇制药,5.0,4.94,4.95,5.0,4.87,76207.0,37630000.0,26.7,23.97,73.9,1.17,1.59,3555100,4065600.0,2026-08-06,16:14:55
600615,鑫源智造,9.18,9.13,9.13,9.24,9.0,18370.0,16740000.0,20.71,20.68,-149.06,2.87,0.82,1001200,835800.0,2026-08-06,16:14:46
600616,金枫酒业,4.16,4.13,4.14,4.17,4.09,48267.0,19950000.0,27.83,27.83,6765.99,1.46,0.72,2367300,2459400.0,2026-08-06,16:14:38
600617,国新能源,3.47,3.4,3.4,3.5,3.37,564282.0,193640000.0,66.94,61.61,-24.32,2.09,3.18,27919800,28508400.0,2026-08-06,16:14:46
600618,氯碱化工,10.5,10.45,10.43,10.51,10.3,66554.0,69340000.0,121.42,78.73,14.51,1.31,0.89,3406300,3249100.0,2026-08-06,16:14:57
600619,海立股份,14.19,14.46,14.32,14.55,14.1,253215.0,362370000.0,152.31,111.98,118.07,2.48,3.21,10412500,14909000.0,2026-08-06,16:14:31
600620,天宸股份,4.25,4.23,4.27,4.27,4.18,42338.0,17920000.0,29.18,29.18,478.17,2.05,0.62,2209400,2024400.0,2026-08-06,16:14:35
600621,华鑫股份,13.27,13.41,13.38,13.38,13.17,73049.0,96860000.0,140.78,140.78,21.54,1.53,0.69,2906600,4398300.0,2026-08-06,16:14:41
600622,光大嘉宝,2.19,2.19,2.18,2.2,2.15,175534.0,38200000.0,32.84,32.84,-2.37,1.64,1.17,9144300,8409100.0,2026-08-06,16:14:39
600623,华谊集团,8.64,8.35,8.61,8.82,8.43,400880.0,346270000.0,183.12,162.09,32.4,0.81,2.14,19059900,21028000.0,2026-08-06,16:14:56
600624,ST复华,3.96,3.87,3.87,3.99,3.86,64740.0,25380000.0,26.9,26.9,-13.43,6.33,0.95,3820500,2653500.0,2026-08-06,16:14:33
600626,申达股份,3.48,3.48,3.47,3.5,3.43,92412.0,32060000.0,45.96,45.96,103.46,1.44,0.7,5281200,3960000.0,2026-08-06,16:14:46
600628,新世界,6.07,6.05,6.03,6.08,5.98,53604.0,32340000.0,39.27,39.27,54.54,0.92,0.83,2600700,2759700.0,2026-08-06,16:14:40
600629,华建集团,15.59,15.57,15.5,16.24,15.32,606811.0,954990000.0,179.25,179.25,1152.96,3.44,5.28,28547600,32133600.0,2026-08-06,16:14:38
600630,龙头股份,6.7,6.67,6.64,6.71,6.56,131828.0,87470000.0,28.47,28.47,53.06,3.5,3.1,5853900,7328900.0,2026-08-06,16:14:31
600633,浙数文化,11.33,11.4,11.31,11.81,11.18,366767.0,419580000.0,143.67,143.67,24.4,1.41,2.89,15890400,20786300.0,2026-08-06,16:14:47
600635,大众公用,4.82,4.86,4.86,4.89,4.76,418546.0,201820000.0,142.31,116.59,52.34,1.63,1.73,18032000,23822700.0,2026-08-06,16:14:48
600636,退市国化,1.71,1.71,0.0,0.0,0.0,0.0,0.0,7.5,7.5,-2.85,0.43,0.0,0,0.0,2026-08-06,09:00:00
600637,东方明珠,8.19,8.34,8.3,8.37,8.13,413230.0,339700000.0,275.34,275.34,49.32,0.93,1.23,16221600,25101400.0,2026-08-06,16:14:52
600638,新黄浦,4.98,4.99,4.96,5.06,4.93,75958.0,37850000.0,33.54,33.54,26.13,0.72,1.13,3225500,4370300.0,2026-08-06,16:14:34
600639,浦东金桥,9.57,9.59,9.59,9.63,9.5,45923.0,43850000.0,107.41,81.37,10.3,0.73,0.54,2124900,2467400.0,2026-08-06,16:14:36
600640,国脉文化,10.85,11.06,11.0,11.22,10.78,67394.0,73800000.0,85.88,85.88,364.29,2.19,0.85,2746700,3992800.0,2026-08-06,16:14:32
600641,先导基电,28.44,26.58,26.2,28.48,26.01,913013.0,2526220000.0,269.29,264.67,630.24,3.2,9.81,47372200,43929100.0,2026-08-06,16:14:54
600642,申能股份,8.35,8.37,8.36,8.42,8.28,210396.0,175550000.0,408.66,408.63,10.78,1.14,0.43,9419600,11620000.0,2026-08-06,16:14:34
600643,爱建集团,4.07,4.08,4.05,4.11,4.02,119896.0,48710000.0,64.84,64.73,-3.23,0.66,0.75,5346800,6642800.0,2026-08-06,16:14:45
600644,乐山电力,10.35,10.3,10.3,10.44,10.15,477769.0,491760000.0,59.86,55.72,268.43,2.89,8.87,22545700,25231200.0,2026-08-06,16:14:57
600645,中源协和,18.87,18.95,18.98,19.47,18.81,117003.0,223650000.0,88.3,88.27,80.24,2.37,2.5,4949300,6751000.0,2026-08-06,16:14:36
600648,外高桥,9.06,8.91,8.84,9.07,8.84,37191.0,33400000.0,123.21,103.08,13.55,0.8,0.33,2090900,1628200.0,2026-08-06,16:14:31
600649,城投控股,3.7,3.72,3.7,3.73,3.65,142088.0,52500000.0,92.2,92.2,33.77,0.44,0.57,6435900,7772900.0,2026-08-06,16:14:36
600650,锦江在线,11.15,11.12,10.68,11.94,10.56,185784.0,204700000.0,61.5,43.55,43.13,1.47,4.76,7997700,10580700.0,2026-08-06,16:14:38
600651,飞乐音响,5.82,5.96,5.9,5.98,5.78,186962.0,109450000.0,145.91,145.91,242.57,5.78,0.75,7278100,11418100.0,2026-08-06,16:14:49
600653,申华控股,1.66,1.66,1.66,1.67,1.63,176407.0,29130000.0,32.31,32.31,-17.13,5.17,0.91,9088600,8552100.0,2026-08-06,16:14:35
600654,中安科,2.97,2.98,2.97,3.0,2.91,686056.0,202890000.0,84.51,68.83,116.16,5.14,2.96,30407300,38198300.0,2026-08-06,16:14:54
600655,豫园股份,4.61,4.65,4.68,4.69,4.56,144393.0,66710000.0,179.38,179.32,-3.74,0.6,0.37,7386700,7052600.0,2026-08-06,16:15:00
600657,信达地产,2.62,2.62,2.62,2.64,2.55,184542.0,48060000.0,74.72,74.72,-0.92,0.48,0.65,9018000,9436200.0,2026-08-06,16:14:31
600658,电子城,4.09,4.03,4.01,4.11,3.98,130998.0,53070000.0,45.75,45.75,-2.41,1.13,1.17,6911700,6188100.0,2026-08-06,16:14:31
600660,福耀玻璃,56.05,56.58,56.58,56.58,55.85,96033.0,538820000.0,1462.76,1122.67,16.26,4.06,0.48,4289400,5313900.0,2026-08-06,16:14:35
600661,昂立教育,9.33,9.73,9.48,9.73,9.21,174584.0,164440000.0,26.74,26.74,27.32,10.49,6.09,8833800,8624700.0,2026-08-06,16:15:00
600662,外服控股,4.45,4.52,4.52,4.54,4.43,136449.0,60990000.0,101.61,101.32,14.99,1.87,0.6,6343300,7301700.0,2026-08-06,16:14:37
600663,陆家嘴,9.06,8.83,8.79,9.15,8.78,320042.0,288670000.0,456.18,285.9,30.04,1.79,1.01,17248100,14756000.0,2026-08-06,16:14:31
600664,哈药股份,6.22,6.77,6.85,6.92,6.1,5322894.0,3483930000.0,156.65,156.65,50.56,2.67,21.14,236792600,295496800.0,2026-08-06,16:14:36
600665,天地源,3.33,3.03,3.04,3.33,3.01,334917.0,108550000.0,28.78,28.78,-2.06,2.03,3.88,18099800,15392000.0,2026-08-06,16:14:36
600666,奥瑞德,3.91,3.93,3.82,4.01,3.82,2464899.0,967920000.0,107.58,97.83,76.82,9.81,9.85,123687000,122802900.0,2026-08-06,16:14:49
600667,太极实业,19.17,18.45,17.8,19.6,17.75,4541066.0,8512310000.0,400.95,400.95,87.3,4.66,21.71,223612600,230494000.0,2026-08-06,16:14:43
600668,尖峰集团,7.33,7.3,7.3,7.34,7.23,48337.0,35240000.0,30.27,30.27,-16.04,0.56,1.17,2365300,2468400.0,2026-08-06,16:14:45
600671,天目药业,21.88,22.06,22.15,22.49,21.0,45771.0,98310000.0,26.65,26.64,163.02,36.09,3.76,1864400,2712700.0,2026-08-06,16:14:59
600673,东阳光,32.17,32.56,32.0,33.2,31.78,475841.0,1546900000.0,968.17,965.6,829.6,9.75,1.59,23581700,24002400.0,2026-08-06,16:14:31
600674,川投能源,15.01,14.98,15.0,15.04,14.88,238548.0,356830000.0,731.68,731.68,15.48,1.67,0.49,12113800,11741000.0,2026-08-06,16:14:53
600675,中华企业,2.26,2.26,2.26,2.28,2.2,290350.0,65110000.0,136.64,136.64,-31.5,0.95,0.48,12400100,16634800.0,2026-08-06,16:14:55
600676,久事动娱,6.98,7.39,7.35,7.35,6.88,256526.0,181010000.0,71.79,71.79,-21.26,1.51,2.49,9655400,15997200.0,2026-08-06,16:14:51
600678,ST金顶,5.69,5.56,5.54,5.7,5.51,102682.0,57570000.0,19.86,19.86,-222.0,7.7,2.94,5761400,4506800.0,2026-08-06,16:14:53
600679,上海凤凰,9.51,9.5,9.45,9.58,9.33,26094.0,24670000.0,47.1,32.69,53.45,2.24,0.76,1236400,1373000.0,2026-08-06,16:14:55
600681,百川能源,3.42,3.41,3.4,3.43,3.37,210613.0,71600000.0,45.86,45.82,18.71,1.27,1.57,11071800,9989500.0,2026-08-06,16:14:31
600682,南京新百,5.55,5.61,5.61,5.62,5.5,112763.0,62560000.0,74.65,64.61,-7.95,0.45,0.97,4240800,7035500.0,2026-08-06,16:14:51
600683,京投发展,8.84,8.55,8.5,8.86,8.5,172498.0,150650000.0,65.48,65.48,-5.48,-5.2,2.33,8424800,8825000.0,2026-08-06,16:14:39
600684,珠江股份,3.47,3.48,3.45,3.48,3.4,117390.0,40380000.0,38.38,29.62,61.89,3.05,1.38,5013300,6725700.0,2026-08-06,16:14:34
600685,中船防务,26.12,26.64,26.32,26.47,25.92,116910.0,306030000.0,369.21,214.56,30.26,2.05,1.42,3833700,7857300.0,2026-08-06,16:14:50
600686,金龙汽车,11.83,12.04,12.0,12.15,11.7,238491.0,282980000.0,84.83,84.83,14.84,2.43,3.33,9558100,14290900.0,2026-08-06,16:14:53
600688,上海石化,2.86,2.83,2.83,2.86,2.8,672634.0,190690000.0,301.52,209.6,-32.51,1.28,0.92,34514200,32749200.0,2026-08-06,16:14:38
600689,上海三毛,10.24,10.17,10.14,10.29,10.08,22807.0,23230000.0,20.58,15.59,177.03,4.38,1.5,1115800,1164900.0,2026-08-06,16:14:52
600690,海尔智家,22.12,22.34,22.32,22.39,21.91,343025.0,757640000.0,2074.33,1383.17,11.08,1.66,0.55,14100500,20201900.0,2026-08-06,16:14:39
600691,潞化科技,2.47,2.46,2.47,2.48,2.4,240898.0,58970000.0,58.69,58.68,-7.99,1.89,1.01,12149100,11940700.0,2026-08-06,16:14:40
600692,亚通股份,6.02,5.93,5.93,6.03,5.87,73299.0,43720000.0,21.18,15.35,79.02,2.18,2.87,4026300,3303600.0,2026-08-06,16:14:49
600693,东百集团,9.55,9.79,9.78,10.01,9.45,766750.0,738420000.0,83.07,82.98,162.28,2.32,8.82,32707200,43967700.0,2026-08-06,16:14:48
600694,大商股份,14.62,14.62,14.57,14.66,14.47,33374.0,48580000.0,55.38,55.38,11.07,0.63,0.88,1351800,1985700.0,2026-08-06,16:14:52
600696,退市岩石,0.74,0.74,0.0,0.0,0.0,0.0,0.0,2.48,2.48,-0.88,2.48,0.0,0,0.0,2026-08-06,09:00:00
600697,欧亚集团,10.5,10.41,10.4,10.51,10.29,26404.0,27510000.0,16.7,16.31,-32.36,0.75,1.7,1413500,1226900.0,2026-08-06,16:14:55
600698,湖南天雁,6.58,6.65,6.66,6.66,6.47,179017.0,117350000.0,70.32,54.64,-231.71,9.52,2.16,7792300,10109500.0,2026-08-06,16:14:45
600699,均胜电子,21.28,21.62,21.4,21.86,21.12,342742.0,734040000.0,330.0,297.0,23.61,1.91,2.46,14943700,19330500.0,2026-08-06,16:14:49
600702,舍得酒业,38.16,37.54,37.56,38.49,37.07,212830.0,802940000.0,126.73,126.67,116.87,1.8,6.41,10345700,10937300.0,2026-08-06,16:14:40
600703,三安光电,13.71,13.35,13.14,13.98,13.11,2527123.0,3457020000.0,683.99,683.99,-137.45,1.96,5.07,124780500,127931700.0,2026-08-06,16:14:44
600704,物产中大,5.02,4.99,4.98,5.04,4.94,415848.0,207290000.0,259.59,259.59,7.19,0.62,0.8,20291600,21293200.0,2026-08-06,16:14:46
600705,中航产融,3.47,3.47,0.0,0.0,0.0,0.0,0.0,306.09,305.51,154.05,0.82,0.0,0,0.0,2026-08-06,09:00:00
600706,曲江文旅,7.58,7.63,7.64,7.71,7.48,46762.0,35420000.0,19.33,19.26,-11.57,4.31,1.84,2247300,2428900.0,2026-08-06,16:14:37
600707,彩虹股份,9.18,8.91,8.74,9.3,8.7,1452450.0,1322440000.0,329.41,329.35,573.27,1.53,4.05,73434100,71810900.0,2026-08-06,16:14:44
600708,光明地产,3.26,3.22,3.22,3.31,3.2,197768.0,64540000.0,72.65,72.54,-1.97,1.22,0.89,10422100,9354700.0,2026-08-06,16:14:58
600710,苏美达,10.72,10.85,10.84,10.89,10.65,81699.0,87730000.0,140.08,140.08,9.98,1.66,0.63,3208600,4961300.0,2026-08-06,16:14:49
600711,盛屯矿业,11.4,11.52,11.92,11.95,11.24,1510173.0,1744170000.0,352.33,352.33,12.99,1.97,4.89,70418500,80598800.0,2026-08-06,16:14:34
600712,南宁百货,5.45,5.67,5.5,5.7,5.4,465998.0,256620000.0,29.68,29.36,-92.84,3.92,8.65,19000700,27599100.0,2026-08-06,16:15:00
600713,南京医药,5.09,5.06,5.06,5.09,5.0,115519.0,58280000.0,66.59,65.65,10.7,0.93,0.9,6194000,5357900.0,2026-08-06,16:14:47
600714,金瑞矿业,15.35,14.82,14.82,16.3,14.76,414271.0,643370000.0,44.24,44.24,311.49,5.87,14.38,16349100,25078000.0,2026-08-06,16:14:43
600715,文投控股,1.62,1.64,1.64,1.65,1.59,322239.0,52150000.0,65.77,46.37,-104.16,6.08,1.13,12394200,19829700.0,2026-08-06,16:14:59
600716,凤凰股份,3.51,3.46,3.47,3.51,3.44,60135.0,20880000.0,32.86,32.86,-7.88,0.74,0.64,3217500,2796000.0,2026-08-06,16:14:46
600717,天津港,4.3,4.35,4.36,4.36,4.26,178062.0,76520000.0,124.44,124.44,11.76,0.62,0.62,6873800,10932400.0,2026-08-06,16:14:39
600718,东软集团,8.43,8.56,8.5,8.62,8.39,143361.0,121490000.0,100.86,100.86,-20.43,1.14,1.2,5757200,8578900.0,2026-08-06,16:14:42
600719,大连热电,7.62,7.59,7.59,7.62,7.42,129652.0,97510000.0,30.83,30.83,-51.72,7.65,3.2,6360400,6604800.0,2026-08-06,16:14:31
600720,中交设计,5.28,5.36,5.35,5.4,5.21,134065.0,70940000.0,121.15,53.28,8.46,0.77,1.33,4901800,8504700.0,2026-08-06,16:14:54
600721,百花医药,9.58,8.71,9.54,9.58,8.95,1258271.0,1188530000.0,36.84,36.84,138.44,4.65,32.72,53410300,72416800.0,2026-08-06,16:14:37
600722,金牛化工,10.75,10.95,10.68,11.12,10.43,800408.0,855450000.0,73.13,73.13,153.76,5.8,11.77,38068800,41972000.0,2026-08-06,16:14:42
600724,宁波富达,5.11,5.03,5.01,5.15,5.0,88928.0,45090000.0,73.85,73.84,39.82,2.68,0.62,4340200,4552600.0,2026-08-06,16:14:34
600725,云维股份,3.24,3.21,3.21,3.25,3.16,186045.0,59760000.0,39.93,39.93,-106.16,15.56,1.51,10133400,8471100.0,2026-08-06,16:14:34
600726,华电能源,6.26,6.24,6.18,6.29,6.02,1738188.0,1064580000.0,495.0,467.96,152.45,9.94,2.33,80311700,93507100.0,2026-08-06,16:14:58
600727,鲁北化工,7.64,7.53,7.56,7.68,7.4,369135.0,278740000.0,40.38,40.38,30.67,1.21,6.98,21068300,15845200.0,2026-08-06,16:14:45
600728,佳都科技,4.85,4.96,4.92,5.02,4.83,415103.0,203220000.0,103.43,103.43,157.23,1.31,1.95,16601100,24909200.0,2026-08-06,16:14:57
600729,重百集团,20.44,20.65,20.72,20.76,20.21,44643.0,91310000.0,90.03,39.34,12.54,1.13,2.32,1854100,2610200.0,2026-08-06,16:14:32
600730,*ST高科,11.58,10.9,10.8,11.73,10.78,137729.0,155550000.0,67.93,67.93,-52.79,4.05,2.35,7128700,6644200.0,2026-08-06,16:14:35
600731,湖南海利,5.78,5.81,5.79,5.83,5.69,63459.0,36540000.0,32.01,31.31,13.82,1.0,1.17,2551900,3794000.0,2026-08-06,16:14:34
600732,爱旭股份,12.36,12.53,12.52,12.88,12.2,375645.0,470140000.0,261.44,260.21,-13.33,5.53,1.78,16931300,20633200.0,2026-08-06,16:14:32
600733,北汽蓝谷,5.57,5.96,5.85,5.9,5.5,1859021.0,1054950000.0,354.65,336.7,-7.92,5.89,3.08,70062500,115839600.0,2026-08-06,16:14:53
600734,*ST实达,1.72,1.74,1.73,1.74,1.69,372761.0,63850000.0,37.47,37.46,-26.64,16.35,1.71,12188200,25087900.0,2026-08-06,16:14:54
600735,ST新华锦,6.51,6.42,6.38,6.6,6.38,41360.0,26880000.0,27.91,27.7,-21.46,2.62,0.97,1955900,2180100.0,2026-08-06,16:14:42
600736,苏州高新,6.71,6.77,6.75,6.77,6.62,238373.0,159560000.0,77.25,77.25,35.79,1.04,2.07,10367800,13469500.0,2026-08-06,16:14:48
600737,中粮糖业,12.82,12.97,12.98,13.38,12.63,611840.0,790740000.0,274.2,274.2,27.69,2.51,2.86,27202500,33981400.0,2026-08-06,16:14:33
600738,丽尚国潮,3.97,3.96,3.97,3.99,3.89,101300.0,39880000.0,30.23,30.2,18.15,1.45,1.33,4484600,5645400.0,2026-08-06,16:14:37
600739,辽宁成大,10.72,10.89,10.88,10.91,10.66,143556.0,154110000.0,163.19,163.19,17.36,0.56,0.94,5696500,8659100.0,2026-08-06,16:14:48
600740,山西焦化,3.62,3.54,3.53,3.66,3.52,473801.0,170190000.0,92.75,92.75,68.61,0.61,1.85,26280000,21100100.0,2026-08-06,16:14:51
600741,华域汽车,16.0,16.09,16.09,16.11,15.8,155444.0,247770000.0,504.44,504.44,7.03,0.78,0.49,7266000,8278300.0,2026-08-06,16:14:31
600742,富维股份,7.7,7.59,7.56,7.74,7.56,68583.0,52620000.0,57.22,57.22,12.77,0.68,0.92,3846400,3011900.0,2026-08-06,16:14:48
600743,华远控股,2.21,2.22,2.22,2.24,2.17,238572.0,52410000.0,51.85,51.85,-51.06,9.36,1.02,10737200,13120000.0,2026-08-06,16:14:51
600744,华银电力,7.16,7.37,7.37,7.37,7.06,1171119.0,837960000.0,145.43,145.43,100.76,11.28,5.77,46905300,70206600.0,2026-08-06,16:14:31
600745,*ST闻泰,16.76,17.08,16.87,17.05,16.61,348657.0,587260000.0,213.5,213.5,-2.32,0.91,2.74,13130100,21735600.0,2026-08-06,16:14:57
600746,江苏索普,6.6,6.61,6.62,6.66,6.47,171429.0,112720000.0,77.08,77.08,117.86,1.41,1.47,7815200,9327700.0,2026-08-06,16:14:40
600748,上实发展,3.89,3.93,3.9,3.92,3.81,173182.0,66790000.0,71.75,71.75,-10.98,0.69,0.94,8509500,8808700.0,2026-08-06,16:14:58
600749,西藏旅游,14.29,13.98,13.98,14.3,13.92,87858.0,124390000.0,32.43,32.43,261.6,3.12,3.87,5122400,3663400.0,2026-08-06,16:14:31
600750,华润江中,25.0,25.32,25.2,25.32,24.73,44890.0,112130000.0,158.9,157.21,17.46,4.23,0.71,2069200,2419800.0,2026-08-06,16:14:51
600751,海航科技,3.2,3.29,3.29,3.3,3.17,339242.0,108970000.0,92.78,82.34,127.24,1.24,1.32,14264900,19659300.0,2026-08-06,16:14:56
600753,ST海钦,10.15,9.73,9.57,10.17,9.57,17803.0,17550000.0,23.38,23.38,38.96,26.61,0.77,1124100,656200.0,2026-08-06,16:14:35
600754,锦江酒店,19.18,19.28,19.32,19.69,19.07,107543.0,207830000.0,204.52,173.78,19.93,1.31,1.19,4684300,6070000.0,2026-08-06,16:14:43
600755,厦门国贸,5.72,5.77,5.78,5.78,5.67,182700.0,104420000.0,122.27,121.96,35.77,0.64,0.86,7437200,10832800.0,2026-08-06,16:14:42
600756,浪潮软件,15.85,16.67,16.13,16.41,15.7,327073.0,524810000.0,55.42,51.37,-20.94,2.48,10.09,11830200,20877000.0,2026-08-06,16:14:51
600757,长江传媒,7.77,7.95,7.95,7.96,7.7,119180.0,92890000.0,94.3,94.29,9.94,0.96,0.98,4338200,7579800.0,2026-08-06,16:14:30
600758,辽宁能源,3.67,3.34,3.33,3.67,3.3,1023790.0,355760000.0,48.52,48.47,-10.03,0.91,7.75,51157300,51221700.0,2026-08-06,16:14:57
600759,ST洲际,2.33,2.35,2.34,2.36,2.32,992515.0,231750000.0,96.67,96.55,45.49,1.06,2.4,37899300,61352200.0,2026-08-06,16:14:58
600760,中航沈飞,42.65,42.52,42.5,42.88,42.19,128815.0,547770000.0,1209.1,1206.8,37.18,5.25,0.46,6287800,6593700.0,2026-08-06,16:14:41
600761,安徽合力,17.4,17.88,17.86,17.93,17.2,152077.0,266180000.0,154.98,154.98,12.75,1.45,1.71,5828300,9379400.0,2026-08-06,16:14:54
600763,通策医疗,35.89,36.4,36.4,36.5,35.5,72870.0,261480000.0,160.53,160.53,31.79,3.63,1.63,2673500,4613600.0,2026-08-06,16:14:46
600764,中国海防,18.33,18.54,18.55,18.65,18.17,75248.0,138310000.0,130.26,130.26,113.13,1.59,1.06,3431400,4093400.0,2026-08-06,16:14:49
600765,中航重机,13.47,13.55,13.54,13.59,13.33,140270.0,188540000.0,209.12,209.12,36.75,1.46,0.9,6003100,8023800.0,2026-08-06,16:14:58
600768,宁波富邦,14.63,14.44,14.41,14.64,14.28,31911.0,46250000.0,19.57,19.57,24.01,4.34,2.39,1842400,1348700.0,2026-08-06,16:14:58
600769,祥龙电业,14.75,14.49,14.3,14.92,14.3,116116.0,169790000.0,55.31,55.31,287.49,43.64,3.1,5516800,6094800.0,2026-08-06,16:14:53
600770,综艺股份,5.25,5.31,5.26,5.3,5.15,255880.0,133970000.0,68.25,68.25,50.05,2.01,1.97,10719600,14868300.0,2026-08-06,16:14:57
600771,广誉远,14.14,14.37,14.37,14.41,14.04,88835.0,125940000.0,69.21,69.21,104.56,4.07,1.81,3809400,5074100.0,2026-08-06,16:14:33
600773,西藏城投,11.15,11.0,10.99,11.32,10.95,226990.0,252470000.0,106.1,106.1,-18.57,2.5,2.39,9638900,13060100.0,2026-08-06,16:14:39
600774,汉商集团,6.86,6.69,6.7,6.86,6.69,39408.0,26680000.0,20.24,20.23,-11.06,1.37,1.34,2085600,1855200.0,2026-08-06,16:14:39
600775,南京熊猫,9.96,10.07,10.0,10.05,9.79,234185.0,232300000.0,91.02,66.92,278.53,2.93,3.49,9512900,13905600.0,2026-08-06,16:15:00
600776,东方通信,13.2,12.95,12.85,13.28,12.82,231934.0,304900000.0,165.79,126.19,36.25,4.42,2.43,10928000,12265400.0,2026-08-06,16:14:57
600777,新潮能源,4.36,4.29,4.29,4.37,4.28,261555.0,113270000.0,296.5,277.56,39.04,1.34,0.41,13198000,12957500.0,2026-08-06,16:14:40
600778,友好集团,5.36,5.33,5.31,5.38,5.26,53003.0,28240000.0,16.7,16.68,121.24,6.61,1.7,2713900,2586400.0,2026-08-06,16:14:56
600779,水井坊,28.51,28.85,28.92,28.99,28.3,42523.0,121340000.0,138.99,138.99,35.95,2.63,0.87,1736500,2515900.0,2026-08-06,16:14:51
600780,通宝能源,6.01,6.07,6.1,6.1,5.94,95975.0,57560000.0,68.9,68.9,10.57,0.82,0.84,3540400,6057100.0,2026-08-06,16:14:41
600782,新钢股份,2.82,2.86,2.85,2.88,2.79,453977.0,128140000.0,89.79,88.71,-12.85,0.36,1.44,16891000,28506800.0,2026-08-06,16:14:58
600783,鲁信创投,18.34,18.12,17.8,18.72,17.61,371036.0,676030000.0,136.52,136.52,81.76,3.14,4.98,18827300,18276300.0,2026-08-06,16:14:46
600784,鲁银投资,7.7,7.67,7.67,7.83,7.59,122747.0,94500000.0,52.03,52.03,35.67,1.58,1.82,6337900,5936800.0,2026-08-06,16:14:44
600785,新华百货,8.74,8.76,8.7,8.78,8.56,78143.0,67810000.0,27.61,27.61,46.38,1.21,2.47,3704700,4109600.0,2026-08-06,16:14:46
600787,中储股份,4.64,4.67,4.68,4.69,4.57,187149.0,86470000.0,100.69,100.69,18.61,0.73,0.86,7013900,11701000.0,2026-08-06,16:14:45
600789,鲁抗医药,7.36,7.34,7.44,7.47,7.29,253447.0,186460000.0,76.93,74.36,88.46,1.5,2.51,12114100,13230600.0,2026-08-06,16:14:36
600790,轻纺城,3.31,3.35,3.34,3.36,3.27,113655.0,37660000.0,48.52,48.52,15.99,0.84,0.78,4865900,6499600.0,2026-08-06,16:14:58
600791,京能置业,7.24,7.08,7.08,7.3,6.99,142796.0,102610000.0,32.79,32.75,-2.89,-5.41,3.16,7014400,7265200.0,2026-08-06,16:14:47
600792,云煤能源,3.66,3.53,3.54,3.68,3.54,314147.0,113830000.0,40.62,40.62,-8.27,1.66,2.83,19225500,12189200.0,2026-08-06,16:14:54
600793,宜宾纸业,14.48,14.46,14.4,14.56,14.2,106922.0,153780000.0,25.62,25.62,-175.89,11.31,6.04,5145600,5546600.0,2026-08-06,16:14:50
600794,保税科技,3.14,3.13,3.13,3.15,3.11,78359.0,24550000.0,37.68,37.68,-37.92,1.52,0.65,3942300,3893600.0,2026-08-06,16:14:31
600795,国电电力,5.02,5.0,4.98,5.03,4.95,1004803.0,501180000.0,895.35,895.35,13.27,1.53,0.56,50759500,49720800.0,2026-08-06,16:14:59
600796,钱江生化,5.03,5.0,4.99,5.04,4.96,48261.0,24140000.0,43.59,15.67,25.28,1.26,1.55,2482900,2343200.0,2026-08-06,16:14:54
600797,浙大网新,7.33,7.42,7.25,7.48,7.22,502336.0,369080000.0,75.32,75.32,-104.1,2.3,4.89,24239800,25993700.0,2026-08-06,16:14:59
600798,宁波海运,3.24,3.25,3.23,3.24,3.18,167641.0,53860000.0,39.09,39.09,59.64,1.0,1.39,5888800,10875300.0,2026-08-06,16:14:56
600800,渤海化学,3.4,3.36,3.36,3.41,3.31,227534.0,76420000.0,37.74,37.73,-6.08,3.86,2.05,12513100,10240300.0,2026-08-06,16:14:37
600801,华新建材,23.01,21.93,21.93,23.12,21.81,238448.0,542400000.0,478.38,308.72,14.72,1.48,1.78,11479600,12365300.0,2026-08-06,16:14:53
600802,福建水泥,4.46,4.39,4.39,4.48,4.33,64530.0,28510000.0,20.44,20.44,-13.7,2.23,1.41,3433600,3019500.0,2026-08-06,16:14:41
600803,新奥股份,17.37,17.27,17.36,17.48,17.15,66016.0,114240000.0,537.74,533.56,12.33,2.53,0.21,3381700,3219900.0,2026-08-06,16:14:44
600804,退市鹏博,0.14,0.14,0.0,0.0,0.0,0.0,0.0,2.32,1.95,-0.31,-2.44,0.0,0,0.0,2026-08-06,09:00:00
600805,悦达投资,4.4,4.4,4.39,4.41,4.31,65153.0,28410000.0,37.44,37.41,104.6,0.88,0.77,2939400,3576000.0,2026-08-06,16:14:43
600807,济高发展,2.54,2.5,2.51,2.56,2.47,165798.0,41680000.0,22.47,19.99,-10.97,7.6,2.11,9113900,7465900.0,2026-08-06,16:14:38
600808,马钢股份,2.58,2.62,2.63,2.64,2.54,623367.0,161080000.0,198.68,153.97,-888.57,0.83,1.04,23317100,39019600.0,2026-08-06,16:14:32
600809,山西汾酒,119.6,121.01,121.01,121.75,119.07,86861.0,1041980000.0,1459.08,1459.08,13.29,3.94,0.71,3957500,4728600.0,2026-08-06,16:14:44
600810,神马股份,6.43,6.37,6.36,6.45,6.29,112536.0,71770000.0,70.12,69.49,-40.16,1.01,1.04,6274900,4978700.0,2026-08-06,16:14:44
600811,*ST东方,0.36,0.36,0.0,0.0,0.0,0.0,0.0,13.17,13.17,-0.1,0.08,0.0,0,0.0,2026-08-06,09:00:00
600812,华北制药,4.76,4.76,4.76,4.79,4.68,204340.0,96770000.0,81.67,81.67,50.71,1.49,1.19,8963300,11470700.0,2026-08-06,16:14:45
600814,杭州解百,6.64,6.63,6.63,6.65,6.56,38109.0,25190000.0,48.81,48.81,21.4,1.3,0.52,1754100,2056800.0,2026-08-06,16:14:46
600815,厦工股份,3.28,3.36,3.36,3.38,3.18,812154.0,263640000.0,58.19,58.19,-71.1,4.0,4.58,37579100,43636300.0,2026-08-06,16:14:35
600816,建元信托,2.54,2.58,2.58,2.59,2.52,614019.0,156440000.0,250.05,138.92,22.55,1.63,1.12,28390600,33011300.0,2026-08-06,16:14:49
600817,宇通重工,9.26,9.33,9.32,9.35,9.17,19653.0,18150000.0,49.27,49.03,16.29,2.06,0.37,985400,979900.0,2026-08-06,16:14:44
600818,ST中路,7.42,7.14,7.13,7.48,7.04,121504.0,88640000.0,23.85,17.66,-33.0,4.78,5.11,7074700,5075700.0,2026-08-06,16:14:45
600819,耀皮玻璃,5.42,5.44,5.39,5.45,5.31,71369.0,38390000.0,52.94,42.78,45.19,1.37,0.9,3500400,3636600.0,2026-08-06,16:14:50
600820,隧道股份,5.43,5.47,5.49,5.49,5.37,203572.0,110300000.0,170.72,170.72,7.83,0.54,0.65,8571000,11786200.0,2026-08-06,16:14:37
600821,金开新能,6.47,6.64,6.57,6.61,6.39,760132.0,491440000.0,127.29,127.29,-332.23,1.41,3.86,28421100,47592100.0,2026-08-06,16:14:59
600822,上海物贸,8.24,8.25,8.26,8.29,8.11,31556.0,25830000.0,40.87,32.64,144.48,3.29,0.8,1836800,1318800.0,2026-08-06,16:14:42
600824,益民集团,3.53,3.55,3.53,3.56,3.48,77438.0,27240000.0,37.21,37.21,29.34,1.47,0.73,3761900,3981900.0,2026-08-06,16:14:41
600825,新华传媒,5.09,5.14,5.11,5.19,5.04,106446.0,54230000.0,53.18,53.18,124.85,2.14,1.02,4470700,6173900.0,2026-08-06,16:14:49
600826,兰生股份,8.03,8.2,8.21,8.21,7.94,51826.0,41700000.0,58.15,58.15,17.25,1.43,0.72,2225300,2957200.0,2026-08-06,16:14:56
600827,百联股份,7.74,7.84,7.85,7.85,7.69,149232.0,115700000.0,138.09,124.18,11.23,0.68,0.93,6140500,8782700.0,2026-08-06,16:14:35
600828,茂业商业,3.92,3.96,3.97,3.97,3.87,136604.0,53560000.0,67.89,67.87,-24.37,1.01,0.79,5579000,8081400.0,2026-08-06,16:14:58
600829,人民同泰,10.35,9.41,9.39,10.35,9.24,281058.0,277750000.0,60.02,60.02,43.98,1.96,4.85,10253300,17852500.0,2026-08-06,16:14:46
600830,香溢融通,8.1,8.06,8.05,8.12,7.99,38441.0,31010000.0,36.8,36.8,44.74,1.63,0.85,1889300,1954800.0,2026-08-06,16:14:45
600831,广电网络,3.33,3.35,3.34,3.37,3.27,121886.0,40500000.0,23.67,23.67,-1.54,6.68,1.71,5488000,6700600.0,2026-08-06,16:14:41
600833,第一医药,10.01,9.77,9.77,10.06,9.66,93602.0,92430000.0,22.33,22.33,29.28,1.92,4.2,4628500,4731700.0,2026-08-06,16:14:43
600834,申通地铁,7.36,7.33,7.33,7.36,7.22,18451.0,13450000.0,35.14,35.14,71.47,2.03,0.39,820600,1024500.0,2026-08-06,16:14:46
600835,上海机电,19.08,19.41,19.28,19.46,18.95,53809.0,103040000.0,192.19,153.88,25.04,1.37,0.67,2104300,3276700.0,2026-08-06,16:14:34
600838,上海九百,7.31,7.35,7.32,7.36,7.2,56787.0,41340000.0,29.3,29.3,68.38,1.9,1.42,2662600,3016100.0,2026-08-06,16:14:43
600839,四川长虹,6.98,7.05,7.02,7.13,6.91,825419.0,579330000.0,322.21,322.12,43.43,2.09,1.79,32256700,50285100.0,2026-08-06,16:14:39
600841,动力新科,5.86,5.99,5.98,5.98,5.79,150960.0,88500000.0,81.33,61.12,2.61,1.27,1.45,5726700,9369300.0,2026-08-06,16:14:54
600843,上工申贝,7.12,7.08,7.08,7.15,7.0,71313.0,50490000.0,50.78,33.41,-43.77,1.87,1.52,3103200,4028100.0,2026-08-06,16:14:34
600844,金煤科技,3.46,3.48,3.45,3.57,3.38,587544.0,202290000.0,35.17,28.47,-46.17,44.4,7.14,26211900,32542500.0,2026-08-06,16:14:42
600845,宝信软件,18.94,19.38,19.09,19.45,18.71,254789.0,483720000.0,541.29,404.19,43.59,5.12,1.19,11028300,14450500.0,2026-08-06,16:14:42
600846,同济科技,12.05,12.0,12.01,12.18,11.86,56914.0,68580000.0,75.28,75.28,31.07,1.73,0.91,2607700,3083700.0,2026-08-06,16:14:54
600847,万里股份,12.22,12.23,12.18,12.31,11.92,19445.0,23580000.0,18.73,18.73,-32.11,3.91,1.27,910800,1033700.0,2026-08-06,16:14:48
600848,上海临港,8.7,8.75,8.7,8.79,8.6,77186.0,67060000.0,219.46,208.27,23.81,1.35,0.32,3255000,4463600.0,2026-08-06,16:14:48
600850,电科数字,15.7,16.01,15.85,16.24,15.6,184840.0,293640000.0,128.15,128.15,42.21,2.67,2.26,8532700,9951300.0,2026-08-06,16:14:56
600851,海欣股份,7.92,8.01,8.03,8.09,7.82,80433.0,63690000.0,95.6,58.47,55.61,2.13,1.09,3285500,4757800.0,2026-08-06,16:14:39
600853,龙建股份,3.24,3.23,3.23,3.25,3.18,82696.0,26570000.0,32.84,32.84,8.36,0.78,0.82,3961100,4308500.0,2026-08-06,16:14:35
600854,春兰股份,4.43,4.39,4.39,4.43,4.33,55174.0,24210000.0,23.01,23.01,18.24,0.95,1.06,2917100,2600300.0,2026-08-06,16:14:56
600855,航天长峰,12.71,12.68,12.61,12.89,12.52,63955.0,81410000.0,59.55,59.44,-35.87,4.26,1.37,2851100,3544400.0,2026-08-06,16:14:30
600857,宁波中百,17.62,17.18,17.18,18.06,17.11,59033.0,103330000.0,39.53,39.53,84.74,4.52,2.63,2871900,3031400.0,2026-08-06,16:14:31
600858,银座股份,4.82,4.78,4.79,4.84,4.73,85458.0,40940000.0,25.07,24.95,43.26,0.91,1.65,4863900,3681900.0,2026-08-06,16:14:42
600859,王府井,10.12,10.27,10.29,10.29,10.04,154278.0,156320000.0,113.74,113.73,-259.26,0.59,1.37,5837200,9590700.0,2026-08-06,16:14:36
600860,京城股份,8.35,8.25,8.25,8.36,8.18,45682.0,37780000.0,45.72,37.08,-61.83,5.54,1.03,2533100,2035100.0,2026-08-06,16:14:31
600861,北京人力,13.58,13.6,13.55,13.66,13.41,22245.0,30010000.0,76.88,76.88,9.13,1.1,0.39,917500,1307000.0,2026-08-06,16:14:50
600862,中航高科,18.27,18.5,18.48,18.5,18.11,148851.0,272270000.0,254.51,254.51,27.55,3.34,1.07,5741300,9143800.0,2026-08-06,16:14:57
600863,华能蒙电,4.73,4.8,4.8,4.8,4.66,1152732.0,543550000.0,370.6,308.72,16.35,1.93,1.77,44230200,71042900.0,2026-08-06,16:14:57
600864,哈投股份,5.42,5.5,5.47,5.49,5.38,230551.0,125100000.0,112.77,112.77,36.55,0.88,1.11,8880300,14174800.0,2026-08-06,16:14:45
600865,百大集团,8.77,8.79,8.79,8.84,8.64,49527.0,43270000.0,33.0,33.0,158.65,1.43,1.32,2252100,2700600.0,2026-08-06,16:14:38
600866,星湖科技,4.43,4.49,4.46,4.49,4.34,339244.0,149810000.0,73.6,73.6,16.08,0.98,2.04,14643800,19280600.0,2026-08-06,16:14:47
600867,通化东宝,8.11,8.26,8.25,8.26,8.07,236234.0,191950000.0,158.84,158.84,12.84,2.39,1.21,9217700,14405600.0,2026-08-06,16:14:40
600868,梅雁吉祥,2.78,2.8,2.8,2.8,2.72,552561.0,152240000.0,52.77,52.77,-55.39,2.73,2.91,22803500,32452600.0,2026-08-06,16:14:52
600869,远东股份,15.6,15.14,14.98,15.83,14.92,1361342.0,2097700000.0,346.22,346.22,315.98,8.09,6.13,66033500,70100800.0,2026-08-06,16:14:49
600871,石化油服,2.22,2.21,2.2,2.24,2.18,1204951.0,266700000.0,420.85,300.74,65.22,4.38,0.89,58098600,62396500.0,2026-08-06,16:14:39
600872,中炬高新,19.26,19.72,19.66,19.67,19.16,145896.0,282530000.0,149.13,148.49,24.1,2.66,1.89,6559600,8030000.0,2026-08-06,16:14:34
600873,梅花生物,7.9,7.93,7.93,8.03,7.79,278732.0,220020000.0,221.54,221.54,9.31,1.46,0.99,11797100,16076100.0,2026-08-06,16:14:50
600874,创业环保,5.53,5.55,5.53,5.55,5.48,64843.0,35730000.0,86.84,68.04,9.82,0.85,0.53,2471400,4012900.0,2026-08-06,16:14:38
600875,东方电气,27.31,27.95,27.7,27.92,27.03,626719.0,1716990000.0,944.48,618.13,22.16,2.1,2.77,25871800,36800100.0,2026-08-06,16:14:47
600876,凯盛新能,7.03,6.99,7.01,7.04,6.88,26679.0,18620000.0,45.39,27.82,-3.97,1.65,0.67,1533100,1134800.0,2026-08-06,16:14:51
600877,电科芯片,12.91,13.01,12.94,13.1,12.73,174095.0,225010000.0,152.86,152.86,511.93,6.11,1.47,7647900,9761600.0,2026-08-06,16:14:34
600879,航天电子,16.05,15.9,15.77,16.36,15.7,1011261.0,1625660000.0,529.54,529.54,231.71,2.54,3.07,49004000,52122000.0,2026-08-06,16:14:43
600880,博瑞传播,4.07,4.14,4.12,4.18,4.04,222892.0,91340000.0,44.5,44.49,-325.83,1.48,2.04,8591000,13698200.0,2026-08-06,16:14:54
600881,亚泰集团,1.72,1.75,1.75,1.76,1.7,721851.0,124110000.0,55.59,55.59,-3.1,12.93,2.23,29935500,42249600.0,2026-08-06,16:14:49
600882,妙可蓝多,22.18,22.49,22.35,22.48,21.62,94892.0,208640000.0,112.78,112.78,82.46,2.35,1.87,4438100,5051100.0,2026-08-06,16:14:33
600883,博闻科技,7.46,7.3,7.3,7.49,7.26,49328.0,36440000.0,17.61,17.61,62.6,1.81,2.09,2803000,2129800.0,2026-08-06,16:14:52
600884,杉杉股份,12.57,12.82,12.73,12.77,12.45,585875.0,737750000.0,282.28,230.67,37.35,1.26,3.19,20567700,38019700.0,2026-08-06,16:14:51
600885,宏发股份,35.55,36.3,36.45,36.9,34.84,204036.0,727940000.0,550.17,550.17,28.22,4.16,1.32,8939900,11463700.0,2026-08-06,16:14:54
600886,国投电力,14.88,14.79,14.83,14.93,14.68,285653.0,423840000.0,1191.07,1109.18,16.02,1.73,0.38,15132700,13432600.0,2026-08-06,16:14:55
600887,伊利股份,26.32,26.37,26.4,26.54,26.18,419286.0,1102190000.0,1664.83,1656.56,13.78,3.09,0.67,19186100,22742400.0,2026-08-06,16:14:59
600888,新疆众和,9.87,9.77,9.73,9.98,9.6,655787.0,643680000.0,153.29,153.29,21.74,1.22,4.22,30889000,34689700.0,2026-08-06,16:14:36
600889,*ST京化,13.66,13.64,13.64,13.7,13.51,18317.0,24940000.0,80.13,50.04,-141.89,5.19,0.5,717300,1114400.0,2026-08-06,16:14:48
600892,大晟文化,4.58,4.16,4.58,4.58,4.21,1453596.0,656780000.0,25.62,25.62,-29.09,292.16,25.99,51567100,93792500.0,2026-08-06,16:14:40
600893,航发动力,35.91,35.7,35.58,36.09,34.95,381280.0,1354270000.0,957.21,957.05,152.09,2.39,1.43,17851200,20276800.0,2026-08-06,16:14:34
600894,广日股份,7.84,7.88,7.87,7.88,7.75,43921.0,34310000.0,66.42,66.1,9.34,0.78,0.52,2093200,2298900.0,2026-08-06,16:14:56
600895,张江高科,32.7,33.15,32.6,33.4,32.4,392171.0,1287390000.0,506.42,506.42,65.33,3.76,2.53,18942400,20274700.0,2026-08-06,16:14:38
600897,厦门空港,14.71,14.77,14.74,14.8,14.64,11770.0,17320000.0,61.33,61.33,12.04,1.27,0.28,479900,697100.0,2026-08-06,16:14:43
600900,长江电力,27.75,27.76,27.77,27.83,27.57,1070927.0,2963190000.0,6789.93,6789.93,18.82,3.26,0.44,55560400,51532300.0,2026-08-06,16:14:43
600901,江苏金租,6.4,6.37,6.37,6.46,6.32,299564.0,191100000.0,370.68,370.59,11.26,1.49,0.52,18093200,11863200.0,2026-08-06,16:14:40
600903,贵州燃气,6.36,6.35,6.31,6.38,6.24,193591.0,122240000.0,74.03,74.03,96.16,2.36,1.66,8722500,10636600.0,2026-08-06,16:14:34
600905,三峡能源,3.8,3.82,3.81,3.82,3.77,898414.0,340240000.0,1086.33,1086.33,47.07,1.23,0.31,32660600,57180800.0,2026-08-06,16:14:47
600906,财达证券,6.62,6.65,6.65,6.65,6.55,258715.0,170710000.0,214.82,140.62,24.35,1.75,1.22,12592400,13279200.0,2026-08-06,16:14:35
600908,无锡银行,5.46,5.52,5.5,5.54,5.38,255502.0,139010000.0,119.83,109.16,5.15,0.52,1.28,11743100,13807100.0,2026-08-06,16:14:37
600909,华安证券,8.1,8.1,8.0,8.16,7.94,1183893.0,955990000.0,406.96,406.96,20.18,1.58,2.36,56705100,61684200.0,2026-08-06,16:14:32
600916,中国黄金,7.73,7.93,8.15,8.23,7.7,747779.0,591450000.0,129.86,129.86,42.63,1.84,4.45,31929500,42848400.0,2026-08-06,16:14:40
600917,重庆燃气,4.84,4.86,4.87,4.87,4.78,52212.0,25170000.0,75.55,75.55,33.53,1.33,0.33,2216800,3004400.0,2026-08-06,16:15:00
600918,中泰证券,5.58,5.65,5.65,5.66,5.55,295709.0,165370000.0,441.84,254.61,28.81,1.0,0.65,11776400,17794500.0,2026-08-06,16:14:44
600919,江苏银行,11.75,11.6,11.63,11.8,11.58,942380.0,1101640000.0,2156.28,2156.28,5.97,0.79,0.51,54566200,39671700.0,2026-08-06,16:15:00
600925,苏能股份,4.3,4.29,4.29,4.34,4.26,134503.0,57770000.0,296.22,69.06,135.17,1.92,0.84,6336800,7113500.0,2026-08-06,16:14:58
600926,杭州银行,16.18,16.15,16.22,16.26,15.96,347983.0,560090000.0,1172.89,1172.89,5.97,0.85,0.48,16884500,17913800.0,2026-08-06,16:14:39
600927,永安期货,13.2,13.51,13.54,13.57,13.16,64022.0,85270000.0,191.46,191.46,23.53,1.46,0.44,2469300,3932900.0,2026-08-06,16:14:44
600928,西安银行,3.57,3.58,3.58,3.6,3.52,241826.0,85950000.0,158.67,157.91,5.89,0.45,0.55,10947600,13235000.0,2026-08-06,16:14:34
600929,雪天盐业,5.49,5.59,5.58,5.63,5.44,221136.0,122080000.0,90.04,90.04,153.92,1.19,1.35,9518800,12594800.0,2026-08-06,16:14:35
600933,爱柯迪,13.79,14.0,13.97,14.04,13.72,95261.0,131750000.0,142.04,135.28,12.53,1.51,0.97,3805600,5720500.0,2026-08-06,16:14:37
600935,华塑股份,2.31,2.31,2.3,2.31,2.27,137088.0,31380000.0,83.04,81.02,-72.97,1.4,0.39,7075800,6633000.0,2026-08-06,16:14:52
600936,北投科技,5.88,6.17,6.06,6.09,5.85,1055314.0,627780000.0,98.26,98.26,-48.66,9.88,6.32,41672300,63859100.0,2026-08-06,16:14:56
600938,中国海油,30.96,30.69,30.51,30.99,30.42,415788.0,1276520000.0,14715.27,925.7,11.8,1.81,1.39,19009600,22569200.0,2026-08-06,16:14:34
600939,重庆建工,2.68,2.66,2.66,2.69,2.64,70907.0,18890000.0,50.99,50.99,-4.28,0.73,0.37,3652400,3438300.0,2026-08-06,16:14:57
600941,中国移动,96.45,95.99,95.99,97.0,95.15,96495.0,926950000.0,20917.32,870.72,15.4,1.47,1.07,4699500,4950000.0,2026-08-06,16:14:53
600955,维远股份,12.83,12.76,12.71,12.88,12.63,26285.0,33540000.0,70.56,70.56,-9.31,0.92,0.48,1300300,1328200.0,2026-08-06,16:14:37
600956,新天绿能,7.3,7.43,7.44,7.44,7.21,87949.0,64090000.0,328.52,171.41,20.69,1.33,0.37,3492600,5302300.0,2026-08-06,16:14:49
600958,东方证券,9.1,9.22,9.19,9.21,9.08,502818.0,458920000.0,773.19,679.72,11.56,0.91,0.67,18381900,31899900.0,2026-08-06,16:14:56
600959,江苏有线,3.11,3.14,3.12,3.16,3.07,353592.0,109880000.0,155.52,155.52,71.53,0.68,0.71,14264500,21094600.0,2026-08-06,16:14:40
600960,渤海汽车,4.0,3.99,4.01,4.02,3.91,97890.0,38710000.0,38.02,38.02,23.75,1.08,1.03,4971500,4817500.0,2026-08-06,16:15:00
600961,株冶集团,26.97,26.66,27.3,28.12,26.45,913666.0,2492480000.0,289.35,202.76,14.53,5.73,12.15,42758400,48608200.0,2026-08-06,16:14:56
600962,国投中鲁,30.51,28.87,28.92,31.76,28.88,214863.0,658720000.0,80.0,80.0,440.3,8.45,8.19,10536400,10949900.0,2026-08-06,16:14:42
600963,岳阳林纸,3.34,3.38,3.37,3.39,3.29,279433.0,93020000.0,58.7,58.7,-21.67,0.77,1.59,10962200,16981100.0,2026-08-06,16:14:40
600965,*ST福成,2.63,2.64,2.62,2.64,2.58,35425.0,9250000.0,21.53,21.53,39.53,0.98,0.43,1667000,1875500.0,2026-08-06,16:14:41
600966,博汇纸业,4.91,4.96,4.96,4.97,4.84,89930.0,44040000.0,65.64,65.64,41.68,0.88,0.67,4068700,4924200.0,2026-08-06,16:14:31
600967,内蒙一机,11.42,11.62,11.65,11.65,11.35,243147.0,278600000.0,194.34,194.34,67.75,1.65,1.43,8449100,15865600.0,2026-08-06,16:14:54
600968,海油发展,3.89,3.86,3.86,3.9,3.83,313190.0,121160000.0,395.42,395.42,10.07,1.38,0.31,15408200,15910800.0,2026-08-06,16:14:40
600969,郴电国际,8.26,8.23,8.18,8.26,8.11,85341.0,69750000.0,30.57,30.57,39.8,0.85,2.31,4113700,4420400.0,2026-08-06,16:14:49
600970,中材国际,7.81,7.82,7.83,7.86,7.66,242857.0,188300000.0,204.76,204.76,7.72,0.92,0.93,11685100,12600700.0,2026-08-06,16:14:43
600971,恒源煤电,8.26,7.9,7.78,8.34,7.78,288617.0,235200000.0,99.12,99.12,-52.61,0.86,2.41,15949800,12911900.0,2026-08-06,16:14:33
600973,宝胜股份,6.16,6.28,6.28,6.3,6.1,219467.0,135750000.0,84.48,84.48,-500.45,2.5,1.6,8159000,13787600.0,2026-08-06,16:14:49
600975,新五丰,4.97,4.97,4.96,5.0,4.87,93015.0,45950000.0,62.11,62.11,-4.88,3.48,0.74,3994300,5307200.0,2026-08-06,16:14:59
600976,健民集团,29.99,28.06,28.09,30.08,27.88,80727.0,235440000.0,46.0,45.97,13.64,1.77,5.27,4871800,3200900.0,2026-08-06,16:14:44
600977,中国电影,12.6,12.7,13.0,13.15,12.47,576204.0,736370000.0,235.24,235.24,164.16,2.15,3.09,25638300,31982100.0,2026-08-06,16:14:39
600979,广安爱众,4.03,4.08,4.06,4.06,3.97,244167.0,97940000.0,50.81,50.04,-14.04,1.2,1.97,9774400,14642300.0,2026-08-06,16:14:45
600980,北矿科技,18.76,18.45,18.7,19.0,18.38,41463.0,77620000.0,36.26,35.51,26.23,2.37,2.19,2086300,2060000.0,2026-08-06,16:14:31
600981,苏豪汇鸿,2.41,2.41,2.4,2.42,2.37,146087.0,34990000.0,54.04,54.04,-1566.0,1.09,0.65,6372800,8235900.0,2026-08-06,16:14:33
600982,宁波能源,5.1,5.14,5.14,5.14,5.0,280013.0,141800000.0,57.0,57.0,15.07,1.3,2.51,9992900,18008400.0,2026-08-06,16:14:48
600983,惠而浦,7.85,7.88,7.86,7.9,7.73,18454.0,14410000.0,60.17,60.17,12.06,2.35,0.24,880400,965000.0,2026-08-06,16:14:59
600984,建设机械,4.17,4.11,4.11,4.18,4.07,291304.0,120610000.0,52.42,52.42,-2.35,2.93,2.32,14990300,14140100.0,2026-08-06,16:14:33
600985,淮北矿业,16.5,15.0,15.0,16.5,14.91,421598.0,668870000.0,444.39,444.39,34.04,1.08,1.57,20679200,21480600.0,2026-08-06,16:14:51
600986,浙文互联,8.04,8.16,8.0,8.3,7.92,1276221.0,1035570000.0,119.58,119.58,-253.53,2.32,8.58,55670900,71951200.0,2026-08-06,16:14:38
600987,航民股份,6.67,6.59,6.58,6.7,6.56,92606.0,61550000.0,68.09,68.09,9.23,1.03,0.91,5880700,3379900.0,2026-08-06,16:14:33
600988,赤峰黄金,41.3,40.84,43.53,43.6,41.08,882901.0,3721210000.0,784.87,687.2,21.88,5.74,5.31,46361000,41929100.0,2026-08-06,16:14:41
600989,宝丰能源,23.47,23.14,23.09,23.55,22.95,722123.0,1680710000.0,1721.14,1721.14,13.69,3.51,0.98,38780300,33432000.0,2026-08-06,16:14:31
600990,四创电子,18.06,17.77,17.86,18.88,17.79,67278.0,122290000.0,48.58,48.58,-14.98,3.19,2.5,3085000,3642800.0,2026-08-06,16:14:36
600992,贵绳股份,10.16,9.9,9.82,10.2,9.81,99628.0,100140000.0,24.9,24.9,-846.23,1.74,4.06,4836600,5126200.0,2026-08-06,16:14:55
600993,马应龙,23.42,23.62,23.65,23.68,23.28,47920.0,112180000.0,100.95,100.78,17.1,2.35,1.11,1785900,3006100.0,2026-08-06,16:14:40
600995,南网储能,12.68,12.91,12.91,12.93,12.61,150233.0,190800000.0,405.25,405.25,20.03,1.73,0.47,6174400,8848900.0,2026-08-06,16:14:30
600996,贵广网络,7.14,7.14,7.11,7.28,7.05,186537.0,133730000.0,89.02,89.02,-6.75,5.67,1.5,8065200,10588500.0,2026-08-06,16:14:31
600997,开滦股份,5.56,5.6,5.52,5.67,5.48,204384.0,113960000.0,88.28,88.28,-42.25,0.65,1.29,10718300,9720000.0,2026-08-06,16:14:51
600998,九州通,4.95,4.91,4.9,4.98,4.87,391732.0,192750000.0,249.6,249.6,12.37,0.94,0.78,21491700,17681400.0,2026-08-06,16:14:36
600999,招商证券,18.0,17.94,17.85,18.05,17.73,744793.0,1332080000.0,1565.37,1335.96,11.76,1.3,1.0,41803300,32676000.0,2026-08-06,16:14:44
601000,唐山港,4.74,4.75,4.77,4.77,4.69,374386.0,177210000.0,280.89,280.89,13.45,1.35,0.63,17489600,19949000.0,2026-08-06,16:14:32
601001,晋控煤业,17.78,16.24,16.28,17.86,16.28,595018.0,1030940000.0,297.58,297.58,17.95,1.6,3.56,28075800,31426000.0,2026-08-06,16:14:44
601002,晋亿实业,5.42,5.36,5.33,5.63,5.33,253087.0,138550000.0,51.73,51.73,20.15,1.2,2.65,12133800,13174900.0,2026-08-06,16:14:37
601003,柳钢股份,3.92,3.97,3.95,4.12,3.88,509362.0,202680000.0,103.26,100.46,23.79,1.13,1.99,21074000,29862200.0,2026-08-06,16:14:58
601005,重庆钢铁,1.2,1.21,1.21,1.22,1.19,736111.0,88620000.0,115.31,99.76,-4.11,0.78,0.89,26282600,47328500.0,2026-08-06,16:14:40
601006,大秦铁路,4.84,4.81,4.81,4.86,4.76,1400424.0,673120000.0,961.36,961.36,16.83,0.59,0.71,72599700,67442600.0,2026-08-06,16:14:56
601007,金陵饭店,6.56,6.55,6.55,6.58,6.47,47700.0,31150000.0,25.58,25.58,39.17,1.64,1.22,2305200,2464900.0,2026-08-06,16:14:36
601008,连云港,4.34,4.41,4.41,4.41,4.29,115031.0,49830000.0,53.84,53.84,30.14,1.3,0.93,3724400,7778700.0,2026-08-06,16:14:57
601009,南京银行,11.28,11.23,11.22,11.37,11.12,435077.0,488740000.0,1394.61,1394.61,6.25,0.75,0.35,23314900,20192800.0,2026-08-06,16:14:39
601010,ST文峰,1.45,1.45,1.45,1.46,1.43,153275.0,22100000.0,26.23,26.23,-24.63,0.65,0.85,6201800,9125700.0,2026-08-06,16:14:43
601011,宝泰隆,2.66,2.6,2.6,2.67,2.57,559243.0,147140000.0,50.96,50.96,-16.47,0.94,2.92,34542800,21381400.0,2026-08-06,16:14:58
601012,隆基绿能,12.74,12.97,12.87,12.97,12.64,1085497.0,1386190000.0,965.45,965.45,-13.97,1.91,1.43,39418300,69131400.0,2026-08-06,16:14:49
601015,陕西黑猫,3.58,3.34,3.35,3.66,3.31,1124953.0,392040000.0,73.12,73.12,-5.95,1.52,5.51,62304700,50190700.0,2026-08-06,16:14:36
601016,节能风电,3.58,3.67,3.64,3.66,3.55,1414634.0,507400000.0,234.29,216.17,47.06,1.32,2.34,44477700,96985700.0,2026-08-06,16:14:54
601018,宁波港,3.38,3.39,3.39,3.4,3.35,564692.0,190460000.0,657.56,657.56,12.74,0.82,0.29,27814600,28654600.0,2026-08-06,16:14:57
601019,山东出版,7.15,7.26,7.24,7.27,7.07,113117.0,80810000.0,149.21,149.21,12.66,0.98,0.54,4650800,6660900.0,2026-08-06,16:14:40
601020,华钰矿业,20.7,20.94,21.55,21.66,20.4,352314.0,739340000.0,169.73,169.73,19.84,4.01,4.3,15643800,19587500.0,2026-08-06,16:14:56
601021,春秋航空,46.4,46.85,46.62,47.37,46.08,51787.0,241180000.0,453.95,453.95,17.31,2.5,0.53,2123800,3054900.0,2026-08-06,16:14:43
601022,宁波远洋,8.11,8.22,8.19,8.21,8.06,51440.0,41730000.0,106.13,106.13,17.16,1.71,0.39,1690000,3454000.0,2026-08-06,16:14:48
601028,玉龙股份,12.83,12.83,0.0,0.0,0.0,0.0,0.0,100.46,100.46,27.25,2.91,0.0,0,0.0,2026-08-06,09:00:00
601033,永兴股份,14.46,14.66,14.65,14.66,14.3,41077.0,59210000.0,130.14,34.7,14.44,1.24,1.71,1730800,2376900.0,2026-08-06,16:14:42
601038,一拖股份,13.52,13.51,13.45,13.57,13.3,77002.0,103390000.0,151.92,98.93,17.98,1.9,1.05,3749800,3950300.0,2026-08-06,16:14:47
601058,赛轮轮胎,13.73,13.66,13.65,13.82,13.58,215927.0,295750000.0,451.46,451.46,12.75,2.07,0.66,10676800,10915800.0,2026-08-06,16:14:49
601059,信达证券,16.64,16.82,16.83,16.83,16.57,55721.0,92850000.0,539.64,539.64,27.44,2.51,0.17,2333300,3238800.0,2026-08-06,16:14:33
601061,中信金属,12.0,12.27,12.44,12.49,11.92,267931.0,325760000.0,588.0,588.0,16.82,2.48,0.55,11971500,14821600.0,2026-08-06,16:14:52
601065,江盐集团,6.88,6.89,6.87,6.9,6.81,32307.0,22150000.0,44.22,44.22,21.85,1.0,0.5,1464600,1766100.0,2026-08-06,16:14:31
601066,中信建投,25.95,26.03,25.98,26.0,25.61,242236.0,624960000.0,2012.86,1685.63,17.87,2.33,0.37,10664600,13559000.0,2026-08-06,16:14:52
601068,中铝国际,4.57,4.6,4.61,4.62,4.52,101715.0,46440000.0,136.5,116.97,51.03,4.44,0.4,4749500,5422000.0,2026-08-06,16:14:50
601069,西部黄金,28.6,26.98,28.5,28.98,27.65,500678.0,1420530000.0,260.55,253.74,26.84,5.09,5.64,27826200,22241500.0,2026-08-06,16:14:36
601077,渝农商行,6.48,6.46,6.46,6.52,6.38,607582.0,391730000.0,735.93,572.72,5.84,0.53,0.69,33507000,27251200.0,2026-08-06,16:14:37
601083,锦江航运,11.2,11.32,11.25,11.32,11.12,49841.0,55850000.0,144.94,21.74,9.8,1.63,2.57,2108800,2875400.0,2026-08-06,16:14:49
601086,国芳集团,7.85,7.93,8.03,8.1,7.76,128872.0,101440000.0,52.28,52.28,54.07,3.34,1.94,5721500,7165700.0,2026-08-06,16:14:54
601088,中国神华,43.97,43.0,42.9,44.27,42.9,395057.0,1722450000.0,9536.84,7251.11,18.49,1.99,0.24,21315600,18190000.0,2026-08-06,16:14:39
601089,福元医药,17.15,17.43,17.43,17.46,17.1,35598.0,61280000.0,82.32,82.32,18.96,2.26,0.74,1646100,1913700.0,2026-08-06,16:14:35
601096,宏盛华源,4.43,4.45,4.43,4.49,4.34,285473.0,125740000.0,118.51,72.78,30.85,2.52,1.74,11612900,16934400.0,2026-08-06,16:14:51
601098,中南传媒,10.57,10.75,10.8,10.8,10.51,111611.0,118370000.0,189.84,189.84,11.82,1.21,0.62,4240600,6920500.0,2026-08-06,16:14:31
601099,太平洋,3.45,3.51,3.5,3.5,3.42,926677.0,320190000.0,235.16,235.16,140.84,2.37,1.36,32160100,60507600.0,2026-08-06,16:14:44
601100,恒立液压,105.1,105.68,105.18,106.98,104.2,52288.0,551170000.0,1409.2,1409.2,50.9,8.22,0.39,2796500,2432300.0,2026-08-06,16:14:39
601101,昊华能源,12.72,11.56,11.72,12.72,11.7,309297.0,385610000.0,183.17,183.17,32.96,1.53,2.15,10931000,19998700.0,2026-08-06,16:14:50
601106,中国一重,3.18,3.24,3.23,3.26,3.15,739763.0,236350000.0,218.08,218.08,-96.52,4.22,1.08,32154400,41821900.0,2026-08-06,16:14:53
601107,四川成渝,5.64,5.69,5.7,5.7,5.57,113355.0,63780000.0,172.47,121.98,11.62,1.05,0.52,4720900,6614600.0,2026-08-06,16:15:00
601108,财通证券,8.43,8.55,8.52,8.53,8.39,370763.0,313150000.0,391.47,391.47,13.23,1.03,0.8,14084400,22991900.0,2026-08-06,16:14:33
601111,中国国航,6.13,6.19,6.15,6.24,6.09,629170.0,386350000.0,1256.19,713.42,63.2,1.96,0.54,24572400,38344600.0,2026-08-06,16:14:54
601113,华鼎股份,3.46,3.44,3.41,3.46,3.4,83805.0,28800000.0,46.85,38.2,34.02,0.99,0.76,4357300,4023200.0,2026-08-06,16:14:48
601116,三江购物,10.55,10.61,10.63,10.66,10.42,91860.0,96700000.0,57.78,57.78,32.68,1.75,1.68,4326500,4859500.0,2026-08-06,16:14:42
601117,中国化学,7.82,7.74,7.76,7.89,7.72,898111.0,700120000.0,477.45,476.09,7.28,0.69,1.48,44591400,45219700.0,2026-08-06,16:14:41
601118,海南橡胶,5.33,5.31,5.35,5.37,5.22,648997.0,343430000.0,228.09,228.09,-179.3,2.38,1.52,31911700,32988000.0,2026-08-06,16:14:46
601121,宝地矿业,7.02,7.05,7.15,7.19,6.93,143404.0,101200000.0,69.09,56.16,43.94,1.6,1.79,6281600,8058800.0,2026-08-06,16:14:34
601126,四方股份,44.67,44.58,44.32,45.62,43.57,318735.0,1420170000.0,372.15,368.57,43.37,8.14,3.86,15503800,16369700.0,2026-08-06,16:14:39
601127,赛力斯,57.11,58.85,58.2,58.27,56.55,335557.0,1922450000.0,994.85,889.32,16.68,2.49,2.15,13663700,19892100.0,2026-08-06,16:14:50
601128,常熟银行,6.21,6.22,6.23,6.27,6.14,462346.0,286090000.0,226.55,226.55,5.22,0.72,1.27,18636400,27598300.0,2026-08-06,16:14:43
601133,柏诚股份,25.4,24.72,24.42,25.6,24.16,164899.0,415210000.0,133.66,133.19,69.59,4.48,3.14,8718900,7770900.0,2026-08-06,16:14:49
601136,首创证券,14.69,14.83,14.85,14.88,14.59,87232.0,128160000.0,401.53,401.53,36.44,2.88,0.32,3870000,4853200.0,2026-08-06,16:14:39
601137,博威合金,17.61,17.82,17.75,17.87,17.46,119495.0,211140000.0,161.8,161.68,-57.12,1.73,1.3,4879000,7070500.0,2026-08-06,16:14:55
601138,工业富联,68.27,65.92,65.55,69.8,64.87,2466615.0,16718420000.0,13547.56,13547.56,33.33,8.3,1.24,145458900,101202600.0,2026-08-06,16:14:41
601139,深圳燃气,6.41,6.45,6.44,6.46,6.35,200358.0,128360000.0,184.4,184.4,11.91,1.09,0.7,10141600,9894200.0,2026-08-06,16:14:39
601155,新城控股,11.14,10.94,10.95,11.23,10.91,267741.0,296540000.0,251.28,251.28,36.56,0.41,1.19,14426700,12347400.0,2026-08-06,16:14:45
601156,东航物流,17.37,17.04,17.09,17.54,16.85,124600.0,215570000.0,275.76,164.08,10.13,1.44,1.32,6977300,5482700.0,2026-08-06,16:14:41
601158,重庆水务,4.13,4.15,4.16,4.17,4.1,72460.0,29940000.0,198.24,198.24,23.75,1.16,0.15,2919800,4326200.0,2026-08-06,16:14:44
601162,天风证券,3.66,3.75,3.73,3.74,3.64,1568366.0,577270000.0,368.71,314.69,279.54,1.35,1.82,45242700,111593900.0,2026-08-06,16:15:00
601163,三角轮胎,13.31,13.26,13.21,13.35,13.07,38492.0,50810000.0,106.48,106.48,10.92,0.77,0.48,1840900,2008300.0,2026-08-06,16:14:46
601166,兴业银行,18.48,18.36,18.3,18.56,18.22,805255.0,1479940000.0,3910.9,3910.9,5.05,0.48,0.38,42502400,38023100.0,2026-08-06,16:14:57
601168,西部矿业,39.73,41.02,41.95,42.62,39.21,1056225.0,4278200000.0,946.77,946.77,15.93,4.22,4.43,53154200,52468300.0,2026-08-06,16:14:44
601169,北京银行,5.03,5.03,5.04,5.06,5.0,1088924.0,547280000.0,1063.49,1063.49,5.18,0.38,0.52,51289300,57603100.0,2026-08-06,16:15:00
601177,杭齿前进,13.2,13.26,13.2,13.33,12.99,52295.0,68910000.0,53.82,53.12,20.49,1.87,1.3,2238600,2990800.0,2026-08-06,16:14:58
601179,中国西电,14.03,14.41,14.3,14.3,13.93,1872549.0,2634370000.0,719.16,719.16,54.42,3.12,3.65,68613000,118641900.0,2026-08-06,16:14:33
601186,中国铁建,6.2,6.21,6.21,6.23,6.16,399910.0,247410000.0,841.93,713.2,4.78,0.31,0.35,16117600,23873400.0,2026-08-06,16:14:50
601187,厦门银行,7.37,7.43,7.45,7.48,7.26,178286.0,130790000.0,194.5,194.08,7.25,0.72,0.68,7697600,10131000.0,2026-08-06,16:14:37
601188,龙江交通,2.85,2.87,2.87,2.88,2.82,162964.0,46380000.0,37.21,37.21,24.16,0.83,1.25,7305900,8990500.0,2026-08-06,16:14:56
601198,东兴证券,13.84,14.02,14.03,14.03,13.75,200114.0,277070000.0,447.37,447.37,19.39,1.47,0.62,9190900,10820500.0,2026-08-06,16:14:55
601199,江南水务,5.5,5.65,5.63,5.64,5.48,163732.0,90570000.0,51.44,51.44,14.26,1.11,1.75,4929500,11443700.0,2026-08-06,16:14:31
601200,上海环境,7.04,7.09,7.08,7.11,6.99,85731.0,60280000.0,94.77,94.77,15.71,0.81,0.64,3801500,4771600.0,2026-08-06,16:14:34
601208,东材科技,41.76,39.33,39.33,43.1,39.33,965356.0,3980340000.0,421.85,421.85,110.9,6.99,9.56,47776300,48759300.0,2026-08-06,16:14:38
601211,国泰海通,17.86,18.0,17.96,18.07,17.82,687886.0,1231530000.0,3148.51,2410.55,14.34,0.98,0.51,30461300,38327300.0,2026-08-06,16:14:59
601212,白银有色,5.44,5.47,5.66,5.68,5.3,2793869.0,1533870000.0,402.82,402.82,-71.78,2.53,3.77,134967600,144419300.0,2026-08-06,16:14:59
601216,君正集团,4.63,4.66,4.64,4.66,4.58,507776.0,234650000.0,390.68,390.68,12.9,1.47,0.6,21198200,29579300.0,2026-08-06,16:14:51
601218,吉鑫科技,4.57,4.62,4.6,4.69,4.51,407418.0,186860000.0,44.28,44.28,27.97,1.48,4.2,16373900,24367900.0,2026-08-06,16:14:37
601222,林洋能源,5.65,5.75,5.72,5.74,5.59,208998.0,118080000.0,115.33,115.33,63.77,0.77,1.02,7952800,12947000.0,2026-08-06,16:14:52
601225,陕西煤业,24.88,23.89,23.9,25.1,23.9,552218.0,1361120000.0,2412.12,2412.12,14.92,2.59,0.57,30461000,24760700.0,2026-08-06,16:14:49
601226,华电科工,6.27,6.28,6.27,6.3,6.18,100652.0,62750000.0,72.87,72.87,38.99,1.7,0.87,3979700,6085500.0,2026-08-06,16:14:34
601228,广州港,3.06,3.08,3.08,3.09,3.03,270837.0,82780000.0,230.86,230.86,29.28,1.08,0.36,11480700,15603000.0,2026-08-06,16:14:37
601229,上海银行,9.3,9.28,9.3,9.33,9.23,434004.0,402870000.0,1321.44,1321.44,5.45,0.53,0.31,22577500,20823000.0,2026-08-06,16:14:35
601231,环旭电子,27.52,25.96,25.96,27.88,25.8,737955.0,2004770000.0,657.44,657.44,32.27,2.93,3.09,35658900,38136600.0,2026-08-06,16:14:43
601233,桐昆股份,23.35,22.99,22.94,23.66,22.77,386813.0,901150000.0,555.5,554.49,16.73,1.39,1.63,17503500,21177800.0,2026-08-06,16:14:42
601236,红塔证券,7.01,7.1,7.08,7.09,6.99,136169.0,95710000.0,329.0,329.0,29.54,1.34,0.29,4605100,9011800.0,2026-08-06,16:14:44
601238,广汽集团,5.26,5.35,5.33,5.37,5.23,241043.0,127320000.0,536.37,388.38,-6.16,0.51,0.33,8800300,15304100.0,2026-08-06,16:14:57
601279,英利汽车,3.18,3.2,3.19,3.21,3.12,126250.0,39890000.0,50.43,50.43,-67.41,1.22,0.8,5699300,6925700.0,2026-08-06,16:14:32
601288,农业银行,6.5,6.48,6.49,6.53,6.41,5906837.0,3819350000.0,22748.9,20750.87,7.73,0.82,0.19,300574000,290109800.0,2026-08-06,16:14:52
601298,青岛港,8.93,8.99,8.93,9.04,8.87,91178.0,81490000.0,579.66,481.51,11.05,1.23,0.17,3824500,5293300.0,2026-08-06,16:14:39
601311,骆驼股份,7.9,7.97,7.96,7.97,7.8,147303.0,116010000.0,92.68,92.68,12.19,0.94,1.26,4797900,9932500.0,2026-08-06,16:14:41
601318,中国平安,53.5,54.02,54.0,54.21,53.16,661675.0,3541170000.0,9687.59,5703.13,7.3,0.98,0.62,29440300,36727100.0,2026-08-06,16:14:34
601319,中国人保,7.12,7.19,7.16,7.23,7.09,734956.0,524850000.0,3148.75,2527.44,7.39,1.01,0.21,32236400,41259100.0,2026-08-06,16:14:50
601326,秦港股份,3.44,3.45,3.44,3.47,3.39,276492.0,94750000.0,192.21,163.66,11.91,0.96,0.58,13214300,14434900.0,2026-08-06,16:14:44
601328,交通银行,6.94,6.93,6.95,6.98,6.86,1491897.0,1032510000.0,6132.45,1809.43,6.36,0.53,0.57,76476100,72713500.0,2026-08-06,16:14:53
601330,绿色动力,7.18,7.27,7.22,7.24,7.13,87027.0,62420000.0,102.72,71.02,16.07,1.29,0.88,3477900,5224700.0,2026-08-06,16:14:53
601333,广深铁路,2.99,3.01,3.01,3.01,2.96,679920.0,202810000.0,211.8,169.0,13.78,0.75,1.2,26124100,41867900.0,2026-08-06,16:14:51
601336,新华保险,62.43,63.31,63.0,63.18,61.88,215324.0,1344590000.0,1947.53,1301.94,5.28,1.58,1.03,7607700,13924700.0,2026-08-06,16:14:52
601339,百隆东方,8.15,8.43,8.39,8.4,8.04,144082.0,117850000.0,122.21,122.21,14.8,1.33,0.96,5553200,8855000.0,2026-08-06,16:14:36
601360,三六零,9.86,9.82,9.68,10.0,9.62,1464657.0,1438530000.0,690.16,690.16,106.93,2.42,2.09,68564400,77901200.0,2026-08-06,16:14:56
601366,利群股份,3.53,3.53,3.54,3.55,3.47,90943.0,31960000.0,33.88,33.88,-10.58,0.79,0.95,4813400,4280900.0,2026-08-06,16:14:55
601368,绿城水务,4.44,4.42,4.4,4.45,4.37,48804.0,21530000.0,39.2,39.2,33.13,0.82,0.55,2614800,2265600.0,2026-08-06,16:14:57
601369,陕鼓动力,9.68,9.47,9.45,9.8,9.34,223406.0,213180000.0,166.83,165.16,24.11,1.89,1.31,11131200,11209400.0,2026-08-06,16:14:44
601375,中原证券,4.15,4.19,4.19,4.21,4.13,354723.0,147540000.0,192.68,143.07,36.95,1.32,1.03,15551600,19920700.0,2026-08-06,16:14:31
601377,兴业证券,5.91,6.01,6.0,6.0,5.89,953190.0,565210000.0,510.39,510.39,16.26,0.92,1.1,28404000,66915000.0,2026-08-06,16:14:33
601388,怡球资源,3.22,3.23,3.24,3.27,3.17,373854.0,120370000.0,70.88,70.88,34.02,1.53,1.7,14191500,23193800.0,2026-08-06,16:14:58
601390,中国中铁,4.49,4.49,4.5,4.57,4.46,1134112.0,510660000.0,1101.46,912.54,5.19,0.35,0.56,56657900,56753300.0,2026-08-06,16:14:40
601398,工商银行,7.57,7.52,7.54,7.58,7.46,4905356.0,3690030000.0,26979.95,20409.64,7.27,0.69,0.18,279600600,210934900.0,2026-08-06,16:14:45
601399,国机重装,3.34,3.38,3.36,3.38,3.3,648293.0,216280000.0,240.93,240.93,50.25,1.62,0.9,25047000,39782300.0,2026-08-06,16:14:40
601456,国联民生,8.97,9.07,9.08,9.08,8.94,158952.0,142830000.0,509.55,392.62,23.93,0.96,0.36,5669200,10226000.0,2026-08-06,16:14:35
601500,通用股份,4.02,4.02,4.03,4.04,3.97,113703.0,45530000.0,63.89,63.64,28.36,1.04,0.72,5630600,5739700.0,2026-08-06,16:14:31
601512,中新集团,7.88,7.84,7.81,7.89,7.78,27734.0,21720000.0,118.11,118.11,12.89,0.78,0.19,1338300,1435100.0,2026-08-06,16:14:35
601515,衢州东峰,3.32,3.34,3.3,3.33,3.26,160884.0,52910000.0,63.89,63.89,-14.29,1.3,0.84,6898400,9190000.0,2026-08-06,16:14:34
601518,吉林高速,2.77,2.79,2.78,2.79,2.75,118851.0,32870000.0,52.37,52.37,10.65,0.94,0.63,4596100,7289000.0,2026-08-06,16:14:54
601519,大智慧,8.42,8.59,8.54,8.65,8.34,312084.0,264630000.0,167.49,167.49,-220.41,12.91,1.57,12326400,18882000.0,2026-08-06,16:14:35
601528,瑞丰银行,4.98,5.02,5.01,5.05,4.89,233745.0,115810000.0,97.72,92.42,4.98,0.49,1.26,9588300,13786200.0,2026-08-06,16:14:48
601555,东吴证券,8.22,8.23,8.21,8.27,8.15,334246.0,274230000.0,408.43,408.43,12.11,0.93,0.67,15177300,18247300.0,2026-08-06,16:14:38
601566,九牧王,8.43,8.4,8.42,8.46,8.31,49686.0,41690000.0,48.44,48.44,28.15,1.28,0.86,2284800,2683800.0,2026-08-06,16:14:57
601567,三星电气,16.12,16.19,16.16,16.22,15.83,191936.0,307190000.0,226.52,226.52,23.79,1.97,1.37,8285800,10907800.0,2026-08-06,16:15:00
601568,北元化工,3.73,3.72,3.72,3.76,3.67,207024.0,76970000.0,148.16,148.16,361.44,1.33,0.52,10638200,10064200.0,2026-08-06,16:14:36
601577,长沙银行,9.34,9.31,9.32,9.43,9.22,206704.0,192180000.0,375.61,375.53,4.56,0.52,0.51,10877200,9793200.0,2026-08-06,16:14:47
601579,会稽山,15.36,15.57,15.5,15.85,15.18,73616.0,113770000.0,73.65,73.65,27.19,1.97,1.54,3247600,4114000.0,2026-08-06,16:14:49
601588,北辰实业,1.71,1.72,1.72,1.73,1.68,284927.0,48600000.0,57.58,45.49,-2.02,0.88,1.07,15672000,12820700.0,2026-08-06,16:14:48
601595,上海电影,18.08,18.26,18.23,18.92,17.95,73004.0,133920000.0,81.03,81.03,133.65,4.79,1.63,3139400,4161000.0,2026-08-06,16:14:45
601598,中国外运,6.46,6.36,6.37,6.5,6.33,240583.0,154520000.0,463.42,333.17,11.42,1.14,0.47,12072200,11986100.0,2026-08-06,16:14:31
601599,浙文影业,3.05,3.06,3.04,3.09,3.01,217442.0,66340000.0,35.4,35.4,31.77,2.31,1.87,9976400,11767800.0,2026-08-06,16:14:49
601600,中国铝业,9.61,9.77,9.86,9.9,9.47,2682148.0,2595830000.0,1648.59,1268.84,11.24,2.04,2.03,119403400,148811400.0,2026-08-06,16:14:31
601601,中国太保,31.67,32.02,31.87,32.2,31.45,326959.0,1036500000.0,3046.76,2167.82,5.65,0.99,0.48,13267400,19428600.0,2026-08-06,16:14:38
601606,长城军工,32.66,33.64,34.09,34.2,32.11,418634.0,1372370000.0,236.53,236.53,3415.22,10.85,5.78,18331800,23531600.0,2026-08-06,16:14:57
601607,上海医药,16.43,16.46,16.49,16.5,16.25,104993.0,171730000.0,609.28,458.27,10.49,0.8,0.38,4814100,5685200.0,2026-08-06,16:14:47
601608,中信重工,4.84,4.88,4.86,4.97,4.81,481978.0,235600000.0,221.65,221.65,58.39,2.39,1.05,20531600,27666200.0,2026-08-06,16:14:59
601609,金田股份,10.26,10.42,10.53,10.58,10.15,285269.0,295180000.0,177.36,177.36,22.98,1.79,1.65,12535700,15991200.0,2026-08-06,16:14:39
601611,中国核建,11.98,12.7,12.32,12.35,11.91,1133631.0,1370950000.0,361.06,361.06,30.84,1.61,3.76,43465700,69897400.0,2026-08-06,16:14:47
601615,明阳智能,11.48,11.68,11.6,11.88,11.38,471188.0,546730000.0,259.62,259.62,67.88,1.0,2.08,18609700,28509100.0,2026-08-06,16:14:42
601616,广电电气,3.72,3.77,3.73,3.73,3.65,344727.0,127150000.0,31.76,31.76,-54.16,1.33,4.04,15324800,19147900.0,2026-08-06,16:14:55
601618,中国中冶,2.63,2.65,2.65,2.66,2.59,1015778.0,266270000.0,544.19,469.52,40.39,0.53,0.57,35236800,66341000.0,2026-08-06,16:14:33
601619,嘉泽新能,4.64,4.66,4.64,4.68,4.56,347629.0,160350000.0,135.16,112.97,22.3,1.71,1.43,16023000,18739900.0,2026-08-06,16:14:52
601628,中国人寿,38.15,38.05,38.0,38.23,37.83,287189.0,1092070000.0,10782.98,7944.18,7.45,1.86,0.14,15247400,13471600.0,2026-08-06,16:14:56
601633,长城汽车,15.72,15.97,15.97,15.98,15.51,195298.0,306300000.0,1344.6,977.81,14.84,1.56,0.31,7262800,12267000.0,2026-08-06,16:14:39
601636,旗滨集团,6.03,5.99,5.91,6.1,5.83,762464.0,456840000.0,178.41,178.41,110.08,1.22,2.58,39733300,36513100.0,2026-08-06,16:14:42
601658,邮储银行,4.97,4.96,4.97,4.99,4.92,1774148.0,879120000.0,5968.72,3604.63,6.79,0.58,0.24,79664800,97750000.0,2026-08-06,16:15:00
601665,齐鲁银行,6.24,6.15,6.16,6.26,6.1,479914.0,296260000.0,384.0,384.0,6.5,0.77,0.78,28558100,19433300.0,2026-08-06,16:14:47
601666,平煤股份,8.92,8.11,8.1,8.92,8.09,628527.0,536060000.0,220.27,220.27,110.32,1.01,2.55,32469000,30383800.0,2026-08-06,16:14:35
601668,中国建筑,4.57,4.58,4.58,4.59,4.53,1907137.0,869720000.0,1888.34,1888.34,4.98,0.39,0.46,93756600,96957000.0,2026-08-06,16:14:58
601669,中国电建,4.81,4.85,4.83,4.85,4.79,1026369.0,493840000.0,828.58,628.74,8.87,0.57,0.79,36822100,65814800.0,2026-08-06,16:14:32
601677,明泰铝业,16.93,17.17,17.17,17.24,16.76,242995.0,412160000.0,210.49,210.49,9.47,1.08,1.95,10486200,13813400.0,2026-08-06,16:14:47
601678,滨化股份,7.28,6.62,6.54,7.28,6.51,3520969.0,2507540000.0,175.37,148.75,63.6,1.51,17.23,163857300,188239600.0,2026-08-06,16:14:52
601686,友发集团,5.23,5.22,5.22,5.26,5.17,47095.0,24530000.0,77.37,77.37,11.44,1.15,0.32,2123900,2585600.0,2026-08-06,16:14:55
601688,华泰证券,19.49,19.77,19.7,19.77,19.4,675999.0,1320260000.0,1759.34,1424.09,10.03,0.99,0.93,23508900,44091100.0,2026-08-06,16:14:44
601689,拓普集团,49.77,50.22,49.5,50.39,49.3,238238.0,1186780000.0,864.92,864.92,31.28,3.64,1.37,11349800,12474000.0,2026-08-06,16:14:34
601696,中银证券,11.89,12.11,12.06,12.09,11.81,348085.0,415190000.0,330.3,330.3,29.32,1.71,1.25,14858000,19950600.0,2026-08-06,16:14:49
601698,中国卫通,26.99,26.81,26.53,27.35,26.46,327274.0,883500000.0,1140.16,1140.16,286.74,7.2,0.77,16629900,16097500.0,2026-08-06,16:14:41
601699,潞安环能,16.24,14.76,14.8,16.24,14.76,669864.0,1045380000.0,485.8,485.8,41.28,1.06,2.24,36555400,30431000.0,2026-08-06,16:14:42
601700,风范股份,7.16,6.51,7.1,7.16,6.9,1804372.0,1288380000.0,81.54,81.54,-25.79,3.79,15.85,41553200,138884000.0,2026-08-06,16:14:51
601702,华峰铝业,15.47,15.57,15.66,15.74,15.29,73009.0,112930000.0,154.47,154.47,13.11,2.42,0.73,3235200,4065700.0,2026-08-06,16:14:50
601717,中创智领,16.05,16.04,16.05,16.22,15.8,213491.0,341710000.0,286.56,247.52,6.99,1.26,1.38,10405500,10943600.0,2026-08-06,16:14:57
601718,ST际华,1.8,1.81,1.81,1.82,1.77,229315.0,41160000.0,78.5,78.5,-18.55,0.65,0.53,7255200,15676300.0,2026-08-06,16:14:31
601727,上海电气,6.88,7.02,6.98,6.99,6.84,897395.0,619130000.0,1069.16,867.96,82.6,1.96,0.71,27166200,62573200.0,2026-08-06,16:14:37
601728,中国电信,6.3,6.23,6.23,6.34,6.22,1314934.0,826910000.0,5764.95,4890.67,18.2,1.25,0.17,62459000,69034500.0,2026-08-06,16:14:32
601766,中国中车,5.93,5.95,5.96,5.98,5.86,1580068.0,934020000.0,1701.84,1442.64,12.6,0.97,0.65,70956300,87050500.0,2026-08-06,16:14:37
601777,千里科技,8.63,8.79,8.8,8.97,8.58,399517.0,350040000.0,390.17,390.17,346.1,3.77,0.88,16299600,23652100.0,2026-08-06,16:14:36
601778,晶科科技,3.9,3.91,3.88,4.0,3.83,1627717.0,634120000.0,145.2,145.2,61.55,0.89,4.37,75017800,87753900.0,2026-08-06,16:14:42
601788,光大证券,14.65,14.82,14.77,14.79,14.58,206125.0,302120000.0,675.48,572.33,16.59,1.09,0.53,7577400,13035200.0,2026-08-06,16:14:42
601789,宁波建工,4.41,4.46,4.43,4.48,4.34,374078.0,164580000.0,67.23,47.93,21.25,1.08,3.44,15659000,21748800.0,2026-08-06,16:14:34
601798,蓝科高新,7.53,7.52,7.52,7.59,7.43,56241.0,42250000.0,26.7,26.7,49.03,2.06,1.59,3034800,2589300.0,2026-08-06,16:14:33
601799,星宇股份,94.17,95.38,95.0,96.09,93.51,20721.0,196110000.0,269.02,269.02,16.23,2.43,0.73,1043000,1029100.0,2026-08-06,16:14:31
601800,中国交建,6.12,6.14,6.15,6.16,6.07,378811.0,231410000.0,992.28,717.44,7.41,0.34,0.32,15777300,22103800.0,2026-08-06,16:14:44
601801,皖新传媒,5.55,5.59,5.6,5.65,5.48,117095.0,65010000.0,108.67,108.67,14.49,0.92,0.6,5499300,6210200.0,2026-08-06,16:14:50
601808,中海油服,12.23,12.16,12.12,12.27,12.1,130899.0,159630000.0,583.57,362.07,15.32,1.26,0.44,6990800,6099100.0,2026-08-06,16:14:56
601811,新华文轩,12.02,12.26,12.24,12.25,11.93,26177.0,31540000.0,148.31,95.19,9.47,0.99,0.33,960200,1657500.0,2026-08-06,16:14:58
601816,京沪高铁,5.08,5.07,5.09,5.11,5.02,1207833.0,611090000.0,2485.42,2485.42,18.62,1.18,0.25,56738600,64044700.0,2026-08-06,16:14:50
601818,光大银行,3.06,3.07,3.07,3.08,3.04,1939383.0,593440000.0,1808.02,1420.05,4.78,0.36,0.42,95443900,98494400.0,2026-08-06,16:14:31
601825,沪农商行,8.36,8.37,8.4,8.42,8.24,216934.0,180450000.0,806.28,783.7,6.53,0.62,0.23,11333400,10360000.0,2026-08-06,16:14:49
601827,三峰环境,8.35,8.35,8.36,8.47,8.26,66109.0,55310000.0,139.61,139.61,11.16,1.16,0.4,2998400,3612500.0,2026-08-06,16:14:34
601828,美凯龙,2.21,2.24,2.23,2.24,2.19,294764.0,65270000.0,96.22,79.83,-0.42,0.43,0.82,11844300,17632100.0,2026-08-06,16:14:59
601838,成都银行,17.97,17.89,17.91,18.05,17.8,158307.0,283720000.0,761.65,761.65,5.67,0.86,0.37,8010400,7820300.0,2026-08-06,16:14:53
601857,中国石油,10.68,10.63,10.67,10.75,10.56,1254013.0,1337130000.0,19546.64,17293.28,12.36,1.24,0.08,64600400,60800900.0,2026-08-06,16:14:35
601858,中国科传,26.28,25.36,24.64,26.48,24.6,353851.0,899230000.0,207.74,207.74,42.69,3.8,4.48,18179500,17205600.0,2026-08-06,16:14:32
601860,紫金银行,2.59,2.6,2.61,2.62,2.55,603026.0,155350000.0,94.82,91.99,7.58,0.47,1.7,26248200,34054400.0,2026-08-06,16:14:50
601865,福莱特,10.68,10.93,10.95,10.95,10.56,229252.0,245410000.0,250.22,203.03,27.42,1.15,1.21,9175100,13750100.0,2026-08-06,16:14:30
601866,中远海发,2.41,2.44,2.44,2.45,2.39,690087.0,166230000.0,316.48,234.02,20.52,1.03,0.71,21113000,47895700.0,2026-08-06,16:14:40
601868,中国能建,2.59,2.62,2.61,2.62,2.57,3378730.0,874760000.0,1145.82,839.9,20.16,0.96,1.04,114841600,223031400.0,2026-08-06,16:14:31
601869,长飞光纤,328.25,312.4,310.56,333.0,310.5,189895.0,6111280000.0,2717.6,1333.81,234.85,19.1,4.67,9408200,9581400.0,2026-08-06,16:14:52
601872,招商轮船,17.88,18.1,17.95,18.08,17.45,987956.0,1748650000.0,1443.73,1443.73,18.25,3.35,1.22,42475800,56319800.0,2026-08-06,16:14:50
601877,正泰电器,25.39,25.86,25.8,25.8,25.2,169612.0,431290000.0,545.62,545.62,11.85,1.23,0.79,6623300,10337900.0,2026-08-06,16:14:34
601878,浙商证券,9.44,9.56,9.52,9.53,9.41,245194.0,232030000.0,431.77,431.77,16.56,1.16,0.54,8128600,16390800.0,2026-08-06,16:14:31
601880,辽港股份,1.47,1.49,1.49,1.5,1.45,1102954.0,162050000.0,346.5,270.67,23.7,0.87,0.6,36213300,74082100.0,2026-08-06,16:14:45
601881,中国银河,12.44,12.64,12.58,12.61,12.4,323026.0,403130000.0,1360.24,901.08,10.61,1.15,0.45,10717300,21585300.0,2026-08-06,16:14:59
601882,海天精工,19.48,19.44,19.53,19.58,19.19,30438.0,59010000.0,101.69,101.69,23.04,3.5,0.58,1547600,1496200.0,2026-08-06,16:14:58
601886,江河集团,8.4,8.38,8.38,8.49,8.28,35465.0,29670000.0,95.17,95.17,15.39,1.36,0.31,1648000,1898500.0,2026-08-06,16:14:59
601888,中国中免,55.56,56.39,56.51,56.66,55.31,346071.0,1928180000.0,1154.42,1084.8,28.21,2.01,1.77,13122800,21484300.0,2026-08-06,16:14:32
601890,亚星锚链,8.49,8.56,8.56,8.59,8.42,138027.0,117220000.0,81.45,81.45,23.32,2.12,1.44,4771400,9031300.0,2026-08-06,16:14:50
601898,中煤能源,14.2,13.34,13.31,14.46,13.3,915726.0,1272990000.0,1882.73,1299.58,10.6,1.15,1.0,52498700,39073900.0,2026-08-06,16:14:31
601899,紫金矿业,34.5,34.1,35.38,35.8,34.15,4026674.0,14063630000.0,9173.8,7107.62,14.87,4.84,1.95,202787700,199879700.0,2026-08-06,16:14:41
601900,南方传媒,11.79,11.84,11.94,12.18,11.67,92605.0,109890000.0,103.98,103.98,10.16,1.2,1.05,4335100,4925400.0,2026-08-06,16:14:58
601901,方正证券,7.04,7.13,7.12,7.13,7.01,496043.0,349830000.0,579.54,579.54,13.6,1.11,0.6,16956600,32647700.0,2026-08-06,16:14:47
601908,京运通,3.09,3.16,3.17,3.18,3.05,419987.0,129750000.0,74.61,74.61,-4.85,1.01,1.74,14332800,27665900.0,2026-08-06,16:14:56
601916,浙商银行,2.93,2.94,2.94,2.99,2.92,1546376.0,454630000.0,804.71,631.25,6.2,0.45,0.72,72708100,81929600.0,2026-08-06,16:14:55
601918,新集能源,9.82,9.43,9.39,10.02,9.34,839795.0,819620000.0,254.39,254.39,11.82,1.46,3.24,49717200,34262200.0,2026-08-06,16:14:59
601919,中远海控,15.37,15.4,15.31,15.45,15.25,670733.0,1028630000.0,2346.71,1929.94,9.37,1.02,0.53,31994400,35078900.0,2026-08-06,16:14:53
601921,浙版传媒,7.2,7.25,7.26,7.28,7.13,68927.0,49560000.0,160.0,160.0,12.75,1.14,0.31,2911100,3981600.0,2026-08-06,16:14:51
601928,凤凰传媒,9.39,9.57,9.59,9.6,9.34,113363.0,106790000.0,238.97,238.97,13.96,1.17,0.45,4873000,6463300.0,2026-08-06,16:14:59
601929,吉视传媒,2.45,2.51,2.5,2.53,2.41,973265.0,238940000.0,85.5,84.45,-18.72,1.83,2.82,37252000,60074600.0,2026-08-06,16:14:38
601933,永辉超市,3.22,3.31,3.3,3.32,3.18,1898804.0,614470000.0,287.39,287.39,-11.91,17.4,2.13,69370500,120510000.0,2026-08-06,16:14:41
601939,建设银行,10.11,9.96,10.0,10.12,9.87,2029715.0,2028540000.0,26447.8,969.92,7.74,0.76,2.12,110992800,91978700.0,2026-08-06,16:14:36
601949,中国出版,5.4,5.51,5.49,5.54,5.34,129274.0,70050000.0,102.81,102.81,17.87,1.05,0.68,5672900,7254500.0,2026-08-06,16:14:34
601952,苏垦农发,8.3,8.2,8.23,8.37,8.11,191378.0,157880000.0,114.37,114.37,23.99,1.59,1.39,9006100,10131700.0,2026-08-06,16:14:41
601956,东贝集团,4.88,4.88,4.87,4.91,4.8,55514.0,26940000.0,30.33,30.33,217.35,1.26,0.89,2402700,3148700.0,2026-08-06,16:14:31
601958,XD金钼股,22.87,22.62,22.89,23.25,22.4,656473.0,1496390000.0,737.92,737.92,21.01,3.57,2.03,33442000,32205300.0,2026-08-06,16:14:56
601963,重庆银行,10.95,10.96,10.95,10.99,10.8,118481.0,129120000.0,397.02,222.73,6.64,0.66,0.58,5978300,5869800.0,2026-08-06,16:14:31
601965,中国汽研,14.01,14.45,14.18,14.42,13.78,195004.0,273190000.0,140.47,139.88,13.03,1.75,1.95,9066000,10434400.0,2026-08-06,16:14:33
601966,玲珑轮胎,11.27,11.4,11.4,11.41,11.16,98553.0,111100000.0,164.94,164.94,15.78,0.72,0.67,3640100,6215200.0,2026-08-06,16:14:45
601968,宝钢包装,4.55,4.58,4.57,4.59,4.44,90322.0,40850000.0,58.05,58.05,29.66,1.29,0.71,3972000,5060200.0,2026-08-06,16:14:48
601969,海南矿业,9.12,9.26,9.29,9.33,9.0,188004.0,171910000.0,180.99,179.89,38.4,2.66,0.95,8059900,10740500.0,2026-08-06,16:14:45
601975,招商南油,3.73,3.8,3.75,3.78,3.69,1728387.0,644420000.0,174.58,174.58,11.97,1.47,3.69,70787900,102050800.0,2026-08-06,16:14:38
601985,中国核电,8.83,8.82,8.82,8.85,8.76,1332709.0,1172290000.0,1816.15,1667.39,22.06,1.56,0.71,63355700,69915200.0,2026-08-06,16:14:32
601988,中国银行,5.79,5.73,5.75,5.81,5.7,2984613.0,1718740000.0,18656.1,12203.32,7.61,0.69,0.14,169990100,128471300.0,2026-08-06,16:14:53
601989,中国重工,5.1,5.1,0.0,0.0,0.0,0.0,0.0,1162.9,1162.9,46.1,1.36,0.0,0,0.0,2026-08-06,09:00:00
601990,南京证券,6.77,6.86,6.82,6.85,6.73,188641.0,127850000.0,297.85,286.49,27.23,1.28,0.45,6560200,12303900.0,2026-08-06,16:14:47
601991,大唐发电,6.25,6.43,6.34,6.37,6.17,3716835.0,2322680000.0,1156.67,774.76,14.38,3.14,3.0,144073000,227610500.0,2026-08-06,16:14:37
601992,金隅集团,1.42,1.41,1.42,1.42,1.39,463788.0,65370000.0,151.62,118.35,-10.44,0.4,0.56,25956300,20422500.0,2026-08-06,16:14:34
601995,中金公司,34.91,35.69,35.51,35.58,34.73,268673.0,941510000.0,1685.2,1020.61,14.88,1.64,0.92,9593300,17273900.0,2026-08-06,16:14:45
601996,丰林集团,2.39,2.38,2.39,2.39,2.34,160119.0,37850000.0,26.79,26.79,-22.1,1.09,1.43,7013500,8998400.0,2026-08-06,16:14:59
601997,贵阳银行,5.64,5.66,5.67,5.7,5.57,467011.0,262530000.0,206.21,206.21,3.9,0.32,1.28,19921400,26779700.0,2026-08-06,16:14:58
601998,中信银行,7.55,7.55,7.56,7.58,7.45,484400.0,363790000.0,4201.21,3077.61,5.9,0.57,0.12,25379300,23060600.0,2026-08-06,16:14:48
601999,出版传媒,6.02,6.0,6.0,6.07,5.9,45365.0,27180000.0,33.17,33.17,31.68,1.24,0.82,2146900,2389600.0,2026-08-06,16:14:38
603000,人民网,17.29,17.47,17.32,17.81,17.15,249010.0,433470000.0,191.17,191.17,100.32,5.17,2.25,11154800,13746200.0,2026-08-06,16:14:32
603001,奥康国际,7.27,7.01,7.02,7.35,6.96,150305.0,107950000.0,29.15,29.15,-16.99,1.23,3.75,7387100,7643400.0,2026-08-06,16:15:00
603002,宏昌电子,14.04,13.52,13.3,14.32,13.2,675477.0,937780000.0,159.22,159.22,541.87,4.63,5.96,32848900,34698800.0,2026-08-06,16:14:34
603003,退市龙宇,2.44,2.44,0.0,0.0,0.0,0.0,0.0,9.18,9.18,-2.71,0.28,0.0,0,0.0,2026-08-06,09:00:00
603004,鼎龙科技,20.85,20.22,20.52,21.28,20.33,97145.0,202570000.0,49.11,12.28,34.6,2.36,16.5,4350100,5364300.0,2026-08-06,16:14:42
603005,晶方科技,32.3,31.5,30.9,33.06,30.76,641982.0,2059460000.0,210.65,210.65,56.98,4.6,9.84,31309900,32888300.0,2026-08-06,16:14:38
603006,联明股份,11.07,10.88,10.86,11.09,10.74,28889.0,31680000.0,28.15,28.15,27.09,2.2,1.14,1473400,1415500.0,2026-08-06,16:14:35
603007,顺景科技,4.83,4.93,4.92,4.93,4.77,262064.0,126450000.0,42.72,33.57,-19.1,18.27,3.77,11547200,14659200.0,2026-08-06,16:14:37
603008,ST喜临门,8.07,8.18,8.18,8.23,8.05,36057.0,29210000.0,29.72,29.72,22.11,0.85,0.98,1342800,2262900.0,2026-08-06,16:14:55
603009,北特科技,40.5,40.45,40.08,41.24,39.7,59829.0,242840000.0,140.29,140.29,113.44,6.99,1.73,2868000,3114900.0,2026-08-06,16:14:39
603010,万盛股份,10.79,10.61,10.54,10.79,10.47,81316.0,86730000.0,63.12,61.59,-6.6,2.49,1.42,3709100,4422500.0,2026-08-06,16:14:57
603011,合锻智能,20.62,20.29,20.03,20.93,19.99,737183.0,1515310000.0,101.95,101.95,-35.8,5.47,14.91,36024600,37693700.0,2026-08-06,16:14:40
603012,创力集团,8.7,8.67,8.61,8.95,8.6,209229.0,183330000.0,56.25,56.25,61.36,1.49,3.24,10969800,9953100.0,2026-08-06,16:14:32
603013,亚普股份,16.76,17.02,16.84,17.09,16.6,26089.0,43780000.0,85.18,85.18,15.18,1.91,0.51,1133400,1475500.0,2026-08-06,16:14:49
603015,弘讯科技,10.67,10.49,10.51,10.86,10.4,63191.0,67190000.0,43.13,43.13,163.06,3.17,1.56,3541200,2777900.0,2026-08-06,16:14:53
603016,新宏泰,29.14,29.44,29.38,29.44,28.59,20598.0,59760000.0,43.17,43.17,78.59,5.42,1.39,997700,1062200.0,2026-08-06,16:14:33
603017,中衡设计,9.42,9.35,9.34,9.46,9.22,39757.0,37220000.0,26.02,26.02,53.5,1.79,1.44,1984400,1991300.0,2026-08-06,16:14:37
603018,华设集团,5.31,5.36,5.33,5.37,5.25,69314.0,36730000.0,43.5,43.5,15.29,0.81,0.85,3274400,3657000.0,2026-08-06,16:14:53
603019,中科曙光,87.8,88.65,87.0,88.96,86.25,451820.0,3956790000.0,1284.62,1284.56,57.93,5.84,3.09,20807900,24374100.0,2026-08-06,16:14:59
603020,爱普股份,10.11,10.1,10.03,10.28,9.95,60677.0,61330000.0,37.98,37.98,43.39,1.19,1.62,2950400,3117300.0,2026-08-06,16:14:37
603021,*ST华鹏,6.78,6.94,6.91,6.97,6.59,60752.0,41110000.0,21.69,21.69,-9.26,-10.5,1.9,2238200,3837000.0,2026-08-06,16:14:42
603022,新通联,8.45,8.37,8.37,8.45,8.25,29896.0,25020000.0,16.9,16.9,28.46,2.03,1.49,1644200,1345400.0,2026-08-06,16:14:49
603023,威帝股份,3.87,3.87,3.88,3.89,3.78,115113.0,44170000.0,21.6,21.6,20355.56,2.8,2.06,5088600,6422800.0,2026-08-06,16:14:49
603025,大豪科技,13.52,13.69,13.63,13.8,13.39,70016.0,95000000.0,150.97,149.96,19.36,6.13,0.63,3220200,3781400.0,2026-08-06,16:14:41
603026,石大胜华,67.01,66.9,66.48,67.7,65.97,94062.0,628910000.0,155.93,155.93,47.83,3.0,4.04,4632800,4773400.0,2026-08-06,16:14:56
603027,千禾味业,7.54,7.64,7.66,7.67,7.47,133024.0,100150000.0,100.34,100.34,29.94,3.08,1.0,4880900,8421500.0,2026-08-06,16:14:34
603028,赛福天,6.68,6.65,6.67,6.72,6.5,39430.0,26150000.0,19.17,18.98,-37.74,4.13,1.39,1987900,1955100.0,2026-08-06,16:14:46
603029,天鹅股份,14.91,14.8,14.8,14.97,14.63,17880.0,26510000.0,18.09,18.09,24.23,1.93,1.47,991000,797000.0,2026-08-06,16:14:38
603030,全筑股份,2.04,2.03,2.02,2.04,1.98,274630.0,55290000.0,26.87,26.87,-10.0,3.84,2.09,13133800,14329200.0,2026-08-06,16:14:40
603031,安孚科技,39.3,39.04,38.48,39.88,38.1,107601.0,420770000.0,146.92,123.56,50.93,5.22,3.42,5124000,5636100.0,2026-08-06,16:14:54
603032,德新科技,19.1,18.98,19.0,19.65,18.6,105607.0,201440000.0,44.55,44.48,64.8,3.84,4.53,4932400,5628300.0,2026-08-06,16:14:57
603033,三维股份,7.96,7.88,7.88,8.05,7.8,71932.0,57090000.0,82.08,80.6,-15.78,3.25,0.71,3698900,3494300.0,2026-08-06,16:14:31
603035,常熟汽饰,11.02,11.07,11.07,11.1,10.87,35097.0,38520000.0,40.37,40.37,12.23,0.76,0.96,1361800,2147900.0,2026-08-06,16:14:56
603036,如通股份,13.01,12.79,12.79,13.1,12.6,65776.0,85270000.0,26.8,26.8,26.89,1.97,3.19,3222700,3354900.0,2026-08-06,16:14:34
603037,凯众股份,10.29,10.3,10.2,10.35,10.11,31568.0,32330000.0,27.43,27.39,38.86,2.92,1.19,1626900,1530000.0,2026-08-06,16:14:45
603038,华立股份,13.72,13.47,13.38,14.05,13.38,39699.0,54350000.0,36.86,36.86,44.28,2.59,1.48,1863400,2106500.0,2026-08-06,16:14:47
603039,泛微网络,49.1,44.64,43.63,49.1,43.63,391551.0,1885860000.0,151.05,151.05,46.52,5.75,12.73,11833600,27321500.0,2026-08-06,16:14:32
603040,新坐标,55.75,56.41,56.83,57.28,55.22,17256.0,97010000.0,110.03,109.45,41.34,7.57,0.88,829500,896000.0,2026-08-06,16:14:49
603041,美思德,10.74,10.53,10.52,10.75,10.52,16127.0,17180000.0,19.67,19.67,33.44,1.31,0.88,860900,751800.0,2026-08-06,16:14:54
603042,华脉科技,13.0,12.58,12.53,13.35,12.36,135807.0,175410000.0,27.14,27.14,-48.65,3.26,6.51,6111800,7468900.0,2026-08-06,16:14:58
603043,广州酒家,13.66,13.82,13.9,13.9,13.49,39817.0,54260000.0,77.49,76.83,15.82,2.06,0.71,1519800,2461800.0,2026-08-06,16:14:34
603045,福达合金,54.2,53.56,54.26,55.33,53.05,120106.0,650310000.0,73.41,73.41,24.95,5.95,8.87,5979700,6030800.0,2026-08-06,16:14:41
603048,浙江黎明,20.72,20.42,20.42,21.88,20.29,34658.0,72740000.0,30.43,30.43,90.6,2.46,2.36,1664700,1801100.0,2026-08-06,16:14:56
603050,科林电气,18.35,18.64,18.65,18.68,18.16,26560.0,48800000.0,74.01,74.01,32.51,4.02,0.66,820500,1835500.0,2026-08-06,16:14:59
603051,鹿山新材,20.52,20.04,19.9,20.75,19.9,55626.0,113520000.0,33.17,33.17,-49.19,1.95,3.44,2668100,2894500.0,2026-08-06,16:14:31
603052,可川科技,53.09,51.78,51.19,53.43,50.5,36740.0,192130000.0,99.75,99.75,-1511.83,9.36,1.96,1903300,1770700.0,2026-08-06,16:14:55
603053,成都燃气,8.92,8.91,8.87,8.94,8.83,13718.0,12190000.0,79.29,79.29,16.91,1.66,0.15,718100,653700.0,2026-08-06,16:14:59
603055,台华新材,8.35,8.41,8.42,8.44,8.27,52253.0,43530000.0,74.34,74.07,14.87,1.42,0.59,2329600,2895800.0,2026-08-06,16:14:51
603056,德邦股份,18.85,18.85,0.0,0.0,0.0,0.0,0.0,190.68,190.68,-36.73,2.4,0.0,0,0.0,2026-08-06,09:00:00
603057,紫燕食品,22.31,22.81,23.03,23.03,22.0,20913.0,46580000.0,92.61,91.92,30.44,4.42,0.51,1049300,1042000.0,2026-08-06,16:14:43
603058,永吉股份,10.07,10.02,9.97,10.25,9.7,178599.0,177970000.0,41.76,41.76,38.83,3.71,4.31,8085400,9774600.0,2026-08-06,16:14:31
603059,倍加洁,24.22,24.07,24.15,24.24,23.78,12070.0,29030000.0,24.37,24.33,19.98,2.23,1.2,516100,690900.0,2026-08-06,16:14:50
603060,国检集团,5.58,5.52,5.66,5.8,5.5,123828.0,69740000.0,44.86,44.86,36.35,2.28,1.54,5924600,6458200.0,2026-08-06,16:14:54
603061,金海通,307.73,292.86,290.0,314.98,288.88,53621.0,1642090000.0,267.73,267.73,114.72,15.89,6.16,2952600,2409500.0,2026-08-06,16:14:30
603062,麦加芯彩,38.2,38.15,38.4,38.69,37.73,3039.0,11610000.0,41.26,14.16,24.25,2.07,0.82,141000,162900.0,2026-08-06,16:14:45
603063,禾望电气,32.07,32.41,32.35,32.84,31.66,292028.0,939970000.0,148.85,148.24,33.47,2.73,6.32,14651600,14551200.0,2026-08-06,16:14:35
603065,宿迁联盛,15.77,15.51,15.44,16.3,14.82,476596.0,747390000.0,66.07,66.07,-432.88,3.45,11.38,25451300,22208300.0,2026-08-06,16:14:37
603066,音飞储存,9.02,8.99,8.98,9.03,8.87,42864.0,38410000.0,26.54,26.54,21.17,1.75,1.46,2185800,2100600.0,2026-08-06,16:14:40
603067,振华股份,33.23,33.63,33.0,34.26,32.44,228040.0,760530000.0,251.06,251.06,37.85,6.73,3.02,11678600,11125400.0,2026-08-06,16:14:48
603068,博通集成,41.6,39.66,38.18,41.66,38.18,300715.0,1200820000.0,63.14,63.14,287.3,3.6,19.81,15538400,14533200.0,2026-08-06,16:14:56
603069,海汽集团,13.41,13.51,13.45,13.7,13.22,36770.0,49250000.0,42.38,42.38,-68.2,5.48,1.16,1913000,1764000.0,2026-08-06,16:14:43
603070,万控智造,11.62,11.7,11.6,11.71,11.38,22771.0,26300000.0,46.6,46.6,76.68,2.19,0.57,1109800,1167200.0,2026-08-06,16:14:34
603071,物产环能,11.98,11.98,11.91,12.02,11.78,35773.0,42540000.0,66.84,66.84,10.18,1.16,0.64,1621800,1955500.0,2026-08-06,16:14:48
603072,天和磁材,32.46,32.75,32.91,33.47,32.25,32894.0,108050000.0,85.79,40.97,49.54,3.96,2.61,1318700,1970700.0,2026-08-06,16:14:44
603073,彩蝶实业,15.94,16.02,15.95,16.11,15.58,20849.0,32960000.0,18.49,8.11,30.84,1.34,4.1,918200,1166700.0,2026-08-06,16:14:37
603075,热威股份,19.18,18.95,19.0,19.3,18.86,23518.0,44780000.0,77.18,8.13,23.69,3.94,5.55,1252200,1099600.0,2026-08-06,16:14:47
603076,乐惠国际,20.28,20.06,20.06,20.43,19.92,17948.0,36280000.0,24.48,24.48,95.18,1.93,1.49,907800,887000.0,2026-08-06,16:14:51
603077,和邦生物,2.4,2.43,2.43,2.46,2.37,1496153.0,360210000.0,211.96,211.96,-56.47,1.19,1.69,52171400,97443900.0,2026-08-06,16:14:48
603078,江化微,34.19,31.08,31.48,34.19,31.4,327064.0,1082560000.0,131.85,131.85,123.49,6.69,8.48,14607100,18099300.0,2026-08-06,16:14:32
603079,圣达生物,11.48,11.41,11.41,11.52,11.31,22570.0,25780000.0,21.7,21.7,40.47,1.37,1.19,1250200,1006800.0,2026-08-06,16:14:57
603080,新疆火炬,18.9,18.74,18.59,18.99,18.55,13830.0,26060000.0,26.74,26.74,12.71,1.72,0.98,639700,743300.0,2026-08-06,16:14:35
603081,大丰实业,9.56,9.05,9.04,9.63,9.0,130405.0,123220000.0,40.39,40.39,68.64,1.27,3.09,6912500,6128000.0,2026-08-06,16:14:57
603082,北自科技,37.25,36.8,36.52,37.36,36.26,55502.0,205370000.0,62.05,15.11,41.61,3.62,13.68,2500600,3049600.0,2026-08-06,16:14:57
603083,剑桥科技,152.8,149.56,145.02,155.77,143.8,247823.0,3717160000.0,562.69,421.1,160.59,7.54,8.99,11789300,12992900.0,2026-08-06,16:14:41
603085,天成自控,10.2,9.94,9.86,10.36,9.86,110872.0,112990000.0,40.5,40.5,45.46,4.19,2.79,5361200,5726000.0,2026-08-06,16:14:39
603086,先达股份,5.56,5.52,5.56,5.57,5.45,57888.0,31940000.0,24.18,24.18,17.65,1.16,1.33,2839200,2949600.0,2026-08-06,16:14:35
603087,甘李药业,68.2,70.4,70.4,70.79,68.01,87780.0,602690000.0,407.79,382.71,39.82,3.63,1.56,3993700,4784300.0,2026-08-06,16:14:43
603088,宁波精达,9.25,9.39,9.35,9.4,9.11,58247.0,53860000.0,46.47,40.5,50.64,4.37,1.33,2499200,3325500.0,2026-08-06,16:14:33
603089,正裕工业,8.76,8.63,8.58,8.77,8.56,16664.0,14440000.0,24.15,21.03,42.12,1.3,0.69,914000,752400.0,2026-08-06,16:14:47
603090,宏盛股份,39.35,39.2,39.0,39.79,37.88,34311.0,133280000.0,39.35,39.35,51.67,6.33,3.43,1912800,1518300.0,2026-08-06,16:14:40
603091,众鑫股份,49.36,48.86,48.72,49.84,48.72,6093.0,30060000.0,70.65,21.73,24.54,3.23,1.38,322000,287300.0,2026-08-06,16:14:55
603093,南华期货,18.03,18.19,18.11,18.44,17.82,106584.0,192780000.0,129.41,109.99,21.38,2.25,1.75,5049200,5609200.0,2026-08-06,16:14:35
603095,越剑智能,13.1,12.91,12.73,13.16,12.73,33739.0,43840000.0,33.83,33.83,51.08,1.45,1.31,1682100,1691800.0,2026-08-06,16:14:35
603096,新经典,14.77,14.62,14.6,14.97,14.5,16580.0,24410000.0,22.78,22.78,31.14,1.27,1.08,770800,887300.0,2026-08-06,16:14:58
603097,江苏华辰,21.0,20.55,20.33,21.07,20.18,57378.0,118050000.0,48.29,47.18,96.86,4.63,2.55,3158500,2579300.0,2026-08-06,16:14:46
603098,森特股份,10.18,10.19,10.23,10.24,9.99,43291.0,43750000.0,54.92,54.85,60.68,1.96,0.8,1926200,2402900.0,2026-08-06,16:14:43
603099,长白山,38.75,38.6,39.0,39.0,38.39,48718.0,188340000.0,105.54,105.54,79.55,7.03,1.79,2103600,2768200.0,2026-08-06,16:14:41
603100,川仪股份,18.41,18.75,18.75,18.75,18.35,39351.0,72900000.0,94.48,94.17,15.73,1.95,0.77,1733400,2201700.0,2026-08-06,16:14:39
603101,汇嘉时代,7.37,7.31,7.31,7.38,7.25,83964.0,61510000.0,34.67,34.67,32.1,2.36,1.78,4321600,4074900.0,2026-08-06,16:14:49
603102,百合股份,34.1,33.75,33.75,34.15,33.4,5791.0,19580000.0,21.82,21.82,17.87,1.3,0.9,288500,290600.0,2026-08-06,16:14:39
603103,横店影视,15.11,15.21,15.18,15.33,14.92,50301.0,75900000.0,95.83,95.83,-66.78,7.5,0.79,2210200,2819900.0,2026-08-06,16:14:38
603105,芯能科技,7.19,7.3,7.33,7.33,7.07,88274.0,63250000.0,35.95,35.95,20.49,1.75,1.77,3217900,5609600.0,2026-08-06,16:14:55
603106,恒银科技,10.04,9.13,8.98,10.04,8.57,1219739.0,1163960000.0,52.26,52.26,182.33,3.98,23.43,63758300,58215600.0,2026-08-06,16:14:42
603107,上海汽配,12.09,12.29,12.25,12.28,12.01,36519.0,44250000.0,40.78,26.38,26.24,1.96,1.67,1177900,2474000.0,2026-08-06,16:14:40
603108,润达医疗,10.47,10.49,10.48,11.05,10.35,277148.0,293980000.0,63.3,63.3,-11.88,1.72,4.58,13026400,14688400.0,2026-08-06,16:14:50
603109,神驰机电,16.97,17.12,17.07,17.24,16.72,14175.0,24030000.0,35.44,35.44,40.54,1.85,0.68,576600,840900.0,2026-08-06,16:14:36
603110,东方材料,24.88,24.09,23.77,25.12,23.64,174218.0,429880000.0,50.07,50.07,4504.01,7.18,8.66,8880700,8541100.0,2026-08-06,16:14:55
603111,康尼机电,5.79,5.82,5.81,5.82,5.72,45139.0,26060000.0,49.91,48.5,14.01,1.29,0.54,1871500,2642400.0,2026-08-06,16:14:32
603112,华翔股份,15.2,15.22,15.26,15.45,14.97,46022.0,69830000.0,82.07,81.26,14.36,1.86,0.86,2087900,2514300.0,2026-08-06,16:14:33
603113,金能科技,4.55,4.49,4.5,4.56,4.44,88124.0,39710000.0,38.61,38.61,-5.99,0.53,1.04,4945300,3867100.0,2026-08-06,16:14:55
603115,海星股份,79.93,77.58,77.58,81.18,76.17,128452.0,1014500000.0,195.49,195.49,87.59,9.58,5.25,6038900,6806300.0,2026-08-06,16:14:43
603116,红蜻蜓,5.96,5.9,5.88,6.35,5.85,148684.0,90320000.0,34.34,34.34,-25.43,1.43,2.58,7445600,7422800.0,2026-08-06,16:14:55
603117,万林物流,3.67,3.63,3.62,3.69,3.59,107633.0,39090000.0,21.99,21.99,299.18,2.14,1.8,5884300,4879000.0,2026-08-06,16:14:39
603118,共进股份,14.78,14.4,13.95,14.94,13.95,1200367.0,1741090000.0,116.36,116.36,145.57,2.3,15.25,58885700,61151000.0,2026-08-06,16:14:48
603119,浙江荣泰,53.6,53.71,53.1,54.4,52.11,107944.0,578000000.0,253.45,253.45,87.2,12.51,2.28,5135500,5658900.0,2026-08-06,16:14:54
603121,华培动力,12.02,12.07,12.08,12.19,11.78,47207.0,56640000.0,40.69,40.69,-66.61,3.71,1.39,2120300,2600400.0,2026-08-06,16:14:42
603122,合富中国,12.39,11.26,11.3,12.39,11.18,263161.0,312220000.0,49.32,49.32,-137.28,4.72,6.61,11776000,14540100.0,2026-08-06,16:14:51
603123,翠微股份,10.07,9.15,9.14,10.07,9.07,429257.0,419860000.0,80.43,65.68,-18.74,4.94,6.58,20374600,22551100.0,2026-08-06,16:14:48
603124,江南新材,128.78,118.7,117.1,130.57,116.0,84841.0,1067770000.0,187.69,99.94,71.98,10.08,10.93,3823500,4660600.0,2026-08-06,16:14:44
603125,常青科技,23.0,22.61,22.59,23.18,22.21,91064.0,207500000.0,93.11,93.11,45.63,3.7,2.25,4297600,4808800.0,2026-08-06,16:14:58
603126,中材节能,6.03,6.02,5.98,6.03,5.93,71210.0,42590000.0,36.81,36.81,112.35,1.8,1.17,3605500,3515500.0,2026-08-06,16:14:43
603127,昭衍新药,46.26,46.3,47.0,47.18,44.85,435444.0,2012810000.0,346.65,290.38,70.02,4.09,6.94,22488200,21056200.0,2026-08-06,16:15:00
603128,华贸物流,5.3,5.32,5.3,5.33,5.23,106846.0,56380000.0,69.38,69.38,14.99,1.15,0.82,4524800,6159800.0,2026-08-06,16:14:52
603129,春风动力,294.46,298.56,298.61,302.88,288.45,20551.0,602360000.0,451.95,451.95,26.86,6.14,1.34,1008700,1046400.0,2026-08-06,16:14:57
603130,云中马,40.53,41.0,41.0,41.75,40.22,19264.0,78710000.0,55.73,55.73,51.32,3.97,1.4,872400,1054000.0,2026-08-06,16:14:57
603131,上海沪工,15.55,15.36,15.15,15.69,15.12,75902.0,117600000.0,52.39,52.39,-352.64,3.17,2.25,4114500,3475700.0,2026-08-06,16:14:38
603132,金徽股份,19.21,18.34,18.59,19.5,18.36,200140.0,382150000.0,187.87,187.87,26.92,5.54,2.05,10961000,9053000.0,2026-08-06,16:15:00
603135,中重科技,9.55,9.36,9.34,9.59,9.29,90941.0,86180000.0,60.57,60.12,-351.22,2.05,1.44,4533600,4560400.0,2026-08-06,16:14:41
603136,天目湖,8.94,8.9,8.88,8.96,8.81,25289.0,22470000.0,24.15,24.15,26.27,1.82,0.94,1321500,1207400.0,2026-08-06,16:14:51
603137,恒尚节能,25.0,26.17,25.82,26.53,24.8,262427.0,665300000.0,45.73,45.73,-98.62,3.82,14.35,11907600,14335200.0,2026-08-06,16:14:33
603138,海量数据,13.51,13.54,13.37,14.03,13.33,84778.0,115580000.0,39.67,38.96,-55.62,4.92,2.94,4179000,4298800.0,2026-08-06,16:14:58
603139,康惠股份,36.25,34.93,34.73,36.44,34.41,22869.0,81840000.0,36.21,36.21,-12.26,6.63,2.29,1237200,1049700.0,2026-08-06,16:14:56
603150,万朗磁塑,50.33,49.83,49.2,50.6,49.08,13636.0,67980000.0,43.02,43.02,42.76,2.49,1.6,676800,686800.0,2026-08-06,16:14:48
603151,邦基科技,12.61,12.43,12.45,12.67,12.34,29882.0,37390000.0,21.6,21.6,24.86,1.59,1.74,1553200,1435000.0,2026-08-06,16:14:44
603153,上海建科,13.34,13.34,13.31,13.42,13.16,13997.0,18580000.0,54.68,53.86,14.73,1.45,0.35,597100,802600.0,2026-08-06,16:14:31
603155,新亚强,13.6,13.17,13.12,13.71,13.0,117078.0,157580000.0,62.27,62.27,65.47,2.92,2.56,5840500,5867300.0,2026-08-06,16:14:54
603156,养元饮品,45.98,45.07,45.34,47.0,44.2,118192.0,543000000.0,579.48,579.48,40.65,6.7,0.94,6353700,5465500.0,2026-08-06,16:14:42
603158,腾龙股份,10.34,10.6,10.39,10.64,10.2,220290.0,229440000.0,50.75,50.75,84.98,2.26,4.49,10132100,11896900.0,2026-08-06,16:14:34
603159,上海亚虹,19.15,18.58,18.47,19.16,18.23,29581.0,55650000.0,26.81,26.81,-263.09,5.41,2.11,1723600,1234500.0,2026-08-06,16:14:34
603160,汇顶科技,52.25,53.27,52.69,52.82,51.8,61060.0,319540000.0,243.48,243.48,32.08,2.64,1.31,2557700,3548300.0,2026-08-06,16:14:35
603161,科华控股,14.07,14.4,14.02,14.26,13.82,45004.0,63030000.0,27.35,26.84,31.23,1.83,2.36,1691800,2808500.0,2026-08-06,16:14:39
603162,海通发展,11.59,11.19,11.19,11.7,11.01,443904.0,508730000.0,159.34,48.94,17.67,3.27,10.51,22971100,21419400.0,2026-08-06,16:14:40
603163,圣晖集成,80.54,77.87,77.0,81.88,76.26,37629.0,300920000.0,80.54,80.54,49.02,7.13,3.76,1864300,1898500.0,2026-08-06,16:14:56
603165,荣晟环保,13.8,13.87,13.87,13.87,13.6,33524.0,45960000.0,43.16,43.16,18.85,1.93,1.07,1494800,1857600.0,2026-08-06,16:14:43
603166,福达股份,11.59,11.84,11.74,11.83,11.13,197941.0,226860000.0,74.83,74.26,22.91,2.87,3.09,8439300,11354800.0,2026-08-06,16:14:43
603167,渤海轮渡,8.72,8.78,8.78,8.8,8.67,32090.0,28020000.0,40.91,40.91,16.44,1.24,0.68,1156500,2052500.0,2026-08-06,16:14:54
603168,莎普爱思,5.35,5.31,5.35,5.37,5.25,58671.0,31140000.0,20.02,19.93,-7.31,1.51,1.57,2922800,2944300.0,2026-08-06,16:14:59
603169,兰石重装,6.98,7.09,7.08,7.16,6.96,163785.0,115310000.0,91.18,91.18,-15.07,3.43,1.25,6902400,9476100.0,2026-08-06,16:14:52
603170,宝立食品,13.01,13.13,13.08,13.14,12.82,30147.0,39090000.0,52.04,52.04,19.28,3.64,0.75,1341100,1673600.0,2026-08-06,16:14:38
603171,税友股份,49.68,50.0,49.4,52.1,48.96,181368.0,914130000.0,201.87,201.65,141.39,8.09,4.47,9190800,8946000.0,2026-08-06,16:14:44
603172,万丰股份,16.97,16.84,16.83,17.02,16.54,13215.0,22230000.0,22.63,22.63,43.65,2.05,0.99,683600,637900.0,2026-08-06,16:14:58
603173,福斯达,32.08,32.38,32.17,32.38,31.66,15399.0,49150000.0,51.33,51.33,12.89,2.64,0.96,742900,797000.0,2026-08-06,16:14:57
603176,汇通集团,4.58,4.53,4.52,4.61,4.48,41075.0,18660000.0,21.77,21.15,103.81,2.05,0.89,1932900,2174600.0,2026-08-06,16:14:41
603177,德创环保,9.1,8.92,8.98,9.11,8.88,38325.0,34560000.0,18.58,18.58,-35.09,5.75,1.88,2108500,1724000.0,2026-08-06,16:14:33
603178,圣龙股份,16.95,17.64,17.42,17.48,16.76,162092.0,275620000.0,40.07,40.07,-24.8,3.5,6.86,6645700,9563500.0,2026-08-06,16:14:36
603179,新泉股份,38.84,39.72,39.28,39.43,38.4,177734.0,690360000.0,277.39,277.39,34.37,3.65,2.49,8406500,9366900.0,2026-08-06,16:14:47
603180,金牌家居,14.93,14.75,14.74,14.93,14.6,8642.0,12780000.0,23.03,23.03,-84.72,0.86,0.56,511700,352500.0,2026-08-06,16:14:54
603181,皇马科技,13.23,13.23,13.2,13.45,13.13,60144.0,79690000.0,77.89,77.89,17.41,2.24,1.02,2389600,3624800.0,2026-08-06,16:14:33
603182,嘉华股份,12.18,12.06,12.05,12.22,11.94,16895.0,20440000.0,20.04,20.04,23.22,1.82,1.03,961500,728000.0,2026-08-06,16:14:48
603183,建研院,4.57,4.44,4.4,4.59,4.4,348540.0,157520000.0,22.72,22.72,198.75,1.42,7.01,16809000,18045000.0,2026-08-06,16:14:39
603185,弘元绿能,16.51,16.3,16.1,17.19,16.03,257882.0,432980000.0,112.78,112.11,-267.76,0.96,3.8,12451100,13337100.0,2026-08-06,16:14:51
603186,华正新材,130.0,119.31,122.0,131.24,122.0,238822.0,3047450000.0,203.83,203.83,70.47,8.78,15.23,11050100,12832100.0,2026-08-06,16:14:37
603187,海容冷链,11.95,12.02,12.02,12.04,11.8,64290.0,76560000.0,46.17,45.69,11.87,1.1,1.68,2679400,3749600.0,2026-08-06,16:14:49
603188,亚邦股份,4.06,4.01,4.0,4.07,3.98,85486.0,34410000.0,23.15,23.15,-51.7,3.28,1.5,4542200,4006400.0,2026-08-06,16:14:57
603189,*ST网达,9.95,9.61,9.6,9.95,9.53,41384.0,40610000.0,26.82,26.82,-959.86,1.85,1.54,2201200,1937200.0,2026-08-06,16:14:49
603190,亚通精工,16.4,16.36,16.27,16.46,16.15,14350.0,23440000.0,28.59,9.44,22.82,1.29,2.49,702500,732500.0,2026-08-06,16:14:58
603191,望变电气,14.04,14.24,14.25,14.25,13.85,81318.0,113990000.0,46.33,46.33,69.11,1.86,2.46,3967600,4164200.0,2026-08-06,16:14:52
603192,汇得科技,22.33,22.67,22.81,22.88,22.0,24885.0,55760000.0,37.33,31.13,48.42,1.73,1.79,1109100,1379400.0,2026-08-06,16:14:33
603193,润本股份,21.13,21.41,21.48,21.54,20.83,29833.0,62930000.0,85.49,21.83,26.47,3.94,2.89,1200400,1782900.0,2026-08-06,16:14:32
603194,中力股份,34.26,34.92,34.97,34.97,34.08,17059.0,58710000.0,137.38,54.14,16.18,2.56,1.08,699100,1006800.0,2026-08-06,16:14:57
603195,公牛集团,40.78,41.49,41.25,41.56,40.3,43434.0,177350000.0,735.45,734.11,17.7,5.15,0.24,1831500,2512000.0,2026-08-06,16:14:36
603196,璞源材料,20.99,20.14,20.01,21.07,20.0,27699.0,56760000.0,87.88,49.74,257.4,4.41,1.17,1541500,1228400.0,2026-08-06,16:14:51
603197,保隆科技,30.31,30.37,30.23,30.75,30.08,31754.0,96560000.0,64.87,64.0,34.32,2.04,1.5,1347000,1828400.0,2026-08-06,16:14:51
603198,迎驾贡酒,36.88,36.81,36.9,37.07,36.36,56738.0,208210000.0,295.04,295.04,14.81,2.87,0.71,2469900,3203900.0,2026-08-06,16:14:52
603199,九华旅游,32.38,32.36,32.4,32.53,32.0,12929.0,41730000.0,35.84,35.84,16.77,2.19,1.17,511400,781500.0,2026-08-06,16:14:57
603200,上海洗霸,37.79,38.18,37.9,38.92,37.29,71367.0,271440000.0,66.31,66.31,80.88,6.06,4.07,3441700,3695000.0,2026-08-06,16:14:35
603201,常润股份,17.3,17.6,18.05,19.04,16.87,155959.0,277910000.0,32.87,32.59,16.71,1.9,8.28,7655100,7940800.0,2026-08-06,16:14:53
603203,快克智能,42.86,41.79,41.21,43.78,40.95,133696.0,568570000.0,141.44,139.82,94.86,10.29,4.1,7057600,6312100.0,2026-08-06,16:14:52
603205,健尔康,21.16,21.04,21.01,21.16,20.84,6799.0,14280000.0,33.01,8.75,29.98,2.22,1.64,382400,297500.0,2026-08-06,16:14:42
603206,嘉环科技,15.04,15.54,15.54,16.0,14.73,146231.0,221810000.0,45.9,45.9,116.72,2.01,4.79,6860500,7762500.0,2026-08-06,16:14:31
603207,小方制药,22.5,22.5,22.37,22.58,22.22,12331.0,27660000.0,36.15,12.29,17.75,3.32,2.26,509500,723600.0,2026-08-06,16:14:56
603208,江山欧派,10.98,10.89,10.94,11.02,10.68,15932.0,17320000.0,19.31,19.31,-8.23,1.91,0.91,870000,723200.0,2026-08-06,16:14:52
603209,兴通股份,13.71,13.67,13.63,13.77,13.55,27416.0,37460000.0,44.56,44.08,14.48,1.31,0.85,1445400,1296200.0,2026-08-06,16:15:00
603211,晋拓股份,26.1,25.6,25.28,26.65,25.0,87863.0,229330000.0,70.94,70.94,113.43,5.76,3.23,3981600,4804700.0,2026-08-06,16:14:53
603212,赛伍技术,11.21,11.22,11.1,11.38,11.03,101477.0,113480000.0,49.04,49.04,-19.91,2.05,2.32,4880400,5267300.0,2026-08-06,16:14:31
603213,镇洋发展,14.07,13.86,13.87,14.08,13.77,28748.0,40170000.0,62.6,62.6,83.22,3.4,0.65,1748000,1126700.0,2026-08-06,16:14:59
603214,爱婴室,13.47,13.34,13.43,13.55,13.24,25435.0,34070000.0,18.66,18.66,22.4,1.62,1.84,1277000,1266500.0,2026-08-06,16:14:44
603215,比依股份,14.14,14.05,14.1,14.18,13.87,11167.0,15650000.0,30.34,26.47,60.75,1.84,0.6,630200,486500.0,2026-08-06,16:14:50
603216,梦天家居,21.05,20.96,20.88,21.54,20.43,45839.0,96230000.0,46.88,46.88,73.32,2.66,2.06,2290900,2293000.0,2026-08-06,16:14:38
603217,元利科技,22.75,22.57,22.77,23.0,22.24,36884.0,83540000.0,47.34,47.34,22.84,1.39,1.77,1944000,1744500.0,2026-08-06,16:14:47
603218,日月股份,10.08,10.13,10.12,10.2,9.98,77138.0,77650000.0,103.81,103.72,20.06,1.03,0.75,3111800,4602000.0,2026-08-06,16:14:34
603219,富佳股份,14.69,14.91,14.89,15.23,14.56,42283.0,63000000.0,82.47,82.47,150.09,5.19,0.75,2066300,2162000.0,2026-08-06,16:14:43
603220,中贝通信,20.29,19.58,19.3,20.98,19.28,542115.0,1093090000.0,108.83,108.83,173.98,2.85,10.11,26993200,27218300.0,2026-08-06,16:14:39
603221,爱丽家居,24.79,22.54,24.79,24.79,24.3,160040.0,396490000.0,60.06,60.06,-303.0,3.85,6.61,2288200,13715800.0,2026-08-06,16:14:51
603222,济民健康,8.59,8.55,8.45,8.85,8.14,563225.0,474450000.0,45.11,45.11,-17.49,4.05,10.73,26174300,30148200.0,2026-08-06,16:14:50
603223,恒通股份,11.04,10.91,10.9,11.21,10.82,95979.0,105760000.0,77.92,77.92,24.6,1.93,1.36,3897300,5700600.0,2026-08-06,16:14:58
603225,新凤鸣,19.69,19.25,19.25,19.81,19.11,150370.0,293190000.0,330.3,328.54,30.58,1.6,0.9,7274700,7762300.0,2026-08-06,16:14:46
603226,菲林格尔,48.28,47.53,47.43,48.47,47.0,19470.0,93110000.0,171.63,171.63,-219.51,20.15,0.55,1126000,821000.0,2026-08-06,16:14:54
603227,雪峰科技,7.66,7.67,7.67,7.71,7.56,74931.0,57260000.0,82.09,82.09,16.91,1.62,0.7,3631200,3861900.0,2026-08-06,16:14:35
603228,景旺电子,86.32,78.47,76.96,86.32,76.78,465342.0,3941010000.0,864.23,847.59,75.89,6.5,4.74,19850100,26684100.0,2026-08-06,16:14:41
603229,奥翔药业,7.74,7.77,7.81,7.81,7.66,49510.0,38170000.0,64.26,64.26,59.49,2.78,0.6,2234000,2717000.0,2026-08-06,16:14:52
603230,内蒙新华,9.1,9.11,9.09,9.14,8.96,13274.0,12000000.0,32.17,32.17,39.02,1.16,0.38,635400,692000.0,2026-08-06,16:14:31
603231,索宝蛋白,15.28,15.05,15.03,15.28,14.93,18944.0,28580000.0,29.25,16.24,16.53,1.49,1.78,1033400,861000.0,2026-08-06,16:14:52
603232,格尔软件,15.72,15.66,15.5,16.06,15.41,113120.0,178420000.0,36.56,36.36,-57.92,2.83,4.89,5779500,5532500.0,2026-08-06,16:14:44
603233,大参林,17.91,18.26,18.36,18.39,17.85,86428.0,155700000.0,203.97,203.97,15.86,2.86,0.76,3935600,4707200.0,2026-08-06,16:14:38
603235,天新药业,23.7,23.6,23.6,23.7,23.38,3207.0,7550000.0,103.75,103.75,19.95,2.15,0.07,149500,171200.0,2026-08-06,16:14:50
603236,移远通信,49.52,47.32,46.99,51.16,46.58,151621.0,744350000.0,199.54,199.54,26.03,2.9,3.76,8192100,6970100.0,2026-08-06,16:14:44
603237,五芳斋,14.15,14.4,14.27,14.27,13.92,9628.0,13540000.0,27.74,26.86,25.31,1.84,0.51,438800,524100.0,2026-08-06,16:14:43
603238,诺邦股份,11.93,11.79,11.78,11.97,11.62,25351.0,29920000.0,21.18,21.18,17.96,1.47,1.43,1272000,1263100.0,2026-08-06,16:14:32
603239,浙江仙通,14.32,14.62,14.5,14.6,14.15,32087.0,46080000.0,38.77,38.77,18.98,2.99,1.19,1379700,1829100.0,2026-08-06,16:14:53
603255,鼎际得,27.24,27.04,27.11,27.48,26.83,11723.0,31810000.0,36.66,16.53,141.17,2.32,1.93,619500,552800.0,2026-08-06,16:14:33
603256,宏和科技,148.74,138.11,138.0,150.98,137.02,316551.0,4579470000.0,1345.48,1308.51,432.25,49.65,3.6,16974600,14680500.0,2026-08-06,16:14:44
603258,电魂网络,13.33,13.44,13.57,13.78,13.14,36507.0,49010000.0,32.36,32.17,-13.58,1.67,1.51,1624800,2025900.0,2026-08-06,16:14:43
603259,药明康德,142.7,147.5,148.82,149.37,141.45,775094.0,11197820000.0,4257.82,3529.37,19.65,5.11,3.13,37413200,40096200.0,2026-08-06,16:14:50
603260,合盛硅业,35.11,35.21,35.19,35.76,34.74,125597.0,442090000.0,415.07,415.07,-13.08,1.41,1.06,5365800,7193900.0,2026-08-06,16:14:45
603261,立航科技,50.45,51.16,50.94,52.48,49.7,32246.0,165720000.0,39.1,39.1,-18.16,7.82,4.16,1593600,1631000.0,2026-08-06,16:14:45
603266,天龙股份,15.79,15.85,15.7,16.0,15.51,17113.0,26990000.0,31.4,31.4,28.47,1.96,0.86,932400,778900.0,2026-08-06,16:15:00
603267,鸿远电子,51.4,52.19,51.0,52.33,50.68,126686.0,651340000.0,118.78,118.78,41.53,2.66,5.48,5643800,7024800.0,2026-08-06,16:14:37
603268,松发股份,180.0,172.87,176.1,184.37,171.53,133200.0,2397940000.0,1833.69,419.85,52.48,10.49,5.71,7516400,5803600.0,2026-08-06,16:14:37
603269,海鸥股份,13.6,12.56,12.56,13.8,12.43,366878.0,491880000.0,58.74,58.74,49.31,6.01,8.49,18455200,18232700.0,2026-08-06,16:14:33
603270,金帝股份,27.01,25.28,25.1,27.17,25.0,69108.0,181910000.0,59.18,19.1,39.36,2.61,9.77,4070900,2840000.0,2026-08-06,16:14:53
603271,永杰新材,43.15,43.12,43.1,43.65,42.76,16582.0,71640000.0,85.5,40.81,18.63,2.86,1.75,807400,850700.0,2026-08-06,16:14:55
603272,*ST联翔,17.25,16.97,17.1,17.5,16.5,47424.0,80340000.0,17.88,17.88,-103.26,3.32,4.58,2322300,2420100.0,2026-08-06,16:14:58
603273,天元智能,14.07,14.04,14.04,14.15,13.81,18513.0,25880000.0,30.31,7.89,109.4,3.39,3.3,947400,903900.0,2026-08-06,16:14:39
603275,众辰科技,36.61,36.59,36.26,36.97,36.04,7679.0,28060000.0,54.47,15.21,30.05,1.82,1.85,436100,331800.0,2026-08-06,16:14:47
603276,恒兴新材,15.17,15.17,15.1,15.36,14.99,28931.0,43930000.0,31.5,11.45,43.11,1.78,3.83,1482500,1410500.0,2026-08-06,16:14:42
603277,银都股份,10.7,10.78,10.72,10.8,10.5,14469.0,15390000.0,65.45,65.24,19.93,2.5,0.24,663300,783600.0,2026-08-06,16:14:42
603278,大业股份,9.49,9.43,9.39,9.61,9.28,185858.0,175570000.0,32.43,32.43,-75.5,1.68,5.44,9200900,9384900.0,2026-08-06,16:14:37
603279,景津装备,12.98,13.06,13.01,13.12,12.83,54767.0,71020000.0,74.81,74.81,15.68,1.67,0.95,2631600,2845100.0,2026-08-06,16:14:48
603280,南方路机,25.66,25.69,25.72,25.98,25.35,11257.0,28900000.0,27.82,27.82,29.24,2.05,1.04,515500,610200.0,2026-08-06,16:14:59
603281,江瀚新材,21.24,21.03,21.03,21.45,20.95,29625.0,62760000.0,110.16,110.16,25.92,2.43,0.57,1489900,1472500.0,2026-08-06,16:14:38
603282,亚光股份,14.57,14.47,14.51,14.78,14.31,9698.0,14100000.0,19.5,19.5,29.48,1.52,0.72,501900,467900.0,2026-08-06,16:14:40
603283,赛腾股份,42.98,41.96,40.88,43.76,40.77,227007.0,963790000.0,151.52,151.52,29.84,4.44,6.44,11317700,11383000.0,2026-08-06,16:14:56
603285,键邦股份,35.86,32.6,32.52,35.86,31.91,44634.0,155950000.0,57.38,22.34,43.8,3.41,7.16,1858600,2604800.0,2026-08-06,16:14:58
603286,日盈电子,41.21,41.33,40.82,42.3,40.46,39885.0,165440000.0,48.63,48.17,-96.12,5.93,3.41,1984300,2004200.0,2026-08-06,16:14:37
603288,海天味业,36.55,36.97,37.0,37.17,36.44,168525.0,617800000.0,2138.56,2032.11,29.38,5.73,0.3,6805200,10047300.0,2026-08-06,16:14:41
603289,泰瑞机器,8.3,8.22,8.17,8.3,8.11,32939.0,27080000.0,24.35,24.35,31.05,1.69,1.12,1982200,1311700.0,2026-08-06,16:14:31
603290,斯达半导,86.35,86.33,85.0,87.7,84.71,76808.0,662050000.0,206.79,206.79,63.01,3.02,3.21,3697700,3983100.0,2026-08-06,16:14:49
603291,联合水务,8.84,8.72,8.71,8.96,8.69,44320.0,39180000.0,37.41,37.41,36.08,2.15,1.05,2154300,2277700.0,2026-08-06,16:14:39
603296,华勤技术,81.23,80.04,78.4,82.3,77.51,279735.0,2252480000.0,1231.61,648.7,28.82,4.84,3.5,14150000,13823500.0,2026-08-06,16:14:45
603297,永新光学,105.07,102.22,101.5,107.74,100.02,31955.0,334120000.0,116.34,116.34,55.31,5.83,2.89,1762300,1433200.0,2026-08-06,16:14:33
603298,杭叉集团,26.4,27.23,27.23,27.4,26.19,93774.0,249550000.0,345.79,345.79,15.5,3.0,0.72,4142600,5234800.0,2026-08-06,16:14:30
603299,苏盐井神,9.14,9.26,9.23,9.26,9.07,49270.0,45100000.0,87.27,71.34,18.57,1.1,0.63,1634400,3292600.0,2026-08-06,16:14:56
603300,海南华铁,5.03,5.11,5.08,5.18,5.0,440712.0,223560000.0,100.56,100.56,22.57,1.5,2.2,17354600,26716700.0,2026-08-06,16:14:53
603301,振德医疗,87.33,87.78,88.0,89.2,87.0,19452.0,171230000.0,230.44,230.44,87.28,4.11,0.74,995700,949500.0,2026-08-06,16:14:35
603303,得邦照明,20.42,19.93,19.93,20.77,19.68,30035.0,61110000.0,97.39,97.39,39.47,3.17,0.63,1570300,1433200.0,2026-08-06,16:14:40
603305,旭升集团,11.88,12.03,12.0,12.11,11.8,203829.0,242710000.0,137.3,137.3,34.79,1.5,1.76,8597800,11785100.0,2026-08-06,16:14:35
603306,华懋科技,67.5,67.46,67.2,68.98,65.55,178009.0,1196200000.0,222.41,222.41,155.49,6.98,5.4,8704300,9096600.0,2026-08-06,16:14:47
603307,扬州金泉,24.04,23.85,23.69,24.24,23.6,6066.0,14530000.0,23.73,23.35,21.24,1.72,0.62,389500,217100.0,2026-08-06,16:14:51
603308,应流股份,48.07,47.69,47.01,48.75,46.5,190599.0,911320000.0,326.42,326.42,86.64,6.56,2.81,8755900,10304000.0,2026-08-06,16:14:38
603309,维力医疗,11.57,11.66,11.66,11.69,11.37,73966.0,85010000.0,33.77,33.77,58.99,1.9,2.53,2631900,4764700.0,2026-08-06,16:14:31
603310,巍华新材,14.9,14.71,14.69,14.91,14.63,21772.0,32150000.0,51.46,28.91,29.09,1.29,1.12,1128900,1048300.0,2026-08-06,16:14:53
603311,金海高科,29.22,28.16,28.0,29.22,27.62,50647.0,144600000.0,68.93,68.93,98.19,5.22,2.15,2578100,2486600.0,2026-08-06,16:14:54
603312,西典新能,31.91,32.21,32.22,33.05,31.62,12109.0,38980000.0,51.06,16.25,20.52,2.87,2.38,596300,614600.0,2026-08-06,16:14:31
603313,梦百合,6.11,5.85,5.87,6.17,5.77,306764.0,183800000.0,34.86,34.86,-32.69,1.03,5.38,16447200,14229200.0,2026-08-06,16:14:46
603315,福鞍股份,12.32,12.3,12.23,12.43,12.09,65576.0,80500000.0,39.47,39.47,95.57,2.29,2.05,2788300,3769300.0,2026-08-06,16:14:46
603316,诚邦股份,13.74,13.46,13.23,13.83,13.2,129792.0,176160000.0,37.1,36.31,-37.45,6.19,4.91,6280200,6699000.0,2026-08-06,16:14:31
603317,天味食品,14.27,14.83,14.83,14.87,14.15,177363.0,255180000.0,151.56,151.56,20.34,3.64,1.67,7049500,10686800.0,2026-08-06,16:14:44
603318,水发燃气,9.26,8.98,8.95,9.26,8.81,543267.0,495000000.0,51.36,42.51,-55.51,2.73,11.83,28916800,25409900.0,2026-08-06,16:14:37
603319,美湖股份,26.4,25.05,24.8,26.78,24.63,196333.0,510390000.0,89.54,89.54,124.97,3.67,5.79,9881300,9752000.0,2026-08-06,16:14:36
603320,迪贝电气,16.77,16.54,16.42,16.82,16.42,15938.0,26510000.0,25.01,25.01,33.4,2.14,1.07,805700,788100.0,2026-08-06,16:14:32
603321,梅轮电梯,6.12,6.08,6.08,6.14,6.02,28556.0,17390000.0,21.35,21.09,61.8,1.49,0.83,1426900,1428700.0,2026-08-06,16:14:45
603322,超讯科技,27.32,27.29,27.04,27.68,26.81,53096.0,144880000.0,43.05,43.05,-97.68,16.36,3.37,2635400,2674200.0,2026-08-06,16:14:54
603323,苏农银行,4.28,4.29,4.3,4.32,4.22,354587.0,151290000.0,95.03,95.03,4.6,0.5,1.6,15462700,19996000.0,2026-08-06,16:14:53
603324,盛剑科技,26.93,26.24,25.65,27.05,25.65,59996.0,159140000.0,40.82,39.45,-63.94,2.5,4.1,3008600,2991000.0,2026-08-06,16:14:50
603325,博隆技术,53.59,53.88,53.85,53.95,52.98,2740.0,14650000.0,42.87,18.32,12.66,1.59,0.8,118000,156000.0,2026-08-06,16:14:54
603326,我乐家居,6.64,6.52,6.49,6.64,6.42,36843.0,24080000.0,21.19,21.19,14.8,1.91,1.15,1959000,1725300.0,2026-08-06,16:14:31
603327,福蓉科技,9.15,9.2,9.11,9.29,8.96,329928.0,300850000.0,95.66,95.66,65.52,4.0,3.16,14128100,18864700.0,2026-08-06,16:14:46
603328,依顿电子,9.86,9.93,9.85,9.98,9.76,161409.0,159310000.0,98.45,98.45,25.43,2.37,1.62,7539300,8601700.0,2026-08-06,16:14:38
603329,上海雅仕,10.03,9.84,9.84,10.04,9.76,36582.0,36270000.0,25.08,20.7,36.61,1.71,1.77,2207400,1450700.0,2026-08-06,16:14:39
603330,天洋新材,7.59,7.2,7.18,7.79,7.14,275662.0,207940000.0,32.84,32.84,-13.78,2.52,6.37,14356900,13209300.0,2026-08-06,16:14:38
603331,百达精工,12.33,11.96,11.84,12.34,11.84,55354.0,67210000.0,24.93,24.93,-10.11,2.39,2.74,3258100,2277300.0,2026-08-06,16:14:46
603332,苏州龙杰,11.0,10.85,10.91,11.04,10.83,36157.0,39550000.0,23.8,23.8,28.72,1.89,1.67,1931500,1684200.0,2026-08-06,16:14:49
603333,福华尚纬,9.17,8.65,8.6,9.2,8.55,407910.0,366910000.0,56.99,56.99,-176.72,2.79,6.56,24582500,16208500.0,2026-08-06,16:14:47
603335,迪生力,6.84,6.69,6.7,6.9,6.52,321944.0,216070000.0,29.29,29.29,57.1,10.37,7.52,16199500,15994900.0,2026-08-06,16:14:30
603336,宏辉果蔬,10.18,9.84,9.98,10.44,9.85,346664.0,355600000.0,61.97,61.97,379.77,4.32,5.69,16960600,17705700.0,2026-08-06,16:14:50
603337,杰克科技,44.91,46.28,45.82,45.82,44.5,67049.0,301690000.0,213.95,209.74,24.68,4.14,1.44,3033100,3671800.0,2026-08-06,16:14:32
603338,浙江鼎力,56.66,56.99,56.88,57.27,55.8,49487.0,279740000.0,286.9,286.9,14.92,2.55,0.98,2232800,2716000.0,2026-08-06,16:14:40
603339,四方科技,13.94,13.7,13.84,13.95,13.66,108819.0,150430000.0,43.14,43.14,25.17,1.57,3.52,5050800,5831100.0,2026-08-06,16:14:54
603341,龙旗科技,36.58,36.83,36.6,37.23,36.21,85414.0,313200000.0,191.16,97.82,42.82,2.75,3.19,3486100,5055300.0,2026-08-06,16:14:34
603344,星德胜,22.61,22.58,22.4,22.69,22.14,14561.0,32690000.0,43.98,12.22,26.56,2.03,2.69,740200,715900.0,2026-08-06,16:14:58
603345,安井食品,84.02,85.11,85.5,85.63,83.6,58351.0,490700000.0,280.03,246.43,18.33,1.79,1.99,2518100,3316900.0,2026-08-06,16:14:53
603348,文灿股份,14.43,14.57,14.38,14.6,14.22,41283.0,59390000.0,45.38,45.38,-10.51,1.17,1.31,1860500,2267800.0,2026-08-06,16:14:58
603350,安乃达,27.5,27.63,27.57,27.8,27.15,6296.0,17280000.0,32.04,12.13,28.95,2.41,1.43,297100,332500.0,2026-08-06,16:14:50
603351,威尔药业,24.93,24.1,23.95,24.96,23.94,13265.0,32690000.0,33.76,33.76,22.21,1.93,0.98,902100,424400.0,2026-08-06,16:14:51
603353,和顺石油,29.72,29.54,29.21,29.96,29.17,31251.0,92470000.0,50.65,50.65,-417.31,3.21,1.83,1768800,1356300.0,2026-08-06,16:14:31
603355,莱克电气,28.4,29.03,28.85,29.13,28.3,22691.0,64880000.0,162.84,162.84,27.66,2.88,0.4,983300,1285800.0,2026-08-06,16:14:49
603356,华菱精工,15.7,15.78,15.77,15.95,15.39,22766.0,35570000.0,20.93,20.93,-15.17,6.93,1.71,1087000,1189600.0,2026-08-06,16:14:32
603357,设计总院,6.09,6.08,6.06,6.1,5.98,29375.0,17740000.0,34.14,34.14,11.37,0.87,0.52,1527300,1410200.0,2026-08-06,16:14:42
603358,华达科技,42.03,41.73,41.05,42.55,40.85,111056.0,465620000.0,197.43,194.08,150.93,5.77,2.41,5600700,5504900.0,2026-08-06,16:14:45
603359,*ST东珠,2.27,2.26,2.26,2.3,2.23,86992.0,19690000.0,10.13,10.13,-0.93,0.72,1.95,3725300,4973800.0,2026-08-06,16:14:47
603360,百傲化学,13.56,13.77,13.7,13.95,13.38,110468.0,150700000.0,95.76,95.76,55.52,6.79,1.56,4877400,6169400.0,2026-08-06,16:14:50
603363,傲农生物,2.87,2.87,2.86,2.88,2.81,279671.0,79560000.0,78.38,61.61,-50.89,2.33,1.3,12638400,15328700.0,2026-08-06,16:14:35
603365,水星家纺,17.95,17.83,17.7,17.95,17.63,12695.0,22580000.0,47.12,46.87,11.16,1.55,0.49,661400,608100.0,2026-08-06,16:14:47
603366,日出东方,6.85,6.9,6.89,6.95,6.77,97543.0,66720000.0,55.69,55.69,30.64,1.31,1.2,4071100,5683200.0,2026-08-06,16:14:40
603367,辰欣药业,14.7,14.54,14.54,14.82,14.32,174751.0,254880000.0,66.55,66.55,16.29,1.06,3.86,9075500,8399600.0,2026-08-06,16:14:54
603368,柳药集团,15.51,15.45,15.46,15.52,15.28,38940.0,59930000.0,61.61,61.61,9.38,0.8,0.98,1621400,2272600.0,2026-08-06,16:14:31
603369,今世缘,27.08,27.45,27.45,27.51,26.9,142560.0,386390000.0,337.63,337.63,14.4,2.05,1.14,5743500,8512500.0,2026-08-06,16:14:52
603373,安邦护卫,37.84,37.76,37.9,38.56,36.81,32106.0,120330000.0,56.96,24.07,44.26,3.11,5.05,1663000,1547500.0,2026-08-06,16:14:30
603375,盛景微,37.09,35.78,35.3,37.17,35.08,26493.0,96500000.0,37.34,23.66,443.46,2.43,4.15,1374400,1274900.0,2026-08-06,16:14:46
603377,ST东时,3.01,2.83,2.83,3.1,2.81,89153.0,26540000.0,21.76,21.76,-2.85,-1501.96,1.23,5000900,3914400.0,2026-08-06,16:14:34
603378,*ST亚士,5.34,5.17,5.2,5.4,5.14,72341.0,38230000.0,22.89,22.89,-1.65,-13.76,1.69,4615600,2618500.0,2026-08-06,16:14:58
603379,三美股份,65.75,63.03,62.71,65.86,62.48,125233.0,806840000.0,401.39,401.39,18.53,5.09,2.05,6696700,5826600.0,2026-08-06,16:14:31
603380,易德龙,32.91,32.61,32.6,33.26,31.92,25967.0,85060000.0,52.8,52.8,25.03,3.48,1.62,1221500,1375200.0,2026-08-06,16:14:37
603381,永臻股份,14.87,15.0,14.89,14.99,14.59,37415.0,55290000.0,35.28,21.14,-15.79,1.05,2.63,1512800,2228700.0,2026-08-06,16:14:49
603383,顶点软件,30.41,30.68,30.56,31.27,30.16,51572.0,157970000.0,62.45,62.45,30.72,4.38,2.51,2603600,2553700.0,2026-08-06,16:14:52
603385,惠达卫浴,5.24,5.17,5.14,5.24,5.11,32363.0,16770000.0,19.95,19.95,-8.63,0.57,0.85,1709600,1526700.0,2026-08-06,16:14:32
603386,骏亚科技,12.77,12.36,12.25,12.77,12.24,73132.0,91970000.0,41.67,41.67,-98.21,3.18,2.24,3881800,3431400.0,2026-08-06,16:14:46
603387,基蛋生物,8.97,8.9,8.89,8.97,8.81,89789.0,79810000.0,45.49,45.49,19.55,1.65,1.77,4604900,4374000.0,2026-08-06,16:14:31
603388,*ST元成,0.58,0.58,0.0,0.0,0.0,0.0,0.0,1.89,1.89,-0.49,0.27,0.0,0,0.0,2026-08-06,09:00:00
603389,亚振家居,46.08,44.96,44.13,46.66,44.05,23130.0,105590000.0,121.08,121.08,-229.31,60.38,0.88,1187700,1125300.0,2026-08-06,16:14:35
603390,通达电气,10.09,10.02,9.95,10.13,9.93,57492.0,57660000.0,35.48,35.42,27.22,2.1,1.64,2765800,2983400.0,2026-08-06,16:14:58
603391,力聚热能,60.25,60.58,61.14,61.14,57.02,26233.0,155980000.0,54.83,13.71,27.97,2.57,11.53,1331100,1292200.0,2026-08-06,16:14:53
603392,万泰生物,29.2,29.97,30.1,30.19,28.91,56225.0,164660000.0,369.2,369.2,-95.04,3.12,0.44,2163900,3458600.0,2026-08-06,16:14:38
603393,新天然气,25.8,25.4,25.4,25.96,25.33,57647.0,148120000.0,109.37,109.37,19.03,1.16,1.36,2985400,2779200.0,2026-08-06,16:14:38
603395,红四方,22.39,22.68,22.75,22.79,22.18,29213.0,65430000.0,58.21,14.55,114.4,4.13,4.49,1262900,1658400.0,2026-08-06,16:14:51
603396,金辰股份,24.36,24.57,24.46,24.75,23.97,23537.0,57200000.0,33.75,33.75,62.26,1.3,1.7,956800,1396900.0,2026-08-06,16:14:57
603398,*ST沐邦,10.28,9.52,9.6,10.32,9.51,100284.0,101500000.0,44.58,44.58,-5.63,62.32,2.31,5135700,4892700.0,2026-08-06,16:14:35
603399,永杉锂业,15.69,15.75,15.65,16.0,15.33,584372.0,916970000.0,80.38,80.38,-46.91,4.96,11.41,29059900,29377300.0,2026-08-06,16:14:46
603408,建霖家居,10.54,10.41,10.41,10.58,10.32,36868.0,38640000.0,47.17,47.17,11.46,1.43,0.82,2211300,1475500.0,2026-08-06,16:14:32
603409,汇通控股,17.41,17.41,17.37,17.57,17.2,16501.0,28700000.0,32.69,9.38,20.44,2.16,3.06,752400,897700.0,2026-08-06,16:14:51
603416,信捷电气,51.37,51.82,51.19,52.29,51.03,18456.0,95190000.0,80.64,71.68,30.72,3.09,1.32,827100,1018500.0,2026-08-06,16:14:48
603421,鼎信通讯,6.41,5.83,5.85,6.41,5.82,359337.0,223020000.0,41.81,41.81,-7.07,1.74,5.51,15539800,20393900.0,2026-08-06,16:14:32
603429,*ST集友,7.7,7.77,7.61,7.74,7.6,16484.0,12640000.0,40.39,40.39,-169.33,3.2,0.31,701400,947000.0,2026-08-06,16:14:41
603439,三力制药,11.09,10.8,10.77,11.19,10.71,98896.0,108790000.0,44.79,44.79,91.93,3.13,2.45,4947600,4942000.0,2026-08-06,16:14:38
603444,吉比特,383.52,392.0,390.0,396.98,382.0,22360.0,866890000.0,276.29,276.29,13.62,5.02,3.1,972200,1263800.0,2026-08-06,16:14:38
603456,九洲药业,15.18,15.46,15.59,15.74,15.13,222277.0,340290000.0,133.84,133.84,22.62,1.52,2.52,8776800,13450900.0,2026-08-06,16:14:33
603458,勘设股份,9.35,9.18,9.18,9.36,9.1,147159.0,135790000.0,28.62,28.62,-7.48,1.11,4.81,7969800,6746100.0,2026-08-06,16:14:50
603466,风语筑,11.4,11.38,11.23,11.55,11.12,512123.0,580470000.0,67.81,67.81,-422.72,3.28,8.61,23762700,27449600.0,2026-08-06,16:14:42
603477,巨星农牧,14.96,14.95,14.95,15.06,14.66,142253.0,211050000.0,78.24,76.31,-17.17,2.85,2.79,6230500,7994800.0,2026-08-06,16:14:35
603486,科沃斯,58.4,59.91,59.82,60.05,58.35,50846.0,299410000.0,337.9,334.84,20.01,3.87,0.89,2215700,2868900.0,2026-08-06,16:14:52
603488,展鹏科技,8.56,8.46,8.46,8.58,8.35,71484.0,60390000.0,24.99,24.99,-14.54,3.23,2.45,3560100,3588300.0,2026-08-06,16:14:57
603489,八方股份,26.71,26.66,26.58,27.3,26.33,22204.0,59340000.0,62.67,62.67,49.84,2.29,0.95,976000,1244400.0,2026-08-06,16:14:52
603496,恒为科技,25.96,25.96,25.79,26.45,25.57,187367.0,487010000.0,83.13,83.13,170.85,5.99,5.85,9346800,9389900.0,2026-08-06,16:14:31
603499,翔港科技,12.13,11.97,11.93,12.27,11.88,49635.0,60100000.0,51.39,51.39,48.61,5.7,1.17,2304800,2658800.0,2026-08-06,16:14:58
603500,祥和实业,9.58,9.57,9.47,9.65,9.34,106360.0,101060000.0,31.88,31.86,23.05,3.17,3.2,4687100,5948900.0,2026-08-06,16:14:33
603501,豪威集团,89.65,90.83,89.81,90.25,88.44,248381.0,2218840000.0,1127.53,1082.04,30.62,3.44,2.06,10594300,14243700.0,2026-08-06,16:14:47
603505,金石资源,17.02,16.68,16.65,17.07,16.52,195132.0,327600000.0,143.25,143.25,44.74,7.72,2.32,9678900,9834200.0,2026-08-06,16:14:49
603506,南都物业,10.15,10.05,10.05,10.19,9.94,19625.0,19770000.0,19.06,19.06,16.22,1.59,1.05,1024200,938300.0,2026-08-06,16:14:50
603507,振江股份,24.33,24.27,24.2,24.56,23.85,83151.0,201180000.0,58.13,57.49,28.88,2.29,3.52,3944800,4370300.0,2026-08-06,16:14:48
603508,思维列控,23.13,23.37,23.3,23.4,22.91,41673.0,96250000.0,88.19,88.19,14.95,2.22,1.09,1801400,2365900.0,2026-08-06,16:14:44
603511,爱慕股份,11.9,11.84,11.88,11.98,11.72,11559.0,13700000.0,48.3,47.82,30.14,1.11,0.29,589100,566800.0,2026-08-06,16:14:36
603515,欧普照明,17.11,17.21,17.15,17.21,16.91,14075.0,23960000.0,127.0,126.23,13.95,1.95,0.19,547400,860100.0,2026-08-06,16:14:31
603516,淳中科技,98.32,98.8,97.0,99.79,96.4,54298.0,533590000.0,199.85,199.85,67.55,11.87,2.67,2524900,2904900.0,2026-08-06,16:14:34
603517,ST绝味,11.04,10.97,10.92,11.06,10.83,43042.0,47160000.0,66.9,66.9,-27.92,1.11,0.71,1889600,2414600.0,2026-08-06,16:14:42
603518,锦泓集团,7.93,7.91,7.92,7.96,7.8,53757.0,42310000.0,27.39,27.29,11.03,0.73,1.56,2579600,2796100.0,2026-08-06,16:14:42
603519,立霸股份,15.21,15.66,15.46,15.46,15.0,89894.0,136230000.0,40.51,40.51,26.02,4.06,3.38,3520800,5468600.0,2026-08-06,16:14:31
603520,司太立,8.84,8.92,8.94,8.98,8.75,79557.0,70340000.0,38.76,38.76,230.17,1.57,1.81,3571700,4384000.0,2026-08-06,16:14:51
603527,众源新材,9.82,9.65,9.71,9.85,9.62,74036.0,72170000.0,31.13,31.13,105.79,1.49,2.34,3608200,3795400.0,2026-08-06,16:14:40
603528,多伦科技,6.4,6.37,6.36,6.59,6.29,140760.0,90420000.0,45.18,45.18,-85.57,2.4,1.99,6374900,7701100.0,2026-08-06,16:14:59
603529,爱玛科技,21.04,21.43,21.35,21.4,20.87,59800.0,126040000.0,181.84,178.33,11.18,1.94,0.71,2099300,3880700.0,2026-08-06,16:14:56
603530,神马电力,45.05,45.14,45.0,45.17,43.86,26127.0,116640000.0,194.35,192.57,42.09,11.09,0.61,1309500,1303200.0,2026-08-06,16:14:59
603533,掌阅科技,23.11,23.73,23.09,23.87,22.85,272183.0,633670000.0,101.43,101.43,-74.63,4.42,6.2,12587200,14631100.0,2026-08-06,16:14:51
603535,嘉诚国际,6.44,6.48,6.46,6.52,6.36,34123.0,21940000.0,32.9,32.9,298.81,1.33,0.67,1434200,1978100.0,2026-08-06,16:14:31
603536,惠发食品,9.05,9.03,9.0,9.17,8.89,42269.0,38100000.0,21.94,21.77,-43.17,6.27,1.76,1958400,2268500.0,2026-08-06,16:14:31
603538,美诺华,27.39,27.57,28.2,28.28,26.77,534600.0,1468420000.0,93.11,92.28,83.0,4.1,15.87,25866800,27593200.0,2026-08-06,16:14:56
603551,奥普科技,9.43,9.44,9.46,9.47,9.31,16062.0,15080000.0,36.28,35.82,12.61,2.93,0.42,827400,778800.0,2026-08-06,16:14:57
603556,海兴电力,27.07,26.22,26.65,27.98,26.28,183340.0,494720000.0,131.63,131.63,19.38,1.86,3.77,8367100,9966900.0,2026-08-06,16:14:47
603557,*ST起步,3.73,3.74,3.7,3.75,3.68,39167.0,14530000.0,23.25,23.25,-14.18,41.56,0.63,2326700,1590000.0,2026-08-06,16:14:56
603558,健盛集团,12.89,12.76,12.88,12.99,12.53,51503.0,65750000.0,44.17,44.17,10.09,1.97,1.5,2880600,2269800.0,2026-08-06,16:14:44
603559,中通国脉,9.44,9.07,9.07,9.72,8.92,223483.0,207950000.0,37.88,37.88,-25.48,4.84,5.57,12203600,10144700.0,2026-08-06,16:14:56
603565,中谷物流,10.49,10.64,10.6,10.7,10.36,134295.0,140820000.0,220.3,220.3,11.12,2.11,0.64,6315900,7113600.0,2026-08-06,16:14:36
603566,普莱柯,10.13,10.29,10.24,10.32,10.0,58021.0,58670000.0,35.06,35.06,20.28,1.4,1.68,2368600,3433500.0,2026-08-06,16:14:54
603567,珍宝岛,6.44,6.6,6.59,6.77,6.3,870472.0,560690000.0,60.55,60.5,-3.73,0.99,9.27,40744900,46302300.0,2026-08-06,16:14:38
603568,伟明环保,15.44,15.41,15.38,15.49,14.97,148563.0,226250000.0,316.28,316.28,16.33,2.22,0.73,7019100,7837200.0,2026-08-06,16:14:49
603569,长久物流,5.81,5.82,5.78,5.85,5.71,34890.0,20150000.0,35.06,35.06,-38.79,1.43,0.58,1756700,1732300.0,2026-08-06,16:14:31
603577,汇金通,9.88,10.01,10.0,10.04,9.7,81907.0,80660000.0,33.51,33.51,32.95,1.72,2.42,4565700,3625000.0,2026-08-06,16:14:49
603578,三星新材,11.9,11.85,11.87,12.2,11.68,39897.0,47530000.0,27.85,21.46,-15.22,1.97,2.21,1923700,2066000.0,2026-08-06,16:14:58
603579,荣泰健康,18.06,18.04,18.04,18.1,17.76,22111.0,39640000.0,36.31,36.31,20.57,1.31,1.1,1015100,1196000.0,2026-08-06,16:14:43
603580,艾艾精工,53.7,56.22,55.67,55.99,51.5,125519.0,673620000.0,70.17,70.17,170.24,15.42,9.61,5775700,6776100.0,2026-08-06,16:14:55
603583,捷昌驱动,24.23,24.45,24.3,24.69,23.96,48896.0,118440000.0,93.47,92.62,27.89,2.04,1.28,2029600,2860000.0,2026-08-06,16:14:49
603585,苏利股份,10.11,10.08,10.03,10.13,9.95,34497.0,34640000.0,27.84,27.38,15.46,1.03,1.27,1643600,1806100.0,2026-08-06,16:14:46
603586,金麒麟,13.35,13.26,13.27,13.35,13.16,14001.0,18580000.0,26.17,26.17,56.94,1.16,0.71,814800,585300.0,2026-08-06,16:14:59
603587,地素时尚,11.48,11.53,11.53,11.57,11.37,21168.0,24260000.0,54.27,54.27,19.49,1.53,0.45,881300,1235500.0,2026-08-06,16:14:31
603588,高能环境,14.02,14.13,14.43,14.5,13.84,710804.0,1007470000.0,213.56,213.56,17.56,2.11,4.67,32239200,38841200.0,2026-08-06,16:14:42
603589,口子窖,19.96,20.08,20.1,20.24,19.78,89714.0,178820000.0,119.38,119.38,30.49,1.14,1.5,3878600,5092800.0,2026-08-06,16:14:41
603590,康辰药业,30.75,30.55,30.7,30.85,30.01,28591.0,87330000.0,48.9,48.65,28.99,1.54,1.81,1456600,1402500.0,2026-08-06,16:14:58
603595,ST东尼,24.31,23.66,23.4,24.5,23.3,26393.0,63410000.0,56.51,56.51,-111.05,3.72,1.14,1206600,1432700.0,2026-08-06,16:14:32
603596,伯特利,27.5,27.04,26.9,27.52,26.47,236520.0,640390000.0,246.85,246.85,18.88,3.15,2.63,12549800,11102200.0,2026-08-06,16:14:51
603598,引力传媒,18.07,18.3,17.8,18.65,17.7,239129.0,432610000.0,48.74,48.68,244.04,20.67,8.88,11687000,12225900.0,2026-08-06,16:14:46
603599,广信股份,10.42,10.42,10.41,10.48,10.28,88588.0,91970000.0,94.85,94.85,14.52,0.95,0.97,4022600,4836200.0,2026-08-06,16:14:46
603600,永艺股份,9.56,9.57,9.56,9.65,9.45,31663.0,30140000.0,31.59,31.59,12.78,1.4,0.96,1404700,1761600.0,2026-08-06,16:14:55
603601,再升科技,9.7,9.16,9.08,10.08,9.0,2064332.0,1999270000.0,110.81,110.81,300.57,4.11,18.07,96463500,109969700.0,2026-08-06,16:14:50
603602,纵横通信,11.49,11.05,11.02,12.16,10.9,127341.0,147500000.0,26.55,26.55,-16.44,2.98,5.51,5680700,7053400.0,2026-08-06,16:14:47
603605,珀莱雅,57.9,58.9,58.99,59.12,57.33,52516.0,304800000.0,229.27,229.27,15.55,3.9,1.33,1759600,3492000.0,2026-08-06,16:14:50
603606,东方电缆,38.88,39.79,39.1,39.33,38.6,194501.0,756280000.0,320.69,320.69,23.52,3.79,2.36,6916700,12533500.0,2026-08-06,16:15:00
603607,京华激光,22.02,22.04,21.97,22.32,21.5,47493.0,104520000.0,39.31,39.31,36.72,4.01,2.66,2528400,2220900.0,2026-08-06,16:14:34
603608,天创时尚,19.1,18.52,18.48,19.38,18.31,166262.0,316050000.0,81.18,81.18,285.0,7.42,3.91,7969800,8656400.0,2026-08-06,16:14:57
603609,禾丰股份,6.21,6.2,6.2,6.23,6.12,19286.0,11900000.0,56.14,56.14,-98.9,0.88,0.21,939500,989100.0,2026-08-06,16:14:50
603610,麒盛科技,15.15,15.18,15.18,15.46,14.88,68065.0,103170000.0,53.48,53.48,56.78,1.75,1.93,3366000,3440500.0,2026-08-06,16:14:33
603611,诺力股份,17.19,17.26,17.26,17.38,17.02,21844.0,37550000.0,44.28,44.28,11.62,1.46,0.85,1135000,1049400.0,2026-08-06,16:14:32
603612,索通发展,16.83,17.13,17.08,17.15,16.66,115813.0,195510000.0,83.83,83.83,11.83,1.43,2.33,5295500,6285800.0,2026-08-06,16:14:42
603613,国联股份,19.63,19.94,20.01,20.44,19.45,119311.0,237300000.0,141.44,141.44,10.66,1.51,1.66,5315300,6615800.0,2026-08-06,16:14:56
603615,茶花股份,16.28,15.88,15.88,16.33,15.78,27505.0,44310000.0,39.37,39.37,305.24,3.44,1.14,1479300,1271200.0,2026-08-06,16:14:52
603616,韩建河山,5.28,5.15,5.16,5.28,5.12,140463.0,72850000.0,20.45,20.29,-86.01,10.12,3.66,7549800,6496500.0,2026-08-06,16:14:48
603617,君禾股份,7.02,6.88,6.89,7.02,6.8,109957.0,76060000.0,27.36,27.15,57.54,1.78,2.84,5946800,5048900.0,2026-08-06,16:14:58
603618,杭电股份,26.51,26.22,26.68,27.26,25.68,1034211.0,2732800000.0,183.28,183.28,-76.65,6.77,14.96,46632800,56788300.0,2026-08-06,16:14:31
603619,中曼石油,22.43,21.29,21.23,22.45,21.23,460255.0,1013330000.0,103.7,103.7,33.3,2.41,9.95,24013600,22011900.0,2026-08-06,16:14:53
603626,科森科技,15.68,15.11,15.24,15.78,15.0,492495.0,758010000.0,87.01,87.01,68.09,3.82,8.88,22730700,26518800.0,2026-08-06,16:14:53
603628,清源股份,9.5,9.5,9.51,9.52,9.34,30618.0,28890000.0,25.9,25.86,86.49,2.0,1.12,1542900,1518900.0,2026-08-06,16:14:44
603629,利通电子,122.52,112.65,112.31,123.92,112.31,767764.0,9273560000.0,449.32,441.96,84.08,20.92,21.28,38674000,38102500.0,2026-08-06,16:14:33
603630,拉芳家化,14.97,15.1,15.27,15.27,14.77,60910.0,91140000.0,33.71,33.71,-148.24,1.79,2.7,2481700,3609300.0,2026-08-06,16:14:39
603633,徕木股份,6.27,6.16,6.14,6.27,6.09,82317.0,50850000.0,26.76,26.76,-13.17,1.54,1.93,3882200,4349500.0,2026-08-06,16:14:38
603636,南威软件,7.24,7.2,7.21,7.37,7.1,152978.0,110710000.0,42.02,42.02,-9.1,2.27,2.64,7456000,7841800.0,2026-08-06,16:14:48
603637,镇海股份,12.92,12.85,12.8,13.23,12.62,69424.0,89460000.0,30.84,30.84,52.89,3.02,2.91,3390100,3552300.0,2026-08-06,16:14:35
603638,艾迪精密,19.99,20.23,20.1,20.38,19.85,93063.0,186940000.0,176.05,176.05,39.74,4.02,1.06,3881700,5424700.0,2026-08-06,16:14:39
603639,海利尔,10.61,10.59,10.6,10.62,10.44,17316.0,18240000.0,37.1,36.06,24.35,1.09,0.51,666400,1065200.0,2026-08-06,16:14:43
603648,畅联股份,9.18,9.1,9.05,9.19,9.01,21606.0,19650000.0,33.27,33.27,26.67,1.76,0.6,1095700,1064900.0,2026-08-06,16:14:48
603650,彤程新材,62.16,58.13,57.55,62.89,57.0,281466.0,1691260000.0,382.95,382.03,65.49,9.54,4.58,14595200,13551400.0,2026-08-06,16:14:31
603655,朗博科技,27.31,26.48,26.37,27.85,26.2,13978.0,37840000.0,28.95,28.95,67.05,5.27,1.32,625300,772500.0,2026-08-06,16:14:59
603656,泰禾智能,17.65,17.69,17.7,18.26,17.42,22187.0,39530000.0,32.29,32.29,98.9,2.45,1.21,882000,1336700.0,2026-08-06,16:14:42
603657,春光科技,28.17,26.14,26.43,28.21,25.83,75798.0,207640000.0,38.08,38.08,-78.07,4.37,5.61,4148100,3431700.0,2026-08-06,16:14:58
603658,安图生物,32.01,32.66,32.7,32.7,31.9,30651.0,98410000.0,182.91,182.91,17.68,2.17,0.54,1136400,1928600.0,2026-08-06,16:14:43
603659,璞泰来,24.0,24.61,24.55,24.58,23.78,301208.0,726240000.0,514.6,514.6,19.98,2.5,1.4,12649200,17471600.0,2026-08-06,16:14:40
603660,苏州科达,10.9,10.46,10.55,11.1,10.45,318822.0,346580000.0,62.29,62.29,-10.56,8.93,5.58,15535300,16346900.0,2026-08-06,16:14:39
603661,恒林股份,31.55,31.89,31.73,32.0,31.02,21959.0,69260000.0,43.88,43.88,25.66,1.19,1.58,945200,1250700.0,2026-08-06,16:14:49
603662,柯力传感,53.86,54.25,53.5,54.67,53.09,61101.0,329730000.0,151.25,151.25,49.43,5.63,2.18,2997500,3112600.0,2026-08-06,16:14:55
603663,三祥新材,39.31,37.26,37.27,39.63,37.0,437937.0,1689130000.0,233.33,233.17,165.56,17.14,7.38,19834900,23958900.0,2026-08-06,16:14:49
603665,康隆达,22.16,22.2,22.2,22.35,21.86,15493.0,34240000.0,35.49,35.49,-191.37,5.76,0.97,727800,821500.0,2026-08-06,16:14:54
603666,亿嘉和,25.8,24.64,24.47,26.5,24.37,71063.0,183820000.0,53.03,53.03,-53.11,2.5,3.46,3857700,3248600.0,2026-08-06,16:14:52
603667,五洲新春,55.13,55.0,54.67,56.0,54.01,169077.0,933760000.0,211.23,201.89,250.45,5.35,4.62,7982000,8925700.0,2026-08-06,16:14:32
603668,天马科技,10.47,10.66,10.65,10.74,10.2,108890.0,113490000.0,52.96,52.96,-27.87,2.5,2.15,3719500,7169500.0,2026-08-06,16:14:42
603669,灵康药业,5.89,5.72,5.77,5.9,5.6,201600.0,116570000.0,41.96,41.96,-24.44,8.35,2.83,11142700,9017300.0,2026-08-06,16:14:54
603676,卫信康,8.9,8.77,8.77,8.91,8.7,21192.0,18700000.0,38.73,38.73,17.88,2.64,0.49,1187100,932100.0,2026-08-06,16:14:39
603677,奇精机械,13.31,13.27,13.24,13.36,13.06,15188.0,20080000.0,25.64,25.64,61.9,2.28,0.79,698600,820200.0,2026-08-06,16:14:46
603678,火炬电子,48.78,48.25,47.23,50.04,46.16,394852.0,1910720000.0,231.98,231.98,91.78,3.79,8.3,19508300,19976900.0,2026-08-06,16:14:53
603679,华体科技,22.63,21.73,21.9,23.2,21.62,159559.0,356680000.0,40.21,40.21,-29.23,4.57,8.98,7702500,8253300.0,2026-08-06,16:14:45
603680,今创集团,10.59,10.62,10.48,10.79,10.48,82799.0,88210000.0,83.0,83.0,12.62,1.38,1.06,3983900,4296000.0,2026-08-06,16:14:31
603681,永冠新材,18.21,17.59,17.56,18.25,17.3,76931.0,138380000.0,43.29,43.29,31.43,1.46,3.24,4236300,3456800.0,2026-08-06,16:14:45
603682,锦和商管,11.4,11.01,10.7,11.42,10.51,340837.0,375130000.0,53.87,53.87,-32.92,8.28,7.21,16061900,18021800.0,2026-08-06,16:14:32
603683,晶华新材,15.69,15.24,15.1,15.81,15.05,284446.0,438370000.0,45.69,45.23,47.55,2.75,9.87,14387900,14056700.0,2026-08-06,16:14:58
603685,晨丰科技,26.2,25.48,25.23,26.39,25.0,34204.0,88340000.0,66.27,52.78,179.7,3.29,1.7,2061900,1358500.0,2026-08-06,16:14:57
603686,福龙马,13.34,13.43,13.35,13.52,13.17,110994.0,147870000.0,55.42,55.42,35.3,1.6,2.67,4826200,6273200.0,2026-08-06,16:14:31
603687,大胜达,14.44,14.1,14.18,14.5,14.0,208121.0,296390000.0,79.42,79.42,114.46,2.44,3.78,11075900,9736200.0,2026-08-06,16:14:49
603688,石英股份,47.57,46.51,45.97,48.18,45.7,180644.0,848370000.0,257.68,257.68,187.6,4.44,3.33,9051100,9013300.0,2026-08-06,16:14:55
603689,皖天然气,7.46,7.46,7.49,7.49,7.36,33959.0,25230000.0,39.23,39.05,11.6,1.08,0.65,1688700,1707200.0,2026-08-06,16:14:59
603690,至纯科技,23.59,23.16,22.57,23.84,22.5,501567.0,1170040000.0,90.34,90.34,-10.86,2.6,13.1,26046900,24109800.0,2026-08-06,16:14:46
603693,江苏新能,12.18,12.4,12.39,12.39,11.98,90247.0,109350000.0,108.58,108.58,23.96,1.54,1.01,3401000,5623700.0,2026-08-06,16:14:41
603696,安记食品,12.99,13.46,13.27,13.48,12.86,213569.0,278730000.0,30.55,30.55,92.21,5.44,9.08,9218900,12137900.0,2026-08-06,16:14:52
603697,有友食品,9.73,9.75,9.75,9.75,9.58,33426.0,32320000.0,41.61,41.61,20.7,2.37,0.78,1607100,1735500.0,2026-08-06,16:14:31
603698,航天工程,23.59,23.02,22.8,23.7,22.73,212148.0,495020000.0,126.44,126.44,56.55,3.63,3.96,9791100,11423700.0,2026-08-06,16:14:45
603699,纽威股份,51.78,51.78,51.7,52.98,51.11,85728.0,444550000.0,401.44,392.57,23.85,9.55,1.13,3511400,5061400.0,2026-08-06,16:14:52
603700,宁水集团,11.27,11.55,11.48,11.61,11.15,53505.0,60720000.0,22.54,22.54,29.69,1.42,2.68,2129300,3221200.0,2026-08-06,16:14:56
603701,德宏股份,20.0,19.57,19.6,20.06,19.31,30760.0,61010000.0,52.27,52.27,344.57,6.53,1.18,1972700,1103300.0,2026-08-06,16:14:56
603703,盛洋科技,9.23,9.11,9.1,9.32,9.02,73233.0,67320000.0,38.3,38.3,-162.83,4.63,1.76,3584800,3738500.0,2026-08-06,16:14:43
603706,东方环宇,19.05,18.87,18.87,19.08,18.65,13941.0,26290000.0,36.08,36.08,15.19,2.15,0.74,764900,629200.0,2026-08-06,16:14:50
603707,健友股份,7.94,8.03,8.06,8.06,7.87,91109.0,72430000.0,128.28,128.28,21.9,1.89,0.56,3823300,5287600.0,2026-08-06,16:14:55
603708,家家悦,9.43,9.45,9.46,9.51,9.31,28747.0,27000000.0,60.2,60.2,28.59,2.6,0.45,1138400,1736300.0,2026-08-06,16:14:52
603709,中源家居,11.07,10.97,10.93,11.15,10.81,21142.0,23230000.0,18.07,18.0,-63.33,3.64,1.3,1032900,1081300.0,2026-08-06,16:14:48
603711,香飘飘,11.16,11.22,11.15,11.28,11.02,58154.0,64750000.0,46.08,46.08,22.22,1.3,1.41,2587900,3227500.0,2026-08-06,16:14:56
603712,七一二,12.05,12.16,12.13,12.27,11.85,108240.0,130540000.0,93.03,93.03,-18.48,2.43,1.4,5362200,5461800.0,2026-08-06,16:14:38
603713,密尔克卫,67.3,62.4,62.71,67.76,62.43,57733.0,382220000.0,107.42,107.42,16.82,2.26,3.62,2933300,2840000.0,2026-08-06,16:14:34
603716,塞力医疗,17.56,16.79,16.82,18.47,16.4,469617.0,817360000.0,39.65,39.65,-18.84,3.92,20.8,23259800,23701900.0,2026-08-06,16:14:44
603717,天域生物,6.07,5.9,5.88,6.07,5.83,103374.0,61890000.0,17.61,17.61,-13.42,4.6,3.56,5777500,4559900.0,2026-08-06,16:14:51
603718,*ST海利,2.89,2.89,2.89,2.91,2.83,65132.0,18720000.0,18.84,18.76,-5.96,2.13,1.0,2319800,4193400.0,2026-08-06,16:14:48
603719,良品铺子,9.94,9.95,10.0,10.08,9.8,61371.0,60870000.0,39.56,39.56,-62.0,2.09,1.54,3037900,3099200.0,2026-08-06,16:14:32
603721,中广天择,18.0,18.17,17.97,18.48,17.57,57054.0,102620000.0,23.4,23.4,86.0,4.88,4.39,2875400,2830000.0,2026-08-06,16:14:54
603722,阿科力,30.71,30.13,30.14,30.95,29.56,17363.0,52570000.0,30.01,29.39,-69.19,3.38,1.81,929400,806900.0,2026-08-06,16:14:43
603725,天安新材,10.47,10.14,10.14,10.48,10.0,148576.0,153210000.0,31.92,31.92,27.57,3.87,4.87,8007600,6850000.0,2026-08-06,16:14:42
603726,朗迪集团,23.62,23.52,23.37,23.94,23.08,50299.0,118540000.0,43.83,43.61,19.28,3.14,2.72,2497100,2532800.0,2026-08-06,16:14:39
603727,博迈科,17.92,18.15,18.07,18.47,17.68,36308.0,65240000.0,50.48,50.48,-236.15,1.63,1.29,1792500,1838300.0,2026-08-06,16:14:45
603728,鸣志电器,52.17,52.48,51.91,53.09,51.54,62705.0,328370000.0,218.53,218.53,322.53,7.38,1.5,3117600,3152900.0,2026-08-06,16:14:50
603729,ST龙韵,11.08,11.03,10.98,11.19,10.97,13247.0,14650000.0,10.21,10.21,-9.93,3.93,1.44,707900,616800.0,2026-08-06,16:14:54
603730,岱美股份,10.65,10.6,10.44,10.9,10.41,236284.0,253120000.0,228.83,228.83,35.91,5.16,1.1,11977100,11651400.0,2026-08-06,16:14:49
603733,仙鹤股份,20.52,20.52,20.4,20.88,20.2,67631.0,139130000.0,167.7,167.7,16.33,1.96,0.83,3373800,3389400.0,2026-08-06,16:14:37
603737,三棵树,23.46,23.77,23.77,23.85,23.11,97575.0,228510000.0,207.71,207.71,26.75,7.04,1.1,4604400,5153100.0,2026-08-06,16:14:55
603738,泰晶科技,36.47,33.15,33.8,36.47,33.8,611285.0,2134030000.0,140.73,140.73,211.37,7.81,15.84,29330400,31798100.0,2026-08-06,16:14:53
603739,蔚蓝生物,11.63,11.51,11.41,11.63,11.39,24940.0,28720000.0,29.43,29.43,37.68,1.66,0.99,1279300,1214700.0,2026-08-06,16:14:54
603755,日辰股份,23.03,22.86,22.8,23.1,22.4,9765.0,22210000.0,22.71,22.71,26.8,2.99,0.99,503200,473300.0,2026-08-06,16:14:49
603757,大元泵业,59.1,58.4,57.5,60.45,57.14,77805.0,457880000.0,110.25,110.25,94.26,5.29,4.17,3814000,3966500.0,2026-08-06,16:14:32
603758,秦安股份,9.53,9.35,9.38,9.98,9.19,80375.0,76740000.0,41.28,41.28,29.47,1.62,1.86,3837000,4200500.0,2026-08-06,16:14:51
603759,海天股份,7.26,7.22,7.21,7.26,7.12,30887.0,22210000.0,33.52,33.52,25.64,1.17,0.67,1602200,1486500.0,2026-08-06,16:14:34
603766,隆鑫通用,14.01,14.57,14.53,14.63,13.9,326814.0,460120000.0,287.7,287.7,17.85,3.34,1.59,15406500,17274900.0,2026-08-06,16:14:58
603767,中马传动,14.98,15.07,15.07,15.18,14.78,40414.0,60440000.0,46.23,46.23,-800.06,3.38,1.31,1964400,2077000.0,2026-08-06,16:14:57
603768,常青股份,11.19,11.06,11.22,11.3,10.89,37488.0,41810000.0,26.63,26.63,-13.03,1.22,1.58,2175600,1573200.0,2026-08-06,16:14:45
603773,沃格光电,86.43,78.57,81.58,86.43,80.98,134151.0,1135930000.0,194.26,194.19,-104.77,18.39,5.97,6439900,6975200.0,2026-08-06,16:14:45
603776,永安行,21.45,20.86,20.65,21.55,20.32,48473.0,101990000.0,60.22,60.22,-28.94,1.76,1.73,2825000,2022300.0,2026-08-06,16:14:45
603777,来伊份,14.49,14.54,14.5,14.82,14.19,70248.0,101680000.0,48.46,48.46,-25.85,3.11,2.1,3224200,3800600.0,2026-08-06,16:14:50
603778,国晟科技,10.81,10.64,10.65,10.88,10.57,719865.0,770770000.0,71.35,69.49,-12.6,25.28,11.2,36766000,35220500.0,2026-08-06,16:14:48
603779,威龙股份,7.84,7.63,7.63,7.9,7.6,197137.0,153450000.0,26.04,26.04,-32.84,5.31,5.94,10083900,9629800.0,2026-08-06,16:14:35
603786,科博达,42.7,43.4,43.23,43.95,42.51,21645.0,93220000.0,172.45,172.45,21.95,3.13,0.54,838800,1325800.0,2026-08-06,16:14:43
603787,新日股份,10.07,10.1,10.01,10.08,9.9,52276.0,52280000.0,23.18,23.18,50.54,1.52,2.27,2434400,2793200.0,2026-08-06,16:14:39
603788,宁波高发,14.2,13.97,13.97,14.23,13.9,16896.0,23780000.0,31.68,31.68,14.6,1.59,0.76,897300,792300.0,2026-08-06,16:14:31
603789,ST星农,6.4,6.26,6.2,6.45,6.2,36113.0,22850000.0,16.97,16.64,-16.75,16.22,1.39,1892600,1718700.0,2026-08-06,16:14:43
603790,雅运股份,21.28,21.43,21.25,21.47,20.69,36039.0,76130000.0,40.72,40.72,50.22,3.18,1.88,1660400,1943500.0,2026-08-06,16:14:39
603797,联泰环保,4.1,4.05,4.06,4.12,3.99,68522.0,27770000.0,23.64,23.64,18.72,0.7,1.19,3827700,3024500.0,2026-08-06,16:14:41
603798,康普顿,13.54,13.08,13.08,13.65,12.94,77090.0,103150000.0,34.72,34.72,80.39,2.85,3.01,3771900,3937000.0,2026-08-06,16:15:00
603799,华友钴业,41.4,42.02,42.18,42.5,40.87,835591.0,3481530000.0,783.92,781.47,10.66,1.58,4.43,36483700,47075400.0,2026-08-06,16:14:47
603800,洪田股份,60.38,55.75,54.96,60.99,54.96,86191.0,509140000.0,125.59,125.59,528.74,15.88,4.14,4473000,4146100.0,2026-08-06,16:14:47
603801,志邦家居,5.91,5.85,5.89,5.99,5.76,62917.0,36820000.0,25.67,25.67,37.59,0.86,1.45,2816500,3475200.0,2026-08-06,16:14:58
603803,瑞斯康达,10.57,10.21,10.28,10.68,10.02,269348.0,280820000.0,44.91,44.91,-244.0,2.92,6.34,15435300,11499500.0,2026-08-06,16:14:34
603806,福斯特,15.04,15.24,15.11,15.42,14.88,248874.0,375380000.0,392.36,392.36,57.67,2.48,0.95,10351000,14536400.0,2026-08-06,16:14:57
603808,歌力思,8.03,7.89,7.86,8.04,7.84,39250.0,31260000.0,29.21,29.21,17.71,1.17,1.08,1665800,2259200.0,2026-08-06,16:14:44
603809,豪能股份,9.41,9.54,9.54,9.56,9.32,127877.0,120490000.0,86.6,86.6,31.3,2.38,1.39,5582800,7204900.0,2026-08-06,16:14:43
603810,丰山集团,11.71,11.49,11.49,11.71,11.43,20025.0,23160000.0,19.36,19.36,53.76,1.27,1.21,1063000,939500.0,2026-08-06,16:14:31
603811,诚意药业,7.21,7.22,7.24,7.24,7.13,31595.0,22690000.0,33.04,33.04,17.06,2.44,0.69,1359500,1800100.0,2026-08-06,16:14:35
603813,原尚股份,32.95,33.01,33.01,33.59,32.64,3632.0,11960000.0,34.6,34.6,-45.66,6.97,0.35,124800,238400.0,2026-08-06,16:14:52
603815,交建股份,5.46,5.57,5.56,5.62,5.36,139698.0,76380000.0,33.79,33.79,-4.45,2.15,2.26,5913800,8056000.0,2026-08-06,16:14:46
603816,顾家家居,24.75,24.95,24.94,24.94,24.2,79685.0,195670000.0,203.31,201.93,11.5,2.04,0.98,3973100,3995400.0,2026-08-06,16:14:36
603817,海峡环保,5.65,5.63,5.65,5.66,5.55,72474.0,40670000.0,32.21,32.21,13.74,0.99,1.27,3519900,3727500.0,2026-08-06,16:14:47
603818,曲美家居,3.52,3.42,3.42,3.55,3.38,231084.0,80780000.0,24.17,24.17,-16.88,1.17,3.37,13267600,9840800.0,2026-08-06,16:14:34
603819,神力股份,13.95,13.51,13.49,13.99,13.39,67978.0,94140000.0,30.37,30.37,116.16,3.78,3.12,3268300,3529500.0,2026-08-06,16:14:33
603822,ST嘉澳,58.86,58.6,58.09,59.66,57.25,6452.0,37630000.0,45.22,45.22,132.99,13.97,0.84,292300,352900.0,2026-08-06,16:14:38
603823,百合花,66.8,60.73,63.44,66.8,63.44,170905.0,1134320000.0,278.13,278.13,169.51,11.35,4.1,6249300,10841200.0,2026-08-06,16:14:57
603825,ST华扬,8.02,7.73,7.68,8.04,7.66,49947.0,39740000.0,20.32,20.32,-3.27,65.23,1.97,2147900,2846800.0,2026-08-06,16:14:44
603826,坤彩科技,17.22,17.36,17.93,18.0,17.17,250844.0,438260000.0,146.67,146.67,-352.45,8.28,2.95,11618300,13466000.0,2026-08-06,16:14:35
603828,*ST利达,4.23,4.22,4.24,4.3,4.19,20424.0,8670000.0,25.21,25.21,-10.34,4.92,0.34,1065300,977100.0,2026-08-06,16:14:31
603829,洛凯股份,14.94,15.02,15.1,15.11,14.63,31610.0,47050000.0,27.83,27.83,50.59,1.9,1.7,1456500,1704500.0,2026-08-06,16:14:31
603833,欧派家居,33.03,33.05,32.95,33.16,32.45,61363.0,201020000.0,201.2,201.2,10.91,1.13,1.01,2370100,3766200.0,2026-08-06,16:14:42
603836,海程邦达,8.75,8.68,8.72,8.79,8.55,25178.0,21940000.0,25.04,24.41,52.48,1.47,0.9,1238700,1279100.0,2026-08-06,16:14:41
603838,*ST四通,8.73,8.52,8.49,8.87,8.31,28556.0,24720000.0,27.94,27.94,-33.08,3.18,0.89,1642300,1213300.0,2026-08-06,16:14:32
603839,安正时尚,6.76,6.79,6.78,6.84,6.64,27958.0,18840000.0,26.16,26.16,-14.43,1.56,0.72,1308000,1487800.0,2026-08-06,16:14:36
603843,*ST正平,7.18,6.97,7.06,7.33,6.86,152262.0,108000000.0,50.23,50.23,-27.55,195.0,2.18,7435900,7790300.0,2026-08-06,16:14:45
603848,好太太,13.4,13.42,13.41,13.44,13.18,13876.0,18490000.0,53.92,53.92,25.63,2.14,0.34,687800,699800.0,2026-08-06,16:14:58
603855,华荣股份,16.57,16.73,16.69,16.7,16.4,20662.0,34140000.0,55.93,55.6,16.06,2.92,0.62,767300,1298900.0,2026-08-06,16:14:54
603856,东宏股份,11.35,11.45,11.4,11.54,11.23,42165.0,47960000.0,32.01,32.01,12.75,1.17,1.49,2243500,1973000.0,2026-08-06,16:14:34
603858,XD步长制,15.43,15.48,15.55,15.59,15.33,44429.0,68570000.0,162.72,162.72,43.52,1.62,0.42,1863500,2579400.0,2026-08-06,16:14:58
603859,能科科技,43.45,42.95,42.13,45.0,42.09,156695.0,687210000.0,115.75,106.32,51.29,2.8,6.4,8405900,7263600.0,2026-08-06,16:14:59
603860,中公高科,25.77,25.59,25.67,25.93,25.38,8161.0,20930000.0,17.18,17.18,36.83,2.08,1.22,432100,384000.0,2026-08-06,16:14:52
603861,白云电器,12.33,12.5,12.38,12.44,12.16,96110.0,118160000.0,66.65,65.17,33.06,1.68,1.82,4115200,5495800.0,2026-08-06,16:14:43
603863,松炀资源,12.85,13.04,13.06,13.08,12.6,50212.0,64140000.0,26.3,26.3,-13.79,10.86,2.45,2307300,2713900.0,2026-08-06,16:14:31
603866,桃李面包,4.31,4.32,4.33,4.34,4.24,110838.0,47480000.0,68.95,68.95,27.4,1.4,0.69,5401400,5682300.0,2026-08-06,16:14:38
603867,新化股份,29.0,28.32,28.6,29.3,28.2,65727.0,189210000.0,63.07,62.55,23.35,2.07,3.05,3254300,3318300.0,2026-08-06,16:14:58
603868,飞科电器,31.07,31.29,31.0,31.29,30.81,7346.0,22730000.0,135.34,135.34,26.04,4.1,0.17,253500,481100.0,2026-08-06,16:14:33
603869,ST智知,8.93,8.49,8.53,8.96,8.45,28690.0,25070000.0,43.63,43.63,125.58,1.18,0.59,1726300,1142600.0,2026-08-06,16:14:59
603871,嘉友国际,12.77,12.92,12.81,12.96,12.58,126014.0,160440000.0,174.69,174.69,14.47,2.9,0.92,6656100,5945300.0,2026-08-06,16:14:46
603876,鼎胜新材,20.64,21.89,21.72,21.9,20.14,327295.0,681520000.0,191.8,191.8,30.87,2.55,3.52,12736500,19993000.0,2026-08-06,16:14:44
603877,太平鸟,12.96,12.93,12.9,13.04,12.76,23802.0,30660000.0,60.9,60.82,30.71,1.39,0.51,1037000,1343200.0,2026-08-06,16:14:40
603878,武进不锈,4.99,4.98,5.02,5.04,4.87,125955.0,62420000.0,28.0,28.0,88.21,1.09,2.24,5429000,7166500.0,2026-08-06,16:14:59
603879,永悦科技,5.04,5.05,5.05,5.14,4.93,110303.0,55590000.0,18.11,18.11,-33.8,7.82,3.07,4706500,6323800.0,2026-08-06,16:14:42
603880,南卫股份,7.24,7.39,7.51,7.61,7.2,118176.0,87350000.0,20.93,20.93,-21.16,12.16,4.09,5422400,6395200.0,2026-08-06,16:14:51
603881,数据港,26.01,26.4,25.92,26.47,25.66,424037.0,1105630000.0,224.22,224.22,160.78,6.71,4.92,19601300,22802400.0,2026-08-06,16:14:42
603882,金域医学,28.03,27.8,27.7,28.6,27.55,71959.0,202020000.0,129.85,128.98,-126.48,2.05,1.56,3505600,3690300.0,2026-08-06,16:14:53
603883,老百姓,12.39,12.56,12.54,12.56,12.2,111268.0,137510000.0,94.03,94.03,23.8,1.43,1.47,4476700,6650100.0,2026-08-06,16:14:35
603885,吉祥航空,11.19,11.21,11.19,11.33,11.06,136859.0,152890000.0,242.71,242.71,21.38,2.45,0.63,6025000,7660900.0,2026-08-06,16:14:51
603886,元祖股份,10.65,10.58,10.6,10.71,10.48,26943.0,28580000.0,25.56,25.56,27.08,1.91,1.12,1292300,1402100.0,2026-08-06,16:14:51
603887,城地香江,9.52,9.66,9.53,9.8,9.43,208574.0,199840000.0,57.31,57.31,-58.07,1.65,3.46,9169500,11687900.0,2026-08-06,16:14:59
603888,新华网,17.09,17.29,17.16,17.45,16.96,109538.0,187660000.0,126.84,126.84,38.44,3.42,1.48,4813300,6140400.0,2026-08-06,16:14:44
603889,新澳股份,5.62,5.65,5.71,5.71,5.54,108245.0,60490000.0,53.35,52.95,10.69,1.5,1.15,4464200,6360400.0,2026-08-06,16:14:54
603890,春秋电子,18.76,18.31,17.95,18.99,17.77,247113.0,457350000.0,83.83,83.83,27.45,2.61,5.53,12361100,12350300.0,2026-08-06,16:14:32
603893,瑞芯微,203.0,199.0,196.0,209.2,195.01,172424.0,3495980000.0,858.58,854.51,74.04,17.76,4.1,8692400,8550000.0,2026-08-06,16:14:45
603895,天永智能,24.25,24.6,24.5,24.69,23.6,19653.0,47400000.0,26.21,26.21,154.16,12.77,1.82,1102700,862600.0,2026-08-06,16:14:30
603896,寿仙谷,14.59,14.65,14.67,14.71,14.42,14449.0,21020000.0,28.92,28.92,-250.27,1.3,0.73,607200,837700.0,2026-08-06,16:14:38
603897,长城科技,26.57,26.38,26.34,26.88,26.03,60214.0,159390000.0,54.85,54.85,17.97,2.4,2.92,2852200,3169200.0,2026-08-06,16:14:35
603898,好莱客,11.06,10.71,10.71,11.08,10.62,51098.0,55540000.0,33.21,33.21,-344.51,1.11,1.7,2835000,2274800.0,2026-08-06,16:14:58
603899,晨光股份,22.61,22.96,22.91,23.03,22.55,32005.0,72630000.0,207.06,207.06,15.58,2.42,0.35,1459800,1740700.0,2026-08-06,16:14:52
603900,莱绅通灵,5.99,5.95,6.1,6.34,5.88,198896.0,120670000.0,20.54,20.53,24.19,1.03,5.8,9376500,10513000.0,2026-08-06,16:14:44
603901,永创智能,9.69,9.62,9.6,9.77,9.55,79784.0,77140000.0,55.89,55.13,33.3,1.93,1.4,4131600,3846800.0,2026-08-06,16:14:56
603903,中持股份,12.5,12.23,12.37,12.66,11.9,127230.0,157700000.0,31.91,31.91,-34.82,2.23,4.98,6314100,6409000.0,2026-08-06,16:14:36
603906,龙蟠科技,19.62,19.6,19.45,19.8,19.25,236951.0,462630000.0,155.22,110.46,229.34,3.2,4.21,10801800,12893400.0,2026-08-06,16:14:40
603908,牧高笛,18.22,18.11,18.2,18.3,17.9,9515.0,17240000.0,16.97,16.97,-38.21,3.49,1.02,503500,448000.0,2026-08-06,16:14:39
603909,建发合诚,9.1,9.02,8.93,9.15,8.92,17592.0,15890000.0,23.72,23.72,20.76,2.07,0.67,959100,800100.0,2026-08-06,16:14:36
603912,佳力图,7.8,7.8,7.8,7.93,7.68,244615.0,191000000.0,42.3,42.3,-68.33,2.46,4.51,11447500,13014100.0,2026-08-06,16:14:31
603915,国茂股份,13.57,13.75,13.8,13.86,13.45,53619.0,73010000.0,90.63,89.11,36.69,2.37,0.82,2320900,3041000.0,2026-08-06,16:14:38
603916,苏博特,10.84,10.37,10.35,10.86,10.29,98783.0,105580000.0,45.56,45.56,35.92,1.09,2.35,5459500,4418800.0,2026-08-06,16:14:43
603917,合力科技,11.84,11.71,11.79,12.11,11.67,37535.0,44500000.0,24.13,24.13,117.29,1.46,1.84,1860900,1892600.0,2026-08-06,16:14:53
603918,金桥信息,11.3,11.22,11.17,11.53,11.09,222197.0,251420000.0,41.26,41.26,-64.0,4.22,6.09,10937000,11282600.0,2026-08-06,16:14:56
603919,金徽酒,16.88,16.55,16.59,17.88,16.41,282040.0,478820000.0,85.63,85.63,26.33,2.53,5.56,14310300,13893600.0,2026-08-06,16:14:46
603920,世运电路,35.23,34.48,34.0,35.65,33.82,262103.0,916820000.0,253.86,253.86,46.95,4.03,3.64,13051500,13158900.0,2026-08-06,16:14:46
603922,ST金鸿顺,11.16,10.7,10.93,11.3,10.48,13873.0,14950000.0,20.0,20.0,-20.69,2.15,0.77,634500,752900.0,2026-08-06,16:14:59
603926,铁流股份,15.96,15.92,16.23,16.23,15.63,39916.0,63620000.0,37.18,36.84,46.17,2.17,1.73,2132300,1859200.0,2026-08-06,16:14:45
603927,中科软,14.03,14.22,14.15,14.45,13.91,139560.0,197240000.0,116.59,116.59,51.97,3.93,1.68,6165000,7791000.0,2026-08-06,16:14:52
603928,兴业股份,12.52,11.94,12.06,12.62,12.0,544128.0,672940000.0,42.66,42.66,35.45,2.69,15.97,26147900,28264800.0,2026-08-06,16:14:58
603929,亚翔集成,162.35,159.28,155.01,166.88,155.0,75850.0,1226060000.0,346.39,346.39,28.35,14.51,3.56,3775100,3809900.0,2026-08-06,16:14:34
603931,格林达,36.4,34.64,34.6,36.55,33.6,129388.0,456370000.0,72.64,72.64,60.53,3.71,6.48,6780500,6158300.0,2026-08-06,16:14:51
603933,睿能科技,19.17,19.02,18.9,19.29,18.76,41137.0,78260000.0,39.79,39.79,70.61,3.0,1.98,2005700,2108000.0,2026-08-06,16:14:35
603936,博敏电子,14.48,13.9,13.7,14.75,13.65,514850.0,738510000.0,93.45,91.28,-296.0,2.13,8.17,26389400,25095600.0,2026-08-06,16:14:41
603937,丽岛新材,11.12,10.85,10.88,11.12,10.8,51596.0,56480000.0,23.23,23.23,997.24,1.5,2.47,2863100,2296400.0,2026-08-06,16:14:38
603938,三孚股份,41.33,39.8,39.05,41.65,39.01,183093.0,744660000.0,158.14,158.14,171.62,6.25,4.79,8866000,9443300.0,2026-08-06,16:14:40
603939,益丰药房,22.47,22.62,22.61,22.79,21.84,153320.0,340420000.0,272.42,272.42,15.76,2.38,1.26,6419200,8912700.0,2026-08-06,16:14:51
603948,建业股份,20.5,20.31,20.31,20.57,20.2,13599.0,27740000.0,33.31,33.31,14.28,1.63,0.84,763400,596500.0,2026-08-06,16:14:51
603949,雪龙集团,13.97,13.85,13.9,13.98,13.7,30796.0,42680000.0,29.44,29.37,30.77,2.78,1.47,1834800,1244800.0,2026-08-06,16:14:42
603950,长源东谷,57.59,57.61,56.88,58.5,55.47,61050.0,348870000.0,186.67,186.52,47.36,6.11,1.89,3085800,3019200.0,2026-08-06,16:14:41
603955,大千生态,20.71,20.51,20.54,21.14,20.3,17522.0,36180000.0,28.11,28.11,-20.41,1.97,1.29,846900,905300.0,2026-08-06,16:14:31
603956,威派格,7.0,6.92,7.13,7.35,6.8,557809.0,394390000.0,39.89,39.89,-27.54,2.16,9.79,26421400,29359500.0,2026-08-06,16:14:53
603958,哈森股份,14.74,14.35,14.43,14.75,14.23,35894.0,52280000.0,32.33,32.33,-83.48,4.97,1.64,1919400,1670000.0,2026-08-06,16:14:59
603959,ST百利,4.43,4.31,4.33,4.46,4.26,70800.0,30870000.0,21.72,21.72,-12.69,5555.35,1.44,4804700,2275300.0,2026-08-06,16:14:47
603960,克来机电,16.21,16.09,16.0,16.68,15.73,57351.0,93570000.0,42.5,42.5,200.55,3.78,2.19,2793800,2941300.0,2026-08-06,16:14:34
603966,法兰泰克,7.9,7.93,7.88,8.0,7.78,71696.0,56480000.0,41.11,41.06,16.15,2.04,1.38,3277600,3892000.0,2026-08-06,16:14:47
603967,中创物流,11.4,11.51,11.51,11.57,11.3,24917.0,28460000.0,39.52,39.52,13.6,1.75,0.72,1185400,1306300.0,2026-08-06,16:14:59
603968,醋化股份,10.05,9.91,9.86,10.06,9.86,20733.0,20640000.0,20.55,20.55,-29.33,1.17,1.01,1034100,1039200.0,2026-08-06,16:14:52
603969,银龙股份,7.49,7.38,7.4,7.57,7.36,137305.0,102600000.0,65.28,63.78,18.05,2.36,1.61,6706900,7023600.0,2026-08-06,16:14:34
603970,中农立华,10.3,10.28,10.16,10.33,10.06,26893.0,27420000.0,27.69,27.69,15.96,1.8,1.0,1297000,1392300.0,2026-08-06,16:14:44
603976,正川股份,28.65,26.96,27.02,28.96,26.54,57695.0,162150000.0,49.17,49.17,331.83,4.22,3.36,3299500,2470100.0,2026-08-06,16:14:57
603977,国泰集团,12.04,11.92,11.99,12.16,11.79,132048.0,158120000.0,74.8,74.8,30.03,2.21,2.13,6195700,7009100.0,2026-08-06,16:14:35
603978,深圳新星,19.59,19.14,19.16,19.65,19.09,95792.0,185640000.0,41.35,41.35,-64.91,2.49,4.54,4353300,5225800.0,2026-08-06,16:14:50
603979,金诚信,78.4,78.68,81.04,81.13,77.22,113513.0,894550000.0,489.05,489.05,19.42,4.43,1.82,5318300,6033000.0,2026-08-06,16:14:43
603980,吉华集团,6.77,6.74,6.71,6.85,6.69,283215.0,191540000.0,45.82,45.82,46.62,1.18,4.18,13632000,14689500.0,2026-08-06,16:14:33
603982,泉峰汽车,5.9,5.89,5.9,5.95,5.78,37545.0,21980000.0,21.54,20.03,-6.3,1.02,1.11,1992200,1762400.0,2026-08-06,16:14:55
603983,丸美生物,28.3,28.75,28.99,29.35,28.08,41290.0,117600000.0,113.48,113.48,53.22,3.41,1.03,1633900,2495100.0,2026-08-06,16:14:34
603985,恒润股份,16.59,16.6,16.56,16.86,16.33,117270.0,194900000.0,73.14,73.14,61.6,2.21,2.66,5348500,6378500.0,2026-08-06,16:14:35
603986,兆易创新,385.0,385.44,363.0,394.94,363.0,618612.0,23396310000.0,2701.72,2573.69,93.98,10.92,9.25,30667600,31193600.0,2026-08-06,16:14:37
603987,康德莱,7.32,7.35,7.32,7.35,7.23,36151.0,26360000.0,31.97,31.97,13.68,1.15,0.83,1632100,1983000.0,2026-08-06,16:14:53
603988,中电电机,22.72,20.65,22.0,22.72,21.9,200695.0,454380000.0,53.44,53.44,172.67,8.15,8.53,5174300,14895200.0,2026-08-06,16:14:36
603989,艾华集团,27.92,27.24,27.27,28.33,26.72,298057.0,820980000.0,111.34,111.34,42.11,2.88,7.47,15234600,14571100.0,2026-08-06,16:14:35
603990,麦迪科技,20.7,19.12,18.84,20.86,18.62,278079.0,560470000.0,63.19,63.19,325.55,7.58,9.11,16075800,11732000.0,2026-08-06,16:14:51
603991,领先股份,129.76,122.57,120.29,133.27,120.0,35234.0,455750000.0,198.16,116.18,1065.62,5.64,3.94,1805500,1717900.0,2026-08-06,16:14:33
603992,松霖科技,24.68,24.58,24.2,24.75,24.2,19964.0,48990000.0,109.34,109.34,42.82,3.08,0.45,1040600,955900.0,2026-08-06,16:14:38
603993,洛阳钼业,20.37,20.47,21.0,21.17,20.23,3241311.0,6708670000.0,4358.02,3556.77,18.04,5.27,1.86,155700200,168430900.0,2026-08-06,16:14:37
603995,甬金股份,22.84,22.47,22.9,23.18,22.5,94317.0,215210000.0,83.05,83.05,14.57,1.47,2.59,4551200,4880500.0,2026-08-06,16:14:57
603997,继峰股份,12.83,13.16,13.03,13.17,12.7,197877.0,255400000.0,163.23,163.23,33.95,3.1,1.56,8579200,11208500.0,2026-08-06,16:14:31
603998,方盛制药,9.41,9.45,9.47,9.47,9.29,56398.0,52880000.0,41.32,41.32,13.48,2.48,1.28,2187500,3452300.0,2026-08-06,16:14:46
603999,读者传媒,5.53,5.56,5.57,5.6,5.46,47515.0,26230000.0,31.85,31.85,37.2,1.55,0.82,2065500,2686000.0,2026-08-06,16:14:45
605001,威奥股份,5.47,5.4,5.45,5.5,5.37,58718.0,31950000.0,21.49,21.49,26.33,0.8,1.49,2842400,3029300.0,2026-08-06,16:14:35
605003,众望布艺,21.6,20.16,20.14,21.6,20.02,16304.0,33800000.0,23.76,23.76,37.59,1.68,1.48,940500,689900.0,2026-08-06,16:14:59
605005,合兴股份,15.38,15.11,15.12,15.46,15.05,20362.0,31110000.0,61.67,61.67,30.93,3.01,0.51,1007400,1028800.0,2026-08-06,16:14:41
605006,山东玻纤,14.43,13.85,13.83,14.67,13.83,505586.0,721700000.0,94.31,94.31,-780.48,3.14,7.74,25489700,25068800.0,2026-08-06,16:14:33
605007,五洲特纸,16.37,16.1,16.1,16.4,15.97,54925.0,88920000.0,77.88,77.69,27.86,2.21,1.16,2777800,2714700.0,2026-08-06,16:14:35
605008,长鸿高科,11.44,11.45,11.45,11.46,11.21,19548.0,22130000.0,73.9,73.9,-362.01,3.78,0.3,867700,1087100.0,2026-08-06,16:14:41
605009,豪悦护理,23.93,24.1,24.0,24.13,23.73,9454.0,22610000.0,51.44,51.44,22.87,1.56,0.44,371200,574200.0,2026-08-06,16:14:41
605011,杭州热电,17.68,17.85,17.85,17.85,17.41,61159.0,107710000.0,70.74,70.74,37.2,2.91,1.53,2584000,3531900.0,2026-08-06,16:14:33
605016,百龙创园,21.74,21.75,21.95,22.14,21.34,28966.0,62880000.0,91.31,91.31,22.4,4.54,0.69,1377000,1519600.0,2026-08-06,16:14:47
605018,长华集团,12.63,12.75,12.77,13.01,12.41,56513.0,71650000.0,59.37,59.37,57.16,2.15,1.2,2997800,2653500.0,2026-08-06,16:14:43
605020,永和股份,35.32,34.58,34.47,35.55,34.07,181262.0,633130000.0,180.42,177.63,22.46,2.99,3.6,8640600,9485600.0,2026-08-06,16:14:39
605028,世茂能源,25.99,26.18,26.3,26.49,25.78,13414.0,34990000.0,41.58,41.58,29.29,3.25,0.84,567500,773900.0,2026-08-06,16:14:57
605033,美邦股份,18.14,18.21,18.05,18.14,17.78,43083.0,77340000.0,24.53,24.53,38.56,2.06,3.19,1648300,2660000.0,2026-08-06,16:14:58
605050,福然德,10.61,10.65,10.74,11.08,10.46,34948.0,37350000.0,52.29,52.29,14.09,1.2,0.71,1314400,2180400.0,2026-08-06,16:14:36
605055,迎丰股份,9.28,9.04,9.04,9.34,9.03,46694.0,43060000.0,40.83,40.83,-64.4,4.27,1.06,2362500,2306900.0,2026-08-06,16:14:37
605056,咸亨国际,15.02,15.13,15.0,15.21,14.67,100699.0,150450000.0,61.49,60.59,23.29,3.59,2.5,4556600,5513300.0,2026-08-06,16:14:44
605058,澳弘电子,25.9,25.41,25.29,26.1,25.07,22845.0,58760000.0,37.02,37.02,24.86,2.12,1.6,1245500,1039000.0,2026-08-06,16:14:52
605060,联德股份,40.2,40.18,39.9,40.97,39.3,42615.0,170980000.0,96.72,96.05,39.66,3.96,1.78,1869600,2391900.0,2026-08-06,16:14:42
605066,天正电气,6.72,6.7,6.7,6.74,6.59,55584.0,37040000.0,33.76,33.76,43.59,1.94,1.11,2518000,3040300.0,2026-08-06,16:14:44
605068,明新旭腾,21.14,21.95,21.9,22.8,20.97,122590.0,264900000.0,34.29,34.29,-308.89,2.23,7.56,5586400,6672600.0,2026-08-06,16:14:34
605069,正和生态,10.87,10.65,10.66,10.95,10.55,65254.0,70120000.0,23.01,23.01,-10.84,3.35,3.08,3443200,3082200.0,2026-08-06,16:14:53
605077,华康股份,11.07,10.95,10.96,11.08,10.8,45307.0,49500000.0,33.55,33.15,23.72,1.13,1.51,2185700,2345000.0,2026-08-06,16:14:54
605080,浙江自然,20.11,20.19,20.27,20.36,19.83,14162.0,28470000.0,28.34,28.22,16.96,1.26,1.01,530400,885800.0,2026-08-06,16:14:42
605081,退市太和,0.4,0.4,0.0,0.0,0.0,0.0,0.0,0.45,0.45,-0.15,0.07,0.0,0,0.0,2026-08-06,09:00:00
605086,龙高股份,23.77,23.92,23.9,23.96,23.31,13551.0,32000000.0,42.6,42.6,37.15,2.67,0.76,658300,696800.0,2026-08-06,16:14:50
605088,冠盛股份,21.26,21.6,21.45,21.74,20.89,41281.0,87750000.0,43.1,42.77,14.91,1.52,2.05,1815400,2312700.0,2026-08-06,16:14:53
605089,味知香,20.85,20.18,20.23,21.47,20.09,20440.0,42750000.0,28.77,28.77,39.98,2.36,1.48,982900,1061100.0,2026-08-06,16:14:53
605090,九丰能源,34.05,33.56,33.2,34.14,33.13,152841.0,516960000.0,240.59,240.35,17.09,2.13,2.17,7622200,7661900.0,2026-08-06,16:15:00
605098,行动教育,56.63,59.0,57.48,57.91,55.62,21116.0,119340000.0,67.53,67.53,20.42,7.45,1.77,932000,1179600.0,2026-08-06,16:14:37
605099,共创草坪,32.69,33.04,33.03,33.06,32.45,9968.0,32640000.0,131.53,131.24,18.46,4.38,0.25,450600,546300.0,2026-08-06,16:15:00
605100,华丰股份,32.6,30.5,30.35,32.85,30.0,58128.0,183400000.0,77.92,77.56,324.18,4.32,2.44,3113600,2699200.0,2026-08-06,16:14:38
605108,同庆楼,12.74,12.7,12.77,12.78,12.58,34050.0,43180000.0,33.12,33.12,49.39,1.44,1.31,1353200,2051800.0,2026-08-06,16:14:31
605111,新洁能,55.13,52.29,51.11,55.58,50.96,220968.0,1185270000.0,228.97,228.97,60.27,5.37,5.32,10971900,11124900.0,2026-08-06,16:14:47
605116,奥锐特,19.71,19.84,20.02,20.02,19.4,31407.0,61570000.0,80.06,80.06,20.33,3.12,0.77,1254400,1886300.0,2026-08-06,16:14:36
605117,德业股份,83.5,83.76,82.82,83.74,81.22,134086.0,1103320000.0,1063.15,1063.15,29.1,10.7,1.05,6261600,7147000.0,2026-08-06,16:14:45
605118,力鼎光电,29.27,28.98,28.76,29.69,28.58,42291.0,123360000.0,120.38,119.68,44.0,8.06,1.03,2266800,1962300.0,2026-08-06,16:14:52
605122,四方新材,10.95,10.84,10.86,10.97,10.74,17706.0,19260000.0,18.87,18.87,-6.22,1.09,1.03,982900,787600.0,2026-08-06,16:14:43
605123,派克新材,78.82,83.2,76.88,79.78,76.85,49670.0,390140000.0,95.51,95.51,36.53,2.06,4.1,2395200,2571700.0,2026-08-06,16:14:50
605128,上海沿浦,23.02,23.64,23.56,23.56,22.9,42868.0,99480000.0,72.28,72.28,35.94,3.39,1.37,1808700,2478100.0,2026-08-06,16:14:41
605133,嵘泰股份,26.42,26.34,26.11,26.71,25.96,53174.0,140560000.0,75.37,74.54,40.25,1.98,1.88,2857800,2459600.0,2026-08-06,16:14:58
605136,丽人丽妆,8.28,8.25,8.24,8.35,8.14,81932.0,67480000.0,33.16,33.16,-64.6,1.37,2.05,4184800,4008400.0,2026-08-06,16:14:39
605138,盛泰集团,5.69,5.61,5.63,5.69,5.58,33375.0,18830000.0,31.61,31.61,18.02,1.28,0.6,1843500,1494000.0,2026-08-06,16:14:38
605151,西上海,17.99,17.8,17.8,18.04,17.51,12710.0,22630000.0,24.21,24.21,119.65,1.76,0.94,724300,546700.0,2026-08-06,16:14:51
605155,西大门,14.25,14.2,13.91,14.34,13.85,79592.0,112140000.0,27.15,26.62,24.98,2.04,4.26,3832200,4127100.0,2026-08-06,16:14:58
605158,华达新材,6.82,6.74,6.8,6.85,6.65,24593.0,16570000.0,34.88,34.88,-1358.86,1.45,0.48,1409800,1049500.0,2026-08-06,16:14:44
605162,新中港,8.52,8.57,8.53,8.57,8.39,153847.0,130330000.0,37.73,37.73,31.49,3.09,3.47,6867100,8517600.0,2026-08-06,16:14:36
605166,聚合顺,8.69,8.59,8.51,8.86,8.51,56145.0,48830000.0,27.35,27.35,27.87,1.39,1.78,2891700,2722800.0,2026-08-06,16:14:51
605167,利柏特,14.87,15.87,15.04,15.24,14.8,224043.0,336340000.0,75.82,75.82,35.07,3.72,4.39,9010000,13394300.0,2026-08-06,16:15:00
605168,三人行,39.52,39.37,39.0,40.29,38.7,54530.0,215560000.0,83.31,83.31,65.36,3.23,2.59,2725100,2727900.0,2026-08-06,16:14:31
605169,洪通燃气,10.09,10.03,10.04,10.14,9.92,21363.0,21440000.0,28.54,28.54,27.59,1.46,0.76,974800,1161500.0,2026-08-06,16:14:48
605177,东亚药业,16.66,16.63,16.58,16.75,16.33,13965.0,23100000.0,19.11,18.93,-17.27,1.15,1.23,638100,758400.0,2026-08-06,16:14:51
605178,时空科技,65.17,64.24,64.37,66.78,62.8,77010.0,497600000.0,64.57,64.57,-29.96,5.85,7.77,3504900,4196100.0,2026-08-06,16:14:57
605179,一鸣食品,21.66,23.34,22.55,23.69,21.21,399182.0,880290000.0,86.86,86.86,161.74,7.65,9.95,18520700,21397500.0,2026-08-06,16:14:52
605180,华生科技,11.94,11.73,11.73,11.98,11.59,16199.0,19110000.0,20.18,20.18,93.45,1.78,0.96,817100,802800.0,2026-08-06,16:14:59
605183,确成股份,14.5,14.6,14.6,14.6,14.3,21730.0,31380000.0,60.2,59.8,13.74,1.93,0.53,924600,1248400.0,2026-08-06,16:14:30
605186,健麾信息,25.64,24.89,24.68,25.88,24.51,31781.0,80490000.0,34.87,34.87,113.33,3.15,2.34,1450500,1727600.0,2026-08-06,16:14:43
605188,国光连锁,12.67,12.81,12.82,12.98,12.53,72921.0,92760000.0,64.33,64.33,314.34,5.15,1.44,3249900,4042200.0,2026-08-06,16:14:36
605189,富春染织,16.24,16.79,16.38,16.65,15.94,241685.0,393190000.0,38.69,38.69,26.65,2.05,10.14,8986300,15182200.0,2026-08-06,16:14:39
605196,华通线缆,33.61,32.8,32.84,33.84,32.67,192804.0,641800000.0,171.74,170.52,55.66,5.07,3.8,9846800,9433600.0,2026-08-06,16:14:32
605198,安德利,62.81,61.41,61.0,63.3,60.0,28398.0,176200000.0,209.9,169.92,66.22,7.63,1.05,1324000,1515800.0,2026-08-06,16:14:36
605199,ST葫芦娃,6.01,5.79,5.81,6.1,5.76,32080.0,19120000.0,24.05,24.05,-7.06,6.27,0.8,1873200,1334800.0,2026-08-06,16:14:49
605208,永茂泰,13.46,13.05,13.1,13.46,12.9,111428.0,147980000.0,44.41,44.41,62.69,2.02,3.38,5376800,5766000.0,2026-08-06,16:14:32
605218,伟时电子,13.71,13.56,13.54,13.93,13.39,25919.0,35420000.0,33.29,29.18,-194.93,1.88,1.22,1288800,1303100.0,2026-08-06,16:14:33
605222,起帆电缆,19.78,19.76,19.62,19.93,19.37,69044.0,135690000.0,81.67,81.67,41.64,1.74,1.67,3292300,3612100.0,2026-08-06,16:14:39
605228,神通科技,11.09,11.1,10.98,11.17,10.88,72173.0,79660000.0,53.13,52.91,32.95,2.32,1.51,3425400,3791900.0,2026-08-06,16:14:38
605255,天普股份,70.45,69.3,69.0,71.4,68.11,10447.0,73250000.0,94.46,94.46,628.0,11.67,0.78,506600,538100.0,2026-08-06,16:14:44
605258,协和电子,26.88,25.97,26.01,26.89,25.9,25009.0,66170000.0,23.65,23.65,39.5,2.01,2.84,1240300,1260600.0,2026-08-06,16:14:58
605259,绿田机械,18.18,18.13,18.2,18.27,17.91,6317.0,11430000.0,31.36,31.36,13.45,1.71,0.37,342800,289000.0,2026-08-06,16:14:35
605266,健之佳,16.36,16.27,16.3,16.43,16.08,13122.0,21370000.0,25.28,25.28,16.79,1.0,0.85,611200,701000.0,2026-08-06,16:14:57
605268,王力安防,9.22,9.22,9.29,9.29,9.09,22163.0,20350000.0,40.62,40.62,31.07,2.55,0.5,1106100,1110200.0,2026-08-06,16:14:42
605277,新亚电子,15.33,15.33,15.27,15.5,15.12,63236.0,96730000.0,59.6,58.52,27.37,3.55,1.66,2877400,3446300.0,2026-08-06,16:14:43
605286,同力天启,23.55,23.54,23.58,23.77,23.0,18551.0,43460000.0,39.56,39.56,29.27,1.84,1.1,918400,936700.0,2026-08-06,16:14:54
605287,德才股份,37.21,36.9,36.9,37.58,35.92,55649.0,204820000.0,52.09,52.09,86.9,3.31,3.97,2500800,3064100.0,2026-08-06,16:14:40
605288,凯迪股份,59.6,58.59,58.06,60.61,56.5,27577.0,159710000.0,58.97,58.57,169.15,2.7,2.81,1257900,1499800.0,2026-08-06,16:14:40
605289,罗曼股份,94.99,91.8,91.0,97.8,89.11,49504.0,466160000.0,144.96,144.76,167.6,10.86,3.25,2419400,2531000.0,2026-08-06,16:14:53
605296,神农集团,30.03,29.78,29.88,30.24,29.51,24294.0,72610000.0,158.03,155.55,-29.37,3.67,0.47,1212000,1217500.0,2026-08-06,16:14:54
605298,必得科技,47.28,46.35,46.58,47.37,45.88,8924.0,41760000.0,88.82,88.06,155.05,8.6,0.48,563100,329300.0,2026-08-06,16:14:31
605299,舒华体育,12.47,12.4,12.39,12.49,12.15,109312.0,135040000.0,50.84,50.84,48.07,4.25,2.68,5645000,5286200.0,2026-08-06,16:14:31
605300,佳禾食品,9.67,9.75,9.74,9.78,9.55,22118.0,21300000.0,43.94,43.94,98.27,1.54,0.49,924900,1286900.0,2026-08-06,16:14:44
605303,园林股份,21.15,21.21,21.1,21.35,20.72,28459.0,60000000.0,34.1,34.1,-20.58,4.03,1.77,1345000,1500900.0,2026-08-06,16:14:30
605305,中际联合,40.1,39.8,39.66,40.38,39.43,40133.0,160400000.0,85.22,85.22,15.2,2.86,1.89,2083300,1930000.0,2026-08-06,16:14:47
605318,法狮龙,80.71,75.92,75.0,82.06,74.52,29667.0,232290000.0,101.48,101.48,32784.42,15.87,2.36,1510700,1456000.0,2026-08-06,16:14:35
605319,无锡振华,24.74,24.1,23.99,24.88,23.9,35423.0,86670000.0,86.61,86.13,18.37,3.13,1.02,1981200,1561100.0,2026-08-06,16:14:59
605333,沪光股份,16.95,17.27,17.18,17.23,16.8,21532.0,36540000.0,78.65,78.65,18.8,2.34,0.46,913700,1239500.0,2026-08-06,16:14:30
605336,*ST帅电,11.54,10.49,10.49,11.54,10.36,26274.0,28860000.0,21.17,21.17,-33.96,1.17,1.43,1768700,858700.0,2026-08-06,16:14:45
605337,李子园,9.45,9.51,9.5,9.54,9.33,48991.0,46140000.0,36.86,36.86,20.08,2.33,1.26,2109500,2789700.0,2026-08-06,16:14:33
605338,巴比食品,18.93,19.07,19.1,19.18,18.71,14407.0,27230000.0,45.35,45.35,16.02,2.16,0.6,624400,816300.0,2026-08-06,16:14:49
605339,南侨食品,13.19,13.25,13.33,13.33,12.95,16556.0,21750000.0,55.96,55.96,380.06,1.64,0.39,722300,933300.0,2026-08-06,16:14:38
605358,立昂微,43.48,41.64,40.83,43.9,40.83,530774.0,2263070000.0,335.75,335.75,-619.65,4.89,6.87,26725000,26352500.0,2026-08-06,16:14:40
605365,立达信,13.72,13.74,13.8,13.8,13.47,29417.0,40100000.0,68.88,68.88,43.14,1.86,0.59,1487500,1454200.0,2026-08-06,16:14:53
605366,宏柏新材,8.47,7.7,7.48,8.47,7.44,371196.0,299480000.0,65.46,65.46,-38.92,2.45,4.8,17551700,19567900.0,2026-08-06,16:14:47
605368,蓝天燃气,6.73,6.73,6.71,6.75,6.63,34984.0,23400000.0,48.09,48.09,20.4,1.45,0.49,1556000,1942400.0,2026-08-06,16:14:52
605369,拱东医疗,16.95,16.83,16.77,17.0,16.51,14046.0,23520000.0,37.26,37.26,66.43,2.22,0.64,681700,722900.0,2026-08-06,16:14:57
605376,博迁新材,163.82,157.65,160.0,165.0,155.98,216082.0,3477170000.0,428.55,428.55,176.4,24.71,8.26,10024000,11584300.0,2026-08-06,16:14:48
605377,华旺科技,9.12,9.05,9.05,9.14,8.95,46744.0,42320000.0,50.77,50.77,19.89,1.32,0.84,2356700,2317600.0,2026-08-06,16:14:40
605378,野马电池,14.03,14.03,14.03,14.1,13.75,16336.0,22760000.0,36.67,36.67,94.2,3.04,0.63,776400,857200.0,2026-08-06,16:14:59
605388,均瑶健康,5.88,5.97,5.98,6.02,5.76,214999.0,125920000.0,35.31,35.31,-18.35,2.3,3.58,9451600,12048200.0,2026-08-06,16:14:33
605389,长龄液压,75.34,75.0,74.24,76.35,73.95,9857.0,74080000.0,141.12,133.46,106.03,6.75,0.56,496400,489300.0,2026-08-06,16:14:45
605398,新炬网络,21.16,21.09,20.91,21.54,20.82,16313.0,34570000.0,34.43,34.43,249.41,3.31,1.0,788800,842600.0,2026-08-06,16:14:58
605399,晨光新材,10.84,10.42,10.35,10.84,10.34,54883.0,58380000.0,33.75,33.72,-30.92,1.64,1.76,2922300,2566000.0,2026-08-06,16:14:46
605488,福莱新材,28.19,27.97,27.68,29.6,27.48,99582.0,283370000.0,84.57,77.8,138.1,3.83,3.61,5116300,4841900.0,2026-08-06,16:14:35
605499,东鹏饮料,120.89,122.54,122.48,123.09,120.0,105663.0,1277350000.0,887.57,817.24,18.09,4.56,1.56,4204100,6362200.0,2026-08-06,16:14:41
605500,森林包装,6.92,6.78,6.78,6.95,6.66,61828.0,42160000.0,28.68,28.68,117.48,1.12,1.49,3308000,2874800.0,2026-08-06,16:14:54
605507,国邦医药,15.37,15.9,15.93,15.93,15.34,78870.0,122270000.0,120.25,120.25,17.02,1.43,1.01,2704100,5182900.0,2026-08-06,16:14:48
605555,德昌股份,12.08,12.0,12.0,12.17,11.83,35092.0,42030000.0,58.48,58.48,62.01,2.05,0.72,1667200,1842000.0,2026-08-06,16:14:34
605566,福莱蒽特,25.75,24.58,24.48,25.98,24.36,47211.0,120110000.0,34.34,34.34,61.11,1.7,3.54,2318600,2402500.0,2026-08-06,16:14:53
605567,春雪食品,8.81,8.72,8.74,8.81,8.61,26603.0,23210000.0,17.62,17.62,47.68,1.61,1.33,1311000,1349300.0,2026-08-06,16:14:31
605577,龙版传媒,9.6,9.64,9.69,9.69,9.45,31327.0,29970000.0,42.67,42.67,17.88,1.08,0.7,1448900,1683800.0,2026-08-06,16:14:53
605580,恒盛能源,18.25,18.08,17.99,18.25,17.73,55952.0,100900000.0,51.1,51.1,31.5,5.16,2.0,3061000,2534200.0,2026-08-06,16:14:31
605588,冠石科技,45.35,43.99,43.56,45.35,43.06,18240.0,81180000.0,33.23,33.15,-40.1,3.51,2.5,980000,844000.0,2026-08-06,16:14:30
605589,圣泉集团,39.53,38.91,38.31,40.57,38.12,455346.0,1794890000.0,334.58,334.39,34.24,3.23,5.38,21483400,24051200.0,2026-08-06,16:14:31
605598,上海港湾,27.67,27.18,27.13,27.86,27.05,35660.0,98100000.0,67.24,67.24,198.32,3.97,1.47,1720600,1845400.0,2026-08-06,16:14:31
605599,菜百股份,16.57,16.17,16.66,17.14,16.22,163413.0,272900000.0,128.88,128.88,10.64,2.89,2.1,7545100,8796200.0,2026-08-06,16:14:57
688001,华兴源创,49.12,48.14,47.74,50.18,46.59,8593672.0,418830000.0,231.63,231.63,204.33,6.87,1.82,409533800,449833400.0,2026-08-06,16:14:58
688002,睿创微纳,155.51,151.84,149.01,159.18,148.17,10846990.0,1673180000.0,731.7,731.7,50.2,10.26,2.31,555992900,528706100.0,2026-08-06,16:14:31
688003,天准科技,77.66,75.79,74.0,78.3,73.66,5376232.0,411850000.0,151.27,151.27,133.72,8.02,2.76,254924600,282698600.0,2026-08-06,16:14:35
688004,博汇科技,22.8,23.06,22.94,24.3,22.19,4139816.0,95610000.0,18.26,18.26,-70.25,3.18,5.17,200218200,213763400.0,2026-08-06,16:14:50
688005,容百科技,27.9,28.86,28.68,28.68,27.64,15793789.0,443460000.0,199.38,199.38,-2066.12,2.57,2.21,653591000,925787900.0,2026-08-06,16:14:37
688006,杭可科技,22.52,22.37,22.17,22.7,21.91,12017982.0,269230000.0,135.95,135.95,35.71,2.5,1.99,564076300,637721900.0,2026-08-06,16:14:37
688007,光峰科技,10.84,10.85,10.79,11.03,10.61,4531875.0,49110000.0,49.82,49.82,-17.21,2.07,0.99,212970500,240217000.0,2026-08-06,16:14:54
688008,澜起科技,208.36,212.0,203.8,213.3,202.0,48197830.0,9991270000.0,2543.11,2385.23,99.43,12.62,4.21,2244448800,2575334200.0,2026-08-06,16:14:43
688009,中国通号,4.94,5.0,5.0,5.0,4.9,31841514.0,157260000.0,523.14,425.88,14.35,1.14,0.37,1191997000,1992154400.0,2026-08-06,16:14:33
688010,福光股份,27.0,26.5,26.07,27.09,25.86,4998903.0,133400000.0,43.35,43.35,299.61,2.53,3.11,280937100,218953200.0,2026-08-06,16:15:00
688011,新光光电,72.98,71.61,71.15,75.7,70.34,2851631.0,209500000.0,72.62,72.37,-176.78,6.92,2.88,172864500,112298600.0,2026-08-06,16:14:56
688012,中微公司,361.59,358.0,348.0,373.44,347.55,29424121.0,10610440000.0,3463.46,3406.89,126.92,12.56,3.12,1458518200,1483893900.0,2026-08-06,16:14:47
688013,天臣医疗,24.85,24.69,24.81,24.9,24.33,794391.0,19590000.0,20.17,20.17,24.69,3.93,0.98,38386200,41052900.0,2026-08-06,16:14:50
688015,交控科技,15.98,16.08,16.09,16.14,15.8,1174592.0,18750000.0,30.15,30.15,19.45,1.16,0.62,57589100,59870100.0,2026-08-06,16:14:49
688016,心脉医疗,91.62,93.15,92.92,92.92,91.28,1200291.0,110220000.0,112.93,112.93,19.19,2.76,0.97,44855600,75173500.0,2026-08-06,16:14:50
688017,绿的谐波,336.04,340.54,334.15,343.58,330.11,11032552.0,3716150000.0,616.06,616.06,450.49,17.45,6.02,528424800,574830400.0,2026-08-06,16:15:00
688018,乐鑫科技,111.02,110.69,109.33,112.6,108.01,6670041.0,739380000.0,260.21,260.21,45.59,5.53,2.85,317481700,349522400.0,2026-08-06,16:14:57
688019,安集科技,244.4,241.09,235.1,251.88,231.8,9182666.0,2222200000.0,555.99,555.99,67.6,12.35,4.04,472945200,445321400.0,2026-08-06,16:14:36
688020,方邦股份,121.8,118.8,116.0,125.01,115.0,4651156.0,560720000.0,100.37,100.37,-98.04,7.63,5.64,247829600,217286000.0,2026-08-06,16:14:42
688021,奥福科技,20.26,19.93,20.03,20.36,19.81,1397335.0,28220000.0,15.48,15.48,53.55,1.77,1.83,67088200,72645300.0,2026-08-06,16:14:35
688022,ST瀚川,8.1,8.05,8.0,8.15,7.98,1718400.0,13860000.0,14.25,14.25,70.65,2.16,0.98,94162400,77677600.0,2026-08-06,16:14:45
688023,安恒信息,41.7,41.2,40.9,42.57,40.38,3972615.0,165140000.0,42.61,42.61,-70.8,1.9,3.89,174355800,222905700.0,2026-08-06,16:14:50
688025,杰普特,315.4,311.17,304.79,325.99,301.12,3122207.0,980330000.0,299.79,299.79,88.06,12.92,3.28,150561300,161659400.0,2026-08-06,16:15:00
688026,洁特生物,15.36,13.87,13.81,15.44,13.81,5864934.0,86640000.0,21.56,21.55,78.26,2.01,4.18,346361300,240132100.0,2026-08-06,16:14:46
688027,国盾量子,412.95,421.8,416.0,418.0,408.0,1949537.0,805660000.0,424.76,331.91,6354.58,13.17,2.43,79514600,115439100.0,2026-08-06,16:14:35
688028,沃尔德,82.5,79.0,78.0,85.5,76.18,10448348.0,857140000.0,124.53,124.53,122.38,6.22,6.92,492895600,551939200.0,2026-08-06,16:14:31
688029,南微医学,70.8,71.89,72.01,72.49,70.27,1626191.0,114970000.0,133.0,133.0,23.93,3.28,0.87,65599100,97020000.0,2026-08-06,16:14:36
688030,山石网科,17.99,17.38,17.2,18.3,17.2,6309014.0,113040000.0,32.42,32.42,-21.11,4.76,3.5,339299900,291601500.0,2026-08-06,16:14:39
688031,星环科技-U,114.45,118.07,114.0,118.75,113.0,10061659.0,1161810000.0,138.64,138.64,-63.72,17.19,8.31,482810600,523355300.0,2026-08-06,16:14:56
688032,禾迈股份,78.54,79.45,79.01,79.6,78.08,815512.0,64140000.0,97.45,97.45,-45.76,1.72,0.66,31835800,49715400.0,2026-08-06,16:14:51
688033,*ST天宜,6.28,6.34,6.34,6.34,6.18,3741781.0,23450000.0,35.31,35.31,-1.58,2.66,0.67,159474000,214704100.0,2026-08-06,16:14:46
688035,德邦科技,61.0,60.03,58.9,61.8,58.46,4861185.0,293010000.0,86.77,86.77,75.53,3.7,3.42,246357000,239761500.0,2026-08-06,16:14:47
688036,传音控股,57.4,56.9,56.83,58.23,56.6,19789003.0,1138150000.0,660.78,660.78,23.68,3.27,1.72,1033672900,945227400.0,2026-08-06,16:14:44
688037,芯源微,301.98,298.97,290.0,311.98,283.27,6633121.0,1987290000.0,609.29,609.29,863.58,21.72,3.29,347296200,316015900.0,2026-08-06,16:14:36
688038,中科通达,18.56,17.36,17.35,18.58,17.25,3649415.0,65130000.0,21.6,21.6,-202.52,3.65,3.14,193362300,171579200.0,2026-08-06,16:14:46
688039,当虹科技,36.38,36.43,36.0,37.25,35.72,2421857.0,88590000.0,40.24,40.24,-42.52,3.88,2.19,116779100,125406600.0,2026-08-06,16:15:00
688041,海光信息,291.05,288.85,283.32,294.8,282.32,16258761.0,4706660000.0,6764.99,6764.99,248.16,29.22,0.7,847097200,778778900.0,2026-08-06,16:14:51
688045,必易微,53.02,51.53,50.45,53.2,50.2,1708868.0,89010000.0,37.42,37.42,96.35,2.61,2.42,90024800,80862000.0,2026-08-06,16:14:59
688046,药康生物,27.76,27.26,27.58,28.5,26.68,9539711.0,264840000.0,113.87,113.87,71.27,5.17,2.33,488416000,465555100.0,2026-08-06,16:14:58
688047,龙芯中科,111.55,112.2,112.22,113.78,110.17,4689710.0,525720000.0,447.32,447.32,-107.06,18.65,1.17,225059000,243912000.0,2026-08-06,16:14:35
688048,长光华芯,267.8,259.0,250.08,277.98,249.3,15269888.0,4033000000.0,472.08,472.08,1399.04,15.66,8.66,775194200,751794600.0,2026-08-06,16:14:36
688049,炬芯科技,42.03,42.33,41.3,43.1,41.3,8443831.0,356110000.0,73.62,73.62,34.75,3.59,4.82,442822500,401560600.0,2026-08-06,16:14:35
688050,爱博医疗,40.14,41.04,41.17,41.22,39.95,2538495.0,102300000.0,77.65,77.65,29.31,2.77,1.31,101892800,151956700.0,2026-08-06,16:14:42
688051,佳华科技,24.19,24.46,24.69,24.7,23.82,1611691.0,39100000.0,18.71,18.71,-14.64,3.23,2.08,84819600,76349500.0,2026-08-06,16:14:51
688052,纳芯微,200.5,202.05,200.0,204.5,197.07,1995325.0,399600000.0,327.83,287.54,-153.71,4.28,1.39,99514400,100018100.0,2026-08-06,16:14:41
688053,ST思科瑞,33.63,33.32,33.2,33.8,33.02,570947.0,19080000.0,33.63,33.63,-177.46,2.12,0.57,29844800,27249900.0,2026-08-06,16:14:59
688055,龙腾光电,4.02,4.09,4.03,4.08,3.99,13460927.0,54200000.0,134.0,134.0,-60.72,3.34,0.4,573401500,772691200.0,2026-08-06,16:14:35
688056,莱伯泰科,42.25,42.77,41.48,42.7,40.81,1666946.0,69720000.0,28.5,28.5,83.23,3.55,2.47,82502400,84192200.0,2026-08-06,16:14:56
688057,金达莱,18.53,17.82,17.74,18.86,17.36,8133458.0,149380000.0,51.14,51.14,87.41,1.64,2.95,363196900,450148900.0,2026-08-06,16:14:54
688058,宝兰德,23.0,22.85,22.92,23.4,22.67,1151922.0,26520000.0,17.44,17.44,-22.06,2.83,1.52,58990400,56201800.0,2026-08-06,16:14:38
688059,华锐精密,93.43,88.29,86.44,96.18,85.7,11221666.0,1036630000.0,130.78,122.4,39.32,6.19,8.57,549165200,573001400.0,2026-08-06,16:14:57
688060,云涌科技,35.36,33.76,33.97,35.6,33.81,609117.0,21060000.0,21.28,21.28,-133.93,2.4,1.01,35580100,25331600.0,2026-08-06,16:14:39
688061,灿瑞科技,35.7,35.68,35.2,36.66,34.56,1550329.0,55290000.0,41.02,41.02,-61.93,1.8,1.35,83340300,71692600.0,2026-08-06,16:14:47
688062,迈威生物-U,28.35,28.51,28.99,29.15,27.75,8012251.0,226710000.0,126.65,65.27,-13.77,118.57,3.48,387062600,414162500.0,2026-08-06,16:14:56
688063,派能科技,44.64,45.49,45.28,45.28,44.1,6122825.0,273250000.0,109.53,109.53,75.44,1.19,2.5,292340000,319942500.0,2026-08-06,16:14:43
688065,凯赛生物,44.58,45.08,44.9,45.19,43.88,4849041.0,215000000.0,321.55,260.07,54.55,1.83,0.83,208410400,276493700.0,2026-08-06,16:14:58
688066,*ST航图,10.13,10.4,10.4,11.04,9.76,12064362.0,126020000.0,26.68,26.68,-1.44,-2.21,4.58,549998800,656437400.0,2026-08-06,16:14:48
688067,爱威科技,21.57,21.55,21.68,21.7,21.1,882867.0,18940000.0,14.67,14.67,48.94,2.85,1.3,39873900,48412800.0,2026-08-06,16:14:59
688068,热景生物,104.19,104.09,104.88,109.15,102.68,3762163.0,395370000.0,96.64,96.64,-39.17,3.97,4.06,208603600,167612700.0,2026-08-06,16:14:35
688069,德林海,38.46,35.94,36.2,38.55,35.8,3499303.0,131770000.0,60.24,60.24,62.57,4.85,2.23,211290600,138639700.0,2026-08-06,16:14:56
688070,纵横股份,34.28,34.49,34.85,36.78,33.41,2720238.0,95840000.0,30.31,30.31,149.68,5.08,3.08,126877900,145145900.0,2026-08-06,16:14:40
688071,华依科技,37.33,37.37,36.58,37.58,36.0,5828233.0,214610000.0,31.65,31.65,-50.04,3.13,6.87,260112400,322710900.0,2026-08-06,16:14:45
688072,拓荆科技,682.03,677.88,646.0,709.0,646.0,8225102.0,5600070000.0,1982.52,1928.05,120.57,16.89,2.91,431262300,391247900.0,2026-08-06,16:14:31
688073,毕得医药,51.33,51.44,51.03,52.57,50.52,1757239.0,90500000.0,46.65,46.65,27.79,2.33,1.93,80626200,95097700.0,2026-08-06,16:14:49
688075,安旭生物,28.42,28.44,28.33,28.43,28.0,573678.0,16170000.0,36.12,36.12,144.29,0.72,0.45,22097800,35270000.0,2026-08-06,16:14:50
688076,ST诺泰,27.52,27.84,27.7,27.7,27.3,1233538.0,33930000.0,87.19,87.19,28.19,2.89,0.39,40823100,82530700.0,2026-08-06,16:14:54
688077,大地熊,25.38,24.67,24.69,25.99,24.69,4446987.0,112930000.0,29.05,29.05,46.68,2.67,3.88,246242400,198456300.0,2026-08-06,16:14:40
688078,龙软科技,22.8,22.73,22.84,23.06,22.48,938277.0,21350000.0,16.62,16.62,-22.7,2.51,1.29,44407200,49420500.0,2026-08-06,16:14:42
688079,美迪凯,15.29,14.92,14.69,15.52,14.4,15222072.0,230060000.0,62.95,61.87,-34.58,5.03,3.76,758468900,763738300.0,2026-08-06,16:14:43
688080,映翰通,35.93,35.38,35.26,36.55,35.2,1524725.0,54800000.0,26.46,26.46,19.45,2.27,2.07,72383200,80089300.0,2026-08-06,16:14:39
688081,兴图新科,29.82,30.08,29.95,30.42,29.37,2045834.0,61290000.0,30.73,30.73,-60.7,7.79,1.99,113763400,90820000.0,2026-08-06,16:14:34
688082,盛美上海,279.1,280.41,268.0,288.8,267.01,8230077.0,2283650000.0,1346.93,1332.46,107.42,10.01,1.72,370481300,452526400.0,2026-08-06,16:14:42
688083,中望软件,51.56,51.84,50.99,52.65,50.91,3539177.0,183200000.0,87.47,87.47,287.63,3.39,2.09,177642700,176275000.0,2026-08-06,16:14:46
688084,晶品特装,43.39,43.92,43.38,44.5,42.61,1118055.0,48680000.0,32.83,32.83,-214.54,2.14,1.48,50094700,61710800.0,2026-08-06,16:14:36
688085,三友医疗,13.09,13.11,13.18,13.19,12.86,4203419.0,54560000.0,48.02,45.9,83.75,2.27,1.2,209956900,210385000.0,2026-08-06,16:14:57
688087,英科再生,40.36,40.11,40.59,40.88,39.3,1282706.0,51670000.0,77.95,75.17,29.48,2.74,0.69,62416500,65854100.0,2026-08-06,16:14:56
688088,虹软科技,34.78,35.54,35.02,35.79,34.54,7431122.0,261320000.0,139.53,139.53,53.09,5.11,1.85,353534900,389577300.0,2026-08-06,16:14:39
688089,ST嘉必优,7.78,7.61,7.6,7.85,7.53,3537849.0,27100000.0,12.94,12.94,23.46,0.84,2.13,174988500,178796400.0,2026-08-06,16:14:48
688090,瑞松科技,64.93,58.15,57.05,65.35,56.59,14335772.0,882890000.0,103.06,103.06,343.22,11.29,9.03,652538500,781038700.0,2026-08-06,16:14:41
688091,上海谊众,38.93,39.31,39.45,39.55,38.62,2447104.0,95530000.0,80.47,80.47,117.41,5.56,1.18,125292700,119417700.0,2026-08-06,16:15:00
688092,爱科科技,22.2,22.34,22.34,22.35,21.92,647270.0,14320000.0,18.35,18.35,39.64,2.82,0.78,32245800,32481200.0,2026-08-06,16:14:55
688093,世华科技,26.66,27.12,26.8,27.09,26.43,1973597.0,52860000.0,74.75,74.75,18.82,2.68,0.7,79639300,117720400.0,2026-08-06,16:14:46
688095,福昕软件,70.55,72.6,70.08,73.58,69.3,10032473.0,711180000.0,64.45,64.45,136.16,2.48,10.98,472702000,530545300.0,2026-08-06,16:15:00
688096,京源环保,8.72,8.49,8.43,8.74,8.38,6872610.0,58910000.0,20.38,20.38,-27.02,2.51,2.94,351599400,335661600.0,2026-08-06,16:14:55
688097,博众精工,43.19,43.3,42.25,43.54,42.16,5009052.0,214950000.0,192.91,192.91,29.55,4.07,1.12,240687000,260218200.0,2026-08-06,16:14:49
688098,申联生物,8.41,8.37,8.38,8.46,8.3,2382347.0,19970000.0,34.54,34.54,-179.81,2.49,0.58,116315900,121918800.0,2026-08-06,16:14:50
688099,晶晨股份,98.73,96.92,95.4,100.53,95.08,17147658.0,1678820000.0,417.94,417.94,48.71,5.55,4.05,876644500,838121300.0,2026-08-06,16:14:54
688100,威胜信息,30.71,31.14,30.61,31.25,30.4,3442011.0,105830000.0,151.0,151.0,22.36,4.27,0.7,164332100,179869000.0,2026-08-06,16:14:37
688101,三达膜,15.62,15.59,15.4,15.63,15.36,3651158.0,56560000.0,51.86,51.86,12.95,1.18,1.1,161148900,203966900.0,2026-08-06,16:14:53
688102,斯瑞新材,34.59,33.19,33.03,34.95,32.91,22480467.0,771500000.0,270.17,269.39,170.62,13.71,2.89,1112927100,1135119600.0,2026-08-06,16:14:34
688103,国力电子,74.56,69.88,69.0,74.56,67.78,3997346.0,288820000.0,71.07,71.07,108.72,6.43,4.19,211394800,188339800.0,2026-08-06,16:14:54
688105,诺唯赞,19.58,19.78,20.2,20.78,19.34,12421677.0,247630000.0,101.23,101.23,-705.82,2.81,2.4,655104100,587063600.0,2026-08-06,16:14:51
688106,金宏气体,29.95,28.45,28.0,30.77,27.82,40614357.0,1200270000.0,160.35,160.35,172.81,4.94,7.59,1985913100,2075522600.0,2026-08-06,16:14:46
688107,安路科技,31.18,31.08,30.51,31.62,30.23,7470194.0,231500000.0,124.98,124.98,-49.43,13.84,1.86,368167800,378851600.0,2026-08-06,16:14:58
688108,赛诺医疗,17.47,17.56,17.56,17.74,17.25,9363227.0,163730000.0,73.02,73.02,106.16,7.36,2.24,466185500,470137200.0,2026-08-06,16:14:52
688109,品茗科技,76.23,74.15,74.15,77.0,73.5,1088120.0,82530000.0,60.1,60.1,188.97,7.77,1.38,52537700,56274300.0,2026-08-06,16:14:47
688110,东芯股份,111.9,109.92,105.98,113.52,105.92,21447135.0,2363160000.0,495.02,495.02,18114.68,13.76,4.85,1021102500,1123611000.0,2026-08-06,16:14:35
688111,金山办公,267.1,279.15,273.57,281.98,267.02,17423352.0,4758220000.0,1239.38,1239.38,34.15,8.46,3.75,814274400,928060800.0,2026-08-06,16:14:34
688112,鼎阳科技,51.48,50.54,49.9,52.46,49.9,2072369.0,106000000.0,82.16,82.16,58.58,5.35,1.3,104124600,103112300.0,2026-08-06,16:14:52
688113,联测科技,35.86,35.13,35.03,36.11,34.94,798303.0,28500000.0,23.09,23.09,23.79,2.31,1.24,41778400,38051900.0,2026-08-06,16:14:32
688114,华大智造,49.91,51.85,51.34,51.77,49.83,4466672.0,226410000.0,207.88,207.44,-131.56,2.93,1.07,183089500,263577700.0,2026-08-06,16:14:36
688115,思林杰,55.48,54.0,53.73,56.8,52.6,2903734.0,159850000.0,51.78,51.78,663.22,4.08,3.11,139026300,151347100.0,2026-08-06,16:14:45
688116,天奈科技,33.46,34.22,34.0,34.16,33.21,6707560.0,225730000.0,122.64,122.64,54.25,3.28,1.83,296019400,374736600.0,2026-08-06,16:14:32
688117,圣诺生物,24.74,24.5,24.58,25.44,24.46,5705975.0,141740000.0,54.51,54.51,30.77,5.07,2.59,270648900,299948600.0,2026-08-06,16:14:42
688118,普元信息,21.61,21.6,21.48,22.33,21.19,3054675.0,66260000.0,20.17,20.17,331.0,2.47,3.27,166641000,138826500.0,2026-08-06,16:14:44
688119,中钢洛耐,4.03,4.0,4.0,4.06,3.95,9281003.0,37250000.0,45.34,45.34,-27.24,1.61,0.82,466355700,461744600.0,2026-08-06,16:14:31
688120,华海清科,244.6,243.0,235.0,250.0,230.2,15473089.0,3725230000.0,1213.9,1213.9,110.6,15.92,3.12,783923900,763385000.0,2026-08-06,16:14:56
688121,*ST卓然,2.53,2.74,2.7,2.95,2.42,20217851.0,53800000.0,5.91,5.13,-2.64,0.26,9.98,843644700,1178140400.0,2026-08-06,16:14:31
688122,西部超导,53.33,54.77,54.62,54.65,52.9,12429545.0,665500000.0,346.47,346.47,48.59,5.01,1.91,498679900,744274600.0,2026-08-06,16:14:40
688123,聚辰股份,120.36,120.0,115.58,123.0,115.0,8600798.0,1024710000.0,191.26,191.26,64.85,7.42,5.41,424010400,436069400.0,2026-08-06,16:15:00
688125,安达智能,117.29,115.1,112.56,120.85,111.01,1765156.0,206610000.0,96.68,96.42,-81.12,5.37,2.15,94253100,82262500.0,2026-08-06,16:14:46
688126,沪硅产业,25.88,25.5,24.7,26.15,24.52,131567633.0,3356960000.0,855.34,735.54,-48.0,5.08,4.63,6657651800,6499111500.0,2026-08-06,16:14:36
688127,蓝特光学,64.12,62.56,61.8,65.11,61.0,9165488.0,580160000.0,260.26,260.26,55.04,11.76,2.26,466177400,450371400.0,2026-08-06,16:14:36
688128,中国电研,22.46,22.8,22.75,22.75,22.28,2290922.0,51510000.0,90.85,90.85,16.76,2.61,0.57,94975500,134116700.0,2026-08-06,16:14:35
688129,东来技术,20.97,20.99,20.99,21.07,20.52,577506.0,12030000.0,25.26,25.26,24.73,2.52,0.48,26435700,31314900.0,2026-08-06,16:15:00
688130,晶华微,20.78,20.2,20.13,20.98,19.87,2470876.0,50810000.0,25.12,12.53,-69.0,2.03,4.1,134038200,113049400.0,2026-08-06,16:14:56
688131,皓元医药,80.37,80.52,81.89,81.99,79.33,3432346.0,277380000.0,171.38,171.38,69.87,5.51,1.61,170834500,172400100.0,2026-08-06,16:14:44
688132,邦彦技术,13.48,13.29,13.33,13.67,13.16,1637963.0,22050000.0,20.52,20.52,-9.0,1.74,1.08,96373800,67422500.0,2026-08-06,16:14:58
688133,泰坦科技,23.9,21.89,21.69,24.71,21.64,10824684.0,255900000.0,39.3,39.3,-57.43,1.44,6.58,631747400,450721000.0,2026-08-06,16:14:55
688135,利扬芯片,23.93,23.31,22.8,24.12,22.7,16167455.0,380580000.0,55.78,55.78,3088.73,3.52,6.94,827595800,789149700.0,2026-08-06,16:14:55
688136,科兴制药,18.51,18.72,18.88,18.95,18.37,3264651.0,60890000.0,37.39,37.39,33.37,2.22,1.62,162821100,163644000.0,2026-08-06,16:14:48
688137,近岸蛋白,38.93,39.61,40.07,40.2,38.68,1047546.0,40950000.0,27.22,27.22,-35.54,1.35,1.5,44530300,60224300.0,2026-08-06,16:14:39
688138,清溢光电,31.35,30.57,29.82,31.51,29.73,8084562.0,249640000.0,98.69,98.69,51.6,3.52,2.57,433464700,374991500.0,2026-08-06,16:14:39
688139,海尔生物,28.18,28.78,28.6,28.77,28.13,3127488.0,88690000.0,89.19,89.19,40.55,2.05,0.99,125761200,186987600.0,2026-08-06,16:14:52
688141,杰华特,130.7,128.01,124.0,134.77,123.46,16249484.0,2108430000.0,588.57,588.57,-66.89,47.15,3.61,755807900,869140500.0,2026-08-06,16:14:31
688143,长盈通,104.68,102.4,101.18,109.5,99.24,15917298.0,1654930000.0,134.81,128.1,625.52,9.99,13.01,743367300,848362500.0,2026-08-06,16:14:42
688146,中船特气,308.0,286.32,278.0,325.25,272.0,30785196.0,9257530000.0,1630.59,446.51,316.26,27.14,21.24,1625657800,1452861800.0,2026-08-06,16:14:46
688147,微导纳米,97.95,96.48,90.99,100.99,90.99,12226932.0,1180630000.0,454.94,454.94,291.09,15.6,2.63,596646300,626046900.0,2026-08-06,16:14:49
688148,芳源股份,7.11,7.03,7.04,7.21,6.95,15887504.0,112480000.0,36.27,36.27,462.44,9.43,3.11,804219800,784530600.0,2026-08-06,16:14:42
688150,莱特光电,37.8,36.76,35.86,38.39,35.8,11106760.0,413770000.0,152.12,152.12,74.47,8.0,2.76,491364300,619311700.0,2026-08-06,16:14:58
688151,华强科技,16.08,16.18,16.04,16.28,15.83,3885284.0,62310000.0,55.4,55.4,117.11,1.31,1.13,175172100,213356300.0,2026-08-06,16:14:32
688152,麒麟信安,29.03,28.6,28.58,29.8,28.22,2593912.0,75200000.0,29.58,29.58,-55.79,2.52,2.55,145731000,113660200.0,2026-08-06,16:14:46
688153,唯捷创芯,25.94,26.05,25.87,26.28,25.53,4145443.0,107340000.0,111.62,108.47,819.27,2.81,0.99,197172600,217371700.0,2026-08-06,16:14:49
688155,先惠技术,60.81,61.31,60.78,61.61,59.91,2325695.0,141430000.0,77.45,77.45,17.37,3.23,1.83,98698300,133871200.0,2026-08-06,16:14:55
688156,路德科技,20.57,20.12,20.12,20.87,19.96,2781063.0,56960000.0,20.72,20.72,-34.35,2.68,2.76,160065100,118041200.0,2026-08-06,16:14:36
688157,松井股份,18.68,18.75,18.75,19.08,18.43,2580490.0,48360000.0,35.07,35.07,368.4,2.62,1.37,119561600,138487400.0,2026-08-06,16:14:43
688158,优刻得-W,35.24,35.35,34.51,36.22,34.51,33481971.0,1186990000.0,162.35,144.44,-622.51,6.6,8.17,1574392900,1773804200.0,2026-08-06,16:14:33
688159,有方科技,33.4,33.2,32.83,33.65,32.53,2981979.0,98940000.0,30.98,30.98,82.51,3.32,3.21,146277400,151920500.0,2026-08-06,16:14:37
688160,步科股份,113.19,116.26,114.01,115.76,111.71,1837318.0,208730000.0,103.25,103.25,138.27,7.87,2.01,75718100,108013700.0,2026-08-06,16:14:38
688161,威高骨科,21.52,21.8,21.65,21.85,21.24,1033408.0,22180000.0,86.08,86.08,32.97,2.1,0.26,48977900,54362900.0,2026-08-06,16:14:59
688162,巨一科技,23.08,22.89,22.97,23.17,22.52,1279313.0,29250000.0,31.64,31.64,42.07,1.32,0.93,64215600,63715700.0,2026-08-06,16:14:40
688163,赛伦生物,31.15,30.62,30.91,31.44,30.11,1279992.0,39650000.0,33.71,33.71,69.37,3.11,1.18,62494600,65504600.0,2026-08-06,16:14:31
688165,埃夫特-U,17.54,17.5,17.45,17.89,17.2,7958172.0,140020000.0,91.52,91.52,-20.82,7.57,1.53,388192500,407624700.0,2026-08-06,16:14:55
688166,博瑞医药,34.83,35.7,36.4,36.65,34.7,19406661.0,685700000.0,151.79,151.79,298.51,6.16,4.45,875866200,1064799900.0,2026-08-06,16:14:50
688167,炬光科技,208.64,208.35,200.0,212.37,198.0,9939369.0,2047280000.0,271.52,271.52,-1381.26,12.14,7.64,492784700,501152200.0,2026-08-06,16:14:41
688168,安博通,36.61,35.47,35.0,37.3,34.78,4930720.0,178480000.0,39.56,39.56,-42.6,3.95,4.56,245442600,247629400.0,2026-08-06,16:14:33
688169,石头科技,105.62,108.23,108.13,108.13,105.16,5239334.0,555490000.0,274.14,274.14,19.32,1.93,2.02,215616200,308317200.0,2026-08-06,16:14:31
688170,德龙激光,52.19,50.58,49.5,54.71,49.42,7519207.0,394810000.0,53.94,53.94,321.34,4.38,7.27,387860000,364060700.0,2026-08-06,16:14:58
688171,纬德信息,27.6,27.69,27.55,28.18,27.01,1826494.0,50390000.0,32.25,32.25,253.75,3.92,1.56,99301600,83347800.0,2026-08-06,16:14:51
688172,燕东微,53.98,52.8,51.77,54.65,51.42,16273523.0,866700000.0,770.63,647.09,-168.91,4.24,1.36,815433000,811919300.0,2026-08-06,16:14:33
688173,希荻微,13.65,13.37,13.28,13.78,13.21,9725235.0,131830000.0,56.68,56.15,-60.11,3.62,2.36,500403100,472120400.0,2026-08-06,16:14:36
688175,高凌信息,18.67,17.9,17.97,18.69,17.51,3901083.0,71320000.0,31.39,31.39,-123.97,1.83,2.32,199543800,190564500.0,2026-08-06,16:14:55
688176,亚虹医药-U,12.41,12.4,12.65,12.65,12.15,11978610.0,148280000.0,71.01,71.01,-15.95,4.82,2.09,610091100,587769900.0,2026-08-06,16:14:57
688177,百奥泰,17.57,17.9,17.95,17.95,17.43,2165539.0,38150000.0,72.75,72.75,-18.63,32.46,0.52,97222400,119331500.0,2026-08-06,16:14:43
688178,万德斯,27.15,26.92,26.6,27.37,26.52,1367978.0,36860000.0,23.08,23.08,-23.31,2.48,1.61,59229100,77568700.0,2026-08-06,16:14:43
688179,阿拉丁,19.35,19.29,19.0,19.58,18.72,8895577.0,170600000.0,70.05,70.05,65.48,6.99,2.46,469299600,420258100.0,2026-08-06,16:15:00
688180,君实生物-U,36.96,37.6,37.99,38.25,36.7,14768670.0,547990000.0,379.46,283.26,-57.42,6.44,1.93,614086400,862780600.0,2026-08-06,16:14:32
688181,八亿时空,38.72,37.75,37.48,39.04,36.8,5796384.0,221090000.0,51.51,51.51,62.99,2.51,4.36,299689600,279948800.0,2026-08-06,16:14:33
688182,灿勤科技,26.02,25.07,24.7,26.3,24.54,6700154.0,172030000.0,104.08,104.08,104.78,4.66,1.68,327756300,342259100.0,2026-08-06,16:14:49
688183,生益电子,108.2,107.53,105.8,112.29,105.1,14157503.0,1540320000.0,906.27,906.27,52.76,16.08,1.69,684675300,731075000.0,2026-08-06,16:14:41
688184,ST帕瓦,11.86,11.39,11.39,11.9,11.32,1110267.0,12890000.0,18.59,11.64,-3.76,1.69,1.13,59995600,51031100.0,2026-08-06,16:14:37
688185,康希诺,50.33,51.24,51.6,51.7,49.96,1323977.0,67110000.0,124.34,57.56,-12357.9,2.52,1.16,58526200,73871500.0,2026-08-06,16:14:41
688186,广大特材,14.69,14.91,14.89,14.91,14.46,4347905.0,63940000.0,41.2,41.2,30.1,0.87,1.55,178644500,256146000.0,2026-08-06,16:14:42
688187,时代电气,49.74,50.15,49.81,49.99,48.79,7182108.0,354500000.0,661.89,432.19,16.11,1.53,0.83,304938600,413272200.0,2026-08-06,16:14:51
688188,柏楚电子,106.5,107.6,106.52,108.09,105.72,2298185.0,245660000.0,431.92,431.92,36.8,7.37,0.57,112142100,117676400.0,2026-08-06,16:14:32
688189,ST南新,6.49,6.46,6.43,6.51,6.39,4072739.0,26290000.0,17.71,17.71,-12.46,2.34,1.49,200605300,206668600.0,2026-08-06,16:14:31
688190,云路股份,73.98,73.0,72.57,74.67,72.0,1737336.0,127370000.0,88.78,88.78,32.0,3.39,1.45,88464600,85269000.0,2026-08-06,16:14:43
688191,智洋创新,21.03,20.06,20.06,21.3,19.7,9776731.0,201550000.0,68.98,68.98,110.89,7.91,2.98,463145900,514527200.0,2026-08-06,16:14:53
688192,迪哲医药-U,52.44,53.03,53.81,54.3,51.6,8266352.0,434640000.0,243.93,241.86,-36.57,19.68,1.79,389472000,437163200.0,2026-08-06,16:14:58
688193,仁度生物,48.62,48.8,48.6,49.09,47.9,216513.0,10500000.0,19.48,19.48,140.54,2.21,0.54,9142500,12508800.0,2026-08-06,16:14:31
688195,腾景科技,129.28,125.0,120.04,132.72,119.27,9746363.0,1243150000.0,234.11,234.11,325.08,23.49,5.38,472026100,502610200.0,2026-08-06,16:14:36
688196,卓越新能,34.5,34.1,33.85,34.95,33.81,2043053.0,70260000.0,43.88,43.88,35.57,1.39,1.61,108971800,95333500.0,2026-08-06,16:14:49
688197,首药控股-U,32.64,33.08,33.23,33.45,32.1,2036658.0,66640000.0,48.54,20.89,-52.1,7.3,3.18,80964200,122701600.0,2026-08-06,16:14:40
688198,佰仁医疗,79.68,80.62,80.54,81.25,78.95,685735.0,54720000.0,109.76,109.76,54.22,8.72,0.5,31931700,36641800.0,2026-08-06,16:14:56
688199,久日新材,22.83,22.21,22.07,22.86,21.94,6071799.0,136500000.0,36.81,36.81,76.16,1.43,3.77,346125700,261054200.0,2026-08-06,16:14:41
688200,华峰测控,395.15,375.42,368.24,405.0,365.0,6545003.0,2536000000.0,793.27,793.27,139.57,19.65,3.26,348749400,305750900.0,2026-08-06,16:14:46
688201,ST信安,7.32,7.18,7.18,7.38,7.18,3393319.0,24740000.0,23.22,23.22,74.67,1.8,1.07,191456000,147875900.0,2026-08-06,16:14:53
688202,美迪西,81.8,79.16,80.6,83.79,77.95,7325019.0,596260000.0,109.9,109.9,-79.83,5.61,5.45,381173000,351328900.0,2026-08-06,16:14:44
688203,海正生材,10.15,10.03,10.01,10.18,9.97,2154474.0,21720000.0,20.57,20.57,192.66,1.39,1.06,118981300,96466100.0,2026-08-06,16:14:50
688205,德科立,133.7,128.59,125.8,136.2,125.6,10584972.0,1392490000.0,212.9,212.9,277.73,9.03,6.65,572578600,485918600.0,2026-08-06,16:14:33
688206,概伦电子,34.29,34.2,33.53,34.6,33.0,7058448.0,239200000.0,149.7,149.7,732.13,7.47,1.62,319346100,386498700.0,2026-08-06,16:14:32
688207,格灵深瞳,19.4,18.95,18.52,20.22,18.5,16565814.0,323570000.0,50.24,50.24,-27.52,2.75,6.4,883393600,773187800.0,2026-08-06,16:14:54
688208,道通科技,28.39,29.08,28.83,29.43,28.3,11728713.0,336870000.0,190.27,190.27,20.44,5.4,1.75,568369800,604501500.0,2026-08-06,16:14:47
688209,英集芯,21.87,21.7,21.36,22.22,21.18,8991166.0,196080000.0,94.87,94.87,46.63,4.29,2.07,472343200,426773400.0,2026-08-06,16:14:54
688210,统联精密,27.42,27.0,27.21,28.13,26.5,3591573.0,98260000.0,44.6,44.6,-162.84,3.48,2.21,162657900,196499400.0,2026-08-06,16:14:48
688211,中科微至,29.75,29.82,29.76,30.09,29.4,621838.0,18510000.0,39.0,39.0,-61.23,1.12,0.47,37380600,24803200.0,2026-08-06,16:14:49
688212,澳华内镜,26.61,26.85,26.81,27.06,26.3,1372510.0,36640000.0,35.83,35.83,226.66,2.79,1.02,71688400,65562600.0,2026-08-06,16:14:36
688213,思特威-W,91.45,90.5,89.6,91.5,88.31,8991334.0,811720000.0,367.91,295.85,35.15,7.21,2.78,455304100,443829300.0,2026-08-06,16:14:37
688215,瑞晟智能,41.4,38.14,39.2,42.35,37.5,3346561.0,133850000.0,37.41,37.41,88.92,7.76,3.7,145371500,189284600.0,2026-08-06,16:14:50
688216,气派科技,30.1,28.8,28.24,30.23,28.1,5698472.0,167890000.0,34.44,31.98,-73.37,4.71,5.36,313184400,256662800.0,2026-08-06,16:14:48
688217,睿昂基因,22.15,22.47,22.4,22.75,21.85,1007329.0,22440000.0,12.37,12.37,-21.07,1.47,1.8,48621100,52111800.0,2026-08-06,16:14:38
688218,江苏北人,38.67,37.69,37.5,39.28,37.11,4427637.0,170060000.0,45.04,45.04,-77.6,5.28,3.8,202907500,239856200.0,2026-08-06,16:14:58
688219,会通股份,10.7,10.74,10.71,10.76,10.59,4774368.0,50890000.0,58.81,58.81,29.36,1.98,0.87,187460200,289976600.0,2026-08-06,16:14:53
688220,翱捷科技-U,103.7,96.85,96.01,106.0,95.06,14501960.0,1480160000.0,433.78,433.78,-146.51,7.97,3.47,782595100,667600900.0,2026-08-06,16:14:33
688221,前沿生物-U,19.07,18.81,18.83,19.18,18.37,12530550.0,236220000.0,71.43,71.43,2063.18,6.45,3.35,611282100,641772900.0,2026-08-06,16:14:59
688222,成都先导,30.88,30.85,30.93,31.55,30.15,13670398.0,422640000.0,123.73,123.73,100.82,8.33,3.41,722443300,644596500.0,2026-08-06,16:14:34
688223,晶科能源,4.43,4.57,4.54,4.56,4.39,113395782.0,504800000.0,454.93,454.93,-6.65,1.83,1.1,4573072000,6766506200.0,2026-08-06,16:14:40
688225,亚信安全,14.35,13.08,13.21,15.47,13.02,21429561.0,309650000.0,57.4,57.4,-14.19,3.7,5.36,1065520600,1077435500.0,2026-08-06,16:14:45
688226,威腾电气,29.65,29.37,29.19,30.08,28.82,4435546.0,130830000.0,58.14,55.97,241.24,2.9,2.35,229921300,213633300.0,2026-08-06,16:14:50
688227,品高股份,82.29,79.5,78.71,85.4,78.0,4980139.0,409230000.0,93.03,93.03,-177.94,7.47,4.41,256095400,241918500.0,2026-08-06,16:14:44
688228,开普云,74.09,74.11,73.0,75.76,72.2,3123508.0,231630000.0,50.05,50.05,-248.2,4.01,4.62,168469900,143880900.0,2026-08-06,16:14:59
688229,博睿数据,73.3,70.97,70.35,73.3,69.42,1386494.0,99650000.0,32.55,32.55,-32.79,8.9,3.12,73843500,64805900.0,2026-08-06,16:14:31
688230,芯导科技,53.22,53.3,52.01,53.9,52.01,1196310.0,63350000.0,62.59,62.59,55.86,2.78,1.02,58538700,61092300.0,2026-08-06,16:14:59
688231,隆达股份,28.57,27.93,28.53,29.08,27.5,4838905.0,137040000.0,91.3,91.3,98.11,3.27,1.51,250009400,233881100.0,2026-08-06,16:14:54
688232,新点软件,19.4,19.68,19.6,19.91,19.23,3610645.0,70440000.0,62.46,62.46,118.9,1.17,1.12,156141000,204923500.0,2026-08-06,16:14:41
688233,神工股份,109.6,105.25,102.76,112.37,101.78,14910040.0,1611280000.0,186.66,186.66,188.71,9.91,8.75,751998900,739005100.0,2026-08-06,16:14:48
688234,天岳先进,95.6,93.52,91.98,98.08,91.33,13008714.0,1234270000.0,463.3,410.8,-167.05,6.51,3.03,660386900,640484500.0,2026-08-06,16:14:36
688235,百济神州,269.0,280.6,292.98,292.98,264.38,10588219.0,2876020000.0,4148.75,309.5,96.9,11.16,9.2,488722600,570099300.0,2026-08-06,16:14:42
688236,春立医疗,14.56,14.73,14.62,14.81,14.43,1132558.0,16520000.0,55.85,42.0,20.22,1.87,0.39,51727700,61528100.0,2026-08-06,16:14:35
688237,超卓航科,60.71,57.14,57.27,62.33,56.17,4478488.0,269500000.0,54.45,54.45,381.87,4.6,4.99,264371000,183477800.0,2026-08-06,16:14:34
688238,和元生物,5.98,6.04,6.06,6.09,5.85,13470622.0,80490000.0,38.81,38.72,-16.97,2.86,2.08,599763400,747298800.0,2026-08-06,16:14:38
688239,航宇科技,44.92,44.62,44.35,45.6,44.01,4156013.0,186400000.0,85.76,85.76,42.98,4.19,2.18,186833200,228768100.0,2026-08-06,16:14:33
688244,永信至诚,16.06,15.65,15.52,16.48,15.52,4504166.0,72430000.0,24.24,24.24,-50.01,2.56,2.98,217680900,232735700.0,2026-08-06,16:14:50
688246,嘉和美康,19.2,19.46,19.26,19.91,18.95,3260882.0,63200000.0,26.42,26.42,-10.68,2.05,2.37,169041200,157047000.0,2026-08-06,16:14:31
688247,宣泰医药,8.58,8.51,8.46,8.6,8.38,4803980.0,40760000.0,38.9,38.9,89.3,2.98,1.06,250907700,229490300.0,2026-08-06,16:14:42
688248,南网科技,48.18,48.76,48.28,49.58,47.3,5011909.0,242140000.0,272.07,272.07,65.84,8.48,0.89,235588200,265602700.0,2026-08-06,16:14:56
688249,晶合集成,39.69,39.2,38.6,40.5,38.07,21112264.0,834700000.0,882.61,480.4,142.5,4.03,1.74,1095038300,1016188100.0,2026-08-06,16:14:35
688251,井松智能,21.35,21.21,21.1,21.62,20.91,2104455.0,44660000.0,21.48,21.33,144.63,2.56,2.11,109237400,101208100.0,2026-08-06,16:14:32
688252,天德钰,18.96,17.93,19.21,19.39,18.41,13106715.0,246950000.0,77.55,77.55,35.39,3.08,3.2,748178600,562492900.0,2026-08-06,16:14:31
688253,英诺特,65.88,60.36,60.8,66.43,59.5,4043087.0,261610000.0,90.25,90.25,100.48,4.43,2.95,264443300,139865400.0,2026-08-06,16:15:00
688255,凯尔达,25.81,25.61,25.32,26.28,25.32,3381184.0,87400000.0,28.35,28.35,88.0,2.69,3.08,166357200,171761200.0,2026-08-06,16:14:56
688256,寒武纪,1168.15,1136.9,1103.0,1185.0,1095.0,12478455.0,14303870000.0,7339.4,7339.4,270.13,59.97,1.99,622355000,625490500.0,2026-08-06,16:14:32
688257,新锐股份,58.88,56.47,55.52,60.65,55.01,22765595.0,1327020000.0,209.18,209.18,42.49,7.98,6.41,1123700900,1152858600.0,2026-08-06,16:14:52
688258,卓易信息,113.71,115.01,114.22,118.2,111.38,5581456.0,640630000.0,137.75,137.75,114.4,14.56,4.61,273485500,284660100.0,2026-08-06,16:14:57
688259,创耀科技,30.37,30.12,29.93,30.57,29.78,1340919.0,40510000.0,33.92,33.92,43.73,2.16,1.2,78478800,55613100.0,2026-08-06,16:14:59
688260,昀冢科技,106.82,106.63,101.2,110.55,99.0,9375985.0,988880000.0,128.18,128.18,-67.2,79.37,7.81,481982100,455616400.0,2026-08-06,16:14:55
688261,东微半导,71.4,70.98,69.5,72.97,69.16,5881572.0,419310000.0,87.57,87.18,199.19,2.98,4.82,298706700,289450500.0,2026-08-06,16:14:33
688262,国芯科技,26.9,26.89,26.5,27.58,26.27,12687620.0,340560000.0,90.38,90.38,-33.72,4.69,3.78,634587400,634174600.0,2026-08-06,16:14:47
688265,南模生物,35.75,35.95,35.95,36.28,35.3,644731.0,23070000.0,27.87,27.87,84.24,1.64,0.83,28433600,36039500.0,2026-08-06,16:14:44
688266,泽璟制药-U,112.22,110.35,110.8,114.28,107.51,8351551.0,927510000.0,297.06,297.06,54.02,17.27,3.16,438659300,396495800.0,2026-08-06,16:14:36
688267,中触媒,19.47,19.38,19.39,19.53,18.97,2354943.0,45370000.0,44.42,44.42,22.69,1.57,1.03,127415700,108078600.0,2026-08-06,16:14:57
688268,华特气体,151.1,139.0,134.99,153.2,134.96,12434905.0,1812750000.0,192.93,192.93,154.55,10.66,9.74,616780600,626709900.0,2026-08-06,16:14:45
688269,凯立新材,31.47,31.06,31.57,32.17,31.17,2296092.0,72760000.0,41.13,41.13,30.36,3.87,1.76,126286000,103323200.0,2026-08-06,16:14:32
688270,ST臻镭,66.0,65.65,64.08,67.33,63.96,8479398.0,559630000.0,197.68,197.68,131.7,8.61,2.83,403276900,444662900.0,2026-08-06,16:14:42
688271,联影医疗,111.0,112.93,113.06,113.33,110.56,5022589.0,559780000.0,914.82,914.82,48.2,4.19,0.61,217234700,285024200.0,2026-08-06,16:14:56
688272,富吉瑞,28.68,27.95,27.79,29.3,27.7,1686945.0,48510000.0,21.8,21.8,-25.61,5.47,2.22,88803100,79891400.0,2026-08-06,16:14:49
688273,麦澜德,30.64,31.02,30.48,31.27,30.17,921996.0,28390000.0,30.64,30.64,35.75,2.32,0.92,44619600,47580000.0,2026-08-06,16:14:53
688275,万润新能,80.51,80.1,79.04,81.13,78.02,3683165.0,293340000.0,101.54,101.54,103.12,1.84,2.92,178743900,189572600.0,2026-08-06,16:14:49
688276,百克生物,14.9,15.06,15.02,15.12,14.75,1507561.0,22460000.0,61.63,61.63,-23.07,1.6,0.36,71681300,79074800.0,2026-08-06,16:14:56
688277,天智航-U,17.34,17.84,17.5,17.7,16.96,8517366.0,147290000.0,80.88,80.88,-37.45,6.72,1.83,375990600,475746000.0,2026-08-06,16:14:56
688278,特宝生物,54.58,57.6,57.6,57.7,54.38,4457284.0,247870000.0,222.79,222.79,21.98,6.59,1.09,146017700,299710700.0,2026-08-06,16:14:35
688279,峰岹科技,167.55,166.35,163.0,169.0,161.11,1737780.0,289230000.0,192.87,156.76,75.11,3.77,1.86,86889900,86888100.0,2026-08-06,16:14:51
688280,精进电动-W,5.78,5.93,5.93,6.18,5.71,26960346.0,158790000.0,34.11,30.09,324.93,5.29,5.18,1104684500,1591350100.0,2026-08-06,16:14:33
688281,华秦科技,47.53,48.37,48.36,48.96,47.25,2748283.0,131830000.0,181.37,181.37,56.04,3.83,0.72,124661500,150166800.0,2026-08-06,16:14:48
688282,理工导航,55.2,53.8,53.5,55.88,53.01,816819.0,44830000.0,49.14,49.14,-389.2,3.78,0.92,43155300,38526600.0,2026-08-06,16:14:54
688283,坤恒顺维,27.83,27.43,27.62,28.26,27.22,1157511.0,32140000.0,33.9,33.9,65.31,3.53,0.95,61396600,54354500.0,2026-08-06,16:14:49
688285,高铁电气,7.37,7.31,7.32,7.39,7.23,2059150.0,15060000.0,27.73,27.73,47.13,1.63,0.55,117901100,88013900.0,2026-08-06,16:14:46
688286,敏芯股份,43.44,43.03,42.9,44.28,42.28,3778365.0,162860000.0,34.02,34.02,149.34,3.25,4.82,183328100,194508400.0,2026-08-06,16:14:54
688287,退市观典,0.37,0.37,0.0,0.0,0.0,0.0,0.0,1.37,1.37,-0.62,0.23,0.0,0,0.0,2026-08-06,09:00:00
688288,鸿泉技术,18.21,18.29,18.38,18.68,17.9,2053983.0,37600000.0,18.18,18.18,772.08,2.45,2.06,105529200,99869100.0,2026-08-06,16:14:49
688289,圣湘生物,15.32,15.37,15.36,15.39,15.13,5272554.0,80470000.0,88.76,88.76,56.56,1.27,0.91,246033800,281221600.0,2026-08-06,16:14:31
688290,景业智能,68.4,61.4,62.23,68.49,61.74,2362614.0,156600000.0,69.9,69.9,-242.27,5.22,2.31,161271300,74990100.0,2026-08-06,16:14:49
688291,金橙子,41.25,41.38,41.4,41.85,40.43,2048423.0,84450000.0,42.35,42.35,54.36,4.22,2.0,102453100,102389200.0,2026-08-06,16:14:46
688292,浩瀚深度,18.14,17.69,17.51,18.43,17.45,4809618.0,86920000.0,28.72,28.72,-122.26,2.98,3.04,233409400,247552400.0,2026-08-06,16:14:47
688293,奥浦迈,53.76,54.6,54.39,55.75,53.22,3025549.0,164710000.0,76.44,62.99,115.37,2.5,2.58,149475200,153079700.0,2026-08-06,16:14:38
688295,中复神鹰,43.99,41.79,43.26,45.6,43.0,12724184.0,561740000.0,395.91,395.91,230.36,8.38,1.41,589482000,682936400.0,2026-08-06,16:14:40
688296,和达科技,17.33,16.11,16.08,17.5,15.73,6621836.0,111780000.0,18.61,18.61,-27.33,3.29,6.17,313254200,348929400.0,2026-08-06,16:14:49
688297,中无人机,40.69,41.23,42.33,42.33,40.55,9652767.0,399990000.0,274.66,274.66,310.02,4.91,1.43,461135000,504141700.0,2026-08-06,16:14:59
688298,东方生物,19.04,19.02,19.09,19.09,18.8,1193547.0,22620000.0,38.38,38.38,-6.95,0.65,0.59,56032100,63322600.0,2026-08-06,16:14:52
688299,长阳科技,12.89,12.87,12.73,13.0,12.64,5213183.0,66870000.0,37.04,37.04,-25.27,1.89,1.81,259850200,261468100.0,2026-08-06,16:14:32
688300,联瑞新材,136.08,125.05,121.02,139.75,121.02,16529026.0,2186650000.0,328.59,328.59,109.08,19.84,6.85,864619000,788283600.0,2026-08-06,16:14:51
688301,奕瑞科技,91.45,90.08,89.0,92.3,87.14,6671777.0,604450000.0,286.61,286.61,41.8,3.91,2.13,343195300,323982400.0,2026-08-06,16:14:41
688302,海创药业-U,34.3,34.25,35.6,35.6,33.83,1371436.0,47330000.0,33.96,33.96,-25.15,3.29,1.39,63872800,73270800.0,2026-08-06,16:14:43
688303,大全能源,18.67,19.14,19.2,19.2,18.52,15483638.0,290480000.0,398.13,398.13,-29.02,1.05,0.73,695566900,852796900.0,2026-08-06,16:14:53
688305,科德数控,57.89,56.38,56.1,57.93,55.68,3396459.0,193660000.0,76.74,76.54,85.22,4.08,2.57,176642800,163003100.0,2026-08-06,16:14:39
688306,均普智能,9.5,9.41,9.41,9.59,9.28,10133078.0,95820000.0,116.69,116.69,1443.88,6.71,0.82,505639400,507668400.0,2026-08-06,16:14:40
688307,中润光学,44.62,43.7,42.78,45.55,42.4,5043925.0,223510000.0,55.46,55.46,81.97,6.28,4.06,260781800,243610700.0,2026-08-06,16:14:39
688308,欧科亿,99.46,95.3,92.98,102.5,92.09,15549273.0,1527110000.0,157.92,157.92,52.67,5.65,9.79,753863500,801063800.0,2026-08-06,16:14:31
688309,恒誉环保,68.02,66.43,67.11,70.33,65.66,2575322.0,175090000.0,54.01,54.01,79.8,6.75,3.24,140264000,117268200.0,2026-08-06,16:14:46
688310,迈得医疗,15.05,13.77,13.8,15.12,13.58,4287233.0,61840000.0,24.73,24.73,43.61,3.18,2.61,256466600,172256700.0,2026-08-06,16:14:52
688311,盟升电子,23.63,23.55,23.33,24.01,23.1,4554002.0,107440000.0,41.38,41.38,-248.87,2.29,2.6,213688100,241712100.0,2026-08-06,16:14:59
688312,燕麦科技,47.11,46.37,45.17,47.84,45.17,6279144.0,292810000.0,69.12,69.12,50.67,4.71,4.28,316861900,311052500.0,2026-08-06,16:14:48
688313,仕佳光子,118.75,114.61,112.6,120.48,111.2,32245352.0,3757740000.0,536.73,536.73,114.11,31.26,7.13,1601566300,1622968900.0,2026-08-06,16:14:57
688314,康拓医疗,33.78,33.54,33.35,34.1,33.14,993289.0,33380000.0,27.57,27.57,31.4,3.86,1.22,49426700,49902200.0,2026-08-06,16:14:56
688315,诺禾致源,13.24,13.35,13.3,13.51,13.0,3318181.0,43940000.0,55.1,55.1,33.91,2.07,0.8,173881500,157936600.0,2026-08-06,16:14:46
688316,青云科技-U,54.83,57.19,54.0,56.88,53.5,6493312.0,360000000.0,26.26,26.26,-45.69,49.42,13.56,308557400,340773800.0,2026-08-06,16:14:35
688317,之江生物,16.64,16.71,16.65,16.76,16.49,1308986.0,21770000.0,31.59,31.59,-72.14,0.97,0.69,63712600,67186000.0,2026-08-06,16:14:34
688318,财富趋势,82.25,81.46,80.41,84.7,79.15,10609076.0,878260000.0,294.92,294.92,97.19,7.81,2.96,570891800,490015800.0,2026-08-06,16:14:34
688319,欧林生物,26.11,24.5,24.5,26.3,24.24,10812588.0,276640000.0,105.85,105.85,187.27,11.41,2.67,567421300,513837500.0,2026-08-06,16:14:45
688320,禾川科技,31.46,31.12,30.88,32.07,30.7,3499858.0,109920000.0,47.51,47.51,-43.69,3.92,2.32,166731200,183254600.0,2026-08-06,16:14:43
688321,微芯生物,27.1,27.35,27.7,27.8,26.88,7839425.0,212930000.0,120.04,110.52,122.01,4.93,1.92,333758400,450184100.0,2026-08-06,16:14:57
688322,奥比中光-W,108.96,109.02,106.8,110.99,106.0,12278448.0,1338830000.0,449.82,348.96,334.21,11.28,3.83,615425400,612419400.0,2026-08-06,16:14:48
688323,瑞华泰,27.05,26.13,25.86,27.4,25.71,17282111.0,460650000.0,54.21,54.21,-56.14,4.77,8.62,911228400,816982700.0,2026-08-06,16:14:56
688325,赛微微电,108.85,106.84,106.13,111.02,105.0,782940.0,84940000.0,94.12,89.45,101.26,5.45,0.95,44910500,33383500.0,2026-08-06,16:14:55
688326,经纬恒润-W,69.92,71.4,70.25,71.96,69.31,2039593.0,143610000.0,83.86,78.05,196.24,2.14,1.83,107522800,96436500.0,2026-08-06,16:14:46
688327,云从科技-UW,11.3,11.49,11.31,11.6,11.17,21487154.0,244260000.0,117.52,94.34,-26.43,15.42,2.57,938895600,1209819800.0,2026-08-06,16:14:38
688328,深科达,73.89,70.48,68.25,74.38,68.25,8895229.0,644030000.0,69.79,69.79,187.71,8.3,9.42,444808800,444714100.0,2026-08-06,16:14:36
688329,艾隆科技,19.22,18.82,18.85,19.52,18.77,1346688.0,25850000.0,14.84,14.84,154.3,2.02,1.74,60980100,73688700.0,2026-08-06,16:14:31
688330,宏力达,33.09,33.91,33.7,33.82,32.86,1028080.0,34250000.0,46.33,46.33,7.34,1.07,0.73,38495400,64312600.0,2026-08-06,16:14:59
688331,荣昌生物,119.16,117.8,128.0,128.0,119.02,15285809.0,1858110000.0,672.63,424.09,52.07,17.12,4.3,703035400,825545500.0,2026-08-06,16:14:44
688332,中科蓝讯,86.74,85.5,83.92,88.87,82.8,5200586.0,448580000.0,154.82,154.82,11.34,3.07,2.91,254110600,265948000.0,2026-08-06,16:14:37
688333,铂力特,100.55,96.2,95.48,103.66,95.02,15228920.0,1519800000.0,275.83,275.83,117.12,5.54,5.55,884704500,638187500.0,2026-08-06,16:14:33
688334,西高院,18.27,18.51,18.5,18.51,18.05,1568668.0,28630000.0,57.84,57.03,22.94,1.99,0.5,75682700,81184100.0,2026-08-06,16:14:35
688335,复洁科技,20.08,19.81,20.08,20.15,19.57,2058701.0,41080000.0,29.73,29.73,-800.05,2.7,1.39,108956100,96914000.0,2026-08-06,16:14:43
688336,三生国健,42.69,42.95,43.62,44.25,41.8,10662906.0,456510000.0,382.6,382.6,12.86,4.59,1.19,473932000,592358600.0,2026-08-06,16:14:48
688337,普源精电,43.79,43.01,42.59,44.49,41.8,3887833.0,169370000.0,95.76,81.41,90.81,3.09,2.09,181512200,207271100.0,2026-08-06,16:14:50
688338,赛科希德,26.95,26.8,26.8,26.96,26.34,742545.0,19840000.0,28.61,28.61,33.35,1.7,0.7,36963700,37290800.0,2026-08-06,16:14:38
688339,亿华通-U,17.48,17.7,17.79,17.86,17.31,2401150.0,42230000.0,42.05,34.22,-6.68,2.18,1.23,128158600,111956400.0,2026-08-06,16:14:47
688343,云天励飞-U,60.47,60.25,59.6,61.65,58.85,10784772.0,649310000.0,217.45,217.45,-46.21,5.85,3.0,537605400,540871800.0,2026-08-06,16:14:49
688345,博力威,54.16,52.79,53.06,55.85,52.3,1923961.0,104370000.0,55.17,54.91,77.49,4.7,1.9,106364300,86031800.0,2026-08-06,16:14:54
688347,华虹宏力,258.1,252.5,242.6,261.99,242.6,23030565.0,5856050000.0,4485.07,1052.4,908.99,9.91,5.65,1181938400,1121118100.0,2026-08-06,16:14:54
688348,昱能科技,32.13,32.6,32.62,32.72,31.8,1605598.0,51700000.0,50.21,50.21,-22.33,1.5,1.03,75368800,85191000.0,2026-08-06,16:14:35
688349,三一重能,15.06,15.16,15.25,15.28,14.81,8890344.0,133220000.0,239.96,235.87,22.16,1.72,0.57,401339700,487694700.0,2026-08-06,16:14:58
688350,富淼科技,29.86,29.55,29.4,29.98,29.11,1957949.0,58050000.0,42.77,42.77,148.2,2.31,1.37,103127200,92667700.0,2026-08-06,16:14:39
688351,微电生理,20.15,20.35,20.46,20.47,19.91,2909365.0,58570000.0,94.83,94.83,152.22,5.28,0.62,131009700,159926800.0,2026-08-06,16:14:36
688352,颀中科技,15.87,15.28,15.02,16.43,14.86,29286400.0,463220000.0,188.79,58.15,-332.67,3.27,7.99,1444556100,1484083900.0,2026-08-06,16:14:54
688353,华盛锂电,94.95,95.3,94.5,97.25,93.3,6051818.0,578730000.0,151.45,151.45,98.75,4.29,3.79,307563300,297618500.0,2026-08-06,16:14:51
688355,明志科技,17.36,17.26,17.11,17.68,17.01,1017196.0,17640000.0,21.52,21.52,30.79,2.06,0.82,54233400,47486200.0,2026-08-06,16:14:32
688356,键凯科技,68.2,68.16,67.24,68.81,67.01,824462.0,56000000.0,41.36,41.36,57.26,3.13,1.36,41308800,41137400.0,2026-08-06,16:14:48
688357,建龙微纳,27.03,27.35,27.17,27.42,26.73,731839.0,19800000.0,27.05,27.05,30.2,1.56,0.73,34497300,38686600.0,2026-08-06,16:14:57
688358,祥生医疗,28.88,28.78,28.5,29.24,28.35,1020877.0,29430000.0,32.38,32.34,26.78,2.39,0.91,44245400,57842300.0,2026-08-06,16:14:54
688359,三孚新科,98.49,93.53,92.42,99.66,91.0,6264575.0,601330000.0,98.17,98.17,-203.88,13.96,6.28,334632000,291825500.0,2026-08-06,16:14:53
688360,德马科技,15.7,15.58,15.49,15.85,15.43,4285949.0,67010000.0,41.41,41.41,41.17,2.84,1.63,207319900,221275000.0,2026-08-06,16:14:47
688361,中科飞测,345.0,341.6,329.01,356.28,327.01,9993994.0,3404760000.0,1214.58,1214.58,21493.18,23.68,2.84,515615800,483783600.0,2026-08-06,16:14:49
688362,甬矽电子,65.59,60.77,59.0,68.38,58.99,42647380.0,2766220000.0,297.14,297.14,354.86,11.31,9.41,2150115500,2114622500.0,2026-08-06,16:14:33
688363,华熙生物,38.08,39.08,39.08,39.08,37.87,3982173.0,152500000.0,183.42,183.42,71.98,2.61,0.83,155983200,242234100.0,2026-08-06,16:14:55
688365,光云科技,16.2,16.01,16.01,17.04,16.0,20460615.0,336450000.0,69.06,69.06,-971.35,7.21,4.8,1055805800,990255700.0,2026-08-06,16:14:54
688366,昊海生科,31.09,31.71,31.61,31.72,30.77,711597.0,22140000.0,71.14,60.33,30.37,1.34,0.37,25089300,46070400.0,2026-08-06,16:14:41
688367,工大高科,30.21,30.15,30.05,31.09,29.58,1516445.0,45870000.0,26.47,26.47,326.0,4.52,1.73,71864600,79779900.0,2026-08-06,16:14:57
688368,晶丰明源,117.7,113.83,113.0,119.99,111.25,3736236.0,434320000.0,239.88,145.6,303.49,4.91,3.02,191056700,182566900.0,2026-08-06,16:14:47
688369,致远互联,23.85,23.74,22.77,25.16,22.66,17006161.0,410850000.0,27.48,27.48,-11.96,3.6,14.76,784077500,916538600.0,2026-08-06,16:14:40
688370,丛麟科技,21.82,21.96,21.72,22.09,21.4,317295.0,6910000.0,29.92,29.92,103.72,1.13,0.23,16407100,15322400.0,2026-08-06,16:14:57
688371,菲沃泰,27.07,25.96,25.33,27.82,25.21,10272996.0,273680000.0,90.81,90.81,3381.33,4.69,3.06,529146000,498153600.0,2026-08-06,16:14:42
688372,伟测科技,121.41,120.68,117.5,124.74,116.95,7944803.0,960720000.0,205.18,205.18,58.94,4.99,4.7,358621200,435859100.0,2026-08-06,16:14:40
688373,盟科药业-U,4.85,4.8,4.78,4.86,4.73,11014110.0,52840000.0,31.83,31.83,-15.8,17.49,1.68,526475400,574935600.0,2026-08-06,16:14:59
688375,国博电子,78.1,79.28,78.1,80.3,77.21,5086098.0,399410000.0,465.49,465.49,103.25,7.49,0.85,232783800,275826000.0,2026-08-06,16:14:41
688376,美埃科技,68.74,66.9,65.9,69.5,65.0,2859432.0,194220000.0,92.97,92.97,83.86,4.8,2.11,152646400,133296800.0,2026-08-06,16:14:41
688377,迪威尔,20.46,20.54,20.5,21.17,20.11,2439576.0,50200000.0,47.79,47.79,41.39,2.55,1.04,115343100,128614500.0,2026-08-06,16:14:46
688378,奥来德,40.2,38.98,38.61,41.2,38.61,9307269.0,372520000.0,105.09,96.87,82.78,5.24,3.86,478733400,451993500.0,2026-08-06,16:14:37
688379,华光新材,49.35,48.09,48.38,50.2,47.3,2720139.0,133330000.0,46.87,44.46,36.14,3.45,3.02,123718700,148295200.0,2026-08-06,16:14:44
688380,中微半导,39.11,38.84,37.73,39.58,37.5,13121034.0,508010000.0,156.58,156.58,52.02,5.04,3.28,656901300,655202100.0,2026-08-06,16:14:56
688381,帝奥微,30.83,29.77,29.18,31.49,28.88,9789947.0,296510000.0,76.3,76.3,-74.06,3.07,3.96,485316200,493678500.0,2026-08-06,16:14:53
688382,益方生物-U,19.01,19.21,19.22,19.47,18.55,18186098.0,345110000.0,110.18,110.18,-36.28,7.34,3.14,874553000,944056800.0,2026-08-06,16:14:50
688383,新益昌,110.18,103.86,103.47,110.18,101.0,3200266.0,339800000.0,111.99,111.99,-95.27,8.92,3.15,159787700,160238900.0,2026-08-06,16:14:58
688385,复旦微电,53.22,52.99,52.01,53.74,51.93,13738340.0,726950000.0,438.38,287.06,179.32,7.03,2.55,684114500,689719500.0,2026-08-06,16:14:36
688386,泛亚微透,54.1,53.3,53.12,54.38,52.08,2336237.0,124870000.0,53.89,49.23,52.5,3.63,2.57,114334200,119289500.0,2026-08-06,16:14:45
688387,信科移动-U,14.18,13.65,13.48,14.48,13.35,67356764.0,949200000.0,484.78,285.98,-200.81,8.26,3.34,3545848700,3189827700.0,2026-08-06,16:14:37
688388,嘉元科技,26.4,26.25,25.75,26.94,25.53,33404308.0,878080000.0,174.22,174.22,113.8,2.16,5.06,1528424600,1812006200.0,2026-08-06,16:14:56
688389,普门科技,10.85,10.97,11.07,11.07,10.76,1604481.0,17420000.0,46.49,46.49,28.52,2.29,0.37,58716400,101731700.0,2026-08-06,16:14:31
688390,固德威,66.31,66.76,66.15,66.89,65.02,6876790.0,452980000.0,161.21,161.21,60.97,5.67,2.83,324476700,363202300.0,2026-08-06,16:14:57
688391,钜泉科技,25.47,25.45,25.26,25.87,25.07,1637591.0,41720000.0,29.44,29.44,77.84,1.6,1.42,87577400,76181700.0,2026-08-06,16:14:55
688392,骄成超声,138.02,134.45,134.33,142.1,132.0,4580269.0,629300000.0,159.74,159.74,110.76,8.71,3.96,214153200,243873700.0,2026-08-06,16:14:57
688393,安必平,18.88,18.81,18.8,19.13,18.53,1331939.0,25080000.0,17.67,17.67,-46.74,1.51,1.42,67376600,65817300.0,2026-08-06,16:14:57
688395,正弦电气,21.72,21.82,21.78,21.97,21.3,1198193.0,25940000.0,18.81,18.81,43.84,2.42,1.38,57205200,62614100.0,2026-08-06,16:14:43
688396,华润微,58.47,58.15,56.6,59.49,56.48,22994451.0,1336140000.0,776.6,776.6,85.59,3.36,1.73,1112763200,1186681900.0,2026-08-06,16:14:41
688398,赛特新材,20.72,20.65,20.57,20.85,20.38,812010.0,16780000.0,34.77,34.77,234.8,3.41,0.48,39038800,42162200.0,2026-08-06,16:14:55
688399,硕世生物,27.72,27.5,27.5,27.84,27.03,1450690.0,39910000.0,34.41,34.41,-104.98,1.17,1.17,74218200,70850800.0,2026-08-06,16:14:53
688400,凌云光,46.88,46.84,46.0,47.67,45.76,13054326.0,611710000.0,223.03,214.47,64.43,3.98,2.85,674240700,631191900.0,2026-08-06,16:14:41
688401,路维光电,69.15,67.88,66.6,69.88,66.0,5963616.0,407830000.0,142.01,133.7,52.39,5.49,3.08,282462700,313898900.0,2026-08-06,16:14:38
688403,汇成股份,23.58,21.7,21.52,24.96,21.47,92355403.0,2163490000.0,234.17,234.17,231.09,5.89,9.3,4702918500,4532621800.0,2026-08-06,16:14:54
688408,中信博,26.97,27.55,27.58,27.66,26.6,4121860.0,111360000.0,59.08,59.08,-35.01,1.46,1.88,201078400,211107600.0,2026-08-06,16:14:50
688409,富创精密,183.8,173.64,167.61,187.31,166.0,12674760.0,2268420000.0,562.82,562.82,787.26,12.46,4.14,643372600,624103400.0,2026-08-06,16:14:43
688410,山外山,11.08,11.2,11.2,11.29,11.01,6902899.0,76960000.0,49.58,49.58,30.35,2.8,1.54,345232300,345057600.0,2026-08-06,16:14:54
688411,海博思创,210.82,212.3,211.0,213.97,208.36,2268669.0,478870000.0,384.65,279.49,36.25,8.13,1.71,109688400,117178500.0,2026-08-06,16:14:40
688416,恒烁股份,70.7,69.8,67.3,72.12,67.3,6680050.0,467930000.0,76.27,76.27,-310.99,5.71,6.19,329111500,338893500.0,2026-08-06,16:14:59
688418,震有科技,36.98,36.48,36.3,38.06,35.86,4011076.0,148750000.0,71.21,71.21,-62.86,8.72,2.08,189382900,211724700.0,2026-08-06,16:14:32
688419,耐科装备,41.39,40.52,39.99,42.1,39.3,4187951.0,171150000.0,47.41,47.41,65.99,4.71,3.66,197189200,221605900.0,2026-08-06,16:14:36
688420,美腾科技,21.52,21.49,21.27,21.74,21.17,370438.0,7940000.0,19.03,19.03,-416.25,1.33,0.42,15772200,21271600.0,2026-08-06,16:14:48
688425,铁建重工,4.25,4.3,4.28,4.3,4.23,18011751.0,76710000.0,226.67,226.67,16.2,1.2,0.34,617002200,1184172900.0,2026-08-06,16:14:57
688426,康为世纪,18.33,18.08,17.88,18.48,17.88,891265.0,16260000.0,20.62,20.57,-20.62,1.54,0.79,37650000,51476500.0,2026-08-06,16:14:49
688428,诺诚健华,27.35,26.83,26.99,27.92,26.3,9485580.0,257880000.0,483.85,74.62,66.25,6.56,3.48,491558100,456999900.0,2026-08-06,16:14:50
688429,时创能源,10.51,10.2,10.2,10.54,10.1,2238238.0,22980000.0,42.04,42.04,-15.39,3.26,0.56,125638300,98185500.0,2026-08-06,16:14:35
688432,有研硅,37.85,32.97,31.35,38.7,31.35,94354886.0,3366890000.0,473.24,473.24,226.81,10.65,7.55,4671306500,4764182100.0,2026-08-06,16:14:51
688433,华曙高科,87.28,79.3,79.96,89.48,78.68,7787708.0,664970000.0,362.72,362.72,567.17,17.06,1.87,423981400,354789400.0,2026-08-06,16:14:31
688435,英方软件,31.79,31.64,31.58,32.6,31.16,2473942.0,78730000.0,26.54,17.82,-182.81,2.45,4.41,129440300,117953900.0,2026-08-06,16:14:45
688439,振华风光,39.77,40.5,40.19,40.32,39.35,2204642.0,87990000.0,79.54,79.54,58.26,1.6,1.1,104226900,116237300.0,2026-08-06,16:14:33
688443,智翔金泰-U,22.94,23.42,23.31,23.52,22.78,3649239.0,83880000.0,84.12,32.89,-14.91,5.86,2.54,160264900,204659000.0,2026-08-06,16:14:31
688448,磁谷科技,50.8,49.29,48.58,51.19,48.58,1857277.0,93410000.0,49.54,49.54,521.48,4.86,1.9,96621000,89106700.0,2026-08-06,16:14:54
688449,联芸科技,56.62,57.43,55.44,57.89,54.8,9395172.0,529320000.0,260.45,166.01,148.14,13.68,3.2,436419200,503098000.0,2026-08-06,16:14:50
688450,光格科技,32.68,31.72,32.2,33.15,31.22,2499814.0,80880000.0,21.57,15.99,-37.47,2.31,5.11,127056200,122925200.0,2026-08-06,16:14:50
688455,科捷智能,14.86,14.6,14.58,14.86,14.51,1971530.0,29010000.0,24.97,24.97,83.15,2.71,1.17,114805200,82347800.0,2026-08-06,16:14:53
688456,有研粉材,82.99,78.54,77.87,85.23,76.89,12110503.0,999240000.0,86.03,86.03,95.71,6.81,11.68,564504400,646545900.0,2026-08-06,16:14:37
688458,美芯晟,33.31,32.64,32.24,33.38,31.9,2338288.0,76800000.0,37.15,31.22,-160.6,2.04,2.49,133750700,100078100.0,2026-08-06,16:14:47
688459,哈铁科技,8.16,8.15,8.12,8.19,8.1,779255.0,6350000.0,39.17,39.17,41.05,1.16,0.16,37978600,39946900.0,2026-08-06,16:14:39
688466,金科环境,13.33,13.29,13.29,13.53,13.12,1384618.0,18440000.0,16.28,16.28,57.04,1.46,1.13,75383500,63078300.0,2026-08-06,16:14:34
688468,科美诊断,6.17,6.15,6.2,6.23,6.07,2092207.0,12830000.0,24.75,24.75,64.57,1.74,0.52,86757600,122463100.0,2026-08-06,16:14:56
688469,芯联集成-U,8.26,8.27,8.16,8.45,8.11,141155613.0,1172200000.0,692.41,484.85,-138.21,5.34,2.4,7106521100,7009040200.0,2026-08-06,16:14:52
688472,阿特斯,10.2,10.47,10.41,10.52,10.08,53026097.0,544030000.0,371.6,371.6,24.97,1.6,1.46,2095023100,3207586600.0,2026-08-06,16:14:59
688475,萤石网络,30.87,31.28,31.08,31.47,30.54,6628343.0,205030000.0,243.1,243.1,36.08,4.13,0.84,352253800,310580500.0,2026-08-06,16:14:45
688478,晶升股份,46.52,44.82,43.53,46.9,43.53,5855521.0,266680000.0,64.37,64.37,-144.46,4.29,4.23,307849500,277702600.0,2026-08-06,16:14:52
688479,友车科技,30.42,30.63,30.32,31.9,29.82,3411312.0,104640000.0,61.24,26.32,128.2,3.32,3.94,145821400,195309800.0,2026-08-06,16:14:56
688480,赛恩斯,79.48,78.75,80.0,84.19,78.8,2023520.0,163700000.0,75.77,75.77,62.85,6.5,2.12,100387700,101964300.0,2026-08-06,16:14:42
688484,南芯科技,35.88,36.2,35.73,36.77,35.35,8210481.0,294130000.0,154.14,154.14,86.38,3.75,1.91,399815500,421232600.0,2026-08-06,16:14:43
688485,九州一轨,54.97,54.0,53.0,56.7,52.13,5962239.0,329290000.0,82.62,82.62,-646.48,6.61,3.97,346316400,249907500.0,2026-08-06,16:14:36
688486,龙迅股份,45.26,45.48,44.62,46.07,44.39,3494633.0,157760000.0,84.58,84.57,46.6,5.74,1.87,158598400,190864900.0,2026-08-06,16:14:45
688488,艾迪药业,16.16,15.48,15.45,16.36,15.25,14312170.0,225180000.0,68.0,68.0,-247.19,6.98,3.4,778772700,652444300.0,2026-08-06,16:14:38
688489,三未信安,23.98,23.46,23.34,24.35,23.34,1488129.0,35510000.0,40.66,40.35,-126.09,2.24,0.88,70880600,77932300.0,2026-08-06,16:14:43
688496,*ST清越,0.88,0.89,0.89,0.91,0.87,6129718.0,5440000.0,3.96,2.09,-3.43,0.44,2.58,175289800,437682000.0,2026-08-06,16:14:42
688498,源杰科技,1333.0,1298.0,1258.09,1367.8,1239.33,5037630.0,6599990000.0,1659.59,1638.15,466.12,67.33,4.1,252734400,251028600.0,2026-08-06,16:14:32
688499,利元亨,36.28,36.55,36.13,36.91,35.76,3616462.0,131460000.0,61.21,61.21,106.34,2.61,2.14,157953100,203693100.0,2026-08-06,16:14:50
688500,慧辰股份,35.91,35.89,34.44,36.49,34.44,2496193.0,89470000.0,27.29,26.9,-54.89,3.7,3.33,126464200,123155100.0,2026-08-06,16:14:59
688501,DR青达环,13.29,13.26,13.3,13.53,13.05,3183090.0,42170000.0,23.11,23.11,17.19,2.07,1.83,150049800,168259200.0,2026-08-06,16:14:53
688502,茂莱光学,379.02,372.99,368.16,388.67,357.78,2054718.0,772800000.0,200.13,200.13,1077.02,16.98,3.89,101174800,104297000.0,2026-08-06,16:14:34
688503,聚和材料,72.97,65.89,64.77,73.02,64.01,20415041.0,1402510000.0,176.61,176.61,28.5,3.39,8.43,1068716200,972787900.0,2026-08-06,16:14:46
688505,复旦张江,7.42,7.5,7.43,7.54,7.36,4079657.0,30320000.0,76.91,52.72,-50.47,3.62,0.57,173006600,234959100.0,2026-08-06,16:14:46
688506,百利天恒,301.97,289.91,289.39,301.97,287.77,2094111.0,619860000.0,1246.76,1246.76,-96.15,22.09,0.51,114040500,95370600.0,2026-08-06,16:14:55
688507,索辰科技,179.36,174.53,169.55,182.39,169.13,10242081.0,1816710000.0,159.83,88.31,1211.5,5.8,20.8,499243100,524965000.0,2026-08-06,16:14:31
688508,芯朋微,77.45,73.78,73.34,79.5,72.1,8539449.0,656530000.0,102.56,102.56,64.52,3.73,6.45,445530200,408414700.0,2026-08-06,16:14:56
688509,正元地信,4.17,4.17,4.13,4.2,4.08,5955821.0,24670000.0,32.11,16.05,-18.25,2.91,1.55,259920400,335661700.0,2026-08-06,16:14:52
688510,航亚科技,21.94,21.46,21.64,22.07,21.1,8644662.0,186380000.0,57.03,57.03,62.47,4.83,3.33,424723800,439742400.0,2026-08-06,16:14:43
688511,天微电子,22.42,21.84,21.82,22.88,21.5,1961952.0,43650000.0,29.97,29.97,126.66,3.65,1.47,105325700,90869500.0,2026-08-06,16:14:51
688512,慧智微-U,13.5,12.6,12.5,13.98,12.25,20818307.0,277630000.0,63.84,43.82,-21.35,4.0,6.41,1197909300,883921400.0,2026-08-06,16:14:53
688513,苑东生物,45.66,45.54,45.83,46.45,44.78,2457157.0,112210000.0,80.6,80.6,29.39,2.78,1.39,116517900,129197800.0,2026-08-06,16:14:53
688515,裕太微-U,153.61,149.79,145.02,157.37,144.1,5435880.0,820890000.0,122.89,76.53,-105.69,8.38,10.91,283404600,260183400.0,2026-08-06,16:14:52
688516,奥特维,40.88,40.97,40.58,41.22,40.11,6681024.0,272500000.0,128.67,128.67,32.34,3.79,2.12,316538900,351563500.0,2026-08-06,16:14:58
688517,金冠电气,15.64,15.69,15.69,15.8,15.3,2136249.0,33220000.0,21.37,21.37,28.1,2.88,1.56,105056600,108568300.0,2026-08-06,16:14:48
688518,联赢激光,19.59,19.8,19.6,20.02,19.33,11160068.0,219360000.0,66.87,66.87,40.21,2.05,3.27,519514200,596492600.0,2026-08-06,16:14:52
688519,南亚新材,259.64,252.16,245.0,269.98,240.58,8135813.0,2110520000.0,610.62,610.62,165.33,21.69,3.46,379376300,434205000.0,2026-08-06,16:14:47
688520,神州细胞,35.02,36.22,36.21,36.59,34.78,3228570.0,114120000.0,164.71,155.96,-20.48,232.57,0.72,134173600,188683400.0,2026-08-06,16:14:56
688521,芯原股份,217.17,215.16,210.0,220.2,207.0,16695965.0,3585200000.0,1142.13,1142.13,-176.17,36.29,3.17,825837600,843758900.0,2026-08-06,16:14:55
688522,纳睿雷达,19.61,19.81,19.75,19.97,19.47,3173816.0,62520000.0,83.15,33.77,72.8,3.58,1.84,136299300,181082300.0,2026-08-06,16:14:54
688523,航天环宇,45.9,45.33,44.96,47.5,44.01,5412462.0,249630000.0,186.76,186.76,476.67,11.11,1.33,264339500,276906700.0,2026-08-06,16:14:32
688525,佰维存储,232.94,233.07,222.0,237.7,219.48,37418082.0,8538320000.0,1098.47,1098.47,27.81,12.82,7.93,1824691500,1917116700.0,2026-08-06,16:14:48
688526,科前生物,12.84,12.89,12.86,12.89,12.71,1205136.0,15430000.0,59.85,59.85,15.36,1.49,0.26,50111800,70401800.0,2026-08-06,16:14:49
688528,秦川物联,9.35,9.22,9.22,9.42,9.1,1416348.0,13130000.0,15.71,15.71,-14.34,3.53,0.84,69474200,72160600.0,2026-08-06,16:14:57
688529,豪森智能,15.95,15.43,15.66,16.09,15.16,2678942.0,42240000.0,26.82,26.82,-2.67,2.71,1.59,143927200,123967000.0,2026-08-06,16:14:48
688530,欧莱新材,58.5,51.25,51.0,59.27,51.0,19538213.0,1097550000.0,93.63,40.82,4961.33,11.05,28.0,908595300,1045226000.0,2026-08-06,16:14:31
688531,日联科技,128.19,127.68,125.0,131.27,124.66,4684973.0,601090000.0,212.27,147.13,114.83,6.39,4.08,220461300,248036000.0,2026-08-06,16:14:55
688533,上声电子,21.62,21.81,21.79,22.07,21.23,1112000.0,24070000.0,35.67,35.67,19.86,2.08,0.67,63131500,48068500.0,2026-08-06,16:15:00
688535,华海诚科,98.9,95.85,93.94,100.52,92.5,10185386.0,990500000.0,141.7,132.06,463.51,6.46,7.63,540635900,477902700.0,2026-08-06,16:14:43
688536,思瑞浦,243.17,238.66,231.88,245.0,231.88,3417464.0,817980000.0,335.76,329.86,127.75,5.3,2.52,180667200,161079200.0,2026-08-06,16:14:37
688538,和辉光电-U,2.4,2.43,2.42,2.43,2.38,68354361.0,164110000.0,331.43,138.05,-17.14,4.37,1.19,2413193100,4422243000.0,2026-08-06,16:14:39
688539,高华科技,26.39,26.2,26.0,26.99,25.8,3440091.0,90840000.0,49.06,49.06,93.49,2.86,1.85,171356800,172652300.0,2026-08-06,16:14:34
688543,国科军工,38.3,38.49,38.38,38.68,37.82,5915599.0,226190000.0,95.98,95.98,40.39,4.25,2.36,248521500,343038400.0,2026-08-06,16:14:38
688545,兴福电子,80.4,75.98,73.51,80.58,72.88,21948976.0,1712750000.0,289.44,146.53,133.02,9.95,12.04,1123467500,1071430100.0,2026-08-06,16:14:53
688548,广钢气体,37.16,34.75,34.0,39.67,33.77,45021583.0,1660390000.0,490.29,256.85,152.73,8.15,6.51,2228803000,2273355300.0,2026-08-06,16:14:35
688549,中巨芯-U,27.85,23.21,22.87,27.85,22.75,189752698.0,4944340000.0,411.42,164.13,-4553.3,13.67,32.2,9503823800,9471446000.0,2026-08-06,16:14:33
688550,瑞联新材,39.13,39.23,38.4,39.45,38.06,3850119.0,149640000.0,68.9,68.9,22.42,2.14,2.19,169481300,215530600.0,2026-08-06,16:14:47
688551,科威尔,38.92,38.1,37.92,39.43,37.29,3372321.0,129560000.0,42.42,42.42,83.42,3.26,3.09,167583800,169648300.0,2026-08-06,16:14:53
688552,航天南湖,26.88,26.74,26.31,27.07,26.23,2899049.0,77370000.0,90.65,90.65,-317.72,3.52,0.86,133049800,156855100.0,2026-08-06,16:14:38
688553,汇宇制药-W,11.07,11.03,11.07,11.14,10.82,8217033.0,90380000.0,69.29,56.17,307.48,1.87,1.62,408374900,413328400.0,2026-08-06,16:14:58
688556,高测股份,8.64,8.65,8.61,8.77,8.51,18936291.0,163610000.0,71.78,71.78,-430.51,1.84,2.28,897623500,996005600.0,2026-08-06,16:14:52
688557,兰剑智能,19.91,19.88,19.7,20.0,19.48,1108262.0,21930000.0,29.53,29.53,26.6,2.47,0.75,56313800,54512400.0,2026-08-06,16:14:45
688558,国盛智科,30.72,30.04,30.21,30.78,29.72,1507106.0,45840000.0,40.55,40.55,24.78,2.45,1.14,78398500,72312100.0,2026-08-06,16:14:53
688559,海目星,47.1,47.2,46.22,48.23,46.22,11156020.0,525470000.0,116.69,116.69,-17.53,4.82,4.5,515591000,600011000.0,2026-08-06,16:14:36
688560,明冠新材,11.79,11.8,11.86,11.87,11.55,3141114.0,36890000.0,23.73,23.73,-17.65,0.93,1.56,155576900,158534500.0,2026-08-06,16:14:50
688561,奇安信-U,28.0,27.17,26.79,28.33,26.69,15987880.0,441610000.0,191.03,191.03,-15.19,2.71,2.34,805231300,793556700.0,2026-08-06,16:14:35
688562,航天软件,14.47,14.47,14.3,14.72,14.25,4143531.0,59990000.0,57.88,57.88,-227.06,3.47,1.04,228505700,185847400.0,2026-08-06,16:14:40
688563,航材股份,51.9,52.78,52.66,52.84,51.66,2142498.0,111680000.0,233.22,70.35,44.8,2.25,1.58,84311400,129938400.0,2026-08-06,16:14:59
688565,力源科技,10.84,10.32,10.37,10.87,10.15,3319994.0,34550000.0,16.23,16.23,245.55,3.29,2.22,162406200,169593200.0,2026-08-06,16:14:52
688566,吉贝尔,24.55,24.87,24.81,24.86,24.34,1178991.0,29030000.0,49.37,49.37,19.43,2.02,0.59,50843200,67055900.0,2026-08-06,16:14:37
688567,孚能科技,10.19,10.32,10.26,10.3,10.1,11159892.0,113790000.0,124.53,124.53,-16.97,1.36,0.91,529136500,586852700.0,2026-08-06,16:14:35
688568,中科星图,36.76,37.02,36.51,37.55,36.18,12483823.0,459590000.0,297.05,297.05,-211.88,8.19,1.54,623834000,624548300.0,2026-08-06,16:14:58
688569,铁科轨道,16.79,16.78,16.8,16.88,16.57,657795.0,11010000.0,35.37,35.37,21.13,1.22,0.31,31960100,33819400.0,2026-08-06,16:14:34
688570,天玛智控,14.71,14.81,14.73,14.9,14.5,711465.0,10460000.0,63.69,27.68,112.91,1.49,0.38,28384800,42761700.0,2026-08-06,16:14:58
688571,杭华股份,9.53,8.71,8.75,9.55,8.72,17280522.0,159600000.0,40.42,40.42,37.38,2.46,4.07,974933000,753119200.0,2026-08-06,16:14:58
688573,信宇人,15.78,15.92,15.92,16.02,15.54,1761701.0,27820000.0,15.43,8.4,-3.21,4.46,3.31,93997700,82172400.0,2026-08-06,16:14:59
688575,亚辉龙,9.1,9.26,9.2,9.28,9.0,6972113.0,63650000.0,52.0,52.0,166.96,1.93,1.22,261252600,435958700.0,2026-08-06,16:14:55
688576,西山科技,38.99,39.35,39.29,39.49,38.3,392887.0,15270000.0,26.37,12.6,55.27,1.54,1.22,17885300,21403400.0,2026-08-06,16:14:32
688577,浙海德曼,42.15,41.76,41.89,42.6,41.03,1139855.0,47730000.0,65.67,65.67,101.92,6.63,0.73,57350800,56634700.0,2026-08-06,16:14:54
688578,艾力斯,110.72,111.12,112.89,112.9,107.65,8390806.0,921130000.0,498.24,498.24,20.63,6.67,1.86,444111300,394969300.0,2026-08-06,16:14:42
688579,地纬智能,8.14,8.08,8.08,8.27,8.0,3829105.0,31220000.0,32.56,32.56,93.21,2.38,0.96,200667500,182243000.0,2026-08-06,16:15:00
688580,伟思医疗,49.1,49.14,49.15,49.3,48.05,1251514.0,60970000.0,47.02,47.02,28.26,2.85,1.31,53396400,71755000.0,2026-08-06,16:14:49
688581,安杰思,53.36,53.7,53.39,53.86,53.05,450970.0,24070000.0,43.08,21.97,19.38,1.74,1.1,19761000,25336000.0,2026-08-06,16:14:46
688582,芯动联科,41.76,41.25,40.8,41.85,40.3,5353254.0,221550000.0,167.77,167.77,64.13,6.93,1.33,285844900,249480500.0,2026-08-06,16:14:56
688583,思看科技,75.6,79.26,78.0,80.48,75.33,1783268.0,138420000.0,93.56,32.6,122.79,7.98,4.14,58441200,119885600.0,2026-08-06,16:14:53
688584,上海合晶,28.74,27.04,26.63,29.06,26.26,25226703.0,704690000.0,192.33,98.66,162.04,4.61,7.35,1284862500,1237807800.0,2026-08-06,16:14:58
688585,上纬新材,163.88,159.79,157.88,165.4,156.04,5253181.0,853990000.0,661.03,661.03,-2933.53,50.83,1.3,300842500,224475600.0,2026-08-06,16:14:36
688586,江航装备,10.72,10.84,10.77,10.88,10.52,6297725.0,67340000.0,84.83,84.83,166.59,3.43,0.8,285930700,343841800.0,2026-08-06,16:14:45
688588,凌志软件,10.07,9.92,9.83,10.23,9.83,5309802.0,53350000.0,39.27,39.27,102.35,3.85,1.36,271259200,259721000.0,2026-08-06,16:14:58
688589,力合微,17.9,18.16,17.9,18.04,17.58,4964543.0,88320000.0,26.01,26.01,607.49,2.78,3.42,272521700,223932600.0,2026-08-06,16:14:32
688590,新致软件,13.74,13.69,13.51,14.32,13.4,11720566.0,163140000.0,42.99,38.68,-30.41,2.41,4.16,619723400,552333200.0,2026-08-06,16:14:45
688591,泰凌微,28.54,28.6,28.41,28.84,27.9,4060495.0,115540000.0,68.94,48.31,69.04,2.87,2.4,198017100,208032400.0,2026-08-06,16:14:57
688592,司南导航,24.3,24.01,23.85,24.3,23.67,895441.0,21490000.0,28.22,13.45,149.3,2.99,1.62,43925900,45618200.0,2026-08-06,16:15:00
688593,新相微,30.28,31.63,31.0,32.5,30.05,21304823.0,665910000.0,139.15,139.15,1133.93,9.07,4.64,943412400,1187069900.0,2026-08-06,16:14:43
688595,芯海科技,28.29,28.47,28.01,28.64,27.83,3883221.0,109630000.0,40.76,40.76,-33.86,6.3,2.69,191532200,196789900.0,2026-08-06,16:14:57
688596,正帆科技,61.0,57.42,57.3,62.59,57.12,46506397.0,2824630000.0,177.39,177.39,232.55,5.02,15.99,2203488100,2447151600.0,2026-08-06,16:14:50
688597,煜邦电力,6.73,6.64,6.66,6.83,6.52,6899176.0,46380000.0,22.62,22.62,48.01,2.84,2.05,385729000,304188600.0,2026-08-06,16:14:52
688598,金博股份,28.96,27.91,27.76,29.18,27.38,15514250.0,442190000.0,60.11,58.96,-4.72,1.56,7.62,786492000,764933000.0,2026-08-06,16:14:31
688599,天合光能,13.83,14.3,14.21,14.44,13.77,34967195.0,489150000.0,323.98,323.98,-5.41,1.59,1.49,1461832700,2034886800.0,2026-08-06,16:14:37
688600,皖仪科技,27.22,27.44,28.0,28.0,26.6,7979265.0,217960000.0,36.67,36.67,50.4,4.71,5.92,420902100,377024400.0,2026-08-06,16:15:00
688601,力芯微,40.1,39.17,38.89,40.87,38.31,4443948.0,176870000.0,53.61,53.61,208.48,4.34,3.32,217799200,226595600.0,2026-08-06,16:15:00
688602,康鹏科技,6.56,6.63,6.59,6.61,6.49,5127324.0,33570000.0,34.07,34.07,-31.72,1.26,0.99,226763500,285968900.0,2026-08-06,16:14:44
688603,天承科技,105.68,98.78,96.58,106.47,95.86,7042652.0,723070000.0,131.81,131.81,134.99,10.93,5.65,323284300,380980900.0,2026-08-06,16:14:37
688605,先锋精科,74.7,72.33,69.0,75.2,68.8,8021628.0,581180000.0,151.18,80.94,88.06,9.16,7.4,422075800,380087000.0,2026-08-06,16:14:38
688606,奥泰生物,45.0,44.75,44.68,45.18,44.2,357307.0,15980000.0,35.68,35.68,20.0,0.94,0.45,15123000,20607700.0,2026-08-06,16:14:44
688607,康众医疗,44.59,41.91,42.26,45.1,41.33,4827628.0,209850000.0,39.3,35.37,-200.59,4.68,6.09,235493300,247269500.0,2026-08-06,16:14:48
688608,恒玄科技,113.98,116.17,113.5,116.1,112.69,5817854.0,664600000.0,270.0,270.0,54.82,3.89,2.46,261193900,320591500.0,2026-08-06,16:14:52
688609,九联科技,9.44,9.4,9.3,9.52,9.2,17992127.0,169000000.0,49.27,47.2,-35.4,5.11,3.6,963807400,835405300.0,2026-08-06,16:14:43
688610,埃科光电,149.99,143.43,142.48,154.43,139.0,2170028.0,320500000.0,101.99,61.39,129.85,6.57,5.3,117902100,99100700.0,2026-08-06,16:14:56
688611,杭州柯林,59.83,61.37,60.93,62.0,58.92,1261589.0,76080000.0,91.77,91.77,-853.37,10.64,0.82,58123900,68035000.0,2026-08-06,16:14:58
688612,威迈斯,32.88,30.97,30.7,33.64,30.52,6947623.0,226000000.0,137.83,84.4,23.42,3.96,2.71,390784300,303978000.0,2026-08-06,16:14:32
688613,XD奥精医,15.01,14.98,15.19,15.19,14.7,2025193.0,30300000.0,20.56,20.56,144.73,1.44,1.48,105601100,96918200.0,2026-08-06,16:14:56
688615,合合信息,121.56,122.8,120.0,124.88,119.19,9361337.0,1141810000.0,238.26,164.52,48.3,8.33,6.92,442450400,493683300.0,2026-08-06,16:14:31
688616,西力科技,10.5,10.43,10.43,10.57,10.37,2042651.0,21380000.0,18.83,18.83,18.53,2.2,1.14,107372800,96892300.0,2026-08-06,16:14:51
688617,惠泰医疗,209.71,214.97,214.15,216.79,209.12,1075706.0,227790000.0,296.8,296.8,34.24,10.32,0.76,46000300,61570300.0,2026-08-06,16:14:51
688618,三旺通信,28.56,28.33,28.02,28.78,27.86,2893378.0,81950000.0,31.43,31.43,115.79,3.9,2.63,160426500,128911300.0,2026-08-06,16:14:55
688619,罗普特,14.03,13.72,13.62,14.13,13.53,3408469.0,47390000.0,26.02,26.02,-12.23,3.96,1.84,192336300,148510600.0,2026-08-06,16:14:30
688620,安凯微,15.13,14.35,14.09,15.47,14.06,20526571.0,306330000.0,59.31,59.31,-43.02,4.65,5.24,1044993000,1007664100.0,2026-08-06,16:14:32
688621,阳光诺和,60.46,60.88,61.25,61.39,59.5,1730311.0,104810000.0,67.72,67.72,34.74,5.49,1.54,89025600,84005500.0,2026-08-06,16:14:51
688622,*ST禾信,110.58,108.2,107.0,116.87,101.66,728747.0,78170000.0,77.92,77.92,-81.67,26.33,1.03,44641400,28233300.0,2026-08-06,16:14:33
688623,双元科技,60.15,59.67,59.6,60.35,59.3,460406.0,27570000.0,51.44,21.37,92.17,2.46,1.3,27039300,19001300.0,2026-08-06,16:14:46
688625,呈和科技,54.38,53.8,52.85,56.0,52.4,4596515.0,249370000.0,141.21,141.21,47.95,9.49,1.77,234490500,225161000.0,2026-08-06,16:14:44
688626,翔宇医疗,44.44,44.68,44.33,44.93,43.75,2079178.0,92120000.0,71.1,71.1,88.3,3.42,1.3,89563300,118354500.0,2026-08-06,16:14:52
688627,精智达,436.72,429.7,418.53,455.0,418.4,4418235.0,1921030000.0,411.08,411.08,427.37,23.82,4.69,231438800,210384700.0,2026-08-06,16:14:39
688628,优利德,66.5,64.63,63.6,67.8,63.12,4378254.0,288370000.0,74.33,74.33,44.06,5.95,3.92,240931300,196894100.0,2026-08-06,16:14:59
688629,华丰科技,146.99,143.44,140.02,150.5,139.18,17680915.0,2574760000.0,688.29,677.61,159.37,23.77,3.84,916703400,851388100.0,2026-08-06,16:14:41
688630,芯碁微装,392.62,361.0,353.78,397.99,350.02,7423349.0,2836940000.0,575.21,517.24,166.03,24.72,5.63,368770900,373564000.0,2026-08-06,16:14:43
688631,莱斯信息,42.65,43.05,42.55,43.66,42.28,1088453.0,46760000.0,69.72,69.72,121.39,3.72,0.67,49395200,59450100.0,2026-08-06,16:14:52
688633,星球石墨,23.81,23.6,23.6,24.13,23.36,3388983.0,80650000.0,40.57,40.57,17.99,2.43,1.99,155080300,183818000.0,2026-08-06,16:14:49
688636,智明达,19.23,19.0,18.81,19.48,18.6,9494167.0,181310000.0,33.44,33.44,29.94,2.39,5.46,424242500,525174200.0,2026-08-06,16:14:58
688638,誉辰智能,32.1,31.66,31.66,32.59,31.56,489957.0,15700000.0,17.98,8.49,-11.92,2.35,1.85,29004800,19990900.0,2026-08-06,16:14:44
688639,华恒生物,17.07,17.2,17.1,17.3,16.85,5086385.0,86480000.0,42.69,42.69,34.59,1.61,2.03,206178900,302459600.0,2026-08-06,16:14:40
688646,ST逸飞,73.5,69.32,69.34,73.5,69.34,1588178.0,114280000.0,69.21,44.64,-84.39,4.89,2.62,94663300,64154500.0,2026-08-06,16:14:38
688648,中邮科技,31.41,31.62,31.32,31.9,30.87,1583964.0,49830000.0,42.72,21.84,6.91,1.98,2.28,80753900,77642500.0,2026-08-06,16:14:48
688651,盛邦安全,23.83,22.74,22.62,23.9,22.57,2055797.0,47910000.0,24.42,11.2,-48.88,2.68,4.37,103208200,102371500.0,2026-08-06,16:14:45
688652,京仪装备,140.29,139.5,134.37,144.33,131.73,6466523.0,897850000.0,235.69,169.4,148.71,10.59,5.36,315561300,331091000.0,2026-08-06,16:14:55
688653,康希通信,13.1,12.46,12.24,13.13,12.16,18888431.0,239210000.0,55.61,41.45,-650.24,3.86,5.97,927223600,961619500.0,2026-08-06,16:14:45
688655,迅捷兴,34.1,33.16,32.08,34.9,32.08,8256589.0,279030000.0,45.49,45.49,-198.85,6.97,6.19,429243100,396415800.0,2026-08-06,16:14:52
688656,浩欧博,86.04,87.03,86.88,86.88,84.8,314269.0,27010000.0,54.65,54.65,251.4,6.71,0.49,15495200,15931700.0,2026-08-06,16:14:54
688657,浩辰软件,32.45,32.13,31.7,33.34,31.7,1881130.0,61200000.0,30.96,19.37,64.25,2.24,3.15,84277900,103835100.0,2026-08-06,16:14:57
688658,悦康药业,12.32,12.57,12.6,12.66,12.2,11034130.0,137070000.0,55.44,55.44,-22.52,1.69,2.45,486986900,616426100.0,2026-08-06,16:14:48
688659,元琛科技,9.74,9.44,9.47,9.81,9.38,2694888.0,25910000.0,15.58,15.58,-53.73,3.01,1.68,140164100,129324700.0,2026-08-06,16:14:49
688660,电气风电,8.94,9.17,9.15,9.44,8.9,26700154.0,243390000.0,119.2,119.2,-11.12,3.07,2.0,1184785600,1485229800.0,2026-08-06,16:14:39
688661,和林微纳,104.0,96.92,94.98,112.0,93.93,8304997.0,857410000.0,157.96,157.96,-1648.44,13.13,5.47,463683000,366816700.0,2026-08-06,16:14:46
688662,富信科技,83.8,78.65,76.05,84.5,76.05,16213428.0,1317280000.0,96.12,96.12,241.75,13.67,14.13,794788600,826554200.0,2026-08-06,16:14:53
688663,新风光,53.8,52.75,52.47,54.66,51.31,5539349.0,294480000.0,106.12,106.12,148.41,7.83,2.81,293068300,260866600.0,2026-08-06,16:14:59
688665,四方光电,45.63,45.47,45.38,45.65,44.55,368273.0,16650000.0,46.17,46.17,34.59,4.03,0.36,18972600,17854700.0,2026-08-06,16:15:00
688667,菱电电控,91.57,88.5,89.38,91.57,87.05,721871.0,64880000.0,48.25,48.25,32.26,2.71,1.37,34165600,38021500.0,2026-08-06,16:14:43
688668,鼎通科技,232.0,227.28,223.93,238.5,219.1,5725211.0,1316870000.0,323.11,323.11,104.6,15.39,4.11,279465000,293056100.0,2026-08-06,16:14:42
688669,聚石化学,63.36,59.53,59.4,63.36,58.71,4588368.0,281850000.0,76.88,76.88,-34.47,7.08,3.78,238279200,220557600.0,2026-08-06,16:14:40
688670,金迪克,14.8,14.79,14.75,15.1,14.62,1345486.0,19980000.0,18.23,18.23,-9.95,1.69,1.09,68285700,66262900.0,2026-08-06,16:14:42
688671,碧兴物联,23.6,23.71,23.64,23.95,23.06,1622515.0,38240000.0,18.53,11.06,-20.07,1.85,3.46,73869000,88382500.0,2026-08-06,16:14:56
688676,金盘科技,68.36,69.68,68.0,69.29,67.1,11329208.0,770580000.0,314.31,314.31,47.28,6.47,2.46,462782400,670138400.0,2026-08-06,16:14:49
688677,海泰新光,72.06,71.95,70.81,73.68,70.2,4079599.0,293840000.0,86.38,86.38,50.44,6.58,3.4,205986800,201973100.0,2026-08-06,16:14:45
688678,福立旺,17.88,17.16,16.98,18.11,16.8,16057771.0,283780000.0,72.08,72.08,83.19,3.12,3.98,932297400,673479700.0,2026-08-06,16:14:36
688679,通源环境,36.28,38.0,37.05,38.0,35.82,4016244.0,147670000.0,47.78,47.78,-123.36,4.35,3.05,187024000,214600400.0,2026-08-06,16:14:31
688680,海优新材,34.94,35.56,35.4,35.4,34.32,1914587.0,66640000.0,34.09,34.09,-7.2,2.2,1.96,104046200,87412500.0,2026-08-06,16:14:48
688681,科汇股份,16.2,16.06,16.14,16.33,16.05,1541282.0,24940000.0,16.96,16.96,33.9,2.82,1.47,72952900,81175300.0,2026-08-06,16:14:41
688682,霍莱沃,31.36,31.04,31.1,31.55,30.3,1214751.0,37790000.0,31.94,31.94,-151.78,5.34,1.19,62621300,58853800.0,2026-08-06,16:14:59
688683,莱尔科技,29.87,29.28,28.93,30.04,28.67,1636617.0,48100000.0,48.12,48.12,107.09,4.02,1.02,88035700,75626000.0,2026-08-06,16:14:49
688685,迈信林,43.18,44.6,43.7,44.18,42.22,4591007.0,197680000.0,63.41,63.41,-312.44,7.98,3.13,199039700,260061000.0,2026-08-06,16:14:35
688686,奥普特,115.98,114.08,112.82,118.0,110.43,1830998.0,210530000.0,141.77,141.77,73.76,4.63,1.5,86700700,96399100.0,2026-08-06,16:14:52
688687,凯因科技,16.41,16.6,16.51,16.59,16.23,1787418.0,29370000.0,28.05,28.05,253.54,1.67,1.05,75154300,103587500.0,2026-08-06,16:14:53
688689,银河微电,38.6,37.13,36.96,38.87,36.51,9037100.0,342470000.0,55.93,55.93,60.72,4.25,6.24,480181100,423528900.0,2026-08-06,16:14:31
688690,纳微科技,38.1,37.58,37.82,39.1,37.5,10358382.0,396650000.0,153.85,153.85,87.95,7.68,2.57,553663400,482174800.0,2026-08-06,16:14:57
688691,灿芯股份,65.8,64.6,63.58,66.81,62.88,6576154.0,427590000.0,78.96,48.01,-69.85,6.55,9.01,320401500,337213900.0,2026-08-06,16:14:43
688692,达梦数据,239.8,244.0,239.01,245.95,237.88,1755427.0,424380000.0,271.55,177.85,47.65,7.2,2.37,82508800,93033900.0,2026-08-06,16:14:49
688693,锴威特,77.82,64.85,77.82,77.82,77.82,454011.0,35330000.0,57.34,30.28,-59.75,7.38,1.17,14000,45387100.0,2026-08-06,16:14:42
688695,中创股份,19.45,19.2,19.27,19.64,19.09,1292013.0,25030000.0,16.54,10.39,-45.62,2.17,2.42,65535000,63666300.0,2026-08-06,16:14:33
688696,极米科技,66.7,67.08,67.38,69.54,66.08,1190329.0,80610000.0,46.7,46.7,35.63,1.6,1.7,61756800,57276100.0,2026-08-06,16:14:46
688697,纽威数控,14.05,14.27,14.1,14.57,13.76,11396425.0,160810000.0,89.96,89.96,29.06,5.27,1.78,481260000,658382500.0,2026-08-06,16:14:41
688698,伟创电气,49.22,49.61,49.0,50.39,48.64,3548159.0,175520000.0,105.84,105.84,41.6,4.51,1.65,171059900,183756000.0,2026-08-06,16:14:50
688699,明微电子,59.8,55.4,55.57,59.8,54.51,5887749.0,339930000.0,65.82,65.82,626.38,5.42,5.35,310322000,278452900.0,2026-08-06,16:14:44
688700,东威科技,58.02,56.25,55.77,58.67,54.54,13081823.0,746670000.0,173.13,173.13,116.79,9.53,4.38,608862000,699320300.0,2026-08-06,16:14:41
688701,卓锦股份,7.68,7.74,7.69,7.83,7.53,2303403.0,17660000.0,10.31,10.31,-14.43,7.94,1.72,112010000,118330300.0,2026-08-06,16:14:38
688702,盛科通信-U,390.02,350.44,339.37,420.53,338.28,13264254.0,4977830000.0,1599.08,791.71,-1053.58,71.65,6.53,680906300,645519100.0,2026-08-06,16:14:59
688707,振华新材,10.81,10.76,10.86,10.99,10.64,6491346.0,70220000.0,54.99,54.99,-12.78,1.41,1.28,271918500,377216100.0,2026-08-06,16:14:44
688708,佳驰科技,46.4,47.1,47.06,47.36,46.38,1076992.0,50440000.0,185.82,66.23,42.09,5.55,0.75,62228100,45471100.0,2026-08-06,16:14:47
688709,成都华微,26.29,26.4,26.06,26.64,25.85,5567641.0,146150000.0,167.43,58.3,259.09,5.81,2.51,283862100,272902000.0,2026-08-06,16:14:45
688710,益诺思,77.88,77.4,77.86,80.24,76.0,2586649.0,202230000.0,109.79,70.63,-460.82,4.7,2.85,135975600,122689300.0,2026-08-06,16:14:35
688711,宏微科技,24.49,24.3,24.0,24.98,23.81,9375903.0,228750000.0,53.08,53.08,313.35,5.04,4.33,459453700,478136600.0,2026-08-06,16:14:37
688716,中研股份,29.06,29.1,28.29,29.48,28.2,2527624.0,73120000.0,35.36,20.32,2538.59,3.06,3.61,127532200,125230200.0,2026-08-06,16:14:35
688717,艾罗能源,59.11,59.03,58.9,59.39,57.62,5275770.0,308690000.0,94.58,58.55,66.78,2.13,5.33,266883600,260693400.0,2026-08-06,16:14:30
688718,唯赛勃,13.24,13.18,13.12,13.42,13.04,1389814.0,18370000.0,23.01,23.01,45.73,2.85,0.8,71739700,67241700.0,2026-08-06,16:14:48
688719,爱科赛博,47.7,46.84,47.52,48.2,46.41,3998892.0,189500000.0,55.04,42.8,-130.74,3.27,4.46,188743600,211145600.0,2026-08-06,16:14:50
688720,艾森股份,62.38,60.15,59.15,63.58,58.87,7098010.0,434860000.0,76.5,48.77,144.1,7.47,9.08,346985800,362815200.0,2026-08-06,16:14:40
688721,龙图光罩,39.23,38.12,37.15,39.39,37.1,4522865.0,173790000.0,52.37,21.64,106.95,4.28,8.2,224509100,227777400.0,2026-08-06,16:14:59
688722,同益中,14.36,14.43,14.35,14.55,14.22,2820102.0,40600000.0,32.18,32.18,31.45,2.24,1.26,140039100,141971100.0,2026-08-06,16:14:43
688726,拉普拉斯,44.18,44.46,44.0,44.88,43.3,7466556.0,328870000.0,179.07,97.16,36.46,4.38,3.4,321272500,425383100.0,2026-08-06,16:14:34
688728,格科微,15.85,15.65,15.49,16.08,15.4,55164801.0,869320000.0,412.19,411.91,397.68,5.24,2.12,2801906500,2714573600.0,2026-08-06,16:14:31
688733,壹石通,27.97,27.68,27.3,28.43,27.1,5432305.0,151550000.0,55.88,55.88,-1139.88,2.7,2.72,302826300,240404200.0,2026-08-06,16:14:58
688737,中自科技,18.59,18.48,18.49,18.79,18.17,1215317.0,22490000.0,22.23,22.23,-36.61,1.25,1.02,67088200,54443500.0,2026-08-06,16:14:39
688739,成大生物,19.99,20.07,20.07,20.11,19.81,1557542.0,31020000.0,83.25,83.25,144.37,0.89,0.37,66379300,89374900.0,2026-08-06,16:14:39
688750,金天钛业,14.69,14.87,14.93,14.95,14.59,3876102.0,57210000.0,67.94,34.22,114.17,2.76,1.66,158519900,229090300.0,2026-08-06,16:14:44
688757,胜科纳米,32.29,31.28,30.84,32.69,30.01,8620557.0,273920000.0,130.23,58.52,225.41,14.96,4.76,430424100,431631600.0,2026-08-06,16:14:30
688758,赛分科技,26.3,26.16,27.38,27.9,26.11,12551985.0,337810000.0,109.53,78.42,79.19,8.07,4.21,619265700,635932800.0,2026-08-06,16:14:36
688766,普冉股份,374.8,373.88,350.01,381.0,347.77,15796243.0,5733380000.0,557.34,557.34,126.62,20.69,10.62,763182100,816442200.0,2026-08-06,16:14:53
688767,博拓生物,38.04,38.33,37.9,38.3,37.45,1294308.0,48910000.0,56.81,56.81,187.4,2.52,0.87,53748100,75682700.0,2026-08-06,16:14:34
688768,容知日新,45.9,45.87,45.37,46.23,44.69,614506.0,27960000.0,40.39,40.05,59.56,3.83,0.7,31801600,29649000.0,2026-08-06,16:14:45
688772,珠海冠宇,14.24,14.84,14.84,14.85,14.05,34976952.0,502060000.0,162.09,162.09,39.47,2.34,3.07,1504897300,1992797900.0,2026-08-06,16:14:50
688776,国光电气,50.36,50.85,50.45,51.5,49.74,1854593.0,93910000.0,54.58,54.58,-38.71,3.2,1.71,83811700,101647600.0,2026-08-06,16:14:48
688777,中控技术,104.5,106.59,103.59,106.88,102.0,24106584.0,2508300000.0,826.79,822.62,208.75,8.42,3.06,1153314700,1257343700.0,2026-08-06,16:14:37
688778,厦钨新能,47.11,47.85,48.1,48.47,46.64,6911970.0,327320000.0,237.76,237.76,25.32,2.5,1.37,300749900,390447100.0,2026-08-06,16:14:54
688779,五矿新能,7.84,7.88,7.83,7.93,7.8,23115488.0,181730000.0,151.25,151.25,40.53,2.15,1.2,1030886300,1280662500.0,2026-08-06,16:14:51
688786,悦安新材,27.33,26.95,26.79,27.87,26.65,5900967.0,160590000.0,47.16,47.16,55.36,6.15,3.42,296741600,293355100.0,2026-08-06,16:14:34
688787,海天瑞声,110.9,109.67,107.22,111.73,107.22,2829542.0,310890000.0,66.9,66.9,302.04,8.98,4.69,147870400,135083800.0,2026-08-06,16:14:45
688788,科思科技,30.6,31.17,30.68,31.24,30.08,3522305.0,108020000.0,66.98,66.98,-21.94,3.81,1.61,149278900,202951600.0,2026-08-06,16:14:48
688789,宏华数科,46.17,47.5,47.07,47.68,46.11,1661974.0,77300000.0,83.22,83.22,18.03,2.37,0.92,75166500,91030900.0,2026-08-06,16:14:53
688793,倍轻松,17.41,17.4,17.49,17.49,17.02,1266880.0,21890000.0,14.8,14.8,-13.82,7.71,1.49,61096800,65591200.0,2026-08-06,16:14:37
688798,艾为电子,55.83,56.49,55.78,56.16,55.08,2325683.0,129380000.0,130.16,75.79,42.82,3.14,1.71,102974700,129593600.0,2026-08-06,16:14:39
688799,华纳药厂,44.0,43.99,44.11,45.33,43.78,2651561.0,118000000.0,58.8,58.8,26.26,2.83,1.98,119751100,145405000.0,2026-08-06,16:14:42
688800,瑞可达,58.48,53.18,52.02,59.39,51.74,24554929.0,1380730000.0,168.65,168.65,59.73,7.15,8.51,1218125100,1237367800.0,2026-08-06,16:14:55
688819,天能股份,22.22,22.63,22.54,22.65,22.12,2734221.0,60970000.0,216.0,216.0,17.33,1.3,0.28,120027700,153394400.0,2026-08-06,16:14:34
688981,中芯国际,124.15,125.45,122.0,126.99,121.88,51888149.0,6429440000.0,10628.56,2482.46,210.65,5.58,2.59,2333841000,2854973900.0,2026-08-06,16:14:32
689009,九号公司-WD,42.6,42.26,42.22,42.87,41.81,10394790.0,439780000.0,313.47,239.51,20.82,4.18,1.85,435484100,603994900.0,2026-08-06,16:14:59
000001,平安银行,11.27,11.25,11.22,11.28,11.12,1046343.0,1171010000.0,2187.05,2187.01,5.08,0.48,0.54,54289000,50345300.0,2026-08-06,16:14:54
000002,万  科Ａ,3.26,3.28,3.27,3.29,3.2,1312120.0,425180000.0,388.94,316.77,-0.44,0.35,1.35,56027500,75184500.0,2026-08-06,16:14:54
000003,PT金田A,2.71,2.71,0.0,0.0,0.0,0.0,0.0,9.04,5.2,78.43,-0.27,0.0,0,0.0,2026-08-06,09:00:00
000004,国华退,0.51,0.51,0.0,0.0,0.0,0.0,0.0,0.68,0.64,5.73,0.78,0.0,0,0.0,2026-08-06,09:00:00
000005,ST星源,0.83,0.83,0.0,0.0,0.0,0.0,0.0,8.79,8.78,-4.44,0.73,0.0,0,0.0,2026-08-06,09:00:00
000006,深振业Ａ,6.83,6.79,6.78,6.85,6.62,204918.0,138270000.0,92.2,92.2,-1048.49,1.72,1.52,9079300,11412500.0,2026-08-06,16:14:54
000007,全新好,9.82,9.55,9.51,9.83,9.4,83283.0,80150000.0,34.02,34.02,-1687.69,19.0,2.4,4859100,3469300.0,2026-08-06,16:14:57
000008,神州高铁,2.44,2.42,2.42,2.45,2.38,359440.0,86920000.0,66.28,66.28,-8.05,3.07,1.32,16657100,19286900.0,2026-08-06,16:15:00
000009,中国宝安,7.5,7.64,7.65,7.72,7.4,490059.0,368690000.0,193.44,193.2,372.53,1.93,1.9,19384400,29621600.0,2026-08-06,16:14:57
000010,*ST美丽,1.57,1.57,1.57,1.59,1.54,217902.0,34090000.0,18.05,14.41,-1063.05,6.13,2.37,11075800,10714400.0,2026-08-06,16:14:03
000011,深物业A,8.1,8.13,8.09,8.24,7.97,97259.0,78540000.0,48.27,42.64,2936.12,1.44,1.85,4486100,5239800.0,2026-08-06,16:14:54
000012,南  玻Ａ,3.89,3.96,3.93,3.94,3.85,286351.0,111180000.0,118.35,76.22,1060.95,0.91,1.46,9937500,18697500.0,2026-08-06,16:15:00
000013,*ST石化A,2.47,2.47,0.0,0.0,0.0,0.0,0.0,7.49,1.27,-1.55,-0.23,0.0,0,0.0,2026-08-06,09:00:00
000015,PT中浩A,6.85,6.85,0.0,0.0,0.0,0.0,0.0,10.77,1.8,-10.7,-0.55,0.0,0,0.0,2026-08-06,09:00:00
000016,*ST康佳A,2.59,2.62,2.6,2.66,2.55,170897.0,44540000.0,62.37,41.35,-0.48,-0.55,1.07,7459100,9630600.0,2026-08-06,16:14:57
000017,深中华A,6.17,6.2,6.29,6.38,6.07,101536.0,62750000.0,42.52,27.2,102.86,10.89,2.3,5106700,5046800.0,2026-08-06,16:14:03
000018,神城A退,0.27,0.27,0.0,0.0,0.0,0.0,0.0,4.59,2.69,-0.08,-0.35,0.0,0,0.0,2026-08-06,09:00:00
000019,深粮控股,6.29,6.09,6.11,6.31,6.01,215110.0,132760000.0,72.49,26.18,33.43,1.47,5.17,10478400,11032700.0,2026-08-06,16:14:57
000020,深华发Ａ,11.06,10.92,10.88,11.08,10.77,33663.0,36800000.0,31.32,20.04,90.2,7.05,1.86,1789800,1576500.0,2026-08-06,16:14:06
000021,深科技,39.91,38.7,37.56,40.78,37.56,1671004.0,6575240000.0,628.33,628.25,52.41,4.83,10.62,84308800,82791600.0,2026-08-06,16:14:06
000025,特  力Ａ,15.15,15.28,15.51,15.6,15.08,96649.0,147570000.0,65.31,59.51,46.02,3.6,2.46,4515200,5149600.0,2026-08-06,16:14:57
000026,飞亚达,17.09,17.08,16.99,17.57,16.8,120157.0,205730000.0,69.35,62.3,64.75,2.07,3.3,5559700,6456000.0,2026-08-06,16:14:09
000027,深圳能源,6.37,6.44,6.44,6.45,6.32,215171.0,137000000.0,303.05,303.05,15.14,0.93,0.45,8162100,13355000.0,2026-08-06,16:14:09
000028,国药一致,20.4,20.6,20.6,20.66,20.26,30709.0,62690000.0,124.89,107.28,11.4,0.67,0.58,1108500,1962400.0,2026-08-06,16:14:12
000029,深深房Ａ,22.39,22.06,22.04,22.57,21.95,47261.0,105220000.0,226.51,199.64,959.47,6.33,0.53,2258700,2467400.0,2026-08-06,16:14:15
000030,富奥股份,4.24,4.29,4.27,4.3,4.2,90002.0,38110000.0,72.92,70.85,10.98,0.88,0.54,3675900,5324300.0,2026-08-06,16:14:12
000031,大悦城,2.24,2.24,2.23,2.25,2.18,289341.0,64180000.0,96.01,96.01,-4.15,0.94,0.68,14224700,14709400.0,2026-08-06,16:15:00
000032,深桑达Ａ,14.58,14.62,14.27,14.74,14.17,436723.0,632480000.0,177.17,177.17,-101.0,2.41,3.59,22197900,21474400.0,2026-08-06,16:14:18
000033,新都退,1.7,1.7,0.0,0.0,0.0,0.0,0.0,7.31,7.31,-105.03,31.1,0.0,0,0.0,2026-08-06,09:00:00
000034,神州数码,25.57,25.9,25.5,26.14,25.18,424627.0,1088940000.0,259.98,217.13,48.0,2.33,5.0,18841700,23621000.0,2026-08-06,16:14:15
000035,中国天楹,4.96,5.17,5.24,5.26,4.91,653781.0,327750000.0,118.45,114.73,40.92,1.1,2.83,24826000,40552100.0,2026-08-06,16:15:00
000036,华联控股,4.16,4.18,4.18,4.21,4.09,210912.0,87400000.0,58.4,58.36,64.57,1.14,1.5,9147200,11944000.0,2026-08-06,16:14:03
000037,深南电A,10.07,10.11,10.01,10.1,9.93,263241.0,263580000.0,60.7,34.13,32.74,3.63,7.77,12618300,13705800.0,2026-08-06,16:14:03
000038,大通退,0.52,0.52,0.0,0.0,0.0,0.0,0.0,2.72,1.3,-1.67,0.11,0.0,0,0.0,2026-08-06,09:00:00
000039,中集集团,8.5,8.68,8.69,8.71,8.41,373762.0,318460000.0,458.36,195.62,-402.01,0.98,1.62,13644700,23731500.0,2026-08-06,16:15:00
000040,*ST旭蓝,0.49,0.49,0.0,0.0,0.0,0.0,0.0,7.29,5.17,-2.06,0.07,0.0,0,0.0,2026-08-06,09:00:00
000042,中洲控股,8.41,8.31,8.26,8.47,8.26,52880.0,44410000.0,55.91,55.85,-5.05,2.47,0.8,2709700,2578300.0,2026-08-06,16:14:06
000045,深纺织Ａ,10.13,9.98,9.95,10.14,9.9,82468.0,82680000.0,51.31,46.3,73.55,1.72,1.8,4158200,4088600.0,2026-08-06,16:14:06
000046,*ST泛海,0.38,0.38,0.0,0.0,0.0,0.0,0.0,19.75,19.66,-0.11,-0.16,0.0,0,0.0,2026-08-06,09:00:00
000047,ST中侨,8.03,8.03,0.0,0.0,0.0,0.0,0.0,9.67,2.64,-7.64,-0.78,0.0,0,0.0,2026-08-06,09:00:00
000048,京基智农,21.6,21.17,21.25,21.96,21.0,191569.0,411270000.0,114.52,114.33,-60.18,3.05,3.62,9800600,9356300.0,2026-08-06,16:14:09
000049,德赛电池,24.7,25.08,25.05,25.07,24.52,78081.0,193330000.0,95.01,94.98,29.37,1.42,2.03,2635900,5172200.0,2026-08-06,16:14:18
000050,深天马Ａ,6.71,6.72,6.66,6.72,6.56,358571.0,238110000.0,163.44,163.44,-239.55,0.61,1.47,14679500,21177600.0,2026-08-06,16:14:21
000055,方大集团,3.45,3.43,3.42,3.45,3.39,67061.0,22960000.0,37.05,23.32,-7.12,0.66,0.99,3465500,3240600.0,2026-08-06,16:14:24
000056,*ST皇庭,2.06,2.09,2.15,2.16,2.05,374326.0,78850000.0,24.36,18.62,-0.91,-1.01,4.14,17120300,20312300.0,2026-08-06,16:14:12
000058,深 赛 格,6.81,6.91,6.91,6.94,6.76,78149.0,53300000.0,83.84,67.06,119.93,4.18,0.79,3607700,4207200.0,2026-08-06,16:14:03
000059,华锦股份,4.58,4.53,4.52,4.6,4.51,200907.0,91610000.0,73.25,73.25,-5.32,0.75,1.26,10700100,9390600.0,2026-08-06,16:14:15
000060,中金岭南,6.59,6.71,6.77,6.78,6.48,2187384.0,1455530000.0,292.67,292.67,28.35,1.48,4.93,96552500,122185900.0,2026-08-06,16:14:09
000061,农 产 品,5.87,5.92,5.93,5.98,5.8,225569.0,132620000.0,116.52,105.33,26.92,1.37,1.26,9130900,13425900.0,2026-08-06,16:14:21
000062,深圳华强,22.99,23.27,23.0,23.29,22.72,274719.0,631500000.0,240.45,240.22,43.07,3.56,2.63,12094100,15377700.0,2026-08-06,16:14:12
000063,中兴通讯,34.7,34.74,34.2,34.98,33.95,1501508.0,5160710000.0,1659.89,1397.58,37.09,2.22,3.73,71631300,78519500.0,2026-08-06,16:14:15
000065,北方国际,9.2,9.29,9.22,9.5,9.07,236306.0,218270000.0,106.85,97.98,16.27,0.97,2.22,9639300,13991300.0,2026-08-06,16:14:18
000066,中国长城,14.73,14.72,14.72,15.1,14.54,1440052.0,2132000000.0,475.16,475.12,2355.33,4.35,4.46,65690000,78315300.0,2026-08-06,16:14:18
000068,华控赛格,2.91,2.88,2.89,2.93,2.84,150785.0,43550000.0,29.29,29.29,-27.82,5.0,1.5,7423100,7655400.0,2026-08-06,16:14:21
000069,华侨城Ａ,1.93,1.83,1.82,1.98,1.8,1582737.0,301290000.0,155.13,133.14,-1.07,0.45,2.29,94102200,64171600.0,2026-08-06,16:14:27
000070,特发信息,14.26,14.17,13.95,14.53,13.89,640411.0,908390000.0,123.83,122.17,-25.27,15.35,7.48,31096500,32944600.0,2026-08-06,16:14:21
000078,ST海王,1.66,1.69,1.67,1.69,1.64,787349.0,130700000.0,43.68,43.58,-7.63,3.52,3.0,38688600,40046200.0,2026-08-06,16:14:24
000090,天健集团,3.42,3.35,3.36,3.43,3.3,213740.0,71870000.0,63.9,63.9,39.99,0.57,1.14,10225500,11148600.0,2026-08-06,16:14:30
000096,广聚能源,7.76,7.72,7.71,7.8,7.62,58908.0,45490000.0,40.97,39.64,36.41,1.49,1.15,2974100,2916700.0,2026-08-06,16:14:30
000099,中信海直,14.36,14.56,14.52,14.6,14.28,78540.0,113160000.0,111.4,111.4,35.87,2.02,1.01,3357300,4496800.0,2026-08-06,16:14:33
000100,TCL科技,4.82,4.87,4.78,4.86,4.75,5318960.0,2550950000.0,1002.6,969.54,19.81,1.65,2.64,242960000,288936000.0,2026-08-06,16:14:33
000150,*ST宜康,0.51,0.51,0.0,0.0,0.0,0.0,0.0,4.48,4.11,-0.43,-0.52,0.0,0,0.0,2026-08-06,09:00:00
000151,中成股份,10.09,9.98,9.96,10.22,9.92,67314.0,67900000.0,35.41,31.07,8.94,4.04,2.19,3031200,3700200.0,2026-08-06,16:14:27
000153,丰原药业,5.56,5.51,5.51,5.56,5.45,68119.0,37440000.0,25.84,25.51,26.26,1.21,1.48,3666400,3145500.0,2026-08-06,16:14:30
000155,川能动力,11.97,12.2,12.11,12.3,11.86,436338.0,525140000.0,220.99,220.99,41.5,2.06,2.36,17921500,25712300.0,2026-08-06,16:14:36
000158,常山北明,13.8,14.08,13.85,14.1,13.66,394367.0,546850000.0,220.61,219.13,697.56,4.19,2.48,17335000,22101700.0,2026-08-06,16:14:39
000159,国际实业,5.77,5.75,5.73,5.79,5.64,89371.0,51120000.0,27.74,27.73,75.58,1.35,1.86,4280000,4657100.0,2026-08-06,16:14:24
000802,北京文化,4.27,4.28,4.66,4.71,4.26,1506181.0,673540000.0,30.57,30.55,-14.56,5.01,21.05,71752500,78865600.0,2026-08-06,16:14:18
000805,*ST炎黄,1.88,1.88,0.0,0.0,0.0,0.0,0.0,1.2,0.39,3.01,327.75,0.0,0,0.0,2026-08-06,09:00:00
000819,岳阳兴长,12.02,12.04,12.04,12.15,11.84,40254.0,48280000.0,44.41,44.0,-70.64,2.14,1.1,2287600,1737800.0,2026-08-06,16:14:42
000823,超声电子,14.3,14.08,13.83,14.51,13.81,641246.0,910200000.0,85.08,85.08,39.82,1.82,10.78,32583400,31541200.0,2026-08-06,16:14:06
000827,*ST长兴,1.16,1.16,0.0,0.0,0.0,0.0,0.0,0.77,0.34,-0.7,-9.53,0.0,0,0.0,2026-08-06,09:00:00
000828,东莞控股,9.96,10.06,10.06,10.08,9.89,61939.0,61690000.0,103.54,103.54,11.65,1.02,0.6,2188300,4005500.0,2026-08-06,16:14:09
000851,*ST高鸿,0.38,0.38,0.0,0.0,0.0,0.0,0.0,4.4,4.3,-0.64,2.91,0.0,0,0.0,2026-08-06,09:00:00
000852,石化机械,5.31,5.37,5.35,5.37,5.25,90514.0,48040000.0,50.75,50.46,-3661.51,1.62,0.95,3634500,5416900.0,2026-08-06,16:14:30
000856,冀东装备,7.87,7.81,7.85,7.9,7.7,35309.0,27580000.0,17.86,17.86,146.06,4.37,1.56,1796900,1734000.0,2026-08-06,16:14:48
000858,五 粮 液,74.48,75.5,75.51,75.78,74.28,406081.0,3033080000.0,2891.02,2890.95,22.94,2.45,1.05,15025500,25582700.0,2026-08-06,16:14:21
000863,三湘印象,3.98,3.94,3.93,4.0,3.88,133237.0,52340000.0,46.99,46.3,-30.43,1.08,1.15,6869100,6454600.0,2026-08-06,16:14:30
000869,张  裕Ａ,17.34,17.49,17.48,17.58,17.18,11641.0,20190000.0,113.97,78.92,188.31,1.1,0.26,532500,631600.0,2026-08-06,16:14:06
000901,航天科技,14.9,14.93,14.88,15.13,14.62,202186.0,301430000.0,118.93,118.93,133.75,2.81,2.53,9314400,10904200.0,2026-08-06,16:14:42
000903,ST云动,1.9,1.89,1.87,1.94,1.85,293202.0,55240000.0,36.76,36.48,-3.66,5.98,1.53,13900300,15419900.0,2026-08-06,16:14:27
000905,厦门港务,8.61,8.73,8.68,8.71,8.52,83938.0,72230000.0,132.79,63.87,64.72,1.46,1.13,3709900,4683900.0,2026-08-06,16:14:45
000906,浙商中拓,5.44,5.49,5.46,5.5,5.38,49875.0,27110000.0,38.61,38.15,17.77,0.79,0.71,1830500,3157000.0,2026-08-06,16:14:51
000913,钱江摩托,11.71,11.97,11.93,12.0,11.63,52667.0,61830000.0,61.64,60.9,7.24,1.23,1.01,2061200,3205500.0,2026-08-06,16:14:45
000918,*ST嘉凯,0.49,0.49,0.0,0.0,0.0,0.0,0.0,8.84,8.84,-0.91,-3.63,0.0,0,0.0,2026-08-06,09:00:00
000928,中钢国际,5.11,5.17,5.17,5.18,5.06,144012.0,73710000.0,73.31,73.31,16.73,0.88,1.0,5180600,9220600.0,2026-08-06,16:14:45
000932,华菱钢铁,3.75,3.84,3.83,3.87,3.7,1332173.0,501080000.0,256.97,256.97,11.44,0.47,1.94,44429500,88787800.0,2026-08-06,16:15:00
000933,神火股份,26.34,26.2,26.41,26.5,25.76,701208.0,1833990000.0,592.39,592.01,8.61,2.14,3.12,36481300,33639500.0,2026-08-06,16:15:00
000935,四川双马,22.6,22.88,22.55,22.95,22.34,51760.0,116870000.0,172.54,172.54,71.73,2.2,0.68,2374300,2801700.0,2026-08-06,16:14:03
000958,电投产融,5.53,5.5,5.48,5.53,5.44,240737.0,132020000.0,1012.9,297.7,30.73,2.01,0.45,12172600,11901100.0,2026-08-06,16:14:51
000966,长源电力,4.21,4.29,4.27,4.28,4.15,596926.0,250240000.0,146.55,146.55,130.78,1.09,1.71,21755800,37936800.0,2026-08-06,16:14:12
000971,*ST高升,0.55,0.55,0.0,0.0,0.0,0.0,0.0,5.77,4.66,-1.52,36.3,0.0,0,0.0,2026-08-06,09:00:00
000982,中银绒业,0.18,0.18,0.0,0.0,0.0,0.0,0.0,7.67,7.67,-4.69,0.72,0.0,0,0.0,2026-08-06,09:00:00
000987,越秀资本,7.74,7.89,7.83,7.88,7.69,338406.0,263250000.0,388.33,388.03,9.33,1.19,0.68,11738100,22102500.0,2026-08-06,16:14:27
000989,九芝堂,9.05,9.09,9.09,9.17,8.96,309889.0,280590000.0,77.46,62.82,28.58,2.14,4.46,14379500,16609500.0,2026-08-06,16:14:33
000990,诚志股份,6.58,6.55,6.54,6.64,6.44,494106.0,323390000.0,111.95,111.95,158.24,0.62,2.9,23413000,25997700.0,2026-08-06,16:14:18
000991,通海高科,7.36,7.36,0.0,0.0,0.0,0.0,0.0,33.12,,32.37,0.0,,0,0.0,2026-08-06,09:00:00
000993,闽东电力,10.15,10.28,10.25,10.25,10.01,105929.0,107120000.0,46.48,46.48,227.27,1.89,2.31,3946100,6646800.0,2026-08-06,16:14:03
000998,隆平高科,8.25,8.28,8.29,8.44,8.09,346911.0,286580000.0,121.23,108.44,326.87,1.81,2.64,14214100,20477000.0,2026-08-06,16:14:06
